model_name,num_species,num_reaction,deg0_min,deg0_median,deg0_max,deg0_values,deg0_num_nonzero_term,deg1_min,deg1_median,deg1_max,deg1_values,deg1_num_nonzero_term,deg2_min,deg2_median,deg2_max,deg2_values,deg2_num_nonzero_term
BIOMD0000000003,3,7,0.0,1.1102230246251565e-16,2.220446049250313e-16,"[np.float64(2.220446049250313e-16), 0.0, np.float64(1.1102230246251565e-16)]",3.0,0.9777294579089352,0.9882357177733633,0.9999733092640435,"[np.float64(0.9999733092640435), np.float64(0.9777294579089352), np.float64(0.9882357177733633)]",12.0,0.9999887446444242,0.9999932497982114,0.9999999999633848,"[np.float64(0.9999999999633848), np.float64(0.9999887446444242), np.float64(0.9999932497982114)]",30.0
BIOMD0000000004,5,7,0.0,0.0,0.0,"[0.0, 0.0, 0.0, 0.0, 0.0]",3.0,0.8652855909888622,0.9217699948109296,0.9999758947187257,"[np.float64(0.9999758947187257), np.float64(0.9217699948109296), np.float64(0.8652855909888784), np.float64(0.9217699948109356), np.float64(0.8652855909888622)]",26.0,0.0,0.42010952007549307,0.9999056689947646,"[np.float64(0.9999056689947646), 0.0, np.float64(0.42010952008532954), 0.0, np.float64(0.42010952007549307)]",84.0
BIOMD0000000005,6,9,0.0,0.0,0.0,"[0.0, 0.0, 0.0, 0.0, 0.0, 0.0]",0.0,0.3525977666823412,0.5910576029583958,0.9988025620103933,"[np.float64(0.5493777687405845), np.float64(0.9988025620103933), np.float64(0.3525977666823412), np.float64(0.6327374371762071), np.float64(0.5491582032192974), np.float64(0.997552423129936)]",40.0,0.0,0.0,0.0,"[0.0, 0.0, 0.0, 0.0, 0.0, 0.0]",167.0
BIOMD0000000008,5,13,0.0,0.0,1.1102230246251565e-16,"[0.0, np.float64(1.1102230246251565e-16), 0.0, 0.0, 0.0]",3.0,0.0797899879517483,0.9961564080385839,0.9985155849869957,"[np.float64(0.9977361962847987), np.float64(0.0797899879517483), np.float64(0.9849618805870786), np.float64(0.9985155849869957), np.float64(0.9961564080385839)]",20.0,0.0,0.999325718737471,0.9999999988451079,"[np.float64(0.9998074693050593), np.float64(0.08085432691313388), np.float64(0.9999999988451079), 0.0, np.float64(0.999325718737471)]",40.0
BIOMD0000000010,8,10,0.0,0.0,0.0,"[0.0, 0.0, 0.0, 0.0, 0.0, 0.0, 0.0, 0.0]",4.0,0.11856186090119403,0.6610847378847013,0.9755567009407642,"[np.float64(0.37993360617938954), np.float64(0.37993360617938876), np.float64(0.5966614941986919), np.float64(0.725507981570711), np.float64(0.9755567009407642), np.float64(0.8220836471944687), np.float64(0.11856186090119403), np.float64(0.8728361103667357)]",47.0,0.0,0.0,0.02281855588065651,"[0.0, 0.0, 0.0, 0.0, 0.0, 0.0, 0.0, np.float64(0.02281855588065651)]",6.0
BIOMD0000000012,6,12,0.0,0.0,0.0,"[0.0, 0.0, 0.0, 0.0, 0.0, 0.0]",5.0,0.0,0.6339174397758383,0.9729023396613052,"[np.float64(0.9676445498590935), np.float64(0.9729023396613052), np.float64(0.9720850509728639), 0.0, np.float64(0.30019032969258297), 0.0]",34.0,0.0,0.0,0.0,"[0.0, 0.0, 0.0, 0.0, 0.0, 0.0]",87.0
BIOMD0000000013,18,21,0.0,0.0,2.220446049250313e-16,"[0.0, 0.0, 0.0, 0.0, 0.0, 0.0, 0.0, 0.0, 0.0, 0.0, 0.0, 0.0, np.float64(2.220446049250313e-16), 0.0, np.float64(1.1102230246251565e-16), 0.0, 0.0, 0.0]",18.0,0.7940599402697143,0.9976617108252406,0.9999606158232115,"[np.float64(0.9999606158232115), np.float64(0.9999037929808541), np.float64(0.8395603758452835), np.float64(0.8508028862085573), np.float64(0.9995229099370306), np.float64(0.9844011606641596), np.float64(0.9995131378463583), np.float64(0.999719825003954), np.float64(0.9977408312555873), np.float64(0.9976770001261139), np.float64(0.9951422454172828), np.float64(0.9998871749467861), np.float64(0.7940599402697143), np.float64(0.9917372062914686), np.float64(0.9868332133918496), np.float64(0.9982269539409363), np.float64(0.8395603738718658), np.float64(0.9976464215243673)]",342.0,0.0,0.28036730296504153,0.9939378327290846,"[np.float64(0.9939378327290846), np.float64(0.9922214008748067), 0.0, 0.0, np.float64(0.6733620753270303), np.float64(0.7049944258575265), np.float64(0.6680143910972074), np.float64(0.6462465434976841), np.float64(0.2453129974531877), np.float64(0.3154216084768954), 0.0, np.float64(0.9626449633755465), 0.0, 0.0, 0.0, np.float64(0.42576305628625133), 0.0, np.float64(0.20996814791111307)]",3420.0
BIOMD0000000014,86,300,0.0,0.0,2.220446049250313e-16,"[0.0, 0.0, np.float64(2.220446049250313e-16), 0.0, 0.0, 0.0, 0.0, 0.0, 0.0, 0.0, 0.0, 0.0, 0.0, 0.0, 0.0, 0.0, 0.0, 0.0, 0.0, 0.0, np.float64(2.220446049250313e-16), 0.0, np.float64(2.220446049250313e-16), 0.0, 0.0, 0.0, 0.0, 0.0, 0.0, 0.0, 0.0, 0.0, 0.0, 0.0, 0.0, 0.0, np.float64(2.220446049250313e-16), 0.0, 0.0, 0.0, 0.0, 0.0, 0.0, 0.0, 0.0, 0.0, 0.0, 0.0, 0.0, 0.0, 0.0, 0.0, 0.0, 0.0, 0.0, 0.0, 0.0, 0.0, 0.0, 0.0, 0.0, 0.0, 0.0, 0.0, 0.0, 0.0, 0.0, 0.0, 0.0, 0.0, 0.0, 0.0, 0.0, 0.0, 0.0, 0.0, 0.0, 0.0, 0.0, 0.0, 0.0, 0.0, 0.0, 0.0, 0.0, 0.0]",12.0,0.0,0.4741444240537602,0.9999999662741117,"[np.float64(0.9994743020017974), np.float64(0.9876139391058043), np.float64(0.9999999662741117), 0.0, np.float64(0.9999910210366268), np.float64(0.9743733427974688), np.float64(0.4741444240537602), np.float64(0.9999643456030247), 0.0, np.float64(0.34390439463743006), np.float64(0.9999816683904696), np.float64(0.14833929425678694), 0.0, np.float64(0.4741444240537602), np.float64(0.31668605715936726), np.float64(0.7972065474063521), np.float64(0.9995139320794846), np.float64(0.4741444240537602), np.float64(0.9873793498118354), np.float64(0.8418585659569029), np.float64(0.9999741373110786), 0.0, np.float64(0.9999999593428127), np.float64(0.9999972770821753), np.float64(0.992645327704866), np.float64(0.9999996788184923), np.float64(0.9999897604183877), 0.0, 0.0, 0.0, 0.0, 0.0, np.float64(0.7812733654183773), 0.0, np.float64(0.999999819961953), np.float64(0.9999940492132835), np.float64(0.952426064602878), np.float64(0.9999996522248736), np.float64(0.9717359324956047), np.float64(0.9999996564908702), 0.0, 0.0, np.float64(0.623665779864909), 0.0, np.float64(0.8201261150225432), np.float64(0.0320134121551644), np.float64(0.4741444240537602), np.float64(0.4741444240537602), np.float64(0.8315492547116543), np.float64(0.4741444240537602), np.float64(0.4741444240537602), np.float64(0.9982011039849018), np.float64(0.4741444240537602), np.float64(0.4741444240537602), np.float64(0.4741444240537602), np.float64(0.8105732690543009), np.float64(0.9960979234188099), 0.0, np.float64(0.4741444240537602), np.float64(0.4741444240537602), np.float64(0.4741444240537602), np.float64(0.4741444240537602), np.float64(0.4741444240537602), np.float64(0.4741444240537602), np.float64(0.4741444240537602), np.float64(0.4741444240537602), np.float64(0.4741444240537602), np.float64(0.4741444240537602), np.float64(0.4741444240537602), np.float64(0.9838516708026621), np.float64(0.999998801400122), np.float64(0.9743810479162319), 0.0, np.float64(0.9941720706409449), np.float64(0.999999688378182), np.float64(0.9994148437150507), np.float64(0.978158755223219), 0.0, np.float64(0.4741444240537602), np.float64(0.4741444240537602), np.float64(0.4741444240537602), np.float64(0.9752078242032828), np.float64(0.4741444240537602), np.float64(0.4741444240537602), np.float64(0.4741444240537602), np.float64(0.4741444240537602)]",3524.0,0.0,0.7464346444968801,0.999999999999996,"[np.float64(0.9928912271689003), np.float64(0.9999999999999957), np.float64(0.9999999683290556), np.float64(0.9999999999986966), np.float64(0.9999999997274506), 0.0, 0.0, np.float64(0.9999999990796932), np.float64(0.9999999999999946), 0.0, np.float64(0.9999999994256403), np.float64(0.9999999999727706), np.float64(0.9999999999998624), 0.0, np.float64(0.9999999999973446), 0.0, np.float64(0.9926130287278704), 0.0, np.float64(0.999999999999996), np.float64(0.9999999999998795), np.float64(0.9999999993096079), np.float64(0.9999999999986965), np.float64(0.9999999624409086), np.float64(0.9999964838609029), np.float64(0.9999998046563063), np.float64(0.9999995460797517), np.float64(0.9999841258825176), np.float64(0.9999999971857879), 0.0, 0.0, 0.0, 0.0, np.float64(0.9292161428814805), 0.0, np.float64(0.9999997002791887), np.float64(0.9999923499593485), np.float64(0.9999999987183898), np.float64(0.9999995886828922), np.float64(0.9999978435219782), np.float64(0.9999999999968586), np.float64(0.8916700290356853), np.float64(0.7746826169704739), np.float64(0.9999999999999787), np.float64(0.7181866720232862), 0.0, np.float64(0.9999999999999927), 0.0, 0.0, 0.0, 0.0, 0.0, np.float64(0.9999999999991779), 0.0, 0.0, 0.0, 0.0, 0.0, np.float64(0.9999999999999459), 0.0, 0.0, 0.0, 0.0, 0.0, 0.0, 0.0, 0.0, 0.0, 0.0, 0.0, np.float64(0.999999999999546), np.float64(0.9999975338766242), np.float64(0.9999993742404831), np.float64(0.9416721500260692), 0.0, np.float64(0.9999997167809013), np.float64(0.9999999959258145), np.float64(0.9433979801372542), np.float64(0.8615205341165566), 0.0, 0.0, 0.0, 0.0, 0.0, 0.0, 0.0, 0.0]",8775.0
BIOMD0000000015,16,37,0.0,0.0,0.0,"[0.0, 0.0, 0.0, 0.0, 0.0, 0.0, 0.0, 0.0, 0.0, 0.0, 0.0, 0.0, 0.0, 0.0, 0.0, 0.0]",2.0,0.0,0.9296250468697977,0.9363488255299728,"[np.float64(0.9351196530737934), np.float64(0.9325868824118062), np.float64(0.9363488255299728), np.float64(0.9243388056401077), np.float64(0.9351739115401976), 0.0, 0.0, np.float64(0.9242557558433934), np.float64(0.9327617103106217), np.float64(0.932909318660441), np.float64(0.9242864278754435), np.float64(0.9327829200839939), np.float64(0.9287172957189777), np.float64(0.9081557253718079), np.float64(0.9250346172450692), np.float64(0.9305327980206178)]",256.0,0.0,0.0,0.9327829192125313,"[0.0, 0.0, 0.0, 0.0, 0.0, 0.0, 0.0, 0.0, 0.0, 0.0, 0.0, np.float64(0.9327829192125313), 0.0, 0.0, 0.0, np.float64(0.9305327910224656)]",1767.0
BIOMD0000000017,11,14,0.0,0.0,3.3306690738754696e-16,"[np.float64(3.3306690738754696e-16), 0.0, np.float64(3.3306690738754696e-16), 0.0, np.float64(2.220446049250313e-16), 0.0, 0.0, 0.0, np.float64(1.1102230246251565e-16), 0.0, 0.0]",9.0,0.8072632929444585,0.9598633837717119,0.9981286256162918,"[np.float64(0.9598633837717119), np.float64(0.9485712210897399), np.float64(0.9598633837717128), np.float64(0.948571221089734), np.float64(0.9321850144114063), np.float64(0.9908185485485748), np.float64(0.9908185485485732), np.float64(0.8072632929444585), np.float64(0.9981286256162918), np.float64(0.8329530881247551), np.float64(0.9838081320644255)]",129.0,0.0,0.0,0.07125367178658815,"[0.0, 0.0, 0.0, 0.0, 0.0, np.float64(0.07125367178658815), np.float64(0.07125366197233585), 0.0, 0.0, 0.0, 0.0]",851.0
BIOMD0000000018,20,47,0.0,0.0,0.0,"[0.0, 0.0, 0.0, 0.0, 0.0, 0.0, 0.0, 0.0, 0.0, 0.0, 0.0, 0.0, 0.0, 0.0, 0.0, 0.0, 0.0, 0.0, 0.0, 0.0]",0.0,0.0,0.0,0.0,"[0.0, 0.0, 0.0, 0.0, 0.0, 0.0, 0.0, 0.0, 0.0, 0.0, 0.0, 0.0, 0.0, 0.0, 0.0, 0.0, 0.0, 0.0, 0.0, 0.0]",141.0,0.0,0.0,0.0,"[0.0, 0.0, 0.0, 0.0, 0.0, 0.0, 0.0, 0.0, 0.0, 0.0, 0.0, 0.0, 0.0, 0.0, 0.0, 0.0, 0.0, 0.0, 0.0, 0.0]",910.0
BIOMD0000000019,93,125,0.0,0.0,2.220446049250313e-16,"[0.0, 0.0, 0.0, 0.0, 0.0, 0.0, 0.0, 0.0, 0.0, 0.0, 0.0, 0.0, 0.0, np.float64(2.220446049250313e-16), 0.0, 0.0, 0.0, 0.0, 0.0, 0.0, 0.0, 0.0, 0.0, 0.0, 0.0, 0.0, 0.0, 0.0, 0.0, np.float64(1.1102230246251565e-16), 0.0, 0.0, 0.0, 0.0, 0.0, 0.0, 0.0, 0.0, np.float64(2.220446049250313e-16), 0.0, 0.0, 0.0, 0.0, 0.0, 0.0, 0.0, 0.0, 0.0, 0.0, 0.0, 0.0, 0.0, 0.0, 0.0, 0.0, 0.0, 0.0, 0.0, 0.0, 0.0, 0.0, 0.0, 0.0, 0.0, 0.0, 0.0, 0.0, 0.0, 0.0, 0.0, 0.0, 0.0, 0.0, 0.0, 0.0, 0.0, 0.0, 0.0, 0.0, 0.0, 0.0, 0.0, 0.0, 0.0, np.float64(2.220446049250313e-16), 0.0, 0.0, 0.0, 0.0, 0.0, 0.0, 0.0, 0.0]",27.0,0.0,0.08096666303656808,0.9999756308509145,"[np.float64(0.9999756308509145), np.float64(0.9994893235005511), np.float64(0.9972130345971271), np.float64(0.9987185541313842), 0.0, 0.0, np.float64(0.8066757486344793), np.float64(0.08096666303656808), np.float64(0.08096666303656808), 0.0, np.float64(0.9783361337670446), np.float64(0.08096666303656808), np.float64(0.988012742458291), np.float64(0.999602985711915), np.float64(0.08096666303656808), 0.0, np.float64(0.08096666303656808), 0.0, np.float64(0.08096666303656808), np.float64(0.08096666303656808), np.float64(0.9999447282779483), np.float64(0.9367825932853878), np.float64(0.9999447311235027), np.float64(0.9406226546976453), np.float64(0.9726691461062545), np.float64(0.9294619072742516), np.float64(0.9988148575481653), np.float64(0.9460402000607618), np.float64(0.999944730403694), np.float64(0.9920159570144913), np.float64(0.9899579331221755), np.float64(0.9918966837481009), np.float64(0.9635620793181965), np.float64(0.9840552555716194), np.float64(0.9972144526296225), 0.0, np.float64(0.9987908198277634), np.float64(0.9961028125377979), np.float64(0.9617998783506233), 0.0, 0.0, 0.0, np.float64(0.08096666303656808), np.float64(0.08096666303656808), np.float64(0.08096666303656808), np.float64(0.08096666303656808), np.float64(0.08096666303656808), np.float64(0.08096666303656808), np.float64(0.08096666303656808), np.float64(0.08096666303656808), np.float64(0.08096666303656808), np.float64(0.08096666303656808), np.float64(0.08096666303656808), np.float64(0.08096666303656808), np.float64(0.08096666303656808), np.float64(0.08096666303656808), np.float64(0.08096666303656808), np.float64(0.08096666303656808), np.float64(0.08096666303656808), np.float64(0.08096666303656808), np.float64(0.08096666303656808), 0.0, 0.0, np.float64(0.08096666303656808), 0.0, np.float64(0.08096666303656808), np.float64(0.08096666303656808), np.float64(0.08096666303656808), np.float64(0.08096666303656808), np.float64(0.08096666303656808), np.float64(0.08096666303656808), np.float64(0.08096666303656808), np.float64(0.08096666303656808), np.float64(0.08096666303656808), np.float64(0.08096666303656808), np.float64(0.08096666303656808), np.float64(0.08096666303656808), np.float64(0.08096666303656808), np.float64(0.08096666303656808), np.float64(0.08096666303656808), np.float64(0.08096666303656808), np.float64(0.08096666303656808), np.float64(0.08096666303656808), np.float64(0.08096666303656808), 0.0, np.float64(0.08096666303656808), np.float64(0.9489250587806847), 0.0, np.float64(0.08096666303656808), 0.0, 0.0, 0.0, np.float64(0.08096666303656808)]",1576.0,0.0,0.0,0.0,"[0.0, 0.0, 0.0, 0.0, 0.0, 0.0, 0.0, 0.0, 0.0, 0.0, 0.0, 0.0, 0.0, 0.0, 0.0, 0.0, 0.0, 0.0, 0.0, 0.0, 0.0, 0.0, 0.0, 0.0, 0.0, 0.0, 0.0, 0.0, 0.0, 0.0, 0.0, 0.0, 0.0, 0.0, 0.0, 0.0, 0.0, 0.0, 0.0, 0.0, 0.0, 0.0, 0.0, 0.0, 0.0, 0.0, 0.0, 0.0, 0.0, 0.0, 0.0, 0.0, 0.0, 0.0, 0.0, 0.0, 0.0, 0.0, 0.0, 0.0, 0.0, 0.0, 0.0, 0.0, 0.0, 0.0, 0.0, 0.0, 0.0, 0.0, 0.0, 0.0, 0.0, 0.0, 0.0, 0.0, 0.0, 0.0, 0.0, 0.0, 0.0, 0.0, 0.0, 0.0, 0.0, 0.0, 0.0, 0.0, 0.0, 0.0, 0.0, 0.0, 0.0]",0.0
BIOMD0000000021,10,24,0.0,0.0,2.220446049250313e-16,"[0.0, 0.0, 0.0, 0.0, 0.0, 0.0, np.float64(2.220446049250313e-16), np.float64(2.220446049250313e-16), 0.0, 0.0]",8.0,0.0,0.9999995111298828,0.9999999999996237,"[np.float64(0.9999999999996237), np.float64(0.9999999999996237), np.float64(0.9999999970725599), np.float64(0.9999999970725599), np.float64(0.9999995111298828), np.float64(0.9999995111298828), np.float64(0.073636881305297), np.float64(0.073636881305297), 0.0, 0.0]",54.0,0.0,0.0,0.0,"[0.0, 0.0, 0.0, 0.0, 0.0, 0.0, 0.0, 0.0, 0.0, 0.0]",444.0
BIOMD0000000022,10,32,0.0,0.0,1.1102230246251565e-16,"[0.0, 0.0, 0.0, 0.0, 0.0, 0.0, 0.0, np.float64(1.1102230246251565e-16), 0.0, 0.0]",2.0,0.8312196001251568,0.9486299079888934,0.9779053984040543,"[np.float64(0.946805921405315), np.float64(0.9779053984040543), np.float64(0.9699882981302654), np.float64(0.9578363041138627), np.float64(0.9507307919352753), np.float64(0.9100859875718241), np.float64(0.8312196001251568), np.float64(0.9370529247615058), np.float64(0.9504538945724716), np.float64(0.9101505767478626)]",110.0,0.0,0.0,0.0,"[0.0, 0.0, 0.0, 0.0, 0.0, 0.0, 0.0, 0.0, 0.0, 0.0]",660.0
BIOMD0000000023,5,11,0.0,0.0,1.1102230246251565e-16,"[0.0, np.float64(1.1102230246251565e-16), 0.0, 0.0, 0.0]",3.0,0.0,0.9179649834013726,0.9990449339359998,"[np.float64(0.9990340512226209), np.float64(0.9179649834013726), np.float64(0.9990449339359998), 0.0, 0.0]",24.0,0.0,0.0,0.0,"[0.0, 0.0, 0.0, 0.0, 0.0]",103.0
BIOMD0000000026,11,10,0.0,0.0,1.1102230246251565e-16,"[0.0, 0.0, np.float64(1.1102230246251565e-16), np.float64(1.1102230246251565e-16), 0.0, np.float64(1.1102230246251565e-16), 0.0, 0.0, 0.0, 0.0, 0.0]",9.0,0.0,0.9090320635243817,0.9999405633181835,"[np.float64(0.8715056281570495), np.float64(0.9992306089983551), np.float64(0.9992335566050937), np.float64(0.7678219678486387), np.float64(0.909309246540467), np.float64(0.7676712539944069), 0.0, np.float64(0.9999405633181835), 0.0, np.float64(0.9145234240947228), np.float64(0.9090320635243817)]",126.0,0.0,0.0,0.0,"[0.0, 0.0, 0.0, 0.0, 0.0, 0.0, 0.0, 0.0, 0.0, 0.0, 0.0]",803.0
BIOMD0000000027,5,4,0.0,0.0,2.220446049250313e-16,"[np.float64(2.220446049250313e-16), 0.0, np.float64(1.1102230246251565e-16), 0.0, 0.0]",3.0,0.0,0.9636308523650505,0.9999196418048647,"[np.float64(0.9999196418048647), np.float64(0.9636308523650505), np.float64(0.9914930498927581), 0.0, 0.0]",18.0,0.0,0.0,0.0,"[0.0, 0.0, 0.0, 0.0, 0.0]",32.0
BIOMD0000000028,16,17,0.0,0.0,1.1102230246251565e-16,"[0.0, 0.0, np.float64(1.1102230246251565e-16), np.float64(1.1102230246251565e-16), 0.0, np.float64(1.1102230246251565e-16), 0.0, 0.0, 0.0, 0.0, 0.0, 0.0, 0.0, 0.0, 0.0, 0.0]",16.0,0.0,0.827465952108714,0.9999998419017748,"[np.float64(0.8301269325299769), np.float64(0.9993270190699644), np.float64(0.9999209206105554), np.float64(0.9999998419017748), np.float64(0.7633946306339288), np.float64(0.7798990574958113), np.float64(0.9994606438482945), np.float64(0.9986567322735572), np.float64(0.7401743927225971), np.float64(0.7503109163528092), 0.0, np.float64(0.9808676489221853), 0.0, np.float64(0.9958996367596229), np.float64(0.8248049716874511), np.float64(0.7356775606460266)]",266.0,0.0,0.0,0.0,"[0.0, 0.0, 0.0, 0.0, 0.0, 0.0, 0.0, 0.0, 0.0, 0.0, 0.0, 0.0, 0.0, 0.0, 0.0, 0.0]",2424.0
BIOMD0000000029,6,7,0.0,0.0,0.0,"[0.0, 0.0, 0.0, 0.0, 0.0, 0.0]",4.0,0.0,0.982993261297388,0.9999969518992163,"[np.float64(0.9999969518992163), np.float64(0.9999923168554631), np.float64(0.9890195536833313), np.float64(0.9769669689114445), 0.0, 0.0]",28.0,0.0,0.9999998072750242,0.9999999357896191,"[np.float64(0.999999926161015), np.float64(0.9999999277620273), np.float64(0.9999996883890335), np.float64(0.9999999357896191), 0.0, 0.0]",112.0
BIOMD0000000030,18,20,0.0,0.0,1.1102230246251565e-16,"[np.float64(1.1102230246251565e-16), 0.0, 0.0, np.float64(1.1102230246251565e-16), 0.0, 0.0, 0.0, 0.0, 0.0, 0.0, 0.0, 0.0, 0.0, 0.0, 0.0, 0.0, 0.0, 0.0]",12.0,0.0,0.7628063564251175,0.9999250721614832,"[np.float64(0.7803394412837773), np.float64(0.9915968972710059), np.float64(0.9915337621028626), np.float64(0.9999250721614832), np.float64(0.7628952575364382), np.float64(0.7766778940306848), 0.0, 0.0, np.float64(0.7627174553137968), np.float64(0.7627174553132212), np.float64(0.9994387162432095), np.float64(0.9994387162432018), 0.0, 0.0, 0.0, 0.0, np.float64(0.8271723243714979), np.float64(0.7311647548256349)]",324.0,0.0,0.0,0.0,"[0.0, 0.0, 0.0, 0.0, 0.0, 0.0, 0.0, 0.0, 0.0, 0.0, 0.0, 0.0, 0.0, 0.0, 0.0, 0.0, 0.0, 0.0]",3214.0
BIOMD0000000031,6,4,0.0,0.0,1.1102230246251565e-16,"[np.float64(1.1102230246251565e-16), 0.0, 0.0, 0.0, 0.0, 0.0]",3.0,0.0,0.0,0.9999954904386235,"[np.float64(0.9997921062892693), np.float64(0.9999954904386235), 0.0, 0.0, 0.0, 0.0]",18.0,0.0,0.0,0.0,"[0.0, 0.0, 0.0, 0.0, 0.0, 0.0]",32.0
BIOMD0000000035,9,16,0.0,0.0,0.0,"[0.0, 0.0, 0.0, 0.0, 0.0, 0.0, 0.0, 0.0, 0.0]",3.0,0.0,0.0,0.0,"[0.0, 0.0, 0.0, 0.0, 0.0, 0.0, 0.0, 0.0, 0.0]",57.0,0.0,0.0,0.0,"[0.0, 0.0, 0.0, 0.0, 0.0, 0.0, 0.0, 0.0, 0.0]",344.0
BIOMD0000000036,2,5,0.0,0.0,0.0,"[0.0, 0.0]",1.0,0.033478800141718,0.22877077492555603,0.42406274970939406,"[np.float64(0.42406274970939406), np.float64(0.033478800141718)]",6.0,0.0,0.0,0.0,"[0.0, 0.0]",12.0
BIOMD0000000038,13,10,0.0,0.0,1.1102230246251565e-16,"[0.0, 0.0, 0.0, 0.0, np.float64(1.1102230246251565e-16), 0.0, np.float64(1.1102230246251565e-16), np.float64(1.1102230246251565e-16), np.float64(1.1102230246251565e-16), 0.0, np.float64(1.1102230246251565e-16), 0.0, 0.0]",13.0,0.43313010539289654,0.7526502507628008,0.9201583821065391,"[np.float64(0.7514180506536678), np.float64(0.7526502507628008), np.float64(0.7385166352690442), np.float64(0.7581221527330952), np.float64(0.7217307797910331), np.float64(0.9201583821065391), np.float64(0.7548542294212697), np.float64(0.6883715316556935), np.float64(0.43313010539289654), np.float64(0.7794103275140246), np.float64(0.7601295259855576), np.float64(0.7511381003152509), np.float64(0.7693300526820467)]",182.0,0.0,0.0,0.0,"[0.0, 0.0, 0.0, 0.0, 0.0, 0.0, 0.0, 0.0, 0.0, 0.0, 0.0, 0.0, 0.0]",1365.0
BIOMD0000000039,5,7,0.0,0.0,0.0,"[0.0, 0.0, 0.0, 0.0, 0.0]",4.0,0.41219622282610824,0.78031969814977,0.9814309971182295,"[np.float64(0.41219622282610824), np.float64(0.78031969814977), np.float64(0.5977315743400707), np.float64(0.9814309971182242), np.float64(0.9814309971182295)]",25.0,0.0,0.7143498132912374,0.8386991214676577,"[np.float64(0.7143498132912374), np.float64(0.8386991214676577), np.float64(0.776211911092909), 0.0, 0.0]",73.0
BIOMD0000000041,10,9,0.0,0.0,1.1102230246251565e-16,"[0.0, 0.0, 0.0, np.float64(1.1102230246251565e-16), 0.0, 0.0, 0.0, 0.0, 0.0, 0.0]",10.0,0.0,0.8332028005438372,0.9999999990197269,"[np.float64(0.9998565712506201), np.float64(0.8362120356002052), np.float64(0.9999999990197269), 0.0, 0.0, np.float64(0.8248124455023484), np.float64(0.8301935654874693), np.float64(0.9999999931845627), np.float64(0.9994195209167769), np.float64(0.8206560816681159)]",107.0,0.0,0.0,0.6062249693904223,"[0.0, 0.0, np.float64(0.6062249693904223), 0.0, 0.0, 0.0, 0.0, 0.0, 0.0, 0.0]",631.0
BIOMD0000000042,15,25,0.0,0.0,0.0,"[0.0, 0.0, 0.0, 0.0, 0.0, 0.0, 0.0, 0.0, 0.0, 0.0, 0.0, 0.0, 0.0, 0.0, 0.0]",9.0,0.0,0.916018354917665,0.9889083922058545,"[np.float64(0.9288114486989886), np.float64(0.9364346173776772), 0.0, np.float64(0.9665367834775381), np.float64(0.9845771979499253), np.float64(0.9818558499522455), np.float64(0.8647224664565488), np.float64(0.832877205698546), np.float64(0.8328898422895474), np.float64(0.875590255610677), np.float64(0.16505037529273436), np.float64(0.9234247912408474), np.float64(0.916018354917665), np.float64(0.9889083922058545), np.float64(0.8503110540857152)]",224.0,0.0,0.32033148274498324,0.9754077572727633,"[0.0, np.float64(0.6823420997098378), 0.0, 0.0, np.float64(0.9493804067451113), np.float64(0.9017757021007102), np.float64(0.32033148274498324), np.float64(0.2316272111075255), np.float64(0.23168527529702776), np.float64(0.5226151497714817), 0.0, np.float64(0.8544603556954853), np.float64(0.42425527993780965), np.float64(0.9754077572727633), 0.0]",1968.0
BIOMD0000000043,5,7,0.0,0.0,0.0,"[0.0, 0.0, 0.0, 0.0, 0.0]",5.0,0.9983328683239974,0.9999999239958149,0.9999999268260578,"[np.float64(0.9999999268260578), np.float64(0.9999992837342234), np.float64(0.9999999239958149), np.float64(0.9983328683239974), np.float64(0.9999999239958183)]",25.0,0.9984106075955135,0.9999999243484208,0.9999999271049517,"[np.float64(0.9999999271049517), np.float64(0.999999318587784), np.float64(0.9999999243484208), np.float64(0.9984106075955135), np.float64(0.9999999243484237)]",90.0
BIOMD0000000044,4,8,0.0,0.0,1.1102230246251565e-16,"[0.0, np.float64(1.1102230246251565e-16), 0.0, 0.0]",4.0,0.4291552723755446,0.5501228269408104,0.6898330683339124,"[np.float64(0.6898330683339124), np.float64(0.4291552723755446), np.float64(0.5320938197994425), np.float64(0.5681518340821783)]",16.0,0.0,0.0,0.4058887841151213,"[0.0, 0.0, np.float64(0.4058887841151213), 0.0]",35.0
BIOMD0000000045,4,8,0.0,0.0,0.0,"[0.0, 0.0, 0.0, 0.0]",2.0,0.052171695969884024,0.35910480213753787,0.576591208063963,"[np.float64(0.576591208063963), np.float64(0.052171695969884024), np.float64(0.33523979958145167), np.float64(0.38296980469362407)]",20.0,0.1842982820764265,0.30805038663859546,0.5720531836900553,"[np.float64(0.5720531836900553), np.float64(0.1842982820764265), np.float64(0.22077140940990692), np.float64(0.395329363867284)]",60.0
BIOMD0000000046,12,15,0.0,0.0,0.0,"[0.0, 0.0, 0.0, 0.0, 0.0, 0.0, 0.0, 0.0, 0.0, 0.0, 0.0, 0.0]",4.0,0.0,0.0,0.7921869521504301,"[np.float64(0.7093242674863389), 0.0, np.float64(0.7921869521504301), np.float64(0.6820883348767262), 0.0, 0.0, 0.0, 0.0, np.float64(0.12915958442809727), 0.0, np.float64(0.052381823301947406), 0.0]",90.0,0.0,0.0,0.9184358414985959,"[np.float64(0.9184358414985959), np.float64(0.3161846963962507), 0.0, 0.0, 0.0, 0.0, 0.0, 0.0, 0.0, 0.0, 0.0, 0.0]",692.0
BIOMD0000000050,14,16,0.0,0.0,0.0,"[0.0, 0.0, 0.0, 0.0, 0.0, 0.0, 0.0, 0.0, 0.0, 0.0, 0.0, 0.0, 0.0, 0.0]",5.0,0.0,0.0,0.9999999551656221,"[np.float64(0.9998731811748705), np.float64(0.9999372324562745), np.float64(0.999938507710811), np.float64(0.9999422059629686), np.float64(0.9999366601357556), 0.0, 0.0, np.float64(0.9999999551656221), 0.0, 0.0, 0.0, 0.0, 0.0, 0.0]",75.0,0.0,0.17419581271323437,0.9999999995587036,"[np.float64(0.999999994820477), 0.0, np.float64(0.9999999995587036), np.float64(0.6089560279886128), np.float64(0.9999999995275568), np.float64(0.17419581271323437), np.float64(0.17419581271323437), np.float64(0.9999999920622907), np.float64(0.17419581271323437), np.float64(0.17419581271323437), np.float64(0.17419581271323437), np.float64(0.17419581271323437), np.float64(0.17419581271323437), np.float64(0.17419581271323437)]",271.0
BIOMD0000000051,18,48,0.0,0.0,2.220446049250313e-16,"[0.0, np.float64(2.220446049250313e-16), 0.0, np.float64(1.1102230246251565e-16), 0.0, 0.0, 0.0, 0.0, 0.0, 0.0, 0.0, 0.0, 0.0, 0.0, 0.0, 0.0, np.float64(2.220446049250313e-16), 0.0]",9.0,0.1697283122079205,0.9925904189514876,0.9997003136365569,"[np.float64(0.9912397398439966), np.float64(0.9909528467044486), np.float64(0.9924497305063531), np.float64(0.993514757399324), np.float64(0.992731107396622), np.float64(0.9983773209151797), np.float64(0.9997003136365569), np.float64(0.999481414819477), np.float64(0.9907559179551418), np.float64(0.9855262470409961), np.float64(0.9922201412002103), np.float64(0.9869410156561532), np.float64(0.9983649393990383), np.float64(0.9984244990842106), np.float64(0.1697283122079205), np.float64(0.9934797930076815), np.float64(0.9927317565440816), np.float64(0.9878337837517821)]",340.0,0.0,0.0,0.9994860121591526,"[0.0, 0.0, 0.0, 0.0, 0.0, np.float64(0.9568831879580352), np.float64(0.9994860121591526), np.float64(0.9394811280723939), 0.0, 0.0, np.float64(0.5792224835471083), 0.0, np.float64(0.6913802850058215), np.float64(0.4419977096568597), 0.0, 0.0, 0.0, np.float64(0.5779273376124581)]",3418.0
BIOMD0000000053,6,12,0.0,0.0,0.0,"[0.0, 0.0, 0.0, 0.0, 0.0, 0.0]",0.0,0.09490884767430108,0.9947254901910791,0.9999996117898926,"[np.float64(0.9999996117898926), np.float64(0.99995933883656), np.float64(0.9971272007888579), np.float64(0.09490884767430108), np.float64(0.9923237795933003), np.float64(0.09490884767430108)]",22.0,0.09490659519785705,0.99472636594873,0.9999996118036357,"[np.float64(0.9999996118036357), np.float64(0.9999593459671299), np.float64(0.9971276753899456), np.float64(0.09490659519785705), np.float64(0.9923250565075143), np.float64(0.09490659519785705)]",46.0
BIOMD0000000054,3,5,0.0,0.0,1.1102230246251565e-16,"[0.0, np.float64(1.1102230246251565e-16), 0.0]",3.0,0.9886234492000532,0.9915430467428865,0.9946621907515929,"[np.float64(0.9886234492000532), np.float64(0.9946621907515929), np.float64(0.9915430467428865)]",12.0,0.0,0.10569139968372732,0.999989941604212,"[np.float64(0.999989941604212), np.float64(0.10569139968372732), 0.0]",27.0
BIOMD0000000057,6,5,0.0,0.0,0.0,"[0.0, 0.0, 0.0, 0.0, 0.0, 0.0]",3.0,0.0,0.9992810576845652,0.9997996373927697,"[np.float64(0.99952774349523), np.float64(0.951432106542229), np.float64(0.9994088299817513), 0.0, np.float64(0.999153285387379), np.float64(0.9997996373927697)]",33.0,0.0,0.0,0.0,"[0.0, 0.0, 0.0, 0.0, 0.0, 0.0]",168.0
BIOMD0000000058,4,11,0.0,0.0,2.220446049250313e-16,"[0.0, 0.0, 0.0, np.float64(2.220446049250313e-16)]",4.0,0.2760393197498252,0.8877666912438591,0.9966705138170042,"[np.float64(0.7932329040733025), np.float64(0.9823004784144156), np.float64(0.2760393197498252), np.float64(0.9966705138170042)]",20.0,0.9999025960055146,0.9999596540888191,0.9999956036594883,"[np.float64(0.9999284385025239), np.float64(0.9999956036594883), np.float64(0.9999025960055146), np.float64(0.9999908696751145)]",60.0
BIOMD0000000060,4,3,0.0,1.1102230246251565e-16,2.220446049250313e-16,"[np.float64(1.1102230246251565e-16), 0.0, np.float64(1.1102230246251565e-16), np.float64(2.220446049250313e-16)]",4.0,0.4856578280084225,0.4918951667446034,0.9999823654986271,"[np.float64(0.4981287298528648), np.float64(0.4856578280084225), np.float64(0.4856616036363419), np.float64(0.9999823654986271)]",20.0,0.0,0.0,0.9975807626955581,"[0.0, 0.0, 0.0, np.float64(0.9975807626955581)]",60.0
BIOMD0000000061,22,24,0.0,0.0,1.1102230246251565e-16,"[0.0, 0.0, 0.0, 0.0, 0.0, 0.0, 0.0, 0.0, 0.0, 0.0, 0.0, 0.0, 0.0, 0.0, 0.0, 0.0, np.float64(1.1102230246251565e-16), 0.0, 0.0, 0.0, 0.0, 0.0]",11.0,0.0,0.0,0.32859742587755025,"[np.float64(0.32859742587755025), np.float64(0.17007849628869287), 0.0, 0.0, 0.0, 0.0, 0.0, 0.0, 0.0, 0.0, 0.0, 0.0, 0.0, 0.0, 0.0, 0.0, 0.0, 0.0, np.float64(0.3259932305981895), 0.0, 0.0, 0.0]",495.0,0.0,0.0,0.0,"[0.0, 0.0, 0.0, 0.0, 0.0, 0.0, 0.0, 0.0, 0.0, 0.0, 0.0, 0.0, 0.0, 0.0, 0.0, 0.0, 0.0, 0.0, 0.0, 0.0, 0.0, 0.0]",5920.0
BIOMD0000000063,5,8,0.0,0.0,0.0,"[0.0, 0.0, 0.0, 0.0, 0.0]",2.0,0.9195560671700195,0.999891149866718,0.9999885523225055,"[np.float64(0.9996401972563507), np.float64(0.999891149866718), np.float64(0.9999828452607734), np.float64(0.9999885523225055), np.float64(0.9195560671700195)]",30.0,0.8390403153856789,0.9998035880850357,0.9999998010660726,"[np.float64(0.9980366766080828), np.float64(0.9998035880850357), np.float64(0.9999998010660726), np.float64(0.9999972744151252), np.float64(0.8390403153856789)]",100.0
BIOMD0000000065,8,16,0.0,0.0,0.0,"[0.0, 0.0, 0.0, 0.0, 0.0, 0.0, 0.0, 0.0]",2.0,0.0,0.9997366515099384,0.9999990167768374,"[np.float64(0.9995133991493885), np.float64(0.9999951915746907), np.float64(0.9886555954324447), np.float64(0.9802679852162367), np.float64(0.9999599038704884), 0.0, np.float64(0.9999990167768374), np.float64(0.9999914625572499)]",40.0,0.0,0.9968131902326961,0.9999999618714592,"[np.float64(0.9999992604792629), 0.0, np.float64(0.9999999371281242), np.float64(0.8226971265077482), np.float64(0.9999999341822409), np.float64(0.9936271199861293), 0.0, np.float64(0.9999999618714592)]",348.0
BIOMD0000000066,11,7,0.0,0.0,0.0,"[0.0, 0.0, 0.0, 0.0, 0.0, 0.0, 0.0, 0.0, 0.0, 0.0, 0.0]",11.0,0.02388458376449476,0.998149344325049,0.9999992601230666,"[np.float64(0.9999992599990258), np.float64(0.02388458376449476), np.float64(0.02388458376449476), np.float64(0.02388458376449476), np.float64(0.9999992601230666), np.float64(0.02388458376449476), np.float64(0.998149344325049), np.float64(0.9999992592377085), np.float64(0.9999983332541512), np.float64(0.9999992549209696), np.float64(0.9487172974553076)]",92.0,0.023884584270040365,0.9981493443284626,0.9999992601230742,"[np.float64(0.9999992599990293), np.float64(0.023884584270040365), np.float64(0.023884584270040365), np.float64(0.023884584270040365), np.float64(0.9999992601230742), np.float64(0.023884584270040365), np.float64(0.9981493443284626), np.float64(0.9999992592377126), np.float64(0.9999983332541309), np.float64(0.9999992549209766), np.float64(0.9487172974466693)]",111.0
BIOMD0000000067,7,13,0.0,0.0,0.0,"[0.0, 0.0, 0.0, 0.0, 0.0, 0.0, 0.0]",4.0,0.0,0.07522226971765467,0.9999999608482831,"[0.0, np.float64(0.9999948234459781), np.float64(0.9999999608482831), np.float64(0.07522226971765467), np.float64(0.07522226971765467), np.float64(0.07522226971765467), 0.0]",14.0,0.0,0.0,0.3719065660569987,"[0.0, 0.0, 0.0, np.float64(0.3719065660569987), 0.0, 0.0, 0.0]",135.0
BIOMD0000000068,4,3,0.0,0.0,3.3306690738754696e-16,"[np.float64(3.3306690738754696e-16), 0.0, 0.0, 0.0]",1.0,0.0,0.0,0.9999120935532598,"[np.float64(0.9999120935532598), 0.0, 0.0, 0.0]",5.0,0.0,0.0,0.9806694646927383,"[np.float64(0.9806694646927383), 0.0, 0.0, 0.0]",14.0
BIOMD0000000069,10,7,0.0,0.0,2.220446049250313e-16,"[np.float64(2.220446049250313e-16), 0.0, 0.0, np.float64(1.1102230246251565e-16), 0.0, np.float64(2.220446049250313e-16), 0.0, 0.0, 0.0, 0.0]",10.0,0.9948158023599808,0.9971857625195528,0.999996471635644,"[np.float64(0.9996325289151408), np.float64(0.9976544112171261), np.float64(0.9948158023599808), np.float64(0.9985867197040118), np.float64(0.9999964716318822), np.float64(0.999996471635644), np.float64(0.9961146875445427), np.float64(0.9961146884094771), np.float64(0.9967171138219796), np.float64(0.9953424607097243)]",110.0,0.9999999997784702,0.999999999867742,0.9999999999941214,"[np.float64(0.9999999999941214), np.float64(0.99999999988958), np.float64(0.9999999997784702), np.float64(0.9999999999777959), np.float64(0.9999999999859595), np.float64(0.9999999999859595), np.float64(0.9999999998114697), np.float64(0.9999999998114697), np.float64(0.9999999998459042), np.float64(0.9999999998182064)]",660.0
BIOMD0000000070,40,38,0.0,0.0,2.220446049250313e-16,"[0.0, 0.0, 0.0, 0.0, 0.0, 0.0, 0.0, 0.0, 0.0, 0.0, 0.0, 0.0, 0.0, 0.0, 0.0, 0.0, 0.0, 0.0, 0.0, 0.0, 0.0, np.float64(2.220446049250313e-16), 0.0, 0.0, 0.0, 0.0, 0.0, 0.0, 0.0, 0.0, 0.0, 0.0, 0.0, 0.0, 0.0, 0.0, 0.0, 0.0, 0.0, 0.0]",8.0,0.3343333214276615,0.7890973465578071,0.9866416270938995,"[np.float64(0.9665010854667127), np.float64(0.36954838560932946), np.float64(0.9302390407891369), np.float64(0.9751662482808059), np.float64(0.9276255801084032), np.float64(0.8536099074521964), np.float64(0.9376101190275522), np.float64(0.9269921351795418), np.float64(0.7061586246125133), np.float64(0.7336498033385157), np.float64(0.9407616674354631), np.float64(0.7336498619437402), np.float64(0.654656200068159), np.float64(0.7908287373283194), np.float64(0.6305750225022116), np.float64(0.3343333214276615), np.float64(0.9858575796639307), np.float64(0.5439016238659197), np.float64(0.7526212035993942), np.float64(0.7869688842500197), np.float64(0.8706956253105149), np.float64(0.6312648976141597), np.float64(0.9866416270938995), np.float64(0.9667054278030549), np.float64(0.7548728662207576), np.float64(0.7548729141163836), np.float64(0.9662446379740848), np.float64(0.9303941215195948), np.float64(0.9818650420180718), np.float64(0.8477405681049232), np.float64(0.8781025650807884), np.float64(0.8260844251656305), np.float64(0.7274138505130325), np.float64(0.7922448236920256), np.float64(0.7873659557872946), np.float64(0.7558767682272238), np.float64(0.7589832846009099), np.float64(0.7853045160943095), np.float64(0.753303175770109), np.float64(0.7752876159251549)]",1640.0,0.0,0.0,0.0,"[0.0, 0.0, 0.0, 0.0, 0.0, 0.0, 0.0, 0.0, 0.0, 0.0, 0.0, 0.0, 0.0, 0.0, 0.0, 0.0, 0.0, 0.0, 0.0, 0.0, 0.0, 0.0, 0.0, 0.0, 0.0, 0.0, 0.0, 0.0, 0.0, 0.0, 0.0, 0.0, 0.0, 0.0, 0.0, 0.0, 0.0, 0.0, 0.0, 0.0]",32815.0
BIOMD0000000072,7,7,0.0,0.0,2.220446049250313e-16,"[np.float64(2.220446049250313e-16), np.float64(2.220446049250313e-16), 0.0, 0.0, 0.0, 0.0, np.float64(2.220446049250313e-16)]",6.0,0.08717575320756532,0.9813409781965969,0.9980630737826767,"[np.float64(0.08717575320756532), np.float64(0.9592475779887258), np.float64(0.9980630737826758), np.float64(0.9980630737826767), np.float64(0.9980630720372706), np.float64(0.9813409781965969), np.float64(0.9595401809050194)]",36.0,0.0,0.0,0.9999999990653229,"[0.0, 0.0, np.float64(0.9999999990653229), np.float64(0.9999999990653229), np.float64(0.9999999990653221), 0.0, 0.0]",157.0
BIOMD0000000073,16,48,0.0,0.0,2.220446049250313e-16,"[0.0, 0.0, 0.0, 0.0, 0.0, 0.0, np.float64(2.220446049250313e-16), 0.0, 0.0, np.float64(2.220446049250313e-16), 0.0, np.float64(2.220446049250313e-16), 0.0, 0.0, 0.0, np.float64(1.1102230246251565e-16)]",16.0,0.025226309402051728,0.9999973968390555,0.9999997371689173,"[np.float64(0.9878271097943867), np.float64(0.9983333702740723), np.float64(0.9999997197291619), np.float64(0.9999962719232884), np.float64(0.9999997371689173), np.float64(0.9954804015984242), np.float64(0.025226309402051728), np.float64(0.9985040069564357), np.float64(0.9999997278590875), np.float64(0.025226309402051728), np.float64(0.9999997203821397), np.float64(0.025226309402051728), np.float64(0.9999985217548226), np.float64(0.9999997206207215), np.float64(0.9999997192116623), np.float64(0.9999997194430625)]",208.0,0.0,0.9999973968387705,0.9999997371688475,"[np.float64(0.9878271087567253), 0.0, np.float64(0.9999997197288579), np.float64(0.9999962719230674), np.float64(0.9999997371688475), 0.0, np.float64(0.025226298528906566), np.float64(0.9977227682095364), np.float64(0.9999997278590845), np.float64(0.025226298528906566), np.float64(0.9999997203818565), np.float64(0.025226298528906566), np.float64(0.9999985217544736), np.float64(0.9999997206207567), np.float64(0.9999997192116693), np.float64(0.9999997194427367)]",1178.0
BIOMD0000000074,19,57,0.0,0.0,0.0,"[0.0, 0.0, 0.0, 0.0, 0.0, 0.0, 0.0, 0.0, 0.0, 0.0, 0.0, 0.0, 0.0, 0.0, 0.0, 0.0, 0.0, 0.0, 0.0]",3.0,0.0,0.15199825965433267,0.9999999999996886,"[0.0, np.float64(0.9999999999996886), np.float64(0.9999999982117636), np.float64(0.9999999999975042), np.float64(0.15199825965433267), np.float64(0.15199825965433267), np.float64(0.15199825965433267), np.float64(0.15199825965433267), np.float64(0.15199825965433267), np.float64(0.15199825965433267), np.float64(0.15199825965433267), np.float64(0.15199825965433267), np.float64(0.15199825965433267), np.float64(0.9999993997621628), np.float64(0.15199825965433267), np.float64(0.15199825965433267), np.float64(0.15199825965433267), np.float64(0.15199825965433267), np.float64(0.15199825965433267)]",64.0,0.0,0.0,0.271004905846866,"[0.0, 0.0, 0.0, 0.0, 0.0, 0.0, 0.0, 0.0, 0.0, 0.0, 0.0, 0.0, 0.0, 0.0, 0.0, np.float64(0.271004905846866), 0.0, 0.0, 0.0]",890.0
BIOMD0000000076,1,2,0.0,0.0,0.0,[0.0],1.0,0.9989358364509152,0.9989358364509152,0.9989358364509152,[np.float64(0.9989358364509152)],2.0,0.9999988465634533,0.9999988465634533,0.9999988465634533,[np.float64(0.9999988465634533)],3.0
BIOMD0000000078,16,48,0.0,0.0,1.1102230246251565e-16,"[np.float64(1.1102230246251565e-16), np.float64(1.1102230246251565e-16), 0.0, 0.0, 0.0, 0.0, 0.0, 0.0, 0.0, 0.0, 0.0, 0.0, 0.0, 0.0, 0.0, np.float64(1.1102230246251565e-16)]",16.0,0.02522604080350821,0.9999976909038459,0.9999998086238123,"[np.float64(0.9860682318526686), np.float64(0.9977934170281849), np.float64(0.9999997907517677), np.float64(0.999996799288347), np.float64(0.9999998086238123), np.float64(0.9869490482727084), np.float64(0.02522604080350821), np.float64(0.994607078103139), np.float64(0.9999998015941565), np.float64(0.02522604080350821), np.float64(0.9999997917764091), np.float64(0.02522604080350821), np.float64(0.9999985825193449), np.float64(0.9999997915192114), np.float64(0.999999790305318), np.float64(0.9999997905052319)]",208.0,0.0,0.9999976909036674,0.9999998086238313,"[np.float64(0.9860682323844224), np.float64(0.9977934171689502), np.float64(0.9999997907518001), np.float64(0.9999967992884319), np.float64(0.9999998086238313), 0.0, np.float64(0.02522601679774683), np.float64(0.9946070773919523), np.float64(0.9999998015942778), np.float64(0.02522601679774683), np.float64(0.999999791776488), np.float64(0.02522601679774683), np.float64(0.999998582518903), np.float64(0.9999997915193942), np.float64(0.9999997903052832), np.float64(0.9999997905054355)]",1174.0
BIOMD0000000079,3,6,0.0,0.0,0.0,"[0.0, 0.0, 0.0]",0.0,0.0,0.4943413262533445,0.5056672616845591,"[0.0, np.float64(0.5056672616845591), np.float64(0.4943413262533445)]",11.0,0.5996150328251362,0.6001726340382191,0.603305044191954,"[np.float64(0.5996150328251362), np.float64(0.603305044191954), np.float64(0.6001726340382191)]",30.0
BIOMD0000000080,10,6,0.0,0.0,0.0,"[0.0, 0.0, 0.0, 0.0, 0.0, 0.0, 0.0, 0.0, 0.0, 0.0]",0.0,0.0,0.0,0.0,"[0.0, 0.0, 0.0, 0.0, 0.0, 0.0, 0.0, 0.0, 0.0, 0.0]",4.0,0.0,0.0,0.0,"[0.0, 0.0, 0.0, 0.0, 0.0, 0.0, 0.0, 0.0, 0.0, 0.0]",10.0
BIOMD0000000081,21,15,0.0,0.0,1.1102230246251565e-16,"[0.0, 0.0, 0.0, 0.0, 0.0, 0.0, 0.0, 0.0, np.float64(1.1102230246251565e-16), 0.0, 0.0, 0.0, 0.0, 0.0, 0.0, 0.0, np.float64(1.1102230246251565e-16), 0.0, 0.0, 0.0, 0.0]",11.0,0.0,0.012046360672419043,0.9992562597906164,"[np.float64(0.012046360672419043), np.float64(0.4075310704099723), np.float64(0.9696942336407126), np.float64(0.012046360672419043), 0.0, np.float64(0.18904318902333184), np.float64(0.012046360672419043), np.float64(0.9992562597906164), 0.0, np.float64(0.012046360672419043), np.float64(0.9616732385027409), np.float64(0.012046360672419043), np.float64(0.41052408362174386), np.float64(0.9316689792892017), np.float64(0.012046360672419043), np.float64(0.012046360672419043), 0.0, 0.0, np.float64(0.4075310703040177), np.float64(0.012046360672419043), np.float64(0.9881725749370075)]",255.0,0.0,0.0,0.21491829347300495,"[np.float64(0.21491829347300495), 0.0, 0.0, np.float64(0.21491829347300495), 0.0, 0.0, np.float64(0.21491829347300495), 0.0, 0.0, np.float64(0.21491829347300495), 0.0, np.float64(0.21491829347300495), 0.0, 0.0, np.float64(0.21491829347300495), np.float64(0.21491829347300495), 0.0, 0.0, 0.0, np.float64(0.21491829347300495), 0.0]",1381.0
BIOMD0000000082,10,6,0.0,0.0,0.0,"[0.0, 0.0, 0.0, 0.0, 0.0, 0.0, 0.0, 0.0, 0.0, 0.0]",0.0,0.0,0.0,0.0,"[0.0, 0.0, 0.0, 0.0, 0.0, 0.0, 0.0, 0.0, 0.0, 0.0]",0.0,0.0,0.0,0.0,"[0.0, 0.0, 0.0, 0.0, 0.0, 0.0, 0.0, 0.0, 0.0, 0.0]",0.0
BIOMD0000000083,19,57,0.0,0.0,2.220446049250313e-16,"[np.float64(2.220446049250313e-16), np.float64(1.1102230246251565e-16), 0.0, 0.0, 0.0, 0.0, 0.0, 0.0, 0.0, 0.0, 0.0, 0.0, 0.0, 0.0, 0.0, 0.0, 0.0, 0.0, 0.0]",3.0,0.0,0.1519575039499309,0.999999999999904,"[0.0, np.float64(0.999999999999904), np.float64(0.9999999994441634), np.float64(0.999999999960957), np.float64(0.1519575039499309), np.float64(0.1519575039499309), np.float64(0.1519575039499309), np.float64(0.1519575039499309), np.float64(0.1519575039499309), np.float64(0.1519575039499309), np.float64(0.1519575039499309), np.float64(0.1519575039499309), np.float64(0.1519575039499309), np.float64(0.9999999597529435), np.float64(0.1519575039499309), np.float64(0.1519575039499309), np.float64(0.1519575039499309), np.float64(0.1519575039499309), np.float64(0.1519575039499309)]",64.0,0.0,0.0,0.2397263928278014,"[0.0, 0.0, 0.0, 0.0, 0.0, 0.0, 0.0, 0.0, 0.0, 0.0, 0.0, 0.0, 0.0, 0.0, 0.0, np.float64(0.2397263928278014), 0.0, 0.0, 0.0]",1111.0
BIOMD0000000084,8,8,0.0,0.0,0.0,"[0.0, 0.0, 0.0, 0.0, 0.0, 0.0, 0.0, 0.0]",2.0,0.94196453894301,0.9971251748870842,0.9999372209683077,"[np.float64(0.9419645389430104), np.float64(0.94196453894301), np.float64(0.9999372209683076), np.float64(0.9999372209683077), np.float64(0.9995774144841636), np.float64(0.9995774144841635), np.float64(0.994672935290005), np.float64(0.9946729352900049)]",64.0,0.9980385313166504,0.9999116094687059,0.9999863939075262,"[np.float64(0.9998549822867607), np.float64(0.9998549822867603), np.float64(0.999968236650651), np.float64(0.9999682366506518), np.float64(0.9980385313166774), np.float64(0.9980385313166504), np.float64(0.9999863939075262), np.float64(0.9999863939075249)]",338.0
BIOMD0000000085,17,17,0.0,0.0,0.0,"[0.0, 0.0, 0.0, 0.0, 0.0, 0.0, 0.0, 0.0, 0.0, 0.0, 0.0, 0.0, 0.0, 0.0, 0.0, 0.0, 0.0]",0.0,0.0,0.0,0.0,"[0.0, 0.0, 0.0, 0.0, 0.0, 0.0, 0.0, 0.0, 0.0, 0.0, 0.0, 0.0, 0.0, 0.0, 0.0, 0.0, 0.0]",0.0,0.0,0.0,0.0,"[0.0, 0.0, 0.0, 0.0, 0.0, 0.0, 0.0, 0.0, 0.0, 0.0, 0.0, 0.0, 0.0, 0.0, 0.0, 0.0, 0.0]",0.0
BIOMD0000000086,17,24,0.0,0.0,0.0,"[0.0, 0.0, 0.0, 0.0, 0.0, 0.0, 0.0, 0.0, 0.0, 0.0, 0.0, 0.0, 0.0, 0.0, 0.0, 0.0, 0.0]",0.0,0.0,0.0,0.0,"[0.0, 0.0, 0.0, 0.0, 0.0, 0.0, 0.0, 0.0, 0.0, 0.0, 0.0, 0.0, 0.0, 0.0, 0.0, 0.0, 0.0]",0.0,0.0,0.0,0.0,"[0.0, 0.0, 0.0, 0.0, 0.0, 0.0, 0.0, 0.0, 0.0, 0.0, 0.0, 0.0, 0.0, 0.0, 0.0, 0.0, 0.0]",0.0
BIOMD0000000087,54,43,0.0,0.0,0.0,"[0.0, 0.0, 0.0, 0.0, 0.0, 0.0, 0.0, 0.0, 0.0, 0.0, 0.0, 0.0, 0.0, 0.0, 0.0, 0.0, 0.0, 0.0, 0.0, 0.0, 0.0, 0.0, 0.0, 0.0, 0.0, 0.0, 0.0, 0.0, 0.0, 0.0, 0.0, 0.0, 0.0, 0.0, 0.0, 0.0, 0.0, 0.0, 0.0, 0.0, 0.0, 0.0, 0.0, 0.0, 0.0, 0.0, 0.0, 0.0, 0.0, 0.0, 0.0, 0.0, 0.0, 0.0]",7.0,0.0,0.0,0.9959037487404296,"[0.0, 0.0, 0.0, 0.0, 0.0, 0.0, 0.0, 0.0, 0.0, 0.0, 0.0, 0.0, 0.0, 0.0, 0.0, np.float64(0.9959037487404296), np.float64(0.9959037486727815), 0.0, 0.0, 0.0, 0.0, 0.0, 0.0, 0.0, 0.0, 0.0, 0.0, 0.0, 0.0, 0.0, 0.0, 0.0, 0.0, 0.0, 0.0, 0.0, 0.0, 0.0, 0.0, 0.0, 0.0, 0.0, 0.0, 0.0, 0.0, 0.0, 0.0, 0.0, 0.0, 0.0, 0.0, 0.0, 0.0, 0.0]",1084.0,0.0,0.0,0.0,"[0.0, 0.0, 0.0, 0.0, 0.0, 0.0, 0.0, 0.0, 0.0, 0.0, 0.0, 0.0, 0.0, 0.0, 0.0, 0.0, 0.0, 0.0, 0.0, 0.0, 0.0, 0.0, 0.0, 0.0, 0.0, 0.0, 0.0, 0.0, 0.0, 0.0, 0.0, 0.0, 0.0, 0.0, 0.0, 0.0, 0.0, 0.0, 0.0, 0.0, 0.0, 0.0, 0.0, 0.0, 0.0, 0.0, 0.0, 0.0, 0.0, 0.0, 0.0, 0.0, 0.0, 0.0]",9863.0
BIOMD0000000088,100,110,0.0,0.0,2.220446049250313e-16,"[np.float64(2.220446049250313e-16), np.float64(2.220446049250313e-16), np.float64(2.220446049250313e-16), np.float64(2.220446049250313e-16), np.float64(2.220446049250313e-16), 0.0, np.float64(2.220446049250313e-16), np.float64(2.220446049250313e-16), np.float64(2.220446049250313e-16), np.float64(2.220446049250313e-16), 0.0, 0.0, 0.0, 0.0, 0.0, 0.0, 0.0, 0.0, 0.0, 0.0, 0.0, 0.0, np.float64(2.220446049250313e-16), 0.0, 0.0, 0.0, 0.0, np.float64(2.220446049250313e-16), 0.0, np.float64(1.1102230246251565e-16), 0.0, 0.0, np.float64(2.220446049250313e-16), 0.0, 0.0, np.float64(2.220446049250313e-16), 0.0, np.float64(2.220446049250313e-16), np.float64(2.220446049250313e-16), 0.0, np.float64(2.220446049250313e-16), 0.0, 0.0, np.float64(2.220446049250313e-16), 0.0, 0.0, 0.0, 0.0, 0.0, 0.0, 0.0, 0.0, 0.0, 0.0, 0.0, np.float64(2.220446049250313e-16), np.float64(2.220446049250313e-16), 0.0, 0.0, 0.0, np.float64(2.220446049250313e-16), np.float64(2.220446049250313e-16), np.float64(2.220446049250313e-16), np.float64(2.220446049250313e-16), np.float64(2.220446049250313e-16), np.float64(2.220446049250313e-16), np.float64(2.220446049250313e-16), np.float64(2.220446049250313e-16), np.float64(2.220446049250313e-16), 0.0, 0.0, 0.0, 0.0, 0.0, 0.0, np.float64(2.220446049250313e-16), 0.0, 0.0, 0.0, 0.0, 0.0, 0.0, np.float64(2.220446049250313e-16), np.float64(2.220446049250313e-16), np.float64(2.220446049250313e-16), np.float64(2.220446049250313e-16), np.float64(2.220446049250313e-16), np.float64(2.220446049250313e-16), 0.0, 0.0, np.float64(2.220446049250313e-16), np.float64(2.220446049250313e-16), np.float64(2.220446049250313e-16), np.float64(2.220446049250313e-16), 0.0, np.float64(2.220446049250313e-16), 0.0, 0.0, 0.0, 0.0]",50.0,0.0,0.3532862260075297,0.9999999999999563,"[0.0, 0.0, 0.0, 0.0, 0.0, 0.0, 0.0, 0.0, 0.0, 0.0, 0.0, 0.0, 0.0, np.float64(0.9999999999999525), 0.0, np.float64(0.999999999999914), np.float64(0.9999999999999131), 0.0, np.float64(0.5617721234330189), 0.0, 0.0, 0.0, 0.0, np.float64(0.9999999999956635), np.float64(0.9999999998165117), np.float64(0.9999999999779071), 0.0, np.float64(0.3532862260075297), np.float64(0.9999999999981392), np.float64(0.9999999999997468), 0.0, 0.0, np.float64(0.3532862260075297), np.float64(0.9999991359874855), np.float64(0.9999972453184559), np.float64(0.3532862260075297), np.float64(0.9999972475204251), np.float64(0.3532862260075297), np.float64(0.3532862260075297), 0.0, np.float64(0.3532862260075297), np.float64(0.9999972476203782), np.float64(0.9999972464910226), np.float64(0.3532862260075297), np.float64(0.9999999999490414), np.float64(0.9999990974354431), np.float64(0.9999972460935679), np.float64(0.9999999999998692), np.float64(0.9999999999986127), np.float64(0.9999999999999558), np.float64(0.9999999999999405), np.float64(0.9999990195585703), np.float64(0.9999999998845622), np.float64(0.9999999998250195), np.float64(0.9999547068273187), 0.0, 0.0, np.float64(0.9999999999021824), np.float64(0.9999999997825515), np.float64(0.9999999999432316), 0.0, 0.0, 0.0, 0.0, 0.0, 0.0, 0.0, 0.0, 0.0, np.float64(0.999999999782551), np.float64(0.9999999999432316), np.float64(0.9624116637587596), np.float64(0.9999999810611621), np.float64(0.999999999999657), np.float64(0.999999999999925), np.float64(0.9999999999999563), np.float64(0.9999999999998888), np.float64(0.9999999999999509), np.float64(0.999999999999876), np.float64(0.9999999999980131), np.float64(0.9999999999981457), np.float64(0.9999999999955685), np.float64(0.3532862260075297), np.float64(0.3532862260075297), np.float64(0.3532862260075297), np.float64(0.3532862260075297), np.float64(0.3532862260075297), np.float64(0.3532862260075297), np.float64(0.9999871041813896), np.float64(0.9999999999999282), 0.0, np.float64(0.3532862260075297), 0.0, np.float64(0.3532862260075297), np.float64(0.9999995012632554), 0.0, np.float64(0.9999999999996789), np.float64(0.9999999999904662), np.float64(0.9999999999990273), np.float64(0.9999999999995997)]",5022.0,0.0,0.0,1.0,"[0.0, 0.0, 0.0, 0.0, 0.0, np.float64(0.9999999999999902), 0.0, 0.0, 0.0, 0.0, 0.0, 0.0, np.float64(0.9999999999841961), np.float64(0.5466089349767143), 0.0, 0.0, 0.0, 0.0, 0.0, 0.0, 0.0, 1.0, 0.0, np.float64(0.9759817153378438), np.float64(0.9862699885642011), 0.0, 0.0, 0.0, np.float64(0.9814718538433598), 0.0, 0.0, 0.0, 0.0, np.float64(0.4481977784368987), np.float64(0.9999969234017347), 0.0, np.float64(0.9999972608010733), 0.0, 0.0, 0.0, 0.0, np.float64(0.9999968940641601), np.float64(0.9999972578898016), 0.0, 0.0, 0.0, np.float64(0.9999972570664485), 0.0, np.float64(0.9984647720954397), 0.0, 0.0, np.float64(0.3907344475112047), np.float64(0.9945152383803032), np.float64(0.9868385453760677), 0.0, 0.0, 0.0, 0.0, 0.0, np.float64(0.9958509291816788), 0.0, 0.0, 0.0, 0.0, 0.0, 0.0, 0.0, 0.0, 0.0, 0.0, np.float64(0.9958509285944556), 0.0, 0.0, np.float64(0.9999981993492858), 0.0, 0.0, 0.0, 0.0, np.float64(0.9999972128379675), np.float64(0.9674966716141405), np.float64(0.9842799415171637), np.float64(0.9790900926073733), 0.0, 0.0, 0.0, 0.0, 0.0, 0.0, 0.0, 0.0, 0.0, 0.0, 0.0, 0.0, np.float64(0.7431517870030802), 0.0, 0.0, 0.0, np.float64(0.9999965709878821), np.float64(0.9018724485649341)]",60006.0
BIOMD0000000090,13,21,0.0,0.0,0.0,"[0.0, 0.0, 0.0, 0.0, 0.0, 0.0, 0.0, 0.0, 0.0, 0.0, 0.0, 0.0, 0.0]",10.0,0.6764684283515452,0.9879177402826486,0.9999805443418952,"[np.float64(0.9720368748287956), np.float64(0.9451466966261809), np.float64(0.9646601067563885), np.float64(0.9827892911088281), np.float64(0.98976666725847), np.float64(0.9999590887488047), np.float64(0.9998575013889367), np.float64(0.9998002746299899), np.float64(0.6764684283515452), np.float64(0.9879177402826486), np.float64(0.9999805443418952), np.float64(0.9913413398830094), np.float64(0.9640482156827391)]",179.0,0.0,0.8552369940244208,0.9999997215038826,"[np.float64(0.9916787721127545), np.float64(0.8125184322156922), np.float64(0.12518258174388264), 0.0, np.float64(0.9999986614077235), np.float64(0.9995429314147535), 0.0, np.float64(0.9952595681973629), 0.0, np.float64(0.8552369940244208), np.float64(0.9999997215038826), np.float64(0.9445872935640465), 0.0]",1358.0
BIOMD0000000091,15,23,0.0,0.0,0.0,"[0.0, 0.0, 0.0, 0.0, 0.0, 0.0, 0.0, 0.0, 0.0, 0.0, 0.0, 0.0, 0.0, 0.0, 0.0]",8.0,0.0,0.8839858994899303,0.9999986688414604,"[np.float64(0.9999969116671816), np.float64(0.9457872350374126), np.float64(0.9457872349088277), 0.0, np.float64(0.9999986688308435), np.float64(0.4125377084941667), 0.0, np.float64(0.9999986688414604), 0.0, np.float64(0.8835651481001859), np.float64(0.8839858994899303), np.float64(0.07630994390201185), 0.0, np.float64(0.8988569780921478), np.float64(0.8988569780922944)]",137.0,0.0,0.9457872336213851,0.9999999997766656,"[np.float64(0.9999969116671417), np.float64(0.9457872337188387), np.float64(0.9457872336213851), 0.0, np.float64(0.999998668830812), np.float64(0.9997837429322841), 0.0, np.float64(0.9999986688414289), 0.0, np.float64(0.9999999997746604), np.float64(0.9999999997766656), 0.0, 0.0, np.float64(0.8988569771912487), np.float64(0.8988569771912495)]",130.0
BIOMD0000000092,4,3,1.1102230246251565e-16,1.1102230246251565e-16,1.1102230246251565e-16,"[np.float64(1.1102230246251565e-16), np.float64(1.1102230246251565e-16), np.float64(1.1102230246251565e-16), np.float64(1.1102230246251565e-16)]",0.0,1.1102230246251565e-16,1.1102230246251565e-16,1.1102230246251565e-16,"[np.float64(1.1102230246251565e-16), np.float64(1.1102230246251565e-16), np.float64(1.1102230246251565e-16), np.float64(1.1102230246251565e-16)]",0.0,0.0,0.0,0.0,"[0.0, 0.0, 0.0, 0.0]",0.0
BIOMD0000000093,33,46,0.0,0.0,0.0,"[0.0, 0.0, 0.0, 0.0, 0.0, 0.0, 0.0, 0.0, 0.0, 0.0, 0.0, 0.0, 0.0, 0.0, 0.0, 0.0, 0.0, 0.0, 0.0, 0.0, 0.0, 0.0, 0.0, 0.0, 0.0, 0.0, 0.0, 0.0, 0.0, 0.0, 0.0, 0.0, 0.0]",1.0,0.0,0.0,0.9997859705267848,"[np.float64(0.776836146321943), np.float64(0.7843764911752457), 0.0, np.float64(0.6487343743845293), np.float64(0.47788688932813717), 0.0, np.float64(0.9997859705267848), 0.0, 0.0, 0.0, np.float64(0.9935837777717417), 0.0, 0.0, np.float64(0.9887885236716486), 0.0, 0.0, np.float64(0.9997676212169593), np.float64(0.9969372620444111), 0.0, 0.0, 0.0, 0.0, 0.0, 0.0, 0.0, 0.0, 0.0, np.float64(0.9857235988318769), 0.0, 0.0, 0.0, 0.0, np.float64(0.716867015467967)]",997.0,0.0,0.0,0.0,"[0.0, 0.0, 0.0, 0.0, 0.0, 0.0, 0.0, 0.0, 0.0, 0.0, 0.0, 0.0, 0.0, 0.0, 0.0, 0.0, 0.0, 0.0, 0.0, 0.0, 0.0, 0.0, 0.0, 0.0, 0.0, 0.0, 0.0, 0.0, 0.0, 0.0, 0.0, 0.0, 0.0]",5119.0
BIOMD0000000094,33,45,0.0,0.0,2.220446049250313e-16,"[0.0, 0.0, 0.0, 0.0, np.float64(2.220446049250313e-16), 0.0, 0.0, 0.0, 0.0, 0.0, 0.0, 0.0, 0.0, 0.0, 0.0, 0.0, 0.0, 0.0, 0.0, 0.0, 0.0, 0.0, 0.0, 0.0, 0.0, 0.0, 0.0, 0.0, 0.0, 0.0, 0.0, 0.0, np.float64(1.1102230246251565e-16)]",9.0,0.0,0.42748461995821063,0.9999441815234347,"[np.float64(0.9999296394506891), np.float64(0.9999328494479145), np.float64(0.9998906071146745), np.float64(0.9994032575845716), np.float64(0.9999441815234347), 0.0, np.float64(0.9993074127029244), np.float64(0.9553053689011757), np.float64(0.997373160938037), 0.0, 0.0, np.float64(0.9946882280498871), 0.0, 0.0, 0.0, np.float64(0.11691589589296214), np.float64(0.9213099454102018), np.float64(0.33365635946511585), 0.0, np.float64(0.42748461995821063), np.float64(0.42748461995821063), np.float64(0.42748461995821063), 0.0, 0.0, 0.0, 0.0, 0.0, np.float64(0.8568961464544648), np.float64(0.42748461995821063), 0.0, np.float64(0.9931819664420788), 0.0, np.float64(0.9992151664771488)]",429.0,0.0,0.24210919021684119,0.9999741918408277,"[np.float64(0.9999729721527699), np.float64(0.9999741918408277), np.float64(0.9998711527298827), 0.0, 0.0, 0.0, 0.0, 0.0, 0.0, 0.0, np.float64(0.9282860619724057), 0.0, 0.0, 0.0, 0.0, 0.0, 0.0, np.float64(0.48278673527492855), np.float64(0.24210919021684119), np.float64(0.24210919021684119), np.float64(0.24210919021684119), np.float64(0.24210919021684119), np.float64(0.24210919021684119), np.float64(0.24210919021684119), np.float64(0.24210919021684119), np.float64(0.24210919021684119), np.float64(0.24210919021684119), 0.0, np.float64(0.24210919021684119), np.float64(0.24210919021684119), 0.0, np.float64(0.24210919021684119), 0.0]",5016.0
BIOMD0000000095,19,46,0.0,0.0,3.3306690738754696e-16,"[np.float64(3.3306690738754696e-16), 0.0, 0.0, 0.0, 0.0, 0.0, 0.0, 0.0, 0.0, 0.0, 0.0, 0.0, 0.0, 0.0, 0.0, 0.0, 0.0, 0.0, 0.0]",17.0,0.9150250661288851,0.9997975828854411,0.999997357654622,"[np.float64(0.9991431363695085), np.float64(0.9199428196997385), np.float64(0.9997975828854411), np.float64(0.9999804405985392), np.float64(0.9987914097252569), np.float64(0.9999797508976046), np.float64(0.9999718313306933), np.float64(0.9948926114203437), np.float64(0.999997357654622), np.float64(0.9584323185732676), np.float64(0.9988156904965869), np.float64(0.9987106351479307), np.float64(0.9999514640244174), np.float64(0.9999921973552605), np.float64(0.9922973843399386), np.float64(0.9999954538691008), np.float64(0.9998522232593585), np.float64(0.9150250661288851), np.float64(0.999877436007689)]",376.0,0.0,0.9997707435295498,0.9999999224127256,"[np.float64(0.9793896585664698), 0.0, np.float64(0.9992958092761688), np.float64(0.9999897562367313), np.float64(0.999986206156155), np.float64(0.9999942988242166), np.float64(0.9999996020636042), np.float64(0.9999965147776576), np.float64(0.9999999224127256), 0.0, 0.0, np.float64(0.9998421359367059), np.float64(0.9949647392256531), np.float64(0.9998014851393867), np.float64(0.9999921269053588), np.float64(0.9997707435295498), np.float64(0.9927192610504648), 0.0, np.float64(0.9964426438468896)]",3990.0
BIOMD0000000096,19,46,0.0,0.0,3.3306690738754696e-16,"[0.0, 0.0, 0.0, 0.0, 0.0, 0.0, 0.0, 0.0, 0.0, 0.0, 0.0, 0.0, 0.0, 0.0, np.float64(3.3306690738754696e-16), 0.0, 0.0, 0.0, np.float64(2.220446049250313e-16)]",17.0,0.9216416328878247,0.999646139441646,0.9999966515754234,"[np.float64(0.9984749176211759), np.float64(0.9216416328878247), np.float64(0.999646139441646), np.float64(0.9995057482290524), np.float64(0.9998288557822383), np.float64(0.9999308456068355), np.float64(0.9999966515754234), np.float64(0.9997868089027245), np.float64(0.99999448241997), np.float64(0.9374350144956495), np.float64(0.9905387624568667), np.float64(0.9971042151804553), np.float64(0.9915221866451391), np.float64(0.9998562393771557), np.float64(0.9994664864004515), np.float64(0.9998523657404114), np.float64(0.999822272256749), np.float64(0.9265309883956394), np.float64(0.9998665001796426)]",369.0,0.0,0.9996147421595417,0.99999983298697,"[np.float64(0.9523155807859348), 0.0, np.float64(0.9981658600452977), np.float64(0.9996147421595417), np.float64(0.37017708272993577), np.float64(0.9999997033494172), np.float64(0.99999983298697), np.float64(0.9999987892490289), np.float64(0.9999997734970769), 0.0, 0.0, np.float64(0.999995591867758), 0.0, np.float64(0.9999869409271117), np.float64(0.9999345889000028), np.float64(0.9999980883439082), np.float64(0.9989771021886873), 0.0, np.float64(0.9998645086685111)]",3988.0
BIOMD0000000097,19,46,0.0,0.0,1.1102230246251565e-16,"[0.0, 0.0, np.float64(1.1102230246251565e-16), 0.0, 0.0, 0.0, 0.0, 0.0, 0.0, 0.0, 0.0, 0.0, 0.0, 0.0, 0.0, 0.0, 0.0, 0.0, 0.0]",18.0,0.9236055719485704,0.9993553341063127,0.9999771985651653,"[np.float64(0.9954196182390429), np.float64(0.9236055719485704), np.float64(0.9996274959558312), np.float64(0.9990145437863469), np.float64(0.9999399553353147), np.float64(0.9999674254134431), np.float64(0.9999695325061172), np.float64(0.9943185766938858), np.float64(0.9975650955803173), np.float64(0.9376292337279362), np.float64(0.9992993319045671), np.float64(0.9821304405452861), np.float64(0.9996025218003248), np.float64(0.9997240500888653), np.float64(0.9993553341063127), np.float64(0.9996997559809763), np.float64(0.9999771985651653), np.float64(0.9814299802929647), np.float64(0.9999612056364384)]",363.0,0.0,0.9999914611873745,0.9999997712717738,"[np.float64(0.7063399098588112), 0.0, np.float64(0.9991554842220948), np.float64(0.999999545959319), np.float64(0.9999995214863202), np.float64(0.9999994990263144), np.float64(0.9999997712717738), np.float64(0.9999914611873745), np.float64(0.9999996979013083), 0.0, np.float64(0.1317706075944297), np.float64(0.9965935739501652), np.float64(0.8379921860423281), np.float64(0.9999996324952201), np.float64(0.9999926694749562), np.float64(0.9999991227492747), np.float64(0.9999530762709619), np.float64(0.6897883120215087), np.float64(0.9999932351277697)]",3990.0
BIOMD0000000098,2,6,0.0,0.0,0.0,"[0.0, 0.0]",1.0,0.0,0.23794893733992617,0.47589787467985234,"[np.float64(0.47589787467985234), 0.0]",6.0,0.0,0.1472513003312248,0.2945026006624496,"[0.0, np.float64(0.2945026006624496)]",12.0
BIOMD0000000099,7,14,0.0,0.0,0.0,"[0.0, 0.0, 0.0, 0.0, 0.0, 0.0, 0.0]",7.0,0.9994216621728711,0.9999659531058678,0.9999999928283329,"[np.float64(0.9999988575823214), np.float64(0.9999659531058678), np.float64(0.9999903635503197), np.float64(0.9994216621728711), np.float64(0.9999999928283329), np.float64(0.9997825752657619), np.float64(0.9996014370119586)]",41.0,0.9999999942124683,0.9999999976554352,0.9999999998981486,"[np.float64(0.9999999995801612), np.float64(0.9999999942124683), np.float64(0.9999999951547248), np.float64(0.9999999998653355), np.float64(0.9999999998981486), np.float64(0.9999999950622265), np.float64(0.9999999976554352)]",252.0
BIOMD0000000100,4,10,0.0,0.0,0.0,"[0.0, 0.0, 0.0, 0.0]",4.0,0.3356220711582606,0.6435099387873828,0.7800232621359334,"[np.float64(0.3356220711582606), np.float64(0.6662550472191748), np.float64(0.7800232621359334), np.float64(0.6207648303555908)]",20.0,0.9380491814392676,0.9948413620029251,0.9978692335112662,"[np.float64(0.9935624131511399), np.float64(0.9961203108547102), np.float64(0.9978692335112662), np.float64(0.9380491814392676)]",60.0
BIOMD0000000101,6,13,0.0,0.0,0.0,"[0.0, 0.0, 0.0, 0.0, 0.0, 0.0]",6.0,0.9964428153189254,0.9999999918031526,0.9999999988774378,"[np.float64(0.9999999923251255), np.float64(0.9999999912811798), np.float64(0.9999936083122644), np.float64(0.9964428153189254), np.float64(0.9999999988774378), np.float64(0.9999999984722993)]",38.0,0.0,0.9999999946281745,0.9999999999987448,"[np.float64(0.9999999910969254), np.float64(0.9999999895014214), 0.0, np.float64(0.9999999999987448), np.float64(0.9999999986466179), np.float64(0.9999999981594235)]",166.0
BIOMD0000000102,13,28,0.0,0.0,1.1102230246251565e-16,"[np.float64(1.1102230246251565e-16), np.float64(1.1102230246251565e-16), 0.0, 0.0, 0.0, 0.0, 0.0, 0.0, 0.0, 0.0, 0.0, 0.0, 0.0]",9.0,0.0,0.9999998741938904,0.9999999746840299,"[np.float64(0.9999999587865956), np.float64(0.9999999569796226), np.float64(0.9999999544276574), np.float64(0.9999999746840299), np.float64(0.9999998741938904), np.float64(0.9999999351757392), np.float64(0.9999998874834796), np.float64(0.9999996879195188), 0.0, np.float64(0.9911339373495177), np.float64(0.8738636453797508), 0.0, np.float64(0.9832913555543925)]",139.0,0.0,0.0,0.7784582726405411,"[0.0, 0.0, 0.0, 0.0, 0.0, 0.0, 0.0, 0.0, 0.0, 0.0, 0.0, np.float64(0.7784582726405411), 0.0]",750.0
BIOMD0000000103,17,42,0.0,0.0,2.220446049250313e-16,"[0.0, np.float64(1.1102230246251565e-16), 0.0, 0.0, 0.0, np.float64(2.220446049250313e-16), 0.0, 0.0, np.float64(1.1102230246251565e-16), 0.0, 0.0, 0.0, 0.0, 0.0, 0.0, 0.0, 0.0]",9.0,0.0,0.9556642517999409,0.9999999999001177,"[np.float64(0.9999999988989796), np.float64(0.9999999993493011), np.float64(0.999999999704694), 0.0, np.float64(0.9999999992992168), np.float64(0.9999999997581023), np.float64(0.9999999999001177), np.float64(0.999999996740026), np.float64(0.8694396560371072), np.float64(0.9556642517999409), np.float64(0.7948587513300889), np.float64(0.6266071816474701), np.float64(0.9654977488944877), np.float64(0.9283320204338951), np.float64(0.5816284793656123), np.float64(0.1193948173795426), np.float64(0.1193948173795426)]",190.0,0.0,0.0,0.9707263875875991,"[0.0, 0.0, 0.0, 0.0, 0.0, 0.0, 0.0, 0.0, 0.0, np.float64(0.9481150091841861), 0.0, 0.0, 0.0, np.float64(0.9707263875875991), np.float64(0.7736456755451756), np.float64(0.20164982878010718), np.float64(0.20164982878010718)]",1402.0
BIOMD0000000105,35,94,0.0,0.0,0.0,"[0.0, 0.0, 0.0, 0.0, 0.0, 0.0, 0.0, 0.0, 0.0, 0.0, 0.0, 0.0, 0.0, 0.0, 0.0, 0.0, 0.0, 0.0, 0.0, 0.0, 0.0, 0.0, 0.0, 0.0, 0.0, 0.0, 0.0, 0.0, 0.0, 0.0, 0.0, 0.0, 0.0, 0.0, 0.0]",7.0,0.0,0.2036312739210473,0.9999999980136629,"[0.0, 0.0, np.float64(0.9999999931834306), np.float64(0.9999999734535591), np.float64(0.9999464856976623), 0.0, np.float64(0.2036312739210473), np.float64(0.6779999600077442), np.float64(0.2036312739210473), np.float64(0.9999999734535987), np.float64(0.9999464870692762), 0.0, 0.0, 0.0, 0.0, 0.0, 0.0, 0.0, 0.0, 0.0, np.float64(0.030617454223868856), np.float64(0.2036312739210473), np.float64(0.2036312739210473), np.float64(0.2036312739210473), np.float64(0.2036312739210473), np.float64(0.2036312739210473), np.float64(0.2036312739210473), np.float64(0.2036312739210473), np.float64(0.2036312739210473), np.float64(0.2036312739210473), np.float64(0.9999999980136629), 0.0, np.float64(0.2036312739210473), np.float64(0.2036312739210473), np.float64(0.2036312739210473)]",261.0,0.0,0.9999997654653908,0.9999999998119432,"[np.float64(0.9999999991731693), np.float64(0.9999999998119432), np.float64(0.9999999931882652), np.float64(0.9999999734811666), np.float64(0.9999997654653908), np.float64(0.9999999996931254), 0.0, np.float64(0.9999999984029304), 0.0, np.float64(0.9999999734811457), np.float64(0.9999997654649396), np.float64(0.9999999996743623), np.float64(0.9999995894572647), np.float64(0.9999998708647827), np.float64(0.9999999530319177), np.float64(0.9999998817691709), np.float64(0.9999999937266835), np.float64(0.9999999359296541), np.float64(0.9999999895769061), np.float64(0.9999999275300279), np.float64(0.9999999890146526), 0.0, 0.0, 0.0, 0.0, 0.0, 0.0, 0.0, 0.0, 0.0, 0.0, np.float64(0.999999999347106), 0.0, 0.0, 0.0]",2.0
BIOMD0000000107,9,23,0.0,0.0,2.220446049250313e-16,"[0.0, 0.0, np.float64(1.1102230246251565e-16), 0.0, 0.0, 0.0, 0.0, 0.0, np.float64(2.220446049250313e-16)]",5.0,0.15202550879806676,0.9999999768322616,0.9999999997857751,"[np.float64(0.9999999768322616), np.float64(0.9999897740483664), np.float64(0.9999304150949225), np.float64(0.9999322092698009), np.float64(0.9999999997857751), np.float64(0.9999999996381169), np.float64(0.999999999735896), np.float64(0.9999999984790616), np.float64(0.15202550879806676)]",65.0,0.0,0.9262095417834826,0.9998515259898737,"[np.float64(0.9998515259898737), np.float64(0.9998165586783873), np.float64(0.9997074358144441), np.float64(0.9998187337308098), np.float64(0.9262095417834826), 0.0, 0.0, np.float64(0.6147595511637443), np.float64(0.21536841848878896)]",353.0
BIOMD0000000108,9,17,0.0,0.0,0.0,"[0.0, 0.0, 0.0, 0.0, 0.0, 0.0, 0.0, 0.0, 0.0]",0.0,0.0,0.0,0.9999992184279662,"[0.0, 0.0, 0.0, 0.0, 0.0, np.float64(0.9999992184279662), 0.0, 0.0, 0.0]",4.0,0.0,0.0,0.0,"[0.0, 0.0, 0.0, 0.0, 0.0, 0.0, 0.0, 0.0, 0.0]",8.0
BIOMD0000000112,10,8,0.0,0.0,0.0,"[0.0, 0.0, 0.0, 0.0, 0.0, 0.0, 0.0, 0.0, 0.0, 0.0]",10.0,0.6955761452365592,0.9494097386863047,0.9991333078382045,"[np.float64(0.6955761452365592), np.float64(0.9973572862957115), np.float64(0.8755921516507392), np.float64(0.9254413674765362), np.float64(0.9232260512686825), np.float64(0.9969789040912831), np.float64(0.9925437322346498), np.float64(0.9602526048856006), np.float64(0.938566872487009), np.float64(0.9991333078382045)]",91.0,0.0,0.0,0.0,"[0.0, 0.0, 0.0, 0.0, 0.0, 0.0, 0.0, 0.0, 0.0, 0.0]",446.0
BIOMD0000000113,4,7,0.0,0.0,0.0,"[0.0, 0.0, 0.0, 0.0]",3.0,0.02730642963797625,0.22273528226158673,0.9859557115400907,"[np.float64(0.14722166983134333), np.float64(0.29824889469183014), np.float64(0.02730642963797625), np.float64(0.9859557115400907)]",15.0,0.12382907174584634,0.8637973480093817,0.9982528422093829,"[np.float64(0.8505185222126069), np.float64(0.8770761738061563), np.float64(0.12382907174584634), np.float64(0.9982528422093829)]",45.0
BIOMD0000000114,2,4,0.0,0.0,0.0,"[0.0, 0.0]",1.0,0.0,0.1470166272383865,0.294033254476773,"[0.0, np.float64(0.294033254476773)]",6.0,0.0,0.0,0.0,"[0.0, 0.0]",10.0
BIOMD0000000115,2,5,0.0,0.0,0.0,"[0.0, 0.0]",2.0,0.14936056500239525,0.2655337987771449,0.38170703255189453,"[np.float64(0.38170703255189453), np.float64(0.14936056500239525)]",6.0,0.8220027403447165,0.8463532842955547,0.8707038282463928,"[np.float64(0.8707038282463928), np.float64(0.8220027403447165)]",12.0
BIOMD0000000116,6,10,0.0,0.0,0.0,"[0.0, 0.0, 0.0, 0.0, 0.0, 0.0]",0.0,0.9501002177595167,0.9845764075031169,0.9934965028533257,"[np.float64(0.9501002177595167), np.float64(0.9825485568601366), np.float64(0.9866042581460973), np.float64(0.9912350809056456), np.float64(0.9934965028533257), np.float64(0.9769713854193735)]",36.0,0.950100178700285,0.9845764141140848,0.9934965181779764,"[np.float64(0.950100178700285), np.float64(0.9825485611788164), np.float64(0.9866042670493532), np.float64(0.9912350951748357), np.float64(0.9934965181779764), np.float64(0.9769713825822793)]",126.0
BIOMD0000000117,2,6,0.0,0.0,0.0,"[0.0, 0.0]",1.0,0.0032350124745244013,0.00997343217757879,0.016711851880633177,"[np.float64(0.0032350124745244013), np.float64(0.016711851880633177)]",6.0,0.0,0.0,0.0,"[0.0, 0.0]",12.0
BIOMD0000000126,9,11,0.0,0.0,1.1102230246251565e-16,"[0.0, 0.0, 0.0, np.float64(1.1102230246251565e-16), 0.0, 0.0, 0.0, 0.0, 0.0]",5.0,0.6812662147353075,0.9982436007614485,0.9999999999998544,"[np.float64(0.9982436007614485), np.float64(0.6812662147353075), np.float64(0.8246640249466879), np.float64(0.8623273566274391), np.float64(0.9717117060907382), np.float64(0.9999999999662332), np.float64(0.9999999999998544), np.float64(0.9999945004910386), np.float64(0.9999974881534479)]",90.0,0.0,0.8007406586413475,0.9999999973870555,"[np.float64(0.8723729772795227), 0.0, 0.0, 0.0, 0.0, np.float64(0.9999999973870555), np.float64(0.8007406586413475), np.float64(0.9997210501705586), np.float64(0.9997099198471407)]",453.0
BIOMD0000000137,21,20,0.0,0.0,3.3306690738754696e-16,"[0.0, 0.0, 0.0, 0.0, np.float64(1.1102230246251565e-16), 0.0, 0.0, 0.0, 0.0, 0.0, np.float64(1.1102230246251565e-16), 0.0, np.float64(3.3306690738754696e-16), 0.0, 0.0, 0.0, 0.0, 0.0, 0.0, 0.0, 0.0]",20.0,0.0,0.9456113210749117,0.9999999999993068,"[0.0, np.float64(0.9999999999993068), np.float64(0.9996199687265964), np.float64(0.9999845618376217), np.float64(0.9999999966006969), np.float64(0.9996292215698068), 0.0, np.float64(0.9999999265640799), np.float64(0.9999999997805772), np.float64(0.9999999997785475), np.float64(0.9456113210749117), np.float64(0.9456074172249197), np.float64(0.9999999973116499), np.float64(0.9999999979244456), np.float64(0.5510689070496282), np.float64(0.8952428139482903), np.float64(0.8952447816937532), np.float64(0.8952428139482903), np.float64(0.8952447816937532), 0.0, 0.0]",393.0,0.0,0.0,0.9997378651508979,"[0.0, np.float64(0.9996090316967484), np.float64(0.9916918152762637), np.float64(0.9997378651508979), np.float64(0.7694548213669604), 0.0, 0.0, 0.0, np.float64(0.9912856843519489), np.float64(0.9912074784045661), 0.0, 0.0, 0.0, 0.0, 0.0, 0.0, 0.0, 0.0, 0.0, 0.0, 0.0]",2493.0
BIOMD0000000143,20,20,0.0,0.0,1.1102230246251565e-16,"[0.0, 0.0, 0.0, 0.0, 0.0, 0.0, 0.0, 0.0, 0.0, 0.0, np.float64(1.1102230246251565e-16), 0.0, 0.0, 0.0, 0.0, 0.0, 0.0, 0.0, 0.0, 0.0]",5.0,0.0,0.25177560394232623,0.9999856738426515,"[np.float64(0.2368577280587213), np.float64(0.975643381910776), np.float64(0.2368577280587213), np.float64(0.6999535603642055), np.float64(0.7401305839959568), np.float64(0.7005929654639869), 0.0, np.float64(0.2368577280587213), np.float64(0.9999844625344039), np.float64(0.875509737454399), np.float64(0.9999856738426515), np.float64(0.8755082791761115), np.float64(0.26669347982593117), np.float64(0.2368577280587213), np.float64(0.2368577280587213), np.float64(0.2368577280587213), np.float64(0.2368577280587213), np.float64(0.2368577280587213), np.float64(0.9756376132242695), np.float64(0.2368577280587213)]",187.0,0.0,0.49998282691732243,0.9999999999998928,"[0.0, np.float64(0.9999999999984766), 0.0, np.float64(0.999999510714936), np.float64(0.9999999999998928), np.float64(0.9999999999997841), np.float64(0.9999656538346449), 0.0, np.float64(0.9999999999938569), 0.0, np.float64(0.9999999999943454), np.float64(0.9999999999985125), np.float64(0.999999999999723), 0.0, 0.0, 0.0, 0.0, 0.0, np.float64(0.9999999999984782), 0.0]",27.0
BIOMD0000000146,36,34,0.0,0.0,0.0,"[0.0, 0.0, 0.0, 0.0, 0.0, 0.0, 0.0, 0.0, 0.0, 0.0, 0.0, 0.0, 0.0, 0.0, 0.0, 0.0, 0.0, 0.0, 0.0, 0.0, 0.0, 0.0, 0.0, 0.0, 0.0, 0.0, 0.0, 0.0, 0.0, 0.0, 0.0, 0.0, 0.0, 0.0, 0.0, 0.0]",10.0,0.0,0.13282565434760485,0.9999999920692525,"[0.0, 0.0, 0.0, np.float64(0.13282565434760485), np.float64(0.13282565434760485), np.float64(0.13282565434760485), np.float64(0.13282565434760485), np.float64(0.9780448619011504), np.float64(0.9999999920692525), 0.0, 0.0, np.float64(0.13282565434760485), np.float64(0.9596808626336308), np.float64(0.9924082046699844), 0.0, np.float64(0.999999992069244), 0.0, np.float64(0.9999990136175362), np.float64(0.9999840525680537), 0.0, 0.0, 0.0, np.float64(0.8860977031802698), np.float64(0.70079082479011), 0.0, 0.0, np.float64(0.9898319992516579), np.float64(0.9898348714450268), np.float64(0.973479799658329), np.float64(0.9999008593861302), np.float64(0.9649827527644271), 0.0, 0.0, np.float64(0.13282565434760485), np.float64(0.13282565434760485), np.float64(0.13282565434760485)]",742.0,0.0,0.9999999679880492,0.9999999997276523,"[np.float64(0.999999968414037), np.float64(0.9999999675620614), np.float64(0.9999999997276523), 0.0, 0.0, 0.0, 0.0, np.float64(0.9999996020411333), np.float64(0.9999999920675865), np.float64(0.9999999722707508), np.float64(0.9999999757063526), 0.0, np.float64(0.9999999814441392), np.float64(0.9999999972712242), np.float64(0.9999999801320081), np.float64(0.9999999920675884), np.float64(0.9999987393824125), np.float64(0.9999990134119717), np.float64(0.9999840492851019), np.float64(0.9999999648524543), np.float64(0.9999997822129996), np.float64(0.9999999212370468), np.float64(0.999999946728734), np.float64(0.9999999809023625), np.float64(0.9999999805249774), np.float64(0.9999999805979498), np.float64(0.9999999982472334), np.float64(0.9999999982423968), np.float64(0.9999995806983062), np.float64(0.999999997573922), np.float64(0.999999983572933), np.float64(0.9999999689647107), np.float64(0.9999999835981471), 0.0, 0.0, 0.0]",394.0
BIOMD0000000147,24,51,0.0,0.0,0.0,"[0.0, 0.0, 0.0, 0.0, 0.0, 0.0, 0.0, 0.0, 0.0, 0.0, 0.0, 0.0, 0.0, 0.0, 0.0, 0.0, 0.0, 0.0, 0.0, 0.0, 0.0, 0.0, 0.0, 0.0]",0.0,0.061516855506277945,0.061516855506277945,0.9999999622061462,"[np.float64(0.9999999622061242), np.float64(0.061516855506277945), np.float64(0.061516855506277945), np.float64(0.061516855506277945), np.float64(0.9999998545702564), np.float64(0.061516855506277945), np.float64(0.9999998520538805), np.float64(0.9999920683939855), np.float64(0.999999854441787), np.float64(0.061516855506277945), np.float64(0.061516855506277945), np.float64(0.9999998696471275), np.float64(0.061516855506277945), np.float64(0.9999998700697253), np.float64(0.061516855506277945), np.float64(0.061516855506277945), np.float64(0.9999999622061462), np.float64(0.9999999622061289), np.float64(0.061516855506277945), np.float64(0.061516855506277945), np.float64(0.9999998644221733), np.float64(0.061516855506277945), np.float64(0.9999998669354968), np.float64(0.061516855506277945)]",264.0,0.06155002790943542,0.06155002790943542,0.9999999783562717,"[np.float64(0.9999999783562677), np.float64(0.06155002790943542), np.float64(0.06155002790943542), np.float64(0.06155002790943542), np.float64(0.9999999518916967), np.float64(0.06155002790943542), np.float64(0.999999951589756), np.float64(0.9999982001711638), np.float64(0.99999995214095), np.float64(0.06155002790943542), np.float64(0.06155002790943542), np.float64(0.9999999556720494), np.float64(0.06155002790943542), np.float64(0.9999999548300277), np.float64(0.06155002790943542), np.float64(0.06155002790943542), np.float64(0.9999999783562717), np.float64(0.999999978356263), np.float64(0.06155002790943542), np.float64(0.06155002790943542), np.float64(0.9999999538652492), np.float64(0.06155002790943542), np.float64(0.9999999550432993), np.float64(0.06155002790943542)]",1034.0
BIOMD0000000149,28,33,0.0,0.0,2.220446049250313e-16,"[0.0, 0.0, 0.0, 0.0, 0.0, 0.0, 0.0, 0.0, 0.0, 0.0, 0.0, 0.0, 0.0, np.float64(1.1102230246251565e-16), 0.0, np.float64(2.220446049250313e-16), 0.0, 0.0, 0.0, 0.0, 0.0, 0.0, 0.0, 0.0, 0.0, 0.0, 0.0, 0.0]",19.0,0.0,0.002496747269588484,0.7077189251225267,"[np.float64(0.514116119250935), np.float64(0.5141161192515061), 0.0, 0.0, np.float64(0.07790896763078226), 0.0, 0.0, 0.0, 0.0, 0.0, np.float64(0.29387184928820753), 0.0, 0.0, 0.0, 0.0, 0.0, 0.0, np.float64(0.7077189251225267), np.float64(0.3705352216477319), np.float64(0.5677577135059555), np.float64(0.5677577135049072), np.float64(0.5583765782946303), np.float64(0.5583765782950982), np.float64(0.004993494539176968), np.float64(0.6233636095346275), np.float64(0.6971228530290692), 0.0, np.float64(0.07807049640175656)]",534.0,0.0,0.0,0.0,"[0.0, 0.0, 0.0, 0.0, 0.0, 0.0, 0.0, 0.0, 0.0, 0.0, 0.0, 0.0, 0.0, 0.0, 0.0, 0.0, 0.0, 0.0, 0.0, 0.0, 0.0, 0.0, 0.0, 0.0, 0.0, 0.0, 0.0, 0.0]",10007.0
BIOMD0000000156,3,5,0.0,0.0,0.0,"[0.0, 0.0, 0.0]",3.0,0.7924393437787178,0.9999999977608296,0.9999999992104551,"[np.float64(0.7924393437787178), np.float64(0.9999999977608296), np.float64(0.9999999992104551)]",8.0,0.9999999184471959,0.9999999490142247,0.9999999698852201,"[np.float64(0.9999999184471959), np.float64(0.9999999490142247), np.float64(0.9999999698852201)]",6.0
BIOMD0000000157,3,6,0.0,0.0,0.0,"[0.0, 0.0, 0.0]",3.0,0.9776985083855232,0.9999999990032035,0.9999999999928224,"[np.float64(0.9776985083855232), np.float64(0.9999999999928224), np.float64(0.9999999990032035)]",8.0,0.9998945462088061,0.9999768740569032,0.9999985591089016,"[np.float64(0.9998945462088061), np.float64(0.9999985591089016), np.float64(0.9999768740569032)]",21.0
BIOMD0000000158,3,6,0.0,0.0,2.220446049250313e-16,"[0.0, 0.0, np.float64(2.220446049250313e-16)]",3.0,0.8253435651263549,0.9994461067762135,0.9999973241163178,"[np.float64(0.8253435651263549), np.float64(0.9999973241163178), np.float64(0.9994461067762135)]",9.0,0.9997175680468049,0.9998744403824082,0.9999993920777317,"[np.float64(0.9997175680468049), np.float64(0.9999993920777317), np.float64(0.9998744403824082)]",30.0
BIOMD0000000159,3,6,0.0,0.0,4.305445666652474e-09,"[np.float64(4.305445666652474e-09), 0.0, 0.0]",1.0,0.0,0.024596581911140447,0.9999999999863747,"[0.0, np.float64(0.024596581911140447), np.float64(0.9999999999863747)]",5.0,0.0,0.0,0.15052438746782282,"[0.0, np.float64(0.15052438746782282), 0.0]",17.0
BIOMD0000000160,24,41,0.0,0.0,2.220446049250313e-16,"[np.float64(1.1102230246251565e-16), 0.0, 0.0, 0.0, 0.0, 0.0, 0.0, 0.0, 0.0, 0.0, 0.0, 0.0, np.float64(2.220446049250313e-16), 0.0, np.float64(1.1102230246251565e-16), 0.0, 0.0, 0.0, 0.0, 0.0, 0.0, 0.0, 0.0, 0.0]",12.0,0.0,0.9992511834713078,0.9999999947099109,"[np.float64(0.9999966983109266), np.float64(0.9986772286989405), np.float64(0.001534966094570489), np.float64(0.001534966094570489), 0.0, np.float64(0.9991891770049256), np.float64(0.9999977716412377), np.float64(0.001534966094570489), np.float64(0.9992365196341342), np.float64(0.97617804512845), np.float64(0.001534966094570489), np.float64(0.9999998223201894), np.float64(0.9976955866916486), 0.0, np.float64(0.9999990941161631), np.float64(0.001534966094570489), np.float64(0.9992658473084813), np.float64(0.9999990941059712), np.float64(0.9999992982537083), np.float64(0.9999986456508664), np.float64(0.9999994155247104), np.float64(0.9999997766153602), np.float64(0.9999999947099109), np.float64(0.9999992987267277)]",429.0,0.0,0.0,0.10020202263094291,"[0.0, 0.0, np.float64(0.10020202263094291), np.float64(0.10020202263094291), 0.0, 0.0, 0.0, np.float64(0.10020202263094291), 0.0, 0.0, np.float64(0.10020202263094291), 0.0, 0.0, 0.0, 0.0, np.float64(0.10020202263094291), 0.0, 0.0, 0.0, 0.0, 0.0, 0.0, 0.0, 0.0]",5620.0
BIOMD0000000161,43,43,0.0,0.0,2.220446049250313e-16,"[0.0, np.float64(1.1102230246251565e-16), 0.0, 0.0, 0.0, 0.0, 0.0, np.float64(1.1102230246251565e-16), 0.0, 0.0, 0.0, 0.0, 0.0, 0.0, 0.0, 0.0, 0.0, 0.0, 0.0, 0.0, 0.0, 0.0, 0.0, 0.0, 0.0, 0.0, 0.0, 0.0, 0.0, 0.0, 0.0, 0.0, 0.0, np.float64(1.1102230246251565e-16), 0.0, 0.0, np.float64(2.220446049250313e-16), 0.0, 0.0, 0.0, 0.0, 0.0, 0.0]",34.0,0.0,0.0,0.9999974766611978,"[np.float64(0.4049302250639413), 0.0, np.float64(0.23324048245854678), np.float64(0.836125058848533), np.float64(0.8338883612099893), 0.0, 0.0, np.float64(0.8064970782533759), 0.0, 0.0, 0.0, 0.0, 0.0, np.float64(0.5223269020078665), 0.0, np.float64(0.6727975120061733), np.float64(0.8064970760702962), 0.0, 0.0, np.float64(0.9999061560248886), 0.0, 0.0, 0.0, np.float64(0.6237372881662449), 0.0, np.float64(0.9999974766611978), 0.0, 0.0, np.float64(0.8884953196611074), 0.0, np.float64(0.23324048245854678), 0.0, 0.0, 0.0, 0.0, np.float64(0.990380922425922), np.float64(0.9903809223252482), 0.0, 0.0, 0.0, np.float64(0.9651215526910605), 0.0, 0.0]",1159.0,0.0,0.0,0.26980131306131727,"[0.0, 0.0, np.float64(0.26980131306131727), 0.0, 0.0, 0.0, 0.0, 0.0, 0.0, 0.0, 0.0, 0.0, 0.0, 0.0, 0.0, 0.0, 0.0, 0.0, 0.0, 0.0, 0.0, 0.0, np.float64(0.015205914000146703), 0.0, 0.0, 0.0, 0.0, 0.0, 0.0, 0.0, np.float64(0.26980131306131727), 0.0, 0.0, 0.0, 0.0, 0.0, 0.0, 0.0, 0.0, 0.0, 0.0, 0.0, 0.0]",19123.0
BIOMD0000000162,24,45,0.0,0.0,2.220446049250313e-16,"[0.0, 0.0, 0.0, 0.0, 0.0, 0.0, 0.0, 0.0, 0.0, 0.0, 0.0, 0.0, 0.0, 0.0, 0.0, 0.0, 0.0, 0.0, 0.0, np.float64(2.220446049250313e-16), 0.0, 0.0, 0.0, 0.0]",20.0,0.0,0.16449646414753077,0.8999570170888941,"[np.float64(0.6789024164793167), np.float64(0.893197697347133), 0.0, np.float64(0.8999570170888941), 0.0, 0.0, 0.0, 0.0, np.float64(0.6262527912786273), np.float64(0.44311905810569563), np.float64(0.8320066628203764), np.float64(0.8320066628471388), 0.0, 0.0, 0.0, 0.0, np.float64(0.443119058104934), np.float64(0.6582804472070671), np.float64(0.32899292829506155), 0.0, np.float64(0.32899292829506155), 0.0, np.float64(0.8024351747675649), 0.0]",549.0,0.0,0.0,0.0,"[0.0, 0.0, 0.0, 0.0, 0.0, 0.0, 0.0, 0.0, 0.0, 0.0, 0.0, 0.0, 0.0, 0.0, 0.0, 0.0, 0.0, 0.0, 0.0, 0.0, 0.0, 0.0, 0.0, 0.0]",6179.0
BIOMD0000000163,16,26,0.0,0.0,1.1102230246251565e-16,"[0.0, 0.0, 0.0, 0.0, 0.0, np.float64(1.1102230246251565e-16), 0.0, 0.0, 0.0, 0.0, 0.0, 0.0, 0.0, np.float64(1.1102230246251565e-16), 0.0, 0.0]",10.0,0.0,0.9785229978051221,0.9999997396573024,"[np.float64(0.9999993774388531), np.float64(0.9999902075865015), np.float64(0.9999993098148817), np.float64(0.9999851522492683), np.float64(0.9784056599328933), 0.0, 0.0, np.float64(0.9782086538511708), 0.0, 0.0, np.float64(0.9786403356773509), np.float64(0.9953011076559841), 0.0, np.float64(0.9999980544177148), np.float64(0.9999997396573024), 0.0]",241.0,0.0,0.0,0.0,"[0.0, 0.0, 0.0, 0.0, 0.0, 0.0, 0.0, 0.0, 0.0, 0.0, 0.0, 0.0, 0.0, 0.0, 0.0, 0.0]",2307.0
BIOMD0000000164,26,29,0.0,0.0,2.220446049250313e-16,"[0.0, 0.0, 0.0, 0.0, 0.0, 0.0, 0.0, 0.0, 0.0, 0.0, np.float64(1.1102230246251565e-16), 0.0, 0.0, 0.0, 0.0, 0.0, 0.0, np.float64(2.220446049250313e-16), 0.0, 0.0, 0.0, 0.0, 0.0, 0.0, 0.0, 0.0]",14.0,0.0,0.9998367590310822,0.9999999998283732,"[np.float64(0.9981573949977216), 0.0, 0.0, 0.0, 0.0, np.float64(0.9999945969745407), np.float64(0.999999972307596), 0.0, np.float64(0.5555130669547719), np.float64(0.9999996531676302), np.float64(0.9999977648520508), np.float64(0.9999050467951989), np.float64(0.9999976974870092), np.float64(0.9999187990775085), 0.0, 0.0, np.float64(0.9999451534742172), np.float64(0.9999547339046503), 0.0, np.float64(0.9999999998283732), np.float64(0.9999935626103549), np.float64(0.9999998522695652), np.float64(0.9999978836802714), np.float64(0.9997684712669653), 0.0, 0.0]",457.0,0.0,0.17573734419526688,0.9993850250508295,"[0.0, 0.0, np.float64(0.17573734419526688), 0.0, 0.0, np.float64(0.9401426786232404), np.float64(0.019024973059464156), np.float64(0.17573734419526688), 0.0, np.float64(0.9863531699922796), np.float64(0.9761288012546455), np.float64(0.9992798033862947), np.float64(0.9713136768927187), np.float64(0.9993850250508295), np.float64(0.17573734419526688), 0.0, np.float64(0.998669686438398), np.float64(0.9988995221636563), 0.0, np.float64(0.9981467139113767), 0.0, np.float64(0.9973998006642089), 0.0, np.float64(0.9973568830854388), np.float64(0.17573734419526688), np.float64(0.17573734419526688)]",4546.0
BIOMD0000000165,36,30,0.0,1.1102230246251565e-16,1.1102230246251565e-16,"[0.0, np.float64(1.1102230246251565e-16), 0.0, 0.0, np.float64(1.1102230246251565e-16), 0.0, 0.0, 0.0, 0.0, np.float64(1.1102230246251565e-16), np.float64(1.1102230246251565e-16), np.float64(1.1102230246251565e-16), 0.0, np.float64(1.1102230246251565e-16), np.float64(1.1102230246251565e-16), np.float64(1.1102230246251565e-16), np.float64(1.1102230246251565e-16), 0.0, np.float64(1.1102230246251565e-16), np.float64(1.1102230246251565e-16), 0.0, 0.0, 0.0, 0.0, np.float64(1.1102230246251565e-16), np.float64(1.1102230246251565e-16), np.float64(1.1102230246251565e-16), np.float64(1.1102230246251565e-16), np.float64(1.1102230246251565e-16), np.float64(1.1102230246251565e-16), np.float64(1.1102230246251565e-16), np.float64(1.1102230246251565e-16), np.float64(1.1102230246251565e-16), np.float64(1.1102230246251565e-16), np.float64(1.1102230246251565e-16), np.float64(1.1102230246251565e-16)]",7.0,0.0,0.23588272212589745,0.9999975433752017,"[0.0, np.float64(0.23588272212589745), np.float64(0.8304098871213599), 0.0, np.float64(0.23588272212589745), np.float64(0.9991578689740026), np.float64(0.9991578684563774), 0.0, 0.0, np.float64(0.23588272212589745), np.float64(0.23588272212589745), np.float64(0.23588272212589745), 0.0, np.float64(0.23588272212589745), np.float64(0.23588272212589745), np.float64(0.23588272212589745), np.float64(0.23588272212589745), np.float64(0.9932600072745165), np.float64(0.23588272212589745), np.float64(0.23588272212589745), np.float64(0.9999975433752017), 0.0, 0.0, np.float64(0.9932600111087028), np.float64(0.23588272212589745), np.float64(0.23588272212589745), np.float64(0.23588272212589745), np.float64(0.23588272212589745), np.float64(0.23588272212589745), np.float64(0.23588272212589745), 0.0, np.float64(0.23588272212589745), np.float64(0.23588272212589745), np.float64(0.23588272212589745), 0.0, np.float64(0.23588272212589745)]",419.0,0.0,0.1166628522388291,0.9985801457384715,"[0.0, np.float64(0.1166628522388291), 0.0, 0.0, np.float64(0.1166628522388291), 0.0, 0.0, 0.0, 0.0, np.float64(0.1166628522388291), np.float64(0.1166628522388291), np.float64(0.1166628522388291), 0.0, np.float64(0.1166628522388291), np.float64(0.1166628522388291), np.float64(0.1166628522388291), np.float64(0.1166628522388291), 0.0, np.float64(0.1166628522388291), np.float64(0.1166628522388291), np.float64(0.9985801457384715), 0.0, 0.0, 0.0, np.float64(0.1166628522388291), np.float64(0.1166628522388291), np.float64(0.1166628522388291), np.float64(0.1166628522388291), np.float64(0.1166628522388291), np.float64(0.1166628522388291), np.float64(0.1166628522388291), np.float64(0.1166628522388291), np.float64(0.1166628522388291), np.float64(0.1166628522388291), np.float64(0.1166628522388291), np.float64(0.1166628522388291)]",2795.0
BIOMD0000000166,3,9,0.0,0.0,0.0,"[0.0, 0.0, 0.0]",2.0,0.0,0.0,0.0,"[0.0, 0.0, 0.0]",12.0,0.0,0.0,0.0,"[0.0, 0.0, 0.0]",30.0
BIOMD0000000167,8,7,0.0,0.0,0.0,"[0.0, 0.0, 0.0, 0.0, 0.0, 0.0, 0.0, 0.0]",0.0,0.0,0.0,0.0,"[0.0, 0.0, 0.0, 0.0, 0.0, 0.0, 0.0, 0.0]",25.0,0.0,0.0,0.0,"[0.0, 0.0, 0.0, 0.0, 0.0, 0.0, 0.0, 0.0]",225.0
BIOMD0000000169,11,27,0.0,0.0,0.0,"[0.0, 0.0, 0.0, 0.0, 0.0, 0.0, 0.0, 0.0, 0.0, 0.0, 0.0]",0.0,0.0,0.5206480774627305,0.989668665296482,"[np.float64(0.9037889464743349), np.float64(0.5206480774627305), np.float64(0.9166869936288501), np.float64(0.4370401846164992), 0.0, np.float64(0.989668665296482), 0.0, np.float64(0.8344483276030382), np.float64(0.362102657368084), np.float64(0.8598465862430587), 0.0]",104.0,0.0,0.0,0.0,"[0.0, 0.0, 0.0, 0.0, 0.0, 0.0, 0.0, 0.0, 0.0, 0.0, 0.0]",695.0
BIOMD0000000170,7,17,0.0,0.0,1.1102230246251565e-16,"[0.0, 0.0, np.float64(1.1102230246251565e-16), 0.0, 0.0, 0.0, 0.0]",7.0,0.8953199795388425,0.9999952413863814,0.9999999566233363,"[np.float64(0.8953199795388425), np.float64(0.9770992680337619), np.float64(0.9999952413863814), np.float64(0.984852347336962), np.float64(0.9999995573350263), np.float64(0.9999998878999687), np.float64(0.9999999566233363)]",34.0,0.9949796890009828,0.9999640159901537,0.9999999970729601,"[np.float64(0.999997155161424), np.float64(0.9999640159901537), np.float64(0.9997252864645224), np.float64(0.9999999894138532), np.float64(0.9997835032008854), np.float64(0.9999999970729601), np.float64(0.9949796890009828)]",229.0
BIOMD0000000171,10,26,0.0,0.0,2.220446049250313e-16,"[0.0, np.float64(2.220446049250313e-16), 0.0, 0.0, 0.0, 0.0, 0.0, 0.0, np.float64(2.220446049250313e-16), 0.0]",10.0,0.954775545410194,0.9978129198177408,0.9999668717294414,"[np.float64(0.9997749721613353), np.float64(0.9995307591319572), np.float64(0.9997093146401769), np.float64(0.991646833014627), np.float64(0.954775545410194), np.float64(0.9932412298020883), np.float64(0.9998999929303282), np.float64(0.9742735768232854), np.float64(0.9960950805035242), np.float64(0.9999668717294414)]",100.0,0.9826421199054053,0.9994026315203921,0.9999999760687845,"[np.float64(0.9993081864145729), np.float64(0.9994970766262112), np.float64(0.9990356905309521), np.float64(0.9999974597425628), np.float64(0.9911675785672992), np.float64(0.9826421199054053), np.float64(0.9999999760687845), np.float64(0.9999699723642438), np.float64(0.9999940533735776), np.float64(0.9935265028295406)]",655.0
BIOMD0000000172,17,19,0.0,0.0,2.220446049250313e-16,"[np.float64(2.220446049250313e-16), 0.0, np.float64(1.1102230246251565e-16), np.float64(1.1102230246251565e-16), 0.0, 0.0, 0.0, 0.0, 0.0, 0.0, 0.0, 0.0, 0.0, 0.0, 0.0, np.float64(2.220446049250313e-16), 0.0]",14.0,0.8562151962178273,0.9993690976456093,0.9999665231506153,"[np.float64(0.8562151962178273), np.float64(0.9997858184787163), np.float64(0.9960803455723631), np.float64(0.9991667816551539), np.float64(0.987345602082691), np.float64(0.9999332560315329), np.float64(0.9932498396650556), np.float64(0.9993690976456093), np.float64(0.999369855883913), np.float64(0.9970053043075566), np.float64(0.9999665231506153), np.float64(0.9970053043080653), np.float64(0.9999374949464468), np.float64(0.9999196636609435), np.float64(0.9999388628905144), np.float64(0.9998532470667196), np.float64(0.9851492271972246)]",297.0,0.0,0.8253620822527248,0.999170480544282,"[0.0, np.float64(0.7639752142914323), np.float64(0.6480179311127274), np.float64(0.5706013342518854), np.float64(0.8562275733286419), np.float64(0.999170480544282), np.float64(0.9851840148745674), np.float64(0.9988092485563017), np.float64(0.9971747269417963), 0.0, np.float64(0.8253620822527248), 0.0, np.float64(0.9822170218369465), np.float64(0.9970251289813793), np.float64(0.7906422422454437), np.float64(0.9724373254043888), np.float64(0.8236060708302649)]",2892.0
BIOMD0000000174,4,10,0.0,0.0,0.0,"[0.0, 0.0, 0.0, 0.0]",1.0,0.9577681025218256,0.9883591680162772,0.9992951366355697,"[np.float64(0.9577681025218256), np.float64(0.9992951366355697), np.float64(0.9812516022663691), np.float64(0.9954667337661853)]",20.0,0.3107730384157039,0.8945724054456211,0.9999021303025922,"[np.float64(0.9988309060316207), np.float64(0.9999021303025922), np.float64(0.7903139048596215), np.float64(0.3107730384157039)]",54.0
BIOMD0000000175,118,102,,,,,,,,,,,,,,,
BIOMD0000000176,17,19,0.0,0.0,2.220446049250313e-16,"[0.0, 0.0, 0.0, 0.0, 0.0, 0.0, 0.0, 0.0, 0.0, 0.0, 0.0, 0.0, 0.0, np.float64(2.220446049250313e-16), 0.0, 0.0, 0.0]",10.0,0.0,0.9982593648422642,0.9999945179452726,"[np.float64(0.8735050263947939), np.float64(0.9990651665123365), np.float64(0.9969988557530669), np.float64(0.9998929942487138), np.float64(0.9927080067004423), np.float64(0.9999945179452726), np.float64(0.993795516556684), np.float64(0.9986797375918544), np.float64(0.9986807637819518), np.float64(0.9906595221725013), 0.0, np.float64(0.9906595221680945), np.float64(0.9996687348467181), np.float64(0.9997123615475989), np.float64(0.9993275834960301), np.float64(0.9982593648422642), np.float64(0.9750911012807666)]",288.0,0.0,0.8560685847756052,0.999861981063429,"[0.0, np.float64(0.9611022798366077), np.float64(0.8983252450891746), np.float64(0.995995517682795), np.float64(0.7554685466532185), np.float64(0.999861981063429), np.float64(0.8219397995011543), np.float64(0.960409104904434), np.float64(0.8176842733860736), 0.0, 0.0, 0.0, np.float64(0.9842887376549594), np.float64(0.9499129787112159), np.float64(0.8747168326948707), np.float64(0.8560685847756052), 0.0]",2684.0
BIOMD0000000177,18,21,0.0,0.0,2.220446049250313e-16,"[0.0, np.float64(1.1102230246251565e-16), 0.0, np.float64(1.1102230246251565e-16), 0.0, 0.0, 0.0, np.float64(2.220446049250313e-16), 0.0, 0.0, 0.0, 0.0, 0.0, 0.0, 0.0, 0.0, np.float64(1.1102230246251565e-16), 0.0]",17.0,0.9706400090062577,0.9949840308646692,0.9999998590860316,"[np.float64(0.9949658368090478), np.float64(0.9987776329382274), np.float64(0.9996818532358619), np.float64(0.9894965504445333), np.float64(0.9990221009787035), np.float64(0.9997242333056355), np.float64(0.9978589611776387), np.float64(0.9953759280604629), np.float64(0.9950022249202907), np.float64(0.9868532303051887), np.float64(0.9900933481625205), np.float64(0.9868532303044911), np.float64(0.9943436818328967), np.float64(0.9955651121421631), np.float64(0.9913226948654198), np.float64(0.992886964335237), np.float64(0.9999998590860316), np.float64(0.9706400090062577)]",330.0,0.0,0.9506776573238909,0.9984275868249606,"[np.float64(0.9420656299893605), np.float64(0.9984275868249606), np.float64(0.9837941817815549), np.float64(0.9563701831630204), np.float64(0.9707995065593681), np.float64(0.9894202834264725), np.float64(0.9652425696327084), np.float64(0.9967350912692192), np.float64(0.9966029033986579), np.float64(0.8742452659751883), 0.0, np.float64(0.8742452662007912), np.float64(0.775601731613489), np.float64(0.7971220567875706), np.float64(0.9449851314847613), np.float64(0.8451784825178468), np.float64(0.9944944871103266), np.float64(0.41165249473191934)]",3332.0
BIOMD0000000178,5,4,0.0,0.0,0.0,"[0.0, 0.0, 0.0, 0.0, 0.0]",0.0,0.0,0.023241882991969165,0.9999999901379255,"[0.0, 0.0, np.float64(0.9999999901379255), np.float64(0.023241882991969165), np.float64(0.023241882991969165)]",8.0,0.018285759799058332,0.9999992401943895,0.9999999991736193,"[np.float64(0.9999992401943895), np.float64(0.9999999991736193), np.float64(0.99999960098883), np.float64(0.018285759799058332), np.float64(0.018285759799058332)]",18.0
BIOMD0000000180,8,20,0.0,0.0,0.0,"[0.0, 0.0, 0.0, 0.0, 0.0, 0.0, 0.0, 0.0]",8.0,0.8177718027587151,0.9912643065820126,0.999999999310412,"[np.float64(0.8177718027587151), np.float64(0.9999944065687046), np.float64(0.997616808863744), np.float64(0.9999999770473736), np.float64(0.999999999310412), np.float64(0.9802212351571205), np.float64(0.9849118043002812), np.float64(0.9422098086575023)]",52.0,0.48974890885594136,0.9998609685725559,0.999999898191504,"[np.float64(0.8814392228850829), np.float64(0.9999936299577545), np.float64(0.999999898191504), np.float64(0.48974890885594136), np.float64(0.9974704275241022), np.float64(0.9999353091355236), np.float64(0.9999998071663797), np.float64(0.9997866280095882)]",351.0
BIOMD0000000181,6,18,0.0,0.0,1.1102230246251565e-16,"[0.0, np.float64(1.1102230246251565e-16), 0.0, 0.0, 0.0, 0.0]",6.0,0.9999999559013255,0.9999999995204649,0.9999999999089055,"[np.float64(0.999999999824863), np.float64(0.9999999998777029), np.float64(0.9999999956386079), np.float64(0.9999999992160669), np.float64(0.9999999999089055), np.float64(0.9999999559013255)]",42.0,0.99999999994595,0.9999999999974476,0.9999999999978466,"[np.float64(0.9999999999978466), np.float64(0.9999999999977023), np.float64(0.9999999999922301), np.float64(0.9999999999975743), np.float64(0.9999999999973208), np.float64(0.99999999994595)]",168.0
BIOMD0000000182,37,32,0.0,0.0,0.0,"[0.0, 0.0, 0.0, 0.0, 0.0, 0.0, 0.0, 0.0, 0.0, 0.0, 0.0, 0.0, 0.0, 0.0, 0.0, 0.0, 0.0, 0.0, 0.0, 0.0, 0.0, 0.0, 0.0, 0.0, 0.0, 0.0, 0.0, 0.0, 0.0, 0.0, 0.0, 0.0, 0.0, 0.0, 0.0, 0.0, 0.0]",12.0,0.0,0.0,0.0,"[0.0, 0.0, 0.0, 0.0, 0.0, 0.0, 0.0, 0.0, 0.0, 0.0, 0.0, 0.0, 0.0, 0.0, 0.0, 0.0, 0.0, 0.0, 0.0, 0.0, 0.0, 0.0, 0.0, 0.0, 0.0, 0.0, 0.0, 0.0, 0.0, 0.0, 0.0, 0.0, 0.0, 0.0, 0.0, 0.0, 0.0]",981.0,0.0,0.0,0.0,"[0.0, 0.0, 0.0, 0.0, 0.0, 0.0, 0.0, 0.0, 0.0, 0.0, 0.0, 0.0, 0.0, 0.0, 0.0, 0.0, 0.0, 0.0, 0.0, 0.0, 0.0, 0.0, 0.0, 0.0, 0.0, 0.0, 0.0, 0.0, 0.0, 0.0, 0.0, 0.0, 0.0, 0.0, 0.0, 0.0, 0.0]",7490.0
BIOMD0000000184,3,7,0.0,0.0,0.0,"[0.0, 0.0, 0.0]",0.0,0.0,0.0,0.0,"[0.0, 0.0, 0.0]",12.0,0.0,0.0,0.0,"[0.0, 0.0, 0.0]",29.0
BIOMD0000000185,8,20,0.0,0.0,2.220446049250313e-16,"[0.0, 0.0, 0.0, 0.0, 0.0, np.float64(2.220446049250313e-16), 0.0, 0.0]",8.0,0.9655063282836294,0.9999927145598382,0.9999999613618816,"[np.float64(0.9982990324747256), np.float64(0.9999999613618816), np.float64(0.9999996294795104), np.float64(0.9999910066122932), np.float64(0.9655063282836294), np.float64(0.9999944225073832), np.float64(0.999998869224001), np.float64(0.9999689130325458)]",71.0,0.9996723093904208,0.9999999989281658,0.9999999999997979,"[np.float64(0.9999999978833367), np.float64(0.999999999998231), np.float64(0.9999999999997979), np.float64(0.999999999998087), np.float64(0.9996723093904208), np.float64(0.9999998597344336), np.float64(0.999999999972995), np.float64(0.9999988511617542)]",360.0
BIOMD0000000186,11,9,0.0,0.0,0.0,"[0.0, 0.0, 0.0, 0.0, 0.0, 0.0, 0.0, 0.0, 0.0, 0.0, 0.0]",0.0,0.0,0.0,0.0,"[0.0, 0.0, 0.0, 0.0, 0.0, 0.0, 0.0, 0.0, 0.0, 0.0, 0.0]",49.0,0.0,0.0,0.0,"[0.0, 0.0, 0.0, 0.0, 0.0, 0.0, 0.0, 0.0, 0.0, 0.0, 0.0]",293.0
BIOMD0000000187,11,9,0.0,0.0,0.0,"[0.0, 0.0, 0.0, 0.0, 0.0, 0.0, 0.0, 0.0, 0.0, 0.0, 0.0]",0.0,0.0,0.0,0.0,"[0.0, 0.0, 0.0, 0.0, 0.0, 0.0, 0.0, 0.0, 0.0, 0.0, 0.0]",36.0,0.0,0.0,0.0,"[0.0, 0.0, 0.0, 0.0, 0.0, 0.0, 0.0, 0.0, 0.0, 0.0, 0.0]",198.0
BIOMD0000000191,2,5,0.0,0.0,0.0,"[0.0, 0.0]",2.0,0.983205898051563,0.9854754375546121,0.9877449770576612,"[np.float64(0.983205898051563), np.float64(0.9877449770576612)]",6.0,0.0,0.0,0.0,"[0.0, 0.0]",8.0
BIOMD0000000193,8,6,0.0,0.0,0.0,"[0.0, 0.0, 0.0, 0.0, 0.0, 0.0, 0.0, 0.0]",0.0,0.0,0.0,0.0,"[0.0, 0.0, 0.0, 0.0, 0.0, 0.0, 0.0, 0.0]",30.0,0.0,0.0,0.0,"[0.0, 0.0, 0.0, 0.0, 0.0, 0.0, 0.0, 0.0]",130.0
BIOMD0000000194,5,3,0.0,0.0,0.0,"[0.0, 0.0, 0.0, 0.0, 0.0]",0.0,0.0,0.0,0.0,"[0.0, 0.0, 0.0, 0.0, 0.0]",9.0,0.0,0.0,0.0,"[0.0, 0.0, 0.0, 0.0, 0.0]",33.0
BIOMD0000000197,5,10,0.0,0.0,2.220446049250313e-16,"[np.float64(2.220446049250313e-16), 0.0, 0.0, 0.0, np.float64(2.220446049250313e-16)]",3.0,0.9470429208932561,0.9757316276921251,0.9999606569430315,"[np.float64(0.9507743352487459), np.float64(0.9470429208932561), np.float64(0.9766627049645915), np.float64(0.9757316276921251), np.float64(0.9999606569430315)]",30.0,0.0,0.0,0.5450220909034802,"[np.float64(0.5450220909034802), np.float64(0.5117456101624063), 0.0, 0.0, 0.0]",86.0
BIOMD0000000200,22,34,0.0,0.0,0.0,"[0.0, 0.0, 0.0, 0.0, 0.0, 0.0, 0.0, 0.0, 0.0, 0.0, 0.0, 0.0, 0.0, 0.0, 0.0, 0.0, 0.0, 0.0, 0.0, 0.0, 0.0, 0.0]",0.0,0.0,0.0,0.25422981098849096,"[0.0, np.float64(0.25422981098849096), 0.0, 0.0, np.float64(0.25422981098849096), 0.0, np.float64(0.25422981098849096), 0.0, 0.0, 0.0, np.float64(0.25422981098849096), np.float64(0.25422981098849096), 0.0, np.float64(0.25422981098849096), 0.0, 0.0, 0.0, 0.0, np.float64(0.25422981098849096), 0.0, 0.0, np.float64(0.25422981098849096)]",260.0,0.0,0.0,0.0,"[0.0, 0.0, 0.0, 0.0, 0.0, 0.0, 0.0, 0.0, 0.0, 0.0, 0.0, 0.0, 0.0, 0.0, 0.0, 0.0, 0.0, 0.0, 0.0, 0.0, 0.0, 0.0]",2395.0
BIOMD0000000201,22,33,0.0,0.0,0.0,"[0.0, 0.0, 0.0, 0.0, 0.0, 0.0, 0.0, 0.0, 0.0, 0.0, 0.0, 0.0, 0.0, 0.0, 0.0, 0.0, 0.0, 0.0, 0.0, 0.0, 0.0, 0.0]",1.0,0.0,0.8530509296222322,0.991300982094644,"[np.float64(0.8495283037728858), np.float64(0.991300982094644), 0.0, np.float64(0.9212781480609924), np.float64(0.9895008889046331), 0.0, np.float64(0.8565735554715785), np.float64(0.9360818831661678), np.float64(0.9695330878684207), np.float64(0.9491149534639899), np.float64(0.9720825710563326), np.float64(0.779382998419968), np.float64(0.6719072132581883), np.float64(0.8909709716576626), np.float64(0.9889466436907273), np.float64(0.9877586884586219), 0.0, 0.0, 0.0, 0.0, 0.0, 0.0]",337.0,0.0,0.0,0.7430070093814319,"[0.0, 0.0, 0.0, 0.0, np.float64(0.7430070093814319), 0.0, 0.0, 0.0, 0.0, 0.0, 0.0, 0.0, 0.0, 0.0, 0.0, 0.0, 0.0, 0.0, 0.0, 0.0, 0.0, 0.0]",4302.0
BIOMD0000000203,5,10,0.0,0.0,1.1102230246251565e-16,"[0.0, 0.0, 0.0, 0.0, np.float64(1.1102230246251565e-16)]",4.0,0.9685252662812783,0.9803050369793533,0.9984258021293769,"[np.float64(0.9803050369793533), np.float64(0.9803050369793549), np.float64(0.9746956025158854), np.float64(0.9685252662812783), np.float64(0.9984258021293769)]",23.0,0.0,0.0,0.6538936067959377,"[0.0, 0.0, 0.0, 0.0, np.float64(0.6538936067959377)]",98.0
BIOMD0000000204,5,10,0.0,0.0,0.0,"[0.0, 0.0, 0.0, 0.0, 0.0]",4.0,0.0,0.9755934552107428,0.9805022009487913,"[np.float64(0.9805022009487867), np.float64(0.9805022009487913), 0.0, np.float64(0.9678029510045913), np.float64(0.9755934552107428)]",22.0,0.0,0.0,0.6750174391989021,"[0.0, 0.0, 0.0, 0.0, np.float64(0.6750174391989021)]",100.0
BIOMD0000000206,9,11,0.0,0.0,0.0,"[0.0, 0.0, 0.0, 0.0, 0.0, 0.0, 0.0, 0.0, 0.0]",7.0,0.0,0.290491167836447,0.5145128852862637,"[0.0, 0.0, 0.0, 0.0, np.float64(0.290491167836447), np.float64(0.3985757328264712), np.float64(0.5145128852862637), np.float64(0.30993711853452066), np.float64(0.36890908556340307)]",90.0,0.0,0.0,0.5915388945582352,"[0.0, 0.0, 0.0, 0.0, np.float64(0.5915388945582352), 0.0, np.float64(0.2043253339527772), np.float64(0.12693529928711733), 0.0]",495.0
BIOMD0000000207,6,6,0.0,0.0,1.1102230246251565e-16,"[0.0, 0.0, 0.0, np.float64(1.1102230246251565e-16), 0.0, 0.0]",4.0,0.07647187380729226,0.9999952920081001,0.9999996136128099,"[np.float64(0.9999996136128099), np.float64(0.9999983155803847), np.float64(0.9999924541719101), np.float64(0.9999981298442903), np.float64(0.07647187380729226), np.float64(0.07647187380729226)]",24.0,0.07647148156352102,0.9999949584395451,0.9999999686718845,"[np.float64(0.9999998757314917), np.float64(0.9999999686718845), np.float64(0.999991704761754), np.float64(0.9999982121173363), np.float64(0.07647148156352102), np.float64(0.07647148156352102)]",55.0
BIOMD0000000209,8,12,0.0,0.0,0.0,"[0.0, 0.0, 0.0, 0.0, 0.0, 0.0, 0.0, 0.0]",4.0,0.0,0.9999878901002626,0.9999999999538304,"[np.float64(0.9999999912630263), 0.0, np.float64(0.9999768225734622), np.float64(0.9999999998747453), np.float64(0.9999989576270628), np.float64(0.9999999999538304), np.float64(0.08185312702859948), np.float64(0.08185312702859948)]",46.0,0.0,0.495063095878425,0.999149674398115,"[np.float64(0.9989742573018399), 0.0, 0.0, np.float64(0.99012619175685), np.float64(0.9918909234488892), np.float64(0.999149674398115), 0.0, 0.0]",195.0
BIOMD0000000210,8,12,0.0,0.0,2.220446049250313e-16,"[0.0, 0.0, np.float64(2.220446049250313e-16), 0.0, 0.0, 0.0, 0.0, 0.0]",4.0,0.0,0.0,0.9999176107943952,"[np.float64(0.9998294426353381), 0.0, 0.0, 0.0, np.float64(0.9895931747626537), np.float64(0.9999176107943952), 0.0, 0.0]",33.0,0.0,0.0,0.9999999999797287,"[0.0, 0.0, np.float64(0.8603503701155384), 0.0, np.float64(0.9999999940448379), np.float64(0.9999999999797287), 0.0, 0.0]",191.0
BIOMD0000000211,24,21,0.0,0.0,2.220446049250313e-16,"[0.0, 0.0, 0.0, np.float64(2.220446049250313e-16), np.float64(1.1102230246251565e-16), np.float64(2.220446049250313e-16), 0.0, 0.0, 0.0, 0.0, 0.0, 0.0, 0.0, 0.0, 0.0, np.float64(2.220446049250313e-16), 0.0, 0.0, 0.0, 0.0, np.float64(2.220446049250313e-16), 0.0, np.float64(2.220446049250313e-16), 0.0]",23.0,0.772502188050203,0.9969861193069874,0.9999960234998759,"[np.float64(0.9999955692932234), np.float64(0.9999960234998759), np.float64(0.9999583678546667), np.float64(0.9937787430317943), np.float64(0.9883916630853589), np.float64(0.9999693619875082), np.float64(0.8168508400400886), np.float64(0.9999494939543903), np.float64(0.9999494939543916), np.float64(0.9929913707597735), np.float64(0.8229033239422296), np.float64(0.8360402634138898), np.float64(0.8241275735351079), np.float64(0.9942654478769621), np.float64(0.9942180708396647), np.float64(0.9998209834306379), np.float64(0.9998320435623952), np.float64(0.9997067907370127), np.float64(0.9998941384463946), np.float64(0.9998941384463915), np.float64(0.8219690098009964), np.float64(0.9999538158943396), np.float64(0.8153132497393015), np.float64(0.772502188050203)]",600.0,0.0,0.0,0.647838712612437,"[0.0, 0.0, 0.0, 0.0, 0.0, 0.0, 0.0, 0.0, 0.0, 0.0, 0.0, 0.0, 0.0, 0.0, np.float64(0.647838712612437), 0.0, 0.0, 0.0, 0.0, 0.0, 0.0, 0.0, 0.0, 0.0]",7798.0
BIOMD0000000212,8,18,0.0,0.0,3.3306690738754696e-16,"[np.float64(3.3306690738754696e-16), 0.0, 0.0, 0.0, 0.0, 0.0, 0.0, 0.0]",4.0,0.0,0.0,0.9958633760897934,"[np.float64(0.9958633760897934), 0.0, 0.0, 0.0, 0.0, 0.0, 0.0, 0.0]",55.0,0.0,0.0,0.0,"[0.0, 0.0, 0.0, 0.0, 0.0, 0.0, 0.0, 0.0]",270.0
BIOMD0000000213,6,12,0.0,0.0,2.220446049250313e-16,"[0.0, np.float64(2.220446049250313e-16), 0.0, 0.0, 0.0, 0.0]",3.0,0.8802758059358964,0.9398644499164116,0.9999933134555832,"[np.float64(0.9997372985885208), np.float64(0.8959316373772749), np.float64(0.9999933134555832), np.float64(0.9837972624555483), np.float64(0.8802758059358964), np.float64(0.8833282805388525)]",36.0,0.9855742136858001,0.9888149758981828,0.999995812186603,"[np.float64(0.9999691217815749), np.float64(0.9878384472575314), np.float64(0.999995812186603), np.float64(0.989791504538834), np.float64(0.9855742136858001), np.float64(0.986477335362027)]",131.0
BIOMD0000000216,5,17,0.0,0.0,0.0,"[0.0, 0.0, 0.0, 0.0, 0.0]",0.0,0.6380078277111508,0.8758196108138891,0.9302536967815348,"[np.float64(0.8851948840237308), np.float64(0.6380078277111512), np.float64(0.9302536967815348), np.float64(0.8758196108138891), np.float64(0.6380078277111508)]",28.0,0.0,0.2693380380326804,0.6854486797096737,"[np.float64(0.5456480256373857), 0.0, np.float64(0.6854486797096737), np.float64(0.2693380380326804), 0.0]",100.0
BIOMD0000000217,12,16,0.0,0.0,2.220446049250313e-16,"[0.0, 0.0, np.float64(2.220446049250313e-16), 0.0, 0.0, 0.0, 0.0, np.float64(2.220446049250313e-16), 0.0, 0.0, 0.0, np.float64(1.1102230246251565e-16)]",8.0,0.0,0.9402672070679464,0.9995277087226585,"[np.float64(0.700895093424424), 0.0, np.float64(0.9864592363138063), np.float64(0.5565087886769995), 0.0, np.float64(0.8940751778220866), np.float64(0.8940751732292976), np.float64(0.9949545040647761), np.float64(0.9995277087226585), np.float64(0.9939639680019441), np.float64(0.9939639686941143), np.float64(0.9985226645276651)]",150.0,0.7989097362399556,0.9999973843175392,0.9999995328913349,"[np.float64(0.9999987689083121), np.float64(0.9999990189803303), np.float64(0.9999926361871623), np.float64(0.7989097362399556), np.float64(0.9700984908850067), np.float64(0.9999981230960536), np.float64(0.9999981230961582), np.float64(0.9999958558272651), np.float64(0.9999989426902319), np.float64(0.9999966455387582), np.float64(0.9999966455390247), np.float64(0.9999995328913349)]",1090.0
BIOMD0000000218,9,14,0.0,0.0,1.1102230246251565e-16,"[0.0, 0.0, 0.0, 0.0, 0.0, 0.0, 0.0, np.float64(1.1102230246251565e-16), 0.0]",5.0,0.0,0.7547319131672882,0.9906677011722982,"[np.float64(0.7934203074830788), np.float64(0.8656953571164254), np.float64(0.8087964125228916), 0.0, np.float64(0.9906677011722982), np.float64(0.7526762113313474), np.float64(0.7540940372395838), np.float64(0.7544569629872008), np.float64(0.7547319131672882)]",90.0,0.0,0.0,0.0,"[0.0, 0.0, 0.0, 0.0, 0.0, 0.0, 0.0, 0.0, 0.0]",492.0
BIOMD0000000219,9,15,0.0,0.0,3.3306690738754696e-16,"[np.float64(3.3306690738754696e-16), 0.0, 0.0, 0.0, 0.0, 0.0, 0.0, np.float64(1.1102230246251565e-16), 0.0]",3.0,0.0,0.7402132039134146,0.9540513488384281,"[np.float64(0.7722386926978815), np.float64(0.8173414033365818), np.float64(0.7482755437934144), 0.0, np.float64(0.9540513488384281), np.float64(0.6752228512354123), np.float64(0.7398973769439465), np.float64(0.7400624267606556), np.float64(0.7402132039134146)]",90.0,0.0,0.0,0.0,"[0.0, 0.0, 0.0, 0.0, 0.0, 0.0, 0.0, 0.0, 0.0]",490.0
BIOMD0000000220,58,42,0.0,0.0,0.0,"[0.0, 0.0, 0.0, 0.0, 0.0, 0.0, 0.0, 0.0, 0.0, 0.0, 0.0, 0.0, 0.0, 0.0, 0.0, 0.0, 0.0, 0.0, 0.0, 0.0, 0.0, 0.0, 0.0, 0.0, 0.0, 0.0, 0.0, 0.0, 0.0, 0.0, 0.0, 0.0, 0.0, 0.0, 0.0, 0.0, 0.0, 0.0, 0.0, 0.0, 0.0, 0.0, 0.0, 0.0, 0.0, 0.0, 0.0, 0.0, 0.0, 0.0, 0.0, 0.0, 0.0, 0.0, 0.0, 0.0, 0.0, 0.0]",3.0,0.0,0.03239103185728065,0.03239103185728065,"[0.0, 0.0, 0.0, 0.0, 0.0, np.float64(0.03239103185728065), 0.0, 0.0, 0.0, 0.0, 0.0, np.float64(0.03239103185728065), 0.0, np.float64(0.03239103185728065), 0.0, 0.0, np.float64(0.03239103185728065), 0.0, 0.0, 0.0, np.float64(0.03239103185728065), 0.0, 0.0, 0.0, 0.0, np.float64(0.03239103185728065), 0.0, 0.0, np.float64(0.03239103185728065), np.float64(0.03239103185728065), 0.0, np.float64(0.03239103185728065), 0.0, 0.0, np.float64(0.03239103185728065), np.float64(0.03239103185728065), 0.0, np.float64(0.03239103185728065), np.float64(0.03239103185728065), np.float64(0.03239103185728065), np.float64(0.03239103185728065), np.float64(0.03239103185728065), np.float64(0.03239103185728065), np.float64(0.03239103185728065), np.float64(0.03239103185728065), np.float64(0.03239103185728065), np.float64(0.03239103185728065), np.float64(0.03239103185728065), np.float64(0.03239103185728065), np.float64(0.03239103185728065), np.float64(0.03239103185728065), np.float64(0.03239103185728065), np.float64(0.03239103185728065), np.float64(0.03239103185728065), np.float64(0.03239103185728065), np.float64(0.03239103185728065), np.float64(0.03239103185728065), np.float64(0.03239103185728065)]",484.0,0.0,0.0,0.0,"[0.0, 0.0, 0.0, 0.0, 0.0, 0.0, 0.0, 0.0, 0.0, 0.0, 0.0, 0.0, 0.0, 0.0, 0.0, 0.0, 0.0, 0.0, 0.0, 0.0, 0.0, 0.0, 0.0, 0.0, 0.0, 0.0, 0.0, 0.0, 0.0, 0.0, 0.0, 0.0, 0.0, 0.0, 0.0, 0.0, 0.0, 0.0, 0.0, 0.0, 0.0, 0.0, 0.0, 0.0, 0.0, 0.0, 0.0, 0.0, 0.0, 0.0, 0.0, 0.0, 0.0, 0.0, 0.0, 0.0, 0.0, 0.0]",0.0
BIOMD0000000221,8,11,0.0,0.0,2.220446049250313e-16,"[np.float64(2.220446049250313e-16), 0.0, 0.0, 0.0, 0.0, 0.0, 0.0, 0.0]",8.0,0.9597359725397734,0.9900335165811947,0.9986442641862212,"[np.float64(0.9986216641607356), np.float64(0.9986442641862212), np.float64(0.9841789252757822), np.float64(0.9821230613829158), np.float64(0.9978062669404713), np.float64(0.9597359725397734), np.float64(0.985665352293269), np.float64(0.9944016808691203)]",72.0,0.0,0.0,0.0,"[0.0, 0.0, 0.0, 0.0, 0.0, 0.0, 0.0, 0.0]",360.0
BIOMD0000000222,8,11,0.0,0.0,3.3306690738754696e-16,"[0.0, 0.0, np.float64(3.3306690738754696e-16), 0.0, 0.0, 0.0, 0.0, 0.0]",8.0,0.0,0.8537215297883025,0.9856942579387262,"[np.float64(0.8536716056786786), 0.0, 0.0, np.float64(0.9426178318360201), np.float64(0.9856942579387262), np.float64(0.8537714538979263), np.float64(0.7583554596546758), np.float64(0.9335835691241101)]",72.0,0.0,0.0,0.0,"[0.0, 0.0, 0.0, 0.0, 0.0, 0.0, 0.0, 0.0]",359.0
BIOMD0000000224,4,6,0.0,0.0,0.0,"[0.0, 0.0, 0.0, 0.0]",4.0,0.0,0.6935575270279046,0.9934936031774192,"[np.float64(0.9934936031774192), 0.0, np.float64(0.9934936031774073), np.float64(0.39362145087840184)]",18.0,0.0,0.0,0.0,"[0.0, 0.0, 0.0, 0.0]",40.0
BIOMD0000000225,2,3,0.0,0.0,0.0,"[0.0, 0.0]",2.0,0.7564989688145789,0.7752275968893145,0.7939562249640503,"[np.float64(0.7939562249640503), np.float64(0.7564989688145789)]",6.0,0.9758187813705874,0.9763214510876337,0.9768241208046801,"[np.float64(0.9768241208046801), np.float64(0.9758187813705874)]",12.0
BIOMD0000000226,14,24,0.0,0.0,0.0,"[0.0, 0.0, 0.0, 0.0, 0.0, 0.0, 0.0, 0.0, 0.0, 0.0, 0.0, 0.0, 0.0, 0.0]",0.0,0.0,0.9243228603199523,0.9999997011307429,"[0.0, 0.0, np.float64(0.9497333863092939), np.float64(0.973190082710891), np.float64(0.9999997011307429), np.float64(0.955065530700015), np.float64(0.8989123343306106), 0.0, np.float64(0.999998105645579), 0.0, np.float64(0.8750072079189762), np.float64(0.9989593587966801), np.float64(0.9993784493791608), 0.0]",156.0,0.0,0.49999971938677434,0.9999999999996125,"[0.0, 0.0, 0.0, 0.0, np.float64(0.9999999098231591), 0.0, np.float64(0.9999999999432988), 0.0, np.float64(0.9999994387735487), np.float64(0.9999999882965052), np.float64(0.9999999821964678), np.float64(0.9999999992321894), np.float64(0.9999999999996125), 0.0]",1661.0
BIOMD0000000227,45,57,0.0,0.0,0.0,"[0.0, 0.0, 0.0, 0.0, 0.0, 0.0, 0.0, 0.0, 0.0, 0.0, 0.0, 0.0, 0.0, 0.0, 0.0, 0.0, 0.0, 0.0, 0.0, 0.0, 0.0, 0.0, 0.0, 0.0, 0.0, 0.0, 0.0, 0.0, 0.0, 0.0, 0.0, 0.0, 0.0, 0.0, 0.0, 0.0, 0.0, 0.0, 0.0, 0.0, 0.0, 0.0, 0.0, 0.0, 0.0]",0.0,0.0,0.0,0.9687022614510495,"[0.0, 0.0, 0.0, np.float64(0.6882454941117748), 0.0, 0.0, 0.0, 0.0, 0.0, 0.0, 0.0, 0.0, 0.0, 0.0, 0.0, 0.0, np.float64(0.9687022614510495), 0.0, np.float64(0.41144179849084883), 0.0, np.float64(0.4114417992865914), 0.0, 0.0, 0.0, 0.0, 0.0, 0.0, 0.0, 0.0, 0.0, 0.0, 0.0, 0.0, 0.0, 0.0, 0.0, 0.0, 0.0, 0.0, 0.0, np.float64(0.4114053200334018), 0.0, 0.0, 0.0, 0.0]",565.0,0.0,0.0,0.9999999999999125,"[np.float64(0.9041966003742216), np.float64(0.9041966003742216), np.float64(0.9041966003742216), np.float64(0.9706312163903666), np.float64(0.9833292362114486), 0.0, 0.0, 0.0, np.float64(0.9833249242035519), np.float64(0.31986493719713405), 0.0, 0.0, 0.0, 0.0, 0.0, 0.0, np.float64(0.9999999999999125), np.float64(0.13607754965898078), np.float64(0.8506065717476816), 0.0, np.float64(0.8506065717875886), 0.0, 0.0, 0.0, 0.0, 0.0, 0.0, 0.0, 0.0, np.float64(0.9041966673939751), np.float64(0.9041966829936097), 0.0, 0.0, 0.0, np.float64(0.9041966659596212), np.float64(0.9041966841565514), 0.0, 0.0, np.float64(0.9041966673939721), np.float64(0.9041966829936062), np.float64(0.8506058313471789), 0.0, 0.0, 0.0, 0.0]",10394.0
BIOMD0000000228,9,22,0.0,0.0,0.0,"[0.0, 0.0, 0.0, 0.0, 0.0, 0.0, 0.0, 0.0, 0.0]",7.0,0.0,0.8358594145077529,0.9949466515282995,"[np.float64(0.9909976691903221), np.float64(0.8358594145077529), np.float64(0.878804906638487), 0.0, 0.0, 0.0, np.float64(0.9949466515282995), np.float64(0.9838453915187826), np.float64(0.8268099444481752)]",76.0,0.0,0.9999227456919643,0.9999995405637893,"[np.float64(0.9999995405637893), np.float64(0.9750114420747875), np.float64(0.9999977576079851), np.float64(0.9999792394502836), 0.0, np.float64(0.9998520281466184), np.float64(0.9999227456919643), np.float64(0.9998609591908733), np.float64(0.9999924263000084)]",494.0
BIOMD0000000229,7,14,0.0,0.0,0.0,"[0.0, 0.0, 0.0, 0.0, 0.0, 0.0, 0.0]",7.0,0.9925881654863912,0.9999233471706135,0.9999854778645254,"[np.float64(0.9996204633997867), np.float64(0.9999854778645254), np.float64(0.9999756128227153), np.float64(0.9999233471706135), np.float64(0.9998638261632368), np.float64(0.9925881654863912), np.float64(0.9999704758227911)]",43.0,0.9999999995209795,0.9999999999098393,0.9999999999845722,"[np.float64(0.9999999998782632), np.float64(0.9999999997944198), np.float64(0.9999999999821647), np.float64(0.999999999969789), np.float64(0.9999999999098393), np.float64(0.9999999999845722), np.float64(0.9999999995209795)]",252.0
BIOMD0000000230,24,64,0.0,0.0,0.0,"[0.0, 0.0, 0.0, 0.0, 0.0, 0.0, 0.0, 0.0, 0.0, 0.0, 0.0, 0.0, 0.0, 0.0, 0.0, 0.0, 0.0, 0.0, 0.0, 0.0, 0.0, 0.0, 0.0, 0.0]",0.0,0.0,0.0,0.9984681666046946,"[np.float64(0.9283006724952291), np.float64(0.532719234945699), np.float64(0.9844926627203041), np.float64(0.9984681666046946), 0.0, 0.0, 0.0, 0.0, 0.0, 0.0, 0.0, np.float64(0.997559949315128), 0.0, 0.0, 0.0, 0.0, np.float64(0.5541257716521477), 0.0, 0.0, 0.0, 0.0, 0.0, 0.0, 0.0]",484.0,0.0,0.0,0.9998670353535232,"[np.float64(0.7444301787197445), np.float64(0.9960228636193532), np.float64(0.9932755985401954), np.float64(0.9962753989143037), np.float64(0.9998670353535232), 0.0, 0.0, 0.0, 0.0, 0.0, 0.0, np.float64(0.9985413034772047), 0.0, 0.0, np.float64(0.9789454634594892), np.float64(0.7376347903980656), np.float64(0.9928739992419559), np.float64(0.040656771511081824), 0.0, 0.0, 0.0, 0.0, 0.0, 0.0]",6469.0
BIOMD0000000231,5,4,0.0,0.0,0.0,"[0.0, 0.0, 0.0, 0.0, 0.0]",2.0,0.0,0.9999999973459224,0.9999999997392228,"[np.float64(0.9999999973459224), np.float64(0.9999999989333315), np.float64(0.9999999997392228), 0.0, 0.0]",8.0,0.0,0.0,0.9999999985737602,"[0.0, 0.0, np.float64(0.9999999985737602), 0.0, 0.0]",17.0
BIOMD0000000233,2,4,0.0,0.0,0.0,"[0.0, 0.0]",2.0,0.6434054822685011,0.7466483829065674,0.8498912835446337,"[np.float64(0.8498912835446337), np.float64(0.6434054822685011)]",6.0,0.9991571131455381,0.9992572037340182,0.9993572943224981,"[np.float64(0.9991571131455381), np.float64(0.9993572943224981)]",10.0
BIOMD0000000236,3,4,0.0,0.0,0.0,"[0.0, 0.0, 0.0]",0.0,0.0,0.0,0.2871407412914033,"[0.0, np.float64(0.2871407412914033), 0.0]",8.0,0.0,0.0,0.0,"[0.0, 0.0, 0.0]",25.0
BIOMD0000000237,24,31,0.0,0.0,2.220446049250313e-16,"[np.float64(1.1102230246251565e-16), 0.0, 0.0, 0.0, 0.0, 0.0, 0.0, 0.0, 0.0, 0.0, 0.0, 0.0, 0.0, 0.0, np.float64(1.1102230246251565e-16), 0.0, np.float64(2.220446049250313e-16), 0.0, 0.0, 0.0, 0.0, 0.0, 0.0, 0.0]",16.0,0.0,0.9999999951533235,0.999999999999748,"[np.float64(0.999999999999748), np.float64(0.9999999999552266), np.float64(0.9999999999479787), np.float64(0.9999999999500727), np.float64(0.9999996478629958), np.float64(0.9999999999940643), np.float64(0.9999999999930493), np.float64(0.9999999999837194), 0.0, np.float64(0.8519394044783908), np.float64(0.999692542161252), np.float64(0.999998537391274), np.float64(0.9999999999930781), np.float64(0.9999999999837185), np.float64(0.9999999999866561), np.float64(0.9999999999510728), np.float64(0.9999986591707926), np.float64(0.999998659170259), np.float64(0.29311331831996745), np.float64(0.29311331831996745), np.float64(0.9999999951461761), np.float64(0.9999999951604709), 0.0, np.float64(0.973757146864426)]",471.0,0.0,0.0,0.9999915595563706,"[0.0, 0.0, 0.0, 0.0, 0.0, 0.0, 0.0, 0.0, 0.0, 0.0, 0.0, np.float64(0.9999907277499374), 0.0, 0.0, 0.0, 0.0, np.float64(0.9999915595563706), np.float64(0.9999915595013875), np.float64(0.34362570676193205), np.float64(0.34362570676193205), np.float64(0.826105974555051), np.float64(0.8265776013507291), 0.0, 0.0]",4825.0
BIOMD0000000239,59,45,0.0,0.0,0.0,"[0.0, 0.0, 0.0, 0.0, 0.0, 0.0, 0.0, 0.0, 0.0, 0.0, 0.0, 0.0, 0.0, 0.0, 0.0, 0.0, 0.0, 0.0, 0.0, 0.0, 0.0, 0.0, 0.0, 0.0, 0.0, 0.0, 0.0, 0.0, 0.0, 0.0, 0.0, 0.0, 0.0, 0.0, 0.0, 0.0, 0.0, 0.0, 0.0, 0.0, 0.0, 0.0, 0.0, 0.0, 0.0, 0.0, 0.0, 0.0, 0.0, 0.0, 0.0, 0.0, 0.0, 0.0, 0.0, 0.0, 0.0, 0.0, 0.0]",0.0,0.0,0.0,0.9905506995491965,"[np.float64(0.7035757119404711), 0.0, 0.0, 0.0, 0.0, 0.0, 0.0, 0.0, 0.0, 0.0, 0.0, 0.0, 0.0, 0.0, 0.0, 0.0, 0.0, 0.0, 0.0, 0.0, 0.0, 0.0, 0.0, 0.0, 0.0, 0.0, 0.0, 0.0, 0.0, 0.0, 0.0, 0.0, np.float64(0.977307489700571), np.float64(0.9443772690286767), np.float64(0.9759696192169458), np.float64(0.9759696193041191), 0.0, 0.0, 0.0, 0.0, 0.0, 0.0, 0.0, 0.0, 0.0, 0.0, 0.0, 0.0, 0.0, np.float64(0.9905506995491965), np.float64(0.12658306818462295), 0.0, 0.0, 0.0, 0.0, 0.0, 0.0, np.float64(0.6157810527708624), np.float64(0.6157810795180818)]",3021.0,0.0,0.0,0.9532078822106467,"[np.float64(0.9532078822106467), 0.0, 0.0, 0.0, 0.0, 0.0, 0.0, 0.0, 0.0, 0.0, 0.0, 0.0, 0.0, 0.0, 0.0, 0.0, 0.0, 0.0, 0.0, 0.0, 0.0, 0.0, 0.0, 0.0, 0.0, 0.0, 0.0, 0.0, 0.0, 0.0, 0.0, 0.0, 0.0, 0.0, 0.0, 0.0, 0.0, 0.0, 0.0, 0.0, 0.0, 0.0, 0.0, 0.0, 0.0, 0.0, 0.0, 0.0, 0.0, 0.0, 0.0, np.float64(0.6339226084499718), np.float64(0.6339354094873858), 0.0, 0.0, 0.0, 0.0, 0.0, 0.0]",89619.0
BIOMD0000000240,6,14,0.0,0.0,2.220446049250313e-16,"[np.float64(2.220446049250313e-16), 0.0, 0.0, np.float64(2.220446049250313e-16), 0.0, 0.0]",6.0,0.0,0.0,0.997986812051302,"[0.0, np.float64(0.06078295322209892), np.float64(0.997986812051302), 0.0, 0.0, 0.0]",24.0,0.05012819475595709,0.5293848711068933,0.9979868129497221,"[np.float64(0.05012819475595709), np.float64(0.06078295251309762), np.float64(0.9979868129497221), np.float64(0.05012819475595709), np.float64(0.9979867911156498), np.float64(0.9979867897006889)]",24.0
BIOMD0000000241,5,0,0.0,0.0,4.440892098500626e-16,"[np.float64(4.440892098500626e-16), 0.0, 0.0, 0.0, 0.0]",5.0,0.3234171260765565,0.9999911524813101,0.9999912285006558,"[np.float64(0.3234171260765565), np.float64(0.9928614370019895), np.float64(0.9999912024220702), np.float64(0.9999911524813101), np.float64(0.9999912285006558)]",24.0,0.0,0.9999508442559782,0.9999909553072897,"[0.0, np.float64(0.9809545366272969), np.float64(0.9999909553072897), np.float64(0.9999909039346119), np.float64(0.9999508442559782)]",100.0
BIOMD0000000242,6,12,0.0,0.0,2.220446049250313e-16,"[0.0, 0.0, 0.0, np.float64(2.220446049250313e-16), 0.0, 0.0]",6.0,0.0,0.9980527477188179,0.9999999998534544,"[0.0, np.float64(0.9953653979468903), np.float64(0.9999999998534544), np.float64(0.9999999996445257), np.float64(0.9961054974549401), np.float64(0.9999999979826956)]",33.0,0.9997364863886151,0.9999243687397631,0.9999999999375692,"[np.float64(0.999955046836305), np.float64(0.9998936906432212), np.float64(0.9999999999375692), np.float64(0.9997364863886151), np.float64(0.9998854601554115), np.float64(0.9999999997165523)]",124.0
BIOMD0000000243,23,23,0.0,0.0,0.0,"[0.0, 0.0, 0.0, 0.0, 0.0, 0.0, 0.0, 0.0, 0.0, 0.0, 0.0, 0.0, 0.0, 0.0, 0.0, 0.0, 0.0, 0.0, 0.0, 0.0, 0.0, 0.0, 0.0]",10.0,0.0,0.9791038574729166,0.9999999999998441,"[np.float64(0.999999999999076), np.float64(0.999999999999121), np.float64(0.9999999999998441), np.float64(0.9999999999998102), 0.0, np.float64(0.1498025397808057), 0.0, np.float64(0.9999999999998032), np.float64(0.1498025397808057), np.float64(0.1498025397808057), np.float64(0.9968120696478956), 0.0, np.float64(0.1498025397808057), np.float64(0.1498025397808057), np.float64(0.1498025397808057), np.float64(0.9999999999990756), np.float64(0.9999999999998395), np.float64(0.9791038574729166), 0.0, np.float64(0.9997571755233998), np.float64(0.9868169903582297), np.float64(0.9976517668947863), np.float64(0.1498025397808057)]",271.0,0.0,0.14980264724123127,0.9999999990620089,"[np.float64(0.9999999968241973), np.float64(0.999999997070375), 0.0, np.float64(0.9999999988481275), 0.0, np.float64(0.14980264724123127), np.float64(0.14980264724123127), 0.0, np.float64(0.14980264724123127), np.float64(0.14980264724123127), 0.0, np.float64(0.14980264724123127), np.float64(0.14980264724123127), np.float64(0.14980264724123127), np.float64(0.14980264724123127), np.float64(0.999999996824193), np.float64(0.9999999990620089), np.float64(0.9790734287661885), np.float64(0.14980264724123127), np.float64(0.5468778651478203), np.float64(0.9867437065566687), np.float64(0.997641503907183), np.float64(0.14980264724123127)]",915.0
BIOMD0000000246,26,41,0.0,0.0,0.0,"[0.0, 0.0, 0.0, 0.0, 0.0, 0.0, 0.0, 0.0, 0.0, 0.0, 0.0, 0.0, 0.0, 0.0, 0.0, 0.0, 0.0, 0.0, 0.0, 0.0, 0.0, 0.0, 0.0, 0.0, 0.0, 0.0]",14.0,0.0,0.9476711423358156,0.9999468768093405,"[np.float64(0.7536744303075471), np.float64(0.9022494122758433), 0.0, np.float64(0.9927335387632283), np.float64(0.9932794721598792), np.float64(0.9994998806550643), np.float64(0.9792167364930704), np.float64(0.9999468768093405), np.float64(0.9626525888171317), np.float64(0.9953811047582813), np.float64(0.999104766046609), np.float64(0.9991427622548869), np.float64(0.9690801262043964), np.float64(0.9326896958544996), np.float64(0.9986377461305176), np.float64(0.7199932655493435), np.float64(0.9982441160459861), np.float64(0.9267335987791859), np.float64(0.9905323262675055), np.float64(0.9215943939101263), np.float64(0.9028681594142337), 0.0, 0.0, 0.0, 0.0, 0.0]",520.0,0.0,0.9991870167624832,0.9999999188911127,"[np.float64(0.9973715653270205), np.float64(0.994694347684273), 0.0, np.float64(0.9987349772490277), np.float64(0.9999878720788424), np.float64(0.9999956684184849), np.float64(0.9996390562759389), np.float64(0.9999744397235364), np.float64(0.9999202226063825), np.float64(0.9999999188911127), np.float64(0.999997163029262), np.float64(0.9999960657234409), np.float64(0.9980545861028897), np.float64(0.9962341189776255), np.float64(0.9999586685295623), np.float64(0.9999939716289388), np.float64(0.9999983165672227), np.float64(0.9999991476024369), np.float64(0.9999103156634648), 0.0, 0.0, 0.0, 0.0, 0.0, 0.0, 0.0]",7559.0
BIOMD0000000247,24,25,0.0,0.0,3.3306690738754696e-16,"[0.0, 0.0, 0.0, 0.0, np.float64(3.3306690738754696e-16), 0.0, 0.0, 0.0, np.float64(1.1102230246251565e-16), 0.0, 0.0, 0.0, 0.0, 0.0, 0.0, 0.0, 0.0, np.float64(2.220446049250313e-16), 0.0, np.float64(1.1102230246251565e-16), 0.0, 0.0, 0.0, 0.0]",22.0,0.0,0.9607367388854517,0.9999984017313557,"[np.float64(0.8445941135789525), np.float64(0.9681771860551607), np.float64(0.8350293484091559), np.float64(0.9011556762100854), np.float64(0.9523524832957785), np.float64(0.9523524832956203), np.float64(0.7895812171942644), np.float64(0.9532962917157428), np.float64(0.7396728193642554), np.float64(0.7831597259911481), np.float64(0.9999268570916965), np.float64(0.9791544664117819), np.float64(0.3438425908532803), 0.0, np.float64(0.9993648198333521), np.float64(0.9999984017313557), np.float64(0.9998433697574893), np.float64(0.9998433697574942), np.float64(0.9996722170746826), np.float64(0.9997423879759486), np.float64(0.9999101487707679), np.float64(0.9966512071921162), np.float64(0.9769939776682686), np.float64(0.6447423276781801)]",600.0,0.0,0.0,0.0,"[0.0, 0.0, 0.0, 0.0, 0.0, 0.0, 0.0, 0.0, 0.0, 0.0, 0.0, 0.0, 0.0, 0.0, 0.0, 0.0, 0.0, 0.0, 0.0, 0.0, 0.0, 0.0, 0.0, 0.0]",7795.0
BIOMD0000000249,9,20,0.0,0.0,2.220446049250313e-16,"[0.0, 0.0, 0.0, 0.0, 0.0, np.float64(2.220446049250313e-16), 0.0, 0.0, 0.0]",6.0,0.0,0.9882923671284783,0.9999999723701257,"[0.0, np.float64(0.9669469565863912), np.float64(0.9999878948926508), np.float64(0.9595750796835391), np.float64(0.9882923671284783), np.float64(0.9999999582265534), np.float64(0.9999358809158679), np.float64(0.9859990441951431), np.float64(0.9999999723701257)]",80.0,0.0,0.9999996418329049,0.9999999997962398,"[0.0, np.float64(0.9999990585451939), np.float64(0.9999999976752573), np.float64(0.9999988108321534), np.float64(0.9999996418329049), np.float64(0.9999999968173904), np.float64(0.9999999997962398), np.float64(0.9999995492435092), np.float64(0.9999999973201267)]",473.0
BIOMD0000000251,9,9,0.0,0.0,2.220446049250313e-16,"[0.0, 0.0, np.float64(2.220446049250313e-16), 0.0, 0.0, 0.0, 0.0, 0.0, 0.0]",4.0,0.0,0.15544950097591592,0.9999999999914964,"[0.0, 0.0, np.float64(0.9999999994137455), np.float64(0.9999999999914964), np.float64(0.9999999999913552), np.float64(0.9999999389954546), np.float64(0.15544950097591592), np.float64(0.15544950097591592), np.float64(0.15544950097591592)]",49.0,0.0,0.0,0.0,"[0.0, 0.0, 0.0, 0.0, 0.0, 0.0, 0.0, 0.0, 0.0]",283.0
BIOMD0000000253,3,4,0.0,0.0,0.0,"[0.0, 0.0, 0.0]",3.0,0.9179049008509188,0.943178799768542,0.9785156819566745,"[np.float64(0.943178799768542), np.float64(0.9785156819566745), np.float64(0.9179049008509188)]",12.0,0.9887999340822144,0.9955743941422706,0.9993435457326773,"[np.float64(0.9955743941422706), np.float64(0.9993435457326773), np.float64(0.9887999340822144)]",30.0
BIOMD0000000254,4,0,0.0,0.0,0.0,"[0.0, 0.0, 0.0, 0.0]",0.0,0.0,0.0,0.0,"[0.0, 0.0, 0.0, 0.0]",20.0,0.0,0.0,0.0,"[0.0, 0.0, 0.0, 0.0]",59.0
BIOMD0000000257,8,11,0.0,0.0,0.0,"[0.0, 0.0, 0.0, 0.0, 0.0, 0.0, 0.0, 0.0]",1.0,0.5690958519449204,0.7939929871160302,0.9975516478727615,"[np.float64(0.8043931525275418), np.float64(0.684846504953436), np.float64(0.6815265341894539), np.float64(0.9950923183449599), np.float64(0.9829791595219498), np.float64(0.7835928217045185), np.float64(0.9975516478727615), np.float64(0.5690958519449204)]",61.0,0.0,0.0,0.0,"[0.0, 0.0, 0.0, 0.0, 0.0, 0.0, 0.0, 0.0]",356.0
BIOMD0000000258,3,4,0.0,0.0,2.220446049250313e-16,"[0.0, np.float64(2.220446049250313e-16), 0.0]",3.0,0.594630312355297,0.7207082251908169,0.844612963911484,"[np.float64(0.7207082251908169), np.float64(0.594630312355297), np.float64(0.844612963911484)]",11.0,0.9962143624350941,0.9980897872420822,0.9995715294397219,"[np.float64(0.9995715294397219), np.float64(0.9980897872420822), np.float64(0.9962143624350941)]",29.0
BIOMD0000000265,23,52,0.0,0.0,0.0,"[0.0, 0.0, 0.0, 0.0, 0.0, 0.0, 0.0, 0.0, 0.0, 0.0, 0.0, 0.0, 0.0, 0.0, 0.0, 0.0, 0.0, 0.0, 0.0, 0.0, 0.0, 0.0, 0.0]",5.0,0.0,0.0,0.0,"[0.0, 0.0, 0.0, 0.0, 0.0, 0.0, 0.0, 0.0, 0.0, 0.0, 0.0, 0.0, 0.0, 0.0, 0.0, 0.0, 0.0, 0.0, 0.0, 0.0, 0.0, 0.0, 0.0]",480.0,0.0,0.0,0.0,"[0.0, 0.0, 0.0, 0.0, 0.0, 0.0, 0.0, 0.0, 0.0, 0.0, 0.0, 0.0, 0.0, 0.0, 0.0, 0.0, 0.0, 0.0, 0.0, 0.0, 0.0, 0.0, 0.0]",6000.0
BIOMD0000000267,4,3,0.0,0.0,0.0,"[0.0, 0.0, 0.0, 0.0]",2.0,0.02290010242433682,0.9999994807245687,0.9999999996458557,"[np.float64(0.9999991142462957), np.float64(0.9999998472028417), np.float64(0.9999999996458557), np.float64(0.02290010242433682)]",6.0,0.0633269917833178,0.9995573567220082,0.9999995555102937,"[np.float64(0.9999372489424463), np.float64(0.9991774645015701), np.float64(0.9999995555102937), np.float64(0.0633269917833178)]",25.0
BIOMD0000000269,9,22,0.0,0.0,1.1102230246251565e-16,"[0.0, 0.0, 0.0, 0.0, 0.0, 0.0, 0.0, 0.0, np.float64(1.1102230246251565e-16)]",6.0,0.0,0.9999127095435053,0.9999999787794228,"[np.float64(0.9999235070822147), np.float64(0.9999999787794228), np.float64(0.999191545302294), np.float64(0.9999127095435053), np.float64(0.9980609060928725), 0.0, np.float64(0.9995869504824207), np.float64(0.9999995709745068), np.float64(0.9999943836429717)]",89.0,0.0,0.9520223762667508,0.9982652549067025,"[np.float64(0.9014894157580395), np.float64(0.9965743711376001), np.float64(0.4224676216546219), np.float64(0.9865179865630787), 0.0, np.float64(0.9520223762667508), np.float64(0.8759328229188508), np.float64(0.9955508457379494), np.float64(0.9982652549067025)]",492.0
BIOMD0000000270,33,42,0.0,0.0,1.1102230246251565e-16,"[0.0, 0.0, 0.0, 0.0, 0.0, 0.0, 0.0, 0.0, 0.0, 0.0, 0.0, 0.0, 0.0, 0.0, 0.0, 0.0, 0.0, 0.0, 0.0, 0.0, 0.0, 0.0, 0.0, np.float64(1.1102230246251565e-16), 0.0, 0.0, 0.0, 0.0, 0.0, 0.0, 0.0, 0.0, 0.0]",19.0,0.0,0.9880805359005346,0.9999977440517849,"[np.float64(0.9998583034937155), np.float64(0.9686493811143309), np.float64(0.9965730893469691), np.float64(0.9876106527630644), np.float64(0.7394936572173292), np.float64(0.9930618076754332), np.float64(0.9936694474108321), np.float64(0.9939579509634915), np.float64(0.9936768767545112), np.float64(0.9998583034937156), np.float64(0.9686493811143613), np.float64(0.9875560894858362), np.float64(0.9911291277075074), np.float64(0.6183549681468727), np.float64(0.7394936572201894), np.float64(0.989584014192995), np.float64(0.983948344099667), np.float64(0.9986195654334198), np.float64(0.9986378795066438), np.float64(0.9844320532793349), np.float64(0.9830143520015735), np.float64(0.8933070228134554), np.float64(0.9879164301651011), np.float64(0.9880805359005346), np.float64(0.9988904521208111), np.float64(0.9998482843296865), np.float64(0.9999958762683541), np.float64(0.9999977440517849), np.float64(0.9889599187618392), np.float64(0.8874525599055894), np.float64(0.9666839916612391), np.float64(0.9224698316685189), 0.0]",1000.0,0.0,0.0,0.634419828671038,"[0.0, 0.0, np.float64(0.634419828671038), np.float64(0.1424706113742581), 0.0, 0.0, 0.0, np.float64(0.3384702401623898), np.float64(0.5476222300203981), 0.0, 0.0, np.float64(0.051099473499394144), 0.0, 0.0, 0.0, 0.0, 0.0, 0.0, 0.0, 0.0, 0.0, 0.0, 0.0, np.float64(0.5925403552149564), 0.0, 0.0, 0.0, 0.0, 0.0, 0.0, 0.0, 0.0, 0.0]",13391.0
BIOMD0000000271,6,8,0.0,0.0,0.0,"[0.0, 0.0, 0.0, 0.0, 0.0, 0.0]",4.0,0.024859641466155713,0.9999999812070052,0.9999999920878639,"[np.float64(0.9999999906563868), np.float64(0.9999999920878639), np.float64(0.999999989093099), np.float64(0.9999999733209114), np.float64(0.024859641466155713), np.float64(0.024859641466155713)]",16.0,0.0,0.0,0.0021694138002580354,"[0.0, 0.0, 0.0, 0.0, np.float64(0.0021694138002580354), np.float64(0.0021694138002580354)]",61.0
BIOMD0000000272,6,8,0.0,0.0,2.220446049250313e-16,"[np.float64(2.220446049250313e-16), np.float64(1.1102230246251565e-16), 0.0, 0.0, 0.0, 0.0]",3.0,0.0,0.5117633923857006,0.9999999999755393,"[np.float64(0.9999999999739843), 0.0, np.float64(0.9999999999755393), np.float64(0.9999999999676566), np.float64(0.023526784803744594), np.float64(0.023526784803744594)]",15.0,0.0,0.0,0.07430749271605208,"[0.0, 0.0, 0.0, 0.0, np.float64(0.07430749271605208), np.float64(0.07430749271605208)]",37.0
BIOMD0000000273,19,38,0.0,0.0,0.0,"[0.0, 0.0, 0.0, 0.0, 0.0, 0.0, 0.0, 0.0, 0.0, 0.0, 0.0, 0.0, 0.0, 0.0, 0.0, 0.0, 0.0, 0.0, 0.0]",2.0,0.0,0.598381491922181,0.9552499806860877,"[np.float64(0.3885854509772583), np.float64(0.5725178255749759), np.float64(0.598381491922181), 0.0, np.float64(0.7927704042387116), np.float64(0.9552499806860877), np.float64(0.9125400437844451), np.float64(0.5982673051792302), np.float64(0.8340086318789842), np.float64(0.6397402824835079), np.float64(0.12272189697619396), 0.0, np.float64(0.9549358895287339), np.float64(0.9244770992809864), np.float64(0.9545502519605888), np.float64(0.7947638529691536), np.float64(0.2899653180356454), np.float64(0.5969935550372008), 0.0]",380.0,0.0,0.0,0.0,"[0.0, 0.0, 0.0, 0.0, 0.0, 0.0, 0.0, 0.0, 0.0, 0.0, 0.0, 0.0, 0.0, 0.0, 0.0, 0.0, 0.0, 0.0, 0.0]",3990.0
BIOMD0000000274,3,0,0.0,0.0,0.0,"[0.0, 0.0, 0.0]",0.0,0.0,0.8080474008905371,0.811832245299474,"[np.float64(0.811832245299474), np.float64(0.8080474008905371), 0.0]",6.0,0.0,0.0,0.39425299498167654,"[np.float64(0.39425299498167654), 0.0, 0.0]",9.0
BIOMD0000000278,3,0,0.0,0.0,0.0,"[0.0, 0.0, 0.0]",0.0,0.0,0.0,0.0,"[0.0, 0.0, 0.0]",9.0,0.9998939619918386,0.9999475728040572,0.9999846117283742,"[np.float64(0.9999475728040572), np.float64(0.9999846117283742), np.float64(0.9998939619918386)]",27.0
BIOMD0000000279,3,0,0.0,0.0,0.0,"[0.0, 0.0, 0.0]",0.0,0.0,0.0,0.48477822847697893,"[0.0, np.float64(0.48477822847697893), 0.0]",6.0,0.09608099330272668,0.48477822750661037,0.655690844089,"[np.float64(0.655690844089), np.float64(0.48477822750661037), np.float64(0.09608099330272668)]",2.0
BIOMD0000000282,5,3,0.0,0.0,1.1102230246251565e-16,"[0.0, 0.0, np.float64(1.1102230246251565e-16), 0.0, 0.0]",4.0,0.0,0.9997068418251254,0.999991706146778,"[np.float64(0.9997068418251254), np.float64(0.999991706146778), np.float64(0.9997068418252547), np.float64(0.998910960749571), 0.0]",24.0,0.0,0.9999999999291721,0.9999999999977782,"[np.float64(0.9999999999291721), np.float64(0.9999999999977782), np.float64(0.9999999999291721), np.float64(0.9999999997347031), 0.0]",88.0
BIOMD0000000284,6,8,0.0,0.0,0.0,"[0.0, 0.0, 0.0, 0.0, 0.0, 0.0]",6.0,0.9964835046300784,0.9991158165133163,0.9999266535262178,"[np.float64(0.9999266535262178), np.float64(0.9997833930159362), np.float64(0.9968863876495462), np.float64(0.9995780718176309), np.float64(0.9964835046300784), np.float64(0.9986535612090017)]",42.0,0.7422189327031969,0.835410101449597,0.9967228411494167,"[np.float64(0.9967228411494167), np.float64(0.9850222744211232), np.float64(0.7848673327513306), np.float64(0.8859528701478635), np.float64(0.7502906416015306), np.float64(0.7422189327031969)]",168.0
BIOMD0000000287,21,37,0.0,0.0,0.0,"[0.0, 0.0, 0.0, 0.0, 0.0, 0.0, 0.0, 0.0, 0.0, 0.0, 0.0, 0.0, 0.0, 0.0, 0.0, 0.0, 0.0, 0.0, 0.0, 0.0, 0.0]",2.0,0.0,0.0,0.9999936397329434,"[np.float64(0.9999936397329434), np.float64(0.9999790757318692), np.float64(0.9999900775031502), 0.0, 0.0, 0.0, 0.0, 0.0, 0.0, 0.0, 0.0, 0.0, 0.0, 0.0, 0.0, 0.0, 0.0, 0.0, 0.0, np.float64(0.6055585424886911), 0.0]",125.0,0.0,0.9999999999191389,0.9999999999999695,"[np.float64(0.9999936945486088), 0.0, np.float64(0.999990163058467), np.float64(0.9999999954255538), 0.0, np.float64(0.9999999999994811), np.float64(0.999999999999084), np.float64(0.9999999999998951), np.float64(0.9999999999191389), np.float64(0.9999999999999695), np.float64(0.9999999999999599), np.float64(0.9999995435812765), np.float64(0.9999999936530523), 0.0, np.float64(0.9999999999996031), np.float64(0.9999999999997236), np.float64(0.9999999999997329), 0.0, np.float64(0.9999999999999353), np.float64(0.9999999999987677), 0.0]",137.0
BIOMD0000000292,3,4,0.0,0.0,0.0,"[0.0, 0.0, 0.0]",0.0,0.9451910588553374,0.9977901635286602,0.9999403557262665,"[np.float64(0.9977901635286602), np.float64(0.9451910588553374), np.float64(0.9999403557262665)]",12.0,0.9994785345238613,0.9997740321077632,0.9999944196303671,"[np.float64(0.9997740321077632), np.float64(0.9994785345238613), np.float64(0.9999944196303671)]",30.0
BIOMD0000000293,131,316,,,,,,,,,,,,,,,
BIOMD0000000294,11,26,0.0,0.0,1.1102230246251565e-16,"[0.0, 0.0, 0.0, 0.0, np.float64(1.1102230246251565e-16), 0.0, 0.0, 0.0, 0.0, 0.0, 0.0]",9.0,0.40754946946863924,0.9995418971902916,0.9999965855102483,"[np.float64(0.40754946946863924), np.float64(0.9995418971902916), np.float64(0.9982145180781394), np.float64(0.9995350002171167), np.float64(0.99935714706008), np.float64(0.9999965855102483), np.float64(0.9997965084865938), np.float64(0.999593265480655), np.float64(0.9991643167610725), np.float64(0.9998763830567833), np.float64(0.9999954468972753)]",120.0,0.0,0.9551432734023398,0.9981135122780169,"[0.0, 0.0, np.float64(0.9944963733948238), 0.0, np.float64(0.8399478885906457), np.float64(0.9981135122780169), np.float64(0.9908771764360468), np.float64(0.9551432734023398), np.float64(0.7333381725867927), np.float64(0.997589819209455), np.float64(0.992987814065526)]",804.0
BIOMD0000000295,5,8,0.0,0.0,0.0,"[0.0, 0.0, 0.0, 0.0, 0.0]",5.0,0.9991935457594274,0.9999999990833491,0.9999999991608003,"[np.float64(0.999999999159763), np.float64(0.9999999991608003), np.float64(0.9991935457594274), np.float64(0.9999999990833491), np.float64(0.9999926831153966)]",29.0,0.9999999995496215,0.9999999996805091,0.9999999997940465,"[np.float64(0.9999999997940465), np.float64(0.999999999793986), np.float64(0.9999999995576649), np.float64(0.9999999995496215), np.float64(0.9999999996805091)]",105.0
BIOMD0000000296,5,8,0.0,0.0,0.0,"[0.0, 0.0, 0.0, 0.0, 0.0]",4.0,0.0,0.8599088517208298,0.9999999592059714,"[0.0, np.float64(0.37753796704917963), np.float64(0.8599088517208298), np.float64(0.999985067030327), np.float64(0.9999999592059714)]",16.0,0.0,0.9941281798251891,0.9999948689673633,"[0.0, np.float64(0.9941281798251891), np.float64(0.9917730805939736), np.float64(0.9944239596098718), np.float64(0.9999948689673633)]",56.0
BIOMD0000000297,19,51,0.0,0.0,1.1102230246251565e-16,"[0.0, 0.0, 0.0, 0.0, 0.0, 0.0, 0.0, 0.0, 0.0, 0.0, 0.0, 0.0, 0.0, 0.0, 0.0, 0.0, 0.0, 0.0, np.float64(1.1102230246251565e-16)]",6.0,0.0,0.922123037432096,0.9999999999957085,"[np.float64(0.8853143191080955), np.float64(0.9702684826461806), np.float64(0.9807503315779329), np.float64(0.8307612932628226), np.float64(0.3899280439384589), np.float64(0.9500548744497302), np.float64(0.9697694422767511), np.float64(0.8531939681171128), np.float64(0.9110533669512092), np.float64(0.5930437483599732), np.float64(0.3974085430701412), np.float64(0.5125740371082078), 0.0, np.float64(0.922123037432096), np.float64(0.9695070102747864), np.float64(0.982648740145208), np.float64(0.9999572831918128), np.float64(0.9966842342017389), np.float64(0.9999999999957085)]",333.0,0.0,0.0,0.9921683460250353,"[0.0, 0.0, np.float64(0.2561952832982336), 0.0, np.float64(0.8657603651118249), 0.0, 0.0, 0.0, 0.0, 0.0, 0.0, 0.0, 0.0, 0.0, 0.0, np.float64(0.9382446175773367), np.float64(0.9921683460250353), np.float64(0.9738476437427815), np.float64(0.9546705636021986)]",3983.0
BIOMD0000000298,10,0,0.0,0.0,2.220446049250313e-16,"[np.float64(2.220446049250313e-16), 0.0, 0.0, 0.0, np.float64(1.1102230246251565e-16), 0.0, 0.0, 0.0, 0.0, np.float64(1.1102230246251565e-16)]",9.0,0.9993897283916907,0.9999975217168298,0.9999999310783614,"[np.float64(0.9999974064060982), np.float64(0.9999515111965323), np.float64(0.9995933467570004), np.float64(0.9999999310783614), np.float64(0.9999998246605153), np.float64(0.9999998425740628), np.float64(0.9999936795851287), np.float64(0.999999758287893), np.float64(0.9999976370275614), np.float64(0.9993897283916907)]",102.0,0.9999986734204138,0.9999999993151201,0.9999999999568434,"[np.float64(0.9999999986646402), np.float64(0.9999999999568434), np.float64(0.9999999991015434), np.float64(0.9999999995665557), np.float64(0.9999999999505715), np.float64(0.9999999997806436), np.float64(0.9999999995286967), np.float64(0.9999999989178399), np.float64(0.9999998384846772), np.float64(0.9999986734204138)]",660.0
BIOMD0000000299,3,0,0.0,0.0,0.0,"[0.0, 0.0, 0.0]",1.0,0.6694679715076635,0.6852137927080699,0.6928590303184736,"[np.float64(0.6928590303184736), np.float64(0.6852137927080699), np.float64(0.6694679715076635)]",12.0,0.3160353768925771,0.5249294005529948,0.7143741112051017,"[np.float64(0.3160353768925771), np.float64(0.7143741112051017), np.float64(0.5249294005529948)]",30.0
BIOMD0000000300,3,10,0.0,2.220446049250313e-16,2.220446049250313e-16,"[np.float64(2.220446049250313e-16), np.float64(2.220446049250313e-16), 0.0]",2.0,0.0,0.9999999998587036,0.9999999998587036,"[np.float64(0.9999999998587036), np.float64(0.9999999998587036), 0.0]",8.0,0.0,0.9999999997911534,0.9999999997911534,"[np.float64(0.9999999997911534), np.float64(0.9999999997911534), 0.0]",14.0
BIOMD0000000303,42,45,0.0,0.0,0.0,"[0.0, 0.0, 0.0, 0.0, 0.0, 0.0, 0.0, 0.0, 0.0, 0.0, 0.0, 0.0, 0.0, 0.0, 0.0, 0.0, 0.0, 0.0, 0.0, 0.0, 0.0, 0.0, 0.0, 0.0, 0.0, 0.0, 0.0, 0.0, 0.0, 0.0, 0.0, 0.0, 0.0, 0.0, 0.0, 0.0, 0.0, 0.0, 0.0, 0.0, 0.0, 0.0]",1.0,0.0,0.0,0.0,"[0.0, 0.0, 0.0, 0.0, 0.0, 0.0, 0.0, 0.0, 0.0, 0.0, 0.0, 0.0, 0.0, 0.0, 0.0, 0.0, 0.0, 0.0, 0.0, 0.0, 0.0, 0.0, 0.0, 0.0, 0.0, 0.0, 0.0, 0.0, 0.0, 0.0, 0.0, 0.0, 0.0, 0.0, 0.0, 0.0, 0.0, 0.0, 0.0, 0.0, 0.0, 0.0]",351.0,0.0,0.9997337297104328,0.9999999999570413,"[np.float64(0.9999999998961165), np.float64(0.9999999998961165), np.float64(0.5535855769220936), np.float64(0.9999999996870605), np.float64(0.9999999996870534), np.float64(0.9999999885476841), np.float64(0.9999999999570413), np.float64(0.9997342159468032), np.float64(0.9997332434740624), np.float64(0.9999999999570124), np.float64(0.9999999999570397), 0.0, np.float64(0.9999790665321452), np.float64(0.999999999787509), np.float64(0.9999999962041721), 0.0, np.float64(0.9999999552134029), 0.0, 0.0, 0.0, np.float64(0.999860651695109), 0.0, 0.0, 0.0, 0.0, 0.0, np.float64(0.9999917796211032), np.float64(0.999991674240177), 0.0, np.float64(0.9999999997833638), np.float64(0.9999999997525019), np.float64(0.99999999713149), np.float64(0.9999999997902523), np.float64(0.999992431899422), 0.0, 0.0, np.float64(0.981448963247454), 0.0, 0.0, 0.0, 0.0, 0.0]",1.0
BIOMD0000000304,5,0,0.0,0.0,0.0,"[0.0, 0.0, 0.0, 0.0, 0.0]",1.0,0.0,0.0,0.517082259651761,"[np.float64(0.517082259651761), 0.0, 0.0, 0.0, 0.0]",21.0,0.0,0.0,0.0,"[0.0, 0.0, 0.0, 0.0, 0.0]",67.0
BIOMD0000000306,2,8,2.220446049250313e-16,2.220446049250313e-16,2.220446049250313e-16,"[np.float64(2.220446049250313e-16), np.float64(2.220446049250313e-16)]",0.0,0.0,0.0,0.0,"[0.0, 0.0]",0.0,0.0,0.0,0.0,"[0.0, 0.0]",0.0
BIOMD0000000307,2,5,2.220446049250313e-16,2.220446049250313e-16,2.220446049250313e-16,"[np.float64(2.220446049250313e-16), np.float64(2.220446049250313e-16)]",0.0,0.0,0.0,0.0,"[0.0, 0.0]",0.0,0.0,0.0,0.0,"[0.0, 0.0]",0.0
BIOMD0000000308,3,6,2.220446049250313e-16,2.220446049250313e-16,2.220446049250313e-16,"[np.float64(2.220446049250313e-16), np.float64(2.220446049250313e-16), np.float64(2.220446049250313e-16)]",0.0,0.0,0.0,0.0,"[0.0, 0.0, 0.0]",0.0,0.0,0.0,0.0,"[0.0, 0.0, 0.0]",0.0
BIOMD0000000309,1,4,0.0,0.0,0.0,[0.0],1.0,0.9969651670938812,0.9969651670938812,0.9969651670938812,[np.float64(0.9969651670938812)],2.0,0.9973569458152955,0.9973569458152955,0.9973569458152955,[np.float64(0.9973569458152955)],3.0
BIOMD0000000310,1,6,2.220446049250313e-16,2.220446049250313e-16,2.220446049250313e-16,[np.float64(2.220446049250313e-16)],0.0,0.0,0.0,0.0,[0.0],0.0,0.0,0.0,0.0,[0.0],0.0
BIOMD0000000311,1,5,2.220446049250313e-16,2.220446049250313e-16,2.220446049250313e-16,[np.float64(2.220446049250313e-16)],0.0,0.0,0.0,0.0,[0.0],0.0,0.0,0.0,0.0,[0.0],0.0
BIOMD0000000313,15,16,0.0,0.0,1.1102230246251565e-16,"[np.float64(1.1102230246251565e-16), 0.0, 0.0, 0.0, 0.0, 0.0, 0.0, 0.0, 0.0, 0.0, 0.0, 0.0, 0.0, 0.0, 0.0]",3.0,0.0,0.15565027329356762,0.9999999999999915,"[np.float64(0.9999999999999911), np.float64(0.9999999999996717), 0.0, 0.0, np.float64(0.9999952751604331), np.float64(0.9999999999999915), np.float64(0.9999999999999913), np.float64(0.15565027329356762), 0.0, 0.0, np.float64(0.15565027329356762), 0.0, 0.0, np.float64(0.15565027329356762), np.float64(0.15565027329356762)]",103.0,0.0,0.15565026156188688,0.9999999999999916,"[np.float64(0.9999999999999911), np.float64(0.9999999999996717), np.float64(0.9999999998575424), 0.0, 0.0, 0.0, 0.0, np.float64(0.15565026156188688), 0.0, 0.0, np.float64(0.15565026156188688), np.float64(0.9999999970677764), np.float64(0.9999999999999916), np.float64(0.15565026156188688), np.float64(0.15565026156188688)]",141.0
BIOMD0000000314,11,12,0.0,0.0,0.0,"[0.0, 0.0, 0.0, 0.0, 0.0, 0.0, 0.0, 0.0, 0.0, 0.0, 0.0]",5.0,0.0,0.9999999999918815,0.9999999999999958,"[np.float64(0.9999999999999958), np.float64(0.9999999999982998), 0.0, np.float64(0.9999953161720337), np.float64(0.08074594656926803), np.float64(0.9999999999999849), np.float64(0.9999999999999851), np.float64(0.08074594656926803), np.float64(0.9999999999918815), np.float64(0.9999999999948397), np.float64(0.08074594656926803)]",76.0,0.0,0.08074595098429549,0.9999999999999963,"[np.float64(0.9999999999999963), np.float64(0.9999999999983004), np.float64(0.9999999997952698), 0.0, np.float64(0.08074595098429549), np.float64(0.9999999999999855), np.float64(0.9999999999999857), np.float64(0.08074595098429549), 0.0, 0.0, np.float64(0.08074595098429549)]",79.0
BIOMD0000000315,19,27,0.0,0.0,2.220446049250313e-16,"[0.0, np.float64(1.1102230246251565e-16), 0.0, np.float64(2.220446049250313e-16), 0.0, 0.0, 0.0, 0.0, 0.0, 0.0, np.float64(1.1102230246251565e-16), 0.0, 0.0, 0.0, 0.0, 0.0, 0.0, 0.0, 0.0]",12.0,0.29755195809717305,0.9999999999988373,0.9999999999999919,"[np.float64(0.9999999999999741), np.float64(0.9999999999999813), np.float64(0.9999999999996728), np.float64(0.9999999999992245), np.float64(0.9999999999999919), np.float64(0.9999999999988373), np.float64(0.9999999999999563), np.float64(0.9999999999998782), np.float64(0.9999999999993346), np.float64(0.9965294405363485), np.float64(0.9791147696194246), np.float64(0.9999999999995715), np.float64(0.9978442471183475), np.float64(0.9919705317166043), np.float64(0.9999999995250566), np.float64(0.9988434543114689), np.float64(0.29755195809717305), np.float64(0.9944607067693452), np.float64(0.29755195809717305)]",271.0,0.0,0.5285452996698112,0.9999999999999919,"[np.float64(0.9999999999999741), np.float64(0.9999999999999813), np.float64(0.9999999999996729), np.float64(0.9999999999992267), np.float64(0.9999999999999919), np.float64(0.9999999999988373), 0.0, np.float64(0.99915133653862), 0.0, 0.0, np.float64(0.18716243936445265), 0.0, 0.0, 0.0, np.float64(0.9999897360868595), np.float64(0.999220262995887), np.float64(0.3533342518032436), np.float64(0.5285452996698112), np.float64(0.3533342518032436)]",317.0
BIOMD0000000318,7,17,0.0,0.0,0.0,"[0.0, 0.0, 0.0, 0.0, 0.0, 0.0, 0.0]",7.0,0.9999991411974375,0.9999995635881495,0.9999999999995229,"[np.float64(0.9999999999995229), np.float64(0.9999995635881495), np.float64(0.9999999999655771), np.float64(0.9999999911667248), np.float64(0.9999994239469091), np.float64(0.9999994881576847), np.float64(0.9999991411974375)]",56.0,0.9999998003347947,0.9999999999514613,0.9999999999999772,"[np.float64(0.9999999999996629), np.float64(0.9999999999514613), np.float64(0.9999999999999772), np.float64(0.9999999999987218), np.float64(0.9999999996739838), np.float64(0.9999999999387746), np.float64(0.9999998003347947)]",252.0
BIOMD0000000319,3,4,0.0,0.0,0.0,"[0.0, 0.0, 0.0]",3.0,0.3089534355999525,0.8823751650158307,0.9578780345127172,"[np.float64(0.9578780345127172), np.float64(0.8823751650158307), np.float64(0.3089534355999525)]",12.0,0.0,0.0,0.9991590179962634,"[0.0, np.float64(0.9991590179962634), 0.0]",24.0
BIOMD0000000322,4,9,0.0,0.0,0.0,"[0.0, 0.0, 0.0, 0.0]",0.0,0.0,0.0,0.0,"[0.0, 0.0, 0.0, 0.0]",19.0,0.0,0.0,0.0,"[0.0, 0.0, 0.0, 0.0]",60.0
BIOMD0000000323,3,6,0.0,0.0,0.0,"[0.0, 0.0, 0.0]",0.0,0.0,0.0,0.0,"[0.0, 0.0, 0.0]",12.0,0.0,0.0,0.0,"[0.0, 0.0, 0.0]",30.0
BIOMD0000000325,5,10,0.0,0.0,0.0,"[0.0, 0.0, 0.0, 0.0, 0.0]",0.0,0.0,0.02341287141321391,0.02341287141321391,"[0.0, 0.0, np.float64(0.02341287141321391), np.float64(0.02341287141321391), np.float64(0.02341287141321391)]",2.0,0.024062507162971647,0.024062507162971647,0.9999993354128672,"[np.float64(0.9999993354128672), np.float64(0.9976912347504793), np.float64(0.024062507162971647), np.float64(0.024062507162971647), np.float64(0.024062507162971647)]",2.0
BIOMD0000000326,71,91,0.0,1.1102230246251565e-16,1.1102230246251565e-16,"[np.float64(1.1102230246251565e-16), 0.0, 0.0, np.float64(1.1102230246251565e-16), np.float64(1.1102230246251565e-16), np.float64(1.1102230246251565e-16), np.float64(1.1102230246251565e-16), np.float64(1.1102230246251565e-16), np.float64(1.1102230246251565e-16), np.float64(1.1102230246251565e-16), np.float64(1.1102230246251565e-16), np.float64(1.1102230246251565e-16), np.float64(1.1102230246251565e-16), np.float64(1.1102230246251565e-16), np.float64(1.1102230246251565e-16), np.float64(1.1102230246251565e-16), np.float64(1.1102230246251565e-16), np.float64(1.1102230246251565e-16), np.float64(1.1102230246251565e-16), np.float64(1.1102230246251565e-16), np.float64(1.1102230246251565e-16), np.float64(1.1102230246251565e-16), np.float64(1.1102230246251565e-16), np.float64(1.1102230246251565e-16), np.float64(1.1102230246251565e-16), np.float64(1.1102230246251565e-16), np.float64(1.1102230246251565e-16), np.float64(1.1102230246251565e-16), np.float64(1.1102230246251565e-16), np.float64(1.1102230246251565e-16), np.float64(1.1102230246251565e-16), np.float64(1.1102230246251565e-16), np.float64(1.1102230246251565e-16), np.float64(1.1102230246251565e-16), np.float64(1.1102230246251565e-16), np.float64(1.1102230246251565e-16), np.float64(1.1102230246251565e-16), np.float64(1.1102230246251565e-16), np.float64(1.1102230246251565e-16), np.float64(1.1102230246251565e-16), np.float64(1.1102230246251565e-16), np.float64(1.1102230246251565e-16), np.float64(1.1102230246251565e-16), np.float64(1.1102230246251565e-16), np.float64(1.1102230246251565e-16), np.float64(1.1102230246251565e-16), np.float64(1.1102230246251565e-16), np.float64(1.1102230246251565e-16), np.float64(1.1102230246251565e-16), np.float64(1.1102230246251565e-16), np.float64(1.1102230246251565e-16), np.float64(1.1102230246251565e-16), np.float64(1.1102230246251565e-16), np.float64(1.1102230246251565e-16), np.float64(1.1102230246251565e-16), np.float64(1.1102230246251565e-16), np.float64(1.1102230246251565e-16), np.float64(1.1102230246251565e-16), np.float64(1.1102230246251565e-16), np.float64(1.1102230246251565e-16), np.float64(1.1102230246251565e-16), np.float64(1.1102230246251565e-16), np.float64(1.1102230246251565e-16), np.float64(1.1102230246251565e-16), np.float64(1.1102230246251565e-16), np.float64(1.1102230246251565e-16), np.float64(1.1102230246251565e-16), np.float64(1.1102230246251565e-16), 0.0, 0.0, 0.0]",4.0,0.0,0.19755004374690543,0.9999958438051741,"[np.float64(0.19755004374690543), 0.0, 0.0, np.float64(0.19755004374690543), np.float64(0.19755004374690543), np.float64(0.19755004374690543), np.float64(0.19755004374690543), np.float64(0.19755004374690543), np.float64(0.19755004374690543), np.float64(0.19755004374690543), np.float64(0.19755004374690543), np.float64(0.19755004374690543), np.float64(0.19755004374690543), np.float64(0.19755004374690543), np.float64(0.19755004374690543), np.float64(0.19755004374690543), np.float64(0.19755004374690543), np.float64(0.19755004374690543), np.float64(0.19755004374690543), np.float64(0.19755004374690543), np.float64(0.19755004374690543), np.float64(0.19755004374690543), np.float64(0.19755004374690543), np.float64(0.19755004374690543), np.float64(0.19755004374690543), np.float64(0.19755004374690543), np.float64(0.19755004374690543), np.float64(0.19755004374690543), np.float64(0.19755004374690543), np.float64(0.19755004374690543), np.float64(0.19755004374690543), np.float64(0.19755004374690543), np.float64(0.19755004374690543), np.float64(0.19755004374690543), np.float64(0.19755004374690543), np.float64(0.19755004374690543), np.float64(0.19755004374690543), np.float64(0.19755004374690543), np.float64(0.19755004374690543), np.float64(0.19755004374690543), np.float64(0.19755004374690543), np.float64(0.19755004374690543), np.float64(0.19755004374690543), np.float64(0.19755004374690543), np.float64(0.19755004374690543), np.float64(0.19755004374690543), np.float64(0.19755004374690543), np.float64(0.19755004374690543), np.float64(0.19755004374690543), np.float64(0.19755004374690543), np.float64(0.19755004374690543), np.float64(0.19755004374690543), np.float64(0.19755004374690543), np.float64(0.19755004374690543), np.float64(0.19755004374690543), np.float64(0.19755004374690543), np.float64(0.19755004374690543), np.float64(0.19755004374690543), np.float64(0.19755004374690543), np.float64(0.19755004374690543), np.float64(0.19755004374690543), np.float64(0.19755004374690543), np.float64(0.19755004374690543), np.float64(0.19755004374690543), np.float64(0.19755004374690543), np.float64(0.19755004374690543), np.float64(0.19755004374690543), np.float64(0.19755004374690543), np.float64(0.9999958438051656), np.float64(0.9999958438051741), 0.0]",168.0,0.0,0.0,0.9999981161649747,"[0.0, 0.0, 0.0, 0.0, 0.0, 0.0, 0.0, 0.0, 0.0, 0.0, 0.0, 0.0, 0.0, 0.0, 0.0, 0.0, 0.0, 0.0, 0.0, 0.0, 0.0, 0.0, 0.0, 0.0, 0.0, 0.0, 0.0, 0.0, 0.0, 0.0, 0.0, 0.0, 0.0, 0.0, 0.0, 0.0, 0.0, 0.0, 0.0, 0.0, 0.0, 0.0, 0.0, 0.0, 0.0, 0.0, 0.0, 0.0, 0.0, 0.0, 0.0, 0.0, 0.0, 0.0, 0.0, 0.0, 0.0, 0.0, 0.0, 0.0, 0.0, 0.0, 0.0, 0.0, 0.0, 0.0, 0.0, 0.0, np.float64(0.9999981161649747), np.float64(0.9999981161565052), 0.0]",6392.0
BIOMD0000000328,18,29,0.0,0.0,1.1102230246251565e-16,"[0.0, 0.0, 0.0, 0.0, 0.0, 0.0, np.float64(1.1102230246251565e-16), 0.0, 0.0, 0.0, 0.0, 0.0, 0.0, 0.0, 0.0, 0.0, 0.0, 0.0]",14.0,0.0,0.9999999873296227,0.9999999996250769,"[np.float64(0.9999999995919949), np.float64(0.9999999996250769), 0.0, 0.0, 0.0, 0.0, np.float64(0.9981447737990361), np.float64(0.9983597649859687), np.float64(0.9999999888857718), np.float64(0.9999999887449377), np.float64(0.9999999873666487), np.float64(0.9999999872925966), np.float64(0.9999999987846279), np.float64(0.9999999987691384), np.float64(0.9999999986162977), np.float64(0.999999998608139), np.float64(0.9981057855038781), np.float64(0.9989630137729488)]",318.0,0.0,0.0,0.9991470947360981,"[0.0, 0.0, 0.0, 0.0, 0.0, 0.0, np.float64(0.9984747540563078), np.float64(0.9986509317930832), 0.0, 0.0, 0.0, 0.0, 0.0, 0.0, 0.0, 0.0, np.float64(0.9984427005670009), np.float64(0.9991470947360981)]",2646.0
BIOMD0000000330,5,0,0.0,0.0,0.0,"[0.0, 0.0, 0.0, 0.0, 0.0]",5.0,0.7559997610933018,0.9004451542538952,0.9976933830791073,"[np.float64(0.9830112366345694), np.float64(0.9976933830791073), np.float64(0.9004451542538952), np.float64(0.857155910631314), np.float64(0.7559997610933018)]",27.0,0.0,0.0,0.9987385733969104,"[0.0, np.float64(0.9987385733969104), np.float64(0.25198148825353006), 0.0, 0.0]",102.0
BIOMD0000000331,7,0,0.0,0.0,1.1102230246251565e-16,"[np.float64(1.1102230246251565e-16), 0.0, 0.0, np.float64(1.1102230246251565e-16), 0.0, 0.0, 0.0]",7.0,0.9979842640995823,0.9999013149086937,0.9999997776866901,"[np.float64(0.9999991650182342), np.float64(0.9999997776866901), np.float64(0.9981406114212791), np.float64(0.9999013149086937), np.float64(0.9979842640995823), np.float64(0.9990918855330259), np.float64(0.999994669851336)]",53.0,0.9896705104802007,0.9999994710479712,0.9999999972608933,"[np.float64(0.9999994710479712), np.float64(0.9999999972608933), np.float64(0.9896705104802007), np.float64(0.9999797562655192), np.float64(0.9999861431208261), np.float64(0.9999999810253734), np.float64(0.9999999908717462)]",252.0
BIOMD0000000333,54,45,0.0,0.0,0.0,"[0.0, 0.0, 0.0, 0.0, 0.0, 0.0, 0.0, 0.0, 0.0, 0.0, 0.0, 0.0, 0.0, 0.0, 0.0, 0.0, 0.0, 0.0, 0.0, 0.0, 0.0, 0.0, 0.0, 0.0, 0.0, 0.0, 0.0, 0.0, 0.0, 0.0, 0.0, 0.0, 0.0, 0.0, 0.0, 0.0, 0.0, 0.0, 0.0, 0.0, 0.0, 0.0, 0.0, 0.0, 0.0, 0.0, 0.0, 0.0, 0.0, 0.0, 0.0, 0.0, 0.0, 0.0]",15.0,0.0,0.0,0.9999561136702732,"[np.float64(0.9999561136702732), np.float64(0.9999561136686029), 0.0, 0.0, 0.0, 0.0, 0.0, np.float64(0.8688273184577959), np.float64(0.9962090892474534), np.float64(0.9962090876670887), 0.0, 0.0, np.float64(0.9997102631717181), np.float64(0.9997102636500732), np.float64(0.5572016744194069), 0.0, np.float64(0.00020694070611237958), 0.0, np.float64(0.9962395749595394), np.float64(0.9962395742426448), np.float64(0.00020694070611237958), np.float64(0.00020694070611237958), np.float64(0.9954792173238483), np.float64(0.99547921368149), 0.0, 0.0, 0.0, 0.0, 0.0, np.float64(0.00020694070611237958), 0.0, 0.0, 0.0, np.float64(0.00020694070611237958), 0.0, 0.0, 0.0, np.float64(0.9960007387102228), 0.0, np.float64(0.00020694070611237958), np.float64(0.995997823417507), 0.0, np.float64(0.00020694070611237958), 0.0, 0.0, 0.0, 0.0, 0.0, 0.0, np.float64(0.00020694070611237958), np.float64(0.9992094032019618), 0.0, np.float64(0.00020694070611237958), 0.0]",1477.0,0.0,0.0,0.9999999999995071,"[np.float64(0.9999561133664762), np.float64(0.999956113369226), np.float64(0.9999999999972234), np.float64(0.9999999999972929), 0.0, 0.0, 0.0, 0.0, 0.0, 0.0, 0.0, 0.0, np.float64(0.9997102620450272), np.float64(0.9997102625279085), 0.0, 0.0, 0.0, np.float64(0.9999999999919695), 0.0, 0.0, 0.0, 0.0, 0.0, 0.0, 0.0, 0.0, 0.0, 0.0, 0.0, 0.0, np.float64(0.9999999999991286), 0.0, np.float64(0.9999999999968361), 0.0, np.float64(0.9999999999991419), np.float64(0.9999999999991622), np.float64(0.9999999999829622), 0.0, 0.0, 0.0, 0.0, np.float64(0.9999999999995071), 0.0, 0.0, 0.0, np.float64(0.9999999999970338), np.float64(0.9999999999956057), np.float64(0.9999999999957543), np.float64(0.9999999999952455), 0.0, np.float64(0.9992094025812104), 0.0, 0.0, 0.0]",1978.0
BIOMD0000000335,34,31,0.0,0.0,0.0,"[0.0, 0.0, 0.0, 0.0, 0.0, 0.0, 0.0, 0.0, 0.0, 0.0, 0.0, 0.0, 0.0, 0.0, 0.0, 0.0, 0.0, 0.0, 0.0, 0.0, 0.0, 0.0, 0.0, 0.0, 0.0, 0.0, 0.0, 0.0, 0.0, 0.0, 0.0, 0.0, 0.0, 0.0]",0.0,0.0,0.0,0.0,"[0.0, 0.0, 0.0, 0.0, 0.0, 0.0, 0.0, 0.0, 0.0, 0.0, 0.0, 0.0, 0.0, 0.0, 0.0, 0.0, 0.0, 0.0, 0.0, 0.0, 0.0, 0.0, 0.0, 0.0, 0.0, 0.0, 0.0, 0.0, 0.0, 0.0, 0.0, 0.0, 0.0, 0.0]",36.0,0.0,0.0,0.0,"[0.0, 0.0, 0.0, 0.0, 0.0, 0.0, 0.0, 0.0, 0.0, 0.0, 0.0, 0.0, 0.0, 0.0, 0.0, 0.0, 0.0, 0.0, 0.0, 0.0, 0.0, 0.0, 0.0, 0.0, 0.0, 0.0, 0.0, 0.0, 0.0, 0.0, 0.0, 0.0, 0.0, 0.0]",162.0
BIOMD0000000337,3,5,0.0,0.0,0.0,"[0.0, 0.0, 0.0]",3.0,0.8947702869276484,0.9998591729127284,0.9998626323319754,"[np.float64(0.8947702869276484), np.float64(0.9998626323319754), np.float64(0.9998591729127284)]",12.0,0.9985826333255466,0.999906518848132,0.9999990295957045,"[np.float64(0.9985826333255466), np.float64(0.9999990295957045), np.float64(0.999906518848132)]",30.0
BIOMD0000000344,50,80,0.0,0.0,2.220446049250313e-16,"[0.0, np.float64(2.220446049250313e-16), 0.0, 0.0, 0.0, 0.0, 0.0, 0.0, 0.0, np.float64(2.220446049250313e-16), 0.0, 0.0, 0.0, 0.0, 0.0, 0.0, 0.0, 0.0, 0.0, 0.0, np.float64(1.1102230246251565e-16), 0.0, 0.0, 0.0, 0.0, 0.0, 0.0, 0.0, 0.0, 0.0, 0.0, np.float64(2.220446049250313e-16), 0.0, 0.0, 0.0, 0.0, 0.0, 0.0, 0.0, np.float64(2.220446049250313e-16), 0.0, 0.0, 0.0, 0.0, 0.0, 0.0, 0.0, 0.0, 0.0, 0.0]",18.0,0.0,0.0,0.7822538105792828,"[0.0, 0.0, np.float64(0.7330040192313823), np.float64(0.756069266914096), 0.0, 0.0, 0.0, 0.0, np.float64(0.7778109457069808), np.float64(0.7776219462611184), np.float64(0.7778109456884953), np.float64(0.7776219462650283), np.float64(0.7822516790891009), np.float64(0.7822538105792828), 0.0, 0.0, 0.0, np.float64(0.7772606356095753), np.float64(0.7772583854909215), 0.0, 0.0, 0.0, 0.0, 0.0, 0.0, 0.0, 0.0, 0.0, 0.0, 0.0, np.float64(0.7771985074479555), np.float64(0.7771985074403027), np.float64(0.7766589663990904), 0.0, 0.0, 0.0, np.float64(0.7766589663975858), 0.0, np.float64(0.7771985074598203), np.float64(0.7771985074391808), 0.0, 0.0, 0.0, 0.0, 0.0, 0.0, 0.0, 0.0, 0.0, 0.0]",1480.0,0.0,0.0,0.9999999999995054,"[np.float64(0.9999998810858038), 0.0, 0.0, 0.0, np.float64(0.9999993115590424), np.float64(0.9999929889789311), np.float64(0.9999999867815925), np.float64(0.9999999918643837), 0.0, 0.0, 0.0, 0.0, 0.0, 0.0, np.float64(0.9999973747054539), np.float64(0.999997374705454), np.float64(0.9999999968115918), 0.0, 0.0, np.float64(0.9999951266806838), 0.0, 0.0, 0.0, 0.0, 0.0, 0.0, 0.0, 0.0, 0.0, 0.0, 0.0, 0.0, 0.0, 0.0, 0.0, 0.0, 0.0, 0.0, 0.0, 0.0, np.float64(0.9999999921852316), np.float64(0.9999999925892411), 0.0, np.float64(0.9999999915238535), np.float64(0.9999999967444118), np.float64(0.9999938894931306), 0.0, 0.0, np.float64(0.9999999999995054), 0.0]",18188.0
BIOMD0000000346,2,0,0.0,0.0,0.0,"[0.0, 0.0]",2.0,0.7671232287515806,0.8618036128740046,0.9564839969964287,"[np.float64(0.7671232287515806), np.float64(0.9564839969964287)]",6.0,0.9385113344828824,0.9481653840718709,0.9578194336608594,"[np.float64(0.9385113344828824), np.float64(0.9578194336608594)]",12.0
BIOMD0000000347,26,36,0.0,0.0,0.0,"[0.0, 0.0, 0.0, 0.0, 0.0, 0.0, 0.0, 0.0, 0.0, 0.0, 0.0, 0.0, 0.0, 0.0, 0.0, 0.0, 0.0, 0.0, 0.0, 0.0, 0.0, 0.0, 0.0, 0.0, 0.0, 0.0]",4.0,0.07444286572971803,0.07444286572971803,0.9999999999962765,"[np.float64(0.9999999999906234), np.float64(0.9999999999742084), np.float64(0.9999999999221445), np.float64(0.9999999999575744), np.float64(0.07444286572971803), np.float64(0.07444286572971803), np.float64(0.07444286572971803), np.float64(0.07444286572971803), np.float64(0.9999999999915895), np.float64(0.9999999999962765), np.float64(0.07444286572971803), np.float64(0.07444286572971803), np.float64(0.07444286572971803), np.float64(0.07444286572971803), np.float64(0.07444286572971803), np.float64(0.07444286572971803), np.float64(0.07444286572971803), np.float64(0.07444286572971803), np.float64(0.07444286572971803), np.float64(0.07444286572971803), np.float64(0.07444286572971803), np.float64(0.07444286572971803), np.float64(0.07444286572971803), np.float64(0.07444286572971803), np.float64(0.07444286572971803), np.float64(0.07444286572971803)]",117.0,0.07444232858735123,0.07444232858735123,0.999999999996277,"[np.float64(0.9999999999906237), np.float64(0.9999999999742093), np.float64(0.9999999999221449), np.float64(0.9999999999575747), np.float64(0.07444232858735123), np.float64(0.07444232858735123), np.float64(0.07444232858735123), np.float64(0.07444232858735123), np.float64(0.99999999999159), np.float64(0.999999999996277), np.float64(0.07444232858735123), np.float64(0.07444232858735123), np.float64(0.07444232858735123), np.float64(0.07444232858735123), np.float64(0.07444232858735123), np.float64(0.07444232858735123), np.float64(0.07444232858735123), np.float64(0.07444232858735123), np.float64(0.07444232858735123), np.float64(0.07444232858735123), np.float64(0.07444232858735123), np.float64(0.07444232858735123), np.float64(0.07444232858735123), np.float64(0.07444232858735123), np.float64(0.07444232858735123), np.float64(0.07444232858735123)]",39.0
BIOMD0000000350,14,30,0.0,0.0,0.0,"[0.0, 0.0, 0.0, 0.0, 0.0, 0.0, 0.0, 0.0, 0.0, 0.0, 0.0, 0.0, 0.0, 0.0]",5.0,0.0,0.4396604109138979,0.9853861051169043,"[np.float64(0.964239759033053), np.float64(0.9853861051169043), np.float64(0.9403413619648273), np.float64(0.9075334860714179), np.float64(0.8793208218277958), np.float64(0.9775973176296128), np.float64(0.9825353681798965), 0.0, 0.0, 0.0, 0.0, 0.0, 0.0, 0.0]",104.0,0.0,0.3390243767858989,0.9999987765243302,"[np.float64(0.9737733947007152), np.float64(0.9999987765243302), np.float64(0.9937463181475775), np.float64(0.9827710441876458), np.float64(0.6780487535717978), np.float64(0.9510413181378163), np.float64(0.9841234645045022), 0.0, 0.0, 0.0, 0.0, 0.0, 0.0, 0.0]",840.0
BIOMD0000000354,6,11,0.0,0.0,0.0,"[0.0, 0.0, 0.0, 0.0, 0.0, 0.0]",0.0,0.0,0.0,0.0,"[0.0, 0.0, 0.0, 0.0, 0.0, 0.0]",30.0,0.0,0.0,0.0,"[0.0, 0.0, 0.0, 0.0, 0.0, 0.0]",140.0
BIOMD0000000355,9,17,0.0,0.0,1.1102230246251565e-16,"[0.0, np.float64(1.1102230246251565e-16), 0.0, 0.0, 0.0, 0.0, 0.0, 0.0, 0.0]",5.0,0.0,0.9606107161656767,0.9999997561633998,"[np.float64(0.9978696789029373), np.float64(0.9999997561633998), np.float64(0.9606107161656767), 0.0, 0.0, 0.0, np.float64(0.06648900811190017), np.float64(0.9990743482004181), np.float64(0.9978562687422031)]",56.0,0.0,0.9606107126972561,0.9999999995933044,"[np.float64(0.9978696824244203), np.float64(0.9999999995933044), np.float64(0.9606107126972561), 0.0, 0.0, 0.0, np.float64(0.14338393211938483), np.float64(0.9991042488244223), np.float64(0.9978562722588997)]",241.0
BIOMD0000000357,9,8,0.0,0.0,0.0,"[0.0, 0.0, 0.0, 0.0, 0.0, 0.0, 0.0, 0.0, 0.0]",2.0,0.0,0.3025574586035503,0.99995622993229,"[np.float64(0.35769670084098426), np.float64(0.3025574586035503), 0.0, 0.0, 0.0, np.float64(0.99995622993229), np.float64(0.30728053879169503), np.float64(0.8628458777664448), np.float64(0.2016020636914675)]",71.0,0.0,0.0,0.7364881796372544,"[0.0, 0.0, 0.0, 0.0, 0.0, 0.0, 0.0, np.float64(0.7364881796372544), np.float64(0.28317793125561797)]",347.0
BIOMD0000000360,9,8,0.0,0.0,1.1102230246251565e-16,"[0.0, 0.0, 0.0, 0.0, 0.0, 0.0, 0.0, 0.0, np.float64(1.1102230246251565e-16)]",9.0,0.07915855638375202,0.9999999999927264,0.9999999999999631,"[np.float64(0.9999999999999631), np.float64(0.9999999999999444), np.float64(0.9999999999999472), np.float64(0.9999999999998226), np.float64(0.9999999999904502), np.float64(0.9999999999927264), np.float64(0.07915855638375202), np.float64(0.07915855638375202), np.float64(0.9999999999927097)]",61.0,0.07916480937876547,0.9996440958512842,0.9999998129397215,"[np.float64(0.9996539647997521), np.float64(0.9996440958512842), np.float64(0.999642288510454), np.float64(0.9995891698705469), np.float64(0.9999993863696441), np.float64(0.9999998129397215), np.float64(0.07916480937876547), np.float64(0.07916480937876547), np.float64(0.9999998121662498)]",195.0
BIOMD0000000361,8,5,0.0,0.0,0.0,"[0.0, 0.0, 0.0, 0.0, 0.0, 0.0, 0.0, 0.0]",8.0,0.15748648726066383,0.6993213187421341,0.9999358708646175,"[np.float64(0.6212977631293837), np.float64(0.9999358708646175), np.float64(0.5796787789274658), np.float64(0.15748648726066383), np.float64(0.9999192716835952), np.float64(0.8014648338855763), np.float64(0.7773448743548846), np.float64(0.4170643242122152)]",69.0,0.0,0.0,0.6864961128063128,"[0.0, 0.0, 0.0, 0.0, np.float64(0.5030807408481901), np.float64(0.6864961128063128), 0.0, 0.0]",349.0
BIOMD0000000362,34,33,0.0,0.0,0.0,"[0.0, 0.0, 0.0, 0.0, 0.0, 0.0, 0.0, 0.0, 0.0, 0.0, 0.0, 0.0, 0.0, 0.0, 0.0, 0.0, 0.0, 0.0, 0.0, 0.0, 0.0, 0.0, 0.0, 0.0, 0.0, 0.0, 0.0, 0.0, 0.0, 0.0, 0.0, 0.0, 0.0, 0.0]",0.0,0.0,0.0,0.0,"[0.0, 0.0, 0.0, 0.0, 0.0, 0.0, 0.0, 0.0, 0.0, 0.0, 0.0, 0.0, 0.0, 0.0, 0.0, 0.0, 0.0, 0.0, 0.0, 0.0, 0.0, 0.0, 0.0, 0.0, 0.0, 0.0, 0.0, 0.0, 0.0, 0.0, 0.0, 0.0, 0.0, 0.0]",36.0,0.0,0.0,0.0,"[0.0, 0.0, 0.0, 0.0, 0.0, 0.0, 0.0, 0.0, 0.0, 0.0, 0.0, 0.0, 0.0, 0.0, 0.0, 0.0, 0.0, 0.0, 0.0, 0.0, 0.0, 0.0, 0.0, 0.0, 0.0, 0.0, 0.0, 0.0, 0.0, 0.0, 0.0, 0.0, 0.0, 0.0]",450.0
BIOMD0000000363,4,4,0.0,0.0,0.0,"[0.0, 0.0, 0.0, 0.0]",2.0,0.018281010402427578,0.509139079925372,0.9999995874874653,"[np.float64(0.9999971494483164), np.float64(0.9999995874874653), np.float64(0.018281010402427578), np.float64(0.018281010402427578)]",3.0,0.021465776966852368,0.5107321637154245,0.9999996849130433,"[np.float64(0.9999985504639968), np.float64(0.9999996849130433), np.float64(0.021465776966852368), np.float64(0.021465776966852368)]",6.0
BIOMD0000000364,14,16,0.0,0.0,0.0,"[0.0, 0.0, 0.0, 0.0, 0.0, 0.0, 0.0, 0.0, 0.0, 0.0, 0.0, 0.0, 0.0, 0.0]",2.0,0.0,0.18971985755279974,0.9974264155531997,"[0.0, 0.0, 0.0, 0.0, np.float64(0.18971985755279974), np.float64(0.18971985755279974), 0.0, np.float64(0.9974264155531997), 0.0, np.float64(0.5843441321550122), np.float64(0.18971985755279974), np.float64(0.18971985755279974), np.float64(0.18971985755279974), np.float64(0.18971985755279974)]",94.0,0.0,0.0,0.36233770208212723,"[0.0, 0.0, 0.0, 0.0, np.float64(0.36233770208212723), np.float64(0.36233770208212723), 0.0, 0.0, 0.0, 0.0, np.float64(0.36233770208212723), np.float64(0.36233770208212723), np.float64(0.36233770208212723), np.float64(0.36233770208212723)]",504.0
BIOMD0000000365,30,33,1.1102230246251565e-16,1.1102230246251565e-16,1.1102230246251565e-16,"[np.float64(1.1102230246251565e-16), np.float64(1.1102230246251565e-16), np.float64(1.1102230246251565e-16), np.float64(1.1102230246251565e-16), np.float64(1.1102230246251565e-16), np.float64(1.1102230246251565e-16), np.float64(1.1102230246251565e-16), np.float64(1.1102230246251565e-16), np.float64(1.1102230246251565e-16), np.float64(1.1102230246251565e-16), np.float64(1.1102230246251565e-16), np.float64(1.1102230246251565e-16), np.float64(1.1102230246251565e-16), np.float64(1.1102230246251565e-16), np.float64(1.1102230246251565e-16), np.float64(1.1102230246251565e-16), np.float64(1.1102230246251565e-16), np.float64(1.1102230246251565e-16), np.float64(1.1102230246251565e-16), np.float64(1.1102230246251565e-16), np.float64(1.1102230246251565e-16), np.float64(1.1102230246251565e-16), np.float64(1.1102230246251565e-16), np.float64(1.1102230246251565e-16), np.float64(1.1102230246251565e-16), np.float64(1.1102230246251565e-16), np.float64(1.1102230246251565e-16), np.float64(1.1102230246251565e-16), np.float64(1.1102230246251565e-16), np.float64(1.1102230246251565e-16)]",0.0,0.0,0.0,0.0,"[0.0, 0.0, 0.0, 0.0, 0.0, 0.0, 0.0, 0.0, 0.0, 0.0, 0.0, 0.0, 0.0, 0.0, 0.0, 0.0, 0.0, 0.0, 0.0, 0.0, 0.0, 0.0, 0.0, 0.0, 0.0, 0.0, 0.0, 0.0, 0.0, 0.0]",0.0,0.0,0.0,0.0,"[0.0, 0.0, 0.0, 0.0, 0.0, 0.0, 0.0, 0.0, 0.0, 0.0, 0.0, 0.0, 0.0, 0.0, 0.0, 0.0, 0.0, 0.0, 0.0, 0.0, 0.0, 0.0, 0.0, 0.0, 0.0, 0.0, 0.0, 0.0, 0.0, 0.0]",0.0
BIOMD0000000366,12,8,0.0,0.0,1.1102230246251565e-16,"[0.0, 0.0, np.float64(1.1102230246251565e-16), 0.0, 0.0, 0.0, 0.0, 0.0, 0.0, 0.0, 0.0, 0.0]",7.0,0.0,0.9999999567447482,0.999999999942429,"[np.float64(0.999999999942429), np.float64(0.9999999979186737), np.float64(0.999999996799798), 0.0, np.float64(0.14862802888144566), 0.0, np.float64(0.9999999431267949), 0.0, np.float64(0.9999999703627016), np.float64(0.999999991474214), np.float64(0.9999999914742139), 0.0]",86.0,0.2427586842439664,0.967208134345637,0.999999997812843,"[np.float64(0.9954458988727227), np.float64(0.9999937528741096), np.float64(0.9999925927616958), np.float64(0.2427586842439664), np.float64(0.2427586842439664), np.float64(0.9761354456176072), np.float64(0.9999999965973071), np.float64(0.9567220346344184), np.float64(0.999999997812843), np.float64(0.9575372503894166), np.float64(0.9582808230736668), np.float64(0.2427586842439664)]",633.0
BIOMD0000000371,3,0,0.0,0.0,0.0,"[0.0, 0.0, 0.0]",0.0,0.0,0.0,0.0,"[0.0, 0.0, 0.0]",8.0,0.0,0.0,0.0,"[0.0, 0.0, 0.0]",23.0
BIOMD0000000372,6,0,0.0,0.0,0.0,"[0.0, 0.0, 0.0, 0.0, 0.0, 0.0]",1.0,0.0,0.7807120380180027,0.9998093692955345,"[0.0, np.float64(0.6382921830237239), np.float64(0.9231318930122815), np.float64(0.9998093692955345), 0.0, np.float64(0.9994237762798555)]",36.0,0.0,0.0,0.0,"[0.0, 0.0, 0.0, 0.0, 0.0, 0.0]",162.0
BIOMD0000000373,7,0,0.0,0.0,0.0,"[0.0, 0.0, 0.0, 0.0, 0.0, 0.0, 0.0]",0.0,0.0,0.0,0.0,"[0.0, 0.0, 0.0, 0.0, 0.0, 0.0, 0.0]",14.0,0.0,0.0,0.0,"[0.0, 0.0, 0.0, 0.0, 0.0, 0.0, 0.0]",71.0
BIOMD0000000374,5,0,0.0,0.0,0.0,"[0.0, 0.0, 0.0, 0.0, 0.0]",0.0,0.0,0.0,0.0,"[0.0, 0.0, 0.0, 0.0, 0.0]",10.0,0.0,0.0,0.0,"[0.0, 0.0, 0.0, 0.0, 0.0]",57.0
BIOMD0000000375,5,0,0.0,0.0,0.0,"[0.0, 0.0, 0.0, 0.0, 0.0]",0.0,0.0,0.0,0.0,"[0.0, 0.0, 0.0, 0.0, 0.0]",5.0,0.0,0.0,0.0,"[0.0, 0.0, 0.0, 0.0, 0.0]",40.0
BIOMD0000000376,11,0,0.0,0.0,0.0,"[0.0, 0.0, 0.0, 0.0, 0.0, 0.0, 0.0, 0.0, 0.0, 0.0, 0.0]",0.0,0.0,0.0,0.0,"[0.0, 0.0, 0.0, 0.0, 0.0, 0.0, 0.0, 0.0, 0.0, 0.0, 0.0]",34.0,0.0,0.0,0.0,"[0.0, 0.0, 0.0, 0.0, 0.0, 0.0, 0.0, 0.0, 0.0, 0.0, 0.0]",358.0
BIOMD0000000377,4,0,0.0,0.0,0.0,"[0.0, 0.0, 0.0, 0.0]",0.0,0.0,0.0,0.22427655404767666,"[np.float64(0.22427655404767666), 0.0, 0.0, 0.0]",12.0,0.0,0.0,0.0,"[0.0, 0.0, 0.0, 0.0]",48.0
BIOMD0000000378,6,0,0.0,0.0,1.1102230246251565e-16,"[0.0, 0.0, 0.0, 0.0, 0.0, np.float64(1.1102230246251565e-16)]",4.0,0.0,0.0,0.3466405696641589,"[0.0, 0.0, 0.0, 0.0, 0.0, np.float64(0.3466405696641589)]",42.0,0.0,0.0,0.44495805052340964,"[0.0, 0.0, 0.0, 0.0, 0.0, np.float64(0.44495805052340964)]",164.0
BIOMD0000000379,12,0,0.0,0.0,3.3306690738754696e-16,"[0.0, 0.0, 0.0, 0.0, 0.0, 0.0, 0.0, 0.0, 0.0, 0.0, 0.0, np.float64(3.3306690738754696e-16)]",7.0,0.0,0.9511223178404956,0.9999011821049024,"[0.0, 0.0, 0.0, np.float64(0.7534844418670619), np.float64(0.9999011821049024), np.float64(0.9962500874557999), np.float64(0.9832249343901444), np.float64(0.9936330749485544), np.float64(0.9924464903077705), 0.0, np.float64(0.9190197012908469), np.float64(0.9998342652937394)]",105.0,0.0,0.0,0.0,"[0.0, 0.0, 0.0, 0.0, 0.0, 0.0, 0.0, 0.0, 0.0, 0.0, 0.0, 0.0]",836.0
BIOMD0000000382,6,0,0.0,0.0,0.0,"[0.0, 0.0, 0.0, 0.0, 0.0, 0.0]",2.0,0.0,0.9598388046548273,0.9995703693725421,"[np.float64(0.9983548176886172), np.float64(0.1731709145079241), np.float64(0.9995703693725421), np.float64(0.9266952972858427), np.float64(0.9929823120238119), 0.0]",35.0,0.0,0.0,0.0,"[0.0, 0.0, 0.0, 0.0, 0.0, 0.0]",140.0
BIOMD0000000383,2,4,0.0,0.0,0.0,"[0.0, 0.0]",2.0,0.9999797308383214,0.9999878529455387,0.9999959750527561,"[np.float64(0.9999959750527561), np.float64(0.9999797308383214)]",5.0,0.998799055276186,0.9993936532462442,0.9999882512163023,"[np.float64(0.9999882512163023), np.float64(0.998799055276186)]",10.0
BIOMD0000000384,2,4,0.0,1.1102230246251565e-16,2.220446049250313e-16,"[np.float64(2.220446049250313e-16), 0.0]",2.0,0.9999939411353787,0.9999950258484123,0.999996110561446,"[np.float64(0.999996110561446), np.float64(0.9999939411353787)]",5.0,0.9997961159106057,0.9998969127902736,0.9999977096699415,"[np.float64(0.9999977096699415), np.float64(0.9997961159106057)]",10.0
BIOMD0000000385,2,4,0.0,5.551115123125783e-17,1.1102230246251565e-16,"[np.float64(1.1102230246251565e-16), 0.0]",2.0,0.9881942571416188,0.9940719293296161,0.9999496015176134,"[np.float64(0.9999496015176134), np.float64(0.9881942571416188)]",5.0,0.9993212442397789,0.9994504384633603,0.9995796326869418,"[np.float64(0.9993212442397789), np.float64(0.9995796326869418)]",9.0
BIOMD0000000386,2,4,0.0,1.1102230246251565e-16,2.220446049250313e-16,"[np.float64(2.220446049250313e-16), 0.0]",1.0,0.0,0.13859092998574768,0.27718185997149536,"[0.0, np.float64(0.27718185997149536)]",3.0,0.0,0.0,0.0,"[0.0, 0.0]",7.0
BIOMD0000000387,2,4,0.0,0.0,0.0,"[0.0, 0.0]",2.0,0.9999474332986472,0.9999680796726882,0.9999887260467291,"[np.float64(0.9999887260467291), np.float64(0.9999474332986472)]",5.0,0.9994369024635256,0.9997173788604938,0.9999978552574621,"[np.float64(0.9999978552574621), np.float64(0.9994369024635256)]",10.0
BIOMD0000000388,5,7,0.0,0.0,0.0,"[0.0, 0.0, 0.0, 0.0, 0.0]",2.0,0.0,0.5086445611246319,0.7479607559043122,"[np.float64(0.5037195899315237), np.float64(0.5103552356868519), np.float64(0.7479607559043122), np.float64(0.5086445611246319), 0.0]",29.0,0.0,0.0,0.0,"[0.0, 0.0, 0.0, 0.0, 0.0]",104.0
BIOMD0000000389,19,18,0.0,0.0,0.0,"[0.0, 0.0, 0.0, 0.0, 0.0, 0.0, 0.0, 0.0, 0.0, 0.0, 0.0, 0.0, 0.0, 0.0, 0.0, 0.0, 0.0, 0.0, 0.0]",0.0,0.0,0.0,0.946302393230745,"[0.0, np.float64(0.007774546662109527), 0.0, 0.0, 0.0, 0.0, np.float64(0.5909282627327979), np.float64(0.4060728880412391), np.float64(0.946302393230745), 0.0, 0.0, 0.0, 0.0, 0.0, 0.0, 0.0, 0.0, 0.0, 0.0]",327.0,0.0,0.0,0.0,"[0.0, 0.0, 0.0, 0.0, 0.0, 0.0, 0.0, 0.0, 0.0, 0.0, 0.0, 0.0, 0.0, 0.0, 0.0, 0.0, 0.0, 0.0, 0.0]",3294.0
BIOMD0000000390,7,6,0.0,0.0,2.220446049250313e-16,"[0.0, 0.0, 0.0, 0.0, 0.0, np.float64(2.220446049250313e-16), 0.0]",7.0,0.9875119661917519,0.9940896842535224,0.9994703088834518,"[np.float64(0.999135601301688), np.float64(0.9994703088834518), np.float64(0.9940896842535224), np.float64(0.9991244970831685), np.float64(0.9926463179072073), np.float64(0.9875119661917519), np.float64(0.9875119661917525)]",55.0,0.9998907418999574,0.999991730663246,0.9999996548612125,"[np.float64(0.9999906881987707), np.float64(0.9999983955797846), np.float64(0.9998907418999574), np.float64(0.9999855921941464), np.float64(0.9999996548612125), np.float64(0.9999917306632461), np.float64(0.999991730663246)]",252.0
BIOMD0000000391,16,21,0.0,0.0,4.440892098500626e-16,"[0.0, 0.0, 0.0, 0.0, np.float64(2.220446049250313e-16), 0.0, 0.0, np.float64(1.1102230246251565e-16), 0.0, 0.0, 0.0, 0.0, 0.0, 0.0, np.float64(4.440892098500626e-16), np.float64(1.1102230246251565e-16)]",16.0,0.6328155415421968,0.6519032568838485,0.9999951931286318,"[np.float64(0.9999881456774666), np.float64(0.9999951931286318), np.float64(0.9922704318115138), np.float64(0.6328155415421968), np.float64(0.6328822195570318), np.float64(0.6537010409978314), np.float64(0.707566720632163), np.float64(0.6368483168661467), np.float64(0.6501054727698657), np.float64(0.6385014789803598), np.float64(0.635194783876518), np.float64(0.6351949649836344), np.float64(0.6351949586792291), np.float64(0.7076196984790715), np.float64(0.7076669226049344), np.float64(0.9999128538306691)]",272.0,0.0,0.0,0.9999999967971606,"[np.float64(0.9999999967971606), np.float64(0.9999519839588181), np.float64(0.8970764374455149), 0.0, 0.0, 0.0, 0.0, 0.0, 0.0, 0.0, 0.0, 0.0, 0.0, 0.0, 0.0, np.float64(0.9988946832921147)]",2448.0
BIOMD0000000392,23,27,0.0,0.0,2.220446049250313e-16,"[np.float64(2.220446049250313e-16), 0.0, 0.0, 0.0, 0.0, 0.0, 0.0, 0.0, 0.0, 0.0, np.float64(2.220446049250313e-16), 0.0, 0.0, 0.0, 0.0, 0.0, 0.0, 0.0, 0.0, 0.0, 0.0, 0.0, 0.0]",10.0,0.7475080329854324,0.9998937486191266,0.9999999999986493,"[np.float64(0.9992417044720313), np.float64(0.9999962623477661), np.float64(0.9999999994982901), np.float64(0.9999999993906086), np.float64(0.9997307240363918), np.float64(0.9999012590303598), np.float64(0.9998937486191266), np.float64(0.7475080329854324), np.float64(0.7591834671471835), np.float64(0.9999822813287322), np.float64(0.8199475104635965), np.float64(0.7587760404885797), np.float64(0.9999941756202203), np.float64(0.9996707156158346), np.float64(0.9999546802755658), np.float64(0.9991988607047042), np.float64(0.9999996564546163), np.float64(0.9949480769856166), np.float64(0.9952600145575982), np.float64(0.9999115112752209), np.float64(0.9974200275434758), np.float64(0.9999999999986493), np.float64(0.999999999823274)]",552.0,0.0,0.0,0.9992100399442927,"[0.0, 0.0, 0.0, 0.0, 0.0, 0.0, 0.0, 0.0, 0.0, 0.0, 0.0, 0.0, 0.0, 0.0, 0.0, 0.0, 0.0, np.float64(0.6356952130023326), np.float64(0.27696685251025344), 0.0, 0.0, np.float64(0.9992100399442927), 0.0]",6875.0
BIOMD0000000393,28,36,0.0,0.0,2.220446049250313e-16,"[np.float64(2.220446049250313e-16), 0.0, 0.0, 0.0, 0.0, 0.0, 0.0, 0.0, 0.0, 0.0, 0.0, 0.0, 0.0, 0.0, 0.0, 0.0, 0.0, 0.0, 0.0, 0.0, 0.0, np.float64(1.1102230246251565e-16), 0.0, 0.0, 0.0, 0.0, 0.0, 0.0]",23.0,0.0,0.9999252873283372,0.9999999556563233,"[np.float64(0.9999940955186145), np.float64(0.9998103694994785), np.float64(0.9990958906341034), np.float64(0.9999991694600984), np.float64(0.9999983872521884), np.float64(0.9994371234935886), np.float64(0.9991899700274334), np.float64(0.9999986165782486), np.float64(0.99997289686916), np.float64(0.9999999556563233), np.float64(0.9998397832432275), np.float64(0.8705968903642198), np.float64(0.9994091325285329), np.float64(0.9999966682582448), np.float64(0.9943001476788919), np.float64(0.9999628918254773), np.float64(0.9981748054972073), np.float64(0.999952454792168), np.float64(0.9999509410668929), np.float64(0.9997985652076344), np.float64(0.9999993906280258), np.float64(0.9999999094206294), np.float64(0.9996731742791111), np.float64(0.9998996335897815), np.float64(0.9999941942733432), np.float64(0.9999998204898917), 0.0, 0.0]",770.0,0.0,0.8282780564372543,0.9973902135096818,"[np.float64(0.8035706844959019), 0.0, 0.0, np.float64(0.9537328150747083), np.float64(0.9336253460893423), np.float64(0.9841572424298103), np.float64(0.99701385840965), np.float64(0.8529854283786067), 0.0, np.float64(0.996347951323841), 0.0, 0.0, 0.0, 0.0, 0.0, np.float64(0.9729734469272746), np.float64(0.7766415816023355), np.float64(0.9936242297381227), np.float64(0.9822811555134239), 0.0, np.float64(0.9596969759084096), np.float64(0.9973902135096818), np.float64(0.9579184139868842), np.float64(0.9774217589498865), 0.0, np.float64(0.9407779922352046), 0.0, 0.0]",11946.0
BIOMD0000000394,23,10,0.0,0.0,1.1102230246251565e-16,"[0.0, 0.0, np.float64(1.1102230246251565e-16), 0.0, 0.0, 0.0, 0.0, 0.0, 0.0, 0.0, 0.0, np.float64(1.1102230246251565e-16), 0.0, 0.0, 0.0, 0.0, 0.0, 0.0, 0.0, 0.0, 0.0, 0.0, 0.0]",17.0,0.17262187318457,0.9981355143945885,0.9999956564275335,"[np.float64(0.9996269250657133), np.float64(0.9996269250657142), np.float64(0.998135514434845), np.float64(0.9981355143945885), np.float64(0.9992809765634921), np.float64(0.9242653018468961), np.float64(0.9999956564275333), np.float64(0.9999956564275335), np.float64(0.17262187318457), np.float64(0.17262187318457), np.float64(0.9987943758236217), np.float64(0.9881817247953334), np.float64(0.9881817247917022), np.float64(0.17262187318457), np.float64(0.9950570156209282), np.float64(0.17262187318457), np.float64(0.9982886713247349), np.float64(0.9982886713247343), np.float64(0.17262187318457), np.float64(0.9950313662953368), np.float64(0.17262187318457), np.float64(0.9990503872996507), np.float64(0.9990503872996812)]",348.0,0.0,0.9724560721990283,0.9999779454685381,"[np.float64(0.9999779454678897), np.float64(0.9999779454685381), np.float64(0.9724562677811924), np.float64(0.9724560721990283), np.float64(0.9932433113837347), np.float64(0.7542702671770171), np.float64(0.9996240411220678), np.float64(0.9996240410532915), np.float64(0.3009652964481394), np.float64(0.3009652964481394), np.float64(0.9998279228525937), 0.0, 0.0, np.float64(0.3009652964481394), np.float64(0.8861673642122552), np.float64(0.3009652964481394), np.float64(0.9991516389018866), np.float64(0.9991516388943746), np.float64(0.3009652964481394), np.float64(0.8852679673984651), np.float64(0.3009652964481394), np.float64(0.9897980846275611), np.float64(0.9897980846041408)]",4575.0
BIOMD0000000395,23,12,0.0,0.0,2.220446049250313e-16,"[np.float64(1.1102230246251565e-16), np.float64(1.1102230246251565e-16), 0.0, 0.0, 0.0, 0.0, 0.0, 0.0, np.float64(1.1102230246251565e-16), 0.0, np.float64(1.1102230246251565e-16), 0.0, 0.0, 0.0, 0.0, 0.0, 0.0, np.float64(1.1102230246251565e-16), np.float64(1.1102230246251565e-16), np.float64(1.1102230246251565e-16), 0.0, np.float64(2.220446049250313e-16), 0.0]",12.0,0.0,0.0,0.6440692352572412,"[0.0, np.float64(0.23970482434844087), 0.0, 0.0, 0.0, 0.0, 0.0, 0.0, np.float64(0.23970482434844087), 0.0, 0.0, 0.0, 0.0, 0.0, 0.0, np.float64(0.6440692352572412), np.float64(0.6440692352572412), 0.0, np.float64(0.23970482434844087), np.float64(0.23970482434844087), 0.0, 0.0, 0.0]",442.0,0.0,0.0,0.9927911240980164,"[0.0, 0.0, 0.0, np.float64(0.805821379444444), np.float64(0.99176502947478), 0.0, 0.0, 0.0, 0.0, 0.0, 0.0, 0.0, 0.0, np.float64(0.99176502947478), np.float64(0.9927911240980164), np.float64(0.9609754305957601), np.float64(0.9609754305957601), 0.0, 0.0, 0.0, np.float64(0.633968676545739), 0.0, 0.0]",4238.0
BIOMD0000000396,36,16,0.0,0.0,3.3306690738754696e-16,"[0.0, 0.0, 0.0, 0.0, 0.0, 0.0, np.float64(1.1102230246251565e-16), 0.0, 0.0, 0.0, np.float64(1.1102230246251565e-16), 0.0, 0.0, 0.0, 0.0, 0.0, np.float64(3.3306690738754696e-16), 0.0, 0.0, 0.0, 0.0, 0.0, 0.0, 0.0, 0.0, 0.0, 0.0, 0.0, 0.0, 0.0, 0.0, 0.0, 0.0, 0.0, 0.0, np.float64(2.220446049250313e-16)]",26.0,0.0,0.9973953251170065,0.9999999570833311,"[0.0, np.float64(0.999970503303928), np.float64(0.9997960687311954), np.float64(0.9768596933835245), 0.0, 0.0, np.float64(0.9999753875165038), 0.0, np.float64(0.9996314018399407), np.float64(0.9999972297435371), np.float64(0.9999992230902575), np.float64(0.9999999570833311), np.float64(0.9999914622228565), np.float64(0.9999972297435371), np.float64(0.9999968118613127), np.float64(0.9992896161842287), np.float64(0.668388532546149), 0.0, np.float64(0.8994101345576392), np.float64(0.20733390368511395), np.float64(0.9999705033039278), np.float64(0.9999470727728386), np.float64(0.9982985166689088), 0.0, np.float64(0.9998613954479943), np.float64(0.9998391758140883), np.float64(0.971601703283266), 0.0, np.float64(0.9996314018590511), 0.0, np.float64(0.9995794072615114), np.float64(0.9964921335651042), np.float64(0.9702773084680296), np.float64(0.9702773084680296), 0.0, np.float64(0.9702773083621555)]",694.0,0.0,0.0,0.9970421077890362,"[0.0, np.float64(0.9902823495068357), np.float64(0.9970421077890362), 0.0, 0.0, 0.0, np.float64(0.06428589882140445), 0.0, 0.0, np.float64(0.9341542355754919), np.float64(0.9905529196286572), np.float64(0.9621831742945983), 0.0, np.float64(0.9341542355716982), np.float64(0.907738029225537), np.float64(0.9885866988751473), 0.0, 0.0, 0.0, 0.0, np.float64(0.990282349524563), 0.0, np.float64(0.9910413631808839), 0.0, np.float64(0.7948593692876046), np.float64(0.7658290639544123), 0.0, 0.0, 0.0, 0.0, np.float64(0.9942011513966622), 0.0, np.float64(0.5977043469208709), np.float64(0.5977043469208709), 0.0, np.float64(0.5977044882880603)]",13356.0
BIOMD0000000397,50,29,0.0,0.0,1.1102230246251565e-16,"[0.0, 0.0, 0.0, 0.0, 0.0, 0.0, 0.0, np.float64(1.1102230246251565e-16), 0.0, 0.0, 0.0, 0.0, 0.0, 0.0, 0.0, 0.0, 0.0, 0.0, 0.0, 0.0, 0.0, 0.0, 0.0, 0.0, 0.0, 0.0, 0.0, 0.0, 0.0, np.float64(1.1102230246251565e-16), 0.0, 0.0, 0.0, 0.0, 0.0, 0.0, 0.0, 0.0, 0.0, 0.0, 0.0, 0.0, 0.0, 0.0, 0.0, 0.0, 0.0, 0.0, 0.0, 0.0]",24.0,0.0,0.9999999999719527,0.9999999999999869,"[np.float64(0.9999999999999473), np.float64(0.9999999999998073), np.float64(0.9999999999999268), 0.0, 0.0, np.float64(0.9999999999999869), np.float64(0.9999999999999372), np.float64(0.9999999999998623), np.float64(0.999999999999863), np.float64(0.07950756305701712), np.float64(0.9999999999989405), np.float64(0.9999999999988942), np.float64(0.07950756305701712), np.float64(0.07950756305701712), np.float64(0.999999999999985), np.float64(0.9999999999985332), np.float64(0.07950756305701712), np.float64(0.07950756305701712), np.float64(0.07950756305701712), np.float64(0.07950756305701712), np.float64(0.07950756305701712), 0.0, np.float64(0.07950756305701712), np.float64(0.9999999999993998), np.float64(0.9999999999999646), np.float64(0.9999999999987094), np.float64(0.9999999999986142), np.float64(0.9999999999988516), np.float64(0.999999999998711), np.float64(0.999999999999462), np.float64(0.9999999999991606), 0.0, np.float64(0.07950756305701712), np.float64(0.07950756305701712), 0.0, np.float64(0.9999999999999688), np.float64(0.9999999999453721), np.float64(0.07950756305701712), np.float64(0.07950756305701712), 0.0, np.float64(0.07950756305701712), np.float64(0.9999999999999831), np.float64(0.9999999999999181), np.float64(0.07950756305701712), np.float64(0.9999999999999704), np.float64(0.9999999999999701), np.float64(0.9999999999999498), np.float64(0.07950756305701712), np.float64(0.07950756305701712), np.float64(0.07950756305701712)]",1279.0,0.0,0.0,0.999999999999987,"[np.float64(0.9999999999999474), 0.0, 0.0, 0.0, 0.0, np.float64(0.999999999999987), 0.0, np.float64(0.9999999999998624), np.float64(0.9999999999998631), 0.0, 0.0, np.float64(0.7472701678804132), 0.0, 0.0, np.float64(0.9999999999999852), np.float64(0.9999999999985333), 0.0, 0.0, 0.0, 0.0, 0.0, 0.0, 0.0, np.float64(0.7503533566935146), np.float64(0.9999999999999647), np.float64(0.9999999999987096), np.float64(0.9999999999986144), 0.0, np.float64(0.7462205102307267), np.float64(0.9999999999994622), np.float64(0.7485105612509648), 0.0, 0.0, 0.0, 0.0, np.float64(0.9999999999999689), 0.0, 0.0, 0.0, 0.0, 0.0, np.float64(0.9999999999999832), 0.0, 0.0, np.float64(0.9999999999999705), np.float64(0.9999999999999704), 0.0, 0.0, 0.0, 0.0]",3019.0
BIOMD0000000398,27,12,0.0,0.0,2.220446049250313e-16,"[0.0, 0.0, 0.0, 0.0, 0.0, 0.0, 0.0, 0.0, np.float64(1.1102230246251565e-16), np.float64(1.1102230246251565e-16), 0.0, 0.0, 0.0, np.float64(2.220446049250313e-16), np.float64(2.220446049250313e-16), 0.0, 0.0, np.float64(1.1102230246251565e-16), np.float64(1.1102230246251565e-16), 0.0, 0.0, 0.0, 0.0, 0.0, 0.0, np.float64(1.1102230246251565e-16), 0.0]",21.0,0.0,0.9999999983978757,0.9999999999987329,"[np.float64(0.9999999999431824), 0.0, 0.0, 0.0, 0.0, np.float64(0.9999999999442591), np.float64(0.9999999999253185), np.float64(0.9999999999922691), np.float64(0.9999999983978757), np.float64(0.999999998397876), np.float64(0.9999999983978751), 0.0, 0.0, np.float64(0.531969964063837), np.float64(0.531969964063837), np.float64(0.9999999999490394), 0.0, np.float64(0.9999999983978757), np.float64(0.999999998397876), np.float64(0.9999999983978751), np.float64(0.9999999996558331), np.float64(0.9999999996558331), np.float64(0.9999999996558331), np.float64(0.9999999999852707), np.float64(0.9999999999987329), np.float64(0.9999999999852707), 0.0]",586.0,0.0,0.9586056427420799,0.9999999420135448,"[np.float64(0.9122162277060212), 0.0, 0.0, 0.0, 0.0, np.float64(0.8063414940638156), np.float64(0.9932314576513421), np.float64(0.9999953377001465), np.float64(0.9999999420135447), np.float64(0.9999999420135448), np.float64(0.9999999420134501), 0.0, 0.0, 0.0, 0.0, np.float64(0.991075972769536), 0.0, np.float64(0.9999999420135447), np.float64(0.9999999420135448), np.float64(0.9999999420134501), np.float64(0.9999993523959767), np.float64(0.9999993523956869), np.float64(0.9999993523962764), np.float64(0.9586039518987217), np.float64(0.9998285428891243), np.float64(0.9586056427420799), 0.0]",7584.0
BIOMD0000000399,93,125,0.0,0.0,2.220446049250313e-16,"[0.0, 0.0, 0.0, 0.0, 0.0, 0.0, 0.0, 0.0, 0.0, 0.0, 0.0, 0.0, 0.0, 0.0, 0.0, 0.0, np.float64(1.1102230246251565e-16), 0.0, 0.0, 0.0, 0.0, 0.0, 0.0, 0.0, 0.0, 0.0, 0.0, np.float64(1.1102230246251565e-16), 0.0, 0.0, 0.0, 0.0, 0.0, 0.0, 0.0, 0.0, 0.0, 0.0, 0.0, 0.0, 0.0, 0.0, np.float64(2.220446049250313e-16), 0.0, np.float64(2.220446049250313e-16), 0.0, 0.0, 0.0, 0.0, 0.0, 0.0, 0.0, 0.0, 0.0, 0.0, 0.0, 0.0, 0.0, np.float64(1.1102230246251565e-16), 0.0, 0.0, 0.0, np.float64(1.1102230246251565e-16), 0.0, 0.0, 0.0, 0.0, 0.0, 0.0, 0.0, 0.0, 0.0, 0.0, 0.0, 0.0, 0.0, 0.0, 0.0, 0.0, 0.0, 0.0, 0.0, 0.0, 0.0, 0.0, 0.0, 0.0, 0.0, 0.0, 0.0, 0.0, 0.0, 0.0]",75.0,0.0,0.0,0.9999959593561201,"[np.float64(0.7127420306734679), np.float64(0.28186408297294285), np.float64(0.5536532338329537), np.float64(0.56622439159673), 0.0, np.float64(0.03432969090022431), np.float64(0.9896508993393648), 0.0, np.float64(0.89914057717912), 0.0, np.float64(0.21659192993586396), np.float64(0.9999959593561201), np.float64(0.7605871838053064), np.float64(0.4558844532766678), 0.0, 0.0, np.float64(0.9660013550142259), np.float64(0.967619261395048), 0.0, 0.0, np.float64(0.7451553259903025), 0.0, np.float64(0.5231826894821193), 0.0, np.float64(0.712668622289337), 0.0, 0.0, 0.0, np.float64(0.8104934849112156), np.float64(0.9137856825827696), 0.0, np.float64(0.14245915364340989), 0.0, 0.0, 0.0, 0.0, np.float64(0.8887579516702627), np.float64(0.9174812226691232), np.float64(0.9264425263865333), 0.0, 0.0, np.float64(0.9973439978049163), 0.0, 0.0, 0.0, np.float64(0.9946097667195684), 0.0, np.float64(0.9924348305015469), 0.0, np.float64(0.8149054018401496), 0.0, np.float64(0.5964318522009755), np.float64(0.5909652751267204), np.float64(0.8803224378058203), 0.0, 0.0, np.float64(0.9461920358924945), np.float64(0.7343312932683604), np.float64(0.732089022541742), np.float64(0.9463586084729039), 0.0, 0.0, 0.0, 0.0, 0.0, 0.0, 0.0, 0.0, 0.0, np.float64(0.998417796871766), 0.0, 0.0, 0.0, np.float64(0.9607752083312969), 0.0, 0.0, 0.0, np.float64(0.012960454159723023), 0.0, np.float64(0.15888771628193588), 0.0, 0.0, np.float64(0.7856824133488736), 0.0, 0.0, np.float64(0.9693670392218156), np.float64(0.3008941053680634), 0.0, 0.0, 0.0, 0.0, 0.0, 0.0]",8567.0,0.0,0.0,0.6412045291687842,"[0.0, 0.0, 0.0, 0.0, 0.0, 0.0, 0.0, np.float64(0.07077157237185716), 0.0, 0.0, 0.0, 0.0, 0.0, 0.0, np.float64(0.6412045291687842), 0.0, 0.0, 0.0, 0.0, np.float64(0.2859981060508594), 0.0, 0.0, 0.0, 0.0, 0.0, 0.0, 0.0, 0.0, 0.0, 0.0, 0.0, 0.0, 0.0, 0.0, np.float64(0.5175216561484849), 0.0, 0.0, 0.0, 0.0, 0.0, 0.0, 0.0, 0.0, 0.0, 0.0, 0.0, 0.0, 0.0, 0.0, 0.0, 0.0, 0.0, 0.0, 0.0, 0.0, 0.0, 0.0, 0.0, 0.0, 0.0, 0.0, 0.0, 0.0, 0.0, 0.0, np.float64(0.585094591034214), 0.0, 0.0, np.float64(0.02921470922996805), np.float64(0.27361916280738896), 0.0, 0.0, 0.0, 0.0, 0.0, 0.0, 0.0, 0.0, 0.0, 0.0, 0.0, 0.0, 0.0, 0.0, 0.0, 0.0, 0.0, 0.0, 0.0, 0.0, 0.0, 0.0, 0.0]",92714.0
BIOMD0000000400,13,0,0.0,0.0,0.0,"[0.0, 0.0, 0.0, 0.0, 0.0, 0.0, 0.0, 0.0, 0.0, 0.0, 0.0, 0.0, 0.0]",0.0,0.0,0.0,0.9961326643121142,"[np.float64(0.1759502873359472), 0.0, np.float64(0.6848466950076184), 0.0, np.float64(0.6848440868590937), 0.0, np.float64(0.9961326643121142), 0.0, 0.0, 0.0, 0.0, 0.0, 0.0]",150.0,0.0,0.0,0.0,"[0.0, 0.0, 0.0, 0.0, 0.0, 0.0, 0.0, 0.0, 0.0, 0.0, 0.0, 0.0, 0.0]",844.0
BIOMD0000000401,3,0,0.0,0.0,1.1102230246251565e-16,"[np.float64(1.1102230246251565e-16), 0.0, 0.0]",3.0,0.9989642047157222,0.9998289192990952,0.9999994723854316,"[np.float64(0.9998289192990952), np.float64(0.9999994723854316), np.float64(0.9989642047157222)]",11.0,0.0,0.0,0.4946295269866353,"[0.0, np.float64(0.4946295269866353), 0.0]",26.0
BIOMD0000000402,4,0,0.0,0.0,0.0,"[0.0, 0.0, 0.0, 0.0]",4.0,0.0,0.469634814719793,0.8213128269663154,"[np.float64(0.2936940127908654), np.float64(0.8213128269663154), np.float64(0.6455756166487207), 0.0]",11.0,0.0,0.0,0.7900720675592304,"[0.0, np.float64(0.7900720675592304), 0.0, 0.0]",19.0
BIOMD0000000405,6,8,0.0,0.0,0.0,"[0.0, 0.0, 0.0, 0.0, 0.0, 0.0]",5.0,0.0,0.881795975827629,0.9515988082514402,"[np.float64(0.8119931434038427), np.float64(0.8119931434038427), np.float64(0.9515988082514155), np.float64(0.9515988082514155), np.float64(0.9515988082514402), 0.0]",31.0,0.0,0.4945871841520026,0.9891743683040077,"[0.0, 0.0, np.float64(0.9891743683040077), np.float64(0.9891743683040077), np.float64(0.9891743683040052), 0.0]",102.0
BIOMD0000000406,24,51,0.0,0.0,2.220446049250313e-16,"[0.0, np.float64(2.220446049250313e-16), np.float64(2.220446049250313e-16), 0.0, 0.0, 0.0, np.float64(2.220446049250313e-16), np.float64(2.220446049250313e-16), 0.0, 0.0, 0.0, 0.0, 0.0, 0.0, 0.0, 0.0, np.float64(2.220446049250313e-16), np.float64(2.220446049250313e-16), np.float64(2.220446049250313e-16), 0.0, np.float64(2.220446049250313e-16), np.float64(2.220446049250313e-16), 0.0, 0.0]",14.0,0.0,0.08729958405869631,0.9996387792748511,"[0.0, np.float64(0.08729958405869631), 0.0, np.float64(0.8574532930906089), np.float64(0.980036594347643), np.float64(0.9926072987092421), np.float64(0.08729958405869631), 0.0, 0.0, np.float64(0.9996387792748511), np.float64(0.9808211196574581), 0.0, np.float64(0.9355844418050854), 0.0, np.float64(0.7524931019841967), 0.0, np.float64(0.08729958405869631), np.float64(0.08729958405869631), 0.0, np.float64(0.9926115205589244), np.float64(0.08729958405869631), np.float64(0.08729958405869631), np.float64(0.9800486043441408), np.float64(0.9926267948749065)]",346.0,0.0,0.09742151885050065,0.9966194683940279,"[0.0, np.float64(0.09742151885050065), np.float64(0.09742151885050065), np.float64(0.7141981746384494), np.float64(0.943274931517738), np.float64(0.9421090361740222), np.float64(0.09742151885050065), np.float64(0.09742151885050065), 0.0, np.float64(0.9966194683940279), np.float64(0.9108931832103978), np.float64(0.2919597609553657), np.float64(0.89674228049391), 0.0, np.float64(0.5070501850501159), 0.0, np.float64(0.09742151885050065), np.float64(0.09742151885050065), np.float64(0.09742151885050065), np.float64(0.9421331677726035), np.float64(0.09742151885050065), np.float64(0.09742151885050065), np.float64(0.9432997098192614), np.float64(0.9423004809742869)]",2965.0
BIOMD0000000407,47,88,0.0,0.0,0.0,"[0.0, 0.0, 0.0, 0.0, 0.0, 0.0, 0.0, 0.0, 0.0, 0.0, 0.0, 0.0, 0.0, 0.0, 0.0, 0.0, 0.0, 0.0, 0.0, 0.0, 0.0, 0.0, 0.0, 0.0, 0.0, 0.0, 0.0, 0.0, 0.0, 0.0, 0.0, 0.0, 0.0, 0.0, 0.0, 0.0, 0.0, 0.0, 0.0, 0.0, 0.0, 0.0, 0.0, 0.0, 0.0, 0.0, 0.0]",0.0,0.0,0.0,0.9999999958441291,"[0.0, 0.0, 0.0, 0.0, 0.0, 0.0, 0.0, 0.0, 0.0, 0.0, 0.0, 0.0, 0.0, 0.0, 0.0, 0.0, 0.0, 0.0, 0.0, 0.0, 0.0, np.float64(0.9999999906556218), np.float64(0.9999999906556223), 0.0, 0.0, 0.0, 0.0, 0.0, np.float64(0.9999999958441291), np.float64(0.9999997799188173), np.float64(0.9999982947549627), 0.0, 0.0, 0.0, 0.0, 0.0, 0.0, 0.0, np.float64(0.7330595851972689), 0.0, 0.0, 0.0, 0.0, 0.0, np.float64(0.7374306703166285), 0.0, 0.0]",612.0,0.0,0.9999999999993919,0.9999999999999926,"[np.float64(0.999999999999783), np.float64(0.9999999999997822), np.float64(0.9999999999995922), 0.0, np.float64(0.9999999998149789), np.float64(0.9999999999980218), np.float64(0.9999999997386946), np.float64(0.9999999999999861), np.float64(0.999999994189637), np.float64(0.9999999996733625), np.float64(0.9999999999993919), np.float64(0.9999999999994637), np.float64(0.9999999999994912), np.float64(0.9999999999999866), np.float64(0.9999999999999891), 0.0, np.float64(0.9999999999999867), 0.0, np.float64(0.9999999999999866), np.float64(0.9999999999999764), 0.0, np.float64(0.999999990655575), np.float64(0.9999999906555751), np.float64(0.9999999999999926), np.float64(0.9999999880941374), np.float64(0.9999999801815572), np.float64(0.9999999972025773), np.float64(0.9999999840563134), np.float64(0.9999999958441055), np.float64(0.9999997847858022), np.float64(0.9999983326749203), np.float64(0.9999999999998531), np.float64(0.999999999999862), np.float64(0.9999999999998925), np.float64(0.9999999999998865), np.float64(0.9999999999996422), np.float64(0.9999999999999921), np.float64(0.9999999999996838), np.float64(0.9999999999995041), 0.0, np.float64(0.9999999999999554), 0.0, 0.0, np.float64(0.9999999999996505), np.float64(0.9999999999995112), np.float64(0.9999999999993047), np.float64(0.9999999999993344)]",610.0
BIOMD0000000409,13,31,0.0,0.0,2.220446049250313e-16,"[0.0, 0.0, 0.0, 0.0, 0.0, 0.0, 0.0, np.float64(2.220446049250313e-16), 0.0, 0.0, 0.0, 0.0, 0.0]",11.0,0.02287480652384355,0.9974165070624014,0.9999820990404398,"[np.float64(0.9957506354214865), np.float64(0.9974165070624014), np.float64(0.9999074309177803), np.float64(0.9951092935834037), np.float64(0.02287480652384355), np.float64(0.9952793940578257), np.float64(0.8822305550932887), np.float64(0.9850746746186138), np.float64(0.9999773556180133), np.float64(0.9998577065948662), np.float64(0.9999820990404398), np.float64(0.9993047310923231), np.float64(0.9998496617489258)]",167.0,0.0,0.9999999961917355,0.9999999999478512,"[np.float64(0.9999999950508071), np.float64(0.9999999961917355), np.float64(0.9999999935721375), np.float64(0.9999999999478512), 0.0, np.float64(0.9997195350793653), np.float64(0.999992270045071), np.float64(0.9999992138471276), np.float64(0.9999999997802029), np.float64(0.9999999974253101), np.float64(0.999999997775632), np.float64(0.9999999992547277), np.float64(0.9999999969877335)]",1260.0
BIOMD0000000410,53,91,0.0,0.0,1.1102230246251565e-16,"[0.0, 0.0, 0.0, 0.0, 0.0, 0.0, 0.0, 0.0, 0.0, 0.0, 0.0, 0.0, 0.0, 0.0, 0.0, 0.0, 0.0, 0.0, 0.0, 0.0, 0.0, 0.0, 0.0, 0.0, 0.0, 0.0, 0.0, 0.0, 0.0, 0.0, 0.0, 0.0, 0.0, 0.0, 0.0, 0.0, 0.0, 0.0, np.float64(1.1102230246251565e-16), 0.0, 0.0, 0.0, 0.0, 0.0, 0.0, 0.0, 0.0, 0.0, 0.0, 0.0, 0.0, 0.0, 0.0]",8.0,0.0,0.16909015466062405,0.9999999999999856,"[0.0, np.float64(0.9999999999999856), 0.0, np.float64(0.16909015466062405), 0.0, 0.0, np.float64(0.9999999999949234), np.float64(0.9999999999715619), 0.0, np.float64(0.16909015466062405), 0.0, 0.0, np.float64(0.16909015466062405), 0.0, 0.0, 0.0, np.float64(0.9999999999872342), np.float64(0.9999999999930279), np.float64(0.16909015466062405), 0.0, np.float64(0.9999999999955748), 0.0, 0.0, np.float64(0.16909015466062405), np.float64(0.9999999999964553), np.float64(0.16909015466062405), np.float64(0.16909015466062405), 0.0, 0.0, np.float64(0.16909015466062405), np.float64(0.9999999999910445), np.float64(0.16909015466062405), 0.0, np.float64(0.999999999993409), 0.0, np.float64(0.9999999999999639), 0.0, 0.0, 0.0, np.float64(0.16909015466062405), np.float64(0.16909015466062405), np.float64(0.9999999999944376), np.float64(0.16909015466062405), np.float64(0.9999999999895687), 0.0, 0.0, np.float64(0.16909015466062405), np.float64(0.16909015466062405), np.float64(0.16909015466062405), 0.0, np.float64(0.16909015466062405), np.float64(0.16909015466062405), np.float64(0.9999999999997242)]",1322.0,0.0,0.0,0.27750319148472935,"[0.0, 0.0, 0.0, np.float64(0.27750319148472935), 0.0, 0.0, 0.0, 0.0, 0.0, np.float64(0.27750319148472935), 0.0, 0.0, np.float64(0.27750319148472935), 0.0, 0.0, 0.0, 0.0, 0.0, np.float64(0.27750319148472935), 0.0, 0.0, 0.0, 0.0, np.float64(0.27750319148472935), 0.0, np.float64(0.27750319148472935), np.float64(0.27750319148472935), 0.0, 0.0, np.float64(0.27750319148472935), 0.0, np.float64(0.27750319148472935), 0.0, 0.0, 0.0, 0.0, 0.0, 0.0, 0.0, np.float64(0.27750319148472935), np.float64(0.27750319148472935), 0.0, np.float64(0.27750319148472935), 0.0, 0.0, 0.0, np.float64(0.27750319148472935), np.float64(0.27750319148472935), np.float64(0.27750316589744095), np.float64(0.27750316589744095), np.float64(0.27750316589744095), np.float64(0.27750316589744095), 0.0]",24881.0
BIOMD0000000411,7,13,0.0,0.0,1.1102230246251565e-16,"[0.0, 0.0, np.float64(1.1102230246251565e-16), 0.0, 0.0, 0.0, 0.0]",3.0,0.0,0.0,0.02597300039480499,"[0.0, 0.0, 0.0, 0.0, np.float64(0.02597300039480499), 0.0, 0.0]",41.0,0.0,0.0,0.0,"[0.0, 0.0, 0.0, 0.0, 0.0, 0.0, 0.0]",182.0
BIOMD0000000412,79,56,0.0,0.0,3.3306690738754696e-16,"[0.0, 0.0, np.float64(3.3306690738754696e-16), 0.0, 0.0, 0.0, 0.0, np.float64(1.1102230246251565e-16), 0.0, 0.0, 0.0, 0.0, 0.0, 0.0, 0.0, 0.0, 0.0, 0.0, 0.0, 0.0, 0.0, 0.0, 0.0, np.float64(1.1102230246251565e-16), 0.0, 0.0, 0.0, 0.0, 0.0, np.float64(1.1102230246251565e-16), 0.0, 0.0, 0.0, 0.0, 0.0, 0.0, 0.0, 0.0, 0.0, 0.0, 0.0, 0.0, 0.0, np.float64(1.1102230246251565e-16), 0.0, 0.0, 0.0, 0.0, 0.0, 0.0, 0.0, 0.0, 0.0, np.float64(2.220446049250313e-16), 0.0, 0.0, 0.0, 0.0, 0.0, 0.0, 0.0, 0.0, np.float64(2.220446049250313e-16), 0.0, 0.0, 0.0, 0.0, 0.0, np.float64(1.1102230246251565e-16), 0.0, 0.0, 0.0, 0.0, 0.0, 0.0, 0.0, np.float64(2.220446049250313e-16), 0.0, 0.0]",72.0,0.0,0.9999821974995247,0.9999999999976389,"[np.float64(0.9992300415276949), np.float64(0.9855262166471301), np.float64(0.9843158626072656), np.float64(0.9999998952225845), np.float64(0.9999999905718483), np.float64(0.9993783708487363), np.float64(0.9999998379633567), np.float64(0.99999995018881), np.float64(0.9999507713535094), np.float64(0.9999949889955544), np.float64(0.9999294371397626), np.float64(0.9994307214502072), np.float64(0.9999694943163833), np.float64(0.9999999990774929), np.float64(0.99999995018881), np.float64(0.9993758449920332), np.float64(0.9999999938579281), np.float64(0.9999821974995247), np.float64(0.9999995587621473), np.float64(0.9994307773605434), np.float64(0.9987073356950558), np.float64(0.9999999854709722), np.float64(0.9999959689743937), np.float64(0.9985765591640468), np.float64(0.9994334153945289), np.float64(0.9999999797724671), np.float64(0.9998513905718004), np.float64(0.9995895965355522), np.float64(0.9995032260462632), np.float64(0.9999469613180572), np.float64(0.9999819497350724), np.float64(0.9999999962147536), np.float64(0.9999999957360507), 0.0, np.float64(0.9996840300758764), np.float64(0.9992333745408969), np.float64(0.9992129918395741), np.float64(0.9999980903336768), np.float64(0.9999980903336768), np.float64(0.9999973056034118), np.float64(0.999999995039221), np.float64(0.71125109993316), np.float64(0.9999999999976389), np.float64(0.9995578352940797), np.float64(0.9999998954217278), np.float64(0.9999999999302942), np.float64(0.9999999999302942), np.float64(0.999995355784279), np.float64(0.9999999898665939), np.float64(0.5882236056466187), np.float64(0.9385992881114058), np.float64(0.9999710380910599), np.float64(0.9999999892881465), np.float64(0.9617737341880971), np.float64(0.7384338749188388), np.float64(0.9999998732536775), np.float64(0.9999999977594132), 0.0, np.float64(0.9999999999965103), np.float64(0.9591668226678857), np.float64(0.9999961879587744), np.float64(0.9999999892881465), np.float64(0.9617737305752668), np.float64(0.9999999999905071), np.float64(0.9999885366293998), 0.0, np.float64(0.9997868962711457), np.float64(0.9996084360853437), np.float64(0.9930636637080505), np.float64(0.9999919821054535), np.float64(0.9999999186031998), np.float64(0.9999999186031998), np.float64(0.9999999843179993), 0.0, np.float64(0.9999998952436232), np.float64(0.9999999798159356), np.float64(0.9999999913147243), np.float64(0.9994726569520519), np.float64(0.9999468513510308)]",6193.0,0.0,0.0,0.9999849518385412,"[np.float64(0.9484745405098021), 0.0, 0.0, 0.0, 0.0, np.float64(0.9766629711391994), 0.0, 0.0, 0.0, 0.0, 0.0, np.float64(0.9420410354653563), 0.0, 0.0, 0.0, np.float64(0.9366202138054925), 0.0, np.float64(0.5582372988616565), np.float64(0.39797084267186356), np.float64(0.939832940618328), np.float64(0.9726189320133751), 0.0, np.float64(0.9991472595975074), np.float64(0.8533335397199501), 0.0, 0.0, 0.0, 0.0, np.float64(0.9487475973026009), np.float64(0.9942703203597978), np.float64(0.9598486030854417), 0.0, 0.0, 0.0, np.float64(0.9936294313033114), np.float64(0.917394358634423), np.float64(0.9161705450637467), np.float64(0.40050388996687547), 0.0, np.float64(0.9999304520042968), 0.0, 0.0, 0.0, np.float64(0.9906016665148852), 0.0, 0.0, 0.0, np.float64(0.9999064281112865), 0.0, 0.0, 0.0, np.float64(0.9877591591441222), 0.0, 0.0, 0.0, 0.0, 0.0, 0.0, 0.0, 0.0, np.float64(0.9964142076228101), 0.0, 0.0, 0.0, 0.0, 0.0, np.float64(0.9859660920540342), np.float64(0.9237205041366088), 0.0, np.float64(0.9991041978237828), np.float64(0.9999849518385412), np.float64(0.9864103442014902), np.float64(0.28063802186611053), 0.0, 0.0, 0.0, 0.0, 0.0, 0.0]",248445.0
BIOMD0000000413,5,9,0.0,0.0,0.0,"[0.0, 0.0, 0.0, 0.0, 0.0]",4.0,0.0,0.9993238955733156,0.9999724655856473,"[np.float64(0.9993238955733156), np.float64(0.9995871034161786), 0.0, np.float64(0.952255699396428), np.float64(0.9999724655856473)]",25.0,0.0,0.0,0.9996560106686644,"[np.float64(0.9996560106686644), 0.0, 0.0, 0.0, np.float64(0.08865981248059118)]",95.0
BIOMD0000000414,1,3,0.0,0.0,0.0,[0.0],1.0,0.9970172932331226,0.9970172932331226,0.9970172932331226,[np.float64(0.9970172932331226)],2.0,0.9999886612196369,0.9999886612196369,0.9999886612196369,[np.float64(0.9999886612196369)],3.0
BIOMD0000000415,10,5,0.0,0.0,0.0,"[0.0, 0.0, 0.0, 0.0, 0.0, 0.0, 0.0, 0.0, 0.0, 0.0]",0.0,0.0,0.0,0.0,"[0.0, 0.0, 0.0, 0.0, 0.0, 0.0, 0.0, 0.0, 0.0, 0.0]",0.0,0.0,0.0,0.0,"[0.0, 0.0, 0.0, 0.0, 0.0, 0.0, 0.0, 0.0, 0.0, 0.0]",0.0
BIOMD0000000417,1,2,2.220446049250313e-16,2.220446049250313e-16,2.220446049250313e-16,[np.float64(2.220446049250313e-16)],1.0,0.9999999998072766,0.9999999998072766,0.9999999998072766,[np.float64(0.9999999998072766)],2.0,0.9999999888034977,0.9999999888034977,0.9999999888034977,[np.float64(0.9999999888034977)],2.0
BIOMD0000000418,1,2,0.0,0.0,0.0,[0.0],1.0,0.14539468676255085,0.14539468676255085,0.14539468676255085,[np.float64(0.14539468676255085)],2.0,0.0,0.0,0.0,[0.0],2.0
BIOMD0000000419,3,6,0.0,0.0,0.0,"[0.0, 0.0, 0.0]",3.0,0.1454071898311624,0.14540718983116563,0.14540718983116596,"[np.float64(0.14540718983116563), np.float64(0.1454071898311624), np.float64(0.14540718983116596)]",12.0,0.0,0.0,0.0,"[0.0, 0.0, 0.0]",12.0
BIOMD0000000420,2,4,0.0,0.0,0.0,"[0.0, 0.0]",2.0,0.024500355735447066,0.024500355735447066,0.024500355735447066,"[np.float64(0.024500355735447066), np.float64(0.024500355735447066)]",6.0,0.0,0.0,0.0,"[0.0, 0.0]",6.0
BIOMD0000000421,2,4,0.0,0.0,0.0,"[0.0, 0.0]",2.0,0.02442596239443684,0.024425962394437617,0.024425962394438394,"[np.float64(0.02442596239443684), np.float64(0.024425962394438394)]",6.0,0.0,0.0,0.0,"[0.0, 0.0]",6.0
BIOMD0000000422,22,43,0.0,0.0,1.1102230246251565e-16,"[np.float64(1.1102230246251565e-16), 0.0, 0.0, 0.0, 0.0, 0.0, 0.0, 0.0, 0.0, 0.0, 0.0, 0.0, 0.0, 0.0, 0.0, 0.0, 0.0, 0.0, 0.0, 0.0, 0.0, 0.0]",4.0,0.0,0.7982015774204532,0.9999903000141601,"[np.float64(0.8706394816397203), np.float64(0.9986745272766697), np.float64(0.8517202202456047), np.float64(0.8195811946839303), np.float64(0.775845758485323), np.float64(0.7753870719633391), np.float64(0.7714568199549525), 0.0, np.float64(0.8406799110196925), np.float64(0.8947290978160116), 0.0, np.float64(0.999721956323184), np.float64(0.9993778394000256), np.float64(0.9999903000141601), np.float64(0.9423579094551092), np.float64(0.7668923139520172), np.float64(0.0010221997091843793), np.float64(0.764504197608191), np.float64(0.7647690570689312), np.float64(0.9954833368755046), np.float64(0.765823405920028), np.float64(0.776821960156976)]",471.0,0.0,0.0,0.0,"[0.0, 0.0, 0.0, 0.0, 0.0, 0.0, 0.0, 0.0, 0.0, 0.0, 0.0, 0.0, 0.0, 0.0, 0.0, 0.0, 0.0, 0.0, 0.0, 0.0, 0.0, 0.0]",6001.0
BIOMD0000000423,9,11,0.0,0.0,2.220446049250313e-16,"[0.0, np.float64(2.220446049250313e-16), 0.0, 0.0, 0.0, 0.0, 0.0, 0.0, 0.0]",6.0,0.0,0.995333380904763,0.9999186041921697,"[np.float64(0.9979906816192199), np.float64(0.9976704761616523), np.float64(0.99356569327699), np.float64(0.9999186041921697), 0.0, np.float64(0.9953333809047635), np.float64(0.995333380904763), 0.0, 0.0]",62.0,0.0,0.0,0.9974541711840291,"[np.float64(0.4578330356289101), np.float64(0.3842511601354587), np.float64(0.36715318153903176), np.float64(0.9974541711840291), 0.0, 0.0, 0.0, 0.0, 0.0]",402.0
BIOMD0000000424,55,58,0.0,0.0,2.220446049250313e-16,"[0.0, 0.0, 0.0, 0.0, np.float64(2.220446049250313e-16), 0.0, 0.0, 0.0, 0.0, 0.0, 0.0, 0.0, 0.0, 0.0, np.float64(2.220446049250313e-16), 0.0, np.float64(1.1102230246251565e-16), 0.0, 0.0, 0.0, 0.0, 0.0, 0.0, 0.0, 0.0, 0.0, 0.0, np.float64(2.220446049250313e-16), 0.0, 0.0, 0.0, 0.0, 0.0, 0.0, 0.0, 0.0, 0.0, 0.0, 0.0, 0.0, 0.0, np.float64(2.220446049250313e-16), 0.0, 0.0, 0.0, 0.0, 0.0, 0.0, 0.0, 0.0, 0.0, 0.0, 0.0, 0.0, 0.0]",21.0,0.0,0.26120910066854053,0.999999999983357,"[np.float64(0.9999999999833563), np.float64(0.26120910066854053), np.float64(0.9999999354503454), np.float64(0.999999960556288), np.float64(0.9999999617290262), np.float64(0.9999999988017589), np.float64(0.9999999999006621), np.float64(0.9999999999035565), 0.0, 0.0, 0.0, np.float64(0.26120910066854053), np.float64(0.26120910066854053), 0.0, 0.0, np.float64(0.26120910066854053), 0.0, np.float64(0.26120910066854053), np.float64(0.26120910066854053), 0.0, np.float64(0.26120910066854053), np.float64(0.26120910066854053), np.float64(0.26120910066854053), np.float64(0.26120910066854053), np.float64(0.26120910066854053), np.float64(0.26120910066854053), np.float64(0.9999984475078674), np.float64(0.999999977476538), np.float64(0.9999999996317964), np.float64(0.26120910066854053), np.float64(0.999999648660002), np.float64(0.9999999967824001), 0.0, 0.0, np.float64(0.26120910066854053), 0.0, 0.0, 0.0, 0.0, np.float64(0.26120910066854053), 0.0, 0.0, 0.0, np.float64(0.999999994478289), np.float64(0.26120910066854053), 0.0, 0.0, np.float64(0.26120910066854053), 0.0, np.float64(0.26120910066854053), np.float64(0.26120910066854053), np.float64(0.26120910066854053), 0.0, 0.0, np.float64(0.999999999983357)]",1561.0,0.0,0.8903441202399403,0.9999999999999499,"[np.float64(0.999999999999819), 0.0, np.float64(0.9999999354504846), np.float64(0.9999999725397962), np.float64(0.9999999733274534), 0.0, np.float64(0.8903441202399403), np.float64(0.8673081423768667), np.float64(0.9999999999930927), np.float64(0.9999999999998209), np.float64(0.9999999999998114), 0.0, 0.0, 0.0, np.float64(0.9716497358269343), 0.0, np.float64(0.9999999999832647), 0.0, 0.0, np.float64(0.9999999999972705), 0.0, 0.0, 0.0, 0.0, 0.0, 0.0, np.float64(0.9999984475077932), np.float64(0.9999999999988979), np.float64(0.9999999999922554), 0.0, np.float64(0.9999999999754632), np.float64(0.9999999999999499), np.float64(0.991341307870077), np.float64(0.999999999941315), 0.0, 0.0, np.float64(0.9861465087519169), np.float64(0.9999999999992175), 0.0, 0.0, np.float64(0.9999999999912377), np.float64(0.9999999999774666), np.float64(0.9999999991344818), np.float64(0.9999999999999454), 0.0, 0.0, np.float64(0.9999999999979224), 0.0, np.float64(0.9999999999996783), 0.0, 0.0, 0.0, 0.0, np.float64(0.9999999999988384), np.float64(0.999999999999819)]",1209.0
BIOMD0000000425,1,4,0.0,0.0,0.0,[0.0],1.0,0.9867889522029478,0.9867889522029478,0.9867889522029478,[np.float64(0.9867889522029478)],2.0,0.9994221486290041,0.9994221486290041,0.9994221486290041,[np.float64(0.9994221486290041)],3.0
BIOMD0000000426,21,29,0.0,0.0,2.220446049250313e-16,"[0.0, 0.0, np.float64(2.220446049250313e-16), 0.0, 0.0, 0.0, 0.0, 0.0, np.float64(2.220446049250313e-16), 0.0, 0.0, 0.0, 0.0, np.float64(2.220446049250313e-16), 0.0, 0.0, 0.0, 0.0, 0.0, 0.0, np.float64(2.220446049250313e-16)]",19.0,0.0,0.0,0.993502094345776,"[np.float64(0.9863424544938396), 0.0, 0.0, 0.0, 0.0, 0.0, 0.0, 0.0, 0.0, 0.0, 0.0, 0.0, 0.0, 0.0, 0.0, np.float64(0.973633373196944), np.float64(0.3689815670301023), np.float64(0.993502094345776), np.float64(0.7822691073040936), np.float64(0.8670109764962494), 0.0]",444.0,0.0,0.9397955310963045,0.9999986227886047,"[np.float64(0.9999986227886047), np.float64(0.9837499903175274), np.float64(0.9397955310963045), np.float64(0.3786053384359924), np.float64(0.9958017015612443), np.float64(0.9915248191794855), np.float64(0.8585664763098666), 0.0, 0.0, np.float64(0.8819252763581956), np.float64(0.9954940983080928), np.float64(0.9979818085313076), np.float64(0.9474221484200622), np.float64(0.9895555664350096), np.float64(0.0034431099075483695), 0.0, np.float64(0.9999875633082947), np.float64(0.9537659985910902), 0.0, 0.0, np.float64(0.9170357179661713)]",4667.0
BIOMD0000000427,21,22,0.0,0.0,1.1102230246251565e-16,"[np.float64(1.1102230246251565e-16), 0.0, 0.0, 0.0, 0.0, 0.0, 0.0, 0.0, 0.0, 0.0, np.float64(1.1102230246251565e-16), 0.0, 0.0, 0.0, 0.0, 0.0, 0.0, 0.0, 0.0, 0.0, 0.0]",18.0,0.0,0.0,0.9983194466827203,"[0.0, 0.0, 0.0, 0.0, 0.0, 0.0, np.float64(0.817356346512437), np.float64(0.8173563465104975), 0.0, np.float64(0.6758237889644259), np.float64(0.6758237889551411), np.float64(0.9983194466826), np.float64(0.9983194466827203), 0.0, 0.0, 0.0, 0.0, 0.0, 0.0, 0.0, 0.0]",339.0,0.0,0.0,0.0,"[0.0, 0.0, 0.0, 0.0, 0.0, 0.0, 0.0, 0.0, 0.0, 0.0, 0.0, 0.0, 0.0, 0.0, 0.0, 0.0, 0.0, 0.0, 0.0, 0.0, 0.0]",1633.0
BIOMD0000000428,26,23,0.0,0.0,3.3306690738754696e-16,"[0.0, 0.0, np.float64(2.220446049250313e-16), 0.0, 0.0, 0.0, np.float64(3.3306690738754696e-16), 0.0, 0.0, 0.0, 0.0, 0.0, 0.0, np.float64(2.220446049250313e-16), 0.0, 0.0, 0.0, 0.0, 0.0, 0.0, 0.0, 0.0, np.float64(1.1102230246251565e-16), 0.0, 0.0, 0.0]",26.0,0.0,0.8619949519941785,0.9976881847234385,"[np.float64(0.9908183627468344), np.float64(0.9539568568268186), np.float64(0.9975000505819684), np.float64(0.9976881847234385), np.float64(0.7863570236464585), np.float64(0.7863570238811828), np.float64(0.8814183607106345), np.float64(0.8284138921424575), np.float64(0.5858739516955698), np.float64(0.8748803463993211), np.float64(0.9958898156409901), np.float64(0.9960284555519874), np.float64(0.8617601863722522), np.float64(0.9071350888300687), np.float64(0.9762059377098702), np.float64(0.8622297176161049), np.float64(0.9966010135407354), np.float64(0.8293286721621504), np.float64(0.9972066315329421), np.float64(0.46378981604613934), np.float64(0.6997586561241603), np.float64(0.7719897827245106), np.float64(0.8260277591399149), 0.0, 0.0, np.float64(0.8284138923679841)]",698.0,0.0,0.0,0.0,"[0.0, 0.0, 0.0, 0.0, 0.0, 0.0, 0.0, 0.0, 0.0, 0.0, 0.0, 0.0, 0.0, 0.0, 0.0, 0.0, 0.0, 0.0, 0.0, 0.0, 0.0, 0.0, 0.0, 0.0, 0.0, 0.0]",9623.0
BIOMD0000000430,27,28,0.0,0.0,2.220446049250313e-16,"[0.0, 0.0, 0.0, 0.0, 0.0, 0.0, 0.0, 0.0, 0.0, 0.0, 0.0, 0.0, 0.0, 0.0, 0.0, 0.0, 0.0, np.float64(2.220446049250313e-16), 0.0, 0.0, 0.0, 0.0, 0.0, 0.0, 0.0, 0.0, 0.0]",8.0,0.0,0.15276899833064694,0.9999999999998608,"[0.0, np.float64(0.15276899833064694), np.float64(0.15276899833064694), np.float64(0.15276899833064694), np.float64(0.15276899833064694), np.float64(0.15276899833064694), np.float64(0.9999999999941517), np.float64(0.999999999896393), np.float64(0.9999999999941412), 0.0, np.float64(0.15276899833064694), np.float64(0.15276899833064694), np.float64(0.9999999239800006), np.float64(0.999999999799673), np.float64(0.15276899833064694), np.float64(0.9999999999998246), np.float64(0.9999999999998608), np.float64(0.9999999999998608), np.float64(0.9985384401140868), np.float64(0.9985391193699437), np.float64(0.15276899833064694), np.float64(0.15276899833064694), np.float64(0.15276899833064694), np.float64(0.15276899833064694), np.float64(0.9999999349804786), np.float64(0.15276899833064694), np.float64(0.15276899833064694)]",261.0,0.0,0.1520352166318043,0.9999999999998608,"[np.float64(0.1520352166318043), np.float64(0.1520352166318043), np.float64(0.1520352166318043), np.float64(0.1520352166318043), np.float64(0.1520352166318043), np.float64(0.1520352166318043), np.float64(0.9999999999941517), np.float64(0.9999999998963923), np.float64(0.9999999999941412), 0.0, np.float64(0.1520352166318043), np.float64(0.1520352166318043), np.float64(0.9999999999933977), np.float64(0.9999999999996244), np.float64(0.1520352166318043), np.float64(0.9999999999998246), np.float64(0.9999999999998608), np.float64(0.9999999999998608), np.float64(0.9999999999940637), np.float64(0.9999999999940661), np.float64(0.1520352166318043), np.float64(0.1520352166318043), np.float64(0.1520352166318043), np.float64(0.1520352166318043), np.float64(0.9999999999995844), np.float64(0.1520352166318043), np.float64(0.1520352166318043)]",94.0
BIOMD0000000431,27,28,0.0,0.0,3.3306690738754696e-16,"[0.0, 0.0, 0.0, 0.0, 0.0, 0.0, np.float64(3.3306690738754696e-16), 0.0, 0.0, 0.0, 0.0, 0.0, np.float64(1.1102230246251565e-16), 0.0, 0.0, 0.0, np.float64(2.220446049250313e-16), 0.0, np.float64(1.1102230246251565e-16), np.float64(1.1102230246251565e-16), 0.0, 0.0, 0.0, 0.0, 0.0, np.float64(1.1102230246251565e-16), 0.0]",20.0,0.0,0.9195315064299281,0.9999999523529846,"[np.float64(0.9665069928800769), np.float64(0.9999999523529846), np.float64(0.99999380018168), 0.0, 0.0, np.float64(0.9523958673551196), np.float64(0.9538053806370707), np.float64(0.3695741624681306), np.float64(0.9535866201626945), 0.0, 0.0, 0.0, np.float64(0.9211961779417053), 0.0, np.float64(0.9204897084504813), np.float64(0.9930405639700199), np.float64(0.9195315064297809), np.float64(0.9195315064299281), 0.0, np.float64(0.9211170170419095), np.float64(0.8763058158031841), 0.0, np.float64(0.9246381116119994), 0.0, 0.0, np.float64(0.9225929953296038), np.float64(0.9237029361955869)]",654.0,0.0,0.0,0.0,"[0.0, 0.0, 0.0, 0.0, 0.0, 0.0, 0.0, 0.0, 0.0, 0.0, 0.0, 0.0, 0.0, 0.0, 0.0, 0.0, 0.0, 0.0, 0.0, 0.0, 0.0, 0.0, 0.0, 0.0, 0.0, 0.0, 0.0]",9887.0
BIOMD0000000432,11,10,0.0,0.0,0.0,"[0.0, 0.0, 0.0, 0.0, 0.0, 0.0, 0.0, 0.0, 0.0, 0.0, 0.0]",7.0,0.0,0.021654882738710635,0.9178210568384005,"[np.float64(0.021654882738710635), np.float64(0.021654882738698755), np.float64(0.9151268795998728), np.float64(0.37282400881635414), np.float64(0.9178210568384005), np.float64(0.6148644791374052), 0.0, np.float64(0.6079160159221528), 0.0, 0.0, 0.0]",76.0,0.0,0.0,0.0,"[0.0, 0.0, 0.0, 0.0, 0.0, 0.0, 0.0, 0.0, 0.0, 0.0, 0.0]",485.0
BIOMD0000000433,11,10,0.0,0.0,3.3306690738754696e-16,"[0.0, 0.0, 0.0, 0.0, 0.0, np.float64(1.1102230246251565e-16), 0.0, np.float64(3.3306690738754696e-16), 0.0, 0.0, 0.0]",8.0,0.047634528206808247,0.9808887135192487,0.9999999737593919,"[np.float64(0.9999998719601699), np.float64(0.9999998719601699), np.float64(0.9808887135192487), np.float64(0.9995111804358903), np.float64(0.9631708843573602), np.float64(0.9999999737593919), np.float64(0.9998689830660155), np.float64(0.18415444051577312), np.float64(0.047634528206808247), np.float64(0.047634528206808247), np.float64(0.047634528206808247)]",61.0,0.0,0.0,0.0685909075403135,"[0.0, 0.0, 0.0, 0.0, 0.0, 0.0, 0.0, 0.0, np.float64(0.0685909075403135), np.float64(0.0685909075403135), np.float64(0.0685909075403135)]",126.0
BIOMD0000000434,26,35,0.0,0.0,0.0,"[0.0, 0.0, 0.0, 0.0, 0.0, 0.0, 0.0, 0.0, 0.0, 0.0, 0.0, 0.0, 0.0, 0.0, 0.0, 0.0, 0.0, 0.0, 0.0, 0.0, 0.0, 0.0, 0.0, 0.0, 0.0, 0.0]",19.0,0.0,0.8423878144708661,0.999999999538758,"[np.float64(0.9999658259478788), np.float64(0.9868003101189999), np.float64(0.9905543039088095), np.float64(0.999999849139487), np.float64(0.9995708885737409), np.float64(0.9999999726749244), np.float64(0.7689718593313833), np.float64(0.9158037696103489), np.float64(0.9982677623397537), 0.0, 0.0, np.float64(0.5734322261600597), np.float64(0.9999999571086339), 0.0, np.float64(0.6898492897750165), 0.0, np.float64(0.9796180754277121), 0.0, np.float64(0.9999999978140944), 0.0, np.float64(0.9720582814764336), np.float64(0.999999999538758), 0.0, 0.0, 0.0, 0.0]",508.0,0.0,0.0,0.0,"[0.0, 0.0, 0.0, 0.0, 0.0, 0.0, 0.0, 0.0, 0.0, 0.0, 0.0, 0.0, 0.0, 0.0, 0.0, 0.0, 0.0, 0.0, 0.0, 0.0, 0.0, 0.0, 0.0, 0.0, 0.0, 0.0]",5527.0
BIOMD0000000435,4,8,0.0,0.0,0.0,"[0.0, 0.0, 0.0, 0.0]",4.0,0.9999955087532847,0.9999955087532847,0.9999955087532847,"[np.float64(0.9999955087532847), np.float64(0.9999955087532847), np.float64(0.9999955087532847), np.float64(0.9999955087532847)]",20.0,0.9999959223940565,0.9999959223940565,0.9999959223940565,"[np.float64(0.9999959223940565), np.float64(0.9999959223940565), np.float64(0.9999959223940565), np.float64(0.9999959223940565)]",60.0
BIOMD0000000436,12,22,0.0,0.0,2.220446049250313e-16,"[0.0, np.float64(1.1102230246251565e-16), 0.0, 0.0, 0.0, np.float64(2.220446049250313e-16), 0.0, 0.0, 0.0, 0.0, 0.0, 0.0]",9.0,0.0,0.9997263926345197,0.9999999999767845,"[np.float64(0.9999966167014728), np.float64(0.9998216959905326), np.float64(0.9997197768723454), np.float64(0.999719776872724), np.float64(0.9999999999767845), np.float64(0.9999730511086089), 0.0, np.float64(0.9993718216644082), 0.0, np.float64(0.20772307567190995), np.float64(0.9997330083963155), np.float64(0.9998537957002585)]",120.0,0.0,0.0,0.0,"[0.0, 0.0, 0.0, 0.0, 0.0, 0.0, 0.0, 0.0, 0.0, 0.0, 0.0, 0.0]",993.0
BIOMD0000000438,10,7,0.0,0.0,0.0,"[0.0, 0.0, 0.0, 0.0, 0.0, 0.0, 0.0, 0.0, 0.0, 0.0]",0.0,0.0,0.0,0.0,"[0.0, 0.0, 0.0, 0.0, 0.0, 0.0, 0.0, 0.0, 0.0, 0.0]",72.0,0.0,0.0,0.0,"[0.0, 0.0, 0.0, 0.0, 0.0, 0.0, 0.0, 0.0, 0.0, 0.0]",352.0
BIOMD0000000439,20,21,0.0,0.0,0.0,"[0.0, 0.0, 0.0, 0.0, 0.0, 0.0, 0.0, 0.0, 0.0, 0.0, 0.0, 0.0, 0.0, 0.0, 0.0, 0.0, 0.0, 0.0, 0.0, 0.0]",7.0,0.0,0.7197126252157947,0.9841361822640476,"[np.float64(0.97534481284025), 0.0, np.float64(0.17167854731306886), np.float64(0.19188873870296363), np.float64(0.9753466547896695), 0.0, 0.0, np.float64(0.7592759842370302), np.float64(0.6823475713797726), np.float64(0.5739788560570191), np.float64(0.5600055855601273), np.float64(0.9145487840336614), np.float64(0.9145487840336817), 0.0, np.float64(0.9718465931957188), np.float64(0.7570776790518168), np.float64(0.6731475989400446), np.float64(0.9841361822640476), np.float64(0.8872810673782627), np.float64(0.8934342740768185)]",403.0,0.0,0.0,0.0,"[0.0, 0.0, 0.0, 0.0, 0.0, 0.0, 0.0, 0.0, 0.0, 0.0, 0.0, 0.0, 0.0, 0.0, 0.0, 0.0, 0.0, 0.0, 0.0, 0.0]",3726.0
BIOMD0000000440,11,10,0.0,0.0,2.220446049250313e-16,"[np.float64(2.220446049250313e-16), 0.0, 0.0, 0.0, 0.0, 0.0, 0.0, 0.0, 0.0, 0.0, 0.0]",7.0,0.0,0.5134839479960283,0.9494348030418359,"[np.float64(0.9494348030418359), np.float64(0.9494348019839991), np.float64(0.609810946060438), np.float64(0.6354863653890952), np.float64(0.3900759233170201), np.float64(0.5893302281279602), np.float64(0.17048457647629778), np.float64(0.5134839479960283), 0.0, 0.0, 0.0]",96.0,0.0,0.5942667316640919,0.946399628181865,"[np.float64(0.946399628181865), np.float64(0.9463996085338093), np.float64(0.8785546138260716), np.float64(0.2326255741326384), np.float64(0.5942667316640919), np.float64(0.6354728861625271), 0.0, np.float64(0.7248905058381898), 0.0, 0.0, 0.0]",624.0
BIOMD0000000441,11,10,0.0,0.0,2.220446049250313e-16,"[0.0, 0.0, 0.0, 0.0, 0.0, np.float64(2.220446049250313e-16), 0.0, 0.0, 0.0, 0.0, 0.0]",8.0,0.0,0.18215318297965188,0.9249783198513786,"[np.float64(0.18215318297965188), np.float64(0.1821531829796511), np.float64(0.9185262931082124), np.float64(0.9249783198513786), 0.0, np.float64(0.6419721267124179), np.float64(0.1967713559360149), np.float64(0.8500082307341223), 0.0, 0.0, 0.0]",84.0,0.0,0.0,0.01574634279403253,"[0.0, 0.0, 0.0, 0.0, 0.0, np.float64(0.007067055143986756), np.float64(0.01574634279403253), 0.0, 0.0, 0.0, 0.0]",335.0
BIOMD0000000442,13,12,0.0,0.0,0.0,"[0.0, 0.0, 0.0, 0.0, 0.0, 0.0, 0.0, 0.0, 0.0, 0.0, 0.0, 0.0, 0.0]",10.0,0.0,0.2375355545650657,0.9248454279225446,"[np.float64(0.2375355545650657), np.float64(0.2375355545650668), np.float64(0.9187472124284767), np.float64(0.9248454279225446), 0.0, np.float64(0.7048862055111366), np.float64(0.26618507620850473), np.float64(0.7759439197064939), 0.0, 0.0, 0.0, 0.0, 0.0]",113.0,0.0,0.0,0.0,"[0.0, 0.0, 0.0, 0.0, 0.0, 0.0, 0.0, 0.0, 0.0, 0.0, 0.0, 0.0, 0.0]",583.0
BIOMD0000000443,19,22,0.0,0.0,3.3306690738754696e-16,"[np.float64(3.3306690738754696e-16), 0.0, 0.0, 0.0, 0.0, 0.0, 0.0, 0.0, 0.0, 0.0, 0.0, 0.0, 0.0, 0.0, 0.0, 0.0, 0.0, np.float64(1.1102230246251565e-16), np.float64(2.220446049250313e-16)]",15.0,0.0,0.9959231280328921,0.9999999998955275,"[np.float64(0.9982921174693121), np.float64(0.998292105864939), np.float64(0.9996765859213398), np.float64(0.9956231412643795), np.float64(0.9999544489652564), np.float64(0.5510417525828177), np.float64(0.9938472101355549), np.float64(0.9998858952868521), 0.0, 0.0, 0.0, np.float64(0.9998547076241038), np.float64(0.9999999541983577), np.float64(0.9999999998955275), np.float64(0.9959231280328921), 0.0, np.float64(0.5564895695224004), np.float64(0.9927875002826161), np.float64(0.9959377809563783)]",298.0,0.0,0.0,0.0,"[0.0, 0.0, 0.0, 0.0, 0.0, 0.0, 0.0, 0.0, 0.0, 0.0, 0.0, 0.0, 0.0, 0.0, 0.0, 0.0, 0.0, 0.0, 0.0]",2760.0
BIOMD0000000444,18,22,0.0,0.0,2.220446049250313e-16,"[0.0, 0.0, np.float64(2.220446049250313e-16), 0.0, 0.0, 0.0, 0.0, 0.0, 0.0, 0.0, 0.0, 0.0, 0.0, 0.0, 0.0, np.float64(2.220446049250313e-16), 0.0, 0.0]",15.0,0.0,0.9817072169631882,0.9999999996357625,"[np.float64(0.7397769047620902), np.float64(0.7397769041539972), np.float64(0.9778375921416803), np.float64(0.9861635284636826), np.float64(0.9698700669890953), np.float64(0.5444997037136258), np.float64(0.9855768417846962), np.float64(0.9998320888867819), 0.0, 0.0, 0.0, np.float64(0.9998263579917134), np.float64(0.9999999131093319), np.float64(0.9999999996357625), np.float64(0.9989445878775116), np.float64(0.9989455020449249), np.float64(0.5505883140909353), np.float64(0.9856383905608997)]",283.0,0.0,0.0,0.9992715380354227,"[np.float64(0.9992715380205354), np.float64(0.9992715380354227), 0.0, 0.0, 0.0, 0.0, 0.0, 0.0, 0.0, 0.0, 0.0, 0.0, 0.0, 0.0, 0.0, 0.0, 0.0, 0.0]",2444.0
BIOMD0000000445,32,64,0.0,0.0,0.0,"[0.0, 0.0, 0.0, 0.0, 0.0, 0.0, 0.0, 0.0, 0.0, 0.0, 0.0, 0.0, 0.0, 0.0, 0.0, 0.0, 0.0, 0.0, 0.0, 0.0, 0.0, 0.0, 0.0, 0.0, 0.0, 0.0, 0.0, 0.0, 0.0, 0.0, 0.0, 0.0]",0.0,0.0,0.9301307737520812,0.9981228265635329,"[np.float64(0.9950506093886008), np.float64(0.7419232101464296), np.float64(0.6475989173014058), np.float64(0.7541427693051577), np.float64(0.7928562159627363), np.float64(0.19140078499001378), 0.0, np.float64(0.9855078595075397), np.float64(0.6767783251960982), np.float64(0.9183382656044757), np.float64(0.9961991320414838), np.float64(0.9981228265635329), np.float64(0.9571011617979126), np.float64(0.9650562302114986), np.float64(0.9381065581715532), np.float64(0.940756628809408), np.float64(0.9706484596527254), np.float64(0.9933468100657274), np.float64(0.9976672909058022), np.float64(0.9032271708600689), 0.0, np.float64(0.9221549893326091), np.float64(0.9978528153180232), np.float64(0.7818753853871756), np.float64(0.9790091849236926), np.float64(0.9932101140692873), np.float64(0.8489746066896378), 0.0, np.float64(0.9955471668281254), np.float64(0.9957546953112657), np.float64(0.9173335638499602), np.float64(0.8278848273867486)]",1049.0,0.0,0.0,0.0,"[0.0, 0.0, 0.0, 0.0, 0.0, 0.0, 0.0, 0.0, 0.0, 0.0, 0.0, 0.0, 0.0, 0.0, 0.0, 0.0, 0.0, 0.0, 0.0, 0.0, 0.0, 0.0, 0.0, 0.0, 0.0, 0.0, 0.0, 0.0, 0.0, 0.0, 0.0, 0.0]",17952.0
BIOMD0000000446,27,62,0.0,0.0,0.0,"[0.0, 0.0, 0.0, 0.0, 0.0, 0.0, 0.0, 0.0, 0.0, 0.0, 0.0, 0.0, 0.0, 0.0, 0.0, 0.0, 0.0, 0.0, 0.0, 0.0, 0.0, 0.0, 0.0, 0.0, 0.0, 0.0, 0.0]",12.0,0.0,0.0,0.999999998137578,"[0.0, 0.0, np.float64(0.9389653890749342), 0.0, np.float64(0.9389653890749342), 0.0, 0.0, 0.0, 0.0, 0.0, 0.0, np.float64(0.9999976918599749), 0.0, np.float64(0.999999998137578), np.float64(0.9999961053931897), 0.0, 0.0, 0.0, np.float64(0.9101588278261725), 0.0, 0.0, 0.0, 0.0, 0.0, 0.0, 0.0, np.float64(0.9996059539778257)]",504.0,0.0,0.0,0.1992127043010835,"[0.0, 0.0, 0.0, 0.0, 0.0, 0.0, 0.0, 0.0, 0.0, 0.0, 0.0, np.float64(0.1992127043010835), 0.0, 0.0, 0.0, 0.0, 0.0, 0.0, 0.0, 0.0, 0.0, 0.0, 0.0, 0.0, 0.0, 0.0, 0.0]",6619.0
BIOMD0000000447,13,32,0.0,0.0,0.0,"[0.0, 0.0, 0.0, 0.0, 0.0, 0.0, 0.0, 0.0, 0.0, 0.0, 0.0, 0.0, 0.0]",2.0,0.0,0.9998669223385587,0.9999999993466536,"[np.float64(0.9999999993466536), np.float64(0.9989043015805943), np.float64(0.9999998837924325), 0.0, np.float64(0.9998669223385587), np.float64(0.9990127037771447), np.float64(0.9996247662182781), np.float64(0.9999999185122775), 0.0, np.float64(0.9999996247738249), np.float64(0.999998576185474), 0.0, np.float64(0.9999997332024254)]",178.0,0.0,0.9999877901586276,0.9999996166571242,"[np.float64(0.9999995966337628), np.float64(0.9872706281595172), np.float64(0.9999994742451269), np.float64(0.9999650992576339), np.float64(0.9999986191741527), np.float64(0.9999719892605412), np.float64(0.9999815008866546), np.float64(0.9999996166571242), 0.0, np.float64(0.9999977614594134), np.float64(0.9999877901586276), 0.0, np.float64(0.9999975925072851)]",1358.0
BIOMD0000000448,27,34,0.0,0.0,1.1102230246251565e-16,"[0.0, 0.0, 0.0, 0.0, 0.0, 0.0, 0.0, 0.0, 0.0, 0.0, 0.0, 0.0, 0.0, 0.0, 0.0, 0.0, 0.0, 0.0, 0.0, 0.0, 0.0, 0.0, 0.0, 0.0, 0.0, np.float64(1.1102230246251565e-16), np.float64(1.1102230246251565e-16)]",22.0,0.0,0.9582524337892742,0.9999432898994121,"[np.float64(0.9532363681916456), np.float64(0.9531520651130557), np.float64(0.9527903463556301), np.float64(0.970953166633029), np.float64(0.9998304721927799), np.float64(0.9921993631146692), 0.0, np.float64(0.9209048786528022), np.float64(0.9980110330567152), 0.0, 0.0, np.float64(0.9887148517778955), np.float64(0.9509798582010527), np.float64(0.968137977635192), np.float64(0.9944886686796885), np.float64(0.9582524337892742), np.float64(0.958252433788809), np.float64(0.9963275605211035), np.float64(0.9963275605214472), np.float64(0.9614707874534649), np.float64(0.9614707874561139), np.float64(0.9581738458650356), np.float64(0.9581738458674302), np.float64(0.7142612555195511), np.float64(0.7142612649689788), np.float64(0.9999432898994035), np.float64(0.9999432898994121)]",674.0,0.0,0.0,0.35921077911732746,"[np.float64(0.10897383154674334), 0.0, np.float64(0.10056877964773192), 0.0, 0.0, 0.0, 0.0, 0.0, 0.0, 0.0, 0.0, 0.0, 0.0, 0.0, 0.0, np.float64(0.359210779113873), np.float64(0.35921077911732746), 0.0, 0.0, np.float64(0.2741670768612371), np.float64(0.2741670768578911), np.float64(0.2174067721566435), np.float64(0.21740677216298887), 0.0, 0.0, 0.0, 0.0]",4833.0
BIOMD0000000449,27,34,0.0,0.0,1.1102230246251565e-16,"[0.0, 0.0, 0.0, 0.0, 0.0, 0.0, 0.0, 0.0, 0.0, 0.0, 0.0, 0.0, 0.0, 0.0, 0.0, 0.0, 0.0, 0.0, 0.0, 0.0, np.float64(1.1102230246251565e-16), 0.0, 0.0, 0.0, 0.0, 0.0, 0.0]",25.0,0.0,0.9999998997747688,0.9999999999000881,"[np.float64(0.999999999798895), np.float64(0.9996296060671737), np.float64(0.9999999999000881), np.float64(0.9693963194750744), np.float64(0.9897635478853702), np.float64(0.9999999988861221), np.float64(0.9999653169886727), np.float64(0.9999999983918028), np.float64(0.9999999995930688), 0.0, 0.0, np.float64(0.9999997913580698), np.float64(0.9999998997747688), np.float64(0.9999999858240766), np.float64(0.9999999879582717), np.float64(0.9999995174790579), np.float64(0.9999995174790592), np.float64(0.9916478952690764), np.float64(0.9916478812218571), np.float64(0.9999999857692151), np.float64(0.9999999857692148), np.float64(0.9999999217998884), np.float64(0.9999999217998884), np.float64(0.47191839521594636), np.float64(0.47192116987978316), np.float64(0.9999999997052145), np.float64(0.9999999997052144)]",659.0,0.0,0.0,0.9997070048263185,"[np.float64(0.9961159234945498), 0.0, np.float64(0.9997070048263185), 0.0, 0.0, 0.0, 0.0, 0.0, np.float64(0.3034538908486596), 0.0, 0.0, np.float64(0.9694457477683326), np.float64(0.984528637582279), np.float64(0.7518732865696263), np.float64(0.6121449823500241), np.float64(0.7870974552141285), np.float64(0.7870974552632237), 0.0, 0.0, np.float64(0.9663271735609781), np.float64(0.9663271735290412), np.float64(0.9381747950001995), np.float64(0.9381747948661273), 0.0, 0.0, 0.0, 0.0]",4319.0
BIOMD0000000454,3,4,2.220446049250313e-16,2.220446049250313e-16,2.220446049250313e-16,"[np.float64(2.220446049250313e-16), np.float64(2.220446049250313e-16), np.float64(2.220446049250313e-16)]",0.0,0.0,0.0,0.0,"[0.0, 0.0, 0.0]",0.0,0.0,0.0,0.0,"[0.0, 0.0, 0.0]",0.0
BIOMD0000000455,3,5,0.0,0.0,0.0,"[0.0, 0.0, 0.0]",0.0,0.0,0.0,0.0,"[0.0, 0.0, 0.0]",0.0,0.0,0.0,0.0,"[0.0, 0.0, 0.0]",0.0
BIOMD0000000456,4,6,0.0,0.0,0.0,"[0.0, 0.0, 0.0, 0.0]",0.0,0.0,0.0,0.0,"[0.0, 0.0, 0.0, 0.0]",0.0,0.0,0.0,0.0,"[0.0, 0.0, 0.0, 0.0]",0.0
BIOMD0000000458,2,3,0.0,0.0,0.0,"[0.0, 0.0]",0.0,0.5317352057854576,0.5317352057854582,0.5317352057854587,"[np.float64(0.5317352057854576), np.float64(0.5317352057854587)]",4.0,0.5603702365665539,0.5603702365665562,0.5603702365665584,"[np.float64(0.5603702365665539), np.float64(0.5603702365665584)]",10.0
BIOMD0000000459,3,3,0.0,0.0,2.220446049250313e-16,"[0.0, 0.0, np.float64(2.220446049250313e-16)]",3.0,0.0,0.0,0.9999999977464863,"[np.float64(0.9999999977464863), 0.0, 0.0]",5.0,0.0,0.0,0.9981926955288456,"[np.float64(0.9981926955288456), 0.0, 0.0]",7.0
BIOMD0000000460,3,3,0.0,0.0,0.0,"[0.0, 0.0, 0.0]",3.0,0.0,0.0,0.9892959678864092,"[np.float64(0.9892959678864092), 0.0, 0.0]",5.0,0.0,0.0,0.0,"[0.0, 0.0, 0.0]",6.0
BIOMD0000000461,3,3,0.0,0.0,0.0,"[0.0, 0.0, 0.0]",3.0,0.0,0.0,0.9999999642560353,"[np.float64(0.9999999642560353), 0.0, 0.0]",10.0,0.0,0.0,0.0,"[0.0, 0.0, 0.0]",19.0
BIOMD0000000462,4,8,0.0,0.0,0.0,"[0.0, 0.0, 0.0, 0.0]",0.0,0.0,0.0,0.004246898877739991,"[0.0, 0.0, 0.0, np.float64(0.004246898877739991)]",7.0,0.0,0.5099031938640557,0.999999999931762,"[np.float64(0.999999999931762), np.float64(0.9999803550571443), 0.0, np.float64(0.019826032670966942)]",9.0
BIOMD0000000464,14,10,0.0,0.0,1.1102230246251565e-16,"[0.0, 0.0, 0.0, 0.0, 0.0, 0.0, 0.0, 0.0, 0.0, np.float64(1.1102230246251565e-16), 0.0, 0.0, 0.0, 0.0]",10.0,0.0,0.0,0.9999999984104445,"[0.0, np.float64(0.9530330855042821), np.float64(0.9459937835742377), np.float64(0.9460226157594543), 0.0, 0.0, 0.0, np.float64(0.9999999984104445), np.float64(0.9527449322532099), np.float64(0.9529324763838909), 0.0, 0.0, 0.0, 0.0]",106.0,0.0,0.0,0.1491352747650403,"[np.float64(0.1491352747650403), 0.0, 0.0, 0.0, np.float64(0.1491352747650403), 0.0, 0.0, 0.0, 0.0, 0.0, 0.0, 0.0, 0.0, np.float64(0.1491352747650403)]",268.0
BIOMD0000000465,16,12,0.0,0.0,2.220446049250313e-16,"[0.0, 0.0, 0.0, 0.0, 0.0, 0.0, 0.0, 0.0, 0.0, 0.0, 0.0, np.float64(2.220446049250313e-16), 0.0, 0.0, 0.0, 0.0]",11.0,0.0,0.23563701706231538,0.999998133017628,"[np.float64(0.47127403412463076), 0.0, np.float64(0.9999979696382115), np.float64(0.9515510168162292), 0.0, np.float64(0.9981999255876752), np.float64(0.9999784148802578), 0.0, np.float64(0.9999784148802578), 0.0, 0.0, np.float64(0.4712740383223941), 0.0, 0.0, np.float64(0.999998133017628), 0.0]",124.0,0.0,0.0,0.0,"[0.0, 0.0, 0.0, 0.0, 0.0, 0.0, 0.0, 0.0, 0.0, 0.0, 0.0, 0.0, 0.0, 0.0, 0.0, 0.0]",1090.0
BIOMD0000000466,34,28,0.0,0.0,2.220446049250313e-16,"[0.0, np.float64(2.220446049250313e-16), 0.0, 0.0, 0.0, 0.0, 0.0, 0.0, 0.0, 0.0, 0.0, 0.0, 0.0, 0.0, 0.0, 0.0, 0.0, 0.0, 0.0, 0.0, 0.0, 0.0, 0.0, 0.0, 0.0, 0.0, 0.0, 0.0, 0.0, 0.0, 0.0, 0.0, 0.0, 0.0]",6.0,0.0,0.0,0.999853266526779,"[0.0, 0.0, 0.0, 0.0, 0.0, np.float64(0.2555804554819965), np.float64(0.9998262090779855), 0.0, 0.0, np.float64(0.7943826631317727), 0.0, 0.0, 0.0, 0.0, 0.0, 0.0, 0.0, np.float64(0.999853266526779), 0.0, 0.0, 0.0, 0.0, np.float64(0.9987527218738906), 0.0, 0.0, 0.0, 0.0, 0.0, 0.0, 0.0, 0.0, 0.0, 0.0, 0.0]",711.0,0.0,0.0,0.0,"[0.0, 0.0, 0.0, 0.0, 0.0, 0.0, 0.0, 0.0, 0.0, 0.0, 0.0, 0.0, 0.0, 0.0, 0.0, 0.0, 0.0, 0.0, 0.0, 0.0, 0.0, 0.0, 0.0, 0.0, 0.0, 0.0, 0.0, 0.0, 0.0, 0.0, 0.0, 0.0, 0.0, 0.0]",6919.0
BIOMD0000000467,19,24,0.0,0.0,0.0,"[0.0, 0.0, 0.0, 0.0, 0.0, 0.0, 0.0, 0.0, 0.0, 0.0, 0.0, 0.0, 0.0, 0.0, 0.0, 0.0, 0.0, 0.0, 0.0]",4.0,0.0,0.0,0.9999999998657846,"[0.0, 0.0, 0.0, 0.0, 0.0, 0.0, 0.0, 0.0, 0.0, 0.0, 0.0, 0.0, np.float64(0.9999999998657846), np.float64(0.9999999998657846), 0.0, 0.0, 0.0, 0.0, 0.0]",242.0,0.0,0.0,0.0,"[0.0, 0.0, 0.0, 0.0, 0.0, 0.0, 0.0, 0.0, 0.0, 0.0, 0.0, 0.0, 0.0, 0.0, 0.0, 0.0, 0.0, 0.0, 0.0]",1453.0
BIOMD0000000468,79,74,0.0,0.0,2.220446049250313e-16,"[0.0, 0.0, 0.0, 0.0, 0.0, 0.0, 0.0, 0.0, 0.0, np.float64(1.1102230246251565e-16), 0.0, 0.0, 0.0, 0.0, 0.0, np.float64(1.1102230246251565e-16), 0.0, 0.0, 0.0, 0.0, 0.0, 0.0, 0.0, 0.0, 0.0, 0.0, 0.0, 0.0, 0.0, 0.0, 0.0, 0.0, 0.0, 0.0, 0.0, 0.0, 0.0, 0.0, 0.0, 0.0, 0.0, 0.0, 0.0, 0.0, 0.0, 0.0, 0.0, 0.0, np.float64(2.220446049250313e-16), 0.0, 0.0, 0.0, 0.0, 0.0, 0.0, 0.0, 0.0, 0.0, 0.0, 0.0, 0.0, 0.0, 0.0, 0.0, 0.0, 0.0, 0.0, 0.0, 0.0, 0.0, 0.0, 0.0, 0.0, 0.0, 0.0, 0.0, 0.0, 0.0, 0.0]",28.0,0.0,0.0,0.9998635722985476,"[0.0, np.float64(0.9997351465366892), 0.0, 0.0, 0.0, 0.0, 0.0, 0.0, np.float64(0.9990366008233045), np.float64(0.9998635722985476), np.float64(0.16651194941034086), np.float64(0.2151374386230196), np.float64(0.2151374386230196), 0.0, 0.0, 0.0, 0.0, 0.0, 0.0, 0.0, np.float64(0.2151374386230196), 0.0, np.float64(0.2151374386230196), 0.0, 0.0, 0.0, 0.0, 0.0, 0.0, 0.0, np.float64(0.2151374386230196), np.float64(0.2294360025706258), 0.0, 0.0, 0.0, 0.0, 0.0, 0.0, 0.0, 0.0, 0.0, 0.0, 0.0, 0.0, 0.0, 0.0, 0.0, 0.0, 0.0, 0.0, 0.0, 0.0, 0.0, 0.0, 0.0, 0.0, 0.0, 0.0, 0.0, 0.0, 0.0, 0.0, 0.0, 0.0, 0.0, 0.0, 0.0, 0.0, 0.0, 0.0, 0.0, 0.0, 0.0, 0.0, 0.0, 0.0, 0.0, 0.0, 0.0]",3956.0,0.0,0.0,0.9999999994696992,"[0.0, 0.0, 0.0, 0.0, 0.0, 0.0, 0.0, 0.0, 0.0, 0.0, 0.0, 0.0, 0.0, 0.0, 0.0, 0.0, 0.0, 0.0, 0.0, 0.0, 0.0, 0.0, 0.0, 0.0, 0.0, 0.0, 0.0, 0.0, np.float64(0.9999999994696992), 0.0, 0.0, 0.0, 0.0, 0.0, 0.0, 0.0, 0.0, 0.0, 0.0, 0.0, 0.0, 0.0, 0.0, 0.0, 0.0, 0.0, 0.0, 0.0, 0.0, 0.0, 0.0, 0.0, 0.0, 0.0, 0.0, 0.0, 0.0, 0.0, 0.0, 0.0, 0.0, 0.0, 0.0, 0.0, 0.0, 0.0, np.float64(0.999999997204485), 0.0, np.float64(0.9999999979002457), 0.0, 0.0, 0.0, 0.0, 0.0, 0.0, 0.0, 0.0, 0.0, 0.0]",54211.0
BIOMD0000000475,23,25,0.0,0.0,2.220446049250313e-16,"[np.float64(2.220446049250313e-16), 0.0, 0.0, 0.0, 0.0, 0.0, 0.0, 0.0, 0.0, 0.0, 0.0, np.float64(2.220446049250313e-16), 0.0, 0.0, 0.0, 0.0, 0.0, 0.0, 0.0, 0.0, 0.0, 0.0, 0.0]",12.0,0.0,0.6186713808636863,0.9999999993942909,"[0.0, 0.0, 0.0, np.float64(0.618663246598317), np.float64(0.6192102409804228), 0.0, np.float64(0.9999999993942909), np.float64(0.6186736718486056), np.float64(0.9999999980438369), np.float64(0.9999999990272445), 0.0, np.float64(0.9998399529385421), np.float64(0.9998209223053537), 0.0, np.float64(0.6186713808636863), np.float64(0.9999689382245084), np.float64(0.5741498668877336), np.float64(0.6186713197006115), 0.0, np.float64(0.9999839574978265), np.float64(0.9999972014202564), np.float64(0.999733296091621), 0.0]",285.0,0.0,0.0,0.999999999999998,"[np.float64(0.999999999999998), np.float64(0.9999999999998844), 0.0, 0.0, 0.0, np.float64(0.999999999999975), 0.0, 0.0, 0.0, 0.0, 0.0, 0.0, np.float64(0.5840682454885171), 0.0, 0.0, np.float64(0.5537681661131628), 0.0, 0.0, np.float64(0.19210109542415643), np.float64(0.6067595513868258), 0.0, 0.0, np.float64(0.19210109542415643)]",1537.0
BIOMD0000000476,16,36,0.0,0.0,0.0,"[0.0, 0.0, 0.0, 0.0, 0.0, 0.0, 0.0, 0.0, 0.0, 0.0, 0.0, 0.0, 0.0, 0.0, 0.0, 0.0]",2.0,0.0,0.9787638955556024,0.9998868711963158,"[np.float64(0.42142485686826026), np.float64(0.3961184020147983), np.float64(0.4042901051648998), np.float64(0.9979053839939578), np.float64(0.9998868711963158), np.float64(0.9996630513659676), np.float64(0.9839645645638596), np.float64(0.9997895842306918), np.float64(0.9876331703457568), 0.0, 0.0, np.float64(0.6615007595353186), np.float64(0.3960880124198223), np.float64(0.9886321995009189), np.float64(0.9735632265473452), np.float64(0.9970349337010037)]",268.0,0.0,0.0,0.9959167729096841,"[0.0, 0.0, 0.0, np.float64(0.9528176290459159), np.float64(0.9959167729096841), np.float64(0.9790094057778266), 0.0, np.float64(0.9940907745725278), np.float64(0.994454202050522), 0.0, 0.0, 0.0, 0.0, 0.0, 0.0, np.float64(0.9659422891594722)]",2447.0
BIOMD0000000477,43,49,0.0,0.0,3.3306690738754696e-16,"[np.float64(2.220446049250313e-16), 0.0, 0.0, 0.0, 0.0, 0.0, 0.0, 0.0, 0.0, 0.0, 0.0, 0.0, 0.0, 0.0, 0.0, 0.0, 0.0, np.float64(1.1102230246251565e-16), 0.0, 0.0, 0.0, 0.0, np.float64(1.1102230246251565e-16), 0.0, 0.0, 0.0, 0.0, 0.0, 0.0, np.float64(3.3306690738754696e-16), 0.0, 0.0, 0.0, 0.0, 0.0, 0.0, 0.0, 0.0, 0.0, 0.0, 0.0, 0.0, 0.0]",42.0,0.9999959660084686,0.999999997967626,0.9999999999999349,"[np.float64(0.9999999983424371), np.float64(0.9999998660905757), np.float64(0.9999999368981396), np.float64(0.9999999970477745), np.float64(0.9999999978799742), np.float64(0.9999998684449318), np.float64(0.9999994484619138), np.float64(0.9999999999682067), np.float64(0.9999999951749864), np.float64(0.9999999892367405), np.float64(0.9999999583901193), np.float64(0.9999976277222423), np.float64(0.9999999998988323), np.float64(0.9999999691582687), np.float64(0.999999925858737), np.float64(0.9999999471889509), np.float64(0.9999999956477319), np.float64(0.9999999999508442), np.float64(0.999999999976115), np.float64(0.999999999987076), np.float64(0.9999959660084686), np.float64(0.9999999998988323), np.float64(0.9999999991882659), np.float64(0.9999999999999349), np.float64(0.9999999999950785), np.float64(0.9999999999881503), np.float64(0.9999999382833521), np.float64(0.9999999999947886), np.float64(0.9999999999989208), np.float64(0.9999999999332567), np.float64(0.9999999971452523), np.float64(0.999999997967626), np.float64(0.9999999999998203), np.float64(0.9999999999995778), np.float64(0.9999997894853144), np.float64(0.9999999998669861), np.float64(0.9999999999794275), np.float64(0.9999998681113683), np.float64(0.9999999932222227), np.float64(0.9999999999961051), np.float64(0.9999999999996125), np.float64(0.9999999999985363), np.float64(0.9999997957950606)]",1892.0,0.9795382147996154,0.9999799310237788,0.9999999823522457,"[np.float64(0.9997302451283266), np.float64(0.9932911411090678), np.float64(0.9992664726205727), np.float64(0.9999971841916665), np.float64(0.9999987276635921), np.float64(0.999979170229655), np.float64(0.9999190427438801), np.float64(0.9999997805001206), np.float64(0.9999986396387734), np.float64(0.9999994911580815), np.float64(0.9999980775466939), np.float64(0.999710677156063), np.float64(0.9999925294339784), np.float64(0.9986099602724898), np.float64(0.996606951672568), np.float64(0.9977825948541249), np.float64(0.999889861064886), np.float64(0.9999986109243159), np.float64(0.9999974245637683), np.float64(0.9999988002253041), np.float64(0.9998969217652219), np.float64(0.9999925294340188), np.float64(0.9999431281457248), np.float64(0.9795382147996154), np.float64(0.9999999587311108), np.float64(0.9999997258041843), np.float64(0.9999813917323468), np.float64(0.9997517087107916), np.float64(0.9999999072539809), np.float64(0.9999957752616866), np.float64(0.9999799310237788), np.float64(0.9999865061711417), np.float64(0.9994612434302506), np.float64(0.9999533163405754), np.float64(0.9967282740903337), np.float64(0.9999750208234571), np.float64(0.9999999823522457), np.float64(0.999921987255656), np.float64(0.999999850668774), np.float64(0.9999996825242179), np.float64(0.9999999632864474), np.float64(0.9827659149101542), np.float64(0.9968651221097848)]",42557.0
BIOMD0000000482,23,29,0.0,0.0,1.1102230246251565e-16,"[0.0, 0.0, 0.0, 0.0, 0.0, np.float64(1.1102230246251565e-16), 0.0, 0.0, 0.0, 0.0, 0.0, 0.0, 0.0, 0.0, 0.0, 0.0, 0.0, 0.0, 0.0, 0.0, 0.0, 0.0, 0.0]",21.0,0.0,0.0,0.9999610835169322,"[0.0, 0.0, 0.0, 0.0, np.float64(0.9653324313214776), np.float64(0.9988388605211797), np.float64(0.9999167041838891), np.float64(0.9999610835169322), 0.0, 0.0, 0.0, 0.0, 0.0, 0.0, 0.0, np.float64(0.9968027507942592), 0.0, 0.0, 0.0, 0.0, 0.0, np.float64(0.9990173418638307), np.float64(0.9968109743630651)]",348.0,0.0,0.0,0.9999999999999636,"[0.0, 0.0, np.float64(0.999999999958948), np.float64(0.9999999999999636), 0.0, 0.0, 0.0, 0.0, 0.0, 0.0, np.float64(0.9999999969260487), np.float64(0.9999999969260441), 0.0, 0.0, np.float64(0.999999999999892), 0.0, np.float64(0.9999984816190909), np.float64(0.9999999999998962), np.float64(0.9999999955193497), 0.0, np.float64(0.9999999477441451), 0.0, 0.0]",1162.0
BIOMD0000000483,8,8,2.220446049250313e-16,2.220446049250313e-16,2.220446049250313e-16,"[np.float64(2.220446049250313e-16), np.float64(2.220446049250313e-16), np.float64(2.220446049250313e-16), np.float64(2.220446049250313e-16), np.float64(2.220446049250313e-16), np.float64(2.220446049250313e-16), np.float64(2.220446049250313e-16), np.float64(2.220446049250313e-16)]",0.0,0.0,0.0,0.0,"[0.0, 0.0, 0.0, 0.0, 0.0, 0.0, 0.0, 0.0]",0.0,0.0,0.0,0.0,"[0.0, 0.0, 0.0, 0.0, 0.0, 0.0, 0.0, 0.0]",0.0
BIOMD0000000484,2,2,2.220446049250313e-16,2.220446049250313e-16,2.220446049250313e-16,"[np.float64(2.220446049250313e-16), np.float64(2.220446049250313e-16)]",2.0,0.9998965200979993,0.9998965200979993,0.9998965200979993,"[np.float64(0.9998965200979993), np.float64(0.9998965200979993)]",6.0,0.9999465609209565,0.9999465609209565,0.9999465609209565,"[np.float64(0.9999465609209565), np.float64(0.9999465609209565)]",12.0
BIOMD0000000485,2,4,0.0,0.0,0.0,"[0.0, 0.0]",2.0,0.9995728139468393,0.9995728139468394,0.9995728139468396,"[np.float64(0.9995728139468396), np.float64(0.9995728139468393)]",6.0,0.9999999869273442,0.9999999869273442,0.9999999869273442,"[np.float64(0.9999999869273442), np.float64(0.9999999869273442)]",12.0
BIOMD0000000486,2,2,2.220446049250313e-16,2.220446049250313e-16,2.220446049250313e-16,"[np.float64(2.220446049250313e-16), np.float64(2.220446049250313e-16)]",0.0,0.0,0.0,0.0,"[0.0, 0.0]",0.0,0.0,0.0,0.0,"[0.0, 0.0]",0.0
BIOMD0000000488,64,112,0.0,0.0,4.440892098500626e-16,"[0.0, 0.0, 0.0, 0.0, 0.0, 0.0, 0.0, 0.0, 0.0, 0.0, 0.0, 0.0, 0.0, 0.0, 0.0, 0.0, np.float64(4.440892098500626e-16), np.float64(2.220446049250313e-16), 0.0, 0.0, 0.0, 0.0, 0.0, 0.0, 0.0, 0.0, 0.0, 0.0, 0.0, 0.0, 0.0, 0.0, 0.0, 0.0, 0.0, 0.0, 0.0, 0.0, np.float64(2.220446049250313e-16), 0.0, 0.0, 0.0, 0.0, 0.0, 0.0, 0.0, 0.0, 0.0, 0.0, 0.0, 0.0, 0.0, 0.0, 0.0, 0.0, 0.0, 0.0, 0.0, 0.0, 0.0, 0.0, 0.0, 0.0, 0.0]",13.0,0.0,0.0,0.9999818972725327,"[0.0, 0.0, np.float64(0.9999818972725327), 0.0, 0.0, np.float64(0.8547929203273403), np.float64(0.853737550954194), 0.0, np.float64(0.904289127308511), 0.0, 0.0, 0.0, np.float64(0.9088605669567594), np.float64(0.9879040738277075), np.float64(0.9088605452925569), np.float64(0.9879040754077888), 0.0, np.float64(0.9715240239755736), 0.0, 0.0, 0.0, np.float64(0.8966327898942285), np.float64(0.7418128826633783), np.float64(0.8660272075543288), 0.0, np.float64(0.9987926026900817), 0.0, 0.0, 0.0, 0.0, np.float64(0.6664557456266268), np.float64(0.6671941968355084), np.float64(0.6678660395219518), np.float64(0.9455888350648345), 0.0, 0.0, np.float64(0.9130085730395128), 0.0, 0.0, 0.0, 0.0, 0.0, 0.0, 0.0, 0.0, 0.0, 0.0, 0.0, 0.0, 0.0, 0.0, 0.0, 0.0, 0.0, 0.0, 0.0, 0.0, 0.0, 0.0, 0.0, 0.0, 0.0, 0.0, 0.0]",1471.0,0.0,0.0,0.9999999999999908,"[0.0, 0.0, 0.0, np.float64(0.9999999999909646), np.float64(0.9999999999999558), np.float64(0.9999999999998367), np.float64(0.9999999999998386), np.float64(0.9999999999511963), np.float64(0.9999999999983461), 0.0, np.float64(0.9999999999999555), np.float64(0.9999999999999908), 0.0, 0.0, 0.0, 0.0, np.float64(0.9999998107832071), 0.0, 0.0, 0.0, 0.0, 0.0, 0.0, 0.0, 0.0, 0.0, 0.0, 0.0, 0.0, 0.0, np.float64(0.9999999999985751), np.float64(0.9999999999987712), np.float64(0.999999999998944), np.float64(0.9999999999989907), np.float64(0.9999998114799695), 0.0, np.float64(0.9999999999986054), np.float64(0.9999999999856833), np.float64(0.9999999999856833), np.float64(0.9999999999996884), np.float64(0.9999999999955946), np.float64(0.9999999999997693), np.float64(0.9999999999833621), 0.0, 0.0, 0.0, 0.0, np.float64(0.999999959568031), np.float64(0.9999999999991602), 0.0, 0.0, 0.0, np.float64(0.9999999999999118), 0.0, 0.0, 0.0, 0.0, 0.0, 0.0, 0.0, 0.0, 0.0, 0.0, 0.0]",3575.0
BIOMD0000000489,35,59,0.0,0.0,0.0,"[0.0, 0.0, 0.0, 0.0, 0.0, 0.0, 0.0, 0.0, 0.0, 0.0, 0.0, 0.0, 0.0, 0.0, 0.0, 0.0, 0.0, 0.0, 0.0, 0.0, 0.0, 0.0, 0.0, 0.0, 0.0, 0.0, 0.0, 0.0, 0.0, 0.0, 0.0, 0.0, 0.0, 0.0, 0.0]",0.0,0.0,0.0,0.0,"[0.0, 0.0, 0.0, 0.0, 0.0, 0.0, 0.0, 0.0, 0.0, 0.0, 0.0, 0.0, 0.0, 0.0, 0.0, 0.0, 0.0, 0.0, 0.0, 0.0, 0.0, 0.0, 0.0, 0.0, 0.0, 0.0, 0.0, 0.0, 0.0, 0.0, 0.0, 0.0, 0.0, 0.0, 0.0]",779.0,0.0,0.0,0.0,"[0.0, 0.0, 0.0, 0.0, 0.0, 0.0, 0.0, 0.0, 0.0, 0.0, 0.0, 0.0, 0.0, 0.0, 0.0, 0.0, 0.0, 0.0, 0.0, 0.0, 0.0, 0.0, 0.0, 0.0, 0.0, 0.0, 0.0, 0.0, 0.0, 0.0, 0.0, 0.0, 0.0, 0.0, 0.0]",20619.0
BIOMD0000000490,33,66,0.0,0.0,0.0,"[0.0, 0.0, 0.0, 0.0, 0.0, 0.0, 0.0, 0.0, 0.0, 0.0, 0.0, 0.0, 0.0, 0.0, 0.0, 0.0, 0.0, 0.0, 0.0, 0.0, 0.0, 0.0, 0.0, 0.0, 0.0, 0.0, 0.0, 0.0, 0.0, 0.0, 0.0, 0.0, 0.0]",0.0,0.0,0.0,0.8232276033724325,"[0.0, 0.0, 0.0, 0.0, 0.0, 0.0, 0.0, 0.0, 0.0, 0.0, 0.0, 0.0, 0.0, 0.0, np.float64(0.8232276033724325), 0.0, 0.0, 0.0, 0.0, 0.0, 0.0, 0.0, 0.0, 0.0, 0.0, 0.0, np.float64(0.8128305551649642), 0.0, 0.0, 0.0, 0.0, 0.0, 0.0]",212.0,0.0,0.0,0.9645192800381512,"[0.0, 0.0, 0.0, 0.0, 0.0, np.float64(0.8158833691217288), np.float64(0.7422610574796938), np.float64(0.9645192800381512), 0.0, 0.0, 0.0, 0.0, 0.0, 0.0, np.float64(0.8227459524884675), np.float64(0.9509283581374502), 0.0, 0.0, 0.0, np.float64(0.8157305482615741), np.float64(0.8157305901897937), np.float64(0.8178123820890801), 0.0, np.float64(0.8144731698107629), np.float64(0.651762871061282), np.float64(0.8570902559443447), np.float64(0.8123071714392993), np.float64(0.935939909858807), 0.0, 0.0, 0.0, 0.0, 0.0]",18.0
BIOMD0000000491,57,86,0.0,0.0,4.440892098500626e-16,"[0.0, 0.0, 0.0, 0.0, 0.0, 0.0, np.float64(2.220446049250313e-16), 0.0, 0.0, 0.0, 0.0, 0.0, 0.0, 0.0, 0.0, 0.0, 0.0, 0.0, 0.0, np.float64(2.220446049250313e-16), 0.0, 0.0, 0.0, np.float64(1.1102230246251565e-16), 0.0, 0.0, 0.0, np.float64(2.220446049250313e-16), 0.0, 0.0, np.float64(1.1102230246251565e-16), 0.0, 0.0, 0.0, 0.0, 0.0, 0.0, np.float64(2.220446049250313e-16), np.float64(2.220446049250313e-16), 0.0, 0.0, 0.0, 0.0, np.float64(1.1102230246251565e-16), 0.0, 0.0, 0.0, 0.0, np.float64(4.440892098500626e-16), 0.0, 0.0, np.float64(1.1102230246251565e-16), 0.0, 0.0, 0.0, 0.0, 0.0]",57.0,0.9349596519367205,0.9967175268466084,0.9999649315701167,"[np.float64(0.9991790284006281), np.float64(0.9985868368004375), np.float64(0.9989471479713606), np.float64(0.9991790284006281), np.float64(0.9991790284006281), np.float64(0.9996596963671188), np.float64(0.9890149768867257), np.float64(0.999926350796538), np.float64(0.9989496509438193), np.float64(0.9999649315701167), np.float64(0.9990513091637097), np.float64(0.9990513091891315), np.float64(0.9997822324580005), np.float64(0.9967175268466084), np.float64(0.9994228044503765), np.float64(0.9996286219246363), np.float64(0.9998834404158556), np.float64(0.9986153551788929), np.float64(0.9907823791553871), np.float64(0.9722456726348508), np.float64(0.9990652198616831), np.float64(0.9928651367920628), np.float64(0.9998741333680967), np.float64(0.9998741333683299), np.float64(0.9998741333700432), np.float64(0.9998741333702034), np.float64(0.9998741333679985), np.float64(0.9966990616506398), np.float64(0.9984678021774852), np.float64(0.9988065966922277), np.float64(0.9998495335573889), np.float64(0.9998831175644053), np.float64(0.9932277739690457), np.float64(0.9609387229834935), np.float64(0.986367784252044), np.float64(0.9612613746031646), np.float64(0.9965769712771559), np.float64(0.964074236385415), np.float64(0.9927118086176053), np.float64(0.9641658796511504), np.float64(0.9863804871411587), np.float64(0.9643499661002919), np.float64(0.9863804870857065), np.float64(0.9643499667522165), np.float64(0.9899706210213891), np.float64(0.9610767131912614), np.float64(0.9863677841153293), np.float64(0.9612613749763299), np.float64(0.9718050814550625), np.float64(0.9349596521823952), np.float64(0.9718050815563016), np.float64(0.9349596519367205), np.float64(0.9574522011268007), np.float64(0.9949115547521012), np.float64(0.9979513992787096), np.float64(0.9989532248704971), np.float64(0.9470882087076751)]",3306.0,0.0,0.0,0.9739803903315544,"[np.float64(0.5344211626400532), np.float64(0.5460435610304883), np.float64(0.5392282716004664), np.float64(0.5344211626400532), np.float64(0.5344211626400532), np.float64(0.8638243354855588), 0.0, np.float64(0.7185755800736833), np.float64(0.6032301687019357), np.float64(0.9118395363817033), np.float64(0.22577181000403956), np.float64(0.22577181966785242), np.float64(0.8905972564892666), np.float64(0.22708207418899362), np.float64(0.7818898118324709), np.float64(0.7752094449129194), 0.0, np.float64(0.3425973341571594), 0.0, 0.0, 0.0, 0.0, 0.0, 0.0, 0.0, 0.0, 0.0, 0.0, np.float64(0.6297450707960431), np.float64(0.5339653208909285), np.float64(0.9693292525538897), np.float64(0.9739803903315544), 0.0, 0.0, 0.0, 0.0, np.float64(0.5784613461457159), 0.0, 0.0, 0.0, 0.0, 0.0, 0.0, 0.0, 0.0, 0.0, 0.0, 0.0, 0.0, 0.0, 0.0, 0.0, 0.0, 0.0, np.float64(0.3524954351810463), np.float64(0.7134725141389042), 0.0]",96940.0
BIOMD0000000492,52,88,0.0,0.0,3.3306690738754696e-16,"[np.float64(2.220446049250313e-16), 0.0, np.float64(2.220446049250313e-16), 0.0, np.float64(2.220446049250313e-16), 0.0, 0.0, 0.0, 0.0, 0.0, 0.0, 0.0, 0.0, 0.0, 0.0, 0.0, np.float64(2.220446049250313e-16), 0.0, 0.0, 0.0, 0.0, 0.0, 0.0, 0.0, 0.0, 0.0, 0.0, 0.0, np.float64(3.3306690738754696e-16), 0.0, 0.0, 0.0, 0.0, np.float64(1.1102230246251565e-16), 0.0, 0.0, 0.0, 0.0, 0.0, 0.0, 0.0, 0.0, 0.0, 0.0, 0.0, 0.0, 0.0, np.float64(2.220446049250313e-16), 0.0, 0.0, 0.0, 0.0]",44.0,0.993019788673913,0.9994556025284093,0.9999999694547783,"[np.float64(0.9999860933535201), np.float64(0.9999897876145576), np.float64(0.9999999694547783), np.float64(0.9999588427100511), np.float64(0.9999325767865864), np.float64(0.999983750709029), np.float64(0.9999632617504183), np.float64(0.9994237477060965), np.float64(0.9999902382279852), np.float64(0.9999886285574949), np.float64(0.9999926848673015), np.float64(0.9999886285578108), np.float64(0.9999986018901201), np.float64(0.9999918959294471), np.float64(0.999925500210804), np.float64(0.9999785415119854), np.float64(0.99955237211929), np.float64(0.9995414808224079), np.float64(0.9999797449198442), np.float64(0.9990010265081367), np.float64(0.9971610071966953), np.float64(0.9994384060995312), np.float64(0.9997936897284203), np.float64(0.9999945575531316), np.float64(0.9996790548192729), np.float64(0.999492638704974), np.float64(0.995257422146685), np.float64(0.9979368367930121), np.float64(0.993019788673913), np.float64(0.998242452413111), np.float64(0.9949972966782221), np.float64(0.9991240480792598), np.float64(0.995475691518789), np.float64(0.9997448080689632), np.float64(0.9936633492211767), np.float64(0.9991240480964916), np.float64(0.9954756915164968), np.float64(0.9986749068084976), np.float64(0.9954786938386834), np.float64(0.9982103739469607), np.float64(0.9952456465519387), np.float64(0.9982103738924236), np.float64(0.9952456465568777), np.float64(0.9982103739296091), np.float64(0.9952456465215469), np.float64(0.9935804199295132), np.float64(0.998892750638886), np.float64(0.9995031659886283), np.float64(0.9997256178472874), np.float64(0.9935665424638629), np.float64(0.9994556025313116), np.float64(0.9994556025255069)]",2756.0,0.0,0.6229752038091508,0.9996443650850443,"[np.float64(0.9898277210652937), np.float64(0.9921959146741833), np.float64(0.9996443650850443), np.float64(0.9742165966352919), np.float64(0.9659986010972557), np.float64(0.9795647170390469), np.float64(0.9772768042097075), np.float64(0.6148774478238832), np.float64(0.9927541548892805), np.float64(0.9934969155086685), np.float64(0.9882297812905559), np.float64(0.9934969150272174), np.float64(0.9969043469913822), np.float64(0.9103555093545485), np.float64(0.944045962996638), np.float64(0.9854066708180766), np.float64(0.7475665406407443), np.float64(0.732816572747701), np.float64(0.8409506605490827), np.float64(0.3173370298554081), 0.0, np.float64(0.6039287995909631), np.float64(0.8922624557017539), np.float64(0.9957838883857497), np.float64(0.820822369707743), np.float64(0.6452697888590986), 0.0, 0.0, 0.0, 0.0, 0.0, np.float64(0.35861071274294587), 0.0, np.float64(0.813967923897557), 0.0, np.float64(0.35861071402054523), 0.0, np.float64(0.03961611772971885), 0.0, 0.0, 0.0, 0.0, 0.0, 0.0, 0.0, 0.0, np.float64(0.03821534881259536), np.float64(0.5690545206216739), np.float64(0.7623568900224563), 0.0, np.float64(0.6310729597944185), np.float64(0.6310729598173569)]",74326.0
BIOMD0000000493,3,6,0.0,0.0,0.0,"[0.0, 0.0, 0.0]",3.0,0.4391263934661903,0.8443352861869943,0.9764879164147722,"[np.float64(0.8443352861869943), np.float64(0.9764879164147722), np.float64(0.4391263934661903)]",12.0,0.0,0.4085019684466812,0.9841399642205179,"[np.float64(0.9841399642205179), np.float64(0.4085019684466812), 0.0]",28.0
BIOMD0000000495,8,17,0.0,0.0,0.0,"[0.0, 0.0, 0.0, 0.0, 0.0, 0.0, 0.0, 0.0]",0.0,0.0,0.9999999497874255,0.9999999996514399,"[0.0, np.float64(0.9999999882974995), np.float64(0.9999999112773513), np.float64(0.9999999948804358), np.float64(0.9999999996514005), np.float64(0.9999999996514399), 0.0, 0.0]",46.0,0.0,0.0,0.010844054702617956,"[0.0, 0.0, 0.0, 0.0, 0.0, 0.0, np.float64(0.010844054702617956), 0.0]",245.0
BIOMD0000000498,19,44,0.0,0.0,0.0,"[0.0, 0.0, 0.0, 0.0, 0.0, 0.0, 0.0, 0.0, 0.0, 0.0, 0.0, 0.0, 0.0, 0.0, 0.0, 0.0, 0.0, 0.0, 0.0]",0.0,0.0,0.21693372128787713,0.21693372128787713,"[np.float64(0.21693372128787713), np.float64(0.21693372128787713), np.float64(0.21693372128787713), 0.0, np.float64(0.21693372128787713), np.float64(0.21693372128787713), 0.0, np.float64(0.21693372128787713), np.float64(0.21693372128787713), 0.0, 0.0, 0.0, np.float64(0.21693372128787713), 0.0, 0.0, np.float64(0.21693372128787713), np.float64(0.21693372128787713), 0.0, 0.0]",76.0,0.0,0.2081896465963129,0.2081896465963129,"[np.float64(0.2081896465963129), np.float64(0.2081896465963129), np.float64(0.2081896465963129), 0.0, np.float64(0.2081896465963129), np.float64(0.2081896465963129), 0.0, np.float64(0.2081896465963129), np.float64(0.2081896465963129), 0.0, 0.0, 0.0, np.float64(0.2081896465963129), 0.0, 0.0, np.float64(0.2081896465963129), np.float64(0.2081896465963129), 0.0, 0.0]",780.0
BIOMD0000000500,14,18,2.220446049250313e-16,2.220446049250313e-16,2.220446049250313e-16,"[np.float64(2.220446049250313e-16), np.float64(2.220446049250313e-16), np.float64(2.220446049250313e-16), np.float64(2.220446049250313e-16), np.float64(2.220446049250313e-16), np.float64(2.220446049250313e-16), np.float64(2.220446049250313e-16), np.float64(2.220446049250313e-16), np.float64(2.220446049250313e-16), np.float64(2.220446049250313e-16), np.float64(2.220446049250313e-16), np.float64(2.220446049250313e-16), np.float64(2.220446049250313e-16), np.float64(2.220446049250313e-16)]",0.0,0.0,0.0,0.0,"[0.0, 0.0, 0.0, 0.0, 0.0, 0.0, 0.0, 0.0, 0.0, 0.0, 0.0, 0.0, 0.0, 0.0]",0.0,0.0,0.0,0.0,"[0.0, 0.0, 0.0, 0.0, 0.0, 0.0, 0.0, 0.0, 0.0, 0.0, 0.0, 0.0, 0.0, 0.0]",0.0
BIOMD0000000501,35,57,2.220446049250313e-16,2.220446049250313e-16,2.220446049250313e-16,"[np.float64(2.220446049250313e-16), np.float64(2.220446049250313e-16), np.float64(2.220446049250313e-16), np.float64(2.220446049250313e-16), np.float64(2.220446049250313e-16), np.float64(2.220446049250313e-16), np.float64(2.220446049250313e-16), np.float64(2.220446049250313e-16), np.float64(2.220446049250313e-16), np.float64(2.220446049250313e-16), np.float64(2.220446049250313e-16), np.float64(2.220446049250313e-16), np.float64(2.220446049250313e-16), np.float64(2.220446049250313e-16), np.float64(2.220446049250313e-16), np.float64(2.220446049250313e-16), np.float64(2.220446049250313e-16), np.float64(2.220446049250313e-16), np.float64(2.220446049250313e-16), np.float64(2.220446049250313e-16), np.float64(2.220446049250313e-16), np.float64(2.220446049250313e-16), np.float64(2.220446049250313e-16), np.float64(2.220446049250313e-16), np.float64(2.220446049250313e-16), np.float64(2.220446049250313e-16), np.float64(2.220446049250313e-16), np.float64(2.220446049250313e-16), np.float64(2.220446049250313e-16), np.float64(2.220446049250313e-16), np.float64(2.220446049250313e-16), np.float64(2.220446049250313e-16), np.float64(2.220446049250313e-16), np.float64(2.220446049250313e-16), np.float64(2.220446049250313e-16)]",0.0,0.0,0.0,0.0,"[0.0, 0.0, 0.0, 0.0, 0.0, 0.0, 0.0, 0.0, 0.0, 0.0, 0.0, 0.0, 0.0, 0.0, 0.0, 0.0, 0.0, 0.0, 0.0, 0.0, 0.0, 0.0, 0.0, 0.0, 0.0, 0.0, 0.0, 0.0, 0.0, 0.0, 0.0, 0.0, 0.0, 0.0, 0.0]",0.0,0.0,0.0,0.0,"[0.0, 0.0, 0.0, 0.0, 0.0, 0.0, 0.0, 0.0, 0.0, 0.0, 0.0, 0.0, 0.0, 0.0, 0.0, 0.0, 0.0, 0.0, 0.0, 0.0, 0.0, 0.0, 0.0, 0.0, 0.0, 0.0, 0.0, 0.0, 0.0, 0.0, 0.0, 0.0, 0.0, 0.0, 0.0]",0.0
BIOMD0000000502,8,11,0.0,0.0,0.0,"[0.0, 0.0, 0.0, 0.0, 0.0, 0.0, 0.0, 0.0]",0.0,0.0,0.0,0.9825917525259369,"[0.0, np.float64(0.9794593601673516), 0.0, np.float64(0.9825917525259369), 0.0, 0.0, 0.0, 0.0]",60.0,0.0,0.0,0.0,"[0.0, 0.0, 0.0, 0.0, 0.0, 0.0, 0.0, 0.0]",344.0
BIOMD0000000503,28,34,0.0,0.0,1.1102230246251565e-16,"[0.0, 0.0, 0.0, 0.0, 0.0, 0.0, 0.0, 0.0, 0.0, 0.0, 0.0, 0.0, 0.0, 0.0, np.float64(1.1102230246251565e-16), 0.0, np.float64(1.1102230246251565e-16), 0.0, 0.0, 0.0, 0.0, 0.0, 0.0, 0.0, 0.0, 0.0, 0.0, 0.0]",13.0,0.2590407662258326,0.9964508427215666,0.9999983838588065,"[np.float64(0.994587243951034), np.float64(0.9997668998975613), np.float64(0.9903125257340943), np.float64(0.5196959105673368), np.float64(0.9844250438739799), np.float64(0.9984082746115005), np.float64(0.9889199618869283), np.float64(0.999987576113361), np.float64(0.9989260279556372), np.float64(0.9998264733074939), np.float64(0.8160951726338393), np.float64(0.9999983838588065), np.float64(0.9583806548236676), np.float64(0.2590407662258326), np.float64(0.878710810654048), np.float64(0.9821051897254685), np.float64(0.998452384348291), np.float64(0.9971948116034792), np.float64(0.9999981779349886), np.float64(0.9999719838392509), np.float64(0.9998888304387507), np.float64(0.9993897719090069), np.float64(0.9931998556149247), np.float64(0.9990143509011005), np.float64(0.9957068738396538), np.float64(0.9727594875290428), np.float64(0.9933925333942782), np.float64(0.9980136108408669)]",812.0,0.0,0.0,0.0,"[0.0, 0.0, 0.0, 0.0, 0.0, 0.0, 0.0, 0.0, 0.0, 0.0, 0.0, 0.0, 0.0, 0.0, 0.0, 0.0, 0.0, 0.0, 0.0, 0.0, 0.0, 0.0, 0.0, 0.0, 0.0, 0.0, 0.0, 0.0]",12146.0
BIOMD0000000504,73,132,0.0,0.0,2.220446049250313e-16,"[0.0, 0.0, 0.0, 0.0, 0.0, 0.0, 0.0, 0.0, 0.0, 0.0, np.float64(1.1102230246251565e-16), 0.0, 0.0, 0.0, 0.0, 0.0, 0.0, 0.0, 0.0, 0.0, 0.0, 0.0, 0.0, 0.0, 0.0, 0.0, 0.0, 0.0, np.float64(1.1102230246251565e-16), 0.0, 0.0, 0.0, 0.0, 0.0, 0.0, 0.0, 0.0, 0.0, 0.0, 0.0, 0.0, 0.0, 0.0, 0.0, 0.0, 0.0, 0.0, 0.0, 0.0, 0.0, 0.0, 0.0, 0.0, np.float64(1.1102230246251565e-16), 0.0, 0.0, 0.0, 0.0, 0.0, 0.0, 0.0, 0.0, 0.0, 0.0, 0.0, 0.0, 0.0, 0.0, 0.0, 0.0, 0.0, np.float64(2.220446049250313e-16), 0.0]",26.0,0.0,0.0,0.999835984778404,"[0.0, 0.0, np.float64(0.31307713192499287), 0.0, 0.0, 0.0, np.float64(0.530938739667832), 0.0, 0.0, 0.0, 0.0, np.float64(0.911430804272533), np.float64(0.9113937747266176), 0.0, 0.0, 0.0, 0.0, 0.0, np.float64(0.9108868577680989), np.float64(0.9108643710205427), 0.0, 0.0, 0.0, 0.0, 0.0, 0.0, 0.0, np.float64(0.9997073330187667), np.float64(0.999835984778404), 0.0, 0.0, 0.0, 0.0, 0.0, 0.0, 0.0, 0.0, 0.0, 0.0, 0.0, 0.0, np.float64(0.9940514738777635), 0.0, 0.0, 0.0, 0.0, 0.0, 0.0, 0.0, 0.0, 0.0, np.float64(0.9601984891624868), 0.0, 0.0, np.float64(0.996681457827049), 0.0, np.float64(0.5216224295620875), np.float64(0.9937378280822754), 0.0, np.float64(0.9616514588262514), 0.0, 0.0, np.float64(0.9596562443611204), 0.0, 0.0, 0.0, 0.0, 0.0, 0.0, 0.0, 0.0, np.float64(0.18361899699385464), 0.0]",1905.0,0.0,0.0,0.9999999999999991,"[0.0, np.float64(0.868549586089447), 0.0, 0.0, 0.0, 0.0, 0.0, np.float64(0.9999999999994686), 0.0, np.float64(0.999999999999386), np.float64(0.999999999999386), np.float64(0.9999999999999991), np.float64(0.9999999999999991), np.float64(0.9999999999999963), 0.0, 0.0, 0.0, 0.0, np.float64(0.9999999999999991), np.float64(0.9999999999999991), 0.0, 0.0, 0.0, 0.0, 0.0, 0.0, 0.0, 0.0, 0.0, 0.0, 0.0, np.float64(0.9999999999994686), 0.0, 0.0, 0.0, 0.0, 0.0, 0.0, 0.0, 0.0, 0.0, 0.0, 0.0, 0.0, 0.0, 0.0, 0.0, 0.0, 0.0, 0.0, 0.0, np.float64(0.999999999999478), np.float64(0.9999999999999573), np.float64(0.999999999999776), 0.0, 0.0, 0.0, 0.0, 0.0, np.float64(0.9999999999994761), 0.0, 0.0, np.float64(0.9999999999994705), 0.0, 0.0, 0.0, 0.0, 0.0, 0.0, 0.0, 0.0, np.float64(0.9999999999991298), 0.0]",5329.0
BIOMD0000000505,45,59,0.0,0.0,2.220446049250313e-16,"[0.0, 0.0, 0.0, 0.0, 0.0, 0.0, np.float64(2.220446049250313e-16), 0.0, 0.0, np.float64(1.1102230246251565e-16), 0.0, 0.0, 0.0, 0.0, 0.0, 0.0, 0.0, 0.0, 0.0, 0.0, 0.0, 0.0, 0.0, 0.0, 0.0, 0.0, 0.0, 0.0, 0.0, 0.0, 0.0, 0.0, 0.0, 0.0, 0.0, 0.0, 0.0, 0.0, 0.0, 0.0, 0.0, np.float64(1.1102230246251565e-16), 0.0, 0.0, 0.0]",19.0,0.0,0.0,0.999500139125349,"[0.0, np.float64(0.6387826140641988), np.float64(0.8270935859604783), np.float64(0.9980726600762196), np.float64(0.879616666417385), np.float64(0.999500139125349), np.float64(0.9449574667992885), np.float64(0.9962674762919077), np.float64(0.8673790238351882), np.float64(0.994357000007809), np.float64(0.99933387512388), 0.0, 0.0, np.float64(0.7304660986988836), np.float64(0.9882863279476392), np.float64(0.9870719937342952), np.float64(0.4612292558147295), 0.0, 0.0, 0.0, np.float64(0.40833917877673365), 0.0, 0.0, 0.0, 0.0, 0.0, 0.0, 0.0, 0.0, 0.0, 0.0, 0.0, 0.0, 0.0, 0.0, 0.0, 0.0, 0.0, 0.0, 0.0, 0.0, 0.0, 0.0, 0.0, 0.0]",1237.0,0.0,0.0,0.0,"[0.0, 0.0, 0.0, 0.0, 0.0, 0.0, 0.0, 0.0, 0.0, 0.0, 0.0, 0.0, 0.0, 0.0, 0.0, 0.0, 0.0, 0.0, 0.0, 0.0, 0.0, 0.0, 0.0, 0.0, 0.0, 0.0, 0.0, 0.0, 0.0, 0.0, 0.0, 0.0, 0.0, 0.0, 0.0, 0.0, 0.0, 0.0, 0.0, 0.0, 0.0, 0.0, 0.0, 0.0, 0.0]",28845.0
BIOMD0000000506,45,59,0.0,0.0,0.0,"[0.0, 0.0, 0.0, 0.0, 0.0, 0.0, 0.0, 0.0, 0.0, 0.0, 0.0, 0.0, 0.0, 0.0, 0.0, 0.0, 0.0, 0.0, 0.0, 0.0, 0.0, 0.0, 0.0, 0.0, 0.0, 0.0, 0.0, 0.0, 0.0, 0.0, 0.0, 0.0, 0.0, 0.0, 0.0, 0.0, 0.0, 0.0, 0.0, 0.0, 0.0, 0.0, 0.0, 0.0, 0.0]",3.0,0.0,0.0,0.9382518103247144,"[0.0, 0.0, 0.0, 0.0, 0.0, 0.0, 0.0, 0.0, 0.0, 0.0, 0.0, 0.0, 0.0, 0.0, 0.0, 0.0, 0.0, 0.0, np.float64(0.18084785078735477), 0.0, 0.0, 0.0, 0.0, 0.0, np.float64(0.535035746805216), np.float64(0.5184061455705814), np.float64(0.1665911436355616), np.float64(0.09506801230150108), np.float64(0.09441765980882522), np.float64(0.09425451206245705), np.float64(0.8439236201305701), np.float64(0.8363947725812118), np.float64(0.5300003500236523), np.float64(0.6085211362328788), np.float64(0.6084966418607443), np.float64(0.6084382584604562), np.float64(0.8902298007133209), np.float64(0.9382518103247144), np.float64(0.602877531552354), np.float64(0.6453763588373975), np.float64(0.6453910517521724), np.float64(0.645353899935682), 0.0, 0.0, 0.0]",1932.0,0.0,0.0,0.0,"[0.0, 0.0, 0.0, 0.0, 0.0, 0.0, 0.0, 0.0, 0.0, 0.0, 0.0, 0.0, 0.0, 0.0, 0.0, 0.0, 0.0, 0.0, 0.0, 0.0, 0.0, 0.0, 0.0, 0.0, 0.0, 0.0, 0.0, 0.0, 0.0, 0.0, 0.0, 0.0, 0.0, 0.0, 0.0, 0.0, 0.0, 0.0, 0.0, 0.0, 0.0, 0.0, 0.0, 0.0, 0.0]",34378.0
BIOMD0000000510,38,36,0.0,0.0,4.440892098500626e-16,"[0.0, 0.0, 0.0, 0.0, 0.0, 0.0, 0.0, 0.0, 0.0, np.float64(1.1102230246251565e-16), np.float64(4.440892098500626e-16), 0.0, 0.0, 0.0, 0.0, 0.0, 0.0, np.float64(3.3306690738754696e-16), 0.0, 0.0, np.float64(4.440892098500626e-16), 0.0, 0.0, 0.0, np.float64(1.1102230246251565e-16), 0.0, 0.0, np.float64(2.220446049250313e-16), 0.0, 0.0, np.float64(1.1102230246251565e-16), 0.0, 0.0, 0.0, 0.0, 0.0, 0.0, 0.0]",38.0,0.03244211604897529,0.9425662070940208,0.9999779581374219,"[np.float64(0.9989944697104074), np.float64(0.9220219974863143), np.float64(0.9980268812265602), np.float64(0.8267878105746649), np.float64(0.5739726485501173), np.float64(0.19360210453481186), np.float64(0.9912963163407837), np.float64(0.9944668918056511), np.float64(0.9690395482193106), np.float64(0.8880093120720908), np.float64(0.9690395482280951), np.float64(0.9938845098960836), np.float64(0.9990171229569255), np.float64(0.03244211604897529), np.float64(0.9999779581374219), np.float64(0.997303908500493), np.float64(0.7626470336511177), np.float64(0.993189022184749), np.float64(0.7794483614708074), np.float64(0.8630976839614546), np.float64(0.9977722057646892), np.float64(0.8627597246378539), np.float64(0.9990171229571436), np.float64(0.9964580666363895), np.float64(0.7835025033488512), np.float64(0.6311290928194624), np.float64(0.7845408892351874), np.float64(0.9425662071621591), np.float64(0.9220219972321234), np.float64(0.8883881923106163), np.float64(0.9965460505005795), np.float64(0.9425662070258825), np.float64(0.8877405283659379), np.float64(0.7854309594779387), np.float64(0.9771363690362005), np.float64(0.9601297080709376), np.float64(0.9868501035757158), np.float64(0.7835025035294029)]",1482.0,0.0,0.0,0.6067908275648772,"[0.0, 0.0, 0.0, 0.0, 0.0, 0.0, 0.0, 0.0, 0.0, 0.0, 0.0, 0.0, 0.0, 0.0, 0.0, 0.0, 0.0, 0.0, 0.0, 0.0, 0.0, 0.0, 0.0, 0.0, 0.0, 0.0, 0.0, 0.0, 0.0, 0.0, 0.0, 0.0, 0.0, 0.0, np.float64(0.6067908275648772), 0.0, 0.0, 0.0]",29384.0
BIOMD0000000511,37,36,0.0,0.0,4.440892098500626e-16,"[0.0, np.float64(2.220446049250313e-16), 0.0, np.float64(2.220446049250313e-16), 0.0, 0.0, np.float64(2.220446049250313e-16), 0.0, 0.0, np.float64(4.440892098500626e-16), 0.0, 0.0, 0.0, 0.0, np.float64(1.1102230246251565e-16), 0.0, 0.0, 0.0, 0.0, 0.0, np.float64(2.220446049250313e-16), 0.0, 0.0, 0.0, np.float64(1.1102230246251565e-16), 0.0, 0.0, np.float64(4.440892098500626e-16), 0.0, 0.0, 0.0, 0.0, 0.0, 0.0, np.float64(1.1102230246251565e-16), 0.0, 0.0]",37.0,0.7451197274656123,0.9978517880045089,0.9999999992590983,"[np.float64(0.9206775389094736), np.float64(0.9874686947556133), np.float64(0.9695153967759323), np.float64(0.996937426652907), np.float64(0.9285610132701898), np.float64(0.9461976516851378), np.float64(0.9114086319068982), np.float64(0.9340281134829822), np.float64(0.9995745900384049), np.float64(0.7451197274656123), np.float64(0.9994403249563377), np.float64(0.9999572721761143), np.float64(0.9978517880045089), np.float64(0.9999998674720796), np.float64(0.9999994459833316), np.float64(0.9999087530328699), np.float64(0.9997606702017628), np.float64(0.774938356128938), np.float64(0.9985536611112292), np.float64(0.9982068365241392), np.float64(0.9999572721761185), np.float64(0.9994403249563485), np.float64(0.9999859851723354), np.float64(0.9133663880100522), np.float64(0.998554549413733), np.float64(0.8055219521126136), np.float64(0.999406810973349), np.float64(0.9695153967760544), np.float64(0.9175657181083414), np.float64(0.9999999992590983), np.float64(0.9994068109733534), np.float64(0.9999973139886158), np.float64(0.9999837092121311), np.float64(0.9727830073845705), np.float64(0.9867448293225575), np.float64(0.9901962960823762), np.float64(0.9133663880189372)]",1406.0,0.0,0.0,0.0,"[0.0, 0.0, 0.0, 0.0, 0.0, 0.0, 0.0, 0.0, 0.0, 0.0, 0.0, 0.0, 0.0, 0.0, 0.0, 0.0, 0.0, 0.0, 0.0, 0.0, 0.0, 0.0, 0.0, 0.0, 0.0, 0.0, 0.0, 0.0, 0.0, 0.0, 0.0, 0.0, 0.0, 0.0, 0.0, 0.0, 0.0]",27407.0
BIOMD0000000512,39,75,0.0,0.0,2.220446049250313e-16,"[np.float64(1.1102230246251565e-16), 0.0, 0.0, np.float64(1.1102230246251565e-16), 0.0, 0.0, 0.0, 0.0, 0.0, 0.0, 0.0, np.float64(1.1102230246251565e-16), 0.0, 0.0, 0.0, 0.0, 0.0, 0.0, 0.0, 0.0, 0.0, 0.0, 0.0, 0.0, 0.0, 0.0, 0.0, 0.0, np.float64(1.1102230246251565e-16), 0.0, 0.0, np.float64(1.1102230246251565e-16), 0.0, np.float64(2.220446049250313e-16), 0.0, 0.0, 0.0, 0.0, np.float64(2.220446049250313e-16)]",29.0,0.0,0.9999999667984362,0.9999999999270589,"[np.float64(0.9999999667984362), np.float64(0.9999999719492627), np.float64(0.999999976895144), np.float64(0.9999999669512325), np.float64(0.9999999676248863), 0.0, 0.0, 0.0, 0.0, 0.0, np.float64(0.9999998749031237), np.float64(0.9999998749031236), np.float64(0.9999999705956941), np.float64(0.9999999801198732), np.float64(0.9999999784457408), np.float64(0.9999999659175683), np.float64(0.9999999710891596), 0.0, 0.0, 0.0, 0.0, 0.0, np.float64(0.9999998021190721), np.float64(0.999999802118571), np.float64(0.9999998628872941), np.float64(0.9999999859751405), np.float64(0.9999999814206795), 0.0, np.float64(0.9999999798138679), np.float64(0.9999998749031239), np.float64(0.9999998749031241), np.float64(0.9999999951080416), np.float64(0.9999999901358518), np.float64(0.9999999842220393), np.float64(0.9999999770406798), np.float64(0.999999984087343), np.float64(0.9999999999270589), np.float64(0.999999999920117), np.float64(0.9999999998890685)]",1426.0,0.0,0.0,0.0,"[0.0, 0.0, 0.0, 0.0, 0.0, 0.0, 0.0, 0.0, 0.0, 0.0, 0.0, 0.0, 0.0, 0.0, 0.0, 0.0, 0.0, 0.0, 0.0, 0.0, 0.0, 0.0, 0.0, 0.0, 0.0, 0.0, 0.0, 0.0, 0.0, 0.0, 0.0, 0.0, 0.0, 0.0, 0.0, 0.0, 0.0, 0.0, 0.0]",26489.0
BIOMD0000000513,24,21,0.0,0.0,3.3306690738754696e-16,"[0.0, 0.0, 0.0, 0.0, np.float64(1.1102230246251565e-16), np.float64(1.1102230246251565e-16), 0.0, 0.0, 0.0, np.float64(1.1102230246251565e-16), 0.0, 0.0, np.float64(1.1102230246251565e-16), 0.0, np.float64(3.3306690738754696e-16), 0.0, np.float64(2.220446049250313e-16), 0.0, 0.0, 0.0, np.float64(1.1102230246251565e-16), 0.0, 0.0, 0.0]",24.0,0.0,0.8978052915466503,0.9988413157211286,"[np.float64(0.9988413157211286), np.float64(0.915792022605883), np.float64(0.9884385590183024), np.float64(0.8196040981564409), np.float64(0.6598043806044249), 0.0, np.float64(0.990036442839888), np.float64(0.9947387871072915), np.float64(0.9123064944111452), np.float64(0.9930279424851169), np.float64(0.7721282603847051), np.float64(0.8657689651673645), np.float64(0.865328146669067), np.float64(0.9962636000015747), np.float64(0.7751611316845766), np.float64(0.6210860454800784), np.float64(0.7764811744976063), np.float64(0.9157920226076404), np.float64(0.8833040886821555), np.float64(0.7724263346964846), np.float64(0.9905378902481022), np.float64(0.9607871404890882), np.float64(0.9843929721496346), np.float64(0.7751611316919793)]",600.0,0.0,0.0,0.0,"[0.0, 0.0, 0.0, 0.0, 0.0, 0.0, 0.0, 0.0, 0.0, 0.0, 0.0, 0.0, 0.0, 0.0, 0.0, 0.0, 0.0, 0.0, 0.0, 0.0, 0.0, 0.0, 0.0, 0.0]",7769.0
BIOMD0000000514,37,35,0.0,0.0,0.0,"[0.0, 0.0, 0.0, 0.0, 0.0, 0.0, 0.0, 0.0, 0.0, 0.0, 0.0, 0.0, 0.0, 0.0, 0.0, 0.0, 0.0, 0.0, 0.0, 0.0, 0.0, 0.0, 0.0, 0.0, 0.0, 0.0, 0.0, 0.0, 0.0, 0.0, 0.0, 0.0, 0.0, 0.0, 0.0, 0.0, 0.0]",0.0,0.7360168796300335,0.7378370768550364,0.743588906577428,"[np.float64(0.7387493451306721), np.float64(0.7378370693843797), np.float64(0.7378370698573231), np.float64(0.7378370629138435), np.float64(0.7378435208933052), np.float64(0.7378370664304292), np.float64(0.7379983043589451), np.float64(0.7435888019024941), np.float64(0.7378370647568018), np.float64(0.7378376248361164), np.float64(0.7378370664897487), np.float64(0.737837080521481), np.float64(0.737837066264273), np.float64(0.7378371265111626), np.float64(0.7378370746159728), np.float64(0.7378370768550364), np.float64(0.7378371164581747), np.float64(0.7378370688192104), np.float64(0.7378371390268859), np.float64(0.7378371405839261), np.float64(0.7378370845414917), np.float64(0.737837637610952), np.float64(0.7378371504046208), np.float64(0.7378370680195796), np.float64(0.7378370700346859), np.float64(0.737837069406924), np.float64(0.7360168796300335), np.float64(0.7378370617783467), np.float64(0.7378370628248603), np.float64(0.7378371007108355), np.float64(0.7360168818936395), np.float64(0.7378370671310472), np.float64(0.7382144477942452), np.float64(0.7378426345475912), np.float64(0.743588906577428), np.float64(0.7379650818733382), np.float64(0.7378370740392985)]",1406.0,0.0,0.0,0.0,"[0.0, 0.0, 0.0, 0.0, 0.0, 0.0, 0.0, 0.0, 0.0, 0.0, 0.0, 0.0, 0.0, 0.0, 0.0, 0.0, 0.0, 0.0, 0.0, 0.0, 0.0, 0.0, 0.0, 0.0, 0.0, 0.0, 0.0, 0.0, 0.0, 0.0, 0.0, 0.0, 0.0, 0.0, 0.0, 0.0, 0.0]",27382.0
BIOMD0000000515,40,40,0.0,0.0,3.3306690738754696e-16,"[np.float64(2.220446049250313e-16), 0.0, 0.0, 0.0, np.float64(1.1102230246251565e-16), np.float64(2.220446049250313e-16), np.float64(2.220446049250313e-16), 0.0, 0.0, np.float64(1.1102230246251565e-16), 0.0, 0.0, 0.0, np.float64(2.220446049250313e-16), 0.0, np.float64(3.3306690738754696e-16), 0.0, 0.0, 0.0, 0.0, 0.0, 0.0, 0.0, 0.0, 0.0, np.float64(1.1102230246251565e-16), 0.0, 0.0, 0.0, 0.0, 0.0, 0.0, np.float64(2.220446049250313e-16), 0.0, 0.0, 0.0, 0.0, 0.0, 0.0, 0.0]",40.0,0.6436373504458022,0.993945101965914,0.9999999997309797,"[np.float64(0.9394241263232666), np.float64(0.9966742061340771), np.float64(0.9973387481881463), np.float64(0.9723513121141164), np.float64(0.8052067190529633), np.float64(0.9273807925938727), np.float64(0.6640176451682686), np.float64(0.9317987889420706), np.float64(0.9532773663956445), np.float64(0.9992368951197291), np.float64(0.9996183039893741), np.float64(0.6436373504458022), np.float64(0.9996183039896919), np.float64(0.9883593540362172), np.float64(0.9999983962878215), np.float64(0.9999018491143464), np.float64(0.9999999992848132), np.float64(0.9999999961392775), np.float64(0.9999756467951468), np.float64(0.9998419898616723), np.float64(0.772905624573614), np.float64(0.9912159977977508), np.float64(0.9995438563617048), np.float64(0.9893035298746594), np.float64(0.9999983962878213), np.float64(0.9999941241937812), np.float64(0.9402316984694858), np.float64(0.998774933654697), np.float64(0.8096434940210417), np.float64(0.9995962210129524), np.float64(0.9723513121661409), np.float64(0.9210380914971019), np.float64(0.9999999997309797), np.float64(0.9995962210120266), np.float64(0.9999987089512377), np.float64(0.9999815176899566), np.float64(0.6999849981204902), np.float64(0.9750310861111828), np.float64(0.9898032220691394), np.float64(0.9402316986535179)]",1640.0,0.0,0.0,0.0,"[0.0, 0.0, 0.0, 0.0, 0.0, 0.0, 0.0, 0.0, 0.0, 0.0, 0.0, 0.0, 0.0, 0.0, 0.0, 0.0, 0.0, 0.0, 0.0, 0.0, 0.0, 0.0, 0.0, 0.0, 0.0, 0.0, 0.0, 0.0, 0.0, 0.0, 0.0, 0.0, 0.0, 0.0, 0.0, 0.0, 0.0, 0.0, 0.0, 0.0]",34421.0
BIOMD0000000516,39,40,0.0,0.0,2.220446049250313e-16,"[0.0, 0.0, 0.0, 0.0, 0.0, 0.0, 0.0, 0.0, 0.0, 0.0, 0.0, 0.0, 0.0, np.float64(2.220446049250313e-16), 0.0, 0.0, np.float64(2.220446049250313e-16), np.float64(2.220446049250313e-16), np.float64(2.220446049250313e-16), 0.0, 0.0, np.float64(1.1102230246251565e-16), 0.0, 0.0, 0.0, 0.0, 0.0, 0.0, 0.0, 0.0, 0.0, 0.0, np.float64(2.220446049250313e-16), 0.0, 0.0, 0.0, 0.0, 0.0, 0.0]",39.0,0.5189003041303601,0.9972900060278856,0.9999999980123986,"[np.float64(0.8858270997476687), np.float64(0.9989164342966694), np.float64(0.9991102103312819), np.float64(0.9844291931576593), np.float64(0.8479756644084494), np.float64(0.9334286503545458), np.float64(0.5189003041303601), np.float64(0.9535471338370076), np.float64(0.8774319238777917), np.float64(0.9996713131764556), np.float64(0.5391144399330308), np.float64(0.9990019556589382), np.float64(0.9815071213784607), np.float64(0.9999946463288691), np.float64(0.9997332139314486), np.float64(0.9999803373278979), np.float64(0.999912382616217), np.float64(0.9999871131725585), np.float64(0.9996830689873273), np.float64(0.7721447124950901), np.float64(0.9972900060278856), np.float64(0.9967744474919876), np.float64(0.9999946463288704), np.float64(0.9990019556595486), np.float64(0.9999559003364507), np.float64(0.8745819585269263), np.float64(0.9992874329301771), np.float64(0.7970614405816103), np.float64(0.9989651774910708), np.float64(0.9844291931659567), np.float64(0.9191124644800998), np.float64(0.9999999980123986), np.float64(0.9989651774913733), np.float64(0.9999905136572883), np.float64(0.9999677736267957), np.float64(0.656928293636653), np.float64(0.9951814277180833), np.float64(0.9877546013087861), np.float64(0.8745819584964105)]",1560.0,0.0,0.0,0.0,"[0.0, 0.0, 0.0, 0.0, 0.0, 0.0, 0.0, 0.0, 0.0, 0.0, 0.0, 0.0, 0.0, 0.0, 0.0, 0.0, 0.0, 0.0, 0.0, 0.0, 0.0, 0.0, 0.0, 0.0, 0.0, 0.0, 0.0, 0.0, 0.0, 0.0, 0.0, 0.0, 0.0, 0.0, 0.0, 0.0, 0.0, 0.0, 0.0]",31950.0
BIOMD0000000517,4,9,0.0,0.0,0.0,"[0.0, 0.0, 0.0, 0.0]",3.0,0.8059979711150214,0.9241765088527989,0.9912342464358282,"[np.float64(0.9912342464358282), np.float64(0.8059979711150214), np.float64(0.9729756295938375), np.float64(0.8753773881117602)]",20.0,0.0,0.3904241013773965,0.9964279174490271,"[np.float64(0.34074475802565385), np.float64(0.9964279174490271), np.float64(0.4401034447291392), 0.0]",57.0
BIOMD0000000518,4,9,2.220446049250313e-16,2.220446049250313e-16,2.220446049250313e-16,"[np.float64(2.220446049250313e-16), np.float64(2.220446049250313e-16), np.float64(2.220446049250313e-16), np.float64(2.220446049250313e-16)]",0.0,0.0,0.0,0.0,"[0.0, 0.0, 0.0, 0.0]",0.0,0.0,0.0,0.0,"[0.0, 0.0, 0.0, 0.0]",0.0
BIOMD0000000519,3,7,2.220446049250313e-16,2.220446049250313e-16,2.220446049250313e-16,"[np.float64(2.220446049250313e-16), np.float64(2.220446049250313e-16), np.float64(2.220446049250313e-16)]",0.0,0.0,0.0,0.0,"[0.0, 0.0, 0.0]",0.0,0.0,0.0,0.0,"[0.0, 0.0, 0.0]",0.0
BIOMD0000000520,3,7,0.0,0.0,0.0,"[0.0, 0.0, 0.0]",0.0,0.0,0.3338676544162279,0.6111658292301143,"[0.0, np.float64(0.6111658292301143), np.float64(0.3338676544162279)]",8.0,0.0,0.3338676347096503,0.6111658033380997,"[0.0, np.float64(0.6111658033380997), np.float64(0.3338676347096503)]",0.0
BIOMD0000000522,16,0,0.0,0.0,0.0,"[0.0, 0.0, 0.0, 0.0, 0.0, 0.0, 0.0, 0.0, 0.0, 0.0, 0.0, 0.0, 0.0, 0.0, 0.0, 0.0]",5.0,0.0,0.15482461180473528,0.9999999999997206,"[np.float64(0.15482461180473528), 0.0, 0.0, np.float64(0.15482461180473528), np.float64(0.15482461180473528), np.float64(0.15482461180473528), np.float64(0.15482461180473528), np.float64(0.9999999999313062), np.float64(0.9999999986776404), 0.0, np.float64(0.9999999999997206), np.float64(0.15482461180473528), np.float64(0.15482461180473528), np.float64(0.15482461180473528), np.float64(0.15482461180473528), np.float64(0.15482461180473528)]",124.0,0.0,0.0,0.0,"[0.0, 0.0, 0.0, 0.0, 0.0, 0.0, 0.0, 0.0, 0.0, 0.0, 0.0, 0.0, 0.0, 0.0, 0.0, 0.0]",1226.0
BIOMD0000000523,18,13,0.0,0.0,2.220446049250313e-16,"[0.0, 0.0, 0.0, 0.0, 0.0, np.float64(1.1102230246251565e-16), np.float64(2.220446049250313e-16), np.float64(2.220446049250313e-16), np.float64(1.1102230246251565e-16), np.float64(1.1102230246251565e-16), 0.0, 0.0, 0.0, 0.0, 0.0, 0.0, 0.0, 0.0]",16.0,0.0,0.9979835283818528,0.9999999001625901,"[0.0, np.float64(0.5684717350856592), 0.0, np.float64(0.9979835283770151), np.float64(0.9999893525431931), np.float64(0.9999999001625901), np.float64(0.9665501993374752), np.float64(0.8236943090190865), 0.0, np.float64(0.9999798010920224), 0.0, np.float64(0.9999461901585535), np.float64(0.9979835283866904), np.float64(0.9999893525431931), np.float64(0.9999893525431931), np.float64(0.9999999001625901), np.float64(0.9999999001625901), 0.0]",266.0,0.0,0.0,0.0,"[0.0, 0.0, 0.0, 0.0, 0.0, 0.0, 0.0, 0.0, 0.0, 0.0, 0.0, 0.0, 0.0, 0.0, 0.0, 0.0, 0.0, 0.0]",2854.0
BIOMD0000000524,18,13,0.0,0.0,2.220446049250313e-16,"[0.0, 0.0, 0.0, 0.0, 0.0, 0.0, np.float64(2.220446049250313e-16), np.float64(1.1102230246251565e-16), 0.0, 0.0, 0.0, 0.0, 0.0, 0.0, 0.0, 0.0, 0.0, 0.0]",4.0,0.0,0.14295220513994633,0.9999999999999976,"[np.float64(0.14295220513994633), 0.0, np.float64(0.9999999999999972), 0.0, 0.0, np.float64(0.14295220513994633), np.float64(0.9999999999999976), np.float64(0.9999999999999974), 0.0, 0.0, np.float64(0.14295220513994633), np.float64(0.14295220513994633), 0.0, np.float64(0.2978005218958587), np.float64(0.2978005218958587), np.float64(0.14295220513994633), np.float64(0.14295220513994633), np.float64(0.14295220513994633)]",78.0,0.0,0.9999999866247306,0.9999999999999993,"[0.0, np.float64(0.9999999999999993), np.float64(0.9999999999999969), np.float64(0.9999999763713779), np.float64(0.9999999968780832), 0.0, np.float64(0.9999999999893172), np.float64(0.9999999999999973), np.float64(0.999999999999839), np.float64(0.9999998761411869), 0.0, 0.0, np.float64(0.9999999999922687), np.float64(0.999999999992252), np.float64(0.999999999992252), 0.0, 0.0, 0.0]",6.0
BIOMD0000000525,18,19,0.0,0.0,0.0,"[0.0, 0.0, 0.0, 0.0, 0.0, 0.0, 0.0, 0.0, 0.0, 0.0, 0.0, 0.0, 0.0, 0.0, 0.0, 0.0, 0.0, 0.0]",12.0,0.0,0.0,0.9991364533053241,"[0.0, np.float64(0.34124509382253354), 0.0, 0.0, np.float64(0.9880150163230855), np.float64(0.9991364533053241), 0.0, 0.0, 0.0, 0.0, 0.0, np.float64(0.9920578498555035), 0.0, np.float64(0.9880150163230855), np.float64(0.9880150163230855), np.float64(0.9991364533053241), np.float64(0.9991364533053241), 0.0]",226.0,0.0,0.0,0.0,"[0.0, 0.0, 0.0, 0.0, 0.0, 0.0, 0.0, 0.0, 0.0, 0.0, 0.0, 0.0, 0.0, 0.0, 0.0, 0.0, 0.0, 0.0]",2191.0
BIOMD0000000526,18,19,0.0,0.0,0.0,"[0.0, 0.0, 0.0, 0.0, 0.0, 0.0, 0.0, 0.0, 0.0, 0.0, 0.0, 0.0, 0.0, 0.0, 0.0, 0.0, 0.0, 0.0]",4.0,0.0,0.0,0.9999929687963416,"[np.float64(0.15133720787120808), np.float64(0.9999929687963416), np.float64(0.9999912953925839), 0.0, 0.0, 0.0, np.float64(0.9999914277728389), np.float64(0.9999908614540414), 0.0, 0.0, np.float64(0.15133720787120808), np.float64(0.15133720787120808), 0.0, 0.0, 0.0, 0.0, 0.0, np.float64(0.15133720787120808)]",155.0,0.0,0.9999999965633821,0.9999999999999929,"[0.0, 0.0, np.float64(0.9999999999999833), np.float64(0.9999999948347703), np.float64(0.9999999992902043), np.float64(0.9999567672813553), np.float64(0.9999999982919939), np.float64(0.9999999999999929), np.float64(0.9999999999974826), np.float64(0.9999999999918755), 0.0, 0.0, np.float64(0.99999999983533), np.float64(0.9999999998353287), np.float64(0.9999999998353287), np.float64(0.9999813803619582), np.float64(0.9999813803619582), 0.0]",1.0
BIOMD0000000528,12,12,0.0,0.0,0.0,"[0.0, 0.0, 0.0, 0.0, 0.0, 0.0, 0.0, 0.0, 0.0, 0.0, 0.0, 0.0]",12.0,0.0,0.0,0.07543529987291664,"[0.0, 0.0, 0.0, 0.0, 0.0, 0.0, 0.0, 0.0, 0.0, 0.0, 0.0, np.float64(0.07543529987291664)]",145.0,1.840851149292888e-08,1.840851149292888e-08,0.14773564905335368,"[np.float64(1.840851149292888e-08), np.float64(1.840851149292888e-08), np.float64(1.840851149292888e-08), np.float64(1.840851149292888e-08), np.float64(1.840851149292888e-08), np.float64(1.840851149292888e-08), np.float64(1.840851149292888e-08), np.float64(1.840851149292888e-08), np.float64(1.840851149292888e-08), np.float64(1.840851149292888e-08), np.float64(1.840851149292888e-08), np.float64(0.14773564905335368)]",1.0
BIOMD0000000529,12,12,0.0,0.0,0.0,"[0.0, 0.0, 0.0, 0.0, 0.0, 0.0, 0.0, 0.0, 0.0, 0.0, 0.0, 0.0]",0.0,0.0,0.0,0.9999892738524767,"[np.float64(0.05407590927549877), 0.0, 0.0, 0.0, 0.0, 0.0, 0.0, 0.0, 0.0, np.float64(0.9976094728522216), 0.0, np.float64(0.9999892738524767)]",15.0,0.0,0.0,0.0,"[0.0, 0.0, 0.0, 0.0, 0.0, 0.0, 0.0, 0.0, 0.0, 0.0, 0.0, 0.0]",94.0
BIOMD0000000530,10,17,0.0,0.0,0.0,"[0.0, 0.0, 0.0, 0.0, 0.0, 0.0, 0.0, 0.0, 0.0, 0.0]",5.0,0.0,0.596674343370038,0.9999998229550489,"[np.float64(0.9999019046654715), np.float64(0.9999938423687142), np.float64(0.9999938447741795), 0.0, 0.0, np.float64(0.9999017824205501), np.float64(0.19344690431952594), np.float64(0.19344690431952594), np.float64(0.19344690431952594), np.float64(0.9999998229550489)]",57.0,0.0,0.4999999972213822,0.9999999998947079,"[np.float64(0.9999999944546174), np.float64(0.9999999998453273), np.float64(0.9999999998452077), 0.0, 0.0, np.float64(0.9999999944427644), 0.0, 0.0, 0.0, np.float64(0.9999999998947079)]",418.0
BIOMD0000000534,39,71,0.0,0.0,0.0,"[0.0, 0.0, 0.0, 0.0, 0.0, 0.0, 0.0, 0.0, 0.0, 0.0, 0.0, 0.0, 0.0, 0.0, 0.0, 0.0, 0.0, 0.0, 0.0, 0.0, 0.0, 0.0, 0.0, 0.0, 0.0, 0.0, 0.0, 0.0, 0.0, 0.0, 0.0, 0.0, 0.0, 0.0, 0.0, 0.0, 0.0, 0.0, 0.0]",2.0,0.0,0.0,0.998815788279544,"[0.0, 0.0, 0.0, np.float64(0.9728939998164838), np.float64(0.9614783057775697), 0.0, 0.0, np.float64(0.781366055783542), 0.0, 0.0, 0.0, 0.0, 0.0, 0.0, 0.0, 0.0, np.float64(0.9918302269129975), np.float64(0.991830226305111), np.float64(0.9626773470423786), np.float64(0.9759112625966175), 0.0, 0.0, 0.0, np.float64(0.998815788279544), 0.0, 0.0, 0.0, 0.0, 0.0, np.float64(0.9955861201155145), np.float64(0.9955861199243262), np.float64(0.9609057837392878), 0.0, 0.0, 0.0, 0.0, 0.0, 0.0, 0.0]",1148.0,0.0,0.0,0.008819413402354814,"[0.0, 0.0, 0.0, 0.0, 0.0, 0.0, 0.0, 0.0, 0.0, 0.0, 0.0, 0.0, 0.0, 0.0, 0.0, 0.0, 0.0, 0.0, 0.0, 0.0, 0.0, 0.0, 0.0, 0.0, np.float64(0.008819413402354814), 0.0, 0.0, 0.0, 0.0, 0.0, 0.0, 0.0, 0.0, 0.0, 0.0, 0.0, 0.0, 0.0, 0.0]",18201.0
BIOMD0000000535,39,71,0.0,0.0,2.220446049250313e-16,"[0.0, 0.0, 0.0, 0.0, 0.0, 0.0, 0.0, 0.0, 0.0, 0.0, 0.0, 0.0, 0.0, 0.0, 0.0, 0.0, 0.0, np.float64(1.1102230246251565e-16), 0.0, np.float64(2.220446049250313e-16), 0.0, 0.0, 0.0, 0.0, 0.0, 0.0, 0.0, 0.0, 0.0, 0.0, 0.0, 0.0, 0.0, 0.0, 0.0, 0.0, 0.0, 0.0, 0.0]",16.0,0.0,0.0,0.999953475493723,"[0.0, 0.0, 0.0, np.float64(0.999953475493723), np.float64(0.8582133796472697), 0.0, 0.0, np.float64(0.9921749090365326), 0.0, 0.0, 0.0, 0.0, 0.0, 0.0, 0.0, np.float64(0.6583984775417879), 0.0, 0.0, 0.0, np.float64(0.9918161289185728), 0.0, 0.0, 0.0, np.float64(0.6414189585068394), np.float64(0.9605046649319484), 0.0, 0.0, 0.0, 0.0, np.float64(0.9542743057094741), np.float64(0.954274305738728), np.float64(0.09787285546176339), 0.0, 0.0, 0.0, np.float64(0.9602959131793299), np.float64(0.45915499740842713), 0.0, 0.0]",1242.0,0.0,0.0,0.6221881715127935,"[0.0, 0.0, 0.0, 0.0, 0.0, 0.0, 0.0, 0.0, 0.0, 0.0, 0.0, 0.0, 0.0, 0.0, 0.0, 0.0, 0.0, 0.0, 0.0, np.float64(0.6221881715127935), 0.0, 0.0, 0.0, 0.0, 0.0, 0.0, 0.0, 0.0, 0.0, 0.0, 0.0, 0.0, 0.0, 0.0, 0.0, 0.0, 0.0, 0.0, 0.0]",18203.0
BIOMD0000000536,36,66,0.0,0.0,0.0,"[0.0, 0.0, 0.0, 0.0, 0.0, 0.0, 0.0, 0.0, 0.0, 0.0, 0.0, 0.0, 0.0, 0.0, 0.0, 0.0, 0.0, 0.0, 0.0, 0.0, 0.0, 0.0, 0.0, 0.0, 0.0, 0.0, 0.0, 0.0, 0.0, 0.0, 0.0, 0.0, 0.0, 0.0, 0.0, 0.0]",0.0,0.0,0.0,0.0,"[0.0, 0.0, 0.0, 0.0, 0.0, 0.0, 0.0, 0.0, 0.0, 0.0, 0.0, 0.0, 0.0, 0.0, 0.0, 0.0, 0.0, 0.0, 0.0, 0.0, 0.0, 0.0, 0.0, 0.0, 0.0, 0.0, 0.0, 0.0, 0.0, 0.0, 0.0, 0.0, 0.0, 0.0, 0.0, 0.0]",0.0,0.0,0.0,0.0,"[0.0, 0.0, 0.0, 0.0, 0.0, 0.0, 0.0, 0.0, 0.0, 0.0, 0.0, 0.0, 0.0, 0.0, 0.0, 0.0, 0.0, 0.0, 0.0, 0.0, 0.0, 0.0, 0.0, 0.0, 0.0, 0.0, 0.0, 0.0, 0.0, 0.0, 0.0, 0.0, 0.0, 0.0, 0.0, 0.0]",0.0
BIOMD0000000537,40,73,0.0,0.0,3.3306690738754696e-16,"[0.0, 0.0, 0.0, 0.0, 0.0, 0.0, 0.0, np.float64(3.3306690738754696e-16), 0.0, 0.0, 0.0, 0.0, 0.0, 0.0, 0.0, 0.0, 0.0, 0.0, 0.0, np.float64(2.220446049250313e-16), 0.0, 0.0, 0.0, 0.0, 0.0, 0.0, 0.0, 0.0, 0.0, 0.0, 0.0, np.float64(3.3306690738754696e-16), 0.0, 0.0, 0.0, 0.0, 0.0, np.float64(1.1102230246251565e-16), 0.0, np.float64(1.1102230246251565e-16)]",17.0,0.0,0.0,0.9999917057385809,"[0.0, 0.0, 0.0, np.float64(0.9960458528466004), 0.0, 0.0, 0.0, np.float64(0.8225279698411461), 0.0, np.float64(0.7488122696788098), 0.0, 0.0, 0.0, 0.0, 0.0, np.float64(0.7349622576752839), 0.0, 0.0, np.float64(0.005841254088157721), np.float64(0.9999917057385809), 0.0, 0.0, np.float64(0.8965635982076617), np.float64(0.896059651823095), np.float64(0.829368715618554), 0.0, 0.0, 0.0, 0.0, np.float64(0.9899026056160439), np.float64(0.9922904225100757), np.float64(0.9922904226051344), 0.0, 0.0, 0.0, 0.0, np.float64(0.9006785517852319), np.float64(0.7018036925679216), 0.0, 0.0]",1239.0,0.0,0.0,0.0,"[0.0, 0.0, 0.0, 0.0, 0.0, 0.0, 0.0, 0.0, 0.0, 0.0, 0.0, 0.0, 0.0, 0.0, 0.0, 0.0, 0.0, 0.0, 0.0, 0.0, 0.0, 0.0, 0.0, 0.0, 0.0, 0.0, 0.0, 0.0, 0.0, 0.0, 0.0, 0.0, 0.0, 0.0, 0.0, 0.0, 0.0, 0.0, 0.0, 0.0]",25578.0
BIOMD0000000539,6,11,0.0,0.0,0.0,"[0.0, 0.0, 0.0, 0.0, 0.0, 0.0]",4.0,0.0,0.4129912740073596,0.9997715313262651,"[np.float64(0.18212089573466284), 0.0, 0.0, np.float64(0.9997715313262651), np.float64(0.9191195833162176), np.float64(0.6438616522800563)]",29.0,0.0,0.0,0.0,"[0.0, 0.0, 0.0, 0.0, 0.0, 0.0]",96.0
BIOMD0000000540,21,11,0.0,0.0,4.440892098500626e-16,"[0.0, 0.0, 0.0, 0.0, 0.0, 0.0, np.float64(4.440892098500626e-16), 0.0, 0.0, 0.0, 0.0, 0.0, 0.0, 0.0, 0.0, 0.0, np.float64(4.440892098500626e-16), 0.0, 0.0, np.float64(2.220446049250313e-16), 0.0]",18.0,0.0,0.7319301963935146,0.9999996063809851,"[0.0, 0.0, np.float64(0.7319301761011583), np.float64(0.905379983797286), np.float64(0.8921999964133176), np.float64(0.9680881089781417), np.float64(0.9513951916304209), np.float64(0.7909248621197941), 0.0, np.float64(0.06531890589890554), np.float64(0.9999996063809851), 0.0, np.float64(0.4740700470439714), np.float64(0.7909248642259826), np.float64(0.9513951985223982), np.float64(0.8921999964022153), np.float64(0.9680881119250829), 0.0, np.float64(0.47407000511410224), np.float64(0.7319301963935146), np.float64(0.06531892316123289)]",375.0,0.0,0.8487020779274737,0.9887416909817068,"[0.0, 0.0, np.float64(0.8487022520088894), np.float64(0.9746159382866475), np.float64(0.9515900377650099), 0.0, np.float64(0.9607318957342029), np.float64(0.9887416909817068), 0.0, np.float64(0.9883606928970738), np.float64(0.3900898887809351), 0.0, 0.0, np.float64(0.988741690230029), np.float64(0.9607318962797194), np.float64(0.9515900388406943), 0.0, 0.0, 0.0, np.float64(0.8487020779274737), np.float64(0.9883606921461068)]",4533.0
BIOMD0000000541,30,30,0.0,0.0,2.490590650383595e-07,"[0.0, 0.0, np.float64(1.1102230246251565e-16), 0.0, np.float64(2.490590650383595e-07), 0.0, 0.0, 0.0, np.float64(2.220446049250313e-16), 0.0, 0.0, 0.0, 0.0, 0.0, 0.0, 0.0, 0.0, 0.0, 0.0, 0.0, 0.0, 0.0, np.float64(3.3306690738754696e-16), 0.0, 0.0, 0.0, 0.0, np.float64(1.1102230246251565e-16), 0.0, 0.0]",26.0,0.0,0.9546167224716344,0.9999999993067221,"[0.0, np.float64(0.9351242346124183), np.float64(0.9999984755052385), np.float64(0.9802004000576596), 0.0, np.float64(0.9805275070127555), np.float64(0.9546167225195218), np.float64(0.9791194586224327), np.float64(0.9096662992918912), np.float64(0.46173193944447855), 0.0, 0.0, np.float64(0.954616722423747), np.float64(0.9805275069223404), np.float64(0.9802004000850444), 0.0, np.float64(0.9791194586131127), np.float64(0.9351242346307582), np.float64(0.9096662992832978), np.float64(0.9999993115917245), np.float64(0.9999991590410325), np.float64(0.9999999993067221), np.float64(0.9999999990175014), np.float64(0.9996731227780056), 0.0, 0.0, 0.0, np.float64(0.999999997746795), 0.0, np.float64(0.9940212341809682)]",790.0,0.0,0.9984617864386879,0.9999999998243027,"[np.float64(0.34994411145609494), np.float64(0.9984617848850091), np.float64(0.99999998068275), np.float64(0.9991647508674323), 0.0, np.float64(0.9991124835460442), np.float64(0.9988248302072263), np.float64(0.9990485761485536), np.float64(0.9979246783006906), 0.0, np.float64(0.34994411145609494), 0.0, np.float64(0.9988248329830562), np.float64(0.9991124841331239), np.float64(0.999164749566109), 0.0, np.float64(0.9990485765270576), np.float64(0.9984617879923666), np.float64(0.9979246824168995), np.float64(0.9999991855851212), np.float64(0.9999990004982702), np.float64(0.9999999998243027), np.float64(0.99999999979294), np.float64(0.9999906218283754), 0.0, 0.0, 0.0, 0.0, 0.0, 0.0]",12233.0
BIOMD0000000543,105,127,,,,,,,,,,,,,,,
BIOMD0000000544,102,119,,,,,,,,,,,,,,,
BIOMD0000000545,14,10,0.0,0.0,2.220446049250313e-16,"[0.0, 0.0, 0.0, 0.0, np.float64(2.220446049250313e-16), 0.0, np.float64(1.1102230246251565e-16), 0.0, 0.0, 0.0, 0.0, 0.0, 0.0, np.float64(1.1102230246251565e-16)]",11.0,0.25105018135515433,0.9957261559383728,0.9999648372522392,"[np.float64(0.9882456589174764), np.float64(0.9960547139108589), np.float64(0.9999648372522392), np.float64(0.9949509892495529), np.float64(0.9859784352392467), np.float64(0.9953975979658866), np.float64(0.9998128945339793), np.float64(0.9997775341937136), np.float64(0.25105018135515433), np.float64(0.25105018135515433), np.float64(0.9982733921006596), np.float64(0.25105018135515433), np.float64(0.9967352642809819), np.float64(0.9967352642809821)]",162.0,0.0,0.37532834651032976,0.999878294216271,"[0.0, np.float64(0.35714752740157174), np.float64(0.999878294216271), np.float64(0.9619794475495329), 0.0, np.float64(0.9530663611871641), np.float64(0.29359542308761355), np.float64(0.3935091656190878), 0.0, 0.0, np.float64(0.9278214057577433), 0.0, np.float64(0.4783291331411418), np.float64(0.47832913325768633)]",1389.0
BIOMD0000000546,3,5,0.0,0.0,0.0,"[0.0, 0.0, 0.0]",3.0,0.7856832728908534,0.8248866701466467,0.9999998341264967,"[np.float64(0.8248866701466467), np.float64(0.7856832728908534), np.float64(0.9999998341264967)]",12.0,0.0,0.0,0.999954036755278,"[0.0, 0.0, np.float64(0.999954036755278)]",10.0
BIOMD0000000552,2,4,0.0,0.0,0.0,"[0.0, 0.0]",2.0,0.6434330636040941,0.8217165317274467,0.9999999998507993,"[np.float64(0.6434330636040941), np.float64(0.9999999998507993)]",6.0,0.999999866996139,0.9999999244529794,0.9999999819098196,"[np.float64(0.9999999819098196), np.float64(0.999999866996139)]",4.0
BIOMD0000000553,2,4,0.0,0.0,0.0,"[0.0, 0.0]",2.0,0.6434330636040941,0.8217165317274467,0.9999999998507993,"[np.float64(0.6434330636040941), np.float64(0.9999999998507993)]",6.0,0.999999866996139,0.9999999244529794,0.9999999819098196,"[np.float64(0.9999999819098196), np.float64(0.999999866996139)]",4.0
BIOMD0000000558,2,4,0.0,0.0,0.0,"[0.0, 0.0]",2.0,0.2908823549974946,0.642136672745719,0.9933909904939432,"[np.float64(0.2908823549974946), np.float64(0.9933909904939432)]",5.0,0.31017273487100394,0.651240524212163,0.992308313553322,"[np.float64(0.31017273487100394), np.float64(0.992308313553322)]",9.0
BIOMD0000000559,89,136,0.0,0.0,2.220446049250313e-16,"[0.0, 0.0, 0.0, 0.0, 0.0, 0.0, 0.0, 0.0, 0.0, 0.0, 0.0, 0.0, 0.0, 0.0, 0.0, 0.0, 0.0, 0.0, 0.0, 0.0, 0.0, 0.0, 0.0, 0.0, 0.0, 0.0, 0.0, 0.0, 0.0, 0.0, 0.0, 0.0, 0.0, 0.0, 0.0, 0.0, 0.0, 0.0, 0.0, 0.0, 0.0, 0.0, 0.0, 0.0, 0.0, 0.0, 0.0, 0.0, 0.0, 0.0, 0.0, 0.0, 0.0, 0.0, 0.0, 0.0, 0.0, np.float64(2.220446049250313e-16), 0.0, 0.0, 0.0, np.float64(1.1102230246251565e-16), 0.0, 0.0, 0.0, 0.0, 0.0, 0.0, 0.0, 0.0, 0.0, 0.0, 0.0, np.float64(1.1102230246251565e-16), 0.0, 0.0, 0.0, 0.0, 0.0, 0.0, 0.0, 0.0, 0.0, 0.0, 0.0, 0.0, 0.0, 0.0, 0.0]",4.0,0.0,0.0,0.9998568723267148,"[np.float64(0.9154060650656304), np.float64(0.6443739513834235), 0.0, np.float64(0.6450984484238376), np.float64(0.7167475478360501), np.float64(0.9997888398632724), np.float64(0.9998568723267148), 0.0, 0.0, 0.0, 0.0, 0.0, 0.0, 0.0, 0.0, np.float64(0.9828237880910315), np.float64(0.9783640343774692), np.float64(0.9782049557238042), np.float64(0.9782222510409233), np.float64(0.9782355021972001), 0.0, np.float64(0.9794406876251056), 0.0, 0.0, 0.0, 0.0, 0.0, 0.0, 0.0, 0.0, 0.0, 0.0, 0.0, 0.0, 0.0, 0.0, 0.0, 0.0, 0.0, 0.0, 0.0, 0.0, 0.0, 0.0, 0.0, 0.0, 0.0, 0.0, 0.0, 0.0, 0.0, 0.0, 0.0, 0.0, 0.0, 0.0, np.float64(0.82866892769649), np.float64(0.9856105127285539), 0.0, np.float64(0.9743384534433235), 0.0, np.float64(0.7796313318938228), np.float64(0.979449604413481), np.float64(0.9792731814582736), 0.0, 0.0, 0.0, np.float64(0.9755803224377767), 0.0, np.float64(0.9789279744492192), np.float64(0.9791932112296164), 0.0, 0.0, np.float64(0.775652341436112), 0.0, 0.0, 0.0, 0.0, 0.0, 0.0, 0.0, 0.0, 0.0, 0.0, 0.0, 0.0, 0.0, 0.0, 0.0]",6326.0,0.0,0.0,0.0,"[0.0, 0.0, 0.0, 0.0, 0.0, 0.0, 0.0, 0.0, 0.0, 0.0, 0.0, 0.0, 0.0, 0.0, 0.0, 0.0, 0.0, 0.0, 0.0, 0.0, 0.0, 0.0, 0.0, 0.0, 0.0, 0.0, 0.0, 0.0, 0.0, 0.0, 0.0, 0.0, 0.0, 0.0, 0.0, 0.0, 0.0, 0.0, 0.0, 0.0, 0.0, 0.0, 0.0, 0.0, 0.0, 0.0, 0.0, 0.0, 0.0, 0.0, 0.0, 0.0, 0.0, 0.0, 0.0, 0.0, 0.0, 0.0, 0.0, 0.0, 0.0, 0.0, 0.0, 0.0, 0.0, 0.0, 0.0, 0.0, 0.0, 0.0, 0.0, 0.0, 0.0, 0.0, 0.0, 0.0, 0.0, 0.0, 0.0, 0.0, 0.0, 0.0, 0.0, 0.0, 0.0, 0.0, 0.0, 0.0, 0.0]",132171.0
BIOMD0000000560,62,117,0.0,0.0,3.3306690738754696e-16,"[0.0, 0.0, 0.0, 0.0, 0.0, np.float64(3.3306690738754696e-16), np.float64(3.3306690738754696e-16), 0.0, np.float64(1.1102230246251565e-16), 0.0, 0.0, 0.0, 0.0, 0.0, 0.0, 0.0, 0.0, 0.0, 0.0, np.float64(1.1102230246251565e-16), 0.0, 0.0, 0.0, 0.0, 0.0, 0.0, 0.0, 0.0, 0.0, 0.0, 0.0, 0.0, 0.0, 0.0, 0.0, 0.0, 0.0, 0.0, 0.0, 0.0, 0.0, 0.0, 0.0, 0.0, 0.0, 0.0, 0.0, 0.0, 0.0, 0.0, 0.0, 0.0, 0.0, 0.0, 0.0, 0.0, 0.0, 0.0, 0.0, 0.0, 0.0, 0.0]",13.0,0.0,0.0,0.9999993708091703,"[0.0, np.float64(0.1690903955370393), np.float64(0.10301109327313807), np.float64(0.9999993708091703), np.float64(0.9999993708091579), np.float64(0.9999969143427543), np.float64(0.9999956363492628), 0.0, 0.0, 0.0, 0.0, 0.0, np.float64(0.9763388559214011), 0.0, 0.0, 0.0, 0.0, 0.0, 0.0, 0.0, 0.0, 0.0, 0.0, 0.0, 0.0, 0.0, 0.0, 0.0, 0.0, 0.0, 0.0, 0.0, 0.0, 0.0, 0.0, 0.0, 0.0, np.float64(0.23029754089963672), 0.0, 0.0, np.float64(0.21262745383429904), 0.0, 0.0, 0.0, 0.0, 0.0, 0.0, np.float64(0.20639426230526225), 0.0, 0.0, np.float64(0.943050179557088), 0.0, np.float64(0.8446423795032625), 0.0, 0.0, 0.0, 0.0, 0.0, 0.0, 0.0, 0.0, np.float64(0.21933257821594843)]",1474.0,0.0,0.999999999997278,0.9999999999999984,"[0.0, np.float64(0.9999999999999886), 0.0, 0.0, 0.0, 0.0, 0.0, 0.0, 0.0, np.float64(0.9999999999947807), np.float64(0.9999999999949355), np.float64(0.9999989738365379), np.float64(0.9999999999973402), np.float64(0.9999999999806811), np.float64(0.9999999999984074), np.float64(0.9999999999745598), np.float64(0.9999999999857502), np.float64(0.9999999999857502), np.float64(0.9999999999991446), np.float64(0.9999999999999912), np.float64(0.9999999999895745), np.float64(0.9999999999997273), np.float64(0.9999999999973257), np.float64(0.9999999999978472), np.float64(0.999999999997848), np.float64(0.9999999999981974), 0.0, np.float64(0.9999999999978012), np.float64(0.9999999999953468), np.float64(0.999999999997278), np.float64(0.999999999997278), np.float64(0.9999999999999882), np.float64(0.9999999999999887), np.float64(0.999999999999395), np.float64(0.999999999999438), np.float64(0.9999999999992477), np.float64(0.9999999999992482), np.float64(0.9999999999998889), np.float64(0.9999999999994201), np.float64(0.9999999999998994), np.float64(0.9999999999999668), np.float64(0.9999999999926552), np.float64(0.9999999999992917), np.float64(0.9999999999995136), np.float64(0.9999999999996564), np.float64(0.999999999999998), np.float64(0.9999999999999984), np.float64(0.9999999999993597), np.float64(0.9999999999999984), np.float64(0.9999999998472094), np.float64(0.9999999999908189), 0.0, np.float64(0.9999999999980731), 0.0, 0.0, 0.0, 0.0, 0.0, 0.0, np.float64(0.9999999999999983), np.float64(0.9999999999931687), 0.0]",3280.0
BIOMD0000000563,10,15,0.0,0.0,0.0,"[0.0, 0.0, 0.0, 0.0, 0.0, 0.0, 0.0, 0.0, 0.0, 0.0]",1.0,0.0,0.0,0.9439959106245506,"[np.float64(0.9439959106245506), 0.0, 0.0, 0.0, 0.0, np.float64(0.8993475957928883), 0.0, 0.0, 0.0, np.float64(0.9437398020684946)]",16.0,0.0,0.0,0.0,"[0.0, 0.0, 0.0, 0.0, 0.0, 0.0, 0.0, 0.0, 0.0, 0.0]",191.0
BIOMD0000000564,19,38,0.0,0.0,0.0,"[0.0, 0.0, 0.0, 0.0, 0.0, 0.0, 0.0, 0.0, 0.0, 0.0, 0.0, 0.0, 0.0, 0.0, 0.0, 0.0, 0.0, 0.0, 0.0]",1.0,0.0,0.689185068837504,0.9631927210187325,"[np.float64(0.30106342028584177), np.float64(0.10679083848861848), np.float64(0.9016334262945926), 0.0, np.float64(0.7710524630864306), np.float64(0.8966968025103076), np.float64(0.9592988968118088), np.float64(0.6106944276804236), np.float64(0.8325955727918228), np.float64(0.6875072039349175), np.float64(0.01199264685320367), 0.0, np.float64(0.9631927210187325), np.float64(0.689185068837504), np.float64(0.9342975947156953), np.float64(0.7221909403537238), np.float64(0.1640180306964205), np.float64(0.7418639134015155), 0.0]",380.0,0.0,0.0,0.0,"[0.0, 0.0, 0.0, 0.0, 0.0, 0.0, 0.0, 0.0, 0.0, 0.0, 0.0, 0.0, 0.0, 0.0, 0.0, 0.0, 0.0, 0.0, 0.0]",3990.0
BIOMD0000000565,26,64,0.0,0.0,2.220446049250313e-16,"[np.float64(1.1102230246251565e-16), 0.0, 0.0, 0.0, 0.0, 0.0, 0.0, 0.0, 0.0, 0.0, 0.0, 0.0, 0.0, 0.0, 0.0, 0.0, 0.0, np.float64(2.220446049250313e-16), 0.0, 0.0, 0.0, np.float64(2.220446049250313e-16), 0.0, 0.0, np.float64(2.220446049250313e-16), 0.0]",24.0,0.0,0.9995451842670513,0.9999987324809125,"[np.float64(0.990737071097899), np.float64(0.9971230703297833), np.float64(0.9967760870807425), np.float64(0.9974148349409931), np.float64(0.9995283042348255), 0.0, np.float64(0.9999824978247825), np.float64(0.9999987324809125), np.float64(0.9999414720852006), np.float64(0.9999756383488244), np.float64(0.9997543769660782), np.float64(0.9995620642992771), np.float64(0.9999985897888709), np.float64(0.9999918316087516), np.float64(0.9954763599010087), np.float64(0.9956354550989508), np.float64(0.9998415610996408), np.float64(0.9999904905067519), np.float64(0.9999949903283766), np.float64(0.9997179129510779), np.float64(0.9395807820577033), np.float64(0.9395813262883376), np.float64(0.9997393506882769), np.float64(0.9760195886313675), np.float64(0.9918498580860962), np.float64(0.9908348104473914)]",698.0,0.0,0.0,0.0,"[0.0, 0.0, 0.0, 0.0, 0.0, 0.0, 0.0, 0.0, 0.0, 0.0, 0.0, 0.0, 0.0, 0.0, 0.0, 0.0, 0.0, 0.0, 0.0, 0.0, 0.0, 0.0, 0.0, 0.0, 0.0, 0.0]",8686.0
BIOMD0000000568,24,69,0.0,0.0,2.220446049250313e-16,"[0.0, 0.0, 0.0, 0.0, 0.0, 0.0, 0.0, np.float64(2.220446049250313e-16), 0.0, 0.0, 0.0, 0.0, 0.0, 0.0, 0.0, 0.0, 0.0, 0.0, np.float64(2.220446049250313e-16), 0.0, 0.0, 0.0, 0.0, 0.0]",14.0,0.0,0.0,0.9999968068691281,"[0.0, np.float64(0.9000807951404579), 0.0, 0.0, 0.0, 0.0, 0.0, 0.0, 0.0, 0.0, 0.0, np.float64(0.9999968068691281), np.float64(0.9997134232828994), np.float64(0.9998418183882669), np.float64(0.999885629940739), np.float64(0.9999051102371959), 0.0, 0.0, 0.0, 0.0, np.float64(0.924722661905978), 0.0, np.float64(0.9857375494685475), np.float64(0.9999294506159606)]",442.0,0.0,0.0,0.0,"[0.0, 0.0, 0.0, 0.0, 0.0, 0.0, 0.0, 0.0, 0.0, 0.0, 0.0, 0.0, 0.0, 0.0, 0.0, 0.0, 0.0, 0.0, 0.0, 0.0, 0.0, 0.0, 0.0, 0.0]",7448.0
BIOMD0000000569,21,62,0.0,0.0,0.0,"[0.0, 0.0, 0.0, 0.0, 0.0, 0.0, 0.0, 0.0, 0.0, 0.0, 0.0, 0.0, 0.0, 0.0, 0.0, 0.0, 0.0, 0.0, 0.0, 0.0, 0.0]",0.0,0.0,0.2434186421530593,0.2434186421530593,"[0.0, np.float64(0.2434186421530593), 0.0, np.float64(0.2434186421530593), 0.0, 0.0, np.float64(0.2434186421530593), 0.0, np.float64(0.2434186421530593), np.float64(0.2434186421530593), np.float64(0.2434186421530593), np.float64(0.2434186421530593), np.float64(0.2434186421530593), np.float64(0.2434186421530593), np.float64(0.2434186421530593), np.float64(0.2434186421530593), np.float64(0.2434186421530593), np.float64(0.2434186421530593), np.float64(0.2434186421530593), 0.0, 0.0]",70.0,0.0,0.0,0.0,"[0.0, 0.0, 0.0, 0.0, 0.0, 0.0, 0.0, 0.0, 0.0, 0.0, 0.0, 0.0, 0.0, 0.0, 0.0, 0.0, 0.0, 0.0, 0.0, 0.0, 0.0]",749.0
BIOMD0000000571,58,92,0.0,0.0,0.0,"[0.0, 0.0, 0.0, 0.0, 0.0, 0.0, 0.0, 0.0, 0.0, 0.0, 0.0, 0.0, 0.0, 0.0, 0.0, 0.0, 0.0, 0.0, 0.0, 0.0, 0.0, 0.0, 0.0, 0.0, 0.0, 0.0, 0.0, 0.0, 0.0, 0.0, 0.0, 0.0, 0.0, 0.0, 0.0, 0.0, 0.0, 0.0, 0.0, 0.0, 0.0, 0.0, 0.0, 0.0, 0.0, 0.0, 0.0, 0.0, 0.0, 0.0, 0.0, 0.0, 0.0, 0.0, 0.0, 0.0, 0.0, 0.0]",0.0,0.0,0.0,0.0,"[0.0, 0.0, 0.0, 0.0, 0.0, 0.0, 0.0, 0.0, 0.0, 0.0, 0.0, 0.0, 0.0, 0.0, 0.0, 0.0, 0.0, 0.0, 0.0, 0.0, 0.0, 0.0, 0.0, 0.0, 0.0, 0.0, 0.0, 0.0, 0.0, 0.0, 0.0, 0.0, 0.0, 0.0, 0.0, 0.0, 0.0, 0.0, 0.0, 0.0, 0.0, 0.0, 0.0, 0.0, 0.0, 0.0, 0.0, 0.0, 0.0, 0.0, 0.0, 0.0, 0.0, 0.0, 0.0, 0.0, 0.0, 0.0]",329.0,0.0,0.0,0.0,"[0.0, 0.0, 0.0, 0.0, 0.0, 0.0, 0.0, 0.0, 0.0, 0.0, 0.0, 0.0, 0.0, 0.0, 0.0, 0.0, 0.0, 0.0, 0.0, 0.0, 0.0, 0.0, 0.0, 0.0, 0.0, 0.0, 0.0, 0.0, 0.0, 0.0, 0.0, 0.0, 0.0, 0.0, 0.0, 0.0, 0.0, 0.0, 0.0, 0.0, 0.0, 0.0, 0.0, 0.0, 0.0, 0.0, 0.0, 0.0, 0.0, 0.0, 0.0, 0.0, 0.0, 0.0, 0.0, 0.0, 0.0, 0.0]",4165.0
BIOMD0000000573,2,7,0.0,0.0,0.0,"[0.0, 0.0]",1.0,0.0,0.0,0.0,"[0.0, 0.0]",2.0,0.0,0.47254221141407,0.94508442282814,"[np.float64(0.94508442282814), 0.0]",6.0
BIOMD0000000576,34,52,0.0,0.0,1.1102230246251565e-16,"[0.0, 0.0, 0.0, 0.0, 0.0, 0.0, 0.0, 0.0, 0.0, 0.0, 0.0, 0.0, 0.0, 0.0, 0.0, 0.0, 0.0, 0.0, np.float64(1.1102230246251565e-16), 0.0, 0.0, 0.0, 0.0, 0.0, 0.0, 0.0, 0.0, 0.0, 0.0, 0.0, 0.0, 0.0, 0.0, 0.0]",25.0,0.0,0.9997043565631143,0.9999994792413598,"[np.float64(0.9999990619046522), 0.0, np.float64(0.9127448887894926), np.float64(0.9999991999686604), 0.0, np.float64(0.9999973406695549), np.float64(0.9999899983746949), np.float64(0.9999969518607839), 0.0, 0.0, 0.0, np.float64(0.9999991999687735), np.float64(0.9999994792413598), np.float64(0.9999990619048605), np.float64(0.9999977042164564), np.float64(0.9995157490163461), np.float64(0.9999989414892866), np.float64(0.9999989414883972), 0.0, np.float64(0.9112354097656975), np.float64(0.9109571883773054), np.float64(0.9999966182962163), 0.0, 0.0, 0.0, 0.0, 0.0, 0.0, 0.0, np.float64(0.9998929641098826), np.float64(0.9999993237848722), np.float64(0.9999993237849178), np.float64(0.9999202798462712), np.float64(0.999920279872433)]",760.0,0.0,0.17944250038591747,0.999994867854717,"[np.float64(0.6640156768214667), 0.0, np.float64(0.9236571401422842), 0.0, np.float64(0.17944250038591747), np.float64(0.9999782787055351), np.float64(0.9999798676447694), 0.0, 0.0, 0.0, 0.0, 0.0, 0.0, np.float64(0.6640156756671088), np.float64(0.999994867854717), np.float64(0.9990081996984398), np.float64(0.9999919640213036), np.float64(0.9999919640034154), 0.0, np.float64(0.9223428783184378), np.float64(0.9220994465278479), 0.0, np.float64(0.17944250038591747), np.float64(0.17944250038591747), np.float64(0.17944250038591747), np.float64(0.17944250038591747), np.float64(0.17944250038591747), np.float64(0.17944250038591747), np.float64(0.17944250038591747), 0.0, 0.0, 0.0, 0.0, 0.0]",7614.0
BIOMD0000000577,32,64,0.0,0.0,2.220446049250313e-16,"[0.0, 0.0, 0.0, 0.0, 0.0, 0.0, 0.0, 0.0, 0.0, np.float64(2.220446049250313e-16), 0.0, 0.0, 0.0, 0.0, 0.0, 0.0, 0.0, 0.0, 0.0, 0.0, 0.0, 0.0, 0.0, 0.0, 0.0, np.float64(1.1102230246251565e-16), 0.0, 0.0, 0.0, 0.0, 0.0, 0.0]",30.0,0.9997892643294832,0.999999999213479,0.9999999999989695,"[np.float64(0.9999999999885311), np.float64(0.9999999999989695), np.float64(0.9999999999941517), np.float64(0.9999999999854579), np.float64(0.9999999999977359), np.float64(0.9997966432209641), np.float64(0.9997892643294832), np.float64(0.9999997348939417), np.float64(0.9999999999888242), np.float64(0.9999992670365321), np.float64(0.9999999977337143), np.float64(0.999999999992732), np.float64(0.9999998843503212), np.float64(0.9999924514535771), np.float64(0.9999989780534596), np.float64(0.9999999537135049), np.float64(0.9999999998575079), np.float64(0.999999999984559), np.float64(0.9999999999571005), np.float64(0.9999999908618022), np.float64(0.9999999999913008), np.float64(0.9999999999980074), np.float64(0.9999999999438853), np.float64(0.9999999999316934), np.float64(0.9999753949868093), np.float64(0.9999999995974764), np.float64(0.9999999986664311), np.float64(0.9999999988294817), np.float64(0.9999998123921104), np.float64(0.9999999999754706), np.float64(0.9999999274483957), np.float64(0.9999998272916647)]",1051.0,0.7044290900656454,0.999997960280047,0.9999999982541864,"[np.float64(0.999999844770275), np.float64(0.9999996420304221), np.float64(0.9999981198644227), np.float64(0.9999998928318554), np.float64(0.9999924507434771), np.float64(0.7143881876785634), np.float64(0.7044290900656454), np.float64(0.9999316814886663), np.float64(0.9995154122760523), np.float64(0.9974871461085463), np.float64(0.9999951800543861), np.float64(0.999999840401833), np.float64(0.9981107906807758), np.float64(0.9884092537083613), np.float64(0.9999420436715726), np.float64(0.9999926305099034), np.float64(0.9999996993842641), np.float64(0.9999999887546388), np.float64(0.9999959564549492), np.float64(0.9999978006956712), np.float64(0.9996978899915759), np.float64(0.9999999982541864), np.float64(0.9999999952597165), np.float64(0.9999998563429987), np.float64(0.9999999915020718), np.float64(0.9999995237973378), np.float64(0.9999982253600244), np.float64(0.9999984017162389), np.float64(0.9999999675716424), np.float64(0.9999996107516484), np.float64(0.9999892756707898), np.float64(0.9999692901284136)]",17948.0
BIOMD0000000580,26,26,0.0,0.0,1.1102230246251565e-16,"[np.float64(1.1102230246251565e-16), 0.0, 0.0, 0.0, 0.0, np.float64(1.1102230246251565e-16), 0.0, 0.0, np.float64(1.1102230246251565e-16), 0.0, np.float64(1.1102230246251565e-16), np.float64(1.1102230246251565e-16), 0.0, np.float64(1.1102230246251565e-16), 0.0, 0.0, 0.0, 0.0, 0.0, 0.0, 0.0, 0.0, 0.0, 0.0, 0.0, 0.0]",15.0,0.0,0.0,0.9999999999999981,"[np.float64(0.9999999999999974), np.float64(0.9983167804729028), np.float64(0.9999999999999977), 0.0, 0.0, np.float64(0.0776368862200727), np.float64(0.9940558591662061), np.float64(0.9940557463350194), 0.0, 0.0, np.float64(0.0776368862200727), np.float64(0.0776368862200727), 0.0, 0.0, 0.0, 0.0, 0.0, 0.0, 0.0, 0.0, np.float64(0.9999999999999981), np.float64(0.9999999999999981), 0.0, 0.0, np.float64(0.9999999999999949), np.float64(0.9999999999999951)]",454.0,0.0,0.0,0.9999999999999974,"[np.float64(0.9999999999999974), np.float64(0.9999999999999974), 0.0, 0.0, 0.0, np.float64(0.07763756632560859), np.float64(0.9999999999978774), np.float64(0.9999999999978789), np.float64(0.9999999999978632), np.float64(0.999999999997868), np.float64(0.07763756632560859), np.float64(0.07763756632560859), np.float64(0.9999999999991623), np.float64(0.9999999999999964), 0.0, 0.0, 0.0, 0.0, 0.0, 0.0, 0.0, 0.0, 0.0, 0.0, 0.0, 0.0]",1488.0
BIOMD0000000582,23,41,0.0,0.0,2.220446049250313e-16,"[0.0, 0.0, 0.0, np.float64(2.220446049250313e-16), np.float64(2.220446049250313e-16), 0.0, 0.0, np.float64(2.220446049250313e-16), 0.0, 0.0, np.float64(2.220446049250313e-16), 0.0, 0.0, 0.0, 0.0, 0.0, 0.0, np.float64(2.220446049250313e-16), 0.0, np.float64(2.220446049250313e-16), 0.0, 0.0, 0.0]",23.0,0.0,0.0,0.9975360221453555,"[0.0, 0.0, 0.0, 0.0, np.float64(0.8308889417786971), np.float64(0.8308889417790357), np.float64(0.5956313207254635), np.float64(0.9062671946988679), np.float64(0.3051859522271162), 0.0, 0.0, 0.0, 0.0, 0.0, np.float64(0.8234095496608699), 0.0, 0.0, 0.0, 0.0, 0.0, np.float64(0.8421839183452807), 0.0, np.float64(0.9975360221453555)]",522.0,0.0,0.0,0.0,"[0.0, 0.0, 0.0, 0.0, 0.0, 0.0, 0.0, 0.0, 0.0, 0.0, 0.0, 0.0, 0.0, 0.0, 0.0, 0.0, 0.0, 0.0, 0.0, 0.0, 0.0, 0.0, 0.0]",6470.0
BIOMD0000000584,21,14,0.0,0.0,0.0,"[0.0, 0.0, 0.0, 0.0, 0.0, 0.0, 0.0, 0.0, 0.0, 0.0, 0.0, 0.0, 0.0, 0.0, 0.0, 0.0, 0.0, 0.0, 0.0, 0.0, 0.0]",9.0,0.0,0.0,0.9786559280417673,"[np.float64(0.9786559280417433), np.float64(0.9786559280417665), np.float64(0.9786559280417673), 0.0, 0.0, 0.0, 0.0, 0.0, 0.0, 0.0, 0.0, 0.0, 0.0, 0.0, 0.0, 0.0, 0.0, 0.0, 0.0, 0.0, 0.0]",100.0,0.0,0.0,0.0,"[0.0, 0.0, 0.0, 0.0, 0.0, 0.0, 0.0, 0.0, 0.0, 0.0, 0.0, 0.0, 0.0, 0.0, 0.0, 0.0, 0.0, 0.0, 0.0, 0.0, 0.0]",913.0
BIOMD0000000586,10,23,0.0,0.0,0.0,"[0.0, 0.0, 0.0, 0.0, 0.0, 0.0, 0.0, 0.0, 0.0, 0.0]",4.0,0.0,0.08156007787938657,0.9999999999999925,"[np.float64(0.08156007787938657), np.float64(0.08156007787938657), 0.0, np.float64(0.9999999999999925), 0.0, np.float64(0.9999999999999758), np.float64(0.08156007787938657), np.float64(0.08156007787938657), np.float64(0.08156007787938657), np.float64(0.08156007787938657)]",35.0,0.0,0.0,0.2099208608073917,"[0.0, np.float64(0.2099208608073917), 0.0, 0.0, 0.0, 0.0, 0.0, 0.0, 0.0, 0.0]",494.0
BIOMD0000000587,10,23,0.0,0.0,1.1102230246251565e-16,"[0.0, 0.0, 0.0, 0.0, 0.0, np.float64(1.1102230246251565e-16), 0.0, 0.0, 0.0, 0.0]",4.0,0.0,0.08083163107306801,0.9999999999999977,"[np.float64(0.08083163107306801), np.float64(0.08083163107306801), 0.0, np.float64(0.9999999999999977), 0.0, np.float64(0.999999999999992), np.float64(0.08083163107306801), np.float64(0.08083163107306801), np.float64(0.08083163107306801), np.float64(0.08083163107306801)]",36.0,0.0,0.0,0.17364557471485031,"[0.0, np.float64(0.17364557471485031), 0.0, 0.0, 0.0, 0.0, 0.0, 0.0, 0.0, 0.0]",482.0
BIOMD0000000590,9,20,0.0,0.0,0.0,"[0.0, 0.0, 0.0, 0.0, 0.0, 0.0, 0.0, 0.0, 0.0]",2.0,0.7446110898969681,0.9501803693705323,0.9999999571881719,"[np.float64(0.9999999571881719), np.float64(0.9501803693705323), np.float64(0.7446110898969681), np.float64(0.7457304500646059), np.float64(0.9964705936809132), np.float64(0.7566612020514235), np.float64(0.8129887894321657), np.float64(0.9531573875168456), np.float64(0.9969569927666615)]",82.0,0.0,0.0,0.0,"[0.0, 0.0, 0.0, 0.0, 0.0, 0.0, 0.0, 0.0, 0.0]",487.0
BIOMD0000000596,15,36,0.0,0.0,2.220446049250313e-16,"[0.0, 0.0, np.float64(2.220446049250313e-16), 0.0, 0.0, 0.0, 0.0, 0.0, 0.0, 0.0, 0.0, 0.0, 0.0, 0.0, 0.0]",10.0,0.0,0.9488918766156641,0.9999999361366968,"[0.0, np.float64(0.9999995592457538), np.float64(0.9488918766156641), 0.0, np.float64(0.9999998282395413), np.float64(0.9999999361366968), np.float64(0.8091890977945666), 0.0, np.float64(0.9988474929026587), 0.0, np.float64(0.4563617848245479), np.float64(0.9999999279356641), np.float64(0.9999954556021743), np.float64(0.9999827544857649), np.float64(0.4939327206581384)]",193.0,0.0,0.9986708599909305,0.9999999944665952,"[np.float64(0.9999998534304578), np.float64(0.9999445714590214), np.float64(0.9999999726321783), 0.0, np.float64(0.9998703445323793), np.float64(0.9998456642296734), np.float64(0.9999999876002595), 0.0, 0.0, 0.0, np.float64(0.9999999944665952), 0.0, np.float64(0.9986708599909305), np.float64(0.9932468462301263), 0.0]",1886.0
BIOMD0000000598,28,56,0.0,0.0,2.220446049250313e-16,"[np.float64(1.1102230246251565e-16), 0.0, 0.0, 0.0, np.float64(2.220446049250313e-16), 0.0, 0.0, 0.0, 0.0, 0.0, 0.0, 0.0, 0.0, 0.0, 0.0, 0.0, np.float64(2.220446049250313e-16), 0.0, np.float64(2.220446049250313e-16), 0.0, 0.0, 0.0, 0.0, 0.0, 0.0, 0.0, 0.0, 0.0]",24.0,0.7957865444817621,0.998895301400744,0.9999999468208352,"[np.float64(0.9897300027363726), np.float64(0.7987624849917401), np.float64(0.7957865444817621), np.float64(0.999996775255998), np.float64(0.999980871778423), np.float64(0.9987917955908979), np.float64(0.9999993789987889), np.float64(0.9999822717250547), np.float64(0.9989781917571408), np.float64(0.9998457676977125), np.float64(0.9962699525283837), np.float64(0.9988124110443474), np.float64(0.9999246320276645), np.float64(0.9999999468208352), np.float64(0.9999822717250547), np.float64(0.9968257888399427), np.float64(0.9962482335898963), np.float64(0.9993564025203332), np.float64(0.9999983105611253), np.float64(0.9944936694863254), np.float64(0.9963166750937603), np.float64(0.999994722547667), np.float64(0.9999742382948179), np.float64(0.9918364415709877), np.float64(0.9920076879451906), np.float64(0.9999854960640401), np.float64(0.9934006749972092), np.float64(0.984168846817732)]",810.0,0.0,0.995000127855069,0.9999987024356249,"[np.float64(0.9288246641051364), 0.0, 0.0, np.float64(0.9999700841070966), np.float64(0.9999987024356249), np.float64(0.9919323553147652), np.float64(0.9999911665238032), np.float64(0.9999069706065615), np.float64(0.9932934155761854), np.float64(0.9967068401339525), np.float64(0.9885399136581949), np.float64(0.9913209261943831), np.float64(0.9986836660909335), np.float64(0.9999977957054361), np.float64(0.9999069706070572), np.float64(0.9732065925034713), np.float64(0.9999986247591018), np.float64(0.9983900267230548), np.float64(0.9999184275843735), np.float64(0.9461905062621269), np.float64(0.9885850139782394), np.float64(0.9999750092527329), np.float64(0.9998430289538136), np.float64(0.91544638480159), np.float64(0.9779704176086614), np.float64(0.9999402380949369), np.float64(0.9814824905426975), np.float64(0.9555604532590991)]",12180.0
BIOMD0000000599,30,37,0.0,0.0,2.220446049250313e-16,"[0.0, 0.0, 0.0, 0.0, np.float64(2.220446049250313e-16), 0.0, 0.0, 0.0, 0.0, 0.0, 0.0, 0.0, 0.0, 0.0, 0.0, np.float64(1.1102230246251565e-16), 0.0, 0.0, 0.0, np.float64(2.220446049250313e-16), np.float64(1.1102230246251565e-16), 0.0, 0.0, 0.0, 0.0, 0.0, 0.0, 0.0, np.float64(1.1102230246251565e-16), 0.0]",30.0,0.0,0.9364764456357665,0.9999999933616024,"[np.float64(0.9999964781690792), np.float64(0.9999964781690862), np.float64(0.9280968308689512), np.float64(0.9429126641881092), 0.0, np.float64(0.9429126648682349), np.float64(0.9999999097711985), np.float64(0.9242978991707004), np.float64(0.9999999933616023), 0.0, np.float64(0.9471525963553299), np.float64(0.9999999933616024), np.float64(0.999999987750019), np.float64(0.9297619133473353), np.float64(0.929741952825126), 0.0, 0.0, np.float64(0.9297588286763573), np.float64(0.9297592142752823), 0.0, np.float64(0.9999999097711986), np.float64(0.9999986654608713), np.float64(0.9297419529937759), np.float64(0.9297588288631442), np.float64(0.9999998969291504), 0.0, np.float64(0.9471525963704525), np.float64(0.9999986654608676), np.float64(0.9999998969291505), np.float64(0.9300402270834238)]",863.0,0.0,0.0,0.0,"[0.0, 0.0, 0.0, 0.0, 0.0, 0.0, 0.0, 0.0, 0.0, 0.0, 0.0, 0.0, 0.0, 0.0, 0.0, 0.0, 0.0, 0.0, 0.0, 0.0, 0.0, 0.0, 0.0, 0.0, 0.0, 0.0, 0.0, 0.0, 0.0, 0.0]",4311.0
BIOMD0000000602,14,42,0.0,0.0,0.0,"[0.0, 0.0, 0.0, 0.0, 0.0, 0.0, 0.0, 0.0, 0.0, 0.0, 0.0, 0.0, 0.0, 0.0]",0.0,0.0,0.0,0.0,"[0.0, 0.0, 0.0, 0.0, 0.0, 0.0, 0.0, 0.0, 0.0, 0.0, 0.0, 0.0, 0.0, 0.0]",0.0,0.0,0.0,0.0,"[0.0, 0.0, 0.0, 0.0, 0.0, 0.0, 0.0, 0.0, 0.0, 0.0, 0.0, 0.0, 0.0, 0.0]",0.0
BIOMD0000000607,29,58,0.0,0.0,0.0,"[0.0, 0.0, 0.0, 0.0, 0.0, 0.0, 0.0, 0.0, 0.0, 0.0, 0.0, 0.0, 0.0, 0.0, 0.0, 0.0, 0.0, 0.0, 0.0, 0.0, 0.0, 0.0, 0.0, 0.0, 0.0, 0.0, 0.0, 0.0, 0.0]",0.0,0.0,0.0,0.9946543142806499,"[0.0, np.float64(0.8204242636700302), np.float64(0.8168631052975629), np.float64(0.8923544132125341), 0.0, np.float64(0.954629621718652), 0.0, 0.0, 0.0, 0.0, 0.0, np.float64(0.9946543142806499), np.float64(0.8930519659070609), np.float64(0.8587659861428889), np.float64(0.8059499433350956), 0.0, 0.0, 0.0, 0.0, 0.0, 0.0, 0.0, 0.0, 0.0, 0.0, 0.0, 0.0, 0.0, 0.0]",553.0,0.0,0.0,0.0,"[0.0, 0.0, 0.0, 0.0, 0.0, 0.0, 0.0, 0.0, 0.0, 0.0, 0.0, 0.0, 0.0, 0.0, 0.0, 0.0, 0.0, 0.0, 0.0, 0.0, 0.0, 0.0, 0.0, 0.0, 0.0, 0.0, 0.0, 0.0, 0.0]",8985.0
BIOMD0000000612,35,76,0.0,0.0,2.220446049250313e-16,"[0.0, 0.0, 0.0, 0.0, 0.0, 0.0, 0.0, 0.0, 0.0, np.float64(1.1102230246251565e-16), 0.0, 0.0, 0.0, 0.0, 0.0, 0.0, 0.0, 0.0, 0.0, 0.0, np.float64(2.220446049250313e-16), 0.0, 0.0, 0.0, 0.0, 0.0, 0.0, 0.0, 0.0, 0.0, 0.0, 0.0, 0.0, 0.0, 0.0]",12.0,0.0,0.0,0.9999670412199665,"[0.0, 0.0, 0.0, 0.0, 0.0, 0.0, 0.0, 0.0, 0.0, np.float64(0.9999527628961794), np.float64(0.9999670412199665), np.float64(0.9984919434161982), 0.0, 0.0, 0.0, 0.0, 0.0, 0.0, 0.0, np.float64(0.9985407094603425), 0.0, 0.0, 0.0, 0.0, np.float64(0.9615682547956963), np.float64(0.9615682544985173), np.float64(0.10718658063276953), 0.0, np.float64(0.998709690475116), np.float64(0.9987261425741435), np.float64(0.9984689232274747), np.float64(0.607620450349983), 0.0, np.float64(0.9369532129853604), np.float64(0.14279380895653238)]",540.0,0.0,0.9999999982966392,0.9999999999999899,"[np.float64(0.9999999999999408), 0.0, np.float64(0.9999999999962692), np.float64(0.9999999669173358), np.float64(0.9999999982966392), 0.0, np.float64(0.9999999999999899), np.float64(0.9999999999836261), np.float64(0.9999999999924305), 0.0, 0.0, 0.0, 0.0, 0.0, np.float64(0.9999999916197686), np.float64(0.9999999987649474), 0.0, np.float64(0.9999999999502613), np.float64(0.9999999999992221), 0.0, np.float64(0.9999999510033295), np.float64(0.9999999471657511), np.float64(0.9999999976702146), np.float64(0.9999999999999512), 0.0, 0.0, 0.0, np.float64(0.9999999999999534), np.float64(0.9999999999949108), np.float64(0.9999999999948976), np.float64(0.9999999999949014), np.float64(0.9999999999802446), np.float64(0.9999999997456192), np.float64(0.9999999999797053), np.float64(0.9999999999995962)]",1450.0
BIOMD0000000614,1,4,0.0,0.0,0.0,[0.0],0.0,0.0,0.0,0.0,[0.0],0.0,0.0,0.0,0.0,[0.0],0.0
BIOMD0000000615,4,17,0.0,0.0,0.0,"[0.0, 0.0, 0.0, 0.0]",0.0,0.0,0.0,0.0,"[0.0, 0.0, 0.0, 0.0]",10.0,0.0,0.0,0.0,"[0.0, 0.0, 0.0, 0.0]",50.0
BIOMD0000000616,4,10,0.0,0.0,0.0,"[0.0, 0.0, 0.0, 0.0]",0.0,0.0,0.0,0.0,"[0.0, 0.0, 0.0, 0.0]",13.0,0.0,0.0,0.0,"[0.0, 0.0, 0.0, 0.0]",51.0
BIOMD0000000620,34,20,0.0,0.0,1.1102230246251565e-16,"[0.0, 0.0, 0.0, 0.0, 0.0, 0.0, 0.0, 0.0, 0.0, np.float64(1.1102230246251565e-16), 0.0, 0.0, 0.0, 0.0, 0.0, 0.0, 0.0, 0.0, 0.0, 0.0, 0.0, 0.0, 0.0, 0.0, 0.0, 0.0, 0.0, 0.0, 0.0, 0.0, 0.0, 0.0, 0.0, 0.0]",5.0,0.0,0.0,0.9966651587841711,"[0.0, 0.0, 0.0, np.float64(0.9966651587841711), np.float64(0.9102599958610648), 0.0, 0.0, 0.0, 0.0, 0.0, 0.0, 0.0, 0.0, 0.0, 0.0, 0.0, 0.0, 0.0, 0.0, 0.0, 0.0, 0.0, 0.0, 0.0, 0.0, 0.0, 0.0, 0.0, 0.0, 0.0, 0.0, 0.0, 0.0, 0.0]",948.0,0.0,0.0,0.0,"[0.0, 0.0, 0.0, 0.0, 0.0, 0.0, 0.0, 0.0, 0.0, 0.0, 0.0, 0.0, 0.0, 0.0, 0.0, 0.0, 0.0, 0.0, 0.0, 0.0, 0.0, 0.0, 0.0, 0.0, 0.0, 0.0, 0.0, 0.0, 0.0, 0.0, 0.0, 0.0, 0.0, 0.0]",16405.0
BIOMD0000000621,34,20,0.0,0.0,2.220446049250313e-16,"[np.float64(2.220446049250313e-16), 0.0, 0.0, 0.0, 0.0, 0.0, 0.0, 0.0, 0.0, 0.0, 0.0, 0.0, 0.0, 0.0, 0.0, 0.0, 0.0, 0.0, 0.0, 0.0, 0.0, 0.0, 0.0, 0.0, 0.0, 0.0, 0.0, 0.0, 0.0, 0.0, 0.0, 0.0, 0.0, 0.0]",4.0,0.0,0.0,0.9895936428936772,"[0.0, 0.0, 0.0, 0.0, np.float64(0.8495631139962365), 0.0, np.float64(0.966127582454541), 0.0, 0.0, np.float64(0.9895936428936772), 0.0, 0.0, 0.0, 0.0, 0.0, 0.0, 0.0, 0.0, 0.0, 0.0, 0.0, 0.0, 0.0, 0.0, 0.0, 0.0, 0.0, 0.0, 0.0, 0.0, 0.0, 0.0, 0.0, 0.0]",946.0,0.0,0.0,0.0,"[0.0, 0.0, 0.0, 0.0, 0.0, 0.0, 0.0, 0.0, 0.0, 0.0, 0.0, 0.0, 0.0, 0.0, 0.0, 0.0, 0.0, 0.0, 0.0, 0.0, 0.0, 0.0, 0.0, 0.0, 0.0, 0.0, 0.0, 0.0, 0.0, 0.0, 0.0, 0.0, 0.0, 0.0]",16853.0
BIOMD0000000622,10,17,0.0,0.0,0.0,"[0.0, 0.0, 0.0, 0.0, 0.0, 0.0, 0.0, 0.0, 0.0, 0.0]",0.0,0.0,0.0,0.9972647564956572,"[np.float64(0.7843315887317407), 0.0, np.float64(0.75257347645271), 0.0, np.float64(0.7314574007937082), np.float64(0.9972647564956572), 0.0, 0.0, 0.0, 0.0]",91.0,0.0,0.0,0.0,"[0.0, 0.0, 0.0, 0.0, 0.0, 0.0, 0.0, 0.0, 0.0, 0.0]",652.0
BIOMD0000000623,25,31,0.0,0.0,1.1102230246251565e-16,"[0.0, 0.0, 0.0, 0.0, 0.0, 0.0, np.float64(1.1102230246251565e-16), 0.0, 0.0, 0.0, 0.0, 0.0, np.float64(1.1102230246251565e-16), np.float64(1.1102230246251565e-16), 0.0, 0.0, 0.0, 0.0, 0.0, 0.0, 0.0, 0.0, 0.0, 0.0, 0.0]",25.0,0.0,0.9842099747023367,0.9997816635810266,"[np.float64(0.7768773460607109), np.float64(0.7856414938738994), np.float64(0.9644784260384022), np.float64(0.9644784260383995), np.float64(0.9725133892310883), np.float64(0.9725133892310849), 0.0, 0.0, np.float64(0.9990915066244819), np.float64(0.9990915066244828), np.float64(0.9980504887258446), np.float64(0.998050488725841), np.float64(0.9996574380241063), np.float64(0.9996574380240922), np.float64(0.9997816635810262), np.float64(0.9997816635810266), np.float64(0.9842099747055546), np.float64(0.9842099747023367), np.float64(0.9986561339179365), np.float64(0.9642625955969875), np.float64(0.9642625955969865), np.float64(0.9723936816913761), np.float64(0.9723936816913776), np.float64(0.9934257723336394), np.float64(0.9934257723336352)]",622.0,0.0,0.0,0.0,"[0.0, 0.0, 0.0, 0.0, 0.0, 0.0, 0.0, 0.0, 0.0, 0.0, 0.0, 0.0, 0.0, 0.0, 0.0, 0.0, 0.0, 0.0, 0.0, 0.0, 0.0, 0.0, 0.0, 0.0, 0.0]",2190.0
BIOMD0000000624,6,5,0.0,0.0,0.0,"[0.0, 0.0, 0.0, 0.0, 0.0, 0.0]",0.0,0.0,0.0,0.0,"[0.0, 0.0, 0.0, 0.0, 0.0, 0.0]",0.0,0.0,0.0,0.0,"[0.0, 0.0, 0.0, 0.0, 0.0, 0.0]",0.0
BIOMD0000000626,6,6,0.0,0.0,0.0,"[0.0, 0.0, 0.0, 0.0, 0.0, 0.0]",5.0,0.6738890489582767,0.979828501916572,0.9999999990488511,"[np.float64(0.9999999990488511), np.float64(0.9727854370328605), np.float64(0.986226812609472), np.float64(0.9763161300769188), np.float64(0.9833408737562253), np.float64(0.6738890489582767)]",37.0,0.9988346494460025,0.9999998762736959,0.9999999999825315,"[np.float64(0.9988346494460025), np.float64(0.9999999999825315), np.float64(0.9999861824204933), np.float64(0.9999998742280468), np.float64(0.9999999801633072), np.float64(0.9999998783193451)]",167.0
BIOMD0000000629,5,2,0.0,0.0,0.0,"[0.0, 0.0, 0.0, 0.0, 0.0]",0.0,0.0,0.0,0.0,"[0.0, 0.0, 0.0, 0.0, 0.0]",22.0,0.0,0.9999723436386696,0.999999620998934,"[np.float64(0.999999620998933), 0.0, np.float64(0.999999620998934), np.float64(0.9999723435933833), np.float64(0.9999723436386696)]",18.0
BIOMD0000000630,4,14,0.0,0.0,0.0,"[0.0, 0.0, 0.0, 0.0]",2.0,0.21445836105796834,0.865524810096729,0.9999999999949027,"[np.float64(0.9999999999949027), np.float64(0.21445836105796834), np.float64(0.9999998279685198), np.float64(0.731049792224938)]",13.0,0.0,0.4999999999999764,0.9999999999999855,"[np.float64(0.9999999999999855), 0.0, np.float64(0.9999999999999528), 0.0]",57.0
BIOMD0000000633,50,35,0.0,0.0,0.0,"[0.0, 0.0, 0.0, 0.0, 0.0, 0.0, 0.0, 0.0, 0.0, 0.0, 0.0, 0.0, 0.0, 0.0, 0.0, 0.0, 0.0, 0.0, 0.0, 0.0, 0.0, 0.0, 0.0, 0.0, 0.0, 0.0, 0.0, 0.0, 0.0, 0.0, 0.0, 0.0, 0.0, 0.0, 0.0, 0.0, 0.0, 0.0, 0.0, 0.0, 0.0, 0.0, 0.0, 0.0, 0.0, 0.0, 0.0, 0.0, 0.0, 0.0]",0.0,0.0,0.7843122203512851,0.9621719334962192,"[0.0, 0.0, np.float64(0.7843122169051693), np.float64(0.7892095131894082), np.float64(0.7892112691663176), np.float64(0.7890713287550517), np.float64(0.9621719334962192), np.float64(0.789209519717556), np.float64(0.7905121865320284), np.float64(0.7874915798346465), np.float64(0.789164655077163), np.float64(0.7891646502632101), np.float64(0.7891698935585139), np.float64(0.7891699967815637), np.float64(0.7891658813014742), np.float64(0.7891658885969669), np.float64(0.7868777746334836), np.float64(0.7847740656062869), np.float64(0.7868777819108703), np.float64(0.7847740670783545), 0.0, 0.0, 0.0, np.float64(0.7847977319110924), np.float64(0.7892352628509682), np.float64(0.7867556798157525), np.float64(0.7847977342799011), 0.0, 0.0, np.float64(0.7843122237974008), np.float64(0.7892095167195474), 0.0, 0.0, 0.0, np.float64(0.789071340483756), np.float64(0.7890712965511142), 0.0, 0.0, 0.0, 0.0, 0.0, 0.0, 0.0, 0.0, 0.0, 0.0, 0.0, 0.0, 0.0, 0.0]",780.0,0.0,0.0,0.0,"[0.0, 0.0, 0.0, 0.0, 0.0, 0.0, 0.0, 0.0, 0.0, 0.0, 0.0, 0.0, 0.0, 0.0, 0.0, 0.0, 0.0, 0.0, 0.0, 0.0, 0.0, 0.0, 0.0, 0.0, 0.0, 0.0, 0.0, 0.0, 0.0, 0.0, 0.0, 0.0, 0.0, 0.0, 0.0, 0.0, 0.0, 0.0, 0.0, 0.0, 0.0, 0.0, 0.0, 0.0, 0.0, 0.0, 0.0, 0.0, 0.0, 0.0]",6281.0
BIOMD0000000634,64,112,0.0,0.0,1.1102230246251565e-16,"[0.0, 0.0, 0.0, 0.0, 0.0, 0.0, 0.0, 0.0, 0.0, 0.0, 0.0, 0.0, 0.0, 0.0, 0.0, 0.0, 0.0, 0.0, 0.0, 0.0, 0.0, np.float64(1.1102230246251565e-16), 0.0, 0.0, 0.0, 0.0, 0.0, 0.0, 0.0, 0.0, 0.0, 0.0, 0.0, 0.0, 0.0, 0.0, 0.0, 0.0, np.float64(1.1102230246251565e-16), 0.0, 0.0, 0.0, 0.0, np.float64(1.1102230246251565e-16), 0.0, 0.0, 0.0, 0.0, 0.0, 0.0, 0.0, 0.0, 0.0, 0.0, 0.0, 0.0, 0.0, 0.0, 0.0, 0.0, 0.0, 0.0, 0.0, 0.0]",18.0,0.0,0.16225325384045697,0.9999999999944404,"[0.0, np.float64(0.8215844375401654), 0.0, 0.0, np.float64(0.16225325384045697), np.float64(0.16225325384045697), np.float64(0.16225325384045697), np.float64(0.16225325384045697), np.float64(0.16225325384045697), np.float64(0.16225325384045697), np.float64(0.16225325384045697), np.float64(0.16225325384045697), np.float64(0.9999999999944404), np.float64(0.999999998014694), np.float64(0.9999999999944404), np.float64(0.999999998014694), np.float64(0.27435740443334156), np.float64(0.9999999999835552), np.float64(0.16225325384045697), np.float64(0.16225325384045697), np.float64(0.16225325384045697), 0.0, 0.0, 0.0, 0.0, 0.0, 0.0, 0.0, np.float64(0.4480538124414446), np.float64(0.3369107768692712), np.float64(0.16225325384045697), np.float64(0.16225325384045697), np.float64(0.16225325384045697), np.float64(0.16225325384045697), np.float64(0.45023435823033164), np.float64(0.16225325384045697), np.float64(0.16225325384045697), 0.0, 0.0, np.float64(0.16225325384045697), 0.0, np.float64(0.16225325384045697), np.float64(0.16225325384045697), 0.0, 0.0, 0.0, 0.0, np.float64(0.16225325384045697), np.float64(0.16225325384045697), 0.0, np.float64(0.16225325384045697), np.float64(0.16225325384045697), np.float64(0.16225325384045697), np.float64(0.16225325384045697), np.float64(0.16225325384045697), np.float64(0.16225325384045697), np.float64(0.16225325384045697), np.float64(0.16225325384045697), np.float64(0.16225325384045697), np.float64(0.16225325384045697), np.float64(0.16225325384045697), np.float64(0.16225325384045697), np.float64(0.16225325384045697), np.float64(0.16225325384045697)]",1078.0,0.0,0.0,0.9999999999999997,"[np.float64(0.999999999998177), np.float64(0.9999999999999997), np.float64(0.9999999999948613), np.float64(0.9999999999997554), 0.0, 0.0, 0.0, 0.0, 0.0, 0.0, 0.0, 0.0, np.float64(0.9999999999944409), np.float64(0.9999999980146942), np.float64(0.9999999999944409), np.float64(0.9999999980146942), np.float64(0.20895538281015225), np.float64(0.9999999999835556), 0.0, 0.0, 0.0, np.float64(0.9999999944948391), 0.0, np.float64(0.999999998678022), np.float64(0.5093921607163945), np.float64(0.9999999999976822), np.float64(0.9999999997645679), 0.0, np.float64(0.5005728106627936), np.float64(0.8043485029602592), 0.0, 0.0, 0.0, 0.0, np.float64(0.0662920535702256), 0.0, 0.0, np.float64(0.9999999999997333), np.float64(0.999999999999735), 0.0, np.float64(0.9999999999997903), 0.0, 0.0, np.float64(0.999999999999567), np.float64(0.9999999999545072), np.float64(0.999999999994375), np.float64(0.9999999999996376), 0.0, 0.0, np.float64(0.9999999999995924), 0.0, 0.0, 0.0, 0.0, 0.0, 0.0, 0.0, 0.0, 0.0, 0.0, 0.0, 0.0, 0.0, 0.0]",490.0
BIOMD0000000639,7,10,0.0,0.0,0.0,"[0.0, 0.0, 0.0, 0.0, 0.0, 0.0, 0.0]",0.0,0.0,0.6805582469818079,0.965982163615148,"[0.0, np.float64(0.9356878594930151), np.float64(0.965982163615148), np.float64(0.939201679131672), 0.0, np.float64(0.5183001364051807), np.float64(0.6805582469818079)]",44.0,0.0,0.9305040121994077,0.99971963773663,"[0.0, np.float64(0.9996581920853722), np.float64(0.8105151667753916), np.float64(0.9976215840154575), np.float64(0.99971963773663), np.float64(0.9098957306917812), np.float64(0.9305040121994077)]",243.0
BIOMD0000000640,31,48,0.0,0.0,2.220446049250313e-16,"[0.0, 0.0, 0.0, 0.0, 0.0, 0.0, 0.0, 0.0, 0.0, 0.0, 0.0, 0.0, 0.0, np.float64(2.220446049250313e-16), 0.0, np.float64(1.1102230246251565e-16), np.float64(1.1102230246251565e-16), 0.0, 0.0, np.float64(2.220446049250313e-16), 0.0, 0.0, 0.0, 0.0, 0.0, 0.0, 0.0, 0.0, 0.0, 0.0, 0.0]",20.0,0.0,0.8405970805453843,0.9999999998306885,"[0.0, 0.0, 0.0, np.float64(0.8603030666252203), np.float64(0.860151870276682), np.float64(0.23606477565863926), np.float64(0.999999999816639), np.float64(0.999999999816639), 0.0, 0.0, 0.0, 0.0, np.float64(0.9999999998306885), np.float64(0.9706171208604499), np.float64(0.9999999998133609), np.float64(0.8568227809799713), np.float64(0.8568010145828748), np.float64(0.848444228351986), np.float64(0.8484399181680917), np.float64(0.8488340265446606), 0.0, np.float64(0.8475251577344264), np.float64(0.23606477565863926), np.float64(0.8469451370301342), 0.0, np.float64(0.8405970805453843), np.float64(0.23606477565863926), 0.0, 0.0, np.float64(0.8585026090669731), 0.0]",639.0,0.0,0.0,1.0,"[np.float64(0.23720378739273107), np.float64(0.23720378739273107), np.float64(0.23720378739273107), np.float64(0.9999999999999937), 1.0, np.float64(0.23720378739273107), np.float64(0.9999666427183922), np.float64(0.9999666427187717), 0.0, 0.0, 0.0, 0.0, 0.0, 0.0, 0.0, 0.0, 0.0, 0.0, 0.0, 0.0, 0.0, 0.0, np.float64(0.23720378739273107), 0.0, 0.0, 0.0, np.float64(0.23720378739273107), np.float64(0.23720378739273107), np.float64(0.23720378739273107), 0.0, 0.0]",2874.0
BIOMD0000000646,11,24,0.0,0.0,2.220446049250313e-16,"[0.0, 0.0, 0.0, 0.0, np.float64(2.220446049250313e-16), 0.0, 0.0, 0.0, np.float64(1.1102230246251565e-16), 0.0, 0.0]",2.0,0.0,0.9796215063061025,0.9980159734747741,"[np.float64(0.9813009489040285), 0.0, np.float64(0.9796215063061025), 0.0, np.float64(0.9546807544234343), np.float64(0.9723821655967222), np.float64(0.8173666420424055), np.float64(0.9953544955841435), np.float64(0.9892939892856173), np.float64(0.9827251928923059), np.float64(0.9980159734747741)]",120.0,0.8691110302861984,0.9987476077880922,0.9999879549658072,"[np.float64(0.9999879549658072), np.float64(0.9935006196014636), np.float64(0.9999852486888823), np.float64(0.999822812114399), np.float64(0.9991246500070993), np.float64(0.9987476077880922), np.float64(0.9781547323491301), np.float64(0.9999654020887228), np.float64(0.9939913096546035), np.float64(0.9973178564133616), np.float64(0.8691110302861984)]",857.0
BIOMD0000000647,11,11,0.0,0.0,2.220446049250313e-16,"[0.0, np.float64(2.220446049250313e-16), 0.0, 0.0, 0.0, 0.0, 0.0, 0.0, 0.0, 0.0, 0.0]",9.0,0.6444506290728014,0.9975246406280981,0.9998013136972679,"[np.float64(0.9997994591821734), np.float64(0.9998013136972679), np.float64(0.9975246406280981), np.float64(0.9986125128078941), np.float64(0.9996537556891332), np.float64(0.6444506290728014), np.float64(0.9891710512671559), np.float64(0.9891710512686855), np.float64(0.9986928678640987), np.float64(0.9919342356058543), np.float64(0.9919342356026528)]",105.0,0.291931060211454,0.9988656312667967,0.9998445374626312,"[np.float64(0.9998442305893218), np.float64(0.9998445374626312), np.float64(0.9990013750744757), np.float64(0.9996886359763913), np.float64(0.6930913777254895), np.float64(0.6644753912465715), np.float64(0.998865631181681), np.float64(0.9988656312667967), np.float64(0.9997103825104944), np.float64(0.29193199511747603), np.float64(0.291931060211454)]",798.0
BIOMD0000000651,29,16,0.0,0.0,1.1102230246251565e-16,"[0.0, 0.0, 0.0, 0.0, 0.0, np.float64(1.1102230246251565e-16), 0.0, 0.0, 0.0, 0.0, 0.0, 0.0, 0.0, 0.0, 0.0, 0.0, 0.0, 0.0, 0.0, 0.0, 0.0, 0.0, 0.0, 0.0, 0.0, 0.0, 0.0, 0.0, 0.0]",24.0,0.0,0.716897722840746,0.9421767737271739,"[0.0, 0.0, 0.0, np.float64(0.716897722840714), np.float64(0.716897722840746), np.float64(0.9421767737271739), np.float64(0.9421767737271519), np.float64(0.9357972119913969), np.float64(0.9357972119914044), np.float64(0.769823416819616), np.float64(0.7698234168196236), np.float64(0.8785345094969024), np.float64(0.8785345094969285), np.float64(0.7577459007872454), np.float64(0.72333174540341), np.float64(0.5438012486265109), np.float64(0.8591864731264302), np.float64(0.8591864731264759), np.float64(0.7138620708441792), 0.0, np.float64(0.6328106304602841), np.float64(0.6711190973212737), np.float64(0.6711190973213557), np.float64(0.8758476633616392), np.float64(0.8758476633616561), 0.0, 0.0, 0.0, 0.0]",686.0,0.0,0.0,0.0,"[0.0, 0.0, 0.0, 0.0, 0.0, 0.0, 0.0, 0.0, 0.0, 0.0, 0.0, 0.0, 0.0, 0.0, 0.0, 0.0, 0.0, 0.0, 0.0, 0.0, 0.0, 0.0, 0.0, 0.0, 0.0, 0.0, 0.0, 0.0, 0.0]",7050.0
BIOMD0000000653,53,62,0.0,0.0,1.1102230246251565e-16,"[0.0, 0.0, 0.0, 0.0, 0.0, 0.0, 0.0, 0.0, 0.0, 0.0, 0.0, 0.0, 0.0, np.float64(1.1102230246251565e-16), 0.0, 0.0, 0.0, 0.0, 0.0, 0.0, 0.0, 0.0, 0.0, 0.0, 0.0, 0.0, 0.0, 0.0, 0.0, 0.0, 0.0, 0.0, 0.0, 0.0, 0.0, 0.0, 0.0, 0.0, 0.0, 0.0, 0.0, 0.0, 0.0, 0.0, 0.0, 0.0, 0.0, 0.0, 0.0, 0.0, 0.0, 0.0, 0.0]",13.0,0.0,0.0,0.25688346560850817,"[0.0, 0.0, 0.0, 0.0, 0.0, 0.0, 0.0, 0.0, 0.0, 0.0, 0.0, 0.0, 0.0, 0.0, 0.0, 0.0, 0.0, 0.0, 0.0, 0.0, 0.0, 0.0, 0.0, 0.0, 0.0, 0.0, 0.0, 0.0, 0.0, 0.0, 0.0, 0.0, 0.0, 0.0, 0.0, 0.0, 0.0, 0.0, 0.0, 0.0, 0.0, 0.0, 0.0, 0.0, 0.0, 0.0, 0.0, 0.0, 0.0, 0.0, 0.0, 0.0, np.float64(0.25688346560850817)]",1524.0,0.0,0.0,0.9999999999897272,"[0.0, 0.0, 0.0, 0.0, 0.0, 0.0, np.float64(0.9999940749570813), 0.0, 0.0, 0.0, 0.0, 0.0, np.float64(0.999999999696025), 0.0, np.float64(0.9999999643847325), np.float64(0.9999999999897272), 0.0, 0.0, 0.0, np.float64(0.9999999938953169), 0.0, 0.0, 0.0, 0.0, 0.0, 0.0, 0.0, np.float64(0.996539899223689), 0.0, 0.0, 0.0, 0.0, np.float64(0.9999999999025458), 0.0, np.float64(0.9999998744577853), 0.0, 0.0, 0.0, 0.0, np.float64(0.9999999654539696), 0.0, 0.0, np.float64(0.999999999696025), 0.0, np.float64(0.9999999643847326), np.float64(0.999999999989727), 0.0, 0.0, 0.0, 0.0, 0.0, 0.0, np.float64(0.9999999694377856)]",8674.0
BIOMD0000000656,53,62,0.0,0.0,1.1102230246251565e-16,"[0.0, 0.0, 0.0, 0.0, 0.0, 0.0, 0.0, 0.0, 0.0, 0.0, 0.0, 0.0, 0.0, 0.0, 0.0, 0.0, 0.0, 0.0, 0.0, 0.0, 0.0, 0.0, 0.0, 0.0, 0.0, 0.0, 0.0, 0.0, 0.0, 0.0, 0.0, 0.0, 0.0, 0.0, np.float64(1.1102230246251565e-16), 0.0, 0.0, 0.0, 0.0, 0.0, 0.0, 0.0, 0.0, 0.0, 0.0, 0.0, 0.0, 0.0, 0.0, np.float64(1.1102230246251565e-16), 0.0, 0.0, 0.0]",21.0,0.0,0.0,0.999782586630726,"[0.0, 0.0, 0.0, 0.0, 0.0, 0.0, 0.0, 0.0, 0.0, 0.0, 0.0, np.float64(0.9997819642335758), 0.0, 0.0, 0.0, 0.0, 0.0, 0.0, 0.0, 0.0, 0.0, 0.0, np.float64(0.9488055586082133), 0.0, 0.0, 0.0, 0.0, 0.0, 0.0, 0.0, 0.0, 0.0, 0.0, np.float64(0.9997819641870638), np.float64(0.999782586630726), 0.0, 0.0, 0.0, 0.0, 0.0, 0.0, 0.0, 0.0, 0.0, 0.0, 0.0, 0.0, np.float64(0.911052212704774), 0.0, 0.0, 0.0, 0.0, 0.0]",1617.0,0.0,0.0,0.9999999999876041,"[0.0, 0.0, 0.0, 0.0, 0.0, 0.0, 0.0, 0.0, 0.0, 0.0, 0.0, 0.0, 0.0, 0.0, 0.0, np.float64(0.9999999999876041), 0.0, 0.0, 0.0, 0.0, 0.0, 0.0, 0.0, 0.0, 0.0, 0.0, 0.0, np.float64(0.9999900918489402), 0.0, 0.0, 0.0, 0.0, 0.0, 0.0, 0.0, 0.0, 0.0, 0.0, 0.0, 0.0, 0.0, 0.0, 0.0, 0.0, 0.0, np.float64(0.999999999987604), 0.0, 0.0, 0.0, 0.0, 0.0, 0.0, 0.0]",23452.0
BIOMD0000000657,3,3,0.0,0.0,0.0,"[0.0, 0.0, 0.0]",1.0,0.0,0.4604654031396733,0.9195456041914611,"[np.float64(0.4604654031396733), 0.0, np.float64(0.9195456041914611)]",11.0,0.0,0.0,0.7002407032652805,"[np.float64(0.7002407032652805), 0.0, 0.0]",22.0
BIOMD0000000660,15,35,0.0,0.0,0.0,"[0.0, 0.0, 0.0, 0.0, 0.0, 0.0, 0.0, 0.0, 0.0, 0.0, 0.0, 0.0, 0.0, 0.0, 0.0]",3.0,0.0,0.6665008329391097,0.9982455605394116,"[np.float64(0.923192136227), 0.0, 0.0, np.float64(0.8611054244790808), np.float64(0.9415492662696876), np.float64(0.9338357018802832), np.float64(0.6665008329391097), np.float64(0.7473537143385519), np.float64(0.3463623368053438), np.float64(0.31688681834281296), 0.0, np.float64(0.9982455605394116), 0.0, 0.0, np.float64(0.8329928653182888)]",169.0,0.0,0.0,0.9996880886128511,"[np.float64(0.9996880886128511), 0.0, 0.0, 0.0, 0.0, 0.0, 0.0, 0.0, 0.0, 0.0, 0.0, np.float64(0.9628051616357418), np.float64(0.9608847770271646), 0.0, 0.0]",1768.0
BIOMD0000000661,7,17,0.0,0.0,0.0,"[0.0, 0.0, 0.0, 0.0, 0.0, 0.0, 0.0]",7.0,0.519214572069169,0.9974062253524161,0.998541893949256,"[np.float64(0.9979746247049387), np.float64(0.9974062253524161), np.float64(0.998541893949256), np.float64(0.9984690739014365), np.float64(0.9970988086288426), np.float64(0.9651544495811377), np.float64(0.519214572069169)]",52.0,0.0,0.0,0.8232479502583424,"[np.float64(0.4507711119906752), np.float64(0.8232479502583424), 0.0, 0.0, np.float64(0.1680911551662535), 0.0, 0.0]",235.0
BIOMD0000000662,3,10,0.0,0.0,0.0,"[0.0, 0.0, 0.0]",3.0,0.5763416813840172,0.9084505010285766,0.9999919693315595,"[np.float64(0.9084505010285766), np.float64(0.9999919693315595), np.float64(0.5763416813840172)]",9.0,0.0,0.0,0.9984770837957591,"[0.0, np.float64(0.9984770837957591), 0.0]",21.0
BIOMD0000000663,3,9,0.0,0.0,0.0,"[0.0, 0.0, 0.0]",3.0,0.5651232268958462,0.9346849823890077,0.9999999978654187,"[np.float64(0.5651232268958462), np.float64(0.9346849823890077), np.float64(0.9999999978654187)]",10.0,0.9993985610839495,0.9997858568206264,0.9999556319644469,"[np.float64(0.9997858568206264), np.float64(0.9993985610839495), np.float64(0.9999556319644469)]",23.0
BIOMD0000000664,6,15,0.0,0.0,0.0,"[0.0, 0.0, 0.0, 0.0, 0.0, 0.0]",2.0,0.8133566141394205,0.9719585078932835,0.9999593527753909,"[np.float64(0.8133566141394205), np.float64(0.9440847292447679), np.float64(0.9997144132946318), np.float64(0.9999593527753909), np.float64(0.9970902858717222), np.float64(0.9468267299148448)]",35.0,0.900222141702237,0.9980441165191853,0.9999332912207681,"[np.float64(0.900222141702237), np.float64(0.9993262553483083), np.float64(0.9899820191224812), np.float64(0.9980858195152499), np.float64(0.9999332912207681), np.float64(0.9980024135231208)]",155.0
BIOMD0000000667,103,148,,,,,,,,,,,,,,,
BIOMD0000000676,13,17,0.0,0.0,0.0,"[0.0, 0.0, 0.0, 0.0, 0.0, 0.0, 0.0, 0.0, 0.0, 0.0, 0.0, 0.0, 0.0]",4.0,0.0,0.9976727085795993,0.999893244314632,"[np.float64(0.999893244314632), np.float64(0.9998613371646068), np.float64(0.6810092009191764), np.float64(0.9167660421192707), np.float64(0.9955086608933141), np.float64(0.9998392415016206), 0.0, np.float64(0.999390589618293), np.float64(0.9996800283348658), np.float64(0.8244598072741585), np.float64(0.9929495342056193), np.float64(0.9976727085795993), np.float64(0.9988560631762087)]",160.0,0.0,0.0,0.9727574132862081,"[np.float64(0.9727574132862081), np.float64(0.38264669881295), 0.0, 0.0, 0.0, 0.0, 0.0, 0.0, 0.0, 0.0, 0.0, 0.0, 0.0]",1357.0
BIOMD0000000678,2,4,0.0,0.0,0.0,"[0.0, 0.0]",2.0,0.06561350594169713,0.07064420152179968,0.07567489710190223,"[np.float64(0.07567489710190223), np.float64(0.06561350594169713)]",6.0,0.12311756678550467,0.12780793353103503,0.1324983002765654,"[np.float64(0.1324983002765654), np.float64(0.12311756678550467)]",12.0
BIOMD0000000683,4,9,0.0,0.0,0.0,"[0.0, 0.0, 0.0, 0.0]",4.0,0.0,0.08852726302028907,0.9823803755616162,"[np.float64(0.9823803755616162), np.float64(0.08145007206494759), np.float64(0.09560445397563055), 0.0]",18.0,0.0,0.0,0.0,"[0.0, 0.0, 0.0, 0.0]",52.0
BIOMD0000000687,15,25,0.0,0.0,0.0,"[0.0, 0.0, 0.0, 0.0, 0.0, 0.0, 0.0, 0.0, 0.0, 0.0, 0.0, 0.0, 0.0, 0.0, 0.0]",4.0,0.0,0.9893790787161224,0.9998723865234446,"[np.float64(0.9998723865234446), np.float64(0.3911108907817227), 0.0, np.float64(0.9893790787161224), np.float64(0.9976255195470076), np.float64(0.7465476129888992), np.float64(0.9977203077565034), np.float64(0.9685295635098053), np.float64(0.891353053410873), np.float64(0.8772676781785307), np.float64(0.9814218797628628), np.float64(0.9918120569323926), np.float64(0.9927373977622852), np.float64(0.9982540467025848), np.float64(0.9997403037281302)]",210.0,0.0,0.0,0.7385449615220505,"[0.0, 0.0, 0.0, 0.0, 0.0, 0.0, np.float64(0.7385449615220505), 0.0, 0.0, 0.0, 0.0, 0.0, 0.0, 0.0, 0.0]",1623.0
BIOMD0000000688,16,30,0.0,0.0,1.1102230246251565e-16,"[0.0, 0.0, 0.0, 0.0, np.float64(1.1102230246251565e-16), 0.0, 0.0, 0.0, 0.0, 0.0, 0.0, 0.0, 0.0, 0.0, 0.0, 0.0]",4.0,0.0,0.0,0.9998681307938754,"[np.float64(0.9998681307938754), 0.0, 0.0, np.float64(0.9885824351259095), np.float64(0.650138439429097), np.float64(0.9756281028592467), 0.0, 0.0, 0.0, 0.0, 0.0, 0.0, 0.0, 0.0, 0.0, np.float64(0.9631440267076816)]",112.0,0.0,0.0,0.0,"[0.0, 0.0, 0.0, 0.0, 0.0, 0.0, 0.0, 0.0, 0.0, 0.0, 0.0, 0.0, 0.0, 0.0, 0.0, 0.0]",1032.0
BIOMD0000000689,7,10,0.0,0.0,0.0,"[0.0, 0.0, 0.0, 0.0, 0.0, 0.0, 0.0]",0.0,0.0,0.0,0.9962963300237828,"[0.0, 0.0, 0.0, np.float64(0.2577931464487998), np.float64(0.9645450829869474), 0.0, np.float64(0.9962963300237828)]",48.0,0.0,0.0,0.0,"[0.0, 0.0, 0.0, 0.0, 0.0, 0.0, 0.0]",245.0
BIOMD0000000690,7,10,0.0,0.0,0.0,"[0.0, 0.0, 0.0, 0.0, 0.0, 0.0, 0.0]",0.0,0.0,0.0,0.0,"[0.0, 0.0, 0.0, 0.0, 0.0, 0.0, 0.0]",49.0,0.0,0.0,0.0,"[0.0, 0.0, 0.0, 0.0, 0.0, 0.0, 0.0]",245.0
BIOMD0000000691,13,18,0.0,0.0,0.0,"[0.0, 0.0, 0.0, 0.0, 0.0, 0.0, 0.0, 0.0, 0.0, 0.0, 0.0, 0.0, 0.0]",8.0,0.0,0.0,0.0,"[0.0, 0.0, 0.0, 0.0, 0.0, 0.0, 0.0, 0.0, 0.0, 0.0, 0.0, 0.0, 0.0]",182.0,0.0,0.0,0.0,"[0.0, 0.0, 0.0, 0.0, 0.0, 0.0, 0.0, 0.0, 0.0, 0.0, 0.0, 0.0, 0.0]",1365.0
BIOMD0000000695,12,35,0.0,0.0,2.220446049250313e-16,"[0.0, 0.0, np.float64(2.220446049250313e-16), np.float64(2.220446049250313e-16), 0.0, 0.0, 0.0, 0.0, 0.0, 0.0, 0.0, 0.0]",10.0,0.0,0.6445222605125421,0.9998327431949889,"[0.0, 0.0, np.float64(0.6686039055445452), np.float64(0.9909312195098109), 0.0, np.float64(0.6204406154805391), 0.0, np.float64(0.969630690280861), np.float64(0.982080665130039), np.float64(0.9992635453213483), 0.0, np.float64(0.9998327431949889)]",101.0,0.0,0.0,0.0,"[0.0, 0.0, 0.0, 0.0, 0.0, 0.0, 0.0, 0.0, 0.0, 0.0, 0.0, 0.0]",445.0
BIOMD0000000697,13,30,0.0,0.0,0.0,"[0.0, 0.0, 0.0, 0.0, 0.0, 0.0, 0.0, 0.0, 0.0, 0.0, 0.0, 0.0, 0.0]",4.0,0.0,0.8730448079830397,0.9992747131660867,"[np.float64(0.9988452688234559), 0.0, np.float64(0.9510044945837967), np.float64(0.9693661972632069), 0.0, np.float64(0.5547285447059096), np.float64(0.9992747131660867), np.float64(0.8730448079830397), np.float64(0.9924093077047997), np.float64(0.18786392606035263), 0.0, np.float64(0.6781842145508548), np.float64(0.9491522145638848)]",167.0,0.0,0.0,0.0,"[0.0, 0.0, 0.0, 0.0, 0.0, 0.0, 0.0, 0.0, 0.0, 0.0, 0.0, 0.0, 0.0]",1347.0
BIOMD0000000698,5,9,0.0,0.0,2.220446049250313e-16,"[0.0, np.float64(1.1102230246251565e-16), np.float64(2.220446049250313e-16), 0.0, 0.0]",3.0,0.12095497095885133,0.9568452557993185,0.9999483612773292,"[np.float64(0.12095497095885133), np.float64(0.9986733384657008), np.float64(0.9568452557993185), np.float64(0.9008564363170117), np.float64(0.9999483612773292)]",26.0,0.0,0.0,0.9983662804015727,"[0.0, np.float64(0.9840116055911448), 0.0, 0.0, np.float64(0.9983662804015727)]",86.0
BIOMD0000000700,23,49,0.0,0.0,0.0,"[0.0, 0.0, 0.0, 0.0, 0.0, 0.0, 0.0, 0.0, 0.0, 0.0, 0.0, 0.0, 0.0, 0.0, 0.0, 0.0, 0.0, 0.0, 0.0, 0.0, 0.0, 0.0, 0.0]",2.0,0.0,0.9524788879623759,0.9988600249611045,"[np.float64(0.9831467664983435), np.float64(0.98986255167734), np.float64(0.8842744713295041), np.float64(0.9892022181371907), np.float64(0.8152005673464309), np.float64(0.9808844799476304), np.float64(0.9809680054257535), np.float64(0.6809724253825082), np.float64(0.9695247757411907), np.float64(0.9951844216559798), np.float64(0.9988600249611045), np.float64(0.10612071296498471), np.float64(0.8669240520680856), np.float64(0.835783775181206), np.float64(0.9682046110493567), np.float64(0.4234608588544796), np.float64(0.47793154614174094), np.float64(0.28305070567022805), 0.0, np.float64(0.9972116177562051), np.float64(0.9524788879623759), 0.0, np.float64(0.9974429647157487)]",482.0,0.0,0.0,0.5852629032853351,"[0.0, 0.0, 0.0, 0.0, 0.0, 0.0, 0.0, 0.0, 0.0, 0.0, np.float64(0.5852629032853351), 0.0, 0.0, 0.0, 0.0, 0.0, 0.0, 0.0, 0.0, 0.0, 0.0, 0.0, 0.0]",6870.0
BIOMD0000000707,5,10,0.0,0.0,0.0,"[0.0, 0.0, 0.0, 0.0, 0.0]",5.0,0.46709670389762215,0.7748418478740688,0.9989700222868668,"[np.float64(0.46709670389762215), np.float64(0.9989700222868668), np.float64(0.7748418478740688), np.float64(0.9987364156443432), np.float64(0.7394456188470704)]",28.0,0.2519447557749108,0.9975972803386621,0.9998462210668413,"[np.float64(0.9998462210668413), np.float64(0.9975972803386621), np.float64(0.3679322952587428), np.float64(0.999096839110177), np.float64(0.2519447557749108)]",71.0
BIOMD0000000708,5,11,0.0,0.0,0.0,"[0.0, 0.0, 0.0, 0.0, 0.0]",5.0,0.0,0.0,0.0,"[0.0, 0.0, 0.0, 0.0, 0.0]",10.0,0.0,0.0,0.0,"[0.0, 0.0, 0.0, 0.0, 0.0]",28.0
BIOMD0000000709,5,11,0.0,0.0,2.220446049250313e-16,"[np.float64(2.220446049250313e-16), 0.0, 0.0, 0.0, 0.0]",5.0,0.0,0.0,0.0,"[0.0, 0.0, 0.0, 0.0, 0.0]",10.0,0.0,0.0,0.0,"[0.0, 0.0, 0.0, 0.0, 0.0]",40.0
BIOMD0000000710,7,16,0.0,0.0,1.1102230246251565e-16,"[0.0, 0.0, np.float64(1.1102230246251565e-16), 0.0, 0.0, np.float64(1.1102230246251565e-16), 0.0]",7.0,0.0,0.856373087530167,0.999999072180826,"[np.float64(0.8975751310388282), np.float64(0.856373087530167), np.float64(0.999999072180826), np.float64(0.8982507363985278), 0.0, 0.0, np.float64(0.03558061697268833)]",43.0,0.0,0.0,0.0,"[0.0, 0.0, 0.0, 0.0, 0.0, 0.0, 0.0]",120.0
BIOMD0000000711,10,26,0.0,0.0,1.1102230246251565e-16,"[0.0, 0.0, 0.0, 0.0, 0.0, 0.0, 0.0, 0.0, np.float64(1.1102230246251565e-16), 0.0]",7.0,0.0,0.46617573347549907,0.9997219498325591,"[np.float64(0.9323514669509981), 0.0, 0.0, 0.0, np.float64(0.999401956986978), 0.0, np.float64(0.9902701883542648), np.float64(0.983039045465937), np.float64(0.9997219498325591), 0.0]",96.0,0.0,0.0,0.9999999164665562,"[np.float64(0.99414694207117), 0.0, 0.0, 0.0, np.float64(0.9999999164665562), 0.0, 0.0, 0.0, 0.0, 0.0]",577.0
BIOMD0000000713,3,9,0.0,1.1102230246251565e-16,1.1102230246251565e-16,"[np.float64(1.1102230246251565e-16), 0.0, np.float64(1.1102230246251565e-16)]",3.0,0.5459398459577574,0.6028304727856745,0.673797058139848,"[np.float64(0.673797058139848), np.float64(0.5459398459577574), np.float64(0.6028304727856745)]",12.0,0.0,0.0,0.0,"[0.0, 0.0, 0.0]",11.0
BIOMD0000000714,4,10,0.0,0.0,3.3306690738754696e-16,"[np.float64(3.3306690738754696e-16), 0.0, 0.0, 0.0]",3.0,0.7796270209027437,0.9231631353387575,0.9971512492237392,"[np.float64(0.7796270209027437), np.float64(0.9971512492237392), np.float64(0.926271955494721), np.float64(0.9200543151827941)]",20.0,0.9973370180784555,0.998970648726189,0.9999761006706467,"[np.float64(0.9980493915514996), np.float64(0.9973370180784555), np.float64(0.9999761006706467), np.float64(0.9998919059008784)]",59.0
BIOMD0000000715,4,11,0.0,0.0,0.0,"[0.0, 0.0, 0.0, 0.0]",4.0,0.9972903920843845,0.99910803466694,0.9999576139699986,"[np.float64(0.9983685526543437), np.float64(0.9972903920843845), np.float64(0.9999576139699986), np.float64(0.9998475166795363)]",20.0,0.9867519604450753,0.9956579583298177,0.9997714733169002,"[np.float64(0.9920100877139468), np.float64(0.9867519604450753), np.float64(0.9997714733169002), np.float64(0.9993058289456885)]",60.0
BIOMD0000000716,4,10,0.0,0.0,0.0,"[0.0, 0.0, 0.0, 0.0]",4.0,0.0,0.0,0.9198330560610876,"[np.float64(0.9198330560610876), 0.0, 0.0, 0.0]",10.0,0.0,0.0,0.0,"[0.0, 0.0, 0.0, 0.0]",29.0
BIOMD0000000717,4,10,0.0,0.0,1.1102230246251565e-16,"[np.float64(1.1102230246251565e-16), 0.0, 0.0, 0.0]",3.0,0.0,0.0,0.9999899954711241,"[np.float64(0.9999899954711241), 0.0, 0.0, 0.0]",14.0,0.0,0.0,0.0,"[0.0, 0.0, 0.0, 0.0]",25.0
BIOMD0000000718,16,29,0.0,0.0,1.1102230246251565e-16,"[0.0, 0.0, 0.0, 0.0, 0.0, 0.0, 0.0, 0.0, 0.0, 0.0, 0.0, 0.0, 0.0, 0.0, 0.0, np.float64(1.1102230246251565e-16)]",6.0,0.0,0.59002413804917,0.9999827551227037,"[0.0, np.float64(0.7670429946692866), np.float64(0.9999421471238685), np.float64(0.9999717403780026), 0.0, np.float64(0.6306268573250925), np.float64(0.5494214187732473), np.float64(0.9999827551227037), np.float64(0.9980210349582581), np.float64(0.9897810527137167), 0.0, 0.0, 0.0, 0.0, np.float64(0.1894536688128432), np.float64(0.9973561237023079)]",145.0,0.0,0.917381260099662,0.9971843190913247,"[np.float64(0.9752398637016219), np.float64(0.5455793410049077), np.float64(0.9308865023089443), np.float64(0.9910213325238023), 0.0, np.float64(0.9186494172179569), np.float64(0.9161131029813672), np.float64(0.964749573237775), np.float64(0.995417694804061), np.float64(0.9890370912140486), 0.0, 0.0, 0.0, 0.0, np.float64(0.2632987610050256), np.float64(0.9971843190913247)]",806.0
BIOMD0000000719,5,9,0.0,0.0,0.0,"[0.0, 0.0, 0.0, 0.0, 0.0]",3.0,0.0,0.6347621018583561,0.7746675683128077,"[np.float64(0.7746675683128077), np.float64(0.3933439016467435), np.float64(0.6347621018583561), np.float64(0.6880777429834457), 0.0]",21.0,0.0,0.0,0.9969633089460002,"[np.float64(0.9969633089460002), np.float64(0.9791924213490485), 0.0, 0.0, 0.0]",76.0
BIOMD0000000720,8,25,0.0,0.0,1.1102230246251565e-16,"[0.0, 0.0, 0.0, 0.0, 0.0, np.float64(1.1102230246251565e-16), 0.0, 0.0]",7.0,0.8812382335480023,0.9248015286620247,0.9917777428378957,"[np.float64(0.8832351228983295), np.float64(0.9915620614608163), np.float64(0.9917777428378957), np.float64(0.8812382335480023), np.float64(0.9378650368062356), np.float64(0.9020567377415692), np.float64(0.9735441752595578), np.float64(0.9117380205178138)]",72.0,0.0,0.9646266787425077,0.9973979435285169,"[0.0, np.float64(0.9955528270036912), np.float64(0.9898024327448682), 0.0, np.float64(0.9543925693283741), 0.0, np.float64(0.9973979435285169), np.float64(0.9748607881566415)]",358.0
BIOMD0000000722,5,15,0.0,0.0,3.3306690738754696e-16,"[0.0, 0.0, 0.0, 0.0, np.float64(3.3306690738754696e-16)]",4.0,0.0,0.8162837282744048,0.9671781806789226,"[np.float64(0.4204630093619892), np.float64(0.9671781806789226), 0.0, np.float64(0.9136160009922739), np.float64(0.8162837282744048)]",27.0,0.0,0.0,0.0,"[0.0, 0.0, 0.0, 0.0, 0.0]",75.0
BIOMD0000000723,25,73,0.0,0.0,1.1102230246251565e-16,"[0.0, 0.0, np.float64(1.1102230246251565e-16), 0.0, 0.0, 0.0, 0.0, 0.0, 0.0, 0.0, 0.0, 0.0, 0.0, 0.0, 0.0, 0.0, 0.0, 0.0, 0.0, 0.0, 0.0, 0.0, 0.0, 0.0, 0.0]",23.0,0.0,0.8970734384128388,0.9999999999995646,"[np.float64(0.9770430980464531), np.float64(0.8692955405066741), np.float64(0.9398057586026352), np.float64(0.9636821978289831), np.float64(0.8970734384128388), np.float64(0.9087499669812514), np.float64(0.8737873889127252), np.float64(0.8340554094193607), np.float64(0.9538990885584293), np.float64(0.761464155370625), np.float64(0.9036590021579838), np.float64(0.9036590021050539), np.float64(0.155177004744946), np.float64(0.3475401544154766), np.float64(0.903658505159509), np.float64(0.9461805272388178), np.float64(0.3371511466863244), np.float64(0.8380638665968381), np.float64(0.29088120818003504), 0.0, np.float64(0.9378273206328254), np.float64(0.8787150779375448), np.float64(0.9657877451242032), np.float64(0.8643153482230831), np.float64(0.9999999999995646)]",635.0,0.0,0.0,0.0,"[0.0, 0.0, 0.0, 0.0, 0.0, 0.0, 0.0, 0.0, 0.0, 0.0, 0.0, 0.0, 0.0, 0.0, 0.0, 0.0, 0.0, 0.0, 0.0, 0.0, 0.0, 0.0, 0.0, 0.0, 0.0]",8770.0
BIOMD0000000724,28,28,0.0,0.0,4.440892098500626e-16,"[0.0, np.float64(2.220446049250313e-16), 0.0, 0.0, 0.0, np.float64(1.1102230246251565e-16), 0.0, np.float64(4.440892098500626e-16), 0.0, 0.0, 0.0, np.float64(2.220446049250313e-16), 0.0, 0.0, 0.0, 0.0, 0.0, 0.0, 0.0, 0.0, 0.0, 0.0, 0.0, 0.0, 0.0, 0.0, 0.0, 0.0]",26.0,0.0,0.89990505748514,0.9999999572023035,"[0.0, 0.0, 0.0, 0.0, 0.0, np.float64(0.9878947316558071), np.float64(0.8962607882717486), np.float64(0.9831389421140457), np.float64(0.8751904988414754), np.float64(0.9825980090099653), np.float64(0.9846812280407247), np.float64(0.9089308969216394), np.float64(0.9093298898575958), np.float64(0.9977559548667492), np.float64(0.9977559548682134), np.float64(0.5498891903281985), np.float64(0.6167386552980252), 0.0, np.float64(0.9997918235462706), np.float64(0.999788781201242), 0.0, np.float64(0.9035493266985315), np.float64(0.9999999572023035), np.float64(0.34922187455347575), np.float64(0.674442146904185), np.float64(0.9999830919629974), np.float64(0.9999961612727959), 0.0]",653.0,0.0,0.0,0.9999872708975431,"[np.float64(0.9999872708975431), 0.0, 0.0, 0.0, 0.0, 0.0, 0.0, 0.0, 0.0, 0.0, 0.0, 0.0, 0.0, 0.0, 0.0, 0.0, 0.0, 0.0, 0.0, 0.0, 0.0, 0.0, 0.0, 0.0, 0.0, 0.0, 0.0, 0.0]",3806.0
BIOMD0000000725,38,31,0.0,0.0,3.3306690738754696e-16,"[0.0, 0.0, 0.0, 0.0, 0.0, 0.0, 0.0, 0.0, 0.0, 0.0, np.float64(3.3306690738754696e-16), 0.0, np.float64(1.1102230246251565e-16), 0.0, 0.0, 0.0, 0.0, 0.0, 0.0, 0.0, np.float64(1.1102230246251565e-16), np.float64(2.220446049250313e-16), 0.0, 0.0, 0.0, 0.0, 0.0, 0.0, 0.0, 0.0, 0.0, 0.0, 0.0, 0.0, 0.0, np.float64(1.1102230246251565e-16), 0.0, 0.0]",35.0,0.0,0.8648846303892899,0.9999999942186449,"[np.float64(0.9776557435365077), np.float64(0.9979347474420014), np.float64(0.9944606353090639), np.float64(0.7745385239315825), np.float64(0.7732138189876261), 0.0, np.float64(0.8741250418771508), np.float64(0.9668066687000583), np.float64(0.855644218901429), np.float64(0.9996062915747165), np.float64(0.9999435291331608), np.float64(0.7731871311906368), np.float64(0.6981309676772142), np.float64(0.7107569946665642), np.float64(0.8884129001658396), np.float64(0.8959469491870371), np.float64(0.9345164294836538), np.float64(0.7729878052349152), np.float64(0.7772530359620208), np.float64(0.788979356554148), np.float64(0.8039858576422968), np.float64(0.7675302768199782), np.float64(0.7989209491759265), np.float64(0.9999989299200154), np.float64(0.9933184520187814), np.float64(0.9711897770479203), np.float64(0.7990114667773145), np.float64(0.8167437043566709), np.float64(0.835643430017817), np.float64(0.9991115844967859), np.float64(0.994475113231387), np.float64(0.9389664138302536), np.float64(0.9999999942186449), np.float64(0.9998780024635091), 0.0, np.float64(0.9999897422504633), np.float64(0.8037495387340742), np.float64(0.7762364570503114)]",1448.0,0.0,0.0,0.0,"[0.0, 0.0, 0.0, 0.0, 0.0, 0.0, 0.0, 0.0, 0.0, 0.0, 0.0, 0.0, 0.0, 0.0, 0.0, 0.0, 0.0, 0.0, 0.0, 0.0, 0.0, 0.0, 0.0, 0.0, 0.0, 0.0, 0.0, 0.0, 0.0, 0.0, 0.0, 0.0, 0.0, 0.0, 0.0, 0.0, 0.0, 0.0]",14291.0
BIOMD0000000726,8,23,0.0,0.0,2.220446049250313e-16,"[np.float64(2.220446049250313e-16), 0.0, 0.0, 0.0, 0.0, np.float64(2.220446049250313e-16), 0.0, 0.0]",8.0,0.0,0.8842441624683992,0.9999299360924522,"[np.float64(0.7465615599055201), 0.0, np.float64(0.9879265037067964), np.float64(0.9992886969036807), np.float64(0.9999299360924522), 0.0, np.float64(0.7805618212300021), np.float64(0.9991116397662549)]",50.0,0.0,0.0,0.0,"[0.0, 0.0, 0.0, 0.0, 0.0, 0.0, 0.0, 0.0]",186.0
BIOMD0000000727,30,57,0.0,0.0,1.1102230246251565e-16,"[0.0, 0.0, 0.0, 0.0, 0.0, 0.0, 0.0, 0.0, 0.0, 0.0, 0.0, 0.0, 0.0, 0.0, np.float64(1.1102230246251565e-16), 0.0, 0.0, 0.0, 0.0, 0.0, 0.0, 0.0, 0.0, 0.0, 0.0, 0.0, 0.0, 0.0, 0.0, 0.0]",9.0,0.0,0.9802732228115025,0.9999999536982276,"[np.float64(0.9816019046941397), np.float64(0.9925266899539014), np.float64(0.9987524739738164), np.float64(0.9996395561973793), np.float64(0.9969724337710049), np.float64(0.9967562805517709), np.float64(0.9915210238411902), np.float64(0.9999999536982276), np.float64(0.999340712079511), np.float64(0.26152202180633954), np.float64(0.10390159104613139), np.float64(0.24154328356648935), np.float64(0.6954498233735765), np.float64(0.4871710686678734), np.float64(0.4801735836513208), np.float64(0.9680059473777796), np.float64(0.9850291863407679), np.float64(0.9983137498250889), np.float64(0.9998304785690865), np.float64(0.9550247827344203), np.float64(0.996200357818622), np.float64(0.9789445409288653), np.float64(0.994462846832694), np.float64(0.4875865188041303), 0.0, 0.0, 0.0, np.float64(0.3807157175566569), np.float64(0.760289329006877), np.float64(0.995606400945182)]",718.0,0.0,0.9773873902451584,0.999980167969827,"[np.float64(0.9619186917300465), np.float64(0.9998659548594511), np.float64(0.9743300824261171), np.float64(0.9996793974653172), np.float64(0.9992380151697432), np.float64(0.9995444365366587), np.float64(0.9967420023865339), np.float64(0.9999442085710375), np.float64(0.9999004399655974), 0.0, 0.0, 0.0, np.float64(0.9300246823708659), 0.0, 0.0, np.float64(0.9999504456767004), np.float64(0.9845728312367764), np.float64(0.9985174385284942), np.float64(0.9998262407058575), np.float64(0.9980180551653709), np.float64(0.9998243252947807), 0.0, np.float64(0.9804446980641999), 0.0, 0.0, 0.0, 0.0, 0.0, 0.0, np.float64(0.999980167969827)]",13319.0
BIOMD0000000728,2,5,0.0,0.0,0.0,"[0.0, 0.0]",0.0,0.0,0.0,0.0,"[0.0, 0.0]",6.0,0.0,0.0,0.0,"[0.0, 0.0]",12.0
BIOMD0000000729,3,7,0.0,0.0,0.0,"[0.0, 0.0, 0.0]",1.0,0.6656328538353449,0.7868567279795678,0.999083285444516,"[np.float64(0.999083285444516), np.float64(0.7868567279795678), np.float64(0.6656328538353449)]",12.0,0.9548416073683617,0.9797533827602173,0.9999901810273532,"[np.float64(0.9999901810273532), np.float64(0.9797533827602173), np.float64(0.9548416073683617)]",29.0
BIOMD0000000730,45,108,0.0,0.0,2.220446049250313e-16,"[0.0, 0.0, 0.0, 0.0, 0.0, np.float64(2.220446049250313e-16), 0.0, 0.0, 0.0, 0.0, 0.0, 0.0, 0.0, 0.0, 0.0, 0.0, 0.0, 0.0, 0.0, 0.0, 0.0, 0.0, 0.0, 0.0, 0.0, 0.0, 0.0, 0.0, np.float64(1.1102230246251565e-16), 0.0, 0.0, 0.0, 0.0, 0.0, 0.0, 0.0, 0.0, 0.0, 0.0, np.float64(2.220446049250313e-16), 0.0, 0.0, 0.0, 0.0, 0.0]",28.0,0.0,0.8990404754107809,0.9997966946351168,"[np.float64(0.9979519308078597), np.float64(0.973198153368564), np.float64(0.8647350561569347), np.float64(0.9987494060172877), np.float64(0.9489671330921442), np.float64(0.9925487861782725), np.float64(0.9961087369437075), np.float64(0.25240116732689266), 0.0, np.float64(0.9894986196327775), np.float64(0.9906531847286629), 0.0, 0.0, np.float64(0.9862452442033858), np.float64(0.969739461748225), np.float64(0.8990404754107809), np.float64(0.8582338100279988), np.float64(0.9833145838356916), np.float64(0.8115473682552435), np.float64(0.889219542727978), np.float64(0.954514066833549), np.float64(0.9249973822645244), np.float64(0.8952690628851835), np.float64(0.4278020139897968), np.float64(0.7466072275217492), np.float64(0.8612033290226093), np.float64(0.931047514270465), np.float64(0.9556523108295593), np.float64(0.9927364652748145), np.float64(0.323696452632105), np.float64(0.16752256848092195), np.float64(0.9670022849086406), np.float64(0.4499143222989921), np.float64(0.6854554397620967), np.float64(0.4393790530226078), np.float64(0.5792438914926368), np.float64(0.5038340547772007), np.float64(0.46348843264886874), np.float64(0.9381135481685203), np.float64(0.929853497522366), np.float64(0.9665442187172547), np.float64(0.9537024410401282), 0.0, np.float64(0.9997966946351168), 0.0]",1933.0,0.0,0.0,0.9183677853471366,"[0.0, 0.0, 0.0, 0.0, np.float64(0.6729467883950797), 0.0, 0.0, 0.0, 0.0, 0.0, 0.0, 0.0, 0.0, 0.0, np.float64(0.32361472610633135), 0.0, 0.0, np.float64(0.4922498356917462), 0.0, 0.0, 0.0, 0.0, 0.0, 0.0, 0.0, 0.0, 0.0, 0.0, np.float64(0.09115433240547965), 0.0, 0.0, 0.0, 0.0, 0.0, 0.0, 0.0, 0.0, 0.0, 0.0, 0.0, 0.0, 0.0, 0.0, np.float64(0.9183677853471366), 0.0]",47419.0
BIOMD0000000731,16,25,0.0,0.0,3.3306690738754696e-16,"[0.0, np.float64(1.1102230246251565e-16), 0.0, 0.0, 0.0, 0.0, 0.0, np.float64(3.3306690738754696e-16), np.float64(1.1102230246251565e-16), 0.0, 0.0, 0.0, 0.0, 0.0, 0.0, 0.0]",9.0,0.0,0.0,0.9999999999865754,"[np.float64(0.9999999999865754), np.float64(0.8830260186630411), 0.0, np.float64(0.970123210185094), 0.0, np.float64(0.8830260191606951), np.float64(0.8356514596971286), np.float64(0.9809642203161753), 0.0, 0.0, 0.0, 0.0, 0.0, 0.0, 0.0, 0.0]",148.0,0.0,0.0,0.0,"[0.0, 0.0, 0.0, 0.0, 0.0, 0.0, 0.0, 0.0, 0.0, 0.0, 0.0, 0.0, 0.0, 0.0, 0.0, 0.0]",1639.0
BIOMD0000000732,3,6,0.0,0.0,0.0,"[0.0, 0.0, 0.0]",3.0,0.5732783915148063,0.9340533553570654,0.9999380207560455,"[np.float64(0.5732783915148063), np.float64(0.9340533553570654), np.float64(0.9999380207560455)]",11.0,0.0,0.0,0.9850109022765224,"[0.0, 0.0, np.float64(0.9850109022765224)]",12.0
BIOMD0000000733,3,6,0.0,0.0,0.0,"[0.0, 0.0, 0.0]",3.0,0.7404633611404314,0.9930615562955029,0.999891376325164,"[np.float64(0.999891376325164), np.float64(0.7404633611404314), np.float64(0.9930615562955029)]",10.0,0.0,0.0,0.9727961780176605,"[np.float64(0.9727961780176605), 0.0, 0.0]",19.0
BIOMD0000000736,11,22,0.0,0.0,0.0,"[0.0, 0.0, 0.0, 0.0, 0.0, 0.0, 0.0, 0.0, 0.0, 0.0, 0.0]",0.0,0.0,0.0,0.0,"[0.0, 0.0, 0.0, 0.0, 0.0, 0.0, 0.0, 0.0, 0.0, 0.0, 0.0]",0.0,0.0,0.0,0.0,"[0.0, 0.0, 0.0, 0.0, 0.0, 0.0, 0.0, 0.0, 0.0, 0.0, 0.0]",0.0
BIOMD0000000737,11,22,0.0,0.0,0.0,"[0.0, 0.0, 0.0, 0.0, 0.0, 0.0, 0.0, 0.0, 0.0, 0.0, 0.0]",0.0,0.0,0.0,0.9999854779965143,"[np.float64(0.9728203299521594), np.float64(0.9999854779965143), 0.0, np.float64(0.9851960123050552), 0.0, 0.0, 0.0, 0.0, 0.0, 0.0, 0.0]",67.0,0.0,0.0,0.0,"[0.0, 0.0, 0.0, 0.0, 0.0, 0.0, 0.0, 0.0, 0.0, 0.0, 0.0]",486.0
BIOMD0000000738,11,22,0.0,0.0,0.0,"[0.0, 0.0, 0.0, 0.0, 0.0, 0.0, 0.0, 0.0, 0.0, 0.0, 0.0]",0.0,0.0,0.0,0.9999876724148932,"[np.float64(0.9999876724148932), np.float64(0.9898895070524341), np.float64(0.9993009748785935), 0.0, 0.0, 0.0, 0.0, 0.0, 0.0, 0.0, np.float64(0.8013792970523976)]",65.0,0.0,0.0,0.9754755215630938,"[np.float64(0.9754755215630938), 0.0, 0.0, 0.0, 0.0, 0.0, 0.0, 0.0, 0.0, 0.0, 0.0]",474.0
BIOMD0000000739,24,23,0.0,0.0,0.0,"[0.0, 0.0, 0.0, 0.0, 0.0, 0.0, 0.0, 0.0, 0.0, 0.0, 0.0, 0.0, 0.0, 0.0, 0.0, 0.0, 0.0, 0.0, 0.0, 0.0, 0.0, 0.0, 0.0, 0.0]",0.0,0.0,0.0,0.0,"[0.0, 0.0, 0.0, 0.0, 0.0, 0.0, 0.0, 0.0, 0.0, 0.0, 0.0, 0.0, 0.0, 0.0, 0.0, 0.0, 0.0, 0.0, 0.0, 0.0, 0.0, 0.0, 0.0, 0.0]",0.0,0.0,0.0,0.0,"[0.0, 0.0, 0.0, 0.0, 0.0, 0.0, 0.0, 0.0, 0.0, 0.0, 0.0, 0.0, 0.0, 0.0, 0.0, 0.0, 0.0, 0.0, 0.0, 0.0, 0.0, 0.0, 0.0, 0.0]",0.0
BIOMD0000000741,4,10,0.0,0.0,0.0,"[0.0, 0.0, 0.0, 0.0]",4.0,0.0,0.4999999930230194,0.9999999866377419,"[0.0, 0.0, np.float64(0.9999999860460388), np.float64(0.9999999866377419)]",14.0,0.00019504647949042386,0.9999999860869064,0.9999999866358472,"[np.float64(0.00019504647949042386), np.float64(0.9999999861205576), np.float64(0.9999999860532554), np.float64(0.9999999866358472)]",12.0
BIOMD0000000742,2,6,0.0,0.0,0.0,"[0.0, 0.0]",2.0,0.0,0.1858984237756353,0.3717968475512706,"[np.float64(0.3717968475512706), 0.0]",5.0,0.0,0.0,0.0,"[0.0, 0.0]",7.0
BIOMD0000000743,4,14,0.0,0.0,1.1102230246251565e-16,"[0.0, 0.0, np.float64(1.1102230246251565e-16), 0.0]",3.0,0.0,0.9999029965981956,0.999998965602533,"[0.0, np.float64(0.9999916220183473), np.float64(0.999998965602533), np.float64(0.999814371178044)]",17.0,0.0,0.0,0.9999995477787466,"[0.0, np.float64(0.9999995477787466), 0.0, 0.0]",46.0
BIOMD0000000744,5,14,0.0,0.0,2.220446049250313e-16,"[np.float64(2.220446049250313e-16), 0.0, 0.0, np.float64(1.1102230246251565e-16), 0.0]",5.0,0.0,0.9998657311531796,0.9999999999996545,"[np.float64(0.7802067961689668), 0.0, np.float64(0.9999999999996545), np.float64(0.9998657311531796), np.float64(0.9999982636942937)]",25.0,0.0,0.0,0.8610469562843334,"[0.0, 0.0, np.float64(0.8610469562843334), 0.0, 0.0]",24.0
BIOMD0000000745,5,10,0.0,0.0,2.220446049250313e-16,"[0.0, np.float64(2.220446049250313e-16), 0.0, 0.0, 0.0]",5.0,0.9999999851189901,0.9999999957888017,0.999999998221699,"[np.float64(0.9999999877782334), np.float64(0.9999999957888017), np.float64(0.9999999851189901), np.float64(0.999999998221699), np.float64(0.9999999975285794)]",30.0,0.9999999991979004,0.9999999996795974,0.9999999998785718,"[np.float64(0.9999999995458898), np.float64(0.9999999996795974), np.float64(0.9999999991979004), np.float64(0.9999999996929967), np.float64(0.9999999998785718)]",105.0
BIOMD0000000747,33,28,0.0,0.0,3.3306690738754696e-16,"[0.0, 0.0, 0.0, 0.0, 0.0, 0.0, 0.0, 0.0, 0.0, 0.0, 0.0, 0.0, 0.0, 0.0, 0.0, 0.0, np.float64(3.3306690738754696e-16), 0.0, np.float64(1.1102230246251565e-16), 0.0, 0.0, 0.0, 0.0, 0.0, 0.0, 0.0, 0.0, 0.0, 0.0, 0.0, 0.0, 0.0, 0.0]",15.0,0.0,0.0,0.9999977246044635,"[0.0, 0.0, 0.0, 0.0, 0.0, np.float64(0.8327116960277232), 0.0, 0.0, 0.0, 0.0, np.float64(0.9999977246044635), 0.0, 0.0, 0.0, 0.0, 0.0, 0.0, 0.0, 0.0, np.float64(0.9204293513704819), 0.0, np.float64(0.9992887079273539), 0.0, np.float64(0.9992918293359733), 0.0, np.float64(0.9929920904756185), np.float64(0.99950880690952), np.float64(0.9999141739580506), 0.0, 0.0, 0.0, 0.0, 0.0]",513.0,0.0,0.0,0.0,"[0.0, 0.0, 0.0, 0.0, 0.0, 0.0, 0.0, 0.0, 0.0, 0.0, 0.0, 0.0, 0.0, 0.0, 0.0, 0.0, 0.0, 0.0, 0.0, 0.0, 0.0, 0.0, 0.0, 0.0, 0.0, 0.0, 0.0, 0.0, 0.0, 0.0, 0.0, 0.0, 0.0]",8811.0
BIOMD0000000748,4,11,0.0,0.0,0.0,"[0.0, 0.0, 0.0, 0.0]",2.0,0.0,0.8381000006001689,0.9996357128806542,"[np.float64(0.9008200913759594), np.float64(0.7753799098243783), np.float64(0.9996357128806542), 0.0]",17.0,0.7877003765468258,0.9950892334000064,0.9997335206436314,"[np.float64(0.9917836297241863), np.float64(0.7877003765468258), np.float64(0.9997335206436314), np.float64(0.9983948370758265)]",41.0
BIOMD0000000749,2,9,0.0,0.0,0.0,"[0.0, 0.0]",2.0,0.15378039285603673,0.21512635080035075,0.2764723087446648,"[np.float64(0.2764723087446648), np.float64(0.15378039285603673)]",5.0,0.0,0.26594704986281326,0.5318940997256265,"[0.0, np.float64(0.5318940997256265)]",7.0
BIOMD0000000750,8,25,0.0,0.0,2.220446049250313e-16,"[0.0, np.float64(2.220446049250313e-16), 0.0, 0.0, 0.0, 0.0, 0.0, 0.0]",8.0,0.0,0.29921015974613663,0.9999998306109071,"[np.float64(0.6962784816809114), np.float64(0.9999998306109071), 0.0, np.float64(0.9086748121520688), np.float64(0.5984203194922733), 0.0, 0.0, 0.0]",61.0,0.0,0.0,0.0,"[0.0, 0.0, 0.0, 0.0, 0.0, 0.0, 0.0, 0.0]",303.0
BIOMD0000000751,2,3,0.0,0.0,0.0,"[0.0, 0.0]",2.0,0.0,0.028299405071061268,0.056598810142122535,"[0.0, np.float64(0.056598810142122535)]",5.0,0.0,0.0,0.0,"[0.0, 0.0]",5.0
BIOMD0000000752,3,5,0.0,0.0,0.0,"[0.0, 0.0, 0.0]",3.0,0.09281836167352842,0.23068252916835985,0.2306857089132186,"[np.float64(0.23068252916835985), np.float64(0.09281836167352842), np.float64(0.2306857089132186)]",9.0,0.0,0.0,0.0,"[0.0, 0.0, 0.0]",12.0
BIOMD0000000753,2,7,0.0,0.0,0.0,"[0.0, 0.0]",2.0,0.7348271349161566,0.8644954158093334,0.9941636967025101,"[np.float64(0.7348271349161566), np.float64(0.9941636967025101)]",5.0,0.8328967246381268,0.9158757835610042,0.9988548424838816,"[np.float64(0.9988548424838816), np.float64(0.8328967246381268)]",9.0
BIOMD0000000754,3,10,0.0,0.0,0.0,"[0.0, 0.0, 0.0]",3.0,0.5653978109689757,0.9498343930855013,0.9999668411591566,"[np.float64(0.5653978109689757), np.float64(0.9999668411591566), np.float64(0.9498343930855013)]",11.0,0.0,0.0,0.8591918548120681,"[0.0, np.float64(0.8591918548120681), 0.0]",15.0
BIOMD0000000756,4,11,0.0,0.0,0.0,"[0.0, 0.0, 0.0, 0.0]",3.0,0.0,0.7648704863171919,0.9999798563480686,"[np.float64(0.6020644346623183), np.float64(0.9999798563480686), np.float64(0.9276765379720655), 0.0]",15.0,0.0,0.0,0.9519195204694537,"[0.0, np.float64(0.9519195204694537), 0.0, 0.0]",34.0
BIOMD0000000757,7,18,0.0,0.0,2.220446049250313e-16,"[0.0, 0.0, 0.0, 0.0, np.float64(2.220446049250313e-16), 0.0, 0.0]",7.0,0.0,0.9397023633212848,0.9991253650527867,"[np.float64(0.0872303128026799), np.float64(0.3109120970845902), np.float64(0.9991253650527867), np.float64(0.9397023633212848), 0.0, np.float64(0.9641851561729267), np.float64(0.9925278651218745)]",38.0,0.0,0.0,0.0,"[0.0, 0.0, 0.0, 0.0, 0.0, 0.0, 0.0]",136.0
BIOMD0000000758,2,4,0.0,0.0,0.0,"[0.0, 0.0]",1.0,0.0,0.49973834177285276,0.9994766835457055,"[np.float64(0.9994766835457055), 0.0]",3.0,0.9947241288678211,0.9971638698971367,0.9996036109264522,"[np.float64(0.9996036109264522), np.float64(0.9947241288678211)]",5.0
BIOMD0000000759,6,19,0.0,0.0,1.1102230246251565e-16,"[0.0, 0.0, 0.0, np.float64(1.1102230246251565e-16), 0.0, 0.0]",6.0,0.0,0.3058169539303149,0.9754454871924692,"[np.float64(0.9725342960224926), np.float64(0.9754454871924692), 0.0, 0.0, 0.0, np.float64(0.6116339078606298)]",35.0,0.0,0.0,0.0,"[0.0, 0.0, 0.0, 0.0, 0.0, 0.0]",44.0
BIOMD0000000760,2,4,0.0,0.0,0.0,"[0.0, 0.0]",2.0,0.2998634328193257,0.5026430269921527,0.7054226211649797,"[np.float64(0.7054226211649797), np.float64(0.2998634328193257)]",6.0,0.0,0.0,0.0,"[0.0, 0.0]",5.0
BIOMD0000000761,6,14,0.0,0.0,0.0,"[0.0, 0.0, 0.0, 0.0, 0.0, 0.0]",6.0,0.0,0.3872959329579501,0.9999999841158693,"[np.float64(0.7745918659159002), 0.0, 0.0, np.float64(0.9999999841158693), np.float64(0.9999889662537026), 0.0]",32.0,0.0,0.0,0.0,"[0.0, 0.0, 0.0, 0.0, 0.0, 0.0]",123.0
BIOMD0000000762,2,7,0.0,0.0,0.0,"[0.0, 0.0]",2.0,0.522167865167798,0.5614478749153309,0.6007278846628638,"[np.float64(0.6007278846628638), np.float64(0.522167865167798)]",5.0,0.0,0.0,0.0,"[0.0, 0.0]",5.0
BIOMD0000000763,3,9,0.0,0.0,0.0,"[0.0, 0.0, 0.0]",1.0,0.0,0.9533237318352158,0.9867698965564077,"[0.0, np.float64(0.9533237318352158), np.float64(0.9867698965564077)]",11.0,0.0,0.9991310572943595,0.9998019761122027,"[0.0, np.float64(0.9991310572943595), np.float64(0.9998019761122027)]",27.0
BIOMD0000000765,4,9,0.0,0.0,0.0,"[0.0, 0.0, 0.0, 0.0]",3.0,0.0,0.4879778464229674,0.9963440726004604,"[np.float64(0.9963440726004604), 0.0, np.float64(0.4907876213231026), np.float64(0.48516807152283214)]",15.0,0.0,0.12351344850446361,0.9936182740086862,"[np.float64(0.9936182740086862), 0.0, np.float64(0.12198351780364136), np.float64(0.12504337920528585)]",42.0
BIOMD0000000766,5,11,0.0,0.0,0.0,"[0.0, 0.0, 0.0, 0.0, 0.0]",4.0,0.5240939719279659,0.7071367885359425,0.9997448300167784,"[np.float64(0.7071367885359425), np.float64(0.9111083060417342), np.float64(0.694674131020055), np.float64(0.5240939719279659), np.float64(0.9997448300167784)]",22.0,0.0,0.0,0.0,"[0.0, 0.0, 0.0, 0.0, 0.0]",54.0
BIOMD0000000767,3,5,0.0,0.0,0.0,"[0.0, 0.0, 0.0]",2.0,0.0,0.0,0.7561236869693557,"[np.float64(0.7561236869693557), 0.0, 0.0]",7.0,0.0,0.0,0.0,"[0.0, 0.0, 0.0]",15.0
BIOMD0000000768,5,13,0.0,0.0,2.220446049250313e-16,"[0.0, 0.0, 0.0, np.float64(2.220446049250313e-16), 0.0]",2.0,0.0,0.8381388403146562,0.8664848827451673,"[0.0, np.float64(0.3362980953564564), np.float64(0.8664848827451673), np.float64(0.8381388403146562), np.float64(0.8664614544705949)]",24.0,0.0,0.0,0.0,"[0.0, 0.0, 0.0, 0.0, 0.0]",85.0
BIOMD0000000769,5,24,0.0,0.0,0.0,"[0.0, 0.0, 0.0, 0.0, 0.0]",5.0,0.0,0.03858368700310877,0.9857080356274609,"[0.0, np.float64(0.030019069421298727), np.float64(0.9644240907852807), np.float64(0.9857080356274609), np.float64(0.03858368700310877)]",28.0,0.0,0.0,0.0,"[0.0, 0.0, 0.0, 0.0, 0.0]",48.0
BIOMD0000000770,4,14,0.0,0.0,0.0,"[0.0, 0.0, 0.0, 0.0]",4.0,0.044464591201404335,0.092510159456904,0.9882656250863844,"[np.float64(0.08838693185671354), np.float64(0.09663338705709446), np.float64(0.9882656250863844), np.float64(0.044464591201404335)]",18.0,0.0,0.0,0.0,"[0.0, 0.0, 0.0, 0.0]",36.0
BIOMD0000000771,3,6,0.0,0.0,0.0,"[0.0, 0.0, 0.0]",2.0,0.632485828305501,0.9781601527739797,0.9995375035614745,"[np.float64(0.632485828305501), np.float64(0.9995375035614745), np.float64(0.9781601527739797)]",10.0,0.0,0.0,0.9626749286480603,"[0.0, np.float64(0.9626749286480603), 0.0]",17.0
BIOMD0000000772,4,7,0.0,0.0,1.1102230246251565e-16,"[np.float64(1.1102230246251565e-16), 0.0, 0.0, 0.0]",3.0,0.0,0.7693095403821872,0.880755227272711,"[np.float64(0.7417866646206996), 0.0, np.float64(0.880755227272711), np.float64(0.7968324161436747)]",15.0,0.0,0.47901509699930356,0.9389438038534721,"[0.0, np.float64(0.053618942539930714), np.float64(0.9389438038534721), np.float64(0.9044112514586764)]",32.0
BIOMD0000000773,3,6,0.0,0.0,0.0,"[0.0, 0.0, 0.0]",3.0,0.0,0.9969241750310563,0.9985661916341552,"[0.0, np.float64(0.9985661916341552), np.float64(0.9969241750310563)]",10.0,0.0,0.0,0.6045602504596024,"[0.0, np.float64(0.6045602504596024), 0.0]",7.0
BIOMD0000000774,2,4,0.0,1.1102230246251565e-16,2.220446049250313e-16,"[np.float64(2.220446049250313e-16), 0.0]",2.0,0.0,0.49709780724219654,0.9941956144843931,"[0.0, np.float64(0.9941956144843931)]",5.0,0.0,0.4531187861505528,0.9062375723011056,"[0.0, np.float64(0.9062375723011056)]",6.0
BIOMD0000000775,4,10,0.0,0.0,0.0,"[0.0, 0.0, 0.0, 0.0]",1.0,0.0,0.6630210663666835,0.999981590297355,"[np.float64(0.6631504862037237), np.float64(0.6628916465296432), 0.0, np.float64(0.999981590297355)]",13.0,0.0,0.0,0.0,"[0.0, 0.0, 0.0, 0.0]",44.0
BIOMD0000000776,2,4,0.0,0.0,0.0,"[0.0, 0.0]",2.0,0.0,0.4958506729906132,0.9917013459812264,"[np.float64(0.9917013459812264), 0.0]",4.0,0.0,0.0,0.0,"[0.0, 0.0]",5.0
BIOMD0000000777,3,8,0.0,0.0,1.1102230246251565e-16,"[0.0, np.float64(1.1102230246251565e-16), 0.0]",3.0,0.9479978404521037,0.9999140790385361,0.9999981306156345,"[np.float64(0.9999140790385361), np.float64(0.9479978404521037), np.float64(0.9999981306156345)]",10.0,0.0,0.0,0.0,"[0.0, 0.0, 0.0]",12.0
BIOMD0000000778,3,8,0.0,0.0,0.0,"[0.0, 0.0, 0.0]",3.0,0.0,0.0,0.9483503851747888,"[0.0, np.float64(0.9483503851747888), 0.0]",9.0,0.0,0.0,0.0,"[0.0, 0.0, 0.0]",11.0
BIOMD0000000779,6,25,0.0,0.0,2.220446049250313e-16,"[0.0, 0.0, 0.0, 0.0, 0.0, np.float64(2.220446049250313e-16)]",4.0,0.0,0.0,0.9043472546083684,"[np.float64(0.6908927412277925), 0.0, np.float64(0.9043472546083684), 0.0, 0.0, 0.0]",25.0,0.0,0.0,0.0,"[0.0, 0.0, 0.0, 0.0, 0.0, 0.0]",79.0
BIOMD0000000780,4,12,0.0,0.0,0.0,"[0.0, 0.0, 0.0, 0.0]",0.0,0.0,0.988584678181593,0.9963047709250196,"[np.float64(0.9963047709250196), np.float64(0.986256775564595), np.float64(0.990912580798591), 0.0]",16.0,0.65103525734976,0.9999392521341174,0.9999860846275431,"[np.float64(0.9999860846275431), np.float64(0.9999686079553954), np.float64(0.9999098963128393), np.float64(0.65103525734976)]",57.0
BIOMD0000000781,3,8,0.0,0.0,0.0,"[0.0, 0.0, 0.0]",0.0,0.4758058147496208,0.9671721828042006,0.9930233854809196,"[np.float64(0.9671721828042006), np.float64(0.4758058147496208), np.float64(0.9930233854809196)]",11.0,0.9999771214455826,0.9999990205202474,0.999999942705102,"[np.float64(0.9999771214455826), np.float64(0.9999990205202474), np.float64(0.999999942705102)]",29.0
BIOMD0000000782,2,5,0.0,0.0,0.0,"[0.0, 0.0]",0.0,0.9322759029468588,0.9535777926283043,0.9748796823097499,"[np.float64(0.9748796823097499), np.float64(0.9322759029468588)]",5.0,0.9316684225242471,0.9657234392496912,0.9997784559751354,"[np.float64(0.9997784559751354), np.float64(0.9316684225242471)]",8.0
BIOMD0000000783,3,8,0.0,0.0,2.220446049250313e-16,"[0.0, 0.0, np.float64(2.220446049250313e-16)]",2.0,0.26675176388235866,0.3145989851218446,0.8711711801679266,"[np.float64(0.3145989851218446), np.float64(0.26675176388235866), np.float64(0.8711711801679266)]",12.0,0.16517126360011192,0.40444684248012586,0.5309016450386795,"[np.float64(0.5309016450386795), np.float64(0.16517126360011192), np.float64(0.40444684248012586)]",24.0
BIOMD0000000784,3,9,0.0,0.0,0.0,"[0.0, 0.0, 0.0]",3.0,0.7321808282772216,0.7961981367618438,0.9588224724434057,"[np.float64(0.7321808282772216), np.float64(0.7961981367618438), np.float64(0.9588224724434057)]",12.0,0.9999855484667893,0.9999907810494677,0.9999992200472801,"[np.float64(0.9999855484667893), np.float64(0.9999907810494677), np.float64(0.9999992200472801)]",28.0
BIOMD0000000785,2,5,0.0,0.0,0.0,"[0.0, 0.0]",2.0,0.4404268780674212,0.5554664246531225,0.6705059712388237,"[np.float64(0.4404268780674212), np.float64(0.6705059712388237)]",6.0,0.9102351542235579,0.9241291307136658,0.9380231072037736,"[np.float64(0.9380231072037736), np.float64(0.9102351542235579)]",12.0
BIOMD0000000786,15,32,0.0,0.0,0.0,"[0.0, 0.0, 0.0, 0.0, 0.0, 0.0, 0.0, 0.0, 0.0, 0.0, 0.0, 0.0, 0.0, 0.0, 0.0]",0.0,0.0,0.0,0.5969332433993461,"[0.0, 0.0, np.float64(0.5969332433993461), 0.0, 0.0, 0.0, 0.0, 0.0, 0.0, 0.0, 0.0, 0.0, 0.0, 0.0, 0.0]",79.0,0.0,0.0,0.0,"[0.0, 0.0, 0.0, 0.0, 0.0, 0.0, 0.0, 0.0, 0.0, 0.0, 0.0, 0.0, 0.0, 0.0, 0.0]",1899.0
BIOMD0000000787,2,4,0.0,0.0,0.0,"[0.0, 0.0]",0.0,0.13123819620090948,0.18012087763598567,0.22900355907106185,"[np.float64(0.22900355907106185), np.float64(0.13123819620090948)]",6.0,0.0,0.0,0.0,"[0.0, 0.0]",7.0
BIOMD0000000788,8,22,0.0,0.0,1.1102230246251565e-16,"[0.0, 0.0, np.float64(1.1102230246251565e-16), 0.0, 0.0, 0.0, 0.0, 0.0]",5.0,0.0,0.6390153000080231,0.6567196457261755,"[np.float64(0.6567196457261755), np.float64(0.6390649741183232), np.float64(0.6387060556226515), 0.0, np.float64(0.6500392583906622), np.float64(0.638965625897723), np.float64(0.6543186912125779), 0.0]",59.0,0.0,0.0,0.0,"[0.0, 0.0, 0.0, 0.0, 0.0, 0.0, 0.0, 0.0]",315.0
BIOMD0000000790,4,14,0.0,0.0,0.0,"[0.0, 0.0, 0.0, 0.0]",4.0,0.0,0.59508678970722,0.7486054575392781,"[np.float64(0.5045574483944892), np.float64(0.6856161310199507), 0.0, np.float64(0.7486054575392781)]",17.0,0.0,0.0,0.0,"[0.0, 0.0, 0.0, 0.0]",18.0
BIOMD0000000791,5,11,0.0,0.0,0.0,"[0.0, 0.0, 0.0, 0.0, 0.0]",4.0,0.0,0.9360521085806021,0.99998592507405,"[np.float64(0.9687184061011248), 0.0, np.float64(0.9360521085806021), np.float64(0.99998592507405), 0.0]",18.0,0.0,0.03164497230587826,0.9998501056405589,"[np.float64(0.4464979690085389), 0.0, np.float64(0.9998501056405589), 0.0, np.float64(0.03164497230587826)]",70.0
BIOMD0000000792,6,14,0.0,0.0,1.1102230246251565e-16,"[0.0, 0.0, 0.0, 0.0, 0.0, np.float64(1.1102230246251565e-16)]",6.0,0.0,0.99585792132453,0.9999999740211236,"[0.0, 0.0, np.float64(0.9999999740211236), np.float64(0.9978484782709626), np.float64(0.999987349079473), np.float64(0.9938673643780973)]",27.0,0.0,0.0,0.0,"[0.0, 0.0, 0.0, 0.0, 0.0, 0.0]",36.0
BIOMD0000000793,2,5,0.0,0.0,0.0,"[0.0, 0.0]",2.0,0.16157159862428006,0.5788398810997406,0.9961081635752013,"[np.float64(0.9961081635752013), np.float64(0.16157159862428006)]",5.0,0.9999605532870596,0.9999802712507758,0.9999999892144921,"[np.float64(0.9999605532870596), np.float64(0.9999999892144921)]",5.0
BIOMD0000000794,16,32,0.0,0.0,0.0,"[0.0, 0.0, 0.0, 0.0, 0.0, 0.0, 0.0, 0.0, 0.0, 0.0, 0.0, 0.0, 0.0, 0.0, 0.0, 0.0]",6.0,0.0,0.0,0.9776549719218928,"[np.float64(0.1997741620551089), 0.0, 0.0, 0.0, 0.0, 0.0, 0.0, 0.0, np.float64(0.27857027199183815), 0.0, 0.0, 0.0, 0.0, np.float64(0.9776549719218928), 0.0, 0.0]",167.0,0.0,0.0,0.0,"[0.0, 0.0, 0.0, 0.0, 0.0, 0.0, 0.0, 0.0, 0.0, 0.0, 0.0, 0.0, 0.0, 0.0, 0.0, 0.0]",2017.0
BIOMD0000000795,2,6,0.0,0.0,0.0,"[0.0, 0.0]",0.0,0.0,0.48463720433501895,0.9692744086700379,"[np.float64(0.9692744086700379), 0.0]",4.0,0.9827004845912244,0.9913501261076016,0.9999997676239789,"[np.float64(0.9827004845912244), np.float64(0.9999997676239789)]",8.0
BIOMD0000000796,5,13,0.0,0.0,1.1102230246251565e-16,"[0.0, 0.0, np.float64(1.1102230246251565e-16), 0.0, 0.0]",1.0,0.0,0.9899903387236595,0.9999703002519811,"[np.float64(0.999948025599943), np.float64(0.9999703002519811), np.float64(0.9899903387236595), 0.0, 0.0]",24.0,0.9991666856335948,0.9999295903292093,0.9999869425865252,"[np.float64(0.9999295903292093), np.float64(0.9999869425865252), np.float64(0.9991666856335948), np.float64(0.9999177486950243), np.float64(0.999943998840125)]",99.0
BIOMD0000000798,5,9,0.0,0.0,2.220446049250313e-16,"[0.0, np.float64(2.220446049250313e-16), 0.0, 0.0, 0.0]",4.0,0.8983367564969906,0.9976689701325572,0.9999999947033121,"[np.float64(0.9782934226096107), np.float64(0.9976689701325572), np.float64(0.9999998361037828), np.float64(0.8983367564969906), np.float64(0.9999999947033121)]",22.0,0.9999954572226207,0.9999999999732151,0.9999999999766527,"[np.float64(0.9999999999732151), np.float64(0.9999999999740656), np.float64(0.9999999999766527), np.float64(0.9999954572226207), np.float64(0.9999999998526609)]",105.0
BIOMD0000000799,2,4,0.0,0.0,0.0,"[0.0, 0.0]",2.0,0.9992991937570822,0.9992991937570872,0.9992991937570923,"[np.float64(0.9992991937570822), np.float64(0.9992991937570923)]",6.0,0.4432824873986444,0.7216394036461701,0.9999963198936958,"[np.float64(0.9999963198936958), np.float64(0.4432824873986444)]",11.0
BIOMD0000000800,3,6,0.0,0.0,1.1102230246251565e-16,"[np.float64(1.1102230246251565e-16), 0.0, 0.0]",3.0,0.4795804819877836,0.6243807336178342,0.9724741889679219,"[np.float64(0.6243807336178342), np.float64(0.4795804819877836), np.float64(0.9724741889679219)]",10.0,0.0,0.0,0.0,"[0.0, 0.0, 0.0]",11.0
BIOMD0000000801,4,13,0.0,0.0,0.0,"[0.0, 0.0, 0.0, 0.0]",0.0,0.0,0.0,0.0,"[0.0, 0.0, 0.0, 0.0]",13.0,0.0,0.0,0.0,"[0.0, 0.0, 0.0, 0.0]",48.0
BIOMD0000000802,4,8,0.0,0.0,0.0,"[0.0, 0.0, 0.0, 0.0]",2.0,0.5671818472246322,0.999944894017075,0.9999999596822441,"[np.float64(0.9998917685904847), np.float64(0.9999980194436652), np.float64(0.9999999596822441), np.float64(0.5671818472246322)]",15.0,0.0,0.7987996217132525,0.9945768318520913,"[0.0, np.float64(0.9945768318520913), np.float64(0.9573443119278934), np.float64(0.6402549314986117)]",34.0
BIOMD0000000803,9,8,0.0,0.0,0.0,"[0.0, 0.0, 0.0, 0.0, 0.0, 0.0, 0.0, 0.0, 0.0]",9.0,0.9833044298109,0.9865349420540469,0.9998620827148575,"[np.float64(0.9865349420540469), np.float64(0.9865041464366779), np.float64(0.9865195455779605), np.float64(0.9833044298109), np.float64(0.9864644854391162), np.float64(0.9993483995499358), np.float64(0.9998620827148575), np.float64(0.9993483995500418), np.float64(0.9998620827148508)]",90.0,0.0,0.0,0.0,"[0.0, 0.0, 0.0, 0.0, 0.0, 0.0, 0.0, 0.0, 0.0]",465.0
BIOMD0000000806,6,25,0.0,0.0,0.0,"[0.0, 0.0, 0.0, 0.0, 0.0, 0.0]",4.0,0.0,0.6506680383002894,0.8933928574532993,"[np.float64(0.6798500886879322), np.float64(0.8933928574532993), np.float64(0.6214859879126466), np.float64(0.1556594404727657), 0.0, np.float64(0.8410900167785249)]",35.0,0.0,0.0,0.0,"[0.0, 0.0, 0.0, 0.0, 0.0, 0.0]",85.0
BIOMD0000000808,6,15,0.0,0.0,2.220446049250313e-16,"[0.0, np.float64(2.220446049250313e-16), 0.0, 0.0, np.float64(1.1102230246251565e-16), 0.0]",5.0,0.0,0.12579502339696336,0.9966673859850814,"[np.float64(0.2515900467939267), 0.0, np.float64(0.7664621069721356), 0.0, np.float64(0.9966673859850814), 0.0]",27.0,0.0,0.0,0.11611820831078323,"[0.0, 0.0, 0.0, 0.0, np.float64(0.11611820831078323), 0.0]",65.0
BIOMD0000000811,6,29,0.0,0.0,1.1102230246251565e-16,"[0.0, 0.0, 0.0, 0.0, np.float64(1.1102230246251565e-16), 0.0]",6.0,0.0,0.9725490894284528,0.9994210132980933,"[np.float64(0.9546148788238776), 0.0, np.float64(0.9994210132980933), np.float64(0.992157017785163), np.float64(0.9904833000330278), np.float64(0.07421005636412203)]",30.0,0.0,0.0,0.0,"[0.0, 0.0, 0.0, 0.0, 0.0, 0.0]",40.0
BIOMD0000000812,4,9,0.0,0.0,0.0,"[0.0, 0.0, 0.0, 0.0]",2.0,0.0,0.9949111962869259,0.9999996961988121,"[0.0, np.float64(0.9949170028176902), np.float64(0.9949053897561616), np.float64(0.9999996961988121)]",16.0,0.9999995083207005,0.9999997452149187,0.9999999999999989,"[np.float64(0.9999999777265204), np.float64(0.9999995083207005), np.float64(0.9999995127033172), np.float64(0.9999999999999989)]",60.0
BIOMD0000000813,3,8,0.0,0.0,0.0,"[0.0, 0.0, 0.0]",1.0,0.0,0.47916126286183136,0.999955602080223,"[0.0, np.float64(0.999955602080223), np.float64(0.47916126286183136)]",10.0,0.0,0.0,0.8614277162689064,"[0.0, np.float64(0.8614277162689064), 0.0]",27.0
BIOMD0000000814,3,5,0.0,0.0,0.0,"[0.0, 0.0, 0.0]",1.0,0.0,0.0,0.9668382953399948,"[0.0, np.float64(0.9668382953399948), 0.0]",4.0,0.0,0.0,0.0,"[0.0, 0.0, 0.0]",0.0
BIOMD0000000815,2,6,0.0,0.0,0.0,"[0.0, 0.0]",1.0,0.1600223386935532,0.16410400673468128,0.16818567477580937,"[np.float64(0.1600223386935532), np.float64(0.16818567477580937)]",5.0,0.999999998976261,0.9999999993549726,0.9999999997336841,"[np.float64(0.9999999997336841), np.float64(0.999999998976261)]",6.0
BIOMD0000000816,6,16,0.0,0.0,0.0,"[0.0, 0.0, 0.0, 0.0, 0.0, 0.0]",1.0,0.0,0.0,0.9999999998943768,"[np.float64(0.9999999998943768), 0.0, 0.0, 0.0, 0.0, 0.0]",7.0,0.0,0.0,0.9999999998534645,"[np.float64(0.9999999998534645), 0.0, 0.0, 0.0, 0.0, 0.0]",27.0
BIOMD0000000817,6,13,0.0,0.0,1.1102230246251565e-16,"[np.float64(1.1102230246251565e-16), 0.0, 0.0, 0.0, 0.0, 0.0]",1.0,0.0,0.0,0.9999999998943767,"[np.float64(0.9999999998943767), 0.0, 0.0, 0.0, 0.0, 0.0]",7.0,0.0,0.0,0.9999999998534645,"[np.float64(0.9999999998534645), 0.0, 0.0, 0.0, 0.0, 0.0]",27.0
BIOMD0000000818,10,10,0.0,0.0,1.1102230246251565e-16,"[0.0, 0.0, 0.0, 0.0, 0.0, np.float64(1.1102230246251565e-16), 0.0, 0.0, np.float64(1.1102230246251565e-16), 0.0]",9.0,0.0,0.0,0.9930284328721304,"[np.float64(0.9644296142285752), 0.0, 0.0, 0.0, 0.0, 0.0, 0.0, np.float64(0.9930284328721304), np.float64(0.9675485126597638), 0.0]",99.0,0.0,0.0,0.99268764756752,"[np.float64(0.9190475990541923), 0.0, 0.0, 0.0, 0.0, 0.0, 0.0, np.float64(0.99268764756752), np.float64(0.8202243706602556), np.float64(0.08949731882399314)]",594.0
BIOMD0000000819,10,30,0.0,0.0,2.220446049250313e-16,"[0.0, 0.0, np.float64(1.1102230246251565e-16), 0.0, 0.0, 0.0, 0.0, 0.0, np.float64(2.220446049250313e-16), 0.0]",10.0,0.0,0.0,0.999999997310563,"[np.float64(0.9923829541679239), 0.0, np.float64(0.9895655344166362), np.float64(0.999999997310563), 0.0, 0.0, 0.0, 0.0, 0.0, 0.0]",89.0,0.0,0.0,0.0,"[0.0, 0.0, 0.0, 0.0, 0.0, 0.0, 0.0, 0.0, 0.0, 0.0]",435.0
BIOMD0000000820,7,7,0.0,0.0,2.220446049250313e-16,"[0.0, np.float64(1.1102230246251565e-16), np.float64(2.220446049250313e-16), 0.0, 0.0, 0.0, 0.0]",7.0,0.0,0.8290742300500769,0.9999999971372505,"[np.float64(0.8290742300500769), 0.0, 0.0, np.float64(0.9999586351554792), np.float64(0.9992342354700933), np.float64(0.9999999971372505), 0.0]",44.0,0.0,0.0,0.8378017860783352,"[0.0, 0.0, 0.0, 0.0, 0.0, np.float64(0.8378017860783352), 0.0]",166.0
BIOMD0000000821,3,7,0.0,0.0,0.0,"[0.0, 0.0, 0.0]",2.0,0.0,0.8265047887393875,0.9244574648254611,"[np.float64(0.9244574648254611), np.float64(0.8265047887393875), 0.0]",8.0,0.0,0.0,0.0,"[0.0, 0.0, 0.0]",14.0
BIOMD0000000822,8,13,0.0,0.0,0.0,"[0.0, 0.0, 0.0, 0.0, 0.0, 0.0, 0.0, 0.0]",0.0,0.0,0.0,0.0,"[0.0, 0.0, 0.0, 0.0, 0.0, 0.0, 0.0, 0.0]",1.0,0.0,0.0,0.0,"[0.0, 0.0, 0.0, 0.0, 0.0, 0.0, 0.0, 0.0]",5.0
BIOMD0000000823,16,18,0.0,0.0,2.220446049250313e-16,"[0.0, 0.0, np.float64(2.220446049250313e-16), 0.0, 0.0, 0.0, 0.0, 0.0, 0.0, 0.0, 0.0, 0.0, 0.0, 0.0, 0.0, 0.0]",13.0,0.0,0.8733194408001665,0.9651219008806703,"[0.0, 0.0, np.float64(0.7043427477567253), np.float64(0.9439936764689172), np.float64(0.7922411868023513), np.float64(0.9330870879511821), np.float64(0.9330870879511748), np.float64(0.9360958223896512), np.float64(0.9632079780487608), np.float64(0.8731943550690101), 0.0, 0.0, np.float64(0.9651219008806703), np.float64(0.8734445265313229), np.float64(0.9031835801896653), np.float64(0.7556737170073748)]",192.0,0.0,0.0,0.0,"[0.0, 0.0, 0.0, 0.0, 0.0, 0.0, 0.0, 0.0, 0.0, 0.0, 0.0, 0.0, 0.0, 0.0, 0.0, 0.0]",1472.0
BIOMD0000000824,1,3,0.0,0.0,0.0,[0.0],1.0,0.0,0.0,0.0,[0.0],1.0,0.0,0.0,0.0,[0.0],2.0
BIOMD0000000826,13,25,0.0,0.0,2.220446049250313e-16,"[0.0, 0.0, 0.0, 0.0, np.float64(2.220446049250313e-16), 0.0, 0.0, np.float64(1.1102230246251565e-16), 0.0, np.float64(1.1102230246251565e-16), np.float64(1.1102230246251565e-16), np.float64(1.1102230246251565e-16), 0.0]",9.0,0.0,0.6962173997357397,0.9975400904968635,"[np.float64(0.5612668920480557), np.float64(0.9975400904968635), 0.0, np.float64(0.6962173997357397), np.float64(0.8111741887923443), np.float64(0.9553572844343797), 0.0, np.float64(0.8384546984476319), 0.0, np.float64(0.7735866924948978), 0.0, np.float64(0.7708243646987819), 0.0]",138.0,0.0,0.0,0.0,"[0.0, 0.0, 0.0, 0.0, 0.0, 0.0, 0.0, 0.0, 0.0, 0.0, 0.0, 0.0, 0.0]",1137.0
BIOMD0000000827,10,9,0.0,0.0,0.0,"[0.0, 0.0, 0.0, 0.0, 0.0, 0.0, 0.0, 0.0, 0.0, 0.0]",0.0,0.0,0.0,0.0,"[0.0, 0.0, 0.0, 0.0, 0.0, 0.0, 0.0, 0.0, 0.0, 0.0]",0.0,0.0,0.0,0.0,"[0.0, 0.0, 0.0, 0.0, 0.0, 0.0, 0.0, 0.0, 0.0, 0.0]",0.0
BIOMD0000000828,5,12,0.0,0.0,1.1102230246251565e-16,"[0.0, np.float64(1.1102230246251565e-16), 0.0, np.float64(1.1102230246251565e-16), 0.0]",5.0,0.8386102787200883,0.9853474889096043,0.9999680464710898,"[np.float64(0.9999398448436141), np.float64(0.9999680464710898), np.float64(0.9853474889096043), np.float64(0.9821236100003546), np.float64(0.8386102787200883)]",28.0,0.0,0.9493487802595907,0.9996702536317821,"[np.float64(0.9996702536317821), np.float64(0.983080653850692), np.float64(0.9493487802595907), 0.0, 0.0]",105.0
BIOMD0000000829,11,28,0.0,0.0,0.0,"[0.0, 0.0, 0.0, 0.0, 0.0, 0.0, 0.0, 0.0, 0.0, 0.0, 0.0]",7.0,0.0,0.0,0.28946338416873907,"[0.0, 0.0, 0.0, 0.0, 0.0, np.float64(0.28946338416873907), 0.0, 0.0, np.float64(0.2814740994287477), np.float64(0.23824208571395977), 0.0]",95.0,0.0,0.0,0.0,"[0.0, 0.0, 0.0, 0.0, 0.0, 0.0, 0.0, 0.0, 0.0, 0.0, 0.0]",545.0
BIOMD0000000830,6,7,0.0,0.0,2.220446049250313e-16,"[0.0, 0.0, 0.0, np.float64(2.220446049250313e-16), np.float64(2.220446049250313e-16), 0.0]",6.0,0.9968598712124394,0.999865818852629,0.9999735553818289,"[np.float64(0.9968598712124394), np.float64(0.9986874825833331), np.float64(0.9998944903745908), np.float64(0.9999735553818289), np.float64(0.9998371473306672), np.float64(0.9998990045716423)]",15.0,0.40797116163552893,0.9999999998384739,0.9999999999946488,"[np.float64(0.999999999793635), np.float64(0.9999999992348488), np.float64(0.9999999998833127), np.float64(0.9999999999946488), np.float64(0.40797116163552893), np.float64(0.9999999999560714)]",167.0
BIOMD0000000832,20,26,0.0,0.0,1.1102230246251565e-16,"[0.0, 0.0, 0.0, 0.0, 0.0, 0.0, 0.0, np.float64(1.1102230246251565e-16), 0.0, 0.0, 0.0, 0.0, 0.0, 0.0, 0.0, 0.0, 0.0, 0.0, 0.0, 0.0]",16.0,0.0,0.9785533027918174,0.9998243153164962,"[np.float64(0.9312780744545127), np.float64(0.9989663923789013), 0.0, np.float64(0.9998243153164962), np.float64(0.9915999781303506), np.float64(0.9989634005026009), np.float64(0.9974430501474654), np.float64(0.9699770710519293), np.float64(0.9984086966819024), np.float64(0.7908741881930865), np.float64(0.7908741881930864), np.float64(0.9980294961345274), 0.0, np.float64(0.9871295345317055), 0.0, np.float64(0.10160769557544924), np.float64(0.10160769584927876), np.float64(0.9959347219863829), np.float64(0.9959347219863759), np.float64(0.931278074454513)]",359.0,0.0,0.0,0.2609490097530649,"[0.0, 0.0, 0.0, np.float64(0.2609490097530649), 0.0, 0.0, 0.0, 0.0, 0.0, 0.0, 0.0, 0.0, 0.0, 0.0, 0.0, 0.0, 0.0, 0.0, 0.0, 0.0]",3690.0
BIOMD0000000833,61,83,0.0,0.0,2.220446049250313e-16,"[0.0, 0.0, 0.0, 0.0, 0.0, np.float64(2.220446049250313e-16), 0.0, 0.0, 0.0, 0.0, 0.0, 0.0, 0.0, np.float64(1.1102230246251565e-16), 0.0, 0.0, 0.0, 0.0, 0.0, 0.0, 0.0, 0.0, np.float64(1.1102230246251565e-16), 0.0, 0.0, 0.0, 0.0, 0.0, 0.0, 0.0, 0.0, 0.0, 0.0, 0.0, 0.0, 0.0, 0.0, 0.0, 0.0, 0.0, 0.0, 0.0, 0.0, 0.0, 0.0, np.float64(1.1102230246251565e-16), 0.0, np.float64(1.1102230246251565e-16), np.float64(1.1102230246251565e-16), 0.0, 0.0, 0.0, 0.0, 0.0, 0.0, 0.0, 0.0, 0.0, 0.0, 0.0, 0.0]",58.0,0.0,0.9891821017136351,0.999999917445619,"[np.float64(0.9988126290568806), np.float64(0.9971995540909802), 0.0, np.float64(0.993055400893025), np.float64(0.9944238289413467), np.float64(0.9835686441759911), np.float64(0.9991317881705072), np.float64(0.9960569607702301), np.float64(0.9983939206262749), np.float64(0.9979331450126677), np.float64(0.9998445151823224), np.float64(0.999842990608402), 0.0, np.float64(0.9212375040553921), np.float64(0.9881028007389836), 0.0, np.float64(0.9999860513794333), 0.0, np.float64(0.993855716805955), np.float64(0.9996060721862371), 0.0, np.float64(0.9867217905351142), 0.0, np.float64(0.9891821016902816), np.float64(0.9999870488266488), np.float64(0.9999997303567271), 0.0, 0.0, 0.0, np.float64(0.20194015950472588), np.float64(0.48723172948944105), np.float64(0.9913208378948679), np.float64(0.9908337239378359), np.float64(0.8898905686236682), np.float64(0.9979331449996808), np.float64(0.9835686435578883), np.float64(0.9212375033221194), np.float64(0.9874784884572677), np.float64(0.9938557169537743), 0.0, np.float64(0.9999860513793072), 0.0, 0.0, np.float64(0.9891821017136351), np.float64(0.9999824981921915), np.float64(0.9999997303567405), np.float64(0.999999917445619), 0.0, np.float64(0.9931691605089121), np.float64(0.9944238437459344), np.float64(0.9904548911865434), np.float64(0.9912425357744964), np.float64(0.9867217905850958), 0.0, np.float64(0.6000944550934668), np.float64(0.9917562876143581), np.float64(0.9998722530139851), 0.0, np.float64(0.994416180126628), 0.0, 0.0]",3506.0,0.0,0.0,0.0,"[0.0, 0.0, 0.0, 0.0, 0.0, 0.0, 0.0, 0.0, 0.0, 0.0, 0.0, 0.0, 0.0, 0.0, 0.0, 0.0, 0.0, 0.0, 0.0, 0.0, 0.0, 0.0, 0.0, 0.0, 0.0, 0.0, 0.0, 0.0, 0.0, 0.0, 0.0, 0.0, 0.0, 0.0, 0.0, 0.0, 0.0, 0.0, 0.0, 0.0, 0.0, 0.0, 0.0, 0.0, 0.0, 0.0, 0.0, 0.0, 0.0, 0.0, 0.0, 0.0, 0.0, 0.0, 0.0, 0.0, 0.0, 0.0, 0.0, 0.0, 0.0]",27070.0
BIOMD0000000834,75,134,0.0,0.0,0.0,"[0.0, 0.0, 0.0, 0.0, 0.0, 0.0, 0.0, 0.0, 0.0, 0.0, 0.0, 0.0, 0.0, 0.0, 0.0, 0.0, 0.0, 0.0, 0.0, 0.0, 0.0, 0.0, 0.0, 0.0, 0.0, 0.0, 0.0, 0.0, 0.0, 0.0, 0.0, 0.0, 0.0, 0.0, 0.0, 0.0, 0.0, 0.0, 0.0, 0.0, 0.0, 0.0, 0.0, 0.0, 0.0, 0.0, 0.0, 0.0, 0.0, 0.0, 0.0, 0.0, 0.0, 0.0, 0.0, 0.0, 0.0, 0.0, 0.0, 0.0, 0.0, 0.0, 0.0, 0.0, 0.0, 0.0, 0.0, 0.0, 0.0, 0.0, 0.0, 0.0, 0.0, 0.0, 0.0]",2.0,0.0,0.9391233749137214,0.9784150528051964,"[np.float64(0.974960543567973), np.float64(0.949937521060128), np.float64(0.9106167818532912), 0.0, np.float64(0.9749605441077802), np.float64(0.9470537586460929), 0.0, np.float64(0.9610407279649134), np.float64(0.9052838653562955), np.float64(0.9610407368705902), np.float64(0.9509404890730363), np.float64(0.9096722578579834), np.float64(0.9508259373874348), 0.0, np.float64(0.9509404958490675), np.float64(0.9311833296823675), np.float64(0.90574670060631), 0.0, np.float64(0.9471011653562618), np.float64(0.9311833371270977), 0.0, np.float64(0.9031493024182579), np.float64(0.928653542541488), np.float64(0.9183236489069334), np.float64(0.9183236447620295), np.float64(0.9391233758328984), np.float64(0.9518929384570209), 0.0, np.float64(0.9048003286948745), np.float64(0.9391233749137214), np.float64(0.9645207801974364), np.float64(0.953731712495224), 0.0, np.float64(0.9073669593415088), np.float64(0.9645207810755515), 0.0, np.float64(0.899864386968881), np.float64(0.9641512920394696), np.float64(0.9677601639632826), np.float64(0.9677601640618023), np.float64(0.9027277184483953), np.float64(0.9757442244581305), 0.0, np.float64(0.9495359398386676), np.float64(0.9757442252852916), 0.0, np.float64(0.9058993671111295), np.float64(0.9502249489477231), np.float64(0.9780215377858168), np.float64(0.9780215372538225), np.float64(0.9062094152634035), np.float64(0.9631783172145943), np.float64(0.9775233143360156), 0.0, np.float64(0.8915617116851873), np.float64(0.9625579765767049), np.float64(0.9596871900885409), 0.0, np.float64(0.8888856461986308), np.float64(0.967809100038366), np.float64(0.9710655822259749), 0.0, np.float64(0.9003867633516951), np.float64(0.9272722508851393), np.float64(0.9784150524921054), 0.0, np.float64(0.8956076045445502), np.float64(0.9261546323679863), np.float64(0.9740424864691155), 0.0, np.float64(0.9775233123252026), np.float64(0.9596872000955142), np.float64(0.9710655844076341), np.float64(0.9784150528051964), np.float64(0.9740424867491232)]",5625.0,0.0,0.0,0.0,"[0.0, 0.0, 0.0, 0.0, 0.0, 0.0, 0.0, 0.0, 0.0, 0.0, 0.0, 0.0, 0.0, 0.0, 0.0, 0.0, 0.0, 0.0, 0.0, 0.0, 0.0, 0.0, 0.0, 0.0, 0.0, 0.0, 0.0, 0.0, 0.0, 0.0, 0.0, 0.0, 0.0, 0.0, 0.0, 0.0, 0.0, 0.0, 0.0, 0.0, 0.0, 0.0, 0.0, 0.0, 0.0, 0.0, 0.0, 0.0, 0.0, 0.0, 0.0, 0.0, 0.0, 0.0, 0.0, 0.0, 0.0, 0.0, 0.0, 0.0, 0.0, 0.0, 0.0, 0.0, 0.0, 0.0, 0.0, 0.0, 0.0, 0.0, 0.0, 0.0, 0.0, 0.0, 0.0]",212096.0
BIOMD0000000835,31,37,0.0,0.0,3.3306690738754696e-16,"[0.0, 0.0, 0.0, 0.0, 0.0, 0.0, 0.0, np.float64(2.220446049250313e-16), np.float64(2.220446049250313e-16), 0.0, 0.0, np.float64(2.220446049250313e-16), 0.0, 0.0, 0.0, 0.0, 0.0, np.float64(1.1102230246251565e-16), 0.0, 0.0, 0.0, 0.0, 0.0, 0.0, np.float64(1.1102230246251565e-16), np.float64(1.1102230246251565e-16), np.float64(2.220446049250313e-16), np.float64(3.3306690738754696e-16), 0.0, 0.0, 0.0]",24.0,0.027348052681104296,0.8970872903271829,0.9999997728160711,"[np.float64(0.9999997728160711), np.float64(0.9999974025359627), np.float64(0.9999396655692703), np.float64(0.9999615724547514), np.float64(0.9999694669502022), np.float64(0.9999734515968541), np.float64(0.9999052523219002), np.float64(0.8431760002982788), np.float64(0.885552153227509), np.float64(0.8942562382545746), np.float64(0.8667896440618045), np.float64(0.8760198877483464), np.float64(0.8876863523092041), np.float64(0.8327581658715482), np.float64(0.8970872903271829), np.float64(0.8497305347043451), np.float64(0.9402286800913273), np.float64(0.9499887498091062), np.float64(0.8175894490472462), np.float64(0.8673167088438555), np.float64(0.9601341992500708), np.float64(0.7913966204950875), np.float64(0.9062999056144737), np.float64(0.9195719210037288), np.float64(0.8092747401738333), np.float64(0.8095310846708061), np.float64(0.8672599409031548), np.float64(0.993847937598588), np.float64(0.9956841578478313), np.float64(0.9956874293344867), np.float64(0.027348052681104296)]",960.0,0.0,0.0,0.4545576268587781,"[0.0, 0.0, 0.0, np.float64(0.4545576268587781), np.float64(0.1652993774653907), 0.0, 0.0, 0.0, 0.0, 0.0, 0.0, 0.0, 0.0, 0.0, 0.0, 0.0, 0.0, 0.0, 0.0, 0.0, 0.0, 0.0, 0.0, 0.0, 0.0, 0.0, 0.0, 0.0, 0.0, 0.0, 0.0]",15840.0
BIOMD0000000836,2,0,0.0,5.551115123125783e-17,1.1102230246251565e-16,"[0.0, np.float64(1.1102230246251565e-16)]",2.0,0.9534989237753769,0.9644698964325175,0.975440869089658,"[np.float64(0.975440869089658), np.float64(0.9534989237753769)]",6.0,0.9999999947793757,0.9999999973791328,0.9999999999788899,"[np.float64(0.9999999999788899), np.float64(0.9999999947793757)]",8.0
BIOMD0000000837,8,17,0.0,0.0,2.220446049250313e-16,"[np.float64(2.220446049250313e-16), 0.0, 0.0, 0.0, 0.0, 0.0, 0.0, 0.0]",7.0,0.0,0.47773177279368123,0.9999950764720045,"[0.0, np.float64(0.9999103655678152), 0.0, np.float64(0.9999950764720045), 0.0, np.float64(0.9554635455873625), np.float64(0.9999621440138959), 0.0]",54.0,0.0,0.0,0.9999999578506219,"[0.0, 0.0, 0.0, np.float64(0.9999999578506219), 0.0, np.float64(0.9935868044215309), 0.0, 0.0]",242.0
BIOMD0000000839,8,20,0.0,0.0,0.0,"[0.0, 0.0, 0.0, 0.0, 0.0, 0.0, 0.0, 0.0]",8.0,0.8629014865624588,0.9927810026942694,0.9996157354363344,"[np.float64(0.8913614596784114), np.float64(0.9903507764019588), np.float64(0.9993424847052664), np.float64(0.9952112289865799), np.float64(0.9996157354363344), np.float64(0.9857522370168045), np.float64(0.998065691072807), np.float64(0.8629014865624588)]",72.0,0.0,0.9361674036551177,0.9965692710841859,"[np.float64(0.996316230870855), 0.0, np.float64(0.8933899590515932), 0.0, np.float64(0.9965692710841859), np.float64(0.7882897085598719), np.float64(0.9789448482586423), np.float64(0.9963413271699613)]",338.0
BIOMD0000000840,5,11,0.0,0.0,3.3306690738754696e-16,"[0.0, 0.0, 0.0, 0.0, np.float64(3.3306690738754696e-16)]",5.0,0.9916224685623614,0.9995148908297837,0.9998018436528088,"[np.float64(0.9998018436528088), np.float64(0.9995148908297837), np.float64(0.9996787910689167), np.float64(0.9981750305687577), np.float64(0.9916224685623614)]",28.0,0.0,0.0,0.0,"[0.0, 0.0, 0.0, 0.0, 0.0]",44.0
BIOMD0000000842,20,26,0.0,0.0,2.220446049250313e-16,"[0.0, 0.0, 0.0, 0.0, np.float64(2.220446049250313e-16), 0.0, 0.0, 0.0, 0.0, 0.0, 0.0, 0.0, 0.0, 0.0, 0.0, 0.0, 0.0, 0.0, 0.0, 0.0]",8.0,0.0,0.9647587584364208,0.9998894771931256,"[np.float64(0.9984137754629538), np.float64(0.9270713380654482), np.float64(0.9978205007303868), np.float64(0.9591482362221532), np.float64(0.9591482362221545), np.float64(0.9590163229377133), np.float64(0.959016322937678), np.float64(0.9968292907326497), np.float64(0.9998894771931256), np.float64(0.9867998155716883), np.float64(0.992675874678629), np.float64(0.9270713380654657), np.float64(0.9703692806506871), np.float64(0.9867998155716986), np.float64(0.9854821923383636), np.float64(0.9971978761389393), 0.0, 0.0, 0.0, 0.0]",333.0,0.0,0.0,0.989515620770877,"[np.float64(0.989515620770877), np.float64(0.18317661857669099), 0.0, 0.0, 0.0, np.float64(0.5053492820714601), np.float64(0.505349248581356), np.float64(0.3809530061755978), 0.0, 0.0, 0.0, np.float64(0.183176610258439), np.float64(0.8444134565390531), 0.0, 0.0, np.float64(0.9730154111116766), 0.0, 0.0, 0.0, 0.0]",3532.0
BIOMD0000000843,10,15,0.0,0.0,2.220446049250313e-16,"[np.float64(2.220446049250313e-16), 0.0, 0.0, 0.0, np.float64(2.220446049250313e-16), 0.0, 0.0, 0.0, 0.0, 0.0]",3.0,0.0,0.0,0.9999992449120861,"[np.float64(0.9999992449120861), 0.0, 0.0, 0.0, np.float64(0.9999991140512035), 0.0, 0.0, 0.0, np.float64(0.999999244835047), 0.0]",72.0,0.0,0.0,0.9559138292760881,"[np.float64(0.9559138292760881), 0.0, 0.0, 0.0, np.float64(0.9513847442176584), 0.0, 0.0, 0.0, 0.0, 0.0]",550.0
BIOMD0000000844,9,10,0.0,0.0,0.0,"[0.0, 0.0, 0.0, 0.0, 0.0, 0.0, 0.0, 0.0, 0.0]",1.0,0.0,0.0,0.0,"[0.0, 0.0, 0.0, 0.0, 0.0, 0.0, 0.0, 0.0, 0.0]",71.0,0.0,0.0,0.0,"[0.0, 0.0, 0.0, 0.0, 0.0, 0.0, 0.0, 0.0, 0.0]",450.0
BIOMD0000000845,3,7,0.0,0.0,0.0,"[0.0, 0.0, 0.0]",3.0,0.5293939731487203,0.6429736675890496,0.7991960297670349,"[np.float64(0.6429736675890496), np.float64(0.5293939731487203), np.float64(0.7991960297670349)]",10.0,0.0,0.0,0.826161842516415,"[0.0, 0.0, np.float64(0.826161842516415)]",10.0
BIOMD0000000847,4,6,0.0,0.0,0.0,"[0.0, 0.0, 0.0, 0.0]",1.0,0.19715017924136513,0.7612188755806855,0.965474372566556,"[np.float64(0.965474372566556), np.float64(0.9611425145037455), np.float64(0.19715017924136513), np.float64(0.5612952366576254)]",20.0,0.29316671192823396,0.8041010228601341,0.99512220597964,"[np.float64(0.9948728245122849), np.float64(0.99512220597964), np.float64(0.29316671192823396), np.float64(0.6133292212079833)]",60.0
BIOMD0000000848,9,21,0.0,0.0,2.220446049250313e-16,"[0.0, 0.0, 0.0, 0.0, 0.0, np.float64(2.220446049250313e-16), 0.0, 0.0, 0.0]",8.0,0.9948462204103459,0.9974765147123489,0.999992953033822,"[np.float64(0.9967520539161261), np.float64(0.9948462204103459), np.float64(0.9985140031466064), np.float64(0.999992953033822), np.float64(0.9995333699572232), np.float64(0.9999443165253702), np.float64(0.9959069089644579), np.float64(0.9974765147123489), np.float64(0.9972857085636542)]",89.0,0.0,0.6364400107981394,0.9930109425199333,"[0.0, 0.0, np.float64(0.9416079275878787), np.float64(0.9928625469865506), np.float64(0.9802554470369839), np.float64(0.9930109425199333), 0.0, np.float64(0.6364400107981394), 0.0]",495.0
BIOMD0000000849,13,23,0.0,0.0,0.0,"[0.0, 0.0, 0.0, 0.0, 0.0, 0.0, 0.0, 0.0, 0.0, 0.0, 0.0, 0.0, 0.0]",9.0,0.0,0.9797429068764073,0.9999990343931334,"[np.float64(0.8696317470934987), np.float64(0.15650275423604743), np.float64(0.9974276990154507), np.float64(0.9318112477299711), np.float64(0.9907149431884296), np.float64(0.45031594799319474), 0.0, np.float64(0.9993887556218901), np.float64(0.8885848845646397), np.float64(0.999653454342821), np.float64(0.9797429068764073), np.float64(0.9906088323389791), np.float64(0.9999990343931334)]",167.0,0.0,0.0,0.9999226732484957,"[0.0, 0.0, np.float64(0.9999226732484957), np.float64(0.9998459504945043), 0.0, 0.0, 0.0, 0.0, 0.0, 0.0, np.float64(0.9998283653381586), np.float64(0.9999124672863716), 0.0]",1171.0
BIOMD0000000850,3,4,0.0,1.1102230246251565e-16,2.220446049250313e-16,"[0.0, np.float64(1.1102230246251565e-16), np.float64(2.220446049250313e-16)]",3.0,0.9962053079610128,0.9965894774452443,0.9996412484566909,"[np.float64(0.9962053079610128), np.float64(0.9996412484566909), np.float64(0.9965894774452443)]",11.0,0.9999735924649321,0.999998023001733,0.9999993874788097,"[np.float64(0.9999735924649321), np.float64(0.9999993874788097), np.float64(0.999998023001733)]",30.0
BIOMD0000000851,5,4,0.0,0.0,2.220446049250313e-16,"[0.0, 0.0, 0.0, 0.0, np.float64(2.220446049250313e-16)]",5.0,0.9808437917555998,0.994298073007286,0.9999999958931839,"[np.float64(0.9998570368444302), np.float64(0.994298073007286), np.float64(0.9808437917555998), np.float64(0.9853900759993027), np.float64(0.9999999958931839)]",22.0,0.9483704003168903,0.9999999999436592,0.9999999999952812,"[np.float64(0.999999999991196), np.float64(0.9483704003168903), np.float64(0.999501407085813), np.float64(0.9999999999436592), np.float64(0.9999999999952812)]",103.0
BIOMD0000000852,6,15,0.0,0.0,2.220446049250313e-16,"[0.0, 0.0, 0.0, 0.0, np.float64(2.220446049250313e-16), 0.0]",5.0,0.0,0.0,0.9999999998929934,"[0.0, np.float64(0.8757080376795967), 0.0, np.float64(0.9999999998929934), 0.0, 0.0]",31.0,0.0,0.0,0.0,"[0.0, 0.0, 0.0, 0.0, 0.0, 0.0]",72.0
BIOMD0000000853,9,21,0.0,0.0,0.0,"[0.0, 0.0, 0.0, 0.0, 0.0, 0.0, 0.0, 0.0, 0.0]",5.0,0.46809114577457267,0.9640282400760635,0.9927363424895701,"[np.float64(0.9684789793771004), np.float64(0.9595080370846074), np.float64(0.9640282400760635), np.float64(0.9660105220178767), np.float64(0.46809114577457267), np.float64(0.958991920826535), np.float64(0.9531170790777841), np.float64(0.9895887015693747), np.float64(0.9927363424895701)]",89.0,0.7421701329277938,0.9354319835603242,0.9999854638557987,"[np.float64(0.7792641494203472), np.float64(0.7421701329277938), np.float64(0.7478024126560783), np.float64(0.7618010321503235), np.float64(0.9354319835603242), np.float64(0.9998586992548297), np.float64(0.9999854638557987), np.float64(0.99997346164561), np.float64(0.9504196695955677)]",495.0
BIOMD0000000854,4,7,0.0,0.0,0.0,"[0.0, 0.0, 0.0, 0.0]",1.0,0.9999991162331131,0.9999994421932075,0.99999970164591,"[np.float64(0.9999996291225967), np.float64(0.9999992552638183), np.float64(0.99999970164591), np.float64(0.9999991162331131)]",20.0,0.9999995417255866,0.9999997107270244,0.9999998452261009,"[np.float64(0.9999998076436765), np.float64(0.9999996138103725), np.float64(0.9999998452261009), np.float64(0.9999995417255866)]",60.0
BIOMD0000000855,4,12,0.0,0.0,2.220446049250313e-16,"[0.0, np.float64(2.220446049250313e-16), 0.0, 0.0]",3.0,0.8886245711306917,0.9582464731788476,0.9964196289340448,"[np.float64(0.9860077503042277), np.float64(0.9964196289340448), np.float64(0.8886245711306917), np.float64(0.9304851960534674)]",18.0,0.9904680075800387,0.9965580820125426,0.9999871730425938,"[np.float64(0.9941488659614588), np.float64(0.9999871730425938), np.float64(0.9904680075800387), np.float64(0.9989672980636265)]",57.0
BIOMD0000000860,3,5,0.0,0.0,1.1102230246251565e-16,"[0.0, 0.0, np.float64(1.1102230246251565e-16)]",3.0,0.0,0.12855290714942935,0.5333066230229354,"[0.0, np.float64(0.12855290714942935), np.float64(0.5333066230229354)]",7.0,0.0,0.0,0.0,"[0.0, 0.0, 0.0]",12.0
BIOMD0000000861,26,36,0.0,0.0,2.220446049250313e-16,"[np.float64(2.220446049250313e-16), 0.0, 0.0, 0.0, 0.0, 0.0, np.float64(2.220446049250313e-16), 0.0, 0.0, 0.0, 0.0, 0.0, 0.0, 0.0, 0.0, 0.0, 0.0, 0.0, 0.0, 0.0, 0.0, 0.0, 0.0, 0.0, 0.0, 0.0]",16.0,0.0,0.0,0.999999997771332,"[0.0, np.float64(0.953740563591244), 0.0, np.float64(0.9634313535121763), np.float64(0.009612200006916649), 0.0, 0.0, 0.0, 0.0, 0.0, np.float64(0.9999636458093484), np.float64(0.999999997771332), np.float64(0.9999990335092737), np.float64(0.9999998725786258), np.float64(0.9999999134173372), np.float64(0.9999971638806001), 0.0, np.float64(0.2683623012725532), 0.0, np.float64(0.8741136043181127), 0.0, 0.0, np.float64(0.1373315087941328), 0.0, 0.0, 0.0]",408.0,0.0,0.0,0.31021799618416,"[0.0, 0.0, 0.0, 0.0, 0.0, 0.0, 0.0, 0.0, 0.0, 0.0, 0.0, np.float64(0.31021799618416), 0.0, 0.0, 0.0, 0.0, 0.0, 0.0, 0.0, 0.0, 0.0, 0.0, 0.0, 0.0, 0.0, 0.0]",5028.0
BIOMD0000000862,8,11,0.0,0.0,0.0,"[0.0, 0.0, 0.0, 0.0, 0.0, 0.0, 0.0, 0.0]",2.0,0.0,0.0,0.5987846050629712,"[0.0, np.float64(0.5987846050629712), 0.0, np.float64(0.5830433428092292), 0.0, 0.0, 0.0, np.float64(0.5830433428091651)]",20.0,0.0,0.0,0.0,"[0.0, 0.0, 0.0, 0.0, 0.0, 0.0, 0.0, 0.0]",140.0
BIOMD0000000863,6,13,0.0,0.0,0.0,"[0.0, 0.0, 0.0, 0.0, 0.0, 0.0]",4.0,0.0,0.42587293338601084,0.9944603571609677,"[np.float64(0.8517458667720217), 0.0, np.float64(0.9944603571609677), np.float64(0.8821804442471175), 0.0, 0.0]",26.0,0.0,0.0,0.0,"[0.0, 0.0, 0.0, 0.0, 0.0, 0.0]",73.0
BIOMD0000000864,6,9,0.0,0.0,0.0,"[0.0, 0.0, 0.0, 0.0, 0.0, 0.0]",2.0,0.0,0.0,0.7562360101153089,"[np.float64(0.7562360101153089), 0.0, 0.0, 0.0, 0.0, 0.0]",25.0,0.0,0.0,0.0,"[0.0, 0.0, 0.0, 0.0, 0.0, 0.0]",137.0
BIOMD0000000865,4,8,0.0,0.0,0.0,"[0.0, 0.0, 0.0, 0.0]",4.0,0.991476797527043,0.9953287271065762,0.9997409947776499,"[np.float64(0.9997409947776499), np.float64(0.9970611463712467), np.float64(0.991476797527043), np.float64(0.9935963078419057)]",20.0,0.9999999980600813,0.9999999990960668,0.9999999999480625,"[np.float64(0.9999999999480625), np.float64(0.9999999997007245), np.float64(0.9999999984914092), np.float64(0.9999999980600813)]",60.0
BIOMD0000000866,3,4,0.0,0.0,0.0,"[0.0, 0.0, 0.0]",2.0,0.0,0.0,0.0,"[0.0, 0.0, 0.0]",6.0,0.0,0.0,0.0,"[0.0, 0.0, 0.0]",14.0
BIOMD0000000867,10,31,0.0,0.0,2.220446049250313e-16,"[0.0, 0.0, np.float64(2.220446049250313e-16), np.float64(2.220446049250313e-16), 0.0, 0.0, 0.0, 0.0, 0.0, np.float64(1.1102230246251565e-16)]",9.0,0.0,0.9999702821179544,0.9999999848816628,"[np.float64(0.9999987922856269), 0.0, np.float64(0.998483435786045), np.float64(0.9999994171847009), np.float64(0.9998257092085402), np.float64(0.9997974427200956), np.float64(0.999952244589972), np.float64(0.9999883196459368), np.float64(0.9999999848816628), np.float64(0.9999979073225856)]",92.0,0.0,0.9822299285410534,0.9996828352576128,"[np.float64(0.99591914151441), 0.0, np.float64(0.9996828352576128), np.float64(0.9995777737551277), 0.0, 0.0, np.float64(0.987790148492997), np.float64(0.97666970858911), np.float64(0.9904522167155543), np.float64(0.9428892850110305)]",377.0
BIOMD0000000868,4,5,0.0,5.551115123125783e-17,2.220446049250313e-16,"[np.float64(2.220446049250313e-16), np.float64(1.1102230246251565e-16), 0.0, 0.0]",2.0,0.0,0.0,0.0,"[0.0, 0.0, 0.0, 0.0]",9.0,0.0,0.0,0.16763559933769356,"[np.float64(0.16763559933769356), 0.0, 0.0, 0.0]",16.0
BIOMD0000000869,4,7,0.0,0.0,0.0,"[0.0, 0.0, 0.0, 0.0]",2.0,0.0,0.0,0.989898491457408,"[np.float64(0.989898491457408), 0.0, 0.0, 0.0]",9.0,0.0,0.0,0.0,"[0.0, 0.0, 0.0, 0.0]",31.0
BIOMD0000000870,6,9,0.0,0.0,2.220446049250313e-16,"[0.0, np.float64(2.220446049250313e-16), 0.0, 0.0, 0.0, 0.0]",2.0,0.0,0.3704110335146942,0.9970183472787894,"[np.float64(0.9970183472787894), 0.0, np.float64(0.7408220670293884), 0.0, 0.0, np.float64(0.8662566981784665)]",21.0,0.0,0.0,0.0,"[0.0, 0.0, 0.0, 0.0, 0.0, 0.0]",116.0
BIOMD0000000871,8,13,0.0,0.0,0.0,"[0.0, 0.0, 0.0, 0.0, 0.0, 0.0, 0.0, 0.0]",3.0,0.0,0.0,0.0,"[0.0, 0.0, 0.0, 0.0, 0.0, 0.0, 0.0, 0.0]",52.0,0.0,0.0,0.0,"[0.0, 0.0, 0.0, 0.0, 0.0, 0.0, 0.0, 0.0]",271.0
BIOMD0000000873,29,38,0.0,0.0,4.440892098500626e-16,"[0.0, 0.0, 0.0, 0.0, 0.0, 0.0, 0.0, 0.0, np.float64(1.1102230246251565e-16), 0.0, np.float64(1.1102230246251565e-16), 0.0, 0.0, np.float64(1.1102230246251565e-16), np.float64(1.1102230246251565e-16), np.float64(2.220446049250313e-16), 0.0, 0.0, 0.0, 0.0, 0.0, 0.0, 0.0, np.float64(4.440892098500626e-16), 0.0, 0.0, 0.0, 0.0, 0.0]",26.0,0.0,0.9999999996256496,0.9999999999997985,"[np.float64(0.9999999996256496), np.float64(0.9999999999952253), np.float64(0.9999999997109608), np.float64(0.9999999958284154), np.float64(0.9999999981155211), np.float64(0.9999999999796166), np.float64(0.999999999999346), np.float64(0.9999999999013478), np.float64(0.9999999999074021), np.float64(0.9999999999997864), np.float64(0.9999996878347307), 0.0, 0.0, np.float64(0.9999995061000909), np.float64(0.9999999988729761), np.float64(0.999999999962127), np.float64(0.9999999982313903), np.float64(0.9999999999997985), np.float64(0.9999999999964008), np.float64(0.9999999999266708), np.float64(0.9999999999866537), 0.0, np.float64(0.9999999805799654), np.float64(0.9999998463208072), np.float64(0.9999999999951326), np.float64(0.9999999999118944), np.float64(0.9999999988729764), 0.0, np.float64(0.9999999379281233)]",778.0,0.0,0.0,0.0,"[0.0, 0.0, 0.0, 0.0, 0.0, 0.0, 0.0, 0.0, 0.0, 0.0, 0.0, 0.0, 0.0, 0.0, 0.0, 0.0, 0.0, 0.0, 0.0, 0.0, 0.0, 0.0, 0.0, 0.0, 0.0, 0.0, 0.0, 0.0, 0.0]",8612.0
BIOMD0000000875,4,8,0.0,0.0,1.1102230246251565e-16,"[0.0, 0.0, 0.0, np.float64(1.1102230246251565e-16)]",4.0,0.9902611377051522,0.9999835052626033,0.9999934143298018,"[np.float64(0.9999913128429825), np.float64(0.9902611377051522), np.float64(0.999975697682224), np.float64(0.9999934143298018)]",16.0,0.0,0.0,0.0,"[0.0, 0.0, 0.0, 0.0]",42.0
BIOMD0000000877,4,9,0.0,0.0,0.0,"[0.0, 0.0, 0.0, 0.0]",4.0,0.9891311514499065,0.999954906333506,0.99999505764605,"[np.float64(0.9999461465825485), np.float64(0.99999505764605), np.float64(0.9999636660844636), np.float64(0.9891311514499065)]",18.0,0.5774280873163716,0.9318370435809329,0.9999816550247277,"[np.float64(0.9999816550247277), np.float64(0.5774280873163716), np.float64(0.8678161643040163), np.float64(0.9958579228578495)]",56.0
BIOMD0000000878,3,6,0.0,0.0,0.0,"[0.0, 0.0, 0.0]",0.0,0.0,0.0,0.0,"[0.0, 0.0, 0.0]",10.0,0.0,0.0,0.0,"[0.0, 0.0, 0.0]",30.0
BIOMD0000000880,4,11,0.0,0.0,1.1102230246251565e-16,"[np.float64(1.1102230246251565e-16), 0.0, 0.0, 0.0]",4.0,0.0,0.9719117829826508,0.9993627621612375,"[np.float64(0.9993627621612375), 0.0, np.float64(0.9454344007366866), np.float64(0.998389165228615)]",14.0,0.0,0.3309395958623462,0.9876169481109719,"[0.0, 0.0, np.float64(0.6618791917246925), np.float64(0.9876169481109719)]",30.0
BIOMD0000000881,4,10,0.0,0.0,0.0,"[0.0, 0.0, 0.0, 0.0]",2.0,0.0,0.0,0.9983022937702472,"[0.0, np.float64(0.9983022937702472), 0.0, 0.0]",14.0,0.0,0.0,0.0,"[0.0, 0.0, 0.0, 0.0]",40.0
BIOMD0000000884,3,6,0.0,0.0,0.0,"[0.0, 0.0, 0.0]",3.0,0.2114776701090666,0.21147768810152345,0.22595439272578743,"[np.float64(0.21147768810152345), np.float64(0.2114776701090666), np.float64(0.22595439272578743)]",12.0,0.9977803667634695,0.9977803752349643,0.9998629054199368,"[np.float64(0.9977803752349643), np.float64(0.9977803667634695), np.float64(0.9998629054199368)]",27.0
BIOMD0000000887,4,10,0.0,0.0,0.0,"[0.0, 0.0, 0.0, 0.0]",3.0,0.0,0.4998950868564505,0.99999812895893,"[np.float64(0.99999812895893), 0.0, 0.0, np.float64(0.999790173712901)]",15.0,0.0,0.49999981433905777,0.9999999717165681,"[np.float64(0.9999999717165681), np.float64(0.9999996286781155), 0.0, 0.0]",57.0
BIOMD0000000888,4,8,0.0,0.0,0.0,"[0.0, 0.0, 0.0, 0.0]",4.0,0.6495578634294444,0.7739856386686583,0.9999939213906922,"[np.float64(0.6802228286902736), np.float64(0.9999939213906922), np.float64(0.8677484486470429), np.float64(0.6495578634294444)]",19.0,0.0,0.0,0.9982907376858065,"[0.0, np.float64(0.9982907376858065), 0.0, 0.0]",15.0
BIOMD0000000889,12,20,0.0,0.0,2.220446049250313e-16,"[0.0, 0.0, 0.0, 0.0, 0.0, 0.0, 0.0, 0.0, 0.0, 0.0, np.float64(2.220446049250313e-16), 0.0]",9.0,0.0,0.8561295135307933,0.9999998598793376,"[np.float64(0.9999988281082732), 0.0, np.float64(0.7351236324448591), np.float64(0.9998706722936248), np.float64(0.9771353946167274), np.float64(0.9999998598793376), np.float64(0.9998206299811425), 0.0, 0.0, 0.0, 0.0, np.float64(0.9999996312709256)]",110.0,0.0,0.0022562406781608813,0.9996700868777489,"[0.0, 0.0, np.float64(0.24172323276760932), np.float64(0.9278080461677279), 0.0, np.float64(0.028792687567997688), np.float64(0.0045124813563217625), 0.0, 0.0, 0.0, np.float64(0.9996700868777489), np.float64(0.998594695588994)]",592.0
BIOMD0000000890,3,6,0.0,0.0,0.0,"[0.0, 0.0, 0.0]",0.0,0.0,0.9999994670522787,0.9999995459572973,"[0.0, np.float64(0.9999995459572973), np.float64(0.9999994670522787)]",6.0,0.0,0.9996720758268491,0.9999954441681825,"[0.0, np.float64(0.9999954441681825), np.float64(0.9996720758268491)]",21.0
BIOMD0000000891,3,6,0.0,0.0,0.0,"[0.0, 0.0, 0.0]",2.0,0.30020344690401435,0.8848366866570753,0.9676208939497414,"[np.float64(0.30020344690401435), np.float64(0.9676208939497414), np.float64(0.8848366866570753)]",10.0,0.9950799162293746,0.9988864592830567,0.9997081890668075,"[np.float64(0.9988864592830567), np.float64(0.9997081890668075), np.float64(0.9950799162293746)]",29.0
BIOMD0000000892,4,8,0.0,0.0,1.1102230246251565e-16,"[0.0, np.float64(1.1102230246251565e-16), 0.0, 0.0]",4.0,0.5988813387922538,0.9974760761322219,0.9992062214337352,"[np.float64(0.5988813387922538), np.float64(0.9963775349995012), np.float64(0.9992062214337352), np.float64(0.9985746172649426)]",19.0,0.0,0.0,0.0,"[0.0, 0.0, 0.0, 0.0]",20.0
BIOMD0000000893,3,6,0.0,0.0,0.0,"[0.0, 0.0, 0.0]",1.0,0.15512683879637368,0.5353390682305736,0.827144111898319,"[np.float64(0.5353390682305736), np.float64(0.15512683879637368), np.float64(0.827144111898319)]",12.0,0.09237472340387276,0.33118507601410696,0.7973498997593277,"[np.float64(0.09237472340387276), np.float64(0.33118507601410696), np.float64(0.7973498997593277)]",30.0
BIOMD0000000894,3,6,0.0,0.0,0.0,"[0.0, 0.0, 0.0]",2.0,0.18435286687959718,0.9966928520031892,0.9989039694755097,"[np.float64(0.9966928520031892), np.float64(0.18435286687959718), np.float64(0.9989039694755097)]",8.0,0.9878936424277674,0.9966732563790449,0.9993467157854105,"[np.float64(0.9993467157854105), np.float64(0.9878936424277674), np.float64(0.9966732563790449)]",23.0
BIOMD0000000896,9,15,0.0,0.0,0.0,"[0.0, 0.0, 0.0, 0.0, 0.0, 0.0, 0.0, 0.0, 0.0]",3.0,0.0,0.9745839346836881,0.9999882019031273,"[np.float64(0.942551889841438), np.float64(0.7838779333151125), 0.0, np.float64(0.9745839346836881), np.float64(0.9783346291709619), 0.0, np.float64(0.9894414001657192), np.float64(0.9894414001657197), np.float64(0.9999882019031273)]",81.0,0.0,0.0639141267964668,0.9835988809918903,"[np.float64(0.8073553853361226), np.float64(0.2792682050948171), 0.0, np.float64(0.9835988809918903), np.float64(0.9628989875628429), 0.0, 0.0, 0.0, np.float64(0.0639141267964668)]",403.0
BIOMD0000000897,2,4,0.0,0.0,0.0,"[0.0, 0.0]",2.0,0.9966098504340103,0.9978068878392888,0.9990039252445674,"[np.float64(0.9990039252445674), np.float64(0.9966098504340103)]",6.0,0.0,0.0,0.0,"[0.0, 0.0]",5.0
BIOMD0000000898,5,8,0.0,0.0,1.1102230246251565e-16,"[np.float64(1.1102230246251565e-16), 0.0, 0.0, 0.0, 0.0]",4.0,0.9738371237531143,0.9912779836746681,0.9991917549777966,"[np.float64(0.9912779836746681), np.float64(0.9844314066176393), np.float64(0.9991917549777966), np.float64(0.9738371237531143), np.float64(0.9963661898165619)]",30.0,0.0,0.0,0.894418414512618,"[0.0, 0.0, np.float64(0.894418414512618), 0.0, 0.0]",105.0
BIOMD0000000899,12,8,0.0,0.0,0.0,"[0.0, 0.0, 0.0, 0.0, 0.0, 0.0, 0.0, 0.0, 0.0, 0.0, 0.0, 0.0]",2.0,0.0,0.9930758447991013,0.9994815775487672,"[np.float64(0.9982100656763956), np.float64(0.9982100656763953), np.float64(0.9930758447991015), np.float64(0.9930758447991012), np.float64(0.9994815775487672), np.float64(0.029335212134312227), np.float64(0.9994337797892033), 0.0, np.float64(0.9927550930488666), np.float64(0.9994343607117526), 0.0, np.float64(0.9927550930488673)]",101.0,0.0,0.27358407377898347,0.8561430687031726,"[np.float64(0.8348383164880797), np.float64(0.834838316499803), 0.0, 0.0, np.float64(0.8561430687031726), 0.0, np.float64(0.41267051583551817), 0.0, np.float64(0.2735840728172606), np.float64(0.41476379009901376), 0.0, np.float64(0.27358407474070634)]",886.0
BIOMD0000000900,3,6,0.0,0.0,0.0,"[0.0, 0.0, 0.0]",0.0,0.31206265719562076,0.39769890602825153,0.6600626253520507,"[np.float64(0.6600626253520507), np.float64(0.39769890602825153), np.float64(0.31206265719562076)]",12.0,0.6556673934752446,0.813740466083696,0.8958145240232046,"[np.float64(0.8958145240232046), np.float64(0.813740466083696), np.float64(0.6556673934752446)]",23.0
BIOMD0000000902,4,7,0.0,0.0,1.1102230246251565e-16,"[np.float64(1.1102230246251565e-16), 0.0, 0.0, 0.0]",3.0,0.0,0.7693095403821872,0.880755227272711,"[np.float64(0.7417866646206996), 0.0, np.float64(0.880755227272711), np.float64(0.7968324161436747)]",15.0,0.0,0.47901509699930356,0.9389438038534721,"[0.0, np.float64(0.053618942539930714), np.float64(0.9389438038534721), np.float64(0.9044112514586764)]",32.0
BIOMD0000000903,5,10,0.0,0.0,2.220446049250313e-16,"[0.0, 0.0, 0.0, np.float64(2.220446049250313e-16), 0.0]",5.0,0.4753845609924654,0.9811413143886648,0.9998310241826159,"[np.float64(0.9811413143886648), np.float64(0.9984690298109942), np.float64(0.9998310241826159), np.float64(0.4753845609924654), np.float64(0.8397362704516391)]",24.0,0.0,0.0,0.0,"[0.0, 0.0, 0.0, 0.0, 0.0]",51.0
BIOMD0000000904,4,7,0.0,0.0,2.220446049250313e-16,"[np.float64(2.220446049250313e-16), 0.0, 0.0, 0.0]",3.0,0.0,0.9647016569706321,0.9977752731464452,"[np.float64(0.9510260635684374), np.float64(0.9783772503728269), np.float64(0.9977752731464452), 0.0]",15.0,0.0,0.9999789125672394,0.999992232613621,"[np.float64(0.999986852795237), np.float64(0.9999709723392417), np.float64(0.999992232613621), 0.0]",35.0
BIOMD0000000905,5,10,0.0,0.0,2.220446049250313e-16,"[0.0, 0.0, np.float64(2.220446049250313e-16), 0.0, 0.0]",5.0,0.8252540990286638,0.9996674116270489,0.9999999912463585,"[np.float64(0.8826166312249667), np.float64(0.8252540990286638), np.float64(0.9999939834786551), np.float64(0.9999999912463585), np.float64(0.9996674116270489)]",21.0,0.0,0.0,0.9948766205445674,"[0.0, 0.0, np.float64(0.9948766205445674), np.float64(0.9550272976139884), 0.0]",90.0
BIOMD0000000906,3,6,0.0,0.0,0.0,"[0.0, 0.0, 0.0]",3.0,0.6802728989195558,0.8777155423997499,0.9999999641347219,"[np.float64(0.8777155423997499), np.float64(0.6802728989195558), np.float64(0.9999999641347219)]",10.0,0.9996835685947688,0.9998831654551416,0.9999999792926589,"[np.float64(0.9998831654551416), np.float64(0.9996835685947688), np.float64(0.9999999792926589)]",10.0
BIOMD0000000908,7,13,0.0,0.0,0.0,"[0.0, 0.0, 0.0, 0.0, 0.0, 0.0, 0.0]",5.0,0.0,0.0,0.9988223352134589,"[np.float64(0.9988223352134589), 0.0, 0.0, 0.0, 0.0, 0.0, 0.0]",32.0,0.0,0.0,0.0,"[0.0, 0.0, 0.0, 0.0, 0.0, 0.0, 0.0]",112.0
BIOMD0000000909,4,8,0.0,0.0,0.0,"[0.0, 0.0, 0.0, 0.0]",3.0,0.0,0.975886445045032,0.9982241842288109,"[np.float64(0.9982241842288109), np.float64(0.9754895126536925), np.float64(0.9762833774363713), 0.0]",15.0,0.0,0.9999875773642934,0.9999999710092732,"[np.float64(0.9999870284144371), np.float64(0.9999881263141497), np.float64(0.9999999710092732), 0.0]",45.0
BIOMD0000000910,3,5,0.0,0.0,0.0,"[0.0, 0.0, 0.0]",3.0,0.0,0.5770930406940158,0.8988840099961303,"[np.float64(0.8988840099961303), 0.0, np.float64(0.5770930406940158)]",11.0,0.0,0.0,0.0,"[0.0, 0.0, 0.0]",9.0
BIOMD0000000911,3,6,0.0,0.0,1.1102230246251565e-16,"[0.0, 0.0, np.float64(1.1102230246251565e-16)]",3.0,0.8059034880423196,0.9457410794422602,0.9741541068374974,"[np.float64(0.8059034880423196), np.float64(0.9741541068374974), np.float64(0.9457410794422602)]",12.0,0.6709791472255624,0.7434375048847717,0.9054554108234562,"[np.float64(0.9054554108234562), np.float64(0.7434375048847717), np.float64(0.6709791472255624)]",25.0
BIOMD0000000912,3,6,0.0,0.0,0.0,"[0.0, 0.0, 0.0]",3.0,0.6251695380207667,0.6558814247708549,0.9999331506499066,"[np.float64(0.6558814247708549), np.float64(0.9999331506499066), np.float64(0.6251695380207667)]",12.0,0.0,0.0,0.9998546433495538,"[0.0, np.float64(0.9998546433495538), 0.0]",12.0
BIOMD0000000913,6,12,0.0,0.0,0.0,"[0.0, 0.0, 0.0, 0.0, 0.0, 0.0]",5.0,0.0,0.7976769662328603,0.9999999674362237,"[np.float64(0.9999794155067644), np.float64(0.5953745169589563), np.float64(0.9999801701309703), np.float64(0.9999999674362237), 0.0, np.float64(0.02794808267339044)]",32.0,0.0,0.0,0.1595618821285688,"[0.0, 0.0, np.float64(0.016649416019648422), 0.0, 0.0, np.float64(0.1595618821285688)]",41.0
BIOMD0000000915,9,8,0.0,0.0,0.0,"[0.0, 0.0, 0.0, 0.0, 0.0, 0.0, 0.0, 0.0, 0.0]",0.0,0.0,0.0,0.0,"[0.0, 0.0, 0.0, 0.0, 0.0, 0.0, 0.0, 0.0, 0.0]",0.0,0.0,0.0,0.9999997675186716,"[np.float64(0.9999997640374328), np.float64(0.9999997675186716), 0.0, 0.0, 0.0, 0.0, 0.0, 0.0, 0.0]",2.0
BIOMD0000000916,5,4,0.0,0.0,0.0,"[0.0, 0.0, 0.0, 0.0, 0.0]",4.0,0.9999908451685091,0.9999966470276995,0.9999999456214845,"[np.float64(0.9999945937721796), np.float64(0.9999908451685091), np.float64(0.9999999456214845), np.float64(0.9999966470276995), np.float64(0.9999979340821286)]",30.0,0.9999963282994103,0.9999986541512915,0.9999999780610598,"[np.float64(0.9999978319718213), np.float64(0.9999963282994103), np.float64(0.9999999780610598), np.float64(0.9999986541512915), np.float64(0.9999991710586152)]",105.0
BIOMD0000000917,3,3,0.0,0.0,0.0,"[0.0, 0.0, 0.0]",2.0,0.1692826899611014,0.2520911711179651,0.9757615576533074,"[np.float64(0.1692826899611014), np.float64(0.2520911711179651), np.float64(0.9757615576533074)]",12.0,0.3081710608395877,0.43984325030430227,0.9844817590412489,"[np.float64(0.43984325030430227), np.float64(0.3081710608395877), np.float64(0.9844817590412489)]",28.0
BIOMD0000000918,8,7,0.0,0.0,1.1102230246251565e-16,"[0.0, 0.0, 0.0, 0.0, np.float64(1.1102230246251565e-16), 0.0, 0.0, 0.0]",6.0,0.0,0.8249868917559817,0.9999999807310382,"[0.0, np.float64(0.8537273307974396), np.float64(0.7962464527145239), 0.0, np.float64(0.985614717566863), np.float64(0.992973409602191), np.float64(0.9999999807310382), np.float64(0.10284576136705692)]",57.0,0.0,0.0,0.9855095545539097,"[np.float64(0.004627164924139393), 0.0, 0.0, 0.0, 0.0, 0.0, np.float64(0.9855095545539097), 0.0]",309.0
BIOMD0000000919,2,5,0.0,0.0,0.0,"[0.0, 0.0]",2.0,0.0,0.4992758519158195,0.998551703831639,"[0.0, np.float64(0.998551703831639)]",5.0,0.0,0.0,0.0,"[0.0, 0.0]",9.0
BIOMD0000000920,4,4,0.0,0.0,0.0,"[0.0, 0.0, 0.0, 0.0]",3.0,0.7540279875434953,0.8729279811035502,0.995873484255619,"[np.float64(0.995873484255619), np.float64(0.7636724798722289), np.float64(0.7540279875434953), np.float64(0.9821834823348714)]",20.0,0.9993220602062955,0.9999775719376348,0.9999967431533562,"[np.float64(0.9999956199560881), np.float64(0.9993220602062955), np.float64(0.9999595239191815), np.float64(0.9999967431533562)]",60.0
BIOMD0000000921,5,13,0.0,0.0,0.0,"[0.0, 0.0, 0.0, 0.0, 0.0]",5.0,0.7618581062188705,0.9951372826602529,0.9999999985547742,"[np.float64(0.9999887397064203), np.float64(0.8962784882946817), np.float64(0.7618581062188705), np.float64(0.9951372826602529), np.float64(0.9999999985547742)]",20.0,0.0,0.0,0.0,"[0.0, 0.0, 0.0, 0.0, 0.0]",56.0
BIOMD0000000922,3,3,0.0,0.0,3.3306690738754696e-16,"[0.0, np.float64(3.3306690738754696e-16), 0.0]",3.0,0.985783760668183,0.9999996473773957,0.999999875364202,"[np.float64(0.999999875364202), np.float64(0.985783760668183), np.float64(0.9999996473773957)]",9.0,0.0,0.0,0.8731704477319143,"[np.float64(0.8731704477319143), 0.0, 0.0]",13.0
BIOMD0000000923,4,4,0.0,0.0,0.0,"[0.0, 0.0, 0.0, 0.0]",3.0,0.0,0.0,0.9992496296104607,"[0.0, np.float64(0.9992496296104607), 0.0, 0.0]",15.0,0.0,0.07378949360919301,0.5406710827402782,"[np.float64(0.14757898721838603), np.float64(0.5406710827402782), 0.0, 0.0]",26.0
BIOMD0000000927,3,5,0.0,0.0,2.220446049250313e-16,"[0.0, 0.0, np.float64(2.220446049250313e-16)]",2.0,0.0,0.9514886521068936,0.9999999596817751,"[0.0, np.float64(0.9999999596817751), np.float64(0.9514886521068936)]",6.0,0.0,0.0,0.9994676560362025,"[0.0, np.float64(0.9994676560362025), 0.0]",14.0
BIOMD0000000928,4,13,0.0,0.0,0.0,"[0.0, 0.0, 0.0, 0.0]",4.0,0.9942610020700973,0.9990385076556241,0.999994656628816,"[np.float64(0.9942610020700973), np.float64(0.9993466655187111), np.float64(0.9987303497925372), np.float64(0.999994656628816)]",17.0,0.99973357005652,0.9999933589161923,0.9999997879548508,"[np.float64(0.9999875582115882), np.float64(0.9999991596207964), np.float64(0.9999997879548508), np.float64(0.99973357005652)]",57.0
BIOMD0000000929,5,24,0.0,0.0,1.1102230246251565e-16,"[0.0, 0.0, 0.0, 0.0, np.float64(1.1102230246251565e-16)]",5.0,0.5298421135722997,0.6476519361540267,0.9654739729954362,"[np.float64(0.7873048304818062), np.float64(0.5954578314855308), np.float64(0.5298421135722997), np.float64(0.9654739729954362), np.float64(0.6476519361540267)]",22.0,0.0,0.0,0.0,"[0.0, 0.0, 0.0, 0.0, 0.0]",29.0
BIOMD0000000930,4,14,0.0,5.551115123125783e-17,3.3306690738754696e-16,"[0.0, np.float64(1.1102230246251565e-16), np.float64(3.3306690738754696e-16), 0.0]",4.0,0.0,0.49989509086582334,0.9999996859518432,"[np.float64(0.9999996859518432), 0.0, np.float64(0.9997901817316467), 0.0]",15.0,0.0,0.7810035780475485,0.9307932518024055,"[np.float64(0.7472639424334646), np.float64(0.9307932518024055), np.float64(0.8147432136616324), 0.0]",27.0
BIOMD0000000931,3,6,0.0,0.0,2.220446049250313e-16,"[0.0, np.float64(2.220446049250313e-16), 0.0]",3.0,0.2751903020486616,0.5058761412821846,0.9815514850935506,"[np.float64(0.9815514850935506), np.float64(0.5058761412821846), np.float64(0.2751903020486616)]",11.0,0.0,0.37764081957233686,0.8961823893817283,"[np.float64(0.37764081957233686), 0.0, np.float64(0.8961823893817283)]",24.0
BIOMD0000000932,4,5,0.0,0.0,2.220446049250313e-16,"[0.0, 0.0, 0.0, np.float64(2.220446049250313e-16)]",4.0,0.30222306261982046,0.8554601041103866,0.9999880906080139,"[np.float64(0.7109581144638781), np.float64(0.999962093756895), np.float64(0.9999880906080139), np.float64(0.30222306261982046)]",15.0,0.9332402336089194,0.9999580056056947,0.9999904627830016,"[np.float64(0.999984628988644), np.float64(0.9999313822227454), np.float64(0.9999904627830016), np.float64(0.9332402336089194)]",39.0
BIOMD0000000933,3,3,0.0,0.0,0.0,"[0.0, 0.0, 0.0]",2.0,0.6673795676490044,0.8046477913617986,0.9999952273461727,"[np.float64(0.9999952273461727), np.float64(0.8046477913617986), np.float64(0.6673795676490044)]",11.0,0.7754356433857361,0.9407831554792904,0.9999874934566685,"[np.float64(0.9999874934566685), np.float64(0.9407831554792904), np.float64(0.7754356433857361)]",26.0
BIOMD0000000934,13,19,0.0,0.0,1.1102230246251565e-16,"[0.0, 0.0, 0.0, 0.0, 0.0, 0.0, np.float64(1.1102230246251565e-16), 0.0, 0.0, 0.0, 0.0, 0.0, 0.0]",10.0,0.9943354117596198,0.999995554042109,0.999999999988419,"[np.float64(0.9998268568418952), np.float64(0.9943354117596198), np.float64(0.9997763223771627), np.float64(0.9999997443853653), np.float64(0.999866259334564), np.float64(0.9999473514204427), np.float64(0.9999999986431819), np.float64(0.999995554042109), np.float64(0.9999954894783023), np.float64(0.999999999988419), np.float64(0.999999426844516), np.float64(0.9999999123638134), np.float64(0.9999996066606079)]",182.0,0.9970750244836257,0.9999999204270751,0.999999999984309,"[np.float64(0.9999263435551343), np.float64(0.9970750244836257), np.float64(0.9998911138310308), np.float64(0.9999999204270751), np.float64(0.999985721405089), np.float64(0.9999891276308841), np.float64(0.999999999284187), np.float64(0.9999999282006432), np.float64(0.9999996278380501), np.float64(0.9999999999692749), np.float64(0.999999999984309), np.float64(0.9999999998884938), np.float64(0.9999999984455418)]",1365.0
BIOMD0000000935,2,4,0.0,5.551115123125783e-17,1.1102230246251565e-16,"[np.float64(1.1102230246251565e-16), 0.0]",2.0,0.3496582094002715,0.5982035758408274,0.8467489422813833,"[np.float64(0.8467489422813833), np.float64(0.3496582094002715)]",6.0,0.9620951301550112,0.9718673120114174,0.9816394938678236,"[np.float64(0.9620951301550112), np.float64(0.9816394938678236)]",12.0
BIOMD0000000937,3,6,0.0,0.0,1.1102230246251565e-16,"[np.float64(1.1102230246251565e-16), 0.0, 0.0]",3.0,0.6058149525061145,0.6476059388944122,0.960890756163384,"[np.float64(0.6476059388944122), np.float64(0.6058149525061145), np.float64(0.960890756163384)]",12.0,0.9919565177465407,0.9949628524763964,0.9995009233642068,"[np.float64(0.9949628524763964), np.float64(0.9919565177465407), np.float64(0.9995009233642068)]",30.0
BIOMD0000000938,3,8,0.0,0.0,1.1102230246251565e-16,"[0.0, 0.0, np.float64(1.1102230246251565e-16)]",3.0,0.7945033939015222,0.8173749829943244,0.9597935835627321,"[np.float64(0.8173749829943244), np.float64(0.9597935835627321), np.float64(0.7945033939015222)]",12.0,0.991263493944544,0.9920206059319203,0.9968837189531926,"[np.float64(0.9968837189531926), np.float64(0.991263493944544), np.float64(0.9920206059319203)]",30.0
BIOMD0000000940,20,60,0.0,0.0,2.220446049250313e-16,"[0.0, 0.0, 0.0, 0.0, 0.0, 0.0, 0.0, 0.0, 0.0, 0.0, 0.0, 0.0, 0.0, 0.0, 0.0, np.float64(1.1102230246251565e-16), 0.0, np.float64(2.220446049250313e-16), 0.0, 0.0]",20.0,0.0,0.9612978133867376,0.9999998363159345,"[np.float64(0.9263121964631673), np.float64(0.7860627459328509), np.float64(0.7860627460692504), np.float64(0.9513076396834323), np.float64(0.9858561163311564), np.float64(0.9989660072080225), np.float64(0.7912783497034188), np.float64(0.9733372472387093), np.float64(0.9712879870900428), np.float64(0.9489223203795638), np.float64(0.9999998363159345), np.float64(0.9965267782141969), np.float64(0.991666162845287), 0.0, np.float64(0.9263121965528534), np.float64(0.9972913018163523), np.float64(0.8178327826821848), np.float64(0.9954638953485836), np.float64(0.9870199136945641), np.float64(0.5518761717491729)]",405.0,0.0,0.0,0.40948489524346265,"[0.0, 0.0, 0.0, 0.0, 0.0, np.float64(0.40948489524346265), 0.0, 0.0, 0.0, 0.0, 0.0, 0.0, 0.0, 0.0, 0.0, 0.0, 0.0, 0.0, 0.0, 0.0]",4565.0
BIOMD0000000941,8,12,0.0,0.0,0.0,"[0.0, 0.0, 0.0, 0.0, 0.0, 0.0, 0.0, 0.0]",6.0,0.0,0.8601643279488986,0.9994119574354225,"[np.float64(0.9250089536544409), np.float64(0.6171875542815422), np.float64(0.7953197022433565), np.float64(0.9810513673597527), np.float64(0.9327896500817039), np.float64(0.9994119574354225), 0.0, 0.0]",50.0,0.0,0.991242044421281,0.9999965285550284,"[np.float64(0.9956411512449543), np.float64(0.9568708120526175), np.float64(0.9921777957077053), np.float64(0.997687393956061), np.float64(0.990306293134857), np.float64(0.9999965285550284), 0.0, 0.0]",253.0
BIOMD0000000942,7,15,0.0,0.0,0.0,"[0.0, 0.0, 0.0, 0.0, 0.0, 0.0, 0.0]",7.0,0.6993166787366492,0.7784342291324909,0.9679535375819756,"[np.float64(0.7244979597351819), np.float64(0.6993166787366492), np.float64(0.8535941990321945), np.float64(0.7244979597351782), np.float64(0.9679535375819756), np.float64(0.7784342291324909), np.float64(0.9530586474941162)]",49.0,0.0,0.045050154276937704,0.9830812270327673,"[np.float64(0.045050154276937704), np.float64(0.9629536151776976), np.float64(0.9538744509815571), np.float64(0.04505015427581771), 0.0, np.float64(0.9830812270327673), 0.0]",234.0
BIOMD0000000944,3,6,0.0,0.0,0.0,"[0.0, 0.0, 0.0]",2.0,0.4996805849193868,0.8900656682971084,0.999913995965331,"[np.float64(0.999913995965331), np.float64(0.8900656682971084), np.float64(0.4996805849193868)]",10.0,0.9587784883002752,0.985861204984778,0.9999009673974981,"[np.float64(0.9999009673974981), np.float64(0.985861204984778), np.float64(0.9587784883002752)]",29.0
BIOMD0000000948,4,6,0.0,0.0,0.0,"[0.0, 0.0, 0.0, 0.0]",4.0,0.5774069299187381,0.7682894820171318,0.9973458696033605,"[np.float64(0.6990644820907232), np.float64(0.5774069299187381), np.float64(0.9973458696033605), np.float64(0.8375144819435404)]",19.0,0.0,0.9845856779563253,0.9937171530476918,"[np.float64(0.9917559379599548), np.float64(0.9774154179526959), 0.0, np.float64(0.9937171530476918)]",58.0
BIOMD0000000952,11,15,0.0,0.0,0.0,"[0.0, 0.0, 0.0, 0.0, 0.0, 0.0, 0.0, 0.0, 0.0, 0.0, 0.0]",9.0,0.0,0.8265544975275783,0.9182333016121361,"[np.float64(0.8783356658907564), np.float64(0.38329854394233487), np.float64(0.9182333016121361), np.float64(0.8631662866534879), 0.0, np.float64(0.8265510986695513), np.float64(0.8265730477781621), np.float64(0.8273032602419502), np.float64(0.8265544970176003), np.float64(0.8265544956828358), np.float64(0.8265544975275783)]",120.0,0.0,0.0,0.9882707537257891,"[np.float64(0.9882707537257891), np.float64(0.8476499272321288), 0.0, np.float64(0.9617086556564023), 0.0, 0.0, 0.0, 0.0, 0.0, 0.0, 0.0]",779.0
BIOMD0000000953,13,29,0.0,0.0,0.0,"[0.0, 0.0, 0.0, 0.0, 0.0, 0.0, 0.0, 0.0, 0.0, 0.0, 0.0, 0.0, 0.0]",8.0,0.0,0.9347699374481439,0.9998269364185531,"[np.float64(0.9785906020795416), np.float64(0.9845885486489708), np.float64(0.9039034801877341), np.float64(0.9882468076202839), 0.0, np.float64(0.9347699374481439), np.float64(0.7215017393574643), np.float64(0.9287068820414425), np.float64(0.9998269364185531), np.float64(0.8720607615635618), np.float64(0.9995643711690962), np.float64(0.8621170248826715), np.float64(0.9704362647150734)]",167.0,0.0,0.9997771635885606,0.9999999990790794,"[np.float64(0.9999989938875667), np.float64(0.9999991948061604), np.float64(0.9946595820773633), np.float64(0.9999172169323592), 0.0, np.float64(0.9989619115421449), np.float64(0.9994554308864215), np.float64(0.9997771635885606), np.float64(0.999997109843727), np.float64(0.9953952731045526), np.float64(0.9999987845038282), np.float64(0.9806299935435219), np.float64(0.9999999990790794)]",1257.0
BIOMD0000000954,18,36,0.0,0.0,0.0,"[0.0, 0.0, 0.0, 0.0, 0.0, 0.0, 0.0, 0.0, 0.0, 0.0, 0.0, 0.0, 0.0, 0.0, 0.0, 0.0, 0.0, 0.0]",2.0,0.0,0.8944350604707696,0.9988207507698733,"[np.float64(0.9956070634030214), np.float64(0.9988207507698733), np.float64(0.8548296700115434), np.float64(0.9731926635172913), np.float64(0.993836373454762), 0.0, 0.0, np.float64(0.692254361047449), np.float64(0.9423590137721497), 0.0, np.float64(0.9158617736700373), 0.0, np.float64(0.7590161412508423), np.float64(0.9254187500203056), np.float64(0.8780164059278143), np.float64(0.9108537150137248), 0.0, np.float64(0.9886027511806913)]",281.0,0.0,0.937275030196204,0.9994839652123024,"[np.float64(0.7434218830659937), np.float64(0.991177724862515), np.float64(0.999206261273984), np.float64(0.9774629778831458), np.float64(0.9992820664319271), 0.0, 0.0, 0.0, np.float64(0.9994839652123024), np.float64(0.9921322741036244), np.float64(0.9039099377056958), np.float64(0.6564957063760524), np.float64(0.9948020665941146), 0.0, 0.0, 0.0, np.float64(0.9924081948565255), np.float64(0.9706401226867121)]",3419.0
BIOMD0000000955,8,13,0.0,0.0,0.0,"[0.0, 0.0, 0.0, 0.0, 0.0, 0.0, 0.0, 0.0]",0.0,0.0,0.9649338244537574,0.9999997633580247,"[np.float64(0.9563268740242573), np.float64(0.6025418612471414), np.float64(0.9735407748832575), 0.0, np.float64(0.992243010755511), 0.0, np.float64(0.9988058467202553), np.float64(0.9999997633580247)]",48.0,0.0,0.9961062686310486,0.9994712844543091,"[np.float64(0.9994712844543091), np.float64(0.994366429648791), np.float64(0.9988983771145401), 0.0, np.float64(0.9992699568281121), np.float64(0.9027652888333234), np.float64(0.9978461076133062), 0.0]",320.0
BIOMD0000000957,4,3,0.0,0.0,1.1102230246251565e-16,"[0.0, 0.0, 0.0, np.float64(1.1102230246251565e-16)]",4.0,0.031960544549848424,0.9935627294067103,0.999966775146943,"[np.float64(0.9871586836664777), np.float64(0.031960544549848424), np.float64(0.999966775146943), np.float64(0.9999667751469429)]",10.0,0.0,0.0,0.0,"[0.0, 0.0, 0.0, 0.0]",12.0
BIOMD0000000959,41,75,0.0,0.0,2.220446049250313e-16,"[0.0, 0.0, 0.0, 0.0, 0.0, np.float64(2.220446049250313e-16), 0.0, 0.0, 0.0, 0.0, 0.0, 0.0, 0.0, 0.0, np.float64(1.1102230246251565e-16), 0.0, 0.0, 0.0, np.float64(2.220446049250313e-16), 0.0, 0.0, 0.0, np.float64(2.220446049250313e-16), 0.0, 0.0, 0.0, 0.0, 0.0, 0.0, 0.0, np.float64(2.220446049250313e-16), 0.0, 0.0, 0.0, np.float64(1.1102230246251565e-16), 0.0, 0.0, np.float64(1.1102230246251565e-16), 0.0, 0.0, 0.0]",38.0,0.0,0.9792505201541895,0.9999999999994622,"[np.float64(0.9995688535505783), 0.0, np.float64(0.9995669961999345), np.float64(0.4850892408642722), np.float64(0.9999999999994622), np.float64(0.9872914236228876), np.float64(0.9235594497613719), np.float64(0.9141906028550648), np.float64(0.9988466741167846), np.float64(0.9996411411094706), np.float64(0.9994260937598559), np.float64(0.9340933247013857), np.float64(0.9997520491962466), np.float64(0.9773682739047036), np.float64(0.9987131441493484), np.float64(0.9792505201541895), 0.0, np.float64(0.9787373428414196), np.float64(0.9771949020492372), np.float64(0.9995735136870864), 0.0, 0.0, 0.0, 0.0, 0.0, 0.0, 0.0, np.float64(0.9995887783643848), np.float64(0.999999998220904), np.float64(0.9999999999861099), np.float64(0.9999999999991053), np.float64(0.9945989539989064), np.float64(0.9999999999886333), np.float64(0.9999999999966596), np.float64(0.703961211224893), np.float64(0.9719710779783431), np.float64(0.9999999814081746), np.float64(0.9999999989012128), np.float64(0.9703996334568961), np.float64(0.997057801297254), 0.0]",1572.0,0.0,0.0,0.0,"[0.0, 0.0, 0.0, 0.0, 0.0, 0.0, 0.0, 0.0, 0.0, 0.0, 0.0, 0.0, 0.0, 0.0, 0.0, 0.0, 0.0, 0.0, 0.0, 0.0, 0.0, 0.0, 0.0, 0.0, 0.0, 0.0, 0.0, 0.0, 0.0, 0.0, 0.0, 0.0, 0.0, 0.0, 0.0, 0.0, 0.0, 0.0, 0.0, 0.0, 0.0]",17415.0
BIOMD0000000961,42,40,0.0,0.0,3.3306690738754696e-16,"[np.float64(2.220446049250313e-16), 0.0, 0.0, 0.0, 0.0, 0.0, 0.0, 0.0, 0.0, 0.0, 0.0, 0.0, 0.0, 0.0, 0.0, 0.0, np.float64(1.1102230246251565e-16), 0.0, np.float64(2.220446049250313e-16), 0.0, 0.0, 0.0, 0.0, 0.0, 0.0, 0.0, 0.0, 0.0, 0.0, np.float64(3.3306690738754696e-16), 0.0, 0.0, 0.0, 0.0, 0.0, 0.0, 0.0, 0.0, 0.0, 0.0, 0.0, 0.0]",19.0,0.0,0.3561511442778707,0.999993551598683,"[np.float64(0.6552008064391361), np.float64(0.999993551598683), 0.0, 0.0, 0.0, 0.0, 0.0, 0.0, 0.0, 0.0, np.float64(0.993296613708331), np.float64(0.9885646708030655), np.float64(0.9976411394693929), np.float64(0.9979715702910765), np.float64(0.9979715703661188), np.float64(0.9999346916351365), np.float64(0.9995880038902739), np.float64(0.6486495231341913), np.float64(0.6527310136071602), np.float64(0.3352407923467233), 0.0, 0.0, 0.0, np.float64(0.9913917870973316), np.float64(0.5801224820101267), np.float64(0.6519885899113864), np.float64(0.10129962819963445), np.float64(0.1650843795583783), np.float64(0.3770614962090181), np.float64(0.9948010487572301), np.float64(0.6217968767133684), np.float64(0.878718090318455), np.float64(0.8788680575660629), 0.0, np.float64(0.9949902149167426), 0.0, np.float64(0.6515924667257369), 0.0, 0.0, 0.0, 0.0, 0.0]",1460.0,0.0,0.0,0.0,"[0.0, 0.0, 0.0, 0.0, 0.0, 0.0, 0.0, 0.0, 0.0, 0.0, 0.0, 0.0, 0.0, 0.0, 0.0, 0.0, 0.0, 0.0, 0.0, 0.0, 0.0, 0.0, 0.0, 0.0, 0.0, 0.0, 0.0, 0.0, 0.0, 0.0, 0.0, 0.0, 0.0, 0.0, 0.0, 0.0, 0.0, 0.0, 0.0, 0.0, 0.0, 0.0]",30567.0
BIOMD0000000963,3,2,0.0,0.0,1.1102230246251565e-16,"[0.0, 0.0, np.float64(1.1102230246251565e-16)]",2.0,0.28509295611001273,0.8187111754518067,0.9999776508205988,"[np.float64(0.8187111754518067), np.float64(0.28509295611001273), np.float64(0.9999776508205988)]",7.0,0.9981886618406204,0.9985346218824944,0.9995404214465476,"[np.float64(0.9985346218824944), np.float64(0.9981886618406204), np.float64(0.9995404214465476)]",15.0
BIOMD0000000964,6,14,0.0,0.0,2.220446049250313e-16,"[0.0, 0.0, 0.0, 0.0, np.float64(1.1102230246251565e-16), np.float64(2.220446049250313e-16)]",6.0,0.9927607769408575,0.9981999790244905,0.9998591323247487,"[np.float64(0.9998591323247487), np.float64(0.99980804912401), np.float64(0.9972403557699716), np.float64(0.9945996663241312), np.float64(0.9991596022790095), np.float64(0.9927607769408575)]",27.0,0.0,0.0,0.9999999051689885,"[np.float64(0.9999999051689885), np.float64(0.9999998626882172), 0.0, 0.0, 0.0, 0.0]",161.0
BIOMD0000000966,7,6,0.0,0.0,2.220446049250313e-16,"[0.0, 0.0, np.float64(2.220446049250313e-16), 0.0, np.float64(2.220446049250313e-16), 0.0, np.float64(2.220446049250313e-16)]",7.0,0.9552300702541408,0.998360292396279,0.9999530030716554,"[np.float64(0.999934729235037), np.float64(0.9986188707715762), np.float64(0.9659042658463328), np.float64(0.998360292396279), np.float64(0.9983602923946824), np.float64(0.9552300702541408), np.float64(0.9999530030716554)]",52.0,0.0,0.7837754174896822,0.9967731440196617,"[np.float64(0.9967731440196617), np.float64(0.7837754174896822), 0.0, np.float64(0.8081209562280087), np.float64(0.8081209562406404), 0.0, 0.0]",219.0
BIOMD0000000967,4,9,0.0,0.0,3.3306690738754696e-16,"[0.0, 0.0, 0.0, np.float64(3.3306690738754696e-16)]",4.0,0.7230836442606297,0.9019998888165094,0.998513201975662,"[np.float64(0.817579880131405), np.float64(0.998513201975662), np.float64(0.7230836442606297), np.float64(0.9864198975016137)]",17.0,0.0,0.0,0.0,"[0.0, 0.0, 0.0, 0.0]",22.0
BIOMD0000000969,28,32,0.0,0.0,2.220446049250313e-16,"[np.float64(2.220446049250313e-16), 0.0, 0.0, 0.0, 0.0, 0.0, 0.0, 0.0, np.float64(2.220446049250313e-16), 0.0, 0.0, np.float64(1.1102230246251565e-16), 0.0, 0.0, 0.0, 0.0, 0.0, 0.0, np.float64(1.1102230246251565e-16), 0.0, np.float64(1.1102230246251565e-16), 0.0, 0.0, 0.0, 0.0, 0.0, 0.0, 0.0]",28.0,0.0,0.9999979288450545,0.9999999983310746,"[np.float64(0.9996321405806483), np.float64(0.9550499661174734), np.float64(0.9999975531690233), np.float64(0.9999999934817022), np.float64(0.9999999918844407), np.float64(0.9999999573429664), np.float64(0.9999999978019911), np.float64(0.9998247284985824), np.float64(0.9596183648215839), np.float64(0.9999976731589587), np.float64(0.9999999964781437), np.float64(0.999999997800877), np.float64(0.9999999765226399), np.float64(0.9999999983310746), np.float64(0.9999427578933228), np.float64(0.9810169461784107), np.float64(0.9999993743743275), 0.0, 0.0, np.float64(0.9999999921914706), np.float64(0.999999968163444), np.float64(0.9999891416764729), np.float64(0.9991469149747751), np.float64(0.9999664463577376), np.float64(0.9971666142007571), np.float64(0.9999981845311502), np.float64(0.9999999976619719), np.float64(0.9999997126490485)]",802.0,0.0,0.0,0.0,"[0.0, 0.0, 0.0, 0.0, 0.0, 0.0, 0.0, 0.0, 0.0, 0.0, 0.0, 0.0, 0.0, 0.0, 0.0, 0.0, 0.0, 0.0, 0.0, 0.0, 0.0, 0.0, 0.0, 0.0, 0.0, 0.0, 0.0, 0.0]",1872.0
BIOMD0000000971,8,13,0.0,0.0,2.220446049250313e-16,"[0.0, 0.0, np.float64(1.1102230246251565e-16), 0.0, 0.0, np.float64(2.220446049250313e-16), 0.0, 0.0]",8.0,0.0,0.991703503955571,0.9999901093697203,"[np.float64(0.9846381559182703), np.float64(0.9784631526463329), np.float64(0.9983360276538578), np.float64(0.9993315529032956), np.float64(0.9850709802572843), 0.0, np.float64(0.9999881947315726), np.float64(0.9999901093697203)]",48.0,0.0,0.0,0.0,"[0.0, 0.0, 0.0, 0.0, 0.0, 0.0, 0.0, 0.0]",210.0
BIOMD0000000972,8,13,0.0,0.0,4.440892098500626e-16,"[np.float64(2.220446049250313e-16), 0.0, 0.0, 0.0, 0.0, 0.0, 0.0, np.float64(4.440892098500626e-16)]",8.0,0.9998292223473987,0.9999333947416182,0.9999999998499707,"[np.float64(0.9999442243660902), np.float64(0.9998864655995827), np.float64(0.9998292223473987), np.float64(0.9999999970341148), np.float64(0.9999442334198893), np.float64(0.999894099374798), np.float64(0.9999225651171464), np.float64(0.9999999998499707)]",72.0,0.0,0.0,0.999999992662122,"[np.float64(0.9999999926603137), 0.0, 0.0, 0.0, np.float64(0.999999992662122), 0.0, 0.0, 0.0]",263.0
BIOMD0000000973,2,6,0.0,0.0,0.0,"[0.0, 0.0]",2.0,0.9237484198880247,0.9336647050328679,0.943580990177711,"[np.float64(0.9237484198880247), np.float64(0.943580990177711)]",6.0,0.0,0.0,0.0,"[0.0, 0.0]",7.0
BIOMD0000000976,4,5,0.0,0.0,0.0,"[0.0, 0.0, 0.0, 0.0]",4.0,0.0,0.14242509008061716,0.9999988683575517,"[np.float64(0.2848501801612343), 0.0, 0.0, np.float64(0.9999988683575517)]",16.0,0.0,0.0,0.0,"[0.0, 0.0, 0.0, 0.0]",20.0
BIOMD0000000977,6,15,0.0,5.551115123125783e-17,2.220446049250313e-16,"[0.0, 0.0, np.float64(2.220446049250313e-16), 0.0, np.float64(1.1102230246251565e-16), np.float64(1.1102230246251565e-16)]",6.0,0.0,0.9943889848629242,0.9999596109823387,"[np.float64(0.9943724955609846), np.float64(0.9994091748746204), 0.0, np.float64(0.9944054741648637), np.float64(0.9160260879450183), np.float64(0.9999596109823387)]",31.0,0.0,0.0,0.0,"[0.0, 0.0, 0.0, 0.0, 0.0, 0.0]",69.0
BIOMD0000000982,3,2,0.0,0.0,0.0,"[0.0, 0.0, 0.0]",3.0,0.0,0.0,0.9999999996447784,"[0.0, 0.0, np.float64(0.9999999996447784)]",7.0,0.0,0.0,0.0,"[0.0, 0.0, 0.0]",9.0
BIOMD0000000983,7,10,0.0,0.0,0.0,"[0.0, 0.0, 0.0, 0.0, 0.0, 0.0, 0.0]",7.0,0.8012064528244878,0.9652263215189981,0.9999998485012874,"[np.float64(0.8012064528244878), np.float64(0.8027936666531312), np.float64(0.9652263215189981), np.float64(0.9999998485012874), np.float64(0.9999989061898222), np.float64(0.9999974136810251), np.float64(0.9564024870310709)]",37.0,0.0,0.0,0.3195121950658856,"[0.0, 0.0, 0.0, np.float64(0.3128416585909434), np.float64(0.3195121950658856), 0.0, 0.0]",84.0
BIOMD0000000985,7,9,0.0,0.0,0.0,"[0.0, 0.0, 0.0, 0.0, 0.0, 0.0, 0.0]",5.0,0.0,0.5344766472605869,0.8430698148388005,"[np.float64(0.5857505437299075), 0.0, np.float64(0.5344766472605869), np.float64(0.8207495414090571), 0.0, 0.0, np.float64(0.8430698148388005)]",33.0,0.0,0.5344766470711884,0.8430698147430622,"[np.float64(0.5857505436636494), np.float64(0.03000958830401035), np.float64(0.5344766470711884), np.float64(0.8207495412401636), 0.0, 0.0, np.float64(0.8430698147430622)]",8.0
BIOMD0000000986,6,8,0.0,0.0,0.0,"[0.0, 0.0, 0.0, 0.0, 0.0, 0.0]",6.0,0.732851025716775,0.9999999180283421,0.999999998529642,"[np.float64(0.9999999973302269), np.float64(0.9999998577134774), np.float64(0.9999999783432066), np.float64(0.732851025716775), np.float64(0.9999985369811036), np.float64(0.999999998529642)]",21.0,0.0,0.0,0.9495219545518354,"[0.0, 0.0, 0.0, np.float64(0.9495219545518354), 0.0, 0.0]",135.0
BIOMD0000000987,9,10,0.0,0.0,2.220446049250313e-16,"[0.0, np.float64(2.220446049250313e-16), 0.0, 0.0, 0.0, 0.0, np.float64(1.1102230246251565e-16), 0.0, 0.0]",9.0,0.9992461865751497,0.9999497840673518,0.9999978880148384,"[np.float64(0.999536636262806), np.float64(0.9992461865751497), np.float64(0.9994097103026354), np.float64(0.9994853050433358), np.float64(0.9999859209797258), np.float64(0.9999978880148384), np.float64(0.9999832184790041), np.float64(0.9999497840673518), np.float64(0.9999695781111071)]",34.0,0.0,0.9999992585100095,0.9999999515782005,"[np.float64(0.9999999515782005), np.float64(0.9999953592768972), np.float64(0.9992604140282857), 0.0, np.float64(0.9999998888724201), np.float64(0.9999992585100095), np.float64(0.9999995048736191), np.float64(0.9999999413605147), np.float64(0.9999983732424561)]",479.0
BIOMD0000000988,11,18,0.0,0.0,0.0,"[0.0, 0.0, 0.0, 0.0, 0.0, 0.0, 0.0, 0.0, 0.0, 0.0, 0.0]",10.0,0.0,0.726468145684084,0.9984838528817155,"[np.float64(0.726468145684084), 0.0, np.float64(0.8695300242459469), np.float64(0.924240112310252), np.float64(0.9448540093269522), 0.0, np.float64(0.9984838528817155), 0.0, np.float64(0.6248169292247676), np.float64(0.9918505305959865), 0.0]",91.0,0.0,0.0,0.0,"[0.0, 0.0, 0.0, 0.0, 0.0, 0.0, 0.0, 0.0, 0.0, 0.0, 0.0]",634.0
BIOMD0000001005,41,79,0.0,0.0,2.220446049250313e-16,"[0.0, 0.0, 0.0, 0.0, 0.0, 0.0, 0.0, 0.0, 0.0, 0.0, 0.0, np.float64(1.1102230246251565e-16), 0.0, 0.0, 0.0, 0.0, 0.0, 0.0, 0.0, 0.0, 0.0, 0.0, 0.0, 0.0, 0.0, 0.0, 0.0, 0.0, 0.0, 0.0, np.float64(2.220446049250313e-16), 0.0, 0.0, 0.0, 0.0, 0.0, 0.0, 0.0, 0.0, 0.0, 0.0]",30.0,0.8190388822760928,0.9832900911255325,0.9999201327706239,"[np.float64(0.8811860150808737), np.float64(0.9762268989762025), np.float64(0.9999060906521462), np.float64(0.9976671834436713), np.float64(0.9807977704143174), np.float64(0.8687149088526681), np.float64(0.9982607738542035), np.float64(0.9960944919440019), np.float64(0.9939690667365985), np.float64(0.9775006865756808), np.float64(0.9288407556490016), np.float64(0.8820835882649403), np.float64(0.8190388822760928), np.float64(0.9875614716875505), np.float64(0.9514292207849755), np.float64(0.9855633217788742), np.float64(0.9311415444824725), np.float64(0.9588500735671459), np.float64(0.9542644660686167), np.float64(0.9950020649690718), np.float64(0.9683604031489411), np.float64(0.899192374786475), np.float64(0.9917716108010276), np.float64(0.8759091837728369), np.float64(0.8972602326615505), np.float64(0.9493687284097819), np.float64(0.9952045400989127), np.float64(0.9832900911255325), np.float64(0.9922543166589042), np.float64(0.9996661659935943), np.float64(0.9906105984935777), np.float64(0.999501478570863), np.float64(0.9999201327706239), np.float64(0.9787414284494496), np.float64(0.9882632240904947), np.float64(0.9739431249710926), np.float64(0.9938588104256669), np.float64(0.9784300530935393), np.float64(0.9889017385977841), np.float64(0.9995201846429208), np.float64(0.9998915995068934)]",1550.0,0.0,0.0,0.0,"[0.0, 0.0, 0.0, 0.0, 0.0, 0.0, 0.0, 0.0, 0.0, 0.0, 0.0, 0.0, 0.0, 0.0, 0.0, 0.0, 0.0, 0.0, 0.0, 0.0, 0.0, 0.0, 0.0, 0.0, 0.0, 0.0, 0.0, 0.0, 0.0, 0.0, 0.0, 0.0, 0.0, 0.0, 0.0, 0.0, 0.0, 0.0, 0.0, 0.0, 0.0]",36880.0
BIOMD0000001006,7,21,0.0,0.0,0.0,"[0.0, 0.0, 0.0, 0.0, 0.0, 0.0, 0.0]",0.0,0.0,0.5762472624656193,0.9925287373861003,"[np.float64(0.041703949133644946), np.float64(0.9925287373861003), np.float64(0.9060623890858399), 0.0, np.float64(0.5762472624656193), np.float64(0.5200213030051625), np.float64(0.622769884354573)]",46.0,0.0,0.0,0.9915948470934625,"[0.0, np.float64(0.9915948470934625), np.float64(0.9463780300273299), 0.0, 0.0, 0.0, 0.0]",231.0
BIOMD0000001007,3,6,0.0,0.0,0.0,"[0.0, 0.0, 0.0]",0.0,0.5207375873813669,0.8447316931332111,0.8505962669144703,"[np.float64(0.5207375873813669), np.float64(0.8505962669144703), np.float64(0.8447316931332111)]",12.0,0.8624592868796992,0.9382634254363101,0.9674660448193491,"[np.float64(0.9382634254363101), np.float64(0.9674660448193491), np.float64(0.8624592868796992)]",30.0
BIOMD0000001009,4,8,0.0,0.0,0.0,"[0.0, 0.0, 0.0, 0.0]",0.0,0.601534719240538,0.7093288161657955,0.8280797476559859,"[np.float64(0.6792095888697427), np.float64(0.8280797476559859), np.float64(0.601534719240538), np.float64(0.7394480434618482)]",20.0,0.9611611690865963,0.9810285150334794,0.999128180386619,"[np.float64(0.999128180386619), np.float64(0.9611611690865963), np.float64(0.9742748984498467), np.float64(0.9877821316171123)]",60.0
BIOMD0000001010,2,4,0.0,0.0,0.0,"[0.0, 0.0]",0.0,0.2767878596053349,0.5782387609800175,0.8796896623547001,"[np.float64(0.8796896623547001), np.float64(0.2767878596053349)]",6.0,0.3970409525918299,0.6930149447512872,0.9889889369107446,"[np.float64(0.9889889369107446), np.float64(0.3970409525918299)]",12.0
BIOMD0000001011,3,5,0.0,0.0,0.0,"[0.0, 0.0, 0.0]",3.0,0.6602947338866164,0.6768259037745042,0.7589745124656855,"[np.float64(0.6768259037745042), np.float64(0.6602947338866164), np.float64(0.7589745124656855)]",12.0,0.0,0.0,0.066346297533873,"[0.0, 0.0, np.float64(0.066346297533873)]",10.0
BIOMD0000001013,2,4,0.0,0.0,0.0,"[0.0, 0.0]",2.0,0.8627281425261625,0.9208446476180823,0.9789611527100022,"[np.float64(0.8627281425261625), np.float64(0.9789611527100022)]",6.0,0.0,0.0,0.0,"[0.0, 0.0]",5.0
BIOMD0000001014,4,7,0.0,0.0,0.0,"[0.0, 0.0, 0.0, 0.0]",4.0,0.544366489201426,0.8117645591056836,0.9824946219428986,"[np.float64(0.7394439206138324), np.float64(0.544366489201426), np.float64(0.8840851975975348), np.float64(0.9824946219428986)]",20.0,0.0,0.0,0.21513629163457904,"[0.0, 0.0, 0.0, np.float64(0.21513629163457904)]",18.0
BIOMD0000001015,6,9,0.0,0.0,1.1102230246251565e-16,"[0.0, np.float64(1.1102230246251565e-16), 0.0, 0.0, 0.0, 0.0]",6.0,0.0,0.9178341019983619,0.9653408355931214,"[np.float64(0.9104696274958134), 0.0, np.float64(0.9251985765009104), np.float64(0.8531162810616069), np.float64(0.9653408355931214), np.float64(0.9639644941745806)]",41.0,0.0,0.23445874894090857,0.9014920691346173,"[np.float64(0.46891749788181714), 0.0, 0.0, np.float64(0.7736842950286206), 0.0, np.float64(0.9014920691346173)]",145.0
BIOMD0000001016,8,9,0.0,0.0,0.0,"[0.0, 0.0, 0.0, 0.0, 0.0, 0.0, 0.0, 0.0]",4.0,0.0,0.996499468929988,0.9997262997215429,"[np.float64(0.9978177883566047), np.float64(0.9965199058241085), np.float64(0.9964790320358675), np.float64(0.9997262997215429), np.float64(0.7642880240486973), np.float64(0.9700547439120453), np.float64(0.9983943470121567), 0.0]",58.0,0.0,0.9999871546087817,0.9999999924622842,"[np.float64(0.9999877458837908), np.float64(0.9999865633337726), np.float64(0.9999815351606961), np.float64(0.9999582112374378), np.float64(0.9999993866497541), np.float64(0.9999999924622842), np.float64(0.9999919216654414), 0.0]",315.0
BIOMD0000001017,13,15,0.0,0.0,0.0,"[0.0, 0.0, 0.0, 0.0, 0.0, 0.0, 0.0, 0.0, 0.0, 0.0, 0.0, 0.0, 0.0]",0.0,0.0,0.0,0.0,"[0.0, 0.0, 0.0, 0.0, 0.0, 0.0, 0.0, 0.0, 0.0, 0.0, 0.0, 0.0, 0.0]",54.0,0.0,0.0,0.0,"[0.0, 0.0, 0.0, 0.0, 0.0, 0.0, 0.0, 0.0, 0.0, 0.0, 0.0, 0.0, 0.0]",428.0
BIOMD0000001018,18,25,0.0,0.0,3.3306690738754696e-16,"[0.0, 0.0, 0.0, 0.0, 0.0, 0.0, 0.0, 0.0, 0.0, 0.0, 0.0, np.float64(3.3306690738754696e-16), 0.0, 0.0, 0.0, 0.0, 0.0, 0.0]",1.0,0.0,0.0,0.0,"[0.0, 0.0, 0.0, 0.0, 0.0, 0.0, 0.0, 0.0, 0.0, 0.0, 0.0, 0.0, 0.0, 0.0, 0.0, 0.0, 0.0, 0.0]",173.0,0.0,0.0,0.0,"[0.0, 0.0, 0.0, 0.0, 0.0, 0.0, 0.0, 0.0, 0.0, 0.0, 0.0, 0.0, 0.0, 0.0, 0.0, 0.0, 0.0, 0.0]",1930.0
BIOMD0000001019,3,8,0.0,0.0,0.0,"[0.0, 0.0, 0.0]",3.0,0.09330552835683081,0.14092137620375533,0.41375549380940846,"[np.float64(0.41375549380940846), np.float64(0.09330552835683081), np.float64(0.14092137620375533)]",9.0,0.0,0.0,0.0,"[0.0, 0.0, 0.0]",12.0
BIOMD0000001020,3,8,0.0,0.0,2.220446049250313e-16,"[0.0, 0.0, np.float64(2.220446049250313e-16)]",3.0,0.0,0.08243969958784558,0.9998273136604727,"[0.0, np.float64(0.08243969958784558), np.float64(0.9998273136604727)]",9.0,0.0,0.0,0.9547175912545933,"[0.0, 0.0, np.float64(0.9547175912545933)]",17.0
BIOMD0000001021,6,9,0.0,0.0,0.0,"[0.0, 0.0, 0.0, 0.0, 0.0, 0.0]",6.0,0.8945751085105877,0.99577085149147,0.9999999788853448,"[np.float64(0.9945075661600576), np.float64(0.8945751085105877), np.float64(0.9792175537737444), np.float64(0.9970341368228823), np.float64(0.9999999602429075), np.float64(0.9999999788853448)]",42.0,0.0,0.0,0.0,"[0.0, 0.0, 0.0, 0.0, 0.0, 0.0]",42.0
BIOMD0000001022,4,6,0.0,0.0,0.0,"[0.0, 0.0, 0.0, 0.0]",4.0,0.0,0.07475210479984518,0.9980712005979326,"[np.float64(0.14950420959969035), np.float64(0.9980712005979326), 0.0, 0.0]",12.0,0.0,0.0,0.0,"[0.0, 0.0, 0.0, 0.0]",14.0
BIOMD0000001023,3,6,0.0,0.0,2.220446049250313e-16,"[np.float64(2.220446049250313e-16), 0.0, 0.0]",3.0,0.9490591096695267,0.9558329065182937,0.9878628614409135,"[np.float64(0.9490591096695267), np.float64(0.9558329065182937), np.float64(0.9878628614409135)]",12.0,0.9999998746391588,0.9999999881795136,0.999999994597016,"[np.float64(0.9999999881795136), np.float64(0.999999994597016), np.float64(0.9999998746391588)]",30.0
BIOMD0000001024,2,4,0.0,0.0,0.0,"[0.0, 0.0]",2.0,0.22336954822022892,0.23115266012892055,0.23893577203761218,"[np.float64(0.22336954822022892), np.float64(0.23893577203761218)]",6.0,0.0,0.39063650504163294,0.7812730100832659,"[np.float64(0.7812730100832659), 0.0]",7.0
BIOMD0000001026,1,2,0.0,0.0,0.0,[0.0],1.0,0.10893944977241155,0.10893944977241155,0.10893944977241155,[np.float64(0.10893944977241155)],2.0,0.19771082010600827,0.19771082010600827,0.19771082010600827,[np.float64(0.19771082010600827)],3.0
BIOMD0000001030,2,6,0.0,0.0,0.0,"[0.0, 0.0]",0.0,0.0,0.0,0.0,"[0.0, 0.0]",0.0,0.0,0.0,0.0,"[0.0, 0.0]",0.0
BIOMD0000001031,3,4,0.0,0.0,0.0,"[0.0, 0.0, 0.0]",2.0,0.9983514709959721,0.9992680207261887,0.9998939238706779,"[np.float64(0.9992680207261887), np.float64(0.9983514709959721), np.float64(0.9998939238706779)]",9.0,0.9991680174442884,0.9999807906455762,0.9999901794170125,"[np.float64(0.9991680174442884), np.float64(0.9999807906455762), np.float64(0.9999901794170125)]",29.0
BIOMD0000001032,4,7,0.0,0.0,0.0,"[0.0, 0.0, 0.0, 0.0]",2.0,0.0,0.9527811346258648,0.9999845544588066,"[np.float64(0.9895310299462241), np.float64(0.9160312393055056), np.float64(0.9999845544588066), 0.0]",13.0,0.8704136130038929,0.9997724656262204,0.9999972189814599,"[np.float64(0.9995801948726001), np.float64(0.9999647363798405), np.float64(0.9999972189814599), np.float64(0.8704136130038929)]",53.0
BIOMD0000001033,6,13,0.0,0.0,0.0,"[0.0, 0.0, 0.0, 0.0, 0.0, 0.0]",0.0,0.3122447969573613,0.7395409948327311,0.9577054517697846,"[np.float64(0.9577054517697846), np.float64(0.61204990934809), np.float64(0.8670320803173721), np.float64(0.3279190510340313), np.float64(0.3122447969573613), np.float64(0.9551103963456137)]",34.0,0.555596484905098,0.9410125138117411,0.9871794713165203,"[np.float64(0.985149888464414), np.float64(0.555596484905098), np.float64(0.9719333729260029), np.float64(0.8927133561226062), np.float64(0.9100916546974793), np.float64(0.9871794713165203)]",156.0
BIOMD0000001034,4,7,0.0,0.0,1.1102230246251565e-16,"[0.0, 0.0, 0.0, np.float64(1.1102230246251565e-16)]",4.0,0.9480638938218947,0.9927751211876907,0.9996462855802323,"[np.float64(0.9982958743329949), np.float64(0.9996462855802323), np.float64(0.9480638938218947), np.float64(0.9872543680423865)]",19.0,0.999999995527119,0.9999999991697913,0.999999999571946,"[np.float64(0.999999995527119), np.float64(0.999999999571946), np.float64(0.9999999992906945), np.float64(0.9999999990488881)]",60.0
BIOMD0000001035,4,8,0.0,0.0,0.0,"[0.0, 0.0, 0.0, 0.0]",0.0,0.8633056268303833,0.9882543395580825,0.996792760766072,"[np.float64(0.9960785567684086), np.float64(0.8633056268303833), np.float64(0.996792760766072), np.float64(0.9804301223477563)]",20.0,0.25014055981029293,0.9989897096694957,0.9999993425623294,"[np.float64(0.9999993425623294), np.float64(0.9983021944023056), np.float64(0.9996772249366858), np.float64(0.25014055981029293)]",57.0
BIOMD0000001036,3,6,0.0,0.0,0.0,"[0.0, 0.0, 0.0]",0.0,0.0,0.8755407603897994,0.9993361049329064,"[np.float64(0.9993361049329064), 0.0, np.float64(0.8755407603897994)]",8.0,0.8786234483124221,0.9475332433885861,0.9999999908430274,"[np.float64(0.9999999908430274), np.float64(0.8786234483124221), np.float64(0.9475332433885861)]",27.0
BIOMD0000001037,2,3,0.0,0.0,0.0,"[0.0, 0.0]",2.0,0.9151923476855307,0.9300689568785554,0.94494556607158,"[np.float64(0.9151923476855307), np.float64(0.94494556607158)]",6.0,0.9999998468118612,0.9999998969694878,0.9999999471271144,"[np.float64(0.9999998468118612), np.float64(0.9999999471271144)]",12.0
BIOMD0000001038,3,6,0.0,0.0,0.0,"[0.0, 0.0, 0.0]",3.0,0.640179812944748,0.890187332936113,0.9999999784202436,"[np.float64(0.640179812944748), np.float64(0.890187332936113), np.float64(0.9999999784202436)]",10.0,0.9999922140628922,0.99999757925892,0.9999992828222328,"[np.float64(0.9999992828222328), np.float64(0.9999922140628922), np.float64(0.99999757925892)]",22.0
BIOMD0000001040,1,2,0.0,0.0,0.0,[0.0],1.0,0.07718822952517024,0.07718822952517024,0.07718822952517024,[np.float64(0.07718822952517024)],2.0,0.160999694958051,0.160999694958051,0.160999694958051,[np.float64(0.160999694958051)],3.0
BIOMD0000001041,3,4,0.0,0.0,0.0,"[0.0, 0.0, 0.0]",3.0,0.28881398814237946,0.811604650748087,0.8307558932064361,"[np.float64(0.8307558932064361), np.float64(0.28881398814237946), np.float64(0.811604650748087)]",12.0,0.0,0.0,0.0,"[0.0, 0.0, 0.0]",27.0
BIOMD0000001043,3,7,0.0,0.0,0.0,"[0.0, 0.0, 0.0]",0.0,0.0,0.1014045593892473,0.22651062318395754,"[np.float64(0.1014045593892473), np.float64(0.22651062318395754), 0.0]",8.0,0.0,0.9995468689107339,0.9995617125781534,"[np.float64(0.9995468689107339), np.float64(0.9995617125781534), 0.0]",14.0
BIOMD0000001044,14,39,0.0,0.0,0.0,"[0.0, 0.0, 0.0, 0.0, 0.0, 0.0, 0.0, 0.0, 0.0, 0.0, 0.0, 0.0, 0.0, 0.0]",5.0,0.0,0.0,0.0,"[0.0, 0.0, 0.0, 0.0, 0.0, 0.0, 0.0, 0.0, 0.0, 0.0, 0.0, 0.0, 0.0, 0.0]",156.0,0.0,0.0,0.0,"[0.0, 0.0, 0.0, 0.0, 0.0, 0.0, 0.0, 0.0, 0.0, 0.0, 0.0, 0.0, 0.0, 0.0]",1092.0
BIOMD0000001045,3,2,0.0,0.0,0.0,"[0.0, 0.0, 0.0]",2.0,0.08776602254045407,0.9509115722551936,0.9999998228090898,"[np.float64(0.08776602254045407), np.float64(0.9999998228090898), np.float64(0.9509115722551936)]",5.0,0.9698531295374814,0.9989347706464109,0.9999694482848303,"[np.float64(0.9698531295374814), np.float64(0.9999694482848303), np.float64(0.9989347706464109)]",20.0
BIOMD0000001047,4,8,0.0,0.0,0.0,"[0.0, 0.0, 0.0, 0.0]",2.0,0.5769795789217664,0.8372564728449434,0.9984415521504539,"[np.float64(0.966427830385052), np.float64(0.9984415521504539), np.float64(0.5769795789217664), np.float64(0.7080851153048349)]",20.0,0.9991996393561641,0.9997940201606789,0.9999951513192872,"[np.float64(0.9999951513192872), np.float64(0.9999935547458864), np.float64(0.9991996393561641), np.float64(0.9995944855754714)]",60.0
BIOMD0000001048,3,6,0.0,0.0,0.0,"[0.0, 0.0, 0.0]",3.0,0.0,0.9993114722161613,0.9994317912308072,"[np.float64(0.9994317912308072), np.float64(0.9993114722161613), 0.0]",9.0,0.0,0.0,0.0,"[0.0, 0.0, 0.0]",15.0
BIOMD0000001052,3,14,0.0,0.0,0.0,"[0.0, 0.0, 0.0]",3.0,0.974755051472926,0.9825175614165856,0.9898773083759891,"[np.float64(0.9898773083759891), np.float64(0.9825175614165856), np.float64(0.974755051472926)]",12.0,0.9999994970737346,0.9999999467294797,0.9999999892246498,"[np.float64(0.9999994970737346), np.float64(0.9999999892246498), np.float64(0.9999999467294797)]",30.0
BIOMD0000001053,6,10,0.0,0.0,0.0,"[0.0, 0.0, 0.0, 0.0, 0.0, 0.0]",6.0,0.9788891797456427,0.9999845686593551,0.9999952387134833,"[np.float64(0.9788891797456427), np.float64(0.9999952387134833), np.float64(0.999979324828813), np.float64(0.9999898124898972), np.float64(0.9800547508884199), np.float64(0.9999932655990472)]",41.0,0.9656820218402506,0.9999975422833576,0.9999994511027505,"[np.float64(0.99999298406795), np.float64(0.9656820218402506), np.float64(0.9999994511027505), np.float64(0.9999968086477521), np.float64(0.9999982759189631), np.float64(0.9999993463297785)]",167.0
BIOMD0000001054,7,11,0.0,0.0,0.0,"[0.0, 0.0, 0.0, 0.0, 0.0, 0.0, 0.0]",3.0,0.0,0.9902991619155808,0.9999857931963375,"[np.float64(0.9985110757161973), np.float64(0.9951037858987155), np.float64(0.9753604362361553), np.float64(0.9999857931963375), 0.0, 0.0, np.float64(0.9902991619155808)]",41.0,0.0,0.0,0.9995076989591294,"[np.float64(0.9995076989591294), np.float64(0.9980554309519397), 0.0, np.float64(0.9978024665820514), 0.0, 0.0, 0.0]",244.0
BIOMD0000001055,19,30,0.0,0.0,1.1102230246251565e-16,"[0.0, 0.0, 0.0, 0.0, 0.0, 0.0, 0.0, 0.0, 0.0, np.float64(1.1102230246251565e-16), 0.0, 0.0, 0.0, 0.0, 0.0, 0.0, 0.0, np.float64(1.1102230246251565e-16), 0.0]",13.0,0.008944055221539404,0.9999763063855647,0.9999999995072866,"[np.float64(0.9999883506507675), np.float64(0.9996086942131632), np.float64(0.9999763063855647), np.float64(0.99990970263426), np.float64(0.9962804117271045), np.float64(0.9999942923943116), np.float64(0.956763893963879), np.float64(0.9999999132848093), np.float64(0.9999999566610972), np.float64(0.9999999995072866), np.float64(0.9999999991911755), np.float64(0.008944055221539404), np.float64(0.008944055221539404), np.float64(0.008944055221539404), np.float64(0.008944055221539404), np.float64(0.9999981202897594), np.float64(0.008944055221539404), np.float64(0.9999999991911755), np.float64(0.9999981202897594)]",280.0,0.0,0.0,0.971118163894413,"[np.float64(0.8880109473605565), 0.0, 0.0, 0.0, 0.0, 0.0, 0.0, np.float64(0.6427479754477873), np.float64(0.6631658180381046), np.float64(0.971118163894413), 0.0, 0.0, 0.0, 0.0, 0.0, 0.0, 0.0, 0.0, 0.0]",2940.0
BIOMD0000001056,3,5,0.0,0.0,2.220446049250313e-16,"[0.0, 0.0, np.float64(2.220446049250313e-16)]",3.0,0.6076128248323206,0.9710948708389231,0.9999987468989642,"[np.float64(0.6076128248323206), np.float64(0.9710948708389231), np.float64(0.9999987468989642)]",11.0,0.0,0.0,0.0,"[0.0, 0.0, 0.0]",11.0
BIOMD0000001057,2,5,0.0,0.0,0.0,"[0.0, 0.0]",1.0,0.0,0.44588339046969916,0.8917667809393983,"[0.0, np.float64(0.8917667809393983)]",4.0,0.816627993112346,0.9072534775539978,0.9978789619956495,"[np.float64(0.9978789619956495), np.float64(0.816627993112346)]",8.0
BIOMD0000001058,10,20,0.0,0.0,0.0,"[0.0, 0.0, 0.0, 0.0, 0.0, 0.0, 0.0, 0.0, 0.0, 0.0]",3.0,0.2987273340342207,0.8730955396549328,0.9981424305965448,"[np.float64(0.9809649367978409), np.float64(0.9981424305965448), np.float64(0.9517787095123099), np.float64(0.9894094557134957), np.float64(0.6794414124274327), np.float64(0.665746344447274), np.float64(0.9054249431513415), np.float64(0.33457243018219696), np.float64(0.2987273340342207), np.float64(0.8407661361585241)]",108.0,0.7056939451140629,0.9975508278776386,0.9999436000284507,"[np.float64(0.9999436000284507), np.float64(0.9997130294447275), np.float64(0.9998343495779479), np.float64(0.998345386393221), np.float64(0.965824268177968), np.float64(0.9655471129387078), np.float64(0.9997737795825816), np.float64(0.9781796856115137), np.float64(0.7056939451140629), np.float64(0.9967562693620562)]",645.0
BIOMD0000001059,10,21,0.0,0.0,3.3306690738754696e-16,"[0.0, 0.0, 0.0, 0.0, np.float64(3.3306690738754696e-16), 0.0, 0.0, 0.0, 0.0, 0.0]",1.0,0.0,0.0,0.17541474149340286,"[0.0, 0.0, 0.0, 0.0, np.float64(0.17541474149340286), 0.0, 0.0, 0.0, 0.0, 0.0]",45.0,0.0,0.0,0.0,"[0.0, 0.0, 0.0, 0.0, 0.0, 0.0, 0.0, 0.0, 0.0, 0.0]",373.0
BIOMD0000001060,2,7,0.0,1.6653345369377348e-16,3.3306690738754696e-16,"[np.float64(3.3306690738754696e-16), 0.0]",2.0,0.6674065784120662,0.8257542580814151,0.984101937750764,"[np.float64(0.984101937750764), np.float64(0.6674065784120662)]",6.0,0.9551760570895598,0.9775245764807645,0.9998730958719693,"[np.float64(0.9998730958719693), np.float64(0.9551760570895598)]",12.0
BIOMD0000001072,6,12,0.0,0.0,0.0,"[0.0, 0.0, 0.0, 0.0, 0.0, 0.0]",0.0,0.0,0.012655433573663333,0.995664363485579,"[np.float64(0.995664363485579), np.float64(0.799740802049179), 0.0, np.float64(0.025310867147326666), 0.0, 0.0]",14.0,0.0,0.5595451812316065,0.9999388728746016,"[np.float64(0.9779369713613234), 0.0, 0.0, np.float64(0.1411533911018895), np.float64(0.9999364989403167), np.float64(0.9999388728746016)]",84.0
