model_name,num_species,num_reaction,num_perturbation,num_timepoint,deg0_min,deg0_median,deg0_max,deg0_values,deg0_num_nonzero_term,deg1_min,deg1_median,deg1_max,deg1_values,deg1_num_nonzero_term,deg2_min,deg2_median,deg2_max,deg2_values,deg2_num_nonzero_term
BIOMD0000000003,3,7,0,1000,0.0,0.0,0.0,"[0.0, 0.0, 0.0]",0,0.0,0.636922717479348,0.8409561648481595,"[0.0, np.float64(0.8409561648481595), np.float64(0.636922717479348)]",6,0.0,0.0,0.9338978440099518,"[0.0, 0.0, np.float64(0.9338978440099518)]",20
BIOMD0000000004,5,7,0,1000,0.0,0.0,0.0,"[0.0, 0.0, 0.0, 0.0, 0.0]",0,0.0,0.0,0.0,"[0.0, 0.0, 0.0, 0.0, 0.0]",5,0.0,0.0,0.15025048517865247,"[0.0, 0.0, np.float64(0.15025048517865247), 0.0, np.float64(0.1502504851670723)]",63
BIOMD0000000005,6,9,0,1000,0.0,0.0,0.0,"[0.0, 0.0, 0.0, 0.0, 0.0, 0.0]",0,0.0,0.549267985979941,0.9987787511093735,"[np.float64(0.5493777687405845), np.float64(0.9987787511093735), np.float64(0.3525977666823412), np.float64(0.6327374371762071), np.float64(0.5491582032192974), 0.0]",38,0.0,0.0,0.0,"[0.0, 0.0, 0.0, 0.0, 0.0, 0.0]",164
BIOMD0000000008,5,13,0,1000,0.0,0.0,1.1102230246251565e-16,"[0.0, np.float64(1.1102230246251565e-16), 0.0, 0.0, 0.0]",0,0.0797899879517483,0.9949297637257507,0.9980398376337016,"[np.float64(0.9970041428801447), np.float64(0.0797899879517483), np.float64(0.9849618805870786), np.float64(0.9980398376337016), np.float64(0.9949297637257507)]",17,0.0,0.0,0.08085432691313388,"[0.0, np.float64(0.08085432691313388), 0.0, 0.0, 0.0]",24
BIOMD0000000010,8,10,0,1000,0.0,0.0,0.0,"[0.0, 0.0, 0.0, 0.0, 0.0, 0.0, 0.0, 0.0]",0,0.0,0.0,0.0,"[0.0, 0.0, 0.0, 0.0, 0.0, 0.0, 0.0, 0.0]",0,0.0,0.0,0.0,"[0.0, 0.0, 0.0, 0.0, 0.0, 0.0, 0.0, 0.0]",0
BIOMD0000000012,6,12,0,1000,0.0,0.0,0.0,"[0.0, 0.0, 0.0, 0.0, 0.0, 0.0]",0,0.0,0.0,0.0,"[0.0, 0.0, 0.0, 0.0, 0.0, 0.0]",9,0.0,0.0,0.0,"[0.0, 0.0, 0.0, 0.0, 0.0, 0.0]",7
BIOMD0000000013,18,21,0,1000,0.0,0.0,0.0,"[0.0, 0.0, 0.0, 0.0, 0.0, 0.0, 0.0, 0.0, 0.0, 0.0, 0.0, 0.0, 0.0, 0.0, 0.0, 0.0, 0.0, 0.0]",6,0.0,0.9963943334708251,0.9999606158232115,"[np.float64(0.9999606158232115), np.float64(0.9999037929808541), np.float64(0.8395603758452835), np.float64(0.8508028862085573), 0.0, np.float64(0.9844011606641596), np.float64(0.9995131378463583), np.float64(0.999719825003954), np.float64(0.9977408312555873), np.float64(0.9976770001261139), np.float64(0.9951422454172828), np.float64(0.9998871749467861), np.float64(0.7940599402697143), np.float64(0.9917372062914686), np.float64(0.9868332133918496), np.float64(0.9982269539409363), np.float64(0.8395603738718658), np.float64(0.9976464215243673)]",341,0.0,0.14916174612414146,0.992406148656034,"[np.float64(0.992406148656034), np.float64(0.9916680206246711), 0.0, 0.0, np.float64(0.6703581557049205), np.float64(0.6635392912144935), np.float64(0.63341185173392), np.float64(0.6179507401907924), np.float64(0.08498614717172415), np.float64(0.0914250580686381), 0.0, np.float64(0.9566120776496102), 0.0, 0.0, 0.0, np.float64(0.33778286182426653), 0.0, np.float64(0.20689843417964482)]",3191
BIOMD0000000014,86,300,0,1000,0.0,0.0,0.0,"[0.0, 0.0, 0.0, 0.0, 0.0, 0.0, 0.0, 0.0, 0.0, 0.0, 0.0, 0.0, 0.0, 0.0, 0.0, 0.0, 0.0, 0.0, 0.0, 0.0, 0.0, 0.0, 0.0, 0.0, 0.0, 0.0, 0.0, 0.0, 0.0, 0.0, 0.0, 0.0, 0.0, 0.0, 0.0, 0.0, 0.0, 0.0, 0.0, 0.0, 0.0, 0.0, 0.0, 0.0, 0.0, 0.0, 0.0, 0.0, 0.0, 0.0, 0.0, 0.0, 0.0, 0.0, 0.0, 0.0, 0.0, 0.0, 0.0, 0.0, 0.0, 0.0, 0.0, 0.0, 0.0, 0.0, 0.0, 0.0, 0.0, 0.0, 0.0, 0.0, 0.0, 0.0, 0.0, 0.0, 0.0, 0.0, 0.0, 0.0, 0.0, 0.0, 0.0, 0.0, 0.0, 0.0]",0,0.0,0.0,0.906905934264844,"[0.0, 0.0, 0.0, 0.0, 0.0, 0.0, np.float64(0.4741444240537602), 0.0, 0.0, 0.0, np.float64(0.8410707927834664), 0.0, 0.0, np.float64(0.4741444240537602), 0.0, 0.0, 0.0, np.float64(0.4741444240537602), 0.0, 0.0, 0.0, 0.0, np.float64(0.3158166572989982), np.float64(0.906905934264844), 0.0, 0.0, 0.0, 0.0, 0.0, 0.0, 0.0, 0.0, 0.0, 0.0, 0.0, np.float64(0.7781390335518152), 0.0, 0.0, 0.0, 0.0, 0.0, 0.0, 0.0, 0.0, 0.0, 0.0, np.float64(0.4741444240537602), np.float64(0.4741444240537602), 0.0, np.float64(0.4741444240537602), np.float64(0.4741444240537602), 0.0, np.float64(0.4741444240537602), np.float64(0.4741444240537602), np.float64(0.4741444240537602), 0.0, np.float64(0.6010149899493746), 0.0, np.float64(0.4741444240537602), np.float64(0.4741444240537602), np.float64(0.4741444240537602), np.float64(0.4741444240537602), np.float64(0.4741444240537602), np.float64(0.4741444240537602), np.float64(0.4741444240537602), np.float64(0.4741444240537602), np.float64(0.4741444240537602), np.float64(0.4741444240537602), np.float64(0.4741444240537602), 0.0, 0.0, 0.0, 0.0, 0.0, 0.0, 0.0, np.float64(0.5318196374491501), 0.0, np.float64(0.4741444240537602), np.float64(0.4741444240537602), np.float64(0.4741444240537602), 0.0, np.float64(0.4741444240537602), np.float64(0.4741444240537602), np.float64(0.4741444240537602), np.float64(0.4741444240537602)]",2452,0.0,0.0,0.9999996426270702,"[0.0, 0.0, 0.0, 0.0, np.float64(0.5788640874717489), 0.0, 0.0, 0.0, 0.0, 0.0, np.float64(0.4594254682769331), 0.0, 0.0, 0.0, np.float64(0.38814030453744397), 0.0, 0.0, 0.0, 0.0, 0.0, 0.0, 0.0, np.float64(0.9980959475163057), np.float64(0.9985516153421542), 0.0, np.float64(0.9928467843443007), np.float64(0.9937637263394589), 0.0, 0.0, 0.0, 0.0, 0.0, np.float64(0.34396212480827026), 0.0, np.float64(0.9935291905355585), np.float64(0.9999905114284304), 0.0, np.float64(0.9829839531975735), 0.0, 0.0, 0.0, 0.0, np.float64(0.48645831203404855), 0.0, 0.0, 0.0, 0.0, 0.0, 0.0, 0.0, 0.0, 0.0, 0.0, 0.0, 0.0, 0.0, 0.0, 0.0, 0.0, 0.0, 0.0, 0.0, 0.0, 0.0, 0.0, 0.0, 0.0, 0.0, 0.0, np.float64(0.008800241685493204), np.float64(0.9733315281884125), 0.0, 0.0, 0.0, np.float64(0.9999996426270702), 0.0, 0.0, 0.0, 0.0, 0.0, 0.0, 0.0, 0.0, 0.0, 0.0, 0.0]",8182
BIOMD0000000015,16,37,0,1000,0.0,0.0,0.0,"[0.0, 0.0, 0.0, 0.0, 0.0, 0.0, 0.0, 0.0, 0.0, 0.0, 0.0, 0.0, 0.0, 0.0, 0.0, 0.0]",0,0.0,0.0,0.9243388056401077,"[0.0, 0.0, 0.0, np.float64(0.9243388056401077), 0.0, 0.0, 0.0, np.float64(0.9242557558433934), 0.0, 0.0, np.float64(0.9242864278754435), 0.0, 0.0, 0.0, 0.0, 0.0]",189,0.0,0.0,0.9327829192125313,"[0.0, 0.0, 0.0, 0.0, 0.0, 0.0, 0.0, 0.0, 0.0, 0.0, 0.0, np.float64(0.9327829192125313), 0.0, 0.0, 0.0, np.float64(0.9305327910224656)]",1222
BIOMD0000000017,11,14,0,1000,0.0,0.0,3.3306690738754696e-16,"[np.float64(3.3306690738754696e-16), 0.0, np.float64(3.3306690738754696e-16), 0.0, 0.0, 0.0, 0.0, 0.0, 0.0, 0.0, 0.0]",4,0.0,0.9485466320104138,0.9908155055201271,"[np.float64(0.9598555853839358), np.float64(0.9485466320104194), np.float64(0.9598555853839366), np.float64(0.9485466320104138), np.float64(0.9321267453808215), np.float64(0.9908155055201271), np.float64(0.9908155055201255), 0.0, 0.0, 0.0, 0.0]",96,0.0,0.0,0.0,"[0.0, 0.0, 0.0, 0.0, 0.0, 0.0, 0.0, 0.0, 0.0, 0.0, 0.0]",775
BIOMD0000000018,20,47,0,1000,0.0,0.0,0.0,"[0.0, 0.0, 0.0, 0.0, 0.0, 0.0, 0.0, 0.0, 0.0, 0.0, 0.0, 0.0, 0.0, 0.0, 0.0, 0.0, 0.0, 0.0, 0.0, 0.0]",0,0.0,0.0,0.0,"[0.0, 0.0, 0.0, 0.0, 0.0, 0.0, 0.0, 0.0, 0.0, 0.0, 0.0, 0.0, 0.0, 0.0, 0.0, 0.0, 0.0, 0.0, 0.0, 0.0]",10,0.0,0.0,0.0,"[0.0, 0.0, 0.0, 0.0, 0.0, 0.0, 0.0, 0.0, 0.0, 0.0, 0.0, 0.0, 0.0, 0.0, 0.0, 0.0, 0.0, 0.0, 0.0, 0.0]",254
BIOMD0000000019,93,125,0,1000,0.0,0.0,2.220446049250313e-16,"[0.0, 0.0, 0.0, 0.0, 0.0, 0.0, 0.0, 0.0, 0.0, 0.0, 0.0, 0.0, 0.0, np.float64(2.220446049250313e-16), 0.0, 0.0, 0.0, 0.0, 0.0, 0.0, 0.0, 0.0, 0.0, 0.0, 0.0, 0.0, 0.0, 0.0, 0.0, np.float64(1.1102230246251565e-16), 0.0, 0.0, 0.0, 0.0, 0.0, 0.0, 0.0, 0.0, 0.0, 0.0, 0.0, 0.0, 0.0, 0.0, 0.0, 0.0, 0.0, 0.0, 0.0, 0.0, 0.0, 0.0, 0.0, 0.0, 0.0, 0.0, 0.0, 0.0, 0.0, 0.0, 0.0, 0.0, 0.0, 0.0, 0.0, 0.0, 0.0, 0.0, 0.0, 0.0, 0.0, 0.0, 0.0, 0.0, 0.0, 0.0, 0.0, 0.0, 0.0, 0.0, 0.0, 0.0, 0.0, 0.0, 0.0, 0.0, 0.0, 0.0, 0.0, 0.0, 0.0, 0.0, 0.0]",13,0.0,0.08096666303656808,0.9999267838688537,"[np.float64(0.9999267838688537), np.float64(0.9974679882327105), 0.0, np.float64(0.9388835589703738), 0.0, 0.0, 0.0, np.float64(0.08096666303656808), np.float64(0.08096666303656808), 0.0, 0.0, np.float64(0.08096666303656808), np.float64(0.8056212196360727), np.float64(0.999602985711915), np.float64(0.08096666303656808), 0.0, np.float64(0.08096666303656808), np.float64(0.06462915939253855), np.float64(0.08096666303656808), np.float64(0.08096666303656808), 0.0, 0.0, 0.0, 0.0, 0.0, 0.0, 0.0, 0.0, 0.0, np.float64(0.8746012666842746), np.float64(0.8243369925555317), np.float64(0.9028164112378059), 0.0, 0.0, 0.0, 0.0, 0.0, 0.0, 0.0, np.float64(0.7806171028317915), np.float64(0.7630367167858787), 0.0, np.float64(0.08096666303656808), np.float64(0.08096666303656808), np.float64(0.08096666303656808), np.float64(0.08096666303656808), np.float64(0.08096666303656808), np.float64(0.08096666303656808), np.float64(0.08096666303656808), np.float64(0.08096666303656808), np.float64(0.08096666303656808), np.float64(0.08096666303656808), np.float64(0.08096666303656808), np.float64(0.08096666303656808), np.float64(0.08096666303656808), np.float64(0.08096666303656808), np.float64(0.08096666303656808), np.float64(0.08096666303656808), np.float64(0.08096666303656808), np.float64(0.08096666303656808), np.float64(0.08096666303656808), 0.0, np.float64(0.2266851517011751), np.float64(0.08096666303656808), np.float64(0.38862074400751356), np.float64(0.08096666303656808), np.float64(0.08096666303656808), np.float64(0.08096666303656808), np.float64(0.08096666303656808), np.float64(0.08096666303656808), np.float64(0.08096666303656808), np.float64(0.08096666303656808), np.float64(0.08096666303656808), np.float64(0.08096666303656808), np.float64(0.08096666303656808), np.float64(0.08096666303656808), np.float64(0.08096666303656808), np.float64(0.08096666303656808), np.float64(0.08096666303656808), np.float64(0.08096666303656808), np.float64(0.08096666303656808), np.float64(0.08096666303656808), np.float64(0.08096666303656808), np.float64(0.08096666303656808), 0.0, np.float64(0.08096666303656808), 0.0, 0.0, np.float64(0.08096666303656808), np.float64(0.6263052045894907), 0.0, 0.0, np.float64(0.08096666303656808)]",1171,0.0,0.0,0.0,"[0.0, 0.0, 0.0, 0.0, 0.0, 0.0, 0.0, 0.0, 0.0, 0.0, 0.0, 0.0, 0.0, 0.0, 0.0, 0.0, 0.0, 0.0, 0.0, 0.0, 0.0, 0.0, 0.0, 0.0, 0.0, 0.0, 0.0, 0.0, 0.0, 0.0, 0.0, 0.0, 0.0, 0.0, 0.0, 0.0, 0.0, 0.0, 0.0, 0.0, 0.0, 0.0, 0.0, 0.0, 0.0, 0.0, 0.0, 0.0, 0.0, 0.0, 0.0, 0.0, 0.0, 0.0, 0.0, 0.0, 0.0, 0.0, 0.0, 0.0, 0.0, 0.0, 0.0, 0.0, 0.0, 0.0, 0.0, 0.0, 0.0, 0.0, 0.0, 0.0, 0.0, 0.0, 0.0, 0.0, 0.0, 0.0, 0.0, 0.0, 0.0, 0.0, 0.0, 0.0, 0.0, 0.0, 0.0, 0.0, 0.0, 0.0, 0.0, 0.0, 0.0]",0
BIOMD0000000021,10,24,0,1000,0.0,0.0,2.220446049250313e-16,"[0.0, 0.0, 0.0, 0.0, 0.0, 0.0, np.float64(2.220446049250313e-16), np.float64(2.220446049250313e-16), 0.0, 0.0]",0,0.0,0.073636881305297,0.9999995111298828,"[0.0, 0.0, np.float64(0.9999993164141169), np.float64(0.9999993164141169), np.float64(0.9999995111298828), np.float64(0.9999995111298828), np.float64(0.073636881305297), np.float64(0.073636881305297), 0.0, 0.0]",36,0.0,0.0,0.0,"[0.0, 0.0, 0.0, 0.0, 0.0, 0.0, 0.0, 0.0, 0.0, 0.0]",424
BIOMD0000000022,10,32,0,1000,0.0,0.0,0.0,"[0.0, 0.0, 0.0, 0.0, 0.0, 0.0, 0.0, 0.0, 0.0, 0.0]",0,0.0,0.0,0.9477265943060829,"[0.0, np.float64(0.0438960848288098), 0.0, np.float64(0.9477265943060829), 0.0, 0.0, 0.0, 0.0, 0.0, 0.0]",11,0.0,0.0,0.0,"[0.0, 0.0, 0.0, 0.0, 0.0, 0.0, 0.0, 0.0, 0.0, 0.0]",509
BIOMD0000000023,5,11,0,1000,0.0,0.0,0.0,"[0.0, 0.0, 0.0, 0.0, 0.0]",0,0.0,0.0,0.0,"[0.0, 0.0, 0.0, 0.0, 0.0]",0,0.0,0.0,0.0,"[0.0, 0.0, 0.0, 0.0, 0.0]",53
BIOMD0000000026,11,10,0,1000,0.0,0.0,0.0,"[0.0, 0.0, 0.0, 0.0, 0.0, 0.0, 0.0, 0.0, 0.0, 0.0, 0.0]",0,0.0,0.0,0.2868590372140134,"[0.0, 0.0, 0.0, np.float64(0.2868590372140134), 0.0, np.float64(0.2863716149145281), 0.0, 0.0, 0.0, 0.0, 0.0]",70,0.0,0.0,0.0,"[0.0, 0.0, 0.0, 0.0, 0.0, 0.0, 0.0, 0.0, 0.0, 0.0, 0.0]",438
BIOMD0000000027,5,4,0,1000,0.0,0.0,0.0,"[0.0, 0.0, 0.0, 0.0, 0.0]",0,0.0,0.9636308523650505,0.9999196418048647,"[np.float64(0.9999196418048647), np.float64(0.9636308523650505), np.float64(0.9914930498927581), 0.0, 0.0]",18,0.0,0.0,0.0,"[0.0, 0.0, 0.0, 0.0, 0.0]",0
BIOMD0000000028,16,17,0,1000,0.0,0.0,0.0,"[0.0, 0.0, 0.0, 0.0, 0.0, 0.0, 0.0, 0.0, 0.0, 0.0, 0.0, 0.0, 0.0, 0.0, 0.0, 0.0]",0,0.0,0.0,0.8301269325299769,"[np.float64(0.8301269325299769), 0.0, 0.0, 0.0, np.float64(0.7633946306339288), np.float64(0.7798990574958113), 0.0, 0.0, np.float64(0.7401743927225971), np.float64(0.7503109163528092), 0.0, 0.0, 0.0, 0.0, np.float64(0.8248049716874511), np.float64(0.7356775606460266)]",170,0.0,0.0,0.0,"[0.0, 0.0, 0.0, 0.0, 0.0, 0.0, 0.0, 0.0, 0.0, 0.0, 0.0, 0.0, 0.0, 0.0, 0.0, 0.0]",1385
BIOMD0000000029,6,7,0,1000,0.0,0.0,0.0,"[0.0, 0.0, 0.0, 0.0, 0.0, 0.0]",0,0.0,0.982993261297388,0.9999969518992163,"[np.float64(0.9999969518992163), np.float64(0.9999923168554631), np.float64(0.9890195536833313), np.float64(0.9769669689114445), 0.0, 0.0]",28,0.0,0.0,0.0,"[0.0, 0.0, 0.0, 0.0, 0.0, 0.0]",80
BIOMD0000000030,18,20,0,1000,0.0,0.0,0.0,"[0.0, 0.0, 0.0, 0.0, 0.0, 0.0, 0.0, 0.0, 0.0, 0.0, 0.0, 0.0, 0.0, 0.0, 0.0, 0.0, 0.0, 0.0]",0,0.0,0.0,0.7803394412837773,"[np.float64(0.7803394412837773), 0.0, 0.0, 0.0, np.float64(0.7628952575364382), 0.0, 0.0, 0.0, 0.0, 0.0, 0.0, 0.0, 0.0, 0.0, 0.0, 0.0, 0.0, 0.0]",212,0.0,0.0,0.0,"[0.0, 0.0, 0.0, 0.0, 0.0, 0.0, 0.0, 0.0, 0.0, 0.0, 0.0, 0.0, 0.0, 0.0, 0.0, 0.0, 0.0, 0.0]",2007
BIOMD0000000031,6,4,0,1000,0.0,0.0,0.0,"[0.0, 0.0, 0.0, 0.0, 0.0, 0.0]",0,0.0,0.0,0.0,"[0.0, 0.0, 0.0, 0.0, 0.0, 0.0]",0,0.0,0.0,0.0,"[0.0, 0.0, 0.0, 0.0, 0.0, 0.0]",10
BIOMD0000000035,9,16,0,1000,0.0,0.0,0.0,"[0.0, 0.0, 0.0, 0.0, 0.0, 0.0, 0.0, 0.0, 0.0]",0,0.0,0.0,0.0,"[0.0, 0.0, 0.0, 0.0, 0.0, 0.0, 0.0, 0.0, 0.0]",20,0.0,0.0,0.0,"[0.0, 0.0, 0.0, 0.0, 0.0, 0.0, 0.0, 0.0, 0.0]",136
BIOMD0000000036,2,5,0,1000,0.0,0.0,0.0,"[0.0, 0.0]",0,0.0,0.0,0.0,"[0.0, 0.0]",0,0.0,0.0,0.0,"[0.0, 0.0]",2
BIOMD0000000038,13,10,0,1000,0.0,0.0,1.1102230246251565e-16,"[0.0, 0.0, 0.0, 0.0, 0.0, 0.0, np.float64(1.1102230246251565e-16), np.float64(1.1102230246251565e-16), np.float64(1.1102230246251565e-16), 0.0, np.float64(1.1102230246251565e-16), 0.0, 0.0]",11,0.43313010539289654,0.7526502507628008,0.9201583821065391,"[np.float64(0.7514180506536678), np.float64(0.7526502507628008), np.float64(0.7385166352690442), np.float64(0.7581221527330952), np.float64(0.7217307797910331), np.float64(0.9201583821065391), np.float64(0.7548542294212697), np.float64(0.6883715316556935), np.float64(0.43313010539289654), np.float64(0.7794103275140246), np.float64(0.7601295259855576), np.float64(0.7511381003152509), np.float64(0.7693300526820467)]",182,0.0,0.0,0.0,"[0.0, 0.0, 0.0, 0.0, 0.0, 0.0, 0.0, 0.0, 0.0, 0.0, 0.0, 0.0, 0.0]",1361
BIOMD0000000039,5,7,0,1000,0.0,0.0,0.0,"[0.0, 0.0, 0.0, 0.0, 0.0]",0,0.0,0.0,0.08440557956260863,"[0.0, np.float64(0.08440557956260863), 0.0, 0.0, 0.0]",7,0.0,0.0,0.0,"[0.0, 0.0, 0.0, 0.0, 0.0]",16
BIOMD0000000041,10,9,0,1000,0.0,0.0,1.1102230246251565e-16,"[0.0, 0.0, 0.0, np.float64(1.1102230246251565e-16), 0.0, 0.0, 0.0, 0.0, 0.0, 0.0]",9,0.0,0.8275030054949088,0.9998565712506201,"[np.float64(0.9998565712506201), 0.0, np.float64(0.9997459916034566), 0.0, 0.0, np.float64(0.8248124455023484), np.float64(0.8301935654874693), np.float64(0.9997615701110751), np.float64(0.9450422398374015), np.float64(0.8206560816681159)]",80,0.0,0.0,0.0,"[0.0, 0.0, 0.0, 0.0, 0.0, 0.0, 0.0, 0.0, 0.0, 0.0]",500
BIOMD0000000042,15,25,0,1000,0.0,0.0,0.0,"[0.0, 0.0, 0.0, 0.0, 0.0, 0.0, 0.0, 0.0, 0.0, 0.0, 0.0, 0.0, 0.0, 0.0, 0.0]",0,0.0,0.0,0.44175847733002915,"[0.0, 0.0, 0.0, 0.0, 0.0, 0.0, 0.0, 0.0, 0.0, 0.0, 0.0, 0.0, 0.0, np.float64(0.44175847733002915), 0.0]",45,0.0,0.0,0.0,"[0.0, 0.0, 0.0, 0.0, 0.0, 0.0, 0.0, 0.0, 0.0, 0.0, 0.0, 0.0, 0.0, 0.0, 0.0]",1004
BIOMD0000000043,5,7,0,1000,0.0,0.0,0.0,"[0.0, 0.0, 0.0, 0.0, 0.0]",4,0.9983328683239974,0.9999999239958149,0.9999999268260578,"[np.float64(0.9999999268260578), np.float64(0.9999992837342234), np.float64(0.9999999239958149), np.float64(0.9983328683239974), np.float64(0.9999999239958183)]",25,0.9984106075955135,0.999999922540668,0.9999999256502736,"[np.float64(0.9999999256502736), np.float64(0.999999318587784), np.float64(0.999999922540668), np.float64(0.9984106075955135), np.float64(0.9999999225406719)]",81
BIOMD0000000044,4,8,0,1000,0.0,0.0,0.0,"[0.0, 0.0, 0.0, 0.0]",0,0.0,0.0,0.0,"[0.0, 0.0, 0.0, 0.0]",7,0.0,0.0,0.0,"[0.0, 0.0, 0.0, 0.0]",12
BIOMD0000000045,4,8,0,1000,0.0,0.0,0.0,"[0.0, 0.0, 0.0, 0.0]",0,0.0,0.08332468191892123,0.2624968162348901,"[0.0, 0.0, np.float64(0.16664936383784246), np.float64(0.2624968162348901)]",2,0.0,0.0345398315360253,0.6187068189632605,"[np.float64(0.6187068189632605), 0.0, 0.0, np.float64(0.0690796630720506)]",30
BIOMD0000000046,12,15,0,1000,0.0,0.0,0.0,"[0.0, 0.0, 0.0, 0.0, 0.0, 0.0, 0.0, 0.0, 0.0, 0.0, 0.0, 0.0]",0,0.0,0.10085421205712591,0.7987536868203708,"[np.float64(0.6765092328074702), np.float64(0.7987536868203708), np.float64(0.12675578862693515), np.float64(0.43777057487236526), 0.0, 0.0, np.float64(0.07495263548731668), 0.0, 0.0, 0.0, np.float64(0.7530451134405871), np.float64(0.44068195355788997)]",33,0.0,0.0,0.0,"[0.0, 0.0, 0.0, 0.0, 0.0, 0.0, 0.0, 0.0, 0.0, 0.0, 0.0, 0.0]",287
BIOMD0000000050,14,16,0,1000,0.0,0.0,0.0,"[0.0, 0.0, 0.0, 0.0, 0.0, 0.0, 0.0, 0.0, 0.0, 0.0, 0.0, 0.0, 0.0, 0.0]",0,0.0,0.0,0.9999999551656221,"[0.0, 0.0, 0.0, 0.0, 0.0, 0.0, 0.0, np.float64(0.9999999551656221), 0.0, 0.0, 0.0, 0.0, 0.0, 0.0]",70,0.0,0.17419581271323437,0.17419581271323437,"[0.0, 0.0, 0.0, 0.0, 0.0, np.float64(0.17419581271323437), np.float64(0.17419581271323437), 0.0, np.float64(0.17419581271323437), np.float64(0.17419581271323437), np.float64(0.17419581271323437), np.float64(0.17419581271323437), np.float64(0.17419581271323437), np.float64(0.17419581271323437)]",243
BIOMD0000000051,18,48,0,1000,0.0,0.0,0.0,"[0.0, 0.0, 0.0, 0.0, 0.0, 0.0, 0.0, 0.0, 0.0, 0.0, 0.0, 0.0, 0.0, 0.0, 0.0, 0.0, 0.0, 0.0]",0,0.0,0.0,0.0,"[0.0, 0.0, 0.0, 0.0, 0.0, 0.0, 0.0, 0.0, 0.0, 0.0, 0.0, 0.0, 0.0, 0.0, 0.0, 0.0, 0.0, 0.0]",201,0.0,0.0,0.4419977096568597,"[0.0, 0.0, 0.0, 0.0, 0.0, 0.0, 0.0, 0.0, 0.0, 0.0, 0.0, 0.0, 0.0, np.float64(0.4419977096568597), 0.0, 0.0, 0.0, 0.0]",3182
BIOMD0000000053,6,12,0,1000,0.0,0.0,0.0,"[0.0, 0.0, 0.0, 0.0, 0.0, 0.0]",0,0.0,0.04745442383715054,0.9971272007888579,"[0.0, 0.0, np.float64(0.9971272007888579), np.float64(0.09490884767430108), 0.0, np.float64(0.09490884767430108)]",16,0.0,0.09490659519785705,0.9998587263860761,"[0.0, np.float64(0.9998587263860761), np.float64(0.9971276753797135), np.float64(0.09490659519785705), 0.0, np.float64(0.09490659519785705)]",38
BIOMD0000000054,3,5,0,1000,0.0,0.0,0.0,"[0.0, 0.0, 0.0]",0,0.0,0.0,0.0,"[0.0, 0.0, 0.0]",4,0.0,0.0,0.0,"[0.0, 0.0, 0.0]",18
BIOMD0000000057,6,5,0,1000,0.0,0.0,0.0,"[0.0, 0.0, 0.0, 0.0, 0.0, 0.0]",0,0.0,0.061024113811874,0.9994749998770989,"[np.float64(0.9994749998770989), 0.0, np.float64(0.122048227623748), 0.0, np.float64(0.3008352494991966), 0.0]",16,0.0,0.0,0.0,"[0.0, 0.0, 0.0, 0.0, 0.0, 0.0]",166
BIOMD0000000058,4,11,0,1000,0.0,0.0,0.0,"[0.0, 0.0, 0.0, 0.0]",0,0.0,0.0,0.12263792416833963,"[np.float64(0.12263792416833963), 0.0, 0.0, 0.0]",7,0.0,0.5741648040918261,0.9999025960055146,"[np.float64(0.9254959040017502), 0.0, np.float64(0.9999025960055146), np.float64(0.22283370418190196)]",43
BIOMD0000000060,4,3,0,1000,0.0,0.0,0.0,"[0.0, 0.0, 0.0, 0.0]",0,0.4856578280084225,0.4918951667446034,0.9999823654986271,"[np.float64(0.4981287298528648), np.float64(0.4856578280084225), np.float64(0.4856616036363419), np.float64(0.9999823654986271)]",20,0.0,0.0,0.9975807626955581,"[0.0, 0.0, 0.0, np.float64(0.9975807626955581)]",60
BIOMD0000000061,22,24,0,1000,0.0,0.0,0.0,"[0.0, 0.0, 0.0, 0.0, 0.0, 0.0, 0.0, 0.0, 0.0, 0.0, 0.0, 0.0, 0.0, 0.0, 0.0, 0.0, 0.0, 0.0, 0.0, 0.0, 0.0, 0.0]",0,0.0,0.0,0.17007849628869287,"[0.0, np.float64(0.17007849628869287), 0.0, 0.0, 0.0, 0.0, 0.0, 0.0, 0.0, 0.0, 0.0, 0.0, 0.0, 0.0, 0.0, 0.0, 0.0, 0.0, 0.0, 0.0, 0.0, 0.0]",408,0.0,0.0,0.0,"[0.0, 0.0, 0.0, 0.0, 0.0, 0.0, 0.0, 0.0, 0.0, 0.0, 0.0, 0.0, 0.0, 0.0, 0.0, 0.0, 0.0, 0.0, 0.0, 0.0, 0.0, 0.0]",5047
BIOMD0000000063,5,8,0,1000,0.0,0.0,0.0,"[0.0, 0.0, 0.0, 0.0, 0.0]",0,0.0,0.0,0.999891149866718,"[0.0, np.float64(0.999891149866718), 0.0, 0.0, 0.0]",25,0.0,0.0,0.9998035880850357,"[0.0, np.float64(0.9998035880850357), 0.0, 0.0, np.float64(0.8390403153856789)]",94
BIOMD0000000065,8,16,0,1000,0.0,0.0,0.0,"[0.0, 0.0, 0.0, 0.0, 0.0, 0.0, 0.0, 0.0]",0,0.0,0.0,0.9802679852162367,"[0.0, 0.0, 0.0, np.float64(0.9802679852162367), 0.0, 0.0, 0.0, 0.0]",18,0.0,0.0,0.8226971265077482,"[0.0, 0.0, 0.0, np.float64(0.8226971265077482), 0.0, 0.0, 0.0, 0.0]",297
BIOMD0000000066,11,7,0,1000,0.0,0.0,0.0,"[0.0, 0.0, 0.0, 0.0, 0.0, 0.0, 0.0, 0.0, 0.0, 0.0, 0.0]",4,0.0,0.0,0.02388458376449476,"[0.0, np.float64(0.02388458376449476), np.float64(0.02388458376449476), np.float64(0.02388458376449476), 0.0, np.float64(0.02388458376449476), 0.0, 0.0, 0.0, 0.0, 0.0]",58,0.0,0.023884584270040365,0.9999992549209766,"[np.float64(0.9282414960587682), np.float64(0.023884584270040365), np.float64(0.023884584270040365), np.float64(0.023884584270040365), 0.0, np.float64(0.023884584270040365), np.float64(0.9981493443284626), 0.0, 0.0, np.float64(0.9999992549209766), np.float64(0.9487172974466693)]",75
BIOMD0000000067,7,13,0,1000,0.0,0.0,0.0,"[0.0, 0.0, 0.0, 0.0, 0.0, 0.0, 0.0]",1,0.0,0.07522226971765467,0.9999999608482831,"[0.0, np.float64(0.9999948234459781), np.float64(0.9999999608482831), np.float64(0.07522226971765467), np.float64(0.07522226971765467), np.float64(0.07522226971765467), 0.0]",11,0.0,0.0,0.0,"[0.0, 0.0, 0.0, 0.0, 0.0, 0.0, 0.0]",112
BIOMD0000000068,4,3,0,1000,0.0,0.0,0.0,"[0.0, 0.0, 0.0, 0.0]",0,0.0,0.0,0.0,"[0.0, 0.0, 0.0, 0.0]",2,0.0,0.0,0.0,"[0.0, 0.0, 0.0, 0.0]",5
BIOMD0000000069,10,7,0,1000,0.0,0.0,0.0,"[0.0, 0.0, 0.0, 0.0, 0.0, 0.0, 0.0, 0.0, 0.0, 0.0]",0,0.9948158023599808,0.9971857625195528,0.999996471635644,"[np.float64(0.9996325289151408), np.float64(0.9976544112171261), np.float64(0.9948158023599808), np.float64(0.9985867197040118), np.float64(0.9999964716318822), np.float64(0.999996471635644), np.float64(0.9961146875445427), np.float64(0.9961146884094771), np.float64(0.9967171138219796), np.float64(0.9953424607097243)]",110,0.0,0.4999999998892351,0.9999999998459042,"[0.0, 0.0, np.float64(0.9999999997784702), 0.0, 0.0, 0.0, np.float64(0.9999999998114697), np.float64(0.9999999998114697), np.float64(0.9999999998459042), np.float64(0.9999999998182064)]",646
BIOMD0000000070,40,38,0,1000,0.0,0.0,0.0,"[0.0, 0.0, 0.0, 0.0, 0.0, 0.0, 0.0, 0.0, 0.0, 0.0, 0.0, 0.0, 0.0, 0.0, 0.0, 0.0, 0.0, 0.0, 0.0, 0.0, 0.0, 0.0, 0.0, 0.0, 0.0, 0.0, 0.0, 0.0, 0.0, 0.0, 0.0, 0.0, 0.0, 0.0, 0.0, 0.0, 0.0, 0.0, 0.0, 0.0]",0,0.0,0.0,0.9751662482808059,"[np.float64(0.9665010854667127), np.float64(0.36954838560932946), np.float64(0.9302390407891369), np.float64(0.9751662482808059), np.float64(0.9276255801084032), 0.0, 0.0, np.float64(0.9269921351795418), np.float64(0.7061586246125133), 0.0, 0.0, 0.0, np.float64(0.654656200068159), np.float64(0.7908287373283194), 0.0, 0.0, 0.0, 0.0, 0.0, 0.0, np.float64(0.8706956253105149), np.float64(0.6312648976141597), 0.0, 0.0, 0.0, 0.0, 0.0, 0.0, 0.0, 0.0, 0.0, np.float64(0.8260844251656305), np.float64(0.7274138505130325), np.float64(0.7922448236920256), 0.0, 0.0, 0.0, 0.0, 0.0, np.float64(0.7752876159251549)]",1597,0.0,0.0,0.0,"[0.0, 0.0, 0.0, 0.0, 0.0, 0.0, 0.0, 0.0, 0.0, 0.0, 0.0, 0.0, 0.0, 0.0, 0.0, 0.0, 0.0, 0.0, 0.0, 0.0, 0.0, 0.0, 0.0, 0.0, 0.0, 0.0, 0.0, 0.0, 0.0, 0.0, 0.0, 0.0, 0.0, 0.0, 0.0, 0.0, 0.0, 0.0, 0.0, 0.0]",28665
BIOMD0000000072,7,7,0,1000,0.0,0.0,2.220446049250313e-16,"[np.float64(2.220446049250313e-16), np.float64(2.220446049250313e-16), 0.0, 0.0, 0.0, 0.0, np.float64(2.220446049250313e-16)]",6,0.0,0.9639354278614953,0.9980630737826767,"[np.float64(0.08717575320756532), np.float64(0.9624974878266278), np.float64(0.9980630737826758), np.float64(0.9980630737826767), np.float64(0.9980630720372706), 0.0, np.float64(0.9639354278614953)]",29,0.0,0.0,0.0,"[0.0, 0.0, 0.0, 0.0, 0.0, 0.0, 0.0]",98
BIOMD0000000073,16,48,0,1000,0.0,0.0,2.220446049250313e-16,"[0.0, 0.0, 0.0, 0.0, 0.0, 0.0, np.float64(2.220446049250313e-16), 0.0, 0.0, np.float64(2.220446049250313e-16), 0.0, np.float64(2.220446049250313e-16), 0.0, 0.0, 0.0, 0.0]",6,0.0,0.9999973968390555,0.9999997371689173,"[np.float64(0.9878271097943867), 0.0, np.float64(0.9999997197291619), np.float64(0.9999962719232884), np.float64(0.9999997371689173), 0.0, np.float64(0.025226309402051728), 0.0, np.float64(0.9999997278590875), np.float64(0.025226309402051728), np.float64(0.9999997203821397), np.float64(0.025226309402051728), np.float64(0.9999985217548226), np.float64(0.9999997206207215), np.float64(0.9999997192116623), np.float64(0.9999997194430625)]",200,0.0,0.0,0.025226298528906566,"[0.0, 0.0, 0.0, 0.0, 0.0, 0.0, np.float64(0.025226298528906566), 0.0, 0.0, np.float64(0.025226298528906566), 0.0, np.float64(0.025226298528906566), 0.0, 0.0, 0.0, 0.0]",238
BIOMD0000000074,19,57,0,1000,0.0,0.0,0.0,"[0.0, 0.0, 0.0, 0.0, 0.0, 0.0, 0.0, 0.0, 0.0, 0.0, 0.0, 0.0, 0.0, 0.0, 0.0, 0.0, 0.0, 0.0, 0.0]",1,0.0,0.15199825965433267,0.9999999982117636,"[0.0, 0.0, np.float64(0.9999999982117636), 0.0, np.float64(0.15199825965433267), np.float64(0.15199825965433267), np.float64(0.15199825965433267), np.float64(0.15199825965433267), np.float64(0.15199825965433267), np.float64(0.15199825965433267), np.float64(0.15199825965433267), np.float64(0.15199825965433267), np.float64(0.15199825965433267), np.float64(0.9823747691139206), np.float64(0.15199825965433267), np.float64(0.15199825965433267), np.float64(0.15199825965433267), np.float64(0.15199825965433267), np.float64(0.15199825965433267)]",58,0.0,0.0,0.0,"[0.0, 0.0, 0.0, 0.0, 0.0, 0.0, 0.0, 0.0, 0.0, 0.0, 0.0, 0.0, 0.0, 0.0, 0.0, 0.0, 0.0, 0.0, 0.0]",704
BIOMD0000000076,1,2,0,1000,0.0,0.0,0.0,[0.0],0,0.9989358364509152,0.9989358364509152,0.9989358364509152,[np.float64(0.9989358364509152)],2,0.9999988465634533,0.9999988465634533,0.9999988465634533,[np.float64(0.9999988465634533)],3
BIOMD0000000078,16,48,0,1000,0.0,0.0,0.0,"[0.0, 0.0, 0.0, 0.0, 0.0, 0.0, 0.0, 0.0, 0.0, 0.0, 0.0, 0.0, 0.0, 0.0, 0.0, 0.0]",7,0.0,0.9999976909038459,0.9999998086238123,"[np.float64(0.9860682318526686), np.float64(0.9977934170281849), np.float64(0.9999997907517677), np.float64(0.999996799288347), np.float64(0.9999998086238123), 0.0, np.float64(0.02522604080350821), np.float64(0.994607078103139), np.float64(0.9999998015941565), np.float64(0.02522604080350821), np.float64(0.9999997917764091), np.float64(0.02522604080350821), np.float64(0.9999985825193449), np.float64(0.9999997915192114), np.float64(0.999999790305318), np.float64(0.9999997905052319)]",204,0.0,0.0,0.02522601679774683,"[0.0, 0.0, 0.0, 0.0, 0.0, 0.0, np.float64(0.02522601679774683), 0.0, 0.0, np.float64(0.02522601679774683), 0.0, np.float64(0.02522601679774683), 0.0, 0.0, 0.0, 0.0]",192
BIOMD0000000079,3,6,0,1000,0.0,0.0,0.0,"[0.0, 0.0, 0.0]",0,0.0,0.0,0.0,"[0.0, 0.0, 0.0]",0,0.0,0.0,0.0,"[0.0, 0.0, 0.0]",0
BIOMD0000000080,10,6,0,1000,0.0,0.0,0.0,"[0.0, 0.0, 0.0, 0.0, 0.0, 0.0, 0.0, 0.0, 0.0, 0.0]",0,0.0,0.0,0.0,"[0.0, 0.0, 0.0, 0.0, 0.0, 0.0, 0.0, 0.0, 0.0, 0.0]",0,0.0,0.0,0.0,"[0.0, 0.0, 0.0, 0.0, 0.0, 0.0, 0.0, 0.0, 0.0, 0.0]",6
BIOMD0000000081,21,15,0,1000,0.0,0.0,1.1102230246251565e-16,"[0.0, 0.0, 0.0, 0.0, 0.0, 0.0, 0.0, 0.0, 0.0, 0.0, 0.0, 0.0, 0.0, 0.0, 0.0, 0.0, np.float64(1.1102230246251565e-16), 0.0, 0.0, 0.0, 0.0]",5,0.0,0.0,0.9696942336407126,"[np.float64(0.012046360672419043), 0.0, np.float64(0.9696942336407126), np.float64(0.012046360672419043), 0.0, 0.0, np.float64(0.012046360672419043), 0.0, 0.0, np.float64(0.012046360672419043), 0.0, np.float64(0.012046360672419043), 0.0, 0.0, np.float64(0.012046360672419043), np.float64(0.012046360672419043), 0.0, 0.0, 0.0, np.float64(0.012046360672419043), 0.0]",171,0.0,0.0,0.21491829347300495,"[np.float64(0.21491829347300495), 0.0, 0.0, np.float64(0.21491829347300495), 0.0, 0.0, np.float64(0.21491829347300495), 0.0, 0.0, np.float64(0.21491829347300495), np.float64(0.11559709418418684), np.float64(0.21491829347300495), 0.0, 0.0, np.float64(0.21491829347300495), np.float64(0.21491829347300495), 0.0, 0.0, 0.0, np.float64(0.21491829347300495), 0.0]",607
BIOMD0000000082,10,6,0,1000,0.0,0.0,0.0,"[0.0, 0.0, 0.0, 0.0, 0.0, 0.0, 0.0, 0.0, 0.0, 0.0]",0,0.0,0.0,0.0,"[0.0, 0.0, 0.0, 0.0, 0.0, 0.0, 0.0, 0.0, 0.0, 0.0]",0,0.0,0.0,0.0,"[0.0, 0.0, 0.0, 0.0, 0.0, 0.0, 0.0, 0.0, 0.0, 0.0]",0
BIOMD0000000083,19,57,0,1000,0.0,0.0,2.220446049250313e-16,"[np.float64(2.220446049250313e-16), 0.0, 0.0, 0.0, 0.0, 0.0, 0.0, 0.0, 0.0, 0.0, 0.0, 0.0, 0.0, 0.0, 0.0, 0.0, 0.0, 0.0, 0.0]",1,0.0,0.1519575039499309,0.9998078757008297,"[0.0, 0.0, np.float64(0.9998078757008297), 0.0, np.float64(0.1519575039499309), np.float64(0.1519575039499309), np.float64(0.1519575039499309), np.float64(0.1519575039499309), np.float64(0.1519575039499309), np.float64(0.1519575039499309), np.float64(0.1519575039499309), np.float64(0.1519575039499309), np.float64(0.1519575039499309), np.float64(0.9986732845498143), np.float64(0.1519575039499309), np.float64(0.1519575039499309), np.float64(0.1519575039499309), np.float64(0.1519575039499309), np.float64(0.1519575039499309)]",58,0.0,0.0,0.0,"[0.0, 0.0, 0.0, 0.0, 0.0, 0.0, 0.0, 0.0, 0.0, 0.0, 0.0, 0.0, 0.0, 0.0, 0.0, 0.0, 0.0, 0.0, 0.0]",927
BIOMD0000000084,8,8,0,1000,0.0,0.0,0.0,"[0.0, 0.0, 0.0, 0.0, 0.0, 0.0, 0.0, 0.0]",0,0.0,0.0,0.7227152698092882,"[np.float64(0.7227152698092882), np.float64(0.7227152698092878), 0.0, 0.0, 0.0, 0.0, 0.0, 0.0]",4,0.0,0.0,0.9218887681546655,"[np.float64(0.9218887681546655), np.float64(0.9218887681546444), 0.0, 0.0, 0.0, 0.0, 0.0, 0.0]",188
BIOMD0000000085,17,17,0,1000,0.0,0.0,0.0,"[0.0, 0.0, 0.0, 0.0, 0.0, 0.0, 0.0, 0.0, 0.0, 0.0, 0.0, 0.0, 0.0, 0.0, 0.0, 0.0, 0.0]",0,0.0,0.0,0.0,"[0.0, 0.0, 0.0, 0.0, 0.0, 0.0, 0.0, 0.0, 0.0, 0.0, 0.0, 0.0, 0.0, 0.0, 0.0, 0.0, 0.0]",0,0.0,0.0,0.0,"[0.0, 0.0, 0.0, 0.0, 0.0, 0.0, 0.0, 0.0, 0.0, 0.0, 0.0, 0.0, 0.0, 0.0, 0.0, 0.0, 0.0]",0
BIOMD0000000086,17,24,0,1000,0.0,0.0,0.0,"[0.0, 0.0, 0.0, 0.0, 0.0, 0.0, 0.0, 0.0, 0.0, 0.0, 0.0, 0.0, 0.0, 0.0, 0.0, 0.0, 0.0]",0,0.0,0.0,0.0,"[0.0, 0.0, 0.0, 0.0, 0.0, 0.0, 0.0, 0.0, 0.0, 0.0, 0.0, 0.0, 0.0, 0.0, 0.0, 0.0, 0.0]",0,0.0,0.0,0.0,"[0.0, 0.0, 0.0, 0.0, 0.0, 0.0, 0.0, 0.0, 0.0, 0.0, 0.0, 0.0, 0.0, 0.0, 0.0, 0.0, 0.0]",0
BIOMD0000000087,54,43,0,1000,0.0,0.0,0.0,"[0.0, 0.0, 0.0, 0.0, 0.0, 0.0, 0.0, 0.0, 0.0, 0.0, 0.0, 0.0, 0.0, 0.0, 0.0, 0.0, 0.0, 0.0, 0.0, 0.0, 0.0, 0.0, 0.0, 0.0, 0.0, 0.0, 0.0, 0.0, 0.0, 0.0, 0.0, 0.0, 0.0, 0.0, 0.0, 0.0, 0.0, 0.0, 0.0, 0.0, 0.0, 0.0, 0.0, 0.0, 0.0, 0.0, 0.0, 0.0, 0.0, 0.0, 0.0, 0.0, 0.0, 0.0]",0,0.0,0.0,0.0,"[0.0, 0.0, 0.0, 0.0, 0.0, 0.0, 0.0, 0.0, 0.0, 0.0, 0.0, 0.0, 0.0, 0.0, 0.0, 0.0, 0.0, 0.0, 0.0, 0.0, 0.0, 0.0, 0.0, 0.0, 0.0, 0.0, 0.0, 0.0, 0.0, 0.0, 0.0, 0.0, 0.0, 0.0, 0.0, 0.0, 0.0, 0.0, 0.0, 0.0, 0.0, 0.0, 0.0, 0.0, 0.0, 0.0, 0.0, 0.0, 0.0, 0.0, 0.0, 0.0, 0.0, 0.0]",493,0.0,0.0,0.0,"[0.0, 0.0, 0.0, 0.0, 0.0, 0.0, 0.0, 0.0, 0.0, 0.0, 0.0, 0.0, 0.0, 0.0, 0.0, 0.0, 0.0, 0.0, 0.0, 0.0, 0.0, 0.0, 0.0, 0.0, 0.0, 0.0, 0.0, 0.0, 0.0, 0.0, 0.0, 0.0, 0.0, 0.0, 0.0, 0.0, 0.0, 0.0, 0.0, 0.0, 0.0, 0.0, 0.0, 0.0, 0.0, 0.0, 0.0, 0.0, 0.0, 0.0, 0.0, 0.0, 0.0, 0.0]",6095
BIOMD0000000088,100,110,0,1000,0.0,0.0,2.220446049250313e-16,"[np.float64(2.220446049250313e-16), np.float64(2.220446049250313e-16), np.float64(2.220446049250313e-16), np.float64(2.220446049250313e-16), np.float64(2.220446049250313e-16), 0.0, np.float64(2.220446049250313e-16), np.float64(2.220446049250313e-16), np.float64(2.220446049250313e-16), np.float64(2.220446049250313e-16), 0.0, 0.0, 0.0, 0.0, 0.0, 0.0, 0.0, 0.0, 0.0, 0.0, 0.0, 0.0, np.float64(2.220446049250313e-16), 0.0, 0.0, 0.0, 0.0, np.float64(2.220446049250313e-16), 0.0, 0.0, 0.0, 0.0, np.float64(2.220446049250313e-16), 0.0, 0.0, np.float64(2.220446049250313e-16), 0.0, np.float64(2.220446049250313e-16), np.float64(2.220446049250313e-16), 0.0, np.float64(2.220446049250313e-16), 0.0, 0.0, np.float64(2.220446049250313e-16), 0.0, 0.0, 0.0, 0.0, 0.0, 0.0, 0.0, 0.0, 0.0, 0.0, 0.0, np.float64(2.220446049250313e-16), np.float64(2.220446049250313e-16), 0.0, 0.0, 0.0, np.float64(2.220446049250313e-16), np.float64(2.220446049250313e-16), np.float64(2.220446049250313e-16), np.float64(2.220446049250313e-16), np.float64(2.220446049250313e-16), np.float64(2.220446049250313e-16), np.float64(2.220446049250313e-16), np.float64(2.220446049250313e-16), np.float64(2.220446049250313e-16), 0.0, 0.0, 0.0, 0.0, 0.0, 0.0, 0.0, 0.0, 0.0, 0.0, 0.0, 0.0, 0.0, np.float64(2.220446049250313e-16), np.float64(2.220446049250313e-16), np.float64(2.220446049250313e-16), np.float64(2.220446049250313e-16), np.float64(2.220446049250313e-16), np.float64(2.220446049250313e-16), 0.0, 0.0, np.float64(2.220446049250313e-16), np.float64(2.220446049250313e-16), np.float64(2.220446049250313e-16), np.float64(2.220446049250313e-16), 0.0, np.float64(2.220446049250313e-16), 0.0, 0.0, 0.0, 0.0]",15,0.0,0.0,0.9999999998845622,"[0.0, 0.0, 0.0, 0.0, 0.0, 0.0, 0.0, 0.0, 0.0, 0.0, 0.0, 0.0, 0.0, 0.0, 0.0, 0.0, 0.0, 0.0, 0.0, 0.0, 0.0, 0.0, 0.0, 0.0, np.float64(0.9090338595019939), 0.0, 0.0, np.float64(0.3532862260075297), np.float64(0.9567572903923416), 0.0, 0.0, 0.0, np.float64(0.3532862260075297), np.float64(0.9999991359874855), np.float64(0.9999972453184559), np.float64(0.3532862260075297), np.float64(0.9999972475204251), np.float64(0.3532862260075297), np.float64(0.3532862260075297), 0.0, np.float64(0.3532862260075297), np.float64(0.9999972476203782), np.float64(0.9999972464910226), np.float64(0.3532862260075297), 0.0, 0.0, np.float64(0.9999972460935679), 0.0, np.float64(0.989975400287071), 0.0, 0.0, np.float64(0.9999990195585703), np.float64(0.9999999998845622), np.float64(0.9277875733813474), 0.0, 0.0, 0.0, 0.0, 0.0, np.float64(0.6808569904085833), 0.0, 0.0, 0.0, 0.0, 0.0, 0.0, 0.0, 0.0, 0.0, 0.0, np.float64(0.6808569455516036), 0.0, 0.0, 0.0, 0.0, 0.0, 0.0, 0.0, 0.0, 0.0, np.float64(0.9574299871649954), 0.0, np.float64(0.3532862260075297), np.float64(0.3532862260075297), np.float64(0.3532862260075297), np.float64(0.3532862260075297), np.float64(0.3532862260075297), np.float64(0.3532862260075297), 0.0, 0.0, 0.0, 0.0, 0.0, np.float64(0.3532862260075297), np.float64(0.9999995012632554), 0.0, 0.0, 0.0, np.float64(0.9284833524119482), 0.0]",3480,0.0,0.0,1.0,"[0.0, 0.0, 0.0, 0.0, 0.0, np.float64(0.9999999999999902), 0.0, 0.0, 0.0, 0.0, 0.0, 0.0, np.float64(0.9999999999841961), 0.0, 0.0, 0.0, 0.0, 0.0, 0.0, 0.0, 0.0, 1.0, 0.0, 0.0, 0.0, 0.0, 0.0, 0.0, 0.0, 0.0, 0.0, 0.0, 0.0, 0.0, 0.0, 0.0, 0.0, 0.0, 0.0, 0.0, 0.0, 0.0, 0.0, 0.0, 0.0, 0.0, 0.0, 0.0, 0.0, 0.0, 0.0, 0.0, 0.0, 0.0, 0.0, 0.0, 0.0, 0.0, 0.0, 0.0, 0.0, 0.0, 0.0, 0.0, 0.0, 0.0, 0.0, 0.0, 0.0, 0.0, 0.0, 0.0, 0.0, 0.0, 0.0, 0.0, 0.0, 0.0, 0.0, 0.0, 0.0, 0.0, 0.0, 0.0, 0.0, 0.0, 0.0, 0.0, 0.0, 0.0, 0.0, 0.0, 0.0, 0.0, 0.0, 0.0, 0.0, 0.0, 0.0, 0.0]",49917
BIOMD0000000090,13,21,0,1000,0.0,0.0,0.0,"[0.0, 0.0, 0.0, 0.0, 0.0, 0.0, 0.0, 0.0, 0.0, 0.0, 0.0, 0.0, 0.0]",0,0.0,0.0,0.0,"[0.0, 0.0, 0.0, 0.0, 0.0, 0.0, 0.0, 0.0, 0.0, 0.0, 0.0, 0.0, 0.0]",51,0.0,0.0,0.0,"[0.0, 0.0, 0.0, 0.0, 0.0, 0.0, 0.0, 0.0, 0.0, 0.0, 0.0, 0.0, 0.0]",1047
BIOMD0000000091,15,23,0,1000,0.0,0.0,0.0,"[0.0, 0.0, 0.0, 0.0, 0.0, 0.0, 0.0, 0.0, 0.0, 0.0, 0.0, 0.0, 0.0, 0.0, 0.0]",7,0.0,0.0,0.07630994390201185,"[0.0, 0.0, 0.0, 0.0, 0.0, 0.0, 0.0, 0.0, 0.0, 0.0, 0.0, np.float64(0.07630994390201185), 0.0, 0.0, 0.0]",89,0.0,0.0,0.9999999997766656,"[np.float64(0.9999969116671417), 0.0, 0.0, 0.0, np.float64(0.999998668830812), np.float64(0.9997837429322841), 0.0, np.float64(0.9999986688414289), 0.0, np.float64(0.9999999997746604), np.float64(0.9999999997766656), 0.0, 0.0, 0.0, 0.0]",112
BIOMD0000000092,4,3,0,1000,1.1102230246251565e-16,1.1102230246251565e-16,1.1102230246251565e-16,"[np.float64(1.1102230246251565e-16), np.float64(1.1102230246251565e-16), np.float64(1.1102230246251565e-16), np.float64(1.1102230246251565e-16)]",0,1.1102230246251565e-16,1.1102230246251565e-16,1.1102230246251565e-16,"[np.float64(1.1102230246251565e-16), np.float64(1.1102230246251565e-16), np.float64(1.1102230246251565e-16), np.float64(1.1102230246251565e-16)]",0,0.0,0.0,0.0,"[0.0, 0.0, 0.0, 0.0]",0
BIOMD0000000093,33,46,0,1000,0.0,0.0,0.0,"[0.0, 0.0, 0.0, 0.0, 0.0, 0.0, 0.0, 0.0, 0.0, 0.0, 0.0, 0.0, 0.0, 0.0, 0.0, 0.0, 0.0, 0.0, 0.0, 0.0, 0.0, 0.0, 0.0, 0.0, 0.0, 0.0, 0.0, 0.0, 0.0, 0.0, 0.0, 0.0, 0.0]",0,0.0,0.0,0.0,"[0.0, 0.0, 0.0, 0.0, 0.0, 0.0, 0.0, 0.0, 0.0, 0.0, 0.0, 0.0, 0.0, 0.0, 0.0, 0.0, 0.0, 0.0, 0.0, 0.0, 0.0, 0.0, 0.0, 0.0, 0.0, 0.0, 0.0, 0.0, 0.0, 0.0, 0.0, 0.0, 0.0]",557,0.0,0.0,0.0,"[0.0, 0.0, 0.0, 0.0, 0.0, 0.0, 0.0, 0.0, 0.0, 0.0, 0.0, 0.0, 0.0, 0.0, 0.0, 0.0, 0.0, 0.0, 0.0, 0.0, 0.0, 0.0, 0.0, 0.0, 0.0, 0.0, 0.0, 0.0, 0.0, 0.0, 0.0, 0.0, 0.0]",603
BIOMD0000000094,33,45,0,1000,0.0,0.0,0.0,"[0.0, 0.0, 0.0, 0.0, 0.0, 0.0, 0.0, 0.0, 0.0, 0.0, 0.0, 0.0, 0.0, 0.0, 0.0, 0.0, 0.0, 0.0, 0.0, 0.0, 0.0, 0.0, 0.0, 0.0, 0.0, 0.0, 0.0, 0.0, 0.0, 0.0, 0.0, 0.0, 0.0]",0,0.0,0.0,0.9992985500226809,"[np.float64(0.9992618963865542), np.float64(0.9992955699693687), np.float64(0.9988524350324272), np.float64(0.9992985500226809), 0.0, 0.0, 0.0, 0.0, 0.0, np.float64(0.03952857305819968), np.float64(0.913281686835798), 0.0, 0.0, 0.0, 0.0, 0.0, 0.0, np.float64(0.7497116697198062), 0.0, np.float64(0.42748461995821063), np.float64(0.42748461995821063), np.float64(0.42748461995821063), 0.0, 0.0, 0.0, 0.0, 0.0, 0.0, np.float64(0.42748461995821063), 0.0, 0.0, 0.0, np.float64(0.9990771537580605)]",289,0.0,0.0,0.24210919021684119,"[0.0, 0.0, 0.0, 0.0, 0.0, 0.0, 0.0, 0.0, 0.0, 0.0, 0.0, 0.0, 0.0, 0.0, 0.0, 0.0, 0.0, 0.0, np.float64(0.24210919021684119), np.float64(0.24210919021684119), np.float64(0.24210919021684119), np.float64(0.24210919021684119), np.float64(0.24210919021684119), np.float64(0.24210919021684119), np.float64(0.24210919021684119), np.float64(0.24210919021684119), np.float64(0.24210919021684119), 0.0, np.float64(0.24210919021684119), np.float64(0.24210919021684119), 0.0, np.float64(0.24210919021684119), 0.0]",4208
BIOMD0000000095,19,46,0,1000,0.0,0.0,0.0,"[0.0, 0.0, 0.0, 0.0, 0.0, 0.0, 0.0, 0.0, 0.0, 0.0, 0.0, 0.0, 0.0, 0.0, 0.0, 0.0, 0.0, 0.0, 0.0]",0,0.0,0.0,0.627611988450572,"[0.0, 0.0, 0.0, 0.0, 0.0, 0.0, 0.0, 0.0, 0.0, 0.0, 0.0, 0.0, 0.0, 0.0, 0.0, 0.0, np.float64(0.627611988450572), 0.0, 0.0]",190,0.0,0.0,0.9927192610504648,"[np.float64(0.975273955142859), 0.0, 0.0, 0.0, 0.0, 0.0, 0.0, 0.0, 0.0, 0.0, 0.0, 0.0, 0.0, 0.0, 0.0, 0.0, np.float64(0.9927192610504648), 0.0, 0.0]",3761
BIOMD0000000096,19,46,0,1000,0.0,0.0,0.0,"[0.0, 0.0, 0.0, 0.0, 0.0, 0.0, 0.0, 0.0, 0.0, 0.0, 0.0, 0.0, 0.0, 0.0, 0.0, 0.0, 0.0, 0.0, 0.0]",0,0.0,0.0,0.8439154001807457,"[0.0, np.float64(0.8439154001807457), 0.0, 0.0, 0.0, 0.0, 0.0, 0.0, 0.0, 0.0, 0.0, np.float64(0.1982291865712923), 0.0, 0.0, 0.0, 0.0, np.float64(0.2089473711822537), 0.0, 0.0]",200,0.0,0.0,0.9989771021886873,"[0.0, 0.0, 0.0, 0.0, 0.0, 0.0, 0.0, 0.0, 0.0, 0.0, 0.0, 0.0, 0.0, 0.0, 0.0, 0.0, np.float64(0.9989771021886873), 0.0, 0.0]",3789
BIOMD0000000097,19,46,0,1000,0.0,0.0,0.0,"[0.0, 0.0, 0.0, 0.0, 0.0, 0.0, 0.0, 0.0, 0.0, 0.0, 0.0, 0.0, 0.0, 0.0, 0.0, 0.0, 0.0, 0.0, 0.0]",1,0.0,0.0,0.9995990594653877,"[0.0, np.float64(0.7922132826227243), 0.0, 0.0, 0.0, 0.0, 0.0, 0.0, np.float64(0.9995990594653877), 0.0, 0.0, 0.0, 0.0, 0.0, 0.0, 0.0, 0.0, 0.0, 0.0]",201,0.0,0.0,0.9999530762709619,"[np.float64(0.7063399098588112), 0.0, 0.0, 0.0, 0.0, 0.0, 0.0, 0.0, 0.0, 0.0, np.float64(0.1317706075944297), np.float64(0.9965935739501652), np.float64(0.8379921860423281), 0.0, 0.0, 0.0, np.float64(0.9999530762709619), np.float64(0.6897883120215087), 0.0]",3809
BIOMD0000000098,2,6,0,1000,0.0,0.0,0.0,"[0.0, 0.0]",0,0.0,0.0,0.0,"[0.0, 0.0]",3,0.0,0.0,0.0,"[0.0, 0.0]",8
BIOMD0000000099,7,14,0,1000,0.0,0.0,0.0,"[0.0, 0.0, 0.0, 0.0, 0.0, 0.0, 0.0]",0,0.0,0.0,0.999999050789265,"[0.0, 0.0, np.float64(0.999999050789265), 0.0, 0.0, np.float64(0.9997825752657619), 0.0]",27,0.0,0.9999999950622265,0.9999999998981486,"[0.0, np.float64(0.9999999942124683), np.float64(0.9999999951547248), 0.0, np.float64(0.9999999998981486), np.float64(0.9999999950622265), np.float64(0.9999999976554352)]",247
BIOMD0000000100,4,10,0,1000,0.0,0.0,0.0,"[0.0, 0.0, 0.0, 0.0]",0,0.3204174336318364,0.6435099387873828,0.7800232621359334,"[np.float64(0.3204174336318364), np.float64(0.6662550472191748), np.float64(0.7800232621359334), np.float64(0.6207648303555908)]",19,0.8432914070644661,0.9656853741212419,0.9978692335112662,"[np.float64(0.9935624131511399), np.float64(0.8432914070644661), np.float64(0.9978692335112662), np.float64(0.937808335091344)]",58
BIOMD0000000101,6,13,0,1000,0.0,0.0,0.0,"[0.0, 0.0, 0.0, 0.0, 0.0, 0.0]",2,0.0,0.0,0.0,"[0.0, 0.0, 0.0, 0.0, 0.0, 0.0]",4,0.0,0.0,0.0,"[0.0, 0.0, 0.0, 0.0, 0.0, 0.0]",139
BIOMD0000000102,13,28,0,1000,0.0,0.0,1.1102230246251565e-16,"[0.0, np.float64(1.1102230246251565e-16), 0.0, 0.0, 0.0, 0.0, 0.0, 0.0, 0.0, 0.0, 0.0, 0.0, 0.0]",1,0.0,0.0,0.0,"[0.0, 0.0, 0.0, 0.0, 0.0, 0.0, 0.0, 0.0, 0.0, 0.0, 0.0, 0.0, 0.0]",55,0.0,0.0,0.0,"[0.0, 0.0, 0.0, 0.0, 0.0, 0.0, 0.0, 0.0, 0.0, 0.0, 0.0, 0.0, 0.0]",447
BIOMD0000000103,17,42,0,1000,0.0,0.0,1.1102230246251565e-16,"[0.0, np.float64(1.1102230246251565e-16), 0.0, 0.0, 0.0, 0.0, 0.0, 0.0, 0.0, 0.0, 0.0, 0.0, 0.0, 0.0, 0.0, 0.0, 0.0]",1,0.0,0.0,0.1193948173795426,"[0.0, 0.0, 0.0, 0.0, 0.0, 0.0, 0.0, 0.0, 0.0, 0.0, 0.0, 0.0, 0.0, 0.0, 0.0, np.float64(0.1193948173795426), np.float64(0.1193948173795426)]",104,0.0,0.0,0.20164982878010718,"[0.0, 0.0, 0.0, 0.0, 0.0, 0.0, 0.0, 0.0, 0.0, 0.0, 0.0, 0.0, 0.0, 0.0, 0.0, np.float64(0.20164982878010718), np.float64(0.20164982878010718)]",918
BIOMD0000000105,35,94,0,1000,0.0,0.0,0.0,"[0.0, 0.0, 0.0, 0.0, 0.0, 0.0, 0.0, 0.0, 0.0, 0.0, 0.0, 0.0, 0.0, 0.0, 0.0, 0.0, 0.0, 0.0, 0.0, 0.0, 0.0, 0.0, 0.0, 0.0, 0.0, 0.0, 0.0, 0.0, 0.0, 0.0, 0.0, 0.0, 0.0, 0.0, 0.0]",5,0.0,0.0,0.9999999980136629,"[0.0, 0.0, 0.0, 0.0, 0.0, 0.0, np.float64(0.2036312739210473), 0.0, np.float64(0.2036312739210473), 0.0, 0.0, 0.0, 0.0, 0.0, 0.0, 0.0, 0.0, np.float64(0.47202789469692785), np.float64(0.14307482093121382), 0.0, 0.0, np.float64(0.2036312739210473), np.float64(0.2036312739210473), np.float64(0.2036312739210473), np.float64(0.2036312739210473), np.float64(0.2036312739210473), np.float64(0.2036312739210473), np.float64(0.2036312739210473), np.float64(0.2036312739210473), np.float64(0.2036312739210473), np.float64(0.9999999980136629), 0.0, np.float64(0.2036312739210473), np.float64(0.2036312739210473), np.float64(0.2036312739210473)]",116,0.0,0.9999997654653908,0.9999999998119432,"[np.float64(0.9999999991731693), np.float64(0.9999999998119432), np.float64(0.9999999931882652), np.float64(0.9999999734811666), np.float64(0.9999997654653908), np.float64(0.9999999996931254), 0.0, np.float64(0.9999999984029304), 0.0, np.float64(0.9999999734811457), np.float64(0.9999997654649396), np.float64(0.9999999996743623), np.float64(0.9999995894572647), np.float64(0.9999998708647827), np.float64(0.9999999530319177), np.float64(0.9999998817691709), np.float64(0.9999999937266835), np.float64(0.9999999359296541), np.float64(0.9999999895769061), np.float64(0.9999999275300279), np.float64(0.9999999890146526), 0.0, 0.0, 0.0, 0.0, 0.0, 0.0, 0.0, 0.0, 0.0, 0.0, np.float64(0.999999999347106), 0.0, 0.0, 0.0]",2
BIOMD0000000107,9,23,0,1000,0.0,0.0,2.220446049250313e-16,"[0.0, 0.0, 0.0, 0.0, 0.0, 0.0, 0.0, 0.0, np.float64(2.220446049250313e-16)]",3,0.0,0.0,0.9999999997857751,"[np.float64(0.9999999768322616), np.float64(0.9999590876433504), 0.0, 0.0, np.float64(0.9999999997857751), 0.0, 0.0, 0.0, np.float64(0.15202550879806676)]",54,0.0,0.0,0.0,"[0.0, 0.0, 0.0, 0.0, 0.0, 0.0, 0.0, 0.0, 0.0]",309
BIOMD0000000108,9,17,0,1000,0.0,0.0,0.0,"[0.0, 0.0, 0.0, 0.0, 0.0, 0.0, 0.0, 0.0, 0.0]",0,0.0,0.0,0.0,"[0.0, 0.0, 0.0, 0.0, 0.0, 0.0, 0.0, 0.0, 0.0]",1,0.0,0.0,0.0,"[0.0, 0.0, 0.0, 0.0, 0.0, 0.0, 0.0, 0.0, 0.0]",6
BIOMD0000000112,10,8,0,1000,0.0,0.0,0.0,"[0.0, 0.0, 0.0, 0.0, 0.0, 0.0, 0.0, 0.0, 0.0, 0.0]",6,0.0,0.0,0.0,"[0.0, 0.0, 0.0, 0.0, 0.0, 0.0, 0.0, 0.0, 0.0, 0.0]",28,0.0,0.0,0.0,"[0.0, 0.0, 0.0, 0.0, 0.0, 0.0, 0.0, 0.0, 0.0, 0.0]",93
BIOMD0000000113,4,7,0,1000,0.0,0.0,0.0,"[0.0, 0.0, 0.0, 0.0]",0,0.02730642963797625,0.22273528226158673,0.40639003495532433,"[np.float64(0.14722166983134333), np.float64(0.29824889469183014), np.float64(0.02730642963797625), np.float64(0.40639003495532433)]",13,0.12382907174584634,0.8637973480093817,0.9982528422093829,"[np.float64(0.8505185222126069), np.float64(0.8770761738061563), np.float64(0.12382907174584634), np.float64(0.9982528422093829)]",45
BIOMD0000000114,2,4,0,1000,0.0,0.0,0.0,"[0.0, 0.0]",0,0.0,0.0,0.0,"[0.0, 0.0]",0,0.0,0.0,0.0,"[0.0, 0.0]",0
BIOMD0000000115,2,5,0,1000,0.0,0.0,0.0,"[0.0, 0.0]",0,0.0,0.0,0.0,"[0.0, 0.0]",3,0.0,0.0,0.0,"[0.0, 0.0]",8
BIOMD0000000116,6,10,0,1000,0.0,0.0,0.0,"[0.0, 0.0, 0.0, 0.0, 0.0, 0.0]",0,0.9501002177595167,0.9845764075031169,0.9934965028533257,"[np.float64(0.9501002177595167), np.float64(0.9825485568601366), np.float64(0.9866042581460973), np.float64(0.9912350809056456), np.float64(0.9934965028533257), np.float64(0.9769713854193735)]",36,0.0,0.0,0.0,"[0.0, 0.0, 0.0, 0.0, 0.0, 0.0]",106
BIOMD0000000117,2,6,0,1000,0.0,0.0,0.0,"[0.0, 0.0]",0,0.0,0.0,0.0,"[0.0, 0.0]",0,0.0,0.0,0.0,"[0.0, 0.0]",9
BIOMD0000000126,9,11,0,1000,0.0,0.0,0.0,"[0.0, 0.0, 0.0, 0.0, 0.0, 0.0, 0.0, 0.0, 0.0]",0,0.0,0.9717117060907382,0.9999999999662332,"[np.float64(0.9982436007614485), np.float64(0.6812662147353075), np.float64(0.8246640249466879), np.float64(0.8623273566274391), np.float64(0.9717117060907382), np.float64(0.9999999999662332), 0.0, np.float64(0.9999945004910386), np.float64(0.9999974881534479)]",80,0.0,0.0,0.9997210501705586,"[np.float64(0.8723729772795227), 0.0, 0.0, 0.0, 0.0, 0.0, 0.0, np.float64(0.9997210501705586), np.float64(0.9997099198471407)]",434
BIOMD0000000137,21,20,0,1000,0.0,0.0,3.3306690738754696e-16,"[0.0, 0.0, 0.0, 0.0, np.float64(1.1102230246251565e-16), 0.0, 0.0, 0.0, 0.0, 0.0, np.float64(1.1102230246251565e-16), 0.0, np.float64(3.3306690738754696e-16), 0.0, 0.0, 0.0, 0.0, 0.0, 0.0, 0.0, 0.0]",14,0.0,0.0,0.9999999999993068,"[0.0, np.float64(0.9999999999993068), np.float64(0.9996199687265964), np.float64(0.9999845618376217), np.float64(0.9999983632849188), 0.0, 0.0, 0.0, np.float64(0.9999999290522718), np.float64(0.9999999283870421), 0.0, 0.0, 0.0, 0.0, 0.0, 0.0, 0.0, 0.0, 0.0, 0.0, 0.0]",311,0.0,0.0,0.0,"[0.0, 0.0, 0.0, 0.0, 0.0, 0.0, 0.0, 0.0, 0.0, 0.0, 0.0, 0.0, 0.0, 0.0, 0.0, 0.0, 0.0, 0.0, 0.0, 0.0, 0.0]",1298
BIOMD0000000143,20,20,0,1000,0.0,0.0,1.1102230246251565e-16,"[0.0, 0.0, 0.0, 0.0, 0.0, 0.0, 0.0, 0.0, 0.0, 0.0, np.float64(1.1102230246251565e-16), 0.0, 0.0, 0.0, 0.0, 0.0, 0.0, 0.0, 0.0, 0.0]",3,0.0,0.2368577280587213,0.9999844625344039,"[np.float64(0.2368577280587213), np.float64(0.8830381731717414), np.float64(0.2368577280587213), 0.0, 0.0, 0.0, 0.0, np.float64(0.2368577280587213), np.float64(0.9999844625344039), 0.0, 0.0, np.float64(0.49295912437717004), 0.0, np.float64(0.2368577280587213), np.float64(0.2368577280587213), np.float64(0.2368577280587213), np.float64(0.2368577280587213), 0.0, np.float64(0.8830123505034443), np.float64(0.2368577280587213)]",162,0.0,0.49998282691732243,0.9999999999998928,"[0.0, np.float64(0.9999999999984766), 0.0, np.float64(0.999999510714936), np.float64(0.9999999999998928), np.float64(0.9999999999997841), np.float64(0.9999656538346449), 0.0, np.float64(0.9999999999938569), 0.0, np.float64(0.9999999999943454), np.float64(0.9999999999985125), np.float64(0.999999999999723), 0.0, 0.0, 0.0, 0.0, 0.0, np.float64(0.9999999999984782), 0.0]",27
BIOMD0000000146,36,34,0,1000,0.0,0.0,0.0,"[0.0, 0.0, 0.0, 0.0, 0.0, 0.0, 0.0, 0.0, 0.0, 0.0, 0.0, 0.0, 0.0, 0.0, 0.0, 0.0, 0.0, 0.0, 0.0, 0.0, 0.0, 0.0, 0.0, 0.0, 0.0, 0.0, 0.0, 0.0, 0.0, 0.0, 0.0, 0.0, 0.0, 0.0, 0.0, 0.0]",3,0.0,0.0,0.25018731583457465,"[0.0, 0.0, 0.0, np.float64(0.13282565434760485), np.float64(0.13282565434760485), np.float64(0.13282565434760485), np.float64(0.13282565434760485), 0.0, 0.0, np.float64(0.25018731583457465), np.float64(0.24870417525481325), np.float64(0.13282565434760485), 0.0, 0.0, 0.0, 0.0, 0.0, 0.0, 0.0, 0.0, 0.0, 0.0, 0.0, 0.0, 0.0, 0.0, 0.0, 0.0, 0.0, 0.0, 0.0, 0.0, 0.0, np.float64(0.13282565434760485), np.float64(0.13282565434760485), np.float64(0.13282565434760485)]",468,0.0,0.9999999679880492,0.9999999997276523,"[np.float64(0.999999968414037), np.float64(0.9999999675620614), np.float64(0.9999999997276523), 0.0, 0.0, 0.0, 0.0, np.float64(0.9999996020411333), np.float64(0.9999999920675865), np.float64(0.9999999722707508), np.float64(0.9999999757063526), 0.0, np.float64(0.9999999814441392), np.float64(0.9999999972712242), np.float64(0.9999999801320081), np.float64(0.9999999920675884), np.float64(0.9999987393824125), np.float64(0.9999990134119717), np.float64(0.9999840492851019), np.float64(0.9999999648524543), np.float64(0.9999997822129996), np.float64(0.9999999212370468), np.float64(0.999999946728734), np.float64(0.9999999809023625), np.float64(0.9999999805249774), np.float64(0.9999999805979498), np.float64(0.9999999982472334), np.float64(0.9999999982423968), np.float64(0.9999995806983062), np.float64(0.999999997573922), np.float64(0.999999983572933), np.float64(0.9999999689647107), np.float64(0.9999999835981471), 0.0, 0.0, 0.0]",394
BIOMD0000000147,24,51,0,1000,0.0,0.0,0.0,"[0.0, 0.0, 0.0, 0.0, 0.0, 0.0, 0.0, 0.0, 0.0, 0.0, 0.0, 0.0, 0.0, 0.0, 0.0, 0.0, 0.0, 0.0, 0.0, 0.0, 0.0, 0.0, 0.0, 0.0]",0,0.0,0.061516855506277945,0.9999998545702564,"[0.0, np.float64(0.061516855506277945), np.float64(0.061516855506277945), np.float64(0.061516855506277945), np.float64(0.9999998545702564), np.float64(0.061516855506277945), np.float64(0.9999998520538805), np.float64(0.9999920683939855), np.float64(0.999999854441787), np.float64(0.061516855506277945), np.float64(0.061516855506277945), 0.0, np.float64(0.061516855506277945), 0.0, np.float64(0.061516855506277945), np.float64(0.061516855506277945), 0.0, 0.0, np.float64(0.061516855506277945), np.float64(0.061516855506277945), 0.0, np.float64(0.061516855506277945), 0.0, np.float64(0.061516855506277945)]",224,0.0,0.06155002790943542,0.9999981998561819,"[0.0, np.float64(0.06155002790943542), np.float64(0.06155002790943542), np.float64(0.06155002790943542), 0.0, np.float64(0.06155002790943542), 0.0, np.float64(0.9999981998561819), 0.0, np.float64(0.06155002790943542), np.float64(0.06155002790943542), 0.0, np.float64(0.06155002790943542), 0.0, np.float64(0.06155002790943542), np.float64(0.06155002790943542), 0.0, 0.0, np.float64(0.06155002790943542), np.float64(0.06155002790943542), 0.0, np.float64(0.06155002790943542), 0.0, np.float64(0.06155002790943542)]",899
BIOMD0000000149,28,33,0,1000,0.0,0.0,2.220446049250313e-16,"[0.0, 0.0, 0.0, 0.0, 0.0, 0.0, 0.0, 0.0, 0.0, 0.0, 0.0, 0.0, 0.0, 0.0, 0.0, np.float64(2.220446049250313e-16), 0.0, 0.0, 0.0, 0.0, 0.0, 0.0, 0.0, 0.0, 0.0, 0.0, 0.0, 0.0]",0,0.0,0.0,0.0,"[0.0, 0.0, 0.0, 0.0, 0.0, 0.0, 0.0, 0.0, 0.0, 0.0, 0.0, 0.0, 0.0, 0.0, 0.0, 0.0, 0.0, 0.0, 0.0, 0.0, 0.0, 0.0, 0.0, 0.0, 0.0, 0.0, 0.0, 0.0]",298,0.0,0.0,0.0,"[0.0, 0.0, 0.0, 0.0, 0.0, 0.0, 0.0, 0.0, 0.0, 0.0, 0.0, 0.0, 0.0, 0.0, 0.0, 0.0, 0.0, 0.0, 0.0, 0.0, 0.0, 0.0, 0.0, 0.0, 0.0, 0.0, 0.0, 0.0]",7675
BIOMD0000000156,3,5,0,1000,0.0,0.0,0.0,"[0.0, 0.0, 0.0]",0,0.0,0.0,0.9999999992104551,"[0.0, 0.0, np.float64(0.9999999992104551)]",4,0.0,0.9999999184471959,0.9999999698852201,"[np.float64(0.9999999184471959), 0.0, np.float64(0.9999999698852201)]",5
BIOMD0000000157,3,6,0,1000,0.0,0.0,0.0,"[0.0, 0.0, 0.0]",0,0.0,0.0,0.0,"[0.0, 0.0, 0.0]",3,0.0,0.0,0.9998945462088061,"[np.float64(0.9998945462088061), 0.0, 0.0]",11
BIOMD0000000158,3,6,0,1000,0.0,0.0,0.0,"[0.0, 0.0, 0.0]",0,0.0,0.0,0.8253435651263549,"[np.float64(0.8253435651263549), 0.0, 0.0]",6,0.0,0.0,0.025729068538946742,"[np.float64(0.025729068538946742), 0.0, 0.0]",22
BIOMD0000000159,3,6,0,1000,0.0,0.0,0.0,"[0.0, 0.0, 0.0]",0,0.0,0.0,0.024596581911140447,"[0.0, np.float64(0.024596581911140447), 0.0]",2,0.0,0.0,0.15052438746782282,"[0.0, np.float64(0.15052438746782282), 0.0]",13
BIOMD0000000160,24,41,0,1000,0.0,0.0,0.0,"[0.0, 0.0, 0.0, 0.0, 0.0, 0.0, 0.0, 0.0, 0.0, 0.0, 0.0, 0.0, 0.0, 0.0, 0.0, 0.0, 0.0, 0.0, 0.0, 0.0, 0.0, 0.0, 0.0, 0.0]",0,0.0,0.0,0.9928238906207537,"[0.0, 0.0, np.float64(0.001534966094570489), np.float64(0.001534966094570489), 0.0, 0.0, 0.0, np.float64(0.001534966094570489), 0.0, np.float64(0.9928238906207537), np.float64(0.001534966094570489), 0.0, 0.0, 0.0, 0.0, np.float64(0.001534966094570489), 0.0, 0.0, 0.0, 0.0, 0.0, 0.0, 0.0, 0.0]",217,0.0,0.0,0.10020202263094291,"[0.0, 0.0, np.float64(0.10020202263094291), np.float64(0.10020202263094291), 0.0, 0.0, 0.0, np.float64(0.10020202263094291), 0.0, 0.0, np.float64(0.10020202263094291), 0.0, 0.0, 0.0, 0.0, np.float64(0.10020202263094291), 0.0, 0.0, 0.0, 0.0, 0.0, 0.0, 0.0, 0.0]",3810
BIOMD0000000161,43,43,0,1000,0.0,0.0,0.0,"[0.0, 0.0, 0.0, 0.0, 0.0, 0.0, 0.0, 0.0, 0.0, 0.0, 0.0, 0.0, 0.0, 0.0, 0.0, 0.0, 0.0, 0.0, 0.0, 0.0, 0.0, 0.0, 0.0, 0.0, 0.0, 0.0, 0.0, 0.0, 0.0, 0.0, 0.0, 0.0, 0.0, 0.0, 0.0, 0.0, 0.0, 0.0, 0.0, 0.0, 0.0, 0.0, 0.0]",8,0.0,0.0,0.836125058848533,"[0.0, 0.0, np.float64(0.23324048245854678), np.float64(0.836125058848533), 0.0, 0.0, 0.0, 0.0, 0.0, 0.0, 0.0, 0.0, 0.0, 0.0, 0.0, 0.0, 0.0, 0.0, 0.0, 0.0, 0.0, 0.0, 0.0, 0.0, 0.0, 0.0, 0.0, 0.0, 0.0, 0.0, np.float64(0.23324048245854678), 0.0, 0.0, 0.0, 0.0, 0.0, 0.0, 0.0, 0.0, 0.0, 0.0, 0.0, 0.0]",691,0.0,0.0,0.26980131306131727,"[0.0, 0.0, np.float64(0.26980131306131727), 0.0, 0.0, 0.0, 0.0, 0.0, 0.0, 0.0, 0.0, 0.0, 0.0, 0.0, 0.0, 0.0, 0.0, 0.0, 0.0, 0.0, 0.0, 0.0, 0.0, 0.0, 0.0, 0.0, 0.0, 0.0, 0.0, 0.0, np.float64(0.26980131306131727), 0.0, 0.0, 0.0, 0.0, 0.0, 0.0, 0.0, 0.0, 0.0, 0.0, 0.0, 0.0]",11353
BIOMD0000000162,24,45,0,1000,0.0,0.0,2.220446049250313e-16,"[0.0, 0.0, 0.0, 0.0, 0.0, 0.0, 0.0, 0.0, 0.0, 0.0, 0.0, 0.0, 0.0, 0.0, 0.0, 0.0, 0.0, 0.0, 0.0, np.float64(2.220446049250313e-16), 0.0, 0.0, 0.0, 0.0]",14,0.0,0.0,0.8999570170888941,"[np.float64(0.6789024164793167), np.float64(0.893197697347133), 0.0, np.float64(0.8999570170888941), 0.0, 0.0, 0.0, 0.0, np.float64(0.6262527912786273), np.float64(0.44311905810569563), np.float64(0.8320066628203764), np.float64(0.8320066628471388), 0.0, 0.0, 0.0, 0.0, np.float64(0.443119058104934), np.float64(0.6582804472070671), np.float64(0.32899292829506155), 0.0, np.float64(0.32899292829506155), 0.0, 0.0, 0.0]",520,0.0,0.0,0.0,"[0.0, 0.0, 0.0, 0.0, 0.0, 0.0, 0.0, 0.0, 0.0, 0.0, 0.0, 0.0, 0.0, 0.0, 0.0, 0.0, 0.0, 0.0, 0.0, 0.0, 0.0, 0.0, 0.0, 0.0]",2656
BIOMD0000000163,16,26,0,1000,0.0,0.0,0.0,"[0.0, 0.0, 0.0, 0.0, 0.0, 0.0, 0.0, 0.0, 0.0, 0.0, 0.0, 0.0, 0.0, 0.0, 0.0, 0.0]",0,0.0,0.0,0.0,"[0.0, 0.0, 0.0, 0.0, 0.0, 0.0, 0.0, 0.0, 0.0, 0.0, 0.0, 0.0, 0.0, 0.0, 0.0, 0.0]",110,0.0,0.0,0.0,"[0.0, 0.0, 0.0, 0.0, 0.0, 0.0, 0.0, 0.0, 0.0, 0.0, 0.0, 0.0, 0.0, 0.0, 0.0, 0.0]",1571
BIOMD0000000164,26,29,0,1000,0.0,0.0,0.0,"[0.0, 0.0, 0.0, 0.0, 0.0, 0.0, 0.0, 0.0, 0.0, 0.0, 0.0, 0.0, 0.0, 0.0, 0.0, 0.0, 0.0, 0.0, 0.0, 0.0, 0.0, 0.0, 0.0, 0.0, 0.0, 0.0]",0,0.0,0.0,0.9999547339046503,"[0.0, 0.0, 0.0, 0.0, 0.0, 0.0, 0.0, 0.0, 0.0, 0.0, 0.0, 0.0, 0.0, np.float64(0.9999187990775085), 0.0, 0.0, np.float64(0.9999451534742172), np.float64(0.9999547339046503), 0.0, 0.0, 0.0, 0.0, 0.0, np.float64(0.99801898978435), 0.0, 0.0]",348,0.0,0.0,0.17573734419526688,"[0.0, 0.0, np.float64(0.17573734419526688), 0.0, 0.0, 0.0, 0.0, np.float64(0.17573734419526688), 0.0, 0.0, 0.0, 0.0, 0.0, 0.0, np.float64(0.17573734419526688), 0.0, 0.0, 0.0, 0.0, 0.0, 0.0, 0.0, 0.0, 0.0, np.float64(0.17573734419526688), np.float64(0.17573734419526688)]",2889
BIOMD0000000165,36,30,0,1000,0.0,1.1102230246251565e-16,1.1102230246251565e-16,"[0.0, np.float64(1.1102230246251565e-16), 0.0, 0.0, np.float64(1.1102230246251565e-16), 0.0, 0.0, 0.0, 0.0, np.float64(1.1102230246251565e-16), np.float64(1.1102230246251565e-16), np.float64(1.1102230246251565e-16), 0.0, np.float64(1.1102230246251565e-16), np.float64(1.1102230246251565e-16), np.float64(1.1102230246251565e-16), np.float64(1.1102230246251565e-16), 0.0, np.float64(1.1102230246251565e-16), np.float64(1.1102230246251565e-16), 0.0, 0.0, 0.0, 0.0, np.float64(1.1102230246251565e-16), np.float64(1.1102230246251565e-16), np.float64(1.1102230246251565e-16), np.float64(1.1102230246251565e-16), np.float64(1.1102230246251565e-16), np.float64(1.1102230246251565e-16), np.float64(1.1102230246251565e-16), np.float64(1.1102230246251565e-16), np.float64(1.1102230246251565e-16), np.float64(1.1102230246251565e-16), np.float64(1.1102230246251565e-16), np.float64(1.1102230246251565e-16)]",0,0.0,0.0,0.9932600111087028,"[0.0, 0.0, np.float64(0.8304098871213599), 0.0, 0.0, 0.0, 0.0, 0.0, 0.0, np.float64(0.23588272212589745), np.float64(0.23588272212589745), np.float64(0.23588272212589745), 0.0, np.float64(0.23588272212589745), 0.0, 0.0, 0.0, np.float64(0.9932600072745165), 0.0, np.float64(0.23588272212589745), 0.0, 0.0, 0.0, np.float64(0.9932600111087028), 0.0, 0.0, 0.0, 0.0, np.float64(0.23588272212589745), 0.0, 0.0, np.float64(0.23588272212589745), 0.0, np.float64(0.23588272212589745), 0.0, 0.0]",280,0.0,0.1166628522388291,0.1166628522388291,"[0.0, np.float64(0.1166628522388291), 0.0, 0.0, np.float64(0.1166628522388291), 0.0, 0.0, 0.0, 0.0, np.float64(0.1166628522388291), np.float64(0.1166628522388291), np.float64(0.1166628522388291), 0.0, np.float64(0.1166628522388291), np.float64(0.1166628522388291), np.float64(0.1166628522388291), np.float64(0.1166628522388291), 0.0, np.float64(0.1166628522388291), np.float64(0.1166628522388291), 0.0, 0.0, 0.0, 0.0, np.float64(0.1166628522388291), np.float64(0.1166628522388291), np.float64(0.1166628522388291), np.float64(0.1166628522388291), np.float64(0.1166628522388291), np.float64(0.1166628522388291), np.float64(0.1166628522388291), np.float64(0.1166628522388291), np.float64(0.1166628522388291), np.float64(0.1166628522388291), np.float64(0.1166628522388291), np.float64(0.1166628522388291)]",2248
BIOMD0000000166,3,9,0,1000,0.0,0.0,0.0,"[0.0, 0.0, 0.0]",0,0.0,0.0,0.0,"[0.0, 0.0, 0.0]",7,0.0,0.0,0.0,"[0.0, 0.0, 0.0]",23
BIOMD0000000167,8,7,0,1000,0.0,0.0,0.0,"[0.0, 0.0, 0.0, 0.0, 0.0, 0.0, 0.0, 0.0]",0,0.0,0.0,0.0,"[0.0, 0.0, 0.0, 0.0, 0.0, 0.0, 0.0, 0.0]",0,0.0,0.0,0.0,"[0.0, 0.0, 0.0, 0.0, 0.0, 0.0, 0.0, 0.0]",101
BIOMD0000000169,11,27,0,1000,0.0,0.0,0.0,"[0.0, 0.0, 0.0, 0.0, 0.0, 0.0, 0.0, 0.0, 0.0, 0.0, 0.0]",0,0.0,0.0,0.0,"[0.0, 0.0, 0.0, 0.0, 0.0, 0.0, 0.0, 0.0, 0.0, 0.0, 0.0]",28,0.0,0.0,0.0,"[0.0, 0.0, 0.0, 0.0, 0.0, 0.0, 0.0, 0.0, 0.0, 0.0, 0.0]",320
BIOMD0000000170,7,17,0,1000,0.0,0.0,0.0,"[0.0, 0.0, 0.0, 0.0, 0.0, 0.0, 0.0]",0,0.0,0.0,0.0,"[0.0, 0.0, 0.0, 0.0, 0.0, 0.0, 0.0]",3,0.0,0.0,0.0,"[0.0, 0.0, 0.0, 0.0, 0.0, 0.0, 0.0]",17
BIOMD0000000171,10,26,0,1000,0.0,0.0,0.0,"[0.0, 0.0, 0.0, 0.0, 0.0, 0.0, 0.0, 0.0, 0.0, 0.0]",0,0.0,0.0,0.26461047102003277,"[0.0, np.float64(0.16950950420499455), 0.0, 0.0, np.float64(0.26461047102003277), 0.0, 0.0, 0.0, 0.0, 0.0]",43,0.0,0.0,0.9911675785672992,"[0.0, 0.0, 0.0, 0.0, np.float64(0.9911675785672992), 0.0, 0.0, 0.0, 0.0, 0.0]",547
BIOMD0000000172,17,19,0,1000,0.0,0.0,1.1102230246251565e-16,"[0.0, 0.0, np.float64(1.1102230246251565e-16), 0.0, 0.0, 0.0, 0.0, 0.0, 0.0, 0.0, 0.0, 0.0, 0.0, 0.0, 0.0, 0.0, 0.0]",2,0.0,0.8548862374140784,0.9999301321994793,"[np.float64(0.8548862374140784), np.float64(0.9964880967974891), np.float64(0.9960129748711023), np.float64(0.8803571119635577), np.float64(0.9871877116163325), np.float64(0.9999301321994793), np.float64(0.9931821363563232), np.float64(0.9993690976456093), 0.0, 0.0, 0.0, 0.0, 0.0, 0.0, 0.0, np.float64(0.9998057542833596), 0.0]",253,0.0,0.0,0.9602962575934033,"[0.0, np.float64(0.14203476792206848), np.float64(0.5871570739162768), 0.0, np.float64(0.42950911054030116), np.float64(0.9205167591602779), np.float64(0.6132810911940126), 0.0, 0.0, 0.0, 0.0, 0.0, np.float64(0.9272593010983431), 0.0, np.float64(0.6925480419265756), np.float64(0.9602962575934033), 0.0]",2628
BIOMD0000000174,4,10,0,1000,0.0,0.0,0.0,"[0.0, 0.0, 0.0, 0.0]",0,0.0,0.0,0.0,"[0.0, 0.0, 0.0, 0.0]",1,0.0,0.0,0.0,"[0.0, 0.0, 0.0, 0.0]",23
BIOMD0000000175,118,102,0,1000,0.0,0.0,2.220446049250313e-16,"[np.float64(2.220446049250313e-16), 0.0, 0.0, 0.0, 0.0, 0.0, 0.0, 0.0, 0.0, 0.0, 0.0, 0.0, 0.0, 0.0, 0.0, 0.0, 0.0, 0.0, 0.0, 0.0, 0.0, 0.0, 0.0, 0.0, 0.0, 0.0, 0.0, 0.0, 0.0, 0.0, 0.0, 0.0, 0.0, 0.0, 0.0, 0.0, 0.0, 0.0, 0.0, 0.0, 0.0, 0.0, 0.0, 0.0, 0.0, 0.0, 0.0, 0.0, 0.0, 0.0, 0.0, 0.0, 0.0, 0.0, 0.0, 0.0, 0.0, 0.0, 0.0, 0.0, 0.0, 0.0, 0.0, 0.0, 0.0, 0.0, 0.0, 0.0, 0.0, 0.0, 0.0, 0.0, 0.0, 0.0, 0.0, 0.0, 0.0, 0.0, 0.0, 0.0, 0.0, 0.0, 0.0, 0.0, 0.0, 0.0, 0.0, 0.0, 0.0, 0.0, 0.0, 0.0, 0.0, 0.0, 0.0, 0.0, 0.0, 0.0, 0.0, 0.0, 0.0, 0.0, 0.0, 0.0, 0.0, 0.0, 0.0, 0.0, 0.0, 0.0, 0.0, 0.0, np.float64(2.220446049250313e-16), 0.0, 0.0, 0.0, 0.0, 0.0]",19,0.0,0.0,0.9999999945032877,"[0.0, 0.0, 0.0, 0.0, 0.0, 0.0, np.float64(0.07174299897720993), np.float64(0.16143325531107022), 0.0, 0.0, 0.0, 0.0, 0.0, np.float64(0.16143325531107022), 0.0, 0.0, 0.0, 0.0, 0.0, 0.0, 0.0, 0.0, 0.0, 0.0, 0.0, np.float64(0.16143325531107022), np.float64(0.16143325531107022), np.float64(0.16143325531107022), 0.0, 0.0, 0.0, 0.0, 0.0, 0.0, 0.0, 0.0, 0.0, 0.0, 0.0, 0.0, 0.0, 0.0, 0.0, 0.0, 0.0, 0.0, 0.0, 0.0, 0.0, 0.0, 0.0, 0.0, 0.0, 0.0, 0.0, 0.0, np.float64(0.16143325531107022), np.float64(0.16143325531107022), np.float64(0.16143325531107022), np.float64(0.16143325531107022), 0.0, np.float64(0.16143325531107022), 0.0, 0.0, 0.0, 0.0, 0.0, 0.0, np.float64(0.16143325531107022), np.float64(0.16143325531107022), np.float64(0.16143325531107022), np.float64(0.16143325531107022), 0.0, np.float64(0.9999999944391372), 0.0, 0.0, np.float64(0.16143325531107022), np.float64(0.16143325531107022), np.float64(0.16143325531107022), 0.0, 0.0, 0.0, np.float64(0.16143325531107022), 0.0, np.float64(0.16143325531107022), np.float64(0.16143325531107022), np.float64(0.16143325531107022), np.float64(0.16143325531107022), np.float64(0.16143325531107022), np.float64(0.16143325531107022), np.float64(0.16143325531107022), np.float64(0.16143325531107022), 0.0, np.float64(0.16143325531107022), 0.0, 0.0, 0.0, 0.0, 0.0, np.float64(0.16143325531107022), np.float64(0.16143325531107022), 0.0, 0.0, 0.0, 0.0, 0.0, 0.0, 0.0, np.float64(0.16143325531107022), 0.0, 0.0, 0.0, 0.0, np.float64(0.16143325531107022), np.float64(0.16143325531107022), 0.0, np.float64(0.9999999944178442), np.float64(0.9999999945032877)]",4322,0.0,0.0,0.0,"[0.0, 0.0, 0.0, 0.0, 0.0, 0.0, 0.0, 0.0, 0.0, 0.0, 0.0, 0.0, 0.0, 0.0, 0.0, 0.0, 0.0, 0.0, 0.0, 0.0, 0.0, 0.0, 0.0, 0.0, 0.0, 0.0, 0.0, 0.0, 0.0, 0.0, 0.0, 0.0, 0.0, 0.0, 0.0, 0.0, 0.0, 0.0, 0.0, 0.0, 0.0, 0.0, 0.0, 0.0, 0.0, 0.0, 0.0, 0.0, 0.0, 0.0, 0.0, 0.0, 0.0, 0.0, 0.0, 0.0, 0.0, 0.0, 0.0, 0.0, 0.0, 0.0, 0.0, 0.0, 0.0, 0.0, 0.0, 0.0, 0.0, 0.0, 0.0, 0.0, 0.0, 0.0, 0.0, 0.0, 0.0, 0.0, 0.0, 0.0, 0.0, 0.0, 0.0, 0.0, 0.0, 0.0, 0.0, 0.0, 0.0, 0.0, 0.0, 0.0, 0.0, 0.0, 0.0, 0.0, 0.0, 0.0, 0.0, 0.0, 0.0, 0.0, 0.0, 0.0, 0.0, 0.0, 0.0, 0.0, 0.0, 0.0, 0.0, 0.0, 0.0, 0.0, 0.0, 0.0, 0.0, 0.0]",0
BIOMD0000000176,17,19,0,1000,0.0,0.0,0.0,"[0.0, 0.0, 0.0, 0.0, 0.0, 0.0, 0.0, 0.0, 0.0, 0.0, 0.0, 0.0, 0.0, 0.0, 0.0, 0.0, 0.0]",0,0.0,0.9750911012807666,0.9999945179452726,"[np.float64(0.8735050263947939), np.float64(0.9990651665123365), np.float64(0.9969988557530669), np.float64(0.9998929942487138), np.float64(0.9927080067004423), np.float64(0.9999945179452726), np.float64(0.993795516556684), np.float64(0.9986797375918544), 0.0, 0.0, 0.0, 0.0, 0.0, 0.0, 0.0, np.float64(0.9982593648422642), np.float64(0.9750911012807666)]",268,0.0,0.0,0.797000579853492,"[0.0, np.float64(0.797000579853492), np.float64(0.46188450116607804), 0.0, 0.0, 0.0, 0.0, 0.0, 0.0, 0.0, 0.0, 0.0, 0.0, 0.0, 0.0, 0.0, 0.0]",2400
BIOMD0000000177,18,21,0,1000,0.0,0.0,0.0,"[0.0, 0.0, 0.0, 0.0, 0.0, 0.0, 0.0, 0.0, 0.0, 0.0, 0.0, 0.0, 0.0, 0.0, 0.0, 0.0, 0.0, 0.0]",0,0.0,0.9881358881517692,0.9997186995341634,"[np.float64(0.9949658368090478), np.float64(0.9987723019007845), np.float64(0.9996753467534837), np.float64(0.9894185459983499), np.float64(0.9990221009787035), np.float64(0.9997186995341634), np.float64(0.9978299037136816), np.float64(0.9950815775525245), 0.0, np.float64(0.9868532303051887), 0.0, np.float64(0.9868532303044911), np.float64(0.9943436818328967), 0.0, 0.0, 0.0, 0.0, np.float64(0.9706400090062577)]",297,0.0,0.0,0.9494588878135467,"[0.0, 0.0, np.float64(0.9494588878135467), np.float64(0.06752428231471896), 0.0, 0.0, np.float64(0.9144401441035489), 0.0, 0.0, 0.0, 0.0, 0.0, 0.0, 0.0, 0.0, 0.0, 0.0, 0.0]",2822
BIOMD0000000178,5,4,0,1000,0.0,0.0,0.0,"[0.0, 0.0, 0.0, 0.0, 0.0]",0,0.0,0.0,0.023241882991969165,"[0.0, 0.0, 0.0, np.float64(0.023241882991969165), np.float64(0.023241882991969165)]",4,0.0,0.018285759799058332,0.9999992401943895,"[np.float64(0.9999992401943895), 0.0, 0.0, np.float64(0.018285759799058332), np.float64(0.018285759799058332)]",14
BIOMD0000000180,8,20,0,1000,0.0,0.0,0.0,"[0.0, 0.0, 0.0, 0.0, 0.0, 0.0, 0.0, 0.0]",0,0.0,0.0,0.2683399120164388,"[0.0, 0.0, 0.0, 0.0, 0.0, 0.0, np.float64(0.2683399120164388), 0.0]",15,0.0,0.0,0.8814392228850829,"[np.float64(0.8814392228850829), 0.0, 0.0, 0.0, 0.0, 0.0, 0.0, 0.0]",283
BIOMD0000000181,6,18,0,1000,0.0,0.0,1.1102230246251565e-16,"[0.0, np.float64(1.1102230246251565e-16), 0.0, 0.0, 0.0, 0.0]",2,0.0,0.49999999781930393,0.9999999999089055,"[0.0, 0.0, np.float64(0.9999999956386079), np.float64(0.9999999992160669), np.float64(0.9999999999089055), 0.0]",37,0.0,0.9999999999716354,0.9999999999977023,"[np.float64(0.9989629704574455), np.float64(0.9999999999977023), 0.0, np.float64(0.9999999999975743), np.float64(0.9999999999973208), np.float64(0.99999999994595)]",164
BIOMD0000000182,37,32,0,1000,0.0,0.0,0.0,"[0.0, 0.0, 0.0, 0.0, 0.0, 0.0, 0.0, 0.0, 0.0, 0.0, 0.0, 0.0, 0.0, 0.0, 0.0, 0.0, 0.0, 0.0, 0.0, 0.0, 0.0, 0.0, 0.0, 0.0, 0.0, 0.0, 0.0, 0.0, 0.0, 0.0, 0.0, 0.0, 0.0, 0.0, 0.0, 0.0, 0.0]",2,0.0,0.0,0.0,"[0.0, 0.0, 0.0, 0.0, 0.0, 0.0, 0.0, 0.0, 0.0, 0.0, 0.0, 0.0, 0.0, 0.0, 0.0, 0.0, 0.0, 0.0, 0.0, 0.0, 0.0, 0.0, 0.0, 0.0, 0.0, 0.0, 0.0, 0.0, 0.0, 0.0, 0.0, 0.0, 0.0, 0.0, 0.0, 0.0, 0.0]",531,0.0,0.0,0.0,"[0.0, 0.0, 0.0, 0.0, 0.0, 0.0, 0.0, 0.0, 0.0, 0.0, 0.0, 0.0, 0.0, 0.0, 0.0, 0.0, 0.0, 0.0, 0.0, 0.0, 0.0, 0.0, 0.0, 0.0, 0.0, 0.0, 0.0, 0.0, 0.0, 0.0, 0.0, 0.0, 0.0, 0.0, 0.0, 0.0, 0.0]",2434
BIOMD0000000184,3,7,0,1000,0.0,0.0,0.0,"[0.0, 0.0, 0.0]",0,0.0,0.0,0.0,"[0.0, 0.0, 0.0]",0,0.0,0.0,0.0,"[0.0, 0.0, 0.0]",4
BIOMD0000000185,8,20,0,1000,0.0,0.0,0.0,"[0.0, 0.0, 0.0, 0.0, 0.0, 0.0, 0.0, 0.0]",0,0.0,0.0,0.46333163326138094,"[np.float64(0.46333163326138094), 0.0, 0.0, 0.0, 0.0, 0.0, 0.0, 0.0]",26,0.0,0.0,0.9999998597344336,"[0.0, 0.0, 0.0, 0.0, np.float64(0.9996723093904208), np.float64(0.9999998597344336), 0.0, np.float64(0.9999988511617542)]",344
BIOMD0000000186,11,9,0,1000,0.0,0.0,0.0,"[0.0, 0.0, 0.0, 0.0, 0.0, 0.0, 0.0, 0.0, 0.0, 0.0, 0.0]",0,0.0,0.0,0.0,"[0.0, 0.0, 0.0, 0.0, 0.0, 0.0, 0.0, 0.0, 0.0, 0.0, 0.0]",49,0.0,0.0,0.0,"[0.0, 0.0, 0.0, 0.0, 0.0, 0.0, 0.0, 0.0, 0.0, 0.0, 0.0]",245
BIOMD0000000187,11,9,0,1000,0.0,0.0,0.0,"[0.0, 0.0, 0.0, 0.0, 0.0, 0.0, 0.0, 0.0, 0.0, 0.0, 0.0]",0,0.0,0.0,0.0,"[0.0, 0.0, 0.0, 0.0, 0.0, 0.0, 0.0, 0.0, 0.0, 0.0, 0.0]",30,0.0,0.0,0.0,"[0.0, 0.0, 0.0, 0.0, 0.0, 0.0, 0.0, 0.0, 0.0, 0.0, 0.0]",162
BIOMD0000000191,2,5,0,1000,0.0,0.0,0.0,"[0.0, 0.0]",2,0.0,0.0,0.0,"[0.0, 0.0]",2,0.0,0.0,0.0,"[0.0, 0.0]",2
BIOMD0000000193,8,6,0,1000,0.0,0.0,0.0,"[0.0, 0.0, 0.0, 0.0, 0.0, 0.0, 0.0, 0.0]",0,0.0,0.0,0.0,"[0.0, 0.0, 0.0, 0.0, 0.0, 0.0, 0.0, 0.0]",21,0.0,0.0,0.0,"[0.0, 0.0, 0.0, 0.0, 0.0, 0.0, 0.0, 0.0]",100
BIOMD0000000194,5,3,0,1000,0.0,0.0,0.0,"[0.0, 0.0, 0.0, 0.0, 0.0]",0,0.0,0.0,0.0,"[0.0, 0.0, 0.0, 0.0, 0.0]",9,0.0,0.0,0.0,"[0.0, 0.0, 0.0, 0.0, 0.0]",27
BIOMD0000000197,5,10,0,1000,0.0,0.0,0.0,"[0.0, 0.0, 0.0, 0.0, 0.0]",0,0.9470429208932561,0.9757316276921251,0.9999606569430315,"[np.float64(0.9507743352487459), np.float64(0.9470429208932561), np.float64(0.9766627049645915), np.float64(0.9757316276921251), np.float64(0.9999606569430315)]",30,0.0,0.0,0.44413221285876314,"[0.0, 0.0, 0.0, 0.0, np.float64(0.44413221285876314)]",35
BIOMD0000000200,22,34,0,1000,0.0,0.0,0.0,"[0.0, 0.0, 0.0, 0.0, 0.0, 0.0, 0.0, 0.0, 0.0, 0.0, 0.0, 0.0, 0.0, 0.0, 0.0, 0.0, 0.0, 0.0, 0.0, 0.0, 0.0, 0.0]",0,0.0,0.0,0.25422981098849096,"[0.0, np.float64(0.25422981098849096), 0.0, 0.0, np.float64(0.25422981098849096), 0.0, np.float64(0.25422981098849096), 0.0, 0.0, 0.0, np.float64(0.25422981098849096), np.float64(0.25422981098849096), 0.0, np.float64(0.25422981098849096), 0.0, 0.0, 0.0, 0.0, np.float64(0.25422981098849096), 0.0, 0.0, np.float64(0.25422981098849096)]",255,0.0,0.0,0.0,"[0.0, 0.0, 0.0, 0.0, 0.0, 0.0, 0.0, 0.0, 0.0, 0.0, 0.0, 0.0, 0.0, 0.0, 0.0, 0.0, 0.0, 0.0, 0.0, 0.0, 0.0, 0.0]",2241
BIOMD0000000201,22,33,0,1000,0.0,0.0,0.0,"[0.0, 0.0, 0.0, 0.0, 0.0, 0.0, 0.0, 0.0, 0.0, 0.0, 0.0, 0.0, 0.0, 0.0, 0.0, 0.0, 0.0, 0.0, 0.0, 0.0, 0.0, 0.0]",0,0.0,0.0,0.0,"[0.0, 0.0, 0.0, 0.0, 0.0, 0.0, 0.0, 0.0, 0.0, 0.0, 0.0, 0.0, 0.0, 0.0, 0.0, 0.0, 0.0, 0.0, 0.0, 0.0, 0.0, 0.0]",143,0.0,0.0,0.0,"[0.0, 0.0, 0.0, 0.0, 0.0, 0.0, 0.0, 0.0, 0.0, 0.0, 0.0, 0.0, 0.0, 0.0, 0.0, 0.0, 0.0, 0.0, 0.0, 0.0, 0.0, 0.0]",2403
BIOMD0000000203,5,10,0,1000,0.0,0.0,0.0,"[0.0, 0.0, 0.0, 0.0, 0.0]",0,0.0,0.0,0.0,"[0.0, 0.0, 0.0, 0.0, 0.0]",9,0.0,0.0,0.0,"[0.0, 0.0, 0.0, 0.0, 0.0]",77
BIOMD0000000204,5,10,0,1000,0.0,0.0,0.0,"[0.0, 0.0, 0.0, 0.0, 0.0]",0,0.0,0.0,0.0,"[0.0, 0.0, 0.0, 0.0, 0.0]",8,0.0,0.0,0.0,"[0.0, 0.0, 0.0, 0.0, 0.0]",63
BIOMD0000000206,9,11,0,1000,0.0,0.0,0.0,"[0.0, 0.0, 0.0, 0.0, 0.0, 0.0, 0.0, 0.0, 0.0]",0,0.0,0.0,0.5145128852862637,"[0.0, 0.0, 0.0, 0.0, 0.0, np.float64(0.3985757328264712), np.float64(0.5145128852862637), np.float64(0.26569465984552876), 0.0]",80,0.0,0.0,0.5915388945582352,"[0.0, 0.0, 0.0, 0.0, np.float64(0.5915388945582352), 0.0, np.float64(0.2043253339527772), np.float64(0.12693529928711733), 0.0]",493
BIOMD0000000207,6,6,0,1000,0.0,0.0,0.0,"[0.0, 0.0, 0.0, 0.0, 0.0, 0.0]",0,0.0,0.07647187380729226,0.9999981298442903,"[0.0, 0.0, np.float64(0.9999924541719101), np.float64(0.9999981298442903), np.float64(0.07647187380729226), np.float64(0.07647187380729226)]",19,0.0,0.07647148156352102,0.9999982121173363,"[0.0, 0.0, np.float64(0.999991704761754), np.float64(0.9999982121173363), np.float64(0.07647148156352102), np.float64(0.07647148156352102)]",40
BIOMD0000000209,8,12,0,1000,0.0,0.0,0.0,"[0.0, 0.0, 0.0, 0.0, 0.0, 0.0, 0.0, 0.0]",0,0.0,0.0,0.9999999998747453,"[0.0, 0.0, 0.0, np.float64(0.9999999998747453), 0.0, 0.0, np.float64(0.08185312702859948), np.float64(0.08185312702859948)]",27,0.0,0.0,0.9615163081619938,"[0.0, 0.0, 0.0, np.float64(0.953673269769626), np.float64(0.9615163081619938), 0.0, 0.0, 0.0]",148
BIOMD0000000210,8,12,0,1000,0.0,0.0,0.0,"[0.0, 0.0, 0.0, 0.0, 0.0, 0.0, 0.0, 0.0]",0,0.0,0.0,0.0,"[0.0, 0.0, 0.0, 0.0, 0.0, 0.0, 0.0, 0.0]",14,0.0,0.0,0.0,"[0.0, 0.0, 0.0, 0.0, 0.0, 0.0, 0.0, 0.0]",110
BIOMD0000000211,24,21,0,1000,0.0,0.0,2.220446049250313e-16,"[0.0, 0.0, 0.0, np.float64(2.220446049250313e-16), np.float64(1.1102230246251565e-16), np.float64(2.220446049250313e-16), 0.0, 0.0, 0.0, 0.0, 0.0, 0.0, 0.0, 0.0, 0.0, np.float64(2.220446049250313e-16), 0.0, 0.0, 0.0, 0.0, np.float64(2.220446049250313e-16), 0.0, np.float64(2.220446049250313e-16), 0.0]",21,0.0,0.9969861193069874,0.9999960234998759,"[np.float64(0.9999955692932234), np.float64(0.9999960234998759), np.float64(0.9999583678546667), np.float64(0.9937787430317943), np.float64(0.9883916630853589), np.float64(0.9999693619875082), np.float64(0.8168508400400886), np.float64(0.9999494939543903), np.float64(0.9999494939543916), np.float64(0.9929913707597735), np.float64(0.8229033239422296), np.float64(0.8360402634138898), np.float64(0.8241275735351079), np.float64(0.9942654478769621), np.float64(0.9877627266416622), np.float64(0.9998209834306379), np.float64(0.9998320435623952), np.float64(0.9997067907370127), np.float64(0.9998941384463946), np.float64(0.9998941384463915), np.float64(0.8219690098009964), np.float64(0.9999538158943396), np.float64(0.8153132497393015), 0.0]",582,0.0,0.0,0.6297556316480164,"[0.0, 0.0, 0.0, 0.0, 0.0, 0.0, 0.0, 0.0, 0.0, 0.0, 0.0, 0.0, 0.0, 0.0, np.float64(0.6297556316480164), 0.0, 0.0, 0.0, 0.0, 0.0, 0.0, 0.0, 0.0, 0.0]",7620
BIOMD0000000212,8,18,0,1000,0.0,0.0,0.0,"[0.0, 0.0, 0.0, 0.0, 0.0, 0.0, 0.0, 0.0]",0,0.0,0.0,0.0,"[0.0, 0.0, 0.0, 0.0, 0.0, 0.0, 0.0, 0.0]",11,0.0,0.0,0.0,"[0.0, 0.0, 0.0, 0.0, 0.0, 0.0, 0.0, 0.0]",155
BIOMD0000000213,6,12,0,1000,0.0,0.0,0.0,"[0.0, 0.0, 0.0, 0.0, 0.0, 0.0]",0,0.0,0.5062733425388528,0.9837972624555483,"[0.0, np.float64(0.8959316373772749), 0.0, np.float64(0.9837972624555483), np.float64(0.12921840453885325), np.float64(0.8833282805388525)]",33,0.9855742136858001,0.9887949056807981,0.999995812186603,"[np.float64(0.9999691217815749), np.float64(0.987798306822762), np.float64(0.999995812186603), np.float64(0.989791504538834), np.float64(0.9855742136858001), np.float64(0.9864323615670613)]",129
BIOMD0000000216,5,17,0,1000,0.0,0.0,0.0,"[0.0, 0.0, 0.0, 0.0, 0.0]",0,0.0,0.0,0.547596869326439,"[np.float64(0.547596869326439), 0.0, 0.0, 0.0, 0.0]",5,0.0,0.0,0.0,"[0.0, 0.0, 0.0, 0.0, 0.0]",65
BIOMD0000000217,12,16,0,1000,0.0,0.0,2.220446049250313e-16,"[0.0, 0.0, 0.0, 0.0, 0.0, 0.0, 0.0, np.float64(2.220446049250313e-16), 0.0, 0.0, 0.0, 0.0]",3,0.0,0.9386235957343607,0.9958425054282305,"[0.0, np.float64(0.12942972962247468), np.float64(0.9864592363138063), np.float64(0.9120575882610291), np.float64(0.5961698092641592), 0.0, 0.0, np.float64(0.9949545040647761), np.float64(0.9651896032076923), np.float64(0.9939639680019441), np.float64(0.9939639686941143), np.float64(0.9958425054282305)]",130,0.0,0.0,0.9999989426902319,"[0.0, 0.0, np.float64(0.9999926361871623), 0.0, 0.0, 0.0, 0.0, np.float64(0.9999958558272651), np.float64(0.9999989426902319), np.float64(0.9999966455387582), np.float64(0.9999966455390247), 0.0]",998
BIOMD0000000218,9,14,0,1000,0.0,0.0,0.0,"[0.0, 0.0, 0.0, 0.0, 0.0, 0.0, 0.0, 0.0, 0.0]",0,0.0,0.7547319131672882,0.9906677011722982,"[np.float64(0.7934203074830788), np.float64(0.8656953571164254), np.float64(0.8087964125228916), 0.0, np.float64(0.9906677011722982), np.float64(0.7526762113313474), np.float64(0.7540940372395838), np.float64(0.7544569629872008), np.float64(0.7547319131672882)]",90,0.0,0.0,0.0,"[0.0, 0.0, 0.0, 0.0, 0.0, 0.0, 0.0, 0.0, 0.0]",455
BIOMD0000000219,9,15,0,1000,0.0,0.0,0.0,"[0.0, 0.0, 0.0, 0.0, 0.0, 0.0, 0.0, 0.0, 0.0]",0,0.0,0.0,0.9540513488384281,"[0.0, 0.0, 0.0, 0.0, np.float64(0.9540513488384281), np.float64(0.6752228512354123), 0.0, 0.0, 0.0]",76,0.0,0.0,0.0,"[0.0, 0.0, 0.0, 0.0, 0.0, 0.0, 0.0, 0.0, 0.0]",458
BIOMD0000000220,58,42,0,1000,0.0,0.0,0.0,"[0.0, 0.0, 0.0, 0.0, 0.0, 0.0, 0.0, 0.0, 0.0, 0.0, 0.0, 0.0, 0.0, 0.0, 0.0, 0.0, 0.0, 0.0, 0.0, 0.0, 0.0, 0.0, 0.0, 0.0, 0.0, 0.0, 0.0, 0.0, 0.0, 0.0, 0.0, 0.0, 0.0, 0.0, 0.0, 0.0, 0.0, 0.0, 0.0, 0.0, 0.0, 0.0, 0.0, 0.0, 0.0, 0.0, 0.0, 0.0, 0.0, 0.0, 0.0, 0.0, 0.0, 0.0, 0.0, 0.0, 0.0, 0.0]",0,0.0,0.03239103185728065,0.03239103185728065,"[0.0, 0.0, 0.0, 0.0, 0.0, np.float64(0.03239103185728065), 0.0, 0.0, 0.0, 0.0, 0.0, np.float64(0.03239103185728065), 0.0, np.float64(0.03239103185728065), 0.0, 0.0, np.float64(0.03239103185728065), 0.0, 0.0, 0.0, np.float64(0.03239103185728065), 0.0, 0.0, 0.0, 0.0, np.float64(0.03239103185728065), 0.0, 0.0, np.float64(0.03239103185728065), np.float64(0.03239103185728065), 0.0, np.float64(0.03239103185728065), 0.0, 0.0, np.float64(0.03239103185728065), np.float64(0.03239103185728065), 0.0, np.float64(0.03239103185728065), np.float64(0.03239103185728065), np.float64(0.03239103185728065), np.float64(0.03239103185728065), np.float64(0.03239103185728065), np.float64(0.03239103185728065), np.float64(0.03239103185728065), np.float64(0.03239103185728065), np.float64(0.03239103185728065), np.float64(0.03239103185728065), np.float64(0.03239103185728065), np.float64(0.03239103185728065), np.float64(0.03239103185728065), np.float64(0.03239103185728065), np.float64(0.03239103185728065), np.float64(0.03239103185728065), np.float64(0.03239103185728065), np.float64(0.03239103185728065), np.float64(0.03239103185728065), np.float64(0.03239103185728065), np.float64(0.03239103185728065)]",117,0.0,0.0,0.0,"[0.0, 0.0, 0.0, 0.0, 0.0, 0.0, 0.0, 0.0, 0.0, 0.0, 0.0, 0.0, 0.0, 0.0, 0.0, 0.0, 0.0, 0.0, 0.0, 0.0, 0.0, 0.0, 0.0, 0.0, 0.0, 0.0, 0.0, 0.0, 0.0, 0.0, 0.0, 0.0, 0.0, 0.0, 0.0, 0.0, 0.0, 0.0, 0.0, 0.0, 0.0, 0.0, 0.0, 0.0, 0.0, 0.0, 0.0, 0.0, 0.0, 0.0, 0.0, 0.0, 0.0, 0.0, 0.0, 0.0, 0.0, 0.0]",0
BIOMD0000000221,8,11,0,1000,0.0,0.0,2.220446049250313e-16,"[np.float64(2.220446049250313e-16), 0.0, 0.0, 0.0, 0.0, 0.0, 0.0, 0.0]",3,0.0,0.6816403738561014,0.9986216641607356,"[np.float64(0.9986216641607356), np.float64(0.9972702579832967), np.float64(0.06760083983110476), np.float64(0.18008913913579772), np.float64(0.9919666243703188), np.float64(0.37761539541893374), np.float64(0.985665352293269), 0.0]",55,0.0,0.0,0.0,"[0.0, 0.0, 0.0, 0.0, 0.0, 0.0, 0.0, 0.0]",343
BIOMD0000000222,8,11,0,1000,0.0,0.0,0.0,"[0.0, 0.0, 0.0, 0.0, 0.0, 0.0, 0.0, 0.0]",0,0.0,0.19236511232160058,0.7181402742430841,"[np.float64(0.7181402742430841), 0.0, 0.0, 0.0, np.float64(0.5459360129129529), np.float64(0.38473022464320117), np.float64(0.6035203473347798), 0.0]",54,0.0,0.0,0.0,"[0.0, 0.0, 0.0, 0.0, 0.0, 0.0, 0.0, 0.0]",343
BIOMD0000000224,4,6,0,1000,0.0,0.0,0.0,"[0.0, 0.0, 0.0, 0.0]",2,0.0,0.3176532249776133,0.6353064499553949,"[np.float64(0.6353064499552266), 0.0, np.float64(0.6353064499553949), 0.0]",9,0.0,0.0,0.0,"[0.0, 0.0, 0.0, 0.0]",13
BIOMD0000000225,2,3,0,1000,0.0,0.0,0.0,"[0.0, 0.0]",0,0.7055256685485543,0.7304674108204852,0.7554091530924161,"[np.float64(0.7055256685485543), np.float64(0.7554091530924161)]",2,0.0,0.0,0.0,"[0.0, 0.0]",10
BIOMD0000000226,14,24,0,1000,0.0,0.0,0.0,"[0.0, 0.0, 0.0, 0.0, 0.0, 0.0, 0.0, 0.0, 0.0, 0.0, 0.0, 0.0, 0.0, 0.0]",0,0.0,0.0,0.022234204992842233,"[0.0, 0.0, 0.0, 0.0, 0.0, 0.0, np.float64(0.022234204992842233), 0.0, 0.0, 0.0, 0.0, 0.0, 0.0, 0.0]",41,0.0,0.0,0.0,"[0.0, 0.0, 0.0, 0.0, 0.0, 0.0, 0.0, 0.0, 0.0, 0.0, 0.0, 0.0, 0.0, 0.0]",1511
BIOMD0000000227,45,57,0,1000,0.0,0.0,0.0,"[0.0, 0.0, 0.0, 0.0, 0.0, 0.0, 0.0, 0.0, 0.0, 0.0, 0.0, 0.0, 0.0, 0.0, 0.0, 0.0, 0.0, 0.0, 0.0, 0.0, 0.0, 0.0, 0.0, 0.0, 0.0, 0.0, 0.0, 0.0, 0.0, 0.0, 0.0, 0.0, 0.0, 0.0, 0.0, 0.0, 0.0, 0.0, 0.0, 0.0, 0.0, 0.0, 0.0, 0.0, 0.0]",0,0.0,0.0,0.0,"[0.0, 0.0, 0.0, 0.0, 0.0, 0.0, 0.0, 0.0, 0.0, 0.0, 0.0, 0.0, 0.0, 0.0, 0.0, 0.0, 0.0, 0.0, 0.0, 0.0, 0.0, 0.0, 0.0, 0.0, 0.0, 0.0, 0.0, 0.0, 0.0, 0.0, 0.0, 0.0, 0.0, 0.0, 0.0, 0.0, 0.0, 0.0, 0.0, 0.0, 0.0, 0.0, 0.0, 0.0, 0.0]",270,0.0,0.0,0.8678587451520298,"[0.0, 0.0, 0.0, 0.0, 0.0, 0.0, 0.0, 0.0, 0.0, np.float64(0.6165961182185633), 0.0, 0.0, 0.0, 0.0, 0.0, 0.0, 0.0, np.float64(0.13607754965898078), np.float64(0.8678587451379683), 0.0, np.float64(0.8678587451520298), 0.0, 0.0, 0.0, 0.0, 0.0, 0.0, 0.0, 0.0, 0.0, 0.0, 0.0, 0.0, 0.0, 0.0, 0.0, 0.0, 0.0, 0.0, 0.0, 0.0, 0.0, 0.0, 0.0, 0.0]",9734
BIOMD0000000228,9,22,0,1000,0.0,0.0,0.0,"[0.0, 0.0, 0.0, 0.0, 0.0, 0.0, 0.0, 0.0, 0.0]",0,0.0,0.0,0.0,"[0.0, 0.0, 0.0, 0.0, 0.0, 0.0, 0.0, 0.0, 0.0]",2,0.0,0.0,0.0,"[0.0, 0.0, 0.0, 0.0, 0.0, 0.0, 0.0, 0.0, 0.0]",305
BIOMD0000000229,7,14,0,1000,0.0,0.0,0.0,"[0.0, 0.0, 0.0, 0.0, 0.0, 0.0, 0.0]",0,0.0,0.0,0.9999994032032458,"[0.0, np.float64(0.9997314167648322), np.float64(0.9999994032032458), 0.0, 0.0, 0.0, 0.0]",27,0.9999999995209795,0.9999999999098393,0.9999999999845722,"[np.float64(0.9999999998782632), np.float64(0.9999999997944198), np.float64(0.9999999999821647), np.float64(0.999999999969789), np.float64(0.9999999999098393), np.float64(0.9999999999845722), np.float64(0.9999999995209795)]",252
BIOMD0000000230,24,64,0,1000,0.0,0.0,0.0,"[0.0, 0.0, 0.0, 0.0, 0.0, 0.0, 0.0, 0.0, 0.0, 0.0, 0.0, 0.0, 0.0, 0.0, 0.0, 0.0, 0.0, 0.0, 0.0, 0.0, 0.0, 0.0, 0.0, 0.0]",0,0.0,0.0,0.0,"[0.0, 0.0, 0.0, 0.0, 0.0, 0.0, 0.0, 0.0, 0.0, 0.0, 0.0, 0.0, 0.0, 0.0, 0.0, 0.0, 0.0, 0.0, 0.0, 0.0, 0.0, 0.0, 0.0, 0.0]",183,0.0,0.0,0.7623328157853906,"[0.0, 0.0, 0.0, 0.0, 0.0, 0.0, 0.0, 0.0, 0.0, 0.0, 0.0, 0.0, 0.0, 0.0, np.float64(0.7623328157853906), 0.0, 0.0, 0.0, 0.0, 0.0, 0.0, 0.0, 0.0, 0.0]",3127
BIOMD0000000231,5,4,0,1000,0.0,0.0,0.0,"[0.0, 0.0, 0.0, 0.0, 0.0]",0,0.0,0.0,0.0,"[0.0, 0.0, 0.0, 0.0, 0.0]",0,0.0,0.0,0.0,"[0.0, 0.0, 0.0, 0.0, 0.0]",13
BIOMD0000000233,2,4,0,1000,0.0,0.0,0.0,"[0.0, 0.0]",0,0.6301063469688195,0.7376291408637934,0.8451519347587674,"[np.float64(0.8451519347587674), np.float64(0.6301063469688195)]",4,0.9830322438116323,0.9910946784785852,0.9991571131455381,"[np.float64(0.9991571131455381), np.float64(0.9830322438116323)]",9
BIOMD0000000236,3,4,0,1000,0.0,0.0,0.0,"[0.0, 0.0, 0.0]",0,0.0,0.0,0.0,"[0.0, 0.0, 0.0]",1,0.0,0.0,0.0,"[0.0, 0.0, 0.0]",5
BIOMD0000000237,24,31,0,1000,0.0,0.0,0.0,"[0.0, 0.0, 0.0, 0.0, 0.0, 0.0, 0.0, 0.0, 0.0, 0.0, 0.0, 0.0, 0.0, 0.0, 0.0, 0.0, 0.0, 0.0, 0.0, 0.0, 0.0, 0.0, 0.0, 0.0]",0,0.0,0.0,0.9999986591707926,"[0.0, 0.0, 0.0, 0.0, 0.0, 0.0, 0.0, 0.0, np.float64(0.27129676218880283), 0.0, np.float64(0.9811988206042698), np.float64(0.999998537391274), np.float64(0.997351867590922), 0.0, 0.0, 0.0, np.float64(0.9999986591707926), np.float64(0.999998659170259), np.float64(0.29311331831996745), np.float64(0.29311331831996745), 0.0, 0.0, np.float64(0.21435486553346128), np.float64(0.9849002927429776)]",315,0.0,0.0,0.34362570676193205,"[0.0, 0.0, 0.0, 0.0, 0.0, 0.0, 0.0, 0.0, 0.0, 0.0, 0.0, 0.0, 0.0, 0.0, 0.0, 0.0, 0.0, 0.0, np.float64(0.34362570676193205), np.float64(0.34362570676193205), 0.0, 0.0, 0.0, 0.0]",2903
BIOMD0000000239,59,45,0,1000,0.0,0.0,0.0,"[0.0, 0.0, 0.0, 0.0, 0.0, 0.0, 0.0, 0.0, 0.0, 0.0, 0.0, 0.0, 0.0, 0.0, 0.0, 0.0, 0.0, 0.0, 0.0, 0.0, 0.0, 0.0, 0.0, 0.0, 0.0, 0.0, 0.0, 0.0, 0.0, 0.0, 0.0, 0.0, 0.0, 0.0, 0.0, 0.0, 0.0, 0.0, 0.0, 0.0, 0.0, 0.0, 0.0, 0.0, 0.0, 0.0, 0.0, 0.0, 0.0, 0.0, 0.0, 0.0, 0.0, 0.0, 0.0, 0.0, 0.0, 0.0, 0.0]",0,0.0,0.0,0.0,"[0.0, 0.0, 0.0, 0.0, 0.0, 0.0, 0.0, 0.0, 0.0, 0.0, 0.0, 0.0, 0.0, 0.0, 0.0, 0.0, 0.0, 0.0, 0.0, 0.0, 0.0, 0.0, 0.0, 0.0, 0.0, 0.0, 0.0, 0.0, 0.0, 0.0, 0.0, 0.0, 0.0, 0.0, 0.0, 0.0, 0.0, 0.0, 0.0, 0.0, 0.0, 0.0, 0.0, 0.0, 0.0, 0.0, 0.0, 0.0, 0.0, 0.0, 0.0, 0.0, 0.0, 0.0, 0.0, 0.0, 0.0, 0.0, 0.0]",2033,0.0,0.0,0.0,"[0.0, 0.0, 0.0, 0.0, 0.0, 0.0, 0.0, 0.0, 0.0, 0.0, 0.0, 0.0, 0.0, 0.0, 0.0, 0.0, 0.0, 0.0, 0.0, 0.0, 0.0, 0.0, 0.0, 0.0, 0.0, 0.0, 0.0, 0.0, 0.0, 0.0, 0.0, 0.0, 0.0, 0.0, 0.0, 0.0, 0.0, 0.0, 0.0, 0.0, 0.0, 0.0, 0.0, 0.0, 0.0, 0.0, 0.0, 0.0, 0.0, 0.0, 0.0, 0.0, 0.0, 0.0, 0.0, 0.0, 0.0, 0.0, 0.0]",57752
BIOMD0000000240,6,14,0,1000,0.0,0.0,2.220446049250313e-16,"[np.float64(2.220446049250313e-16), 0.0, 0.0, np.float64(2.220446049250313e-16), 0.0, 0.0]",2,0.0,0.0,0.0,"[0.0, 0.0, 0.0, 0.0, 0.0, 0.0]",12,0.05012819475595709,0.5293848711068933,0.9979868129497221,"[np.float64(0.05012819475595709), np.float64(0.06078295251309762), np.float64(0.9979868129497221), np.float64(0.05012819475595709), np.float64(0.9979867911156498), np.float64(0.9979867897006889)]",24
BIOMD0000000241,5,0,0,1000,0.0,0.0,4.440892098500626e-16,"[np.float64(4.440892098500626e-16), 0.0, 0.0, 0.0, 0.0]",2,0.0,0.9928611238926729,0.9999912024220702,"[np.float64(0.3234171260765565), np.float64(0.9928611238926729), np.float64(0.9999912024220702), np.float64(0.9999911524813101), 0.0]",22,0.0,0.9336590907755883,0.9809545366272969,"[0.0, np.float64(0.9809545366272969), np.float64(0.9340414623634493), np.float64(0.9336590907755883), 0.0]",90
BIOMD0000000242,6,12,0,1000,0.0,0.0,0.0,"[0.0, 0.0, 0.0, 0.0, 0.0, 0.0]",0,0.0,0.0,0.9606196448380625,"[0.0, 0.0, np.float64(0.09562226983596245), np.float64(0.9606196448380625), 0.0, 0.0]",20,0.0,0.4998532747471868,0.9999987632391119,"[0.0, 0.0, np.float64(0.9999987632391119), np.float64(0.9997065494943737), 0.0, np.float64(0.9999977358301907)]",75
BIOMD0000000243,23,23,0,1000,0.0,0.0,0.0,"[0.0, 0.0, 0.0, 0.0, 0.0, 0.0, 0.0, 0.0, 0.0, 0.0, 0.0, 0.0, 0.0, 0.0, 0.0, 0.0, 0.0, 0.0, 0.0, 0.0, 0.0, 0.0, 0.0]",5,0.0,0.1498025397808057,0.9999999999998395,"[np.float64(0.999999999999076), np.float64(0.999999999999121), 0.0, np.float64(0.9999999999998102), 0.0, np.float64(0.1498025397808057), 0.0, 0.0, np.float64(0.1498025397808057), np.float64(0.1498025397808057), 0.0, 0.0, np.float64(0.1498025397808057), np.float64(0.1498025397808057), np.float64(0.1498025397808057), np.float64(0.9999999999990756), np.float64(0.9999999999998395), np.float64(0.9791038574729166), 0.0, np.float64(0.6720891127830807), np.float64(0.9868169903582297), np.float64(0.9976517668947863), np.float64(0.1498025397808057)]",226,0.0,0.14980264724123127,0.9633965250158446,"[np.float64(0.963298715826513), np.float64(0.9633965250158446), 0.0, 0.0, 0.0, np.float64(0.14980264724123127), np.float64(0.14980264724123127), 0.0, np.float64(0.14980264724123127), np.float64(0.14980264724123127), 0.0, np.float64(0.14980264724123127), np.float64(0.14980264724123127), np.float64(0.14980264724123127), np.float64(0.14980264724123127), np.float64(0.9632987153536783), 0.0, 0.0, np.float64(0.14980264724123127), np.float64(0.0027166964698472906), 0.0, 0.0, np.float64(0.14980264724123127)]",739
BIOMD0000000246,26,41,0,1000,0.0,0.0,0.0,"[0.0, 0.0, 0.0, 0.0, 0.0, 0.0, 0.0, 0.0, 0.0, 0.0, 0.0, 0.0, 0.0, 0.0, 0.0, 0.0, 0.0, 0.0, 0.0, 0.0, 0.0, 0.0, 0.0, 0.0, 0.0, 0.0]",0,0.0,0.0,0.0,"[0.0, 0.0, 0.0, 0.0, 0.0, 0.0, 0.0, 0.0, 0.0, 0.0, 0.0, 0.0, 0.0, 0.0, 0.0, 0.0, 0.0, 0.0, 0.0, 0.0, 0.0, 0.0, 0.0, 0.0, 0.0, 0.0]",118,0.0,0.0,0.0,"[0.0, 0.0, 0.0, 0.0, 0.0, 0.0, 0.0, 0.0, 0.0, 0.0, 0.0, 0.0, 0.0, 0.0, 0.0, 0.0, 0.0, 0.0, 0.0, 0.0, 0.0, 0.0, 0.0, 0.0, 0.0, 0.0]",6456
BIOMD0000000247,24,25,0,1000,0.0,0.0,0.0,"[0.0, 0.0, 0.0, 0.0, 0.0, 0.0, 0.0, 0.0, 0.0, 0.0, 0.0, 0.0, 0.0, 0.0, 0.0, 0.0, 0.0, 0.0, 0.0, 0.0, 0.0, 0.0, 0.0, 0.0]",0,0.0,0.1407304913276155,0.9980764292067189,"[np.float64(0.8445941135789525), np.float64(0.9681771860551607), 0.0, np.float64(0.9011556762100854), np.float64(0.14073049134123028), np.float64(0.14073049131400073), 0.0, 0.0, 0.0, 0.0, np.float64(0.9980764292067189), 0.0, 0.0, 0.0, np.float64(0.9652229710538248), 0.0, np.float64(0.9924593658465809), np.float64(0.9924593658435601), np.float64(0.983706403897627), np.float64(0.9875616245710886), np.float64(0.9966628331302113), np.float64(0.7792502455502553), 0.0, 0.0]",572,0.0,0.0,0.0,"[0.0, 0.0, 0.0, 0.0, 0.0, 0.0, 0.0, 0.0, 0.0, 0.0, 0.0, 0.0, 0.0, 0.0, 0.0, 0.0, 0.0, 0.0, 0.0, 0.0, 0.0, 0.0, 0.0, 0.0]",7274
BIOMD0000000249,9,20,0,1000,0.0,0.0,0.0,"[0.0, 0.0, 0.0, 0.0, 0.0, 0.0, 0.0, 0.0, 0.0]",2,0.0,0.9882923671284783,0.9999999723701257,"[0.0, np.float64(0.9669469565863912), np.float64(0.9999878948926508), np.float64(0.9595750796835391), np.float64(0.9882923671284783), np.float64(0.9999999582265534), np.float64(0.9999358809158679), np.float64(0.9859990441951431), np.float64(0.9999999723701257)]",80,0.0,0.9999995492435092,0.9999999976752573,"[0.0, np.float64(0.9999990585451939), np.float64(0.9999999976752573), np.float64(0.9999988108321534), np.float64(0.9999996418329049), np.float64(0.9999999968173904), 0.0, np.float64(0.9999995492435092), np.float64(0.9999999973201267)]",435
BIOMD0000000251,9,9,0,1000,0.0,0.0,0.0,"[0.0, 0.0, 0.0, 0.0, 0.0, 0.0, 0.0, 0.0, 0.0]",0,0.0,0.15544950097591592,0.9999999999914964,"[0.0, 0.0, np.float64(0.9999999994137455), np.float64(0.9999999999914964), 0.0, 0.0, np.float64(0.15544950097591592), np.float64(0.15544950097591592), np.float64(0.15544950097591592)]",38,0.0,0.0,0.0,"[0.0, 0.0, 0.0, 0.0, 0.0, 0.0, 0.0, 0.0, 0.0]",250
BIOMD0000000253,3,4,0,1000,0.0,0.0,0.0,"[0.0, 0.0, 0.0]",1,0.9179049008509188,0.9264285290725114,0.943178799768542,"[np.float64(0.943178799768542), np.float64(0.9264285290725114), np.float64(0.9179049008509188)]",11,0.9887999340822144,0.9955743941422706,0.9993435457326773,"[np.float64(0.9955743941422706), np.float64(0.9993435457326773), np.float64(0.9887999340822144)]",30
BIOMD0000000254,4,0,0,1000,0.0,0.0,0.0,"[0.0, 0.0, 0.0, 0.0]",0,0.0,0.0,0.0,"[0.0, 0.0, 0.0, 0.0]",0,0.0,0.0,0.0,"[0.0, 0.0, 0.0, 0.0]",9
BIOMD0000000257,8,11,0,1000,0.0,0.0,0.0,"[0.0, 0.0, 0.0, 0.0, 0.0, 0.0, 0.0, 0.0]",0,0.0,0.0,0.8998193007387433,"[0.0, 0.0, 0.0, 0.0, 0.0, 0.0, np.float64(0.8998193007387433), 0.0]",27,0.0,0.0,0.0,"[0.0, 0.0, 0.0, 0.0, 0.0, 0.0, 0.0, 0.0]",334
BIOMD0000000258,3,4,0,1000,0.0,0.0,0.0,"[0.0, 0.0, 0.0]",0,0.0,0.0,0.0,"[0.0, 0.0, 0.0]",0,0.0,0.0,0.0,"[0.0, 0.0, 0.0]",9
BIOMD0000000265,23,52,0,1000,0.0,0.0,0.0,"[0.0, 0.0, 0.0, 0.0, 0.0, 0.0, 0.0, 0.0, 0.0, 0.0, 0.0, 0.0, 0.0, 0.0, 0.0, 0.0, 0.0, 0.0, 0.0, 0.0, 0.0, 0.0, 0.0]",0,0.0,0.0,0.0,"[0.0, 0.0, 0.0, 0.0, 0.0, 0.0, 0.0, 0.0, 0.0, 0.0, 0.0, 0.0, 0.0, 0.0, 0.0, 0.0, 0.0, 0.0, 0.0, 0.0, 0.0, 0.0, 0.0]",312,0.0,0.0,0.0,"[0.0, 0.0, 0.0, 0.0, 0.0, 0.0, 0.0, 0.0, 0.0, 0.0, 0.0, 0.0, 0.0, 0.0, 0.0, 0.0, 0.0, 0.0, 0.0, 0.0, 0.0, 0.0, 0.0]",5937
BIOMD0000000267,4,3,0,1000,0.0,0.0,0.0,"[0.0, 0.0, 0.0, 0.0]",0,0.0,0.0,0.02290010242433682,"[0.0, 0.0, 0.0, np.float64(0.02290010242433682)]",0,0.0,0.0,0.0633269917833178,"[0.0, 0.0, 0.0, np.float64(0.0633269917833178)]",20
BIOMD0000000269,9,22,0,1000,0.0,0.0,0.0,"[0.0, 0.0, 0.0, 0.0, 0.0, 0.0, 0.0, 0.0, 0.0]",0,0.0,0.0,0.0,"[0.0, 0.0, 0.0, 0.0, 0.0, 0.0, 0.0, 0.0, 0.0]",39,0.0,0.0,0.47224709143361265,"[0.0, 0.0, 0.0, np.float64(0.47224709143361265), 0.0, 0.0, 0.0, 0.0, 0.0]",453
BIOMD0000000270,33,42,0,1000,0.0,0.0,0.0,"[0.0, 0.0, 0.0, 0.0, 0.0, 0.0, 0.0, 0.0, 0.0, 0.0, 0.0, 0.0, 0.0, 0.0, 0.0, 0.0, 0.0, 0.0, 0.0, 0.0, 0.0, 0.0, 0.0, 0.0, 0.0, 0.0, 0.0, 0.0, 0.0, 0.0, 0.0, 0.0, 0.0]",0,0.0,0.0,0.8349353768264411,"[0.0, 0.0, np.float64(0.8349353768264411), 0.0, 0.0, 0.0, 0.0, 0.0, 0.0, 0.0, 0.0, 0.0, 0.0, 0.0, 0.0, 0.0, 0.0, 0.0, 0.0, 0.0, 0.0, 0.0, 0.0, 0.0, 0.0, 0.0, 0.0, 0.0, 0.0, 0.0, 0.0, 0.0, 0.0]",556,0.0,0.0,0.0,"[0.0, 0.0, 0.0, 0.0, 0.0, 0.0, 0.0, 0.0, 0.0, 0.0, 0.0, 0.0, 0.0, 0.0, 0.0, 0.0, 0.0, 0.0, 0.0, 0.0, 0.0, 0.0, 0.0, 0.0, 0.0, 0.0, 0.0, 0.0, 0.0, 0.0, 0.0, 0.0, 0.0]",2315
BIOMD0000000271,6,8,0,1000,0.0,0.0,0.0,"[0.0, 0.0, 0.0, 0.0, 0.0, 0.0]",3,0.0,0.0,0.024859641466155713,"[0.0, 0.0, 0.0, 0.0, np.float64(0.024859641466155713), np.float64(0.024859641466155713)]",0,0.0,0.0,0.0021694138002580354,"[0.0, 0.0, 0.0, 0.0, np.float64(0.0021694138002580354), np.float64(0.0021694138002580354)]",49
BIOMD0000000272,6,8,0,1000,0.0,0.0,0.0,"[0.0, 0.0, 0.0, 0.0, 0.0, 0.0]",0,0.0,0.0,0.023526784803744594,"[0.0, 0.0, 0.0, 0.0, np.float64(0.023526784803744594), np.float64(0.023526784803744594)]",0,0.0,0.0,0.07430749271605208,"[0.0, 0.0, 0.0, 0.0, np.float64(0.07430749271605208), np.float64(0.07430749271605208)]",28
BIOMD0000000273,19,38,0,1000,0.0,0.0,0.0,"[0.0, 0.0, 0.0, 0.0, 0.0, 0.0, 0.0, 0.0, 0.0, 0.0, 0.0, 0.0, 0.0, 0.0, 0.0, 0.0, 0.0, 0.0, 0.0]",0,0.0,0.0,0.0,"[0.0, 0.0, 0.0, 0.0, 0.0, 0.0, 0.0, 0.0, 0.0, 0.0, 0.0, 0.0, 0.0, 0.0, 0.0, 0.0, 0.0, 0.0, 0.0]",246,0.0,0.0,0.0,"[0.0, 0.0, 0.0, 0.0, 0.0, 0.0, 0.0, 0.0, 0.0, 0.0, 0.0, 0.0, 0.0, 0.0, 0.0, 0.0, 0.0, 0.0, 0.0]",3987
BIOMD0000000274,3,0,0,1000,0.0,0.0,0.0,"[0.0, 0.0, 0.0]",0,0.0,0.0,0.0,"[0.0, 0.0, 0.0]",0,0.0,0.0,0.0,"[0.0, 0.0, 0.0]",0
BIOMD0000000278,3,0,0,1000,0.0,0.0,0.0,"[0.0, 0.0, 0.0]",0,0.0,0.0,0.0,"[0.0, 0.0, 0.0]",0,0.0,0.0,0.0,"[0.0, 0.0, 0.0]",18
BIOMD0000000279,3,0,0,1000,0.0,0.0,0.0,"[0.0, 0.0, 0.0]",0,0.0,0.0,0.0,"[0.0, 0.0, 0.0]",0,0.09608099330272668,0.48477822750661037,0.655690844089,"[np.float64(0.655690844089), np.float64(0.48477822750661037), np.float64(0.09608099330272668)]",2
BIOMD0000000282,5,3,0,1000,0.0,0.0,1.1102230246251565e-16,"[0.0, 0.0, np.float64(1.1102230246251565e-16), 0.0, 0.0]",4,0.0,0.9997068418251254,0.999991706146778,"[np.float64(0.9997068418251254), np.float64(0.999991706146778), np.float64(0.9997068418252547), np.float64(0.998910960749571), 0.0]",24,0.0,0.9999999997347031,0.9999999999291721,"[np.float64(0.9999999999291721), np.float64(0.8824326894552583), np.float64(0.9999999999291721), np.float64(0.9999999997347031), 0.0]",81
BIOMD0000000284,6,8,0,1000,0.0,0.0,0.0,"[0.0, 0.0, 0.0, 0.0, 0.0, 0.0]",0,0.0,0.0,0.0,"[0.0, 0.0, 0.0, 0.0, 0.0, 0.0]",25,0.0,0.0,0.0,"[0.0, 0.0, 0.0, 0.0, 0.0, 0.0]",154
BIOMD0000000287,21,37,0,1000,0.0,0.0,0.0,"[0.0, 0.0, 0.0, 0.0, 0.0, 0.0, 0.0, 0.0, 0.0, 0.0, 0.0, 0.0, 0.0, 0.0, 0.0, 0.0, 0.0, 0.0, 0.0, 0.0, 0.0]",0,0.0,0.0,0.0,"[0.0, 0.0, 0.0, 0.0, 0.0, 0.0, 0.0, 0.0, 0.0, 0.0, 0.0, 0.0, 0.0, 0.0, 0.0, 0.0, 0.0, 0.0, 0.0, 0.0, 0.0]",62,0.0,0.9999999999191389,0.9999999999999695,"[0.0, 0.0, 0.0, np.float64(0.9999999954255538), 0.0, np.float64(0.9999999999994811), np.float64(0.999999999999084), np.float64(0.9999999999998951), np.float64(0.9999999999191389), np.float64(0.9999999999999695), np.float64(0.9999999999999599), np.float64(0.9999995435812765), np.float64(0.9999999936530523), 0.0, np.float64(0.9999999999996031), np.float64(0.9999999999997236), np.float64(0.9999999999997329), 0.0, np.float64(0.9999999999999353), np.float64(0.9999999999987677), 0.0]",121
BIOMD0000000292,3,4,0,1000,0.0,0.0,0.0,"[0.0, 0.0, 0.0]",0,0.0,0.0,0.0,"[0.0, 0.0, 0.0]",0,0.0,0.0,0.0,"[0.0, 0.0, 0.0]",27
BIOMD0000000293,131,316,0,1000,0.0,0.0,1.1102230246251565e-16,"[0.0, 0.0, 0.0, 0.0, 0.0, 0.0, 0.0, 0.0, 0.0, 0.0, np.float64(1.1102230246251565e-16), 0.0, 0.0, 0.0, 0.0, 0.0, 0.0, 0.0, 0.0, 0.0, 0.0, 0.0, 0.0, 0.0, 0.0, 0.0, 0.0, 0.0, 0.0, 0.0, 0.0, 0.0, 0.0, 0.0, 0.0, 0.0, 0.0, 0.0, 0.0, 0.0, 0.0, 0.0, 0.0, 0.0, 0.0, 0.0, 0.0, 0.0, 0.0, 0.0, 0.0, 0.0, 0.0, 0.0, 0.0, 0.0, 0.0, 0.0, 0.0, 0.0, 0.0, 0.0, 0.0, 0.0, 0.0, 0.0, 0.0, 0.0, 0.0, 0.0, 0.0, 0.0, 0.0, 0.0, 0.0, 0.0, 0.0, 0.0, 0.0, 0.0, 0.0, 0.0, 0.0, 0.0, 0.0, 0.0, 0.0, 0.0, 0.0, 0.0, 0.0, 0.0, 0.0, 0.0, 0.0, 0.0, 0.0, 0.0, 0.0, 0.0, 0.0, 0.0, 0.0, 0.0, 0.0, 0.0, 0.0, 0.0, 0.0, 0.0, 0.0, 0.0, 0.0, 0.0, 0.0, 0.0, 0.0, 0.0, 0.0, 0.0, 0.0, 0.0, 0.0, 0.0, 0.0, 0.0, 0.0, 0.0, 0.0, 0.0, 0.0]",7,0.0,0.0,0.8133544847448122,"[0.0, 0.0, 0.0, 0.0, 0.0, 0.0, 0.0, 0.0, 0.0, np.float64(0.36124305487496144), 0.0, 0.0, 0.0, 0.0, 0.0, 0.0, 0.0, 0.0, 0.0, 0.0, 0.0, 0.0, 0.0, 0.0, 0.0, 0.0, 0.0, 0.0, 0.0, 0.0, 0.0, 0.0, 0.0, np.float64(0.36124305487496144), np.float64(0.36124305487496144), np.float64(0.36124305487496144), np.float64(0.36124305487496144), np.float64(0.36124305487496144), np.float64(0.36124305487496144), np.float64(0.36124305487496144), 0.0, 0.0, np.float64(0.36124305487496144), np.float64(0.36124305487496144), 0.0, 0.0, 0.0, 0.0, 0.0, 0.0, 0.0, 0.0, 0.0, 0.0, 0.0, 0.0, 0.0, 0.0, 0.0, 0.0, 0.0, 0.0, 0.0, 0.0, 0.0, 0.0, 0.0, 0.0, 0.0, 0.0, 0.0, 0.0, 0.0, 0.0, 0.0, 0.0, 0.0, 0.0, 0.0, 0.0, 0.0, 0.0, 0.0, 0.0, 0.0, 0.0, 0.0, np.float64(0.36124305487496144), np.float64(0.36124305487496144), np.float64(0.36124305487496144), np.float64(0.36124305487496144), np.float64(0.36124305487496144), np.float64(0.36124305487496144), np.float64(0.36124305487496144), np.float64(0.36124305487496144), 0.0, 0.0, 0.0, 0.0, np.float64(0.8133544847448122), 0.0, np.float64(0.36124305487496144), np.float64(0.36124305487496144), np.float64(0.36124305487496144), np.float64(0.36124305487496144), np.float64(0.36124305487496144), np.float64(0.36124305487496144), np.float64(0.36124305487496144), np.float64(0.36124305487496144), np.float64(0.36124305487496144), np.float64(0.36124305487496144), np.float64(0.36124305487496144), np.float64(0.36124305487496144), np.float64(0.36124305487496144), np.float64(0.36124305487496144), np.float64(0.36124305487496144), np.float64(0.36124305487496144), np.float64(0.36124305487496144), np.float64(0.36124305487496144), np.float64(0.36124305487496144), np.float64(0.36124305487496144), np.float64(0.36124305487496144), np.float64(0.36124305487496144), np.float64(0.36124305487496144), np.float64(0.36124305487496144), np.float64(0.36124305487496144), np.float64(0.36124305487496144), np.float64(0.36124305487496144), np.float64(0.36124305487496144), np.float64(0.36124305487496144), np.float64(0.36124305487496144)]",5252,0.0,0.999999997051943,0.9999999999999999,"[np.float64(0.9999999801132794), np.float64(0.9999999999999994), np.float64(0.9999999999942839), np.float64(0.9999999999736775), np.float64(0.9999999999925652), np.float64(0.9999999999851154), np.float64(0.9999999999991289), np.float64(0.9999999999476598), np.float64(0.9999999999996905), 0.0, np.float64(0.9999999999736774), np.float64(0.9999999999925652), 0.0, 0.0, 0.0, 0.0, 0.0, 0.0, np.float64(0.08657212796261327), np.float64(0.9999999999899143), np.float64(0.999999999998224), np.float64(0.9999999999966903), np.float64(0.9999999999936239), np.float64(0.9999999999964145), np.float64(0.999999999998629), np.float64(0.9999999984948924), np.float64(0.999999998762829), np.float64(0.999999999967541), np.float64(0.999999999995939), np.float64(0.9999999999945169), np.float64(0.9999999999911318), np.float64(0.9999999999944471), np.float64(0.9999999999990408), 0.0, 0.0, 0.0, 0.0, 0.0, 0.0, 0.0, np.float64(0.9999999999989038), np.float64(0.9999999999999997), 0.0, 0.0, np.float64(0.999999999999999), np.float64(0.9999999999998029), np.float64(0.9999999999999994), np.float64(0.9999999999989136), np.float64(0.9999999998265747), np.float64(0.9999999999999999), np.float64(0.9999999999999083), np.float64(0.999999999999958), 0.0, 0.0, np.float64(0.027780500832029542), np.float64(0.014287149080928652), 0.0, 0.0, 0.0, np.float64(0.9999999998994845), np.float64(0.9999999979389487), np.float64(0.999999997051943), np.float64(0.9999999998845298), np.float64(0.999999999991238), np.float64(0.9999999999827367), np.float64(0.9999999999621754), np.float64(0.9999999999776356), np.float64(0.9999999999983332), np.float64(0.9999999999911996), np.float64(0.9999999999826363), np.float64(0.9999999999617099), np.float64(0.9999999999813797), np.float64(0.9999999999983367), np.float64(0.9999999817122062), np.float64(0.9999999999999997), np.float64(0.9999999999999999), np.float64(0.9999999999999237), np.float64(0.999999999999503), np.float64(0.9999999999947967), np.float64(0.9999999999516712), np.float64(0.9999999999762227), np.float64(0.9999999999661401), np.float64(0.9999999999719849), np.float64(0.999999999990521), np.float64(0.9999999999925807), np.float64(0.9999999999169193), np.float64(0.999999999993758), 0.0, 0.0, 0.0, 0.0, 0.0, 0.0, 0.0, 0.0, np.float64(0.9999999999945047), np.float64(0.9999999999918256), np.float64(0.9999999999911182), np.float64(0.999999999993999), np.float64(0.9999999999959801), 0.0, 0.0, 0.0, 0.0, 0.0, 0.0, 0.0, 0.0, 0.0, 0.0, 0.0, 0.0, 0.0, 0.0, 0.0, 0.0, 0.0, 0.0, 0.0, 0.0, 0.0, 0.0, 0.0, 0.0, 0.0, 0.0, 0.0, 0.0, 0.0, 0.0, 0.0]",14016
BIOMD0000000294,11,26,0,1000,0.0,0.0,0.0,"[0.0, 0.0, 0.0, 0.0, 0.0, 0.0, 0.0, 0.0, 0.0, 0.0, 0.0]",1,0.40754946946863924,0.9995350002171167,0.9999954468972753,"[np.float64(0.40754946946863924), np.float64(0.9995418971902916), np.float64(0.9982145180781394), np.float64(0.9995350002171167), np.float64(0.99935714706008), np.float64(0.7772105922556921), np.float64(0.9997965084865938), np.float64(0.999593265480655), np.float64(0.9991643167610725), np.float64(0.9998763830567833), np.float64(0.9999954468972753)]",119,0.0,0.9558062711617255,0.9981135122780169,"[0.0, 0.0, np.float64(0.9944963733948238), 0.0, np.float64(0.8399478885906457), np.float64(0.9981135122780169), np.float64(0.9908771764360468), np.float64(0.9558062711617255), np.float64(0.7333381725867927), np.float64(0.997589819209455), np.float64(0.992987814065526)]",779
BIOMD0000000295,5,8,0,1000,0.0,0.0,0.0,"[0.0, 0.0, 0.0, 0.0, 0.0]",0,0.0,0.0,0.0,"[0.0, 0.0, 0.0, 0.0, 0.0]",5,0.0,0.9999999996805091,0.9999999997940465,"[np.float64(0.9999999997940465), np.float64(0.999999999793986), 0.0, 0.0, np.float64(0.9999999996805091)]",103
BIOMD0000000296,5,8,0,1000,0.0,0.0,0.0,"[0.0, 0.0, 0.0, 0.0, 0.0]",0,0.0,0.0,0.0,"[0.0, 0.0, 0.0, 0.0, 0.0]",2,0.0,0.0,0.0,"[0.0, 0.0, 0.0, 0.0, 0.0]",5
BIOMD0000000297,19,51,0,1000,0.0,0.0,0.0,"[0.0, 0.0, 0.0, 0.0, 0.0, 0.0, 0.0, 0.0, 0.0, 0.0, 0.0, 0.0, 0.0, 0.0, 0.0, 0.0, 0.0, 0.0, 0.0]",0,0.0,0.0,0.0,"[0.0, 0.0, 0.0, 0.0, 0.0, 0.0, 0.0, 0.0, 0.0, 0.0, 0.0, 0.0, 0.0, 0.0, 0.0, 0.0, 0.0, 0.0, 0.0]",90,0.0,0.0,0.0,"[0.0, 0.0, 0.0, 0.0, 0.0, 0.0, 0.0, 0.0, 0.0, 0.0, 0.0, 0.0, 0.0, 0.0, 0.0, 0.0, 0.0, 0.0, 0.0]",3791
BIOMD0000000298,10,0,0,1000,0.0,0.0,0.0,"[0.0, 0.0, 0.0, 0.0, 0.0, 0.0, 0.0, 0.0, 0.0, 0.0]",0,0.0,0.0,0.0,"[0.0, 0.0, 0.0, 0.0, 0.0, 0.0, 0.0, 0.0, 0.0, 0.0]",50,0.9999986734204138,0.9999999993151201,0.9999999999568434,"[np.float64(0.9999999986646402), np.float64(0.9999999999568434), np.float64(0.9999999991015434), np.float64(0.9999999995665557), np.float64(0.9999999999505715), np.float64(0.9999999997806436), np.float64(0.9999999995286967), np.float64(0.9999999989178399), np.float64(0.9999998384846772), np.float64(0.9999986734204138)]",660
BIOMD0000000299,3,0,0,1000,0.0,0.0,0.0,"[0.0, 0.0, 0.0]",0,0.0,0.0,0.0,"[0.0, 0.0, 0.0]",2,0.0,0.0,0.0,"[0.0, 0.0, 0.0]",20
BIOMD0000000300,3,10,0,1000,0.0,0.0,0.0,"[0.0, 0.0, 0.0]",0,0.0,0.0,0.0,"[0.0, 0.0, 0.0]",2,0.0,0.5243128443367236,0.5243128443367236,"[np.float64(0.5243128443367236), np.float64(0.5243128443367236), 0.0]",8
BIOMD0000000303,42,45,0,1000,0.0,0.0,0.0,"[0.0, 0.0, 0.0, 0.0, 0.0, 0.0, 0.0, 0.0, 0.0, 0.0, 0.0, 0.0, 0.0, 0.0, 0.0, 0.0, 0.0, 0.0, 0.0, 0.0, 0.0, 0.0, 0.0, 0.0, 0.0, 0.0, 0.0, 0.0, 0.0, 0.0, 0.0, 0.0, 0.0, 0.0, 0.0, 0.0, 0.0, 0.0, 0.0, 0.0, 0.0, 0.0]",0,0.0,0.0,0.0,"[0.0, 0.0, 0.0, 0.0, 0.0, 0.0, 0.0, 0.0, 0.0, 0.0, 0.0, 0.0, 0.0, 0.0, 0.0, 0.0, 0.0, 0.0, 0.0, 0.0, 0.0, 0.0, 0.0, 0.0, 0.0, 0.0, 0.0, 0.0, 0.0, 0.0, 0.0, 0.0, 0.0, 0.0, 0.0, 0.0, 0.0, 0.0, 0.0, 0.0, 0.0, 0.0]",115,0.0,0.9997337297104328,0.9999999999570413,"[np.float64(0.9999999998961165), np.float64(0.9999999998961165), np.float64(0.5535855769220936), np.float64(0.9999999996870605), np.float64(0.9999999996870534), np.float64(0.9999999885476841), np.float64(0.9999999999570413), np.float64(0.9997342159468032), np.float64(0.9997332434740624), np.float64(0.9999999999570124), np.float64(0.9999999999570397), 0.0, np.float64(0.9999790665321452), np.float64(0.999999999787509), np.float64(0.9999999962041721), 0.0, np.float64(0.9999999552134029), 0.0, 0.0, 0.0, np.float64(0.999860651695109), 0.0, 0.0, 0.0, 0.0, 0.0, np.float64(0.9999917796211032), np.float64(0.999991674240177), 0.0, np.float64(0.9999999997833638), np.float64(0.9999999997525019), np.float64(0.99999999713149), np.float64(0.9999999997902523), np.float64(0.999992431899422), 0.0, 0.0, np.float64(0.981448963247454), 0.0, 0.0, 0.0, 0.0, 0.0]",1
BIOMD0000000304,5,0,0,1000,0.0,0.0,0.0,"[0.0, 0.0, 0.0, 0.0, 0.0]",0,0.0,0.0,0.4725974626450795,"[np.float64(0.4725974626450795), 0.0, 0.0, 0.0, 0.0]",5,0.0,0.0,0.0,"[0.0, 0.0, 0.0, 0.0, 0.0]",17
BIOMD0000000306,2,8,0,1000,2.220446049250313e-16,2.220446049250313e-16,2.220446049250313e-16,"[np.float64(2.220446049250313e-16), np.float64(2.220446049250313e-16)]",0,0.0,0.0,0.0,"[0.0, 0.0]",0,0.0,0.0,0.0,"[0.0, 0.0]",0
BIOMD0000000307,2,5,0,1000,2.220446049250313e-16,2.220446049250313e-16,2.220446049250313e-16,"[np.float64(2.220446049250313e-16), np.float64(2.220446049250313e-16)]",0,0.0,0.0,0.0,"[0.0, 0.0]",0,0.0,0.0,0.0,"[0.0, 0.0]",0
BIOMD0000000308,3,6,0,1000,2.220446049250313e-16,2.220446049250313e-16,2.220446049250313e-16,"[np.float64(2.220446049250313e-16), np.float64(2.220446049250313e-16), np.float64(2.220446049250313e-16)]",0,0.0,0.0,0.0,"[0.0, 0.0, 0.0]",0,0.0,0.0,0.0,"[0.0, 0.0, 0.0]",0
BIOMD0000000309,1,4,0,1000,0.0,0.0,0.0,[0.0],0,0.0,0.0,0.0,[0.0],0,0.0,0.0,0.0,[0.0],1
BIOMD0000000310,1,6,0,1000,2.220446049250313e-16,2.220446049250313e-16,2.220446049250313e-16,[np.float64(2.220446049250313e-16)],0,0.0,0.0,0.0,[0.0],0,0.0,0.0,0.0,[0.0],0
BIOMD0000000311,1,5,0,1000,2.220446049250313e-16,2.220446049250313e-16,2.220446049250313e-16,[np.float64(2.220446049250313e-16)],0,0.0,0.0,0.0,[0.0],0,0.0,0.0,0.0,[0.0],0
BIOMD0000000313,15,16,0,1000,0.0,0.0,0.0,"[0.0, 0.0, 0.0, 0.0, 0.0, 0.0, 0.0, 0.0, 0.0, 0.0, 0.0, 0.0, 0.0, 0.0, 0.0]",0,0.0,0.0,0.9984340594793951,"[0.0, 0.0, 0.0, np.float64(0.9984340594793951), 0.0, 0.0, 0.0, np.float64(0.15565027329356762), 0.0, 0.0, np.float64(0.15565027329356762), 0.0, 0.0, np.float64(0.15565027329356762), np.float64(0.15565027329356762)]",37,0.0,0.15565026156188688,0.9999999999999916,"[np.float64(0.9999999999999911), np.float64(0.9999999999996717), 0.0, 0.0, 0.0, 0.0, 0.0, np.float64(0.15565026156188688), 0.0, 0.0, np.float64(0.15565026156188688), np.float64(0.9999999970677764), np.float64(0.9999999999999916), np.float64(0.15565026156188688), np.float64(0.15565026156188688)]",128
BIOMD0000000314,11,12,0,1000,0.0,0.0,0.0,"[0.0, 0.0, 0.0, 0.0, 0.0, 0.0, 0.0, 0.0, 0.0, 0.0, 0.0]",0,0.0,0.0,0.08074594656926803,"[0.0, 0.0, 0.0, 0.0, np.float64(0.08074594656926803), 0.0, 0.0, np.float64(0.08074594656926803), 0.0, 0.0, np.float64(0.08074594656926803)]",32,0.0,0.08074595098429549,0.9999999999999963,"[np.float64(0.9999999999999963), np.float64(0.9999999999983004), np.float64(0.9999999997952698), 0.0, np.float64(0.08074595098429549), 0.0, 0.0, np.float64(0.08074595098429549), 0.0, 0.0, np.float64(0.08074595098429549)]",68
BIOMD0000000315,19,27,0,1000,0.0,0.0,1.1102230246251565e-16,"[0.0, np.float64(1.1102230246251565e-16), 0.0, 0.0, 0.0, 0.0, 0.0, 0.0, 0.0, 0.0, 0.0, 0.0, 0.0, 0.0, 0.0, 0.0, 0.0, 0.0, 0.0]",5,0.0,0.0,0.9999998800222376,"[0.0, 0.0, 0.0, 0.0, 0.0, 0.0, 0.0, 0.0, 0.0, np.float64(0.7595328979167864), np.float64(0.6846421280050468), 0.0, 0.0, 0.0, np.float64(0.9999998800222376), np.float64(0.999021606673969), np.float64(0.29755195809717305), np.float64(0.9999988319364465), np.float64(0.29755195809717305)]",188,0.0,0.0,0.3533342518032436,"[0.0, 0.0, 0.0, 0.0, 0.0, 0.0, 0.0, 0.0, 0.0, 0.0, 0.0, 0.0, 0.0, 0.0, 0.0, 0.0, np.float64(0.3533342518032436), 0.0, np.float64(0.3533342518032436)]",203
BIOMD0000000318,7,17,0,1000,0.0,0.0,0.0,"[0.0, 0.0, 0.0, 0.0, 0.0, 0.0, 0.0]",0,0.0,0.9999994239469091,0.9999999999655771,"[0.0, np.float64(0.9999995635881495), np.float64(0.9999999999655771), np.float64(0.9899983690608334), np.float64(0.9999994239469091), np.float64(0.9999994881576847), np.float64(0.9999991411974375)]",47,0.0,0.0,0.9999998003347947,"[np.float64(0.8546991138239612), 0.0, 0.0, 0.0, 0.0, 0.0, np.float64(0.9999998003347947)]",239
BIOMD0000000319,3,4,0,1000,0.0,0.0,0.0,"[0.0, 0.0, 0.0]",0,0.0,0.0,0.0,"[0.0, 0.0, 0.0]",4,0.0,0.0,0.0,"[0.0, 0.0, 0.0]",5
BIOMD0000000322,4,9,0,1000,0.0,0.0,0.0,"[0.0, 0.0, 0.0, 0.0]",0,0.0,0.0,0.0,"[0.0, 0.0, 0.0, 0.0]",0,0.0,0.0,0.0,"[0.0, 0.0, 0.0, 0.0]",39
BIOMD0000000323,3,6,0,1000,0.0,0.0,0.0,"[0.0, 0.0, 0.0]",0,0.0,0.0,0.0,"[0.0, 0.0, 0.0]",0,0.0,0.0,0.0,"[0.0, 0.0, 0.0]",0
BIOMD0000000325,5,10,0,1000,0.0,0.0,0.0,"[0.0, 0.0, 0.0, 0.0, 0.0]",0,0.0,0.02341287141321391,0.02341287141321391,"[0.0, 0.0, np.float64(0.02341287141321391), np.float64(0.02341287141321391), np.float64(0.02341287141321391)]",0,0.0,0.024062507162971647,0.024062507162971647,"[0.0, 0.0, np.float64(0.024062507162971647), np.float64(0.024062507162971647), np.float64(0.024062507162971647)]",0
BIOMD0000000326,71,91,0,1000,0.0,1.1102230246251565e-16,1.1102230246251565e-16,"[np.float64(1.1102230246251565e-16), 0.0, 0.0, np.float64(1.1102230246251565e-16), np.float64(1.1102230246251565e-16), np.float64(1.1102230246251565e-16), np.float64(1.1102230246251565e-16), np.float64(1.1102230246251565e-16), np.float64(1.1102230246251565e-16), np.float64(1.1102230246251565e-16), np.float64(1.1102230246251565e-16), np.float64(1.1102230246251565e-16), np.float64(1.1102230246251565e-16), np.float64(1.1102230246251565e-16), np.float64(1.1102230246251565e-16), np.float64(1.1102230246251565e-16), np.float64(1.1102230246251565e-16), np.float64(1.1102230246251565e-16), np.float64(1.1102230246251565e-16), np.float64(1.1102230246251565e-16), np.float64(1.1102230246251565e-16), np.float64(1.1102230246251565e-16), np.float64(1.1102230246251565e-16), np.float64(1.1102230246251565e-16), np.float64(1.1102230246251565e-16), np.float64(1.1102230246251565e-16), np.float64(1.1102230246251565e-16), np.float64(1.1102230246251565e-16), np.float64(1.1102230246251565e-16), np.float64(1.1102230246251565e-16), np.float64(1.1102230246251565e-16), np.float64(1.1102230246251565e-16), np.float64(1.1102230246251565e-16), np.float64(1.1102230246251565e-16), np.float64(1.1102230246251565e-16), np.float64(1.1102230246251565e-16), np.float64(1.1102230246251565e-16), np.float64(1.1102230246251565e-16), np.float64(1.1102230246251565e-16), np.float64(1.1102230246251565e-16), np.float64(1.1102230246251565e-16), np.float64(1.1102230246251565e-16), np.float64(1.1102230246251565e-16), np.float64(1.1102230246251565e-16), np.float64(1.1102230246251565e-16), np.float64(1.1102230246251565e-16), np.float64(1.1102230246251565e-16), np.float64(1.1102230246251565e-16), np.float64(1.1102230246251565e-16), np.float64(1.1102230246251565e-16), np.float64(1.1102230246251565e-16), np.float64(1.1102230246251565e-16), np.float64(1.1102230246251565e-16), np.float64(1.1102230246251565e-16), np.float64(1.1102230246251565e-16), np.float64(1.1102230246251565e-16), np.float64(1.1102230246251565e-16), np.float64(1.1102230246251565e-16), np.float64(1.1102230246251565e-16), np.float64(1.1102230246251565e-16), np.float64(1.1102230246251565e-16), np.float64(1.1102230246251565e-16), np.float64(1.1102230246251565e-16), np.float64(1.1102230246251565e-16), np.float64(1.1102230246251565e-16), np.float64(1.1102230246251565e-16), np.float64(1.1102230246251565e-16), np.float64(1.1102230246251565e-16), 0.0, 0.0, 0.0]",2,0.0,0.19755004374690543,0.9999958438051741,"[np.float64(0.19755004374690543), 0.0, 0.0, np.float64(0.19755004374690543), np.float64(0.19755004374690543), np.float64(0.19755004374690543), np.float64(0.19755004374690543), np.float64(0.19755004374690543), np.float64(0.19755004374690543), np.float64(0.19755004374690543), np.float64(0.19755004374690543), np.float64(0.19755004374690543), np.float64(0.19755004374690543), np.float64(0.19755004374690543), np.float64(0.19755004374690543), np.float64(0.19755004374690543), np.float64(0.19755004374690543), np.float64(0.19755004374690543), np.float64(0.19755004374690543), np.float64(0.19755004374690543), np.float64(0.19755004374690543), np.float64(0.19755004374690543), np.float64(0.19755004374690543), np.float64(0.19755004374690543), np.float64(0.19755004374690543), np.float64(0.19755004374690543), np.float64(0.19755004374690543), np.float64(0.19755004374690543), np.float64(0.19755004374690543), np.float64(0.19755004374690543), np.float64(0.19755004374690543), np.float64(0.19755004374690543), np.float64(0.19755004374690543), np.float64(0.19755004374690543), np.float64(0.19755004374690543), np.float64(0.19755004374690543), np.float64(0.19755004374690543), np.float64(0.19755004374690543), np.float64(0.19755004374690543), np.float64(0.19755004374690543), np.float64(0.19755004374690543), np.float64(0.19755004374690543), np.float64(0.19755004374690543), np.float64(0.19755004374690543), np.float64(0.19755004374690543), np.float64(0.19755004374690543), np.float64(0.19755004374690543), np.float64(0.19755004374690543), np.float64(0.19755004374690543), np.float64(0.19755004374690543), np.float64(0.19755004374690543), np.float64(0.19755004374690543), np.float64(0.19755004374690543), np.float64(0.19755004374690543), np.float64(0.19755004374690543), np.float64(0.19755004374690543), np.float64(0.19755004374690543), np.float64(0.19755004374690543), np.float64(0.19755004374690543), np.float64(0.19755004374690543), np.float64(0.19755004374690543), np.float64(0.19755004374690543), np.float64(0.19755004374690543), np.float64(0.19755004374690543), np.float64(0.19755004374690543), np.float64(0.19755004374690543), np.float64(0.19755004374690543), np.float64(0.19755004374690543), np.float64(0.9999958438051656), np.float64(0.9999958438051741), 0.0]",164,0.0,0.0,0.0,"[0.0, 0.0, 0.0, 0.0, 0.0, 0.0, 0.0, 0.0, 0.0, 0.0, 0.0, 0.0, 0.0, 0.0, 0.0, 0.0, 0.0, 0.0, 0.0, 0.0, 0.0, 0.0, 0.0, 0.0, 0.0, 0.0, 0.0, 0.0, 0.0, 0.0, 0.0, 0.0, 0.0, 0.0, 0.0, 0.0, 0.0, 0.0, 0.0, 0.0, 0.0, 0.0, 0.0, 0.0, 0.0, 0.0, 0.0, 0.0, 0.0, 0.0, 0.0, 0.0, 0.0, 0.0, 0.0, 0.0, 0.0, 0.0, 0.0, 0.0, 0.0, 0.0, 0.0, 0.0, 0.0, 0.0, 0.0, 0.0, 0.0, 0.0, 0.0]",1563
BIOMD0000000328,18,29,0,1000,0.0,0.0,1.1102230246251565e-16,"[0.0, 0.0, 0.0, 0.0, 0.0, 0.0, np.float64(1.1102230246251565e-16), 0.0, 0.0, 0.0, 0.0, 0.0, 0.0, 0.0, 0.0, 0.0, 0.0, 0.0]",14,0.0,0.0,0.9999999887449377,"[0.0, 0.0, 0.0, 0.0, 0.0, 0.0, np.float64(0.9981447737990361), np.float64(0.9983597649859687), 0.0, np.float64(0.9999999887449377), 0.0, 0.0, 0.0, 0.0, 0.0, 0.0, np.float64(0.9981057855038781), np.float64(0.9989630137729488)]",267,0.0,0.0,0.0,"[0.0, 0.0, 0.0, 0.0, 0.0, 0.0, 0.0, 0.0, 0.0, 0.0, 0.0, 0.0, 0.0, 0.0, 0.0, 0.0, 0.0, 0.0]",1910
BIOMD0000000330,5,0,0,1000,0.0,0.0,0.0,"[0.0, 0.0, 0.0, 0.0, 0.0]",2,0.0,0.7869792625996255,0.8970974428633052,"[np.float64(0.8892948128013348), 0.0, np.float64(0.8970974428633052), np.float64(0.7869792625996255), np.float64(0.7414687076827131)]",9,0.0,0.0,0.0,"[0.0, 0.0, 0.0, 0.0, 0.0]",63
BIOMD0000000331,7,0,0,1000,0.0,0.0,1.1102230246251565e-16,"[np.float64(1.1102230246251565e-16), 0.0, 0.0, 0.0, 0.0, 0.0, 0.0]",2,0.0,0.03819604388410669,0.9999980905687548,"[np.float64(0.03819604388410669), 0.0, 0.0, np.float64(0.9999013149086937), np.float64(0.96413351451001), 0.0, np.float64(0.9999980905687548)]",29,0.0,0.0,0.9896705104802007,"[0.0, 0.0, np.float64(0.9896705104802007), np.float64(0.5948590518329988), 0.0, 0.0, 0.0]",234
BIOMD0000000333,54,45,0,1000,0.0,0.0,0.0,"[0.0, 0.0, 0.0, 0.0, 0.0, 0.0, 0.0, 0.0, 0.0, 0.0, 0.0, 0.0, 0.0, 0.0, 0.0, 0.0, 0.0, 0.0, 0.0, 0.0, 0.0, 0.0, 0.0, 0.0, 0.0, 0.0, 0.0, 0.0, 0.0, 0.0, 0.0, 0.0, 0.0, 0.0, 0.0, 0.0, 0.0, 0.0, 0.0, 0.0, 0.0, 0.0, 0.0, 0.0, 0.0, 0.0, 0.0, 0.0, 0.0, 0.0, 0.0, 0.0, 0.0, 0.0]",9,0.0,0.0,0.9992094032019618,"[np.float64(0.8755334911376562), np.float64(0.8755334973011554), 0.0, np.float64(0.9982692477541458), 0.0, 0.0, 0.0, 0.0, 0.0, 0.0, 0.0, 0.0, 0.0, 0.0, 0.0, 0.0, np.float64(0.00020694070611237958), 0.0, 0.0, 0.0, np.float64(0.00020694070611237958), np.float64(0.00020694070611237958), 0.0, 0.0, 0.0, 0.0, 0.0, 0.0, 0.0, np.float64(0.00020694070611237958), np.float64(0.7511697532704649), 0.0, np.float64(0.7468008771320356), np.float64(0.00020694070611237958), 0.0, 0.0, 0.0, 0.0, 0.0, np.float64(0.00020694070611237958), 0.0, 0.0, np.float64(0.00020694070611237958), 0.0, 0.0, 0.0, np.float64(0.13563605691142655), np.float64(0.14022965583199343), 0.0, np.float64(0.00020694070611237958), np.float64(0.9992094032019618), 0.0, np.float64(0.00020694070611237958), 0.0]",1002,0.0,0.0,0.9999999999995071,"[np.float64(0.9999561133664762), np.float64(0.999956113369226), np.float64(0.9999999999972234), np.float64(0.9999999999972929), 0.0, 0.0, 0.0, 0.0, 0.0, 0.0, 0.0, 0.0, 0.0, 0.0, 0.0, 0.0, 0.0, np.float64(0.9999999999919695), 0.0, 0.0, 0.0, 0.0, 0.0, 0.0, 0.0, 0.0, 0.0, 0.0, 0.0, 0.0, np.float64(0.9999999999991286), 0.0, np.float64(0.9999999999968361), 0.0, np.float64(0.9999999999991419), np.float64(0.9999999999991622), np.float64(0.9999999999829622), 0.0, 0.0, 0.0, 0.0, np.float64(0.9999999999995071), 0.0, 0.0, 0.0, np.float64(0.9999999999970338), np.float64(0.9999999999956057), np.float64(0.9999999999957543), np.float64(0.9999999999952455), 0.0, np.float64(0.9992094025812104), 0.0, 0.0, 0.0]",1707
BIOMD0000000335,34,31,0,1000,0.0,0.0,0.0,"[0.0, 0.0, 0.0, 0.0, 0.0, 0.0, 0.0, 0.0, 0.0, 0.0, 0.0, 0.0, 0.0, 0.0, 0.0, 0.0, 0.0, 0.0, 0.0, 0.0, 0.0, 0.0, 0.0, 0.0, 0.0, 0.0, 0.0, 0.0, 0.0, 0.0, 0.0, 0.0, 0.0, 0.0]",0,0.0,0.0,0.0,"[0.0, 0.0, 0.0, 0.0, 0.0, 0.0, 0.0, 0.0, 0.0, 0.0, 0.0, 0.0, 0.0, 0.0, 0.0, 0.0, 0.0, 0.0, 0.0, 0.0, 0.0, 0.0, 0.0, 0.0, 0.0, 0.0, 0.0, 0.0, 0.0, 0.0, 0.0, 0.0, 0.0, 0.0]",34,0.0,0.0,0.0,"[0.0, 0.0, 0.0, 0.0, 0.0, 0.0, 0.0, 0.0, 0.0, 0.0, 0.0, 0.0, 0.0, 0.0, 0.0, 0.0, 0.0, 0.0, 0.0, 0.0, 0.0, 0.0, 0.0, 0.0, 0.0, 0.0, 0.0, 0.0, 0.0, 0.0, 0.0, 0.0, 0.0, 0.0]",146
BIOMD0000000337,3,5,0,1000,0.0,0.0,0.0,"[0.0, 0.0, 0.0]",1,0.0,0.0,0.9998626323319754,"[0.0, np.float64(0.9998626323319754), 0.0]",7,0.0,0.999906518848132,0.9999990295957045,"[0.0, np.float64(0.9999990295957045), np.float64(0.999906518848132)]",29
BIOMD0000000344,50,80,0,1000,0.0,0.0,0.0,"[0.0, 0.0, 0.0, 0.0, 0.0, 0.0, 0.0, 0.0, 0.0, 0.0, 0.0, 0.0, 0.0, 0.0, 0.0, 0.0, 0.0, 0.0, 0.0, 0.0, 0.0, 0.0, 0.0, 0.0, 0.0, 0.0, 0.0, 0.0, 0.0, 0.0, 0.0, 0.0, 0.0, 0.0, 0.0, 0.0, 0.0, 0.0, 0.0, 0.0, 0.0, 0.0, 0.0, 0.0, 0.0, 0.0, 0.0, 0.0, 0.0, 0.0]",0,0.0,0.0,0.0,"[0.0, 0.0, 0.0, 0.0, 0.0, 0.0, 0.0, 0.0, 0.0, 0.0, 0.0, 0.0, 0.0, 0.0, 0.0, 0.0, 0.0, 0.0, 0.0, 0.0, 0.0, 0.0, 0.0, 0.0, 0.0, 0.0, 0.0, 0.0, 0.0, 0.0, 0.0, 0.0, 0.0, 0.0, 0.0, 0.0, 0.0, 0.0, 0.0, 0.0, 0.0, 0.0, 0.0, 0.0, 0.0, 0.0, 0.0, 0.0, 0.0, 0.0]",909,0.0,0.0,0.9999999999995054,"[np.float64(0.9999998810858038), 0.0, 0.0, 0.0, np.float64(0.9999993115590424), np.float64(0.9999929889789311), np.float64(0.9999999867815925), np.float64(0.9999999918643837), 0.0, 0.0, 0.0, 0.0, 0.0, 0.0, np.float64(0.9999973747054539), np.float64(0.999997374705454), np.float64(0.9999999968115918), 0.0, 0.0, np.float64(0.9999951266806838), 0.0, 0.0, 0.0, 0.0, 0.0, 0.0, 0.0, 0.0, 0.0, 0.0, 0.0, 0.0, 0.0, 0.0, 0.0, 0.0, 0.0, 0.0, 0.0, 0.0, np.float64(0.9999999921852316), np.float64(0.9999999925892411), 0.0, np.float64(0.9999999915238535), np.float64(0.9999999967444118), np.float64(0.9999938894931306), 0.0, 0.0, np.float64(0.9999999999995054), 0.0]",14886
BIOMD0000000346,2,0,0,1000,0.0,0.0,0.0,"[0.0, 0.0]",0,0.0,0.1965169860310123,0.3930339720620246,"[np.float64(0.3930339720620246), 0.0]",1,0.0,0.1657443755938467,0.3314887511876934,"[np.float64(0.3314887511876934), 0.0]",3
BIOMD0000000347,26,36,0,1000,0.0,0.0,0.0,"[0.0, 0.0, 0.0, 0.0, 0.0, 0.0, 0.0, 0.0, 0.0, 0.0, 0.0, 0.0, 0.0, 0.0, 0.0, 0.0, 0.0, 0.0, 0.0, 0.0, 0.0, 0.0, 0.0, 0.0, 0.0, 0.0]",0,0.0,0.07444286572971803,0.07444286572971803,"[0.0, 0.0, 0.0, 0.0, np.float64(0.07444286572971803), 0.0, 0.0, np.float64(0.07444286572971803), 0.0, 0.0, np.float64(0.07444286572971803), np.float64(0.07444286572971803), np.float64(0.07444286572971803), np.float64(0.07444286572971803), np.float64(0.07444286572971803), np.float64(0.07444286572971803), np.float64(0.07444286572971803), np.float64(0.07444286572971803), np.float64(0.07444286572971803), np.float64(0.07444286572971803), np.float64(0.07444286572971803), np.float64(0.07444286572971803), np.float64(0.07444286572971803), np.float64(0.07444286572971803), np.float64(0.07444286572971803), np.float64(0.07444286572971803)]",92,0.0,0.07444232858735123,0.9999999999906237,"[np.float64(0.9999999999906237), 0.0, 0.0, 0.0, np.float64(0.07444232858735123), np.float64(0.07444232858735123), np.float64(0.07444232858735123), np.float64(0.07444232858735123), 0.0, 0.0, np.float64(0.07444232858735123), np.float64(0.07444232858735123), np.float64(0.07444232858735123), np.float64(0.07444232858735123), np.float64(0.07444232858735123), np.float64(0.07444232858735123), np.float64(0.07444232858735123), np.float64(0.07444232858735123), np.float64(0.07444232858735123), np.float64(0.07444232858735123), np.float64(0.07444232858735123), np.float64(0.07444232858735123), np.float64(0.07444232858735123), np.float64(0.07444232858735123), np.float64(0.07444232858735123), np.float64(0.07444232858735123)]",17
BIOMD0000000350,14,30,0,1000,0.0,0.0,0.0,"[0.0, 0.0, 0.0, 0.0, 0.0, 0.0, 0.0, 0.0, 0.0, 0.0, 0.0, 0.0, 0.0, 0.0]",0,0.0,0.0,0.7629990632445145,"[0.0, 0.0, 0.0, 0.0, 0.0, np.float64(0.7629990632445145), 0.0, 0.0, 0.0, 0.0, 0.0, 0.0, 0.0, 0.0]",18,0.0,0.0,0.6780487535717978,"[0.0, 0.0, 0.0, 0.0, np.float64(0.6780487535717978), 0.0, 0.0, 0.0, 0.0, 0.0, 0.0, 0.0, 0.0, 0.0]",644
BIOMD0000000354,6,11,0,1000,0.0,0.0,0.0,"[0.0, 0.0, 0.0, 0.0, 0.0, 0.0]",0,0.0,0.0,0.0,"[0.0, 0.0, 0.0, 0.0, 0.0, 0.0]",3,0.0,0.0,0.0,"[0.0, 0.0, 0.0, 0.0, 0.0, 0.0]",94
BIOMD0000000355,9,17,0,1000,0.0,0.0,0.0,"[0.0, 0.0, 0.0, 0.0, 0.0, 0.0, 0.0, 0.0, 0.0]",0,0.0,0.0,0.9975180020968039,"[np.float64(0.9966353978743048), 0.0, np.float64(0.9589664901716358), 0.0, 0.0, 0.0, np.float64(0.06648900811190017), 0.0, np.float64(0.9975180020968039)]",38,0.0,0.23672062343342304,0.9969161146654413,"[np.float64(0.9969161146654413), np.float64(0.9860855111278259), np.float64(0.9596914284917831), 0.0, 0.0, 0.0, np.float64(0.14338393211938483), np.float64(0.23672062343342304), np.float64(0.9968910463379392)]",215
BIOMD0000000357,9,8,0,1000,0.0,0.0,0.0,"[0.0, 0.0, 0.0, 0.0, 0.0, 0.0, 0.0, 0.0, 0.0]",0,0.0,0.0,0.2016020636914675,"[0.0, 0.0, 0.0, 0.0, 0.0, 0.0, 0.0, 0.0, np.float64(0.2016020636914675)]",63,0.0,0.0,0.28317793125561797,"[0.0, 0.0, 0.0, 0.0, 0.0, 0.0, 0.0, 0.0, np.float64(0.28317793125561797)]",300
BIOMD0000000360,9,8,0,1000,0.0,0.0,0.0,"[0.0, 0.0, 0.0, 0.0, 0.0, 0.0, 0.0, 0.0, 0.0]",6,0.0,0.9999993462179613,0.9999999999999631,"[np.float64(0.9999999999999631), np.float64(0.9999999999999444), np.float64(0.9999999999999472), np.float64(0.9999999999998226), 0.0, np.float64(0.9999993459085799), np.float64(0.07915855638375202), np.float64(0.07915855638375202), np.float64(0.9999993462179613)]",50,0.0,0.9996423837063768,0.9999994023965093,"[np.float64(0.9996540467514328), np.float64(0.9996441994814428), np.float64(0.9996423837063768), np.float64(0.9995893453651414), 0.0, np.float64(0.9999994020396872), np.float64(0.07916480937876547), np.float64(0.07916480937876547), np.float64(0.9999994023965093)]",135
BIOMD0000000361,8,5,0,1000,0.0,0.0,0.0,"[0.0, 0.0, 0.0, 0.0, 0.0, 0.0, 0.0, 0.0]",2,0.0,0.0,0.9195172717621307,"[0.0, np.float64(0.900519561336318), 0.0, 0.0, np.float64(0.9195172717621307), 0.0, 0.0, 0.0]",27,0.0,0.0,0.0,"[0.0, 0.0, 0.0, 0.0, 0.0, 0.0, 0.0, 0.0]",280
BIOMD0000000362,34,33,0,1000,0.0,0.0,0.0,"[0.0, 0.0, 0.0, 0.0, 0.0, 0.0, 0.0, 0.0, 0.0, 0.0, 0.0, 0.0, 0.0, 0.0, 0.0, 0.0, 0.0, 0.0, 0.0, 0.0, 0.0, 0.0, 0.0, 0.0, 0.0, 0.0, 0.0, 0.0, 0.0, 0.0, 0.0, 0.0, 0.0, 0.0]",0,0.0,0.0,0.0,"[0.0, 0.0, 0.0, 0.0, 0.0, 0.0, 0.0, 0.0, 0.0, 0.0, 0.0, 0.0, 0.0, 0.0, 0.0, 0.0, 0.0, 0.0, 0.0, 0.0, 0.0, 0.0, 0.0, 0.0, 0.0, 0.0, 0.0, 0.0, 0.0, 0.0, 0.0, 0.0, 0.0, 0.0]",33,0.0,0.0,0.0,"[0.0, 0.0, 0.0, 0.0, 0.0, 0.0, 0.0, 0.0, 0.0, 0.0, 0.0, 0.0, 0.0, 0.0, 0.0, 0.0, 0.0, 0.0, 0.0, 0.0, 0.0, 0.0, 0.0, 0.0, 0.0, 0.0, 0.0, 0.0, 0.0, 0.0, 0.0, 0.0, 0.0, 0.0]",342
BIOMD0000000363,4,4,0,1000,0.0,0.0,0.0,"[0.0, 0.0, 0.0, 0.0]",0,0.0,0.009140505201213789,0.018281010402427578,"[0.0, 0.0, np.float64(0.018281010402427578), np.float64(0.018281010402427578)]",0,0.0,0.010732888483426184,0.021465776966852368,"[0.0, 0.0, np.float64(0.021465776966852368), np.float64(0.021465776966852368)]",1
BIOMD0000000364,14,16,0,1000,0.0,0.0,0.0,"[0.0, 0.0, 0.0, 0.0, 0.0, 0.0, 0.0, 0.0, 0.0, 0.0, 0.0, 0.0, 0.0, 0.0]",0,0.0,0.0,0.18971985755279974,"[0.0, 0.0, 0.0, 0.0, np.float64(0.18971985755279974), np.float64(0.18971985755279974), 0.0, 0.0, 0.0, 0.0, np.float64(0.18971985755279974), np.float64(0.18971985755279974), np.float64(0.18971985755279974), 0.0]",85,0.0,0.0,0.36233770208212723,"[0.0, 0.0, 0.0, 0.0, np.float64(0.36233770208212723), np.float64(0.36233770208212723), 0.0, 0.0, 0.0, 0.0, np.float64(0.36233770208212723), np.float64(0.36233770208212723), np.float64(0.36233770208212723), np.float64(0.36233770208212723)]",441
BIOMD0000000365,30,33,0,1000,1.1102230246251565e-16,1.1102230246251565e-16,1.1102230246251565e-16,"[np.float64(1.1102230246251565e-16), np.float64(1.1102230246251565e-16), np.float64(1.1102230246251565e-16), np.float64(1.1102230246251565e-16), np.float64(1.1102230246251565e-16), np.float64(1.1102230246251565e-16), np.float64(1.1102230246251565e-16), np.float64(1.1102230246251565e-16), np.float64(1.1102230246251565e-16), np.float64(1.1102230246251565e-16), np.float64(1.1102230246251565e-16), np.float64(1.1102230246251565e-16), np.float64(1.1102230246251565e-16), np.float64(1.1102230246251565e-16), np.float64(1.1102230246251565e-16), np.float64(1.1102230246251565e-16), np.float64(1.1102230246251565e-16), np.float64(1.1102230246251565e-16), np.float64(1.1102230246251565e-16), np.float64(1.1102230246251565e-16), np.float64(1.1102230246251565e-16), np.float64(1.1102230246251565e-16), np.float64(1.1102230246251565e-16), np.float64(1.1102230246251565e-16), np.float64(1.1102230246251565e-16), np.float64(1.1102230246251565e-16), np.float64(1.1102230246251565e-16), np.float64(1.1102230246251565e-16), np.float64(1.1102230246251565e-16), np.float64(1.1102230246251565e-16)]",0,0.0,0.0,0.0,"[0.0, 0.0, 0.0, 0.0, 0.0, 0.0, 0.0, 0.0, 0.0, 0.0, 0.0, 0.0, 0.0, 0.0, 0.0, 0.0, 0.0, 0.0, 0.0, 0.0, 0.0, 0.0, 0.0, 0.0, 0.0, 0.0, 0.0, 0.0, 0.0, 0.0]",0,0.0,0.0,0.0,"[0.0, 0.0, 0.0, 0.0, 0.0, 0.0, 0.0, 0.0, 0.0, 0.0, 0.0, 0.0, 0.0, 0.0, 0.0, 0.0, 0.0, 0.0, 0.0, 0.0, 0.0, 0.0, 0.0, 0.0, 0.0, 0.0, 0.0, 0.0, 0.0, 0.0]",0
BIOMD0000000366,12,8,0,1000,0.0,0.0,0.0,"[0.0, 0.0, 0.0, 0.0, 0.0, 0.0, 0.0, 0.0, 0.0, 0.0, 0.0, 0.0]",0,0.0,0.0,0.9999999703627016,"[0.0, 0.0, 0.0, 0.0, np.float64(0.14862802888144566), 0.0, np.float64(0.9999999431267949), 0.0, np.float64(0.9999999703627016), 0.0, 0.0, 0.0]",42,0.0,0.2427586842439664,0.978213029673576,"[0.0, np.float64(0.978213029673576), np.float64(0.9666680836163636), np.float64(0.2427586842439664), np.float64(0.2427586842439664), 0.0, np.float64(0.552926795854195), 0.0, np.float64(0.7566574484886277), 0.0, np.float64(0.9560849637030103), np.float64(0.2427586842439664)]",452
BIOMD0000000371,3,0,0,1000,0.0,0.0,0.0,"[0.0, 0.0, 0.0]",0,0.0,0.0,0.0,"[0.0, 0.0, 0.0]",3,0.0,0.0,0.0,"[0.0, 0.0, 0.0]",11
BIOMD0000000372,6,0,0,1000,0.0,0.0,0.0,"[0.0, 0.0, 0.0, 0.0, 0.0, 0.0]",0,0.0,0.0,0.0,"[0.0, 0.0, 0.0, 0.0, 0.0, 0.0]",13,0.0,0.0,0.0,"[0.0, 0.0, 0.0, 0.0, 0.0, 0.0]",113
BIOMD0000000373,7,0,0,1000,0.0,0.0,0.0,"[0.0, 0.0, 0.0, 0.0, 0.0, 0.0, 0.0]",0,0.0,0.0,0.0,"[0.0, 0.0, 0.0, 0.0, 0.0, 0.0, 0.0]",0,0.0,0.0,0.0,"[0.0, 0.0, 0.0, 0.0, 0.0, 0.0, 0.0]",11
BIOMD0000000374,5,0,0,1000,0.0,0.0,0.0,"[0.0, 0.0, 0.0, 0.0, 0.0]",0,0.0,0.0,0.0,"[0.0, 0.0, 0.0, 0.0, 0.0]",0,0.0,0.0,0.0,"[0.0, 0.0, 0.0, 0.0, 0.0]",9
BIOMD0000000375,5,0,0,1000,0.0,0.0,0.0,"[0.0, 0.0, 0.0, 0.0, 0.0]",0,0.0,0.0,0.0,"[0.0, 0.0, 0.0, 0.0, 0.0]",0,0.0,0.0,0.0,"[0.0, 0.0, 0.0, 0.0, 0.0]",3
BIOMD0000000376,11,0,0,1000,0.0,0.0,0.0,"[0.0, 0.0, 0.0, 0.0, 0.0, 0.0, 0.0, 0.0, 0.0, 0.0, 0.0]",0,0.0,0.0,0.0,"[0.0, 0.0, 0.0, 0.0, 0.0, 0.0, 0.0, 0.0, 0.0, 0.0, 0.0]",2,0.0,0.0,0.009505145159072859,"[0.0, 0.0, np.float64(0.009505145159072859), 0.0, 0.0, 0.0, 0.0, 0.0, 0.0, 0.0, 0.0]",63
BIOMD0000000377,4,0,0,1000,0.0,0.0,0.0,"[0.0, 0.0, 0.0, 0.0]",0,0.0,0.0,0.0,"[0.0, 0.0, 0.0, 0.0]",1,0.0,0.0,0.0,"[0.0, 0.0, 0.0, 0.0]",19
BIOMD0000000378,6,0,0,1000,0.0,0.0,0.0,"[0.0, 0.0, 0.0, 0.0, 0.0, 0.0]",0,0.0,0.0,0.0,"[0.0, 0.0, 0.0, 0.0, 0.0, 0.0]",28,0.0,0.0,0.0,"[0.0, 0.0, 0.0, 0.0, 0.0, 0.0]",134
BIOMD0000000379,12,0,0,1000,0.0,0.0,3.3306690738754696e-16,"[0.0, 0.0, 0.0, 0.0, 0.0, 0.0, 0.0, 0.0, 0.0, 0.0, 0.0, np.float64(3.3306690738754696e-16)]",2,0.0,0.0,0.0,"[0.0, 0.0, 0.0, 0.0, 0.0, 0.0, 0.0, 0.0, 0.0, 0.0, 0.0, 0.0]",31,0.0,0.0,0.0,"[0.0, 0.0, 0.0, 0.0, 0.0, 0.0, 0.0, 0.0, 0.0, 0.0, 0.0, 0.0]",358
BIOMD0000000382,6,0,0,1000,0.0,0.0,0.0,"[0.0, 0.0, 0.0, 0.0, 0.0, 0.0]",0,0.0,0.0,0.0,"[0.0, 0.0, 0.0, 0.0, 0.0, 0.0]",7,0.0,0.0,0.0,"[0.0, 0.0, 0.0, 0.0, 0.0, 0.0]",51
BIOMD0000000383,2,4,0,1000,0.0,0.0,0.0,"[0.0, 0.0]",0,0.0,0.0,0.0,"[0.0, 0.0]",3,0.0,0.48105431590386255,0.9621086318077251,"[0.0, np.float64(0.9621086318077251)]",7
BIOMD0000000384,2,4,0,1000,0.0,0.0,0.0,"[0.0, 0.0]",0,0.0,0.0,0.0,"[0.0, 0.0]",3,0.0,0.015919162659786268,0.031838325319572536,"[np.float64(0.031838325319572536), 0.0]",5
BIOMD0000000385,2,4,0,1000,0.0,0.0,0.0,"[0.0, 0.0]",0,0.0,0.0,0.0,"[0.0, 0.0]",3,0.0,0.0,0.0,"[0.0, 0.0]",4
BIOMD0000000386,2,4,0,1000,0.0,0.0,0.0,"[0.0, 0.0]",0,0.0,0.0,0.0,"[0.0, 0.0]",0,0.0,0.0,0.0,"[0.0, 0.0]",0
BIOMD0000000387,2,4,0,1000,0.0,0.0,0.0,"[0.0, 0.0]",0,0.0,0.0,0.0,"[0.0, 0.0]",3,0.0,0.0,0.0,"[0.0, 0.0]",5
BIOMD0000000388,5,7,0,1000,0.0,0.0,0.0,"[0.0, 0.0, 0.0, 0.0, 0.0]",0,0.0,0.0,0.0,"[0.0, 0.0, 0.0, 0.0, 0.0]",18,0.0,0.0,0.0,"[0.0, 0.0, 0.0, 0.0, 0.0]",99
BIOMD0000000389,19,18,0,1000,0.0,0.0,0.0,"[0.0, 0.0, 0.0, 0.0, 0.0, 0.0, 0.0, 0.0, 0.0, 0.0, 0.0, 0.0, 0.0, 0.0, 0.0, 0.0, 0.0, 0.0, 0.0]",0,0.0,0.0,0.0,"[0.0, 0.0, 0.0, 0.0, 0.0, 0.0, 0.0, 0.0, 0.0, 0.0, 0.0, 0.0, 0.0, 0.0, 0.0, 0.0, 0.0, 0.0, 0.0]",322,0.0,0.0,0.0,"[0.0, 0.0, 0.0, 0.0, 0.0, 0.0, 0.0, 0.0, 0.0, 0.0, 0.0, 0.0, 0.0, 0.0, 0.0, 0.0, 0.0, 0.0, 0.0]",950
BIOMD0000000390,7,6,0,1000,0.0,0.0,0.0,"[0.0, 0.0, 0.0, 0.0, 0.0, 0.0, 0.0]",0,0.0,0.0,0.826386653245982,"[0.0, 0.0, 0.0, 0.0, np.float64(0.826386653245982), 0.0, 0.0]",11,0.0,0.0,0.0,"[0.0, 0.0, 0.0, 0.0, 0.0, 0.0, 0.0]",184
BIOMD0000000391,16,21,0,1000,0.0,0.0,4.440892098500626e-16,"[0.0, 0.0, 0.0, 0.0, np.float64(2.220446049250313e-16), 0.0, 0.0, np.float64(1.1102230246251565e-16), 0.0, 0.0, 0.0, 0.0, 0.0, 0.0, np.float64(4.440892098500626e-16), np.float64(1.1102230246251565e-16)]",13,0.6328155415421968,0.6519032568838485,0.9999951931286318,"[np.float64(0.9999881456774666), np.float64(0.9999951931286318), np.float64(0.9922704318115138), np.float64(0.6328155415421968), np.float64(0.6328822195570318), np.float64(0.6537010409978314), np.float64(0.707566720632163), np.float64(0.6368483168661467), np.float64(0.6501054727698657), np.float64(0.6385014789803598), np.float64(0.635194783876518), np.float64(0.6351949649836344), np.float64(0.6351949586792291), np.float64(0.7076196984790715), np.float64(0.7076669226049344), np.float64(0.9999128538306691)]",272,0.0,0.0,0.9999999967971606,"[np.float64(0.9999999967971606), np.float64(0.9999519839588181), np.float64(0.8970764374455149), 0.0, 0.0, 0.0, 0.0, 0.0, 0.0, 0.0, 0.0, 0.0, 0.0, 0.0, 0.0, np.float64(0.9988946832921147)]",2448
BIOMD0000000392,23,27,0,1000,0.0,0.0,0.0,"[0.0, 0.0, 0.0, 0.0, 0.0, 0.0, 0.0, 0.0, 0.0, 0.0, 0.0, 0.0, 0.0, 0.0, 0.0, 0.0, 0.0, 0.0, 0.0, 0.0, 0.0, 0.0, 0.0]",0,0.0,0.9974200275434758,0.9999996564546163,"[np.float64(0.9992417044720313), np.float64(0.9999962623477661), 0.0, 0.0, np.float64(0.9997307240363918), np.float64(0.9999012590303598), np.float64(0.9998937486191266), np.float64(0.7475080329854324), np.float64(0.7591834671471835), np.float64(0.9999822813287322), np.float64(0.8199475104635965), np.float64(0.7587760404885797), np.float64(0.9999941756202203), np.float64(0.9996707156158346), np.float64(0.9999546802755658), np.float64(0.9991988607047042), np.float64(0.9999996564546163), np.float64(0.9949480769856166), np.float64(0.9952600145575982), 0.0, np.float64(0.9974200275434758), 0.0, 0.0]",519,0.0,0.0,0.9455210054361057,"[0.0, 0.0, 0.0, 0.0, 0.0, 0.0, 0.0, 0.0, 0.0, 0.0, 0.0, 0.0, 0.0, 0.0, 0.0, 0.0, 0.0, np.float64(0.5792207935398772), np.float64(0.25684018104964057), 0.0, 0.0, np.float64(0.9455210054361057), 0.0]",6768
BIOMD0000000393,28,36,0,1000,0.0,0.0,0.0,"[0.0, 0.0, 0.0, 0.0, 0.0, 0.0, 0.0, 0.0, 0.0, 0.0, 0.0, 0.0, 0.0, 0.0, 0.0, 0.0, 0.0, 0.0, 0.0, 0.0, 0.0, 0.0, 0.0, 0.0, 0.0, 0.0, 0.0, 0.0]",0,0.0,0.0,0.9999940955186145,"[np.float64(0.9999940955186145), np.float64(0.9998103694994785), np.float64(0.9990958906341034), 0.0, 0.0, np.float64(0.9912995423908917), np.float64(0.9689975141825409), 0.0, np.float64(0.99997289686916), 0.0, np.float64(0.9998397832432275), 0.0, 0.0, np.float64(0.8719727170081666), 0.0, np.float64(0.9284432574820114), np.float64(0.9709499313314701), np.float64(0.99994653248572), 0.0, np.float64(0.8688424951239746), 0.0, np.float64(0.9979780483169122), 0.0, 0.0, 0.0, 0.0, 0.0, 0.0]",618,0.0,0.0,0.0,"[0.0, 0.0, 0.0, 0.0, 0.0, 0.0, 0.0, 0.0, 0.0, 0.0, 0.0, 0.0, 0.0, 0.0, 0.0, 0.0, 0.0, 0.0, 0.0, 0.0, 0.0, 0.0, 0.0, 0.0, 0.0, 0.0, 0.0, 0.0]",9601
BIOMD0000000394,23,10,0,1000,0.0,0.0,0.0,"[0.0, 0.0, 0.0, 0.0, 0.0, 0.0, 0.0, 0.0, 0.0, 0.0, 0.0, 0.0, 0.0, 0.0, 0.0, 0.0, 0.0, 0.0, 0.0, 0.0, 0.0, 0.0, 0.0]",0,0.0,0.17262187318457,0.9741055615322419,"[np.float64(0.4858214168525423), np.float64(0.4858214168531535), np.float64(0.5915182310205629), np.float64(0.5915182309868317), 0.0, 0.0, 0.0, 0.0, np.float64(0.17262187318457), np.float64(0.17262187318457), np.float64(0.5469843875276476), 0.0, 0.0, np.float64(0.17262187318457), np.float64(0.9741055615322419), np.float64(0.17262187318457), 0.0, 0.0, np.float64(0.17262187318457), np.float64(0.9475549273318881), np.float64(0.17262187318457), 0.0, 0.0]",121,0.0,0.0,0.6158474740446469,"[0.0, 0.0, 0.0, 0.0, 0.0, 0.0, 0.0, 0.0, np.float64(0.3009652964481394), np.float64(0.3009652964481394), 0.0, 0.0, 0.0, np.float64(0.3009652964481394), np.float64(0.6158474740446469), np.float64(0.3009652964481394), 0.0, 0.0, np.float64(0.3009652964481394), 0.0, np.float64(0.3009652964481394), 0.0, 0.0]",2460
BIOMD0000000395,23,12,0,1000,0.0,0.0,1.1102230246251565e-16,"[np.float64(1.1102230246251565e-16), np.float64(1.1102230246251565e-16), 0.0, 0.0, 0.0, 0.0, 0.0, 0.0, np.float64(1.1102230246251565e-16), 0.0, np.float64(1.1102230246251565e-16), 0.0, 0.0, 0.0, 0.0, 0.0, 0.0, np.float64(1.1102230246251565e-16), np.float64(1.1102230246251565e-16), np.float64(1.1102230246251565e-16), 0.0, 0.0, 0.0]",9,0.0,0.0,0.23970482434844087,"[0.0, np.float64(0.23970482434844087), 0.0, 0.0, 0.0, 0.0, 0.0, 0.0, np.float64(0.23970482434844087), 0.0, 0.0, 0.0, 0.0, 0.0, 0.0, 0.0, 0.0, 0.0, 0.0, np.float64(0.23970482434844087), 0.0, 0.0, 0.0]",345,0.0,0.0,0.0,"[0.0, 0.0, 0.0, 0.0, 0.0, 0.0, 0.0, 0.0, 0.0, 0.0, 0.0, 0.0, 0.0, 0.0, 0.0, 0.0, 0.0, 0.0, 0.0, 0.0, 0.0, 0.0, 0.0]",3089
BIOMD0000000396,36,16,0,1000,0.0,0.0,0.0,"[0.0, 0.0, 0.0, 0.0, 0.0, 0.0, 0.0, 0.0, 0.0, 0.0, 0.0, 0.0, 0.0, 0.0, 0.0, 0.0, 0.0, 0.0, 0.0, 0.0, 0.0, 0.0, 0.0, 0.0, 0.0, 0.0, 0.0, 0.0, 0.0, 0.0, 0.0, 0.0, 0.0, 0.0, 0.0, 0.0]",0,0.0,0.0,0.9544346196983368,"[0.0, 0.0, 0.0, 0.0, 0.0, 0.0, 0.0, 0.0, 0.0, 0.0, 0.0, np.float64(0.7123821978267599), 0.0, 0.0, 0.0, 0.0, np.float64(0.1943766679304858), 0.0, np.float64(0.9544346196983368), np.float64(0.7244536216245778), 0.0, 0.0, 0.0, 0.0, 0.0, 0.0, 0.0, 0.0, 0.0, 0.0, 0.0, 0.0, 0.0, 0.0, 0.0, 0.0]",198,0.0,0.0,0.0,"[0.0, 0.0, 0.0, 0.0, 0.0, 0.0, 0.0, 0.0, 0.0, 0.0, 0.0, 0.0, 0.0, 0.0, 0.0, 0.0, 0.0, 0.0, 0.0, 0.0, 0.0, 0.0, 0.0, 0.0, 0.0, 0.0, 0.0, 0.0, 0.0, 0.0, 0.0, 0.0, 0.0, 0.0, 0.0, 0.0]",5026
BIOMD0000000397,50,29,0,1000,0.0,0.0,1.1102230246251565e-16,"[0.0, 0.0, 0.0, 0.0, 0.0, 0.0, 0.0, np.float64(1.1102230246251565e-16), 0.0, 0.0, 0.0, 0.0, 0.0, 0.0, 0.0, 0.0, 0.0, 0.0, 0.0, 0.0, 0.0, 0.0, 0.0, 0.0, 0.0, 0.0, 0.0, 0.0, 0.0, np.float64(1.1102230246251565e-16), 0.0, 0.0, 0.0, 0.0, 0.0, 0.0, 0.0, 0.0, 0.0, 0.0, 0.0, 0.0, 0.0, 0.0, 0.0, 0.0, 0.0, 0.0, 0.0, 0.0]",14,0.0,0.0,0.07950756305701712,"[0.0, 0.0, 0.0, 0.0, 0.0, 0.0, 0.0, 0.0, 0.0, np.float64(0.07950756305701712), 0.0, 0.0, np.float64(0.07950756305701712), np.float64(0.07950756305701712), 0.0, 0.0, np.float64(0.07950756305701712), np.float64(0.07950756305701712), np.float64(0.07950756305701712), np.float64(0.07950756305701712), np.float64(0.07950756305701712), 0.0, np.float64(0.07950756305701712), 0.0, 0.0, 0.0, 0.0, 0.0, 0.0, 0.0, 0.0, 0.0, np.float64(0.07950756305701712), np.float64(0.07950756305701712), 0.0, 0.0, 0.0, np.float64(0.07950756305701712), np.float64(0.07950756305701712), 0.0, np.float64(0.07950756305701712), 0.0, 0.0, np.float64(0.07950756305701712), 0.0, 0.0, 0.0, np.float64(0.07950756305701712), np.float64(0.07950756305701712), np.float64(0.07950756305701712)]",748,0.0,0.0,0.999999999999987,"[np.float64(0.9999999999999474), 0.0, 0.0, 0.0, 0.0, np.float64(0.999999999999987), 0.0, np.float64(0.9999999999998624), np.float64(0.9999999999998631), 0.0, 0.0, 0.0, 0.0, 0.0, np.float64(0.9999999999999852), 0.0, 0.0, 0.0, 0.0, 0.0, 0.0, 0.0, 0.0, 0.0, np.float64(0.9999999999999647), 0.0, 0.0, 0.0, 0.0, 0.0, 0.0, 0.0, 0.0, 0.0, 0.0, np.float64(0.9999999999999689), 0.0, 0.0, 0.0, 0.0, 0.0, np.float64(0.9999999999999832), 0.0, 0.0, np.float64(0.9999999999999705), np.float64(0.9999999999999704), 0.0, 0.0, 0.0, 0.0]",2490
BIOMD0000000398,27,12,0,1000,0.0,0.0,1.1102230246251565e-16,"[0.0, 0.0, 0.0, 0.0, 0.0, 0.0, 0.0, 0.0, np.float64(1.1102230246251565e-16), np.float64(1.1102230246251565e-16), 0.0, 0.0, 0.0, 0.0, 0.0, 0.0, 0.0, np.float64(1.1102230246251565e-16), np.float64(1.1102230246251565e-16), 0.0, 0.0, 0.0, 0.0, 0.0, 0.0, 0.0, 0.0]",11,0.0,0.0,0.999999998397876,"[0.0, 0.0, 0.0, 0.0, 0.0, 0.0, 0.0, np.float64(0.7924600025385877), np.float64(0.9999999983978757), np.float64(0.999999998397876), np.float64(0.9999999983978751), 0.0, 0.0, 0.0, 0.0, 0.0, 0.0, np.float64(0.9999999983978757), np.float64(0.999999998397876), np.float64(0.9999999983978751), 0.0, 0.0, 0.0, 0.0, 0.0, 0.0, 0.0]",424,0.0,0.0,0.0,"[0.0, 0.0, 0.0, 0.0, 0.0, 0.0, 0.0, 0.0, 0.0, 0.0, 0.0, 0.0, 0.0, 0.0, 0.0, 0.0, 0.0, 0.0, 0.0, 0.0, 0.0, 0.0, 0.0, 0.0, 0.0, 0.0, 0.0]",4313
BIOMD0000000399,93,125,0,1000,0.0,0.0,1.1102230246251565e-16,"[0.0, 0.0, 0.0, 0.0, 0.0, 0.0, 0.0, 0.0, 0.0, 0.0, 0.0, 0.0, 0.0, 0.0, 0.0, 0.0, 0.0, 0.0, 0.0, 0.0, 0.0, 0.0, 0.0, 0.0, 0.0, 0.0, 0.0, 0.0, 0.0, 0.0, 0.0, 0.0, 0.0, 0.0, 0.0, 0.0, 0.0, 0.0, 0.0, 0.0, 0.0, 0.0, 0.0, 0.0, 0.0, 0.0, 0.0, 0.0, 0.0, 0.0, 0.0, 0.0, 0.0, 0.0, 0.0, 0.0, 0.0, 0.0, np.float64(1.1102230246251565e-16), 0.0, 0.0, 0.0, 0.0, 0.0, 0.0, 0.0, 0.0, 0.0, 0.0, 0.0, 0.0, 0.0, 0.0, 0.0, 0.0, 0.0, 0.0, 0.0, 0.0, 0.0, 0.0, 0.0, 0.0, 0.0, 0.0, 0.0, 0.0, 0.0, 0.0, 0.0, 0.0, 0.0, 0.0]",30,0.0,0.0,0.9946097667195684,"[0.0, 0.0, 0.0, 0.0, 0.0, 0.0, 0.0, 0.0, 0.0, 0.0, 0.0, 0.0, 0.0, np.float64(0.4558844532766678), 0.0, 0.0, 0.0, 0.0, 0.0, 0.0, 0.0, 0.0, 0.0, 0.0, 0.0, 0.0, 0.0, 0.0, 0.0, 0.0, 0.0, 0.0, 0.0, 0.0, 0.0, 0.0, 0.0, 0.0, 0.0, 0.0, 0.0, 0.0, 0.0, 0.0, 0.0, np.float64(0.9946097667195684), 0.0, np.float64(0.9924348305015469), 0.0, np.float64(0.8149054018401496), 0.0, 0.0, 0.0, np.float64(0.8803224378058203), 0.0, 0.0, 0.0, np.float64(0.7343312932683604), np.float64(0.732089022541742), np.float64(0.9463586084729039), 0.0, 0.0, 0.0, 0.0, 0.0, 0.0, 0.0, 0.0, 0.0, 0.0, 0.0, 0.0, 0.0, 0.0, 0.0, 0.0, 0.0, 0.0, 0.0, 0.0, 0.0, 0.0, 0.0, 0.0, 0.0, 0.0, 0.0, 0.0, 0.0, 0.0, 0.0, 0.0, 0.0]",7775,0.0,0.0,0.6865168587405324,"[0.0, 0.0, 0.0, 0.0, np.float64(0.00617827502213808), 0.0, np.float64(0.6865168587405324), 0.0, 0.0, np.float64(0.006051349118051608), 0.0, 0.0, 0.0, 0.0, 0.0, 0.0, 0.0, 0.0, 0.0, np.float64(0.0022400091564221958), 0.0, 0.0, 0.0, 0.0, 0.0, np.float64(0.13042172059355295), 0.0, 0.0, 0.0, 0.0, np.float64(0.0834334620460826), np.float64(0.13466454005272488), np.float64(0.08115137836391495), np.float64(0.16697777408191805), 0.0, np.float64(0.031434672242666606), 0.0, 0.0, 0.0, 0.0, np.float64(0.07370675778250269), 0.0, np.float64(0.14492978251920619), np.float64(0.09528561695597892), np.float64(0.14863311536338897), 0.0, np.float64(0.19051042888813896), 0.0, 0.0, 0.0, 0.0, 0.0, 0.0, 0.0, 0.0, 0.0, 0.0, 0.0, 0.0, 0.0, 0.0, 0.0, np.float64(0.08107283992685954), 0.0, np.float64(0.11737207179703968), 0.0, np.float64(0.05651803247798126), 0.0, 0.0, 0.0, np.float64(0.0016656308429757738), np.float64(0.027050206975397284), np.float64(0.036641942797038696), 0.0, 0.0, np.float64(0.05195433189477194), 0.0, 0.0, np.float64(0.06413372883746771), 0.0, 0.0, 0.0, 0.0, 0.0, 0.0, 0.0, 0.0, np.float64(0.5853116880581397), 0.0, np.float64(0.2665240987969636), 0.0, np.float64(0.49435681791887487), np.float64(0.08110800422172026)]",27187
BIOMD0000000400,13,0,0,1000,0.0,0.0,0.0,"[0.0, 0.0, 0.0, 0.0, 0.0, 0.0, 0.0, 0.0, 0.0, 0.0, 0.0, 0.0, 0.0]",0,0.0,0.0,0.0,"[0.0, 0.0, 0.0, 0.0, 0.0, 0.0, 0.0, 0.0, 0.0, 0.0, 0.0, 0.0, 0.0]",67,0.0,0.0,0.0,"[0.0, 0.0, 0.0, 0.0, 0.0, 0.0, 0.0, 0.0, 0.0, 0.0, 0.0, 0.0, 0.0]",319
BIOMD0000000401,3,0,0,1000,0.0,0.0,0.0,"[0.0, 0.0, 0.0]",0,0.0,0.0,0.0,"[0.0, 0.0, 0.0]",3,0.0,0.0,0.0,"[0.0, 0.0, 0.0]",9
BIOMD0000000402,4,0,0,1000,0.0,0.0,0.0,"[0.0, 0.0, 0.0, 0.0]",0,0.0,0.0,0.0,"[0.0, 0.0, 0.0, 0.0]",2,0.0,0.0,0.0,"[0.0, 0.0, 0.0, 0.0]",3
BIOMD0000000405,6,8,0,1000,0.0,0.0,0.0,"[0.0, 0.0, 0.0, 0.0, 0.0, 0.0]",1,0.0,0.47187281168771456,0.9509849282216568,"[0.0, 0.0, np.float64(0.9509849282216568), np.float64(0.9509849282216568), np.float64(0.9437456233754291), 0.0]",5,0.0,0.0,0.0,"[0.0, 0.0, 0.0, 0.0, 0.0, 0.0]",18
BIOMD0000000406,24,51,0,1000,0.0,0.0,2.220446049250313e-16,"[0.0, np.float64(2.220446049250313e-16), np.float64(2.220446049250313e-16), 0.0, 0.0, 0.0, np.float64(2.220446049250313e-16), np.float64(2.220446049250313e-16), 0.0, 0.0, 0.0, 0.0, 0.0, 0.0, 0.0, 0.0, np.float64(2.220446049250313e-16), np.float64(2.220446049250313e-16), np.float64(2.220446049250313e-16), 0.0, np.float64(2.220446049250313e-16), np.float64(2.220446049250313e-16), 0.0, 0.0]",5,0.0,0.0,0.9800486043441408,"[0.0, np.float64(0.08729958405869631), 0.0, 0.0, np.float64(0.980036594347643), np.float64(0.9794647223535524), np.float64(0.08729958405869631), 0.0, 0.0, 0.0, 0.0, 0.0, 0.0, 0.0, 0.0, 0.0, np.float64(0.08729958405869631), np.float64(0.08729958405869631), 0.0, np.float64(0.9794764497219353), np.float64(0.08729958405869631), np.float64(0.08729958405869631), np.float64(0.9800486043441408), np.float64(0.9795188783663213)]",263,0.0,0.09742151885050065,0.9432993842053772,"[0.0, np.float64(0.09742151885050065), np.float64(0.09742151885050065), 0.0, np.float64(0.9432746057937322), np.float64(0.9420540215987959), np.float64(0.09742151885050065), np.float64(0.09742151885050065), 0.0, 0.0, 0.0, 0.0, 0.0, 0.0, 0.0, 0.0, np.float64(0.09742151885050065), np.float64(0.09742151885050065), np.float64(0.09742151885050065), np.float64(0.9420781741521785), np.float64(0.09742151885050065), np.float64(0.09742151885050065), np.float64(0.9432993842053772), np.float64(0.9422456566297921)]",2484
BIOMD0000000407,47,88,0,1000,0.0,0.0,0.0,"[0.0, 0.0, 0.0, 0.0, 0.0, 0.0, 0.0, 0.0, 0.0, 0.0, 0.0, 0.0, 0.0, 0.0, 0.0, 0.0, 0.0, 0.0, 0.0, 0.0, 0.0, 0.0, 0.0, 0.0, 0.0, 0.0, 0.0, 0.0, 0.0, 0.0, 0.0, 0.0, 0.0, 0.0, 0.0, 0.0, 0.0, 0.0, 0.0, 0.0, 0.0, 0.0, 0.0, 0.0, 0.0, 0.0, 0.0]",0,0.0,0.0,0.0,"[0.0, 0.0, 0.0, 0.0, 0.0, 0.0, 0.0, 0.0, 0.0, 0.0, 0.0, 0.0, 0.0, 0.0, 0.0, 0.0, 0.0, 0.0, 0.0, 0.0, 0.0, 0.0, 0.0, 0.0, 0.0, 0.0, 0.0, 0.0, 0.0, 0.0, 0.0, 0.0, 0.0, 0.0, 0.0, 0.0, 0.0, 0.0, 0.0, 0.0, 0.0, 0.0, 0.0, 0.0, 0.0, 0.0, 0.0]",243,0.0,0.9999999999993919,0.9999999999999926,"[np.float64(0.999999999999783), np.float64(0.9999999999997822), np.float64(0.9999999999995922), 0.0, np.float64(0.9999999998149789), np.float64(0.9999999999980218), np.float64(0.9999999997386946), np.float64(0.9999999999999861), np.float64(0.999999994189637), np.float64(0.9999999996733625), np.float64(0.9999999999993919), np.float64(0.9999999999994637), np.float64(0.9999999999994912), np.float64(0.9999999999999866), np.float64(0.9999999999999891), 0.0, np.float64(0.9999999999999867), 0.0, np.float64(0.9999999999999866), np.float64(0.9999999999999764), 0.0, np.float64(0.999999990655575), np.float64(0.9999999906555751), np.float64(0.9999999999999926), np.float64(0.9999999880941374), np.float64(0.9999999801815572), np.float64(0.9999999972025773), np.float64(0.9999999840563134), np.float64(0.9999999958441055), 0.0, 0.0, np.float64(0.9999999999998531), np.float64(0.999999999999862), np.float64(0.9999999999998925), np.float64(0.9999999999998865), np.float64(0.9999999999996422), np.float64(0.9999999999999921), np.float64(0.9999999999996838), np.float64(0.9999999999995041), 0.0, np.float64(0.9999999999999554), 0.0, 0.0, np.float64(0.9999999999996505), np.float64(0.9999999999995112), np.float64(0.9999999999993047), np.float64(0.9999999999993344)]",595
BIOMD0000000409,13,31,0,1000,0.0,0.0,0.0,"[0.0, 0.0, 0.0, 0.0, 0.0, 0.0, 0.0, 0.0, 0.0, 0.0, 0.0, 0.0, 0.0]",0,0.0,0.0,0.02287480652384355,"[0.0, 0.0, 0.0, 0.0, np.float64(0.02287480652384355), 0.0, 0.0, 0.0, 0.0, 0.0, 0.0, 0.0, 0.0]",26,0.0,0.0,0.999999997775632,"[0.0, 0.0, np.float64(0.6997992018446213), 0.0, 0.0, np.float64(0.9997195350793653), 0.0, 0.0, 0.0, 0.0, np.float64(0.999999997775632), 0.0, np.float64(0.9999999969877335)]",1241
BIOMD0000000410,53,91,0,1000,0.0,0.0,0.0,"[0.0, 0.0, 0.0, 0.0, 0.0, 0.0, 0.0, 0.0, 0.0, 0.0, 0.0, 0.0, 0.0, 0.0, 0.0, 0.0, 0.0, 0.0, 0.0, 0.0, 0.0, 0.0, 0.0, 0.0, 0.0, 0.0, 0.0, 0.0, 0.0, 0.0, 0.0, 0.0, 0.0, 0.0, 0.0, 0.0, 0.0, 0.0, 0.0, 0.0, 0.0, 0.0, 0.0, 0.0, 0.0, 0.0, 0.0, 0.0, 0.0, 0.0, 0.0, 0.0, 0.0]",0,0.0,0.0,0.9999999999973638,"[0.0, 0.0, 0.0, np.float64(0.16909015466062405), 0.0, 0.0, 0.0, 0.0, 0.0, np.float64(0.16909015466062405), 0.0, 0.0, np.float64(0.16909015466062405), 0.0, 0.0, 0.0, 0.0, 0.0, np.float64(0.16909015466062405), 0.0, 0.0, 0.0, 0.0, np.float64(0.16909015466062405), 0.0, np.float64(0.16909015466062405), np.float64(0.16909015466062405), 0.0, np.float64(0.9999999999973638), np.float64(0.16909015466062405), 0.0, np.float64(0.16909015466062405), np.float64(0.9999999942310953), 0.0, np.float64(0.9999999999631126), 0.0, 0.0, 0.0, np.float64(0.9999999998953801), np.float64(0.16909015466062405), np.float64(0.16909015466062405), 0.0, np.float64(0.16909015466062405), 0.0, 0.0, np.float64(0.968360291783181), np.float64(0.16909015466062405), np.float64(0.16909015466062405), np.float64(0.16909015466062405), 0.0, np.float64(0.16909015466062405), np.float64(0.16909015466062405), 0.0]",1073,0.0,0.0,0.27750319148472935,"[0.0, 0.0, 0.0, np.float64(0.27750319148472935), 0.0, 0.0, 0.0, 0.0, 0.0, np.float64(0.27750319148472935), 0.0, 0.0, np.float64(0.27750319148472935), 0.0, 0.0, 0.0, 0.0, 0.0, np.float64(0.27750319148472935), 0.0, 0.0, 0.0, 0.0, np.float64(0.27750319148472935), 0.0, np.float64(0.27750319148472935), np.float64(0.27750319148472935), 0.0, 0.0, np.float64(0.27750319148472935), 0.0, np.float64(0.27750319148472935), 0.0, 0.0, 0.0, 0.0, 0.0, 0.0, 0.0, np.float64(0.27750319148472935), np.float64(0.27750319148472935), 0.0, np.float64(0.27750319148472935), 0.0, 0.0, 0.0, np.float64(0.27750319148472935), np.float64(0.27750319148472935), np.float64(0.27750316589744095), np.float64(0.27750316589744095), np.float64(0.27750316589744095), np.float64(0.27750316589744095), 0.0]",22599
BIOMD0000000411,7,13,0,1000,0.0,0.0,0.0,"[0.0, 0.0, 0.0, 0.0, 0.0, 0.0, 0.0]",1,0.0,0.0,0.0,"[0.0, 0.0, 0.0, 0.0, 0.0, 0.0, 0.0]",15,0.0,0.0,0.0,"[0.0, 0.0, 0.0, 0.0, 0.0, 0.0, 0.0]",98
BIOMD0000000412,79,56,0,1000,0.0,0.0,0.0,"[0.0, 0.0, 0.0, 0.0, 0.0, 0.0, 0.0, 0.0, 0.0, 0.0, 0.0, 0.0, 0.0, 0.0, 0.0, 0.0, 0.0, 0.0, 0.0, 0.0, 0.0, 0.0, 0.0, 0.0, 0.0, 0.0, 0.0, 0.0, 0.0, 0.0, 0.0, 0.0, 0.0, 0.0, 0.0, 0.0, 0.0, 0.0, 0.0, 0.0, 0.0, 0.0, 0.0, 0.0, 0.0, 0.0, 0.0, 0.0, 0.0, 0.0, 0.0, 0.0, 0.0, 0.0, 0.0, 0.0, 0.0, 0.0, 0.0, 0.0, 0.0, 0.0, 0.0, 0.0, 0.0, 0.0, 0.0, 0.0, 0.0, 0.0, 0.0, 0.0, 0.0, 0.0, 0.0, 0.0, 0.0, 0.0, 0.0]",2,0.0,0.0,0.9999973056034118,"[np.float64(0.9992300415276949), np.float64(0.9855262166471301), np.float64(0.9843158626072656), 0.0, 0.0, 0.0, 0.0, 0.0, 0.0, 0.0, np.float64(0.9999294371397626), np.float64(0.9994307214502072), 0.0, 0.0, 0.0, 0.0, 0.0, np.float64(0.9999821974995247), 0.0, np.float64(0.9994307773605434), np.float64(0.9987073356950558), 0.0, np.float64(0.9999959689743937), 0.0, np.float64(0.9994334153945289), 0.0, np.float64(0.9998513905718004), np.float64(0.9995895965355522), 0.0, 0.0, 0.0, 0.0, 0.0, 0.0, np.float64(0.9996840300758764), 0.0, 0.0, 0.0, 0.0, np.float64(0.9999973056034118), 0.0, 0.0, 0.0, np.float64(0.9995578352940797), 0.0, 0.0, 0.0, np.float64(0.999995355784279), 0.0, 0.0, 0.0, np.float64(0.9999710380910599), 0.0, 0.0, 0.0, 0.0, 0.0, 0.0, 0.0, 0.0, 0.0, 0.0, 0.0, 0.0, 0.0, 0.0, np.float64(0.9997868962711457), np.float64(0.9996084360853437), np.float64(0.9930636637080505), 0.0, 0.0, 0.0, 0.0, 0.0, 0.0, 0.0, 0.0, 0.0, 0.0]",4078,0.0,0.0,0.0,"[0.0, 0.0, 0.0, 0.0, 0.0, 0.0, 0.0, 0.0, 0.0, 0.0, 0.0, 0.0, 0.0, 0.0, 0.0, 0.0, 0.0, 0.0, 0.0, 0.0, 0.0, 0.0, 0.0, 0.0, 0.0, 0.0, 0.0, 0.0, 0.0, 0.0, 0.0, 0.0, 0.0, 0.0, 0.0, 0.0, 0.0, 0.0, 0.0, 0.0, 0.0, 0.0, 0.0, 0.0, 0.0, 0.0, 0.0, 0.0, 0.0, 0.0, 0.0, 0.0, 0.0, 0.0, 0.0, 0.0, 0.0, 0.0, 0.0, 0.0, 0.0, 0.0, 0.0, 0.0, 0.0, 0.0, 0.0, 0.0, 0.0, 0.0, 0.0, 0.0, 0.0, 0.0, 0.0, 0.0, 0.0, 0.0, 0.0]",156990
BIOMD0000000413,5,9,0,1000,0.0,0.0,0.0,"[0.0, 0.0, 0.0, 0.0, 0.0]",0,0.0,0.0,0.0,"[0.0, 0.0, 0.0, 0.0, 0.0]",3,0.0,0.0,0.0,"[0.0, 0.0, 0.0, 0.0, 0.0]",26
BIOMD0000000414,1,3,0,1000,0.0,0.0,0.0,[0.0],0,0.0,0.0,0.0,[0.0],0,0.0,0.0,0.0,[0.0],0
BIOMD0000000415,10,5,0,1000,0.0,0.0,0.0,"[0.0, 0.0, 0.0, 0.0, 0.0, 0.0, 0.0, 0.0, 0.0, 0.0]",0,0.0,0.0,0.0,"[0.0, 0.0, 0.0, 0.0, 0.0, 0.0, 0.0, 0.0, 0.0, 0.0]",0,0.0,0.0,0.0,"[0.0, 0.0, 0.0, 0.0, 0.0, 0.0, 0.0, 0.0, 0.0, 0.0]",0
BIOMD0000000417,1,2,0,1000,0.0,0.0,0.0,[0.0],0,0.0,0.0,0.0,[0.0],1,0.0,0.0,0.0,[0.0],1
BIOMD0000000418,1,2,0,1000,0.0,0.0,0.0,[0.0],1,0.0,0.0,0.0,[0.0],0,0.0,0.0,0.0,[0.0],0
BIOMD0000000419,3,6,0,1000,0.0,0.0,0.0,"[0.0, 0.0, 0.0]",3,0.0,0.0,0.0,"[0.0, 0.0, 0.0]",0,0.0,0.0,0.0,"[0.0, 0.0, 0.0]",0
BIOMD0000000420,2,4,0,1000,0.0,0.0,0.0,"[0.0, 0.0]",0,0.0,0.0,0.0,"[0.0, 0.0]",0,0.0,0.0,0.0,"[0.0, 0.0]",0
BIOMD0000000421,2,4,0,1000,0.0,0.0,0.0,"[0.0, 0.0]",0,0.0,0.0,0.0,"[0.0, 0.0]",0,0.0,0.0,0.0,"[0.0, 0.0]",0
BIOMD0000000422,22,43,0,1000,0.0,0.0,0.0,"[0.0, 0.0, 0.0, 0.0, 0.0, 0.0, 0.0, 0.0, 0.0, 0.0, 0.0, 0.0, 0.0, 0.0, 0.0, 0.0, 0.0, 0.0, 0.0, 0.0, 0.0, 0.0]",0,0.0,0.0,0.0,"[0.0, 0.0, 0.0, 0.0, 0.0, 0.0, 0.0, 0.0, 0.0, 0.0, 0.0, 0.0, 0.0, 0.0, 0.0, 0.0, 0.0, 0.0, 0.0, 0.0, 0.0, 0.0]",237,0.0,0.0,0.0,"[0.0, 0.0, 0.0, 0.0, 0.0, 0.0, 0.0, 0.0, 0.0, 0.0, 0.0, 0.0, 0.0, 0.0, 0.0, 0.0, 0.0, 0.0, 0.0, 0.0, 0.0, 0.0]",5173
BIOMD0000000423,9,11,0,1000,0.0,0.0,0.0,"[0.0, 0.0, 0.0, 0.0, 0.0, 0.0, 0.0, 0.0, 0.0]",0,0.0,0.7417172145177756,0.9970522285499323,"[np.float64(0.9767978346163487), np.float64(0.9970522285499323), 0.0, np.float64(0.9574003976692274), 0.0, np.float64(0.7417172145179216), np.float64(0.7417172145177756), 0.0, 0.0]",35,0.0,0.0,0.45707673553168393,"[np.float64(0.45707673553168393), np.float64(0.3831597427822915), np.float64(0.3638726530764198), 0.0, 0.0, 0.0, 0.0, 0.0, 0.0]",290
BIOMD0000000424,55,58,0,1000,0.0,0.0,2.220446049250313e-16,"[0.0, 0.0, 0.0, 0.0, np.float64(2.220446049250313e-16), 0.0, 0.0, 0.0, 0.0, 0.0, 0.0, 0.0, 0.0, 0.0, 0.0, 0.0, 0.0, 0.0, 0.0, 0.0, 0.0, 0.0, 0.0, 0.0, 0.0, 0.0, 0.0, np.float64(2.220446049250313e-16), 0.0, 0.0, 0.0, 0.0, 0.0, 0.0, 0.0, 0.0, 0.0, 0.0, 0.0, 0.0, 0.0, 0.0, 0.0, 0.0, 0.0, 0.0, 0.0, 0.0, 0.0, 0.0, 0.0, 0.0, 0.0, 0.0, 0.0]",10,0.0,0.0,0.999999999983357,"[np.float64(0.9999999999833563), np.float64(0.26120910066854053), np.float64(0.9999999354503454), np.float64(0.999999960556288), np.float64(0.9999999617290262), 0.0, 0.0, 0.0, 0.0, 0.0, 0.0, np.float64(0.26120910066854053), np.float64(0.26120910066854053), 0.0, 0.0, np.float64(0.26120910066854053), 0.0, np.float64(0.26120910066854053), np.float64(0.26120910066854053), 0.0, np.float64(0.26120910066854053), np.float64(0.26120910066854053), np.float64(0.26120910066854053), np.float64(0.26120910066854053), np.float64(0.26120910066854053), np.float64(0.26120910066854053), np.float64(0.9999984475078674), 0.0, 0.0, np.float64(0.26120910066854053), 0.0, 0.0, 0.0, 0.0, np.float64(0.26120910066854053), 0.0, 0.0, 0.0, 0.0, np.float64(0.26120910066854053), 0.0, 0.0, 0.0, 0.0, np.float64(0.26120910066854053), 0.0, 0.0, np.float64(0.26120910066854053), 0.0, np.float64(0.26120910066854053), np.float64(0.26120910066854053), np.float64(0.26120910066854053), 0.0, 0.0, np.float64(0.999999999983357)]",1301,0.0,0.0,0.999999999999819,"[np.float64(0.999999999999819), 0.0, 0.0, 0.0, 0.0, 0.0, np.float64(0.8903441202399403), np.float64(0.8673081423768667), np.float64(0.9698424343246477), np.float64(0.9763712017504473), np.float64(0.9766292769537799), 0.0, 0.0, 0.0, 0.0, 0.0, np.float64(0.9999999999832647), 0.0, 0.0, 0.0, 0.0, 0.0, 0.0, 0.0, 0.0, 0.0, 0.0, 0.0, 0.0, 0.0, 0.0, 0.0, 0.0, 0.0, 0.0, 0.0, 0.0, np.float64(0.9999999999992175), 0.0, 0.0, 0.0, 0.0, np.float64(0.9999999991344818), 0.0, 0.0, 0.0, 0.0, 0.0, 0.0, 0.0, 0.0, 0.0, 0.0, 0.0, np.float64(0.999999999999819)]",1062
BIOMD0000000425,1,4,0,1000,0.0,0.0,0.0,[0.0],0,0.0,0.0,0.0,[0.0],0,0.0,0.0,0.0,[0.0],0
BIOMD0000000426,21,29,0,1000,0.0,0.0,0.0,"[0.0, 0.0, 0.0, 0.0, 0.0, 0.0, 0.0, 0.0, 0.0, 0.0, 0.0, 0.0, 0.0, 0.0, 0.0, 0.0, 0.0, 0.0, 0.0, 0.0, 0.0]",0,0.0,0.0,0.9453696520277657,"[np.float64(0.9453696520277657), 0.0, 0.0, 0.0, 0.0, 0.0, 0.0, 0.0, 0.0, 0.0, 0.0, 0.0, 0.0, 0.0, 0.0, np.float64(0.8945336925909755), 0.0, 0.0, 0.0, 0.0, 0.0]",430,0.0,0.0,0.9521746880682075,"[0.0, 0.0, np.float64(0.9393836443976763), np.float64(0.3814489227128438), 0.0, 0.0, 0.0, 0.0, 0.0, 0.0, 0.0, 0.0, 0.0, 0.0, 0.0, 0.0, 0.0, np.float64(0.9521746880682075), 0.0, 0.0, np.float64(0.9170090633557112)]",4396
BIOMD0000000427,21,22,0,1000,0.0,0.0,1.1102230246251565e-16,"[np.float64(1.1102230246251565e-16), 0.0, 0.0, 0.0, 0.0, 0.0, 0.0, 0.0, 0.0, 0.0, np.float64(1.1102230246251565e-16), 0.0, 0.0, 0.0, 0.0, 0.0, 0.0, 0.0, 0.0, 0.0, 0.0]",13,0.0,0.0,0.0,"[0.0, 0.0, 0.0, 0.0, 0.0, 0.0, 0.0, 0.0, 0.0, 0.0, 0.0, 0.0, 0.0, 0.0, 0.0, 0.0, 0.0, 0.0, 0.0, 0.0, 0.0]",234,0.0,0.0,0.0,"[0.0, 0.0, 0.0, 0.0, 0.0, 0.0, 0.0, 0.0, 0.0, 0.0, 0.0, 0.0, 0.0, 0.0, 0.0, 0.0, 0.0, 0.0, 0.0, 0.0, 0.0]",740
BIOMD0000000428,26,23,0,1000,0.0,0.0,0.0,"[0.0, 0.0, 0.0, 0.0, 0.0, 0.0, 0.0, 0.0, 0.0, 0.0, 0.0, 0.0, 0.0, 0.0, 0.0, 0.0, 0.0, 0.0, 0.0, 0.0, 0.0, 0.0, 0.0, 0.0, 0.0, 0.0]",0,0.0,0.8177521241994825,0.9975000505819684,"[np.float64(0.9908183627468344), np.float64(0.9438968505461892), np.float64(0.9975000505819684), 0.0, np.float64(0.7486185419965695), np.float64(0.7486185451942723), np.float64(0.8608422755942624), np.float64(0.7980774100074859), np.float64(0.5257311504946488), np.float64(0.8488273290409447), np.float64(0.9958898156409901), np.float64(0.9952166704290325), np.float64(0.8363064597440062), np.float64(0.8899519139749), np.float64(0.9717284892048268), np.float64(0.8368502107367772), np.float64(0.9966010135407354), np.float64(0.7991977886549589), np.float64(0.9971837996049498), np.float64(0.4207636145271436), np.float64(0.6471475144006433), np.float64(0.7332724527603516), np.float64(0.7953325798614689), 0.0, 0.0, np.float64(0.7980774097350579)]",676,0.0,0.0,0.0,"[0.0, 0.0, 0.0, 0.0, 0.0, 0.0, 0.0, 0.0, 0.0, 0.0, 0.0, 0.0, 0.0, 0.0, 0.0, 0.0, 0.0, 0.0, 0.0, 0.0, 0.0, 0.0, 0.0, 0.0, 0.0, 0.0]",6973
BIOMD0000000430,27,28,0,1000,0.0,0.0,2.220446049250313e-16,"[0.0, 0.0, 0.0, 0.0, 0.0, 0.0, 0.0, 0.0, 0.0, 0.0, 0.0, 0.0, 0.0, 0.0, 0.0, 0.0, 0.0, np.float64(2.220446049250313e-16), 0.0, 0.0, 0.0, 0.0, 0.0, 0.0, 0.0, 0.0, 0.0]",6,0.0,0.15276899833064694,0.9995912017745352,"[0.0, np.float64(0.15276899833064694), np.float64(0.15276899833064694), np.float64(0.15276899833064694), np.float64(0.15276899833064694), np.float64(0.15276899833064694), 0.0, 0.0, 0.0, 0.0, np.float64(0.15276899833064694), np.float64(0.15276899833064694), np.float64(0.9995912017745352), np.float64(0.9995713530449813), 0.0, 0.0, 0.0, 0.0, np.float64(0.991260570539746), np.float64(0.9913280955465835), np.float64(0.15276899833064694), np.float64(0.15276899833064694), 0.0, np.float64(0.15276899833064694), np.float64(0.9983202945565179), 0.0, 0.0]",208,0.0,0.1520352166318043,0.1520352166318043,"[np.float64(0.1520352166318043), np.float64(0.1520352166318043), np.float64(0.1520352166318043), np.float64(0.1520352166318043), np.float64(0.1520352166318043), np.float64(0.1520352166318043), 0.0, 0.0, 0.0, 0.0, np.float64(0.1520352166318043), np.float64(0.1520352166318043), 0.0, 0.0, np.float64(0.1520352166318043), 0.0, 0.0, 0.0, 0.0, 0.0, np.float64(0.1520352166318043), np.float64(0.1520352166318043), np.float64(0.1520352166318043), np.float64(0.1520352166318043), 0.0, np.float64(0.1520352166318043), np.float64(0.1520352166318043)]",73
BIOMD0000000431,27,28,0,1000,0.0,0.0,0.0,"[0.0, 0.0, 0.0, 0.0, 0.0, 0.0, 0.0, 0.0, 0.0, 0.0, 0.0, 0.0, 0.0, 0.0, 0.0, 0.0, 0.0, 0.0, 0.0, 0.0, 0.0, 0.0, 0.0, 0.0, 0.0, 0.0, 0.0]",0,0.0,0.0,0.0,"[0.0, 0.0, 0.0, 0.0, 0.0, 0.0, 0.0, 0.0, 0.0, 0.0, 0.0, 0.0, 0.0, 0.0, 0.0, 0.0, 0.0, 0.0, 0.0, 0.0, 0.0, 0.0, 0.0, 0.0, 0.0, 0.0, 0.0]",314,0.0,0.0,0.0,"[0.0, 0.0, 0.0, 0.0, 0.0, 0.0, 0.0, 0.0, 0.0, 0.0, 0.0, 0.0, 0.0, 0.0, 0.0, 0.0, 0.0, 0.0, 0.0, 0.0, 0.0, 0.0, 0.0, 0.0, 0.0, 0.0, 0.0]",5151
BIOMD0000000432,11,10,0,1000,0.0,0.0,0.0,"[0.0, 0.0, 0.0, 0.0, 0.0, 0.0, 0.0, 0.0, 0.0, 0.0, 0.0]",0,0.0,0.0,0.0,"[0.0, 0.0, 0.0, 0.0, 0.0, 0.0, 0.0, 0.0, 0.0, 0.0, 0.0]",10,0.0,0.0,0.0,"[0.0, 0.0, 0.0, 0.0, 0.0, 0.0, 0.0, 0.0, 0.0, 0.0, 0.0]",194
BIOMD0000000433,11,10,0,1000,0.0,0.0,0.0,"[0.0, 0.0, 0.0, 0.0, 0.0, 0.0, 0.0, 0.0, 0.0, 0.0, 0.0]",4,0.0,0.0,0.047634528206808247,"[0.0, 0.0, 0.0, 0.0, 0.0, 0.0, 0.0, 0.0, np.float64(0.047634528206808247), np.float64(0.047634528206808247), np.float64(0.047634528206808247)]",8,0.0,0.0,0.0685909075403135,"[0.0, 0.0, 0.0, 0.0, 0.0, 0.0, 0.0, 0.0, np.float64(0.0685909075403135), np.float64(0.0685909075403135), np.float64(0.0685909075403135)]",48
BIOMD0000000434,26,35,0,1000,0.0,0.0,0.0,"[0.0, 0.0, 0.0, 0.0, 0.0, 0.0, 0.0, 0.0, 0.0, 0.0, 0.0, 0.0, 0.0, 0.0, 0.0, 0.0, 0.0, 0.0, 0.0, 0.0, 0.0, 0.0, 0.0, 0.0, 0.0, 0.0]",10,0.0,0.0,0.9999999726749244,"[np.float64(0.9999658259478788), np.float64(0.9868003101189999), np.float64(0.9905543039088095), 0.0, np.float64(0.9995708885737409), np.float64(0.9999999726749244), np.float64(0.7689718593313833), np.float64(0.9158037696103489), np.float64(0.9982677623397537), 0.0, 0.0, np.float64(0.5734322261600597), 0.0, 0.0, np.float64(0.6898492897750165), 0.0, np.float64(0.9796180754277121), 0.0, 0.0, 0.0, np.float64(0.9720582814764336), 0.0, 0.0, 0.0, 0.0, 0.0]",437,0.0,0.0,0.0,"[0.0, 0.0, 0.0, 0.0, 0.0, 0.0, 0.0, 0.0, 0.0, 0.0, 0.0, 0.0, 0.0, 0.0, 0.0, 0.0, 0.0, 0.0, 0.0, 0.0, 0.0, 0.0, 0.0, 0.0, 0.0, 0.0]",2974
BIOMD0000000435,4,8,0,1000,0.0,0.0,0.0,"[0.0, 0.0, 0.0, 0.0]",0,0.0,0.0,0.0,"[0.0, 0.0, 0.0, 0.0]",0,0.0,0.0,0.0,"[0.0, 0.0, 0.0, 0.0]",40
BIOMD0000000436,12,22,0,1000,0.0,0.0,1.1102230246251565e-16,"[0.0, np.float64(1.1102230246251565e-16), 0.0, 0.0, 0.0, 0.0, 0.0, 0.0, 0.0, 0.0, 0.0, 0.0]",3,0.0,0.10386153783595498,0.9998216959905326,"[0.0, np.float64(0.9998216959905326), np.float64(0.6804391364438063), 0.0, np.float64(0.9891412949415919), 0.0, np.float64(0.9941184719099263), np.float64(0.9993718216644082), 0.0, np.float64(0.20772307567190995), 0.0, 0.0]",82,0.0,0.0,0.0,"[0.0, 0.0, 0.0, 0.0, 0.0, 0.0, 0.0, 0.0, 0.0, 0.0, 0.0, 0.0]",897
BIOMD0000000438,10,7,0,1000,0.0,0.0,0.0,"[0.0, 0.0, 0.0, 0.0, 0.0, 0.0, 0.0, 0.0, 0.0, 0.0]",0,0.0,0.0,0.0,"[0.0, 0.0, 0.0, 0.0, 0.0, 0.0, 0.0, 0.0, 0.0, 0.0]",71,0.0,0.0,0.0,"[0.0, 0.0, 0.0, 0.0, 0.0, 0.0, 0.0, 0.0, 0.0, 0.0]",349
BIOMD0000000439,20,21,0,1000,0.0,0.0,0.0,"[0.0, 0.0, 0.0, 0.0, 0.0, 0.0, 0.0, 0.0, 0.0, 0.0, 0.0, 0.0, 0.0, 0.0, 0.0, 0.0, 0.0, 0.0, 0.0, 0.0]",0,0.0,0.0,0.9727782662241019,"[np.float64(0.9727537437275734), 0.0, 0.0, np.float64(0.12143790163539403), np.float64(0.9727782662241019), 0.0, 0.0, np.float64(0.7592759842370302), 0.0, 0.0, 0.0, 0.0, 0.0, 0.0, 0.0, np.float64(0.7570776790518168), 0.0, 0.0, 0.0, 0.0]",292,0.0,0.0,0.0,"[0.0, 0.0, 0.0, 0.0, 0.0, 0.0, 0.0, 0.0, 0.0, 0.0, 0.0, 0.0, 0.0, 0.0, 0.0, 0.0, 0.0, 0.0, 0.0, 0.0]",2185
BIOMD0000000440,11,10,0,1000,0.0,0.0,0.0,"[0.0, 0.0, 0.0, 0.0, 0.0, 0.0, 0.0, 0.0, 0.0, 0.0, 0.0]",0,0.0,0.5134839479960283,0.9494348030418359,"[np.float64(0.9494348030418359), np.float64(0.9494348019839991), np.float64(0.609810946060438), np.float64(0.6354863653890952), np.float64(0.3900759233170201), np.float64(0.5893302281279602), np.float64(0.17048457647629778), np.float64(0.5134839479960283), 0.0, 0.0, 0.0]",96,0.0,0.5942667316640919,0.946399628181865,"[np.float64(0.946399628181865), np.float64(0.9463996085338093), np.float64(0.8785546138260716), np.float64(0.2326255741326384), np.float64(0.5942667316640919), np.float64(0.6354728861625271), 0.0, np.float64(0.7248905058381898), 0.0, 0.0, 0.0]",624
BIOMD0000000441,11,10,0,1000,0.0,0.0,0.0,"[0.0, 0.0, 0.0, 0.0, 0.0, 0.0, 0.0, 0.0, 0.0, 0.0, 0.0]",4,0.0,0.0,0.0,"[0.0, 0.0, 0.0, 0.0, 0.0, 0.0, 0.0, 0.0, 0.0, 0.0, 0.0]",24,0.0,0.0,0.0,"[0.0, 0.0, 0.0, 0.0, 0.0, 0.0, 0.0, 0.0, 0.0, 0.0, 0.0]",101
BIOMD0000000442,13,12,0,1000,0.0,0.0,0.0,"[0.0, 0.0, 0.0, 0.0, 0.0, 0.0, 0.0, 0.0, 0.0, 0.0, 0.0, 0.0, 0.0]",4,0.0,0.0,0.0,"[0.0, 0.0, 0.0, 0.0, 0.0, 0.0, 0.0, 0.0, 0.0, 0.0, 0.0, 0.0, 0.0]",28,0.0,0.0,0.0,"[0.0, 0.0, 0.0, 0.0, 0.0, 0.0, 0.0, 0.0, 0.0, 0.0, 0.0, 0.0, 0.0]",164
BIOMD0000000443,19,22,0,1000,0.0,0.0,0.0,"[0.0, 0.0, 0.0, 0.0, 0.0, 0.0, 0.0, 0.0, 0.0, 0.0, 0.0, 0.0, 0.0, 0.0, 0.0, 0.0, 0.0, 0.0, 0.0]",6,0.0,0.5510417525828177,0.9999999541983577,"[np.float64(0.9982921174693121), np.float64(0.998292105864939), np.float64(0.9996765859213398), np.float64(0.9956231412643795), np.float64(0.9999544489652564), np.float64(0.5510417525828177), 0.0, 0.0, 0.0, 0.0, 0.0, np.float64(0.9998547076241038), np.float64(0.9999999541983577), 0.0, 0.0, 0.0, np.float64(0.5564895695224004), np.float64(0.9927875002826161), 0.0]",287,0.0,0.0,0.0,"[0.0, 0.0, 0.0, 0.0, 0.0, 0.0, 0.0, 0.0, 0.0, 0.0, 0.0, 0.0, 0.0, 0.0, 0.0, 0.0, 0.0, 0.0, 0.0]",1417
BIOMD0000000444,18,22,0,1000,0.0,0.0,2.220446049250313e-16,"[0.0, 0.0, np.float64(2.220446049250313e-16), 0.0, 0.0, 0.0, 0.0, 0.0, 0.0, 0.0, 0.0, 0.0, 0.0, 0.0, 0.0, 0.0, 0.0, 0.0]",8,0.0,0.0,0.9999999131093319,"[np.float64(0.7397769047620902), np.float64(0.7397769041539972), np.float64(0.9778375921416803), np.float64(0.9861635284636826), 0.0, np.float64(0.5444997037136258), 0.0, 0.0, 0.0, 0.0, 0.0, 0.0, np.float64(0.9999999131093319), 0.0, 0.0, 0.0, np.float64(0.5505883140909353), 0.0]",267,0.0,0.0,0.0,"[0.0, 0.0, 0.0, 0.0, 0.0, 0.0, 0.0, 0.0, 0.0, 0.0, 0.0, 0.0, 0.0, 0.0, 0.0, 0.0, 0.0, 0.0]",1492
BIOMD0000000445,32,64,0,1000,0.0,0.0,0.0,"[0.0, 0.0, 0.0, 0.0, 0.0, 0.0, 0.0, 0.0, 0.0, 0.0, 0.0, 0.0, 0.0, 0.0, 0.0, 0.0, 0.0, 0.0, 0.0, 0.0, 0.0, 0.0, 0.0, 0.0, 0.0, 0.0, 0.0, 0.0, 0.0, 0.0, 0.0, 0.0]",0,0.0,0.0,0.0,"[0.0, 0.0, 0.0, 0.0, 0.0, 0.0, 0.0, 0.0, 0.0, 0.0, 0.0, 0.0, 0.0, 0.0, 0.0, 0.0, 0.0, 0.0, 0.0, 0.0, 0.0, 0.0, 0.0, 0.0, 0.0, 0.0, 0.0, 0.0, 0.0, 0.0, 0.0, 0.0]",335,0.0,0.0,0.0,"[0.0, 0.0, 0.0, 0.0, 0.0, 0.0, 0.0, 0.0, 0.0, 0.0, 0.0, 0.0, 0.0, 0.0, 0.0, 0.0, 0.0, 0.0, 0.0, 0.0, 0.0, 0.0, 0.0, 0.0, 0.0, 0.0, 0.0, 0.0, 0.0, 0.0, 0.0, 0.0]",17922
BIOMD0000000446,27,62,0,1000,0.0,0.0,0.0,"[0.0, 0.0, 0.0, 0.0, 0.0, 0.0, 0.0, 0.0, 0.0, 0.0, 0.0, 0.0, 0.0, 0.0, 0.0, 0.0, 0.0, 0.0, 0.0, 0.0, 0.0, 0.0, 0.0, 0.0, 0.0, 0.0, 0.0]",6,0.0,0.0,0.9994004797842339,"[0.0, 0.0, np.float64(0.9389653890749342), 0.0, np.float64(0.9389653890749342), 0.0, 0.0, 0.0, 0.0, 0.0, 0.0, 0.0, 0.0, 0.0, 0.0, 0.0, 0.0, 0.0, 0.0, 0.0, 0.0, 0.0, 0.0, 0.0, 0.0, np.float64(0.9994004797842339), 0.0]",432,0.0,0.0,0.0,"[0.0, 0.0, 0.0, 0.0, 0.0, 0.0, 0.0, 0.0, 0.0, 0.0, 0.0, 0.0, 0.0, 0.0, 0.0, 0.0, 0.0, 0.0, 0.0, 0.0, 0.0, 0.0, 0.0, 0.0, 0.0, 0.0, 0.0]",5876
BIOMD0000000447,13,32,0,1000,0.0,0.0,0.0,"[0.0, 0.0, 0.0, 0.0, 0.0, 0.0, 0.0, 0.0, 0.0, 0.0, 0.0, 0.0, 0.0]",0,0.0,0.0,0.0,"[0.0, 0.0, 0.0, 0.0, 0.0, 0.0, 0.0, 0.0, 0.0, 0.0, 0.0, 0.0, 0.0]",127,0.0,0.0,0.9999996166571242,"[np.float64(0.9999995966337628), 0.0, 0.0, 0.0, 0.0, 0.0, 0.0, np.float64(0.9999996166571242), 0.0, 0.0, 0.0, 0.0, 0.0]",1240
BIOMD0000000448,27,34,0,1000,0.0,0.0,0.0,"[0.0, 0.0, 0.0, 0.0, 0.0, 0.0, 0.0, 0.0, 0.0, 0.0, 0.0, 0.0, 0.0, 0.0, 0.0, 0.0, 0.0, 0.0, 0.0, 0.0, 0.0, 0.0, 0.0, 0.0, 0.0, 0.0, 0.0]",0,0.0,0.0,0.9532363681916456,"[np.float64(0.9532363681916456), 0.0, np.float64(0.9527903463556301), 0.0, 0.0, 0.0, 0.0, 0.0, 0.0, 0.0, 0.0, 0.0, 0.0, 0.0, 0.0, 0.0, 0.0, 0.0, 0.0, 0.0, 0.0, 0.0, 0.0, 0.0, 0.0, 0.0, 0.0]",417,0.0,0.0,0.0,"[0.0, 0.0, 0.0, 0.0, 0.0, 0.0, 0.0, 0.0, 0.0, 0.0, 0.0, 0.0, 0.0, 0.0, 0.0, 0.0, 0.0, 0.0, 0.0, 0.0, 0.0, 0.0, 0.0, 0.0, 0.0, 0.0, 0.0]",1697
BIOMD0000000449,27,34,0,1000,0.0,0.0,1.1102230246251565e-16,"[0.0, 0.0, 0.0, 0.0, 0.0, 0.0, 0.0, 0.0, 0.0, 0.0, 0.0, 0.0, 0.0, 0.0, 0.0, 0.0, 0.0, 0.0, 0.0, 0.0, np.float64(1.1102230246251565e-16), 0.0, 0.0, 0.0, 0.0, 0.0, 0.0]",15,0.0,0.0,0.9999994235873898,"[np.float64(0.8842863550539206), 0.0, np.float64(0.9068729049896278), 0.0, 0.0, np.float64(0.49111177739654754), 0.0, 0.0, 0.0, 0.0, 0.0, np.float64(0.9999821604083697), np.float64(0.9999912693248775), 0.0, 0.0, np.float64(0.9999994235873287), np.float64(0.9999994235873898), 0.0, 0.0, np.float64(0.9062434414802384), np.float64(0.9062434418072391), 0.0, 0.0, 0.0, 0.0, 0.0, 0.0]",428,0.0,0.0,0.0,"[0.0, 0.0, 0.0, 0.0, 0.0, 0.0, 0.0, 0.0, 0.0, 0.0, 0.0, 0.0, 0.0, 0.0, 0.0, 0.0, 0.0, 0.0, 0.0, 0.0, 0.0, 0.0, 0.0, 0.0, 0.0, 0.0, 0.0]",3340
BIOMD0000000454,3,4,0,1000,2.220446049250313e-16,2.220446049250313e-16,2.220446049250313e-16,"[np.float64(2.220446049250313e-16), np.float64(2.220446049250313e-16), np.float64(2.220446049250313e-16)]",0,0.0,0.0,0.0,"[0.0, 0.0, 0.0]",0,0.0,0.0,0.0,"[0.0, 0.0, 0.0]",0
BIOMD0000000455,3,5,0,1000,0.0,0.0,0.0,"[0.0, 0.0, 0.0]",0,0.0,0.0,0.0,"[0.0, 0.0, 0.0]",0,0.0,0.0,0.0,"[0.0, 0.0, 0.0]",0
BIOMD0000000456,4,6,0,1000,0.0,0.0,0.0,"[0.0, 0.0, 0.0, 0.0]",0,0.0,0.0,0.0,"[0.0, 0.0, 0.0, 0.0]",0,0.0,0.0,0.0,"[0.0, 0.0, 0.0, 0.0]",0
BIOMD0000000458,2,3,0,1000,0.0,0.0,0.0,"[0.0, 0.0]",0,0.0,0.0,0.0,"[0.0, 0.0]",0,0.0,0.0,0.0,"[0.0, 0.0]",0
BIOMD0000000459,3,3,0,1000,0.0,0.0,0.0,"[0.0, 0.0, 0.0]",1,0.0,0.0,0.0,"[0.0, 0.0, 0.0]",3,0.0,0.0,0.0,"[0.0, 0.0, 0.0]",2
BIOMD0000000460,3,3,0,1000,0.0,0.0,0.0,"[0.0, 0.0, 0.0]",1,0.0,0.0,0.0,"[0.0, 0.0, 0.0]",3,0.0,0.0,0.0,"[0.0, 0.0, 0.0]",3
BIOMD0000000461,3,3,0,1000,0.0,0.0,0.0,"[0.0, 0.0, 0.0]",1,0.0,0.0,0.0,"[0.0, 0.0, 0.0]",2,0.0,0.0,0.0,"[0.0, 0.0, 0.0]",7
BIOMD0000000462,4,8,0,1000,0.0,0.0,0.0,"[0.0, 0.0, 0.0, 0.0]",0,0.0,0.0,0.004246898877739991,"[0.0, 0.0, 0.0, np.float64(0.004246898877739991)]",7,0.0,0.5099031938640557,0.999999999931762,"[np.float64(0.999999999931762), np.float64(0.9999803550571443), 0.0, np.float64(0.019826032670966942)]",9
BIOMD0000000464,14,10,0,1000,0.0,0.0,1.1102230246251565e-16,"[0.0, 0.0, 0.0, 0.0, 0.0, 0.0, 0.0, 0.0, 0.0, np.float64(1.1102230246251565e-16), 0.0, 0.0, 0.0, 0.0]",6,0.0,0.0,0.9460191657365565,"[0.0, 0.0, np.float64(0.945990331529701), np.float64(0.9460191657365565), 0.0, 0.0, 0.0, 0.0, 0.0, 0.0, 0.0, 0.0, 0.0, 0.0]",78,0.0,0.0,0.1491352747650403,"[np.float64(0.1491352747650403), 0.0, 0.0, 0.0, np.float64(0.1491352747650403), 0.0, 0.0, 0.0, 0.0, 0.0, 0.0, 0.0, 0.0, np.float64(0.1491352747650403)]",234
BIOMD0000000465,16,12,0,1000,0.0,0.0,0.0,"[0.0, 0.0, 0.0, 0.0, 0.0, 0.0, 0.0, 0.0, 0.0, 0.0, 0.0, 0.0, 0.0, 0.0, 0.0, 0.0]",3,0.0,0.0,0.0,"[0.0, 0.0, 0.0, 0.0, 0.0, 0.0, 0.0, 0.0, 0.0, 0.0, 0.0, 0.0, 0.0, 0.0, 0.0, 0.0]",21,0.0,0.0,0.0,"[0.0, 0.0, 0.0, 0.0, 0.0, 0.0, 0.0, 0.0, 0.0, 0.0, 0.0, 0.0, 0.0, 0.0, 0.0, 0.0]",365
BIOMD0000000466,34,28,0,1000,0.0,0.0,0.0,"[0.0, 0.0, 0.0, 0.0, 0.0, 0.0, 0.0, 0.0, 0.0, 0.0, 0.0, 0.0, 0.0, 0.0, 0.0, 0.0, 0.0, 0.0, 0.0, 0.0, 0.0, 0.0, 0.0, 0.0, 0.0, 0.0, 0.0, 0.0, 0.0, 0.0, 0.0, 0.0, 0.0, 0.0]",1,0.0,0.0,0.0,"[0.0, 0.0, 0.0, 0.0, 0.0, 0.0, 0.0, 0.0, 0.0, 0.0, 0.0, 0.0, 0.0, 0.0, 0.0, 0.0, 0.0, 0.0, 0.0, 0.0, 0.0, 0.0, 0.0, 0.0, 0.0, 0.0, 0.0, 0.0, 0.0, 0.0, 0.0, 0.0, 0.0, 0.0]",220,0.0,0.0,0.0,"[0.0, 0.0, 0.0, 0.0, 0.0, 0.0, 0.0, 0.0, 0.0, 0.0, 0.0, 0.0, 0.0, 0.0, 0.0, 0.0, 0.0, 0.0, 0.0, 0.0, 0.0, 0.0, 0.0, 0.0, 0.0, 0.0, 0.0, 0.0, 0.0, 0.0, 0.0, 0.0, 0.0, 0.0]",1213
BIOMD0000000467,19,24,0,1000,0.0,0.0,0.0,"[0.0, 0.0, 0.0, 0.0, 0.0, 0.0, 0.0, 0.0, 0.0, 0.0, 0.0, 0.0, 0.0, 0.0, 0.0, 0.0, 0.0, 0.0, 0.0]",2,0.0,0.0,0.0,"[0.0, 0.0, 0.0, 0.0, 0.0, 0.0, 0.0, 0.0, 0.0, 0.0, 0.0, 0.0, 0.0, 0.0, 0.0, 0.0, 0.0, 0.0, 0.0]",88,0.0,0.0,0.0,"[0.0, 0.0, 0.0, 0.0, 0.0, 0.0, 0.0, 0.0, 0.0, 0.0, 0.0, 0.0, 0.0, 0.0, 0.0, 0.0, 0.0, 0.0, 0.0]",1404
BIOMD0000000468,79,74,0,1000,0.0,0.0,2.220446049250313e-16,"[0.0, 0.0, 0.0, 0.0, 0.0, 0.0, 0.0, 0.0, 0.0, np.float64(1.1102230246251565e-16), 0.0, 0.0, 0.0, 0.0, 0.0, 0.0, 0.0, 0.0, 0.0, 0.0, 0.0, 0.0, 0.0, 0.0, 0.0, 0.0, 0.0, 0.0, 0.0, 0.0, 0.0, 0.0, 0.0, 0.0, 0.0, 0.0, 0.0, 0.0, 0.0, 0.0, 0.0, 0.0, 0.0, 0.0, 0.0, 0.0, 0.0, 0.0, np.float64(2.220446049250313e-16), 0.0, 0.0, 0.0, 0.0, 0.0, 0.0, 0.0, 0.0, 0.0, 0.0, 0.0, 0.0, 0.0, 0.0, 0.0, 0.0, 0.0, 0.0, 0.0, 0.0, 0.0, 0.0, 0.0, 0.0, 0.0, 0.0, 0.0, 0.0, 0.0, 0.0]",9,0.0,0.0,0.2294360025706258,"[0.0, 0.0, 0.0, 0.0, 0.0, 0.0, 0.0, 0.0, 0.0, 0.0, np.float64(0.16651194941034086), np.float64(0.2151374386230196), np.float64(0.2151374386230196), 0.0, 0.0, 0.0, 0.0, 0.0, 0.0, 0.0, np.float64(0.2151374386230196), 0.0, np.float64(0.2151374386230196), 0.0, 0.0, 0.0, 0.0, 0.0, 0.0, 0.0, np.float64(0.2151374386230196), np.float64(0.2294360025706258), 0.0, 0.0, 0.0, 0.0, 0.0, 0.0, 0.0, 0.0, 0.0, 0.0, 0.0, 0.0, 0.0, 0.0, 0.0, 0.0, 0.0, 0.0, 0.0, 0.0, 0.0, 0.0, 0.0, 0.0, 0.0, 0.0, 0.0, 0.0, 0.0, 0.0, 0.0, 0.0, 0.0, 0.0, 0.0, 0.0, 0.0, 0.0, 0.0, 0.0, 0.0, 0.0, 0.0, 0.0, 0.0, 0.0, 0.0]",2339,0.0,0.0,0.9999999994696992,"[0.0, 0.0, 0.0, 0.0, 0.0, 0.0, 0.0, 0.0, 0.0, 0.0, 0.0, 0.0, 0.0, 0.0, 0.0, 0.0, 0.0, 0.0, 0.0, 0.0, 0.0, 0.0, 0.0, 0.0, 0.0, 0.0, 0.0, 0.0, np.float64(0.9999999994696992), 0.0, 0.0, 0.0, 0.0, 0.0, 0.0, 0.0, np.float64(0.004086685870168583), 0.0, 0.0, 0.0, 0.0, 0.0, np.float64(0.016929480656674212), 0.0, 0.0, 0.0, 0.0, 0.0, 0.0, 0.0, 0.0, 0.0, 0.0, 0.0, 0.0, 0.0, 0.0, np.float64(0.14228738345611935), 0.0, 0.0, 0.0, np.float64(0.14228738345721959), 0.0, 0.0, 0.0, 0.0, np.float64(0.999999997204485), 0.0, np.float64(0.9999999979002457), 0.0, 0.0, 0.0, 0.0, 0.0, 0.0, 0.0, 0.0, 0.0, 0.0]",46892
BIOMD0000000475,23,25,0,1000,0.0,0.0,0.0,"[0.0, 0.0, 0.0, 0.0, 0.0, 0.0, 0.0, 0.0, 0.0, 0.0, 0.0, 0.0, 0.0, 0.0, 0.0, 0.0, 0.0, 0.0, 0.0, 0.0, 0.0, 0.0, 0.0]",3,0.0,0.0,0.9978858098825619,"[0.0, 0.0, 0.0, np.float64(0.618663246598317), np.float64(0.6192071440015724), 0.0, 0.0, np.float64(0.6186705703777609), 0.0, 0.0, 0.0, np.float64(0.9978858098825619), np.float64(0.5720598142445066), 0.0, np.float64(0.6186682793213953), np.float64(0.5621610978428098), 0.0, np.float64(0.618668218170168), 0.0, np.float64(0.6444343627688902), 0.0, 0.0, 0.0]",177,0.0,0.0,0.999999999999998,"[np.float64(0.999999999999998), np.float64(0.9999999999998844), 0.0, 0.0, 0.0, np.float64(0.999999999999975), 0.0, 0.0, 0.0, 0.0, 0.0, 0.0, 0.0, 0.0, 0.0, 0.0, 0.0, 0.0, np.float64(0.19210109542415643), 0.0, 0.0, 0.0, np.float64(0.19210109542415643)]",1148
BIOMD0000000476,16,36,0,1000,0.0,0.0,0.0,"[0.0, 0.0, 0.0, 0.0, 0.0, 0.0, 0.0, 0.0, 0.0, 0.0, 0.0, 0.0, 0.0, 0.0, 0.0, 0.0]",0,0.0,0.0,0.3960880124198223,"[0.0, 0.0, 0.0, 0.0, 0.0, 0.0, 0.0, 0.0, 0.0, 0.0, 0.0, 0.0, np.float64(0.3960880124198223), 0.0, 0.0, 0.0]",141,0.0,0.0,0.0,"[0.0, 0.0, 0.0, 0.0, 0.0, 0.0, 0.0, 0.0, 0.0, 0.0, 0.0, 0.0, 0.0, 0.0, 0.0, 0.0]",2298
BIOMD0000000477,43,49,0,1000,0.0,0.0,0.0,"[0.0, 0.0, 0.0, 0.0, 0.0, 0.0, 0.0, 0.0, 0.0, 0.0, 0.0, 0.0, 0.0, 0.0, 0.0, 0.0, 0.0, 0.0, 0.0, 0.0, 0.0, 0.0, 0.0, 0.0, 0.0, 0.0, 0.0, 0.0, 0.0, 0.0, 0.0, 0.0, 0.0, 0.0, 0.0, 0.0, 0.0, 0.0, 0.0, 0.0, 0.0, 0.0, 0.0]",0,0.9999959660084686,0.999999997967626,0.9999999999999349,"[np.float64(0.9999999983424371), np.float64(0.9999998660905757), np.float64(0.9999999368981396), np.float64(0.9999999970477745), np.float64(0.9999999978799742), np.float64(0.9999998684449318), np.float64(0.9999994484619138), np.float64(0.9999999999682067), np.float64(0.9999999951749864), np.float64(0.9999999892367405), np.float64(0.9999999583901193), np.float64(0.9999976277222423), np.float64(0.9999999998988323), np.float64(0.9999999691582687), np.float64(0.999999925858737), np.float64(0.9999999471889509), np.float64(0.9999999956477319), np.float64(0.9999999999508442), np.float64(0.999999999976115), np.float64(0.999999999987076), np.float64(0.9999959660084686), np.float64(0.9999999998988323), np.float64(0.9999999991882659), np.float64(0.9999999999999349), np.float64(0.9999999999950785), np.float64(0.9999999999881503), np.float64(0.9999999382833521), np.float64(0.9999999999947886), np.float64(0.9999999999989208), np.float64(0.9999999999332567), np.float64(0.9999999971452523), np.float64(0.999999997967626), np.float64(0.9999999999998203), np.float64(0.9999999999995778), np.float64(0.9999997894853144), np.float64(0.9999999998669861), np.float64(0.9999999999794275), np.float64(0.9999998681113683), np.float64(0.9999999932222227), np.float64(0.9999999999961051), np.float64(0.9999999999996125), np.float64(0.9999999999985363), np.float64(0.9999997957950606)]",1892,0.0,0.0,0.0,"[0.0, 0.0, 0.0, 0.0, 0.0, 0.0, 0.0, 0.0, 0.0, 0.0, 0.0, 0.0, 0.0, 0.0, 0.0, 0.0, 0.0, 0.0, 0.0, 0.0, 0.0, 0.0, 0.0, 0.0, 0.0, 0.0, 0.0, 0.0, 0.0, 0.0, 0.0, 0.0, 0.0, 0.0, 0.0, 0.0, 0.0, 0.0, 0.0, 0.0, 0.0, 0.0, 0.0]",38485
BIOMD0000000482,23,29,0,1000,0.0,0.0,1.1102230246251565e-16,"[0.0, 0.0, 0.0, 0.0, 0.0, np.float64(1.1102230246251565e-16), 0.0, 0.0, 0.0, 0.0, 0.0, 0.0, 0.0, 0.0, 0.0, 0.0, 0.0, 0.0, 0.0, 0.0, 0.0, 0.0, 0.0]",11,0.0,0.0,0.9988388707250436,"[0.0, 0.0, 0.0, 0.0, np.float64(0.9653327378769498), np.float64(0.9988388707250436), 0.0, 0.0, 0.0, 0.0, 0.0, 0.0, 0.0, 0.0, 0.0, 0.0, 0.0, 0.0, 0.0, 0.0, 0.0, 0.0, np.float64(0.9968109809635619)]",232,0.0,0.0,0.9999999999999636,"[0.0, 0.0, np.float64(0.999999999958948), np.float64(0.9999999999999636), 0.0, 0.0, 0.0, 0.0, 0.0, 0.0, np.float64(0.9999999969260487), np.float64(0.9999999969260441), 0.0, 0.0, np.float64(0.999999999999892), 0.0, np.float64(0.9999984816190909), np.float64(0.9999999999998962), np.float64(0.9999999955193497), 0.0, np.float64(0.9999999477441451), 0.0, 0.0]",1031
BIOMD0000000483,8,8,0,1000,2.220446049250313e-16,2.220446049250313e-16,2.220446049250313e-16,"[np.float64(2.220446049250313e-16), np.float64(2.220446049250313e-16), np.float64(2.220446049250313e-16), np.float64(2.220446049250313e-16), np.float64(2.220446049250313e-16), np.float64(2.220446049250313e-16), np.float64(2.220446049250313e-16), np.float64(2.220446049250313e-16)]",0,0.0,0.0,0.0,"[0.0, 0.0, 0.0, 0.0, 0.0, 0.0, 0.0, 0.0]",0,0.0,0.0,0.0,"[0.0, 0.0, 0.0, 0.0, 0.0, 0.0, 0.0, 0.0]",0
BIOMD0000000484,2,2,0,1000,0.0,0.0,0.0,"[0.0, 0.0]",0,0.0,0.0,0.0,"[0.0, 0.0]",0,0.0,0.0,0.0,"[0.0, 0.0]",6
BIOMD0000000485,2,4,0,1000,0.0,0.0,0.0,"[0.0, 0.0]",2,0.9995728139468393,0.9995728139468394,0.9995728139468396,"[np.float64(0.9995728139468396), np.float64(0.9995728139468393)]",6,0.0,0.0,0.0,"[0.0, 0.0]",6
BIOMD0000000486,2,2,0,1000,2.220446049250313e-16,2.220446049250313e-16,2.220446049250313e-16,"[np.float64(2.220446049250313e-16), np.float64(2.220446049250313e-16)]",0,0.0,0.0,0.0,"[0.0, 0.0]",0,0.0,0.0,0.0,"[0.0, 0.0]",0
BIOMD0000000488,64,112,0,1000,0.0,0.0,0.0,"[0.0, 0.0, 0.0, 0.0, 0.0, 0.0, 0.0, 0.0, 0.0, 0.0, 0.0, 0.0, 0.0, 0.0, 0.0, 0.0, 0.0, 0.0, 0.0, 0.0, 0.0, 0.0, 0.0, 0.0, 0.0, 0.0, 0.0, 0.0, 0.0, 0.0, 0.0, 0.0, 0.0, 0.0, 0.0, 0.0, 0.0, 0.0, 0.0, 0.0, 0.0, 0.0, 0.0, 0.0, 0.0, 0.0, 0.0, 0.0, 0.0, 0.0, 0.0, 0.0, 0.0, 0.0, 0.0, 0.0, 0.0, 0.0, 0.0, 0.0, 0.0, 0.0, 0.0, 0.0]",0,0.0,0.0,0.7855039160686683,"[0.0, 0.0, 0.0, 0.0, 0.0, 0.0, 0.0, 0.0, np.float64(0.7855039160686683), 0.0, 0.0, 0.0, 0.0, 0.0, 0.0, 0.0, 0.0, 0.0, 0.0, 0.0, 0.0, 0.0, 0.0, 0.0, 0.0, 0.0, 0.0, 0.0, 0.0, 0.0, 0.0, 0.0, 0.0, 0.0, 0.0, 0.0, 0.0, 0.0, 0.0, 0.0, 0.0, 0.0, 0.0, 0.0, 0.0, 0.0, 0.0, 0.0, 0.0, 0.0, 0.0, 0.0, 0.0, 0.0, 0.0, 0.0, 0.0, 0.0, 0.0, 0.0, 0.0, 0.0, 0.0, 0.0]",975,0.0,0.0,0.9999999999999908,"[0.0, 0.0, 0.0, np.float64(0.9999999999909646), np.float64(0.9999999999999558), np.float64(0.9999999999998367), np.float64(0.9999999999998386), np.float64(0.9999999999511963), np.float64(0.9999999999983461), 0.0, np.float64(0.9999999999999555), np.float64(0.9999999999999908), 0.0, 0.0, 0.0, 0.0, np.float64(0.9999998107832071), 0.0, 0.0, 0.0, 0.0, 0.0, 0.0, 0.0, 0.0, 0.0, 0.0, 0.0, 0.0, 0.0, np.float64(0.9999999999985751), np.float64(0.9999999999987712), np.float64(0.999999999998944), np.float64(0.9999999999989907), np.float64(0.9999998114799695), 0.0, np.float64(0.9999999999986054), np.float64(0.9999999999856833), np.float64(0.9999999999856833), np.float64(0.9999999999996884), np.float64(0.9999999999955946), np.float64(0.9999999999997693), np.float64(0.9999999999833621), 0.0, 0.0, 0.0, 0.0, np.float64(0.999999959568031), np.float64(0.9999999999991602), 0.0, 0.0, 0.0, np.float64(0.9999999999999118), 0.0, 0.0, 0.0, 0.0, 0.0, 0.0, 0.0, 0.0, 0.0, 0.0, 0.0]",2996
BIOMD0000000489,35,59,0,1000,0.0,0.0,0.0,"[0.0, 0.0, 0.0, 0.0, 0.0, 0.0, 0.0, 0.0, 0.0, 0.0, 0.0, 0.0, 0.0, 0.0, 0.0, 0.0, 0.0, 0.0, 0.0, 0.0, 0.0, 0.0, 0.0, 0.0, 0.0, 0.0, 0.0, 0.0, 0.0, 0.0, 0.0, 0.0, 0.0, 0.0, 0.0]",0,0.0,0.0,0.10741613656222126,"[0.0, 0.0, 0.0, 0.0, 0.0, 0.0, 0.0, np.float64(0.10741613656222126), 0.0, 0.0, 0.0, 0.0, 0.0, 0.0, 0.0, 0.0, 0.0, 0.0, 0.0, 0.0, 0.0, 0.0, 0.0, 0.0, 0.0, 0.0, 0.0, 0.0, 0.0, 0.0, 0.0, 0.0, 0.0, 0.0, 0.0]",135,0.0,0.0,0.0,"[0.0, 0.0, 0.0, 0.0, 0.0, 0.0, 0.0, 0.0, 0.0, 0.0, 0.0, 0.0, 0.0, 0.0, 0.0, 0.0, 0.0, 0.0, 0.0, 0.0, 0.0, 0.0, 0.0, 0.0, 0.0, 0.0, 0.0, 0.0, 0.0, 0.0, 0.0, 0.0, 0.0, 0.0, 0.0]",13212
BIOMD0000000490,33,66,0,1000,0.0,0.0,0.0,"[0.0, 0.0, 0.0, 0.0, 0.0, 0.0, 0.0, 0.0, 0.0, 0.0, 0.0, 0.0, 0.0, 0.0, 0.0, 0.0, 0.0, 0.0, 0.0, 0.0, 0.0, 0.0, 0.0, 0.0, 0.0, 0.0, 0.0, 0.0, 0.0, 0.0, 0.0, 0.0, 0.0]",0,0.0,0.0,0.0,"[0.0, 0.0, 0.0, 0.0, 0.0, 0.0, 0.0, 0.0, 0.0, 0.0, 0.0, 0.0, 0.0, 0.0, 0.0, 0.0, 0.0, 0.0, 0.0, 0.0, 0.0, 0.0, 0.0, 0.0, 0.0, 0.0, 0.0, 0.0, 0.0, 0.0, 0.0, 0.0, 0.0]",141,0.0,0.0,0.9645192800381512,"[0.0, 0.0, 0.0, 0.0, 0.0, np.float64(0.8158833691217288), np.float64(0.7422610574796938), np.float64(0.9645192800381512), 0.0, 0.0, 0.0, 0.0, 0.0, 0.0, np.float64(0.8227459524884675), np.float64(0.9509283581374502), 0.0, 0.0, 0.0, np.float64(0.8157305482615741), np.float64(0.8157305901897937), np.float64(0.8178123820890801), 0.0, np.float64(0.8144731698107629), np.float64(0.651762871061282), np.float64(0.8570902559443447), np.float64(0.8123071714392993), np.float64(0.935939909858807), 0.0, 0.0, 0.0, 0.0, 0.0]",18
BIOMD0000000491,57,86,0,1000,0.0,0.0,0.0,"[0.0, 0.0, 0.0, 0.0, 0.0, 0.0, 0.0, 0.0, 0.0, 0.0, 0.0, 0.0, 0.0, 0.0, 0.0, 0.0, 0.0, 0.0, 0.0, 0.0, 0.0, 0.0, 0.0, 0.0, 0.0, 0.0, 0.0, 0.0, 0.0, 0.0, 0.0, 0.0, 0.0, 0.0, 0.0, 0.0, 0.0, 0.0, 0.0, 0.0, 0.0, 0.0, 0.0, 0.0, 0.0, 0.0, 0.0, 0.0, 0.0, 0.0, 0.0, 0.0, 0.0, 0.0, 0.0, 0.0, 0.0]",0,0.0,0.9610767131912614,0.9989532248704971,"[0.0, np.float64(0.9985868368004375), np.float64(0.9989471479713606), 0.0, 0.0, 0.0, np.float64(0.9890149768867257), np.float64(0.9510600630035839), 0.0, 0.0, 0.0, 0.0, 0.0, np.float64(0.9967175268466084), 0.0, 0.0, 0.0, 0.0, np.float64(0.9907823791553871), np.float64(0.9722456726348508), 0.0, np.float64(0.9928651367920628), 0.0, 0.0, 0.0, 0.0, 0.0, 0.0, np.float64(0.9984678021774852), np.float64(0.9988065966922277), 0.0, 0.0, np.float64(0.9932277739690457), np.float64(0.9609387229834935), np.float64(0.986367784252044), np.float64(0.9612613746031646), np.float64(0.9965769712771559), np.float64(0.964074236385415), np.float64(0.9927118086176053), np.float64(0.9641658796511504), np.float64(0.9863804871411587), np.float64(0.9643499661002919), np.float64(0.9863804870857065), np.float64(0.9643499667522165), np.float64(0.9899706210213891), np.float64(0.9610767131912614), np.float64(0.9863677841153293), np.float64(0.9612613749763299), np.float64(0.9718050814550625), np.float64(0.9349596521823952), np.float64(0.9718050815563016), np.float64(0.9349596519367205), np.float64(0.9574522011268007), np.float64(0.9949115547521012), np.float64(0.9979513992787096), np.float64(0.9989532248704971), np.float64(0.9470882087076751)]",3283,0.0,0.0,0.0,"[0.0, 0.0, 0.0, 0.0, 0.0, 0.0, 0.0, 0.0, 0.0, 0.0, 0.0, 0.0, 0.0, 0.0, 0.0, 0.0, 0.0, 0.0, 0.0, 0.0, 0.0, 0.0, 0.0, 0.0, 0.0, 0.0, 0.0, 0.0, 0.0, 0.0, 0.0, 0.0, 0.0, 0.0, 0.0, 0.0, 0.0, 0.0, 0.0, 0.0, 0.0, 0.0, 0.0, 0.0, 0.0, 0.0, 0.0, 0.0, 0.0, 0.0, 0.0, 0.0, 0.0, 0.0, 0.0, 0.0, 0.0]",73788
BIOMD0000000492,52,88,0,1000,0.0,0.0,0.0,"[0.0, 0.0, 0.0, 0.0, 0.0, 0.0, 0.0, 0.0, 0.0, 0.0, 0.0, 0.0, 0.0, 0.0, 0.0, 0.0, 0.0, 0.0, 0.0, 0.0, 0.0, 0.0, 0.0, 0.0, 0.0, 0.0, 0.0, 0.0, 0.0, 0.0, 0.0, 0.0, 0.0, 0.0, 0.0, 0.0, 0.0, 0.0, 0.0, 0.0, 0.0, 0.0, 0.0, 0.0, 0.0, 0.0, 0.0, 0.0, 0.0, 0.0, 0.0, 0.0]",0,0.0,0.9963198505176893,0.9999897876145576,"[np.float64(0.9999860933535201), np.float64(0.9999897876145576), 0.0, 0.0, 0.0, 0.0, np.float64(0.9999632617504183), np.float64(0.9994237477060965), np.float64(0.4339743331664163), 0.0, 0.0, 0.0, 0.0, 0.0, 0.0, 0.0, np.float64(0.99955237211929), np.float64(0.9995414808224079), 0.0, np.float64(0.9990010265081367), np.float64(0.9971610071966953), np.float64(0.9994384060995312), np.float64(0.9997936897284203), 0.0, np.float64(0.9996790548192729), np.float64(0.999492638704974), np.float64(0.995257422146685), np.float64(0.9979368367930121), np.float64(0.993019788673913), np.float64(0.998242452413111), np.float64(0.9949972966782221), np.float64(0.9991240480792598), np.float64(0.995475691518789), np.float64(0.9997448080689632), np.float64(0.9936633492211767), np.float64(0.9991240480964916), np.float64(0.9954756915164968), np.float64(0.9986749068084976), np.float64(0.9954786938386834), np.float64(0.9982103739469607), np.float64(0.9952456465519387), np.float64(0.9982103738924236), np.float64(0.9952456465568777), np.float64(0.9982103739296091), np.float64(0.9952456465215469), np.float64(0.9935804199295132), np.float64(0.998892750638886), np.float64(0.9995031659886283), np.float64(0.9997256178472874), np.float64(0.9935665424638629), np.float64(0.9994556025313116), np.float64(0.9994556025255069)]",2742,0.0,0.0,0.0,"[0.0, 0.0, 0.0, 0.0, 0.0, 0.0, 0.0, 0.0, 0.0, 0.0, 0.0, 0.0, 0.0, 0.0, 0.0, 0.0, 0.0, 0.0, 0.0, 0.0, 0.0, 0.0, 0.0, 0.0, 0.0, 0.0, 0.0, 0.0, 0.0, 0.0, 0.0, 0.0, 0.0, 0.0, 0.0, 0.0, 0.0, 0.0, 0.0, 0.0, 0.0, 0.0, 0.0, 0.0, 0.0, 0.0, 0.0, 0.0, 0.0, 0.0, 0.0, 0.0]",70598
BIOMD0000000493,3,6,0,1000,0.0,0.0,0.0,"[0.0, 0.0, 0.0]",0,0.0,0.0,0.0,"[0.0, 0.0, 0.0]",0,0.0,0.0,0.0,"[0.0, 0.0, 0.0]",0
BIOMD0000000495,8,17,0,1000,0.0,0.0,0.0,"[0.0, 0.0, 0.0, 0.0, 0.0, 0.0, 0.0, 0.0]",0,0.0,0.0,0.0,"[0.0, 0.0, 0.0, 0.0, 0.0, 0.0, 0.0, 0.0]",15,0.0,0.0,0.010844054702617956,"[0.0, 0.0, 0.0, 0.0, 0.0, 0.0, np.float64(0.010844054702617956), 0.0]",238
BIOMD0000000498,19,44,0,1000,0.0,0.0,0.0,"[0.0, 0.0, 0.0, 0.0, 0.0, 0.0, 0.0, 0.0, 0.0, 0.0, 0.0, 0.0, 0.0, 0.0, 0.0, 0.0, 0.0, 0.0, 0.0]",0,0.0,0.21693372128787713,0.21693372128787713,"[np.float64(0.21693372128787713), np.float64(0.21693372128787713), np.float64(0.21693372128787713), 0.0, np.float64(0.21693372128787713), np.float64(0.21693372128787713), 0.0, np.float64(0.21693372128787713), np.float64(0.21693372128787713), 0.0, 0.0, 0.0, np.float64(0.21693372128787713), 0.0, 0.0, np.float64(0.21693372128787713), np.float64(0.21693372128787713), 0.0, 0.0]",59,0.0,0.2081896465963129,0.2081896465963129,"[np.float64(0.2081896465963129), np.float64(0.2081896465963129), np.float64(0.2081896465963129), 0.0, np.float64(0.2081896465963129), np.float64(0.2081896465963129), 0.0, np.float64(0.2081896465963129), np.float64(0.2081896465963129), 0.0, 0.0, 0.0, np.float64(0.2081896465963129), 0.0, 0.0, np.float64(0.2081896465963129), np.float64(0.2081896465963129), 0.0, 0.0]",706
BIOMD0000000500,14,18,0,1000,2.220446049250313e-16,2.220446049250313e-16,2.220446049250313e-16,"[np.float64(2.220446049250313e-16), np.float64(2.220446049250313e-16), np.float64(2.220446049250313e-16), np.float64(2.220446049250313e-16), np.float64(2.220446049250313e-16), np.float64(2.220446049250313e-16), np.float64(2.220446049250313e-16), np.float64(2.220446049250313e-16), np.float64(2.220446049250313e-16), np.float64(2.220446049250313e-16), np.float64(2.220446049250313e-16), np.float64(2.220446049250313e-16), np.float64(2.220446049250313e-16), np.float64(2.220446049250313e-16)]",0,0.0,0.0,0.0,"[0.0, 0.0, 0.0, 0.0, 0.0, 0.0, 0.0, 0.0, 0.0, 0.0, 0.0, 0.0, 0.0, 0.0]",0,0.0,0.0,0.0,"[0.0, 0.0, 0.0, 0.0, 0.0, 0.0, 0.0, 0.0, 0.0, 0.0, 0.0, 0.0, 0.0, 0.0]",0
BIOMD0000000501,35,57,0,1000,2.220446049250313e-16,2.220446049250313e-16,2.220446049250313e-16,"[np.float64(2.220446049250313e-16), np.float64(2.220446049250313e-16), np.float64(2.220446049250313e-16), np.float64(2.220446049250313e-16), np.float64(2.220446049250313e-16), np.float64(2.220446049250313e-16), np.float64(2.220446049250313e-16), np.float64(2.220446049250313e-16), np.float64(2.220446049250313e-16), np.float64(2.220446049250313e-16), np.float64(2.220446049250313e-16), np.float64(2.220446049250313e-16), np.float64(2.220446049250313e-16), np.float64(2.220446049250313e-16), np.float64(2.220446049250313e-16), np.float64(2.220446049250313e-16), np.float64(2.220446049250313e-16), np.float64(2.220446049250313e-16), np.float64(2.220446049250313e-16), np.float64(2.220446049250313e-16), np.float64(2.220446049250313e-16), np.float64(2.220446049250313e-16), np.float64(2.220446049250313e-16), np.float64(2.220446049250313e-16), np.float64(2.220446049250313e-16), np.float64(2.220446049250313e-16), np.float64(2.220446049250313e-16), np.float64(2.220446049250313e-16), np.float64(2.220446049250313e-16), np.float64(2.220446049250313e-16), np.float64(2.220446049250313e-16), np.float64(2.220446049250313e-16), np.float64(2.220446049250313e-16), np.float64(2.220446049250313e-16), np.float64(2.220446049250313e-16)]",0,0.0,0.0,0.0,"[0.0, 0.0, 0.0, 0.0, 0.0, 0.0, 0.0, 0.0, 0.0, 0.0, 0.0, 0.0, 0.0, 0.0, 0.0, 0.0, 0.0, 0.0, 0.0, 0.0, 0.0, 0.0, 0.0, 0.0, 0.0, 0.0, 0.0, 0.0, 0.0, 0.0, 0.0, 0.0, 0.0, 0.0, 0.0]",0,0.0,0.0,0.0,"[0.0, 0.0, 0.0, 0.0, 0.0, 0.0, 0.0, 0.0, 0.0, 0.0, 0.0, 0.0, 0.0, 0.0, 0.0, 0.0, 0.0, 0.0, 0.0, 0.0, 0.0, 0.0, 0.0, 0.0, 0.0, 0.0, 0.0, 0.0, 0.0, 0.0, 0.0, 0.0, 0.0, 0.0, 0.0]",0
BIOMD0000000502,8,11,0,1000,0.0,0.0,0.0,"[0.0, 0.0, 0.0, 0.0, 0.0, 0.0, 0.0, 0.0]",0,0.0,0.0,0.0,"[0.0, 0.0, 0.0, 0.0, 0.0, 0.0, 0.0, 0.0]",31,0.0,0.0,0.0,"[0.0, 0.0, 0.0, 0.0, 0.0, 0.0, 0.0, 0.0]",257
BIOMD0000000503,28,34,0,1000,0.0,0.0,0.0,"[0.0, 0.0, 0.0, 0.0, 0.0, 0.0, 0.0, 0.0, 0.0, 0.0, 0.0, 0.0, 0.0, 0.0, 0.0, 0.0, 0.0, 0.0, 0.0, 0.0, 0.0, 0.0, 0.0, 0.0, 0.0, 0.0, 0.0, 0.0]",0,0.0,0.1295203831129163,0.9997668998975613,"[np.float64(0.994587243951034), np.float64(0.9997668998975613), np.float64(0.9903125257340943), 0.0, np.float64(0.9844250438739799), np.float64(0.9984082746115005), np.float64(0.9889199618869283), 0.0, 0.0, 0.0, np.float64(0.8160951726338393), 0.0, np.float64(0.9583806548236676), np.float64(0.2590407662258326), np.float64(0.878710810654048), np.float64(0.9821051897254685), np.float64(0.998452384348291), 0.0, 0.0, 0.0, 0.0, np.float64(0.9993897719090069), np.float64(0.9931998556149247), 0.0, 0.0, 0.0, 0.0, 0.0]",781,0.0,0.0,0.0,"[0.0, 0.0, 0.0, 0.0, 0.0, 0.0, 0.0, 0.0, 0.0, 0.0, 0.0, 0.0, 0.0, 0.0, 0.0, 0.0, 0.0, 0.0, 0.0, 0.0, 0.0, 0.0, 0.0, 0.0, 0.0, 0.0, 0.0, 0.0]",10199
BIOMD0000000504,73,132,0,1000,0.0,0.0,0.0,"[0.0, 0.0, 0.0, 0.0, 0.0, 0.0, 0.0, 0.0, 0.0, 0.0, 0.0, 0.0, 0.0, 0.0, 0.0, 0.0, 0.0, 0.0, 0.0, 0.0, 0.0, 0.0, 0.0, 0.0, 0.0, 0.0, 0.0, 0.0, 0.0, 0.0, 0.0, 0.0, 0.0, 0.0, 0.0, 0.0, 0.0, 0.0, 0.0, 0.0, 0.0, 0.0, 0.0, 0.0, 0.0, 0.0, 0.0, 0.0, 0.0, 0.0, 0.0, 0.0, 0.0, 0.0, 0.0, 0.0, 0.0, 0.0, 0.0, 0.0, 0.0, 0.0, 0.0, 0.0, 0.0, 0.0, 0.0, 0.0, 0.0, 0.0, 0.0, 0.0, 0.0]",0,0.0,0.0,0.4433172149882557,"[0.0, 0.0, 0.0, 0.0, 0.0, 0.0, 0.0, 0.0, 0.0, 0.0, 0.0, 0.0, 0.0, 0.0, 0.0, 0.0, 0.0, 0.0, 0.0, 0.0, 0.0, 0.0, 0.0, 0.0, 0.0, 0.0, 0.0, 0.0, 0.0, 0.0, 0.0, 0.0, 0.0, 0.0, 0.0, 0.0, 0.0, 0.0, 0.0, 0.0, 0.0, 0.0, 0.0, 0.0, 0.0, 0.0, 0.0, 0.0, 0.0, 0.0, 0.0, 0.0, 0.0, 0.0, 0.0, 0.0, 0.0, 0.0, 0.0, 0.0, 0.0, 0.0, 0.0, 0.0, 0.0, np.float64(0.4433172149882557), 0.0, 0.0, 0.0, 0.0, 0.0, 0.0, 0.0]",1345,0.0,0.0,0.9999999999999991,"[0.0, np.float64(0.868549586089447), 0.0, 0.0, 0.0, 0.0, 0.0, np.float64(0.9999999999994686), 0.0, np.float64(0.999999999999386), np.float64(0.999999999999386), np.float64(0.9999999999999991), np.float64(0.9999999999999991), np.float64(0.9999999999999963), 0.0, 0.0, 0.0, 0.0, np.float64(0.9999999999999991), np.float64(0.9999999999999991), 0.0, 0.0, 0.0, 0.0, 0.0, 0.0, 0.0, 0.0, 0.0, 0.0, 0.0, np.float64(0.9999999999994686), 0.0, 0.0, 0.0, 0.0, 0.0, 0.0, 0.0, 0.0, 0.0, 0.0, 0.0, 0.0, 0.0, 0.0, 0.0, 0.0, 0.0, 0.0, 0.0, np.float64(0.999999999999478), np.float64(0.9999999999999573), np.float64(0.999999999999776), 0.0, 0.0, 0.0, 0.0, 0.0, np.float64(0.7466387440073698), 0.0, 0.0, np.float64(0.7380335836164734), 0.0, 0.0, 0.0, 0.0, 0.0, 0.0, 0.0, 0.0, np.float64(0.3854122429471636), 0.0]",5100
BIOMD0000000505,45,59,0,1000,0.0,0.0,0.0,"[0.0, 0.0, 0.0, 0.0, 0.0, 0.0, 0.0, 0.0, 0.0, 0.0, 0.0, 0.0, 0.0, 0.0, 0.0, 0.0, 0.0, 0.0, 0.0, 0.0, 0.0, 0.0, 0.0, 0.0, 0.0, 0.0, 0.0, 0.0, 0.0, 0.0, 0.0, 0.0, 0.0, 0.0, 0.0, 0.0, 0.0, 0.0, 0.0, 0.0, 0.0, 0.0, 0.0, 0.0, 0.0]",6,0.0,0.0,0.9999999984204845,"[0.0, np.float64(0.6090932642621849), np.float64(0.8103174748059767), np.float64(0.9993095917609518), np.float64(0.9787709406073435), np.float64(0.9794140553664757), np.float64(0.5758540287870356), np.float64(0.9371740316391374), np.float64(0.856131037531989), np.float64(0.9696393341213057), np.float64(0.9970353920649875), 0.0, 0.0, 0.0, np.float64(0.9628621507089293), np.float64(0.9483533926786958), 0.0, 0.0, 0.0, 0.0, 0.0, 0.0, 0.0, 0.0, 0.0, 0.0, 0.0, 0.0, 0.0, 0.0, 0.0, 0.0, 0.0, 0.0, 0.0, 0.0, 0.0, 0.0, np.float64(0.9999999984204845), 0.0, 0.0, 0.0, 0.0, 0.0, 0.0]",1115,0.0,0.0,0.0,"[0.0, 0.0, 0.0, 0.0, 0.0, 0.0, 0.0, 0.0, 0.0, 0.0, 0.0, 0.0, 0.0, 0.0, 0.0, 0.0, 0.0, 0.0, 0.0, 0.0, 0.0, 0.0, 0.0, 0.0, 0.0, 0.0, 0.0, 0.0, 0.0, 0.0, 0.0, 0.0, 0.0, 0.0, 0.0, 0.0, 0.0, 0.0, 0.0, 0.0, 0.0, 0.0, 0.0, 0.0, 0.0]",24598
BIOMD0000000506,45,59,0,1000,0.0,0.0,0.0,"[0.0, 0.0, 0.0, 0.0, 0.0, 0.0, 0.0, 0.0, 0.0, 0.0, 0.0, 0.0, 0.0, 0.0, 0.0, 0.0, 0.0, 0.0, 0.0, 0.0, 0.0, 0.0, 0.0, 0.0, 0.0, 0.0, 0.0, 0.0, 0.0, 0.0, 0.0, 0.0, 0.0, 0.0, 0.0, 0.0, 0.0, 0.0, 0.0, 0.0, 0.0, 0.0, 0.0, 0.0, 0.0]",0,0.0,0.0,0.9382518103247144,"[0.0, 0.0, 0.0, 0.0, 0.0, 0.0, 0.0, 0.0, 0.0, 0.0, 0.0, 0.0, 0.0, 0.0, 0.0, 0.0, 0.0, 0.0, np.float64(0.18084785078735477), 0.0, 0.0, 0.0, 0.0, 0.0, np.float64(0.535035746805216), np.float64(0.5184061455705814), np.float64(0.1665911436355616), np.float64(0.09506801230150108), np.float64(0.09441765980882522), 0.0, np.float64(0.8439236201305701), np.float64(0.8363947725812118), np.float64(0.5300003500236523), np.float64(0.6085211362328788), np.float64(0.6084966418607443), np.float64(0.6084382584604562), np.float64(0.8902298007133209), np.float64(0.9382518103247144), np.float64(0.602877531552354), np.float64(0.6453763588373975), np.float64(0.6453910517521724), np.float64(0.645353899935682), 0.0, 0.0, 0.0]",1917,0.0,0.0,0.0,"[0.0, 0.0, 0.0, 0.0, 0.0, 0.0, 0.0, 0.0, 0.0, 0.0, 0.0, 0.0, 0.0, 0.0, 0.0, 0.0, 0.0, 0.0, 0.0, 0.0, 0.0, 0.0, 0.0, 0.0, 0.0, 0.0, 0.0, 0.0, 0.0, 0.0, 0.0, 0.0, 0.0, 0.0, 0.0, 0.0, 0.0, 0.0, 0.0, 0.0, 0.0, 0.0, 0.0, 0.0, 0.0]",12754
BIOMD0000000510,38,36,0,1000,0.0,0.0,0.0,"[0.0, 0.0, 0.0, 0.0, 0.0, 0.0, 0.0, 0.0, 0.0, 0.0, 0.0, 0.0, 0.0, 0.0, 0.0, 0.0, 0.0, 0.0, 0.0, 0.0, 0.0, 0.0, 0.0, 0.0, 0.0, 0.0, 0.0, 0.0, 0.0, 0.0, 0.0, 0.0, 0.0, 0.0, 0.0, 0.0, 0.0, 0.0]",2,0.03244211604897529,0.9334622672748909,0.9999779581374219,"[np.float64(0.9989944697104074), np.float64(0.9220219974863143), np.float64(0.9980268812265602), np.float64(0.8267878105746649), np.float64(0.5739726485501173), np.float64(0.19360210453481186), np.float64(0.9912963163407837), np.float64(0.9944668918056511), np.float64(0.9690395482193106), np.float64(0.8880093120720908), np.float64(0.9690395482280951), np.float64(0.9938845098960836), np.float64(0.9990171229569255), np.float64(0.03244211604897529), np.float64(0.9999779581374219), np.float64(0.9243583275238992), np.float64(0.7626470336511177), np.float64(0.993189022184749), np.float64(0.7794483614708074), np.float64(0.8630976839614546), np.float64(0.9977722057646892), np.float64(0.8627597246378539), np.float64(0.9990171229571436), np.float64(0.9964580666363895), np.float64(0.7835025033488512), np.float64(0.6311290928194624), np.float64(0.7845408892351874), np.float64(0.9425662071621591), np.float64(0.9220219972321234), np.float64(0.8883881923106163), np.float64(0.9965460505005795), np.float64(0.9425662070258825), np.float64(0.8877405283659379), np.float64(0.7854309594779387), np.float64(0.9771363690362005), np.float64(0.9601297080709376), np.float64(0.9868501035757158), np.float64(0.7835025035294029)]",1481,0.0,0.0,0.0,"[0.0, 0.0, 0.0, 0.0, 0.0, 0.0, 0.0, 0.0, 0.0, 0.0, 0.0, 0.0, 0.0, 0.0, 0.0, 0.0, 0.0, 0.0, 0.0, 0.0, 0.0, 0.0, 0.0, 0.0, 0.0, 0.0, 0.0, 0.0, 0.0, 0.0, 0.0, 0.0, 0.0, 0.0, 0.0, 0.0, 0.0, 0.0]",23365
BIOMD0000000511,37,36,0,1000,0.0,0.0,4.440892098500626e-16,"[0.0, np.float64(2.220446049250313e-16), 0.0, np.float64(2.220446049250313e-16), 0.0, 0.0, 0.0, 0.0, 0.0, 0.0, 0.0, 0.0, 0.0, 0.0, 0.0, 0.0, 0.0, 0.0, 0.0, 0.0, np.float64(2.220446049250313e-16), 0.0, 0.0, 0.0, np.float64(1.1102230246251565e-16), 0.0, 0.0, np.float64(4.440892098500626e-16), 0.0, 0.0, 0.0, 0.0, 0.0, 0.0, np.float64(1.1102230246251565e-16), 0.0, 0.0]",19,0.0,0.9727830073845705,0.9999859851723354,"[np.float64(0.9206775389094736), np.float64(0.9874686947556133), np.float64(0.9695153967759323), np.float64(0.996937426652907), np.float64(0.9285610132701898), np.float64(0.9461976516851378), np.float64(0.9114086319068982), np.float64(0.9340281134829822), np.float64(0.9995745900384049), np.float64(0.7451197274656123), np.float64(0.9994403249563377), np.float64(0.9999572721761143), np.float64(0.9978517880045089), 0.0, 0.0, np.float64(0.9999087530328699), 0.0, np.float64(0.774938356128938), np.float64(0.011797195530637405), np.float64(0.9982068365241392), np.float64(0.9999572721761185), np.float64(0.9994403249563485), np.float64(0.9999859851723354), np.float64(0.9133663880100522), np.float64(0.998554549413733), np.float64(0.8055219521126136), np.float64(0.999406810973349), np.float64(0.9695153967760544), np.float64(0.9175657181083414), 0.0, np.float64(0.9994068109733534), np.float64(0.9995147668831084), np.float64(0.9737490038016638), np.float64(0.9727830073845705), np.float64(0.9867448293225575), np.float64(0.9901962960823762), np.float64(0.9133663880189372)]",1368,0.0,0.0,0.0,"[0.0, 0.0, 0.0, 0.0, 0.0, 0.0, 0.0, 0.0, 0.0, 0.0, 0.0, 0.0, 0.0, 0.0, 0.0, 0.0, 0.0, 0.0, 0.0, 0.0, 0.0, 0.0, 0.0, 0.0, 0.0, 0.0, 0.0, 0.0, 0.0, 0.0, 0.0, 0.0, 0.0, 0.0, 0.0, 0.0, 0.0]",25985
BIOMD0000000512,39,75,0,1000,0.0,0.0,2.220446049250313e-16,"[np.float64(1.1102230246251565e-16), 0.0, 0.0, np.float64(1.1102230246251565e-16), 0.0, 0.0, 0.0, 0.0, 0.0, 0.0, 0.0, np.float64(1.1102230246251565e-16), 0.0, 0.0, 0.0, 0.0, 0.0, 0.0, 0.0, 0.0, 0.0, 0.0, 0.0, 0.0, 0.0, 0.0, 0.0, 0.0, np.float64(1.1102230246251565e-16), 0.0, 0.0, np.float64(1.1102230246251565e-16), 0.0, np.float64(2.220446049250313e-16), 0.0, 0.0, 0.0, 0.0, np.float64(2.220446049250313e-16)]",27,0.0,0.0,0.9999999999270589,"[0.0, np.float64(0.9999999719492627), 0.0, 0.0, 0.0, 0.0, 0.0, 0.0, 0.0, 0.0, 0.0, 0.0, 0.0, 0.0, 0.0, 0.0, 0.0, 0.0, 0.0, 0.0, 0.0, 0.0, 0.0, 0.0, 0.0, 0.0, 0.0, 0.0, 0.0, 0.0, 0.0, 0.0, 0.0, 0.0, 0.0, 0.0, np.float64(0.9999999999270589), np.float64(0.999999999920117), np.float64(0.9999999998890685)]",1219,0.0,0.0,0.0,"[0.0, 0.0, 0.0, 0.0, 0.0, 0.0, 0.0, 0.0, 0.0, 0.0, 0.0, 0.0, 0.0, 0.0, 0.0, 0.0, 0.0, 0.0, 0.0, 0.0, 0.0, 0.0, 0.0, 0.0, 0.0, 0.0, 0.0, 0.0, 0.0, 0.0, 0.0, 0.0, 0.0, 0.0, 0.0, 0.0, 0.0, 0.0, 0.0]",21773
BIOMD0000000513,24,21,0,1000,0.0,0.0,0.0,"[0.0, 0.0, 0.0, 0.0, 0.0, 0.0, 0.0, 0.0, 0.0, 0.0, 0.0, 0.0, 0.0, 0.0, 0.0, 0.0, 0.0, 0.0, 0.0, 0.0, 0.0, 0.0, 0.0, 0.0]",2,0.0,0.7980426363270237,0.9962636000015747,"[0.0, np.float64(0.915792022605883), np.float64(0.9884385590183024), np.float64(0.8196040981564409), np.float64(0.6598043806044249), 0.0, 0.0, np.float64(0.9947387871072915), np.float64(0.9123064944111452), np.float64(0.9930279424851169), np.float64(0.7721282603847051), 0.0, 0.0, np.float64(0.9962636000015747), np.float64(0.7751611316845766), np.float64(0.6210860454800784), np.float64(0.7764811744976063), np.float64(0.9157920226076404), np.float64(0.8833040886821555), np.float64(0.7724263346964846), np.float64(0.9905378902481022), np.float64(0.9607871404890882), np.float64(0.9843929721496346), np.float64(0.7751611316919793)]",595,0.0,0.0,0.0,"[0.0, 0.0, 0.0, 0.0, 0.0, 0.0, 0.0, 0.0, 0.0, 0.0, 0.0, 0.0, 0.0, 0.0, 0.0, 0.0, 0.0, 0.0, 0.0, 0.0, 0.0, 0.0, 0.0, 0.0]",6667
BIOMD0000000514,37,35,0,1000,0.0,0.0,0.0,"[0.0, 0.0, 0.0, 0.0, 0.0, 0.0, 0.0, 0.0, 0.0, 0.0, 0.0, 0.0, 0.0, 0.0, 0.0, 0.0, 0.0, 0.0, 0.0, 0.0, 0.0, 0.0, 0.0, 0.0, 0.0, 0.0, 0.0, 0.0, 0.0, 0.0, 0.0, 0.0, 0.0, 0.0, 0.0, 0.0, 0.0]",0,0.0,0.737837069406924,0.7382144477942452,"[0.0, np.float64(0.7378370693843797), np.float64(0.7378370698573231), np.float64(0.7378370629138435), np.float64(0.7378435208933052), np.float64(0.7378370664304292), np.float64(0.7379983043589451), 0.0, np.float64(0.7378370647568018), np.float64(0.7378376248361164), np.float64(0.7378370664897487), np.float64(0.737837080521481), 0.0, np.float64(0.7378371265111626), 0.0, np.float64(0.7378370768550364), np.float64(0.7378371164581747), np.float64(0.7378370688192104), np.float64(0.7378371390268859), np.float64(0.7378371405839261), np.float64(0.7378370845414917), np.float64(0.737837637610952), np.float64(0.7378371504046208), np.float64(0.7378370680195796), np.float64(0.7378370700346859), np.float64(0.737837069406924), 0.0, np.float64(0.7378370617783467), np.float64(0.7378370628248603), 0.0, 0.0, 0.0, np.float64(0.7382144477942452), np.float64(0.7378426345475912), 0.0, np.float64(0.7379650818733382), np.float64(0.7378370740392985)]",1397,0.0,0.0,0.0,"[0.0, 0.0, 0.0, 0.0, 0.0, 0.0, 0.0, 0.0, 0.0, 0.0, 0.0, 0.0, 0.0, 0.0, 0.0, 0.0, 0.0, 0.0, 0.0, 0.0, 0.0, 0.0, 0.0, 0.0, 0.0, 0.0, 0.0, 0.0, 0.0, 0.0, 0.0, 0.0, 0.0, 0.0, 0.0, 0.0, 0.0]",24815
BIOMD0000000515,40,40,0,1000,0.0,0.0,2.220446049250313e-16,"[0.0, 0.0, 0.0, 0.0, 0.0, np.float64(2.220446049250313e-16), 0.0, 0.0, 0.0, np.float64(1.1102230246251565e-16), 0.0, 0.0, 0.0, np.float64(2.220446049250313e-16), 0.0, 0.0, 0.0, 0.0, 0.0, 0.0, 0.0, 0.0, 0.0, 0.0, 0.0, np.float64(1.1102230246251565e-16), 0.0, 0.0, 0.0, 0.0, 0.0, 0.0, 0.0, 0.0, 0.0, 0.0, 0.0, 0.0, 0.0, 0.0]",20,0.0,0.9816952200737,0.9999983962878215,"[np.float64(0.9394241263232666), np.float64(0.9966742061340771), np.float64(0.9973387481881463), np.float64(0.9723513121141164), np.float64(0.8052067190529633), np.float64(0.9273807925938727), np.float64(0.6640176451682686), np.float64(0.9317987889420706), np.float64(0.9532773663956445), np.float64(0.9992368951197291), np.float64(0.9996183039893741), np.float64(0.6436373504458022), np.float64(0.9996183039896919), np.float64(0.9883593540362172), np.float64(0.9999983962878215), np.float64(0.9999018491143464), 0.0, 0.0, np.float64(0.9999756467951468), np.float64(0.9998419898616723), np.float64(0.772905624573614), np.float64(0.9912159977977508), np.float64(0.9995438563617048), np.float64(0.9893035298746594), np.float64(0.9999983962878213), np.float64(0.9999941241937812), np.float64(0.9402316984694858), np.float64(0.998774933654697), np.float64(0.8096434940210417), np.float64(0.9995962210129524), np.float64(0.9723513121661409), np.float64(0.9210380914971019), 0.0, np.float64(0.9995962210120266), np.float64(0.7470233088600537), np.float64(0.9999815176899566), np.float64(0.6999849981204902), np.float64(0.9750310861111828), np.float64(0.9898032220691394), np.float64(0.9402316986535179)]",1603,0.0,0.0,0.0,"[0.0, 0.0, 0.0, 0.0, 0.0, 0.0, 0.0, 0.0, 0.0, 0.0, 0.0, 0.0, 0.0, 0.0, 0.0, 0.0, 0.0, 0.0, 0.0, 0.0, 0.0, 0.0, 0.0, 0.0, 0.0, 0.0, 0.0, 0.0, 0.0, 0.0, 0.0, 0.0, 0.0, 0.0, 0.0, 0.0, 0.0, 0.0, 0.0, 0.0]",32061
BIOMD0000000516,39,40,0,1000,0.0,0.0,2.220446049250313e-16,"[0.0, 0.0, 0.0, 0.0, 0.0, 0.0, 0.0, 0.0, 0.0, 0.0, 0.0, 0.0, 0.0, np.float64(2.220446049250313e-16), 0.0, 0.0, 0.0, 0.0, np.float64(2.220446049250313e-16), 0.0, 0.0, 0.0, 0.0, 0.0, 0.0, 0.0, 0.0, 0.0, 0.0, 0.0, 0.0, 0.0, 0.0, 0.0, 0.0, 0.0, 0.0, 0.0, 0.0]",19,0.0,0.9844291931576593,0.9999905136572883,"[np.float64(0.8858270997476687), 0.0, 0.0, np.float64(0.9844291931576593), np.float64(0.8479756644084494), np.float64(0.9334286503545458), np.float64(0.5189003041303601), np.float64(0.9535471338370076), np.float64(0.8774319238777917), np.float64(0.9996713131764556), np.float64(0.5391144399330308), np.float64(0.9990019556589382), np.float64(0.9815071213784607), np.float64(0.999342179956565), np.float64(0.9997332139314486), np.float64(0.9999803373278979), np.float64(0.999912382616217), np.float64(0.9999871131725585), 0.0, np.float64(0.7721447124950901), 0.0, np.float64(0.9967744474919876), np.float64(0.9993421798914559), np.float64(0.9990019556595486), np.float64(0.9999559003364507), np.float64(0.8745819585269263), np.float64(0.9992874329301771), np.float64(0.7970614405816103), np.float64(0.9989651774910708), np.float64(0.9844291931659567), np.float64(0.9191124644800998), 0.0, np.float64(0.9989651774913733), np.float64(0.9999905136572883), np.float64(0.9999677736267957), np.float64(0.656928293636653), np.float64(0.9951814277180833), np.float64(0.9877546013087861), np.float64(0.8745819584964105)]",1527,0.0,0.0,0.0,"[0.0, 0.0, 0.0, 0.0, 0.0, 0.0, 0.0, 0.0, 0.0, 0.0, 0.0, 0.0, 0.0, 0.0, 0.0, 0.0, 0.0, 0.0, 0.0, 0.0, 0.0, 0.0, 0.0, 0.0, 0.0, 0.0, 0.0, 0.0, 0.0, 0.0, 0.0, 0.0, 0.0, 0.0, 0.0, 0.0, 0.0, 0.0, 0.0]",29576
BIOMD0000000517,4,9,0,1000,0.0,0.0,0.0,"[0.0, 0.0, 0.0, 0.0]",0,0.0,0.0,0.0,"[0.0, 0.0, 0.0, 0.0]",4,0.0,0.0,0.0,"[0.0, 0.0, 0.0, 0.0]",18
BIOMD0000000518,4,9,0,1000,2.220446049250313e-16,2.220446049250313e-16,2.220446049250313e-16,"[np.float64(2.220446049250313e-16), np.float64(2.220446049250313e-16), np.float64(2.220446049250313e-16), np.float64(2.220446049250313e-16)]",0,0.0,0.0,0.0,"[0.0, 0.0, 0.0, 0.0]",0,0.0,0.0,0.0,"[0.0, 0.0, 0.0, 0.0]",0
BIOMD0000000519,3,7,0,1000,2.220446049250313e-16,2.220446049250313e-16,2.220446049250313e-16,"[np.float64(2.220446049250313e-16), np.float64(2.220446049250313e-16), np.float64(2.220446049250313e-16)]",0,0.0,0.0,0.0,"[0.0, 0.0, 0.0]",0,0.0,0.0,0.0,"[0.0, 0.0, 0.0]",0
BIOMD0000000520,3,7,0,1000,0.0,0.0,0.0,"[0.0, 0.0, 0.0]",0,0.0,0.0,0.0,"[0.0, 0.0, 0.0]",4,0.0,0.3338676347096503,0.6111658033380997,"[0.0, np.float64(0.6111658033380997), np.float64(0.3338676347096503)]",0
BIOMD0000000522,16,0,0,1000,0.0,0.0,0.0,"[0.0, 0.0, 0.0, 0.0, 0.0, 0.0, 0.0, 0.0, 0.0, 0.0, 0.0, 0.0, 0.0, 0.0, 0.0, 0.0]",2,0.0,0.07741230590236764,0.9999999999997206,"[0.0, 0.0, 0.0, np.float64(0.15482461180473528), np.float64(0.15482461180473528), np.float64(0.15482461180473528), np.float64(0.15482461180473528), np.float64(0.9999999999313062), np.float64(0.9999999986776404), 0.0, np.float64(0.9999999999997206), 0.0, 0.0, 0.0, np.float64(0.15482461180473528), 0.0]",82,0.0,0.0,0.0,"[0.0, 0.0, 0.0, 0.0, 0.0, 0.0, 0.0, 0.0, 0.0, 0.0, 0.0, 0.0, 0.0, 0.0, 0.0, 0.0]",1059
BIOMD0000000523,18,13,0,1000,0.0,0.0,1.1102230246251565e-16,"[0.0, 0.0, 0.0, 0.0, 0.0, np.float64(1.1102230246251565e-16), 0.0, 0.0, 0.0, 0.0, 0.0, 0.0, 0.0, 0.0, 0.0, 0.0, 0.0, 0.0]",10,0.0,0.0,0.0,"[0.0, 0.0, 0.0, 0.0, 0.0, 0.0, 0.0, 0.0, 0.0, 0.0, 0.0, 0.0, 0.0, 0.0, 0.0, 0.0, 0.0, 0.0]",69,0.0,0.0,0.0,"[0.0, 0.0, 0.0, 0.0, 0.0, 0.0, 0.0, 0.0, 0.0, 0.0, 0.0, 0.0, 0.0, 0.0, 0.0, 0.0, 0.0, 0.0]",1344
BIOMD0000000524,18,13,0,1000,0.0,0.0,0.0,"[0.0, 0.0, 0.0, 0.0, 0.0, 0.0, 0.0, 0.0, 0.0, 0.0, 0.0, 0.0, 0.0, 0.0, 0.0, 0.0, 0.0, 0.0]",0,0.0,0.14295220513994633,0.9998312051225956,"[np.float64(0.14295220513994633), 0.0, 0.0, 0.0, np.float64(0.9997581627960547), np.float64(0.14295220513994633), 0.0, 0.0, 0.0, np.float64(0.8189497300664847), np.float64(0.14295220513994633), np.float64(0.14295220513994633), 0.0, np.float64(0.9998312051225956), np.float64(0.9998312051225956), np.float64(0.14295220513994633), np.float64(0.14295220513994633), np.float64(0.14295220513994633)]",15,0.0,0.9999999866247306,0.9999999999999993,"[0.0, np.float64(0.9999999999999993), np.float64(0.9999999999999969), np.float64(0.9999999763713779), np.float64(0.9999999968780832), 0.0, np.float64(0.9999999999893172), np.float64(0.9999999999999973), np.float64(0.999999999999839), np.float64(0.9999998761411869), 0.0, 0.0, np.float64(0.9999999999922687), np.float64(0.999999999992252), np.float64(0.999999999992252), 0.0, 0.0, 0.0]",6
BIOMD0000000525,18,19,0,1000,0.0,0.0,0.0,"[0.0, 0.0, 0.0, 0.0, 0.0, 0.0, 0.0, 0.0, 0.0, 0.0, 0.0, 0.0, 0.0, 0.0, 0.0, 0.0, 0.0, 0.0]",3,0.0,0.0,0.30997699996727823,"[0.0, 0.0, 0.0, 0.0, 0.0, np.float64(0.30997699996727823), 0.0, 0.0, 0.0, 0.0, 0.0, 0.0, 0.0, 0.0, 0.0, np.float64(0.3099769999672395), np.float64(0.3099769999672395), 0.0]",27,0.0,0.0,0.40534685735947906,"[0.0, 0.0, 0.0, 0.0, 0.0, 0.0, 0.0, 0.0, 0.0, 0.0, 0.0, np.float64(0.40534685735947906), 0.0, 0.0, 0.0, 0.0, 0.0, 0.0]",360
BIOMD0000000526,18,19,0,1000,0.0,0.0,0.0,"[0.0, 0.0, 0.0, 0.0, 0.0, 0.0, 0.0, 0.0, 0.0, 0.0, 0.0, 0.0, 0.0, 0.0, 0.0, 0.0, 0.0, 0.0]",0,0.0,0.0,0.15133720787120808,"[np.float64(0.15133720787120808), 0.0, 0.0, 0.0, 0.0, 0.0, 0.0, 0.0, 0.0, 0.0, np.float64(0.15133720787120808), np.float64(0.15133720787120808), 0.0, 0.0, 0.0, 0.0, 0.0, np.float64(0.15133720787120808)]",62,0.0,0.9999999965633821,0.9999999999999929,"[0.0, 0.0, np.float64(0.9999999999999833), np.float64(0.9999999948347703), np.float64(0.9999999992902043), np.float64(0.9999567672813553), np.float64(0.9999999982919939), np.float64(0.9999999999999929), np.float64(0.9999999999974826), np.float64(0.9999999999918755), 0.0, 0.0, np.float64(0.99999999983533), np.float64(0.9999999998353287), np.float64(0.9999999998353287), np.float64(0.9999813803619582), np.float64(0.9999813803619582), 0.0]",0
BIOMD0000000528,12,12,0,1000,0.0,0.0,0.0,"[0.0, 0.0, 0.0, 0.0, 0.0, 0.0, 0.0, 0.0, 0.0, 0.0, 0.0, 0.0]",11,0.0,0.0,0.0,"[0.0, 0.0, 0.0, 0.0, 0.0, 0.0, 0.0, 0.0, 0.0, 0.0, 0.0, 0.0]",144,1.840851149292888e-08,1.840851149292888e-08,0.14773564905335368,"[np.float64(1.840851149292888e-08), np.float64(1.840851149292888e-08), np.float64(1.840851149292888e-08), np.float64(1.840851149292888e-08), np.float64(1.840851149292888e-08), np.float64(1.840851149292888e-08), np.float64(1.840851149292888e-08), np.float64(1.840851149292888e-08), np.float64(1.840851149292888e-08), np.float64(1.840851149292888e-08), np.float64(1.840851149292888e-08), np.float64(0.14773564905335368)]",1
BIOMD0000000529,12,12,0,1000,0.0,0.0,0.0,"[0.0, 0.0, 0.0, 0.0, 0.0, 0.0, 0.0, 0.0, 0.0, 0.0, 0.0, 0.0]",0,0.0,0.0,0.0,"[0.0, 0.0, 0.0, 0.0, 0.0, 0.0, 0.0, 0.0, 0.0, 0.0, 0.0, 0.0]",5,0.0,0.0,0.0,"[0.0, 0.0, 0.0, 0.0, 0.0, 0.0, 0.0, 0.0, 0.0, 0.0, 0.0, 0.0]",69
BIOMD0000000530,10,17,0,1000,0.0,0.0,0.0,"[0.0, 0.0, 0.0, 0.0, 0.0, 0.0, 0.0, 0.0, 0.0, 0.0]",0,0.0,0.0,0.19344690431952594,"[0.0, 0.0, 0.0, 0.0, 0.0, 0.0, np.float64(0.19344690431952594), np.float64(0.19344690431952594), np.float64(0.19344690431952594), 0.0]",20,0.0,0.0,0.0,"[0.0, 0.0, 0.0, 0.0, 0.0, 0.0, 0.0, 0.0, 0.0, 0.0]",247
BIOMD0000000534,39,71,0,1000,0.0,0.0,0.0,"[0.0, 0.0, 0.0, 0.0, 0.0, 0.0, 0.0, 0.0, 0.0, 0.0, 0.0, 0.0, 0.0, 0.0, 0.0, 0.0, 0.0, 0.0, 0.0, 0.0, 0.0, 0.0, 0.0, 0.0, 0.0, 0.0, 0.0, 0.0, 0.0, 0.0, 0.0, 0.0, 0.0, 0.0, 0.0, 0.0, 0.0, 0.0, 0.0]",0,0.0,0.0,0.0,"[0.0, 0.0, 0.0, 0.0, 0.0, 0.0, 0.0, 0.0, 0.0, 0.0, 0.0, 0.0, 0.0, 0.0, 0.0, 0.0, 0.0, 0.0, 0.0, 0.0, 0.0, 0.0, 0.0, 0.0, 0.0, 0.0, 0.0, 0.0, 0.0, 0.0, 0.0, 0.0, 0.0, 0.0, 0.0, 0.0, 0.0, 0.0, 0.0]",755,0.0,0.0,0.0,"[0.0, 0.0, 0.0, 0.0, 0.0, 0.0, 0.0, 0.0, 0.0, 0.0, 0.0, 0.0, 0.0, 0.0, 0.0, 0.0, 0.0, 0.0, 0.0, 0.0, 0.0, 0.0, 0.0, 0.0, 0.0, 0.0, 0.0, 0.0, 0.0, 0.0, 0.0, 0.0, 0.0, 0.0, 0.0, 0.0, 0.0, 0.0, 0.0]",11906
BIOMD0000000535,39,71,0,1000,0.0,0.0,0.0,"[0.0, 0.0, 0.0, 0.0, 0.0, 0.0, 0.0, 0.0, 0.0, 0.0, 0.0, 0.0, 0.0, 0.0, 0.0, 0.0, 0.0, 0.0, 0.0, 0.0, 0.0, 0.0, 0.0, 0.0, 0.0, 0.0, 0.0, 0.0, 0.0, 0.0, 0.0, 0.0, 0.0, 0.0, 0.0, 0.0, 0.0, 0.0, 0.0]",0,0.0,0.0,0.9125914607105456,"[0.0, 0.0, 0.0, 0.0, 0.0, 0.0, 0.0, 0.0, 0.0, 0.0, 0.0, 0.0, 0.0, 0.0, 0.0, 0.0, 0.0, 0.0, 0.0, np.float64(0.8471741016654879), 0.0, 0.0, 0.0, 0.0, np.float64(0.9125914607105456), 0.0, 0.0, 0.0, 0.0, 0.0, 0.0, 0.0, 0.0, 0.0, 0.0, 0.0, 0.0, 0.0, np.float64(0.07251990676818476)]",951,0.0,0.0,0.0,"[0.0, 0.0, 0.0, 0.0, 0.0, 0.0, 0.0, 0.0, 0.0, 0.0, 0.0, 0.0, 0.0, 0.0, 0.0, 0.0, 0.0, 0.0, 0.0, 0.0, 0.0, 0.0, 0.0, 0.0, 0.0, 0.0, 0.0, 0.0, 0.0, 0.0, 0.0, 0.0, 0.0, 0.0, 0.0, 0.0, 0.0, 0.0, 0.0]",11562
BIOMD0000000536,36,66,0,1000,0.0,0.0,0.0,"[0.0, 0.0, 0.0, 0.0, 0.0, 0.0, 0.0, 0.0, 0.0, 0.0, 0.0, 0.0, 0.0, 0.0, 0.0, 0.0, 0.0, 0.0, 0.0, 0.0, 0.0, 0.0, 0.0, 0.0, 0.0, 0.0, 0.0, 0.0, 0.0, 0.0, 0.0, 0.0, 0.0, 0.0, 0.0, 0.0]",0,0.0,0.0,0.0,"[0.0, 0.0, 0.0, 0.0, 0.0, 0.0, 0.0, 0.0, 0.0, 0.0, 0.0, 0.0, 0.0, 0.0, 0.0, 0.0, 0.0, 0.0, 0.0, 0.0, 0.0, 0.0, 0.0, 0.0, 0.0, 0.0, 0.0, 0.0, 0.0, 0.0, 0.0, 0.0, 0.0, 0.0, 0.0, 0.0]",0,0.0,0.0,0.0,"[0.0, 0.0, 0.0, 0.0, 0.0, 0.0, 0.0, 0.0, 0.0, 0.0, 0.0, 0.0, 0.0, 0.0, 0.0, 0.0, 0.0, 0.0, 0.0, 0.0, 0.0, 0.0, 0.0, 0.0, 0.0, 0.0, 0.0, 0.0, 0.0, 0.0, 0.0, 0.0, 0.0, 0.0, 0.0, 0.0]",0
BIOMD0000000537,40,73,0,1000,0.0,0.0,0.0,"[0.0, 0.0, 0.0, 0.0, 0.0, 0.0, 0.0, 0.0, 0.0, 0.0, 0.0, 0.0, 0.0, 0.0, 0.0, 0.0, 0.0, 0.0, 0.0, 0.0, 0.0, 0.0, 0.0, 0.0, 0.0, 0.0, 0.0, 0.0, 0.0, 0.0, 0.0, 0.0, 0.0, 0.0, 0.0, 0.0, 0.0, 0.0, 0.0, 0.0]",0,0.0,0.0,0.8209007421753372,"[0.0, 0.0, 0.0, 0.0, 0.0, 0.0, 0.0, 0.0, 0.0, 0.0, 0.0, 0.0, 0.0, 0.0, 0.0, 0.0, 0.0, 0.0, 0.0, np.float64(0.8209007421753372), 0.0, 0.0, 0.0, 0.0, 0.0, 0.0, 0.0, 0.0, 0.0, 0.0, 0.0, 0.0, 0.0, 0.0, 0.0, 0.0, 0.0, 0.0, 0.0, 0.0]",969,0.0,0.0,0.0,"[0.0, 0.0, 0.0, 0.0, 0.0, 0.0, 0.0, 0.0, 0.0, 0.0, 0.0, 0.0, 0.0, 0.0, 0.0, 0.0, 0.0, 0.0, 0.0, 0.0, 0.0, 0.0, 0.0, 0.0, 0.0, 0.0, 0.0, 0.0, 0.0, 0.0, 0.0, 0.0, 0.0, 0.0, 0.0, 0.0, 0.0, 0.0, 0.0, 0.0]",18076
BIOMD0000000539,6,11,0,1000,0.0,0.0,0.0,"[0.0, 0.0, 0.0, 0.0, 0.0, 0.0]",2,0.0,0.0,0.26316736492591963,"[0.0, 0.0, 0.0, 0.0, np.float64(0.26316736492591963), 0.0]",11,0.0,0.0,0.0,"[0.0, 0.0, 0.0, 0.0, 0.0, 0.0]",33
BIOMD0000000540,21,11,0,1000,0.0,0.0,0.0,"[0.0, 0.0, 0.0, 0.0, 0.0, 0.0, 0.0, 0.0, 0.0, 0.0, 0.0, 0.0, 0.0, 0.0, 0.0, 0.0, 0.0, 0.0, 0.0, 0.0, 0.0]",0,0.0,0.3518595577499407,0.9680881119250829,"[0.0, 0.0, np.float64(0.455002099750498), 0.0, np.float64(0.8645528108598182), np.float64(0.9680881089781417), np.float64(0.8833250888688933), np.float64(0.3518593022942703), 0.0, np.float64(0.06531890589890554), 0.0, 0.0, np.float64(0.4740700470439714), np.float64(0.3518595577499407), np.float64(0.8833251322894302), np.float64(0.8645528222115547), np.float64(0.9680881119250829), 0.0, np.float64(0.47407000511410224), np.float64(0.45500218619453814), np.float64(0.06531892316123289)]",360,0.0,0.0,0.0,"[0.0, 0.0, 0.0, 0.0, 0.0, 0.0, 0.0, 0.0, 0.0, 0.0, 0.0, 0.0, 0.0, 0.0, 0.0, 0.0, 0.0, 0.0, 0.0, 0.0, 0.0]",4474
BIOMD0000000541,30,30,0,1000,0.0,0.0,3.3306690738754696e-16,"[0.0, 0.0, 0.0, 0.0, 0.0, 0.0, 0.0, 0.0, 0.0, 0.0, 0.0, 0.0, 0.0, 0.0, 0.0, 0.0, 0.0, 0.0, 0.0, 0.0, 0.0, 0.0, np.float64(3.3306690738754696e-16), 0.0, 0.0, 0.0, 0.0, np.float64(1.1102230246251565e-16), 0.0, 0.0]",10,0.0,0.0,0.9998058559873847,"[0.0, np.float64(0.9351242346124183), 0.0, np.float64(0.9802004000576596), 0.0, np.float64(0.9805275070127555), np.float64(0.9546167225195218), np.float64(0.9791194586224327), np.float64(0.9096662992918912), 0.0, 0.0, 0.0, np.float64(0.954616722423747), np.float64(0.9805275069223404), np.float64(0.9802004000850444), 0.0, np.float64(0.9791194586131127), np.float64(0.9351242346307582), np.float64(0.9096662992832978), np.float64(0.9998058559873847), np.float64(0.9995966219916333), 0.0, 0.0, 0.0, 0.0, 0.0, 0.0, 0.0, 0.0, 0.0]",659,0.0,0.0,0.9991647508674323,"[np.float64(0.34994411145609494), 0.0, 0.0, np.float64(0.9991647508674323), 0.0, np.float64(0.9991124835460442), np.float64(0.9988248302072263), 0.0, 0.0, 0.0, np.float64(0.34994411145609494), 0.0, np.float64(0.9988248329830562), np.float64(0.9991124841331239), np.float64(0.999164749566109), 0.0, 0.0, 0.0, 0.0, 0.0, 0.0, 0.0, 0.0, 0.0, 0.0, 0.0, 0.0, 0.0, 0.0, 0.0]",10187
BIOMD0000000543,105,127,0,1000,0.0,0.0,0.0,"[0.0, 0.0, 0.0, 0.0, 0.0, 0.0, 0.0, 0.0, 0.0, 0.0, 0.0, 0.0, 0.0, 0.0, 0.0, 0.0, 0.0, 0.0, 0.0, 0.0, 0.0, 0.0, 0.0, 0.0, 0.0, 0.0, 0.0, 0.0, 0.0, 0.0, 0.0, 0.0, 0.0, 0.0, 0.0, 0.0, 0.0, 0.0, 0.0, 0.0, 0.0, 0.0, 0.0, 0.0, 0.0, 0.0, 0.0, 0.0, 0.0, 0.0, 0.0, 0.0, 0.0, 0.0, 0.0, 0.0, 0.0, 0.0, 0.0, 0.0, 0.0, 0.0, 0.0, 0.0, 0.0, 0.0, 0.0, 0.0, 0.0, 0.0, 0.0, 0.0, 0.0, 0.0, 0.0, 0.0, 0.0, 0.0, 0.0, 0.0, 0.0, 0.0, 0.0, 0.0, 0.0, 0.0, 0.0, 0.0, 0.0, 0.0, 0.0, 0.0, 0.0, 0.0, 0.0, 0.0, 0.0, 0.0, 0.0, 0.0, 0.0, 0.0, 0.0, 0.0, 0.0]",0,0.0,0.0,0.7368078924996914,"[0.0, 0.0, 0.0, 0.0, np.float64(0.6451824111679456), 0.0, 0.0, np.float64(0.6921440974726967), 0.0, 0.0, 0.0, 0.0, 0.0, 0.0, 0.0, 0.0, 0.0, 0.0, np.float64(0.7116370392231224), 0.0, 0.0, 0.0, 0.0, 0.0, 0.0, 0.0, 0.0, 0.0, 0.0, 0.0, 0.0, 0.0, 0.0, 0.0, 0.0, 0.0, 0.0, 0.0, 0.0, 0.0, 0.0, 0.0, 0.0, 0.0, 0.0, 0.0, 0.0, 0.0, 0.0, 0.0, 0.0, 0.0, 0.0, 0.0, 0.0, 0.0, 0.0, 0.0, 0.0, 0.0, 0.0, 0.0, 0.0, 0.0, 0.0, 0.0, 0.0, 0.0, 0.0, 0.0, 0.0, 0.0, 0.0, np.float64(0.7368078924996914), 0.0, 0.0, 0.0, 0.0, 0.0, 0.0, np.float64(0.6031606112979092), 0.0, 0.0, 0.0, 0.0, 0.0, 0.0, 0.0, 0.0, 0.0, 0.0, 0.0, 0.0, 0.0, 0.0, 0.0, 0.0, 0.0, 0.0, 0.0, 0.0, 0.0, 0.0, 0.0, 0.0]",839,0.0,0.0,0.9999999999999925,"[0.0, 0.0, np.float64(0.9999999999999925), 0.0, np.float64(0.9999999999940369), np.float64(0.9999999999873506), 0.0, np.float64(0.9999999999906419), 0.0, 0.0, np.float64(0.9999999999888073), 0.0, 0.0, 0.0, 0.0, np.float64(0.9999999999999661), np.float64(0.9999999999999872), 0.0, np.float64(0.9999999999939259), 0.0, 0.0, np.float64(0.9999999999999696), 0.0, np.float64(0.9999999999999706), np.float64(0.999999999999971), np.float64(0.999999999990414), 0.0, np.float64(0.9999995111594601), 0.0, 0.0, np.float64(0.9999995111595099), 0.0, 0.0, 0.0, 0.0, 0.0, 0.0, 0.0, 0.0, 0.0, 0.0, 0.0, np.float64(0.9999995111595122), 0.0, 0.0, 0.0, 0.0, 0.0, 0.0, 0.0, 0.0, 0.0, 0.0, 0.0, 0.0, 0.0, 0.0, 0.0, 0.0, 0.0, 0.0, 0.0, 0.0, 0.0, 0.0, 0.0, np.float64(0.9999970699238772), np.float64(0.9999999813114469), np.float64(0.9999999999795868), np.float64(0.9999999999999505), np.float64(0.9999999999999858), np.float64(0.999999999999989), np.float64(0.9999999999986933), np.float64(0.9999999999941384), np.float64(0.9999999999999768), np.float64(0.9999999999999735), np.float64(0.9999999999999674), 0.0, 0.0, 0.0, np.float64(0.9999999999908553), 0.0, 0.0, 0.0, 0.0, np.float64(0.9999999999999761), 0.0, 0.0, np.float64(0.9999999999888073), np.float64(0.9999999999990629), np.float64(0.9999999999926065), np.float64(0.9999999999194094), np.float64(0.9999999999609063), 0.0, 0.0, np.float64(0.999999999987827), 0.0, np.float64(0.999999999986978), np.float64(0.9999999999053468), 0.0, np.float64(0.9999999999226896), 0.0, 0.0, 0.0, 0.0]",388
BIOMD0000000544,102,119,0,1000,0.0,0.0,0.0,"[0.0, 0.0, 0.0, 0.0, 0.0, 0.0, 0.0, 0.0, 0.0, 0.0, 0.0, 0.0, 0.0, 0.0, 0.0, 0.0, 0.0, 0.0, 0.0, 0.0, 0.0, 0.0, 0.0, 0.0, 0.0, 0.0, 0.0, 0.0, 0.0, 0.0, 0.0, 0.0, 0.0, 0.0, 0.0, 0.0, 0.0, 0.0, 0.0, 0.0, 0.0, 0.0, 0.0, 0.0, 0.0, 0.0, 0.0, 0.0, 0.0, 0.0, 0.0, 0.0, 0.0, 0.0, 0.0, 0.0, 0.0, 0.0, 0.0, 0.0, 0.0, 0.0, 0.0, 0.0, 0.0, 0.0, 0.0, 0.0, 0.0, 0.0, 0.0, 0.0, 0.0, 0.0, 0.0, 0.0, 0.0, 0.0, 0.0, 0.0, 0.0, 0.0, 0.0, 0.0, 0.0, 0.0, 0.0, 0.0, 0.0, 0.0, 0.0, 0.0, 0.0, 0.0, 0.0, 0.0, 0.0, 0.0, 0.0, 0.0, 0.0, 0.0]",0,0.0,0.0,0.946393168928321,"[0.0, 0.0, np.float64(0.6701286690013202), 0.0, 0.0, 0.0, 0.0, 0.0, 0.0, 0.0, 0.0, 0.0, 0.0, 0.0, 0.0, 0.0, 0.0, 0.0, 0.0, 0.0, 0.0, 0.0, 0.0, 0.0, 0.0, 0.0, 0.0, 0.0, 0.0, 0.0, 0.0, 0.0, 0.0, 0.0, 0.0, 0.0, 0.0, 0.0, 0.0, 0.0, 0.0, 0.0, 0.0, 0.0, 0.0, 0.0, 0.0, 0.0, 0.0, 0.0, 0.0, 0.0, 0.0, 0.0, 0.0, 0.0, 0.0, 0.0, 0.0, 0.0, 0.0, 0.0, 0.0, 0.0, 0.0, 0.0, 0.0, 0.0, 0.0, 0.0, 0.0, np.float64(0.946393168928321), 0.0, 0.0, 0.0, 0.0, 0.0, 0.0, np.float64(0.5754959202246119), 0.0, 0.0, 0.0, 0.0, 0.0, 0.0, 0.0, 0.0, 0.0, 0.0, 0.0, 0.0, 0.0, 0.0, 0.0, 0.0, 0.0, 0.0, 0.0, 0.0, 0.0, 0.0, 0.0]",795,0.0,0.0,0.9999999999905299,"[np.float64(0.9999999999405929), 0.0, np.float64(0.9999999999856876), np.float64(0.9999999998427026), 0.0, 0.0, np.float64(0.9999999999839307), 0.0, 0.0, 0.0, 0.0, np.float64(0.9999999999388628), np.float64(0.9999999998840584), 0.0, np.float64(0.9999999999905299), 0.0, 0.0, np.float64(0.9999999999660234), 0.0, np.float64(0.9999999999192621), np.float64(0.9999999999701832), np.float64(0.9999999998143988), 0.0, np.float64(0.9999965864571807), 0.0, 0.0, np.float64(0.9999965864572048), 0.0, 0.0, 0.0, 0.0, 0.0, 0.0, 0.0, 0.0, 0.0, 0.0, 0.0, np.float64(0.9999965864572209), 0.0, 0.0, 0.0, 0.0, 0.0, 0.0, 0.0, 0.0, 0.0, 0.0, 0.0, 0.0, 0.0, 0.0, 0.0, 0.0, 0.0, 0.0, 0.0, 0.0, np.float64(0.9999999997849162), 0.0, 0.0, 0.0, 0.0, np.float64(0.9999963879166583), np.float64(0.9999999795505746), np.float64(0.9999999999444817), np.float64(0.9999999998535145), np.float64(0.9999999999559003), np.float64(0.9999999998459375), np.float64(0.9999999990401186), np.float64(0.9999999999782029), np.float64(0.9999999926267571), np.float64(0.999999999911266), np.float64(0.9999999999026393), 0.0, 0.0, 0.0, np.float64(0.9999999997539101), 0.0, 0.0, 0.0, 0.0, np.float64(0.999999992626993), 0.0, 0.0, np.float64(0.9999999999839307), np.float64(0.9999999998786547), np.float64(0.9999999998968712), np.float64(0.9999999999630342), 0.0, 0.0, np.float64(0.9999999995928209), 0.0, 0.0, np.float64(0.9999999999446397), 0.0, np.float64(0.9999999999495552), 0.0, 0.0, 0.0, 0.0]",321
BIOMD0000000545,14,10,0,1000,0.0,0.0,1.1102230246251565e-16,"[0.0, 0.0, 0.0, 0.0, 0.0, 0.0, np.float64(1.1102230246251565e-16), 0.0, 0.0, 0.0, 0.0, 0.0, 0.0, np.float64(1.1102230246251565e-16)]",8,0.0,0.9566330509012626,0.9967352642809821,"[np.float64(0.9882456589174764), np.float64(0.9960547139108589), 0.0, np.float64(0.9949176745968963), np.float64(0.8999873251407052), np.float64(0.9953975979658866), np.float64(0.9546590494012422), np.float64(0.958607052401283), np.float64(0.25105018135515433), np.float64(0.25105018135515433), 0.0, np.float64(0.25105018135515433), np.float64(0.9967352642809819), np.float64(0.9967352642809821)]",132,0.0,0.0,0.9619794475495329,"[0.0, np.float64(0.35714752740157174), 0.0, np.float64(0.9619794475495329), 0.0, np.float64(0.9530663611871641), 0.0, np.float64(0.10780216403835519), 0.0, 0.0, 0.0, 0.0, np.float64(0.4783291331411418), np.float64(0.47832913325768633)]",1295
BIOMD0000000546,3,5,0,1000,0.0,0.0,0.0,"[0.0, 0.0, 0.0]",3,0.0,0.0,0.9999998195002584,"[0.0, 0.0, np.float64(0.9999998195002584)]",7,0.0,0.0,0.9999995910776031,"[0.0, 0.0, np.float64(0.9999995910776031)]",4
BIOMD0000000552,2,4,0,1000,0.0,0.0,0.0,"[0.0, 0.0]",0,0.0,0.0,0.0,"[0.0, 0.0]",1,0.0,0.0,0.0,"[0.0, 0.0]",0
BIOMD0000000553,2,4,0,1000,0.0,0.0,0.0,"[0.0, 0.0]",0,0.0,0.0,0.0,"[0.0, 0.0]",1,0.0,0.0,0.0,"[0.0, 0.0]",0
BIOMD0000000558,2,4,0,1000,0.0,0.0,0.0,"[0.0, 0.0]",0,0.0,0.0,0.0,"[0.0, 0.0]",0,0.0,0.0,0.0,"[0.0, 0.0]",0
BIOMD0000000559,89,136,0,1000,0.0,0.0,0.0,"[0.0, 0.0, 0.0, 0.0, 0.0, 0.0, 0.0, 0.0, 0.0, 0.0, 0.0, 0.0, 0.0, 0.0, 0.0, 0.0, 0.0, 0.0, 0.0, 0.0, 0.0, 0.0, 0.0, 0.0, 0.0, 0.0, 0.0, 0.0, 0.0, 0.0, 0.0, 0.0, 0.0, 0.0, 0.0, 0.0, 0.0, 0.0, 0.0, 0.0, 0.0, 0.0, 0.0, 0.0, 0.0, 0.0, 0.0, 0.0, 0.0, 0.0, 0.0, 0.0, 0.0, 0.0, 0.0, 0.0, 0.0, 0.0, 0.0, 0.0, 0.0, 0.0, 0.0, 0.0, 0.0, 0.0, 0.0, 0.0, 0.0, 0.0, 0.0, 0.0, 0.0, 0.0, 0.0, 0.0, 0.0, 0.0, 0.0, 0.0, 0.0, 0.0, 0.0, 0.0, 0.0, 0.0, 0.0, 0.0, 0.0]",0,0.0,0.0,0.9856105127285539,"[0.0, 0.0, 0.0, 0.0, 0.0, 0.0, 0.0, 0.0, 0.0, 0.0, 0.0, 0.0, 0.0, 0.0, 0.0, 0.0, 0.0, 0.0, 0.0, 0.0, 0.0, 0.0, 0.0, 0.0, 0.0, 0.0, 0.0, 0.0, 0.0, 0.0, 0.0, 0.0, 0.0, 0.0, 0.0, 0.0, 0.0, 0.0, 0.0, 0.0, 0.0, 0.0, 0.0, 0.0, 0.0, 0.0, 0.0, 0.0, 0.0, 0.0, 0.0, 0.0, 0.0, 0.0, 0.0, 0.0, 0.0, np.float64(0.9856105127285539), 0.0, 0.0, 0.0, np.float64(0.7796313318938228), 0.0, 0.0, 0.0, 0.0, 0.0, 0.0, 0.0, 0.0, 0.0, 0.0, 0.0, np.float64(0.775652341436112), 0.0, 0.0, 0.0, 0.0, 0.0, 0.0, 0.0, 0.0, 0.0, 0.0, 0.0, 0.0, 0.0, 0.0, 0.0]",4059,0.0,0.0,0.0,"[0.0, 0.0, 0.0, 0.0, 0.0, 0.0, 0.0, 0.0, 0.0, 0.0, 0.0, 0.0, 0.0, 0.0, 0.0, 0.0, 0.0, 0.0, 0.0, 0.0, 0.0, 0.0, 0.0, 0.0, 0.0, 0.0, 0.0, 0.0, 0.0, 0.0, 0.0, 0.0, 0.0, 0.0, 0.0, 0.0, 0.0, 0.0, 0.0, 0.0, 0.0, 0.0, 0.0, 0.0, 0.0, 0.0, 0.0, 0.0, 0.0, 0.0, 0.0, 0.0, 0.0, 0.0, 0.0, 0.0, 0.0, 0.0, 0.0, 0.0, 0.0, 0.0, 0.0, 0.0, 0.0, 0.0, 0.0, 0.0, 0.0, 0.0, 0.0, 0.0, 0.0, 0.0, 0.0, 0.0, 0.0, 0.0, 0.0, 0.0, 0.0, 0.0, 0.0, 0.0, 0.0, 0.0, 0.0, 0.0, 0.0]",70715
BIOMD0000000560,62,117,0,1000,0.0,0.0,3.3306690738754696e-16,"[0.0, 0.0, 0.0, 0.0, 0.0, np.float64(3.3306690738754696e-16), 0.0, 0.0, 0.0, 0.0, 0.0, 0.0, 0.0, 0.0, 0.0, 0.0, 0.0, 0.0, 0.0, 0.0, 0.0, 0.0, 0.0, 0.0, 0.0, 0.0, 0.0, 0.0, 0.0, 0.0, 0.0, 0.0, 0.0, 0.0, 0.0, 0.0, 0.0, 0.0, 0.0, 0.0, 0.0, 0.0, 0.0, 0.0, 0.0, 0.0, 0.0, 0.0, 0.0, 0.0, 0.0, 0.0, 0.0, 0.0, 0.0, 0.0, 0.0, 0.0, 0.0, 0.0, 0.0, 0.0]",1,0.0,0.0,0.21933257821594843,"[0.0, 0.0, np.float64(0.10301109327313807), 0.0, 0.0, 0.0, 0.0, 0.0, 0.0, 0.0, 0.0, 0.0, 0.0, 0.0, 0.0, 0.0, 0.0, 0.0, 0.0, 0.0, 0.0, 0.0, 0.0, 0.0, 0.0, 0.0, 0.0, 0.0, 0.0, 0.0, 0.0, 0.0, 0.0, 0.0, 0.0, 0.0, 0.0, 0.0, 0.0, 0.0, 0.0, 0.0, 0.0, 0.0, 0.0, 0.0, 0.0, 0.0, 0.0, 0.0, 0.0, 0.0, 0.0, 0.0, 0.0, 0.0, 0.0, 0.0, 0.0, 0.0, 0.0, np.float64(0.21933257821594843)]",761,0.0,0.999999999997278,0.9999999999999984,"[0.0, np.float64(0.9999999999999886), 0.0, 0.0, 0.0, 0.0, 0.0, 0.0, 0.0, np.float64(0.9999999999947807), np.float64(0.9999999999949355), 0.0, np.float64(0.9999999999973402), np.float64(0.9999999999806811), np.float64(0.9999999999984074), np.float64(0.9999999999745598), np.float64(0.9999999999857502), np.float64(0.9999999999857502), np.float64(0.9999999999991446), np.float64(0.9999999999999912), np.float64(0.9999999999895745), np.float64(0.9999999999997273), np.float64(0.9999999999973257), np.float64(0.9999999999978472), np.float64(0.999999999997848), np.float64(0.9999999999981974), 0.0, np.float64(0.9999999999978012), np.float64(0.9999999999953468), np.float64(0.999999999997278), np.float64(0.999999999997278), np.float64(0.9999999999999882), np.float64(0.9999999999999887), np.float64(0.999999999999395), np.float64(0.999999999999438), np.float64(0.9999999999992477), np.float64(0.9999999999992482), np.float64(0.9999999999998889), np.float64(0.9999999999994201), np.float64(0.9999999999998994), np.float64(0.9999999999999668), np.float64(0.9999999999926552), np.float64(0.9999999999992917), np.float64(0.9999999999995136), np.float64(0.9999999999996564), np.float64(0.999999999999998), np.float64(0.9999999999999984), np.float64(0.9999999999993597), np.float64(0.9999999999999984), np.float64(0.9999999998472094), np.float64(0.9999999999908189), 0.0, np.float64(0.9999999999980731), 0.0, 0.0, 0.0, 0.0, 0.0, 0.0, np.float64(0.9999999999999983), np.float64(0.9999999999931687), 0.0]",2961
BIOMD0000000563,10,15,0,1000,0.0,0.0,0.0,"[0.0, 0.0, 0.0, 0.0, 0.0, 0.0, 0.0, 0.0, 0.0, 0.0]",0,0.0,0.0,0.9439959106245506,"[np.float64(0.9439959106245506), 0.0, 0.0, 0.0, 0.0, np.float64(0.2632312560316281), 0.0, 0.0, 0.0, np.float64(0.9378811476048327)]",11,0.0,0.0,0.0,"[0.0, 0.0, 0.0, 0.0, 0.0, 0.0, 0.0, 0.0, 0.0, 0.0]",179
BIOMD0000000564,19,38,0,1000,0.0,0.0,0.0,"[0.0, 0.0, 0.0, 0.0, 0.0, 0.0, 0.0, 0.0, 0.0, 0.0, 0.0, 0.0, 0.0, 0.0, 0.0, 0.0, 0.0, 0.0, 0.0]",0,0.0,0.0,0.0,"[0.0, 0.0, 0.0, 0.0, 0.0, 0.0, 0.0, 0.0, 0.0, 0.0, 0.0, 0.0, 0.0, 0.0, 0.0, 0.0, 0.0, 0.0, 0.0]",245,0.0,0.0,0.0,"[0.0, 0.0, 0.0, 0.0, 0.0, 0.0, 0.0, 0.0, 0.0, 0.0, 0.0, 0.0, 0.0, 0.0, 0.0, 0.0, 0.0, 0.0, 0.0]",3986
BIOMD0000000565,26,64,0,1000,0.0,0.0,2.220446049250313e-16,"[0.0, 0.0, 0.0, 0.0, 0.0, 0.0, 0.0, 0.0, 0.0, 0.0, 0.0, 0.0, 0.0, 0.0, 0.0, 0.0, 0.0, 0.0, 0.0, 0.0, 0.0, np.float64(2.220446049250313e-16), 0.0, 0.0, 0.0, 0.0]",3,0.0,0.0,0.9999987324809125,"[np.float64(0.990737071097899), 0.0, np.float64(0.9967760870807425), np.float64(0.9974148349409931), np.float64(0.9995283042348255), 0.0, 0.0, np.float64(0.9999987324809125), 0.0, 0.0, 0.0, 0.0, 0.0, 0.0, 0.0, np.float64(0.9956354550989508), np.float64(0.9998415610996408), 0.0, 0.0, np.float64(0.9997179129510779), np.float64(0.9395807820577033), np.float64(0.9395813262883376), np.float64(0.3886671343907352), np.float64(0.9760195886313675), 0.0, 0.0]",554,0.0,0.0,0.0,"[0.0, 0.0, 0.0, 0.0, 0.0, 0.0, 0.0, 0.0, 0.0, 0.0, 0.0, 0.0, 0.0, 0.0, 0.0, 0.0, 0.0, 0.0, 0.0, 0.0, 0.0, 0.0, 0.0, 0.0, 0.0, 0.0]",5989
BIOMD0000000568,24,69,0,1000,0.0,0.0,0.0,"[0.0, 0.0, 0.0, 0.0, 0.0, 0.0, 0.0, 0.0, 0.0, 0.0, 0.0, 0.0, 0.0, 0.0, 0.0, 0.0, 0.0, 0.0, 0.0, 0.0, 0.0, 0.0, 0.0, 0.0]",3,0.0,0.0,0.9999999874117308,"[0.0, np.float64(0.9000807951404579), 0.0, 0.0, 0.0, 0.0, 0.0, 0.0, 0.0, 0.0, 0.0, np.float64(0.9999999874117308), np.float64(0.9997134232828994), np.float64(0.9998932577790021), 0.0, 0.0, 0.0, 0.0, 0.0, 0.0, 0.0, 0.0, 0.0, np.float64(0.9999591596947073)]",289,0.0,0.0,0.0,"[0.0, 0.0, 0.0, 0.0, 0.0, 0.0, 0.0, 0.0, 0.0, 0.0, 0.0, 0.0, 0.0, 0.0, 0.0, 0.0, 0.0, 0.0, 0.0, 0.0, 0.0, 0.0, 0.0, 0.0]",6255
BIOMD0000000569,21,62,0,1000,0.0,0.0,0.0,"[0.0, 0.0, 0.0, 0.0, 0.0, 0.0, 0.0, 0.0, 0.0, 0.0, 0.0, 0.0, 0.0, 0.0, 0.0, 0.0, 0.0, 0.0, 0.0, 0.0, 0.0]",0,0.0,0.2434186421530593,0.2434186421530593,"[0.0, np.float64(0.2434186421530593), 0.0, np.float64(0.2434186421530593), 0.0, 0.0, np.float64(0.2434186421530593), 0.0, np.float64(0.2434186421530593), np.float64(0.2434186421530593), np.float64(0.2434186421530593), np.float64(0.2434186421530593), np.float64(0.2434186421530593), np.float64(0.2434186421530593), np.float64(0.2434186421530593), np.float64(0.2434186421530593), np.float64(0.2434186421530593), np.float64(0.2434186421530593), np.float64(0.2434186421530593), 0.0, 0.0]",66,0.0,0.0,0.0,"[0.0, 0.0, 0.0, 0.0, 0.0, 0.0, 0.0, 0.0, 0.0, 0.0, 0.0, 0.0, 0.0, 0.0, 0.0, 0.0, 0.0, 0.0, 0.0, 0.0, 0.0]",734
BIOMD0000000571,58,92,0,1000,0.0,0.0,0.0,"[0.0, 0.0, 0.0, 0.0, 0.0, 0.0, 0.0, 0.0, 0.0, 0.0, 0.0, 0.0, 0.0, 0.0, 0.0, 0.0, 0.0, 0.0, 0.0, 0.0, 0.0, 0.0, 0.0, 0.0, 0.0, 0.0, 0.0, 0.0, 0.0, 0.0, 0.0, 0.0, 0.0, 0.0, 0.0, 0.0, 0.0, 0.0, 0.0, 0.0, 0.0, 0.0, 0.0, 0.0, 0.0, 0.0, 0.0, 0.0, 0.0, 0.0, 0.0, 0.0, 0.0, 0.0, 0.0, 0.0, 0.0, 0.0]",0,0.0,0.0,0.0,"[0.0, 0.0, 0.0, 0.0, 0.0, 0.0, 0.0, 0.0, 0.0, 0.0, 0.0, 0.0, 0.0, 0.0, 0.0, 0.0, 0.0, 0.0, 0.0, 0.0, 0.0, 0.0, 0.0, 0.0, 0.0, 0.0, 0.0, 0.0, 0.0, 0.0, 0.0, 0.0, 0.0, 0.0, 0.0, 0.0, 0.0, 0.0, 0.0, 0.0, 0.0, 0.0, 0.0, 0.0, 0.0, 0.0, 0.0, 0.0, 0.0, 0.0, 0.0, 0.0, 0.0, 0.0, 0.0, 0.0, 0.0, 0.0]",287,0.0,0.0,0.0,"[0.0, 0.0, 0.0, 0.0, 0.0, 0.0, 0.0, 0.0, 0.0, 0.0, 0.0, 0.0, 0.0, 0.0, 0.0, 0.0, 0.0, 0.0, 0.0, 0.0, 0.0, 0.0, 0.0, 0.0, 0.0, 0.0, 0.0, 0.0, 0.0, 0.0, 0.0, 0.0, 0.0, 0.0, 0.0, 0.0, 0.0, 0.0, 0.0, 0.0, 0.0, 0.0, 0.0, 0.0, 0.0, 0.0, 0.0, 0.0, 0.0, 0.0, 0.0, 0.0, 0.0, 0.0, 0.0, 0.0, 0.0, 0.0]",3422
BIOMD0000000573,2,7,0,1000,0.0,0.0,0.0,"[0.0, 0.0]",0,0.0,0.0,0.0,"[0.0, 0.0]",0,0.0,0.0,0.0,"[0.0, 0.0]",0
BIOMD0000000576,34,52,0,1000,0.0,0.0,0.0,"[0.0, 0.0, 0.0, 0.0, 0.0, 0.0, 0.0, 0.0, 0.0, 0.0, 0.0, 0.0, 0.0, 0.0, 0.0, 0.0, 0.0, 0.0, 0.0, 0.0, 0.0, 0.0, 0.0, 0.0, 0.0, 0.0, 0.0, 0.0, 0.0, 0.0, 0.0, 0.0, 0.0, 0.0]",19,0.0,0.9561300314387453,0.9999993237849178,"[np.float64(0.9999990619046522), 0.0, np.float64(0.9127448887894926), np.float64(0.9999991999686604), 0.0, np.float64(0.9999973406695549), np.float64(0.9999899983746949), np.float64(0.9999969518607839), 0.0, 0.0, 0.0, np.float64(0.9999991999687735), 0.0, np.float64(0.9999990619048605), np.float64(0.9999977041422433), np.float64(0.9995151740879982), np.float64(0.9999989414892866), np.float64(0.9999989414883972), 0.0, np.float64(0.9112354097656975), np.float64(0.9109571883773054), np.float64(0.9999966182962163), 0.0, 0.0, 0.0, 0.0, 0.0, 0.0, 0.0, np.float64(0.9998929641098826), np.float64(0.9999993237848722), np.float64(0.9999993237849178), np.float64(0.9999202798462712), np.float64(0.999920279872433)]",685,0.0,0.0,0.8343287189861325,"[0.0, 0.0, np.float64(0.8343287189861325), 0.0, np.float64(0.17944250038591747), 0.0, 0.0, 0.0, 0.0, 0.0, 0.0, 0.0, 0.0, 0.0, 0.0, 0.0, 0.0, 0.0, 0.0, np.float64(0.8314720215556599), np.float64(0.8309441316363246), 0.0, np.float64(0.17944250038591747), np.float64(0.17944250038591747), np.float64(0.17944250038591747), np.float64(0.17944250038591747), np.float64(0.17944250038591747), np.float64(0.17944250038591747), np.float64(0.17944250038591747), 0.0, 0.0, 0.0, 0.0, 0.0]",4921
BIOMD0000000577,32,64,0,1000,0.0,0.0,0.0,"[0.0, 0.0, 0.0, 0.0, 0.0, 0.0, 0.0, 0.0, 0.0, 0.0, 0.0, 0.0, 0.0, 0.0, 0.0, 0.0, 0.0, 0.0, 0.0, 0.0, 0.0, 0.0, 0.0, 0.0, 0.0, 0.0, 0.0, 0.0, 0.0, 0.0, 0.0, 0.0]",0,0.0,0.0,0.9997966432209641,"[0.0, 0.0, 0.0, 0.0, 0.0, np.float64(0.9997966432209641), np.float64(0.9997892643294832), 0.0, 0.0, 0.0, 0.0, 0.0, 0.0, 0.0, 0.0, 0.0, 0.0, 0.0, 0.0, 0.0, 0.0, 0.0, 0.0, 0.0, 0.0, 0.0, 0.0, np.float64(0.7495827851329309), 0.0, 0.0, 0.0, 0.0]",706,0.0,0.0,0.7143881876785634,"[0.0, 0.0, 0.0, 0.0, 0.0, np.float64(0.7143881876785634), np.float64(0.7044290900656454), 0.0, 0.0, 0.0, 0.0, 0.0, 0.0, 0.0, 0.0, 0.0, 0.0, 0.0, 0.0, 0.0, 0.0, 0.0, 0.0, 0.0, 0.0, 0.0, 0.0, 0.0, 0.0, 0.0, 0.0, 0.0]",16402
BIOMD0000000580,26,26,0,1000,0.0,0.0,1.1102230246251565e-16,"[np.float64(1.1102230246251565e-16), 0.0, 0.0, 0.0, 0.0, np.float64(1.1102230246251565e-16), 0.0, 0.0, 0.0, 0.0, np.float64(1.1102230246251565e-16), np.float64(1.1102230246251565e-16), 0.0, np.float64(1.1102230246251565e-16), 0.0, 0.0, 0.0, 0.0, 0.0, 0.0, 0.0, 0.0, 0.0, 0.0, 0.0, 0.0]",4,0.0,0.0,0.0776368862200727,"[0.0, 0.0, 0.0, 0.0, 0.0, np.float64(0.0776368862200727), 0.0, 0.0, 0.0, 0.0, np.float64(0.0776368862200727), np.float64(0.0776368862200727), 0.0, 0.0, 0.0, 0.0, 0.0, 0.0, 0.0, 0.0, 0.0, 0.0, 0.0, 0.0, 0.0, 0.0]",203,0.0,0.0,0.9999999999999974,"[np.float64(0.9999999999999974), np.float64(0.9999999999999974), 0.0, 0.0, 0.0, np.float64(0.07763756632560859), 0.0, 0.0, 0.0, 0.0, np.float64(0.07763756632560859), np.float64(0.07763756632560859), np.float64(0.9999999999991623), np.float64(0.9999999999999964), 0.0, 0.0, 0.0, 0.0, 0.0, 0.0, 0.0, 0.0, 0.0, 0.0, 0.0, 0.0]",1272
BIOMD0000000582,23,41,0,1000,0.0,0.0,0.0,"[0.0, 0.0, 0.0, 0.0, 0.0, 0.0, 0.0, 0.0, 0.0, 0.0, 0.0, 0.0, 0.0, 0.0, 0.0, 0.0, 0.0, 0.0, 0.0, 0.0, 0.0, 0.0, 0.0]",1,0.0,0.0,0.9975360221453555,"[0.0, 0.0, 0.0, 0.0, 0.0, 0.0, 0.0, 0.0, 0.0, 0.0, 0.0, 0.0, 0.0, 0.0, 0.0, 0.0, 0.0, 0.0, 0.0, 0.0, 0.0, 0.0, np.float64(0.9975360221453555)]",395,0.0,0.0,0.0,"[0.0, 0.0, 0.0, 0.0, 0.0, 0.0, 0.0, 0.0, 0.0, 0.0, 0.0, 0.0, 0.0, 0.0, 0.0, 0.0, 0.0, 0.0, 0.0, 0.0, 0.0, 0.0, 0.0]",4775
BIOMD0000000584,21,14,0,1000,0.0,0.0,0.0,"[0.0, 0.0, 0.0, 0.0, 0.0, 0.0, 0.0, 0.0, 0.0, 0.0, 0.0, 0.0, 0.0, 0.0, 0.0, 0.0, 0.0, 0.0, 0.0, 0.0, 0.0]",0,0.0,0.0,0.0,"[0.0, 0.0, 0.0, 0.0, 0.0, 0.0, 0.0, 0.0, 0.0, 0.0, 0.0, 0.0, 0.0, 0.0, 0.0, 0.0, 0.0, 0.0, 0.0, 0.0, 0.0]",11,0.0,0.0,0.0,"[0.0, 0.0, 0.0, 0.0, 0.0, 0.0, 0.0, 0.0, 0.0, 0.0, 0.0, 0.0, 0.0, 0.0, 0.0, 0.0, 0.0, 0.0, 0.0, 0.0, 0.0]",382
BIOMD0000000586,10,23,0,1000,0.0,0.0,0.0,"[0.0, 0.0, 0.0, 0.0, 0.0, 0.0, 0.0, 0.0, 0.0, 0.0]",0,0.0,0.040780038939693286,0.9999999999999925,"[0.0, np.float64(0.08156007787938657), 0.0, np.float64(0.9999999999999925), 0.0, np.float64(0.9999999999999758), np.float64(0.08156007787938657), np.float64(0.08156007787938657), 0.0, 0.0]",14,0.0,0.0,0.0,"[0.0, 0.0, 0.0, 0.0, 0.0, 0.0, 0.0, 0.0, 0.0, 0.0]",416
BIOMD0000000587,10,23,0,1000,0.0,0.0,0.0,"[0.0, 0.0, 0.0, 0.0, 0.0, 0.0, 0.0, 0.0, 0.0, 0.0]",0,0.0,0.040415815536534005,0.9999999999999977,"[0.0, np.float64(0.08083163107306801), 0.0, np.float64(0.9999999999999977), 0.0, np.float64(0.999999999999992), np.float64(0.08083163107306801), np.float64(0.08083163107306801), 0.0, 0.0]",14,0.0,0.0,0.17364557471485031,"[0.0, np.float64(0.17364557471485031), 0.0, 0.0, 0.0, 0.0, 0.0, 0.0, 0.0, 0.0]",414
BIOMD0000000590,9,20,0,1000,0.0,0.0,0.0,"[0.0, 0.0, 0.0, 0.0, 0.0, 0.0, 0.0, 0.0, 0.0]",0,0.0,0.0,0.0,"[0.0, 0.0, 0.0, 0.0, 0.0, 0.0, 0.0, 0.0, 0.0]",60,0.0,0.0,0.0,"[0.0, 0.0, 0.0, 0.0, 0.0, 0.0, 0.0, 0.0, 0.0]",473
BIOMD0000000596,15,36,0,1000,0.0,0.0,0.0,"[0.0, 0.0, 0.0, 0.0, 0.0, 0.0, 0.0, 0.0, 0.0, 0.0, 0.0, 0.0, 0.0, 0.0, 0.0]",0,0.0,0.0,0.0,"[0.0, 0.0, 0.0, 0.0, 0.0, 0.0, 0.0, 0.0, 0.0, 0.0, 0.0, 0.0, 0.0, 0.0, 0.0]",79,0.0,0.0,0.9986708599909305,"[0.0, 0.0, 0.0, 0.0, 0.0, 0.0, 0.0, 0.0, 0.0, 0.0, 0.0, 0.0, np.float64(0.9986708599909305), 0.0, 0.0]",1017
BIOMD0000000598,28,56,0,1000,0.0,0.0,0.0,"[0.0, 0.0, 0.0, 0.0, 0.0, 0.0, 0.0, 0.0, 0.0, 0.0, 0.0, 0.0, 0.0, 0.0, 0.0, 0.0, 0.0, 0.0, 0.0, 0.0, 0.0, 0.0, 0.0, 0.0, 0.0, 0.0, 0.0, 0.0]",0,0.0,0.0,0.9918364415709877,"[0.0, np.float64(0.7987624849917401), np.float64(0.7957865444817621), 0.0, 0.0, 0.0, 0.0, 0.0, 0.0, 0.0, 0.0, 0.0, 0.0, 0.0, 0.0, 0.0, 0.0, 0.0, 0.0, 0.0, 0.0, 0.0, 0.0, np.float64(0.9918364415709877), 0.0, 0.0, 0.0, 0.0]",459,0.0,0.457723192400795,0.9999069706070572,"[np.float64(0.9288246641051364), 0.0, 0.0, 0.0, 0.0, 0.0, 0.0, np.float64(0.9999069706065615), 0.0, 0.0, np.float64(0.9885399136581949), np.float64(0.9913209261943831), 0.0, 0.0, np.float64(0.9999069706070572), np.float64(0.9732065925034713), 0.0, np.float64(0.9983900267230548), 0.0, np.float64(0.9461905062621269), np.float64(0.9885850139782394), 0.0, np.float64(0.9998430289538136), np.float64(0.91544638480159), np.float64(0.9779704176086614), 0.0, np.float64(0.9814824905426975), np.float64(0.9555604532590991)]",12069
BIOMD0000000599,30,37,0,1000,0.0,0.0,2.220446049250313e-16,"[0.0, 0.0, 0.0, 0.0, np.float64(2.220446049250313e-16), 0.0, 0.0, 0.0, 0.0, 0.0, 0.0, 0.0, 0.0, 0.0, 0.0, np.float64(1.1102230246251565e-16), 0.0, 0.0, 0.0, np.float64(2.220446049250313e-16), np.float64(1.1102230246251565e-16), 0.0, 0.0, 0.0, 0.0, 0.0, 0.0, 0.0, np.float64(1.1102230246251565e-16), 0.0]",29,0.0,0.0,0.9471525963704525,"[0.0, 0.0, np.float64(0.9280968308689512), np.float64(0.9429126641881092), 0.0, np.float64(0.9429126648682349), 0.0, np.float64(0.9242978991707004), 0.0, 0.0, np.float64(0.9471525963553299), 0.0, 0.0, np.float64(0.9297619133473353), np.float64(0.929741952825126), 0.0, 0.0, np.float64(0.9297588286763573), np.float64(0.9297592142752823), 0.0, 0.0, 0.0, np.float64(0.9297419529937759), np.float64(0.9297588288631442), 0.0, 0.0, np.float64(0.9471525963704525), 0.0, 0.0, np.float64(0.9300402270834238)]",572,0.0,0.0,0.0,"[0.0, 0.0, 0.0, 0.0, 0.0, 0.0, 0.0, 0.0, 0.0, 0.0, 0.0, 0.0, 0.0, 0.0, 0.0, 0.0, 0.0, 0.0, 0.0, 0.0, 0.0, 0.0, 0.0, 0.0, 0.0, 0.0, 0.0, 0.0, 0.0, 0.0]",431
BIOMD0000000602,14,42,0,1000,0.0,0.0,0.0,"[0.0, 0.0, 0.0, 0.0, 0.0, 0.0, 0.0, 0.0, 0.0, 0.0, 0.0, 0.0, 0.0, 0.0]",0,0.0,0.0,0.0,"[0.0, 0.0, 0.0, 0.0, 0.0, 0.0, 0.0, 0.0, 0.0, 0.0, 0.0, 0.0, 0.0, 0.0]",0,0.0,0.0,0.0,"[0.0, 0.0, 0.0, 0.0, 0.0, 0.0, 0.0, 0.0, 0.0, 0.0, 0.0, 0.0, 0.0, 0.0]",0
BIOMD0000000607,29,58,0,1000,0.0,0.0,0.0,"[0.0, 0.0, 0.0, 0.0, 0.0, 0.0, 0.0, 0.0, 0.0, 0.0, 0.0, 0.0, 0.0, 0.0, 0.0, 0.0, 0.0, 0.0, 0.0, 0.0, 0.0, 0.0, 0.0, 0.0, 0.0, 0.0, 0.0, 0.0, 0.0]",0,0.0,0.0,0.0,"[0.0, 0.0, 0.0, 0.0, 0.0, 0.0, 0.0, 0.0, 0.0, 0.0, 0.0, 0.0, 0.0, 0.0, 0.0, 0.0, 0.0, 0.0, 0.0, 0.0, 0.0, 0.0, 0.0, 0.0, 0.0, 0.0, 0.0, 0.0, 0.0]",172,0.0,0.0,0.0,"[0.0, 0.0, 0.0, 0.0, 0.0, 0.0, 0.0, 0.0, 0.0, 0.0, 0.0, 0.0, 0.0, 0.0, 0.0, 0.0, 0.0, 0.0, 0.0, 0.0, 0.0, 0.0, 0.0, 0.0, 0.0, 0.0, 0.0, 0.0, 0.0]",5074
BIOMD0000000612,35,76,0,1000,0.0,0.0,0.0,"[0.0, 0.0, 0.0, 0.0, 0.0, 0.0, 0.0, 0.0, 0.0, 0.0, 0.0, 0.0, 0.0, 0.0, 0.0, 0.0, 0.0, 0.0, 0.0, 0.0, 0.0, 0.0, 0.0, 0.0, 0.0, 0.0, 0.0, 0.0, 0.0, 0.0, 0.0, 0.0, 0.0, 0.0, 0.0]",0,0.0,0.0,0.10718658063276953,"[0.0, 0.0, 0.0, 0.0, 0.0, 0.0, 0.0, 0.0, 0.0, 0.0, 0.0, 0.0, 0.0, 0.0, 0.0, 0.0, 0.0, 0.0, 0.0, 0.0, 0.0, 0.0, 0.0, 0.0, 0.0, 0.0, np.float64(0.10718658063276953), 0.0, 0.0, 0.0, 0.0, 0.0, 0.0, 0.0, 0.0]",305,0.0,0.9999999982966392,0.9999999999999899,"[np.float64(0.9999999999999408), 0.0, np.float64(0.9999999999962692), np.float64(0.9999999669173358), np.float64(0.9999999982966392), 0.0, np.float64(0.9999999999999899), np.float64(0.9999999999836261), np.float64(0.9999999999924305), 0.0, 0.0, 0.0, 0.0, 0.0, np.float64(0.9999999916197686), np.float64(0.9999999987649474), 0.0, np.float64(0.9999999999502613), np.float64(0.9999999999992221), 0.0, np.float64(0.9999999510033295), np.float64(0.9999999471657511), np.float64(0.9999999976702146), np.float64(0.9999999999999512), 0.0, 0.0, 0.0, np.float64(0.9999999999999534), np.float64(0.9999999999949108), np.float64(0.9999999999948976), np.float64(0.9999999999949014), np.float64(0.9999999999802446), np.float64(0.9999999997456192), np.float64(0.9999999999797053), np.float64(0.9999999999995962)]",1267
BIOMD0000000614,1,4,0,1000,0.0,0.0,0.0,[0.0],0,0.0,0.0,0.0,[0.0],0,0.0,0.0,0.0,[0.0],0
BIOMD0000000615,4,17,0,1000,0.0,0.0,0.0,"[0.0, 0.0, 0.0, 0.0]",0,0.0,0.0,0.0,"[0.0, 0.0, 0.0, 0.0]",1,0.0,0.0,0.0,"[0.0, 0.0, 0.0, 0.0]",42
BIOMD0000000616,4,10,0,1000,0.0,0.0,0.0,"[0.0, 0.0, 0.0, 0.0]",0,0.0,0.0,0.0,"[0.0, 0.0, 0.0, 0.0]",7,0.0,0.0,0.0,"[0.0, 0.0, 0.0, 0.0]",45
BIOMD0000000620,34,20,0,1000,0.0,0.0,0.0,"[0.0, 0.0, 0.0, 0.0, 0.0, 0.0, 0.0, 0.0, 0.0, 0.0, 0.0, 0.0, 0.0, 0.0, 0.0, 0.0, 0.0, 0.0, 0.0, 0.0, 0.0, 0.0, 0.0, 0.0, 0.0, 0.0, 0.0, 0.0, 0.0, 0.0, 0.0, 0.0, 0.0, 0.0]",0,0.0,0.0,0.0,"[0.0, 0.0, 0.0, 0.0, 0.0, 0.0, 0.0, 0.0, 0.0, 0.0, 0.0, 0.0, 0.0, 0.0, 0.0, 0.0, 0.0, 0.0, 0.0, 0.0, 0.0, 0.0, 0.0, 0.0, 0.0, 0.0, 0.0, 0.0, 0.0, 0.0, 0.0, 0.0, 0.0, 0.0]",874,0.0,0.0,0.0,"[0.0, 0.0, 0.0, 0.0, 0.0, 0.0, 0.0, 0.0, 0.0, 0.0, 0.0, 0.0, 0.0, 0.0, 0.0, 0.0, 0.0, 0.0, 0.0, 0.0, 0.0, 0.0, 0.0, 0.0, 0.0, 0.0, 0.0, 0.0, 0.0, 0.0, 0.0, 0.0, 0.0, 0.0]",2625
BIOMD0000000621,34,20,0,1000,0.0,0.0,0.0,"[0.0, 0.0, 0.0, 0.0, 0.0, 0.0, 0.0, 0.0, 0.0, 0.0, 0.0, 0.0, 0.0, 0.0, 0.0, 0.0, 0.0, 0.0, 0.0, 0.0, 0.0, 0.0, 0.0, 0.0, 0.0, 0.0, 0.0, 0.0, 0.0, 0.0, 0.0, 0.0, 0.0, 0.0]",0,0.0,0.0,0.0,"[0.0, 0.0, 0.0, 0.0, 0.0, 0.0, 0.0, 0.0, 0.0, 0.0, 0.0, 0.0, 0.0, 0.0, 0.0, 0.0, 0.0, 0.0, 0.0, 0.0, 0.0, 0.0, 0.0, 0.0, 0.0, 0.0, 0.0, 0.0, 0.0, 0.0, 0.0, 0.0, 0.0, 0.0]",870,0.0,0.0,0.0,"[0.0, 0.0, 0.0, 0.0, 0.0, 0.0, 0.0, 0.0, 0.0, 0.0, 0.0, 0.0, 0.0, 0.0, 0.0, 0.0, 0.0, 0.0, 0.0, 0.0, 0.0, 0.0, 0.0, 0.0, 0.0, 0.0, 0.0, 0.0, 0.0, 0.0, 0.0, 0.0, 0.0, 0.0]",2021
BIOMD0000000622,10,17,0,1000,0.0,0.0,0.0,"[0.0, 0.0, 0.0, 0.0, 0.0, 0.0, 0.0, 0.0, 0.0, 0.0]",0,0.0,0.0,0.0,"[0.0, 0.0, 0.0, 0.0, 0.0, 0.0, 0.0, 0.0, 0.0, 0.0]",14,0.0,0.0,0.0,"[0.0, 0.0, 0.0, 0.0, 0.0, 0.0, 0.0, 0.0, 0.0, 0.0]",592
BIOMD0000000623,25,31,0,1000,0.0,0.0,1.1102230246251565e-16,"[0.0, 0.0, 0.0, 0.0, 0.0, 0.0, np.float64(1.1102230246251565e-16), 0.0, 0.0, 0.0, 0.0, 0.0, np.float64(1.1102230246251565e-16), np.float64(1.1102230246251565e-16), 0.0, 0.0, 0.0, 0.0, 0.0, 0.0, 0.0, 0.0, 0.0, 0.0, 0.0]",25,0.0,0.0,0.7751887480608277,"[0.0, 0.0, 0.0, 0.0, 0.0, 0.0, 0.0, 0.0, np.float64(0.4494184357855211), np.float64(0.44941843578539775), 0.0, 0.0, 0.0, 0.0, np.float64(0.7751887480608277), np.float64(0.7751887480606022), 0.0, 0.0, 0.0, 0.0, 0.0, 0.0, 0.0, 0.0, 0.0]",353,0.0,0.0,0.0,"[0.0, 0.0, 0.0, 0.0, 0.0, 0.0, 0.0, 0.0, 0.0, 0.0, 0.0, 0.0, 0.0, 0.0, 0.0, 0.0, 0.0, 0.0, 0.0, 0.0, 0.0, 0.0, 0.0, 0.0, 0.0]",59
BIOMD0000000624,6,5,0,1000,0.0,0.0,0.0,"[0.0, 0.0, 0.0, 0.0, 0.0, 0.0]",0,0.0,0.0,0.0,"[0.0, 0.0, 0.0, 0.0, 0.0, 0.0]",0,0.0,0.0,0.0,"[0.0, 0.0, 0.0, 0.0, 0.0, 0.0]",0
BIOMD0000000626,6,6,0,1000,0.0,0.0,0.0,"[0.0, 0.0, 0.0, 0.0, 0.0, 0.0]",0,0.0,0.0,0.0,"[0.0, 0.0, 0.0, 0.0, 0.0, 0.0]",2,0.0,0.0,0.9999861824204933,"[0.0, 0.0, np.float64(0.9999861824204933), 0.0, 0.0, 0.0]",78
BIOMD0000000629,5,2,0,1000,0.0,0.0,0.0,"[0.0, 0.0, 0.0, 0.0, 0.0]",0,0.0,0.0,0.0,"[0.0, 0.0, 0.0, 0.0, 0.0]",2,0.0,0.0,0.999999620998934,"[np.float64(0.999999620998933), 0.0, np.float64(0.999999620998934), 0.0, 0.0]",12
BIOMD0000000630,4,14,0,1000,0.0,0.0,0.0,"[0.0, 0.0, 0.0, 0.0]",0,0.0,0.0,0.0,"[0.0, 0.0, 0.0, 0.0]",2,0.0,0.0,0.0,"[0.0, 0.0, 0.0, 0.0]",46
BIOMD0000000633,50,35,0,1000,0.0,0.0,0.0,"[0.0, 0.0, 0.0, 0.0, 0.0, 0.0, 0.0, 0.0, 0.0, 0.0, 0.0, 0.0, 0.0, 0.0, 0.0, 0.0, 0.0, 0.0, 0.0, 0.0, 0.0, 0.0, 0.0, 0.0, 0.0, 0.0, 0.0, 0.0, 0.0, 0.0, 0.0, 0.0, 0.0, 0.0, 0.0, 0.0, 0.0, 0.0, 0.0, 0.0, 0.0, 0.0, 0.0, 0.0, 0.0, 0.0, 0.0, 0.0, 0.0, 0.0]",0,0.0,0.0,0.9621719334962192,"[0.0, 0.0, np.float64(0.7843122169051693), 0.0, 0.0, 0.0, np.float64(0.9621719334962192), 0.0, 0.0, 0.0, 0.0, np.float64(0.7891646502632101), 0.0, np.float64(0.7891699967815637), 0.0, np.float64(0.7891658885969669), 0.0, 0.0, np.float64(0.7868777819108703), np.float64(0.7847740670783545), 0.0, 0.0, 0.0, 0.0, 0.0, 0.0, np.float64(0.7847977342799011), 0.0, 0.0, np.float64(0.7843122237974008), 0.0, 0.0, 0.0, 0.0, 0.0, 0.0, 0.0, 0.0, 0.0, 0.0, 0.0, 0.0, 0.0, 0.0, 0.0, 0.0, 0.0, 0.0, 0.0, 0.0]",707,0.0,0.0,0.0,"[0.0, 0.0, 0.0, 0.0, 0.0, 0.0, 0.0, 0.0, 0.0, 0.0, 0.0, 0.0, 0.0, 0.0, 0.0, 0.0, 0.0, 0.0, 0.0, 0.0, 0.0, 0.0, 0.0, 0.0, 0.0, 0.0, 0.0, 0.0, 0.0, 0.0, 0.0, 0.0, 0.0, 0.0, 0.0, 0.0, 0.0, 0.0, 0.0, 0.0, 0.0, 0.0, 0.0, 0.0, 0.0, 0.0, 0.0, 0.0, 0.0, 0.0]",2488
BIOMD0000000634,64,112,0,1000,0.0,0.0,0.0,"[0.0, 0.0, 0.0, 0.0, 0.0, 0.0, 0.0, 0.0, 0.0, 0.0, 0.0, 0.0, 0.0, 0.0, 0.0, 0.0, 0.0, 0.0, 0.0, 0.0, 0.0, 0.0, 0.0, 0.0, 0.0, 0.0, 0.0, 0.0, 0.0, 0.0, 0.0, 0.0, 0.0, 0.0, 0.0, 0.0, 0.0, 0.0, 0.0, 0.0, 0.0, 0.0, 0.0, 0.0, 0.0, 0.0, 0.0, 0.0, 0.0, 0.0, 0.0, 0.0, 0.0, 0.0, 0.0, 0.0, 0.0, 0.0, 0.0, 0.0, 0.0, 0.0, 0.0, 0.0]",5,0.0,0.16225325384045697,0.9939459306230273,"[0.0, 0.0, np.float64(0.13916177392219897), 0.0, np.float64(0.16225325384045697), np.float64(0.16225325384045697), np.float64(0.16225325384045697), np.float64(0.16225325384045697), np.float64(0.16225325384045697), np.float64(0.16225325384045697), np.float64(0.16225325384045697), np.float64(0.16225325384045697), 0.0, 0.0, 0.0, 0.0, 0.0, 0.0, np.float64(0.16225325384045697), np.float64(0.16225325384045697), np.float64(0.16225325384045697), 0.0, 0.0, 0.0, np.float64(0.46197154991675393), np.float64(0.9939459306230273), 0.0, 0.0, 0.0, 0.0, np.float64(0.16225325384045697), np.float64(0.16225325384045697), np.float64(0.16225325384045697), np.float64(0.16225325384045697), 0.0, np.float64(0.16225325384045697), np.float64(0.16225325384045697), 0.0, 0.0, np.float64(0.16225325384045697), 0.0, np.float64(0.16225325384045697), np.float64(0.16225325384045697), 0.0, 0.0, 0.0, 0.0, np.float64(0.16225325384045697), np.float64(0.16225325384045697), 0.0, np.float64(0.16225325384045697), np.float64(0.16225325384045697), np.float64(0.16225325384045697), np.float64(0.16225325384045697), np.float64(0.16225325384045697), np.float64(0.16225325384045697), np.float64(0.16225325384045697), np.float64(0.16225325384045697), np.float64(0.16225325384045697), np.float64(0.16225325384045697), np.float64(0.16225325384045697), np.float64(0.16225325384045697), np.float64(0.16225325384045697), np.float64(0.16225325384045697)]",804,0.0,0.0,0.9999999999999997,"[np.float64(0.999999999998177), np.float64(0.9999999999999997), np.float64(0.9999999999948613), np.float64(0.9999999999997554), 0.0, 0.0, 0.0, 0.0, 0.0, 0.0, 0.0, 0.0, np.float64(0.9999999999944409), np.float64(0.9999999980146942), np.float64(0.9999999999944409), np.float64(0.9999999980146942), np.float64(0.20895538281015225), np.float64(0.9999999999835556), 0.0, 0.0, 0.0, 0.0, np.float64(0.8390987443326188), np.float64(0.9698010064609478), 0.0, 0.0, np.float64(0.9999999997645679), 0.0, np.float64(0.5005728106627936), np.float64(0.8043485029602592), 0.0, 0.0, 0.0, 0.0, np.float64(0.0662920535702256), 0.0, 0.0, np.float64(0.9999999999997333), np.float64(0.999999999999735), 0.0, np.float64(0.9999999999997903), 0.0, 0.0, np.float64(0.999999999999567), np.float64(0.9999999999545072), 0.0, np.float64(0.9999999999996376), 0.0, 0.0, np.float64(0.9999999999995924), 0.0, 0.0, 0.0, 0.0, 0.0, 0.0, 0.0, 0.0, 0.0, 0.0, 0.0, 0.0, 0.0, 0.0]",479
BIOMD0000000639,7,10,0,1000,0.0,0.0,0.0,"[0.0, 0.0, 0.0, 0.0, 0.0, 0.0, 0.0]",0,0.0,0.0,0.0,"[0.0, 0.0, 0.0, 0.0, 0.0, 0.0, 0.0]",0,0.0,0.0,0.0,"[0.0, 0.0, 0.0, 0.0, 0.0, 0.0, 0.0]",203
BIOMD0000000640,31,48,0,1000,0.0,0.0,1.1102230246251565e-16,"[0.0, 0.0, 0.0, 0.0, 0.0, 0.0, 0.0, 0.0, 0.0, 0.0, 0.0, 0.0, 0.0, 0.0, 0.0, np.float64(1.1102230246251565e-16), np.float64(1.1102230246251565e-16), 0.0, 0.0, 0.0, 0.0, 0.0, 0.0, 0.0, 0.0, 0.0, 0.0, 0.0, 0.0, 0.0, 0.0]",8,0.0,0.0,0.999999999816639,"[0.0, 0.0, 0.0, 0.0, 0.0, np.float64(0.23606477565863926), np.float64(0.999999999816639), np.float64(0.999999999816639), 0.0, 0.0, 0.0, np.float64(0.3378877909708399), 0.0, 0.0, 0.0, 0.0, 0.0, 0.0, 0.0, 0.0, 0.0, 0.0, np.float64(0.23606477565863926), 0.0, 0.0, 0.0, np.float64(0.23606477565863926), 0.0, 0.0, 0.0, 0.0]",383,0.0,0.0,1.0,"[np.float64(0.23720378739273107), np.float64(0.23720378739273107), np.float64(0.23720378739273107), np.float64(0.9999999999999937), 1.0, np.float64(0.23720378739273107), 0.0, 0.0, 0.0, 0.0, 0.0, 0.0, 0.0, 0.0, 0.0, 0.0, 0.0, 0.0, 0.0, 0.0, 0.0, 0.0, np.float64(0.23720378739273107), 0.0, 0.0, 0.0, np.float64(0.23720378739273107), np.float64(0.23720378739273107), np.float64(0.23720378739273107), 0.0, 0.0]",2415
BIOMD0000000646,11,24,0,1000,0.0,0.0,0.0,"[0.0, 0.0, 0.0, 0.0, 0.0, 0.0, 0.0, 0.0, 0.0, 0.0, 0.0]",0,0.0,0.0,0.0,"[0.0, 0.0, 0.0, 0.0, 0.0, 0.0, 0.0, 0.0, 0.0, 0.0, 0.0]",6,0.0,0.0,0.0,"[0.0, 0.0, 0.0, 0.0, 0.0, 0.0, 0.0, 0.0, 0.0, 0.0, 0.0]",721
BIOMD0000000647,11,11,0,1000,0.0,0.0,0.0,"[0.0, 0.0, 0.0, 0.0, 0.0, 0.0, 0.0, 0.0, 0.0, 0.0, 0.0]",0,0.0,0.0,0.0,"[0.0, 0.0, 0.0, 0.0, 0.0, 0.0, 0.0, 0.0, 0.0, 0.0, 0.0]",33,0.0,0.0,0.0,"[0.0, 0.0, 0.0, 0.0, 0.0, 0.0, 0.0, 0.0, 0.0, 0.0, 0.0]",531
BIOMD0000000651,29,16,0,1000,0.0,0.0,0.0,"[0.0, 0.0, 0.0, 0.0, 0.0, 0.0, 0.0, 0.0, 0.0, 0.0, 0.0, 0.0, 0.0, 0.0, 0.0, 0.0, 0.0, 0.0, 0.0, 0.0, 0.0, 0.0, 0.0, 0.0, 0.0, 0.0, 0.0, 0.0, 0.0]",0,0.0,0.0,0.0,"[0.0, 0.0, 0.0, 0.0, 0.0, 0.0, 0.0, 0.0, 0.0, 0.0, 0.0, 0.0, 0.0, 0.0, 0.0, 0.0, 0.0, 0.0, 0.0, 0.0, 0.0, 0.0, 0.0, 0.0, 0.0, 0.0, 0.0, 0.0, 0.0]",171,0.0,0.0,0.0,"[0.0, 0.0, 0.0, 0.0, 0.0, 0.0, 0.0, 0.0, 0.0, 0.0, 0.0, 0.0, 0.0, 0.0, 0.0, 0.0, 0.0, 0.0, 0.0, 0.0, 0.0, 0.0, 0.0, 0.0, 0.0, 0.0, 0.0, 0.0, 0.0]",362
BIOMD0000000653,53,62,0,1000,0.0,0.0,0.0,"[0.0, 0.0, 0.0, 0.0, 0.0, 0.0, 0.0, 0.0, 0.0, 0.0, 0.0, 0.0, 0.0, 0.0, 0.0, 0.0, 0.0, 0.0, 0.0, 0.0, 0.0, 0.0, 0.0, 0.0, 0.0, 0.0, 0.0, 0.0, 0.0, 0.0, 0.0, 0.0, 0.0, 0.0, 0.0, 0.0, 0.0, 0.0, 0.0, 0.0, 0.0, 0.0, 0.0, 0.0, 0.0, 0.0, 0.0, 0.0, 0.0, 0.0, 0.0, 0.0, 0.0]",2,0.0,0.0,0.0,"[0.0, 0.0, 0.0, 0.0, 0.0, 0.0, 0.0, 0.0, 0.0, 0.0, 0.0, 0.0, 0.0, 0.0, 0.0, 0.0, 0.0, 0.0, 0.0, 0.0, 0.0, 0.0, 0.0, 0.0, 0.0, 0.0, 0.0, 0.0, 0.0, 0.0, 0.0, 0.0, 0.0, 0.0, 0.0, 0.0, 0.0, 0.0, 0.0, 0.0, 0.0, 0.0, 0.0, 0.0, 0.0, 0.0, 0.0, 0.0, 0.0, 0.0, 0.0, 0.0, 0.0]",754,0.0,0.0,0.9999999999897272,"[0.0, 0.0, 0.0, 0.0, 0.0, 0.0, np.float64(0.9999940749570813), 0.0, 0.0, 0.0, 0.0, 0.0, np.float64(0.999999999696025), 0.0, np.float64(0.9999999643847325), np.float64(0.9999999999897272), 0.0, 0.0, 0.0, np.float64(0.9999999938953169), 0.0, 0.0, 0.0, 0.0, 0.0, 0.0, 0.0, np.float64(0.996539899223689), 0.0, 0.0, 0.0, 0.0, np.float64(0.9999999999025458), 0.0, np.float64(0.9999998744577853), 0.0, 0.0, 0.0, 0.0, np.float64(0.9999999654539696), 0.0, 0.0, np.float64(0.999999999696025), 0.0, np.float64(0.9999999643847326), np.float64(0.999999999989727), 0.0, 0.0, 0.0, 0.0, 0.0, 0.0, np.float64(0.9999999694377856)]",7666
BIOMD0000000656,53,62,0,1000,0.0,0.0,1.1102230246251565e-16,"[0.0, 0.0, 0.0, 0.0, 0.0, 0.0, 0.0, 0.0, 0.0, 0.0, 0.0, 0.0, 0.0, 0.0, 0.0, 0.0, 0.0, 0.0, 0.0, 0.0, 0.0, 0.0, 0.0, 0.0, 0.0, 0.0, 0.0, 0.0, 0.0, 0.0, 0.0, 0.0, 0.0, 0.0, np.float64(1.1102230246251565e-16), 0.0, 0.0, 0.0, 0.0, 0.0, 0.0, 0.0, 0.0, 0.0, 0.0, 0.0, 0.0, 0.0, 0.0, 0.0, 0.0, 0.0, 0.0]",1,0.0,0.0,0.0,"[0.0, 0.0, 0.0, 0.0, 0.0, 0.0, 0.0, 0.0, 0.0, 0.0, 0.0, 0.0, 0.0, 0.0, 0.0, 0.0, 0.0, 0.0, 0.0, 0.0, 0.0, 0.0, 0.0, 0.0, 0.0, 0.0, 0.0, 0.0, 0.0, 0.0, 0.0, 0.0, 0.0, 0.0, 0.0, 0.0, 0.0, 0.0, 0.0, 0.0, 0.0, 0.0, 0.0, 0.0, 0.0, 0.0, 0.0, 0.0, 0.0, 0.0, 0.0, 0.0, 0.0]",755,0.0,0.0,0.9999999999876041,"[0.0, np.float64(0.15995218196015293), 0.0, 0.0, 0.0, 0.0, 0.0, 0.0, 0.0, 0.0, 0.0, 0.0, 0.0, 0.0, 0.0, np.float64(0.9999999999876041), 0.0, 0.0, 0.0, 0.0, 0.0, 0.0, 0.0, 0.0, 0.0, 0.0, 0.0, np.float64(0.9999900918489402), 0.0, 0.0, 0.0, 0.0, 0.0, 0.0, 0.0, 0.0, 0.0, 0.0, 0.0, 0.0, 0.0, 0.0, 0.0, 0.0, 0.0, np.float64(0.999999999987604), 0.0, 0.0, 0.0, 0.0, 0.0, 0.0, 0.0]",21716
BIOMD0000000657,3,3,0,1000,0.0,0.0,0.0,"[0.0, 0.0, 0.0]",0,0.0,0.0,0.0,"[0.0, 0.0, 0.0]",1,0.0,0.0,0.8863266131645366,"[0.0, 0.0, np.float64(0.8863266131645366)]",3
BIOMD0000000660,15,35,0,1000,0.0,0.0,0.0,"[0.0, 0.0, 0.0, 0.0, 0.0, 0.0, 0.0, 0.0, 0.0, 0.0, 0.0, 0.0, 0.0, 0.0, 0.0]",1,0.0,0.0,0.0,"[0.0, 0.0, 0.0, 0.0, 0.0, 0.0, 0.0, 0.0, 0.0, 0.0, 0.0, 0.0, 0.0, 0.0, 0.0]",5,0.0,0.0,0.0,"[0.0, 0.0, 0.0, 0.0, 0.0, 0.0, 0.0, 0.0, 0.0, 0.0, 0.0, 0.0, 0.0, 0.0, 0.0]",1762
BIOMD0000000661,7,17,0,1000,0.0,0.0,0.0,"[0.0, 0.0, 0.0, 0.0, 0.0, 0.0, 0.0]",6,0.0,0.0,0.519214572069169,"[0.0, 0.0, 0.0, 0.0, 0.0, 0.0, np.float64(0.519214572069169)]",36,0.0,0.0,0.0,"[0.0, 0.0, 0.0, 0.0, 0.0, 0.0, 0.0]",163
BIOMD0000000662,3,10,0,1000,0.0,0.0,0.0,"[0.0, 0.0, 0.0]",2,0.0,0.0,0.0,"[0.0, 0.0, 0.0]",4,0.0,0.0,0.0,"[0.0, 0.0, 0.0]",15
BIOMD0000000663,3,9,0,1000,0.0,0.0,0.0,"[0.0, 0.0, 0.0]",0,0.0,0.0,0.7536631401822504,"[0.0, np.float64(0.7536631401822504), 0.0]",1,0.0,0.0,0.0,"[0.0, 0.0, 0.0]",6
BIOMD0000000664,6,15,0,1000,0.0,0.0,0.0,"[0.0, 0.0, 0.0, 0.0, 0.0, 0.0]",1,0.0,0.0,0.0,"[0.0, 0.0, 0.0, 0.0, 0.0, 0.0]",4,0.0,0.0,0.9724999238310543,"[np.float64(0.9724999238310543), 0.0, 0.0, 0.0, 0.0, 0.0]",55
BIOMD0000000667,103,148,0,1000,0.0,0.0,2.220446049250313e-16,"[0.0, 0.0, 0.0, 0.0, 0.0, 0.0, 0.0, 0.0, 0.0, 0.0, 0.0, 0.0, 0.0, 0.0, 0.0, 0.0, 0.0, 0.0, 0.0, 0.0, 0.0, np.float64(2.220446049250313e-16), 0.0, 0.0, 0.0, 0.0, 0.0, 0.0, 0.0, 0.0, 0.0, 0.0, 0.0, 0.0, 0.0, 0.0, 0.0, 0.0, 0.0, 0.0, 0.0, 0.0, 0.0, 0.0, 0.0, 0.0, 0.0, 0.0, 0.0, 0.0, 0.0, 0.0, 0.0, 0.0, 0.0, 0.0, 0.0, 0.0, 0.0, 0.0, 0.0, 0.0, 0.0, 0.0, 0.0, 0.0, 0.0, 0.0, 0.0, 0.0, 0.0, 0.0, 0.0, 0.0, 0.0, 0.0, 0.0, 0.0, 0.0, 0.0, 0.0, 0.0, 0.0, 0.0, 0.0, 0.0, 0.0, 0.0, 0.0, 0.0, 0.0, 0.0, 0.0, 0.0, 0.0, 0.0, 0.0, 0.0, 0.0, 0.0, 0.0, 0.0, 0.0]",25,0.0,0.0,0.0,"[0.0, 0.0, 0.0, 0.0, 0.0, 0.0, 0.0, 0.0, 0.0, 0.0, 0.0, 0.0, 0.0, 0.0, 0.0, 0.0, 0.0, 0.0, 0.0, 0.0, 0.0, 0.0, 0.0, 0.0, 0.0, 0.0, 0.0, 0.0, 0.0, 0.0, 0.0, 0.0, 0.0, 0.0, 0.0, 0.0, 0.0, 0.0, 0.0, 0.0, 0.0, 0.0, 0.0, 0.0, 0.0, 0.0, 0.0, 0.0, 0.0, 0.0, 0.0, 0.0, 0.0, 0.0, 0.0, 0.0, 0.0, 0.0, 0.0, 0.0, 0.0, 0.0, 0.0, 0.0, 0.0, 0.0, 0.0, 0.0, 0.0, 0.0, 0.0, 0.0, 0.0, 0.0, 0.0, 0.0, 0.0, 0.0, 0.0, 0.0, 0.0, 0.0, 0.0, 0.0, 0.0, 0.0, 0.0, 0.0, 0.0, 0.0, 0.0, 0.0, 0.0, 0.0, 0.0, 0.0, 0.0, 0.0, 0.0, 0.0, 0.0, 0.0, 0.0]",7506,0.0,0.0,0.2080758191185459,"[0.0, 0.0, 0.0, 0.0, 0.0, np.float64(0.0017930812106078386), np.float64(0.010682661988130504), np.float64(0.0925713491810245), 0.0, np.float64(0.12229564546550675), np.float64(0.02945855714204404), np.float64(0.0002884224926005263), 0.0, 0.0, 0.0, 0.0, 0.0, 0.0, 0.0, np.float64(0.0020611887920992666), 0.0, 0.0, 0.0, 0.0, 0.0, 0.0, 0.0, 0.0, np.float64(0.0003158174997704988), np.float64(0.05497496109126898), 0.0, np.float64(0.002776240843480715), 0.0, np.float64(0.001414090225985154), 0.0, 0.0, np.float64(0.0015932357096838379), 0.0, 0.0, 0.0, 0.0, 0.0, np.float64(0.2080758191185459), np.float64(0.005042058602583888), np.float64(0.0037665480164412735), np.float64(0.006618534703330181), 0.0, 0.0, 0.0, np.float64(0.004523537224747853), 0.0, 0.0, 0.0, 0.0, 0.0, 0.0, 0.0, 0.0, 0.0, 0.0, 0.0, 0.0, 0.0, 0.0, 0.0, 0.0, np.float64(0.0025390863142733533), 0.0, np.float64(0.0026414593537325004), np.float64(0.0007079077466209949), 0.0, 0.0, 0.0, 0.0, 0.0, 0.0, 0.0, 0.0, 0.0, 0.0, 0.0, 0.0, 0.0, 0.0, 0.0, 0.0, 0.0, np.float64(0.003976114639516637), np.float64(0.005401850573374722), np.float64(0.01629268489157598), 0.0, 0.0, 0.0, 0.0, 0.0, 0.0, 0.0, 0.0, 0.0, 0.0, 0.0, np.float64(0.004131690854928705), 0.0]",12787
BIOMD0000000676,13,17,0,1000,0.0,0.0,0.0,"[0.0, 0.0, 0.0, 0.0, 0.0, 0.0, 0.0, 0.0, 0.0, 0.0, 0.0, 0.0, 0.0]",0,0.0,0.0,0.2909310274994499,"[np.float64(0.2909310274994499), np.float64(0.07208054769800265), 0.0, 0.0, 0.0, 0.0, 0.0, 0.0, 0.0, 0.0, 0.0, 0.0, 0.0]",99,0.0,0.0,0.9727574132862081,"[np.float64(0.9727574132862081), 0.0, 0.0, 0.0, 0.0, 0.0, 0.0, 0.0, 0.0, 0.0, 0.0, 0.0, 0.0]",1319
BIOMD0000000678,2,4,0,1000,0.0,0.0,0.0,"[0.0, 0.0]",0,0.0,0.0,0.0,"[0.0, 0.0]",0,0.0,0.0,0.0,"[0.0, 0.0]",4
BIOMD0000000683,4,9,0,1000,0.0,0.0,0.0,"[0.0, 0.0, 0.0, 0.0]",1,0.0,0.0,0.0,"[0.0, 0.0, 0.0, 0.0]",1,0.0,0.0,0.0,"[0.0, 0.0, 0.0, 0.0]",17
BIOMD0000000687,15,25,0,1000,0.0,0.0,0.0,"[0.0, 0.0, 0.0, 0.0, 0.0, 0.0, 0.0, 0.0, 0.0, 0.0, 0.0, 0.0, 0.0, 0.0, 0.0]",1,0.0,0.0,0.7560652076289347,"[0.0, 0.0, 0.0, 0.0, 0.0, np.float64(0.6271835189916519), 0.0, 0.0, 0.0, 0.0, 0.0, 0.0, 0.0, 0.0, np.float64(0.7560652076289347)]",118,0.0,0.0,0.0,"[0.0, 0.0, 0.0, 0.0, 0.0, 0.0, 0.0, 0.0, 0.0, 0.0, 0.0, 0.0, 0.0, 0.0, 0.0]",930
BIOMD0000000688,16,30,0,1000,0.0,0.0,0.0,"[0.0, 0.0, 0.0, 0.0, 0.0, 0.0, 0.0, 0.0, 0.0, 0.0, 0.0, 0.0, 0.0, 0.0, 0.0, 0.0]",0,0.0,0.0,0.6512215274284928,"[np.float64(0.6512215274284928), 0.0, 0.0, 0.0, 0.0, 0.0, 0.0, 0.0, 0.0, 0.0, 0.0, 0.0, 0.0, 0.0, 0.0, 0.0]",43,0.0,0.0,0.0,"[0.0, 0.0, 0.0, 0.0, 0.0, 0.0, 0.0, 0.0, 0.0, 0.0, 0.0, 0.0, 0.0, 0.0, 0.0, 0.0]",485
BIOMD0000000689,7,10,0,1000,0.0,0.0,0.0,"[0.0, 0.0, 0.0, 0.0, 0.0, 0.0, 0.0]",0,0.0,0.0,0.0,"[0.0, 0.0, 0.0, 0.0, 0.0, 0.0, 0.0]",2,0.0,0.0,0.0,"[0.0, 0.0, 0.0, 0.0, 0.0, 0.0, 0.0]",210
BIOMD0000000690,7,10,0,1000,0.0,0.0,0.0,"[0.0, 0.0, 0.0, 0.0, 0.0, 0.0, 0.0]",0,0.0,0.0,0.0,"[0.0, 0.0, 0.0, 0.0, 0.0, 0.0, 0.0]",43,0.0,0.0,0.0,"[0.0, 0.0, 0.0, 0.0, 0.0, 0.0, 0.0]",240
BIOMD0000000691,13,18,0,1000,0.0,0.0,0.0,"[0.0, 0.0, 0.0, 0.0, 0.0, 0.0, 0.0, 0.0, 0.0, 0.0, 0.0, 0.0, 0.0]",0,0.0,0.0,0.0,"[0.0, 0.0, 0.0, 0.0, 0.0, 0.0, 0.0, 0.0, 0.0, 0.0, 0.0, 0.0, 0.0]",107,0.0,0.0,0.0,"[0.0, 0.0, 0.0, 0.0, 0.0, 0.0, 0.0, 0.0, 0.0, 0.0, 0.0, 0.0, 0.0]",1320
BIOMD0000000695,12,35,0,1000,0.0,0.0,0.0,"[0.0, 0.0, 0.0, 0.0, 0.0, 0.0, 0.0, 0.0, 0.0, 0.0, 0.0, 0.0]",2,0.0,0.0,0.0,"[0.0, 0.0, 0.0, 0.0, 0.0, 0.0, 0.0, 0.0, 0.0, 0.0, 0.0, 0.0]",48,0.0,0.0,0.0,"[0.0, 0.0, 0.0, 0.0, 0.0, 0.0, 0.0, 0.0, 0.0, 0.0, 0.0, 0.0]",124
BIOMD0000000697,13,30,0,1000,0.0,0.0,0.0,"[0.0, 0.0, 0.0, 0.0, 0.0, 0.0, 0.0, 0.0, 0.0, 0.0, 0.0, 0.0, 0.0]",0,0.0,0.0,0.0,"[0.0, 0.0, 0.0, 0.0, 0.0, 0.0, 0.0, 0.0, 0.0, 0.0, 0.0, 0.0, 0.0]",38,0.0,0.0,0.0,"[0.0, 0.0, 0.0, 0.0, 0.0, 0.0, 0.0, 0.0, 0.0, 0.0, 0.0, 0.0, 0.0]",1126
BIOMD0000000698,5,9,0,1000,0.0,0.0,0.0,"[0.0, 0.0, 0.0, 0.0, 0.0]",1,0.0,0.0,0.9923464112349113,"[0.0, 0.0, 0.0, 0.0, np.float64(0.9923464112349113)]",16,0.0,0.0,0.1212282638206369,"[0.0, 0.0, 0.0, 0.0, np.float64(0.1212282638206369)]",50
BIOMD0000000700,23,49,0,1000,0.0,0.0,0.0,"[0.0, 0.0, 0.0, 0.0, 0.0, 0.0, 0.0, 0.0, 0.0, 0.0, 0.0, 0.0, 0.0, 0.0, 0.0, 0.0, 0.0, 0.0, 0.0, 0.0, 0.0, 0.0, 0.0]",0,0.0,0.0,0.0,"[0.0, 0.0, 0.0, 0.0, 0.0, 0.0, 0.0, 0.0, 0.0, 0.0, 0.0, 0.0, 0.0, 0.0, 0.0, 0.0, 0.0, 0.0, 0.0, 0.0, 0.0, 0.0, 0.0]",37,0.0,0.0,0.0,"[0.0, 0.0, 0.0, 0.0, 0.0, 0.0, 0.0, 0.0, 0.0, 0.0, 0.0, 0.0, 0.0, 0.0, 0.0, 0.0, 0.0, 0.0, 0.0, 0.0, 0.0, 0.0, 0.0]",5613
BIOMD0000000707,5,10,0,1000,0.0,0.0,0.0,"[0.0, 0.0, 0.0, 0.0, 0.0]",2,0.0,0.0,0.9990248162699347,"[0.0, np.float64(0.9990248162699347), 0.0, np.float64(0.9985708201338667), 0.0]",12,0.0,0.4602577226138943,0.9875127219083286,"[0.0, np.float64(0.9798438220786804), np.float64(0.4602577226138943), np.float64(0.9875127219083286), 0.0]",17
BIOMD0000000708,5,11,0,1000,0.0,0.0,0.0,"[0.0, 0.0, 0.0, 0.0, 0.0]",4,0.0,0.0,0.0,"[0.0, 0.0, 0.0, 0.0, 0.0]",3,0.0,0.0,0.0,"[0.0, 0.0, 0.0, 0.0, 0.0]",13
BIOMD0000000709,5,11,0,1000,0.0,0.0,2.220446049250313e-16,"[np.float64(2.220446049250313e-16), 0.0, 0.0, 0.0, 0.0]",4,0.0,0.0,0.0,"[0.0, 0.0, 0.0, 0.0, 0.0]",4,0.0,0.0,0.0,"[0.0, 0.0, 0.0, 0.0, 0.0]",17
BIOMD0000000710,7,16,0,1000,0.0,0.0,1.1102230246251565e-16,"[0.0, 0.0, np.float64(1.1102230246251565e-16), 0.0, 0.0, 0.0, 0.0]",6,0.0,0.0,0.8982507363985278,"[np.float64(0.8975751310388282), np.float64(0.856373087530167), 0.0, np.float64(0.8982507363985278), 0.0, 0.0, 0.0]",36,0.0,0.0,0.0,"[0.0, 0.0, 0.0, 0.0, 0.0, 0.0, 0.0]",75
BIOMD0000000711,10,26,0,1000,0.0,0.0,1.1102230246251565e-16,"[0.0, 0.0, 0.0, 0.0, 0.0, 0.0, 0.0, 0.0, np.float64(1.1102230246251565e-16), 0.0]",3,0.0,0.0,0.983039045465937,"[0.0, 0.0, 0.0, 0.0, np.float64(0.897541664133038), 0.0, 0.0, np.float64(0.983039045465937), 0.0, 0.0]",61,0.0,0.0,0.0,"[0.0, 0.0, 0.0, 0.0, 0.0, 0.0, 0.0, 0.0, 0.0, 0.0]",423
BIOMD0000000713,3,9,0,1000,0.0,1.1102230246251565e-16,1.1102230246251565e-16,"[np.float64(1.1102230246251565e-16), 0.0, np.float64(1.1102230246251565e-16)]",3,0.0,0.0,0.0,"[0.0, 0.0, 0.0]",7,0.0,0.0,0.0,"[0.0, 0.0, 0.0]",5
BIOMD0000000714,4,10,0,1000,0.0,0.0,0.0,"[0.0, 0.0, 0.0, 0.0]",0,0.0,0.0,0.0,"[0.0, 0.0, 0.0, 0.0]",3,0.0,0.0,0.0,"[0.0, 0.0, 0.0, 0.0]",22
BIOMD0000000715,4,11,0,1000,0.0,0.0,0.0,"[0.0, 0.0, 0.0, 0.0]",0,0.0,0.13975712874170176,0.9313574102575568,"[np.float64(0.2795142574834035), 0.0, np.float64(0.9313574102575568), 0.0]",7,0.0,0.49337598022253765,0.9920100877139468,"[np.float64(0.9920100877139468), np.float64(0.9867519604450753), 0.0, 0.0]",58
BIOMD0000000716,4,10,0,1000,0.0,0.0,0.0,"[0.0, 0.0, 0.0, 0.0]",2,0.0,0.0,0.0,"[0.0, 0.0, 0.0, 0.0]",3,0.0,0.0,0.0,"[0.0, 0.0, 0.0, 0.0]",16
BIOMD0000000717,4,10,0,1000,0.0,0.0,1.1102230246251565e-16,"[np.float64(1.1102230246251565e-16), 0.0, 0.0, 0.0]",3,0.0,0.0,0.0,"[0.0, 0.0, 0.0, 0.0]",8,0.0,0.0,0.0,"[0.0, 0.0, 0.0, 0.0]",13
BIOMD0000000718,16,29,0,1000,0.0,0.0,0.0,"[0.0, 0.0, 0.0, 0.0, 0.0, 0.0, 0.0, 0.0, 0.0, 0.0, 0.0, 0.0, 0.0, 0.0, 0.0, 0.0]",0,0.0,0.0,0.17726682349021883,"[0.0, 0.0, 0.0, 0.0, 0.0, 0.0, 0.0, 0.0, 0.0, 0.0, 0.0, 0.0, 0.0, 0.0, np.float64(0.17726682349021883), 0.0]",28,0.0,0.0,0.0,"[0.0, 0.0, 0.0, 0.0, 0.0, 0.0, 0.0, 0.0, 0.0, 0.0, 0.0, 0.0, 0.0, 0.0, 0.0, 0.0]",486
BIOMD0000000719,5,9,0,1000,0.0,0.0,0.0,"[0.0, 0.0, 0.0, 0.0, 0.0]",0,0.0,0.0,0.03405650812193817,"[0.0, np.float64(0.03405650812193817), 0.0, 0.0, 0.0]",6,0.0,0.0,0.0,"[0.0, 0.0, 0.0, 0.0, 0.0]",13
BIOMD0000000720,8,25,0,1000,0.0,0.0,0.0,"[0.0, 0.0, 0.0, 0.0, 0.0, 0.0, 0.0, 0.0]",0,0.0,0.0,0.0,"[0.0, 0.0, 0.0, 0.0, 0.0, 0.0, 0.0, 0.0]",22,0.0,0.0,0.0,"[0.0, 0.0, 0.0, 0.0, 0.0, 0.0, 0.0, 0.0]",251
BIOMD0000000722,5,15,0,1000,0.0,0.0,3.3306690738754696e-16,"[0.0, 0.0, 0.0, 0.0, np.float64(3.3306690738754696e-16)]",3,0.0,0.0,0.0,"[0.0, 0.0, 0.0, 0.0, 0.0]",11,0.0,0.0,0.0,"[0.0, 0.0, 0.0, 0.0, 0.0]",40
BIOMD0000000723,25,73,0,1000,0.0,0.0,0.0,"[0.0, 0.0, 0.0, 0.0, 0.0, 0.0, 0.0, 0.0, 0.0, 0.0, 0.0, 0.0, 0.0, 0.0, 0.0, 0.0, 0.0, 0.0, 0.0, 0.0, 0.0, 0.0, 0.0, 0.0, 0.0]",7,0.0,0.7370966067804559,0.9636821978289831,"[0.0, np.float64(0.8692955405066741), np.float64(0.9398057586026352), np.float64(0.9636821978289831), np.float64(0.8970734384128388), np.float64(0.9087499669812514), np.float64(0.6303583628669652), np.float64(0.7370966067804559), np.float64(0.9538990885584293), np.float64(0.761464155370625), np.float64(0.9036590021579838), np.float64(0.9036590021050539), np.float64(0.155177004744946), np.float64(0.34746995686453863), np.float64(0.903658505159509), np.float64(0.9461805272388178), np.float64(0.3371511466863244), np.float64(0.8380638665968381), np.float64(0.29088120818003504), 0.0, 0.0, 0.0, 0.0, np.float64(0.5327470024489654), 0.0]",600,0.0,0.0,0.0,"[0.0, 0.0, 0.0, 0.0, 0.0, 0.0, 0.0, 0.0, 0.0, 0.0, 0.0, 0.0, 0.0, 0.0, 0.0, 0.0, 0.0, 0.0, 0.0, 0.0, 0.0, 0.0, 0.0, 0.0, 0.0]",8581
BIOMD0000000724,28,28,0,1000,0.0,0.0,0.0,"[0.0, 0.0, 0.0, 0.0, 0.0, 0.0, 0.0, 0.0, 0.0, 0.0, 0.0, 0.0, 0.0, 0.0, 0.0, 0.0, 0.0, 0.0, 0.0, 0.0, 0.0, 0.0, 0.0, 0.0, 0.0, 0.0, 0.0, 0.0]",0,0.0,0.0,0.9878947316558071,"[0.0, 0.0, 0.0, 0.0, 0.0, np.float64(0.9878947316558071), np.float64(0.8962607882717486), np.float64(0.9831389421140457), np.float64(0.8751904988414754), np.float64(0.9825980090099653), 0.0, np.float64(0.9089308969216394), np.float64(0.9093298898575958), 0.0, 0.0, np.float64(0.5498891903281985), np.float64(0.6167386552980252), 0.0, 0.0, 0.0, 0.0, 0.0, 0.0, 0.0, 0.0, 0.0, 0.0, 0.0]",494,0.0,0.0,0.9999872708975431,"[np.float64(0.9999872708975431), 0.0, 0.0, 0.0, 0.0, 0.0, 0.0, 0.0, 0.0, 0.0, 0.0, 0.0, 0.0, 0.0, 0.0, 0.0, 0.0, 0.0, 0.0, 0.0, 0.0, 0.0, 0.0, 0.0, 0.0, 0.0, 0.0, 0.0]",1162
BIOMD0000000725,38,31,0,1000,0.0,0.0,3.3306690738754696e-16,"[0.0, 0.0, 0.0, 0.0, 0.0, 0.0, 0.0, 0.0, 0.0, 0.0, np.float64(3.3306690738754696e-16), 0.0, np.float64(1.1102230246251565e-16), 0.0, 0.0, 0.0, 0.0, 0.0, 0.0, 0.0, np.float64(1.1102230246251565e-16), 0.0, 0.0, 0.0, 0.0, 0.0, 0.0, 0.0, 0.0, 0.0, 0.0, 0.0, 0.0, 0.0, 0.0, 0.0, 0.0, 0.0]",16,0.0,0.8013805027556944,0.9996062915747165,"[np.float64(0.9776557435365077), np.float64(0.9979347474420014), np.float64(0.9944606353090639), np.float64(0.7745385239315825), np.float64(0.7732138189876261), 0.0, np.float64(0.8741250418771508), np.float64(0.9668066687000583), np.float64(0.855644218901429), np.float64(0.9996062915747165), 0.0, np.float64(0.7731871311906368), np.float64(0.6981309676772142), np.float64(0.7107569946665642), np.float64(0.8884129001658396), np.float64(0.8959469491870371), np.float64(0.9345164294836538), np.float64(0.7729878052349152), np.float64(0.7772530359620208), np.float64(0.788979356554148), np.float64(0.8039858576422968), np.float64(0.7675302768199782), np.float64(0.7989209491759265), 0.0, np.float64(0.9933184520187814), np.float64(0.9711897770479203), np.float64(0.7990114667773145), np.float64(0.8167437043566709), np.float64(0.835643430017817), np.float64(0.9991115844967859), np.float64(0.994475113231387), np.float64(0.9389664138302536), 0.0, 0.0, 0.0, 0.0, np.float64(0.8037495387340742), np.float64(0.7762364570503114)]",1407,0.0,0.0,0.0,"[0.0, 0.0, 0.0, 0.0, 0.0, 0.0, 0.0, 0.0, 0.0, 0.0, 0.0, 0.0, 0.0, 0.0, 0.0, 0.0, 0.0, 0.0, 0.0, 0.0, 0.0, 0.0, 0.0, 0.0, 0.0, 0.0, 0.0, 0.0, 0.0, 0.0, 0.0, 0.0, 0.0, 0.0, 0.0, 0.0, 0.0, 0.0]",6236
BIOMD0000000726,8,23,0,1000,0.0,0.0,2.220446049250313e-16,"[np.float64(2.220446049250313e-16), 0.0, 0.0, 0.0, 0.0, np.float64(2.220446049250313e-16), 0.0, 0.0]",8,0.0,0.0,0.9988079666184695,"[0.0, 0.0, np.float64(0.98771758931357), 0.0, 0.0, 0.0, np.float64(0.7805618212300021), np.float64(0.9988079666184695)]",29,0.0,0.0,0.0,"[0.0, 0.0, 0.0, 0.0, 0.0, 0.0, 0.0, 0.0]",91
BIOMD0000000727,30,57,0,1000,0.0,0.0,0.0,"[0.0, 0.0, 0.0, 0.0, 0.0, 0.0, 0.0, 0.0, 0.0, 0.0, 0.0, 0.0, 0.0, 0.0, 0.0, 0.0, 0.0, 0.0, 0.0, 0.0, 0.0, 0.0, 0.0, 0.0, 0.0, 0.0, 0.0, 0.0, 0.0, 0.0]",0,0.0,0.0,0.0,"[0.0, 0.0, 0.0, 0.0, 0.0, 0.0, 0.0, 0.0, 0.0, 0.0, 0.0, 0.0, 0.0, 0.0, 0.0, 0.0, 0.0, 0.0, 0.0, 0.0, 0.0, 0.0, 0.0, 0.0, 0.0, 0.0, 0.0, 0.0, 0.0, 0.0]",251,0.0,0.0,0.0,"[0.0, 0.0, 0.0, 0.0, 0.0, 0.0, 0.0, 0.0, 0.0, 0.0, 0.0, 0.0, 0.0, 0.0, 0.0, 0.0, 0.0, 0.0, 0.0, 0.0, 0.0, 0.0, 0.0, 0.0, 0.0, 0.0, 0.0, 0.0, 0.0, 0.0]",12088
BIOMD0000000728,2,5,0,1000,0.0,0.0,0.0,"[0.0, 0.0]",0,0.0,0.0,0.0,"[0.0, 0.0]",2,0.0,0.0,0.0,"[0.0, 0.0]",10
BIOMD0000000729,3,7,0,1000,0.0,0.0,0.0,"[0.0, 0.0, 0.0]",0,0.0,0.0,0.0,"[0.0, 0.0, 0.0]",0,0.0,0.0,0.9060577096700981,"[0.0, 0.0, np.float64(0.9060577096700981)]",13
BIOMD0000000730,45,108,0,1000,0.0,0.0,0.0,"[0.0, 0.0, 0.0, 0.0, 0.0, 0.0, 0.0, 0.0, 0.0, 0.0, 0.0, 0.0, 0.0, 0.0, 0.0, 0.0, 0.0, 0.0, 0.0, 0.0, 0.0, 0.0, 0.0, 0.0, 0.0, 0.0, 0.0, 0.0, 0.0, 0.0, 0.0, 0.0, 0.0, 0.0, 0.0, 0.0, 0.0, 0.0, 0.0, 0.0, 0.0, 0.0, 0.0, 0.0, 0.0]",0,0.0,0.0,0.8218803157288965,"[0.0, 0.0, 0.0, np.float64(0.571933650097101), 0.0, 0.0, np.float64(0.12510007666273415), 0.0, 0.0, 0.0, 0.0, 0.0, 0.0, 0.0, 0.0, 0.0, 0.0, 0.0, 0.0, 0.0, 0.0, 0.0, 0.0, 0.0, 0.0, 0.0, 0.0, 0.0, 0.0, 0.0, 0.0, 0.0, 0.0, 0.0, 0.0, 0.0, 0.0, 0.0, 0.0, 0.0, 0.0, 0.0, 0.0, np.float64(0.8218803157288965), 0.0]",1102,0.0,0.0,0.0,"[0.0, 0.0, 0.0, 0.0, 0.0, 0.0, 0.0, 0.0, 0.0, 0.0, 0.0, 0.0, 0.0, 0.0, 0.0, 0.0, 0.0, 0.0, 0.0, 0.0, 0.0, 0.0, 0.0, 0.0, 0.0, 0.0, 0.0, 0.0, 0.0, 0.0, 0.0, 0.0, 0.0, 0.0, 0.0, 0.0, 0.0, 0.0, 0.0, 0.0, 0.0, 0.0, 0.0, 0.0, 0.0]",41366
BIOMD0000000731,16,25,0,1000,0.0,0.0,1.1102230246251565e-16,"[0.0, np.float64(1.1102230246251565e-16), 0.0, 0.0, 0.0, 0.0, 0.0, 0.0, 0.0, 0.0, 0.0, 0.0, 0.0, 0.0, 0.0, 0.0]",7,0.0,0.0,0.9999999996384736,"[np.float64(0.9999999996384736), 0.0, 0.0, np.float64(0.8166854039504174), 0.0, 0.0, 0.0, 0.0, 0.0, 0.0, 0.0, 0.0, 0.0, 0.0, 0.0, 0.0]",107,0.0,0.0,0.0,"[0.0, 0.0, 0.0, 0.0, 0.0, 0.0, 0.0, 0.0, 0.0, 0.0, 0.0, 0.0, 0.0, 0.0, 0.0, 0.0]",1422
BIOMD0000000732,3,6,0,1000,0.0,0.0,0.0,"[0.0, 0.0, 0.0]",3,0.0,0.0,0.0,"[0.0, 0.0, 0.0]",2,0.0,0.0,0.0,"[0.0, 0.0, 0.0]",2
BIOMD0000000733,3,6,0,1000,0.0,0.0,0.0,"[0.0, 0.0, 0.0]",2,0.0,0.0,0.0,"[0.0, 0.0, 0.0]",2,0.0,0.0,0.0,"[0.0, 0.0, 0.0]",4
BIOMD0000000736,11,22,0,1000,0.0,0.0,0.0,"[0.0, 0.0, 0.0, 0.0, 0.0, 0.0, 0.0, 0.0, 0.0, 0.0, 0.0]",0,0.0,0.0,0.0,"[0.0, 0.0, 0.0, 0.0, 0.0, 0.0, 0.0, 0.0, 0.0, 0.0, 0.0]",0,0.0,0.0,0.0,"[0.0, 0.0, 0.0, 0.0, 0.0, 0.0, 0.0, 0.0, 0.0, 0.0, 0.0]",0
BIOMD0000000737,11,22,0,1000,0.0,0.0,0.0,"[0.0, 0.0, 0.0, 0.0, 0.0, 0.0, 0.0, 0.0, 0.0, 0.0, 0.0]",0,0.0,0.0,0.0,"[0.0, 0.0, 0.0, 0.0, 0.0, 0.0, 0.0, 0.0, 0.0, 0.0, 0.0]",24,0.0,0.0,0.0,"[0.0, 0.0, 0.0, 0.0, 0.0, 0.0, 0.0, 0.0, 0.0, 0.0, 0.0]",448
BIOMD0000000738,11,22,0,1000,0.0,0.0,0.0,"[0.0, 0.0, 0.0, 0.0, 0.0, 0.0, 0.0, 0.0, 0.0, 0.0, 0.0]",0,0.0,0.0,0.0,"[0.0, 0.0, 0.0, 0.0, 0.0, 0.0, 0.0, 0.0, 0.0, 0.0, 0.0]",31,0.0,0.0,0.7750229262455023,"[0.0, 0.0, 0.0, np.float64(0.7750229262455023), 0.0, 0.0, 0.0, 0.0, 0.0, 0.0, 0.0]",424
BIOMD0000000739,24,23,0,1000,0.0,0.0,0.0,"[0.0, 0.0, 0.0, 0.0, 0.0, 0.0, 0.0, 0.0, 0.0, 0.0, 0.0, 0.0, 0.0, 0.0, 0.0, 0.0, 0.0, 0.0, 0.0, 0.0, 0.0, 0.0, 0.0, 0.0]",0,0.0,0.0,0.0,"[0.0, 0.0, 0.0, 0.0, 0.0, 0.0, 0.0, 0.0, 0.0, 0.0, 0.0, 0.0, 0.0, 0.0, 0.0, 0.0, 0.0, 0.0, 0.0, 0.0, 0.0, 0.0, 0.0, 0.0]",0,0.0,0.0,0.0,"[0.0, 0.0, 0.0, 0.0, 0.0, 0.0, 0.0, 0.0, 0.0, 0.0, 0.0, 0.0, 0.0, 0.0, 0.0, 0.0, 0.0, 0.0, 0.0, 0.0, 0.0, 0.0, 0.0, 0.0]",0
BIOMD0000000741,4,10,0,1000,0.0,0.0,0.0,"[0.0, 0.0, 0.0, 0.0]",3,0.0,0.0,0.5538186326299899,"[0.0, 0.0, 0.0, np.float64(0.5538186326299899)]",9,0.00019504647949042386,0.7757057893099236,0.9999999861205576,"[np.float64(0.00019504647949042386), np.float64(0.9999999861205576), np.float64(0.9999999860532554), np.float64(0.5514115925665919)]",11
BIOMD0000000742,2,6,0,1000,0.0,0.0,0.0,"[0.0, 0.0]",1,0.0,0.0,0.0,"[0.0, 0.0]",3,0.0,0.0,0.0,"[0.0, 0.0]",4
BIOMD0000000743,4,14,0,1000,0.0,0.0,0.0,"[0.0, 0.0, 0.0, 0.0]",0,0.0,0.0,0.0,"[0.0, 0.0, 0.0, 0.0]",3,0.0,0.0,0.0,"[0.0, 0.0, 0.0, 0.0]",13
BIOMD0000000744,5,14,0,1000,0.0,0.0,2.220446049250313e-16,"[np.float64(2.220446049250313e-16), 0.0, 0.0, np.float64(1.1102230246251565e-16), 0.0]",5,0.0,0.0,0.46026013770824936,"[0.0, 0.0, 0.0, np.float64(0.46026013770824936), 0.0]",13,0.0,0.0,0.0,"[0.0, 0.0, 0.0, 0.0, 0.0]",16
BIOMD0000000745,5,10,0,1000,0.0,0.0,0.0,"[0.0, 0.0, 0.0, 0.0, 0.0]",0,0.0,0.0,0.0,"[0.0, 0.0, 0.0, 0.0, 0.0]",0,0.0,0.9999999996795974,0.9999999998785718,"[0.0, np.float64(0.9999999996795974), np.float64(0.9999999991979004), np.float64(0.9999999996929967), np.float64(0.9999999998785718)]",103
BIOMD0000000747,33,28,0,1000,0.0,0.0,0.0,"[0.0, 0.0, 0.0, 0.0, 0.0, 0.0, 0.0, 0.0, 0.0, 0.0, 0.0, 0.0, 0.0, 0.0, 0.0, 0.0, 0.0, 0.0, 0.0, 0.0, 0.0, 0.0, 0.0, 0.0, 0.0, 0.0, 0.0, 0.0, 0.0, 0.0, 0.0, 0.0, 0.0]",8,0.0,0.0,0.7476773363365541,"[0.0, 0.0, 0.0, 0.0, 0.0, np.float64(0.2740959768622293), 0.0, 0.0, 0.0, 0.0, 0.0, 0.0, 0.0, 0.0, 0.0, 0.0, 0.0, 0.0, 0.0, np.float64(0.7476773363365541), 0.0, 0.0, 0.0, 0.0, 0.0, 0.0, 0.0, np.float64(0.040742333488853144), 0.0, 0.0, 0.0, 0.0, 0.0]",206,0.0,0.0,0.568059807797182,"[0.0, 0.0, 0.0, 0.0, 0.0, 0.0, 0.0, 0.0, 0.0, 0.0, 0.0, 0.0, np.float64(0.14170986634510496), 0.0, 0.0, 0.0, 0.0, 0.0, 0.0, 0.0, 0.0, 0.0, 0.0, 0.0, 0.0, np.float64(0.568059807797182), 0.0, 0.0, 0.0, 0.0, 0.0, 0.0, 0.0]",3964
BIOMD0000000748,4,11,0,1000,0.0,0.0,0.0,"[0.0, 0.0, 0.0, 0.0]",0,0.0,0.0,0.0,"[0.0, 0.0, 0.0, 0.0]",2,0.0,0.0,0.0,"[0.0, 0.0, 0.0, 0.0]",8
BIOMD0000000749,2,9,0,1000,0.0,0.0,0.0,"[0.0, 0.0]",1,0.0,0.13634057289871937,0.27268114579743874,"[np.float64(0.27268114579743874), 0.0]",2,0.0,0.0,0.0,"[0.0, 0.0]",4
BIOMD0000000750,8,25,0,1000,0.0,0.0,2.220446049250313e-16,"[0.0, np.float64(2.220446049250313e-16), 0.0, 0.0, 0.0, 0.0, 0.0, 0.0]",6,0.0,0.0,0.6835115179709007,"[np.float64(0.6835115179709007), 0.0, 0.0, 0.0, 0.0, 0.0, 0.0, 0.0]",47,0.0,0.0,0.0,"[0.0, 0.0, 0.0, 0.0, 0.0, 0.0, 0.0, 0.0]",227
BIOMD0000000751,2,3,0,1000,0.0,0.0,0.0,"[0.0, 0.0]",2,0.0,0.02488040033574218,0.04976080067148436,"[0.0, np.float64(0.04976080067148436)]",3,0.0,0.0,0.0,"[0.0, 0.0]",2
BIOMD0000000752,3,5,0,1000,0.0,0.0,0.0,"[0.0, 0.0, 0.0]",2,0.0,0.0,0.0,"[0.0, 0.0, 0.0]",3,0.0,0.0,0.0,"[0.0, 0.0, 0.0]",3
BIOMD0000000753,2,7,0,1000,0.0,0.0,0.0,"[0.0, 0.0]",1,0.0,0.2960564951541859,0.5921129903083718,"[0.0, np.float64(0.5921129903083718)]",3,0.0,0.06892666806577591,0.13785333613155182,"[0.0, np.float64(0.13785333613155182)]",5
BIOMD0000000754,3,10,0,1000,0.0,0.0,0.0,"[0.0, 0.0, 0.0]",3,0.0,0.0,0.0,"[0.0, 0.0, 0.0]",2,0.0,0.0,0.0,"[0.0, 0.0, 0.0]",4
BIOMD0000000756,4,11,0,1000,0.0,0.0,0.0,"[0.0, 0.0, 0.0, 0.0]",3,0.0,0.0,0.0,"[0.0, 0.0, 0.0, 0.0]",6,0.0,0.0,0.0,"[0.0, 0.0, 0.0, 0.0]",20
BIOMD0000000757,7,18,0,1000,0.0,0.0,0.0,"[0.0, 0.0, 0.0, 0.0, 0.0, 0.0, 0.0]",3,0.0,0.0,0.0,"[0.0, 0.0, 0.0, 0.0, 0.0, 0.0, 0.0]",24,0.0,0.0,0.0,"[0.0, 0.0, 0.0, 0.0, 0.0, 0.0, 0.0]",82
BIOMD0000000758,2,4,0,1000,0.0,0.0,0.0,"[0.0, 0.0]",0,0.0,0.42797820988988805,0.8559564197797761,"[np.float64(0.8559564197797761), 0.0]",1,0.0,0.42752721680341266,0.8550544336068253,"[np.float64(0.8550544336068253), 0.0]",2
BIOMD0000000759,6,19,0,1000,0.0,0.0,1.1102230246251565e-16,"[0.0, 0.0, 0.0, np.float64(1.1102230246251565e-16), 0.0, 0.0]",6,0.0,0.0,0.930334062419768,"[np.float64(0.930334062419768), 0.0, 0.0, 0.0, 0.0, 0.0]",19,0.0,0.0,0.0,"[0.0, 0.0, 0.0, 0.0, 0.0, 0.0]",19
BIOMD0000000760,2,4,0,1000,0.0,0.0,0.0,"[0.0, 0.0]",2,0.0,0.0,0.0,"[0.0, 0.0]",2,0.0,0.0,0.0,"[0.0, 0.0]",1
BIOMD0000000761,6,14,0,1000,0.0,0.0,0.0,"[0.0, 0.0, 0.0, 0.0, 0.0, 0.0]",2,0.0,0.0,0.8881285938158172,"[0.0, np.float64(0.8881285938158172), 0.0, 0.0, 0.0, 0.0]",11,0.0,0.0,0.0,"[0.0, 0.0, 0.0, 0.0, 0.0, 0.0]",81
BIOMD0000000762,2,7,0,1000,0.0,0.0,0.0,"[0.0, 0.0]",2,0.0,0.23154577210971272,0.46309154421942544,"[0.0, np.float64(0.46309154421942544)]",3,0.0,0.0,0.0,"[0.0, 0.0]",2
BIOMD0000000763,3,9,0,1000,0.0,0.0,0.0,"[0.0, 0.0, 0.0]",0,0.0,0.0,0.06362282049263102,"[0.0, np.float64(0.06362282049263102), 0.0]",4,0.0,0.763625912928813,0.9983602677403373,"[np.float64(0.763625912928813), 0.0, np.float64(0.9983602677403373)]",14
BIOMD0000000765,4,9,0,1000,0.0,0.0,0.0,"[0.0, 0.0, 0.0, 0.0]",2,0.0,0.11129148790430676,0.9960638724977285,"[np.float64(0.9960638724977285), 0.0, np.float64(0.11970266038429378), np.float64(0.10288031542431975)]",10,0.0,0.0,0.0,"[0.0, 0.0, 0.0, 0.0]",39
BIOMD0000000766,5,11,0,1000,0.0,0.0,0.0,"[0.0, 0.0, 0.0, 0.0, 0.0]",3,0.0,0.578350128364524,0.9997448300167784,"[np.float64(0.578350128364524), 0.0, np.float64(0.6707920066543367), 0.0, np.float64(0.9997448300167784)]",13,0.0,0.0,0.0,"[0.0, 0.0, 0.0, 0.0, 0.0]",33
BIOMD0000000767,3,5,0,1000,0.0,0.0,0.0,"[0.0, 0.0, 0.0]",1,0.0,0.0,0.7225229730452745,"[np.float64(0.7225229730452745), 0.0, 0.0]",3,0.0,0.0,0.0,"[0.0, 0.0, 0.0]",6
BIOMD0000000768,5,13,0,1000,0.0,0.0,0.0,"[0.0, 0.0, 0.0, 0.0, 0.0]",1,0.0,0.0,0.0,"[0.0, 0.0, 0.0, 0.0, 0.0]",17,0.0,0.0,0.0,"[0.0, 0.0, 0.0, 0.0, 0.0]",77
BIOMD0000000769,5,24,0,1000,0.0,0.0,0.0,"[0.0, 0.0, 0.0, 0.0, 0.0]",5,0.0,0.0,0.48782202384578177,"[0.0, 0.0, np.float64(0.48782202384578177), 0.0, 0.0]",11,0.0,0.0,0.0,"[0.0, 0.0, 0.0, 0.0, 0.0]",27
BIOMD0000000770,4,14,0,1000,0.0,0.0,0.0,"[0.0, 0.0, 0.0, 0.0]",4,0.0,0.0,0.0,"[0.0, 0.0, 0.0, 0.0]",5,0.0,0.0,0.0,"[0.0, 0.0, 0.0, 0.0]",22
BIOMD0000000771,3,6,0,1000,0.0,0.0,0.0,"[0.0, 0.0, 0.0]",1,0.0,0.0,0.0,"[0.0, 0.0, 0.0]",3,0.0,0.0,0.0,"[0.0, 0.0, 0.0]",8
BIOMD0000000772,4,7,0,1000,0.0,0.0,1.1102230246251565e-16,"[np.float64(1.1102230246251565e-16), 0.0, 0.0, 0.0]",2,0.0,0.37463780084205145,0.823603015108193,"[0.0, 0.0, np.float64(0.823603015108193), np.float64(0.7492756016841029)]",8,0.0,0.0,0.053618942539930714,"[0.0, np.float64(0.053618942539930714), 0.0, 0.0]",9
BIOMD0000000773,3,6,0,1000,0.0,0.0,0.0,"[0.0, 0.0, 0.0]",1,0.0,0.0,0.0,"[0.0, 0.0, 0.0]",0,0.0,0.0,0.0,"[0.0, 0.0, 0.0]",0
BIOMD0000000774,2,4,0,1000,0.0,0.0,0.0,"[0.0, 0.0]",0,0.0,0.0,0.0,"[0.0, 0.0]",0,0.0,0.0,0.0,"[0.0, 0.0]",0
BIOMD0000000775,4,10,0,1000,0.0,0.0,0.0,"[0.0, 0.0, 0.0, 0.0]",1,0.0,0.0,0.0,"[0.0, 0.0, 0.0, 0.0]",4,0.0,0.0,0.0,"[0.0, 0.0, 0.0, 0.0]",25
BIOMD0000000776,2,4,0,1000,0.0,0.0,0.0,"[0.0, 0.0]",2,0.0,0.0,0.0,"[0.0, 0.0]",2,0.0,0.0,0.0,"[0.0, 0.0]",2
BIOMD0000000777,3,8,0,1000,0.0,0.0,1.1102230246251565e-16,"[0.0, np.float64(1.1102230246251565e-16), 0.0]",3,0.0,0.0,0.0,"[0.0, 0.0, 0.0]",3,0.0,0.0,0.0,"[0.0, 0.0, 0.0]",4
BIOMD0000000778,3,8,0,1000,0.0,0.0,0.0,"[0.0, 0.0, 0.0]",1,0.0,0.0,0.0,"[0.0, 0.0, 0.0]",3,0.0,0.0,0.0,"[0.0, 0.0, 0.0]",3
BIOMD0000000779,6,25,0,1000,0.0,0.0,0.0,"[0.0, 0.0, 0.0, 0.0, 0.0, 0.0]",3,0.0,0.0,0.0,"[0.0, 0.0, 0.0, 0.0, 0.0, 0.0]",19,0.0,0.0,0.0,"[0.0, 0.0, 0.0, 0.0, 0.0, 0.0]",64
BIOMD0000000780,4,12,0,1000,0.0,0.0,0.0,"[0.0, 0.0, 0.0, 0.0]",0,0.0,0.0,0.0,"[0.0, 0.0, 0.0, 0.0]",0,0.0,0.0,0.0,"[0.0, 0.0, 0.0, 0.0]",36
BIOMD0000000781,3,8,0,1000,0.0,0.0,0.0,"[0.0, 0.0, 0.0]",0,0.0,0.0,0.0,"[0.0, 0.0, 0.0]",0,0.0,0.0,0.0,"[0.0, 0.0, 0.0]",0
BIOMD0000000782,2,5,0,1000,0.0,0.0,0.0,"[0.0, 0.0]",0,0.0,0.0,0.0,"[0.0, 0.0]",0,0.0,0.0,0.0,"[0.0, 0.0]",0
BIOMD0000000783,3,8,0,1000,0.0,0.0,0.0,"[0.0, 0.0, 0.0]",0,0.0,0.0,0.0,"[0.0, 0.0, 0.0]",2,0.0,0.0,0.0,"[0.0, 0.0, 0.0]",5
BIOMD0000000784,3,9,0,1000,0.0,0.0,0.0,"[0.0, 0.0, 0.0]",0,0.0,0.0,0.0,"[0.0, 0.0, 0.0]",3,0.0,0.0,0.8338676027657601,"[0.0, 0.0, np.float64(0.8338676027657601)]",8
BIOMD0000000785,2,5,0,1000,0.0,0.0,0.0,"[0.0, 0.0]",0,0.0,0.0,0.0,"[0.0, 0.0]",3,0.0,0.052996847744841036,0.10599369548968207,"[0.0, np.float64(0.10599369548968207)]",2
BIOMD0000000786,15,32,0,1000,0.0,0.0,0.0,"[0.0, 0.0, 0.0, 0.0, 0.0, 0.0, 0.0, 0.0, 0.0, 0.0, 0.0, 0.0, 0.0, 0.0, 0.0]",0,0.0,0.0,0.0,"[0.0, 0.0, 0.0, 0.0, 0.0, 0.0, 0.0, 0.0, 0.0, 0.0, 0.0, 0.0, 0.0, 0.0, 0.0]",0,0.0,0.0,0.0,"[0.0, 0.0, 0.0, 0.0, 0.0, 0.0, 0.0, 0.0, 0.0, 0.0, 0.0, 0.0, 0.0, 0.0, 0.0]",1406
BIOMD0000000787,2,4,0,1000,0.0,0.0,0.0,"[0.0, 0.0]",0,0.0,0.0,0.0,"[0.0, 0.0]",1,0.0,0.0,0.0,"[0.0, 0.0]",1
BIOMD0000000788,8,22,0,1000,0.0,0.0,0.0,"[0.0, 0.0, 0.0, 0.0, 0.0, 0.0, 0.0, 0.0]",0,0.0,0.0,0.6567196457261755,"[np.float64(0.6567196457261755), 0.0, np.float64(0.6387060556226515), 0.0, np.float64(0.6500392583906622), 0.0, 0.0, 0.0]",43,0.0,0.0,0.0,"[0.0, 0.0, 0.0, 0.0, 0.0, 0.0, 0.0, 0.0]",308
BIOMD0000000790,4,14,0,1000,0.0,0.0,0.0,"[0.0, 0.0, 0.0, 0.0]",4,0.0,0.0,0.12174488911778958,"[0.0, 0.0, 0.0, np.float64(0.12174488911778958)]",6,0.0,0.0,0.0,"[0.0, 0.0, 0.0, 0.0]",9
BIOMD0000000791,5,11,0,1000,0.0,0.0,0.0,"[0.0, 0.0, 0.0, 0.0, 0.0]",3,0.0,0.0,0.0,"[0.0, 0.0, 0.0, 0.0, 0.0]",8,0.0,0.0,0.03164497230587826,"[0.0, 0.0, 0.0, 0.0, np.float64(0.03164497230587826)]",28
BIOMD0000000792,6,14,0,1000,0.0,0.0,1.1102230246251565e-16,"[0.0, 0.0, 0.0, 0.0, 0.0, np.float64(1.1102230246251565e-16)]",6,0.0,0.0,0.0,"[0.0, 0.0, 0.0, 0.0, 0.0, 0.0]",12,0.0,0.0,0.0,"[0.0, 0.0, 0.0, 0.0, 0.0, 0.0]",27
BIOMD0000000793,2,5,0,1000,0.0,0.0,0.0,"[0.0, 0.0]",0,0.0,0.0,0.0,"[0.0, 0.0]",0,0.0,0.0,0.0,"[0.0, 0.0]",0
BIOMD0000000794,16,32,0,1000,0.0,0.0,0.0,"[0.0, 0.0, 0.0, 0.0, 0.0, 0.0, 0.0, 0.0, 0.0, 0.0, 0.0, 0.0, 0.0, 0.0, 0.0, 0.0]",0,0.0,0.0,0.0,"[0.0, 0.0, 0.0, 0.0, 0.0, 0.0, 0.0, 0.0, 0.0, 0.0, 0.0, 0.0, 0.0, 0.0, 0.0, 0.0]",63,0.0,0.0,0.0,"[0.0, 0.0, 0.0, 0.0, 0.0, 0.0, 0.0, 0.0, 0.0, 0.0, 0.0, 0.0, 0.0, 0.0, 0.0, 0.0]",1432
BIOMD0000000795,2,6,0,1000,0.0,0.0,0.0,"[0.0, 0.0]",0,0.0,0.0,0.0,"[0.0, 0.0]",0,0.0,0.0,0.0,"[0.0, 0.0]",2
BIOMD0000000796,5,13,0,1000,0.0,0.0,0.0,"[0.0, 0.0, 0.0, 0.0, 0.0]",0,0.0,0.0,0.0,"[0.0, 0.0, 0.0, 0.0, 0.0]",1,0.0,0.0,0.0,"[0.0, 0.0, 0.0, 0.0, 0.0]",40
BIOMD0000000798,5,9,0,1000,0.0,0.0,0.0,"[0.0, 0.0, 0.0, 0.0, 0.0]",0,0.0,0.0,0.0,"[0.0, 0.0, 0.0, 0.0, 0.0]",3,0.0,0.0,0.9999954572226207,"[0.0, 0.0, 0.0, np.float64(0.9999954572226207), 0.0]",60
BIOMD0000000799,2,4,0,1000,0.0,0.0,0.0,"[0.0, 0.0]",0,0.0,0.0,0.0,"[0.0, 0.0]",0,0.0,0.0,0.0,"[0.0, 0.0]",0
BIOMD0000000800,3,6,0,1000,0.0,0.0,1.1102230246251565e-16,"[np.float64(1.1102230246251565e-16), 0.0, 0.0]",3,0.0,0.0,0.0,"[0.0, 0.0, 0.0]",3,0.0,0.0,0.0,"[0.0, 0.0, 0.0]",3
BIOMD0000000801,4,13,0,1000,0.0,0.0,0.0,"[0.0, 0.0, 0.0, 0.0]",0,0.0,0.0,0.0,"[0.0, 0.0, 0.0, 0.0]",0,0.0,0.0,0.0,"[0.0, 0.0, 0.0, 0.0]",33
BIOMD0000000802,4,8,0,1000,0.0,0.0,0.0,"[0.0, 0.0, 0.0, 0.0]",0,0.0,0.0,0.5671818472246322,"[0.0, 0.0, 0.0, np.float64(0.5671818472246322)]",9,0.0,0.28891180145361134,0.7510774641760976,"[0.0, 0.0, np.float64(0.7510774641760976), np.float64(0.5778236029072227)]",23
BIOMD0000000803,9,8,0,1000,0.0,0.0,0.0,"[0.0, 0.0, 0.0, 0.0, 0.0, 0.0, 0.0, 0.0, 0.0]",9,0.0,0.9865041464366779,0.9993483995500418,"[np.float64(0.9865349420540469), np.float64(0.9865041464366779), np.float64(0.9865195455779605), np.float64(0.9833044298109), np.float64(0.9864644854391162), np.float64(0.9993483995499358), 0.0, np.float64(0.9993483995500418), 0.0]",86,0.0,0.0,0.0,"[0.0, 0.0, 0.0, 0.0, 0.0, 0.0, 0.0, 0.0, 0.0]",257
BIOMD0000000806,6,25,0,1000,0.0,0.0,0.0,"[0.0, 0.0, 0.0, 0.0, 0.0, 0.0]",4,0.0,0.0,0.6199795346474775,"[np.float64(0.6199795346474775), 0.0, np.float64(0.6050895356169984), 0.0, 0.0, 0.0]",20,0.0,0.0,0.0,"[0.0, 0.0, 0.0, 0.0, 0.0, 0.0]",48
BIOMD0000000808,6,15,0,1000,0.0,0.0,2.220446049250313e-16,"[0.0, np.float64(2.220446049250313e-16), 0.0, 0.0, 0.0, 0.0]",4,0.0,0.0,0.5101841938054476,"[0.0, 0.0, np.float64(0.5101841938054476), np.float64(0.12613164146708844), 0.0, 0.0]",16,0.0,0.0,0.0,"[0.0, 0.0, 0.0, 0.0, 0.0, 0.0]",37
BIOMD0000000811,6,29,0,1000,0.0,0.0,1.1102230246251565e-16,"[0.0, 0.0, 0.0, 0.0, np.float64(1.1102230246251565e-16), 0.0]",6,0.0,0.0,0.0,"[0.0, 0.0, 0.0, 0.0, 0.0, 0.0]",11,0.0,0.0,0.0,"[0.0, 0.0, 0.0, 0.0, 0.0, 0.0]",25
BIOMD0000000812,4,9,0,1000,0.0,0.0,0.0,"[0.0, 0.0, 0.0, 0.0]",0,0.0,0.4974526948780808,0.9949170028176902,"[0.0, np.float64(0.9949170028176902), np.float64(0.9949053897561616), 0.0]",11,0.0,0.49999975416035025,0.9999995127033172,"[0.0, np.float64(0.9999995083207005), np.float64(0.9999995127033172), 0.0]",57
BIOMD0000000813,3,8,0,1000,0.0,0.0,0.0,"[0.0, 0.0, 0.0]",1,0.0,0.0,0.0,"[0.0, 0.0, 0.0]",1,0.0,0.0,0.0,"[0.0, 0.0, 0.0]",7
BIOMD0000000814,3,5,0,1000,0.0,0.0,0.0,"[0.0, 0.0, 0.0]",0,0.0,0.0,0.0,"[0.0, 0.0, 0.0]",0,0.0,0.0,0.0,"[0.0, 0.0, 0.0]",0
BIOMD0000000815,2,6,0,1000,0.0,0.0,0.0,"[0.0, 0.0]",0,0.0,0.0,0.0,"[0.0, 0.0]",0,0.0,0.0,0.0,"[0.0, 0.0]",0
BIOMD0000000816,6,16,0,1000,0.0,0.0,0.0,"[0.0, 0.0, 0.0, 0.0, 0.0, 0.0]",1,0.0,0.0,0.0,"[0.0, 0.0, 0.0, 0.0, 0.0, 0.0]",0,0.0,0.0,0.0,"[0.0, 0.0, 0.0, 0.0, 0.0, 0.0]",21
BIOMD0000000817,6,13,0,1000,0.0,0.0,1.1102230246251565e-16,"[np.float64(1.1102230246251565e-16), 0.0, 0.0, 0.0, 0.0, 0.0]",1,0.0,0.0,0.0,"[0.0, 0.0, 0.0, 0.0, 0.0, 0.0]",0,0.0,0.0,0.0,"[0.0, 0.0, 0.0, 0.0, 0.0, 0.0]",21
BIOMD0000000818,10,10,0,1000,0.0,0.0,0.0,"[0.0, 0.0, 0.0, 0.0, 0.0, 0.0, 0.0, 0.0, 0.0, 0.0]",0,0.0,0.0,0.0,"[0.0, 0.0, 0.0, 0.0, 0.0, 0.0, 0.0, 0.0, 0.0, 0.0]",55,0.0,0.0,0.08949731882399314,"[0.0, 0.0, 0.0, 0.0, 0.0, 0.0, 0.0, 0.0, 0.0, np.float64(0.08949731882399314)]",560
BIOMD0000000819,10,30,0,1000,0.0,0.0,1.1102230246251565e-16,"[0.0, 0.0, np.float64(1.1102230246251565e-16), 0.0, 0.0, 0.0, 0.0, 0.0, 0.0, 0.0]",3,0.0,0.0,0.0,"[0.0, 0.0, 0.0, 0.0, 0.0, 0.0, 0.0, 0.0, 0.0, 0.0]",49,0.0,0.0,0.0,"[0.0, 0.0, 0.0, 0.0, 0.0, 0.0, 0.0, 0.0, 0.0, 0.0]",392
BIOMD0000000820,7,7,0,1000,0.0,0.0,2.220446049250313e-16,"[0.0, np.float64(1.1102230246251565e-16), np.float64(2.220446049250313e-16), 0.0, 0.0, 0.0, 0.0]",7,0.0,0.0,0.9999999891605768,"[0.0, 0.0, 0.0, 0.0, np.float64(0.16307314463970835), np.float64(0.9999999891605768), 0.0]",18,0.0,0.0,0.0,"[0.0, 0.0, 0.0, 0.0, 0.0, 0.0, 0.0]",90
BIOMD0000000821,3,7,0,1000,0.0,0.0,0.0,"[0.0, 0.0, 0.0]",2,0.0,0.0,0.0,"[0.0, 0.0, 0.0]",4,0.0,0.0,0.0,"[0.0, 0.0, 0.0]",3
BIOMD0000000822,8,13,0,1000,0.0,0.0,0.0,"[0.0, 0.0, 0.0, 0.0, 0.0, 0.0, 0.0, 0.0]",0,0.0,0.0,0.0,"[0.0, 0.0, 0.0, 0.0, 0.0, 0.0, 0.0, 0.0]",0,0.0,0.0,0.0,"[0.0, 0.0, 0.0, 0.0, 0.0, 0.0, 0.0, 0.0]",1
BIOMD0000000823,16,18,0,1000,0.0,0.0,0.0,"[0.0, 0.0, 0.0, 0.0, 0.0, 0.0, 0.0, 0.0, 0.0, 0.0, 0.0, 0.0, 0.0, 0.0, 0.0, 0.0]",0,0.0,0.0,0.0,"[0.0, 0.0, 0.0, 0.0, 0.0, 0.0, 0.0, 0.0, 0.0, 0.0, 0.0, 0.0, 0.0, 0.0, 0.0, 0.0]",11,0.0,0.0,0.0,"[0.0, 0.0, 0.0, 0.0, 0.0, 0.0, 0.0, 0.0, 0.0, 0.0, 0.0, 0.0, 0.0, 0.0, 0.0, 0.0]",174
BIOMD0000000824,1,3,0,1000,0.0,0.0,0.0,[0.0],1,0.0,0.0,0.0,[0.0],1,0.0,0.0,0.0,[0.0],1
BIOMD0000000826,13,25,0,1000,0.0,0.0,0.0,"[0.0, 0.0, 0.0, 0.0, 0.0, 0.0, 0.0, 0.0, 0.0, 0.0, 0.0, 0.0, 0.0]",0,0.0,0.0,0.0,"[0.0, 0.0, 0.0, 0.0, 0.0, 0.0, 0.0, 0.0, 0.0, 0.0, 0.0, 0.0, 0.0]",49,0.0,0.0,0.0,"[0.0, 0.0, 0.0, 0.0, 0.0, 0.0, 0.0, 0.0, 0.0, 0.0, 0.0, 0.0, 0.0]",648
BIOMD0000000827,10,9,0,1000,0.0,0.0,0.0,"[0.0, 0.0, 0.0, 0.0, 0.0, 0.0, 0.0, 0.0, 0.0, 0.0]",0,0.0,0.0,0.0,"[0.0, 0.0, 0.0, 0.0, 0.0, 0.0, 0.0, 0.0, 0.0, 0.0]",0,0.0,0.0,0.0,"[0.0, 0.0, 0.0, 0.0, 0.0, 0.0, 0.0, 0.0, 0.0, 0.0]",0
BIOMD0000000828,5,12,0,1000,0.0,0.0,0.0,"[0.0, 0.0, 0.0, 0.0, 0.0]",0,0.0,0.1178819344564046,0.9821236100003546,"[0.0, np.float64(0.6539768794602594), 0.0, np.float64(0.9821236100003546), np.float64(0.1178819344564046)]",17,0.0,0.0,0.0,"[0.0, 0.0, 0.0, 0.0, 0.0]",83
BIOMD0000000829,11,28,0,1000,0.0,0.0,0.0,"[0.0, 0.0, 0.0, 0.0, 0.0, 0.0, 0.0, 0.0, 0.0, 0.0, 0.0]",0,0.0,0.0,0.18428396803528369,"[0.0, 0.0, 0.0, 0.0, 0.0, 0.0, 0.0, 0.0, 0.0, np.float64(0.18428396803528369), 0.0]",37,0.0,0.0,0.0,"[0.0, 0.0, 0.0, 0.0, 0.0, 0.0, 0.0, 0.0, 0.0, 0.0, 0.0]",411
BIOMD0000000830,6,7,0,1000,0.0,0.0,0.0,"[0.0, 0.0, 0.0, 0.0, 0.0, 0.0]",0,0.0,0.0,0.0,"[0.0, 0.0, 0.0, 0.0, 0.0, 0.0]",0,0.0,0.0,0.0,"[0.0, 0.0, 0.0, 0.0, 0.0, 0.0]",127
BIOMD0000000832,20,26,0,1000,0.0,0.0,1.1102230246251565e-16,"[0.0, 0.0, 0.0, 0.0, 0.0, 0.0, 0.0, np.float64(1.1102230246251565e-16), 0.0, 0.0, 0.0, 0.0, 0.0, 0.0, 0.0, 0.0, 0.0, 0.0, 0.0, 0.0]",9,0.0,0.0,0.0,"[0.0, 0.0, 0.0, 0.0, 0.0, 0.0, 0.0, 0.0, 0.0, 0.0, 0.0, 0.0, 0.0, 0.0, 0.0, 0.0, 0.0, 0.0, 0.0, 0.0]",138,0.0,0.0,0.0,"[0.0, 0.0, 0.0, 0.0, 0.0, 0.0, 0.0, 0.0, 0.0, 0.0, 0.0, 0.0, 0.0, 0.0, 0.0, 0.0, 0.0, 0.0, 0.0, 0.0]",2126
BIOMD0000000833,61,83,0,1000,0.0,0.0,2.220446049250313e-16,"[0.0, 0.0, 0.0, 0.0, 0.0, np.float64(2.220446049250313e-16), 0.0, 0.0, 0.0, 0.0, 0.0, 0.0, 0.0, np.float64(1.1102230246251565e-16), 0.0, 0.0, 0.0, 0.0, 0.0, 0.0, 0.0, 0.0, 0.0, 0.0, 0.0, 0.0, 0.0, 0.0, 0.0, 0.0, 0.0, 0.0, 0.0, 0.0, 0.0, 0.0, 0.0, 0.0, 0.0, 0.0, 0.0, 0.0, 0.0, 0.0, 0.0, np.float64(1.1102230246251565e-16), 0.0, np.float64(1.1102230246251565e-16), np.float64(1.1102230246251565e-16), 0.0, 0.0, 0.0, 0.0, 0.0, 0.0, 0.0, 0.0, 0.0, 0.0, 0.0, 0.0]",51,0.0,0.0,0.9998445151823224,"[np.float64(0.9988126290568806), np.float64(0.9971995540909802), 0.0, np.float64(0.993055400893025), np.float64(0.9944238289413467), 0.0, 0.0, 0.0, 0.0, 0.0, np.float64(0.9998445151823224), np.float64(0.999842990608402), 0.0, np.float64(0.9212375040553921), np.float64(0.9881028007389836), 0.0, 0.0, 0.0, np.float64(0.993855716805955), 0.0, 0.0, np.float64(0.9867217905351142), 0.0, 0.0, 0.0, 0.0, 0.0, 0.0, 0.0, 0.0, 0.0, np.float64(0.9913208378948679), 0.0, 0.0, 0.0, 0.0, np.float64(0.9212375033221194), np.float64(0.9874784884572677), np.float64(0.9938557169537743), 0.0, 0.0, 0.0, 0.0, 0.0, 0.0, 0.0, 0.0, 0.0, np.float64(0.9931691605089121), np.float64(0.9944238437459344), 0.0, 0.0, np.float64(0.9867217905850958), 0.0, 0.0, np.float64(0.9917562876143581), 0.0, 0.0, 0.0, 0.0, 0.0]",2554,0.0,0.0,0.0,"[0.0, 0.0, 0.0, 0.0, 0.0, 0.0, 0.0, 0.0, 0.0, 0.0, 0.0, 0.0, 0.0, 0.0, 0.0, 0.0, 0.0, 0.0, 0.0, 0.0, 0.0, 0.0, 0.0, 0.0, 0.0, 0.0, 0.0, 0.0, 0.0, 0.0, 0.0, 0.0, 0.0, 0.0, 0.0, 0.0, 0.0, 0.0, 0.0, 0.0, 0.0, 0.0, 0.0, 0.0, 0.0, 0.0, 0.0, 0.0, 0.0, 0.0, 0.0, 0.0, 0.0, 0.0, 0.0, 0.0, 0.0, 0.0, 0.0, 0.0, 0.0]",24560
BIOMD0000000834,75,134,0,1000,0.0,0.0,0.0,"[0.0, 0.0, 0.0, 0.0, 0.0, 0.0, 0.0, 0.0, 0.0, 0.0, 0.0, 0.0, 0.0, 0.0, 0.0, 0.0, 0.0, 0.0, 0.0, 0.0, 0.0, 0.0, 0.0, 0.0, 0.0, 0.0, 0.0, 0.0, 0.0, 0.0, 0.0, 0.0, 0.0, 0.0, 0.0, 0.0, 0.0, 0.0, 0.0, 0.0, 0.0, 0.0, 0.0, 0.0, 0.0, 0.0, 0.0, 0.0, 0.0, 0.0, 0.0, 0.0, 0.0, 0.0, 0.0, 0.0, 0.0, 0.0, 0.0, 0.0, 0.0, 0.0, 0.0, 0.0, 0.0, 0.0, 0.0, 0.0, 0.0, 0.0, 0.0, 0.0, 0.0, 0.0, 0.0]",0,0.0,0.0,0.0,"[0.0, 0.0, 0.0, 0.0, 0.0, 0.0, 0.0, 0.0, 0.0, 0.0, 0.0, 0.0, 0.0, 0.0, 0.0, 0.0, 0.0, 0.0, 0.0, 0.0, 0.0, 0.0, 0.0, 0.0, 0.0, 0.0, 0.0, 0.0, 0.0, 0.0, 0.0, 0.0, 0.0, 0.0, 0.0, 0.0, 0.0, 0.0, 0.0, 0.0, 0.0, 0.0, 0.0, 0.0, 0.0, 0.0, 0.0, 0.0, 0.0, 0.0, 0.0, 0.0, 0.0, 0.0, 0.0, 0.0, 0.0, 0.0, 0.0, 0.0, 0.0, 0.0, 0.0, 0.0, 0.0, 0.0, 0.0, 0.0, 0.0, 0.0, 0.0, 0.0, 0.0, 0.0, 0.0]",4327,0.0,0.0,0.0,"[0.0, 0.0, 0.0, 0.0, 0.0, 0.0, 0.0, 0.0, 0.0, 0.0, 0.0, 0.0, 0.0, 0.0, 0.0, 0.0, 0.0, 0.0, 0.0, 0.0, 0.0, 0.0, 0.0, 0.0, 0.0, 0.0, 0.0, 0.0, 0.0, 0.0, 0.0, 0.0, 0.0, 0.0, 0.0, 0.0, 0.0, 0.0, 0.0, 0.0, 0.0, 0.0, 0.0, 0.0, 0.0, 0.0, 0.0, 0.0, 0.0, 0.0, 0.0, 0.0, 0.0, 0.0, 0.0, 0.0, 0.0, 0.0, 0.0, 0.0, 0.0, 0.0, 0.0, 0.0, 0.0, 0.0, 0.0, 0.0, 0.0, 0.0, 0.0, 0.0, 0.0, 0.0, 0.0]",11656
BIOMD0000000835,31,37,0,1000,0.0,0.0,0.0,"[0.0, 0.0, 0.0, 0.0, 0.0, 0.0, 0.0, 0.0, 0.0, 0.0, 0.0, 0.0, 0.0, 0.0, 0.0, 0.0, 0.0, 0.0, 0.0, 0.0, 0.0, 0.0, 0.0, 0.0, 0.0, 0.0, 0.0, 0.0, 0.0, 0.0, 0.0]",0,0.0,0.8667896440618045,0.9956874293344867,"[0.0, 0.0, 0.0, 0.0, 0.0, 0.0, 0.0, np.float64(0.8431760002982788), np.float64(0.885552153227509), np.float64(0.8942562382545746), np.float64(0.8667896440618045), np.float64(0.8760198877483464), np.float64(0.8876863523092041), np.float64(0.8327581658715482), np.float64(0.8970872903271829), np.float64(0.8497305347043451), np.float64(0.9402286800913273), np.float64(0.9499887498091062), np.float64(0.8175894490472462), np.float64(0.8673167088438555), np.float64(0.9601341992500708), np.float64(0.7913966204950875), np.float64(0.9062999056144737), np.float64(0.9195719210037288), np.float64(0.8092747401738333), np.float64(0.8095310846708061), np.float64(0.8672599409031548), np.float64(0.993847937598588), np.float64(0.9956841578478313), np.float64(0.9956874293344867), np.float64(0.027348052681104296)]",910,0.0,0.0,0.0,"[0.0, 0.0, 0.0, 0.0, 0.0, 0.0, 0.0, 0.0, 0.0, 0.0, 0.0, 0.0, 0.0, 0.0, 0.0, 0.0, 0.0, 0.0, 0.0, 0.0, 0.0, 0.0, 0.0, 0.0, 0.0, 0.0, 0.0, 0.0, 0.0, 0.0, 0.0]",15446
BIOMD0000000836,2,0,0,1000,0.0,0.0,0.0,"[0.0, 0.0]",1,0.5250278829970552,0.7502343760433565,0.975440869089658,"[np.float64(0.975440869089658), np.float64(0.5250278829970552)]",4,0.0,0.4753805518291087,0.9507611036582174,"[0.0, np.float64(0.9507611036582174)]",3
BIOMD0000000837,8,17,0,1000,0.0,0.0,0.0,"[0.0, 0.0, 0.0, 0.0, 0.0, 0.0, 0.0, 0.0]",0,0.0,0.0,0.0,"[0.0, 0.0, 0.0, 0.0, 0.0, 0.0, 0.0, 0.0]",22,0.0,0.0,0.0,"[0.0, 0.0, 0.0, 0.0, 0.0, 0.0, 0.0, 0.0]",117
BIOMD0000000839,8,20,0,1000,0.0,0.0,0.0,"[0.0, 0.0, 0.0, 0.0, 0.0, 0.0, 0.0, 0.0]",0,0.0,0.0,0.0,"[0.0, 0.0, 0.0, 0.0, 0.0, 0.0, 0.0, 0.0]",26,0.0,0.0,0.0,"[0.0, 0.0, 0.0, 0.0, 0.0, 0.0, 0.0, 0.0]",82
BIOMD0000000840,5,11,0,1000,0.0,0.0,3.3306690738754696e-16,"[0.0, 0.0, 0.0, 0.0, np.float64(3.3306690738754696e-16)]",5,0.0,0.0,0.738679932923175,"[np.float64(0.738679932923175), 0.0, 0.0, 0.0, 0.0]",8,0.0,0.0,0.0,"[0.0, 0.0, 0.0, 0.0, 0.0]",28
BIOMD0000000842,20,26,0,1000,0.0,0.0,0.0,"[0.0, 0.0, 0.0, 0.0, 0.0, 0.0, 0.0, 0.0, 0.0, 0.0, 0.0, 0.0, 0.0, 0.0, 0.0, 0.0, 0.0, 0.0, 0.0, 0.0]",0,0.0,0.0,0.9264621124782532,"[0.0, np.float64(0.9264621124782336), 0.0, np.float64(0.7429754904486121), np.float64(0.7429754904486059), 0.0, 0.0, 0.0, 0.0, 0.0, 0.0, np.float64(0.9264621124782532), 0.0, 0.0, 0.0, 0.0, 0.0, np.float64(0.46450545211701366), 0.0, 0.0]",153,0.0,0.0,0.0,"[0.0, 0.0, 0.0, 0.0, 0.0, 0.0, 0.0, 0.0, 0.0, 0.0, 0.0, 0.0, 0.0, 0.0, 0.0, 0.0, 0.0, 0.0, 0.0, 0.0]",2181
BIOMD0000000843,10,15,0,1000,0.0,0.0,0.0,"[0.0, 0.0, 0.0, 0.0, 0.0, 0.0, 0.0, 0.0, 0.0, 0.0]",0,0.0,0.0,0.0,"[0.0, 0.0, 0.0, 0.0, 0.0, 0.0, 0.0, 0.0, 0.0, 0.0]",32,0.0,0.0,0.0,"[0.0, 0.0, 0.0, 0.0, 0.0, 0.0, 0.0, 0.0, 0.0, 0.0]",433
BIOMD0000000844,9,10,0,1000,0.0,0.0,0.0,"[0.0, 0.0, 0.0, 0.0, 0.0, 0.0, 0.0, 0.0, 0.0]",0,0.0,0.0,0.0,"[0.0, 0.0, 0.0, 0.0, 0.0, 0.0, 0.0, 0.0, 0.0]",9,0.0,0.0,0.0,"[0.0, 0.0, 0.0, 0.0, 0.0, 0.0, 0.0, 0.0, 0.0]",188
BIOMD0000000845,3,7,0,1000,0.0,0.0,0.0,"[0.0, 0.0, 0.0]",3,0.0,0.32530856105770345,0.4891085235726552,"[np.float64(0.4891085235726552), 0.0, np.float64(0.32530856105770345)]",5,0.0,0.5819323430302816,0.6353114195402472,"[np.float64(0.5819323430302816), 0.0, np.float64(0.6353114195402472)]",5
BIOMD0000000847,4,6,0,1000,0.0,0.0,0.0,"[0.0, 0.0, 0.0, 0.0]",0,0.0,0.0,0.0,"[0.0, 0.0, 0.0, 0.0]",7,0.0,0.0,0.0,"[0.0, 0.0, 0.0, 0.0]",42
BIOMD0000000848,9,21,0,1000,0.0,0.0,0.0,"[0.0, 0.0, 0.0, 0.0, 0.0, 0.0, 0.0, 0.0, 0.0]",0,0.0,0.0,0.0,"[0.0, 0.0, 0.0, 0.0, 0.0, 0.0, 0.0, 0.0, 0.0]",46,0.0,0.0,0.9930109425199333,"[0.0, 0.0, np.float64(0.9416079275878787), np.float64(0.9928625469865506), 0.0, np.float64(0.9930109425199333), 0.0, np.float64(0.6364400107981394), 0.0]",494
BIOMD0000000849,13,23,0,1000,0.0,0.0,0.0,"[0.0, 0.0, 0.0, 0.0, 0.0, 0.0, 0.0, 0.0, 0.0, 0.0, 0.0, 0.0, 0.0]",2,0.0,0.0,0.9999961409760687,"[0.0, 0.0, 0.0, 0.0, 0.0, 0.0, 0.0, 0.0, 0.0, 0.0, 0.0, np.float64(0.6324799926743307), np.float64(0.9999961409760687)]",139,0.0,0.0,0.0,"[0.0, 0.0, 0.0, 0.0, 0.0, 0.0, 0.0, 0.0, 0.0, 0.0, 0.0, 0.0, 0.0]",579
BIOMD0000000850,3,4,0,1000,0.0,0.0,0.0,"[0.0, 0.0, 0.0]",0,0.0,0.0,0.0,"[0.0, 0.0, 0.0]",2,0.0,0.0,0.0,"[0.0, 0.0, 0.0]",12
BIOMD0000000851,5,4,0,1000,0.0,0.0,0.0,"[0.0, 0.0, 0.0, 0.0, 0.0]",0,0.0,0.0,0.9999999958931839,"[0.0, 0.0, 0.0, 0.0, np.float64(0.9999999958931839)]",8,0.0,0.0,0.0,"[0.0, 0.0, 0.0, 0.0, 0.0]",75
BIOMD0000000852,6,15,0,1000,0.0,0.0,0.0,"[0.0, 0.0, 0.0, 0.0, 0.0, 0.0]",2,0.0,0.0,0.8757080376795967,"[0.0, np.float64(0.8757080376795967), 0.0, 0.0, 0.0, 0.0]",25,0.0,0.0,0.0,"[0.0, 0.0, 0.0, 0.0, 0.0, 0.0]",50
BIOMD0000000853,9,21,0,1000,0.0,0.0,0.0,"[0.0, 0.0, 0.0, 0.0, 0.0, 0.0, 0.0, 0.0, 0.0]",0,0.0,0.0,0.0,"[0.0, 0.0, 0.0, 0.0, 0.0, 0.0, 0.0, 0.0, 0.0]",25,0.0,0.7478024126560783,0.9504196695955677,"[np.float64(0.7792641494203472), np.float64(0.7421701329277938), np.float64(0.7478024126560783), np.float64(0.7618010321503235), np.float64(0.9354319835603242), 0.0, 0.0, 0.0, np.float64(0.9504196695955677)]",453
BIOMD0000000854,4,7,0,1000,0.0,0.0,0.0,"[0.0, 0.0, 0.0, 0.0]",0,0.9999991162331131,0.9999994421932075,0.99999970164591,"[np.float64(0.9999996291225967), np.float64(0.9999992552638183), np.float64(0.99999970164591), np.float64(0.9999991162331131)]",20,0.0,0.0,0.0,"[0.0, 0.0, 0.0, 0.0]",56
BIOMD0000000855,4,12,0,1000,0.0,0.0,0.0,"[0.0, 0.0, 0.0, 0.0]",0,0.0,0.0,0.98036449307454,"[np.float64(0.98036449307454), 0.0, 0.0, 0.0]",3,0.0,0.4486097748739373,0.9941376565668582,"[np.float64(0.9941376565668582), np.float64(0.8972195497478745), 0.0, 0.0]",43
BIOMD0000000860,3,5,0,1000,0.0,0.0,0.0,"[0.0, 0.0, 0.0]",0,0.0,0.0,0.0,"[0.0, 0.0, 0.0]",0,0.0,0.0,0.0,"[0.0, 0.0, 0.0]",2
BIOMD0000000861,26,36,0,1000,0.0,0.0,0.0,"[0.0, 0.0, 0.0, 0.0, 0.0, 0.0, 0.0, 0.0, 0.0, 0.0, 0.0, 0.0, 0.0, 0.0, 0.0, 0.0, 0.0, 0.0, 0.0, 0.0, 0.0, 0.0, 0.0, 0.0, 0.0, 0.0]",5,0.0,0.0,0.9990235560901023,"[0.0, 0.0, 0.0, 0.0, 0.0, 0.0, 0.0, 0.0, 0.0, 0.0, 0.0, 0.0, 0.0, 0.0, np.float64(0.3806214046595059), 0.0, 0.0, np.float64(0.8871848974289728), 0.0, np.float64(0.9988811338717523), np.float64(0.9988932138864391), np.float64(0.9154454982267312), np.float64(0.9990235560901023), 0.0, 0.0, 0.0]",203,0.0,0.0,0.0,"[0.0, 0.0, 0.0, 0.0, 0.0, 0.0, 0.0, 0.0, 0.0, 0.0, 0.0, 0.0, 0.0, 0.0, 0.0, 0.0, 0.0, 0.0, 0.0, 0.0, 0.0, 0.0, 0.0, 0.0, 0.0, 0.0]",2729
BIOMD0000000862,8,11,0,1000,0.0,0.0,0.0,"[0.0, 0.0, 0.0, 0.0, 0.0, 0.0, 0.0, 0.0]",0,0.0,0.0,0.0,"[0.0, 0.0, 0.0, 0.0, 0.0, 0.0, 0.0, 0.0]",3,0.0,0.0,0.0,"[0.0, 0.0, 0.0, 0.0, 0.0, 0.0, 0.0, 0.0]",51
BIOMD0000000863,6,13,0,1000,0.0,0.0,0.0,"[0.0, 0.0, 0.0, 0.0, 0.0, 0.0]",3,0.0,0.0,0.6910921936507692,"[0.0, 0.0, np.float64(0.6910921936507692), 0.0, 0.0, 0.0]",13,0.0,0.0,0.0,"[0.0, 0.0, 0.0, 0.0, 0.0, 0.0]",24
BIOMD0000000864,6,9,0,1000,0.0,0.0,0.0,"[0.0, 0.0, 0.0, 0.0, 0.0, 0.0]",0,0.0,0.0,0.0,"[0.0, 0.0, 0.0, 0.0, 0.0, 0.0]",5,0.0,0.0,0.0,"[0.0, 0.0, 0.0, 0.0, 0.0, 0.0]",53
BIOMD0000000865,4,8,0,1000,0.0,0.0,0.0,"[0.0, 0.0, 0.0, 0.0]",2,0.0,0.4957383987635215,0.9935963078419057,"[0.0, 0.0, np.float64(0.991476797527043), np.float64(0.9935963078419057)]",13,0.0,0.49999999903004066,0.9999999984914092,"[0.0, 0.0, np.float64(0.9999999984914092), np.float64(0.9999999980600813)]",51
BIOMD0000000866,3,4,0,1000,0.0,0.0,0.0,"[0.0, 0.0, 0.0]",0,0.0,0.0,0.0,"[0.0, 0.0, 0.0]",1,0.0,0.0,0.0,"[0.0, 0.0, 0.0]",3
BIOMD0000000867,10,31,0,1000,0.0,0.0,0.0,"[0.0, 0.0, 0.0, 0.0, 0.0, 0.0, 0.0, 0.0, 0.0, 0.0]",0,0.0,0.0,0.0,"[0.0, 0.0, 0.0, 0.0, 0.0, 0.0, 0.0, 0.0, 0.0, 0.0]",47,0.0,0.0,0.0,"[0.0, 0.0, 0.0, 0.0, 0.0, 0.0, 0.0, 0.0, 0.0, 0.0]",100
BIOMD0000000868,4,5,0,1000,0.0,0.0,0.0,"[0.0, 0.0, 0.0, 0.0]",0,0.0,0.0,0.0,"[0.0, 0.0, 0.0, 0.0]",0,0.0,0.0,0.0,"[0.0, 0.0, 0.0, 0.0]",0
BIOMD0000000869,4,7,0,1000,0.0,0.0,0.0,"[0.0, 0.0, 0.0, 0.0]",0,0.0,0.0,0.0,"[0.0, 0.0, 0.0, 0.0]",1,0.0,0.0,0.0,"[0.0, 0.0, 0.0, 0.0]",9
BIOMD0000000870,6,9,0,1000,0.0,0.0,0.0,"[0.0, 0.0, 0.0, 0.0, 0.0, 0.0]",0,0.0,0.0,0.0,"[0.0, 0.0, 0.0, 0.0, 0.0, 0.0]",0,0.0,0.0,0.0,"[0.0, 0.0, 0.0, 0.0, 0.0, 0.0]",27
BIOMD0000000871,8,13,0,1000,0.0,0.0,0.0,"[0.0, 0.0, 0.0, 0.0, 0.0, 0.0, 0.0, 0.0]",1,0.0,0.0,0.0,"[0.0, 0.0, 0.0, 0.0, 0.0, 0.0, 0.0, 0.0]",4,0.0,0.0,0.0,"[0.0, 0.0, 0.0, 0.0, 0.0, 0.0, 0.0, 0.0]",82
BIOMD0000000873,29,38,0,1000,0.0,0.0,4.440892098500626e-16,"[0.0, 0.0, 0.0, 0.0, 0.0, 0.0, 0.0, 0.0, np.float64(1.1102230246251565e-16), 0.0, np.float64(1.1102230246251565e-16), 0.0, 0.0, np.float64(1.1102230246251565e-16), np.float64(1.1102230246251565e-16), np.float64(2.220446049250313e-16), 0.0, 0.0, 0.0, 0.0, 0.0, 0.0, 0.0, np.float64(4.440892098500626e-16), 0.0, 0.0, 0.0, 0.0, 0.0]",25,0.0,0.9999999958284154,0.9999999999951326,"[np.float64(0.9999999996256496), 0.0, np.float64(0.9999999997109608), np.float64(0.9999999958284154), np.float64(0.9999999981155211), np.float64(0.9999999999796166), 0.0, np.float64(0.9999999999013478), np.float64(0.9999999999074021), 0.0, np.float64(0.9999996878347307), 0.0, 0.0, np.float64(0.9999995061000909), np.float64(0.9999999988729761), np.float64(0.999999999962127), np.float64(0.9999999982313903), 0.0, 0.0, np.float64(0.9999999999266708), np.float64(0.9999999999866537), 0.0, np.float64(0.9999999805799654), 0.0, np.float64(0.9999999999951326), np.float64(0.9999999999118944), np.float64(0.9999999988729764), 0.0, np.float64(0.9999999379281233)]",737,0.0,0.0,0.0,"[0.0, 0.0, 0.0, 0.0, 0.0, 0.0, 0.0, 0.0, 0.0, 0.0, 0.0, 0.0, 0.0, 0.0, 0.0, 0.0, 0.0, 0.0, 0.0, 0.0, 0.0, 0.0, 0.0, 0.0, 0.0, 0.0, 0.0, 0.0, 0.0]",2392
BIOMD0000000875,4,8,0,1000,0.0,0.0,1.1102230246251565e-16,"[0.0, 0.0, 0.0, np.float64(1.1102230246251565e-16)]",4,0.0,0.499987848841112,0.9999934143298018,"[0.0, 0.0, np.float64(0.999975697682224), np.float64(0.9999934143298018)]",10,0.0,0.0,0.0,"[0.0, 0.0, 0.0, 0.0]",18
BIOMD0000000877,4,9,0,1000,0.0,0.0,0.0,"[0.0, 0.0, 0.0, 0.0]",1,0.0,0.0,0.9827480843891309,"[0.0, 0.0, 0.0, np.float64(0.9827480843891309)]",4,0.0,0.0,0.0,"[0.0, 0.0, 0.0, 0.0]",24
BIOMD0000000878,3,6,0,1000,0.0,0.0,0.0,"[0.0, 0.0, 0.0]",0,0.0,0.0,0.0,"[0.0, 0.0, 0.0]",0,0.0,0.0,0.0,"[0.0, 0.0, 0.0]",0
BIOMD0000000880,4,11,0,1000,0.0,0.0,1.1102230246251565e-16,"[np.float64(1.1102230246251565e-16), 0.0, 0.0, 0.0]",2,0.0,0.0,0.0,"[0.0, 0.0, 0.0, 0.0]",8,0.0,0.0,0.0,"[0.0, 0.0, 0.0, 0.0]",14
BIOMD0000000881,4,10,0,1000,0.0,0.0,0.0,"[0.0, 0.0, 0.0, 0.0]",2,0.0,0.0,0.0,"[0.0, 0.0, 0.0, 0.0]",7,0.0,0.0,0.0,"[0.0, 0.0, 0.0, 0.0]",28
BIOMD0000000884,3,6,0,1000,0.0,0.0,0.0,"[0.0, 0.0, 0.0]",3,0.0,0.0,0.22595439272578743,"[0.0, 0.0, np.float64(0.22595439272578743)]",10,0.9977803667634695,0.9977803752349643,0.9998629054199368,"[np.float64(0.9977803752349643), np.float64(0.9977803667634695), np.float64(0.9998629054199368)]",27
BIOMD0000000887,4,10,0,1000,0.0,0.0,0.0,"[0.0, 0.0, 0.0, 0.0]",0,0.0,0.0,0.0,"[0.0, 0.0, 0.0, 0.0]",1,0.0,0.0,0.0,"[0.0, 0.0, 0.0, 0.0]",30
BIOMD0000000888,4,8,0,1000,0.0,0.0,0.0,"[0.0, 0.0, 0.0, 0.0]",2,0.0,0.0,0.0,"[0.0, 0.0, 0.0, 0.0]",5,0.0,0.0,0.0,"[0.0, 0.0, 0.0, 0.0]",5
BIOMD0000000889,12,20,0,1000,0.0,0.0,0.0,"[0.0, 0.0, 0.0, 0.0, 0.0, 0.0, 0.0, 0.0, 0.0, 0.0, 0.0, 0.0]",3,0.0,0.0,0.9998206299811425,"[0.0, 0.0, 0.0, 0.0, 0.0, np.float64(0.9629791409038085), np.float64(0.9998206299811425), 0.0, 0.0, 0.0, np.float64(0.0031075822742560044), np.float64(0.9809886650737462)]",73,0.0,0.0,0.999310102234311,"[0.0, 0.0, 0.0, 0.0, 0.0, 0.0, 0.0, 0.0, 0.0, 0.0, 0.0, np.float64(0.999310102234311)]",324
BIOMD0000000890,3,6,0,1000,0.0,0.0,0.0,"[0.0, 0.0, 0.0]",0,0.0,0.0,0.0,"[0.0, 0.0, 0.0]",0,0.0,0.0,0.0,"[0.0, 0.0, 0.0]",11
BIOMD0000000891,3,6,0,1000,0.0,0.0,0.0,"[0.0, 0.0, 0.0]",0,0.0,0.0,0.0,"[0.0, 0.0, 0.0]",0,0.0,0.0,0.0,"[0.0, 0.0, 0.0]",10
BIOMD0000000892,4,8,0,1000,0.0,0.0,1.1102230246251565e-16,"[0.0, np.float64(1.1102230246251565e-16), 0.0, 0.0]",4,0.0,0.9815364730886484,0.9920642194947595,"[0.0, np.float64(0.989153544139093), np.float64(0.973919402038204), np.float64(0.9920642194947595)]",14,0.0,0.0,0.0,"[0.0, 0.0, 0.0, 0.0]",16
BIOMD0000000893,3,6,0,1000,0.0,0.0,0.0,"[0.0, 0.0, 0.0]",0,0.0,0.0,0.0,"[0.0, 0.0, 0.0]",1,0.0,0.07785284977807438,0.14625357521153992,"[0.0, np.float64(0.14625357521153992), np.float64(0.07785284977807438)]",19
BIOMD0000000894,3,6,0,1000,0.0,0.0,0.0,"[0.0, 0.0, 0.0]",0,0.0,0.993537513338336,0.9989039694755097,"[np.float64(0.993537513338336), 0.0, np.float64(0.9989039694755097)]",5,0.0,0.0,0.0,"[0.0, 0.0, 0.0]",10
BIOMD0000000896,9,15,0,1000,0.0,0.0,0.0,"[0.0, 0.0, 0.0, 0.0, 0.0, 0.0, 0.0, 0.0, 0.0]",0,0.0,0.0,0.0,"[0.0, 0.0, 0.0, 0.0, 0.0, 0.0, 0.0, 0.0, 0.0]",1,0.0,0.0,0.0,"[0.0, 0.0, 0.0, 0.0, 0.0, 0.0, 0.0, 0.0, 0.0]",132
BIOMD0000000897,2,4,0,1000,0.0,0.0,0.0,"[0.0, 0.0]",2,0.0,0.0,0.0,"[0.0, 0.0]",2,0.0,0.0,0.0,"[0.0, 0.0]",2
BIOMD0000000898,5,8,0,1000,0.0,0.0,0.0,"[0.0, 0.0, 0.0, 0.0, 0.0]",0,0.0,0.0,0.8907654740753941,"[0.0, 0.0, 0.0, np.float64(0.8907654740753941), 0.0]",7,0.0,0.0,0.0,"[0.0, 0.0, 0.0, 0.0, 0.0]",90
BIOMD0000000899,12,8,0,1000,0.0,0.0,0.0,"[0.0, 0.0, 0.0, 0.0, 0.0, 0.0, 0.0, 0.0, 0.0, 0.0, 0.0, 0.0]",0,0.0,0.0,0.0,"[0.0, 0.0, 0.0, 0.0, 0.0, 0.0, 0.0, 0.0, 0.0, 0.0, 0.0, 0.0]",13,0.0,0.0,0.0,"[0.0, 0.0, 0.0, 0.0, 0.0, 0.0, 0.0, 0.0, 0.0, 0.0, 0.0, 0.0]",630
BIOMD0000000900,3,6,0,1000,0.0,0.0,0.0,"[0.0, 0.0, 0.0]",0,0.0,0.0,0.0,"[0.0, 0.0, 0.0]",0,0.0,0.0,0.0,"[0.0, 0.0, 0.0]",1
BIOMD0000000902,4,7,0,1000,0.0,0.0,1.1102230246251565e-16,"[np.float64(1.1102230246251565e-16), 0.0, 0.0, 0.0]",2,0.0,0.37463780084205145,0.823603015108193,"[0.0, 0.0, np.float64(0.823603015108193), np.float64(0.7492756016841029)]",8,0.0,0.0,0.053618942539930714,"[0.0, np.float64(0.053618942539930714), 0.0, 0.0]",9
BIOMD0000000903,5,10,0,1000,0.0,0.0,2.220446049250313e-16,"[0.0, 0.0, 0.0, np.float64(2.220446049250313e-16), 0.0]",5,0.0,0.0,0.8961895364910185,"[0.0, 0.0, 0.0, np.float64(0.8961895364910185), np.float64(0.47684757028231717)]",13,0.0,0.0,0.0,"[0.0, 0.0, 0.0, 0.0, 0.0]",29
BIOMD0000000904,4,7,0,1000,0.0,0.0,0.0,"[0.0, 0.0, 0.0, 0.0]",0,0.0,0.0,0.7144210188787572,"[0.0, np.float64(0.7144210188787572), 0.0, 0.0]",3,0.0,0.6514817716335672,0.9982315125041873,"[np.float64(0.9982315125041873), np.float64(0.9961523683269259), np.float64(0.3068111749402085), 0.0]",27
BIOMD0000000905,5,10,0,1000,0.0,0.0,2.220446049250313e-16,"[0.0, 0.0, np.float64(2.220446049250313e-16), 0.0, 0.0]",2,0.0,0.0,0.0,"[0.0, 0.0, 0.0, 0.0, 0.0]",7,0.0,0.0,0.0,"[0.0, 0.0, 0.0, 0.0, 0.0]",47
BIOMD0000000906,3,6,0,1000,0.0,0.0,0.0,"[0.0, 0.0, 0.0]",1,0.0,0.0,0.0,"[0.0, 0.0, 0.0]",3,0.0,0.0,0.0,"[0.0, 0.0, 0.0]",1
BIOMD0000000908,7,13,0,1000,0.0,0.0,0.0,"[0.0, 0.0, 0.0, 0.0, 0.0, 0.0, 0.0]",5,0.0,0.0,0.0,"[0.0, 0.0, 0.0, 0.0, 0.0, 0.0, 0.0]",24,0.0,0.0,0.0,"[0.0, 0.0, 0.0, 0.0, 0.0, 0.0, 0.0]",76
BIOMD0000000909,4,8,0,1000,0.0,0.0,0.0,"[0.0, 0.0, 0.0, 0.0]",0,0.0,0.0,0.0,"[0.0, 0.0, 0.0, 0.0]",2,0.0,0.0,0.9999870284144371,"[np.float64(0.9999870284144371), 0.0, 0.0, 0.0]",26
BIOMD0000000910,3,5,0,1000,0.0,0.0,0.0,"[0.0, 0.0, 0.0]",3,0.0,0.0,0.0,"[0.0, 0.0, 0.0]",5,0.0,0.0,0.0,"[0.0, 0.0, 0.0]",4
BIOMD0000000911,3,6,0,1000,0.0,0.0,0.0,"[0.0, 0.0, 0.0]",0,0.0,0.0,0.0,"[0.0, 0.0, 0.0]",4,0.0,0.0,0.9054554108234562,"[np.float64(0.9054554108234562), 0.0, 0.0]",11
BIOMD0000000912,3,6,0,1000,0.0,0.0,0.0,"[0.0, 0.0, 0.0]",1,0.0,0.0,0.0,"[0.0, 0.0, 0.0]",4,0.0,0.0,0.0,"[0.0, 0.0, 0.0]",3
BIOMD0000000913,6,12,0,1000,0.0,0.0,0.0,"[0.0, 0.0, 0.0, 0.0, 0.0, 0.0]",5,0.0,0.0,0.9999794155067644,"[np.float64(0.9999794155067644), 0.0, 0.0, 0.0, 0.0, np.float64(0.02794808267339044)]",23,0.0,0.0,0.1595618821285688,"[0.0, 0.0, 0.0, 0.0, 0.0, np.float64(0.1595618821285688)]",6
BIOMD0000000915,9,8,0,1000,0.0,0.0,0.0,"[0.0, 0.0, 0.0, 0.0, 0.0, 0.0, 0.0, 0.0, 0.0]",0,0.0,0.0,0.0,"[0.0, 0.0, 0.0, 0.0, 0.0, 0.0, 0.0, 0.0, 0.0]",0,0.0,0.0,0.9999997675186716,"[np.float64(0.9999997640374328), np.float64(0.9999997675186716), 0.0, 0.0, 0.0, 0.0, 0.0, 0.0, 0.0]",2
BIOMD0000000916,5,4,0,1000,0.0,0.0,0.0,"[0.0, 0.0, 0.0, 0.0, 0.0]",0,0.9999908451685091,0.9999966470276995,0.9999999456214845,"[np.float64(0.9999945937721796), np.float64(0.9999908451685091), np.float64(0.9999999456214845), np.float64(0.9999966470276995), np.float64(0.9999979340821286)]",30,0.9999963282994103,0.9999986541512915,0.9999999780610598,"[np.float64(0.9999978319718213), np.float64(0.9999963282994103), np.float64(0.9999999780610598), np.float64(0.9999986541512915), np.float64(0.9999991710586152)]",105
BIOMD0000000917,3,3,0,1000,0.0,0.0,0.0,"[0.0, 0.0, 0.0]",0,0.0,0.0,0.13215661469142104,"[0.0, np.float64(0.13215661469142104), 0.0]",4,0.0,0.0,0.0,"[0.0, 0.0, 0.0]",7
BIOMD0000000918,8,7,0,1000,0.0,0.0,1.1102230246251565e-16,"[0.0, 0.0, 0.0, 0.0, np.float64(1.1102230246251565e-16), 0.0, 0.0, 0.0]",3,0.0,0.0,0.0,"[0.0, 0.0, 0.0, 0.0, 0.0, 0.0, 0.0, 0.0]",34,0.0,0.0,0.004627164924139393,"[np.float64(0.004627164924139393), 0.0, 0.0, 0.0, 0.0, 0.0, 0.0, 0.0]",245
BIOMD0000000919,2,5,0,1000,0.0,0.0,0.0,"[0.0, 0.0]",1,0.0,0.0,0.0,"[0.0, 0.0]",3,0.0,0.0,0.0,"[0.0, 0.0]",4
BIOMD0000000920,4,4,0,1000,0.0,0.0,0.0,"[0.0, 0.0, 0.0, 0.0]",0,0.0,0.0,0.0,"[0.0, 0.0, 0.0, 0.0]",6,0.0,0.0,0.0,"[0.0, 0.0, 0.0, 0.0]",27
BIOMD0000000921,5,13,0,1000,0.0,0.0,0.0,"[0.0, 0.0, 0.0, 0.0, 0.0]",4,0.0,0.0,0.9593488734144693,"[0.0, np.float64(0.6060405414890147), 0.0, np.float64(0.9593488734144693), 0.0]",10,0.0,0.0,0.0,"[0.0, 0.0, 0.0, 0.0, 0.0]",34
BIOMD0000000922,3,3,0,1000,0.0,0.0,3.3306690738754696e-16,"[0.0, np.float64(3.3306690738754696e-16), 0.0]",3,0.0,0.0,0.0,"[0.0, 0.0, 0.0]",4,0.0,0.0,0.0,"[0.0, 0.0, 0.0]",6
BIOMD0000000923,4,4,0,1000,0.0,0.0,0.0,"[0.0, 0.0, 0.0, 0.0]",0,0.0,0.0,0.5798250027402925,"[0.0, np.float64(0.5798250027402925), 0.0, 0.0]",1,0.0,0.0,0.0,"[0.0, 0.0, 0.0, 0.0]",6
BIOMD0000000927,3,5,0,1000,0.0,0.0,0.0,"[0.0, 0.0, 0.0]",0,0.0,0.0,0.0,"[0.0, 0.0, 0.0]",0,0.0,0.0,0.0,"[0.0, 0.0, 0.0]",2
BIOMD0000000928,4,13,0,1000,0.0,0.0,0.0,"[0.0, 0.0, 0.0, 0.0]",0,0.0,0.0,0.2910809502131989,"[0.0, 0.0, np.float64(0.2910809502131989), 0.0]",7,0.0,0.0,0.6635289882316606,"[0.0, 0.0, np.float64(0.6635289882316606), 0.0]",26
BIOMD0000000929,5,24,0,1000,0.0,0.0,1.1102230246251565e-16,"[0.0, 0.0, 0.0, 0.0, np.float64(1.1102230246251565e-16)]",5,0.0,0.0,0.0,"[0.0, 0.0, 0.0, 0.0, 0.0]",8,0.0,0.0,0.0,"[0.0, 0.0, 0.0, 0.0, 0.0]",13
BIOMD0000000930,4,14,0,1000,0.0,5.551115123125783e-17,3.3306690738754696e-16,"[0.0, np.float64(1.1102230246251565e-16), np.float64(3.3306690738754696e-16), 0.0]",3,0.0,0.0,0.0,"[0.0, 0.0, 0.0, 0.0]",8,0.0,0.0,0.0,"[0.0, 0.0, 0.0, 0.0]",14
BIOMD0000000931,3,6,0,1000,0.0,0.0,0.0,"[0.0, 0.0, 0.0]",0,0.0,0.0,0.27033247203447996,"[0.0, 0.0, np.float64(0.27033247203447996)]",3,0.0,0.0,0.0,"[0.0, 0.0, 0.0]",9
BIOMD0000000932,4,5,0,1000,0.0,0.0,2.220446049250313e-16,"[0.0, 0.0, 0.0, np.float64(2.220446049250313e-16)]",1,0.11301634745758704,0.8553686931852054,0.9999880906080139,"[np.float64(0.7108742311468865), np.float64(0.9998631552235241), np.float64(0.9999880906080139), np.float64(0.11301634745758704)]",11,0.0,0.9600035802628419,0.999971587552,"[np.float64(0.9207487699486588), np.float64(0.9992583905770249), np.float64(0.999971587552), 0.0]",16
BIOMD0000000933,3,3,0,1000,0.0,0.0,0.0,"[0.0, 0.0, 0.0]",0,0.0,0.0,0.0,"[0.0, 0.0, 0.0]",0,0.0,0.0,0.0,"[0.0, 0.0, 0.0]",16
BIOMD0000000934,13,19,0,1000,0.0,0.0,0.0,"[0.0, 0.0, 0.0, 0.0, 0.0, 0.0, 0.0, 0.0, 0.0, 0.0, 0.0, 0.0, 0.0]",0,0.0,0.0,0.999995554042109,"[np.float64(0.9998268568418952), np.float64(0.9943354117596198), np.float64(0.9997763223771627), 0.0, np.float64(0.999866259334564), np.float64(0.9999473514204427), 0.0, np.float64(0.999995554042109), 0.0, 0.0, 0.0, 0.0, 0.0]",145,0.0,0.9999891276308841,0.9999999999692749,"[np.float64(0.9999263435551343), np.float64(0.9970750244836257), np.float64(0.9998911138310308), np.float64(0.9999999204270751), np.float64(0.999985721405089), np.float64(0.9999891276308841), np.float64(0.9893504478681739), np.float64(0.9999999282006432), np.float64(0.9999996278380501), np.float64(0.9999999999692749), 0.0, np.float64(0.9999999998884938), np.float64(0.9999999984455418)]",1362
BIOMD0000000935,2,4,0,1000,0.0,0.0,0.0,"[0.0, 0.0]",0,0.0,0.0,0.0,"[0.0, 0.0]",0,0.0,0.0,0.0,"[0.0, 0.0]",8
BIOMD0000000937,3,6,0,1000,0.0,0.0,0.0,"[0.0, 0.0, 0.0]",0,0.0,0.27509265270606187,0.8668554556809318,"[0.0, np.float64(0.27509265270606187), np.float64(0.8668554556809318)]",4,0.45438965631029093,0.670600185790775,0.9356668104564085,"[np.float64(0.45438965631029093), np.float64(0.9356668104564085), np.float64(0.670600185790775)]",20
BIOMD0000000938,3,8,0,1000,0.0,0.0,0.0,"[0.0, 0.0, 0.0]",0,0.0,0.0,0.0,"[0.0, 0.0, 0.0]",0,0.0,0.0,0.0,"[0.0, 0.0, 0.0]",5
BIOMD0000000940,20,60,0,1000,0.0,0.0,0.0,"[0.0, 0.0, 0.0, 0.0, 0.0, 0.0, 0.0, 0.0, 0.0, 0.0, 0.0, 0.0, 0.0, 0.0, 0.0, 0.0, 0.0, 0.0, 0.0, 0.0]",0,0.0,0.0,0.0,"[0.0, 0.0, 0.0, 0.0, 0.0, 0.0, 0.0, 0.0, 0.0, 0.0, 0.0, 0.0, 0.0, 0.0, 0.0, 0.0, 0.0, 0.0, 0.0, 0.0]",309,0.0,0.0,0.0,"[0.0, 0.0, 0.0, 0.0, 0.0, 0.0, 0.0, 0.0, 0.0, 0.0, 0.0, 0.0, 0.0, 0.0, 0.0, 0.0, 0.0, 0.0, 0.0, 0.0]",1458
BIOMD0000000941,8,12,0,1000,0.0,0.0,0.0,"[0.0, 0.0, 0.0, 0.0, 0.0, 0.0, 0.0, 0.0]",0,0.0,0.0,0.0,"[0.0, 0.0, 0.0, 0.0, 0.0, 0.0, 0.0, 0.0]",5,0.0,0.0,0.0,"[0.0, 0.0, 0.0, 0.0, 0.0, 0.0, 0.0, 0.0]",98
BIOMD0000000942,7,15,0,1000,0.0,0.0,0.0,"[0.0, 0.0, 0.0, 0.0, 0.0, 0.0, 0.0]",0,0.0,0.0,0.0,"[0.0, 0.0, 0.0, 0.0, 0.0, 0.0, 0.0]",4,0.0,0.0,0.10712394947511483,"[0.0, np.float64(0.10712394947511483), 0.0, 0.0, 0.0, 0.0, 0.0]",20
BIOMD0000000944,3,6,0,1000,0.0,0.0,0.0,"[0.0, 0.0, 0.0]",0,0.0,0.0,0.0,"[0.0, 0.0, 0.0]",0,0.0,0.7011647008371159,0.9454928378397806,"[0.0, np.float64(0.7011647008371159), np.float64(0.9454928378397806)]",14
BIOMD0000000948,4,6,0,1000,0.0,0.0,0.0,"[0.0, 0.0, 0.0, 0.0]",1,0.0,0.10354716172129552,0.5724198786635033,"[np.float64(0.20709432344259104), 0.0, 0.0, np.float64(0.5724198786635033)]",14,0.0,0.0,0.0,"[0.0, 0.0, 0.0, 0.0]",44
BIOMD0000000952,11,15,0,1000,0.0,0.0,0.0,"[0.0, 0.0, 0.0, 0.0, 0.0, 0.0, 0.0, 0.0, 0.0, 0.0, 0.0]",0,0.0,0.0,0.8265730477781621,"[0.0, 0.0, 0.0, 0.0, 0.0, np.float64(0.8265510986695513), np.float64(0.8265730477781621), 0.0, 0.0, 0.0, 0.0]",98,0.0,0.0,0.0,"[0.0, 0.0, 0.0, 0.0, 0.0, 0.0, 0.0, 0.0, 0.0, 0.0, 0.0]",724
BIOMD0000000953,13,29,0,1000,0.0,0.0,0.0,"[0.0, 0.0, 0.0, 0.0, 0.0, 0.0, 0.0, 0.0, 0.0, 0.0, 0.0, 0.0, 0.0]",0,0.0,0.0,0.0,"[0.0, 0.0, 0.0, 0.0, 0.0, 0.0, 0.0, 0.0, 0.0, 0.0, 0.0, 0.0, 0.0]",33,0.0,0.0,0.9997771635885606,"[0.0, 0.0, np.float64(0.9946595820773633), 0.0, 0.0, 0.0, np.float64(0.9994554308864215), np.float64(0.9997771635885606), 0.0, np.float64(0.9953952731045526), 0.0, np.float64(0.9806299935435219), 0.0]",1086
BIOMD0000000954,18,36,0,1000,0.0,0.0,0.0,"[0.0, 0.0, 0.0, 0.0, 0.0, 0.0, 0.0, 0.0, 0.0, 0.0, 0.0, 0.0, 0.0, 0.0, 0.0, 0.0, 0.0, 0.0]",0,0.0,0.0,0.0,"[0.0, 0.0, 0.0, 0.0, 0.0, 0.0, 0.0, 0.0, 0.0, 0.0, 0.0, 0.0, 0.0, 0.0, 0.0, 0.0, 0.0, 0.0]",9,0.0,0.0,0.0,"[0.0, 0.0, 0.0, 0.0, 0.0, 0.0, 0.0, 0.0, 0.0, 0.0, 0.0, 0.0, 0.0, 0.0, 0.0, 0.0, 0.0, 0.0]",2976
BIOMD0000000955,8,13,0,1000,0.0,0.0,0.0,"[0.0, 0.0, 0.0, 0.0, 0.0, 0.0, 0.0, 0.0]",0,0.0,0.0,0.0,"[0.0, 0.0, 0.0, 0.0, 0.0, 0.0, 0.0, 0.0]",7,0.0,0.0,0.0,"[0.0, 0.0, 0.0, 0.0, 0.0, 0.0, 0.0, 0.0]",250
BIOMD0000000957,4,3,0,1000,0.0,0.0,1.1102230246251565e-16,"[0.0, 0.0, 0.0, np.float64(1.1102230246251565e-16)]",3,0.0,0.0,0.9863008951690778,"[np.float64(0.9863008951690778), 0.0, 0.0, 0.0]",5,0.0,0.0,0.0,"[0.0, 0.0, 0.0, 0.0]",4
BIOMD0000000959,41,75,0,1000,0.0,0.0,2.220446049250313e-16,"[0.0, 0.0, 0.0, 0.0, 0.0, np.float64(2.220446049250313e-16), 0.0, 0.0, 0.0, 0.0, 0.0, 0.0, 0.0, 0.0, np.float64(1.1102230246251565e-16), 0.0, 0.0, 0.0, np.float64(2.220446049250313e-16), 0.0, 0.0, 0.0, np.float64(2.220446049250313e-16), 0.0, 0.0, 0.0, 0.0, 0.0, 0.0, 0.0, np.float64(2.220446049250313e-16), 0.0, 0.0, 0.0, np.float64(1.1102230246251565e-16), 0.0, 0.0, np.float64(1.1102230246251565e-16), 0.0, 0.0, 0.0]",29,0.0,0.0,0.9996411411094706,"[0.0, 0.0, 0.0, 0.0, 0.0, np.float64(0.9872914236228876), np.float64(0.9235594497613719), np.float64(0.9141906028550648), 0.0, np.float64(0.9996411411094706), 0.0, np.float64(0.9340933247013857), 0.0, np.float64(0.9773682739047036), np.float64(0.9987131441493484), np.float64(0.9792505201541895), 0.0, np.float64(0.9787373428414196), np.float64(0.9771949020492372), 0.0, 0.0, 0.0, 0.0, 0.0, 0.0, 0.0, 0.0, 0.0, 0.0, 0.0, 0.0, 0.0, 0.0, 0.0, 0.0, 0.0, 0.0, 0.0, 0.0, 0.0, 0.0]",1137,0.0,0.0,0.0,"[0.0, 0.0, 0.0, 0.0, 0.0, 0.0, 0.0, 0.0, 0.0, 0.0, 0.0, 0.0, 0.0, 0.0, 0.0, 0.0, 0.0, 0.0, 0.0, 0.0, 0.0, 0.0, 0.0, 0.0, 0.0, 0.0, 0.0, 0.0, 0.0, 0.0, 0.0, 0.0, 0.0, 0.0, 0.0, 0.0, 0.0, 0.0, 0.0, 0.0, 0.0]",6720
BIOMD0000000961,42,40,0,1000,0.0,0.0,0.0,"[0.0, 0.0, 0.0, 0.0, 0.0, 0.0, 0.0, 0.0, 0.0, 0.0, 0.0, 0.0, 0.0, 0.0, 0.0, 0.0, 0.0, 0.0, 0.0, 0.0, 0.0, 0.0, 0.0, 0.0, 0.0, 0.0, 0.0, 0.0, 0.0, 0.0, 0.0, 0.0, 0.0, 0.0, 0.0, 0.0, 0.0, 0.0, 0.0, 0.0, 0.0, 0.0]",0,0.0,0.0,0.6552008064391361,"[np.float64(0.6552008064391361), 0.0, 0.0, 0.0, 0.0, 0.0, 0.0, 0.0, 0.0, 0.0, 0.0, 0.0, 0.0, 0.0, 0.0, 0.0, 0.0, np.float64(0.6486495231341913), np.float64(0.6527310136071602), 0.0, 0.0, 0.0, 0.0, 0.0, 0.0, 0.0, 0.0, 0.0, 0.0, 0.0, 0.0, 0.0, 0.0, 0.0, 0.0, 0.0, 0.0, 0.0, 0.0, 0.0, 0.0, 0.0]",1244,0.0,0.0,0.0,"[0.0, 0.0, 0.0, 0.0, 0.0, 0.0, 0.0, 0.0, 0.0, 0.0, 0.0, 0.0, 0.0, 0.0, 0.0, 0.0, 0.0, 0.0, 0.0, 0.0, 0.0, 0.0, 0.0, 0.0, 0.0, 0.0, 0.0, 0.0, 0.0, 0.0, 0.0, 0.0, 0.0, 0.0, 0.0, 0.0, 0.0, 0.0, 0.0, 0.0, 0.0, 0.0]",21482
BIOMD0000000963,3,2,0,1000,0.0,0.0,0.0,"[0.0, 0.0, 0.0]",0,0.0,0.0,0.0,"[0.0, 0.0, 0.0]",0,0.0,0.0,0.0,"[0.0, 0.0, 0.0]",0
BIOMD0000000964,6,14,0,1000,0.0,0.0,2.220446049250313e-16,"[0.0, 0.0, 0.0, 0.0, np.float64(1.1102230246251565e-16), np.float64(2.220446049250313e-16)]",6,0.0,0.0,0.7071828930360401,"[np.float64(0.7071828930360401), np.float64(0.6008704688896762), 0.0, 0.0, 0.0, 0.0]",16,0.0,0.0,0.0,"[0.0, 0.0, 0.0, 0.0, 0.0, 0.0]",54
BIOMD0000000966,7,6,0,1000,0.0,0.0,0.0,"[0.0, 0.0, 0.0, 0.0, 0.0, 0.0, 0.0]",0,0.9549215338992938,0.998360292396279,0.9999530030716554,"[np.float64(0.999934729235037), np.float64(0.9986013560729325), np.float64(0.9656849928992808), np.float64(0.998360292396279), np.float64(0.9983602923946824), np.float64(0.9549215338992938), np.float64(0.9999530030716554)]",49,0.0,0.0,0.0,"[0.0, 0.0, 0.0, 0.0, 0.0, 0.0, 0.0]",126
BIOMD0000000967,4,9,0,1000,0.0,0.0,3.3306690738754696e-16,"[0.0, 0.0, 0.0, np.float64(3.3306690738754696e-16)]",4,0.0,0.0,0.9724840156459383,"[0.0, 0.0, 0.0, np.float64(0.9724840156459383)]",11,0.0,0.0,0.0,"[0.0, 0.0, 0.0, 0.0]",11
BIOMD0000000969,28,32,0,1000,0.0,0.0,2.220446049250313e-16,"[np.float64(2.220446049250313e-16), 0.0, 0.0, 0.0, 0.0, 0.0, 0.0, 0.0, np.float64(2.220446049250313e-16), 0.0, 0.0, np.float64(1.1102230246251565e-16), 0.0, 0.0, 0.0, 0.0, 0.0, 0.0, np.float64(1.1102230246251565e-16), 0.0, np.float64(1.1102230246251565e-16), 0.0, 0.0, 0.0, 0.0, 0.0, 0.0, 0.0]",20,0.0,0.0,0.9999891416764729,"[np.float64(0.9996321405806483), np.float64(0.9550499661174734), 0.0, 0.0, 0.0, 0.0, 0.0, np.float64(0.9998247284985824), np.float64(0.9596183648215839), 0.0, 0.0, 0.0, 0.0, 0.0, np.float64(0.9999427578933228), np.float64(0.9810169461784107), 0.0, 0.0, 0.0, 0.0, 0.0, np.float64(0.9999891416764729), np.float64(0.9991469149747751), 0.0, 0.0, 0.0, 0.0, 0.0]",462,0.0,0.0,0.0,"[0.0, 0.0, 0.0, 0.0, 0.0, 0.0, 0.0, 0.0, 0.0, 0.0, 0.0, 0.0, 0.0, 0.0, 0.0, 0.0, 0.0, 0.0, 0.0, 0.0, 0.0, 0.0, 0.0, 0.0, 0.0, 0.0, 0.0, 0.0]",536
BIOMD0000000971,8,13,0,1000,0.0,0.0,1.1102230246251565e-16,"[0.0, 0.0, np.float64(1.1102230246251565e-16), 0.0, 0.0, 0.0, 0.0, 0.0]",7,0.0,0.0,0.0,"[0.0, 0.0, 0.0, 0.0, 0.0, 0.0, 0.0, 0.0]",27,0.0,0.0,0.0,"[0.0, 0.0, 0.0, 0.0, 0.0, 0.0, 0.0, 0.0]",110
BIOMD0000000972,8,13,0,1000,0.0,0.0,4.440892098500626e-16,"[np.float64(2.220446049250313e-16), 0.0, 0.0, 0.0, 0.0, 0.0, 0.0, np.float64(4.440892098500626e-16)]",6,0.0,0.9999045153583646,0.9999999998499707,"[np.float64(0.9999442243660902), np.float64(0.9998864655995827), np.float64(0.9998292223473987), 0.0, np.float64(0.9999442334198893), 0.0, np.float64(0.9999225651171464), np.float64(0.9999999998499707)]",57,0.0,0.0,0.0,"[0.0, 0.0, 0.0, 0.0, 0.0, 0.0, 0.0, 0.0]",159
BIOMD0000000973,2,6,0,1000,0.0,0.0,0.0,"[0.0, 0.0]",1,0.0,0.0,0.0,"[0.0, 0.0]",4,0.0,0.0,0.0,"[0.0, 0.0]",2
BIOMD0000000976,4,5,0,1000,0.0,0.0,0.0,"[0.0, 0.0, 0.0, 0.0]",4,0.0,0.0,0.0,"[0.0, 0.0, 0.0, 0.0]",7,0.0,0.0,0.0,"[0.0, 0.0, 0.0, 0.0]",2
BIOMD0000000977,6,15,0,1000,0.0,5.551115123125783e-17,2.220446049250313e-16,"[0.0, 0.0, np.float64(2.220446049250313e-16), 0.0, np.float64(1.1102230246251565e-16), np.float64(1.1102230246251565e-16)]",6,0.0,0.0,0.0,"[0.0, 0.0, 0.0, 0.0, 0.0, 0.0]",11,0.0,0.0,0.0,"[0.0, 0.0, 0.0, 0.0, 0.0, 0.0]",18
BIOMD0000000982,3,2,0,1000,0.0,0.0,0.0,"[0.0, 0.0, 0.0]",3,0.0,0.0,0.0,"[0.0, 0.0, 0.0]",0,0.0,0.0,0.0,"[0.0, 0.0, 0.0]",9
BIOMD0000000983,7,10,0,1000,0.0,0.0,0.0,"[0.0, 0.0, 0.0, 0.0, 0.0, 0.0, 0.0]",7,0.0,0.0,0.8650594254060194,"[0.0, 0.0, np.float64(0.8650594254060194), 0.0, 0.0, 0.0, 0.0]",21,0.0,0.0,0.0,"[0.0, 0.0, 0.0, 0.0, 0.0, 0.0, 0.0]",46
BIOMD0000000985,7,9,0,1000,0.0,0.0,0.0,"[0.0, 0.0, 0.0, 0.0, 0.0, 0.0, 0.0]",5,0.0,0.0,0.5399449332695565,"[0.0, np.float64(0.5399449332695565), np.float64(0.02543515388381501), 0.0, 0.0, 0.0, 0.0]",16,0.0,0.5344766470711884,0.8430698147430622,"[np.float64(0.5857505436636494), np.float64(0.03000958830401035), np.float64(0.5344766470711884), np.float64(0.8207495412401636), 0.0, 0.0, np.float64(0.8430698147430622)]",8
BIOMD0000000986,6,8,0,1000,0.0,0.0,0.0,"[0.0, 0.0, 0.0, 0.0, 0.0, 0.0]",0,0.0,0.0,0.0,"[0.0, 0.0, 0.0, 0.0, 0.0, 0.0]",5,0.0,0.0,0.0,"[0.0, 0.0, 0.0, 0.0, 0.0, 0.0]",52
BIOMD0000000987,9,10,0,1000,0.0,0.0,0.0,"[0.0, 0.0, 0.0, 0.0, 0.0, 0.0, 0.0, 0.0, 0.0]",0,0.0,0.0,0.0,"[0.0, 0.0, 0.0, 0.0, 0.0, 0.0, 0.0, 0.0, 0.0]",1,0.0,0.0,0.0,"[0.0, 0.0, 0.0, 0.0, 0.0, 0.0, 0.0, 0.0, 0.0]",290
BIOMD0000000988,11,18,0,1000,0.0,0.0,0.0,"[0.0, 0.0, 0.0, 0.0, 0.0, 0.0, 0.0, 0.0, 0.0, 0.0, 0.0]",6,0.0,0.0,0.0,"[0.0, 0.0, 0.0, 0.0, 0.0, 0.0, 0.0, 0.0, 0.0, 0.0, 0.0]",38,0.0,0.0,0.0,"[0.0, 0.0, 0.0, 0.0, 0.0, 0.0, 0.0, 0.0, 0.0, 0.0, 0.0]",358
BIOMD0000001005,41,79,0,1000,0.0,0.0,0.0,"[0.0, 0.0, 0.0, 0.0, 0.0, 0.0, 0.0, 0.0, 0.0, 0.0, 0.0, 0.0, 0.0, 0.0, 0.0, 0.0, 0.0, 0.0, 0.0, 0.0, 0.0, 0.0, 0.0, 0.0, 0.0, 0.0, 0.0, 0.0, 0.0, 0.0, 0.0, 0.0, 0.0, 0.0, 0.0, 0.0, 0.0, 0.0, 0.0, 0.0, 0.0]",0,0.0,0.0,0.6631010380274889,"[0.0, 0.0, 0.0, 0.0, 0.0, 0.0, 0.0, 0.0, 0.0, 0.0, 0.0, 0.0, 0.0, 0.0, 0.0, 0.0, 0.0, 0.0, 0.0, 0.0, 0.0, 0.0, 0.0, 0.0, 0.0, 0.0, 0.0, 0.0, 0.0, 0.0, 0.0, 0.0, 0.0, 0.0, 0.0, 0.0, 0.0, 0.0, 0.0, np.float64(0.6631010380274889), 0.0]",518,0.0,0.0,0.0,"[0.0, 0.0, 0.0, 0.0, 0.0, 0.0, 0.0, 0.0, 0.0, 0.0, 0.0, 0.0, 0.0, 0.0, 0.0, 0.0, 0.0, 0.0, 0.0, 0.0, 0.0, 0.0, 0.0, 0.0, 0.0, 0.0, 0.0, 0.0, 0.0, 0.0, 0.0, 0.0, 0.0, 0.0, 0.0, 0.0, 0.0, 0.0, 0.0, 0.0, 0.0]",33607
BIOMD0000001006,7,21,0,1000,0.0,0.0,0.0,"[0.0, 0.0, 0.0, 0.0, 0.0, 0.0, 0.0]",0,0.0,0.0,0.0,"[0.0, 0.0, 0.0, 0.0, 0.0, 0.0, 0.0]",13,0.0,0.0,0.0,"[0.0, 0.0, 0.0, 0.0, 0.0, 0.0, 0.0]",148
BIOMD0000001007,3,6,0,1000,0.0,0.0,0.0,"[0.0, 0.0, 0.0]",0,0.0,0.29606879515746953,0.4368383803036182,"[np.float64(0.4368383803036182), np.float64(0.29606879515746953), 0.0]",4,0.0,0.0,0.21961356325557713,"[0.0, np.float64(0.21961356325557713), 0.0]",9
BIOMD0000001009,4,8,0,1000,0.0,0.0,0.0,"[0.0, 0.0, 0.0, 0.0]",0,0.0,0.0,0.0,"[0.0, 0.0, 0.0, 0.0]",9,0.0,0.9677180337682215,0.9877821316171123,"[0.0, np.float64(0.9611611690865963), np.float64(0.9742748984498467), np.float64(0.9877821316171123)]",56
BIOMD0000001010,2,4,0,1000,0.0,0.0,0.0,"[0.0, 0.0]",0,0.0,0.0,0.0,"[0.0, 0.0]",0,0.0,0.0,0.0,"[0.0, 0.0]",0
BIOMD0000001011,3,5,0,1000,0.0,0.0,0.0,"[0.0, 0.0, 0.0]",3,0.0,0.0,0.0,"[0.0, 0.0, 0.0]",4,0.0,0.0,0.0,"[0.0, 0.0, 0.0]",3
BIOMD0000001013,2,4,0,1000,0.0,0.0,0.0,"[0.0, 0.0]",2,0.0,0.0,0.0,"[0.0, 0.0]",2,0.0,0.0,0.0,"[0.0, 0.0]",2
BIOMD0000001014,4,7,0,1000,0.0,0.0,0.0,"[0.0, 0.0, 0.0, 0.0]",4,0.0,0.0,0.0,"[0.0, 0.0, 0.0, 0.0]",4,0.0,0.0,0.0,"[0.0, 0.0, 0.0, 0.0]",8
BIOMD0000001015,6,9,0,1000,0.0,0.0,0.0,"[0.0, 0.0, 0.0, 0.0, 0.0, 0.0]",5,0.0,0.0,0.9251985765009104,"[0.0, 0.0, np.float64(0.9251985765009104), 0.0, 0.0, 0.0]",31,0.0,0.0,0.8763635271838313,"[0.0, 0.0, np.float64(0.8763635271838313), 0.0, 0.0, 0.0]",114
BIOMD0000001016,8,9,0,1000,0.0,0.0,0.0,"[0.0, 0.0, 0.0, 0.0, 0.0, 0.0, 0.0, 0.0]",0,0.0,0.0,0.9978177883566047,"[np.float64(0.9978177883566047), np.float64(0.9965199058241085), 0.0, 0.0, 0.0, 0.0, 0.0, 0.0]",36,0.0,0.0,0.9999877458837908,"[np.float64(0.9999877458837908), np.float64(0.9999865633337726), 0.0, 0.0, 0.0, 0.0, 0.0, 0.0]",294
BIOMD0000001017,13,15,0,1000,0.0,0.0,0.0,"[0.0, 0.0, 0.0, 0.0, 0.0, 0.0, 0.0, 0.0, 0.0, 0.0, 0.0, 0.0, 0.0]",0,0.0,0.0,0.0,"[0.0, 0.0, 0.0, 0.0, 0.0, 0.0, 0.0, 0.0, 0.0, 0.0, 0.0, 0.0, 0.0]",29,0.0,0.0,0.0,"[0.0, 0.0, 0.0, 0.0, 0.0, 0.0, 0.0, 0.0, 0.0, 0.0, 0.0, 0.0, 0.0]",273
BIOMD0000001018,18,25,0,1000,0.0,0.0,0.0,"[0.0, 0.0, 0.0, 0.0, 0.0, 0.0, 0.0, 0.0, 0.0, 0.0, 0.0, 0.0, 0.0, 0.0, 0.0, 0.0, 0.0, 0.0]",0,0.0,0.0,0.0,"[0.0, 0.0, 0.0, 0.0, 0.0, 0.0, 0.0, 0.0, 0.0, 0.0, 0.0, 0.0, 0.0, 0.0, 0.0, 0.0, 0.0, 0.0]",129,0.0,0.0,0.0,"[0.0, 0.0, 0.0, 0.0, 0.0, 0.0, 0.0, 0.0, 0.0, 0.0, 0.0, 0.0, 0.0, 0.0, 0.0, 0.0, 0.0, 0.0]",1479
BIOMD0000001019,3,8,0,1000,0.0,0.0,0.0,"[0.0, 0.0, 0.0]",2,0.0,0.0,0.13932735280377473,"[0.0, 0.0, np.float64(0.13932735280377473)]",4,0.0,0.0,0.0,"[0.0, 0.0, 0.0]",4
BIOMD0000001020,3,8,0,1000,0.0,0.0,2.220446049250313e-16,"[0.0, 0.0, np.float64(2.220446049250313e-16)]",2,0.0,0.0,0.08243969958784558,"[0.0, np.float64(0.08243969958784558), 0.0]",8,0.0,0.0,0.0,"[0.0, 0.0, 0.0]",11
BIOMD0000001021,6,9,0,1000,0.0,0.0,0.0,"[0.0, 0.0, 0.0, 0.0, 0.0, 0.0]",6,0.0,0.0,0.99999381879889,"[0.0, 0.0, 0.0, 0.0, np.float64(0.9999273061358603), np.float64(0.99999381879889)]",20,0.0,0.0,0.0,"[0.0, 0.0, 0.0, 0.0, 0.0, 0.0]",37
BIOMD0000001022,4,6,0,1000,0.0,0.0,0.0,"[0.0, 0.0, 0.0, 0.0]",4,0.0,0.0,0.1366086435347833,"[np.float64(0.1366086435347833), 0.0, 0.0, 0.0]",7,0.0,0.0,0.0,"[0.0, 0.0, 0.0, 0.0]",7
BIOMD0000001023,3,6,0,1000,0.0,0.0,0.0,"[0.0, 0.0, 0.0]",0,0.0,0.0,0.0,"[0.0, 0.0, 0.0]",5,0.0,0.0,0.9256219048156475,"[0.0, np.float64(0.9256219048156475), 0.0]",6
BIOMD0000001024,2,4,0,1000,0.0,0.0,0.0,"[0.0, 0.0]",2,0.0,0.10760346969208678,0.21520693938417357,"[np.float64(0.21520693938417357), 0.0]",3,0.0,0.0,0.0,"[0.0, 0.0]",2
BIOMD0000001026,1,2,0,1000,0.0,0.0,0.0,[0.0],1,0.0,0.0,0.0,[0.0],1,0.0,0.0,0.0,[0.0],1
BIOMD0000001030,2,6,0,1000,0.0,0.0,0.0,"[0.0, 0.0]",0,0.0,0.0,0.0,"[0.0, 0.0]",0,0.0,0.0,0.0,"[0.0, 0.0]",0
BIOMD0000001031,3,4,0,1000,0.0,0.0,0.0,"[0.0, 0.0, 0.0]",0,0.0,0.0,0.0,"[0.0, 0.0, 0.0]",0,0.0,0.10037797805296234,0.24194012058386893,"[np.float64(0.10037797805296234), np.float64(0.24194012058386893), 0.0]",14
BIOMD0000001032,4,7,0,1000,0.0,0.0,0.0,"[0.0, 0.0, 0.0, 0.0]",0,0.0,0.0,0.0,"[0.0, 0.0, 0.0, 0.0]",0,0.0,0.35990472244640953,0.9863488054448741,"[np.float64(0.7198094448928191), np.float64(0.9863488054448741), 0.0, 0.0]",28
BIOMD0000001033,6,13,0,1000,0.0,0.0,0.0,"[0.0, 0.0, 0.0, 0.0, 0.0, 0.0]",0,0.0,0.0,0.9552119709884155,"[np.float64(0.5587076030961802), 0.0, 0.0, 0.0, 0.0, np.float64(0.9552119709884155)]",9,0.0,0.22717683040379277,0.9872475072313048,"[np.float64(0.6662366651552165), np.float64(0.45435366080758555), 0.0, 0.0, 0.0, np.float64(0.9872475072313048)]",112
BIOMD0000001034,4,7,0,1000,0.0,0.0,0.0,"[0.0, 0.0, 0.0, 0.0]",0,0.0,0.0,0.9102284160860445,"[np.float64(0.9102284160860445), 0.0, 0.0, 0.0]",3,0.0,0.0,0.0,"[0.0, 0.0, 0.0, 0.0]",14
BIOMD0000001035,4,8,0,1000,0.0,0.0,0.0,"[0.0, 0.0, 0.0, 0.0]",0,0.0,0.0,0.0,"[0.0, 0.0, 0.0, 0.0]",0,0.0,0.0,0.0,"[0.0, 0.0, 0.0, 0.0]",33
BIOMD0000001036,3,6,0,1000,0.0,0.0,0.0,"[0.0, 0.0, 0.0]",0,0.0,0.0,0.0,"[0.0, 0.0, 0.0]",1,0.0,0.0,0.0,"[0.0, 0.0, 0.0]",16
BIOMD0000001037,2,3,0,1000,0.0,0.0,0.0,"[0.0, 0.0]",0,0.0,0.4669824155844608,0.9339648311689216,"[0.0, np.float64(0.9339648311689216)]",3,0.0,0.4835374193233242,0.9670748386466484,"[0.0, np.float64(0.9670748386466484)]",1
BIOMD0000001038,3,6,0,1000,0.0,0.0,0.0,"[0.0, 0.0, 0.0]",0,0.0,0.0,0.0,"[0.0, 0.0, 0.0]",1,0.0,0.0,0.0,"[0.0, 0.0, 0.0]",0
BIOMD0000001040,1,2,0,1000,0.0,0.0,0.0,[0.0],1,0.0,0.0,0.0,[0.0],1,0.0,0.0,0.0,[0.0],1
BIOMD0000001041,3,4,0,1000,0.0,0.0,0.0,"[0.0, 0.0, 0.0]",1,0.0,0.0,0.0,"[0.0, 0.0, 0.0]",3,0.0,0.0,0.0,"[0.0, 0.0, 0.0]",5
BIOMD0000001043,3,7,0,1000,0.0,0.0,0.0,"[0.0, 0.0, 0.0]",0,0.0,0.0,0.0,"[0.0, 0.0, 0.0]",0,0.0,0.0,0.0,"[0.0, 0.0, 0.0]",0
BIOMD0000001044,14,39,0,1000,0.0,0.0,0.0,"[0.0, 0.0, 0.0, 0.0, 0.0, 0.0, 0.0, 0.0, 0.0, 0.0, 0.0, 0.0, 0.0, 0.0]",0,0.0,0.0,0.0,"[0.0, 0.0, 0.0, 0.0, 0.0, 0.0, 0.0, 0.0, 0.0, 0.0, 0.0, 0.0, 0.0, 0.0]",9,0.0,0.0,0.0,"[0.0, 0.0, 0.0, 0.0, 0.0, 0.0, 0.0, 0.0, 0.0, 0.0, 0.0, 0.0, 0.0, 0.0]",887
BIOMD0000001045,3,2,0,1000,0.0,0.0,0.0,"[0.0, 0.0, 0.0]",0,0.0,0.0,0.0,"[0.0, 0.0, 0.0]",0,0.0,0.0,0.0,"[0.0, 0.0, 0.0]",0
BIOMD0000001047,4,8,0,1000,0.0,0.0,0.0,"[0.0, 0.0, 0.0, 0.0]",0,0.0,0.0,0.9046982803248776,"[0.0, np.float64(0.9046982803248776), 0.0, 0.0]",1,0.0,0.2363015320518842,0.5898995349757574,"[0.0, 0.0, np.float64(0.4726030641037684), np.float64(0.5898995349757574)]",51
BIOMD0000001048,3,6,0,1000,0.0,0.0,0.0,"[0.0, 0.0, 0.0]",3,0.0,0.0,0.0,"[0.0, 0.0, 0.0]",4,0.0,0.0,0.0,"[0.0, 0.0, 0.0]",10
BIOMD0000001052,3,14,0,1000,0.0,0.0,0.0,"[0.0, 0.0, 0.0]",0,0.0,0.0,0.0,"[0.0, 0.0, 0.0]",5,0.0,0.0,0.47564437277402294,"[0.0, 0.0, np.float64(0.47564437277402294)]",15
BIOMD0000001053,6,10,0,1000,0.0,0.0,0.0,"[0.0, 0.0, 0.0, 0.0, 0.0, 0.0]",0,0.8618151472744536,0.9794719653170313,0.9951401267274751,"[np.float64(0.9788891797456427), np.float64(0.9951401267274751), np.float64(0.8618151472744536), np.float64(0.9737201870144142), np.float64(0.9800547508884199), np.float64(0.9930766768491667)]",23,0.0,0.0,0.5541498238551937,"[np.float64(0.5541498238551937), 0.0, 0.0, 0.0, 0.0, 0.0]",110
BIOMD0000001054,7,11,0,1000,0.0,0.0,0.0,"[0.0, 0.0, 0.0, 0.0, 0.0, 0.0, 0.0]",0,0.0,0.0,0.0,"[0.0, 0.0, 0.0, 0.0, 0.0, 0.0, 0.0]",14,0.0,0.0,0.0,"[0.0, 0.0, 0.0, 0.0, 0.0, 0.0, 0.0]",199
BIOMD0000001055,19,30,0,1000,0.0,0.0,1.1102230246251565e-16,"[0.0, 0.0, 0.0, 0.0, 0.0, 0.0, 0.0, 0.0, 0.0, 0.0, 0.0, 0.0, 0.0, 0.0, 0.0, 0.0, 0.0, np.float64(1.1102230246251565e-16), 0.0]",4,0.0,0.0,0.9999981202897594,"[0.0, 0.0, 0.0, 0.0, 0.0, 0.0, 0.0, 0.0, 0.0, 0.0, np.float64(0.7873938325821274), np.float64(0.008944055221539404), np.float64(0.008944055221539404), np.float64(0.008944055221539404), np.float64(0.008944055221539404), np.float64(0.9999981202897594), np.float64(0.008944055221539404), np.float64(0.7873938330044346), np.float64(0.9999981202897594)]",190,0.0,0.0,0.971118163894413,"[0.0, 0.0, 0.0, 0.0, 0.0, 0.0, 0.0, 0.0, 0.0, np.float64(0.971118163894413), 0.0, 0.0, 0.0, 0.0, 0.0, 0.0, 0.0, 0.0, 0.0]",2777
BIOMD0000001056,3,5,0,1000,0.0,0.0,2.220446049250313e-16,"[0.0, 0.0, np.float64(2.220446049250313e-16)]",3,0.0,0.0,0.0,"[0.0, 0.0, 0.0]",3,0.0,0.0,0.0,"[0.0, 0.0, 0.0]",5
BIOMD0000001057,2,5,0,1000,0.0,0.0,0.0,"[0.0, 0.0]",0,0.0,0.0,0.0,"[0.0, 0.0]",0,0.0,0.0,0.0,"[0.0, 0.0]",1
BIOMD0000001058,10,20,0,1000,0.0,0.0,0.0,"[0.0, 0.0, 0.0, 0.0, 0.0, 0.0, 0.0, 0.0, 0.0, 0.0]",0,0.0,0.0,0.0,"[0.0, 0.0, 0.0, 0.0, 0.0, 0.0, 0.0, 0.0, 0.0, 0.0]",4,0.0,0.0,0.9779917261431633,"[0.0, 0.0, 0.0, 0.0, 0.0, 0.0, 0.0, np.float64(0.9779917261431633), 0.0, 0.0]",341
BIOMD0000001059,10,21,0,1000,0.0,0.0,0.0,"[0.0, 0.0, 0.0, 0.0, 0.0, 0.0, 0.0, 0.0, 0.0, 0.0]",0,0.0,0.0,0.0,"[0.0, 0.0, 0.0, 0.0, 0.0, 0.0, 0.0, 0.0, 0.0, 0.0]",21,0.0,0.0,0.0,"[0.0, 0.0, 0.0, 0.0, 0.0, 0.0, 0.0, 0.0, 0.0, 0.0]",333
BIOMD0000001060,2,7,0,1000,0.0,0.0,0.0,"[0.0, 0.0]",0,0.0,0.0,0.0,"[0.0, 0.0]",4,0.4073075436433081,0.5948269569462298,0.7823463702491514,"[np.float64(0.4073075436433081), np.float64(0.7823463702491514)]",8
BIOMD0000001072,6,12,0,1000,0.0,0.0,0.0,"[0.0, 0.0, 0.0, 0.0, 0.0, 0.0]",0,0.0,0.0,0.025310867147326666,"[0.0, 0.0, 0.0, np.float64(0.025310867147326666), 0.0, 0.0]",7,0.0,0.0,0.9779369713613234,"[np.float64(0.9779369713613234), 0.0, 0.0, np.float64(0.1411533911018895), 0.0, 0.0]",40
