model_name,num_species,num_reaction,num_perturbation,num_timepoint,deg0_min,deg0_median,deg0_max,deg0_values,deg0_num_nonzero_term,deg1_min,deg1_median,deg1_max,deg1_values,deg1_num_nonzero_term,deg2_min,deg2_median,deg2_max,deg2_values,deg2_num_nonzero_term
BIOMD0000000003,3,7,0,1000,0.0,1.1102230246251565e-16,2.220446049250313e-16,"[np.float64(2.220446049250313e-16), 0.0, np.float64(1.1102230246251565e-16)]",3.0,0.380047555317818,0.9777294579089352,0.9882357177733633,"[np.float64(0.380047555317818), np.float64(0.9777294579089352), np.float64(0.9882357177733633)]",10.0,0.4566460433630808,0.9999887446444242,0.9999932497982114,"[np.float64(0.4566460433630808), np.float64(0.9999887446444242), np.float64(0.9999932497982114)]",29.0
BIOMD0000000004,5,7,0,1000,0.0,0.0,0.0,"[0.0, 0.0, 0.0, 0.0, 0.0]",1.0,0.0,0.86454797582798,0.9217699948109356,"[0.0, np.float64(0.9217699948109296), np.float64(0.86454797582798), np.float64(0.9217699948109356), np.float64(0.8645479758279551)]",21.0,0.0,0.42010952007549307,0.9999056689947646,"[np.float64(0.9999056689947646), 0.0, np.float64(0.42010952008532954), 0.0, np.float64(0.42010952007549307)]",76.0
BIOMD0000000005,6,9,0,1000,0.0,0.0,0.0,"[0.0, 0.0, 0.0, 0.0, 0.0, 0.0]",0.0,0.3525977666823412,0.5910576029583958,0.9987787511093735,"[np.float64(0.5493777687405845), np.float64(0.9987787511093735), np.float64(0.3525977666823412), np.float64(0.6327374371762071), np.float64(0.5491582032192974), np.float64(0.997552423129936)]",39.0,0.0,0.0,0.0,"[0.0, 0.0, 0.0, 0.0, 0.0, 0.0]",166.0
BIOMD0000000008,5,13,0,1000,0.0,0.0,1.1102230246251565e-16,"[0.0, np.float64(1.1102230246251565e-16), 0.0, 0.0, 0.0]",3.0,0.0797899879517483,0.9961564080385839,0.9985155849869957,"[np.float64(0.9977361962847987), np.float64(0.0797899879517483), np.float64(0.9849618805870786), np.float64(0.9985155849869957), np.float64(0.9961564080385839)]",20.0,0.0,0.0,0.9999999988868135,"[0.0, np.float64(0.08085432691313388), np.float64(0.9999999988868135), 0.0, 0.0]",35.0
BIOMD0000000010,8,10,0,1000,0.0,0.0,0.0,"[0.0, 0.0, 0.0, 0.0, 0.0, 0.0, 0.0, 0.0]",2.0,0.0,0.0,0.2240311519228796,"[0.0, 0.0, np.float64(0.2240311519228796), 0.0, 0.0, 0.0, 0.0, 0.0]",6.0,0.0,0.0,0.0,"[0.0, 0.0, 0.0, 0.0, 0.0, 0.0, 0.0, 0.0]",0.0
BIOMD0000000012,6,12,0,1000,0.0,0.0,0.0,"[0.0, 0.0, 0.0, 0.0, 0.0, 0.0]",3.0,0.0,0.4819902911040733,0.9720850509728639,"[np.float64(0.9639805822081466), np.float64(0.9681892684167069), np.float64(0.9720850509728639), 0.0, 0.0, 0.0]",26.0,0.0,0.0,0.0,"[0.0, 0.0, 0.0, 0.0, 0.0, 0.0]",55.0
BIOMD0000000013,18,21,0,1000,0.0,0.0,2.220446049250313e-16,"[0.0, 0.0, 0.0, 0.0, 0.0, 0.0, 0.0, 0.0, 0.0, 0.0, 0.0, 0.0, np.float64(2.220446049250313e-16), 0.0, 0.0, 0.0, 0.0, 0.0]",14.0,0.7940599402697143,0.9976617108252406,0.9999606158232115,"[np.float64(0.9999606158232115), np.float64(0.9999037929808541), np.float64(0.8395603758452835), np.float64(0.8508028862085573), np.float64(0.9995229099370306), np.float64(0.9844011606641596), np.float64(0.9995131378463583), np.float64(0.999719825003954), np.float64(0.9977408312555873), np.float64(0.9976770001261139), np.float64(0.9951422454172828), np.float64(0.9998871749467861), np.float64(0.7940599402697143), np.float64(0.9917372062914686), np.float64(0.9868332133918496), np.float64(0.9982269539409363), np.float64(0.8395603738718658), np.float64(0.9976464215243673)]",342.0,0.0,0.28036730296504153,0.9939241613231582,"[np.float64(0.9939241613231582), np.float64(0.9922214008748067), 0.0, 0.0, np.float64(0.6688767400818494), np.float64(0.7048011784132009), np.float64(0.6680143910972074), np.float64(0.6462465434976841), np.float64(0.2453129974531877), np.float64(0.3154216084768954), 0.0, np.float64(0.9626449633755465), 0.0, 0.0, 0.0, np.float64(0.42576305628625133), 0.0, np.float64(0.21135495983226305)]",3395.0
BIOMD0000000014,86,300,0,1000,0.0,0.0,2.220446049250313e-16,"[0.0, 0.0, np.float64(2.220446049250313e-16), 0.0, 0.0, 0.0, 0.0, 0.0, 0.0, 0.0, 0.0, 0.0, 0.0, 0.0, 0.0, 0.0, 0.0, 0.0, 0.0, 0.0, 0.0, 0.0, np.float64(2.220446049250313e-16), 0.0, 0.0, 0.0, 0.0, 0.0, 0.0, 0.0, 0.0, 0.0, 0.0, 0.0, 0.0, 0.0, 0.0, 0.0, 0.0, 0.0, 0.0, 0.0, 0.0, 0.0, 0.0, 0.0, 0.0, 0.0, 0.0, 0.0, 0.0, 0.0, 0.0, 0.0, 0.0, 0.0, 0.0, 0.0, 0.0, 0.0, 0.0, 0.0, 0.0, 0.0, 0.0, 0.0, 0.0, 0.0, 0.0, 0.0, 0.0, 0.0, 0.0, 0.0, 0.0, 0.0, 0.0, 0.0, 0.0, 0.0, 0.0, 0.0, 0.0, 0.0, 0.0, 0.0]",5.0,0.0,0.4741444240537602,0.9999910210366268,"[np.float64(0.9805224361964017), np.float64(0.8231974801956738), np.float64(0.9991123914990601), 0.0, np.float64(0.9999910210366268), np.float64(0.734453630076106), np.float64(0.4741444240537602), np.float64(0.9999643456030247), 0.0, 0.0, np.float64(0.9999816683904696), 0.0, np.float64(0.8626392428491108), np.float64(0.4741444240537602), 0.0, np.float64(0.12703263070308357), np.float64(0.9790004479188356), np.float64(0.4741444240537602), np.float64(0.8227752874915737), np.float64(0.3880218544893139), np.float64(0.9905876692465966), 0.0, np.float64(0.9986768556096591), np.float64(0.906905934264844), 0.0, np.float64(0.9892965898047721), np.float64(0.6098399378696555), 0.0, 0.0, 0.0, 0.0, 0.0, np.float64(0.06197859183754051), 0.0, np.float64(0.9940585352392143), np.float64(0.7781390335518152), np.float64(0.9270425214029039), np.float64(0.9881272602011446), np.float64(0.9717359324956047), np.float64(0.719985532789187), 0.0, 0.0, 0.0, 0.0, np.float64(0.7405911770391506), np.float64(0.4199421127899603), np.float64(0.4741444240537602), np.float64(0.4741444240537602), np.float64(0.06315241823257212), np.float64(0.4741444240537602), np.float64(0.4741444240537602), np.float64(0.9125667345116002), np.float64(0.4741444240537602), np.float64(0.4741444240537602), np.float64(0.4741444240537602), np.float64(0.260603209114905), np.float64(0.9644602347235577), np.float64(0.6572393624078654), np.float64(0.4741444240537602), np.float64(0.4741444240537602), np.float64(0.4741444240537602), np.float64(0.4741444240537602), np.float64(0.4741444240537602), np.float64(0.4741444240537602), np.float64(0.4741444240537602), np.float64(0.4741444240537602), np.float64(0.4741444240537602), np.float64(0.4741444240537602), np.float64(0.4741444240537602), np.float64(0.8863018198579239), np.float64(0.9580635093220947), np.float64(0.9743810479162319), np.float64(0.7378975447123199), np.float64(0.813344093169226), np.float64(0.9862781697837358), np.float64(0.9994148437150507), 0.0, np.float64(0.9572620354366848), np.float64(0.4741444240537602), np.float64(0.4741444240537602), np.float64(0.4741444240537602), np.float64(0.7672407644916867), np.float64(0.4741444240537602), np.float64(0.4741444240537602), np.float64(0.4741444240537602), np.float64(0.4741444240537602)]",3203.0,0.0,0.0,0.999999999999996,"[np.float64(0.9629655361328898), np.float64(0.9999999999999957), np.float64(0.9999999683290556), np.float64(0.9175088091768631), np.float64(0.9999999997274506), 0.0, 0.0, np.float64(0.9999999990796932), np.float64(0.9174372249782045), 0.0, np.float64(0.9999999994256403), np.float64(0.9999999999727706), 0.0, 0.0, np.float64(0.9999999999973446), 0.0, np.float64(0.9608080603224364), 0.0, np.float64(0.999999999999996), 0.0, np.float64(0.9999999993096079), np.float64(0.917508894246309), np.float64(0.9999999592256943), np.float64(0.9999959163290756), np.float64(0.9999998046563063), np.float64(0.9984660007872731), np.float64(0.9937614439510373), np.float64(0.9999999971857879), 0.0, 0.0, 0.0, 0.0, np.float64(0.8990330166145395), 0.0, np.float64(0.9998526650609969), np.float64(0.9999906213430692), np.float64(0.9999999987183898), np.float64(0.9999996612975705), np.float64(0.9999984531008749), np.float64(0.9999999999968586), np.float64(0.7145594603284411), np.float64(0.8657003892215456), np.float64(0.9999999999999787), 0.0, 0.0, np.float64(0.9999999999999927), 0.0, 0.0, 0.0, 0.0, 0.0, np.float64(0.9394544773908099), 0.0, 0.0, 0.0, 0.0, 0.0, np.float64(0.9914987793035955), 0.0, 0.0, 0.0, 0.0, 0.0, 0.0, 0.0, 0.0, 0.0, 0.0, 0.0, np.float64(0.9824648054271303), np.float64(0.9990297298133209), np.float64(0.9999994332775545), 0.0, 0.0, np.float64(0.9999996426270702), np.float64(0.9999999959258145), np.float64(0.6595410673883476), 0.0, 0.0, 0.0, 0.0, 0.0, 0.0, 0.0, 0.0, 0.0]",8605.0
BIOMD0000000015,16,37,0,1000,0.0,0.0,0.0,"[0.0, 0.0, 0.0, 0.0, 0.0, 0.0, 0.0, 0.0, 0.0, 0.0, 0.0, 0.0, 0.0, 0.0, 0.0, 0.0]",0.0,0.0,0.4621278779216967,0.9351196530737934,"[np.float64(0.9351196530737934), np.float64(0.9325868824118062), 0.0, np.float64(0.9243388056401077), 0.0, 0.0, 0.0, np.float64(0.9242557558433934), np.float64(0.9327617103106217), 0.0, np.float64(0.9242864278754435), np.float64(0.9327829200839939), 0.0, 0.0, np.float64(0.9250346172450692), 0.0]",243.0,0.0,0.0,0.9327829192125313,"[0.0, 0.0, 0.0, 0.0, 0.0, 0.0, 0.0, 0.0, 0.0, 0.0, 0.0, np.float64(0.9327829192125313), 0.0, 0.0, 0.0, np.float64(0.9305327910224656)]",1594.0
BIOMD0000000017,11,14,0,1000,0.0,0.0,3.3306690738754696e-16,"[np.float64(3.3306690738754696e-16), 0.0, np.float64(3.3306690738754696e-16), 0.0, np.float64(2.220446049250313e-16), 0.0, 0.0, 0.0, np.float64(1.1102230246251565e-16), 0.0, 0.0]",9.0,0.0,0.9485712210897399,0.9977510849503964,"[np.float64(0.9598633837717119), np.float64(0.9485712210897399), np.float64(0.9598633837717128), np.float64(0.948571221089734), np.float64(0.9321850144114063), np.float64(0.9908155055201271), np.float64(0.9908155055201255), np.float64(0.8072632929444585), np.float64(0.9977510849503964), 0.0, 0.0]",117.0,0.0,0.0,0.07125367178658815,"[0.0, 0.0, 0.0, 0.0, 0.0, np.float64(0.07125367178658815), np.float64(0.07125366197233585), 0.0, 0.0, 0.0, 0.0]",843.0
BIOMD0000000018,20,47,0,1000,0.0,0.0,0.0,"[0.0, 0.0, 0.0, 0.0, 0.0, 0.0, 0.0, 0.0, 0.0, 0.0, 0.0, 0.0, 0.0, 0.0, 0.0, 0.0, 0.0, 0.0, 0.0, 0.0]",0.0,0.0,0.0,0.0,"[0.0, 0.0, 0.0, 0.0, 0.0, 0.0, 0.0, 0.0, 0.0, 0.0, 0.0, 0.0, 0.0, 0.0, 0.0, 0.0, 0.0, 0.0, 0.0, 0.0]",102.0,0.0,0.0,0.0,"[0.0, 0.0, 0.0, 0.0, 0.0, 0.0, 0.0, 0.0, 0.0, 0.0, 0.0, 0.0, 0.0, 0.0, 0.0, 0.0, 0.0, 0.0, 0.0, 0.0]",680.0
BIOMD0000000019,93,125,0,1000,0.0,0.0,2.220446049250313e-16,"[0.0, 0.0, 0.0, 0.0, 0.0, 0.0, 0.0, 0.0, 0.0, 0.0, 0.0, 0.0, 0.0, np.float64(2.220446049250313e-16), 0.0, 0.0, 0.0, 0.0, 0.0, 0.0, 0.0, 0.0, 0.0, 0.0, 0.0, 0.0, 0.0, 0.0, 0.0, np.float64(1.1102230246251565e-16), 0.0, 0.0, 0.0, 0.0, 0.0, 0.0, 0.0, 0.0, np.float64(2.220446049250313e-16), 0.0, 0.0, 0.0, 0.0, 0.0, 0.0, 0.0, 0.0, 0.0, 0.0, 0.0, 0.0, 0.0, 0.0, 0.0, 0.0, 0.0, 0.0, 0.0, 0.0, 0.0, 0.0, 0.0, 0.0, 0.0, 0.0, 0.0, 0.0, 0.0, 0.0, 0.0, 0.0, 0.0, 0.0, 0.0, 0.0, 0.0, 0.0, 0.0, 0.0, 0.0, 0.0, 0.0, 0.0, 0.0, np.float64(2.220446049250313e-16), 0.0, 0.0, 0.0, 0.0, 0.0, 0.0, 0.0, 0.0]",23.0,0.0,0.08096666303656808,0.9999756308509145,"[np.float64(0.9999756308509145), np.float64(0.9994893235005511), np.float64(0.9972130345971271), np.float64(0.9987185541313842), 0.0, 0.0, np.float64(0.8066757486344793), np.float64(0.08096666303656808), np.float64(0.08096666303656808), 0.0, 0.0, np.float64(0.08096666303656808), np.float64(0.988012742458291), np.float64(0.999602985711915), np.float64(0.08096666303656808), 0.0, np.float64(0.08096666303656808), 0.0, np.float64(0.08096666303656808), np.float64(0.08096666303656808), np.float64(0.9999447282779483), np.float64(0.8550028082422365), np.float64(0.9999447311235027), np.float64(0.8642947541321764), np.float64(0.9760843150285105), np.float64(0.9373302761413461), 0.0, 0.0, np.float64(0.999944730403694), np.float64(0.9447780410512812), np.float64(0.9248626840636466), np.float64(0.9545392810218247), np.float64(0.9635620793181965), np.float64(0.9690132479025367), np.float64(0.9972144526296225), 0.0, 0.0, 0.0, np.float64(0.9673770657536827), 0.0, 0.0, 0.0, np.float64(0.08096666303656808), np.float64(0.08096666303656808), np.float64(0.08096666303656808), np.float64(0.08096666303656808), np.float64(0.08096666303656808), np.float64(0.08096666303656808), np.float64(0.08096666303656808), np.float64(0.08096666303656808), np.float64(0.08096666303656808), np.float64(0.08096666303656808), np.float64(0.08096666303656808), np.float64(0.08096666303656808), np.float64(0.08096666303656808), np.float64(0.08096666303656808), np.float64(0.08096666303656808), np.float64(0.08096666303656808), np.float64(0.08096666303656808), np.float64(0.08096666303656808), np.float64(0.08096666303656808), 0.0, 0.0, np.float64(0.08096666303656808), 0.0, np.float64(0.08096666303656808), np.float64(0.08096666303656808), np.float64(0.08096666303656808), np.float64(0.08096666303656808), np.float64(0.08096666303656808), np.float64(0.08096666303656808), np.float64(0.08096666303656808), np.float64(0.08096666303656808), np.float64(0.08096666303656808), np.float64(0.08096666303656808), np.float64(0.08096666303656808), np.float64(0.08096666303656808), np.float64(0.08096666303656808), np.float64(0.08096666303656808), np.float64(0.08096666303656808), np.float64(0.08096666303656808), np.float64(0.08096666303656808), np.float64(0.08096666303656808), np.float64(0.08096666303656808), 0.0, np.float64(0.08096666303656808), 0.0, 0.0, np.float64(0.08096666303656808), 0.0, 0.0, 0.0, np.float64(0.08096666303656808)]",1473.0,0.0,0.0,0.0,"[0.0, 0.0, 0.0, 0.0, 0.0, 0.0, 0.0, 0.0, 0.0, 0.0, 0.0, 0.0, 0.0, 0.0, 0.0, 0.0, 0.0, 0.0, 0.0, 0.0, 0.0, 0.0, 0.0, 0.0, 0.0, 0.0, 0.0, 0.0, 0.0, 0.0, 0.0, 0.0, 0.0, 0.0, 0.0, 0.0, 0.0, 0.0, 0.0, 0.0, 0.0, 0.0, 0.0, 0.0, 0.0, 0.0, 0.0, 0.0, 0.0, 0.0, 0.0, 0.0, 0.0, 0.0, 0.0, 0.0, 0.0, 0.0, 0.0, 0.0, 0.0, 0.0, 0.0, 0.0, 0.0, 0.0, 0.0, 0.0, 0.0, 0.0, 0.0, 0.0, 0.0, 0.0, 0.0, 0.0, 0.0, 0.0, 0.0, 0.0, 0.0, 0.0, 0.0, 0.0, 0.0, 0.0, 0.0, 0.0, 0.0, 0.0, 0.0, 0.0, 0.0]",0.0
BIOMD0000000021,10,24,0,1000,0.0,0.0,2.220446049250313e-16,"[0.0, 0.0, 0.0, 0.0, 0.0, 0.0, np.float64(2.220446049250313e-16), np.float64(2.220446049250313e-16), 0.0, 0.0]",4.0,0.0,0.9999995111298828,0.9999999999996237,"[np.float64(0.9999999999996237), np.float64(0.9999999999996237), np.float64(0.9999999970725599), np.float64(0.9999999970725599), np.float64(0.9999995111298828), np.float64(0.9999995111298828), np.float64(0.073636881305297), np.float64(0.073636881305297), 0.0, 0.0]",54.0,0.0,0.0,0.0,"[0.0, 0.0, 0.0, 0.0, 0.0, 0.0, 0.0, 0.0, 0.0, 0.0]",444.0
BIOMD0000000022,10,32,0,1000,0.0,0.0,0.0,"[0.0, 0.0, 0.0, 0.0, 0.0, 0.0, 0.0, 0.0, 0.0, 0.0]",0.0,0.8312196001251568,0.9486299079888934,0.9764180811892829,"[np.float64(0.946805921405315), np.float64(0.9764180811892829), np.float64(0.9699882981302654), np.float64(0.9578363041138627), np.float64(0.9507307919352753), np.float64(0.9100859875718241), np.float64(0.8312196001251568), np.float64(0.9370529247615058), np.float64(0.9504538945724716), np.float64(0.9093093561380543)]",108.0,0.0,0.0,0.0,"[0.0, 0.0, 0.0, 0.0, 0.0, 0.0, 0.0, 0.0, 0.0, 0.0]",656.0
BIOMD0000000023,5,11,0,1000,0.0,0.0,0.0,"[0.0, 0.0, 0.0, 0.0, 0.0]",0.0,0.0,0.0,0.0,"[0.0, 0.0, 0.0, 0.0, 0.0]",13.0,0.0,0.0,0.0,"[0.0, 0.0, 0.0, 0.0, 0.0]",96.0
BIOMD0000000026,11,10,0,1000,0.0,0.0,1.1102230246251565e-16,"[0.0, 0.0, np.float64(1.1102230246251565e-16), np.float64(1.1102230246251565e-16), 0.0, np.float64(1.1102230246251565e-16), 0.0, 0.0, 0.0, 0.0, 0.0]",7.0,0.0,0.8715056281570495,0.9992335566050937,"[np.float64(0.8715056281570495), np.float64(0.9655915750830779), np.float64(0.9992335566050937), np.float64(0.7678219678486387), np.float64(0.909309246540467), np.float64(0.7676712539944069), 0.0, np.float64(0.8729648611503389), 0.0, 0.0, np.float64(0.9090320635243817)]",116.0,0.0,0.0,0.0,"[0.0, 0.0, 0.0, 0.0, 0.0, 0.0, 0.0, 0.0, 0.0, 0.0, 0.0]",729.0
BIOMD0000000027,5,4,0,1000,0.0,0.0,2.220446049250313e-16,"[np.float64(2.220446049250313e-16), 0.0, np.float64(1.1102230246251565e-16), 0.0, 0.0]",2.0,0.0,0.9636308523650505,0.9999196418048647,"[np.float64(0.9999196418048647), np.float64(0.9636308523650505), np.float64(0.9914930498927581), 0.0, 0.0]",18.0,0.0,0.0,0.0,"[0.0, 0.0, 0.0, 0.0, 0.0]",16.0
BIOMD0000000028,16,17,0,1000,0.0,0.0,1.1102230246251565e-16,"[0.0, 0.0, np.float64(1.1102230246251565e-16), np.float64(1.1102230246251565e-16), 0.0, np.float64(1.1102230246251565e-16), 0.0, 0.0, 0.0, 0.0, 0.0, 0.0, 0.0, 0.0, 0.0, 0.0]",11.0,0.0,0.77164684406487,0.9999209206105554,"[np.float64(0.8301269325299769), np.float64(0.9993270190699644), np.float64(0.9999209206105554), 0.0, np.float64(0.7633946306339288), np.float64(0.7798990574958113), np.float64(0.9994606438482945), 0.0, np.float64(0.7401743927225971), np.float64(0.7503109163528092), 0.0, np.float64(0.9808676489221853), 0.0, np.float64(0.9958996367596229), np.float64(0.8248049716874511), np.float64(0.7356775606460266)]",249.0,0.0,0.0,0.0,"[0.0, 0.0, 0.0, 0.0, 0.0, 0.0, 0.0, 0.0, 0.0, 0.0, 0.0, 0.0, 0.0, 0.0, 0.0, 0.0]",2297.0
BIOMD0000000029,6,7,0,1000,0.0,0.0,0.0,"[0.0, 0.0, 0.0, 0.0, 0.0, 0.0]",4.0,0.0,0.982993261297388,0.9999969518992163,"[np.float64(0.9999969518992163), np.float64(0.9999923168554631), np.float64(0.9890195536833313), np.float64(0.9769669689114445), 0.0, 0.0]",28.0,0.0,0.0,0.9999999277620273,"[np.float64(0.999999926161015), np.float64(0.9999999277620273), 0.0, 0.0, 0.0, 0.0]",110.0
BIOMD0000000030,18,20,0,1000,0.0,0.0,1.1102230246251565e-16,"[np.float64(1.1102230246251565e-16), 0.0, 0.0, np.float64(1.1102230246251565e-16), 0.0, 0.0, 0.0, 0.0, 0.0, 0.0, 0.0, 0.0, 0.0, 0.0, 0.0, 0.0, 0.0, 0.0]",5.0,0.0,0.0,0.9999250721614832,"[np.float64(0.7803394412837773), 0.0, 0.0, np.float64(0.9999250721614832), np.float64(0.7628952575364382), np.float64(0.7766778940306848), 0.0, 0.0, np.float64(0.7627174553137968), np.float64(0.7627174553132212), 0.0, 0.0, 0.0, 0.0, 0.0, 0.0, np.float64(0.8271723243714979), np.float64(0.7311647548256349)]",300.0,0.0,0.0,0.0,"[0.0, 0.0, 0.0, 0.0, 0.0, 0.0, 0.0, 0.0, 0.0, 0.0, 0.0, 0.0, 0.0, 0.0, 0.0, 0.0, 0.0, 0.0]",2953.0
BIOMD0000000031,6,4,0,1000,0.0,0.0,1.1102230246251565e-16,"[np.float64(1.1102230246251565e-16), 0.0, 0.0, 0.0, 0.0, 0.0]",3.0,0.0,0.0,0.0,"[0.0, 0.0, 0.0, 0.0, 0.0, 0.0]",12.0,0.0,0.0,0.0,"[0.0, 0.0, 0.0, 0.0, 0.0, 0.0]",19.0
BIOMD0000000035,9,16,0,1000,0.0,0.0,0.0,"[0.0, 0.0, 0.0, 0.0, 0.0, 0.0, 0.0, 0.0, 0.0]",2.0,0.0,0.0,0.0,"[0.0, 0.0, 0.0, 0.0, 0.0, 0.0, 0.0, 0.0, 0.0]",43.0,0.0,0.0,0.0,"[0.0, 0.0, 0.0, 0.0, 0.0, 0.0, 0.0, 0.0, 0.0]",293.0
BIOMD0000000036,2,5,0,1000,0.0,0.0,0.0,"[0.0, 0.0]",0.0,0.033478800141718,0.22877077492555603,0.42406274970939406,"[np.float64(0.42406274970939406), np.float64(0.033478800141718)]",6.0,0.0,0.0,0.0,"[0.0, 0.0]",12.0
BIOMD0000000038,13,10,0,1000,0.0,0.0,1.1102230246251565e-16,"[0.0, 0.0, 0.0, 0.0, np.float64(1.1102230246251565e-16), 0.0, np.float64(1.1102230246251565e-16), np.float64(1.1102230246251565e-16), np.float64(1.1102230246251565e-16), 0.0, np.float64(1.1102230246251565e-16), 0.0, 0.0]",13.0,0.43313010539289654,0.7526502507628008,0.9201583821065391,"[np.float64(0.7514180506536678), np.float64(0.7526502507628008), np.float64(0.7385166352690442), np.float64(0.7581221527330952), np.float64(0.7217307797910331), np.float64(0.9201583821065391), np.float64(0.7548542294212697), np.float64(0.6883715316556935), np.float64(0.43313010539289654), np.float64(0.7794103275140246), np.float64(0.7601295259855576), np.float64(0.7511381003152509), np.float64(0.7693300526820467)]",182.0,0.0,0.0,0.0,"[0.0, 0.0, 0.0, 0.0, 0.0, 0.0, 0.0, 0.0, 0.0, 0.0, 0.0, 0.0, 0.0]",1365.0
BIOMD0000000039,5,7,0,1000,0.0,0.0,0.0,"[0.0, 0.0, 0.0, 0.0, 0.0]",2.0,0.41219622282610824,0.78031969814977,0.9814309971182295,"[np.float64(0.41219622282610824), np.float64(0.78031969814977), np.float64(0.5977315743400707), np.float64(0.9814309971182242), np.float64(0.9814309971182295)]",25.0,0.0,0.0,0.7143498132912374,"[np.float64(0.7143498132912374), 0.0, 0.0, 0.0, 0.0]",60.0
BIOMD0000000041,10,9,0,1000,0.0,0.0,1.1102230246251565e-16,"[0.0, 0.0, 0.0, np.float64(1.1102230246251565e-16), 0.0, 0.0, 0.0, 0.0, 0.0, 0.0]",10.0,0.0,0.8332028005438372,0.9999995973094618,"[np.float64(0.9998565712506201), np.float64(0.8362120356002052), np.float64(0.9999995973094618), 0.0, 0.0, np.float64(0.8248124455023484), np.float64(0.8301935654874693), np.float64(0.9999984868925847), np.float64(0.9994195209167769), np.float64(0.8206560816681159)]",101.0,0.0,0.0,0.0,"[0.0, 0.0, 0.0, 0.0, 0.0, 0.0, 0.0, 0.0, 0.0, 0.0]",604.0
BIOMD0000000042,15,25,0,1000,0.0,0.0,0.0,"[0.0, 0.0, 0.0, 0.0, 0.0, 0.0, 0.0, 0.0, 0.0, 0.0, 0.0, 0.0, 0.0, 0.0, 0.0]",7.0,0.0,0.6708347429678817,0.9844692907248355,"[np.float64(0.9272624816959234), np.float64(0.935578740647008), 0.0, 0.0, np.float64(0.9844692907248355), np.float64(0.9815537140678572), 0.0, np.float64(0.6708076457296062), np.float64(0.6708347429678817), np.float64(0.7737261585205213), 0.0, 0.0, 0.0, np.float64(0.7899441926132662), np.float64(0.806314135499088)]",189.0,0.0,0.0,0.0,"[0.0, 0.0, 0.0, 0.0, 0.0, 0.0, 0.0, 0.0, 0.0, 0.0, 0.0, 0.0, 0.0, 0.0, 0.0]",1812.0
BIOMD0000000043,5,7,0,1000,0.0,0.0,0.0,"[0.0, 0.0, 0.0, 0.0, 0.0]",5.0,0.9983328683239974,0.9999999239958149,0.9999999268260578,"[np.float64(0.9999999268260578), np.float64(0.9999992837342234), np.float64(0.9999999239958149), np.float64(0.9983328683239974), np.float64(0.9999999239958183)]",25.0,0.9984106075955135,0.9999999243484208,0.9999999271049517,"[np.float64(0.9999999271049517), np.float64(0.999999318587784), np.float64(0.9999999243484208), np.float64(0.9984106075955135), np.float64(0.9999999243484237)]",90.0
BIOMD0000000044,4,8,0,1000,0.0,0.0,0.0,"[0.0, 0.0, 0.0, 0.0]",3.0,0.0,0.0,0.0,"[0.0, 0.0, 0.0, 0.0]",12.0,0.0,0.0,0.0,"[0.0, 0.0, 0.0, 0.0]",25.0
BIOMD0000000045,4,8,0,1000,0.0,0.0,0.0,"[0.0, 0.0, 0.0, 0.0]",0.0,0.052171695969884024,0.35910480213753787,0.5719518105585665,"[np.float64(0.5719518105585665), np.float64(0.052171695969884024), np.float64(0.33523979958145167), np.float64(0.38296980469362407)]",19.0,0.1842982820764265,0.30805038663859546,0.5716884777857101,"[np.float64(0.5716884777857101), np.float64(0.1842982820764265), np.float64(0.22077140940990692), np.float64(0.395329363867284)]",59.0
BIOMD0000000046,12,15,0,1000,0.0,0.0,0.0,"[0.0, 0.0, 0.0, 0.0, 0.0, 0.0, 0.0, 0.0, 0.0, 0.0, 0.0, 0.0]",1.0,0.0,0.4520981861932311,0.8528719357785208,"[np.float64(0.6795814754075415), np.float64(0.7874725961552687), np.float64(0.7921869521504301), np.float64(0.618965740170324), 0.0, 0.0, np.float64(0.08427530030133124), 0.0, np.float64(0.12915958442809727), np.float64(0.2852306322161382), np.float64(0.8528719357785208), np.float64(0.7847917588708471)]",67.0,0.0,0.0,0.8393850963821721,"[np.float64(0.8393850963821721), 0.0, 0.0, 0.0, 0.0, 0.0, 0.0, 0.0, 0.0, 0.0, 0.0, 0.0]",546.0
BIOMD0000000050,14,16,0,1000,0.0,0.0,0.0,"[0.0, 0.0, 0.0, 0.0, 0.0, 0.0, 0.0, 0.0, 0.0, 0.0, 0.0, 0.0, 0.0, 0.0]",5.0,0.0,0.0,0.9999999551656221,"[np.float64(0.9998731811748705), 0.0, np.float64(0.999938507710811), np.float64(0.9999422059629686), np.float64(0.9999366601357556), 0.0, 0.0, np.float64(0.9999999551656221), 0.0, 0.0, 0.0, 0.0, 0.0, 0.0]",74.0,0.0,0.17419581271323437,0.17419581271323437,"[0.0, 0.0, 0.0, 0.0, 0.0, np.float64(0.17419581271323437), np.float64(0.17419581271323437), 0.0, np.float64(0.17419581271323437), np.float64(0.17419581271323437), np.float64(0.17419581271323437), np.float64(0.17419581271323437), np.float64(0.17419581271323437), np.float64(0.17419581271323437)]",248.0
BIOMD0000000051,18,48,0,1000,0.0,0.0,2.220446049250313e-16,"[0.0, np.float64(2.220446049250313e-16), 0.0, np.float64(1.1102230246251565e-16), 0.0, 0.0, 0.0, 0.0, 0.0, 0.0, 0.0, 0.0, 0.0, 0.0, 0.0, 0.0, 0.0, 0.0]",5.0,0.0,0.7958101238078619,0.999481414819477,"[np.float64(0.9912397398439966), 0.0, np.float64(0.9924497305063531), np.float64(0.993514757399324), np.float64(0.992731107396622), np.float64(0.6163100382526601), np.float64(0.7624556595211589), np.float64(0.999481414819477), np.float64(0.07408831917347602), np.float64(0.6028145484305656), np.float64(0.8291645880945647), np.float64(0.9869410156561532), 0.0, np.float64(0.7325061877911135), 0.0, np.float64(0.9934797930076815), np.float64(0.990841162182308), 0.0]",325.0,0.0,0.0,0.9994860121591526,"[0.0, 0.0, 0.0, 0.0, 0.0, 0.0, np.float64(0.9994860121591526), np.float64(0.9394811280723939), 0.0, 0.0, np.float64(0.5792224835471083), 0.0, np.float64(0.6913802850058215), np.float64(0.4419977096568597), 0.0, 0.0, 0.0, np.float64(0.5779273376124581)]",3416.0
BIOMD0000000053,6,12,0,1000,0.0,0.0,0.0,"[0.0, 0.0, 0.0, 0.0, 0.0, 0.0]",0.0,0.09490884767430108,0.9947254901910791,0.9999996117898926,"[np.float64(0.9999996117898926), np.float64(0.99995933883656), np.float64(0.9971272007888579), np.float64(0.09490884767430108), np.float64(0.9923237795933003), np.float64(0.09490884767430108)]",22.0,0.09490659519785705,0.99472636594873,0.9999996118036357,"[np.float64(0.9999996118036357), np.float64(0.9999593459671299), np.float64(0.9971276753899456), np.float64(0.09490659519785705), np.float64(0.9923250565075143), np.float64(0.09490659519785705)]",46.0
BIOMD0000000054,3,5,0,1000,0.0,0.0,0.0,"[0.0, 0.0, 0.0]",0.0,0.0,0.0,0.9886234492000532,"[np.float64(0.9886234492000532), 0.0, 0.0]",10.0,0.0,0.10569139968372732,0.999989941604212,"[np.float64(0.999989941604212), np.float64(0.10569139968372732), 0.0]",26.0
BIOMD0000000057,6,5,0,1000,0.0,0.0,0.0,"[0.0, 0.0, 0.0, 0.0, 0.0, 0.0]",3.0,0.0,0.9992810576845652,0.9997996373927697,"[np.float64(0.99952774349523), np.float64(0.9470341095082208), np.float64(0.9994088299817513), 0.0, np.float64(0.999153285387379), np.float64(0.9997996373927697)]",32.0,0.0,0.0,0.0,"[0.0, 0.0, 0.0, 0.0, 0.0, 0.0]",168.0
BIOMD0000000058,4,11,0,1000,0.0,0.0,2.220446049250313e-16,"[0.0, 0.0, 0.0, np.float64(2.220446049250313e-16)]",2.0,0.27601061965691087,0.8877666912438591,0.9966705138170042,"[np.float64(0.7932329040733025), np.float64(0.9823004784144156), np.float64(0.27601061965691087), np.float64(0.9966705138170042)]",19.0,0.9999025960055146,0.9999596540888191,0.9999956036594883,"[np.float64(0.9999284385025239), np.float64(0.9999956036594883), np.float64(0.9999025960055146), np.float64(0.9999908696751145)]",60.0
BIOMD0000000060,4,3,0,1000,0.0,5.551115123125783e-17,2.220446049250313e-16,"[np.float64(1.1102230246251565e-16), 0.0, 0.0, np.float64(2.220446049250313e-16)]",3.0,0.4856578280084225,0.4918951667446034,0.9999823654986271,"[np.float64(0.4981287298528648), np.float64(0.4856578280084225), np.float64(0.4856616036363419), np.float64(0.9999823654986271)]",20.0,0.0,0.0,0.9975807626955581,"[0.0, 0.0, 0.0, np.float64(0.9975807626955581)]",60.0
BIOMD0000000061,22,24,0,1000,0.0,0.0,0.0,"[0.0, 0.0, 0.0, 0.0, 0.0, 0.0, 0.0, 0.0, 0.0, 0.0, 0.0, 0.0, 0.0, 0.0, 0.0, 0.0, 0.0, 0.0, 0.0, 0.0, 0.0, 0.0]",3.0,0.0,0.0,0.32859742587755025,"[np.float64(0.32859742587755025), np.float64(0.17007849628869287), 0.0, 0.0, 0.0, 0.0, 0.0, 0.0, 0.0, 0.0, 0.0, 0.0, 0.0, 0.0, 0.0, 0.0, 0.0, 0.0, 0.0, 0.0, 0.0, 0.0]",478.0,0.0,0.0,0.0,"[0.0, 0.0, 0.0, 0.0, 0.0, 0.0, 0.0, 0.0, 0.0, 0.0, 0.0, 0.0, 0.0, 0.0, 0.0, 0.0, 0.0, 0.0, 0.0, 0.0, 0.0, 0.0]",5772.0
BIOMD0000000063,5,8,0,1000,0.0,0.0,0.0,"[0.0, 0.0, 0.0, 0.0, 0.0]",1.0,0.0,0.999891149866718,0.9999885523225055,"[0.0, np.float64(0.999891149866718), np.float64(0.9999828452607734), np.float64(0.9999885523225055), np.float64(0.9195560671700195)]",29.0,0.0,0.9998035880850357,0.9999998010660726,"[0.0, np.float64(0.9998035880850357), np.float64(0.9999998010660726), np.float64(0.9999972744151252), np.float64(0.8390403153856789)]",99.0
BIOMD0000000065,8,16,0,1000,0.0,0.0,0.0,"[0.0, 0.0, 0.0, 0.0, 0.0, 0.0, 0.0, 0.0]",1.0,0.0,0.9997366515099384,0.9999990167768374,"[np.float64(0.9995133991493885), np.float64(0.9999951915746907), np.float64(0.9886555954324447), np.float64(0.9802679852162367), np.float64(0.9999599038704884), 0.0, np.float64(0.9999990167768374), np.float64(0.9999914625572499)]",37.0,0.0,0.0,0.9999999371281242,"[0.0, 0.0, np.float64(0.9999999371281242), np.float64(0.8226971265077482), np.float64(0.2140472730543872), 0.0, 0.0, 0.0]",337.0
BIOMD0000000066,11,7,0,1000,0.0,0.0,0.0,"[0.0, 0.0, 0.0, 0.0, 0.0, 0.0, 0.0, 0.0, 0.0, 0.0, 0.0]",8.0,0.0,0.9487172974553076,0.9999992601230666,"[np.float64(0.9999992599990258), np.float64(0.02388458376449476), np.float64(0.02388458376449476), np.float64(0.02388458376449476), np.float64(0.9999992601230666), np.float64(0.02388458376449476), np.float64(0.998149344325049), np.float64(0.9999992592377085), np.float64(0.9999983332541512), 0.0, np.float64(0.9487172974553076)]",90.0,0.0,0.023884584270040365,0.9999992599990293,"[np.float64(0.9999992599990293), np.float64(0.023884584270040365), np.float64(0.023884584270040365), np.float64(0.023884584270040365), 0.0, np.float64(0.023884584270040365), np.float64(0.9981493443284626), 0.0, 0.0, np.float64(0.9999992549209766), np.float64(0.9487172974466693)]",100.0
BIOMD0000000067,7,13,0,1000,0.0,0.0,0.0,"[0.0, 0.0, 0.0, 0.0, 0.0, 0.0, 0.0]",3.0,0.0,0.07522226971765467,0.9999999608482831,"[0.0, np.float64(0.9999948234459781), np.float64(0.9999999608482831), np.float64(0.07522226971765467), np.float64(0.07522226971765467), np.float64(0.07522226971765467), 0.0]",14.0,0.0,0.0,0.0,"[0.0, 0.0, 0.0, 0.0, 0.0, 0.0, 0.0]",131.0
BIOMD0000000068,4,3,0,1000,0.0,0.0,3.3306690738754696e-16,"[np.float64(3.3306690738754696e-16), 0.0, 0.0, 0.0]",1.0,0.0,0.0,0.0,"[0.0, 0.0, 0.0, 0.0]",4.0,0.0,0.0,0.0,"[0.0, 0.0, 0.0, 0.0]",11.0
BIOMD0000000069,10,7,0,1000,0.0,0.0,2.220446049250313e-16,"[np.float64(2.220446049250313e-16), 0.0, 0.0, 0.0, 0.0, np.float64(2.220446049250313e-16), 0.0, 0.0, 0.0, 0.0]",8.0,0.9948158023599808,0.9971857625195528,0.999996471635644,"[np.float64(0.9996325289151408), np.float64(0.9976544112171261), np.float64(0.9948158023599808), np.float64(0.9985867197040118), np.float64(0.9999964716318822), np.float64(0.999996471635644), np.float64(0.9961146875445427), np.float64(0.9961146884094771), np.float64(0.9967171138219796), np.float64(0.9953424607097243)]",110.0,0.9999999997784702,0.999999999867742,0.9999999999941214,"[np.float64(0.9999999999941214), np.float64(0.99999999988958), np.float64(0.9999999997784702), np.float64(0.9999999999777959), np.float64(0.9999999999859595), np.float64(0.9999999999859595), np.float64(0.9999999998114697), np.float64(0.9999999998114697), np.float64(0.9999999998459042), np.float64(0.9999999998182064)]",660.0
BIOMD0000000070,40,38,0,1000,0.0,0.0,0.0,"[0.0, 0.0, 0.0, 0.0, 0.0, 0.0, 0.0, 0.0, 0.0, 0.0, 0.0, 0.0, 0.0, 0.0, 0.0, 0.0, 0.0, 0.0, 0.0, 0.0, 0.0, 0.0, 0.0, 0.0, 0.0, 0.0, 0.0, 0.0, 0.0, 0.0, 0.0, 0.0, 0.0, 0.0, 0.0, 0.0, 0.0, 0.0, 0.0, 0.0]",2.0,0.0,0.7671354502630324,0.9866416270938995,"[np.float64(0.9665010854667127), np.float64(0.36954838560932946), np.float64(0.9302390407891369), np.float64(0.9751662482808059), np.float64(0.9276255801084032), np.float64(0.8536099074521964), np.float64(0.9376101190275522), np.float64(0.9269921351795418), np.float64(0.7061586246125133), np.float64(0.7336498033385157), 0.0, np.float64(0.7336498619437402), np.float64(0.654656200068159), np.float64(0.7908287373283194), np.float64(0.6305750225022116), np.float64(0.3343333214276615), 0.0, np.float64(0.5439016238659197), np.float64(0.7526212035993942), 0.0, np.float64(0.8706956253105149), np.float64(0.6312648976141597), np.float64(0.9866416270938995), np.float64(0.9667054278030549), np.float64(0.7548728662207576), np.float64(0.7548729141163836), np.float64(0.9662446379740848), np.float64(0.9303941215195948), np.float64(0.9818650420180718), np.float64(0.8477405681049232), np.float64(0.8781025650807884), np.float64(0.8260844251656305), np.float64(0.7274138505130325), np.float64(0.7922448236920256), 0.0, np.float64(0.7558767682272238), np.float64(0.7589832846009099), np.float64(0.7853045160943095), np.float64(0.753303175770109), np.float64(0.7752876159251549)]",1636.0,0.0,0.0,0.0,"[0.0, 0.0, 0.0, 0.0, 0.0, 0.0, 0.0, 0.0, 0.0, 0.0, 0.0, 0.0, 0.0, 0.0, 0.0, 0.0, 0.0, 0.0, 0.0, 0.0, 0.0, 0.0, 0.0, 0.0, 0.0, 0.0, 0.0, 0.0, 0.0, 0.0, 0.0, 0.0, 0.0, 0.0, 0.0, 0.0, 0.0, 0.0, 0.0, 0.0]",32154.0
BIOMD0000000072,7,7,0,1000,0.0,0.0,2.220446049250313e-16,"[np.float64(2.220446049250313e-16), np.float64(2.220446049250313e-16), 0.0, 0.0, 0.0, 0.0, np.float64(2.220446049250313e-16)]",6.0,0.08717575320756532,0.9816256751038378,0.9980630737826767,"[np.float64(0.08717575320756532), np.float64(0.9592475779887258), np.float64(0.9980630737826758), np.float64(0.9980630737826767), np.float64(0.9980630720372706), np.float64(0.9816256751038378), np.float64(0.9595401809050194)]",35.0,0.0,0.2986246913555006,0.9999999990653229,"[0.0, 0.0, np.float64(0.9999999990653229), np.float64(0.9999999990653229), np.float64(0.9999999990653221), np.float64(0.2986246913555006), 0.0]",154.0
BIOMD0000000073,16,48,0,1000,0.0,0.0,2.220446049250313e-16,"[0.0, 0.0, 0.0, 0.0, 0.0, 0.0, np.float64(2.220446049250313e-16), 0.0, 0.0, np.float64(2.220446049250313e-16), 0.0, np.float64(2.220446049250313e-16), 0.0, 0.0, 0.0, np.float64(1.1102230246251565e-16)]",16.0,0.025226309402051728,0.9999973968390555,0.9999997371689173,"[np.float64(0.9878271097943867), np.float64(0.9983333702740723), np.float64(0.9999997197291619), np.float64(0.9999962719232884), np.float64(0.9999997371689173), np.float64(0.9954804015984242), np.float64(0.025226309402051728), np.float64(0.9985040069564357), np.float64(0.9999997278590875), np.float64(0.025226309402051728), np.float64(0.9999997203821397), np.float64(0.025226309402051728), np.float64(0.9999985217548226), np.float64(0.9999997206207215), np.float64(0.9999997192116623), np.float64(0.9999997194430625)]",208.0,0.0,0.0,0.9999997371688475,"[np.float64(0.987827108759509), 0.0, 0.0, 0.0, np.float64(0.9999997371688475), 0.0, np.float64(0.025226298528906566), 0.0, 0.0, np.float64(0.025226298528906566), 0.0, np.float64(0.025226298528906566), 0.0, 0.0, 0.0, 0.0]",1019.0
BIOMD0000000074,19,57,0,1000,0.0,0.0,0.0,"[0.0, 0.0, 0.0, 0.0, 0.0, 0.0, 0.0, 0.0, 0.0, 0.0, 0.0, 0.0, 0.0, 0.0, 0.0, 0.0, 0.0, 0.0, 0.0]",2.0,0.0,0.15199825965433267,0.9999999999996886,"[0.0, np.float64(0.9999999999996886), np.float64(0.9999999982117636), np.float64(0.9999999999975042), np.float64(0.15199825965433267), np.float64(0.15199825965433267), np.float64(0.15199825965433267), np.float64(0.15199825965433267), np.float64(0.15199825965433267), np.float64(0.15199825965433267), np.float64(0.15199825965433267), np.float64(0.15199825965433267), np.float64(0.15199825965433267), np.float64(0.9999993997621628), np.float64(0.15199825965433267), np.float64(0.15199825965433267), np.float64(0.15199825965433267), np.float64(0.15199825965433267), np.float64(0.15199825965433267)]",64.0,0.0,0.0,0.0,"[0.0, 0.0, 0.0, 0.0, 0.0, 0.0, 0.0, 0.0, 0.0, 0.0, 0.0, 0.0, 0.0, 0.0, 0.0, 0.0, 0.0, 0.0, 0.0]",834.0
BIOMD0000000076,1,2,0,1000,0.0,0.0,0.0,[0.0],1.0,0.9989358364509152,0.9989358364509152,0.9989358364509152,[np.float64(0.9989358364509152)],2.0,0.9999988465634533,0.9999988465634533,0.9999988465634533,[np.float64(0.9999988465634533)],3.0
BIOMD0000000078,16,48,0,1000,0.0,0.0,1.1102230246251565e-16,"[np.float64(1.1102230246251565e-16), np.float64(1.1102230246251565e-16), 0.0, 0.0, 0.0, 0.0, 0.0, 0.0, 0.0, 0.0, 0.0, 0.0, 0.0, 0.0, 0.0, np.float64(1.1102230246251565e-16)]",16.0,0.02522604080350821,0.9999976909038459,0.9999998086238123,"[np.float64(0.9860682318526686), np.float64(0.9977934170281849), np.float64(0.9999997907517677), np.float64(0.999996799288347), np.float64(0.9999998086238123), np.float64(0.9869490482727084), np.float64(0.02522604080350821), np.float64(0.994607078103139), np.float64(0.9999998015941565), np.float64(0.02522604080350821), np.float64(0.9999997917764091), np.float64(0.02522604080350821), np.float64(0.9999985825193449), np.float64(0.9999997915192114), np.float64(0.999999790305318), np.float64(0.9999997905052319)]",208.0,0.0,0.0,0.02522601679774683,"[0.0, 0.0, 0.0, 0.0, 0.0, 0.0, np.float64(0.02522601679774683), 0.0, 0.0, np.float64(0.02522601679774683), 0.0, np.float64(0.02522601679774683), 0.0, 0.0, 0.0, 0.0]",999.0
BIOMD0000000079,3,6,0,1000,0.0,0.0,0.0,"[0.0, 0.0, 0.0]",0.0,0.0,0.0,0.0,"[0.0, 0.0, 0.0]",5.0,0.0,0.0,0.603305044191954,"[0.0, np.float64(0.603305044191954), 0.0]",25.0
BIOMD0000000080,10,6,0,1000,0.0,0.0,0.0,"[0.0, 0.0, 0.0, 0.0, 0.0, 0.0, 0.0, 0.0, 0.0, 0.0]",0.0,0.0,0.0,0.0,"[0.0, 0.0, 0.0, 0.0, 0.0, 0.0, 0.0, 0.0, 0.0, 0.0]",4.0,0.0,0.0,0.0,"[0.0, 0.0, 0.0, 0.0, 0.0, 0.0, 0.0, 0.0, 0.0, 0.0]",10.0
BIOMD0000000081,21,15,0,1000,0.0,0.0,1.1102230246251565e-16,"[0.0, 0.0, 0.0, 0.0, 0.0, 0.0, 0.0, 0.0, np.float64(1.1102230246251565e-16), 0.0, 0.0, 0.0, 0.0, 0.0, 0.0, 0.0, np.float64(1.1102230246251565e-16), 0.0, 0.0, 0.0, 0.0]",7.0,0.0,0.012046360672419043,0.9696942336407126,"[np.float64(0.012046360672419043), np.float64(0.4075310704099723), np.float64(0.9696942336407126), np.float64(0.012046360672419043), 0.0, np.float64(0.18904318902333184), np.float64(0.012046360672419043), np.float64(0.05998852648008368), 0.0, np.float64(0.012046360672419043), 0.0, np.float64(0.012046360672419043), 0.0, 0.0, np.float64(0.012046360672419043), np.float64(0.012046360672419043), 0.0, 0.0, np.float64(0.4075310703040177), np.float64(0.012046360672419043), 0.0]",241.0,0.0,0.0,0.21491829347300495,"[np.float64(0.21491829347300495), 0.0, 0.0, np.float64(0.21491829347300495), 0.0, 0.0, np.float64(0.21491829347300495), 0.0, 0.0, np.float64(0.21491829347300495), 0.0, np.float64(0.21491829347300495), 0.0, 0.0, np.float64(0.21491829347300495), np.float64(0.21491829347300495), 0.0, 0.0, 0.0, np.float64(0.21491829347300495), 0.0]",1070.0
BIOMD0000000082,10,6,0,1000,0.0,0.0,0.0,"[0.0, 0.0, 0.0, 0.0, 0.0, 0.0, 0.0, 0.0, 0.0, 0.0]",0.0,0.0,0.0,0.0,"[0.0, 0.0, 0.0, 0.0, 0.0, 0.0, 0.0, 0.0, 0.0, 0.0]",0.0,0.0,0.0,0.0,"[0.0, 0.0, 0.0, 0.0, 0.0, 0.0, 0.0, 0.0, 0.0, 0.0]",0.0
BIOMD0000000083,19,57,0,1000,0.0,0.0,2.220446049250313e-16,"[np.float64(2.220446049250313e-16), np.float64(1.1102230246251565e-16), 0.0, 0.0, 0.0, 0.0, 0.0, 0.0, 0.0, 0.0, 0.0, 0.0, 0.0, 0.0, 0.0, 0.0, 0.0, 0.0, 0.0]",2.0,0.0,0.1519575039499309,0.999999999999904,"[0.0, np.float64(0.999999999999904), np.float64(0.9999999994441634), np.float64(0.999999999960957), np.float64(0.1519575039499309), np.float64(0.1519575039499309), np.float64(0.1519575039499309), np.float64(0.1519575039499309), np.float64(0.1519575039499309), np.float64(0.1519575039499309), np.float64(0.1519575039499309), np.float64(0.1519575039499309), np.float64(0.1519575039499309), np.float64(0.9999999597529435), np.float64(0.1519575039499309), np.float64(0.1519575039499309), np.float64(0.1519575039499309), np.float64(0.1519575039499309), np.float64(0.1519575039499309)]",64.0,0.0,0.0,0.2397263928278014,"[0.0, 0.0, 0.0, 0.0, 0.0, 0.0, 0.0, 0.0, 0.0, 0.0, 0.0, 0.0, 0.0, 0.0, 0.0, np.float64(0.2397263928278014), 0.0, 0.0, 0.0]",1073.0
BIOMD0000000084,8,8,0,1000,0.0,0.0,0.0,"[0.0, 0.0, 0.0, 0.0, 0.0, 0.0, 0.0, 0.0]",0.0,0.8479293120992986,0.9683187371165076,0.9962470639065083,"[np.float64(0.9419645389430104), np.float64(0.94196453894301), np.float64(0.9962470639065069), np.float64(0.9962470639065083), np.float64(0.8479293120992986), np.float64(0.8479293120993121), np.float64(0.994672935290005), np.float64(0.9946729352900049)]",54.0,0.989267004181001,0.9977730640648774,0.9998549822867607,"[np.float64(0.9998549822867607), np.float64(0.9998549822867603), np.float64(0.99772004033033), np.float64(0.9977200403303484), np.float64(0.9978260877994397), np.float64(0.9978260877994064), np.float64(0.9892670041810284), np.float64(0.989267004181001)]",300.0
BIOMD0000000085,17,17,0,1000,0.0,0.0,0.0,"[0.0, 0.0, 0.0, 0.0, 0.0, 0.0, 0.0, 0.0, 0.0, 0.0, 0.0, 0.0, 0.0, 0.0, 0.0, 0.0, 0.0]",0.0,0.0,0.0,0.0,"[0.0, 0.0, 0.0, 0.0, 0.0, 0.0, 0.0, 0.0, 0.0, 0.0, 0.0, 0.0, 0.0, 0.0, 0.0, 0.0, 0.0]",0.0,0.0,0.0,0.0,"[0.0, 0.0, 0.0, 0.0, 0.0, 0.0, 0.0, 0.0, 0.0, 0.0, 0.0, 0.0, 0.0, 0.0, 0.0, 0.0, 0.0]",0.0
BIOMD0000000086,17,24,0,1000,0.0,0.0,0.0,"[0.0, 0.0, 0.0, 0.0, 0.0, 0.0, 0.0, 0.0, 0.0, 0.0, 0.0, 0.0, 0.0, 0.0, 0.0, 0.0, 0.0]",0.0,0.0,0.0,0.0,"[0.0, 0.0, 0.0, 0.0, 0.0, 0.0, 0.0, 0.0, 0.0, 0.0, 0.0, 0.0, 0.0, 0.0, 0.0, 0.0, 0.0]",0.0,0.0,0.0,0.0,"[0.0, 0.0, 0.0, 0.0, 0.0, 0.0, 0.0, 0.0, 0.0, 0.0, 0.0, 0.0, 0.0, 0.0, 0.0, 0.0, 0.0]",0.0
BIOMD0000000087,54,43,0,1000,0.0,0.0,0.0,"[0.0, 0.0, 0.0, 0.0, 0.0, 0.0, 0.0, 0.0, 0.0, 0.0, 0.0, 0.0, 0.0, 0.0, 0.0, 0.0, 0.0, 0.0, 0.0, 0.0, 0.0, 0.0, 0.0, 0.0, 0.0, 0.0, 0.0, 0.0, 0.0, 0.0, 0.0, 0.0, 0.0, 0.0, 0.0, 0.0, 0.0, 0.0, 0.0, 0.0, 0.0, 0.0, 0.0, 0.0, 0.0, 0.0, 0.0, 0.0, 0.0, 0.0, 0.0, 0.0, 0.0, 0.0]",2.0,0.0,0.0,0.9880024564033397,"[0.0, 0.0, 0.0, 0.0, 0.0, 0.0, 0.0, 0.0, 0.0, 0.0, 0.0, 0.0, 0.0, 0.0, 0.0, np.float64(0.9880024564033397), np.float64(0.9880024561064633), 0.0, 0.0, 0.0, 0.0, 0.0, 0.0, 0.0, 0.0, 0.0, 0.0, 0.0, 0.0, 0.0, 0.0, 0.0, 0.0, 0.0, 0.0, 0.0, 0.0, 0.0, 0.0, 0.0, 0.0, 0.0, 0.0, 0.0, 0.0, 0.0, 0.0, 0.0, 0.0, 0.0, 0.0, 0.0, 0.0, 0.0]",801.0,0.0,0.0,0.0,"[0.0, 0.0, 0.0, 0.0, 0.0, 0.0, 0.0, 0.0, 0.0, 0.0, 0.0, 0.0, 0.0, 0.0, 0.0, 0.0, 0.0, 0.0, 0.0, 0.0, 0.0, 0.0, 0.0, 0.0, 0.0, 0.0, 0.0, 0.0, 0.0, 0.0, 0.0, 0.0, 0.0, 0.0, 0.0, 0.0, 0.0, 0.0, 0.0, 0.0, 0.0, 0.0, 0.0, 0.0, 0.0, 0.0, 0.0, 0.0, 0.0, 0.0, 0.0, 0.0, 0.0, 0.0]",7305.0
BIOMD0000000088,100,110,0,1000,0.0,0.0,2.220446049250313e-16,"[np.float64(2.220446049250313e-16), np.float64(2.220446049250313e-16), np.float64(2.220446049250313e-16), np.float64(2.220446049250313e-16), np.float64(2.220446049250313e-16), 0.0, np.float64(2.220446049250313e-16), np.float64(2.220446049250313e-16), np.float64(2.220446049250313e-16), np.float64(2.220446049250313e-16), 0.0, 0.0, 0.0, 0.0, 0.0, 0.0, 0.0, 0.0, 0.0, 0.0, 0.0, 0.0, np.float64(2.220446049250313e-16), 0.0, 0.0, 0.0, 0.0, np.float64(2.220446049250313e-16), 0.0, np.float64(1.1102230246251565e-16), 0.0, 0.0, np.float64(2.220446049250313e-16), 0.0, 0.0, np.float64(2.220446049250313e-16), 0.0, np.float64(2.220446049250313e-16), np.float64(2.220446049250313e-16), 0.0, np.float64(2.220446049250313e-16), 0.0, 0.0, np.float64(2.220446049250313e-16), 0.0, 0.0, 0.0, 0.0, 0.0, 0.0, 0.0, 0.0, 0.0, 0.0, 0.0, np.float64(2.220446049250313e-16), np.float64(2.220446049250313e-16), 0.0, 0.0, 0.0, np.float64(2.220446049250313e-16), np.float64(2.220446049250313e-16), np.float64(2.220446049250313e-16), np.float64(2.220446049250313e-16), np.float64(2.220446049250313e-16), np.float64(2.220446049250313e-16), np.float64(2.220446049250313e-16), np.float64(2.220446049250313e-16), np.float64(2.220446049250313e-16), 0.0, 0.0, 0.0, 0.0, 0.0, 0.0, np.float64(2.220446049250313e-16), 0.0, 0.0, 0.0, 0.0, 0.0, 0.0, np.float64(2.220446049250313e-16), np.float64(2.220446049250313e-16), np.float64(2.220446049250313e-16), np.float64(2.220446049250313e-16), np.float64(2.220446049250313e-16), np.float64(2.220446049250313e-16), 0.0, 0.0, np.float64(2.220446049250313e-16), np.float64(2.220446049250313e-16), np.float64(2.220446049250313e-16), np.float64(2.220446049250313e-16), 0.0, np.float64(2.220446049250313e-16), 0.0, 0.0, 0.0, 0.0]",46.0,0.0,0.3532862260075297,0.9999999999999558,"[0.0, 0.0, 0.0, 0.0, 0.0, 0.0, 0.0, 0.0, 0.0, 0.0, 0.0, 0.0, 0.0, np.float64(0.9999999999999525), 0.0, 0.0, 0.0, 0.0, 0.0, 0.0, 0.0, 0.0, 0.0, np.float64(0.9999999164884971), np.float64(0.9999999998165117), np.float64(0.9999999999779071), 0.0, np.float64(0.3532862260075297), np.float64(0.9999999999981392), 0.0, 0.0, 0.0, np.float64(0.3532862260075297), np.float64(0.9999991359874855), np.float64(0.9999972453184559), np.float64(0.3532862260075297), np.float64(0.9999972475204251), np.float64(0.3532862260075297), np.float64(0.3532862260075297), 0.0, np.float64(0.3532862260075297), np.float64(0.9999972476203782), np.float64(0.9999972464910226), np.float64(0.3532862260075297), np.float64(0.9999999999490414), 0.0, np.float64(0.9999972460935679), np.float64(0.9999999999998692), np.float64(0.9999999999986127), np.float64(0.9999999999999558), np.float64(0.9999897439973191), np.float64(0.9999990195585703), np.float64(0.9999999998845622), np.float64(0.9999999998250195), np.float64(0.9719990306130947), 0.0, 0.0, np.float64(0.6262811927457584), np.float64(0.9999999997825515), np.float64(0.9999999999432316), 0.0, 0.0, 0.0, 0.0, 0.0, 0.0, 0.0, 0.0, 0.0, np.float64(0.999999999782551), np.float64(0.9999999999432316), np.float64(0.9913016467659544), np.float64(0.9599087072106878), np.float64(0.999999999999657), np.float64(0.999999999999925), 0.0, np.float64(0.9999999999998888), np.float64(0.9999999999999509), np.float64(0.999999999999876), np.float64(0.9999998525888001), np.float64(0.9999999999981457), np.float64(0.9999999003203025), np.float64(0.3532862260075297), np.float64(0.3532862260075297), np.float64(0.3532862260075297), np.float64(0.3532862260075297), np.float64(0.3532862260075297), np.float64(0.3532862260075297), 0.0, np.float64(0.9340736112292418), 0.0, 0.0, 0.0, np.float64(0.3532862260075297), np.float64(0.9999995012632554), 0.0, np.float64(0.9999999999996789), np.float64(0.9999999999904662), np.float64(0.9999999999990273), np.float64(0.9999999999995997)]",4626.0,0.0,0.0,1.0,"[0.0, 0.0, 0.0, 0.0, 0.0, np.float64(0.9999999999999902), 0.0, 0.0, 0.0, 0.0, 0.0, 0.0, np.float64(0.9999999999841961), 0.0, 0.0, 0.0, 0.0, 0.0, 0.0, 0.0, 0.0, 1.0, 0.0, 0.0, np.float64(0.5035573280420763), 0.0, 0.0, 0.0, np.float64(0.9988778150979251), 0.0, 0.0, 0.0, 0.0, 0.0, np.float64(0.9953369485698077), 0.0, np.float64(0.9999969729457218), 0.0, 0.0, 0.0, 0.0, np.float64(0.995361069232414), np.float64(0.9999969574457908), 0.0, 0.0, 0.0, np.float64(0.9999969421464698), 0.0, np.float64(0.9887292976635907), 0.0, 0.0, 0.0, np.float64(0.9676432154237765), np.float64(0.4187089425901057), 0.0, 0.0, 0.0, 0.0, 0.0, np.float64(0.5811356616269064), 0.0, 0.0, 0.0, 0.0, 0.0, 0.0, 0.0, 0.0, 0.0, 0.0, np.float64(0.5811356035833566), 0.0, 0.0, 0.0, 0.0, 0.0, 0.0, 0.0, 0.0, 0.0, np.float64(0.9988260423995632), 0.0, 0.0, 0.0, 0.0, 0.0, 0.0, 0.0, 0.0, 0.0, 0.0, 0.0, 0.0, 0.0, 0.0, 0.0, 0.0, 0.0, np.float64(0.9180563024454551), 0.0]",56379.0
BIOMD0000000090,13,21,0,1000,0.0,0.0,0.0,"[0.0, 0.0, 0.0, 0.0, 0.0, 0.0, 0.0, 0.0, 0.0, 0.0, 0.0, 0.0, 0.0]",1.0,0.0,0.7573126382867325,0.9999590887488047,"[np.float64(0.9720368748287956), np.float64(0.9451466966261809), np.float64(0.6394807902235666), np.float64(0.7573126382867325), np.float64(0.98976666725847), np.float64(0.9999590887488047), np.float64(0.5068747383504144), np.float64(0.4187815387389212), np.float64(0.6764684283515452), np.float64(0.4344130147628472), np.float64(0.9780894043113353), np.float64(0.9913413398830094), 0.0]",162.0,0.0,0.0,0.9999997215038826,"[np.float64(0.9916787721127545), np.float64(0.8125184322156922), 0.0, 0.0, 0.0, np.float64(0.9995429314147535), 0.0, 0.0, 0.0, np.float64(0.8552369940244208), np.float64(0.9999997215038826), np.float64(0.9445872935640465), 0.0]",1339.0
BIOMD0000000091,15,23,0,1000,0.0,0.0,0.0,"[0.0, 0.0, 0.0, 0.0, 0.0, 0.0, 0.0, 0.0, 0.0, 0.0, 0.0, 0.0, 0.0, 0.0, 0.0]",8.0,0.0,0.4125377084941667,0.9999986688414604,"[np.float64(0.9999969116671816), 0.0, 0.0, 0.0, np.float64(0.9999986688308435), np.float64(0.4125377084941667), 0.0, np.float64(0.9999986688414604), 0.0, np.float64(0.8835651481001859), np.float64(0.8839858994899303), np.float64(0.07630994390201185), 0.0, np.float64(0.8988569780921478), np.float64(0.8988569780922944)]",129.0,0.0,0.8988569771912487,0.9999999997766656,"[np.float64(0.9999969116671417), 0.0, 0.0, 0.0, np.float64(0.999998668830812), np.float64(0.9997837429322841), 0.0, np.float64(0.9999986688414289), 0.0, np.float64(0.9999999997746604), np.float64(0.9999999997766656), 0.0, 0.0, np.float64(0.8988569771912487), np.float64(0.8988569771912495)]",124.0
BIOMD0000000092,4,3,0,1000,1.1102230246251565e-16,1.1102230246251565e-16,1.1102230246251565e-16,"[np.float64(1.1102230246251565e-16), np.float64(1.1102230246251565e-16), np.float64(1.1102230246251565e-16), np.float64(1.1102230246251565e-16)]",0.0,1.1102230246251565e-16,1.1102230246251565e-16,1.1102230246251565e-16,"[np.float64(1.1102230246251565e-16), np.float64(1.1102230246251565e-16), np.float64(1.1102230246251565e-16), np.float64(1.1102230246251565e-16)]",0.0,0.0,0.0,0.0,"[0.0, 0.0, 0.0, 0.0]",0.0
BIOMD0000000093,33,46,0,1000,0.0,0.0,0.0,"[0.0, 0.0, 0.0, 0.0, 0.0, 0.0, 0.0, 0.0, 0.0, 0.0, 0.0, 0.0, 0.0, 0.0, 0.0, 0.0, 0.0, 0.0, 0.0, 0.0, 0.0, 0.0, 0.0, 0.0, 0.0, 0.0, 0.0, 0.0, 0.0, 0.0, 0.0, 0.0, 0.0]",0.0,0.0,0.0,0.9997859705267848,"[np.float64(0.776836146321943), 0.0, 0.0, 0.0, 0.0, 0.0, np.float64(0.9997859705267848), 0.0, 0.0, 0.0, 0.0, 0.0, 0.0, 0.0, 0.0, 0.0, 0.0, 0.0, 0.0, 0.0, 0.0, 0.0, 0.0, 0.0, 0.0, 0.0, 0.0, 0.0, 0.0, 0.0, 0.0, 0.0, 0.0]",875.0,0.0,0.0,0.4789502293478275,"[0.0, 0.0, 0.0, 0.0, 0.0, 0.0, 0.0, 0.0, 0.0, 0.0, 0.0, 0.0, 0.0, 0.0, 0.0, 0.0, 0.0, 0.0, 0.0, 0.0, 0.0, 0.0, 0.0, 0.0, 0.0, 0.0, 0.0, 0.0, 0.0, 0.0, 0.0, np.float64(0.4789502293478275), 0.0]",2412.0
BIOMD0000000094,33,45,0,1000,0.0,0.0,2.220446049250313e-16,"[0.0, 0.0, 0.0, 0.0, np.float64(2.220446049250313e-16), 0.0, 0.0, 0.0, 0.0, 0.0, 0.0, 0.0, 0.0, 0.0, 0.0, 0.0, 0.0, 0.0, 0.0, 0.0, 0.0, 0.0, 0.0, 0.0, 0.0, 0.0, 0.0, 0.0, 0.0, 0.0, 0.0, 0.0, np.float64(1.1102230246251565e-16)]",6.0,0.0,0.0,0.9999345390184977,"[np.float64(0.9993722803995593), np.float64(0.9994009180254617), np.float64(0.9990240544339404), np.float64(0.9994032575845716), np.float64(0.9999345390184977), 0.0, np.float64(0.9991194340832693), np.float64(0.9553053689011757), np.float64(0.997373160938037), np.float64(0.33111513757191857), np.float64(0.06935451865519948), 0.0, 0.0, 0.0, 0.0, 0.0, 0.0, 0.0, 0.0, np.float64(0.42748461995821063), np.float64(0.42748461995821063), np.float64(0.42748461995821063), 0.0, 0.0, 0.0, 0.0, 0.0, np.float64(0.8568961464544648), np.float64(0.42748461995821063), 0.0, 0.0, 0.0, np.float64(0.9992151664771488)]",370.0,0.0,0.0,0.7529708530160233,"[0.0, 0.0, 0.0, 0.0, 0.0, 0.0, np.float64(0.7529708530160233), 0.0, 0.0, 0.0, np.float64(0.09360293306011236), 0.0, 0.0, 0.0, 0.0, 0.0, 0.0, 0.0, np.float64(0.24210919021684119), np.float64(0.24210919021684119), np.float64(0.24210919021684119), np.float64(0.24210919021684119), np.float64(0.24210919021684119), np.float64(0.24210919021684119), np.float64(0.24210919021684119), np.float64(0.24210919021684119), np.float64(0.24210919021684119), 0.0, np.float64(0.24210919021684119), np.float64(0.24210919021684119), 0.0, np.float64(0.24210919021684119), 0.0]",4720.0
BIOMD0000000095,19,46,0,1000,0.0,0.0,3.3306690738754696e-16,"[np.float64(3.3306690738754696e-16), 0.0, 0.0, 0.0, 0.0, 0.0, 0.0, 0.0, 0.0, 0.0, 0.0, 0.0, 0.0, 0.0, 0.0, 0.0, 0.0, 0.0, 0.0]",15.0,0.07778390118739109,0.9986015060371943,0.9999954538691008,"[np.float64(0.9991431363695085), np.float64(0.9199428196997385), np.float64(0.9997975828854411), np.float64(0.9999804405985392), np.float64(0.9986015060371943), np.float64(0.9999797508976046), np.float64(0.7844066120967818), np.float64(0.9947294151836503), np.float64(0.9964277834708035), np.float64(0.9584323185732676), np.float64(0.07778390118739109), np.float64(0.9987106351479307), np.float64(0.9999514640244174), np.float64(0.9999921973552605), np.float64(0.9922973843399386), np.float64(0.9999954538691008), np.float64(0.9998522232593585), np.float64(0.9150250661288851), np.float64(0.9975525006270668)]",362.0,0.0,0.9793896585664698,0.9999942988242166,"[np.float64(0.9793896585664698), 0.0, np.float64(0.9992958092761688), np.float64(0.7555730942895063), 0.0, np.float64(0.9999942988242166), 0.0, 0.0, 0.0, 0.0, 0.0, np.float64(0.9998421359367059), np.float64(0.9949647392256531), np.float64(0.9998014851393867), np.float64(0.9999921269053588), np.float64(0.9997707435295498), np.float64(0.9927192610504648), 0.0, np.float64(0.9964426438468896)]",3982.0
BIOMD0000000096,19,46,0,1000,0.0,0.0,2.220446049250313e-16,"[0.0, 0.0, 0.0, 0.0, 0.0, 0.0, 0.0, 0.0, 0.0, 0.0, 0.0, 0.0, 0.0, 0.0, 0.0, 0.0, 0.0, 0.0, np.float64(2.220446049250313e-16)]",10.0,0.9149265556633674,0.9977366147779488,0.9999308456068355,"[np.float64(0.9984749176211759), np.float64(0.9216416328878247), np.float64(0.9919816270153186), np.float64(0.9977366147779488), np.float64(0.9149265556633674), np.float64(0.9999308456068355), np.float64(0.9999112518019845), np.float64(0.9997868089027245), np.float64(0.9919440425481085), np.float64(0.9374350144956495), np.float64(0.9905387624568667), np.float64(0.9971042151804553), np.float64(0.9915221866451391), np.float64(0.9998562393771557), np.float64(0.9994664864004515), np.float64(0.9998523657404114), np.float64(0.999822272256749), np.float64(0.9265309883956394), np.float64(0.9998665001796426)]",356.0,0.0,0.0,0.9999997734970769,"[np.float64(0.9523155807859348), 0.0, np.float64(0.9981658600452977), 0.0, 0.0, np.float64(0.9999997033494172), 0.0, 0.0, np.float64(0.9999997734970769), 0.0, 0.0, np.float64(0.999995591867758), 0.0, 0.0, np.float64(0.9999345889000028), np.float64(0.9999980883439082), np.float64(0.9989771021886873), 0.0, np.float64(0.9998645086685111)]",3979.0
BIOMD0000000097,19,46,0,1000,0.0,0.0,0.0,"[0.0, 0.0, 0.0, 0.0, 0.0, 0.0, 0.0, 0.0, 0.0, 0.0, 0.0, 0.0, 0.0, 0.0, 0.0, 0.0, 0.0, 0.0, 0.0]",12.0,0.45006800480124187,0.9943185766938858,0.9999771985651653,"[np.float64(0.9413879424849776), np.float64(0.9236055719485704), np.float64(0.9993787658878376), np.float64(0.45006800480124187), np.float64(0.9942180636242123), np.float64(0.9999674254134431), np.float64(0.9999597162696922), np.float64(0.9943185766938858), np.float64(0.9805017662787265), np.float64(0.9376292337279362), np.float64(0.9992698213758843), np.float64(0.9821304405452861), np.float64(0.999512686432721), np.float64(0.9992741778726075), np.float64(0.9913725686374046), np.float64(0.9996997559809763), np.float64(0.9999771985651653), np.float64(0.9814299802929647), np.float64(0.9999612056364384)]",337.0,0.0,0.9965935739501652,0.9999997712717738,"[np.float64(0.7063399098588112), 0.0, np.float64(0.9991554842220948), 0.0, 0.0, np.float64(0.9999994990263144), np.float64(0.9999997712717738), np.float64(0.9999914611873745), np.float64(0.94878086489347), 0.0, np.float64(0.1317706075944297), np.float64(0.9965935739501652), np.float64(0.8379921860423281), np.float64(0.9999996324952201), np.float64(0.9999926694749562), np.float64(0.9999991227492747), np.float64(0.9999530762709619), np.float64(0.6897883120215087), np.float64(0.9999932351277697)]",3983.0
BIOMD0000000098,2,6,0,1000,0.0,0.0,0.0,"[0.0, 0.0]",0.0,0.0,0.23794893733992617,0.47589787467985234,"[np.float64(0.47589787467985234), 0.0]",6.0,0.0,0.1472513003312248,0.2945026006624496,"[0.0, np.float64(0.2945026006624496)]",12.0
BIOMD0000000099,7,14,0,1000,0.0,0.0,0.0,"[0.0, 0.0, 0.0, 0.0, 0.0, 0.0, 0.0]",6.0,0.9994216621728711,0.9999659531058678,0.999999050789265,"[np.float64(0.9999988575823214), np.float64(0.9999659531058678), np.float64(0.999999050789265), np.float64(0.9994216621728711), np.float64(0.999999005623356), np.float64(0.9997825752657619), np.float64(0.9996014370119586)]",38.0,0.9999999942124683,0.9999999976554352,0.9999999998981486,"[np.float64(0.9999999995801612), np.float64(0.9999999942124683), np.float64(0.9999999951547248), np.float64(0.9999999998653355), np.float64(0.9999999998981486), np.float64(0.9999999950622265), np.float64(0.9999999976554352)]",252.0
BIOMD0000000100,4,10,0,1000,0.0,0.0,0.0,"[0.0, 0.0, 0.0, 0.0]",4.0,0.3356220711582606,0.6435099387873828,0.7800232621359334,"[np.float64(0.3356220711582606), np.float64(0.6662550472191748), np.float64(0.7800232621359334), np.float64(0.6207648303555908)]",20.0,0.9380491814392676,0.9948413620029251,0.9978692335112662,"[np.float64(0.9935624131511399), np.float64(0.9961203108547102), np.float64(0.9978692335112662), np.float64(0.9380491814392676)]",60.0
BIOMD0000000101,6,13,0,1000,0.0,0.0,0.0,"[0.0, 0.0, 0.0, 0.0, 0.0, 0.0]",5.0,0.0,0.4982214076594627,0.9999999923251255,"[np.float64(0.9999999923251255), np.float64(0.9999999912811798), 0.0, np.float64(0.9964428153189254), 0.0, 0.0]",35.0,0.0,0.9999999902991734,0.9999999986466179,"[np.float64(0.9999999910969254), np.float64(0.9999999895014214), 0.0, 0.0, np.float64(0.9999999986466179), np.float64(0.9999999981594235)]",163.0
BIOMD0000000102,13,28,0,1000,0.0,0.0,1.1102230246251565e-16,"[np.float64(1.1102230246251565e-16), np.float64(1.1102230246251565e-16), 0.0, 0.0, 0.0, 0.0, 0.0, 0.0, 0.0, 0.0, 0.0, 0.0, 0.0]",9.0,0.0,0.0,0.9965729427566353,"[0.0, 0.0, 0.0, 0.0, 0.0, 0.0, 0.0, 0.0, np.float64(0.9010153020391556), np.float64(0.9911339373495177), 0.0, np.float64(0.9965729427566353), 0.0]",116.0,0.0,0.0,0.0,"[0.0, 0.0, 0.0, 0.0, 0.0, 0.0, 0.0, 0.0, 0.0, 0.0, 0.0, 0.0, 0.0]",625.0
BIOMD0000000103,17,42,0,1000,0.0,0.0,2.220446049250313e-16,"[0.0, np.float64(1.1102230246251565e-16), 0.0, 0.0, 0.0, np.float64(2.220446049250313e-16), 0.0, 0.0, 0.0, 0.0, 0.0, 0.0, 0.0, 0.0, 0.0, 0.0, 0.0]",8.0,0.0,0.0,0.9999999997581023,"[0.0, np.float64(0.9999999993493011), 0.0, 0.0, 0.0, np.float64(0.9999999997581023), 0.0, 0.0, np.float64(0.8694396560371072), 0.0, 0.0, 0.0, 0.0, np.float64(0.9283320204338951), np.float64(0.5816284793656123), np.float64(0.1193948173795426), np.float64(0.1193948173795426)]",170.0,0.0,0.0,0.6904189530158177,"[0.0, 0.0, 0.0, 0.0, 0.0, 0.0, 0.0, 0.0, 0.0, 0.0, 0.0, 0.0, 0.0, np.float64(0.6904189530158177), 0.0, np.float64(0.20164982878010718), np.float64(0.20164982878010718)]",1240.0
BIOMD0000000105,35,94,0,1000,0.0,0.0,0.0,"[0.0, 0.0, 0.0, 0.0, 0.0, 0.0, 0.0, 0.0, 0.0, 0.0, 0.0, 0.0, 0.0, 0.0, 0.0, 0.0, 0.0, 0.0, 0.0, 0.0, 0.0, 0.0, 0.0, 0.0, 0.0, 0.0, 0.0, 0.0, 0.0, 0.0, 0.0, 0.0, 0.0, 0.0, 0.0]",6.0,0.0,0.2036312739210473,0.9999999980136629,"[0.0, 0.0, 0.0, np.float64(0.8314633465863353), 0.0, 0.0, np.float64(0.2036312739210473), np.float64(0.28974267331092696), np.float64(0.2036312739210473), np.float64(0.8314633123558426), 0.0, 0.0, 0.0, 0.0, 0.0, 0.0, 0.0, 0.0, np.float64(0.9750816419504231), 0.0, np.float64(0.28454028516265306), np.float64(0.2036312739210473), np.float64(0.2036312739210473), np.float64(0.2036312739210473), np.float64(0.2036312739210473), np.float64(0.2036312739210473), np.float64(0.2036312739210473), np.float64(0.2036312739210473), np.float64(0.2036312739210473), np.float64(0.2036312739210473), np.float64(0.9999999980136629), 0.0, np.float64(0.2036312739210473), np.float64(0.2036312739210473), np.float64(0.2036312739210473)]",214.0,0.0,0.9999997654653908,0.9999999998119432,"[np.float64(0.9999999991731693), np.float64(0.9999999998119432), np.float64(0.9999999931882652), np.float64(0.9999999734811666), np.float64(0.9999997654653908), np.float64(0.9999999996931254), 0.0, np.float64(0.9999999984029304), 0.0, np.float64(0.9999999734811457), np.float64(0.9999997654649396), np.float64(0.9999999996743623), np.float64(0.9999995894572647), np.float64(0.9999998708647827), np.float64(0.9999999530319177), np.float64(0.9999998817691709), np.float64(0.9999999937266835), np.float64(0.9999999359296541), np.float64(0.9999999895769061), np.float64(0.9999999275300279), np.float64(0.9999999890146526), 0.0, 0.0, 0.0, 0.0, 0.0, 0.0, 0.0, 0.0, 0.0, 0.0, np.float64(0.999999999347106), 0.0, 0.0, 0.0]",2.0
BIOMD0000000107,9,23,0,1000,0.0,0.0,2.220446049250313e-16,"[0.0, 0.0, np.float64(1.1102230246251565e-16), 0.0, 0.0, 0.0, 0.0, 0.0, np.float64(2.220446049250313e-16)]",4.0,0.15202550879806676,0.9999999768322616,0.9999999997857751,"[np.float64(0.9999999768322616), np.float64(0.9999590876433504), np.float64(0.9999999133086198), np.float64(0.9999999155328146), np.float64(0.9999999997857751), np.float64(0.9999999996381169), np.float64(0.999999999735896), np.float64(0.9999999984790616), np.float64(0.15202550879806676)]",62.0,0.0,0.0,0.9998515259898737,"[np.float64(0.9998515259898737), 0.0, 0.0, 0.0, 0.0, 0.0, 0.0, np.float64(0.9234825076283655), np.float64(0.21536841848878896)]",345.0
BIOMD0000000108,9,17,0,1000,0.0,0.0,0.0,"[0.0, 0.0, 0.0, 0.0, 0.0, 0.0, 0.0, 0.0, 0.0]",0.0,0.0,0.0,0.9999992184279662,"[0.0, 0.0, 0.0, 0.0, 0.0, np.float64(0.9999992184279662), 0.0, 0.0, 0.0]",4.0,0.0,0.0,0.0,"[0.0, 0.0, 0.0, 0.0, 0.0, 0.0, 0.0, 0.0, 0.0]",8.0
BIOMD0000000112,10,8,0,1000,0.0,0.0,0.0,"[0.0, 0.0, 0.0, 0.0, 0.0, 0.0, 0.0, 0.0, 0.0, 0.0]",10.0,0.0,0.8699316523597094,0.9973572862957115,"[np.float64(0.6955761452365592), np.float64(0.9973572862957115), np.float64(0.8755921516507392), np.float64(0.9254413674765362), 0.0, np.float64(0.9969789040912831), 0.0, 0.0, np.float64(0.938566872487009), np.float64(0.8642711530686794)]",87.0,0.0,0.0,0.0,"[0.0, 0.0, 0.0, 0.0, 0.0, 0.0, 0.0, 0.0, 0.0, 0.0]",308.0
BIOMD0000000113,4,7,0,1000,0.0,0.0,0.0,"[0.0, 0.0, 0.0, 0.0]",3.0,0.02730642963797625,0.22273528226158673,0.9859557115400907,"[np.float64(0.14722166983134333), np.float64(0.29824889469183014), np.float64(0.02730642963797625), np.float64(0.9859557115400907)]",15.0,0.12382907174584634,0.8637973480093817,0.9982528422093829,"[np.float64(0.8505185222126069), np.float64(0.8770761738061563), np.float64(0.12382907174584634), np.float64(0.9982528422093829)]",45.0
BIOMD0000000114,2,4,0,1000,0.0,0.0,0.0,"[0.0, 0.0]",0.0,0.0,0.13812692061405207,0.27625384122810415,"[0.0, np.float64(0.27625384122810415)]",4.0,0.0,0.0,0.0,"[0.0, 0.0]",5.0
BIOMD0000000115,2,5,0,1000,0.0,0.0,0.0,"[0.0, 0.0]",1.0,0.14936056500239525,0.2655337987771449,0.38170703255189453,"[np.float64(0.38170703255189453), np.float64(0.14936056500239525)]",6.0,0.8220027403447165,0.8463532842955547,0.8707038282463928,"[np.float64(0.8707038282463928), np.float64(0.8220027403447165)]",12.0
BIOMD0000000116,6,10,0,1000,0.0,0.0,0.0,"[0.0, 0.0, 0.0, 0.0, 0.0, 0.0]",0.0,0.9501002177595167,0.9845764075031169,0.9934965028533257,"[np.float64(0.9501002177595167), np.float64(0.9825485568601366), np.float64(0.9866042581460973), np.float64(0.9912350809056456), np.float64(0.9934965028533257), np.float64(0.9769713854193735)]",36.0,0.950100178700285,0.9845764141140848,0.9934965181779764,"[np.float64(0.950100178700285), np.float64(0.9825485611788164), np.float64(0.9866042670493532), np.float64(0.9912350951748357), np.float64(0.9934965181779764), np.float64(0.9769713825822793)]",126.0
BIOMD0000000117,2,6,0,1000,0.0,0.0,0.0,"[0.0, 0.0]",1.0,0.0032350124745244013,0.00997343217757879,0.016711851880633177,"[np.float64(0.0032350124745244013), np.float64(0.016711851880633177)]",6.0,0.0,0.0,0.0,"[0.0, 0.0]",12.0
BIOMD0000000126,9,11,0,1000,0.0,0.0,0.0,"[0.0, 0.0, 0.0, 0.0, 0.0, 0.0, 0.0, 0.0, 0.0]",3.0,0.0,0.9717117060907382,0.9999999999662332,"[np.float64(0.9982436007614485), np.float64(0.6812662147353075), np.float64(0.8246640249466879), np.float64(0.8623273566274391), np.float64(0.9717117060907382), np.float64(0.9999999999662332), 0.0, np.float64(0.9999945004910386), np.float64(0.9999974881534479)]",80.0,0.0,0.0,0.9999999973870555,"[np.float64(0.8723729772795227), 0.0, 0.0, 0.0, 0.0, np.float64(0.9999999973870555), 0.0, np.float64(0.9997210501705586), np.float64(0.9997099198471407)]",450.0
BIOMD0000000137,21,20,0,1000,0.0,0.0,3.3306690738754696e-16,"[0.0, 0.0, 0.0, 0.0, np.float64(1.1102230246251565e-16), 0.0, 0.0, 0.0, 0.0, 0.0, np.float64(1.1102230246251565e-16), 0.0, np.float64(3.3306690738754696e-16), 0.0, 0.0, 0.0, 0.0, 0.0, 0.0, 0.0, 0.0]",20.0,0.0,0.8952428139482903,0.9999999999993068,"[0.0, np.float64(0.9999999999993068), np.float64(0.9996199687265964), np.float64(0.9999845618376217), np.float64(0.9999999966006969), np.float64(0.9996292215698068), 0.0, 0.0, np.float64(0.9999999997805772), np.float64(0.9999999997785475), 0.0, 0.0, 0.0, 0.0, np.float64(0.5510689070496282), np.float64(0.8952428139482903), np.float64(0.8952447816937532), np.float64(0.8952428139482903), np.float64(0.8952447816937532), 0.0, 0.0]",371.0,0.0,0.0,0.8923411870899444,"[0.0, 0.0, 0.0, np.float64(0.8923411870899444), 0.0, 0.0, 0.0, 0.0, 0.0, 0.0, 0.0, 0.0, 0.0, 0.0, 0.0, 0.0, 0.0, 0.0, 0.0, 0.0, 0.0]",2047.0
BIOMD0000000143,20,20,0,1000,0.0,0.0,1.1102230246251565e-16,"[0.0, 0.0, 0.0, 0.0, 0.0, 0.0, 0.0, 0.0, 0.0, 0.0, np.float64(1.1102230246251565e-16), 0.0, 0.0, 0.0, 0.0, 0.0, 0.0, 0.0, 0.0, 0.0]",3.0,0.0,0.2368577280587213,0.9999856738426515,"[np.float64(0.2368577280587213), np.float64(0.8830381731717414), np.float64(0.2368577280587213), np.float64(0.6999535603642055), np.float64(0.7401305839959568), np.float64(0.7005929654639869), 0.0, np.float64(0.2368577280587213), np.float64(0.9999844625344039), np.float64(0.875509737454399), np.float64(0.9999856738426515), np.float64(0.8755082791761115), np.float64(0.23476183844904275), np.float64(0.2368577280587213), np.float64(0.2368577280587213), np.float64(0.2368577280587213), np.float64(0.2368577280587213), 0.0, np.float64(0.8830123505034443), np.float64(0.2368577280587213)]",182.0,0.0,0.49998282691732243,0.9999999999998928,"[0.0, np.float64(0.9999999999984766), 0.0, np.float64(0.999999510714936), np.float64(0.9999999999998928), np.float64(0.9999999999997841), np.float64(0.9999656538346449), 0.0, np.float64(0.9999999999938569), 0.0, np.float64(0.9999999999943454), np.float64(0.9999999999985125), np.float64(0.999999999999723), 0.0, 0.0, 0.0, 0.0, 0.0, np.float64(0.9999999999984782), 0.0]",27.0
BIOMD0000000146,36,34,0,1000,0.0,0.0,0.0,"[0.0, 0.0, 0.0, 0.0, 0.0, 0.0, 0.0, 0.0, 0.0, 0.0, 0.0, 0.0, 0.0, 0.0, 0.0, 0.0, 0.0, 0.0, 0.0, 0.0, 0.0, 0.0, 0.0, 0.0, 0.0, 0.0, 0.0, 0.0, 0.0, 0.0, 0.0, 0.0, 0.0, 0.0, 0.0, 0.0]",7.0,0.0,0.0,0.9999999920692525,"[0.0, 0.0, 0.0, np.float64(0.13282565434760485), np.float64(0.13282565434760485), np.float64(0.13282565434760485), np.float64(0.13282565434760485), np.float64(0.9780448619011504), np.float64(0.9999999920692525), 0.0, 0.0, np.float64(0.13282565434760485), 0.0, 0.0, 0.0, np.float64(0.999999992069244), 0.0, np.float64(0.9999990136175362), 0.0, 0.0, 0.0, 0.0, 0.0, np.float64(0.70079082479011), 0.0, 0.0, 0.0, 0.0, np.float64(0.973479799658329), np.float64(0.9999008593861302), np.float64(0.9649827527644271), 0.0, 0.0, np.float64(0.13282565434760485), np.float64(0.13282565434760485), np.float64(0.13282565434760485)]",683.0,0.0,0.9999999679880492,0.9999999997276523,"[np.float64(0.999999968414037), np.float64(0.9999999675620614), np.float64(0.9999999997276523), 0.0, 0.0, 0.0, 0.0, np.float64(0.9999996020411333), np.float64(0.9999999920675865), np.float64(0.9999999722707508), np.float64(0.9999999757063526), 0.0, np.float64(0.9999999814441392), np.float64(0.9999999972712242), np.float64(0.9999999801320081), np.float64(0.9999999920675884), np.float64(0.9999987393824125), np.float64(0.9999990134119717), np.float64(0.9999840492851019), np.float64(0.9999999648524543), np.float64(0.9999997822129996), np.float64(0.9999999212370468), np.float64(0.999999946728734), np.float64(0.9999999809023625), np.float64(0.9999999805249774), np.float64(0.9999999805979498), np.float64(0.9999999982472334), np.float64(0.9999999982423968), np.float64(0.9999995806983062), np.float64(0.999999997573922), np.float64(0.999999983572933), np.float64(0.9999999689647107), np.float64(0.9999999835981471), 0.0, 0.0, 0.0]",394.0
BIOMD0000000147,24,51,0,1000,0.0,0.0,0.0,"[0.0, 0.0, 0.0, 0.0, 0.0, 0.0, 0.0, 0.0, 0.0, 0.0, 0.0, 0.0, 0.0, 0.0, 0.0, 0.0, 0.0, 0.0, 0.0, 0.0, 0.0, 0.0, 0.0, 0.0]",0.0,0.0,0.061516855506277945,0.9999998700697253,"[0.0, np.float64(0.061516855506277945), np.float64(0.061516855506277945), np.float64(0.061516855506277945), np.float64(0.9999998545702564), np.float64(0.061516855506277945), np.float64(0.9999998520538805), np.float64(0.9999920683939855), np.float64(0.999999854441787), np.float64(0.061516855506277945), np.float64(0.061516855506277945), np.float64(0.9999998696471275), np.float64(0.061516855506277945), np.float64(0.9999998700697253), np.float64(0.061516855506277945), np.float64(0.061516855506277945), 0.0, 0.0, np.float64(0.061516855506277945), np.float64(0.061516855506277945), np.float64(0.9999998644221733), np.float64(0.061516855506277945), np.float64(0.9999998669354968), np.float64(0.061516855506277945)]",253.0,0.0,0.06155002790943542,0.9999999783562677,"[np.float64(0.9999999783562677), np.float64(0.06155002790943542), np.float64(0.06155002790943542), np.float64(0.06155002790943542), np.float64(0.9999999518916967), np.float64(0.06155002790943542), np.float64(0.999999951589756), np.float64(0.9999982001711638), np.float64(0.99999995214095), np.float64(0.06155002790943542), np.float64(0.06155002790943542), np.float64(0.9999999556720494), np.float64(0.06155002790943542), np.float64(0.9999999548300277), np.float64(0.06155002790943542), np.float64(0.06155002790943542), 0.0, 0.0, np.float64(0.06155002790943542), np.float64(0.06155002790943542), np.float64(0.9999999538652492), np.float64(0.06155002790943542), np.float64(0.9999999550432993), np.float64(0.06155002790943542)]",1028.0
BIOMD0000000149,28,33,0,1000,0.0,0.0,2.220446049250313e-16,"[0.0, 0.0, 0.0, 0.0, 0.0, 0.0, 0.0, 0.0, 0.0, 0.0, 0.0, 0.0, 0.0, 0.0, 0.0, np.float64(2.220446049250313e-16), 0.0, 0.0, 0.0, 0.0, 0.0, 0.0, 0.0, 0.0, 0.0, 0.0, 0.0, 0.0]",16.0,0.0,0.0,0.7077189251225267,"[0.0, 0.0, 0.0, 0.0, 0.0, 0.0, 0.0, 0.0, 0.0, 0.0, 0.0, 0.0, 0.0, 0.0, 0.0, 0.0, 0.0, np.float64(0.7077189251225267), np.float64(0.3705352216477319), np.float64(0.5677577135059555), np.float64(0.5677577135049072), np.float64(0.5583765782946303), np.float64(0.5583765782950982), np.float64(0.004993494539176968), np.float64(0.010461450091084012), np.float64(0.6971228530290692), 0.0, 0.0]",500.0,0.0,0.0,0.0,"[0.0, 0.0, 0.0, 0.0, 0.0, 0.0, 0.0, 0.0, 0.0, 0.0, 0.0, 0.0, 0.0, 0.0, 0.0, 0.0, 0.0, 0.0, 0.0, 0.0, 0.0, 0.0, 0.0, 0.0, 0.0, 0.0, 0.0, 0.0]",9215.0
BIOMD0000000156,3,5,0,1000,0.0,0.0,0.0,"[0.0, 0.0, 0.0]",2.0,0.7924393437787178,0.9999999977608296,0.9999999992104551,"[np.float64(0.7924393437787178), np.float64(0.9999999977608296), np.float64(0.9999999992104551)]",8.0,0.9999999184471959,0.9999999490142247,0.9999999698852201,"[np.float64(0.9999999184471959), np.float64(0.9999999490142247), np.float64(0.9999999698852201)]",6.0
BIOMD0000000157,3,6,0,1000,0.0,0.0,0.0,"[0.0, 0.0, 0.0]",3.0,0.9776985083855232,0.9999999990032035,0.9999999999928224,"[np.float64(0.9776985083855232), np.float64(0.9999999999928224), np.float64(0.9999999990032035)]",8.0,0.9998945462088061,0.9999768740569032,0.9999985591089016,"[np.float64(0.9998945462088061), np.float64(0.9999985591089016), np.float64(0.9999768740569032)]",21.0
BIOMD0000000158,3,6,0,1000,0.0,0.0,0.0,"[0.0, 0.0, 0.0]",2.0,0.8253435651263549,0.9994461067762135,0.9995993299136073,"[np.float64(0.8253435651263549), np.float64(0.9995993299136073), np.float64(0.9994461067762135)]",8.0,0.9997175680468049,0.9998744403824082,0.9999993920777317,"[np.float64(0.9997175680468049), np.float64(0.9999993920777317), np.float64(0.9998744403824082)]",30.0
BIOMD0000000159,3,6,0,1000,0.0,0.0,4.305445666652474e-09,"[np.float64(4.305445666652474e-09), 0.0, 0.0]",1.0,0.0,0.024596581911140447,0.9999999999863747,"[0.0, np.float64(0.024596581911140447), np.float64(0.9999999999863747)]",5.0,0.0,0.0,0.15052438746782282,"[0.0, np.float64(0.15052438746782282), 0.0]",17.0
BIOMD0000000160,24,41,0,1000,0.0,0.0,1.1102230246251565e-16,"[np.float64(1.1102230246251565e-16), 0.0, 0.0, 0.0, 0.0, 0.0, 0.0, 0.0, 0.0, 0.0, 0.0, 0.0, 0.0, 0.0, 0.0, 0.0, 0.0, 0.0, 0.0, 0.0, 0.0, 0.0, 0.0, 0.0]",3.0,0.0,0.001534966094570489,0.9999992987267277,"[np.float64(0.9999966983109266), np.float64(0.9986772286989405), np.float64(0.001534966094570489), np.float64(0.001534966094570489), 0.0, 0.0, np.float64(0.9999977716412377), np.float64(0.001534966094570489), 0.0, np.float64(0.9908339335397115), np.float64(0.001534966094570489), 0.0, np.float64(0.998353281312472), 0.0, np.float64(0.9999990941161631), np.float64(0.001534966094570489), 0.0, np.float64(0.9999990941059712), np.float64(0.9999992982537083), np.float64(0.9999986456508664), np.float64(0.5609098787276949), 0.0, 0.0, np.float64(0.9999992987267277)]",382.0,0.0,0.0,0.10020202263094291,"[0.0, 0.0, np.float64(0.10020202263094291), np.float64(0.10020202263094291), 0.0, 0.0, 0.0, np.float64(0.10020202263094291), 0.0, 0.0, np.float64(0.10020202263094291), 0.0, 0.0, 0.0, 0.0, np.float64(0.10020202263094291), 0.0, 0.0, 0.0, 0.0, 0.0, 0.0, 0.0, 0.0]",5219.0
BIOMD0000000161,43,43,0,1000,0.0,0.0,2.220446049250313e-16,"[0.0, 0.0, 0.0, 0.0, 0.0, 0.0, 0.0, np.float64(1.1102230246251565e-16), 0.0, 0.0, 0.0, 0.0, 0.0, 0.0, 0.0, 0.0, 0.0, 0.0, 0.0, 0.0, 0.0, 0.0, 0.0, 0.0, 0.0, 0.0, 0.0, 0.0, 0.0, 0.0, 0.0, 0.0, 0.0, np.float64(1.1102230246251565e-16), 0.0, 0.0, np.float64(2.220446049250313e-16), 0.0, 0.0, 0.0, 0.0, 0.0, 0.0]",25.0,0.0,0.0,0.9270929011109947,"[np.float64(0.4049302250639413), 0.0, np.float64(0.23324048245854678), np.float64(0.836125058848533), np.float64(0.8338883612099893), 0.0, 0.0, np.float64(0.8064970782533759), 0.0, 0.0, 0.0, 0.0, 0.0, np.float64(0.5223269020078665), 0.0, np.float64(0.6727975120061733), np.float64(0.8064970760702962), 0.0, 0.0, 0.0, 0.0, 0.0, 0.0, np.float64(0.9270929011109947), 0.0, 0.0, 0.0, 0.0, 0.0, 0.0, np.float64(0.23324048245854678), 0.0, 0.0, 0.0, 0.0, 0.0, 0.0, 0.0, 0.0, 0.0, 0.0, 0.0, 0.0]",1003.0,0.0,0.0,0.26980131306131727,"[0.0, 0.0, np.float64(0.26980131306131727), 0.0, 0.0, 0.0, 0.0, 0.0, 0.0, 0.0, 0.0, 0.0, 0.0, 0.0, 0.0, 0.0, 0.0, 0.0, 0.0, 0.0, 0.0, 0.0, 0.0, 0.0, 0.0, 0.0, 0.0, 0.0, 0.0, 0.0, np.float64(0.26980131306131727), 0.0, 0.0, 0.0, 0.0, 0.0, 0.0, 0.0, 0.0, 0.0, 0.0, 0.0, 0.0]",16228.0
BIOMD0000000162,24,45,0,1000,0.0,0.0,2.220446049250313e-16,"[0.0, 0.0, 0.0, 0.0, 0.0, 0.0, 0.0, 0.0, 0.0, 0.0, 0.0, 0.0, 0.0, 0.0, 0.0, 0.0, 0.0, 0.0, 0.0, np.float64(2.220446049250313e-16), 0.0, 0.0, 0.0, 0.0]",19.0,0.0,0.0,0.8999570170888941,"[np.float64(0.6789024164793167), np.float64(0.893197697347133), 0.0, np.float64(0.8999570170888941), 0.0, 0.0, 0.0, 0.0, np.float64(0.6262527912786273), np.float64(0.44311905810569563), np.float64(0.8320066628203764), np.float64(0.8320066628471388), 0.0, 0.0, 0.0, 0.0, np.float64(0.443119058104934), np.float64(0.6582804472070671), np.float64(0.32899292829506155), 0.0, np.float64(0.32899292829506155), 0.0, 0.0, 0.0]",540.0,0.0,0.0,0.0,"[0.0, 0.0, 0.0, 0.0, 0.0, 0.0, 0.0, 0.0, 0.0, 0.0, 0.0, 0.0, 0.0, 0.0, 0.0, 0.0, 0.0, 0.0, 0.0, 0.0, 0.0, 0.0, 0.0, 0.0]",5249.0
BIOMD0000000163,16,26,0,1000,0.0,0.0,1.1102230246251565e-16,"[0.0, 0.0, 0.0, 0.0, 0.0, 0.0, 0.0, 0.0, 0.0, 0.0, 0.0, 0.0, 0.0, np.float64(1.1102230246251565e-16), 0.0, 0.0]",6.0,0.0,0.7480320061442238,0.9999993774388531,"[np.float64(0.9999993774388531), np.float64(0.9999902075865015), np.float64(0.9999993098148817), np.float64(0.7488113107410794), np.float64(0.9784056599328933), 0.0, 0.0, np.float64(0.9782086538511708), 0.0, 0.0, np.float64(0.9786403356773509), 0.0, 0.0, np.float64(0.9999980544177148), np.float64(0.7472527015473682), 0.0]",216.0,0.0,0.0,0.0,"[0.0, 0.0, 0.0, 0.0, 0.0, 0.0, 0.0, 0.0, 0.0, 0.0, 0.0, 0.0, 0.0, 0.0, 0.0, 0.0]",2134.0
BIOMD0000000164,26,29,0,1000,0.0,0.0,2.220446049250313e-16,"[0.0, 0.0, 0.0, 0.0, 0.0, 0.0, 0.0, 0.0, 0.0, 0.0, np.float64(1.1102230246251565e-16), 0.0, 0.0, 0.0, 0.0, 0.0, 0.0, np.float64(2.220446049250313e-16), 0.0, 0.0, 0.0, 0.0, 0.0, 0.0, 0.0, 0.0]",13.0,0.0,0.9858224509605054,0.9999999998283732,"[np.float64(0.9736259121366607), 0.0, 0.0, 0.0, 0.0, np.float64(0.9999945969745407), np.float64(0.999999972307596), 0.0, np.float64(0.5555130669547719), np.float64(0.9999996531676302), np.float64(0.9999977648520508), np.float64(0.9999050467951989), np.float64(0.9999976974870092), np.float64(0.9999187990775085), 0.0, 0.0, np.float64(0.9999451534742172), np.float64(0.9999547339046503), 0.0, np.float64(0.9999999998283732), np.float64(0.9999935626103549), np.float64(0.9999998522695652), 0.0, np.float64(0.99801898978435), 0.0, 0.0]",426.0,0.0,0.0,0.9884747404056556,"[0.0, 0.0, np.float64(0.17573734419526688), 0.0, 0.0, 0.0, 0.0, np.float64(0.17573734419526688), 0.0, 0.0, 0.0, np.float64(0.9864000579689436), 0.0, np.float64(0.9884747404056556), np.float64(0.17573734419526688), 0.0, np.float64(0.8566335239589817), np.float64(0.9192808877220667), 0.0, 0.0, 0.0, 0.0, 0.0, np.float64(0.9783254099203563), np.float64(0.17573734419526688), np.float64(0.17573734419526688)]",3939.0
BIOMD0000000165,36,30,0,1000,0.0,1.1102230246251565e-16,1.1102230246251565e-16,"[0.0, np.float64(1.1102230246251565e-16), 0.0, 0.0, np.float64(1.1102230246251565e-16), 0.0, 0.0, 0.0, 0.0, np.float64(1.1102230246251565e-16), np.float64(1.1102230246251565e-16), np.float64(1.1102230246251565e-16), 0.0, np.float64(1.1102230246251565e-16), np.float64(1.1102230246251565e-16), np.float64(1.1102230246251565e-16), np.float64(1.1102230246251565e-16), 0.0, np.float64(1.1102230246251565e-16), np.float64(1.1102230246251565e-16), 0.0, 0.0, 0.0, 0.0, np.float64(1.1102230246251565e-16), np.float64(1.1102230246251565e-16), np.float64(1.1102230246251565e-16), np.float64(1.1102230246251565e-16), np.float64(1.1102230246251565e-16), np.float64(1.1102230246251565e-16), np.float64(1.1102230246251565e-16), np.float64(1.1102230246251565e-16), np.float64(1.1102230246251565e-16), np.float64(1.1102230246251565e-16), np.float64(1.1102230246251565e-16), np.float64(1.1102230246251565e-16)]",5.0,0.0,0.0,0.9932600111087028,"[0.0, 0.0, np.float64(0.8304098871213599), 0.0, 0.0, 0.0, 0.0, 0.0, 0.0, np.float64(0.23588272212589745), np.float64(0.23588272212589745), np.float64(0.23588272212589745), 0.0, np.float64(0.23588272212589745), 0.0, 0.0, 0.0, np.float64(0.9932600072745165), 0.0, np.float64(0.23588272212589745), 0.0, 0.0, 0.0, np.float64(0.9932600111087028), 0.0, 0.0, 0.0, 0.0, np.float64(0.23588272212589745), 0.0, 0.0, np.float64(0.23588272212589745), 0.0, np.float64(0.23588272212589745), 0.0, 0.0]",376.0,0.0,0.1166628522388291,0.1166628522388291,"[0.0, np.float64(0.1166628522388291), 0.0, 0.0, np.float64(0.1166628522388291), 0.0, 0.0, 0.0, 0.0, np.float64(0.1166628522388291), np.float64(0.1166628522388291), np.float64(0.1166628522388291), 0.0, np.float64(0.1166628522388291), np.float64(0.1166628522388291), np.float64(0.1166628522388291), np.float64(0.1166628522388291), 0.0, np.float64(0.1166628522388291), np.float64(0.1166628522388291), 0.0, 0.0, 0.0, 0.0, np.float64(0.1166628522388291), np.float64(0.1166628522388291), np.float64(0.1166628522388291), np.float64(0.1166628522388291), np.float64(0.1166628522388291), np.float64(0.1166628522388291), np.float64(0.1166628522388291), np.float64(0.1166628522388291), np.float64(0.1166628522388291), np.float64(0.1166628522388291), np.float64(0.1166628522388291), np.float64(0.1166628522388291)]",2618.0
BIOMD0000000166,3,9,0,1000,0.0,0.0,0.0,"[0.0, 0.0, 0.0]",0.0,0.0,0.0,0.0,"[0.0, 0.0, 0.0]",12.0,0.0,0.0,0.0,"[0.0, 0.0, 0.0]",30.0
BIOMD0000000167,8,7,0,1000,0.0,0.0,0.0,"[0.0, 0.0, 0.0, 0.0, 0.0, 0.0, 0.0, 0.0]",0.0,0.0,0.0,0.0,"[0.0, 0.0, 0.0, 0.0, 0.0, 0.0, 0.0, 0.0]",13.0,0.0,0.0,0.0,"[0.0, 0.0, 0.0, 0.0, 0.0, 0.0, 0.0, 0.0]",190.0
BIOMD0000000169,11,27,0,1000,0.0,0.0,0.0,"[0.0, 0.0, 0.0, 0.0, 0.0, 0.0, 0.0, 0.0, 0.0, 0.0, 0.0]",0.0,0.0,0.0,0.4370401846164992,"[0.0, 0.0, 0.0, np.float64(0.4370401846164992), 0.0, 0.0, 0.0, 0.0, 0.0, 0.0, 0.0]",86.0,0.0,0.0,0.0,"[0.0, 0.0, 0.0, 0.0, 0.0, 0.0, 0.0, 0.0, 0.0, 0.0, 0.0]",568.0
BIOMD0000000170,7,17,0,1000,0.0,0.0,1.1102230246251565e-16,"[0.0, 0.0, np.float64(1.1102230246251565e-16), 0.0, 0.0, 0.0, 0.0]",4.0,0.8953199795388425,0.9986768922188062,0.9999999566233363,"[np.float64(0.8953199795388425), np.float64(0.9770992680337619), np.float64(0.9999952413863814), np.float64(0.984852347336962), np.float64(0.9999995573350263), np.float64(0.9986768922188062), np.float64(0.9999999566233363)]",33.0,0.0,0.9955820101297016,0.9999999894138532,"[np.float64(0.9968692125247501), np.float64(0.9955820101297016), np.float64(0.9959893203702014), np.float64(0.9999999894138532), np.float64(0.9889721719450878), np.float64(0.8547771375614982), 0.0]",154.0
BIOMD0000000171,10,26,0,1000,0.0,0.0,2.220446049250313e-16,"[0.0, np.float64(2.220446049250313e-16), 0.0, 0.0, 0.0, 0.0, 0.0, 0.0, 0.0, 0.0]",5.0,0.18002861937183157,0.9914756708814046,0.9999975762531856,"[np.float64(0.9997749721613353), np.float64(0.9499690175707675), np.float64(0.9913045087481823), np.float64(0.991646833014627), np.float64(0.954775545410194), np.float64(0.9945493026115204), np.float64(0.9998999929303282), np.float64(0.9459403040741696), np.float64(0.18002861937183157), np.float64(0.9999975762531856)]",91.0,0.0,0.972616324393506,0.9999974597425628,"[np.float64(0.9560109616273904), np.float64(0.9892216871596214), np.float64(0.9990356905309521), np.float64(0.9999974597425628), np.float64(0.9911675785672992), 0.0, np.float64(0.4051740343671253), np.float64(0.9999699723642438), 0.0, np.float64(0.8745259778077776)]",644.0
BIOMD0000000172,17,19,0,1000,0.0,0.0,2.220446049250313e-16,"[np.float64(2.220446049250313e-16), 0.0, np.float64(1.1102230246251565e-16), np.float64(1.1102230246251565e-16), 0.0, 0.0, 0.0, 0.0, 0.0, 0.0, 0.0, 0.0, 0.0, 0.0, 0.0, np.float64(2.220446049250313e-16), 0.0]",14.0,0.0,0.9991471841065076,0.9999388628905144,"[np.float64(0.8562151962178273), np.float64(0.9997858184787163), np.float64(0.9960803455723631), np.float64(0.9991471841065076), np.float64(0.9871877116163325), np.float64(0.9999332560315329), np.float64(0.9932498396650556), np.float64(0.9993690976456093), np.float64(0.999369855883913), np.float64(0.9970053043075566), 0.0, np.float64(0.9970053043080653), np.float64(0.9999291953201352), np.float64(0.9999196636609435), np.float64(0.9999388628905144), np.float64(0.9998057542833596), np.float64(0.9851492271972246)]",291.0,0.0,0.8071466939534298,0.999170480544282,"[0.0, np.float64(0.7639752142914323), np.float64(0.6480179311127274), np.float64(0.5706013342518854), np.float64(0.8562275733286419), np.float64(0.999170480544282), np.float64(0.9851669540205455), np.float64(0.9982680715187968), np.float64(0.9431520838849873), 0.0, 0.0, 0.0, np.float64(0.9822170218369465), np.float64(0.9552966358913176), np.float64(0.7906422422454437), np.float64(0.9724373254043888), np.float64(0.8071466939534298)]",2858.0
BIOMD0000000174,4,10,0,1000,0.0,0.0,0.0,"[0.0, 0.0, 0.0, 0.0]",0.0,0.0,0.0,0.8999847485019217,"[0.0, np.float64(0.8999847485019217), 0.0, 0.0]",14.0,0.0,0.0,0.14275689047683993,"[0.0, np.float64(0.14275689047683993), 0.0, 0.0]",49.0
BIOMD0000000175,118,102,0,1000,,,,,,,,,,,,,,,
BIOMD0000000176,17,19,0,1000,0.0,0.0,0.0,"[0.0, 0.0, 0.0, 0.0, 0.0, 0.0, 0.0, 0.0, 0.0, 0.0, 0.0, 0.0, 0.0, 0.0, 0.0, 0.0, 0.0]",4.0,0.0,0.9982593648422642,0.9999945179452726,"[np.float64(0.8735050263947939), np.float64(0.9990651665123365), np.float64(0.9969988557530669), np.float64(0.9998929942487138), np.float64(0.9927080067004423), np.float64(0.9999945179452726), np.float64(0.993795516556684), np.float64(0.9986797375918544), np.float64(0.9986807637819518), np.float64(0.9906595221725013), 0.0, np.float64(0.9906595221680945), np.float64(0.9996687348467181), np.float64(0.9997123615475989), np.float64(0.9993275834960301), np.float64(0.9982593648422642), np.float64(0.9750911012807666)]",288.0,0.0,0.7789513219250626,0.9995290606097759,"[0.0, np.float64(0.9404537983687862), np.float64(0.8926376506629509), np.float64(0.9874254390378793), np.float64(0.2179020752089954), np.float64(0.9995290606097759), np.float64(0.39994461222032207), np.float64(0.8175474867507073), 0.0, 0.0, 0.0, 0.0, np.float64(0.9372283870976081), np.float64(0.9491040076958619), np.float64(0.8070168447693886), np.float64(0.7789513219250626), 0.0]",2619.0
BIOMD0000000177,18,21,0,1000,0.0,0.0,2.220446049250313e-16,"[0.0, np.float64(1.1102230246251565e-16), 0.0, np.float64(1.1102230246251565e-16), 0.0, 0.0, 0.0, np.float64(2.220446049250313e-16), 0.0, 0.0, 0.0, 0.0, 0.0, 0.0, 0.0, 0.0, np.float64(1.1102230246251565e-16), 0.0]",12.0,0.9706400090062577,0.9949840308646692,0.9999998590860316,"[np.float64(0.9949658368090478), np.float64(0.9987723019007845), np.float64(0.9996753467534837), np.float64(0.9894185459983499), np.float64(0.9990221009787035), np.float64(0.9997186995341634), np.float64(0.9978299037136816), np.float64(0.9950815775525245), np.float64(0.9950022249202907), np.float64(0.9868532303051887), np.float64(0.9900933481625205), np.float64(0.9868532303044911), np.float64(0.9943436818328967), np.float64(0.9955651121421631), np.float64(0.9913226948654198), np.float64(0.992886964335237), np.float64(0.9999998590860316), np.float64(0.9706400090062577)]",324.0,0.0,0.9374793795413581,0.998399237217827,"[np.float64(0.9303100645950536), np.float64(0.998399237217827), np.float64(0.9837905200028573), np.float64(0.9557292378968029), np.float64(0.9604164778240539), np.float64(0.9893590908775142), np.float64(0.9649903030272098), np.float64(0.9962203931771132), 0.0, np.float64(0.8622473603764664), 0.0, np.float64(0.8622473605907641), np.float64(0.775422260874984), np.float64(0.6645105001279872), np.float64(0.9446486944876624), np.float64(0.8449674885121099), np.float64(0.9938410229286045), np.float64(0.4054255597815726)]",3209.0
BIOMD0000000178,5,4,0,1000,0.0,0.0,0.0,"[0.0, 0.0, 0.0, 0.0, 0.0]",0.0,0.0,0.023241882991969165,0.9999999901379255,"[0.0, 0.0, np.float64(0.9999999901379255), np.float64(0.023241882991969165), np.float64(0.023241882991969165)]",7.0,0.018285759799058332,0.9999992401943895,0.9999999991736193,"[np.float64(0.9999992401943895), np.float64(0.9999999991736193), np.float64(0.9999996000646073), np.float64(0.018285759799058332), np.float64(0.018285759799058332)]",17.0
BIOMD0000000180,8,20,0,1000,0.0,0.0,0.0,"[0.0, 0.0, 0.0, 0.0, 0.0, 0.0, 0.0, 0.0]",5.0,0.8177718027587151,0.9871651912773579,0.999999999310412,"[np.float64(0.8177718027587151), np.float64(0.9999931253370745), np.float64(0.997616808863744), np.float64(0.9999999770473736), np.float64(0.999999999310412), np.float64(0.96308495484768), np.float64(0.9767135736909718), np.float64(0.9422098086575023)]",49.0,0.0,0.9893113030205074,0.9999998071663797,"[np.float64(0.8814392228850829), np.float64(0.9999936299577545), np.float64(0.9788359780314267), 0.0, np.float64(0.5283242566213027), np.float64(0.9999353091355236), np.float64(0.9999998071663797), np.float64(0.9997866280095882)]",338.0
BIOMD0000000181,6,18,0,1000,0.0,0.0,1.1102230246251565e-16,"[0.0, np.float64(1.1102230246251565e-16), 0.0, 0.0, 0.0, 0.0]",6.0,0.9999999559013255,0.9999999995204649,0.9999999999089055,"[np.float64(0.999999999824863), np.float64(0.9999999998777029), np.float64(0.9999999956386079), np.float64(0.9999999992160669), np.float64(0.9999999999089055), np.float64(0.9999999559013255)]",42.0,0.9989629704574455,0.9999999999947755,0.9999999999977023,"[np.float64(0.9989629704574455), np.float64(0.9999999999977023), np.float64(0.9999999999922301), np.float64(0.9999999999975743), np.float64(0.9999999999973208), np.float64(0.99999999994595)]",167.0
BIOMD0000000182,37,32,0,1000,0.0,0.0,0.0,"[0.0, 0.0, 0.0, 0.0, 0.0, 0.0, 0.0, 0.0, 0.0, 0.0, 0.0, 0.0, 0.0, 0.0, 0.0, 0.0, 0.0, 0.0, 0.0, 0.0, 0.0, 0.0, 0.0, 0.0, 0.0, 0.0, 0.0, 0.0, 0.0, 0.0, 0.0, 0.0, 0.0, 0.0, 0.0, 0.0, 0.0]",7.0,0.0,0.0,0.0,"[0.0, 0.0, 0.0, 0.0, 0.0, 0.0, 0.0, 0.0, 0.0, 0.0, 0.0, 0.0, 0.0, 0.0, 0.0, 0.0, 0.0, 0.0, 0.0, 0.0, 0.0, 0.0, 0.0, 0.0, 0.0, 0.0, 0.0, 0.0, 0.0, 0.0, 0.0, 0.0, 0.0, 0.0, 0.0, 0.0, 0.0]",848.0,0.0,0.0,0.0,"[0.0, 0.0, 0.0, 0.0, 0.0, 0.0, 0.0, 0.0, 0.0, 0.0, 0.0, 0.0, 0.0, 0.0, 0.0, 0.0, 0.0, 0.0, 0.0, 0.0, 0.0, 0.0, 0.0, 0.0, 0.0, 0.0, 0.0, 0.0, 0.0, 0.0, 0.0, 0.0, 0.0, 0.0, 0.0, 0.0, 0.0]",5034.0
BIOMD0000000184,3,7,0,1000,0.0,0.0,0.0,"[0.0, 0.0, 0.0]",0.0,0.0,0.0,0.0,"[0.0, 0.0, 0.0]",5.0,0.0,0.0,0.0,"[0.0, 0.0, 0.0]",22.0
BIOMD0000000185,8,20,0,1000,0.0,0.0,2.220446049250313e-16,"[0.0, 0.0, 0.0, 0.0, 0.0, np.float64(2.220446049250313e-16), 0.0, 0.0]",8.0,0.963393529132445,0.9972309823633032,0.9999944225073832,"[np.float64(0.9982990324747256), np.float64(0.9980419541639578), np.float64(0.9794265236373562), np.float64(0.9999910066122932), np.float64(0.9655063282836294), np.float64(0.9999944225073832), np.float64(0.963393529132445), np.float64(0.9964200105626486)]",65.0,0.8068609235922859,0.9998355802760875,0.999999999972995,"[np.float64(0.9999999978833367), np.float64(0.9627993461178753), np.float64(0.8895119841463464), np.float64(0.8068609235922859), np.float64(0.9996723093904208), np.float64(0.9999998597344336), np.float64(0.999999999972995), np.float64(0.9999988511617542)]",356.0
BIOMD0000000186,11,9,0,1000,0.0,0.0,0.0,"[0.0, 0.0, 0.0, 0.0, 0.0, 0.0, 0.0, 0.0, 0.0, 0.0, 0.0]",0.0,0.0,0.0,0.0,"[0.0, 0.0, 0.0, 0.0, 0.0, 0.0, 0.0, 0.0, 0.0, 0.0, 0.0]",49.0,0.0,0.0,0.0,"[0.0, 0.0, 0.0, 0.0, 0.0, 0.0, 0.0, 0.0, 0.0, 0.0, 0.0]",259.0
BIOMD0000000187,11,9,0,1000,0.0,0.0,0.0,"[0.0, 0.0, 0.0, 0.0, 0.0, 0.0, 0.0, 0.0, 0.0, 0.0, 0.0]",0.0,0.0,0.0,0.0,"[0.0, 0.0, 0.0, 0.0, 0.0, 0.0, 0.0, 0.0, 0.0, 0.0, 0.0]",36.0,0.0,0.0,0.0,"[0.0, 0.0, 0.0, 0.0, 0.0, 0.0, 0.0, 0.0, 0.0, 0.0, 0.0]",165.0
BIOMD0000000191,2,5,0,1000,0.0,0.0,0.0,"[0.0, 0.0]",2.0,0.983205898051563,0.9854754375546121,0.9877449770576612,"[np.float64(0.983205898051563), np.float64(0.9877449770576612)]",6.0,0.0,0.0,0.0,"[0.0, 0.0]",7.0
BIOMD0000000193,8,6,0,1000,0.0,0.0,0.0,"[0.0, 0.0, 0.0, 0.0, 0.0, 0.0, 0.0, 0.0]",0.0,0.0,0.0,0.0,"[0.0, 0.0, 0.0, 0.0, 0.0, 0.0, 0.0, 0.0]",25.0,0.0,0.0,0.0,"[0.0, 0.0, 0.0, 0.0, 0.0, 0.0, 0.0, 0.0]",113.0
BIOMD0000000194,5,3,0,1000,0.0,0.0,0.0,"[0.0, 0.0, 0.0, 0.0, 0.0]",0.0,0.0,0.0,0.0,"[0.0, 0.0, 0.0, 0.0, 0.0]",9.0,0.0,0.0,0.0,"[0.0, 0.0, 0.0, 0.0, 0.0]",27.0
BIOMD0000000197,5,10,0,1000,0.0,0.0,2.220446049250313e-16,"[np.float64(2.220446049250313e-16), 0.0, 0.0, 0.0, 0.0]",1.0,0.9470429208932561,0.9757316276921251,0.9999606569430315,"[np.float64(0.9507743352487459), np.float64(0.9470429208932561), np.float64(0.9766627049645915), np.float64(0.9757316276921251), np.float64(0.9999606569430315)]",30.0,0.0,0.0,0.0,"[0.0, 0.0, 0.0, 0.0, 0.0]",71.0
BIOMD0000000200,22,34,0,1000,0.0,0.0,0.0,"[0.0, 0.0, 0.0, 0.0, 0.0, 0.0, 0.0, 0.0, 0.0, 0.0, 0.0, 0.0, 0.0, 0.0, 0.0, 0.0, 0.0, 0.0, 0.0, 0.0, 0.0, 0.0]",0.0,0.0,0.0,0.25422981098849096,"[0.0, np.float64(0.25422981098849096), 0.0, 0.0, np.float64(0.25422981098849096), 0.0, np.float64(0.25422981098849096), 0.0, 0.0, 0.0, np.float64(0.25422981098849096), np.float64(0.25422981098849096), 0.0, np.float64(0.25422981098849096), 0.0, 0.0, 0.0, 0.0, np.float64(0.25422981098849096), 0.0, 0.0, np.float64(0.25422981098849096)]",260.0,0.0,0.0,0.0,"[0.0, 0.0, 0.0, 0.0, 0.0, 0.0, 0.0, 0.0, 0.0, 0.0, 0.0, 0.0, 0.0, 0.0, 0.0, 0.0, 0.0, 0.0, 0.0, 0.0, 0.0, 0.0]",2280.0
BIOMD0000000201,22,33,0,1000,0.0,0.0,0.0,"[0.0, 0.0, 0.0, 0.0, 0.0, 0.0, 0.0, 0.0, 0.0, 0.0, 0.0, 0.0, 0.0, 0.0, 0.0, 0.0, 0.0, 0.0, 0.0, 0.0, 0.0, 0.0]",0.0,0.0,0.0,0.9889466436907273,"[0.0, 0.0, 0.0, np.float64(0.9212781480609924), 0.0, 0.0, np.float64(0.9662441426505757), 0.0, np.float64(0.8167937406198731), np.float64(0.9490454564530858), np.float64(0.9715886420464843), 0.0, np.float64(0.6719072132581883), np.float64(0.5817808619278786), np.float64(0.9889466436907273), np.float64(0.936004939926186), 0.0, 0.0, 0.0, 0.0, 0.0, 0.0]",279.0,0.0,0.0,0.0,"[0.0, 0.0, 0.0, 0.0, 0.0, 0.0, 0.0, 0.0, 0.0, 0.0, 0.0, 0.0, 0.0, 0.0, 0.0, 0.0, 0.0, 0.0, 0.0, 0.0, 0.0, 0.0]",3899.0
BIOMD0000000203,5,10,0,1000,0.0,0.0,1.1102230246251565e-16,"[0.0, 0.0, 0.0, 0.0, np.float64(1.1102230246251565e-16)]",3.0,0.0,0.9685252662812783,0.9803050369793549,"[np.float64(0.9803050369793533), np.float64(0.9803050369793549), 0.0, np.float64(0.9685252662812783), 0.0]",20.0,0.0,0.0,0.0,"[0.0, 0.0, 0.0, 0.0, 0.0]",94.0
BIOMD0000000204,5,10,0,1000,0.0,0.0,0.0,"[0.0, 0.0, 0.0, 0.0, 0.0]",2.0,0.0,0.9678029510045913,0.9805022009487913,"[np.float64(0.9805022009487867), np.float64(0.9805022009487913), 0.0, np.float64(0.9678029510045913), 0.0]",19.0,0.0,0.0,0.6750174391989021,"[0.0, 0.0, 0.0, 0.0, np.float64(0.6750174391989021)]",97.0
BIOMD0000000206,9,11,0,1000,0.0,0.0,0.0,"[0.0, 0.0, 0.0, 0.0, 0.0, 0.0, 0.0, 0.0, 0.0]",5.0,0.0,0.290491167836447,0.5145128852862637,"[0.0, 0.0, 0.0, 0.0, np.float64(0.290491167836447), np.float64(0.3985757328264712), np.float64(0.5145128852862637), np.float64(0.30993711853452066), np.float64(0.36890908556340307)]",90.0,0.0,0.0,0.5915388945582352,"[0.0, 0.0, 0.0, 0.0, np.float64(0.5915388945582352), 0.0, np.float64(0.2043253339527772), np.float64(0.12693529928711733), 0.0]",495.0
BIOMD0000000207,6,6,0,1000,0.0,0.0,1.1102230246251565e-16,"[0.0, 0.0, 0.0, np.float64(1.1102230246251565e-16), 0.0, 0.0]",3.0,0.07647187380729226,0.9999952920081001,0.9999996136128099,"[np.float64(0.9999996136128099), np.float64(0.9999983155803847), np.float64(0.9999924541719101), np.float64(0.9999981298442903), np.float64(0.07647187380729226), np.float64(0.07647187380729226)]",24.0,0.0,0.07647148156352102,0.9999982121173363,"[0.0, 0.0, np.float64(0.999991704761754), np.float64(0.9999982121173363), np.float64(0.07647148156352102), np.float64(0.07647148156352102)]",49.0
BIOMD0000000209,8,12,0,1000,0.0,0.0,0.0,"[0.0, 0.0, 0.0, 0.0, 0.0, 0.0, 0.0, 0.0]",4.0,0.0,0.9966628943421059,0.9999999998747453,"[np.float64(0.9999999912630263), 0.0, np.float64(0.9999768225734622), np.float64(0.9999999998747453), np.float64(0.9999989576270628), np.float64(0.9933489661107494), np.float64(0.08185312702859948), np.float64(0.08185312702859948)]",45.0,0.0,0.47646893980636806,0.999149674398115,"[np.float64(0.9989742573018399), 0.0, 0.0, np.float64(0.9529378796127361), np.float64(0.9615163081619938), np.float64(0.999149674398115), 0.0, 0.0]",176.0
BIOMD0000000210,8,12,0,1000,0.0,0.0,0.0,"[0.0, 0.0, 0.0, 0.0, 0.0, 0.0, 0.0, 0.0]",2.0,0.0,0.0,0.9999176107943952,"[0.0, 0.0, 0.0, 0.0, np.float64(0.9895931747626537), np.float64(0.9999176107943952), 0.0, 0.0]",26.0,0.0,0.0,0.9999999940448379,"[0.0, 0.0, 0.0, 0.0, np.float64(0.9999999940448379), 0.0, 0.0, 0.0]",170.0
BIOMD0000000211,24,21,0,1000,0.0,0.0,2.220446049250313e-16,"[0.0, 0.0, 0.0, np.float64(2.220446049250313e-16), np.float64(1.1102230246251565e-16), np.float64(2.220446049250313e-16), 0.0, 0.0, 0.0, 0.0, 0.0, 0.0, 0.0, 0.0, 0.0, np.float64(2.220446049250313e-16), 0.0, 0.0, 0.0, 0.0, np.float64(2.220446049250313e-16), 0.0, np.float64(2.220446049250313e-16), 0.0]",23.0,0.772502188050203,0.9969861193069874,0.9999960234998759,"[np.float64(0.9999955692932234), np.float64(0.9999960234998759), np.float64(0.9999583678546667), np.float64(0.9937787430317943), np.float64(0.9883916630853589), np.float64(0.9999693619875082), np.float64(0.8168508400400886), np.float64(0.9999494939543903), np.float64(0.9999494939543916), np.float64(0.9929913707597735), np.float64(0.8229033239422296), np.float64(0.8360402634138898), np.float64(0.8241275735351079), np.float64(0.9942654478769621), np.float64(0.9942180708396647), np.float64(0.9998209834306379), np.float64(0.9998320435623952), np.float64(0.9997067907370127), np.float64(0.9998941384463946), np.float64(0.9998941384463915), np.float64(0.8219690098009964), np.float64(0.9999538158943396), np.float64(0.8153132497393015), np.float64(0.772502188050203)]",600.0,0.0,0.0,0.647838712612437,"[0.0, 0.0, 0.0, 0.0, 0.0, 0.0, 0.0, 0.0, 0.0, 0.0, 0.0, 0.0, 0.0, 0.0, np.float64(0.647838712612437), 0.0, 0.0, 0.0, 0.0, 0.0, 0.0, 0.0, 0.0, 0.0]",7786.0
BIOMD0000000212,8,18,0,1000,0.0,0.0,0.0,"[0.0, 0.0, 0.0, 0.0, 0.0, 0.0, 0.0, 0.0]",1.0,0.0,0.0,0.3169052520567748,"[0.0, 0.0, 0.0, 0.0, 0.0, np.float64(0.3169052520567748), 0.0, 0.0]",42.0,0.0,0.0,0.0,"[0.0, 0.0, 0.0, 0.0, 0.0, 0.0, 0.0, 0.0]",245.0
BIOMD0000000213,6,12,0,1000,0.0,0.0,0.0,"[0.0, 0.0, 0.0, 0.0, 0.0, 0.0]",0.0,0.0,0.8896299589580636,0.9997372985885208,"[np.float64(0.9997372985885208), np.float64(0.8959316373772749), 0.0, np.float64(0.9837972624555483), np.float64(0.8802758059358964), np.float64(0.8833282805388525)]",35.0,0.9855742136858001,0.9887949056807981,0.999995812186603,"[np.float64(0.9999691217815749), np.float64(0.987798306822762), np.float64(0.999995812186603), np.float64(0.989791504538834), np.float64(0.9855742136858001), np.float64(0.9864323615670613)]",129.0
BIOMD0000000216,5,17,0,1000,0.0,0.0,0.0,"[0.0, 0.0, 0.0, 0.0, 0.0]",0.0,0.21535286778254603,0.6012585590534596,0.8851948840237308,"[np.float64(0.8851948840237308), np.float64(0.6012585590534596), np.float64(0.21535286778254603), np.float64(0.8734510170903323), np.float64(0.6012585590534558)]",22.0,0.0,0.0,0.546013372660928,"[np.float64(0.546013372660928), 0.0, 0.0, np.float64(0.2693380380326804), 0.0]",96.0
BIOMD0000000217,12,16,0,1000,0.0,0.0,2.220446049250313e-16,"[0.0, 0.0, np.float64(2.220446049250313e-16), 0.0, 0.0, 0.0, 0.0, np.float64(2.220446049250313e-16), 0.0, 0.0, 0.0, np.float64(1.1102230246251565e-16)]",6.0,0.0,0.9492584122874177,0.9995277087226585,"[0.0, np.float64(0.12942972962247468), np.float64(0.9864592363138063), np.float64(0.9120575882610291), np.float64(0.5961698092641592), np.float64(0.8940751778220866), np.float64(0.8940751732292976), np.float64(0.9949545040647761), np.float64(0.9995277087226585), np.float64(0.9939639680019441), np.float64(0.9939639686941143), np.float64(0.9985226645276651)]",140.0,0.0,0.9999962506830117,0.9999995328913349,"[0.0, 0.0, np.float64(0.9999926361871623), 0.0, 0.0, np.float64(0.9999981230960536), np.float64(0.9999981230961582), np.float64(0.9999958558272651), np.float64(0.9999989426902319), np.float64(0.9999966455387582), np.float64(0.9999966455390247), np.float64(0.9999995328913349)]",1078.0
BIOMD0000000218,9,14,0,1000,0.0,0.0,0.0,"[0.0, 0.0, 0.0, 0.0, 0.0, 0.0, 0.0, 0.0, 0.0]",1.0,0.0,0.7547319131672882,0.9906677011722982,"[np.float64(0.7934203074830788), np.float64(0.8656953571164254), np.float64(0.8087964125228916), 0.0, np.float64(0.9906677011722982), np.float64(0.7526762113313474), np.float64(0.7540940372395838), np.float64(0.7544569629872008), np.float64(0.7547319131672882)]",90.0,0.0,0.0,0.0,"[0.0, 0.0, 0.0, 0.0, 0.0, 0.0, 0.0, 0.0, 0.0]",490.0
BIOMD0000000219,9,15,0,1000,0.0,0.0,3.3306690738754696e-16,"[np.float64(3.3306690738754696e-16), 0.0, 0.0, 0.0, 0.0, 0.0, 0.0, 0.0, 0.0]",1.0,0.0,0.6752228512354123,0.9540513488384281,"[np.float64(0.7722386926978815), 0.0, np.float64(0.7482755437934144), 0.0, np.float64(0.9540513488384281), np.float64(0.6752228512354123), 0.0, np.float64(0.7400624267606556), 0.0]",87.0,0.0,0.0,0.0,"[0.0, 0.0, 0.0, 0.0, 0.0, 0.0, 0.0, 0.0, 0.0]",483.0
BIOMD0000000220,58,42,0,1000,0.0,0.0,0.0,"[0.0, 0.0, 0.0, 0.0, 0.0, 0.0, 0.0, 0.0, 0.0, 0.0, 0.0, 0.0, 0.0, 0.0, 0.0, 0.0, 0.0, 0.0, 0.0, 0.0, 0.0, 0.0, 0.0, 0.0, 0.0, 0.0, 0.0, 0.0, 0.0, 0.0, 0.0, 0.0, 0.0, 0.0, 0.0, 0.0, 0.0, 0.0, 0.0, 0.0, 0.0, 0.0, 0.0, 0.0, 0.0, 0.0, 0.0, 0.0, 0.0, 0.0, 0.0, 0.0, 0.0, 0.0, 0.0, 0.0, 0.0, 0.0]",3.0,0.0,0.03239103185728065,0.08273560308008832,"[0.0, 0.0, 0.0, 0.0, 0.0, np.float64(0.03239103185728065), 0.0, 0.0, 0.0, 0.0, 0.0, np.float64(0.03239103185728065), 0.0, np.float64(0.03239103185728065), 0.0, 0.0, np.float64(0.03239103185728065), np.float64(0.08273560308008832), 0.0, 0.0, np.float64(0.03239103185728065), 0.0, 0.0, 0.0, 0.0, np.float64(0.03239103185728065), 0.0, 0.0, np.float64(0.03239103185728065), np.float64(0.03239103185728065), 0.0, np.float64(0.03239103185728065), 0.0, 0.0, np.float64(0.03239103185728065), np.float64(0.03239103185728065), np.float64(0.08162699503106985), np.float64(0.03239103185728065), np.float64(0.03239103185728065), np.float64(0.03239103185728065), np.float64(0.03239103185728065), np.float64(0.03239103185728065), np.float64(0.03239103185728065), np.float64(0.03239103185728065), np.float64(0.03239103185728065), np.float64(0.03239103185728065), np.float64(0.03239103185728065), np.float64(0.03239103185728065), np.float64(0.03239103185728065), np.float64(0.03239103185728065), np.float64(0.03239103185728065), np.float64(0.03239103185728065), np.float64(0.03239103185728065), np.float64(0.03239103185728065), np.float64(0.03239103185728065), np.float64(0.03239103185728065), np.float64(0.03239103185728065), np.float64(0.03239103185728065)]",288.0,0.0,0.0,0.0,"[0.0, 0.0, 0.0, 0.0, 0.0, 0.0, 0.0, 0.0, 0.0, 0.0, 0.0, 0.0, 0.0, 0.0, 0.0, 0.0, 0.0, 0.0, 0.0, 0.0, 0.0, 0.0, 0.0, 0.0, 0.0, 0.0, 0.0, 0.0, 0.0, 0.0, 0.0, 0.0, 0.0, 0.0, 0.0, 0.0, 0.0, 0.0, 0.0, 0.0, 0.0, 0.0, 0.0, 0.0, 0.0, 0.0, 0.0, 0.0, 0.0, 0.0, 0.0, 0.0, 0.0, 0.0, 0.0, 0.0, 0.0, 0.0]",0.0
BIOMD0000000221,8,11,0,1000,0.0,0.0,2.220446049250313e-16,"[np.float64(2.220446049250313e-16), 0.0, 0.0, 0.0, 0.0, 0.0, 0.0, 0.0]",8.0,0.9597359725397734,0.9900335165811947,0.9986442641862212,"[np.float64(0.9986216641607356), np.float64(0.9986442641862212), np.float64(0.9841789252757822), np.float64(0.9821230613829158), np.float64(0.9978062669404713), np.float64(0.9597359725397734), np.float64(0.985665352293269), np.float64(0.9944016808691203)]",72.0,0.0,0.0,0.0,"[0.0, 0.0, 0.0, 0.0, 0.0, 0.0, 0.0, 0.0]",360.0
BIOMD0000000222,8,11,0,1000,0.0,0.0,0.0,"[0.0, 0.0, 0.0, 0.0, 0.0, 0.0, 0.0, 0.0]",5.0,0.0,0.8537215297883025,0.9851804004016692,"[np.float64(0.8536716056786786), 0.0, 0.0, np.float64(0.9426178318360201), np.float64(0.9851804004016692), np.float64(0.8537714538979263), np.float64(0.7583554596546758), np.float64(0.9335835691241101)]",70.0,0.0,0.0,0.0,"[0.0, 0.0, 0.0, 0.0, 0.0, 0.0, 0.0, 0.0]",356.0
BIOMD0000000224,4,6,0,1000,0.0,0.0,0.0,"[0.0, 0.0, 0.0, 0.0]",4.0,0.0,0.6935575270279046,0.9934936031774192,"[np.float64(0.9934936031774192), 0.0, np.float64(0.9934936031774073), np.float64(0.39362145087840184)]",16.0,0.0,0.0,0.0,"[0.0, 0.0, 0.0, 0.0]",36.0
BIOMD0000000225,2,3,0,1000,0.0,0.0,0.0,"[0.0, 0.0]",0.0,0.1709518857963238,0.48245405538018704,0.7939562249640503,"[np.float64(0.7939562249640503), np.float64(0.1709518857963238)]",5.0,0.9758187813705874,0.9763214510876337,0.9768241208046801,"[np.float64(0.9768241208046801), np.float64(0.9758187813705874)]",12.0
BIOMD0000000226,14,24,0,1000,0.0,0.0,0.0,"[0.0, 0.0, 0.0, 0.0, 0.0, 0.0, 0.0, 0.0, 0.0, 0.0, 0.0, 0.0, 0.0, 0.0]",0.0,0.0,0.0,0.9827424994949014,"[0.0, 0.0, 0.0, 0.0, 0.0, 0.0, np.float64(0.9484483026055799), 0.0, 0.0, 0.0, 0.0, 0.0, np.float64(0.9827424994949014), 0.0]",118.0,0.0,0.0,0.9999999999432988,"[0.0, 0.0, 0.0, 0.0, 0.0, 0.0, np.float64(0.9999999999432988), 0.0, 0.0, 0.0, 0.0, np.float64(0.9999999992321894), 0.0, 0.0]",1638.0
BIOMD0000000227,45,57,0,1000,0.0,0.0,0.0,"[0.0, 0.0, 0.0, 0.0, 0.0, 0.0, 0.0, 0.0, 0.0, 0.0, 0.0, 0.0, 0.0, 0.0, 0.0, 0.0, 0.0, 0.0, 0.0, 0.0, 0.0, 0.0, 0.0, 0.0, 0.0, 0.0, 0.0, 0.0, 0.0, 0.0, 0.0, 0.0, 0.0, 0.0, 0.0, 0.0, 0.0, 0.0, 0.0, 0.0, 0.0, 0.0, 0.0, 0.0, 0.0]",0.0,0.0,0.0,0.4114417992865914,"[0.0, 0.0, 0.0, 0.0, 0.0, 0.0, 0.0, 0.0, 0.0, 0.0, 0.0, 0.0, 0.0, 0.0, 0.0, 0.0, 0.0, 0.0, np.float64(0.41144179849084883), 0.0, np.float64(0.4114417992865914), 0.0, 0.0, 0.0, 0.0, 0.0, 0.0, 0.0, 0.0, 0.0, 0.0, 0.0, 0.0, 0.0, 0.0, 0.0, 0.0, 0.0, 0.0, 0.0, 0.0, 0.0, 0.0, 0.0, 0.0]",514.0,0.0,0.0,0.9987197935037558,"[np.float64(0.9041966003742216), np.float64(0.9041966003742216), np.float64(0.9041966003742216), np.float64(0.985964721815237), np.float64(0.9833292362114486), 0.0, 0.0, 0.0, np.float64(0.9833014141743669), np.float64(0.31871692613950786), 0.0, 0.0, 0.0, 0.0, 0.0, 0.0, np.float64(0.9987197935037558), np.float64(0.13607754965898078), np.float64(0.9100030167831453), 0.0, np.float64(0.9100030167936098), 0.0, 0.0, 0.0, 0.0, 0.0, 0.0, 0.0, 0.0, np.float64(0.9041966673939751), np.float64(0.9041966829936097), 0.0, 0.0, 0.0, np.float64(0.9041966659596212), np.float64(0.9041966841565514), 0.0, 0.0, np.float64(0.9041966673939721), np.float64(0.9041966829936062), np.float64(0.9100033622850303), 0.0, 0.0, 0.0, 0.0]",10347.0
BIOMD0000000228,9,22,0,1000,0.0,0.0,0.0,"[0.0, 0.0, 0.0, 0.0, 0.0, 0.0, 0.0, 0.0, 0.0]",1.0,0.0,0.0,0.9808496502089805,"[0.0, 0.0, np.float64(0.878804906638487), 0.0, 0.0, 0.0, 0.0, 0.0, np.float64(0.9808496502089805)]",44.0,0.0,0.0,0.9999995405637893,"[np.float64(0.9999995405637893), np.float64(0.9750114420747875), np.float64(0.9999977576079851), 0.0, 0.0, 0.0, np.float64(0.9999227456919643), 0.0, 0.0]",475.0
BIOMD0000000229,7,14,0,1000,0.0,0.0,0.0,"[0.0, 0.0, 0.0, 0.0, 0.0, 0.0, 0.0]",7.0,0.9908088332613039,0.9996204633997867,0.9999994032032458,"[np.float64(0.9996204633997867), np.float64(0.9986799393699164), np.float64(0.9999994032032458), np.float64(0.9999233471706135), np.float64(0.9998638261632368), np.float64(0.9925881654863912), np.float64(0.9908088332613039)]",39.0,0.9999999995209795,0.9999999999098393,0.9999999999845722,"[np.float64(0.9999999998782632), np.float64(0.9999999997944198), np.float64(0.9999999999821647), np.float64(0.999999999969789), np.float64(0.9999999999098393), np.float64(0.9999999999845722), np.float64(0.9999999995209795)]",252.0
BIOMD0000000230,24,64,0,1000,0.0,0.0,0.0,"[0.0, 0.0, 0.0, 0.0, 0.0, 0.0, 0.0, 0.0, 0.0, 0.0, 0.0, 0.0, 0.0, 0.0, 0.0, 0.0, 0.0, 0.0, 0.0, 0.0, 0.0, 0.0, 0.0, 0.0]",0.0,0.0,0.0,0.9984681666046946,"[0.0, 0.0, np.float64(0.9844926627203041), np.float64(0.9984681666046946), 0.0, 0.0, 0.0, 0.0, 0.0, 0.0, 0.0, 0.0, 0.0, 0.0, 0.0, 0.0, 0.0, 0.0, 0.0, 0.0, 0.0, 0.0, 0.0, 0.0]",413.0,0.0,0.0,0.9746634513264849,"[0.0, 0.0, np.float64(0.43884800890362885), np.float64(0.6827533573821829), np.float64(0.6449356763480438), 0.0, 0.0, 0.0, 0.0, 0.0, 0.0, np.float64(0.8230685354075626), 0.0, 0.0, np.float64(0.9746634513264849), 0.0, 0.0, 0.0, 0.0, 0.0, 0.0, 0.0, 0.0, 0.0]",5761.0
BIOMD0000000231,5,4,0,1000,0.0,0.0,0.0,"[0.0, 0.0, 0.0, 0.0, 0.0]",2.0,0.0,0.0,0.9999999997392228,"[0.0, 0.0, np.float64(0.9999999997392228), 0.0, 0.0]",5.0,0.0,0.0,0.0,"[0.0, 0.0, 0.0, 0.0, 0.0]",13.0
BIOMD0000000233,2,4,0,1000,0.0,0.0,0.0,"[0.0, 0.0]",2.0,0.6434054822685011,0.7466483829065674,0.8498912835446337,"[np.float64(0.8498912835446337), np.float64(0.6434054822685011)]",6.0,0.9991571131455381,0.9992572037340182,0.9993572943224981,"[np.float64(0.9991571131455381), np.float64(0.9993572943224981)]",10.0
BIOMD0000000236,3,4,0,1000,0.0,0.0,0.0,"[0.0, 0.0, 0.0]",0.0,0.0,0.0,0.0,"[0.0, 0.0, 0.0]",5.0,0.0,0.0,0.0,"[0.0, 0.0, 0.0]",18.0
BIOMD0000000237,24,31,0,1000,0.0,0.0,2.220446049250313e-16,"[np.float64(1.1102230246251565e-16), 0.0, 0.0, 0.0, 0.0, 0.0, 0.0, 0.0, 0.0, 0.0, 0.0, 0.0, 0.0, 0.0, 0.0, 0.0, np.float64(2.220446049250313e-16), 0.0, 0.0, 0.0, 0.0, 0.0, 0.0, 0.0]",13.0,0.29311331831996745,0.9999999951533235,0.999999999999748,"[np.float64(0.999999999999748), np.float64(0.9999999999552266), np.float64(0.9999999999479787), np.float64(0.9999999999500727), np.float64(0.9999996478629958), np.float64(0.9999999999940643), np.float64(0.9999999999930493), np.float64(0.9999999999837194), np.float64(0.9988953373080043), np.float64(0.9204981681594732), np.float64(0.9992336319047002), np.float64(0.999998537391274), np.float64(0.9999999999930781), np.float64(0.9999999999837185), np.float64(0.9999999999866561), np.float64(0.9999999999510728), np.float64(0.9999986591707926), np.float64(0.999998659170259), np.float64(0.29311331831996745), np.float64(0.29311331831996745), np.float64(0.9999999951461761), np.float64(0.9999999951604709), np.float64(0.9863312494227394), np.float64(0.8490898958476929)]",453.0,0.0,0.0,0.9999915596740852,"[0.0, 0.0, 0.0, 0.0, 0.0, 0.0, 0.0, 0.0, 0.0, 0.0, 0.0, np.float64(0.9999907278809195), 0.0, 0.0, 0.0, 0.0, np.float64(0.9999915596740852), np.float64(0.9999915596193062), np.float64(0.34362570676193205), np.float64(0.34362570676193205), 0.0, 0.0, 0.0, 0.0]",4158.0
BIOMD0000000239,59,45,0,1000,0.0,0.0,0.0,"[0.0, 0.0, 0.0, 0.0, 0.0, 0.0, 0.0, 0.0, 0.0, 0.0, 0.0, 0.0, 0.0, 0.0, 0.0, 0.0, 0.0, 0.0, 0.0, 0.0, 0.0, 0.0, 0.0, 0.0, 0.0, 0.0, 0.0, 0.0, 0.0, 0.0, 0.0, 0.0, 0.0, 0.0, 0.0, 0.0, 0.0, 0.0, 0.0, 0.0, 0.0, 0.0, 0.0, 0.0, 0.0, 0.0, 0.0, 0.0, 0.0, 0.0, 0.0, 0.0, 0.0, 0.0, 0.0, 0.0, 0.0, 0.0, 0.0]",0.0,0.0,0.0,0.7035757119404711,"[np.float64(0.7035757119404711), 0.0, 0.0, 0.0, 0.0, 0.0, 0.0, 0.0, 0.0, 0.0, 0.0, 0.0, 0.0, 0.0, 0.0, 0.0, 0.0, 0.0, 0.0, 0.0, 0.0, 0.0, 0.0, 0.0, 0.0, 0.0, 0.0, 0.0, 0.0, 0.0, 0.0, 0.0, 0.0, 0.0, 0.0, 0.0, 0.0, 0.0, 0.0, 0.0, 0.0, 0.0, 0.0, 0.0, 0.0, 0.0, 0.0, 0.0, 0.0, 0.0, 0.0, 0.0, 0.0, 0.0, 0.0, 0.0, 0.0, np.float64(0.6157810527708624), np.float64(0.6157810795180818)]",2832.0,0.0,0.0,0.6637958784299485,"[np.float64(0.6637958784299485), 0.0, 0.0, 0.0, 0.0, 0.0, 0.0, 0.0, 0.0, 0.0, 0.0, 0.0, 0.0, 0.0, 0.0, 0.0, 0.0, 0.0, 0.0, 0.0, 0.0, 0.0, 0.0, 0.0, 0.0, 0.0, 0.0, 0.0, 0.0, 0.0, 0.0, 0.0, 0.0, 0.0, 0.0, 0.0, 0.0, 0.0, 0.0, 0.0, 0.0, 0.0, 0.0, 0.0, 0.0, 0.0, 0.0, 0.0, 0.0, 0.0, 0.0, 0.0, 0.0, 0.0, 0.0, 0.0, 0.0, 0.0, 0.0]",81429.0
BIOMD0000000240,6,14,0,1000,0.0,0.0,2.220446049250313e-16,"[np.float64(2.220446049250313e-16), 0.0, 0.0, np.float64(2.220446049250313e-16), 0.0, 0.0]",4.0,0.0,0.0,0.0,"[0.0, 0.0, 0.0, 0.0, 0.0, 0.0]",18.0,0.05012819475595709,0.5293848711068933,0.9979868129497221,"[np.float64(0.05012819475595709), np.float64(0.06078295251309762), np.float64(0.9979868129497221), np.float64(0.05012819475595709), np.float64(0.9979867911156498), np.float64(0.9979867897006889)]",24.0
BIOMD0000000241,5,0,0,1000,0.0,0.0,4.440892098500626e-16,"[np.float64(4.440892098500626e-16), 0.0, 0.0, 0.0, 0.0]",4.0,0.3234171260765565,0.9999911524813101,0.9999912285006558,"[np.float64(0.3234171260765565), np.float64(0.9928611238926729), np.float64(0.9999912024220702), np.float64(0.9999911524813101), np.float64(0.9999912285006558)]",23.0,0.0,0.9999848791353306,0.99998500432852,"[0.0, np.float64(0.9809545366272969), np.float64(0.9999849614290113), np.float64(0.9999848791353306), np.float64(0.99998500432852)]",95.0
BIOMD0000000242,6,12,0,1000,0.0,0.0,0.0,"[0.0, 0.0, 0.0, 0.0, 0.0, 0.0]",3.0,0.0,0.9983270329865883,0.9999999998534544,"[0.0, np.float64(0.9966540679904812), np.float64(0.9999999998534544), np.float64(0.9999999996445257), np.float64(0.9961054974549401), np.float64(0.9999999979826956)]",32.0,0.0,0.999943875972683,0.9999965631432619,"[np.float64(0.9999646106850315), np.float64(0.9999231412603344), np.float64(0.9999965631432619), np.float64(0.9997672385417476), 0.0, np.float64(0.9999888474150326)]",112.0
BIOMD0000000243,23,23,0,1000,0.0,0.0,0.0,"[0.0, 0.0, 0.0, 0.0, 0.0, 0.0, 0.0, 0.0, 0.0, 0.0, 0.0, 0.0, 0.0, 0.0, 0.0, 0.0, 0.0, 0.0, 0.0, 0.0, 0.0, 0.0, 0.0]",10.0,0.0,0.1498025397808057,0.9999999999998395,"[np.float64(0.999999999999076), np.float64(0.999999999999121), 0.0, np.float64(0.9999999999998102), 0.0, np.float64(0.1498025397808057), 0.0, 0.0, np.float64(0.1498025397808057), np.float64(0.1498025397808057), np.float64(0.9968120696478956), 0.0, np.float64(0.1498025397808057), np.float64(0.1498025397808057), np.float64(0.1498025397808057), np.float64(0.9999999999990756), np.float64(0.9999999999998395), np.float64(0.9791038574729166), 0.0, 0.0, np.float64(0.9868169903582297), np.float64(0.9976517668947863), np.float64(0.1498025397808057)]",255.0,0.0,0.14980264724123127,0.999999997070375,"[np.float64(0.9999999968241973), np.float64(0.999999997070375), 0.0, np.float64(0.966752757584879), 0.0, np.float64(0.14980264724123127), np.float64(0.14980264724123127), 0.0, np.float64(0.14980264724123127), np.float64(0.14980264724123127), 0.0, np.float64(0.14980264724123127), np.float64(0.14980264724123127), np.float64(0.14980264724123127), np.float64(0.14980264724123127), np.float64(0.999999996824193), np.float64(0.9673920986753458), 0.0, np.float64(0.14980264724123127), np.float64(0.6690370945143753), np.float64(0.9867437065520233), 0.0, np.float64(0.14980264724123127)]",857.0
BIOMD0000000246,26,41,0,1000,0.0,0.0,0.0,"[0.0, 0.0, 0.0, 0.0, 0.0, 0.0, 0.0, 0.0, 0.0, 0.0, 0.0, 0.0, 0.0, 0.0, 0.0, 0.0, 0.0, 0.0, 0.0, 0.0, 0.0, 0.0, 0.0, 0.0, 0.0, 0.0]",5.0,0.0,0.04783656641857292,0.9996013116490012,"[0.0, 0.0, 0.0, np.float64(0.9927335387632283), np.float64(0.9932794721598792), np.float64(0.9841839875123457), np.float64(0.05999476259831471), np.float64(0.9996013116490012), np.float64(0.035678370238831136), np.float64(0.9953811047582813), np.float64(0.9601039807111832), np.float64(0.9991427622548869), 0.0, 0.0, np.float64(0.9994598402115277), 0.0, np.float64(0.997217370842019), 0.0, np.float64(0.33664510003183634), np.float64(0.5241754048928406), np.float64(0.8670189887277728), 0.0, 0.0, 0.0, 0.0, 0.0]",459.0,0.0,0.0,0.9999983165672227,"[0.0, np.float64(0.994694347684273), 0.0, np.float64(0.9987349772490277), np.float64(0.9999878720788424), np.float64(0.9931942632954156), np.float64(0.9996390562759389), np.float64(0.9999744397235364), 0.0, 0.0, np.float64(0.999997163029262), 0.0, np.float64(0.9980545861028897), 0.0, np.float64(0.9999586685295623), 0.0, np.float64(0.9999983165672227), 0.0, np.float64(0.9999103156634648), 0.0, 0.0, 0.0, 0.0, 0.0, 0.0, 0.0]",7521.0
BIOMD0000000247,24,25,0,1000,0.0,0.0,3.3306690738754696e-16,"[0.0, 0.0, 0.0, 0.0, np.float64(3.3306690738754696e-16), 0.0, 0.0, 0.0, 0.0, 0.0, 0.0, 0.0, 0.0, 0.0, 0.0, 0.0, 0.0, 0.0, 0.0, np.float64(1.1102230246251565e-16), 0.0, 0.0, 0.0, 0.0]",16.0,0.0,0.9607367388854517,0.9999268570916965,"[np.float64(0.8445941135789525), np.float64(0.9681771860551607), np.float64(0.8350293484091559), np.float64(0.9011556762100854), np.float64(0.9523524832957785), np.float64(0.9523524832956203), np.float64(0.7895812171942644), np.float64(0.9532962917157428), np.float64(0.7396728193642554), np.float64(0.7831597259911481), np.float64(0.9999268570916965), np.float64(0.9791544664117819), np.float64(0.3438425908532803), 0.0, np.float64(0.9993648198333521), np.float64(0.9998610729515438), np.float64(0.9998433697574893), np.float64(0.9998433697574942), np.float64(0.983706403897627), np.float64(0.9875616245710886), np.float64(0.9966628331302113), np.float64(0.9966512071921162), np.float64(0.9769939776682686), np.float64(0.6447423276781801)]",596.0,0.0,0.0,0.0,"[0.0, 0.0, 0.0, 0.0, 0.0, 0.0, 0.0, 0.0, 0.0, 0.0, 0.0, 0.0, 0.0, 0.0, 0.0, 0.0, 0.0, 0.0, 0.0, 0.0, 0.0, 0.0, 0.0, 0.0]",7750.0
BIOMD0000000249,9,20,0,1000,0.0,0.0,2.220446049250313e-16,"[0.0, 0.0, 0.0, 0.0, 0.0, np.float64(2.220446049250313e-16), 0.0, 0.0, 0.0]",4.0,0.0,0.9882923671284783,0.9999999723701257,"[0.0, np.float64(0.9669469565863912), np.float64(0.9999878948926508), np.float64(0.9595750796835391), np.float64(0.9882923671284783), np.float64(0.9999999582265534), np.float64(0.9999358809158679), np.float64(0.9859990441951431), np.float64(0.9999999723701257)]",80.0,0.0,0.9999996418329049,0.9999999997962398,"[0.0, np.float64(0.9999990585451939), np.float64(0.9999999976752573), np.float64(0.9999988108321534), np.float64(0.9999996418329049), np.float64(0.9999999968173904), np.float64(0.9999999997962398), np.float64(0.9999995492435092), np.float64(0.9999999973201267)]",466.0
BIOMD0000000251,9,9,0,1000,0.0,0.0,2.220446049250313e-16,"[0.0, 0.0, np.float64(2.220446049250313e-16), 0.0, 0.0, 0.0, 0.0, 0.0, 0.0]",2.0,0.0,0.15544950097591592,0.9999999999914964,"[0.0, 0.0, np.float64(0.9999999994137455), np.float64(0.9999999999914964), np.float64(0.9999999999913552), np.float64(0.9999999389954546), np.float64(0.15544950097591592), np.float64(0.15544950097591592), np.float64(0.15544950097591592)]",47.0,0.0,0.0,0.0,"[0.0, 0.0, 0.0, 0.0, 0.0, 0.0, 0.0, 0.0, 0.0]",274.0
BIOMD0000000253,3,4,0,1000,0.0,0.0,0.0,"[0.0, 0.0, 0.0]",3.0,0.9179049008509188,0.943178799768542,0.9785156819566745,"[np.float64(0.943178799768542), np.float64(0.9785156819566745), np.float64(0.9179049008509188)]",12.0,0.9887999340822144,0.9955743941422706,0.9993435457326773,"[np.float64(0.9955743941422706), np.float64(0.9993435457326773), np.float64(0.9887999340822144)]",30.0
BIOMD0000000254,4,0,0,1000,0.0,0.0,0.0,"[0.0, 0.0, 0.0, 0.0]",0.0,0.0,0.0,0.0,"[0.0, 0.0, 0.0, 0.0]",19.0,0.0,0.0,0.0,"[0.0, 0.0, 0.0, 0.0]",59.0
BIOMD0000000257,8,11,0,1000,0.0,0.0,0.0,"[0.0, 0.0, 0.0, 0.0, 0.0, 0.0, 0.0, 0.0]",0.0,0.0,0.6832180910258123,0.8043931525275418,"[np.float64(0.8043931525275418), np.float64(0.684846504953436), np.float64(0.6815265341894539), np.float64(0.7869660727045158), 0.0, np.float64(0.7835928217045185), np.float64(0.6815896770981886), np.float64(0.2510594929325288)]",54.0,0.0,0.0,0.0,"[0.0, 0.0, 0.0, 0.0, 0.0, 0.0, 0.0, 0.0]",354.0
BIOMD0000000258,3,4,0,1000,0.0,0.0,0.0,"[0.0, 0.0, 0.0]",1.0,0.5866763519591375,0.6174183523051595,0.844612963911484,"[np.float64(0.6174183523051595), np.float64(0.5866763519591375), np.float64(0.844612963911484)]",8.0,0.9960930345000995,0.9962143624350941,0.9975078462253365,"[np.float64(0.9975078462253365), np.float64(0.9960930345000995), np.float64(0.9962143624350941)]",27.0
BIOMD0000000265,23,52,0,1000,0.0,0.0,0.0,"[0.0, 0.0, 0.0, 0.0, 0.0, 0.0, 0.0, 0.0, 0.0, 0.0, 0.0, 0.0, 0.0, 0.0, 0.0, 0.0, 0.0, 0.0, 0.0, 0.0, 0.0, 0.0, 0.0]",0.0,0.0,0.0,0.0,"[0.0, 0.0, 0.0, 0.0, 0.0, 0.0, 0.0, 0.0, 0.0, 0.0, 0.0, 0.0, 0.0, 0.0, 0.0, 0.0, 0.0, 0.0, 0.0, 0.0, 0.0, 0.0, 0.0]",472.0,0.0,0.0,0.0,"[0.0, 0.0, 0.0, 0.0, 0.0, 0.0, 0.0, 0.0, 0.0, 0.0, 0.0, 0.0, 0.0, 0.0, 0.0, 0.0, 0.0, 0.0, 0.0, 0.0, 0.0, 0.0, 0.0]",6000.0
BIOMD0000000267,4,3,0,1000,0.0,0.0,0.0,"[0.0, 0.0, 0.0, 0.0]",2.0,0.02290010242433682,0.9999994759864166,0.9999999996458557,"[np.float64(0.9999991142462957), np.float64(0.9999998377265373), np.float64(0.9999999996458557), np.float64(0.02290010242433682)]",5.0,0.0633269917833178,0.9995573567220082,0.9999995555102937,"[np.float64(0.9999372489424463), np.float64(0.9991774645015701), np.float64(0.9999995555102937), np.float64(0.0633269917833178)]",25.0
BIOMD0000000269,9,22,0,1000,0.0,0.0,0.0,"[0.0, 0.0, 0.0, 0.0, 0.0, 0.0, 0.0, 0.0, 0.0]",1.0,0.0,0.7705234375420384,0.9999999787794228,"[np.float64(0.9999235070822147), np.float64(0.9999999787794228), 0.0, np.float64(0.9999127095435053), np.float64(0.9980609060928725), 0.0, 0.0, np.float64(0.7705234375420384), 0.0]",84.0,0.0,0.9014894157580395,0.9965743711376001,"[np.float64(0.9014894157580395), np.float64(0.9965743711376001), np.float64(0.4224676216546219), np.float64(0.9865179865630787), 0.0, np.float64(0.9520223762667508), np.float64(0.8759328229188508), np.float64(0.9955508457379494), 0.0]",490.0
BIOMD0000000270,33,42,0,1000,0.0,0.0,0.0,"[0.0, 0.0, 0.0, 0.0, 0.0, 0.0, 0.0, 0.0, 0.0, 0.0, 0.0, 0.0, 0.0, 0.0, 0.0, 0.0, 0.0, 0.0, 0.0, 0.0, 0.0, 0.0, 0.0, 0.0, 0.0, 0.0, 0.0, 0.0, 0.0, 0.0, 0.0, 0.0, 0.0]",2.0,0.0,0.9686472680029156,0.9998583034937156,"[np.float64(0.9998583034937155), np.float64(0.9686472680028678), np.float64(0.996573014840989), np.float64(0.9876106527630644), 0.0, np.float64(0.9930618076754332), 0.0, np.float64(0.9939578072877945), np.float64(0.9936767236983385), np.float64(0.9998583034937156), np.float64(0.9686472680029156), np.float64(0.9875557327198806), 0.0, 0.0, 0.0, np.float64(0.989584014192995), np.float64(0.983948344099667), np.float64(0.7752724800728878), np.float64(0.7520878769910927), np.float64(0.9844320532793349), 0.0, 0.0, np.float64(0.9879160859600459), np.float64(0.9880801973669414), np.float64(0.9988903882954113), np.float64(0.9998482843296865), np.float64(0.49392622938748754), 0.0, np.float64(0.25679071496303874), 0.0, 0.0, np.float64(0.9908465269745715), 0.0]",914.0,0.0,0.0,0.0,"[0.0, 0.0, 0.0, 0.0, 0.0, 0.0, 0.0, 0.0, 0.0, 0.0, 0.0, 0.0, 0.0, 0.0, 0.0, 0.0, 0.0, 0.0, 0.0, 0.0, 0.0, 0.0, 0.0, 0.0, 0.0, 0.0, 0.0, 0.0, 0.0, 0.0, 0.0, 0.0, 0.0]",8814.0
BIOMD0000000271,6,8,0,1000,0.0,0.0,0.0,"[0.0, 0.0, 0.0, 0.0, 0.0, 0.0]",4.0,0.0,0.5124298152796274,0.9999999920878639,"[np.float64(0.9999999906563868), np.float64(0.9999999920878639), np.float64(0.999999989093099), 0.0, np.float64(0.024859641466155713), np.float64(0.024859641466155713)]",15.0,0.0,0.0,0.0021694138002580354,"[0.0, 0.0, 0.0, 0.0, np.float64(0.0021694138002580354), np.float64(0.0021694138002580354)]",60.0
BIOMD0000000272,6,8,0,1000,0.0,0.0,2.220446049250313e-16,"[np.float64(2.220446049250313e-16), np.float64(1.1102230246251565e-16), 0.0, 0.0, 0.0, 0.0]",3.0,0.0,0.0,0.023526784803744594,"[0.0, 0.0, 0.0, 0.0, np.float64(0.023526784803744594), np.float64(0.023526784803744594)]",8.0,0.0,0.0,0.07430749271605208,"[0.0, 0.0, 0.0, 0.0, np.float64(0.07430749271605208), np.float64(0.07430749271605208)]",36.0
BIOMD0000000273,19,38,0,1000,0.0,0.0,0.0,"[0.0, 0.0, 0.0, 0.0, 0.0, 0.0, 0.0, 0.0, 0.0, 0.0, 0.0, 0.0, 0.0, 0.0, 0.0, 0.0, 0.0, 0.0, 0.0]",0.0,0.0,0.5982673051792302,0.9552499806860877,"[np.float64(0.3885854509772583), np.float64(0.5725178255749759), np.float64(0.5981610549868739), 0.0, np.float64(0.7927704042387116), np.float64(0.9552499806860877), np.float64(0.9125400437844451), np.float64(0.5982673051792302), np.float64(0.8340086318789842), np.float64(0.6397402824835079), np.float64(0.12272189697619396), 0.0, np.float64(0.9549358895287339), np.float64(0.9252519388969244), np.float64(0.9545502519605888), np.float64(0.7939709915468454), np.float64(0.2899653180356454), np.float64(0.5969935550372008), 0.0]",377.0,0.0,0.0,0.0,"[0.0, 0.0, 0.0, 0.0, 0.0, 0.0, 0.0, 0.0, 0.0, 0.0, 0.0, 0.0, 0.0, 0.0, 0.0, 0.0, 0.0, 0.0, 0.0]",3990.0
BIOMD0000000274,3,0,0,1000,0.0,0.0,0.0,"[0.0, 0.0, 0.0]",0.0,0.0,0.0,0.0,"[0.0, 0.0, 0.0]",0.0,0.0,0.0,0.0,"[0.0, 0.0, 0.0]",0.0
BIOMD0000000278,3,0,0,1000,0.0,0.0,0.0,"[0.0, 0.0, 0.0]",0.0,0.0,0.0,0.0,"[0.0, 0.0, 0.0]",8.0,0.0,0.9998939619918386,0.9999846117283742,"[0.0, np.float64(0.9999846117283742), np.float64(0.9998939619918386)]",26.0
BIOMD0000000279,3,0,0,1000,0.0,0.0,0.0,"[0.0, 0.0, 0.0]",0.0,0.0,0.0,0.48477822847697893,"[0.0, np.float64(0.48477822847697893), 0.0]",5.0,0.09608099330272668,0.48477822750661037,0.655690844089,"[np.float64(0.655690844089), np.float64(0.48477822750661037), np.float64(0.09608099330272668)]",2.0
BIOMD0000000282,5,3,0,1000,0.0,0.0,1.1102230246251565e-16,"[0.0, 0.0, np.float64(1.1102230246251565e-16), 0.0, 0.0]",4.0,0.0,0.9997068418251254,0.999991706146778,"[np.float64(0.9997068418251254), np.float64(0.999991706146778), np.float64(0.9997068418252547), np.float64(0.998910960749571), 0.0]",24.0,0.0,0.9999999999291721,0.9999999999977782,"[np.float64(0.9999999999291721), np.float64(0.9999999999977782), np.float64(0.9999999999291721), np.float64(0.9999999997347031), 0.0]",84.0
BIOMD0000000284,6,8,0,1000,0.0,0.0,0.0,"[0.0, 0.0, 0.0, 0.0, 0.0, 0.0]",2.0,0.9964835046300784,0.9991158165133163,0.9999266535262178,"[np.float64(0.9999266535262178), np.float64(0.9997833930159362), np.float64(0.9968863876495462), np.float64(0.9995780718176309), np.float64(0.9964835046300784), np.float64(0.9986535612090017)]",42.0,0.7422189327031969,0.835410101449597,0.9967228411494167,"[np.float64(0.9967228411494167), np.float64(0.9850222744211232), np.float64(0.7848673327513306), np.float64(0.8859528701478635), np.float64(0.7502906416015306), np.float64(0.7422189327031969)]",168.0
BIOMD0000000287,21,37,0,1000,0.0,0.0,0.0,"[0.0, 0.0, 0.0, 0.0, 0.0, 0.0, 0.0, 0.0, 0.0, 0.0, 0.0, 0.0, 0.0, 0.0, 0.0, 0.0, 0.0, 0.0, 0.0, 0.0, 0.0]",0.0,0.0,0.0,0.9999936397329434,"[np.float64(0.9999936397329434), np.float64(0.9999790757318692), np.float64(0.9999900775031502), 0.0, 0.0, 0.0, 0.0, 0.0, 0.0, 0.0, 0.0, 0.0, 0.0, 0.0, 0.0, 0.0, 0.0, 0.0, 0.0, 0.0, 0.0]",101.0,0.0,0.9999999999191389,0.9999999999999695,"[0.0, 0.0, 0.0, np.float64(0.9999999954255538), 0.0, np.float64(0.9999999999994811), np.float64(0.999999999999084), np.float64(0.9999999999998951), np.float64(0.9999999999191389), np.float64(0.9999999999999695), np.float64(0.9999999999999599), np.float64(0.9999995435812765), np.float64(0.9999999936530523), 0.0, np.float64(0.9999999999996031), np.float64(0.9999999999997236), np.float64(0.9999999999997329), 0.0, np.float64(0.9999999999999353), np.float64(0.9999999999987677), 0.0]",132.0
BIOMD0000000292,3,4,0,1000,0.0,0.0,0.0,"[0.0, 0.0, 0.0]",0.0,0.0,0.9451910588553374,0.9999403557262665,"[0.0, np.float64(0.9451910588553374), np.float64(0.9999403557262665)]",11.0,0.9994785345238613,0.9997740321077632,0.9999944196303671,"[np.float64(0.9997740321077632), np.float64(0.9994785345238613), np.float64(0.9999944196303671)]",30.0
BIOMD0000000293,131,316,0,1000,,,,,,,,,,,,,,,
BIOMD0000000294,11,26,0,1000,0.0,0.0,1.1102230246251565e-16,"[0.0, 0.0, 0.0, 0.0, np.float64(1.1102230246251565e-16), 0.0, 0.0, 0.0, 0.0, 0.0, 0.0]",6.0,0.40754946946863924,0.9995418971902916,0.9999965855102483,"[np.float64(0.40754946946863924), np.float64(0.9995418971902916), np.float64(0.9982145180781394), np.float64(0.9995350002171167), np.float64(0.99935714706008), np.float64(0.9999965855102483), np.float64(0.9997965084865938), np.float64(0.999593265480655), np.float64(0.9991643167610725), np.float64(0.9998763830567833), np.float64(0.9999954468972753)]",120.0,0.0,0.9551432734023398,0.9981135122780169,"[0.0, 0.0, np.float64(0.9944963733948238), 0.0, np.float64(0.8399478885906457), np.float64(0.9981135122780169), np.float64(0.9908771764360468), np.float64(0.9551432734023398), np.float64(0.7333381725867927), np.float64(0.997589819209455), np.float64(0.992987814065526)]",789.0
BIOMD0000000295,5,8,0,1000,0.0,0.0,0.0,"[0.0, 0.0, 0.0, 0.0, 0.0]",2.0,0.9912025075403099,0.9991305500861929,0.9999926831153966,"[np.float64(0.9920103916755753), np.float64(0.9912025075403099), np.float64(0.9991935457594274), np.float64(0.9991305500861929), np.float64(0.9999926831153966)]",26.0,0.9999999995496215,0.9999999996805091,0.9999999997940465,"[np.float64(0.9999999997940465), np.float64(0.999999999793986), np.float64(0.9999999995576649), np.float64(0.9999999995496215), np.float64(0.9999999996805091)]",105.0
BIOMD0000000296,5,8,0,1000,0.0,0.0,0.0,"[0.0, 0.0, 0.0, 0.0, 0.0]",3.0,0.0,0.8599088517208298,0.9999999592059714,"[0.0, np.float64(0.377041301719647), np.float64(0.8599088517208298), np.float64(0.999985067030327), np.float64(0.9999999592059714)]",15.0,0.0,0.0,0.9999948689673633,"[0.0, 0.0, 0.0, np.float64(0.9954092528166265), np.float64(0.9999948689673633)]",43.0
BIOMD0000000297,19,51,0,1000,0.0,0.0,0.0,"[0.0, 0.0, 0.0, 0.0, 0.0, 0.0, 0.0, 0.0, 0.0, 0.0, 0.0, 0.0, 0.0, 0.0, 0.0, 0.0, 0.0, 0.0, 0.0]",0.0,0.0,0.8400981594885659,0.9999277591306988,"[np.float64(0.1485567207313655), np.float64(0.9702684826461806), np.float64(0.9463257167196245), 0.0, 0.0, np.float64(0.9500548744497302), np.float64(0.8400981594885659), np.float64(0.8531939681171128), np.float64(0.9071683495083035), np.float64(0.5930437483599732), 0.0, 0.0, 0.0, 0.0, np.float64(0.9523681244512557), np.float64(0.9591141798766465), np.float64(0.9999277591306988), np.float64(0.8424632130613745), 0.0]",278.0,0.0,0.0,0.9913658885677423,"[0.0, 0.0, np.float64(0.2534864466264657), 0.0, 0.0, 0.0, 0.0, 0.0, 0.0, 0.0, 0.0, 0.0, 0.0, 0.0, 0.0, np.float64(0.9382446175773367), np.float64(0.9913658885677423), np.float64(0.9448510161701515), 0.0]",3964.0
BIOMD0000000298,10,0,0,1000,0.0,0.0,2.220446049250313e-16,"[np.float64(2.220446049250313e-16), 0.0, 0.0, 0.0, np.float64(1.1102230246251565e-16), 0.0, 0.0, 0.0, 0.0, np.float64(1.1102230246251565e-16)]",9.0,0.9993897283916907,0.9999975217168298,0.9999999310783614,"[np.float64(0.9999974064060982), np.float64(0.999999308756201), np.float64(0.9995933467570004), np.float64(0.9999999310783614), np.float64(0.9999998246605153), np.float64(0.9999998425740628), np.float64(0.9999936795851287), np.float64(0.9997026309528814), np.float64(0.9999976370275614), np.float64(0.9993897283916907)]",99.0,0.9999986734204138,0.9999999993151201,0.9999999999568434,"[np.float64(0.9999999986646402), np.float64(0.9999999999568434), np.float64(0.9999999991015434), np.float64(0.9999999995665557), np.float64(0.9999999999505715), np.float64(0.9999999997806436), np.float64(0.9999999995286967), np.float64(0.9999999989178399), np.float64(0.9999998384846772), np.float64(0.9999986734204138)]",660.0
BIOMD0000000299,3,0,0,1000,0.0,0.0,0.0,"[0.0, 0.0, 0.0]",0.0,0.6694679715076635,0.6852137927080699,0.6928590303184736,"[np.float64(0.6928590303184736), np.float64(0.6852137927080699), np.float64(0.6694679715076635)]",12.0,0.3160353768925771,0.5249294005529948,0.7143741112051017,"[np.float64(0.3160353768925771), np.float64(0.7143741112051017), np.float64(0.5249294005529948)]",30.0
BIOMD0000000300,3,10,0,1000,0.0,2.220446049250313e-16,2.220446049250313e-16,"[np.float64(2.220446049250313e-16), np.float64(2.220446049250313e-16), 0.0]",2.0,0.0,0.9999999998587036,0.9999999998587036,"[np.float64(0.9999999998587036), np.float64(0.9999999998587036), 0.0]",8.0,0.0,0.9999999997911534,0.9999999997911534,"[np.float64(0.9999999997911534), np.float64(0.9999999997911534), 0.0]",14.0
BIOMD0000000303,42,45,0,1000,0.0,0.0,0.0,"[0.0, 0.0, 0.0, 0.0, 0.0, 0.0, 0.0, 0.0, 0.0, 0.0, 0.0, 0.0, 0.0, 0.0, 0.0, 0.0, 0.0, 0.0, 0.0, 0.0, 0.0, 0.0, 0.0, 0.0, 0.0, 0.0, 0.0, 0.0, 0.0, 0.0, 0.0, 0.0, 0.0, 0.0, 0.0, 0.0, 0.0, 0.0, 0.0, 0.0, 0.0, 0.0]",1.0,0.0,0.0,0.6944382474193271,"[0.0, 0.0, 0.0, 0.0, 0.0, 0.0, 0.0, 0.0, 0.0, 0.0, 0.0, 0.0, np.float64(0.6944382474193271), np.float64(0.6944122720971491), 0.0, 0.0, 0.0, 0.0, 0.0, 0.0, 0.0, 0.0, 0.0, 0.0, 0.0, 0.0, 0.0, 0.0, 0.0, 0.0, 0.0, 0.0, np.float64(0.252543267300826), 0.0, 0.0, 0.0, 0.0, 0.0, 0.0, 0.0, 0.0, 0.0]",234.0,0.0,0.9997337297104328,0.9999999999570413,"[np.float64(0.9999999998961165), np.float64(0.9999999998961165), np.float64(0.5535855769220936), np.float64(0.9999999996870605), np.float64(0.9999999996870534), np.float64(0.9999999885476841), np.float64(0.9999999999570413), np.float64(0.9997342159468032), np.float64(0.9997332434740624), np.float64(0.9999999999570124), np.float64(0.9999999999570397), 0.0, np.float64(0.9999790665321452), np.float64(0.999999999787509), np.float64(0.9999999962041721), 0.0, np.float64(0.9999999552134029), 0.0, 0.0, 0.0, np.float64(0.999860651695109), 0.0, 0.0, 0.0, 0.0, 0.0, np.float64(0.9999917796211032), np.float64(0.999991674240177), 0.0, np.float64(0.9999999997833638), np.float64(0.9999999997525019), np.float64(0.99999999713149), np.float64(0.9999999997902523), np.float64(0.999992431899422), 0.0, 0.0, np.float64(0.981448963247454), 0.0, 0.0, 0.0, 0.0, 0.0]",1.0
BIOMD0000000304,5,0,0,1000,0.0,0.0,0.0,"[0.0, 0.0, 0.0, 0.0, 0.0]",0.0,0.0,0.0,0.4725974626450795,"[np.float64(0.4725974626450795), 0.0, 0.0, 0.0, 0.0]",13.0,0.0,0.0,0.0,"[0.0, 0.0, 0.0, 0.0, 0.0]",59.0
BIOMD0000000306,2,8,0,1000,2.220446049250313e-16,2.220446049250313e-16,2.220446049250313e-16,"[np.float64(2.220446049250313e-16), np.float64(2.220446049250313e-16)]",0.0,0.0,0.0,0.0,"[0.0, 0.0]",0.0,0.0,0.0,0.0,"[0.0, 0.0]",0.0
BIOMD0000000307,2,5,0,1000,2.220446049250313e-16,2.220446049250313e-16,2.220446049250313e-16,"[np.float64(2.220446049250313e-16), np.float64(2.220446049250313e-16)]",0.0,0.0,0.0,0.0,"[0.0, 0.0]",0.0,0.0,0.0,0.0,"[0.0, 0.0]",0.0
BIOMD0000000308,3,6,0,1000,2.220446049250313e-16,2.220446049250313e-16,2.220446049250313e-16,"[np.float64(2.220446049250313e-16), np.float64(2.220446049250313e-16), np.float64(2.220446049250313e-16)]",0.0,0.0,0.0,0.0,"[0.0, 0.0, 0.0]",0.0,0.0,0.0,0.0,"[0.0, 0.0, 0.0]",0.0
BIOMD0000000309,1,4,0,1000,0.0,0.0,0.0,[0.0],1.0,0.9969651670938812,0.9969651670938812,0.9969651670938812,[np.float64(0.9969651670938812)],2.0,0.9973569458152955,0.9973569458152955,0.9973569458152955,[np.float64(0.9973569458152955)],3.0
BIOMD0000000310,1,6,0,1000,2.220446049250313e-16,2.220446049250313e-16,2.220446049250313e-16,[np.float64(2.220446049250313e-16)],0.0,0.0,0.0,0.0,[0.0],0.0,0.0,0.0,0.0,[0.0],0.0
BIOMD0000000311,1,5,0,1000,2.220446049250313e-16,2.220446049250313e-16,2.220446049250313e-16,[np.float64(2.220446049250313e-16)],0.0,0.0,0.0,0.0,[0.0],0.0,0.0,0.0,0.0,[0.0],0.0
BIOMD0000000313,15,16,0,1000,0.0,0.0,0.0,"[0.0, 0.0, 0.0, 0.0, 0.0, 0.0, 0.0, 0.0, 0.0, 0.0, 0.0, 0.0, 0.0, 0.0, 0.0]",1.0,0.0,0.0,0.9999952751604331,"[0.0, 0.0, 0.0, 0.0, np.float64(0.9999952751604331), 0.0, 0.0, np.float64(0.15565027329356762), 0.0, 0.0, np.float64(0.15565027329356762), 0.0, 0.0, np.float64(0.15565027329356762), np.float64(0.15565027329356762)]",84.0,0.0,0.15565026156188688,0.9999999999999916,"[np.float64(0.9999999999999911), np.float64(0.9999999999996717), np.float64(0.9999999998575424), 0.0, 0.0, 0.0, 0.0, np.float64(0.15565026156188688), 0.0, 0.0, np.float64(0.15565026156188688), np.float64(0.9999999970677764), np.float64(0.9999999999999916), np.float64(0.15565026156188688), np.float64(0.15565026156188688)]",139.0
BIOMD0000000314,11,12,0,1000,0.0,0.0,0.0,"[0.0, 0.0, 0.0, 0.0, 0.0, 0.0, 0.0, 0.0, 0.0, 0.0, 0.0]",2.0,0.0,0.08074594656926803,0.9999999999999958,"[np.float64(0.9999999999999958), np.float64(0.9999999999982998), 0.0, np.float64(0.9999953161720337), np.float64(0.08074594656926803), np.float64(0.9999999999999849), np.float64(0.9999999999999851), np.float64(0.08074594656926803), 0.0, 0.0, np.float64(0.08074594656926803)]",69.0,0.0,0.08074595098429549,0.9999999999999963,"[np.float64(0.9999999999999963), np.float64(0.9999999999983004), np.float64(0.9999999997952698), 0.0, np.float64(0.08074595098429549), 0.0, 0.0, np.float64(0.08074595098429549), 0.0, 0.0, np.float64(0.08074595098429549)]",72.0
BIOMD0000000315,19,27,0,1000,0.0,0.0,2.220446049250313e-16,"[0.0, np.float64(1.1102230246251565e-16), 0.0, np.float64(2.220446049250313e-16), 0.0, 0.0, 0.0, 0.0, 0.0, 0.0, 0.0, 0.0, 0.0, 0.0, 0.0, 0.0, 0.0, 0.0, 0.0]",11.0,0.0,0.9999988319364465,0.9999999999999919,"[np.float64(0.9999999999999741), np.float64(0.9999999999999813), np.float64(0.9999999999996728), np.float64(0.9999999999992245), np.float64(0.9999999999999919), np.float64(0.9999999999988373), np.float64(0.999996200778311), np.float64(0.9999999999998782), 0.0, np.float64(0.9901509649150193), np.float64(0.9904510311274327), np.float64(0.9999999999995715), np.float64(0.9935258034287782), np.float64(0.9761278222348831), np.float64(0.9999999995250566), np.float64(0.9985412977528874), np.float64(0.29755195809717305), np.float64(0.9999988319364465), np.float64(0.29755195809717305)]",257.0,0.0,0.0,0.9999999999999813,"[np.float64(0.9999999999999741), np.float64(0.9999999999999813), np.float64(0.9999999999996729), 0.0, 0.0, 0.0, 0.0, 0.0, 0.0, 0.0, 0.0, 0.0, np.float64(0.17282555926769883), 0.0, np.float64(0.9999897360868595), np.float64(0.999220262995887), np.float64(0.3533342518032436), np.float64(0.5285452996698112), np.float64(0.3533342518032436)]",290.0
BIOMD0000000318,7,17,0,1000,0.0,0.0,0.0,"[0.0, 0.0, 0.0, 0.0, 0.0, 0.0, 0.0]",7.0,0.9928869358524193,0.9999994881576847,0.9999999999655771,"[np.float64(0.9928869358524193), np.float64(0.9999995635881495), np.float64(0.9999999999655771), np.float64(0.9999999911667248), np.float64(0.9999994239469091), np.float64(0.9999994881576847), np.float64(0.9999991411974375)]",53.0,0.9916876071539458,0.9999999996739838,0.9999999999996629,"[np.float64(0.9999999999996629), np.float64(0.9999999999514613), np.float64(0.9931789741954379), np.float64(0.9916876071539458), np.float64(0.9999999996739838), np.float64(0.9999999999387746), np.float64(0.9999998003347947)]",250.0
BIOMD0000000319,3,4,0,1000,0.0,0.0,0.0,"[0.0, 0.0, 0.0]",2.0,0.0,0.0,0.8823751650158307,"[0.0, np.float64(0.8823751650158307), 0.0]",9.0,0.0,0.0,0.0,"[0.0, 0.0, 0.0]",16.0
BIOMD0000000322,4,9,0,1000,0.0,0.0,0.0,"[0.0, 0.0, 0.0, 0.0]",0.0,0.0,0.0,0.0,"[0.0, 0.0, 0.0, 0.0]",7.0,0.0,0.0,0.0,"[0.0, 0.0, 0.0, 0.0]",59.0
BIOMD0000000323,3,6,0,1000,0.0,0.0,0.0,"[0.0, 0.0, 0.0]",0.0,0.0,0.0,0.0,"[0.0, 0.0, 0.0]",8.0,0.0,0.0,0.0,"[0.0, 0.0, 0.0]",29.0
BIOMD0000000325,5,10,0,1000,0.0,0.0,0.0,"[0.0, 0.0, 0.0, 0.0, 0.0]",0.0,0.0,0.02341287141321391,0.02341287141321391,"[0.0, 0.0, np.float64(0.02341287141321391), np.float64(0.02341287141321391), np.float64(0.02341287141321391)]",2.0,0.024062507162971647,0.024062507162971647,0.9999993354128672,"[np.float64(0.9999993354128672), np.float64(0.9976912347504793), np.float64(0.024062507162971647), np.float64(0.024062507162971647), np.float64(0.024062507162971647)]",2.0
BIOMD0000000326,71,91,0,1000,0.0,1.1102230246251565e-16,1.1102230246251565e-16,"[np.float64(1.1102230246251565e-16), 0.0, 0.0, np.float64(1.1102230246251565e-16), np.float64(1.1102230246251565e-16), np.float64(1.1102230246251565e-16), np.float64(1.1102230246251565e-16), np.float64(1.1102230246251565e-16), np.float64(1.1102230246251565e-16), np.float64(1.1102230246251565e-16), np.float64(1.1102230246251565e-16), np.float64(1.1102230246251565e-16), np.float64(1.1102230246251565e-16), np.float64(1.1102230246251565e-16), np.float64(1.1102230246251565e-16), np.float64(1.1102230246251565e-16), np.float64(1.1102230246251565e-16), np.float64(1.1102230246251565e-16), np.float64(1.1102230246251565e-16), np.float64(1.1102230246251565e-16), np.float64(1.1102230246251565e-16), np.float64(1.1102230246251565e-16), np.float64(1.1102230246251565e-16), np.float64(1.1102230246251565e-16), np.float64(1.1102230246251565e-16), np.float64(1.1102230246251565e-16), np.float64(1.1102230246251565e-16), np.float64(1.1102230246251565e-16), np.float64(1.1102230246251565e-16), np.float64(1.1102230246251565e-16), np.float64(1.1102230246251565e-16), np.float64(1.1102230246251565e-16), np.float64(1.1102230246251565e-16), np.float64(1.1102230246251565e-16), np.float64(1.1102230246251565e-16), np.float64(1.1102230246251565e-16), np.float64(1.1102230246251565e-16), np.float64(1.1102230246251565e-16), np.float64(1.1102230246251565e-16), np.float64(1.1102230246251565e-16), np.float64(1.1102230246251565e-16), np.float64(1.1102230246251565e-16), np.float64(1.1102230246251565e-16), np.float64(1.1102230246251565e-16), np.float64(1.1102230246251565e-16), np.float64(1.1102230246251565e-16), np.float64(1.1102230246251565e-16), np.float64(1.1102230246251565e-16), np.float64(1.1102230246251565e-16), np.float64(1.1102230246251565e-16), np.float64(1.1102230246251565e-16), np.float64(1.1102230246251565e-16), np.float64(1.1102230246251565e-16), np.float64(1.1102230246251565e-16), np.float64(1.1102230246251565e-16), np.float64(1.1102230246251565e-16), np.float64(1.1102230246251565e-16), np.float64(1.1102230246251565e-16), np.float64(1.1102230246251565e-16), np.float64(1.1102230246251565e-16), np.float64(1.1102230246251565e-16), np.float64(1.1102230246251565e-16), np.float64(1.1102230246251565e-16), np.float64(1.1102230246251565e-16), np.float64(1.1102230246251565e-16), np.float64(1.1102230246251565e-16), np.float64(1.1102230246251565e-16), np.float64(1.1102230246251565e-16), 0.0, 0.0, 0.0]",3.0,0.0,0.19755004374690543,0.9999958438051741,"[np.float64(0.19755004374690543), 0.0, 0.0, np.float64(0.19755004374690543), np.float64(0.19755004374690543), np.float64(0.19755004374690543), np.float64(0.19755004374690543), np.float64(0.19755004374690543), np.float64(0.19755004374690543), np.float64(0.19755004374690543), np.float64(0.19755004374690543), np.float64(0.19755004374690543), np.float64(0.19755004374690543), np.float64(0.19755004374690543), np.float64(0.19755004374690543), np.float64(0.19755004374690543), np.float64(0.19755004374690543), np.float64(0.19755004374690543), np.float64(0.19755004374690543), np.float64(0.19755004374690543), np.float64(0.19755004374690543), np.float64(0.19755004374690543), np.float64(0.19755004374690543), np.float64(0.19755004374690543), np.float64(0.19755004374690543), np.float64(0.19755004374690543), np.float64(0.19755004374690543), np.float64(0.19755004374690543), np.float64(0.19755004374690543), np.float64(0.19755004374690543), np.float64(0.19755004374690543), np.float64(0.19755004374690543), np.float64(0.19755004374690543), np.float64(0.19755004374690543), np.float64(0.19755004374690543), np.float64(0.19755004374690543), np.float64(0.19755004374690543), np.float64(0.19755004374690543), np.float64(0.19755004374690543), np.float64(0.19755004374690543), np.float64(0.19755004374690543), np.float64(0.19755004374690543), np.float64(0.19755004374690543), np.float64(0.19755004374690543), np.float64(0.19755004374690543), np.float64(0.19755004374690543), np.float64(0.19755004374690543), np.float64(0.19755004374690543), np.float64(0.19755004374690543), np.float64(0.19755004374690543), np.float64(0.19755004374690543), np.float64(0.19755004374690543), np.float64(0.19755004374690543), np.float64(0.19755004374690543), np.float64(0.19755004374690543), np.float64(0.19755004374690543), np.float64(0.19755004374690543), np.float64(0.19755004374690543), np.float64(0.19755004374690543), np.float64(0.19755004374690543), np.float64(0.19755004374690543), np.float64(0.19755004374690543), np.float64(0.19755004374690543), np.float64(0.19755004374690543), np.float64(0.19755004374690543), np.float64(0.19755004374690543), np.float64(0.19755004374690543), np.float64(0.19755004374690543), np.float64(0.9999958438051656), np.float64(0.9999958438051741), 0.0]",168.0,0.0,0.0,0.0,"[0.0, 0.0, 0.0, 0.0, 0.0, 0.0, 0.0, 0.0, 0.0, 0.0, 0.0, 0.0, 0.0, 0.0, 0.0, 0.0, 0.0, 0.0, 0.0, 0.0, 0.0, 0.0, 0.0, 0.0, 0.0, 0.0, 0.0, 0.0, 0.0, 0.0, 0.0, 0.0, 0.0, 0.0, 0.0, 0.0, 0.0, 0.0, 0.0, 0.0, 0.0, 0.0, 0.0, 0.0, 0.0, 0.0, 0.0, 0.0, 0.0, 0.0, 0.0, 0.0, 0.0, 0.0, 0.0, 0.0, 0.0, 0.0, 0.0, 0.0, 0.0, 0.0, 0.0, 0.0, 0.0, 0.0, 0.0, 0.0, 0.0, 0.0, 0.0]",6006.0
BIOMD0000000328,18,29,0,1000,0.0,0.0,1.1102230246251565e-16,"[0.0, 0.0, 0.0, 0.0, 0.0, 0.0, np.float64(1.1102230246251565e-16), 0.0, 0.0, 0.0, 0.0, 0.0, 0.0, 0.0, 0.0, 0.0, 0.0, 0.0]",14.0,0.0,0.9994815005327727,0.9999999995919949,"[np.float64(0.9999999995919949), 0.0, 0.0, 0.0, np.float64(0.23518716122394756), 0.0, np.float64(0.9981447737990361), np.float64(0.9983597649859687), np.float64(0.9999999888857718), np.float64(0.9999999887449377), np.float64(0.9999999873666487), np.float64(0.9999999872925966), np.float64(0.9999999987846279), np.float64(0.9999999987691384), np.float64(0.9999999986162977), np.float64(0.999999998608139), np.float64(0.9981057855038781), np.float64(0.9989630137729488)]",315.0,0.0,0.0,0.9991470947360981,"[0.0, 0.0, 0.0, 0.0, 0.0, 0.0, np.float64(0.9984747540563078), np.float64(0.9986509317930832), 0.0, 0.0, 0.0, 0.0, 0.0, 0.0, 0.0, 0.0, np.float64(0.9984427005670009), np.float64(0.9991470947360981)]",2407.0
BIOMD0000000330,5,0,0,1000,0.0,0.0,0.0,"[0.0, 0.0, 0.0, 0.0, 0.0]",5.0,0.7559997610933018,0.9004442603630043,0.9976933830791073,"[np.float64(0.9830112366345694), np.float64(0.9976933830791073), np.float64(0.9004442603630043), np.float64(0.857155910631314), np.float64(0.7559997610933018)]",26.0,0.0,0.0,0.798874564334681,"[np.float64(0.798874564334681), 0.0, np.float64(0.25198148825353006), 0.0, 0.0]",96.0
BIOMD0000000331,7,0,0,1000,0.0,0.0,1.1102230246251565e-16,"[np.float64(1.1102230246251565e-16), 0.0, 0.0, np.float64(1.1102230246251565e-16), 0.0, 0.0, 0.0]",7.0,0.9979842640995823,0.9999013149086937,0.9999997776866901,"[np.float64(0.9999991650182342), np.float64(0.9999997776866901), np.float64(0.9981406114212791), np.float64(0.9999013149086937), np.float64(0.9979842640995823), np.float64(0.9990918855330259), np.float64(0.9999980905687548)]",50.0,0.9896705104802007,0.9999948644355179,0.9999999972608933,"[np.float64(0.9999994710479712), np.float64(0.9999999972608933), np.float64(0.9896705104802007), np.float64(0.9999797562655192), np.float64(0.9999861431208261), np.float64(0.9999999810253734), np.float64(0.9999948644355179)]",251.0
BIOMD0000000333,54,45,0,1000,0.0,0.0,0.0,"[0.0, 0.0, 0.0, 0.0, 0.0, 0.0, 0.0, 0.0, 0.0, 0.0, 0.0, 0.0, 0.0, 0.0, 0.0, 0.0, 0.0, 0.0, 0.0, 0.0, 0.0, 0.0, 0.0, 0.0, 0.0, 0.0, 0.0, 0.0, 0.0, 0.0, 0.0, 0.0, 0.0, 0.0, 0.0, 0.0, 0.0, 0.0, 0.0, 0.0, 0.0, 0.0, 0.0, 0.0, 0.0, 0.0, 0.0, 0.0, 0.0, 0.0, 0.0, 0.0, 0.0, 0.0]",15.0,0.0,0.0,0.9992094032019618,"[np.float64(0.18518880554153294), np.float64(0.18518884061825536), np.float64(0.9950318962849025), 0.0, 0.0, 0.0, 0.0, 0.0, 0.0, 0.0, 0.0, 0.0, 0.0, 0.0, 0.0, np.float64(0.3599160620133358), np.float64(0.00020694070611237958), 0.0, np.float64(0.9962395749595394), np.float64(0.9962395742426448), np.float64(0.00020694070611237958), np.float64(0.00020694070611237958), np.float64(0.9954792173238483), np.float64(0.99547921368149), 0.0, 0.0, 0.0, 0.0, 0.0, np.float64(0.00020694070611237958), 0.0, 0.0, 0.0, np.float64(0.00020694070611237958), 0.0, np.float64(0.9506090377081353), 0.0, 0.0, 0.0, np.float64(0.00020694070611237958), 0.0, 0.0, np.float64(0.00020694070611237958), 0.0, 0.0, np.float64(0.9938276189615292), 0.0, 0.0, np.float64(0.9981097701363593), np.float64(0.00020694070611237958), np.float64(0.9992094032019618), 0.0, np.float64(0.00020694070611237958), 0.0]",1341.0,0.0,0.0,0.9999999999995071,"[np.float64(0.9999561133664762), np.float64(0.999956113369226), np.float64(0.9999999999972234), np.float64(0.9999999999972929), 0.0, 0.0, 0.0, 0.0, 0.0, 0.0, 0.0, 0.0, 0.0, 0.0, 0.0, 0.0, 0.0, np.float64(0.9999999999919695), 0.0, 0.0, 0.0, 0.0, 0.0, 0.0, 0.0, 0.0, 0.0, 0.0, 0.0, 0.0, np.float64(0.9999999999991286), 0.0, np.float64(0.9999999999968361), 0.0, np.float64(0.9999999999991419), np.float64(0.9999999999991622), np.float64(0.9999999999829622), 0.0, 0.0, 0.0, 0.0, np.float64(0.9999999999995071), 0.0, 0.0, 0.0, np.float64(0.9999999999970338), np.float64(0.9999999999956057), np.float64(0.9999999999957543), np.float64(0.9999999999952455), 0.0, np.float64(0.9992094025812104), 0.0, 0.0, 0.0]",1898.0
BIOMD0000000335,34,31,0,1000,0.0,0.0,0.0,"[0.0, 0.0, 0.0, 0.0, 0.0, 0.0, 0.0, 0.0, 0.0, 0.0, 0.0, 0.0, 0.0, 0.0, 0.0, 0.0, 0.0, 0.0, 0.0, 0.0, 0.0, 0.0, 0.0, 0.0, 0.0, 0.0, 0.0, 0.0, 0.0, 0.0, 0.0, 0.0, 0.0, 0.0]",0.0,0.0,0.0,0.0,"[0.0, 0.0, 0.0, 0.0, 0.0, 0.0, 0.0, 0.0, 0.0, 0.0, 0.0, 0.0, 0.0, 0.0, 0.0, 0.0, 0.0, 0.0, 0.0, 0.0, 0.0, 0.0, 0.0, 0.0, 0.0, 0.0, 0.0, 0.0, 0.0, 0.0, 0.0, 0.0, 0.0, 0.0]",36.0,0.0,0.0,0.0,"[0.0, 0.0, 0.0, 0.0, 0.0, 0.0, 0.0, 0.0, 0.0, 0.0, 0.0, 0.0, 0.0, 0.0, 0.0, 0.0, 0.0, 0.0, 0.0, 0.0, 0.0, 0.0, 0.0, 0.0, 0.0, 0.0, 0.0, 0.0, 0.0, 0.0, 0.0, 0.0, 0.0, 0.0]",162.0
BIOMD0000000337,3,5,0,1000,0.0,0.0,0.0,"[0.0, 0.0, 0.0]",2.0,0.0,0.9998591729127284,0.9998626323319754,"[0.0, np.float64(0.9998626323319754), np.float64(0.9998591729127284)]",10.0,0.9985826333255466,0.999906518848132,0.9999990295957045,"[np.float64(0.9985826333255466), np.float64(0.9999990295957045), np.float64(0.999906518848132)]",30.0
BIOMD0000000344,50,80,0,1000,0.0,0.0,0.0,"[0.0, 0.0, 0.0, 0.0, 0.0, 0.0, 0.0, 0.0, 0.0, 0.0, 0.0, 0.0, 0.0, 0.0, 0.0, 0.0, 0.0, 0.0, 0.0, 0.0, 0.0, 0.0, 0.0, 0.0, 0.0, 0.0, 0.0, 0.0, 0.0, 0.0, 0.0, 0.0, 0.0, 0.0, 0.0, 0.0, 0.0, 0.0, 0.0, 0.0, 0.0, 0.0, 0.0, 0.0, 0.0, 0.0, 0.0, 0.0, 0.0, 0.0]",1.0,0.0,0.0,0.7778109457069808,"[0.0, 0.0, np.float64(0.7330040192313823), np.float64(0.756069266914096), 0.0, 0.0, 0.0, 0.0, np.float64(0.7778109457069808), np.float64(0.7776219462611184), np.float64(0.7778109456884953), np.float64(0.7776219462650283), 0.0, 0.0, 0.0, 0.0, 0.0, 0.0, 0.0, 0.0, 0.0, 0.0, 0.0, 0.0, 0.0, 0.0, 0.0, 0.0, 0.0, 0.0, np.float64(0.7771985074479555), np.float64(0.7771985074403027), 0.0, 0.0, 0.0, 0.0, 0.0, 0.0, np.float64(0.7771985074598203), np.float64(0.7771985074391808), 0.0, 0.0, 0.0, 0.0, 0.0, 0.0, 0.0, 0.0, 0.0, 0.0]",1332.0,0.0,0.0,0.9999999999995054,"[np.float64(0.9999998810858038), 0.0, 0.0, 0.0, np.float64(0.9999993115590424), np.float64(0.9999929889789311), np.float64(0.9999999867815925), np.float64(0.9999999918643837), 0.0, 0.0, 0.0, 0.0, 0.0, 0.0, np.float64(0.9999973747054539), np.float64(0.999997374705454), np.float64(0.9999999968115918), 0.0, 0.0, np.float64(0.9999951266806838), 0.0, 0.0, 0.0, 0.0, 0.0, 0.0, 0.0, 0.0, 0.0, 0.0, 0.0, 0.0, 0.0, 0.0, 0.0, 0.0, 0.0, 0.0, 0.0, 0.0, np.float64(0.9999999921852316), np.float64(0.9999999925892411), 0.0, np.float64(0.9999999915238535), np.float64(0.9999999967444118), np.float64(0.9999938894931306), 0.0, 0.0, np.float64(0.9999999999995054), 0.0]",17247.0
BIOMD0000000346,2,0,0,1000,0.0,0.0,0.0,"[0.0, 0.0]",0.0,0.7671232287515806,0.8618036128740046,0.9564839969964287,"[np.float64(0.7671232287515806), np.float64(0.9564839969964287)]",6.0,0.9385113344828824,0.9458541575546604,0.9531969806264385,"[np.float64(0.9385113344828824), np.float64(0.9531969806264385)]",10.0
BIOMD0000000347,26,36,0,1000,0.0,0.0,0.0,"[0.0, 0.0, 0.0, 0.0, 0.0, 0.0, 0.0, 0.0, 0.0, 0.0, 0.0, 0.0, 0.0, 0.0, 0.0, 0.0, 0.0, 0.0, 0.0, 0.0, 0.0, 0.0, 0.0, 0.0, 0.0, 0.0]",2.0,0.0,0.07444286572971803,0.9999999999962765,"[0.0, np.float64(0.9999999999742084), 0.0, np.float64(0.9999999999575744), np.float64(0.07444286572971803), np.float64(0.07444286572971803), 0.0, np.float64(0.07444286572971803), np.float64(0.9999999999915895), np.float64(0.9999999999962765), np.float64(0.07444286572971803), np.float64(0.07444286572971803), np.float64(0.07444286572971803), np.float64(0.07444286572971803), np.float64(0.07444286572971803), np.float64(0.07444286572971803), np.float64(0.07444286572971803), np.float64(0.07444286572971803), np.float64(0.07444286572971803), np.float64(0.07444286572971803), np.float64(0.07444286572971803), np.float64(0.07444286572971803), np.float64(0.07444286572971803), np.float64(0.07444286572971803), np.float64(0.07444286572971803), np.float64(0.07444286572971803)]",114.0,0.0,0.07444232858735123,0.9999999999906237,"[np.float64(0.9999999999906237), 0.0, 0.0, 0.0, np.float64(0.07444232858735123), np.float64(0.07444232858735123), np.float64(0.07444232858735123), np.float64(0.07444232858735123), 0.0, 0.0, np.float64(0.07444232858735123), np.float64(0.07444232858735123), np.float64(0.07444232858735123), np.float64(0.07444232858735123), np.float64(0.07444232858735123), np.float64(0.07444232858735123), np.float64(0.07444232858735123), np.float64(0.07444232858735123), np.float64(0.07444232858735123), np.float64(0.07444232858735123), np.float64(0.07444232858735123), np.float64(0.07444232858735123), np.float64(0.07444232858735123), np.float64(0.07444232858735123), np.float64(0.07444232858735123), np.float64(0.07444232858735123)]",29.0
BIOMD0000000350,14,30,0,1000,0.0,0.0,0.0,"[0.0, 0.0, 0.0, 0.0, 0.0, 0.0, 0.0, 0.0, 0.0, 0.0, 0.0, 0.0, 0.0, 0.0]",1.0,0.0,0.010879546133997331,0.9853861051169043,"[np.float64(0.9432976915594685), np.float64(0.9853861051169043), np.float64(0.9403413619648273), np.float64(0.9075334860714179), np.float64(0.833595035045863), np.float64(0.021759092267994662), np.float64(0.9825353681798965), 0.0, 0.0, 0.0, 0.0, 0.0, 0.0, 0.0]",76.0,0.0,0.0,0.9937463181475775,"[np.float64(0.9737733947007152), 0.0, np.float64(0.9937463181475775), np.float64(0.9827710441876458), np.float64(0.6780487535717978), np.float64(0.9510413181378163), np.float64(0.9841234645045022), 0.0, 0.0, 0.0, 0.0, 0.0, 0.0, 0.0]",795.0
BIOMD0000000354,6,11,0,1000,0.0,0.0,0.0,"[0.0, 0.0, 0.0, 0.0, 0.0, 0.0]",0.0,0.0,0.0,0.0,"[0.0, 0.0, 0.0, 0.0, 0.0, 0.0]",19.0,0.0,0.0,0.0,"[0.0, 0.0, 0.0, 0.0, 0.0, 0.0]",140.0
BIOMD0000000355,9,17,0,1000,0.0,0.0,1.1102230246251565e-16,"[0.0, np.float64(1.1102230246251565e-16), 0.0, 0.0, 0.0, 0.0, 0.0, 0.0, 0.0]",5.0,0.0,0.9606107161656767,0.9999997561633998,"[np.float64(0.9976782205530006), np.float64(0.9999997561633998), np.float64(0.9606107161656767), 0.0, 0.0, 0.0, np.float64(0.06648900811190017), np.float64(0.9990743482004181), np.float64(0.9976665490949677)]",54.0,0.0,0.9606107126972561,0.9999999995933044,"[np.float64(0.9978675353419563), np.float64(0.9999999995933044), np.float64(0.9606107126972561), 0.0, 0.0, 0.0, np.float64(0.14338393211938483), np.float64(0.9988173706335198), np.float64(0.9978539647865657)]",238.0
BIOMD0000000357,9,8,0,1000,0.0,0.0,0.0,"[0.0, 0.0, 0.0, 0.0, 0.0, 0.0, 0.0, 0.0, 0.0]",0.0,0.0,0.0,0.8628458777664448,"[0.0, 0.0, 0.0, 0.0, 0.0, 0.0, np.float64(0.30728053879169503), np.float64(0.8628458777664448), np.float64(0.2016020636914675)]",68.0,0.0,0.0,0.28317793125561797,"[0.0, 0.0, 0.0, 0.0, 0.0, 0.0, 0.0, 0.0, np.float64(0.28317793125561797)]",334.0
BIOMD0000000360,9,8,0,1000,0.0,0.0,1.1102230246251565e-16,"[0.0, 0.0, 0.0, 0.0, 0.0, 0.0, 0.0, 0.0, np.float64(1.1102230246251565e-16)]",9.0,0.0,0.9999999999904502,0.9999999999999631,"[np.float64(0.9999999999999631), np.float64(0.9999999999999444), np.float64(0.9999999999999472), np.float64(0.9999999999998226), np.float64(0.9999999999904502), 0.0, np.float64(0.07915855638375202), np.float64(0.07915855638375202), 0.0]",57.0,0.0,0.999589270092628,0.999999420912492,"[np.float64(0.9996539647997521), np.float64(0.9996440958512842), np.float64(0.999642288510454), np.float64(0.999589270092628), np.float64(0.999999420912492), 0.0, np.float64(0.07916480937876547), np.float64(0.07916480937876547), 0.0]",173.0
BIOMD0000000361,8,5,0,1000,0.0,0.0,0.0,"[0.0, 0.0, 0.0, 0.0, 0.0, 0.0, 0.0, 0.0]",6.0,0.0,0.0829574333529608,0.9999358708646175,"[0.0, np.float64(0.9999358708646175), 0.0, np.float64(0.1659148667059216), np.float64(0.9999192716835952), 0.0, 0.0, np.float64(0.33832791391346295)]",58.0,0.0,0.0,0.5030807408481901,"[0.0, 0.0, 0.0, 0.0, np.float64(0.5030807408481901), 0.0, 0.0, 0.0]",336.0
BIOMD0000000362,34,33,0,1000,0.0,0.0,0.0,"[0.0, 0.0, 0.0, 0.0, 0.0, 0.0, 0.0, 0.0, 0.0, 0.0, 0.0, 0.0, 0.0, 0.0, 0.0, 0.0, 0.0, 0.0, 0.0, 0.0, 0.0, 0.0, 0.0, 0.0, 0.0, 0.0, 0.0, 0.0, 0.0, 0.0, 0.0, 0.0, 0.0, 0.0]",0.0,0.0,0.0,0.0,"[0.0, 0.0, 0.0, 0.0, 0.0, 0.0, 0.0, 0.0, 0.0, 0.0, 0.0, 0.0, 0.0, 0.0, 0.0, 0.0, 0.0, 0.0, 0.0, 0.0, 0.0, 0.0, 0.0, 0.0, 0.0, 0.0, 0.0, 0.0, 0.0, 0.0, 0.0, 0.0, 0.0, 0.0]",36.0,0.0,0.0,0.0,"[0.0, 0.0, 0.0, 0.0, 0.0, 0.0, 0.0, 0.0, 0.0, 0.0, 0.0, 0.0, 0.0, 0.0, 0.0, 0.0, 0.0, 0.0, 0.0, 0.0, 0.0, 0.0, 0.0, 0.0, 0.0, 0.0, 0.0, 0.0, 0.0, 0.0, 0.0, 0.0, 0.0, 0.0]",450.0
BIOMD0000000363,4,4,0,1000,0.0,0.0,0.0,"[0.0, 0.0, 0.0, 0.0]",0.0,0.0,0.009140505201213789,0.018281010402427578,"[0.0, 0.0, np.float64(0.018281010402427578), np.float64(0.018281010402427578)]",0.0,0.0,0.010732888483426184,0.021465776966852368,"[0.0, 0.0, np.float64(0.021465776966852368), np.float64(0.021465776966852368)]",2.0
BIOMD0000000364,14,16,0,1000,0.0,0.0,0.0,"[0.0, 0.0, 0.0, 0.0, 0.0, 0.0, 0.0, 0.0, 0.0, 0.0, 0.0, 0.0, 0.0, 0.0]",0.0,0.0,0.0,0.5843441321550122,"[0.0, 0.0, 0.0, 0.0, np.float64(0.18971985755279974), np.float64(0.18971985755279974), 0.0, 0.0, 0.0, np.float64(0.5843441321550122), np.float64(0.18971985755279974), np.float64(0.18971985755279974), np.float64(0.18971985755279974), 0.0]",91.0,0.0,0.0,0.36233770208212723,"[0.0, 0.0, 0.0, 0.0, np.float64(0.36233770208212723), np.float64(0.36233770208212723), 0.0, 0.0, 0.0, 0.0, np.float64(0.36233770208212723), np.float64(0.36233770208212723), np.float64(0.36233770208212723), np.float64(0.36233770208212723)]",488.0
BIOMD0000000365,30,33,0,1000,1.1102230246251565e-16,1.1102230246251565e-16,1.1102230246251565e-16,"[np.float64(1.1102230246251565e-16), np.float64(1.1102230246251565e-16), np.float64(1.1102230246251565e-16), np.float64(1.1102230246251565e-16), np.float64(1.1102230246251565e-16), np.float64(1.1102230246251565e-16), np.float64(1.1102230246251565e-16), np.float64(1.1102230246251565e-16), np.float64(1.1102230246251565e-16), np.float64(1.1102230246251565e-16), np.float64(1.1102230246251565e-16), np.float64(1.1102230246251565e-16), np.float64(1.1102230246251565e-16), np.float64(1.1102230246251565e-16), np.float64(1.1102230246251565e-16), np.float64(1.1102230246251565e-16), np.float64(1.1102230246251565e-16), np.float64(1.1102230246251565e-16), np.float64(1.1102230246251565e-16), np.float64(1.1102230246251565e-16), np.float64(1.1102230246251565e-16), np.float64(1.1102230246251565e-16), np.float64(1.1102230246251565e-16), np.float64(1.1102230246251565e-16), np.float64(1.1102230246251565e-16), np.float64(1.1102230246251565e-16), np.float64(1.1102230246251565e-16), np.float64(1.1102230246251565e-16), np.float64(1.1102230246251565e-16), np.float64(1.1102230246251565e-16)]",0.0,0.0,0.0,0.0,"[0.0, 0.0, 0.0, 0.0, 0.0, 0.0, 0.0, 0.0, 0.0, 0.0, 0.0, 0.0, 0.0, 0.0, 0.0, 0.0, 0.0, 0.0, 0.0, 0.0, 0.0, 0.0, 0.0, 0.0, 0.0, 0.0, 0.0, 0.0, 0.0, 0.0]",0.0,0.0,0.0,0.0,"[0.0, 0.0, 0.0, 0.0, 0.0, 0.0, 0.0, 0.0, 0.0, 0.0, 0.0, 0.0, 0.0, 0.0, 0.0, 0.0, 0.0, 0.0, 0.0, 0.0, 0.0, 0.0, 0.0, 0.0, 0.0, 0.0, 0.0, 0.0, 0.0, 0.0]",0.0
BIOMD0000000366,12,8,0,1000,0.0,0.0,1.1102230246251565e-16,"[0.0, 0.0, np.float64(1.1102230246251565e-16), 0.0, 0.0, 0.0, 0.0, 0.0, 0.0, 0.0, 0.0, 0.0]",5.0,0.0,0.5743139860041202,0.9999999979186737,"[0.0, np.float64(0.9999999979186737), np.float64(0.999999996799798), 0.0, np.float64(0.14862802888144566), 0.0, np.float64(0.9999999431267949), 0.0, np.float64(0.9999999703627016), np.float64(0.999999991474214), np.float64(0.9999999914742139), 0.0]",73.0,0.0,0.6580698057959384,0.995503505929727,"[np.float64(0.995503505929727), np.float64(0.9784134687230835), np.float64(0.9673944138993786), np.float64(0.2427586842439664), np.float64(0.2427586842439664), 0.0, np.float64(0.5574710796647853), 0.0, np.float64(0.7586685319270916), np.float64(0.9568113369791235), np.float64(0.957524276482375), np.float64(0.2427586842439664)]",570.0
BIOMD0000000371,3,0,0,1000,0.0,0.0,0.0,"[0.0, 0.0, 0.0]",0.0,0.0,0.0,0.0,"[0.0, 0.0, 0.0]",6.0,0.0,0.0,0.0,"[0.0, 0.0, 0.0]",19.0
BIOMD0000000372,6,0,0,1000,0.0,0.0,0.0,"[0.0, 0.0, 0.0, 0.0, 0.0, 0.0]",1.0,0.0,0.0,0.9998093692955345,"[0.0, np.float64(0.6382921830237239), 0.0, np.float64(0.9998093692955345), 0.0, 0.0]",32.0,0.0,0.0,0.0,"[0.0, 0.0, 0.0, 0.0, 0.0, 0.0]",144.0
BIOMD0000000373,7,0,0,1000,0.0,0.0,0.0,"[0.0, 0.0, 0.0, 0.0, 0.0, 0.0, 0.0]",0.0,0.0,0.0,0.0,"[0.0, 0.0, 0.0, 0.0, 0.0, 0.0, 0.0]",9.0,0.0,0.0,0.0,"[0.0, 0.0, 0.0, 0.0, 0.0, 0.0, 0.0]",43.0
BIOMD0000000374,5,0,0,1000,0.0,0.0,0.0,"[0.0, 0.0, 0.0, 0.0, 0.0]",0.0,0.0,0.0,0.0,"[0.0, 0.0, 0.0, 0.0, 0.0]",4.0,0.0,0.0,0.0,"[0.0, 0.0, 0.0, 0.0, 0.0]",36.0
BIOMD0000000375,5,0,0,1000,0.0,0.0,0.0,"[0.0, 0.0, 0.0, 0.0, 0.0]",0.0,0.0,0.0,0.0,"[0.0, 0.0, 0.0, 0.0, 0.0]",2.0,0.0,0.0,0.0,"[0.0, 0.0, 0.0, 0.0, 0.0]",13.0
BIOMD0000000376,11,0,0,1000,0.0,0.0,0.0,"[0.0, 0.0, 0.0, 0.0, 0.0, 0.0, 0.0, 0.0, 0.0, 0.0, 0.0]",0.0,0.0,0.0,0.0,"[0.0, 0.0, 0.0, 0.0, 0.0, 0.0, 0.0, 0.0, 0.0, 0.0, 0.0]",16.0,0.0,0.0,0.0,"[0.0, 0.0, 0.0, 0.0, 0.0, 0.0, 0.0, 0.0, 0.0, 0.0, 0.0]",228.0
BIOMD0000000377,4,0,0,1000,0.0,0.0,0.0,"[0.0, 0.0, 0.0, 0.0]",0.0,0.0,0.0,0.0,"[0.0, 0.0, 0.0, 0.0]",8.0,0.0,0.0,0.0,"[0.0, 0.0, 0.0, 0.0]",38.0
BIOMD0000000378,6,0,0,1000,0.0,0.0,1.1102230246251565e-16,"[0.0, 0.0, 0.0, 0.0, 0.0, np.float64(1.1102230246251565e-16)]",2.0,0.0,0.0,0.3466405696641589,"[0.0, 0.0, 0.0, 0.0, 0.0, np.float64(0.3466405696641589)]",41.0,0.0,0.0,0.0,"[0.0, 0.0, 0.0, 0.0, 0.0, 0.0]",160.0
BIOMD0000000379,12,0,0,1000,0.0,0.0,3.3306690738754696e-16,"[0.0, 0.0, 0.0, 0.0, 0.0, 0.0, 0.0, 0.0, 0.0, 0.0, 0.0, np.float64(3.3306690738754696e-16)]",3.0,0.0,0.0,0.9999011821049024,"[0.0, 0.0, 0.0, 0.0, np.float64(0.9999011821049024), np.float64(0.6614863684256858), np.float64(0.08426740531837706), 0.0, 0.0, 0.0, 0.0, np.float64(0.9676242392967728)]",87.0,0.0,0.0,0.0,"[0.0, 0.0, 0.0, 0.0, 0.0, 0.0, 0.0, 0.0, 0.0, 0.0, 0.0, 0.0]",687.0
BIOMD0000000382,6,0,0,1000,0.0,0.0,0.0,"[0.0, 0.0, 0.0, 0.0, 0.0, 0.0]",1.0,0.0,0.2767382329809426,0.9995703693725421,"[0.0, np.float64(0.1731709145079241), np.float64(0.9995703693725421), np.float64(0.982329599716785), np.float64(0.38030555145396105), 0.0]",30.0,0.0,0.0,0.0,"[0.0, 0.0, 0.0, 0.0, 0.0, 0.0]",123.0
BIOMD0000000383,2,4,0,1000,0.0,0.0,0.0,"[0.0, 0.0]",1.0,0.9999797308383214,0.9999878529455387,0.9999959750527561,"[np.float64(0.9999959750527561), np.float64(0.9999797308383214)]",5.0,0.998799055276186,0.9993936532462442,0.9999882512163023,"[np.float64(0.9999882512163023), np.float64(0.998799055276186)]",10.0
BIOMD0000000384,2,4,0,1000,0.0,1.1102230246251565e-16,2.220446049250313e-16,"[np.float64(2.220446049250313e-16), 0.0]",1.0,0.9999939411353787,0.9999950258484123,0.999996110561446,"[np.float64(0.999996110561446), np.float64(0.9999939411353787)]",5.0,0.9997961159106057,0.9998969127902736,0.9999977096699415,"[np.float64(0.9999977096699415), np.float64(0.9997961159106057)]",10.0
BIOMD0000000385,2,4,0,1000,0.0,5.551115123125783e-17,1.1102230246251565e-16,"[np.float64(1.1102230246251565e-16), 0.0]",1.0,0.9881942571416188,0.9940719293296161,0.9999496015176134,"[np.float64(0.9999496015176134), np.float64(0.9881942571416188)]",5.0,0.9993212442397789,0.9994504384633603,0.9995796326869418,"[np.float64(0.9993212442397789), np.float64(0.9995796326869418)]",9.0
BIOMD0000000386,2,4,0,1000,0.0,0.0,0.0,"[0.0, 0.0]",0.0,0.0,0.0,0.0,"[0.0, 0.0]",1.0,0.0,0.0,0.0,"[0.0, 0.0]",5.0
BIOMD0000000387,2,4,0,1000,0.0,0.0,0.0,"[0.0, 0.0]",1.0,0.9999474332986472,0.9999680796726882,0.9999887260467291,"[np.float64(0.9999887260467291), np.float64(0.9999474332986472)]",5.0,0.9994369024635256,0.9997173788604938,0.9999978552574621,"[np.float64(0.9999978552574621), np.float64(0.9994369024635256)]",10.0
BIOMD0000000388,5,7,0,1000,0.0,0.0,0.0,"[0.0, 0.0, 0.0, 0.0, 0.0]",0.0,0.0,0.0,0.0,"[0.0, 0.0, 0.0, 0.0, 0.0]",24.0,0.0,0.0,0.0,"[0.0, 0.0, 0.0, 0.0, 0.0]",104.0
BIOMD0000000389,19,18,0,1000,0.0,0.0,0.0,"[0.0, 0.0, 0.0, 0.0, 0.0, 0.0, 0.0, 0.0, 0.0, 0.0, 0.0, 0.0, 0.0, 0.0, 0.0, 0.0, 0.0, 0.0, 0.0]",0.0,0.0,0.0,0.0,"[0.0, 0.0, 0.0, 0.0, 0.0, 0.0, 0.0, 0.0, 0.0, 0.0, 0.0, 0.0, 0.0, 0.0, 0.0, 0.0, 0.0, 0.0, 0.0]",323.0,0.0,0.0,0.0,"[0.0, 0.0, 0.0, 0.0, 0.0, 0.0, 0.0, 0.0, 0.0, 0.0, 0.0, 0.0, 0.0, 0.0, 0.0, 0.0, 0.0, 0.0, 0.0]",2700.0
BIOMD0000000390,7,6,0,1000,0.0,0.0,2.220446049250313e-16,"[0.0, 0.0, 0.0, 0.0, 0.0, np.float64(2.220446049250313e-16), 0.0]",5.0,0.7744122996997403,0.9907983708679146,0.9994703088834518,"[np.float64(0.9907983708679146), np.float64(0.9994703088834518), np.float64(0.9940896842535224), np.float64(0.7744122996997403), np.float64(0.9926463179072073), np.float64(0.8283789006910622), np.float64(0.828378900691108)]",48.0,0.9998907418999574,0.999991730663246,0.9999996548612125,"[np.float64(0.9999906881987707), np.float64(0.9999983955797846), np.float64(0.9998907418999574), np.float64(0.9999855921941464), np.float64(0.9999996548612125), np.float64(0.9999917306632461), np.float64(0.999991730663246)]",252.0
BIOMD0000000391,16,21,0,1000,0.0,0.0,4.440892098500626e-16,"[0.0, 0.0, 0.0, 0.0, np.float64(2.220446049250313e-16), 0.0, 0.0, np.float64(1.1102230246251565e-16), 0.0, 0.0, 0.0, 0.0, 0.0, 0.0, np.float64(4.440892098500626e-16), np.float64(1.1102230246251565e-16)]",16.0,0.6328155415421968,0.6519032568838485,0.9999951931286318,"[np.float64(0.9999881456774666), np.float64(0.9999951931286318), np.float64(0.9922704318115138), np.float64(0.6328155415421968), np.float64(0.6328822195570318), np.float64(0.6537010409978314), np.float64(0.707566720632163), np.float64(0.6368483168661467), np.float64(0.6501054727698657), np.float64(0.6385014789803598), np.float64(0.635194783876518), np.float64(0.6351949649836344), np.float64(0.6351949586792291), np.float64(0.7076196984790715), np.float64(0.7076669226049344), np.float64(0.9999128538306691)]",272.0,0.0,0.0,0.9999999967971606,"[np.float64(0.9999999967971606), np.float64(0.9999519839588181), np.float64(0.8970764374455149), 0.0, 0.0, 0.0, 0.0, 0.0, 0.0, 0.0, 0.0, 0.0, 0.0, 0.0, 0.0, np.float64(0.9988946832921147)]",2448.0
BIOMD0000000392,23,27,0,1000,0.0,0.0,0.0,"[0.0, 0.0, 0.0, 0.0, 0.0, 0.0, 0.0, 0.0, 0.0, 0.0, 0.0, 0.0, 0.0, 0.0, 0.0, 0.0, 0.0, 0.0, 0.0, 0.0, 0.0, 0.0, 0.0]",0.0,0.0,0.9997307240363918,0.9999999999986493,"[np.float64(0.9992417044720313), np.float64(0.9999962623477661), np.float64(0.9999999994982901), np.float64(0.9999999993906086), np.float64(0.9997307240363918), np.float64(0.9999012590303598), np.float64(0.9998937486191266), np.float64(0.7475080329854324), np.float64(0.7591834671471835), np.float64(0.9999822813287322), np.float64(0.8199475104635965), np.float64(0.7587760404885797), np.float64(0.9999941756202203), np.float64(0.9996707156158346), np.float64(0.9999546802755658), np.float64(0.9991988607047042), np.float64(0.9999996564546163), np.float64(0.9949480769856166), np.float64(0.9952600145575982), 0.0, np.float64(0.9974200275434758), np.float64(0.9999999999986493), np.float64(0.999999999823274)]",551.0,0.0,0.0,0.9675762231647652,"[0.0, 0.0, 0.0, 0.0, 0.0, 0.0, 0.0, 0.0, 0.0, 0.0, 0.0, 0.0, 0.0, 0.0, 0.0, 0.0, 0.0, np.float64(0.6356952130023326), np.float64(0.25684018104964057), 0.0, 0.0, np.float64(0.9675762231647652), 0.0]",6847.0
BIOMD0000000393,28,36,0,1000,0.0,0.0,2.220446049250313e-16,"[np.float64(2.220446049250313e-16), 0.0, 0.0, 0.0, 0.0, 0.0, 0.0, 0.0, 0.0, 0.0, 0.0, 0.0, 0.0, 0.0, 0.0, 0.0, 0.0, 0.0, 0.0, 0.0, 0.0, np.float64(1.1102230246251565e-16), 0.0, 0.0, 0.0, 0.0, 0.0, 0.0]",17.0,0.0,0.9998044673535564,0.9999999556563233,"[np.float64(0.9999940955186145), np.float64(0.9998103694994785), np.float64(0.9990958906341034), np.float64(0.9999991694600984), np.float64(0.9999983872521884), np.float64(0.9994371234935886), np.float64(0.9991899700274334), np.float64(0.9999986165782486), np.float64(0.99997289686916), np.float64(0.9999999556563233), np.float64(0.9998397832432275), np.float64(0.8705968903642198), np.float64(0.9994091325285329), np.float64(0.9999966682582448), np.float64(0.9943001476788919), np.float64(0.9999628918254773), np.float64(0.9981748054972073), np.float64(0.99994653248572), np.float64(0.9999509410668929), np.float64(0.9997985652076344), np.float64(0.9999993906280258), np.float64(0.9999999094206294), 0.0, 0.0, 0.0, 0.0, 0.0, 0.0]",701.0,0.0,0.0,0.996347951323841,"[np.float64(0.8035706844959019), 0.0, 0.0, np.float64(0.9440507898753098), np.float64(0.9336253460893423), np.float64(0.9832146679613395), np.float64(0.9958628985904782), np.float64(0.8529854283786067), 0.0, np.float64(0.996347951323841), 0.0, 0.0, 0.0, 0.0, 0.0, np.float64(0.9729734469272746), np.float64(0.7819504085821294), np.float64(0.9668063171923941), np.float64(0.6458990279435494), 0.0, 0.0, np.float64(0.984549038002797), 0.0, 0.0, 0.0, 0.0, 0.0, 0.0]",11533.0
BIOMD0000000394,23,10,0,1000,0.0,0.0,1.1102230246251565e-16,"[0.0, 0.0, np.float64(1.1102230246251565e-16), 0.0, 0.0, 0.0, 0.0, 0.0, 0.0, 0.0, 0.0, np.float64(1.1102230246251565e-16), 0.0, 0.0, 0.0, 0.0, 0.0, 0.0, 0.0, 0.0, 0.0, 0.0, 0.0]",17.0,0.07758970273374655,0.9674488262223759,0.9996269250657142,"[np.float64(0.9996269250657133), np.float64(0.9996269250657142), np.float64(0.7578901507236966), np.float64(0.7578901503315614), np.float64(0.9987254258599461), np.float64(0.5007010014767941), np.float64(0.9971623146082967), np.float64(0.9971623146084243), np.float64(0.17262187318457), np.float64(0.17262187318457), np.float64(0.9986743197274102), np.float64(0.07758970273374655), np.float64(0.0775897027869954), np.float64(0.17262187318457), np.float64(0.9950570156209282), np.float64(0.17262187318457), np.float64(0.972556269500708), np.float64(0.9725562695006021), np.float64(0.17262187318457), np.float64(0.9950313662953368), np.float64(0.17262187318457), np.float64(0.9674488262223759), np.float64(0.967448826223368)]",268.0,0.0,0.8506761229991338,0.9993036926457024,"[np.float64(0.999303692625224), np.float64(0.9993036926457024), np.float64(0.3586866865545618), np.float64(0.3586844326314361), np.float64(0.9883694405665976), 0.0, np.float64(0.9348484206915376), np.float64(0.934844412016656), np.float64(0.3009652964481394), np.float64(0.3009652964481394), np.float64(0.9700975352106604), 0.0, 0.0, np.float64(0.3009652964481394), np.float64(0.8861673642122552), np.float64(0.3009652964481394), np.float64(0.9315638731847625), np.float64(0.9315638731026001), np.float64(0.3009652964481394), np.float64(0.8852679673984651), np.float64(0.3009652964481394), np.float64(0.850676124671177), np.float64(0.8506761229991338)]",3908.0
BIOMD0000000395,23,12,0,1000,0.0,0.0,2.220446049250313e-16,"[np.float64(1.1102230246251565e-16), np.float64(1.1102230246251565e-16), 0.0, 0.0, 0.0, 0.0, 0.0, 0.0, np.float64(1.1102230246251565e-16), 0.0, np.float64(1.1102230246251565e-16), 0.0, 0.0, 0.0, 0.0, 0.0, 0.0, np.float64(1.1102230246251565e-16), np.float64(1.1102230246251565e-16), np.float64(1.1102230246251565e-16), 0.0, np.float64(2.220446049250313e-16), 0.0]",12.0,0.0,0.0,0.6440692352572412,"[0.0, np.float64(0.23970482434844087), 0.0, 0.0, 0.0, 0.0, 0.0, 0.0, np.float64(0.23970482434844087), 0.0, 0.0, 0.0, 0.0, 0.0, 0.0, np.float64(0.6440692352572412), np.float64(0.6440692352572412), 0.0, 0.0, np.float64(0.23970482434844087), 0.0, 0.0, 0.0]",407.0,0.0,0.0,0.9564349781988375,"[0.0, 0.0, 0.0, np.float64(0.4363304360983129), np.float64(0.9136177002456359), 0.0, 0.0, 0.0, 0.0, 0.0, 0.0, 0.0, 0.0, np.float64(0.9136177002456359), np.float64(0.9564349781988375), np.float64(0.8005846837042218), np.float64(0.8005846837042218), 0.0, 0.0, 0.0, np.float64(0.4557568545242672), 0.0, 0.0]",3827.0
BIOMD0000000396,36,16,0,1000,0.0,0.0,1.1102230246251565e-16,"[0.0, 0.0, 0.0, 0.0, 0.0, 0.0, np.float64(1.1102230246251565e-16), 0.0, 0.0, 0.0, np.float64(1.1102230246251565e-16), 0.0, 0.0, 0.0, 0.0, 0.0, 0.0, 0.0, 0.0, 0.0, 0.0, 0.0, 0.0, 0.0, 0.0, 0.0, 0.0, 0.0, 0.0, 0.0, 0.0, 0.0, 0.0, 0.0, 0.0, 0.0]",16.0,0.0,0.0,0.9999992230902575,"[0.0, np.float64(0.999970503303928), np.float64(0.9997960687311954), 0.0, 0.0, 0.0, np.float64(0.9418115521624202), 0.0, 0.0, np.float64(0.6766781151496232), np.float64(0.9999992230902575), np.float64(0.9533636463516544), 0.0, np.float64(0.6766781151520915), np.float64(0.8486359184053827), np.float64(0.886114512598378), 0.0, 0.0, 0.0, np.float64(0.7244536216245778), np.float64(0.9999705033039278), 0.0, np.float64(0.9982985166689088), 0.0, np.float64(0.9998613954479943), np.float64(0.9998391758140883), np.float64(0.11679560412707846), 0.0, 0.0, 0.0, np.float64(0.9995794072615114), 0.0, 0.0, 0.0, 0.0, 0.0]",556.0,0.0,0.0,0.8459167396386005,"[0.0, np.float64(0.8459167388662333), 0.0, 0.0, 0.0, 0.0, 0.0, 0.0, 0.0, 0.0, np.float64(0.26586547592445064), 0.0, 0.0, 0.0, 0.0, 0.0, 0.0, 0.0, 0.0, 0.0, np.float64(0.8459167396386005), 0.0, 0.0, 0.0, 0.0, 0.0, 0.0, 0.0, 0.0, 0.0, 0.0, 0.0, 0.0, 0.0, 0.0, 0.0]",10779.0
BIOMD0000000397,50,29,0,1000,0.0,0.0,1.1102230246251565e-16,"[0.0, 0.0, 0.0, 0.0, 0.0, 0.0, 0.0, np.float64(1.1102230246251565e-16), 0.0, 0.0, 0.0, 0.0, 0.0, 0.0, 0.0, 0.0, 0.0, 0.0, 0.0, 0.0, 0.0, 0.0, 0.0, 0.0, 0.0, 0.0, 0.0, 0.0, 0.0, np.float64(1.1102230246251565e-16), 0.0, 0.0, 0.0, 0.0, 0.0, 0.0, 0.0, 0.0, 0.0, 0.0, 0.0, 0.0, 0.0, 0.0, 0.0, 0.0, 0.0, 0.0, 0.0, 0.0]",22.0,0.0,0.07950756305701712,0.9999999999999831,"[np.float64(0.9999999999999473), np.float64(0.9999999999998073), np.float64(0.9999999999999268), 0.0, 0.0, 0.0, 0.0, 0.0, 0.0, np.float64(0.07950756305701712), np.float64(0.9999999999989405), np.float64(0.9999999999988942), np.float64(0.07950756305701712), np.float64(0.07950756305701712), 0.0, np.float64(0.9999999999985332), np.float64(0.07950756305701712), np.float64(0.07950756305701712), np.float64(0.07950756305701712), np.float64(0.07950756305701712), np.float64(0.07950756305701712), 0.0, np.float64(0.07950756305701712), np.float64(0.9999999999993998), np.float64(0.9999999999999646), np.float64(0.9999999999987094), np.float64(0.9999999999986142), np.float64(0.9999999999988516), np.float64(0.999999999998711), np.float64(0.999999999999462), np.float64(0.9999999999991606), 0.0, np.float64(0.07950756305701712), np.float64(0.07950756305701712), 0.0, np.float64(0.9999999999999688), 0.0, np.float64(0.07950756305701712), np.float64(0.07950756305701712), 0.0, np.float64(0.07950756305701712), np.float64(0.9999999999999831), 0.0, np.float64(0.07950756305701712), np.float64(0.9999999999999704), np.float64(0.9999999999999701), 0.0, np.float64(0.07950756305701712), np.float64(0.07950756305701712), np.float64(0.07950756305701712)]",1205.0,0.0,0.0,0.999999999999987,"[np.float64(0.9999999999999474), 0.0, 0.0, 0.0, 0.0, np.float64(0.999999999999987), 0.0, np.float64(0.9999999999998624), np.float64(0.9999999999998631), 0.0, 0.0, 0.0, 0.0, 0.0, np.float64(0.9999999999999852), np.float64(0.9999999999985333), 0.0, 0.0, 0.0, 0.0, 0.0, 0.0, 0.0, 0.0, np.float64(0.9999999999999647), np.float64(0.9999999999987096), np.float64(0.9999999999986144), 0.0, 0.0, np.float64(0.9999999999994622), 0.0, 0.0, 0.0, 0.0, 0.0, np.float64(0.9999999999999689), 0.0, 0.0, 0.0, 0.0, 0.0, np.float64(0.9999999999999832), 0.0, 0.0, np.float64(0.9999999999999705), np.float64(0.9999999999999704), 0.0, 0.0, 0.0, 0.0]",2831.0
BIOMD0000000398,27,12,0,1000,0.0,0.0,2.220446049250313e-16,"[0.0, 0.0, 0.0, 0.0, 0.0, 0.0, 0.0, 0.0, np.float64(1.1102230246251565e-16), np.float64(1.1102230246251565e-16), 0.0, 0.0, 0.0, np.float64(2.220446049250313e-16), np.float64(2.220446049250313e-16), 0.0, 0.0, np.float64(1.1102230246251565e-16), np.float64(1.1102230246251565e-16), 0.0, 0.0, 0.0, 0.0, 0.0, 0.0, np.float64(1.1102230246251565e-16), 0.0]",21.0,0.0,0.9999999983978751,0.9999999999987329,"[0.0, 0.0, 0.0, 0.0, 0.0, 0.0, np.float64(0.9999999999253185), np.float64(0.9999999999922691), np.float64(0.9999999983978757), np.float64(0.999999998397876), np.float64(0.9999999983978751), 0.0, 0.0, 0.0, 0.0, np.float64(0.9999999999490394), 0.0, np.float64(0.9999999983978757), np.float64(0.999999998397876), np.float64(0.9999999983978751), np.float64(0.9999999996558331), np.float64(0.9999999996558331), np.float64(0.9999999996558331), np.float64(0.9999999999852707), np.float64(0.9999999999987329), np.float64(0.9999999999852707), 0.0]",554.0,0.0,0.0,0.9999993995991995,"[0.0, 0.0, 0.0, 0.0, 0.0, 0.0, np.float64(0.7007195091461269), np.float64(0.9990925215104524), np.float64(0.9999993995991995), np.float64(0.9999993995991991), np.float64(0.9999993995988943), 0.0, 0.0, 0.0, 0.0, np.float64(0.8631736226370786), 0.0, np.float64(0.9999993995991995), np.float64(0.9999993995991991), np.float64(0.9999993995988943), np.float64(0.9110035234936482), np.float64(0.9110035233718046), np.float64(0.9110035216343194), 0.0, np.float64(0.9972204975890566), 0.0, 0.0]",6780.0
BIOMD0000000399,93,125,0,1000,0.0,0.0,2.220446049250313e-16,"[0.0, 0.0, 0.0, 0.0, 0.0, 0.0, 0.0, 0.0, 0.0, 0.0, 0.0, 0.0, 0.0, 0.0, 0.0, 0.0, np.float64(1.1102230246251565e-16), 0.0, 0.0, 0.0, 0.0, 0.0, 0.0, 0.0, 0.0, 0.0, 0.0, np.float64(1.1102230246251565e-16), 0.0, 0.0, 0.0, 0.0, 0.0, 0.0, 0.0, 0.0, 0.0, 0.0, 0.0, 0.0, 0.0, 0.0, np.float64(2.220446049250313e-16), 0.0, np.float64(2.220446049250313e-16), 0.0, 0.0, 0.0, 0.0, 0.0, 0.0, 0.0, 0.0, 0.0, 0.0, 0.0, 0.0, 0.0, np.float64(1.1102230246251565e-16), 0.0, 0.0, 0.0, 0.0, 0.0, 0.0, 0.0, 0.0, 0.0, 0.0, 0.0, 0.0, 0.0, 0.0, 0.0, 0.0, 0.0, 0.0, 0.0, 0.0, 0.0, 0.0, 0.0, 0.0, 0.0, 0.0, 0.0, 0.0, 0.0, 0.0, 0.0, 0.0, 0.0, 0.0]",61.0,0.0,0.0,0.9973439978049163,"[np.float64(0.7127420306734679), np.float64(0.28186408297294285), np.float64(0.5536532338329537), np.float64(0.56622439159673), 0.0, np.float64(0.03432969090022431), np.float64(0.9896508993393648), 0.0, 0.0, 0.0, np.float64(0.21659192993586396), 0.0, np.float64(0.7605871838053064), np.float64(0.4558844532766678), 0.0, 0.0, 0.0, np.float64(0.967619261395048), 0.0, 0.0, np.float64(0.7451553259903025), 0.0, np.float64(0.5231826894821193), 0.0, np.float64(0.712668622289337), 0.0, 0.0, 0.0, np.float64(0.8104934849112156), np.float64(0.9137856825827696), 0.0, 0.0, 0.0, 0.0, 0.0, 0.0, 0.0, np.float64(0.9174812226691232), np.float64(0.9264425263865333), 0.0, 0.0, np.float64(0.9973439978049163), 0.0, 0.0, 0.0, np.float64(0.9946097667195684), 0.0, np.float64(0.9924348305015469), 0.0, np.float64(0.8149054018401496), 0.0, np.float64(0.5964318522009755), np.float64(0.5909652751267204), np.float64(0.8803224378058203), 0.0, 0.0, np.float64(0.9461920358924945), np.float64(0.7343312932683604), np.float64(0.732089022541742), np.float64(0.9463586084729039), 0.0, 0.0, 0.0, 0.0, 0.0, 0.0, 0.0, 0.0, 0.0, 0.0, 0.0, 0.0, 0.0, np.float64(0.9607752083312969), 0.0, 0.0, 0.0, np.float64(0.012960454159723023), 0.0, np.float64(0.15888771628193588), 0.0, 0.0, 0.0, 0.0, 0.0, 0.0, np.float64(0.3008941053680634), 0.0, 0.0, 0.0, 0.0, 0.0, 0.0]",8417.0,0.0,0.0,0.5324537431502291,"[0.0, 0.0, 0.0, 0.0, 0.0, 0.0, 0.0, np.float64(0.03854820392728875), 0.0, np.float64(0.178831342704442), 0.0, 0.0, 0.0, 0.0, np.float64(0.010013442031758024), 0.0, 0.0, 0.0, np.float64(0.09362339947106668), 0.0, 0.0, 0.0, 0.0, 0.0, 0.0, np.float64(0.4480200772721801), 0.0, 0.0, 0.0, 0.0, 0.0, 0.0, 0.0, 0.0, np.float64(0.2977789966543164), np.float64(0.03441079693697824), 0.0, 0.0, 0.0, 0.0, 0.0, 0.0, 0.0, 0.0, 0.0, 0.0, 0.0, 0.0, 0.0, 0.0, 0.0, 0.0, 0.0, 0.0, 0.0, 0.0, 0.0, 0.0, 0.0, 0.0, 0.0, np.float64(0.03069009138090406), 0.0, np.float64(0.1679595320375361), 0.0, np.float64(0.33166983124303107), 0.0, 0.0, np.float64(0.025518015282850914), np.float64(0.5324537431502291), np.float64(0.054664763540414496), 0.0, np.float64(0.024981798097932217), 0.0, 0.0, 0.0, 0.0, 0.0, np.float64(0.4892917745784925), 0.0, 0.0, 0.0, 0.0, 0.0, 0.0, 0.0, 0.0, 0.0, 0.0, 0.0, 0.0, 0.0, 0.0]",64437.0
BIOMD0000000400,13,0,0,1000,0.0,0.0,0.0,"[0.0, 0.0, 0.0, 0.0, 0.0, 0.0, 0.0, 0.0, 0.0, 0.0, 0.0, 0.0, 0.0]",0.0,0.0,0.0,0.6848466950076184,"[np.float64(0.1759502873359472), 0.0, np.float64(0.6848466950076184), 0.0, np.float64(0.6848440868590937), 0.0, 0.0, 0.0, 0.0, 0.0, 0.0, 0.0, 0.0]",138.0,0.0,0.0,0.0,"[0.0, 0.0, 0.0, 0.0, 0.0, 0.0, 0.0, 0.0, 0.0, 0.0, 0.0, 0.0, 0.0]",652.0
BIOMD0000000401,3,0,0,1000,0.0,0.0,1.1102230246251565e-16,"[np.float64(1.1102230246251565e-16), 0.0, 0.0]",2.0,0.0,0.0,0.9999999872709251,"[0.0, np.float64(0.9999999872709251), 0.0]",8.0,0.0,0.0,0.0,"[0.0, 0.0, 0.0]",21.0
BIOMD0000000402,4,0,0,1000,0.0,0.0,0.0,"[0.0, 0.0, 0.0, 0.0]",3.0,0.0,0.3227878083243603,0.8212100661745845,"[0.0, np.float64(0.8212100661745845), np.float64(0.6455756166487207), 0.0]",9.0,0.0,0.0,0.0,"[0.0, 0.0, 0.0, 0.0]",13.0
BIOMD0000000405,6,8,0,1000,0.0,0.0,0.0,"[0.0, 0.0, 0.0, 0.0, 0.0, 0.0]",5.0,0.0,0.8763031469782749,0.9515988082514402,"[np.float64(0.8022853756272101), np.float64(0.8022853756272101), np.float64(0.9503209183293396), np.float64(0.9503209183293396), np.float64(0.9515988082514402), 0.0]",25.0,0.0,0.2728257314463731,0.693118638140574,"[0.0, 0.0, np.float64(0.693118638140574), np.float64(0.693118638140574), np.float64(0.5456514628927462), 0.0]",66.0
BIOMD0000000406,24,51,0,1000,0.0,0.0,2.220446049250313e-16,"[0.0, np.float64(2.220446049250313e-16), np.float64(2.220446049250313e-16), 0.0, 0.0, 0.0, np.float64(2.220446049250313e-16), np.float64(2.220446049250313e-16), 0.0, 0.0, 0.0, 0.0, 0.0, 0.0, 0.0, 0.0, np.float64(2.220446049250313e-16), np.float64(2.220446049250313e-16), np.float64(2.220446049250313e-16), 0.0, np.float64(2.220446049250313e-16), np.float64(2.220446049250313e-16), 0.0, 0.0]",10.0,0.0,0.08729958405869631,0.9808211196574581,"[0.0, np.float64(0.08729958405869631), 0.0, 0.0, np.float64(0.980036594347643), np.float64(0.9794647223535524), np.float64(0.08729958405869631), 0.0, 0.0, 0.0, np.float64(0.9808211196574581), 0.0, 0.0, 0.0, np.float64(0.7524931019841967), 0.0, np.float64(0.08729958405869631), np.float64(0.08729958405869631), 0.0, np.float64(0.9794764497219353), np.float64(0.08729958405869631), np.float64(0.08729958405869631), np.float64(0.9800486043441408), np.float64(0.9795188783663213)]",307.0,0.0,0.09742151885050065,0.9433000576003796,"[0.0, np.float64(0.09742151885050065), np.float64(0.09742151885050065), np.float64(0.20762256090778342), np.float64(0.9432752794627814), np.float64(0.942055013442966), np.float64(0.09742151885050065), np.float64(0.09742151885050065), 0.0, 0.0, np.float64(0.9108931832103978), 0.0, np.float64(0.7136798005692143), 0.0, np.float64(0.5070501850501159), 0.0, np.float64(0.09742151885050065), np.float64(0.09742151885050065), np.float64(0.09742151885050065), np.float64(0.9420791656091785), np.float64(0.09742151885050065), np.float64(0.09742151885050065), np.float64(0.9433000576003796), np.float64(0.9422466450882224)]",2835.0
BIOMD0000000407,47,88,0,1000,0.0,0.0,0.0,"[0.0, 0.0, 0.0, 0.0, 0.0, 0.0, 0.0, 0.0, 0.0, 0.0, 0.0, 0.0, 0.0, 0.0, 0.0, 0.0, 0.0, 0.0, 0.0, 0.0, 0.0, 0.0, 0.0, 0.0, 0.0, 0.0, 0.0, 0.0, 0.0, 0.0, 0.0, 0.0, 0.0, 0.0, 0.0, 0.0, 0.0, 0.0, 0.0, 0.0, 0.0, 0.0, 0.0, 0.0, 0.0, 0.0, 0.0]",0.0,0.0,0.0,0.7905392783222378,"[0.0, 0.0, 0.0, 0.0, 0.0, 0.0, 0.0, 0.0, 0.0, 0.0, 0.0, 0.0, 0.0, 0.0, 0.0, 0.0, 0.0, 0.0, 0.0, 0.0, 0.0, 0.0, 0.0, 0.0, 0.0, 0.0, 0.0, 0.0, 0.0, 0.0, 0.0, 0.0, 0.0, 0.0, 0.0, np.float64(0.7870420280195837), 0.0, np.float64(0.7724293755013569), 0.0, 0.0, 0.0, 0.0, 0.0, np.float64(0.7905392783222378), 0.0, 0.0, 0.0]",464.0,0.0,0.9999999999993919,0.9999999999999926,"[np.float64(0.999999999999783), np.float64(0.9999999999997822), np.float64(0.9999999999995922), 0.0, np.float64(0.9999999998149789), np.float64(0.9999999999980218), np.float64(0.9999999997386946), np.float64(0.9999999999999861), np.float64(0.999999994189637), np.float64(0.9999999996733625), np.float64(0.9999999999993919), np.float64(0.9999999999994637), np.float64(0.9999999999994912), np.float64(0.9999999999999866), np.float64(0.9999999999999891), 0.0, np.float64(0.9999999999999867), 0.0, np.float64(0.9999999999999866), np.float64(0.9999999999999764), 0.0, np.float64(0.999999990655575), np.float64(0.9999999906555751), np.float64(0.9999999999999926), np.float64(0.9999999880941374), np.float64(0.9999999801815572), np.float64(0.9999999972025773), np.float64(0.9999999840563134), np.float64(0.9999999958441055), np.float64(0.9999997847858022), 0.0, np.float64(0.9999999999998531), np.float64(0.999999999999862), np.float64(0.9999999999998925), np.float64(0.9999999999998865), np.float64(0.9999999999996422), np.float64(0.9999999999999921), np.float64(0.9999999999996838), np.float64(0.9999999999995041), 0.0, np.float64(0.9999999999999554), 0.0, 0.0, np.float64(0.9999999999996505), np.float64(0.9999999999995112), np.float64(0.9999999999993047), np.float64(0.9999999999993344)]",608.0
BIOMD0000000409,13,31,0,1000,0.0,0.0,2.220446049250313e-16,"[0.0, 0.0, 0.0, 0.0, 0.0, 0.0, 0.0, np.float64(2.220446049250313e-16), 0.0, 0.0, 0.0, 0.0, 0.0]",8.0,0.02287480652384355,0.9957506354214865,0.9999820990404398,"[np.float64(0.9957506354214865), np.float64(0.9974165070624014), np.float64(0.9999074309177803), np.float64(0.9951092935834037), np.float64(0.02287480652384355), np.float64(0.9952793940578257), np.float64(0.8822305550932887), np.float64(0.9850746746186138), np.float64(0.9966764977170876), np.float64(0.9998577065948662), np.float64(0.9999820990404398), np.float64(0.964361919541118), np.float64(0.9998496617489258)]",164.0,0.0,0.9999999961917355,0.9999999999478512,"[np.float64(0.9999999950508071), np.float64(0.9999999961917355), np.float64(0.9999999935721375), np.float64(0.9999999999478512), 0.0, np.float64(0.9997195350793653), np.float64(0.999992270045071), np.float64(0.9999992138471276), np.float64(0.9999999997802029), np.float64(0.9999999974253101), np.float64(0.999999997775632), np.float64(0.9999999992547277), np.float64(0.9999999969877335)]",1260.0
BIOMD0000000410,53,91,0,1000,0.0,0.0,0.0,"[0.0, 0.0, 0.0, 0.0, 0.0, 0.0, 0.0, 0.0, 0.0, 0.0, 0.0, 0.0, 0.0, 0.0, 0.0, 0.0, 0.0, 0.0, 0.0, 0.0, 0.0, 0.0, 0.0, 0.0, 0.0, 0.0, 0.0, 0.0, 0.0, 0.0, 0.0, 0.0, 0.0, 0.0, 0.0, 0.0, 0.0, 0.0, 0.0, 0.0, 0.0, 0.0, 0.0, 0.0, 0.0, 0.0, 0.0, 0.0, 0.0, 0.0, 0.0, 0.0, 0.0]",2.0,0.0,0.0,0.9999999999997242,"[0.0, 0.0, 0.0, np.float64(0.16909015466062405), 0.0, 0.0, np.float64(0.9999999999949234), 0.0, 0.0, np.float64(0.16909015466062405), 0.0, 0.0, np.float64(0.16909015466062405), 0.0, 0.0, 0.0, 0.0, np.float64(0.9999999999930279), np.float64(0.16909015466062405), 0.0, 0.0, 0.0, 0.0, np.float64(0.16909015466062405), 0.0, np.float64(0.16909015466062405), np.float64(0.16909015466062405), 0.0, np.float64(0.9999999999973638), np.float64(0.16909015466062405), np.float64(0.9999999999910445), np.float64(0.16909015466062405), np.float64(0.9999999942310953), 0.0, 0.0, 0.0, 0.0, 0.0, 0.0, np.float64(0.16909015466062405), np.float64(0.16909015466062405), 0.0, np.float64(0.16909015466062405), np.float64(0.9999999999895687), 0.0, 0.0, np.float64(0.16909015466062405), np.float64(0.16909015466062405), np.float64(0.16909015466062405), 0.0, np.float64(0.16909015466062405), np.float64(0.16909015466062405), np.float64(0.9999999999997242)]",1275.0,0.0,0.0,0.27750319148472935,"[0.0, 0.0, 0.0, np.float64(0.27750319148472935), 0.0, 0.0, 0.0, 0.0, 0.0, np.float64(0.27750319148472935), 0.0, 0.0, np.float64(0.27750319148472935), 0.0, 0.0, 0.0, 0.0, 0.0, np.float64(0.27750319148472935), 0.0, 0.0, 0.0, 0.0, np.float64(0.27750319148472935), 0.0, np.float64(0.27750319148472935), np.float64(0.27750319148472935), 0.0, 0.0, np.float64(0.27750319148472935), 0.0, np.float64(0.27750319148472935), 0.0, 0.0, 0.0, 0.0, 0.0, 0.0, 0.0, np.float64(0.27750319148472935), np.float64(0.27750319148472935), 0.0, np.float64(0.27750319148472935), 0.0, 0.0, 0.0, np.float64(0.27750319148472935), np.float64(0.27750319148472935), np.float64(0.27750316589744095), np.float64(0.27750316589744095), np.float64(0.27750316589744095), np.float64(0.27750316589744095), 0.0]",24234.0
BIOMD0000000411,7,13,0,1000,0.0,0.0,0.0,"[0.0, 0.0, 0.0, 0.0, 0.0, 0.0, 0.0]",2.0,0.0,0.0,0.02597300039480499,"[0.0, 0.0, 0.0, 0.0, np.float64(0.02597300039480499), 0.0, 0.0]",37.0,0.0,0.0,0.0,"[0.0, 0.0, 0.0, 0.0, 0.0, 0.0, 0.0]",150.0
BIOMD0000000412,79,56,0,1000,0.0,0.0,3.3306690738754696e-16,"[0.0, 0.0, np.float64(3.3306690738754696e-16), 0.0, 0.0, 0.0, 0.0, 0.0, 0.0, 0.0, 0.0, 0.0, 0.0, 0.0, 0.0, 0.0, 0.0, 0.0, 0.0, 0.0, 0.0, 0.0, 0.0, np.float64(1.1102230246251565e-16), 0.0, 0.0, 0.0, 0.0, 0.0, np.float64(1.1102230246251565e-16), 0.0, 0.0, 0.0, 0.0, 0.0, 0.0, 0.0, 0.0, 0.0, 0.0, 0.0, 0.0, 0.0, np.float64(1.1102230246251565e-16), 0.0, 0.0, 0.0, 0.0, 0.0, 0.0, 0.0, 0.0, 0.0, np.float64(2.220446049250313e-16), 0.0, 0.0, 0.0, 0.0, 0.0, 0.0, 0.0, 0.0, np.float64(2.220446049250313e-16), 0.0, 0.0, 0.0, 0.0, 0.0, np.float64(1.1102230246251565e-16), 0.0, 0.0, 0.0, 0.0, 0.0, 0.0, 0.0, np.float64(2.220446049250313e-16), 0.0, 0.0]",58.0,0.0,0.9995895965355522,0.9999999977594132,"[np.float64(0.9992300415276949), np.float64(0.9855262166471301), np.float64(0.9843158626072656), 0.0, np.float64(0.9999999905718483), np.float64(0.9993783708487363), np.float64(0.9999998379633567), np.float64(0.9999992919989016), np.float64(0.9999507713535094), 0.0, np.float64(0.9999294371397626), np.float64(0.9994307214502072), np.float64(0.9999694943163833), np.float64(0.9998550191269117), np.float64(0.9999992919991104), np.float64(0.9993758449920332), 0.0, np.float64(0.9999821974995247), np.float64(0.9999995587621473), np.float64(0.9994307773605434), np.float64(0.9987073356950558), np.float64(0.9999999854709722), np.float64(0.9999959689743937), np.float64(0.9985765591640468), np.float64(0.9994334153945289), np.float64(0.9999999797724671), np.float64(0.9998513905718004), np.float64(0.9995895965355522), np.float64(0.9995032260462632), np.float64(0.9999469613180572), np.float64(0.9999819497350724), np.float64(0.9896234002736084), 0.0, 0.0, np.float64(0.9996840300758764), np.float64(0.9992333745408969), np.float64(0.7275774714239642), np.float64(0.9999980903336768), np.float64(0.9999980903336768), np.float64(0.9999973056034118), np.float64(0.999999995039221), np.float64(0.9453309812006165), np.float64(0.718397888451643), np.float64(0.9995578352940797), np.float64(0.9999998954217278), 0.0, 0.0, np.float64(0.999995355784279), np.float64(0.9999999898665939), 0.0, np.float64(0.3162946172115003), np.float64(0.9999710380910599), np.float64(0.9999999892881465), np.float64(0.7348842762678545), 0.0, np.float64(0.9999998732536775), np.float64(0.9999999977594132), 0.0, np.float64(0.2622741846813058), 0.0, np.float64(0.9999961879587744), np.float64(0.9999999892881465), np.float64(0.7348843672078358), np.float64(0.20976494995928796), np.float64(0.9999885366293998), 0.0, np.float64(0.9997868962711457), np.float64(0.9996084360853437), np.float64(0.9930636637080505), np.float64(0.9999919821054535), np.float64(0.9999999186031998), np.float64(0.9999999186031998), np.float64(0.9999999843179993), 0.0, np.float64(0.9999998952436232), 0.0, 0.0, np.float64(0.9994726569520519), np.float64(0.9999468513510308)]",5841.0,0.0,0.0,0.9888379890874389,"[0.0, 0.0, 0.0, 0.0, 0.0, 0.0, 0.0, 0.0, 0.0, 0.0, 0.0, 0.0, 0.0, 0.0, 0.0, np.float64(0.2604393645627371), 0.0, 0.0, 0.0, np.float64(0.939832940618328), np.float64(0.9232708989205509), 0.0, 0.0, np.float64(0.8533335397199501), 0.0, 0.0, 0.0, 0.0, 0.0, 0.0, 0.0, 0.0, 0.0, 0.0, 0.0, 0.0, 0.0, 0.0, 0.0, 0.0, 0.0, 0.0, 0.0, np.float64(0.9888379890874389), 0.0, 0.0, 0.0, 0.0, 0.0, 0.0, 0.0, 0.0, 0.0, 0.0, 0.0, 0.0, 0.0, 0.0, 0.0, 0.0, 0.0, 0.0, 0.0, 0.0, 0.0, 0.0, 0.0, 0.0, 0.0, 0.0, 0.0, 0.0, 0.0, 0.0, 0.0, 0.0, 0.0, 0.0, 0.0]",238194.0
BIOMD0000000413,5,9,0,1000,0.0,0.0,0.0,"[0.0, 0.0, 0.0, 0.0, 0.0]",2.0,0.0,0.0,0.9937651972634319,"[np.float64(0.9937651972634319), 0.0, 0.0, 0.0, np.float64(0.9231488258693874)]",16.0,0.0,0.0,0.9996560106686644,"[np.float64(0.9996560106686644), 0.0, 0.0, 0.0, 0.0]",79.0
BIOMD0000000414,1,3,0,1000,0.0,0.0,0.0,[0.0],0.0,0.40051861288950885,0.40051861288950885,0.40051861288950885,[np.float64(0.40051861288950885)],1.0,0.0,0.0,0.0,[0.0],1.0
BIOMD0000000415,10,5,0,1000,0.0,0.0,0.0,"[0.0, 0.0, 0.0, 0.0, 0.0, 0.0, 0.0, 0.0, 0.0, 0.0]",0.0,0.0,0.0,0.0,"[0.0, 0.0, 0.0, 0.0, 0.0, 0.0, 0.0, 0.0, 0.0, 0.0]",0.0,0.0,0.0,0.0,"[0.0, 0.0, 0.0, 0.0, 0.0, 0.0, 0.0, 0.0, 0.0, 0.0]",0.0
BIOMD0000000417,1,2,0,1000,2.220446049250313e-16,2.220446049250313e-16,2.220446049250313e-16,[np.float64(2.220446049250313e-16)],1.0,0.9999999998072766,0.9999999998072766,0.9999999998072766,[np.float64(0.9999999998072766)],2.0,0.9999999888034977,0.9999999888034977,0.9999999888034977,[np.float64(0.9999999888034977)],2.0
BIOMD0000000418,1,2,0,1000,0.0,0.0,0.0,[0.0],1.0,0.0,0.0,0.0,[0.0],1.0,0.0,0.0,0.0,[0.0],2.0
BIOMD0000000419,3,6,0,1000,0.0,0.0,0.0,"[0.0, 0.0, 0.0]",3.0,0.0,0.0,0.0,"[0.0, 0.0, 0.0]",3.0,0.0,0.0,0.0,"[0.0, 0.0, 0.0]",12.0
BIOMD0000000420,2,4,0,1000,0.0,0.0,0.0,"[0.0, 0.0]",2.0,0.0,0.0,0.0,"[0.0, 0.0]",2.0,0.0,0.0,0.0,"[0.0, 0.0]",6.0
BIOMD0000000421,2,4,0,1000,0.0,0.0,0.0,"[0.0, 0.0]",2.0,0.0,0.0,0.0,"[0.0, 0.0]",2.0,0.0,0.0,0.0,"[0.0, 0.0]",6.0
BIOMD0000000422,22,43,0,1000,0.0,0.0,0.0,"[0.0, 0.0, 0.0, 0.0, 0.0, 0.0, 0.0, 0.0, 0.0, 0.0, 0.0, 0.0, 0.0, 0.0, 0.0, 0.0, 0.0, 0.0, 0.0, 0.0, 0.0, 0.0]",0.0,0.0,0.0,0.9995671234979608,"[np.float64(0.8706394816397203), np.float64(0.9986745272766697), 0.0, 0.0, 0.0, 0.0, 0.0, 0.0, 0.0, 0.0, 0.0, 0.0, np.float64(0.9993778394000256), np.float64(0.9995671234979608), np.float64(0.9423579094551092), 0.0, 0.0, 0.0, 0.0, 0.0, 0.0, 0.0]",403.0,0.0,0.0,0.0,"[0.0, 0.0, 0.0, 0.0, 0.0, 0.0, 0.0, 0.0, 0.0, 0.0, 0.0, 0.0, 0.0, 0.0, 0.0, 0.0, 0.0, 0.0, 0.0, 0.0, 0.0, 0.0]",5868.0
BIOMD0000000423,9,11,0,1000,0.0,0.0,2.220446049250313e-16,"[0.0, np.float64(2.220446049250313e-16), 0.0, 0.0, 0.0, 0.0, 0.0, 0.0, 0.0]",6.0,0.0,0.995333380904763,0.9979900233616432,"[np.float64(0.9979900233616432), np.float64(0.9976697172498692), np.float64(0.99356569327699), np.float64(0.9970767170812523), 0.0, np.float64(0.9953333809047635), np.float64(0.995333380904763), 0.0, 0.0]",58.0,0.0,0.0,0.9974541711840291,"[np.float64(0.45797694438388237), np.float64(0.3838825518061192), np.float64(0.3632273489726868), np.float64(0.9974541711840291), 0.0, 0.0, 0.0, 0.0, 0.0]",354.0
BIOMD0000000424,55,58,0,1000,0.0,0.0,2.220446049250313e-16,"[0.0, 0.0, 0.0, 0.0, np.float64(2.220446049250313e-16), 0.0, 0.0, 0.0, 0.0, 0.0, 0.0, 0.0, 0.0, 0.0, np.float64(2.220446049250313e-16), 0.0, np.float64(1.1102230246251565e-16), 0.0, 0.0, 0.0, 0.0, 0.0, 0.0, 0.0, 0.0, 0.0, 0.0, np.float64(2.220446049250313e-16), 0.0, 0.0, 0.0, 0.0, 0.0, 0.0, 0.0, 0.0, 0.0, 0.0, 0.0, 0.0, 0.0, np.float64(2.220446049250313e-16), 0.0, 0.0, 0.0, 0.0, 0.0, 0.0, 0.0, 0.0, 0.0, 0.0, 0.0, 0.0, 0.0]",18.0,0.0,0.26120910066854053,0.999999999983357,"[np.float64(0.9999999999833563), np.float64(0.26120910066854053), np.float64(0.9999999354503454), np.float64(0.999999960556288), np.float64(0.9999999617290262), np.float64(0.9999999988017589), 0.0, 0.0, 0.0, 0.0, 0.0, np.float64(0.26120910066854053), np.float64(0.26120910066854053), 0.0, 0.0, np.float64(0.26120910066854053), 0.0, np.float64(0.26120910066854053), np.float64(0.26120910066854053), 0.0, np.float64(0.26120910066854053), np.float64(0.26120910066854053), np.float64(0.26120910066854053), np.float64(0.26120910066854053), np.float64(0.26120910066854053), np.float64(0.26120910066854053), np.float64(0.9999984475078674), 0.0, np.float64(0.9999999996317964), np.float64(0.26120910066854053), 0.0, 0.0, 0.0, 0.0, np.float64(0.26120910066854053), 0.0, 0.0, 0.0, 0.0, np.float64(0.26120910066854053), 0.0, 0.0, 0.0, 0.0, np.float64(0.26120910066854053), 0.0, 0.0, np.float64(0.26120910066854053), 0.0, np.float64(0.26120910066854053), np.float64(0.26120910066854053), np.float64(0.26120910066854053), 0.0, 0.0, np.float64(0.999999999983357)]",1494.0,0.0,0.0,0.9999999999998209,"[np.float64(0.999999999999819), 0.0, np.float64(0.9999999354504846), np.float64(0.9999999725397962), np.float64(0.9999999733274534), 0.0, np.float64(0.8903441202399403), np.float64(0.8673081423768667), np.float64(0.9698424343246477), np.float64(0.9999999999998209), np.float64(0.9999999999998114), 0.0, 0.0, 0.0, np.float64(0.9871881654708805), 0.0, np.float64(0.9999999999832647), 0.0, 0.0, np.float64(0.9923791809378263), 0.0, 0.0, 0.0, 0.0, 0.0, 0.0, np.float64(0.9999984475077932), 0.0, np.float64(0.9999999999922554), 0.0, 0.0, 0.0, 0.0, 0.0, 0.0, 0.0, 0.0, np.float64(0.9999999999992175), 0.0, 0.0, 0.0, 0.0, np.float64(0.9999999991344818), 0.0, 0.0, 0.0, np.float64(0.9887750797437812), 0.0, 0.0, 0.0, 0.0, 0.0, 0.0, 0.0, np.float64(0.999999999999819)]",1170.0
BIOMD0000000425,1,4,0,1000,0.0,0.0,0.0,[0.0],1.0,0.9867889522029478,0.9867889522029478,0.9867889522029478,[np.float64(0.9867889522029478)],2.0,0.9994221486290041,0.9994221486290041,0.9994221486290041,[np.float64(0.9994221486290041)],3.0
BIOMD0000000426,21,29,0,1000,0.0,0.0,2.220446049250313e-16,"[0.0, 0.0, np.float64(2.220446049250313e-16), 0.0, 0.0, 0.0, 0.0, 0.0, np.float64(2.220446049250313e-16), 0.0, 0.0, 0.0, 0.0, np.float64(2.220446049250313e-16), 0.0, 0.0, 0.0, 0.0, 0.0, 0.0, np.float64(2.220446049250313e-16)]",12.0,0.0,0.0,0.9453696520277657,"[np.float64(0.9453696520277657), 0.0, 0.0, 0.0, 0.0, 0.0, 0.0, 0.0, 0.0, 0.0, 0.0, 0.0, 0.0, 0.0, 0.0, np.float64(0.8945336925909755), np.float64(0.3689815670301023), 0.0, 0.0, 0.0, 0.0]",439.0,0.0,0.3786053384359924,0.9957452070615254,"[0.0, np.float64(0.9835307836049623), np.float64(0.9395936127936937), np.float64(0.3786053384359924), np.float64(0.9957452070615254), np.float64(0.9914628176514585), np.float64(0.8603739000011191), 0.0, 0.0, np.float64(0.8834329444837248), 0.0, 0.0, np.float64(0.9467132542907313), np.float64(0.9894794037296479), np.float64(0.016004488670620765), 0.0, 0.0, np.float64(0.9537658381053516), 0.0, 0.0, np.float64(0.9167431462915862)]",4573.0
BIOMD0000000427,21,22,0,1000,0.0,0.0,1.1102230246251565e-16,"[np.float64(1.1102230246251565e-16), 0.0, 0.0, 0.0, 0.0, 0.0, 0.0, 0.0, 0.0, 0.0, np.float64(1.1102230246251565e-16), 0.0, 0.0, 0.0, 0.0, 0.0, 0.0, 0.0, 0.0, 0.0, 0.0]",18.0,0.0,0.0,0.0,"[0.0, 0.0, 0.0, 0.0, 0.0, 0.0, 0.0, 0.0, 0.0, 0.0, 0.0, 0.0, 0.0, 0.0, 0.0, 0.0, 0.0, 0.0, 0.0, 0.0, 0.0]",299.0,0.0,0.0,5.401786218772742e-06,"[0.0, 0.0, 0.0, 0.0, 0.0, 0.0, 0.0, 0.0, 0.0, 0.0, 0.0, 0.0, 0.0, 0.0, 0.0, 0.0, 0.0, 0.0, 0.0, np.float64(5.4017846564669014e-06), np.float64(5.401786218772742e-06)]",1197.0
BIOMD0000000428,26,23,0,1000,0.0,0.0,3.3306690738754696e-16,"[0.0, 0.0, np.float64(2.220446049250313e-16), 0.0, 0.0, 0.0, np.float64(3.3306690738754696e-16), 0.0, 0.0, 0.0, 0.0, 0.0, 0.0, 0.0, 0.0, 0.0, 0.0, 0.0, 0.0, 0.0, 0.0, 0.0, np.float64(1.1102230246251565e-16), 0.0, 0.0, 0.0]",23.0,0.0,0.8365783352403917,0.9976881847234385,"[np.float64(0.9908183627468344), np.float64(0.9539568568268186), np.float64(0.9975000505819684), np.float64(0.9976881847234385), np.float64(0.7486185419965695), np.float64(0.7486185451942723), np.float64(0.8814183607106345), np.float64(0.8284138921424575), np.float64(0.5257311504946488), np.float64(0.8748803463993211), np.float64(0.9958898156409901), np.float64(0.9952166704290325), np.float64(0.8363064597440062), np.float64(0.8899519139749), np.float64(0.9717284892048268), np.float64(0.8368502107367772), np.float64(0.9966010135407354), np.float64(0.8293286721621504), np.float64(0.9971837996049498), np.float64(0.46378981604613934), np.float64(0.6471475144006433), np.float64(0.7719897827245106), np.float64(0.7953325798614689), 0.0, 0.0, np.float64(0.8284138923679841)]",685.0,0.0,0.0,0.0,"[0.0, 0.0, 0.0, 0.0, 0.0, 0.0, 0.0, 0.0, 0.0, 0.0, 0.0, 0.0, 0.0, 0.0, 0.0, 0.0, 0.0, 0.0, 0.0, 0.0, 0.0, 0.0, 0.0, 0.0, 0.0, 0.0]",9302.0
BIOMD0000000430,27,28,0,1000,0.0,0.0,2.220446049250313e-16,"[0.0, 0.0, 0.0, 0.0, 0.0, 0.0, 0.0, 0.0, 0.0, 0.0, 0.0, 0.0, 0.0, 0.0, 0.0, 0.0, 0.0, np.float64(2.220446049250313e-16), 0.0, 0.0, 0.0, 0.0, 0.0, 0.0, 0.0, 0.0, 0.0]",8.0,0.0,0.15276899833064694,0.9999999999998608,"[0.0, np.float64(0.15276899833064694), np.float64(0.15276899833064694), np.float64(0.15276899833064694), np.float64(0.15276899833064694), np.float64(0.15276899833064694), np.float64(0.9985471221750185), np.float64(0.999999999896393), np.float64(0.9985460600963756), 0.0, np.float64(0.15276899833064694), np.float64(0.15276899833064694), np.float64(0.9999999239800006), np.float64(0.999999999799673), 0.0, np.float64(0.9999999999998246), np.float64(0.9999999999998608), np.float64(0.9999999999998608), 0.0, 0.0, np.float64(0.15276899833064694), np.float64(0.15276899833064694), 0.0, np.float64(0.15276899833064694), np.float64(0.9999999349804786), 0.0, 0.0]",249.0,0.0,0.1520352166318043,0.9999999999998608,"[np.float64(0.1520352166318043), np.float64(0.1520352166318043), np.float64(0.1520352166318043), np.float64(0.1520352166318043), np.float64(0.1520352166318043), np.float64(0.1520352166318043), np.float64(0.9999999999941517), 0.0, np.float64(0.9999999999941412), 0.0, np.float64(0.1520352166318043), np.float64(0.1520352166318043), 0.0, np.float64(0.9999999999996244), np.float64(0.1520352166318043), np.float64(0.9999999999998246), np.float64(0.9999999999998608), np.float64(0.9999999999998608), 0.0, 0.0, np.float64(0.1520352166318043), np.float64(0.1520352166318043), np.float64(0.1520352166318043), np.float64(0.1520352166318043), 0.0, np.float64(0.1520352166318043), np.float64(0.1520352166318043)]",87.0
BIOMD0000000431,27,28,0,1000,0.0,0.0,3.3306690738754696e-16,"[0.0, 0.0, 0.0, 0.0, 0.0, 0.0, np.float64(3.3306690738754696e-16), 0.0, 0.0, 0.0, 0.0, 0.0, np.float64(1.1102230246251565e-16), 0.0, 0.0, 0.0, 0.0, 0.0, 0.0, np.float64(1.1102230246251565e-16), 0.0, 0.0, 0.0, 0.0, 0.0, 0.0, 0.0]",12.0,0.0,0.0,0.9930405639700199,"[np.float64(0.9665069928800769), np.float64(0.4310981222887992), 0.0, 0.0, 0.0, 0.0, np.float64(0.9538053806370707), 0.0, 0.0, 0.0, 0.0, 0.0, np.float64(0.9211961779417053), 0.0, np.float64(0.9204897084504813), np.float64(0.9930405639700199), np.float64(0.9195315064297809), np.float64(0.9195315064299281), 0.0, np.float64(0.9211170170419095), 0.0, 0.0, np.float64(0.9246381116119994), 0.0, 0.0, np.float64(0.9225929953296038), np.float64(0.9237029361955869)]",547.0,0.0,0.0,0.0,"[0.0, 0.0, 0.0, 0.0, 0.0, 0.0, 0.0, 0.0, 0.0, 0.0, 0.0, 0.0, 0.0, 0.0, 0.0, 0.0, 0.0, 0.0, 0.0, 0.0, 0.0, 0.0, 0.0, 0.0, 0.0, 0.0, 0.0]",8683.0
BIOMD0000000432,11,10,0,1000,0.0,0.0,0.0,"[0.0, 0.0, 0.0, 0.0, 0.0, 0.0, 0.0, 0.0, 0.0, 0.0, 0.0]",6.0,0.0,0.0,0.0,"[0.0, 0.0, 0.0, 0.0, 0.0, 0.0, 0.0, 0.0, 0.0, 0.0, 0.0]",44.0,0.0,0.0,0.0,"[0.0, 0.0, 0.0, 0.0, 0.0, 0.0, 0.0, 0.0, 0.0, 0.0, 0.0]",363.0
BIOMD0000000433,11,10,0,1000,0.0,0.0,1.1102230246251565e-16,"[0.0, 0.0, 0.0, 0.0, 0.0, np.float64(1.1102230246251565e-16), 0.0, 0.0, 0.0, 0.0, 0.0]",7.0,0.0,0.047634528206808247,0.9680488766227393,"[np.float64(0.8874729379875232), np.float64(0.887472937987372), 0.0, 0.0, np.float64(0.9680488766227393), 0.0, 0.0, np.float64(0.18415444051577312), np.float64(0.047634528206808247), np.float64(0.047634528206808247), np.float64(0.047634528206808247)]",36.0,0.0,0.0,0.0685909075403135,"[0.0, 0.0, 0.0, 0.0, 0.0, 0.0, 0.0, 0.0, np.float64(0.0685909075403135), np.float64(0.0685909075403135), np.float64(0.0685909075403135)]",80.0
BIOMD0000000434,26,35,0,1000,0.0,0.0,0.0,"[0.0, 0.0, 0.0, 0.0, 0.0, 0.0, 0.0, 0.0, 0.0, 0.0, 0.0, 0.0, 0.0, 0.0, 0.0, 0.0, 0.0, 0.0, 0.0, 0.0, 0.0, 0.0, 0.0, 0.0, 0.0, 0.0]",19.0,0.0,0.28671611308002987,0.9999999726749244,"[np.float64(0.9999658259478788), np.float64(0.9868003101189999), np.float64(0.9905543039088095), np.float64(0.999999849139487), np.float64(0.9995708885737409), np.float64(0.9999999726749244), np.float64(0.7689718593313833), np.float64(0.9158037696103489), np.float64(0.9982677623397537), 0.0, 0.0, np.float64(0.5734322261600597), 0.0, 0.0, np.float64(0.6898492897750165), 0.0, np.float64(0.9796180754277121), 0.0, 0.0, 0.0, np.float64(0.9720582814764336), 0.0, 0.0, 0.0, 0.0, 0.0]",478.0,0.0,0.0,0.0,"[0.0, 0.0, 0.0, 0.0, 0.0, 0.0, 0.0, 0.0, 0.0, 0.0, 0.0, 0.0, 0.0, 0.0, 0.0, 0.0, 0.0, 0.0, 0.0, 0.0, 0.0, 0.0, 0.0, 0.0, 0.0, 0.0]",4760.0
BIOMD0000000435,4,8,0,1000,0.0,0.0,0.0,"[0.0, 0.0, 0.0, 0.0]",4.0,0.9999955087532847,0.9999955087532847,0.9999955087532847,"[np.float64(0.9999955087532847), np.float64(0.9999955087532847), np.float64(0.9999955087532847), np.float64(0.9999955087532847)]",20.0,0.9999959223940565,0.9999959223940565,0.9999959223940565,"[np.float64(0.9999959223940565), np.float64(0.9999959223940565), np.float64(0.9999959223940565), np.float64(0.9999959223940565)]",60.0
BIOMD0000000436,12,22,0,1000,0.0,0.0,2.220446049250313e-16,"[0.0, np.float64(1.1102230246251565e-16), 0.0, 0.0, 0.0, np.float64(2.220446049250313e-16), 0.0, 0.0, 0.0, 0.0, 0.0, 0.0]",9.0,0.0,0.9995378320200583,0.9999558369470761,"[0.0, np.float64(0.9998216959905326), np.float64(0.9997197768723454), np.float64(0.9982648146385427), np.float64(0.9997038423757084), np.float64(0.9999558369470761), np.float64(0.36784829834604904), np.float64(0.9993718216644082), 0.0, np.float64(0.20772307567190995), np.float64(0.9997330083963155), np.float64(0.9999533864784773)]",110.0,0.0,0.0,0.0,"[0.0, 0.0, 0.0, 0.0, 0.0, 0.0, 0.0, 0.0, 0.0, 0.0, 0.0, 0.0]",972.0
BIOMD0000000438,10,7,0,1000,0.0,0.0,0.0,"[0.0, 0.0, 0.0, 0.0, 0.0, 0.0, 0.0, 0.0, 0.0, 0.0]",0.0,0.0,0.0,0.0,"[0.0, 0.0, 0.0, 0.0, 0.0, 0.0, 0.0, 0.0, 0.0, 0.0]",72.0,0.0,0.0,0.0,"[0.0, 0.0, 0.0, 0.0, 0.0, 0.0, 0.0, 0.0, 0.0, 0.0]",352.0
BIOMD0000000439,20,21,0,1000,0.0,0.0,0.0,"[0.0, 0.0, 0.0, 0.0, 0.0, 0.0, 0.0, 0.0, 0.0, 0.0, 0.0, 0.0, 0.0, 0.0, 0.0, 0.0, 0.0, 0.0, 0.0, 0.0]",5.0,0.0,0.6777475851599086,0.9753466547896695,"[np.float64(0.97534481284025), 0.0, np.float64(0.17167854731306886), np.float64(0.19188873870296363), np.float64(0.9753466547896695), 0.0, 0.0, np.float64(0.7592759842370302), np.float64(0.6823475713797726), np.float64(0.5739788560570191), 0.0, np.float64(0.9071761124308236), np.float64(0.9071761124329724), 0.0, np.float64(0.9700507728771969), np.float64(0.7570776790518168), np.float64(0.6731475989400446), np.float64(0.63457849100235), np.float64(0.8803937105788242), np.float64(0.8841644682335249)]",384.0,0.0,0.0,0.0,"[0.0, 0.0, 0.0, 0.0, 0.0, 0.0, 0.0, 0.0, 0.0, 0.0, 0.0, 0.0, 0.0, 0.0, 0.0, 0.0, 0.0, 0.0, 0.0, 0.0]",3233.0
BIOMD0000000440,11,10,0,1000,0.0,0.0,0.0,"[0.0, 0.0, 0.0, 0.0, 0.0, 0.0, 0.0, 0.0, 0.0, 0.0, 0.0]",2.0,0.0,0.5134839479960283,0.9494348030418359,"[np.float64(0.9494348030418359), np.float64(0.9494348019839991), np.float64(0.609810946060438), np.float64(0.6354863653890952), np.float64(0.3900759233170201), np.float64(0.5893302281279602), np.float64(0.17048457647629778), np.float64(0.5134839479960283), 0.0, 0.0, 0.0]",96.0,0.0,0.5942667316640919,0.946399628181865,"[np.float64(0.946399628181865), np.float64(0.9463996085338093), np.float64(0.8785546138260716), np.float64(0.2326255741326384), np.float64(0.5942667316640919), np.float64(0.6354728861625271), 0.0, np.float64(0.7248905058381898), 0.0, 0.0, 0.0]",624.0
BIOMD0000000441,11,10,0,1000,0.0,0.0,2.220446049250313e-16,"[0.0, 0.0, 0.0, 0.0, 0.0, np.float64(2.220446049250313e-16), 0.0, 0.0, 0.0, 0.0, 0.0]",8.0,0.0,0.0,0.9071167323619638,"[0.0, 0.0, 0.0, 0.0, 0.0, np.float64(0.9071167323619638), np.float64(0.20795601365678784), 0.0, 0.0, 0.0, 0.0]",61.0,0.0,0.0,0.02209886854435683,"[0.0, 0.0, 0.0, 0.0, 0.0, np.float64(0.008653504680089075), np.float64(0.02209886854435683), np.float64(8.297227061604406e-05), 0.0, 0.0, 0.0]",251.0
BIOMD0000000442,13,12,0,1000,0.0,0.0,0.0,"[0.0, 0.0, 0.0, 0.0, 0.0, 0.0, 0.0, 0.0, 0.0, 0.0, 0.0, 0.0, 0.0]",10.0,0.0,0.0,0.8983847537403638,"[0.0, 0.0, 0.0, 0.0, 0.0, np.float64(0.8983847537403638), np.float64(0.08829402851798551), 0.0, 0.0, 0.0, 0.0, 0.0, 0.0]",72.0,0.0,0.0,0.0,"[0.0, 0.0, 0.0, 0.0, 0.0, 0.0, 0.0, 0.0, 0.0, 0.0, 0.0, 0.0, 0.0]",458.0
BIOMD0000000443,19,22,0,1000,0.0,0.0,3.3306690738754696e-16,"[np.float64(3.3306690738754696e-16), 0.0, 0.0, 0.0, 0.0, 0.0, 0.0, 0.0, 0.0, 0.0, 0.0, 0.0, 0.0, 0.0, 0.0, 0.0, 0.0, np.float64(1.1102230246251565e-16), np.float64(2.220446049250313e-16)]",15.0,0.0,0.9959231280328921,0.9999999998955275,"[np.float64(0.9982921174693121), np.float64(0.998292105864939), np.float64(0.9996765859213398), np.float64(0.9956231412643795), np.float64(0.9999544489652564), np.float64(0.5510417525828177), np.float64(0.9938472101355549), np.float64(0.9998858952868521), 0.0, 0.0, 0.0, np.float64(0.9998547076241038), np.float64(0.9999999541983577), np.float64(0.9999999998955275), np.float64(0.9959231280328921), 0.0, np.float64(0.5564895695224004), np.float64(0.9927875002826161), np.float64(0.9959377809563783)]",298.0,0.0,0.0,0.0,"[0.0, 0.0, 0.0, 0.0, 0.0, 0.0, 0.0, 0.0, 0.0, 0.0, 0.0, 0.0, 0.0, 0.0, 0.0, 0.0, 0.0, 0.0, 0.0]",2406.0
BIOMD0000000444,18,22,0,1000,0.0,0.0,2.220446049250313e-16,"[0.0, 0.0, np.float64(2.220446049250313e-16), 0.0, 0.0, 0.0, 0.0, 0.0, 0.0, 0.0, 0.0, 0.0, 0.0, 0.0, 0.0, np.float64(2.220446049250313e-16), 0.0, 0.0]",15.0,0.0,0.9817072169631882,0.9999999996357625,"[np.float64(0.7397769047620902), np.float64(0.7397769041539972), np.float64(0.9778375921416803), np.float64(0.9861635284636826), np.float64(0.9698700669890953), np.float64(0.5444997037136258), np.float64(0.9855768417846962), np.float64(0.9998320888867819), 0.0, 0.0, 0.0, np.float64(0.9998263579917134), np.float64(0.9999999131093319), np.float64(0.9999999996357625), np.float64(0.9989445878775116), np.float64(0.9989455020449249), np.float64(0.5505883140909353), np.float64(0.9856383905608997)]",283.0,0.0,0.0,0.0,"[0.0, 0.0, 0.0, 0.0, 0.0, 0.0, 0.0, 0.0, 0.0, 0.0, 0.0, 0.0, 0.0, 0.0, 0.0, 0.0, 0.0, 0.0]",2145.0
BIOMD0000000445,32,64,0,1000,0.0,0.0,0.0,"[0.0, 0.0, 0.0, 0.0, 0.0, 0.0, 0.0, 0.0, 0.0, 0.0, 0.0, 0.0, 0.0, 0.0, 0.0, 0.0, 0.0, 0.0, 0.0, 0.0, 0.0, 0.0, 0.0, 0.0, 0.0, 0.0, 0.0, 0.0, 0.0, 0.0, 0.0, 0.0]",0.0,0.0,0.2416952547472383,0.9981228265635329,"[0.0, np.float64(0.7419232101464296), np.float64(0.6475989173014058), np.float64(0.7541427693051577), np.float64(0.7928562159627363), np.float64(0.19140078499001378), 0.0, 0.0, 0.0, np.float64(0.6178841564478378), np.float64(0.2919897245044628), np.float64(0.9981228265635329), np.float64(0.9571011617979126), 0.0, 0.0, np.float64(0.940756628809408), np.float64(0.9706484596527254), np.float64(0.8844376919066423), 0.0, 0.0, 0.0, np.float64(0.9221549893326091), 0.0, np.float64(0.7818753853871756), np.float64(0.14423934470427635), np.float64(0.9932101140692873), 0.0, 0.0, 0.0, 0.0, np.float64(0.9173335638499602), np.float64(0.8278848273867486)]",999.0,0.0,0.0,0.0,"[0.0, 0.0, 0.0, 0.0, 0.0, 0.0, 0.0, 0.0, 0.0, 0.0, 0.0, 0.0, 0.0, 0.0, 0.0, 0.0, 0.0, 0.0, 0.0, 0.0, 0.0, 0.0, 0.0, 0.0, 0.0, 0.0, 0.0, 0.0, 0.0, 0.0, 0.0, 0.0]",17952.0
BIOMD0000000446,27,62,0,1000,0.0,0.0,0.0,"[0.0, 0.0, 0.0, 0.0, 0.0, 0.0, 0.0, 0.0, 0.0, 0.0, 0.0, 0.0, 0.0, 0.0, 0.0, 0.0, 0.0, 0.0, 0.0, 0.0, 0.0, 0.0, 0.0, 0.0, 0.0, 0.0, 0.0]",11.0,0.0,0.0,0.999999998137578,"[0.0, 0.0, np.float64(0.9389653890749342), 0.0, np.float64(0.9389653890749342), 0.0, 0.0, 0.0, 0.0, 0.0, 0.0, 0.0, 0.0, np.float64(0.999999998137578), np.float64(0.9999961053931897), 0.0, 0.0, 0.0, np.float64(0.9101588278261725), 0.0, 0.0, 0.0, 0.0, 0.0, 0.0, 0.0, np.float64(0.9996059539778257)]",491.0,0.0,0.0,0.15731574468028586,"[0.0, 0.0, 0.0, 0.0, 0.0, 0.0, 0.0, 0.0, 0.0, 0.0, 0.0, np.float64(0.15731574468028586), 0.0, 0.0, 0.0, 0.0, 0.0, 0.0, 0.0, 0.0, 0.0, 0.0, 0.0, 0.0, 0.0, 0.0, 0.0]",6367.0
BIOMD0000000447,13,32,0,1000,0.0,0.0,0.0,"[0.0, 0.0, 0.0, 0.0, 0.0, 0.0, 0.0, 0.0, 0.0, 0.0, 0.0, 0.0, 0.0]",0.0,0.0,0.9990496476344173,0.9999998837924325,"[np.float64(0.9990496476344173), 0.0, np.float64(0.9999998837924325), 0.0, np.float64(0.9998669223385587), np.float64(0.9990127037771447), np.float64(0.9996247662182781), np.float64(0.9979812277015725), 0.0, np.float64(0.9999996247738249), np.float64(0.999998576185474), 0.0, np.float64(0.9999997332024254)]",168.0,0.0,0.9999877901586276,0.9999996166571242,"[np.float64(0.9999995966337628), np.float64(0.9872706281595172), np.float64(0.9999994742451269), 0.0, np.float64(0.9999986191741527), np.float64(0.9999719892605412), np.float64(0.9999815008866546), np.float64(0.9999996166571242), 0.0, np.float64(0.9999977614594134), np.float64(0.9999877901586276), 0.0, np.float64(0.9999975925072851)]",1342.0
BIOMD0000000448,27,34,0,1000,0.0,0.0,1.1102230246251565e-16,"[0.0, 0.0, 0.0, 0.0, 0.0, 0.0, 0.0, 0.0, 0.0, 0.0, 0.0, 0.0, 0.0, 0.0, 0.0, 0.0, 0.0, 0.0, 0.0, 0.0, 0.0, 0.0, 0.0, 0.0, 0.0, np.float64(1.1102230246251565e-16), np.float64(1.1102230246251565e-16)]",19.0,0.0,0.9532363681916456,0.9999432898994121,"[np.float64(0.9532363681916456), 0.0, np.float64(0.9527903463556301), 0.0, 0.0, np.float64(0.9921993631146692), 0.0, np.float64(0.9209048786528022), np.float64(0.9980110330567152), 0.0, 0.0, np.float64(0.9887148517778955), np.float64(0.9509798582010527), np.float64(0.968137977635192), np.float64(0.9944886686796885), np.float64(0.9582524337892742), np.float64(0.958252433788809), np.float64(0.11881054301088512), np.float64(0.11881054523947987), np.float64(0.9614707874534649), np.float64(0.9614707874561139), np.float64(0.9581738458650356), np.float64(0.9581738458674302), 0.0, 0.0, np.float64(0.9999432898994035), np.float64(0.9999432898994121)]",620.0,0.0,0.0,0.0,"[0.0, 0.0, 0.0, 0.0, 0.0, 0.0, 0.0, 0.0, 0.0, 0.0, 0.0, 0.0, 0.0, 0.0, 0.0, 0.0, 0.0, 0.0, 0.0, 0.0, 0.0, 0.0, 0.0, 0.0, 0.0, 0.0, 0.0]",3360.0
BIOMD0000000449,27,34,0,1000,0.0,0.0,1.1102230246251565e-16,"[0.0, 0.0, 0.0, 0.0, 0.0, 0.0, 0.0, 0.0, 0.0, 0.0, 0.0, 0.0, 0.0, 0.0, 0.0, 0.0, 0.0, 0.0, 0.0, 0.0, np.float64(1.1102230246251565e-16), 0.0, 0.0, 0.0, 0.0, 0.0, 0.0]",24.0,0.0,0.984551346352125,0.9999999999000881,"[np.float64(0.999999999798895), np.float64(0.9970228528640223), np.float64(0.9999999999000881), 0.0, 0.0, np.float64(0.956550628727452), 0.0, np.float64(0.984551346352125), np.float64(0.882231100139133), 0.0, 0.0, np.float64(0.9999997913580698), np.float64(0.9999998997747688), np.float64(0.9999999127587824), np.float64(0.999999825546704), np.float64(0.9999994235873287), np.float64(0.9999994235873898), np.float64(0.909147692770587), np.float64(0.9091473498533773), np.float64(0.9999999857692151), np.float64(0.9999999857692148), np.float64(0.999999886143581), np.float64(0.9999998861435627), 0.0, 0.0, np.float64(0.7197635010823312), np.float64(0.7197636001095928)]",589.0,0.0,0.0,0.9210809146641621,"[np.float64(0.5229729030516526), 0.0, np.float64(0.6726388179590647), 0.0, 0.0, 0.0, 0.0, 0.0, 0.0, 0.0, 0.0, np.float64(0.8390091669185973), np.float64(0.9210809146641621), 0.0, 0.0, np.float64(0.3389640937850248), np.float64(0.338964095375496), 0.0, 0.0, 0.0, 0.0, 0.0, 0.0, 0.0, 0.0, 0.0, 0.0]",3846.0
BIOMD0000000454,3,4,0,1000,2.220446049250313e-16,2.220446049250313e-16,2.220446049250313e-16,"[np.float64(2.220446049250313e-16), np.float64(2.220446049250313e-16), np.float64(2.220446049250313e-16)]",0.0,0.0,0.0,0.0,"[0.0, 0.0, 0.0]",0.0,0.0,0.0,0.0,"[0.0, 0.0, 0.0]",0.0
BIOMD0000000455,3,5,0,1000,0.0,0.0,0.0,"[0.0, 0.0, 0.0]",0.0,0.0,0.0,0.0,"[0.0, 0.0, 0.0]",0.0,0.0,0.0,0.0,"[0.0, 0.0, 0.0]",0.0
BIOMD0000000456,4,6,0,1000,0.0,0.0,0.0,"[0.0, 0.0, 0.0, 0.0]",0.0,0.0,0.0,0.0,"[0.0, 0.0, 0.0, 0.0]",0.0,0.0,0.0,0.0,"[0.0, 0.0, 0.0, 0.0]",0.0
BIOMD0000000458,2,3,0,1000,0.0,0.0,0.0,"[0.0, 0.0]",0.0,0.5317352057854576,0.5357136927079769,0.5396921796304961,"[np.float64(0.5317352057854576), np.float64(0.5396921796304961)]",3.0,0.5603702365665539,0.5813471494702838,0.6023240623740136,"[np.float64(0.5603702365665539), np.float64(0.6023240623740136)]",7.0
BIOMD0000000459,3,3,0,1000,0.0,0.0,2.220446049250313e-16,"[0.0, 0.0, np.float64(2.220446049250313e-16)]",2.0,0.0,0.0,0.9999999977464863,"[np.float64(0.9999999977464863), 0.0, 0.0]",5.0,0.0,0.0,0.9981833691735111,"[np.float64(0.9981833691735111), 0.0, 0.0]",4.0
BIOMD0000000460,3,3,0,1000,0.0,0.0,0.0,"[0.0, 0.0, 0.0]",2.0,0.0,0.0,0.9892959678864092,"[np.float64(0.9892959678864092), 0.0, 0.0]",5.0,0.0,0.0,0.0,"[0.0, 0.0, 0.0]",5.0
BIOMD0000000461,3,3,0,1000,0.0,0.0,0.0,"[0.0, 0.0, 0.0]",3.0,0.0,0.0,0.9999999642560353,"[np.float64(0.9999999642560353), 0.0, 0.0]",9.0,0.0,0.0,0.0,"[0.0, 0.0, 0.0]",14.0
BIOMD0000000462,4,8,0,1000,0.0,0.0,0.0,"[0.0, 0.0, 0.0, 0.0]",0.0,0.0,0.0,0.004246898877739991,"[0.0, 0.0, 0.0, np.float64(0.004246898877739991)]",7.0,0.0,0.5099031938640557,0.999999999931762,"[np.float64(0.999999999931762), np.float64(0.9999803550571443), 0.0, np.float64(0.019826032670966942)]",9.0
BIOMD0000000464,14,10,0,1000,0.0,0.0,1.1102230246251565e-16,"[0.0, 0.0, 0.0, 0.0, 0.0, 0.0, 0.0, 0.0, 0.0, np.float64(1.1102230246251565e-16), 0.0, 0.0, 0.0, 0.0]",10.0,0.0,0.0,0.9999999984104445,"[0.0, np.float64(0.9530330855042821), np.float64(0.9459937835742377), np.float64(0.9460226157594543), 0.0, 0.0, 0.0, np.float64(0.9999999984104445), np.float64(0.9527449322532099), np.float64(0.9529294336895823), 0.0, 0.0, 0.0, 0.0]",96.0,0.0,0.0,0.1491352747650403,"[np.float64(0.1491352747650403), 0.0, 0.0, 0.0, np.float64(0.1491352747650403), 0.0, 0.0, 0.0, 0.0, 0.0, 0.0, 0.0, 0.0, np.float64(0.1491352747650403)]",248.0
BIOMD0000000465,16,12,0,1000,0.0,0.0,2.220446049250313e-16,"[0.0, 0.0, 0.0, 0.0, 0.0, 0.0, 0.0, 0.0, 0.0, 0.0, 0.0, np.float64(2.220446049250313e-16), 0.0, 0.0, 0.0, 0.0]",11.0,0.0,0.0,0.999891468804753,"[0.0, 0.0, 0.0, 0.0, 0.0, 0.0, np.float64(0.999891468804753), 0.0, np.float64(0.9998914688047473), 0.0, 0.0, 0.0, 0.0, 0.0, 0.0, 0.0]",83.0,0.0,0.0,0.0,"[0.0, 0.0, 0.0, 0.0, 0.0, 0.0, 0.0, 0.0, 0.0, 0.0, 0.0, 0.0, 0.0, 0.0, 0.0, 0.0]",823.0
BIOMD0000000466,34,28,0,1000,0.0,0.0,0.0,"[0.0, 0.0, 0.0, 0.0, 0.0, 0.0, 0.0, 0.0, 0.0, 0.0, 0.0, 0.0, 0.0, 0.0, 0.0, 0.0, 0.0, 0.0, 0.0, 0.0, 0.0, 0.0, 0.0, 0.0, 0.0, 0.0, 0.0, 0.0, 0.0, 0.0, 0.0, 0.0, 0.0, 0.0]",3.0,0.0,0.0,0.0,"[0.0, 0.0, 0.0, 0.0, 0.0, 0.0, 0.0, 0.0, 0.0, 0.0, 0.0, 0.0, 0.0, 0.0, 0.0, 0.0, 0.0, 0.0, 0.0, 0.0, 0.0, 0.0, 0.0, 0.0, 0.0, 0.0, 0.0, 0.0, 0.0, 0.0, 0.0, 0.0, 0.0, 0.0]",502.0,0.0,0.0,0.0,"[0.0, 0.0, 0.0, 0.0, 0.0, 0.0, 0.0, 0.0, 0.0, 0.0, 0.0, 0.0, 0.0, 0.0, 0.0, 0.0, 0.0, 0.0, 0.0, 0.0, 0.0, 0.0, 0.0, 0.0, 0.0, 0.0, 0.0, 0.0, 0.0, 0.0, 0.0, 0.0, 0.0, 0.0]",4275.0
BIOMD0000000467,19,24,0,1000,0.0,0.0,0.0,"[0.0, 0.0, 0.0, 0.0, 0.0, 0.0, 0.0, 0.0, 0.0, 0.0, 0.0, 0.0, 0.0, 0.0, 0.0, 0.0, 0.0, 0.0, 0.0]",2.0,0.0,0.0,0.0,"[0.0, 0.0, 0.0, 0.0, 0.0, 0.0, 0.0, 0.0, 0.0, 0.0, 0.0, 0.0, 0.0, 0.0, 0.0, 0.0, 0.0, 0.0, 0.0]",179.0,0.0,0.0,0.0,"[0.0, 0.0, 0.0, 0.0, 0.0, 0.0, 0.0, 0.0, 0.0, 0.0, 0.0, 0.0, 0.0, 0.0, 0.0, 0.0, 0.0, 0.0, 0.0]",1416.0
BIOMD0000000468,79,74,0,1000,0.0,0.0,2.220446049250313e-16,"[0.0, 0.0, 0.0, 0.0, 0.0, 0.0, 0.0, 0.0, 0.0, np.float64(1.1102230246251565e-16), 0.0, 0.0, 0.0, 0.0, 0.0, 0.0, 0.0, 0.0, 0.0, 0.0, 0.0, 0.0, 0.0, 0.0, 0.0, 0.0, 0.0, 0.0, 0.0, 0.0, 0.0, 0.0, 0.0, 0.0, 0.0, 0.0, 0.0, 0.0, 0.0, 0.0, 0.0, 0.0, 0.0, 0.0, 0.0, 0.0, 0.0, 0.0, np.float64(2.220446049250313e-16), 0.0, 0.0, 0.0, 0.0, 0.0, 0.0, 0.0, 0.0, 0.0, 0.0, 0.0, 0.0, 0.0, 0.0, 0.0, 0.0, 0.0, 0.0, 0.0, 0.0, 0.0, 0.0, 0.0, 0.0, 0.0, 0.0, 0.0, 0.0, 0.0, 0.0]",16.0,0.0,0.0,0.2294360025706258,"[0.0, 0.0, 0.0, 0.0, 0.0, 0.0, 0.0, 0.0, 0.0, 0.0, np.float64(0.16651194941034086), np.float64(0.2151374386230196), np.float64(0.2151374386230196), 0.0, 0.0, 0.0, 0.0, 0.0, 0.0, 0.0, np.float64(0.2151374386230196), 0.0, np.float64(0.2151374386230196), 0.0, 0.0, 0.0, 0.0, 0.0, 0.0, 0.0, np.float64(0.2151374386230196), np.float64(0.2294360025706258), 0.0, 0.0, 0.0, 0.0, 0.0, 0.0, 0.0, 0.0, 0.0, 0.0, 0.0, 0.0, 0.0, 0.0, 0.0, 0.0, 0.0, 0.0, 0.0, 0.0, 0.0, 0.0, 0.0, 0.0, 0.0, 0.0, 0.0, 0.0, 0.0, 0.0, 0.0, 0.0, 0.0, 0.0, 0.0, 0.0, 0.0, 0.0, 0.0, 0.0, 0.0, 0.0, 0.0, 0.0, 0.0, 0.0, 0.0]",3472.0,0.0,0.0,0.9999999994696992,"[0.0, 0.0, 0.0, 0.0, 0.0, 0.0, 0.0, 0.0, 0.0, 0.0, 0.0, 0.0, 0.0, 0.0, 0.0, 0.0, 0.0, 0.0, 0.0, 0.0, 0.0, 0.0, 0.0, 0.0, 0.0, 0.0, 0.0, 0.0, np.float64(0.9999999994696992), 0.0, 0.0, 0.0, 0.0, 0.0, 0.0, 0.0, 0.0, 0.0, 0.0, 0.0, 0.0, 0.0, 0.0, 0.0, 0.0, 0.0, 0.0, 0.0, 0.0, 0.0, 0.0, 0.0, 0.0, 0.0, 0.0, 0.0, 0.0, 0.0, 0.0, 0.0, 0.0, 0.0, np.float64(0.03606927251661751), np.float64(0.03606927249439007), 0.0, 0.0, np.float64(0.999999997204485), 0.0, np.float64(0.9999999979002457), 0.0, 0.0, 0.0, 0.0, 0.0, 0.0, 0.0, 0.0, 0.0, 0.0]",49920.0
BIOMD0000000475,23,25,0,1000,0.0,0.0,2.220446049250313e-16,"[np.float64(2.220446049250313e-16), 0.0, 0.0, 0.0, 0.0, 0.0, 0.0, 0.0, 0.0, 0.0, 0.0, 0.0, 0.0, 0.0, 0.0, 0.0, 0.0, 0.0, 0.0, 0.0, 0.0, 0.0, 0.0]",11.0,0.0,0.0,0.9991771461233117,"[0.0, 0.0, 0.0, np.float64(0.618663246598317), np.float64(0.6192071440015724), 0.0, 0.0, np.float64(0.6186736718486056), 0.0, 0.0, 0.0, np.float64(0.998562302470421), np.float64(0.5665145712094842), 0.0, np.float64(0.6186713808636863), np.float64(0.31897466950491604), np.float64(0.5743682031212689), np.float64(0.6186713197006115), 0.0, np.float64(0.9991771461233117), 0.0, 0.0, 0.0]",240.0,0.0,0.0,0.999999999999998,"[np.float64(0.999999999999998), np.float64(0.9999999999998844), 0.0, 0.0, 0.0, np.float64(0.999999999999975), 0.0, 0.0, 0.0, 0.0, 0.0, 0.0, 0.0, 0.0, 0.0, 0.0, 0.0, 0.0, np.float64(0.19210109542415643), 0.0, 0.0, 0.0, np.float64(0.19210109542415643)]",1391.0
BIOMD0000000476,16,36,0,1000,0.0,0.0,0.0,"[0.0, 0.0, 0.0, 0.0, 0.0, 0.0, 0.0, 0.0, 0.0, 0.0, 0.0, 0.0, 0.0, 0.0, 0.0, 0.0]",0.0,0.0,0.6857295105140292,0.999334201347389,"[np.float64(0.3946259939334672), np.float64(0.3961184020147983), np.float64(0.4042901051648998), np.float64(0.9671689158631586), np.float64(0.999334201347389), np.float64(0.9962028121267562), np.float64(0.9839645645638596), np.float64(0.9905617547916818), 0.0, 0.0, 0.0, 0.0, np.float64(0.3960880124198223), np.float64(0.9886321995009189), np.float64(0.9735632265473452), np.float64(0.9970408296020435)]",254.0,0.0,0.0,0.9959167729096841,"[0.0, 0.0, 0.0, np.float64(0.7194314373789541), np.float64(0.9959167729096841), np.float64(0.9790094057778266), 0.0, 0.0, 0.0, 0.0, 0.0, 0.0, 0.0, 0.0, 0.0, np.float64(0.9659422891594722)]",2436.0
BIOMD0000000477,43,49,0,1000,0.0,0.0,2.220446049250313e-16,"[np.float64(2.220446049250313e-16), 0.0, 0.0, 0.0, 0.0, 0.0, 0.0, 0.0, 0.0, 0.0, 0.0, 0.0, 0.0, 0.0, 0.0, 0.0, 0.0, np.float64(1.1102230246251565e-16), 0.0, 0.0, 0.0, 0.0, np.float64(1.1102230246251565e-16), 0.0, 0.0, 0.0, 0.0, 0.0, 0.0, 0.0, 0.0, 0.0, 0.0, 0.0, 0.0, 0.0, 0.0, 0.0, 0.0, 0.0, 0.0, 0.0, 0.0]",40.0,0.9999959660084686,0.999999997967626,0.9999999999999349,"[np.float64(0.9999999983424371), np.float64(0.9999998660905757), np.float64(0.9999999368981396), np.float64(0.9999999970477745), np.float64(0.9999999978799742), np.float64(0.9999998684449318), np.float64(0.9999994484619138), np.float64(0.9999999999682067), np.float64(0.9999999951749864), np.float64(0.9999999892367405), np.float64(0.9999999583901193), np.float64(0.9999976277222423), np.float64(0.9999999998988323), np.float64(0.9999999691582687), np.float64(0.999999925858737), np.float64(0.9999999471889509), np.float64(0.9999999956477319), np.float64(0.9999999999508442), np.float64(0.999999999976115), np.float64(0.999999999987076), np.float64(0.9999959660084686), np.float64(0.9999999998988323), np.float64(0.9999999991882659), np.float64(0.9999999999999349), np.float64(0.9999999999950785), np.float64(0.9999999999881503), np.float64(0.9999999382833521), np.float64(0.9999999999947886), np.float64(0.9999999999989208), np.float64(0.9999999999332567), np.float64(0.9999999971452523), np.float64(0.999999997967626), np.float64(0.9999999999998203), np.float64(0.9999999999995778), np.float64(0.9999997894853144), np.float64(0.9999999998669861), np.float64(0.9999999999794275), np.float64(0.9999998681113683), np.float64(0.9999999932222227), np.float64(0.9999999999961051), np.float64(0.9999999999996125), np.float64(0.9999999999985363), np.float64(0.9999997957950606)]",1892.0,0.0,0.9976808181975061,0.9999999823522457,"[np.float64(0.9997302451283266), np.float64(0.0641340539751103), np.float64(0.9976808181975061), np.float64(0.9999971841916665), np.float64(0.9999987276635921), np.float64(0.999979170229655), np.float64(0.9999190427438801), 0.0, np.float64(0.9981561324044284), np.float64(0.9903825528863236), np.float64(0.9999980775466939), np.float64(0.999710677156063), np.float64(0.647267096298441), np.float64(0.9986099602724898), np.float64(0.996606951672568), np.float64(0.9977825948541249), 0.0, np.float64(0.9999986109243159), np.float64(0.9999974245637683), np.float64(0.9963642605690461), np.float64(0.9998969217652219), np.float64(0.6472670234731056), np.float64(0.9999431281457248), 0.0, np.float64(0.6439500707128345), np.float64(0.9999997258041843), np.float64(0.9999813917323468), 0.0, np.float64(0.9906293394525642), np.float64(0.9999957752616866), np.float64(0.8212264123670711), np.float64(0.9999865061711417), 0.0, np.float64(0.5818958788636871), np.float64(0.9967282740903337), np.float64(0.9977947489260105), np.float64(0.9999999823522457), np.float64(0.9936795049977158), np.float64(0.999999850668774), np.float64(0.976084557344704), np.float64(0.9921957823794262), 0.0, np.float64(0.9968651221097848)]",42454.0
BIOMD0000000482,23,29,0,1000,0.0,0.0,1.1102230246251565e-16,"[0.0, 0.0, 0.0, 0.0, 0.0, np.float64(1.1102230246251565e-16), 0.0, 0.0, 0.0, 0.0, 0.0, 0.0, 0.0, 0.0, 0.0, 0.0, 0.0, 0.0, 0.0, 0.0, 0.0, 0.0, 0.0]",18.0,0.0,0.0,0.9999610835763775,"[0.0, 0.0, 0.0, 0.0, np.float64(0.9653324313214776), np.float64(0.9988388605211797), 0.0, np.float64(0.9999610835763775), 0.0, 0.0, 0.0, 0.0, 0.0, 0.0, 0.0, 0.0, 0.0, 0.0, 0.0, 0.0, 0.0, 0.0, np.float64(0.9968109743630651)]",310.0,0.0,0.0,0.9999999999999636,"[0.0, 0.0, np.float64(0.999999999958948), np.float64(0.9999999999999636), 0.0, 0.0, 0.0, 0.0, 0.0, 0.0, np.float64(0.9999999969260487), np.float64(0.9999999969260441), 0.0, 0.0, np.float64(0.999999999999892), 0.0, np.float64(0.9999984816190909), np.float64(0.9999999999998962), np.float64(0.9999999955193497), 0.0, np.float64(0.9999999477441451), 0.0, 0.0]",1112.0
BIOMD0000000483,8,8,0,1000,2.220446049250313e-16,2.220446049250313e-16,2.220446049250313e-16,"[np.float64(2.220446049250313e-16), np.float64(2.220446049250313e-16), np.float64(2.220446049250313e-16), np.float64(2.220446049250313e-16), np.float64(2.220446049250313e-16), np.float64(2.220446049250313e-16), np.float64(2.220446049250313e-16), np.float64(2.220446049250313e-16)]",0.0,0.0,0.0,0.0,"[0.0, 0.0, 0.0, 0.0, 0.0, 0.0, 0.0, 0.0]",0.0,0.0,0.0,0.0,"[0.0, 0.0, 0.0, 0.0, 0.0, 0.0, 0.0, 0.0]",0.0
BIOMD0000000484,2,2,0,1000,2.220446049250313e-16,2.220446049250313e-16,2.220446049250313e-16,"[np.float64(2.220446049250313e-16), np.float64(2.220446049250313e-16)]",2.0,0.9998965200979993,0.9998965200979993,0.9998965200979993,"[np.float64(0.9998965200979993), np.float64(0.9998965200979993)]",6.0,0.9999465609209565,0.9999465609209565,0.9999465609209565,"[np.float64(0.9999465609209565), np.float64(0.9999465609209565)]",12.0
BIOMD0000000485,2,4,0,1000,0.0,0.0,0.0,"[0.0, 0.0]",2.0,0.9995728139468393,0.9995728139468394,0.9995728139468396,"[np.float64(0.9995728139468396), np.float64(0.9995728139468393)]",6.0,0.9999999869273442,0.9999999869273442,0.9999999869273442,"[np.float64(0.9999999869273442), np.float64(0.9999999869273442)]",12.0
BIOMD0000000486,2,2,0,1000,2.220446049250313e-16,2.220446049250313e-16,2.220446049250313e-16,"[np.float64(2.220446049250313e-16), np.float64(2.220446049250313e-16)]",0.0,0.0,0.0,0.0,"[0.0, 0.0]",0.0,0.0,0.0,0.0,"[0.0, 0.0]",0.0
BIOMD0000000488,64,112,0,1000,0.0,0.0,2.220446049250313e-16,"[0.0, 0.0, 0.0, 0.0, 0.0, 0.0, 0.0, 0.0, 0.0, 0.0, 0.0, 0.0, 0.0, 0.0, 0.0, 0.0, 0.0, np.float64(2.220446049250313e-16), 0.0, 0.0, 0.0, 0.0, 0.0, 0.0, 0.0, 0.0, 0.0, 0.0, 0.0, 0.0, 0.0, 0.0, 0.0, 0.0, 0.0, 0.0, 0.0, 0.0, 0.0, 0.0, 0.0, 0.0, 0.0, 0.0, 0.0, 0.0, 0.0, 0.0, 0.0, 0.0, 0.0, 0.0, 0.0, 0.0, 0.0, 0.0, 0.0, 0.0, 0.0, 0.0, 0.0, 0.0, 0.0, 0.0]",7.0,0.0,0.0,0.9892440667429238,"[0.0, 0.0, 0.0, 0.0, 0.0, np.float64(0.2626599129884025), np.float64(0.25874395346003587), 0.0, np.float64(0.9892440667429238), 0.0, 0.0, 0.0, np.float64(0.9088605669567594), np.float64(0.9879033998255862), np.float64(0.9088605452925569), np.float64(0.9879034023511559), 0.0, np.float64(0.9715236190246554), 0.0, 0.0, 0.0, 0.0, 0.0, 0.0, 0.0, 0.0, 0.0, 0.0, 0.0, 0.0, np.float64(0.37866958347759483), np.float64(0.3811997618400259), np.float64(0.3834941120770313), np.float64(0.9560144500214056), 0.0, 0.0, 0.0, 0.0, 0.0, 0.0, 0.0, 0.0, 0.0, 0.0, 0.0, 0.0, 0.0, 0.0, 0.0, 0.0, 0.0, 0.0, 0.0, 0.0, 0.0, 0.0, 0.0, 0.0, 0.0, 0.0, 0.0, 0.0, 0.0, 0.0]",1314.0,0.0,0.0,0.9999999999999908,"[0.0, 0.0, 0.0, np.float64(0.9999999999909646), np.float64(0.9999999999999558), np.float64(0.9999999999998367), np.float64(0.9999999999998386), np.float64(0.9999999999511963), np.float64(0.9999999999983461), 0.0, np.float64(0.9999999999999555), np.float64(0.9999999999999908), 0.0, 0.0, 0.0, 0.0, np.float64(0.9999998107832071), 0.0, 0.0, 0.0, 0.0, 0.0, 0.0, 0.0, 0.0, 0.0, 0.0, 0.0, 0.0, 0.0, np.float64(0.9999999999985751), np.float64(0.9999999999987712), np.float64(0.999999999998944), np.float64(0.9999999999989907), np.float64(0.9999998114799695), 0.0, np.float64(0.9999999999986054), np.float64(0.9999999999856833), np.float64(0.9999999999856833), np.float64(0.9999999999996884), np.float64(0.9999999999955946), np.float64(0.9999999999997693), np.float64(0.9999999999833621), 0.0, 0.0, 0.0, 0.0, np.float64(0.999999959568031), np.float64(0.9999999999991602), 0.0, 0.0, 0.0, np.float64(0.9999999999999118), 0.0, 0.0, 0.0, 0.0, 0.0, 0.0, 0.0, 0.0, 0.0, 0.0, 0.0]",3324.0
BIOMD0000000489,35,59,0,1000,0.0,0.0,0.0,"[0.0, 0.0, 0.0, 0.0, 0.0, 0.0, 0.0, 0.0, 0.0, 0.0, 0.0, 0.0, 0.0, 0.0, 0.0, 0.0, 0.0, 0.0, 0.0, 0.0, 0.0, 0.0, 0.0, 0.0, 0.0, 0.0, 0.0, 0.0, 0.0, 0.0, 0.0, 0.0, 0.0, 0.0, 0.0]",0.0,0.0,0.0,0.0,"[0.0, 0.0, 0.0, 0.0, 0.0, 0.0, 0.0, 0.0, 0.0, 0.0, 0.0, 0.0, 0.0, 0.0, 0.0, 0.0, 0.0, 0.0, 0.0, 0.0, 0.0, 0.0, 0.0, 0.0, 0.0, 0.0, 0.0, 0.0, 0.0, 0.0, 0.0, 0.0, 0.0, 0.0, 0.0]",551.0,0.0,0.0,0.0,"[0.0, 0.0, 0.0, 0.0, 0.0, 0.0, 0.0, 0.0, 0.0, 0.0, 0.0, 0.0, 0.0, 0.0, 0.0, 0.0, 0.0, 0.0, 0.0, 0.0, 0.0, 0.0, 0.0, 0.0, 0.0, 0.0, 0.0, 0.0, 0.0, 0.0, 0.0, 0.0, 0.0, 0.0, 0.0]",18667.0
BIOMD0000000490,33,66,0,1000,0.0,0.0,0.0,"[0.0, 0.0, 0.0, 0.0, 0.0, 0.0, 0.0, 0.0, 0.0, 0.0, 0.0, 0.0, 0.0, 0.0, 0.0, 0.0, 0.0, 0.0, 0.0, 0.0, 0.0, 0.0, 0.0, 0.0, 0.0, 0.0, 0.0, 0.0, 0.0, 0.0, 0.0, 0.0, 0.0]",0.0,0.0,0.0,0.0,"[0.0, 0.0, 0.0, 0.0, 0.0, 0.0, 0.0, 0.0, 0.0, 0.0, 0.0, 0.0, 0.0, 0.0, 0.0, 0.0, 0.0, 0.0, 0.0, 0.0, 0.0, 0.0, 0.0, 0.0, 0.0, 0.0, 0.0, 0.0, 0.0, 0.0, 0.0, 0.0, 0.0]",182.0,0.0,0.0,0.9645192800381512,"[0.0, 0.0, 0.0, 0.0, 0.0, np.float64(0.8158833691217288), np.float64(0.7422610574796938), np.float64(0.9645192800381512), 0.0, 0.0, 0.0, 0.0, 0.0, 0.0, np.float64(0.8227459524884675), np.float64(0.9509283581374502), 0.0, 0.0, 0.0, np.float64(0.8157305482615741), np.float64(0.8157305901897937), np.float64(0.8178123820890801), 0.0, np.float64(0.8144731698107629), np.float64(0.651762871061282), np.float64(0.8570902559443447), np.float64(0.8123071714392993), np.float64(0.935939909858807), 0.0, 0.0, 0.0, 0.0, 0.0]",18.0
BIOMD0000000491,57,86,0,1000,0.0,0.0,0.0,"[0.0, 0.0, 0.0, 0.0, 0.0, 0.0, 0.0, 0.0, 0.0, 0.0, 0.0, 0.0, 0.0, 0.0, 0.0, 0.0, 0.0, 0.0, 0.0, 0.0, 0.0, 0.0, 0.0, 0.0, 0.0, 0.0, 0.0, 0.0, 0.0, 0.0, 0.0, 0.0, 0.0, 0.0, 0.0, 0.0, 0.0, 0.0, 0.0, 0.0, 0.0, 0.0, 0.0, 0.0, 0.0, 0.0, 0.0, 0.0, 0.0, 0.0, 0.0, 0.0, 0.0, 0.0, 0.0, 0.0, 0.0]",4.0,0.9349596519367205,0.9966990616506398,0.9999649315701167,"[np.float64(0.9991790284006281), np.float64(0.9985868368004375), np.float64(0.9989471479713606), np.float64(0.9991790284006281), np.float64(0.9991790284006281), np.float64(0.9996596963671188), np.float64(0.9890149768867257), np.float64(0.9510600630035839), np.float64(0.9989496509438193), np.float64(0.9999649315701167), np.float64(0.9990513091637097), np.float64(0.9990513091891315), np.float64(0.9997822324580005), np.float64(0.9967175268466084), np.float64(0.9994228044503765), np.float64(0.9996286219246363), np.float64(0.9998834404158556), np.float64(0.9986153551788929), np.float64(0.9907823791553871), np.float64(0.9722456726348508), np.float64(0.9990652198616831), np.float64(0.9928651367920628), np.float64(0.9998741333680967), np.float64(0.9998741333683299), np.float64(0.9998741333700432), np.float64(0.9998741333702034), np.float64(0.9998741333679985), np.float64(0.9966990616506398), np.float64(0.9984678021774852), np.float64(0.9988065966922277), np.float64(0.9998495335573889), np.float64(0.9998831175644053), np.float64(0.9932277739690457), np.float64(0.9609387229834935), np.float64(0.986367784252044), np.float64(0.9612613746031646), np.float64(0.9965769712771559), np.float64(0.964074236385415), np.float64(0.9927118086176053), np.float64(0.9641658796511504), np.float64(0.9863804871411587), np.float64(0.9643499661002919), np.float64(0.9863804870857065), np.float64(0.9643499667522165), np.float64(0.9899706210213891), np.float64(0.9610767131912614), np.float64(0.9863677841153293), np.float64(0.9612613749763299), np.float64(0.9718050814550625), np.float64(0.9349596521823952), np.float64(0.9718050815563016), np.float64(0.9349596519367205), np.float64(0.9574522011268007), np.float64(0.9949115547521012), np.float64(0.9979513992787096), np.float64(0.9989532248704971), np.float64(0.9470882087076751)]",3305.0,0.0,0.0,0.9644266611627281,"[0.0, np.float64(0.15816134960118122), np.float64(0.07136335777723823), 0.0, 0.0, np.float64(0.8606723567923125), 0.0, 0.0, 0.0, 0.0, 0.0, 0.0, 0.0, 0.0, 0.0, 0.0, 0.0, 0.0, 0.0, 0.0, 0.0, 0.0, 0.0, 0.0, 0.0, 0.0, 0.0, 0.0, np.float64(0.597060681206985), 0.0, np.float64(0.42730032624474623), np.float64(0.9644266611627281), 0.0, 0.0, 0.0, 0.0, 0.0, 0.0, 0.0, 0.0, 0.0, 0.0, 0.0, 0.0, 0.0, 0.0, 0.0, 0.0, 0.0, 0.0, 0.0, 0.0, 0.0, 0.0, np.float64(0.3409683368789612), np.float64(0.6584062665397308), 0.0]",95117.0
BIOMD0000000492,52,88,0,1000,0.0,0.0,3.3306690738754696e-16,"[np.float64(2.220446049250313e-16), 0.0, np.float64(2.220446049250313e-16), 0.0, np.float64(2.220446049250313e-16), 0.0, 0.0, 0.0, 0.0, 0.0, 0.0, 0.0, 0.0, 0.0, 0.0, 0.0, 0.0, 0.0, 0.0, 0.0, 0.0, 0.0, 0.0, 0.0, 0.0, 0.0, 0.0, 0.0, np.float64(3.3306690738754696e-16), 0.0, 0.0, 0.0, 0.0, np.float64(1.1102230246251565e-16), 0.0, 0.0, 0.0, 0.0, 0.0, 0.0, 0.0, 0.0, 0.0, 0.0, 0.0, 0.0, 0.0, np.float64(2.220446049250313e-16), 0.0, 0.0, 0.0, 0.0]",15.0,0.993019788673913,0.9994556025284093,0.9999999694547783,"[np.float64(0.9999860933535201), np.float64(0.9999897876145576), np.float64(0.9999999694547783), np.float64(0.9999588427100511), np.float64(0.9999325767865864), np.float64(0.999983750709029), np.float64(0.9999632617504183), np.float64(0.9994237477060965), np.float64(0.9999902382279852), np.float64(0.9999886285574949), np.float64(0.9999926848673015), np.float64(0.9999886285578108), np.float64(0.9999986018901201), np.float64(0.9999918959294471), np.float64(0.999925500210804), np.float64(0.9999785415119854), np.float64(0.99955237211929), np.float64(0.9995414808224079), np.float64(0.9999797449198442), np.float64(0.9990010265081367), np.float64(0.9971610071966953), np.float64(0.9994384060995312), np.float64(0.9997936897284203), np.float64(0.9999945575531316), np.float64(0.9996790548192729), np.float64(0.999492638704974), np.float64(0.995257422146685), np.float64(0.9979368367930121), np.float64(0.993019788673913), np.float64(0.998242452413111), np.float64(0.9949972966782221), np.float64(0.9991240480792598), np.float64(0.995475691518789), np.float64(0.9997448080689632), np.float64(0.9936633492211767), np.float64(0.9991240480964916), np.float64(0.9954756915164968), np.float64(0.9986749068084976), np.float64(0.9954786938386834), np.float64(0.9982103739469607), np.float64(0.9952456465519387), np.float64(0.9982103738924236), np.float64(0.9952456465568777), np.float64(0.9982103739296091), np.float64(0.9952456465215469), np.float64(0.9935804199295132), np.float64(0.998892750638886), np.float64(0.9995031659886283), np.float64(0.9997256178472874), np.float64(0.9935665424638629), np.float64(0.9994556025313116), np.float64(0.9994556025255069)]",2756.0,0.0,0.0,0.9895020175210181,"[np.float64(0.8781456355498578), np.float64(0.9895020175210181), 0.0, 0.0, np.float64(0.7813489876985102), 0.0, np.float64(0.9749149947701591), np.float64(0.4327071055905387), np.float64(0.8477912919159223), 0.0, 0.0, 0.0, np.float64(0.3557064104883625), 0.0, np.float64(0.5576892054851241), 0.0, 0.0, 0.0, 0.0, np.float64(0.13079733652992875), 0.0, np.float64(0.4783051114862803), np.float64(0.8521543624218645), np.float64(0.9852156033357037), np.float64(0.8068986554118915), np.float64(0.6350632963613692), 0.0, 0.0, 0.0, 0.0, 0.0, np.float64(0.04689556962475294), 0.0, np.float64(0.6070978942852203), 0.0, np.float64(0.04689558188541176), 0.0, 0.0, 0.0, 0.0, 0.0, 0.0, 0.0, 0.0, 0.0, 0.0, np.float64(0.03892137645105431), np.float64(0.5686827916052581), np.float64(0.7599093706165938), 0.0, np.float64(0.49288215831436677), np.float64(0.4928821574888771)]",73917.0
BIOMD0000000493,3,6,0,1000,0.0,0.0,0.0,"[0.0, 0.0, 0.0]",2.0,0.0,0.0,0.0,"[0.0, 0.0, 0.0]",7.0,0.0,0.0,0.4085019684466812,"[0.0, np.float64(0.4085019684466812), 0.0]",24.0
BIOMD0000000495,8,17,0,1000,0.0,0.0,0.0,"[0.0, 0.0, 0.0, 0.0, 0.0, 0.0, 0.0, 0.0]",0.0,0.0,0.9999999497874255,0.9999999996514399,"[0.0, np.float64(0.9999999882974995), np.float64(0.9999999112773513), np.float64(0.9999999948804358), np.float64(0.9999999996514005), np.float64(0.9999999996514399), 0.0, 0.0]",43.0,0.0,0.0,0.010844054702617956,"[0.0, 0.0, 0.0, 0.0, 0.0, 0.0, np.float64(0.010844054702617956), 0.0]",245.0
BIOMD0000000498,19,44,0,1000,0.0,0.0,0.0,"[0.0, 0.0, 0.0, 0.0, 0.0, 0.0, 0.0, 0.0, 0.0, 0.0, 0.0, 0.0, 0.0, 0.0, 0.0, 0.0, 0.0, 0.0, 0.0]",0.0,0.0,0.21693372128787713,0.21693372128787713,"[np.float64(0.21693372128787713), np.float64(0.21693372128787713), np.float64(0.21693372128787713), 0.0, np.float64(0.21693372128787713), np.float64(0.21693372128787713), 0.0, np.float64(0.21693372128787713), np.float64(0.21693372128787713), 0.0, 0.0, 0.0, np.float64(0.21693372128787713), 0.0, 0.0, np.float64(0.21693372128787713), np.float64(0.21693372128787713), 0.0, 0.0]",67.0,0.0,0.2081896465963129,0.2081896465963129,"[np.float64(0.2081896465963129), np.float64(0.2081896465963129), np.float64(0.2081896465963129), 0.0, np.float64(0.2081896465963129), np.float64(0.2081896465963129), 0.0, np.float64(0.2081896465963129), np.float64(0.2081896465963129), 0.0, 0.0, 0.0, np.float64(0.2081896465963129), 0.0, 0.0, np.float64(0.2081896465963129), np.float64(0.2081896465963129), 0.0, 0.0]",726.0
BIOMD0000000500,14,18,0,1000,2.220446049250313e-16,2.220446049250313e-16,2.220446049250313e-16,"[np.float64(2.220446049250313e-16), np.float64(2.220446049250313e-16), np.float64(2.220446049250313e-16), np.float64(2.220446049250313e-16), np.float64(2.220446049250313e-16), np.float64(2.220446049250313e-16), np.float64(2.220446049250313e-16), np.float64(2.220446049250313e-16), np.float64(2.220446049250313e-16), np.float64(2.220446049250313e-16), np.float64(2.220446049250313e-16), np.float64(2.220446049250313e-16), np.float64(2.220446049250313e-16), np.float64(2.220446049250313e-16)]",0.0,0.0,0.0,0.0,"[0.0, 0.0, 0.0, 0.0, 0.0, 0.0, 0.0, 0.0, 0.0, 0.0, 0.0, 0.0, 0.0, 0.0]",0.0,0.0,0.0,0.0,"[0.0, 0.0, 0.0, 0.0, 0.0, 0.0, 0.0, 0.0, 0.0, 0.0, 0.0, 0.0, 0.0, 0.0]",0.0
BIOMD0000000501,35,57,0,1000,2.220446049250313e-16,2.220446049250313e-16,2.220446049250313e-16,"[np.float64(2.220446049250313e-16), np.float64(2.220446049250313e-16), np.float64(2.220446049250313e-16), np.float64(2.220446049250313e-16), np.float64(2.220446049250313e-16), np.float64(2.220446049250313e-16), np.float64(2.220446049250313e-16), np.float64(2.220446049250313e-16), np.float64(2.220446049250313e-16), np.float64(2.220446049250313e-16), np.float64(2.220446049250313e-16), np.float64(2.220446049250313e-16), np.float64(2.220446049250313e-16), np.float64(2.220446049250313e-16), np.float64(2.220446049250313e-16), np.float64(2.220446049250313e-16), np.float64(2.220446049250313e-16), np.float64(2.220446049250313e-16), np.float64(2.220446049250313e-16), np.float64(2.220446049250313e-16), np.float64(2.220446049250313e-16), np.float64(2.220446049250313e-16), np.float64(2.220446049250313e-16), np.float64(2.220446049250313e-16), np.float64(2.220446049250313e-16), np.float64(2.220446049250313e-16), np.float64(2.220446049250313e-16), np.float64(2.220446049250313e-16), np.float64(2.220446049250313e-16), np.float64(2.220446049250313e-16), np.float64(2.220446049250313e-16), np.float64(2.220446049250313e-16), np.float64(2.220446049250313e-16), np.float64(2.220446049250313e-16), np.float64(2.220446049250313e-16)]",0.0,0.0,0.0,0.0,"[0.0, 0.0, 0.0, 0.0, 0.0, 0.0, 0.0, 0.0, 0.0, 0.0, 0.0, 0.0, 0.0, 0.0, 0.0, 0.0, 0.0, 0.0, 0.0, 0.0, 0.0, 0.0, 0.0, 0.0, 0.0, 0.0, 0.0, 0.0, 0.0, 0.0, 0.0, 0.0, 0.0, 0.0, 0.0]",0.0,0.0,0.0,0.0,"[0.0, 0.0, 0.0, 0.0, 0.0, 0.0, 0.0, 0.0, 0.0, 0.0, 0.0, 0.0, 0.0, 0.0, 0.0, 0.0, 0.0, 0.0, 0.0, 0.0, 0.0, 0.0, 0.0, 0.0, 0.0, 0.0, 0.0, 0.0, 0.0, 0.0, 0.0, 0.0, 0.0, 0.0, 0.0]",0.0
BIOMD0000000502,8,11,0,1000,0.0,0.0,0.0,"[0.0, 0.0, 0.0, 0.0, 0.0, 0.0, 0.0, 0.0]",0.0,0.0,0.0,0.9825917525259369,"[0.0, 0.0, 0.0, np.float64(0.9825917525259369), 0.0, 0.0, 0.0, 0.0]",51.0,0.0,0.0,0.0,"[0.0, 0.0, 0.0, 0.0, 0.0, 0.0, 0.0, 0.0]",333.0
BIOMD0000000503,28,34,0,1000,0.0,0.0,0.0,"[0.0, 0.0, 0.0, 0.0, 0.0, 0.0, 0.0, 0.0, 0.0, 0.0, 0.0, 0.0, 0.0, 0.0, 0.0, 0.0, 0.0, 0.0, 0.0, 0.0, 0.0, 0.0, 0.0, 0.0, 0.0, 0.0, 0.0, 0.0]",6.0,0.2590407662258326,0.9964508427215666,0.9999983838588065,"[np.float64(0.994587243951034), np.float64(0.9997668998975613), np.float64(0.9903125257340943), np.float64(0.5196959105673368), np.float64(0.9844250438739799), np.float64(0.9984082746115005), np.float64(0.9889199618869283), np.float64(0.999987576113361), np.float64(0.9989260279556372), np.float64(0.9998264733074939), np.float64(0.8160951726338393), np.float64(0.9999983838588065), np.float64(0.9583806548236676), np.float64(0.2590407662258326), np.float64(0.878710810654048), np.float64(0.9821051897254685), np.float64(0.998452384348291), np.float64(0.9971948116034792), np.float64(0.9999981779349886), np.float64(0.9999719838392509), np.float64(0.9998888304387507), np.float64(0.9993897719090069), np.float64(0.9931998556149247), np.float64(0.9990143509011005), np.float64(0.9957068738396538), np.float64(0.9727594875290428), np.float64(0.9933925333942782), np.float64(0.9980136108408669)]",812.0,0.0,0.0,0.0,"[0.0, 0.0, 0.0, 0.0, 0.0, 0.0, 0.0, 0.0, 0.0, 0.0, 0.0, 0.0, 0.0, 0.0, 0.0, 0.0, 0.0, 0.0, 0.0, 0.0, 0.0, 0.0, 0.0, 0.0, 0.0, 0.0, 0.0, 0.0]",11983.0
BIOMD0000000504,73,132,0,1000,0.0,0.0,2.220446049250313e-16,"[0.0, 0.0, 0.0, 0.0, 0.0, 0.0, 0.0, 0.0, 0.0, 0.0, np.float64(1.1102230246251565e-16), 0.0, 0.0, 0.0, 0.0, 0.0, 0.0, 0.0, 0.0, 0.0, 0.0, 0.0, 0.0, 0.0, 0.0, 0.0, 0.0, 0.0, np.float64(1.1102230246251565e-16), 0.0, 0.0, 0.0, 0.0, 0.0, 0.0, 0.0, 0.0, 0.0, 0.0, 0.0, 0.0, 0.0, 0.0, 0.0, 0.0, 0.0, 0.0, 0.0, 0.0, 0.0, 0.0, 0.0, 0.0, 0.0, 0.0, 0.0, 0.0, 0.0, 0.0, 0.0, 0.0, 0.0, 0.0, 0.0, 0.0, 0.0, 0.0, 0.0, 0.0, 0.0, 0.0, np.float64(2.220446049250313e-16), 0.0]",22.0,0.0,0.0,0.7827384639069209,"[0.0, 0.0, 0.0, 0.0, 0.0, 0.0, 0.0, 0.0, 0.0, 0.0, 0.0, 0.0, 0.0, 0.0, 0.0, 0.0, 0.0, 0.0, 0.0, 0.0, 0.0, 0.0, 0.0, 0.0, 0.0, 0.0, 0.0, np.float64(0.7017871643734287), np.float64(0.6467207556183319), 0.0, 0.0, 0.0, 0.0, 0.0, 0.0, 0.0, 0.0, 0.0, 0.0, 0.0, 0.0, np.float64(0.7827384639069209), 0.0, 0.0, 0.0, 0.0, 0.0, 0.0, 0.0, 0.0, 0.0, 0.0, 0.0, 0.0, np.float64(0.41903062541037794), 0.0, 0.0, np.float64(0.7762068756045781), 0.0, 0.0, 0.0, 0.0, 0.0, 0.0, 0.0, np.float64(0.7294930745977959), 0.0, 0.0, 0.0, 0.0, 0.0, 0.0, 0.0]",1696.0,0.0,0.0,0.9999999999999991,"[0.0, np.float64(0.868549586089447), 0.0, 0.0, 0.0, 0.0, 0.0, np.float64(0.9999999999994686), 0.0, np.float64(0.999999999999386), np.float64(0.999999999999386), np.float64(0.9999999999999991), np.float64(0.9999999999999991), np.float64(0.9999999999999963), 0.0, 0.0, 0.0, 0.0, np.float64(0.9999999999999991), np.float64(0.9999999999999991), 0.0, 0.0, 0.0, 0.0, 0.0, 0.0, 0.0, 0.0, 0.0, 0.0, 0.0, np.float64(0.9999999999994686), 0.0, 0.0, 0.0, 0.0, 0.0, 0.0, 0.0, 0.0, 0.0, 0.0, 0.0, 0.0, 0.0, 0.0, 0.0, 0.0, 0.0, 0.0, 0.0, np.float64(0.999999999999478), np.float64(0.9999999999999573), np.float64(0.999999999999776), 0.0, 0.0, 0.0, 0.0, 0.0, np.float64(0.9999999999994761), 0.0, 0.0, np.float64(0.9999999999994705), 0.0, 0.0, 0.0, 0.0, 0.0, 0.0, 0.0, 0.0, np.float64(0.3854122429471636), 0.0]",5221.0
BIOMD0000000505,45,59,0,1000,0.0,0.0,1.1102230246251565e-16,"[0.0, 0.0, 0.0, 0.0, 0.0, 0.0, 0.0, 0.0, 0.0, np.float64(1.1102230246251565e-16), 0.0, 0.0, 0.0, 0.0, 0.0, 0.0, 0.0, 0.0, 0.0, 0.0, 0.0, 0.0, 0.0, 0.0, 0.0, 0.0, 0.0, 0.0, 0.0, 0.0, 0.0, 0.0, 0.0, 0.0, 0.0, 0.0, 0.0, 0.0, 0.0, 0.0, 0.0, np.float64(1.1102230246251565e-16), 0.0, 0.0, 0.0]",15.0,0.0,0.0,0.9999999999961325,"[0.0, np.float64(0.6387826140641988), np.float64(0.8270935859604783), np.float64(0.9980726600762196), np.float64(0.8687711174857947), np.float64(0.9787926075497444), np.float64(0.9985320044483285), np.float64(0.9962674762919077), np.float64(0.8673790238351882), np.float64(0.994357000007809), np.float64(0.9914315228058772), 0.0, 0.0, np.float64(0.9999999999961325), np.float64(0.9932603140811707), np.float64(0.9870719937342952), np.float64(0.9999999999941942), 0.0, 0.0, 0.0, np.float64(0.3875799558768641), np.float64(0.9999999999956348), np.float64(0.9999999999680665), 0.0, 0.0, 0.0, np.float64(0.96840783688666), 0.0, 0.0, 0.0, 0.0, 0.0, 0.0, 0.0, 0.0, 0.0, 0.0, 0.0, 0.0, 0.0, 0.0, 0.0, 0.0, 0.0, 0.0]",1193.0,0.0,0.0,0.0,"[0.0, 0.0, 0.0, 0.0, 0.0, 0.0, 0.0, 0.0, 0.0, 0.0, 0.0, 0.0, 0.0, 0.0, 0.0, 0.0, 0.0, 0.0, 0.0, 0.0, 0.0, 0.0, 0.0, 0.0, 0.0, 0.0, 0.0, 0.0, 0.0, 0.0, 0.0, 0.0, 0.0, 0.0, 0.0, 0.0, 0.0, 0.0, 0.0, 0.0, 0.0, 0.0, 0.0, 0.0, 0.0]",27220.0
BIOMD0000000506,45,59,0,1000,0.0,0.0,0.0,"[0.0, 0.0, 0.0, 0.0, 0.0, 0.0, 0.0, 0.0, 0.0, 0.0, 0.0, 0.0, 0.0, 0.0, 0.0, 0.0, 0.0, 0.0, 0.0, 0.0, 0.0, 0.0, 0.0, 0.0, 0.0, 0.0, 0.0, 0.0, 0.0, 0.0, 0.0, 0.0, 0.0, 0.0, 0.0, 0.0, 0.0, 0.0, 0.0, 0.0, 0.0, 0.0, 0.0, 0.0, 0.0]",0.0,0.0,0.0,0.9382518103247144,"[0.0, 0.0, 0.0, 0.0, 0.0, 0.0, 0.0, 0.0, 0.0, 0.0, 0.0, 0.0, 0.0, 0.0, 0.0, 0.0, 0.0, 0.0, np.float64(0.18084785078735477), 0.0, 0.0, 0.0, 0.0, 0.0, np.float64(0.535035746805216), np.float64(0.5184061455705814), np.float64(0.1665911436355616), np.float64(0.09506801230150108), np.float64(0.09441765980882522), np.float64(0.09425451206245705), np.float64(0.8439236201305701), np.float64(0.8363947725812118), np.float64(0.5300003500236523), np.float64(0.6085211362328788), np.float64(0.6084966418607443), np.float64(0.6084382584604562), np.float64(0.8902298007133209), np.float64(0.9382518103247144), np.float64(0.602877531552354), np.float64(0.6453763588373975), np.float64(0.6453910517521724), np.float64(0.645353899935682), 0.0, 0.0, 0.0]",1932.0,0.0,0.0,0.0,"[0.0, 0.0, 0.0, 0.0, 0.0, 0.0, 0.0, 0.0, 0.0, 0.0, 0.0, 0.0, 0.0, 0.0, 0.0, 0.0, 0.0, 0.0, 0.0, 0.0, 0.0, 0.0, 0.0, 0.0, 0.0, 0.0, 0.0, 0.0, 0.0, 0.0, 0.0, 0.0, 0.0, 0.0, 0.0, 0.0, 0.0, 0.0, 0.0, 0.0, 0.0, 0.0, 0.0, 0.0, 0.0]",28117.0
BIOMD0000000510,38,36,0,1000,0.0,0.0,4.440892098500626e-16,"[0.0, 0.0, 0.0, 0.0, 0.0, 0.0, 0.0, 0.0, 0.0, np.float64(1.1102230246251565e-16), np.float64(4.440892098500626e-16), 0.0, 0.0, 0.0, 0.0, 0.0, 0.0, np.float64(3.3306690738754696e-16), 0.0, 0.0, np.float64(4.440892098500626e-16), 0.0, 0.0, 0.0, np.float64(1.1102230246251565e-16), 0.0, 0.0, np.float64(2.220446049250313e-16), 0.0, 0.0, 0.0, 0.0, 0.0, 0.0, 0.0, 0.0, 0.0, 0.0]",32.0,0.03244211604897529,0.9425662070940208,0.9999779581374219,"[np.float64(0.9989944697104074), np.float64(0.9220219974863143), np.float64(0.9980268812265602), np.float64(0.8267878105746649), np.float64(0.5739726485501173), np.float64(0.19360210453481186), np.float64(0.9912963163407837), np.float64(0.9944668918056511), np.float64(0.9690395482193106), np.float64(0.8880093120720908), np.float64(0.9690395482280951), np.float64(0.9938845098960836), np.float64(0.9990171229569255), np.float64(0.03244211604897529), np.float64(0.9999779581374219), np.float64(0.997303908500493), np.float64(0.7626470336511177), np.float64(0.993189022184749), np.float64(0.7794483614708074), np.float64(0.8630976839614546), np.float64(0.9977722057646892), np.float64(0.8627597246378539), np.float64(0.9990171229571436), np.float64(0.9964580666363895), np.float64(0.7835025033488512), np.float64(0.6311290928194624), np.float64(0.7845408892351874), np.float64(0.9425662071621591), np.float64(0.9220219972321234), np.float64(0.8883881923106163), np.float64(0.9965460505005795), np.float64(0.9425662070258825), np.float64(0.8877405283659379), np.float64(0.7854309594779387), np.float64(0.9771363690362005), np.float64(0.9601297080709376), np.float64(0.9868501035757158), np.float64(0.7835025035294029)]",1482.0,0.0,0.0,0.6056824240492731,"[0.0, 0.0, 0.0, 0.0, 0.0, 0.0, 0.0, 0.0, 0.0, 0.0, 0.0, 0.0, 0.0, 0.0, 0.0, 0.0, 0.0, 0.0, 0.0, 0.0, 0.0, 0.0, 0.0, 0.0, 0.0, 0.0, 0.0, 0.0, 0.0, 0.0, 0.0, 0.0, 0.0, 0.0, np.float64(0.6056824240492731), 0.0, 0.0, 0.0]",28727.0
BIOMD0000000511,37,36,0,1000,0.0,0.0,4.440892098500626e-16,"[0.0, np.float64(2.220446049250313e-16), 0.0, np.float64(2.220446049250313e-16), 0.0, 0.0, np.float64(2.220446049250313e-16), 0.0, 0.0, np.float64(4.440892098500626e-16), 0.0, 0.0, 0.0, 0.0, np.float64(1.1102230246251565e-16), 0.0, 0.0, 0.0, 0.0, 0.0, np.float64(2.220446049250313e-16), 0.0, 0.0, 0.0, np.float64(1.1102230246251565e-16), 0.0, 0.0, np.float64(4.440892098500626e-16), 0.0, 0.0, 0.0, 0.0, 0.0, 0.0, np.float64(1.1102230246251565e-16), 0.0, 0.0]",37.0,0.7451197274656123,0.9978517880045089,0.9999998674720796,"[np.float64(0.9206775389094736), np.float64(0.9874686947556133), np.float64(0.9695153967759323), np.float64(0.996937426652907), np.float64(0.9285610132701898), np.float64(0.9461976516851378), np.float64(0.9114086319068982), np.float64(0.9340281134829822), np.float64(0.9995745900384049), np.float64(0.7451197274656123), np.float64(0.9994403249563377), np.float64(0.9999572721761143), np.float64(0.9978517880045089), np.float64(0.9999998674720796), np.float64(0.9999994459833316), np.float64(0.9999087530328699), np.float64(0.9997606702017628), np.float64(0.774938356128938), np.float64(0.9985536611112292), np.float64(0.9982068365241392), np.float64(0.9999572721761185), np.float64(0.9994403249563485), np.float64(0.9999859851723354), np.float64(0.9133663880100522), np.float64(0.998554549413733), np.float64(0.8055219521126136), np.float64(0.999406810973349), np.float64(0.9695153967760544), np.float64(0.9175657181083414), np.float64(0.9995887687841416), np.float64(0.9994068109733534), np.float64(0.9999973139886158), np.float64(0.9999837092121311), np.float64(0.9727830073845705), np.float64(0.9867448293225575), np.float64(0.9901962960823762), np.float64(0.9133663880189372)]",1403.0,0.0,0.0,0.0,"[0.0, 0.0, 0.0, 0.0, 0.0, 0.0, 0.0, 0.0, 0.0, 0.0, 0.0, 0.0, 0.0, 0.0, 0.0, 0.0, 0.0, 0.0, 0.0, 0.0, 0.0, 0.0, 0.0, 0.0, 0.0, 0.0, 0.0, 0.0, 0.0, 0.0, 0.0, 0.0, 0.0, 0.0, 0.0, 0.0, 0.0]",27327.0
BIOMD0000000512,39,75,0,1000,0.0,0.0,2.220446049250313e-16,"[np.float64(1.1102230246251565e-16), 0.0, 0.0, np.float64(1.1102230246251565e-16), 0.0, 0.0, 0.0, 0.0, 0.0, 0.0, 0.0, np.float64(1.1102230246251565e-16), 0.0, 0.0, 0.0, 0.0, 0.0, 0.0, 0.0, 0.0, 0.0, 0.0, 0.0, 0.0, 0.0, 0.0, 0.0, 0.0, np.float64(1.1102230246251565e-16), 0.0, 0.0, np.float64(1.1102230246251565e-16), 0.0, np.float64(2.220446049250313e-16), 0.0, 0.0, 0.0, 0.0, np.float64(2.220446049250313e-16)]",28.0,0.0,0.9999998749031236,0.9999999999270589,"[np.float64(0.9999999667984362), np.float64(0.9999999719492627), np.float64(0.999999976895144), np.float64(0.9999999669512325), np.float64(0.9999999676248863), 0.0, 0.0, 0.0, 0.0, 0.0, np.float64(0.9999998749031237), np.float64(0.9999998749031236), 0.0, np.float64(0.9999999801198732), np.float64(0.9999999784457408), np.float64(0.9999999659175683), np.float64(0.9999999710891596), 0.0, 0.0, 0.0, 0.0, 0.0, np.float64(0.9999998021190721), np.float64(0.999999802118571), np.float64(0.9999998628872941), np.float64(0.9999999859751405), np.float64(0.9999999814206795), 0.0, np.float64(0.9999999798138679), np.float64(0.9999998749031239), np.float64(0.9999998749031241), 0.0, np.float64(0.9999999901358518), 0.0, 0.0, 0.0, np.float64(0.9999999999270589), np.float64(0.999999999920117), np.float64(0.9999999998890685)]",1362.0,0.0,0.0,0.0,"[0.0, 0.0, 0.0, 0.0, 0.0, 0.0, 0.0, 0.0, 0.0, 0.0, 0.0, 0.0, 0.0, 0.0, 0.0, 0.0, 0.0, 0.0, 0.0, 0.0, 0.0, 0.0, 0.0, 0.0, 0.0, 0.0, 0.0, 0.0, 0.0, 0.0, 0.0, 0.0, 0.0, 0.0, 0.0, 0.0, 0.0, 0.0, 0.0]",25100.0
BIOMD0000000513,24,21,0,1000,0.0,0.0,3.3306690738754696e-16,"[0.0, 0.0, 0.0, 0.0, np.float64(1.1102230246251565e-16), np.float64(1.1102230246251565e-16), 0.0, 0.0, 0.0, np.float64(1.1102230246251565e-16), 0.0, 0.0, 0.0, 0.0, np.float64(3.3306690738754696e-16), 0.0, np.float64(2.220446049250313e-16), 0.0, 0.0, 0.0, np.float64(1.1102230246251565e-16), 0.0, 0.0, 0.0]",22.0,0.0,0.8978052915466503,0.9988413157211286,"[np.float64(0.9988413157211286), np.float64(0.915792022605883), np.float64(0.9884385590183024), np.float64(0.8196040981564409), np.float64(0.6598043806044249), 0.0, np.float64(0.990036442839888), np.float64(0.9947387871072915), np.float64(0.9123064944111452), np.float64(0.9930279424851169), np.float64(0.7721282603847051), np.float64(0.8657689651673645), np.float64(0.865328146669067), np.float64(0.9962636000015747), np.float64(0.7751611316845766), np.float64(0.6210860454800784), np.float64(0.7764811744976063), np.float64(0.9157920226076404), np.float64(0.8833040886821555), np.float64(0.7724263346964846), np.float64(0.9905378902481022), np.float64(0.9607871404890882), np.float64(0.9843929721496346), np.float64(0.7751611316919793)]",600.0,0.0,0.0,0.0,"[0.0, 0.0, 0.0, 0.0, 0.0, 0.0, 0.0, 0.0, 0.0, 0.0, 0.0, 0.0, 0.0, 0.0, 0.0, 0.0, 0.0, 0.0, 0.0, 0.0, 0.0, 0.0, 0.0, 0.0]",7670.0
BIOMD0000000514,37,35,0,1000,0.0,0.0,0.0,"[0.0, 0.0, 0.0, 0.0, 0.0, 0.0, 0.0, 0.0, 0.0, 0.0, 0.0, 0.0, 0.0, 0.0, 0.0, 0.0, 0.0, 0.0, 0.0, 0.0, 0.0, 0.0, 0.0, 0.0, 0.0, 0.0, 0.0, 0.0, 0.0, 0.0, 0.0, 0.0, 0.0, 0.0, 0.0, 0.0, 0.0]",0.0,0.7360168796300335,0.7378370768550364,0.743588906577428,"[np.float64(0.7387493451306721), np.float64(0.7378370693843797), np.float64(0.7378370698573231), np.float64(0.7378370629138435), np.float64(0.7378435208933052), np.float64(0.7378370664304292), np.float64(0.7379983043589451), np.float64(0.7435888019024941), np.float64(0.7378370647568018), np.float64(0.7378376248361164), np.float64(0.7378370664897487), np.float64(0.737837080521481), np.float64(0.737837066264273), np.float64(0.7378371265111626), np.float64(0.7378370746159728), np.float64(0.7378370768550364), np.float64(0.7378371164581747), np.float64(0.7378370688192104), np.float64(0.7378371390268859), np.float64(0.7378371405839261), np.float64(0.7378370845414917), np.float64(0.737837637610952), np.float64(0.7378371504046208), np.float64(0.7378370680195796), np.float64(0.7378370700346859), np.float64(0.737837069406924), np.float64(0.7360168796300335), np.float64(0.7378370617783467), np.float64(0.7378370628248603), np.float64(0.7378371007108355), np.float64(0.7360168818936395), np.float64(0.7378370671310472), np.float64(0.7382144477942452), np.float64(0.7378426345475912), np.float64(0.743588906577428), np.float64(0.7379650818733382), np.float64(0.7378370740392985)]",1406.0,0.0,0.0,0.0,"[0.0, 0.0, 0.0, 0.0, 0.0, 0.0, 0.0, 0.0, 0.0, 0.0, 0.0, 0.0, 0.0, 0.0, 0.0, 0.0, 0.0, 0.0, 0.0, 0.0, 0.0, 0.0, 0.0, 0.0, 0.0, 0.0, 0.0, 0.0, 0.0, 0.0, 0.0, 0.0, 0.0, 0.0, 0.0, 0.0, 0.0]",27179.0
BIOMD0000000515,40,40,0,1000,0.0,0.0,3.3306690738754696e-16,"[np.float64(2.220446049250313e-16), 0.0, 0.0, 0.0, np.float64(1.1102230246251565e-16), np.float64(2.220446049250313e-16), np.float64(2.220446049250313e-16), 0.0, 0.0, np.float64(1.1102230246251565e-16), 0.0, 0.0, 0.0, np.float64(2.220446049250313e-16), 0.0, np.float64(3.3306690738754696e-16), 0.0, 0.0, 0.0, 0.0, 0.0, 0.0, 0.0, 0.0, 0.0, np.float64(1.1102230246251565e-16), 0.0, 0.0, 0.0, 0.0, 0.0, 0.0, np.float64(2.220446049250313e-16), 0.0, 0.0, 0.0, 0.0, 0.0, 0.0, 0.0]",40.0,0.6436373504458022,0.993945101965914,0.9999999961392775,"[np.float64(0.9394241263232666), np.float64(0.9966742061340771), np.float64(0.9973387481881463), np.float64(0.9723513121141164), np.float64(0.8052067190529633), np.float64(0.9273807925938727), np.float64(0.6640176451682686), np.float64(0.9317987889420706), np.float64(0.9532773663956445), np.float64(0.9992368951197291), np.float64(0.9996183039893741), np.float64(0.6436373504458022), np.float64(0.9996183039896919), np.float64(0.9883593540362172), np.float64(0.9999983962878215), np.float64(0.9999018491143464), np.float64(0.9999785683696875), np.float64(0.9999999961392775), np.float64(0.9999756467951468), np.float64(0.9998419898616723), np.float64(0.772905624573614), np.float64(0.9912159977977508), np.float64(0.9995438563617048), np.float64(0.9893035298746594), np.float64(0.9999983962878213), np.float64(0.9999941241937812), np.float64(0.9402316984694858), np.float64(0.998774933654697), np.float64(0.8096434940210417), np.float64(0.9995962210129524), np.float64(0.9723513121661409), np.float64(0.9210380914971019), np.float64(0.999625269841899), np.float64(0.9995962210120266), np.float64(0.9999987089512377), np.float64(0.9999815176899566), np.float64(0.6999849981204902), np.float64(0.9750310861111828), np.float64(0.9898032220691394), np.float64(0.9402316986535179)]",1638.0,0.0,0.0,0.0,"[0.0, 0.0, 0.0, 0.0, 0.0, 0.0, 0.0, 0.0, 0.0, 0.0, 0.0, 0.0, 0.0, 0.0, 0.0, 0.0, 0.0, 0.0, 0.0, 0.0, 0.0, 0.0, 0.0, 0.0, 0.0, 0.0, 0.0, 0.0, 0.0, 0.0, 0.0, 0.0, 0.0, 0.0, 0.0, 0.0, 0.0, 0.0, 0.0, 0.0]",34289.0
BIOMD0000000516,39,40,0,1000,0.0,0.0,2.220446049250313e-16,"[0.0, 0.0, 0.0, 0.0, 0.0, 0.0, 0.0, 0.0, 0.0, 0.0, 0.0, 0.0, 0.0, np.float64(2.220446049250313e-16), 0.0, 0.0, np.float64(2.220446049250313e-16), np.float64(2.220446049250313e-16), np.float64(2.220446049250313e-16), 0.0, 0.0, np.float64(1.1102230246251565e-16), 0.0, 0.0, 0.0, 0.0, 0.0, 0.0, 0.0, 0.0, 0.0, 0.0, np.float64(2.220446049250313e-16), 0.0, 0.0, 0.0, 0.0, 0.0, 0.0]",39.0,0.5189003041303601,0.9972900060278856,0.9999999980123986,"[np.float64(0.8858270997476687), np.float64(0.9989164342966694), np.float64(0.9991102103312819), np.float64(0.9844291931576593), np.float64(0.8479756644084494), np.float64(0.9334286503545458), np.float64(0.5189003041303601), np.float64(0.9535471338370076), np.float64(0.8774319238777917), np.float64(0.9996713131764556), np.float64(0.5391144399330308), np.float64(0.9990019556589382), np.float64(0.9815071213784607), np.float64(0.9999946463288691), np.float64(0.9997332139314486), np.float64(0.9999803373278979), np.float64(0.999912382616217), np.float64(0.9999871131725585), np.float64(0.9996830689873273), np.float64(0.7721447124950901), np.float64(0.9972900060278856), np.float64(0.9967744474919876), np.float64(0.9999946463288704), np.float64(0.9990019556595486), np.float64(0.9999559003364507), np.float64(0.8745819585269263), np.float64(0.9992874329301771), np.float64(0.7970614405816103), np.float64(0.9989651774910708), np.float64(0.9844291931659567), np.float64(0.9191124644800998), np.float64(0.9999999980123986), np.float64(0.9989651774913733), np.float64(0.9999905136572883), np.float64(0.9999677736267957), np.float64(0.656928293636653), np.float64(0.9951814277180833), np.float64(0.9877546013087861), np.float64(0.8745819584964105)]",1560.0,0.0,0.0,0.0,"[0.0, 0.0, 0.0, 0.0, 0.0, 0.0, 0.0, 0.0, 0.0, 0.0, 0.0, 0.0, 0.0, 0.0, 0.0, 0.0, 0.0, 0.0, 0.0, 0.0, 0.0, 0.0, 0.0, 0.0, 0.0, 0.0, 0.0, 0.0, 0.0, 0.0, 0.0, 0.0, 0.0, 0.0, 0.0, 0.0, 0.0, 0.0, 0.0]",31809.0
BIOMD0000000517,4,9,0,1000,0.0,0.0,0.0,"[0.0, 0.0, 0.0, 0.0]",3.0,0.7500111438603172,0.8894868003544294,0.9912342464358282,"[np.float64(0.9912342464358282), np.float64(0.8059979711150214), np.float64(0.9729756295938375), np.float64(0.7500111438603172)]",19.0,0.0,0.2200517223645696,0.9964279174490271,"[0.0, np.float64(0.9964279174490271), np.float64(0.4401034447291392), 0.0]",50.0
BIOMD0000000518,4,9,0,1000,2.220446049250313e-16,2.220446049250313e-16,2.220446049250313e-16,"[np.float64(2.220446049250313e-16), np.float64(2.220446049250313e-16), np.float64(2.220446049250313e-16), np.float64(2.220446049250313e-16)]",0.0,0.0,0.0,0.0,"[0.0, 0.0, 0.0, 0.0]",0.0,0.0,0.0,0.0,"[0.0, 0.0, 0.0, 0.0]",0.0
BIOMD0000000519,3,7,0,1000,2.220446049250313e-16,2.220446049250313e-16,2.220446049250313e-16,"[np.float64(2.220446049250313e-16), np.float64(2.220446049250313e-16), np.float64(2.220446049250313e-16)]",0.0,0.0,0.0,0.0,"[0.0, 0.0, 0.0]",0.0,0.0,0.0,0.0,"[0.0, 0.0, 0.0]",0.0
BIOMD0000000520,3,7,0,1000,0.0,0.0,0.0,"[0.0, 0.0, 0.0]",0.0,0.0,0.3338676544162279,0.6111658292301143,"[0.0, np.float64(0.6111658292301143), np.float64(0.3338676544162279)]",8.0,0.0,0.3338676347096503,0.6111658033380997,"[0.0, np.float64(0.6111658033380997), np.float64(0.3338676347096503)]",0.0
BIOMD0000000522,16,0,0,1000,0.0,0.0,0.0,"[0.0, 0.0, 0.0, 0.0, 0.0, 0.0, 0.0, 0.0, 0.0, 0.0, 0.0, 0.0, 0.0, 0.0, 0.0, 0.0]",3.0,0.0,0.15482461180473528,0.9999999999997206,"[np.float64(0.15482461180473528), 0.0, 0.0, np.float64(0.15482461180473528), np.float64(0.15482461180473528), np.float64(0.15482461180473528), np.float64(0.15482461180473528), np.float64(0.9999999999313062), np.float64(0.9999999986776404), 0.0, np.float64(0.9999999999997206), np.float64(0.15482461180473528), np.float64(0.15482461180473528), np.float64(0.15482461180473528), np.float64(0.15482461180473528), np.float64(0.15482461180473528)]",118.0,0.0,0.0,0.0,"[0.0, 0.0, 0.0, 0.0, 0.0, 0.0, 0.0, 0.0, 0.0, 0.0, 0.0, 0.0, 0.0, 0.0, 0.0, 0.0]",1200.0
BIOMD0000000523,18,13,0,1000,0.0,0.0,2.220446049250313e-16,"[0.0, 0.0, 0.0, 0.0, 0.0, np.float64(1.1102230246251565e-16), np.float64(2.220446049250313e-16), np.float64(2.220446049250313e-16), 0.0, np.float64(1.1102230246251565e-16), 0.0, 0.0, 0.0, 0.0, 0.0, 0.0, 0.0, 0.0]",15.0,0.0,0.0,0.9999893525431931,"[0.0, np.float64(0.5684717350856592), 0.0, 0.0, np.float64(0.9999893525431931), np.float64(0.9679226106115066), 0.0, 0.0, 0.0, 0.0, 0.0, np.float64(0.9999457198454021), 0.0, np.float64(0.9999893525431931), np.float64(0.9999893525431931), np.float64(0.9679226105787757), np.float64(0.9679226105787757), 0.0]",234.0,0.0,0.0,0.0,"[0.0, 0.0, 0.0, 0.0, 0.0, 0.0, 0.0, 0.0, 0.0, 0.0, 0.0, 0.0, 0.0, 0.0, 0.0, 0.0, 0.0, 0.0]",2500.0
BIOMD0000000524,18,13,0,1000,0.0,0.0,2.220446049250313e-16,"[0.0, 0.0, 0.0, 0.0, 0.0, 0.0, np.float64(2.220446049250313e-16), np.float64(1.1102230246251565e-16), 0.0, 0.0, 0.0, 0.0, 0.0, 0.0, 0.0, 0.0, 0.0, 0.0]",4.0,0.0,0.14295220513994633,0.9999999999999976,"[np.float64(0.14295220513994633), 0.0, np.float64(0.9999999999999972), np.float64(0.9997613836123448), 0.0, np.float64(0.14295220513994633), np.float64(0.9999999999999976), np.float64(0.9999999999999974), 0.0, 0.0, np.float64(0.14295220513994633), np.float64(0.14295220513994633), np.float64(0.999831204837149), 0.0, 0.0, np.float64(0.14295220513994633), np.float64(0.14295220513994633), np.float64(0.14295220513994633)]",58.0,0.0,0.9999999866247306,0.9999999999999993,"[0.0, np.float64(0.9999999999999993), np.float64(0.9999999999999969), np.float64(0.9999999763713779), np.float64(0.9999999968780832), 0.0, np.float64(0.9999999999893172), np.float64(0.9999999999999973), np.float64(0.999999999999839), np.float64(0.9999998761411869), 0.0, 0.0, np.float64(0.9999999999922687), np.float64(0.999999999992252), np.float64(0.999999999992252), 0.0, 0.0, 0.0]",6.0
BIOMD0000000525,18,19,0,1000,0.0,0.0,0.0,"[0.0, 0.0, 0.0, 0.0, 0.0, 0.0, 0.0, 0.0, 0.0, 0.0, 0.0, 0.0, 0.0, 0.0, 0.0, 0.0, 0.0, 0.0]",12.0,0.0,0.0,0.9994656330728896,"[0.0, np.float64(0.8013186792667025), np.float64(0.6968124379536837), 0.0, 0.0, np.float64(0.9973613839996764), np.float64(0.2688378559281035), 0.0, 0.0, np.float64(0.32225989379383324), 0.0, np.float64(0.9994656330728896), 0.0, 0.0, 0.0, np.float64(0.9973613839996724), np.float64(0.9973613839996728), 0.0]",155.0,0.0,0.0,0.0,"[0.0, 0.0, 0.0, 0.0, 0.0, 0.0, 0.0, 0.0, 0.0, 0.0, 0.0, 0.0, 0.0, 0.0, 0.0, 0.0, 0.0, 0.0]",1509.0
BIOMD0000000526,18,19,0,1000,0.0,0.0,0.0,"[0.0, 0.0, 0.0, 0.0, 0.0, 0.0, 0.0, 0.0, 0.0, 0.0, 0.0, 0.0, 0.0, 0.0, 0.0, 0.0, 0.0, 0.0]",2.0,0.0,0.0,0.9999914277728389,"[np.float64(0.15133720787120808), 0.0, np.float64(0.9999912953925839), 0.0, 0.0, 0.0, np.float64(0.9999914277728389), np.float64(0.9999908614540414), 0.0, 0.0, np.float64(0.15133720787120808), np.float64(0.15133720787120808), 0.0, 0.0, 0.0, 0.0, 0.0, np.float64(0.15133720787120808)]",126.0,0.0,0.9999999965633821,0.9999999999999929,"[0.0, 0.0, np.float64(0.9999999999999833), np.float64(0.9999999948347703), np.float64(0.9999999992902043), np.float64(0.9999567672813553), np.float64(0.9999999982919939), np.float64(0.9999999999999929), np.float64(0.9999999999974826), np.float64(0.9999999999918755), 0.0, 0.0, np.float64(0.99999999983533), np.float64(0.9999999998353287), np.float64(0.9999999998353287), np.float64(0.9999813803619582), np.float64(0.9999813803619582), 0.0]",1.0
BIOMD0000000528,12,12,0,1000,0.0,0.0,0.0,"[0.0, 0.0, 0.0, 0.0, 0.0, 0.0, 0.0, 0.0, 0.0, 0.0, 0.0, 0.0]",11.0,0.0,0.0,0.07543529987291664,"[0.0, 0.0, 0.0, 0.0, 0.0, 0.0, 0.0, 0.0, 0.0, 0.0, 0.0, np.float64(0.07543529987291664)]",145.0,1.840851149292888e-08,1.840851149292888e-08,0.14773564905335368,"[np.float64(1.840851149292888e-08), np.float64(1.840851149292888e-08), np.float64(1.840851149292888e-08), np.float64(1.840851149292888e-08), np.float64(1.840851149292888e-08), np.float64(1.840851149292888e-08), np.float64(1.840851149292888e-08), np.float64(1.840851149292888e-08), np.float64(1.840851149292888e-08), np.float64(1.840851149292888e-08), np.float64(1.840851149292888e-08), np.float64(0.14773564905335368)]",1.0
BIOMD0000000529,12,12,0,1000,0.0,0.0,0.0,"[0.0, 0.0, 0.0, 0.0, 0.0, 0.0, 0.0, 0.0, 0.0, 0.0, 0.0, 0.0]",0.0,0.0,0.0,0.9999924367927877,"[np.float64(0.05407590927549877), 0.0, 0.0, 0.0, 0.0, 0.0, 0.0, 0.0, 0.0, np.float64(0.9976094728522216), 0.0, np.float64(0.9999924367927877)]",13.0,0.0,0.0,0.0,"[0.0, 0.0, 0.0, 0.0, 0.0, 0.0, 0.0, 0.0, 0.0, 0.0, 0.0, 0.0]",84.0
BIOMD0000000530,10,17,0,1000,0.0,0.0,0.0,"[0.0, 0.0, 0.0, 0.0, 0.0, 0.0, 0.0, 0.0, 0.0, 0.0]",5.0,0.0,0.19344690431952594,0.9999938447741795,"[np.float64(0.9999019046654715), np.float64(0.9999938423687142), np.float64(0.9999938447741795), 0.0, 0.0, np.float64(0.9999017824205501), np.float64(0.19344690431952594), np.float64(0.19344690431952594), np.float64(0.19344690431952594), np.float64(0.19028775419409805)]",53.0,0.0,0.0,0.9868839710470012,"[np.float64(0.7965879492585292), np.float64(0.9868839710470012), np.float64(0.9868652013983275), 0.0, 0.0, np.float64(0.7966680092079066), 0.0, 0.0, 0.0, 0.0]",357.0
BIOMD0000000534,39,71,0,1000,0.0,0.0,0.0,"[0.0, 0.0, 0.0, 0.0, 0.0, 0.0, 0.0, 0.0, 0.0, 0.0, 0.0, 0.0, 0.0, 0.0, 0.0, 0.0, 0.0, 0.0, 0.0, 0.0, 0.0, 0.0, 0.0, 0.0, 0.0, 0.0, 0.0, 0.0, 0.0, 0.0, 0.0, 0.0, 0.0, 0.0, 0.0, 0.0, 0.0, 0.0, 0.0]",0.0,0.0,0.0,0.9626773470423786,"[0.0, 0.0, 0.0, np.float64(0.9563912203195685), 0.0, 0.0, 0.0, 0.0, 0.0, 0.0, 0.0, 0.0, 0.0, 0.0, 0.0, 0.0, 0.0, 0.0, np.float64(0.9626773470423786), np.float64(0.9603343828731491), 0.0, 0.0, 0.0, 0.0, 0.0, 0.0, 0.0, 0.0, 0.0, 0.0, 0.0, np.float64(0.9609057837392878), 0.0, 0.0, 0.0, 0.0, 0.0, 0.0, 0.0]",1049.0,0.0,0.0,0.0,"[0.0, 0.0, 0.0, 0.0, 0.0, 0.0, 0.0, 0.0, 0.0, 0.0, 0.0, 0.0, 0.0, 0.0, 0.0, 0.0, 0.0, 0.0, 0.0, 0.0, 0.0, 0.0, 0.0, 0.0, 0.0, 0.0, 0.0, 0.0, 0.0, 0.0, 0.0, 0.0, 0.0, 0.0, 0.0, 0.0, 0.0, 0.0, 0.0]",16044.0
BIOMD0000000535,39,71,0,1000,0.0,0.0,2.220446049250313e-16,"[0.0, 0.0, 0.0, 0.0, 0.0, 0.0, 0.0, 0.0, 0.0, 0.0, 0.0, 0.0, 0.0, 0.0, 0.0, 0.0, 0.0, 0.0, 0.0, np.float64(2.220446049250313e-16), 0.0, 0.0, 0.0, 0.0, 0.0, 0.0, 0.0, 0.0, 0.0, 0.0, 0.0, 0.0, 0.0, 0.0, 0.0, 0.0, 0.0, 0.0, 0.0]",6.0,0.0,0.0,0.9921749090365326,"[0.0, 0.0, 0.0, np.float64(0.9099493687576956), 0.0, 0.0, 0.0, np.float64(0.9921749090365326), 0.0, 0.0, 0.0, 0.0, 0.0, 0.0, 0.0, 0.0, 0.0, 0.0, 0.0, np.float64(0.9918161289185728), 0.0, 0.0, 0.0, 0.0, np.float64(0.9125914607105456), 0.0, 0.0, 0.0, 0.0, np.float64(0.9542743057094741), np.float64(0.954274305738728), 0.0, 0.0, 0.0, 0.0, np.float64(0.9119971915122562), 0.0, 0.0, np.float64(0.35796936726875506)]",1165.0,0.0,0.0,0.0,"[0.0, 0.0, 0.0, 0.0, 0.0, 0.0, 0.0, 0.0, 0.0, 0.0, 0.0, 0.0, 0.0, 0.0, 0.0, 0.0, 0.0, 0.0, 0.0, 0.0, 0.0, 0.0, 0.0, 0.0, 0.0, 0.0, 0.0, 0.0, 0.0, 0.0, 0.0, 0.0, 0.0, 0.0, 0.0, 0.0, 0.0, 0.0, 0.0]",15720.0
BIOMD0000000536,36,66,0,1000,0.0,0.0,0.0,"[0.0, 0.0, 0.0, 0.0, 0.0, 0.0, 0.0, 0.0, 0.0, 0.0, 0.0, 0.0, 0.0, 0.0, 0.0, 0.0, 0.0, 0.0, 0.0, 0.0, 0.0, 0.0, 0.0, 0.0, 0.0, 0.0, 0.0, 0.0, 0.0, 0.0, 0.0, 0.0, 0.0, 0.0, 0.0, 0.0]",0.0,0.0,0.0,0.0,"[0.0, 0.0, 0.0, 0.0, 0.0, 0.0, 0.0, 0.0, 0.0, 0.0, 0.0, 0.0, 0.0, 0.0, 0.0, 0.0, 0.0, 0.0, 0.0, 0.0, 0.0, 0.0, 0.0, 0.0, 0.0, 0.0, 0.0, 0.0, 0.0, 0.0, 0.0, 0.0, 0.0, 0.0, 0.0, 0.0]",0.0,0.0,0.0,0.0,"[0.0, 0.0, 0.0, 0.0, 0.0, 0.0, 0.0, 0.0, 0.0, 0.0, 0.0, 0.0, 0.0, 0.0, 0.0, 0.0, 0.0, 0.0, 0.0, 0.0, 0.0, 0.0, 0.0, 0.0, 0.0, 0.0, 0.0, 0.0, 0.0, 0.0, 0.0, 0.0, 0.0, 0.0, 0.0, 0.0]",0.0
BIOMD0000000537,40,73,0,1000,0.0,0.0,3.3306690738754696e-16,"[0.0, 0.0, 0.0, 0.0, 0.0, 0.0, 0.0, np.float64(3.3306690738754696e-16), 0.0, 0.0, 0.0, 0.0, 0.0, 0.0, 0.0, 0.0, 0.0, 0.0, 0.0, np.float64(2.220446049250313e-16), 0.0, 0.0, 0.0, 0.0, 0.0, 0.0, 0.0, 0.0, 0.0, 0.0, 0.0, 0.0, 0.0, 0.0, 0.0, 0.0, 0.0, 0.0, 0.0, 0.0]",6.0,0.0,0.0,0.8965635982076617,"[0.0, 0.0, 0.0, 0.0, 0.0, 0.0, 0.0, np.float64(0.8225279698411461), 0.0, 0.0, 0.0, 0.0, 0.0, 0.0, 0.0, 0.0, 0.0, 0.0, 0.0, np.float64(0.00857597483960948), 0.0, 0.0, np.float64(0.8965635982076617), np.float64(0.8810065370679624), 0.0, 0.0, 0.0, 0.0, 0.0, 0.0, 0.0, 0.0, 0.0, 0.0, 0.0, 0.0, np.float64(0.8848056735219404), 0.0, 0.0, 0.0]",1169.0,0.0,0.0,0.0,"[0.0, 0.0, 0.0, 0.0, 0.0, 0.0, 0.0, 0.0, 0.0, 0.0, 0.0, 0.0, 0.0, 0.0, 0.0, 0.0, 0.0, 0.0, 0.0, 0.0, 0.0, 0.0, 0.0, 0.0, 0.0, 0.0, 0.0, 0.0, 0.0, 0.0, 0.0, 0.0, 0.0, 0.0, 0.0, 0.0, 0.0, 0.0, 0.0, 0.0]",23275.0
BIOMD0000000539,6,11,0,1000,0.0,0.0,0.0,"[0.0, 0.0, 0.0, 0.0, 0.0, 0.0]",3.0,0.0,0.0,0.9997715313262651,"[0.0, 0.0, 0.0, np.float64(0.9997715313262651), np.float64(0.9191195833162176), 0.0]",24.0,0.0,0.0,0.0,"[0.0, 0.0, 0.0, 0.0, 0.0, 0.0]",80.0
BIOMD0000000540,21,11,0,1000,0.0,0.0,4.440892098500626e-16,"[0.0, 0.0, 0.0, 0.0, 0.0, 0.0, np.float64(4.440892098500626e-16), 0.0, 0.0, 0.0, 0.0, 0.0, 0.0, 0.0, 0.0, 0.0, np.float64(4.440892098500626e-16), 0.0, 0.0, np.float64(2.220446049250313e-16), 0.0]",14.0,0.0,0.455002099750498,0.9680881119250829,"[0.0, 0.0, np.float64(0.455002099750498), np.float64(0.905379983797286), np.float64(0.8645528108598182), np.float64(0.9680881089781417), np.float64(0.8833250888688933), np.float64(0.3518593022942703), 0.0, np.float64(0.06531890589890554), 0.0, 0.0, np.float64(0.4740700470439714), np.float64(0.3518595577499407), np.float64(0.8833251322894302), np.float64(0.8645528222115547), np.float64(0.9680881119250829), 0.0, np.float64(0.47407000511410224), np.float64(0.45500218619453814), np.float64(0.06531892316123289)]",362.0,0.0,0.0,0.9746159382866475,"[0.0, 0.0, 0.0, np.float64(0.9746159382866475), np.float64(0.9515900377650099), 0.0, 0.0, 0.0, 0.0, 0.0, np.float64(0.3900898887809351), 0.0, 0.0, 0.0, 0.0, np.float64(0.9515900388406943), 0.0, 0.0, 0.0, 0.0, 0.0]",4509.0
BIOMD0000000541,30,30,0,1000,0.0,0.0,2.490590650383595e-07,"[0.0, 0.0, np.float64(1.1102230246251565e-16), 0.0, np.float64(2.490590650383595e-07), 0.0, 0.0, 0.0, np.float64(2.220446049250313e-16), 0.0, 0.0, 0.0, 0.0, 0.0, 0.0, 0.0, 0.0, 0.0, 0.0, 0.0, 0.0, 0.0, np.float64(3.3306690738754696e-16), 0.0, 0.0, 0.0, 0.0, np.float64(1.1102230246251565e-16), 0.0, 0.0]",24.0,0.0,0.9546167224716344,0.9999999993067221,"[0.0, np.float64(0.9351242346124183), np.float64(0.9999984755052385), np.float64(0.9802004000576596), 0.0, np.float64(0.9805275070127555), np.float64(0.9546167225195218), np.float64(0.9791194586224327), np.float64(0.9096662992918912), 0.0, 0.0, 0.0, np.float64(0.954616722423747), np.float64(0.9805275069223404), np.float64(0.9802004000850444), 0.0, np.float64(0.9791194586131127), np.float64(0.9351242346307582), np.float64(0.9096662992832978), np.float64(0.9998058559873847), np.float64(0.9995966219916333), np.float64(0.9999999993067221), np.float64(0.9999999990175014), np.float64(0.9996731227780056), 0.0, 0.0, 0.0, np.float64(0.9986435620240544), 0.0, np.float64(0.9940212341809682)]",741.0,0.0,0.9979246803587951,0.9999999998243027,"[np.float64(0.34994411145609494), np.float64(0.9984617848850091), 0.0, np.float64(0.9991647508674323), 0.0, np.float64(0.9991124835460442), np.float64(0.9988248302072263), np.float64(0.9990485761485536), np.float64(0.9979246783006906), 0.0, np.float64(0.34994411145609494), 0.0, np.float64(0.9988248329830562), np.float64(0.9991124841331239), np.float64(0.999164749566109), 0.0, np.float64(0.9990485765270576), np.float64(0.9984617879923666), np.float64(0.9979246824168995), np.float64(0.9999991855851212), np.float64(0.9999990004982702), np.float64(0.9999999998243027), np.float64(0.99999999979294), 0.0, 0.0, 0.0, 0.0, 0.0, 0.0, 0.0]",11715.0
BIOMD0000000543,105,127,0,1000,,,,,,,,,,,,,,,
BIOMD0000000544,102,119,0,1000,,,,,,,,,,,,,,,
BIOMD0000000545,14,10,0,1000,0.0,0.0,2.220446049250313e-16,"[0.0, 0.0, 0.0, 0.0, np.float64(2.220446049250313e-16), 0.0, np.float64(1.1102230246251565e-16), 0.0, 0.0, 0.0, 0.0, 0.0, 0.0, np.float64(1.1102230246251565e-16)]",11.0,0.25105018135515433,0.9957261559383728,0.9999648372522392,"[np.float64(0.9882456589174764), np.float64(0.9960547139108589), np.float64(0.9999648372522392), np.float64(0.9949509892495529), np.float64(0.9859784352392467), np.float64(0.9953975979658866), np.float64(0.9998128945339793), np.float64(0.9997775341937136), np.float64(0.25105018135515433), np.float64(0.25105018135515433), np.float64(0.9976056958645257), np.float64(0.25105018135515433), np.float64(0.9967352642809819), np.float64(0.9967352642809821)]",159.0,0.0,0.37532834651032976,0.999878294216271,"[0.0, np.float64(0.35714752740157174), np.float64(0.999878294216271), np.float64(0.9619794475495329), 0.0, np.float64(0.9530663611871641), np.float64(0.29359542308761355), np.float64(0.3935091656190878), 0.0, 0.0, np.float64(0.5441971536824357), 0.0, np.float64(0.4783291331411418), np.float64(0.47832913325768633)]",1383.0
BIOMD0000000546,3,5,0,1000,0.0,0.0,0.0,"[0.0, 0.0, 0.0]",3.0,0.7856832728908534,0.8248866701466467,0.9999998195002584,"[np.float64(0.8248866701466467), np.float64(0.7856832728908534), np.float64(0.9999998195002584)]",11.0,0.0,0.0,0.999954036755278,"[0.0, 0.0, np.float64(0.999954036755278)]",10.0
BIOMD0000000552,2,4,0,1000,0.0,0.0,0.0,"[0.0, 0.0]",2.0,0.0,0.11642381101613941,0.23284762203227882,"[np.float64(0.23284762203227882), 0.0]",3.0,0.0,0.0,0.0,"[0.0, 0.0]",1.0
BIOMD0000000553,2,4,0,1000,0.0,0.0,0.0,"[0.0, 0.0]",2.0,0.0,0.11642381101613941,0.23284762203227882,"[np.float64(0.23284762203227882), 0.0]",3.0,0.0,0.0,0.0,"[0.0, 0.0]",1.0
BIOMD0000000558,2,4,0,1000,0.0,0.0,0.0,"[0.0, 0.0]",2.0,0.2908823549974946,0.642136672745719,0.9933909904939432,"[np.float64(0.2908823549974946), np.float64(0.9933909904939432)]",5.0,0.0,0.49593502618601953,0.9918700523720391,"[0.0, np.float64(0.9918700523720391)]",5.0
BIOMD0000000559,89,136,0,1000,0.0,0.0,1.1102230246251565e-16,"[0.0, 0.0, 0.0, 0.0, 0.0, 0.0, 0.0, 0.0, 0.0, 0.0, 0.0, 0.0, 0.0, 0.0, 0.0, 0.0, 0.0, 0.0, 0.0, 0.0, 0.0, 0.0, 0.0, 0.0, 0.0, 0.0, 0.0, 0.0, 0.0, 0.0, 0.0, 0.0, 0.0, 0.0, 0.0, 0.0, 0.0, 0.0, 0.0, 0.0, 0.0, 0.0, 0.0, 0.0, 0.0, 0.0, 0.0, 0.0, 0.0, 0.0, 0.0, 0.0, 0.0, 0.0, 0.0, 0.0, 0.0, 0.0, 0.0, 0.0, 0.0, 0.0, 0.0, 0.0, 0.0, 0.0, 0.0, 0.0, 0.0, 0.0, 0.0, 0.0, 0.0, np.float64(1.1102230246251565e-16), 0.0, 0.0, 0.0, 0.0, 0.0, 0.0, 0.0, 0.0, 0.0, 0.0, 0.0, 0.0, 0.0, 0.0, 0.0]",2.0,0.0,0.0,0.9998568723267148,"[np.float64(0.9154060650656304), np.float64(0.6443739513834235), 0.0, np.float64(0.6450984484238376), 0.0, 0.0, np.float64(0.9998568723267148), 0.0, 0.0, 0.0, 0.0, 0.0, 0.0, 0.0, 0.0, np.float64(0.9828237880910315), np.float64(0.9783640343774692), np.float64(0.9782049557238042), np.float64(0.9782222510409233), np.float64(0.9782355021972001), 0.0, np.float64(0.9794406876251056), 0.0, 0.0, 0.0, 0.0, 0.0, 0.0, 0.0, 0.0, 0.0, 0.0, 0.0, 0.0, 0.0, 0.0, 0.0, 0.0, 0.0, 0.0, 0.0, 0.0, 0.0, 0.0, 0.0, 0.0, 0.0, 0.0, 0.0, 0.0, 0.0, 0.0, 0.0, 0.0, 0.0, 0.0, np.float64(0.82866892769649), np.float64(0.9856105127285539), 0.0, np.float64(0.9743384534433235), 0.0, np.float64(0.7796313318938228), np.float64(0.979449604413481), np.float64(0.9792731814582736), 0.0, 0.0, 0.0, np.float64(0.9755803224377767), 0.0, np.float64(0.9789279744492192), np.float64(0.9791932112296164), 0.0, 0.0, np.float64(0.775652341436112), 0.0, 0.0, 0.0, 0.0, 0.0, 0.0, 0.0, 0.0, 0.0, 0.0, 0.0, 0.0, 0.0, 0.0, 0.0]",5656.0,0.0,0.0,0.0,"[0.0, 0.0, 0.0, 0.0, 0.0, 0.0, 0.0, 0.0, 0.0, 0.0, 0.0, 0.0, 0.0, 0.0, 0.0, 0.0, 0.0, 0.0, 0.0, 0.0, 0.0, 0.0, 0.0, 0.0, 0.0, 0.0, 0.0, 0.0, 0.0, 0.0, 0.0, 0.0, 0.0, 0.0, 0.0, 0.0, 0.0, 0.0, 0.0, 0.0, 0.0, 0.0, 0.0, 0.0, 0.0, 0.0, 0.0, 0.0, 0.0, 0.0, 0.0, 0.0, 0.0, 0.0, 0.0, 0.0, 0.0, 0.0, 0.0, 0.0, 0.0, 0.0, 0.0, 0.0, 0.0, 0.0, 0.0, 0.0, 0.0, 0.0, 0.0, 0.0, 0.0, 0.0, 0.0, 0.0, 0.0, 0.0, 0.0, 0.0, 0.0, 0.0, 0.0, 0.0, 0.0, 0.0, 0.0, 0.0, 0.0]",109362.0
BIOMD0000000560,62,117,0,1000,0.0,0.0,3.3306690738754696e-16,"[0.0, 0.0, 0.0, 0.0, 0.0, np.float64(3.3306690738754696e-16), np.float64(3.3306690738754696e-16), 0.0, np.float64(1.1102230246251565e-16), 0.0, 0.0, 0.0, 0.0, 0.0, 0.0, 0.0, 0.0, 0.0, 0.0, 0.0, 0.0, 0.0, 0.0, 0.0, 0.0, 0.0, 0.0, 0.0, 0.0, 0.0, 0.0, 0.0, 0.0, 0.0, 0.0, 0.0, 0.0, 0.0, 0.0, 0.0, 0.0, 0.0, 0.0, 0.0, 0.0, 0.0, 0.0, 0.0, 0.0, 0.0, 0.0, 0.0, 0.0, 0.0, 0.0, 0.0, 0.0, 0.0, 0.0, 0.0, 0.0, 0.0]",9.0,0.0,0.0,0.9999993708091703,"[0.0, 0.0, np.float64(0.10301109327313807), np.float64(0.9999993708091703), np.float64(0.9999993708091579), np.float64(0.9999969143427543), np.float64(0.9999956363492628), 0.0, 0.0, 0.0, 0.0, 0.0, 0.0, 0.0, 0.0, 0.0, 0.0, 0.0, 0.0, 0.0, np.float64(0.1858387495517213), 0.0, 0.0, 0.0, 0.0, 0.0, 0.0, 0.0, 0.0, 0.0, 0.0, 0.0, 0.0, 0.0, 0.0, np.float64(0.4055022554326527), np.float64(0.4052137909190954), 0.0, 0.0, np.float64(0.2600109213932008), 0.0, 0.0, np.float64(0.23725129692182234), np.float64(0.9700637424781055), 0.0, 0.0, 0.0, 0.0, 0.0, 0.0, 0.0, 0.0, 0.0, 0.0, 0.0, 0.0, 0.0, 0.0, 0.0, 0.0, 0.0, np.float64(0.21933257821594843)]",1177.0,0.0,0.999999999997278,0.9999999999999984,"[0.0, np.float64(0.9999999999999886), 0.0, 0.0, 0.0, 0.0, 0.0, 0.0, 0.0, np.float64(0.9999999999947807), np.float64(0.9999999999949355), np.float64(0.9999989738365379), np.float64(0.9999999999973402), np.float64(0.9999999999806811), np.float64(0.9999999999984074), np.float64(0.9999999999745598), np.float64(0.9999999999857502), np.float64(0.9999999999857502), np.float64(0.9999999999991446), np.float64(0.9999999999999912), np.float64(0.9999999999895745), np.float64(0.9999999999997273), np.float64(0.9999999999973257), np.float64(0.9999999999978472), np.float64(0.999999999997848), np.float64(0.9999999999981974), 0.0, np.float64(0.9999999999978012), np.float64(0.9999999999953468), np.float64(0.999999999997278), np.float64(0.999999999997278), np.float64(0.9999999999999882), np.float64(0.9999999999999887), np.float64(0.999999999999395), np.float64(0.999999999999438), np.float64(0.9999999999992477), np.float64(0.9999999999992482), np.float64(0.9999999999998889), np.float64(0.9999999999994201), np.float64(0.9999999999998994), np.float64(0.9999999999999668), np.float64(0.9999999999926552), np.float64(0.9999999999992917), np.float64(0.9999999999995136), np.float64(0.9999999999996564), np.float64(0.999999999999998), np.float64(0.9999999999999984), np.float64(0.9999999999993597), np.float64(0.9999999999999984), np.float64(0.9999999998472094), np.float64(0.9999999999908189), 0.0, np.float64(0.9999999999980731), 0.0, 0.0, 0.0, 0.0, 0.0, 0.0, np.float64(0.9999999999999983), np.float64(0.9999999999931687), 0.0]",3203.0
BIOMD0000000563,10,15,0,1000,0.0,0.0,0.0,"[0.0, 0.0, 0.0, 0.0, 0.0, 0.0, 0.0, 0.0, 0.0, 0.0]",1.0,0.0,0.0,0.9439959106245506,"[np.float64(0.9439959106245506), 0.0, 0.0, 0.0, 0.0, np.float64(0.8993475957928883), 0.0, 0.0, 0.0, np.float64(0.9378811476048327)]",12.0,0.0,0.0,0.0,"[0.0, 0.0, 0.0, 0.0, 0.0, 0.0, 0.0, 0.0, 0.0, 0.0]",188.0
BIOMD0000000564,19,38,0,1000,0.0,0.0,0.0,"[0.0, 0.0, 0.0, 0.0, 0.0, 0.0, 0.0, 0.0, 0.0, 0.0, 0.0, 0.0, 0.0, 0.0, 0.0, 0.0, 0.0, 0.0, 0.0]",0.0,0.0,0.689185068837504,0.9631927210187325,"[np.float64(0.30106342028584177), np.float64(0.10679083848861848), np.float64(0.9016334262945926), 0.0, np.float64(0.7710524630864306), np.float64(0.8966968025103076), np.float64(0.9592988968118088), np.float64(0.6106944276804236), np.float64(0.8325955727918228), np.float64(0.6875072039349175), np.float64(0.01199264685320367), 0.0, np.float64(0.9631927210187325), np.float64(0.689185068837504), np.float64(0.9342975947156953), np.float64(0.7221909403537238), np.float64(0.1640180306964205), np.float64(0.7418639134015155), 0.0]",380.0,0.0,0.0,0.0,"[0.0, 0.0, 0.0, 0.0, 0.0, 0.0, 0.0, 0.0, 0.0, 0.0, 0.0, 0.0, 0.0, 0.0, 0.0, 0.0, 0.0, 0.0, 0.0]",3990.0
BIOMD0000000565,26,64,0,1000,0.0,0.0,2.220446049250313e-16,"[np.float64(1.1102230246251565e-16), 0.0, 0.0, 0.0, 0.0, 0.0, 0.0, 0.0, 0.0, 0.0, 0.0, 0.0, 0.0, 0.0, 0.0, 0.0, 0.0, 0.0, 0.0, 0.0, 0.0, np.float64(2.220446049250313e-16), 0.0, 0.0, 0.0, 0.0]",14.0,0.0,0.9984715695879094,0.9999987324809125,"[np.float64(0.990737071097899), np.float64(0.9971230703297833), np.float64(0.9967760870807425), np.float64(0.9974148349409931), np.float64(0.9995283042348255), 0.0, np.float64(0.9999824978247825), np.float64(0.9999987324809125), np.float64(0.9999414720852006), np.float64(0.9999756383488244), np.float64(0.9997543769660782), np.float64(0.9995620642992771), np.float64(0.9999985897888709), np.float64(0.9999918316087516), np.float64(0.9954763599010087), np.float64(0.9956354550989508), np.float64(0.9998415610996408), 0.0, np.float64(0.9999949903283766), np.float64(0.9997179129510779), np.float64(0.9395807820577033), np.float64(0.9395813262883376), np.float64(0.9997393506882769), np.float64(0.9760195886313675), np.float64(0.9918498580860962), np.float64(0.9908348104473914)]",693.0,0.0,0.0,0.0,"[0.0, 0.0, 0.0, 0.0, 0.0, 0.0, 0.0, 0.0, 0.0, 0.0, 0.0, 0.0, 0.0, 0.0, 0.0, 0.0, 0.0, 0.0, 0.0, 0.0, 0.0, 0.0, 0.0, 0.0, 0.0, 0.0]",8012.0
BIOMD0000000568,24,69,0,1000,0.0,0.0,2.220446049250313e-16,"[0.0, 0.0, 0.0, 0.0, 0.0, 0.0, 0.0, np.float64(2.220446049250313e-16), 0.0, 0.0, 0.0, 0.0, 0.0, 0.0, 0.0, 0.0, 0.0, 0.0, np.float64(2.220446049250313e-16), 0.0, 0.0, 0.0, 0.0, 0.0]",14.0,0.0,0.0,0.9999999874117308,"[0.0, np.float64(0.9000807951404579), 0.0, 0.0, 0.0, 0.0, 0.0, 0.0, 0.0, 0.0, 0.0, np.float64(0.9999999874117308), np.float64(0.9997134232828994), np.float64(0.9998932577790021), np.float64(0.9999306045424203), np.float64(0.9999405279045174), 0.0, 0.0, 0.0, 0.0, 0.0, 0.0, np.float64(0.9857375494685475), np.float64(0.9999591596947073)]",413.0,0.0,0.0,0.0,"[0.0, 0.0, 0.0, 0.0, 0.0, 0.0, 0.0, 0.0, 0.0, 0.0, 0.0, 0.0, 0.0, 0.0, 0.0, 0.0, 0.0, 0.0, 0.0, 0.0, 0.0, 0.0, 0.0, 0.0]",7155.0
BIOMD0000000569,21,62,0,1000,0.0,0.0,0.0,"[0.0, 0.0, 0.0, 0.0, 0.0, 0.0, 0.0, 0.0, 0.0, 0.0, 0.0, 0.0, 0.0, 0.0, 0.0, 0.0, 0.0, 0.0, 0.0, 0.0, 0.0]",0.0,0.0,0.2434186421530593,0.2434186421530593,"[0.0, np.float64(0.2434186421530593), 0.0, np.float64(0.2434186421530593), 0.0, 0.0, np.float64(0.2434186421530593), 0.0, np.float64(0.2434186421530593), np.float64(0.2434186421530593), np.float64(0.2434186421530593), np.float64(0.2434186421530593), np.float64(0.2434186421530593), np.float64(0.2434186421530593), np.float64(0.2434186421530593), np.float64(0.2434186421530593), np.float64(0.2434186421530593), np.float64(0.2434186421530593), np.float64(0.2434186421530593), 0.0, 0.0]",70.0,0.0,0.0,0.0,"[0.0, 0.0, 0.0, 0.0, 0.0, 0.0, 0.0, 0.0, 0.0, 0.0, 0.0, 0.0, 0.0, 0.0, 0.0, 0.0, 0.0, 0.0, 0.0, 0.0, 0.0]",749.0
BIOMD0000000571,58,92,0,1000,0.0,0.0,0.0,"[0.0, 0.0, 0.0, 0.0, 0.0, 0.0, 0.0, 0.0, 0.0, 0.0, 0.0, 0.0, 0.0, 0.0, 0.0, 0.0, 0.0, 0.0, 0.0, 0.0, 0.0, 0.0, 0.0, 0.0, 0.0, 0.0, 0.0, 0.0, 0.0, 0.0, 0.0, 0.0, 0.0, 0.0, 0.0, 0.0, 0.0, 0.0, 0.0, 0.0, 0.0, 0.0, 0.0, 0.0, 0.0, 0.0, 0.0, 0.0, 0.0, 0.0, 0.0, 0.0, 0.0, 0.0, 0.0, 0.0, 0.0, 0.0]",0.0,0.0,0.0,0.0,"[0.0, 0.0, 0.0, 0.0, 0.0, 0.0, 0.0, 0.0, 0.0, 0.0, 0.0, 0.0, 0.0, 0.0, 0.0, 0.0, 0.0, 0.0, 0.0, 0.0, 0.0, 0.0, 0.0, 0.0, 0.0, 0.0, 0.0, 0.0, 0.0, 0.0, 0.0, 0.0, 0.0, 0.0, 0.0, 0.0, 0.0, 0.0, 0.0, 0.0, 0.0, 0.0, 0.0, 0.0, 0.0, 0.0, 0.0, 0.0, 0.0, 0.0, 0.0, 0.0, 0.0, 0.0, 0.0, 0.0, 0.0, 0.0]",322.0,0.0,0.0,0.0,"[0.0, 0.0, 0.0, 0.0, 0.0, 0.0, 0.0, 0.0, 0.0, 0.0, 0.0, 0.0, 0.0, 0.0, 0.0, 0.0, 0.0, 0.0, 0.0, 0.0, 0.0, 0.0, 0.0, 0.0, 0.0, 0.0, 0.0, 0.0, 0.0, 0.0, 0.0, 0.0, 0.0, 0.0, 0.0, 0.0, 0.0, 0.0, 0.0, 0.0, 0.0, 0.0, 0.0, 0.0, 0.0, 0.0, 0.0, 0.0, 0.0, 0.0, 0.0, 0.0, 0.0, 0.0, 0.0, 0.0, 0.0, 0.0]",3633.0
BIOMD0000000573,2,7,0,1000,0.0,0.0,0.0,"[0.0, 0.0]",0.0,0.0,0.0,0.0,"[0.0, 0.0]",2.0,0.0,0.0,0.0,"[0.0, 0.0]",3.0
BIOMD0000000576,34,52,0,1000,0.0,0.0,1.1102230246251565e-16,"[0.0, 0.0, 0.0, 0.0, 0.0, 0.0, 0.0, 0.0, 0.0, 0.0, 0.0, 0.0, 0.0, 0.0, 0.0, 0.0, 0.0, 0.0, np.float64(1.1102230246251565e-16), 0.0, 0.0, 0.0, 0.0, 0.0, 0.0, 0.0, 0.0, 0.0, 0.0, 0.0, 0.0, 0.0, 0.0, 0.0]",24.0,0.0,0.9997040690989404,0.9999994792413598,"[np.float64(0.9999990619046522), 0.0, np.float64(0.9127448887894926), np.float64(0.9999991999686604), 0.0, np.float64(0.9999973406695549), np.float64(0.9999899983746949), np.float64(0.9999969518607839), 0.0, 0.0, 0.0, np.float64(0.9999991999687735), np.float64(0.9999994792413598), np.float64(0.9999990619048605), np.float64(0.9999977041422433), np.float64(0.9995151740879982), np.float64(0.9999989414892866), np.float64(0.9999989414883972), 0.0, np.float64(0.9112354097656975), np.float64(0.9109571883773054), np.float64(0.9999966182962163), 0.0, 0.0, 0.0, 0.0, 0.0, 0.0, 0.0, np.float64(0.9998929641098826), np.float64(0.9999993237848722), np.float64(0.9999993237849178), np.float64(0.9999202798462712), np.float64(0.999920279872433)]",719.0,0.0,0.0,0.9942552413988757,"[0.0, 0.0, np.float64(0.9175371612864804), 0.0, np.float64(0.17944250038591747), np.float64(0.9180630901735218), np.float64(0.9798218892416104), 0.0, 0.0, 0.0, 0.0, 0.0, 0.0, 0.0, np.float64(0.9942552413988757), 0.0, 0.0, 0.0, 0.0, np.float64(0.9161156028671837), np.float64(0.9158528223702095), 0.0, np.float64(0.17944250038591747), np.float64(0.17944250038591747), np.float64(0.17944250038591747), np.float64(0.17944250038591747), np.float64(0.17944250038591747), np.float64(0.17944250038591747), np.float64(0.17944250038591747), 0.0, 0.0, 0.0, 0.0, 0.0]",6446.0
BIOMD0000000577,32,64,0,1000,0.0,0.0,0.0,"[0.0, 0.0, 0.0, 0.0, 0.0, 0.0, 0.0, 0.0, 0.0, 0.0, 0.0, 0.0, 0.0, 0.0, 0.0, 0.0, 0.0, 0.0, 0.0, 0.0, 0.0, 0.0, 0.0, 0.0, 0.0, 0.0, 0.0, 0.0, 0.0, 0.0, 0.0, 0.0]",18.0,0.23737398071875482,0.9999997810928032,0.9999999999941517,"[np.float64(0.9999999999885311), np.float64(0.9356347347604376), np.float64(0.9999999999941517), np.float64(0.9972275023845445), np.float64(0.9742515352072372), np.float64(0.9997966432209641), np.float64(0.9997892643294832), np.float64(0.9999997348939417), np.float64(0.9998293244884319), np.float64(0.9999992670365321), np.float64(0.9997685580657285), np.float64(0.999999999992732), np.float64(0.9999998843503212), np.float64(0.9999924514535771), np.float64(0.9999989780534596), np.float64(0.9999999537135049), np.float64(0.9999999998575079), np.float64(0.999999999984559), np.float64(0.9999999999571005), np.float64(0.9999999908618022), np.float64(0.23737398071875482), np.float64(0.9989659507875414), np.float64(0.9999999999438853), np.float64(0.9999999999316934), np.float64(0.9974227191725631), np.float64(0.9999991526079213), np.float64(0.9999999986664311), np.float64(0.9999999988294817), np.float64(0.944348007304065), np.float64(0.9999999999754706), np.float64(0.9999999274483957), np.float64(0.9999998272916647)]",1026.0,0.0,0.9999955682546677,0.9999999952597165,"[np.float64(0.999999844770275), np.float64(0.9999996420304221), np.float64(0.9999981198644227), np.float64(0.9999998928318554), np.float64(0.9413335877891109), np.float64(0.7143881876785634), np.float64(0.7044290900656454), np.float64(0.8748027875695479), np.float64(0.9304438756528248), np.float64(0.9974871461085463), np.float64(0.9999951800543861), np.float64(0.999999840401833), np.float64(0.6995180000127916), np.float64(0.9884092537083613), np.float64(0.916884245763933), np.float64(0.9999926305099034), np.float64(0.9999996993842641), np.float64(0.9999999887546388), np.float64(0.9999959564549492), np.float64(0.9999978006956712), 0.0, np.float64(0.9964938571062013), np.float64(0.9999999952597165), np.float64(0.9999998563429987), np.float64(0.9979851304023624), np.float64(0.9999995237973378), np.float64(0.9999982253600244), np.float64(0.9999984017162389), np.float64(0.9999999675716424), np.float64(0.9999996107516484), np.float64(0.8969528380180931), np.float64(0.9999692901284136)]",17895.0
BIOMD0000000580,26,26,0,1000,0.0,0.0,1.1102230246251565e-16,"[np.float64(1.1102230246251565e-16), 0.0, 0.0, 0.0, 0.0, np.float64(1.1102230246251565e-16), 0.0, 0.0, 0.0, 0.0, np.float64(1.1102230246251565e-16), np.float64(1.1102230246251565e-16), 0.0, np.float64(1.1102230246251565e-16), 0.0, 0.0, 0.0, 0.0, 0.0, 0.0, 0.0, 0.0, 0.0, 0.0, 0.0, 0.0]",13.0,0.0,0.0,0.9999999999999951,"[0.0, np.float64(0.9983168118348774), 0.0, 0.0, 0.0, np.float64(0.0776368862200727), 0.0, 0.0, 0.0, 0.0, np.float64(0.0776368862200727), np.float64(0.0776368862200727), 0.0, 0.0, 0.0, 0.0, 0.0, 0.0, 0.0, 0.0, 0.0, 0.0, 0.0, 0.0, np.float64(0.9999999999999949), np.float64(0.9999999999999951)]",397.0,0.0,0.0,0.9999999999999974,"[np.float64(0.9999999999999974), np.float64(0.9999999999999974), 0.0, 0.0, 0.0, np.float64(0.07763756632560859), 0.0, 0.0, 0.0, 0.0, np.float64(0.07763756632560859), np.float64(0.07763756632560859), np.float64(0.9999999999991623), np.float64(0.9999999999999964), 0.0, 0.0, 0.0, 0.0, 0.0, 0.0, 0.0, 0.0, 0.0, 0.0, 0.0, 0.0]",1404.0
BIOMD0000000582,23,41,0,1000,0.0,0.0,2.220446049250313e-16,"[0.0, 0.0, 0.0, np.float64(2.220446049250313e-16), np.float64(2.220446049250313e-16), 0.0, 0.0, np.float64(2.220446049250313e-16), 0.0, 0.0, np.float64(2.220446049250313e-16), 0.0, 0.0, 0.0, 0.0, 0.0, 0.0, np.float64(2.220446049250313e-16), 0.0, np.float64(2.220446049250313e-16), 0.0, 0.0, 0.0]",22.0,0.0,0.0,0.9975360221453555,"[0.0, 0.0, 0.0, 0.0, 0.0, 0.0, np.float64(0.5956313207254635), 0.0, 0.0, 0.0, 0.0, 0.0, 0.0, 0.0, np.float64(0.8234095496608699), 0.0, 0.0, 0.0, 0.0, 0.0, np.float64(0.8421839183452807), 0.0, np.float64(0.9975360221453555)]",502.0,0.0,0.0,0.0,"[0.0, 0.0, 0.0, 0.0, 0.0, 0.0, 0.0, 0.0, 0.0, 0.0, 0.0, 0.0, 0.0, 0.0, 0.0, 0.0, 0.0, 0.0, 0.0, 0.0, 0.0, 0.0, 0.0]",6309.0
BIOMD0000000584,21,14,0,1000,0.0,0.0,0.0,"[0.0, 0.0, 0.0, 0.0, 0.0, 0.0, 0.0, 0.0, 0.0, 0.0, 0.0, 0.0, 0.0, 0.0, 0.0, 0.0, 0.0, 0.0, 0.0, 0.0, 0.0]",5.0,0.0,0.0,0.0,"[0.0, 0.0, 0.0, 0.0, 0.0, 0.0, 0.0, 0.0, 0.0, 0.0, 0.0, 0.0, 0.0, 0.0, 0.0, 0.0, 0.0, 0.0, 0.0, 0.0, 0.0]",53.0,0.0,0.0,0.0,"[0.0, 0.0, 0.0, 0.0, 0.0, 0.0, 0.0, 0.0, 0.0, 0.0, 0.0, 0.0, 0.0, 0.0, 0.0, 0.0, 0.0, 0.0, 0.0, 0.0, 0.0]",666.0
BIOMD0000000586,10,23,0,1000,0.0,0.0,0.0,"[0.0, 0.0, 0.0, 0.0, 0.0, 0.0, 0.0, 0.0, 0.0, 0.0]",4.0,0.0,0.040780038939693286,0.9999999999999925,"[0.0, np.float64(0.08156007787938657), 0.0, np.float64(0.9999999999999925), 0.0, np.float64(0.9999999999999758), np.float64(0.08156007787938657), np.float64(0.08156007787938657), 0.0, 0.0]",27.0,0.0,0.0,0.2099208608073917,"[0.0, np.float64(0.2099208608073917), 0.0, 0.0, 0.0, 0.0, 0.0, 0.0, 0.0, 0.0]",471.0
BIOMD0000000587,10,23,0,1000,0.0,0.0,1.1102230246251565e-16,"[0.0, 0.0, 0.0, 0.0, 0.0, np.float64(1.1102230246251565e-16), 0.0, 0.0, 0.0, 0.0]",4.0,0.0,0.040415815536534005,0.9999999999999977,"[0.0, np.float64(0.08083163107306801), 0.0, np.float64(0.9999999999999977), 0.0, np.float64(0.999999999999992), np.float64(0.08083163107306801), np.float64(0.08083163107306801), 0.0, 0.0]",29.0,0.0,0.0,0.17364557471485031,"[0.0, np.float64(0.17364557471485031), 0.0, 0.0, 0.0, 0.0, 0.0, 0.0, 0.0, 0.0]",468.0
BIOMD0000000590,9,20,0,1000,0.0,0.0,0.0,"[0.0, 0.0, 0.0, 0.0, 0.0, 0.0, 0.0, 0.0, 0.0]",1.0,0.0,0.0,0.9999999571881719,"[np.float64(0.9999999571881719), 0.0, 0.0, 0.0, 0.0, 0.0, np.float64(0.8129887894321657), np.float64(0.9531573875168456), np.float64(0.9969569927666615)]",77.0,0.0,0.0,0.0,"[0.0, 0.0, 0.0, 0.0, 0.0, 0.0, 0.0, 0.0, 0.0]",485.0
BIOMD0000000596,15,36,0,1000,0.0,0.0,2.220446049250313e-16,"[0.0, 0.0, np.float64(2.220446049250313e-16), 0.0, 0.0, 0.0, 0.0, 0.0, 0.0, 0.0, 0.0, 0.0, 0.0, 0.0, 0.0]",4.0,0.0,0.0,0.9999999361366968,"[0.0, 0.0, np.float64(0.35795890613117565), 0.0, 0.0, np.float64(0.9999999361366968), np.float64(0.42234392036789004), 0.0, 0.0, 0.0, 0.0, 0.0, np.float64(0.9999954556021743), np.float64(0.9999827544857649), 0.0]",171.0,0.0,0.0,0.9998703445323793,"[0.0, 0.0, 0.0, 0.0, np.float64(0.9998703445323793), np.float64(0.9998456642296734), 0.0, 0.0, 0.0, 0.0, 0.0, 0.0, np.float64(0.9986708599909305), 0.0, 0.0]",1686.0
BIOMD0000000598,28,56,0,1000,0.0,0.0,0.0,"[0.0, 0.0, 0.0, 0.0, 0.0, 0.0, 0.0, 0.0, 0.0, 0.0, 0.0, 0.0, 0.0, 0.0, 0.0, 0.0, 0.0, 0.0, 0.0, 0.0, 0.0, 0.0, 0.0, 0.0, 0.0, 0.0, 0.0, 0.0]",7.0,0.0,0.9957664212736195,0.9999993789987889,"[np.float64(0.9897300027363726), np.float64(0.7987624849917401), np.float64(0.7957865444817621), np.float64(0.895539282665422), np.float64(0.9952846089573426), np.float64(0.9541254895628203), np.float64(0.9999993789987889), np.float64(0.9999822717250547), np.float64(0.9989781917571408), 0.0, np.float64(0.9962699525283837), np.float64(0.9988124110443474), np.float64(0.9999246320276645), np.float64(0.9997479110164138), np.float64(0.9999822717250547), np.float64(0.9968257888399427), np.float64(0.9962482335898963), np.float64(0.9993564025203332), np.float64(0.9983141728143813), np.float64(0.9944936694863254), np.float64(0.9963166750937603), np.float64(0.9812924598662633), np.float64(0.9999742382948179), np.float64(0.9918364415709877), np.float64(0.9920076879451906), np.float64(0.994914823186842), np.float64(0.9934006749972092), np.float64(0.984168846817732)]",799.0,0.0,0.9926128854454753,0.9999987024356249,"[np.float64(0.9288246641051364), 0.0, 0.0, np.float64(0.9999700841070966), np.float64(0.9999987024356249), np.float64(0.9919323553147652), np.float64(0.9999911665238032), np.float64(0.9999069706065615), np.float64(0.9932934155761854), np.float64(0.9967068401339525), np.float64(0.9885399136581949), np.float64(0.9913209261943831), np.float64(0.9986836660909335), np.float64(0.9999977957054361), np.float64(0.9999069706070572), np.float64(0.9732065925034713), np.float64(0.9890036402327052), np.float64(0.9983900267230548), np.float64(0.9999184275843735), np.float64(0.9461905062621269), np.float64(0.9885850139782394), np.float64(0.9999750092527329), np.float64(0.9998430289538136), np.float64(0.91544638480159), np.float64(0.9779704176086614), np.float64(0.9999402380949369), np.float64(0.9814824905426975), np.float64(0.9555604532590991)]",12179.0
BIOMD0000000599,30,37,0,1000,0.0,0.0,2.220446049250313e-16,"[0.0, 0.0, 0.0, 0.0, np.float64(2.220446049250313e-16), 0.0, 0.0, 0.0, 0.0, 0.0, 0.0, 0.0, 0.0, 0.0, 0.0, np.float64(1.1102230246251565e-16), 0.0, 0.0, 0.0, np.float64(2.220446049250313e-16), np.float64(1.1102230246251565e-16), 0.0, 0.0, 0.0, 0.0, 0.0, 0.0, 0.0, np.float64(1.1102230246251565e-16), 0.0]",30.0,0.0,0.9297588287697507,0.9999999933616024,"[np.float64(0.9999964781690792), np.float64(0.9999964781690862), np.float64(0.9280968308689512), np.float64(0.9429126641881092), 0.0, np.float64(0.9429126648682349), 0.0, np.float64(0.9242978991707004), np.float64(0.9999999933616023), 0.0, np.float64(0.9471525963553299), np.float64(0.9999999933616024), np.float64(0.999999987750019), np.float64(0.9297619133473353), np.float64(0.929741952825126), 0.0, 0.0, np.float64(0.9297588286763573), np.float64(0.9297592142752823), 0.0, 0.0, 0.0, np.float64(0.9297419529937759), np.float64(0.9297588288631442), np.float64(0.9999998969291504), 0.0, np.float64(0.9471525963704525), 0.0, np.float64(0.9999998969291505), np.float64(0.9300402270834238)]",785.0,0.0,0.0,0.0,"[0.0, 0.0, 0.0, 0.0, 0.0, 0.0, 0.0, 0.0, 0.0, 0.0, 0.0, 0.0, 0.0, 0.0, 0.0, 0.0, 0.0, 0.0, 0.0, 0.0, 0.0, 0.0, 0.0, 0.0, 0.0, 0.0, 0.0, 0.0, 0.0, 0.0]",2628.0
BIOMD0000000602,14,42,0,1000,0.0,0.0,0.0,"[0.0, 0.0, 0.0, 0.0, 0.0, 0.0, 0.0, 0.0, 0.0, 0.0, 0.0, 0.0, 0.0, 0.0]",0.0,0.0,0.0,0.0,"[0.0, 0.0, 0.0, 0.0, 0.0, 0.0, 0.0, 0.0, 0.0, 0.0, 0.0, 0.0, 0.0, 0.0]",0.0,0.0,0.0,0.0,"[0.0, 0.0, 0.0, 0.0, 0.0, 0.0, 0.0, 0.0, 0.0, 0.0, 0.0, 0.0, 0.0, 0.0]",0.0
BIOMD0000000607,29,58,0,1000,0.0,0.0,0.0,"[0.0, 0.0, 0.0, 0.0, 0.0, 0.0, 0.0, 0.0, 0.0, 0.0, 0.0, 0.0, 0.0, 0.0, 0.0, 0.0, 0.0, 0.0, 0.0, 0.0, 0.0, 0.0, 0.0, 0.0, 0.0, 0.0, 0.0, 0.0, 0.0]",0.0,0.0,0.0,0.9946543142806499,"[0.0, 0.0, np.float64(0.8168631052975629), np.float64(0.8923544132125341), 0.0, 0.0, 0.0, 0.0, 0.0, 0.0, 0.0, np.float64(0.9946543142806499), 0.0, 0.0, 0.0, 0.0, 0.0, 0.0, 0.0, 0.0, 0.0, 0.0, 0.0, 0.0, 0.0, 0.0, 0.0, 0.0, 0.0]",406.0,0.0,0.0,0.0,"[0.0, 0.0, 0.0, 0.0, 0.0, 0.0, 0.0, 0.0, 0.0, 0.0, 0.0, 0.0, 0.0, 0.0, 0.0, 0.0, 0.0, 0.0, 0.0, 0.0, 0.0, 0.0, 0.0, 0.0, 0.0, 0.0, 0.0, 0.0, 0.0]",7931.0
BIOMD0000000612,35,76,0,1000,0.0,0.0,1.1102230246251565e-16,"[0.0, 0.0, 0.0, 0.0, 0.0, 0.0, 0.0, 0.0, 0.0, np.float64(1.1102230246251565e-16), 0.0, 0.0, 0.0, 0.0, 0.0, 0.0, 0.0, 0.0, 0.0, 0.0, 0.0, 0.0, 0.0, 0.0, 0.0, 0.0, 0.0, 0.0, 0.0, 0.0, 0.0, 0.0, 0.0, 0.0, 0.0]",6.0,0.0,0.0,0.992260134049974,"[0.0, 0.0, 0.0, 0.0, 0.0, 0.0, 0.0, 0.0, 0.0, 0.0, 0.0, 0.0, 0.0, 0.0, 0.0, 0.0, 0.0, 0.0, 0.0, 0.0, 0.0, 0.0, 0.0, 0.0, np.float64(0.9615680616222596), np.float64(0.961568061407306), np.float64(0.10718658063276953), 0.0, 0.0, 0.0, 0.0, np.float64(0.98898776116497), 0.0, np.float64(0.992260134049974), 0.0]",448.0,0.0,0.9999999982966392,0.9999999999999899,"[np.float64(0.9999999999999408), 0.0, np.float64(0.9999999999962692), np.float64(0.9999999669173358), np.float64(0.9999999982966392), 0.0, np.float64(0.9999999999999899), np.float64(0.9999999999836261), np.float64(0.9999999999924305), 0.0, 0.0, 0.0, 0.0, 0.0, np.float64(0.9999999916197686), np.float64(0.9999999987649474), 0.0, np.float64(0.9999999999502613), np.float64(0.9999999999992221), 0.0, np.float64(0.9999999510033295), np.float64(0.9999999471657511), np.float64(0.9999999976702146), np.float64(0.9999999999999512), 0.0, 0.0, 0.0, np.float64(0.9999999999999534), np.float64(0.9999999999949108), np.float64(0.9999999999948976), np.float64(0.9999999999949014), np.float64(0.9999999999802446), np.float64(0.9999999997456192), np.float64(0.9999999999797053), np.float64(0.9999999999995962)]",1404.0
BIOMD0000000614,1,4,0,1000,0.0,0.0,0.0,[0.0],0.0,0.0,0.0,0.0,[0.0],0.0,0.0,0.0,0.0,[0.0],0.0
BIOMD0000000615,4,17,0,1000,0.0,0.0,0.0,"[0.0, 0.0, 0.0, 0.0]",0.0,0.0,0.0,0.0,"[0.0, 0.0, 0.0, 0.0]",5.0,0.0,0.0,0.0,"[0.0, 0.0, 0.0, 0.0]",50.0
BIOMD0000000616,4,10,0,1000,0.0,0.0,0.0,"[0.0, 0.0, 0.0, 0.0]",0.0,0.0,0.0,0.0,"[0.0, 0.0, 0.0, 0.0]",13.0,0.0,0.0,0.0,"[0.0, 0.0, 0.0, 0.0]",49.0
BIOMD0000000620,34,20,0,1000,0.0,0.0,1.1102230246251565e-16,"[0.0, 0.0, 0.0, 0.0, 0.0, 0.0, 0.0, 0.0, 0.0, np.float64(1.1102230246251565e-16), 0.0, 0.0, 0.0, 0.0, 0.0, 0.0, 0.0, 0.0, 0.0, 0.0, 0.0, 0.0, 0.0, 0.0, 0.0, 0.0, 0.0, 0.0, 0.0, 0.0, 0.0, 0.0, 0.0, 0.0]",1.0,0.0,0.0,0.1083900606309347,"[0.0, 0.0, 0.0, 0.0, np.float64(0.1083900606309347), 0.0, 0.0, 0.0, 0.0, 0.0, 0.0, 0.0, 0.0, 0.0, 0.0, 0.0, 0.0, 0.0, 0.0, 0.0, 0.0, 0.0, 0.0, 0.0, 0.0, 0.0, 0.0, 0.0, 0.0, 0.0, 0.0, 0.0, 0.0, 0.0]",929.0,0.0,0.0,0.0,"[0.0, 0.0, 0.0, 0.0, 0.0, 0.0, 0.0, 0.0, 0.0, 0.0, 0.0, 0.0, 0.0, 0.0, 0.0, 0.0, 0.0, 0.0, 0.0, 0.0, 0.0, 0.0, 0.0, 0.0, 0.0, 0.0, 0.0, 0.0, 0.0, 0.0, 0.0, 0.0, 0.0, 0.0]",10715.0
BIOMD0000000621,34,20,0,1000,0.0,0.0,0.0,"[0.0, 0.0, 0.0, 0.0, 0.0, 0.0, 0.0, 0.0, 0.0, 0.0, 0.0, 0.0, 0.0, 0.0, 0.0, 0.0, 0.0, 0.0, 0.0, 0.0, 0.0, 0.0, 0.0, 0.0, 0.0, 0.0, 0.0, 0.0, 0.0, 0.0, 0.0, 0.0, 0.0, 0.0]",0.0,0.0,0.0,0.0,"[0.0, 0.0, 0.0, 0.0, 0.0, 0.0, 0.0, 0.0, 0.0, 0.0, 0.0, 0.0, 0.0, 0.0, 0.0, 0.0, 0.0, 0.0, 0.0, 0.0, 0.0, 0.0, 0.0, 0.0, 0.0, 0.0, 0.0, 0.0, 0.0, 0.0, 0.0, 0.0, 0.0, 0.0]",884.0,0.0,0.0,0.0,"[0.0, 0.0, 0.0, 0.0, 0.0, 0.0, 0.0, 0.0, 0.0, 0.0, 0.0, 0.0, 0.0, 0.0, 0.0, 0.0, 0.0, 0.0, 0.0, 0.0, 0.0, 0.0, 0.0, 0.0, 0.0, 0.0, 0.0, 0.0, 0.0, 0.0, 0.0, 0.0, 0.0, 0.0]",12149.0
BIOMD0000000622,10,17,0,1000,0.0,0.0,0.0,"[0.0, 0.0, 0.0, 0.0, 0.0, 0.0, 0.0, 0.0, 0.0, 0.0]",0.0,0.0,0.0,0.7314574007937082,"[0.0, 0.0, 0.0, 0.0, np.float64(0.7314574007937082), 0.0, 0.0, 0.0, 0.0, 0.0]",63.0,0.0,0.0,0.0,"[0.0, 0.0, 0.0, 0.0, 0.0, 0.0, 0.0, 0.0, 0.0, 0.0]",628.0
BIOMD0000000623,25,31,0,1000,0.0,0.0,1.1102230246251565e-16,"[0.0, 0.0, 0.0, 0.0, 0.0, 0.0, np.float64(1.1102230246251565e-16), 0.0, 0.0, 0.0, 0.0, 0.0, np.float64(1.1102230246251565e-16), np.float64(1.1102230246251565e-16), 0.0, 0.0, 0.0, 0.0, 0.0, 0.0, 0.0, 0.0, 0.0, 0.0, 0.0]",25.0,0.0,0.7768773460607109,0.9990915066244828,"[np.float64(0.7768773460607109), np.float64(0.7856414938738994), np.float64(0.9644784260384022), np.float64(0.9644784260383995), np.float64(0.2761610473351168), np.float64(0.2761610473360525), 0.0, 0.0, np.float64(0.9990915066244819), np.float64(0.9990915066244828), np.float64(0.9980504887258446), np.float64(0.998050488725841), 0.0, 0.0, np.float64(0.9694649946046301), np.float64(0.9694649946047675), 0.0, 0.0, np.float64(0.9441009269215497), np.float64(0.9642625955969875), np.float64(0.9642625955969865), np.float64(0.09331971531654826), np.float64(0.0933197153169627), 0.0, 0.0]",560.0,0.0,0.0,0.0,"[0.0, 0.0, 0.0, 0.0, 0.0, 0.0, 0.0, 0.0, 0.0, 0.0, 0.0, 0.0, 0.0, 0.0, 0.0, 0.0, 0.0, 0.0, 0.0, 0.0, 0.0, 0.0, 0.0, 0.0, 0.0]",897.0
BIOMD0000000624,6,5,0,1000,0.0,0.0,0.0,"[0.0, 0.0, 0.0, 0.0, 0.0, 0.0]",0.0,0.0,0.0,0.0,"[0.0, 0.0, 0.0, 0.0, 0.0, 0.0]",0.0,0.0,0.0,0.0,"[0.0, 0.0, 0.0, 0.0, 0.0, 0.0]",0.0
BIOMD0000000626,6,6,0,1000,0.0,0.0,0.0,"[0.0, 0.0, 0.0, 0.0, 0.0, 0.0]",3.0,0.6738890489582767,0.979828501916572,0.9999999990488511,"[np.float64(0.9999999990488511), np.float64(0.9727854370328605), np.float64(0.986226812609472), np.float64(0.9763161300769188), np.float64(0.9833408737562253), np.float64(0.6738890489582767)]",37.0,0.9681443453343516,0.9999930283242701,0.9999999801633072,"[np.float64(0.9681443453343516), np.float64(0.9941087203927967), np.float64(0.9999861824204933), np.float64(0.9999998742280468), np.float64(0.9999999801633072), np.float64(0.9999998783193451)]",138.0
BIOMD0000000629,5,2,0,1000,0.0,0.0,0.0,"[0.0, 0.0, 0.0, 0.0, 0.0]",0.0,0.0,0.0,0.0,"[0.0, 0.0, 0.0, 0.0, 0.0]",16.0,0.0,0.0,0.999999620998934,"[np.float64(0.999999620998933), 0.0, np.float64(0.999999620998934), 0.0, 0.0]",15.0
BIOMD0000000630,4,14,0,1000,0.0,0.0,0.0,"[0.0, 0.0, 0.0, 0.0]",0.0,0.0,0.365524896112469,0.9999999999949027,"[np.float64(0.9999999999949027), 0.0, 0.0, np.float64(0.731049792224938)]",11.0,0.0,0.0,0.0,"[0.0, 0.0, 0.0, 0.0]",54.0
BIOMD0000000633,50,35,0,1000,0.0,0.0,0.0,"[0.0, 0.0, 0.0, 0.0, 0.0, 0.0, 0.0, 0.0, 0.0, 0.0, 0.0, 0.0, 0.0, 0.0, 0.0, 0.0, 0.0, 0.0, 0.0, 0.0, 0.0, 0.0, 0.0, 0.0, 0.0, 0.0, 0.0, 0.0, 0.0, 0.0, 0.0, 0.0, 0.0, 0.0, 0.0, 0.0, 0.0, 0.0, 0.0, 0.0, 0.0, 0.0, 0.0, 0.0, 0.0, 0.0, 0.0, 0.0, 0.0, 0.0]",0.0,0.0,0.0,0.9621719334962192,"[0.0, 0.0, np.float64(0.7843122169051693), np.float64(0.7892095131894082), np.float64(0.7892112691663176), np.float64(0.7890713287550517), np.float64(0.9621719334962192), np.float64(0.789209519717556), np.float64(0.7905121865320284), np.float64(0.7874915798346465), np.float64(0.789164655077163), np.float64(0.7891646502632101), np.float64(0.7891698935585139), np.float64(0.7891699967815637), np.float64(0.7891658813014742), np.float64(0.7891658885969669), np.float64(0.7868777746334836), np.float64(0.7847740656062869), np.float64(0.7868777819108703), np.float64(0.7847740670783545), 0.0, 0.0, 0.0, 0.0, 0.0, np.float64(0.7867556798157525), np.float64(0.7847977342799011), 0.0, 0.0, np.float64(0.7843122237974008), np.float64(0.7892095167195474), 0.0, 0.0, 0.0, np.float64(0.789071340483756), np.float64(0.7890712965511142), 0.0, 0.0, 0.0, 0.0, 0.0, 0.0, 0.0, 0.0, 0.0, 0.0, 0.0, 0.0, 0.0, 0.0]",770.0,0.0,0.0,0.0,"[0.0, 0.0, 0.0, 0.0, 0.0, 0.0, 0.0, 0.0, 0.0, 0.0, 0.0, 0.0, 0.0, 0.0, 0.0, 0.0, 0.0, 0.0, 0.0, 0.0, 0.0, 0.0, 0.0, 0.0, 0.0, 0.0, 0.0, 0.0, 0.0, 0.0, 0.0, 0.0, 0.0, 0.0, 0.0, 0.0, 0.0, 0.0, 0.0, 0.0, 0.0, 0.0, 0.0, 0.0, 0.0, 0.0, 0.0, 0.0, 0.0, 0.0]",4918.0
BIOMD0000000634,64,112,0,1000,0.0,0.0,1.1102230246251565e-16,"[0.0, 0.0, 0.0, 0.0, 0.0, 0.0, 0.0, 0.0, 0.0, 0.0, 0.0, 0.0, 0.0, 0.0, 0.0, 0.0, 0.0, 0.0, 0.0, 0.0, 0.0, np.float64(1.1102230246251565e-16), 0.0, 0.0, 0.0, 0.0, 0.0, 0.0, 0.0, 0.0, 0.0, 0.0, 0.0, 0.0, 0.0, 0.0, 0.0, 0.0, 0.0, 0.0, 0.0, 0.0, 0.0, 0.0, 0.0, 0.0, 0.0, 0.0, 0.0, 0.0, 0.0, 0.0, 0.0, 0.0, 0.0, 0.0, 0.0, 0.0, 0.0, 0.0, 0.0, 0.0, 0.0, 0.0]",11.0,0.0,0.16225325384045697,0.9999999999944404,"[0.0, 0.0, 0.0, 0.0, np.float64(0.16225325384045697), np.float64(0.16225325384045697), np.float64(0.16225325384045697), np.float64(0.16225325384045697), np.float64(0.16225325384045697), np.float64(0.16225325384045697), np.float64(0.16225325384045697), np.float64(0.16225325384045697), np.float64(0.9999999999944404), 0.0, np.float64(0.9999999999944404), 0.0, np.float64(0.2383673331131867), np.float64(0.9999999999835552), np.float64(0.16225325384045697), np.float64(0.16225325384045697), np.float64(0.16225325384045697), 0.0, 0.0, np.float64(0.9838327625487008), 0.0, 0.0, 0.0, 0.0, np.float64(0.8987591243007746), np.float64(0.41016353567460406), np.float64(0.16225325384045697), np.float64(0.16225325384045697), np.float64(0.16225325384045697), np.float64(0.16225325384045697), np.float64(0.43924114232393874), np.float64(0.16225325384045697), np.float64(0.16225325384045697), 0.0, 0.0, np.float64(0.16225325384045697), 0.0, np.float64(0.16225325384045697), np.float64(0.16225325384045697), 0.0, 0.0, 0.0, 0.0, np.float64(0.16225325384045697), np.float64(0.16225325384045697), 0.0, np.float64(0.16225325384045697), np.float64(0.16225325384045697), np.float64(0.16225325384045697), np.float64(0.16225325384045697), np.float64(0.16225325384045697), np.float64(0.16225325384045697), np.float64(0.16225325384045697), np.float64(0.16225325384045697), np.float64(0.16225325384045697), np.float64(0.16225325384045697), np.float64(0.16225325384045697), np.float64(0.16225325384045697), np.float64(0.16225325384045697), np.float64(0.16225325384045697)]",963.0,0.0,0.0,0.9999999999999997,"[np.float64(0.999999999998177), np.float64(0.9999999999999997), np.float64(0.9999999999948613), np.float64(0.9999999999997554), 0.0, 0.0, 0.0, 0.0, 0.0, 0.0, 0.0, 0.0, np.float64(0.9999999999944409), np.float64(0.9999999980146942), np.float64(0.9999999999944409), np.float64(0.9999999980146942), np.float64(0.20895538281015225), np.float64(0.9999999999835556), 0.0, 0.0, 0.0, np.float64(0.9999999944948391), 0.0, 0.0, np.float64(0.5093921607163945), 0.0, np.float64(0.9999999997645679), 0.0, np.float64(0.5005728106627936), np.float64(0.8043485029602592), 0.0, 0.0, 0.0, 0.0, np.float64(0.0662920535702256), 0.0, 0.0, np.float64(0.9999999999997333), np.float64(0.999999999999735), 0.0, np.float64(0.9999999999997903), 0.0, 0.0, np.float64(0.999999999999567), np.float64(0.9999999999545072), 0.0, np.float64(0.9999999999996376), 0.0, 0.0, np.float64(0.9999999999995924), 0.0, 0.0, 0.0, 0.0, 0.0, 0.0, 0.0, 0.0, 0.0, 0.0, 0.0, 0.0, 0.0, 0.0]",486.0
BIOMD0000000639,7,10,0,1000,0.0,0.0,0.0,"[0.0, 0.0, 0.0, 0.0, 0.0, 0.0, 0.0]",0.0,0.0,0.0,0.5183001364051807,"[0.0, 0.0, 0.0, 0.0, 0.0, np.float64(0.5183001364051807), 0.0]",31.0,0.0,0.44277309555796973,0.9305040121994077,"[0.0, np.float64(0.44277309555796973), 0.0, 0.0, np.float64(0.6977401925044482), np.float64(0.9098957306917812), np.float64(0.9305040121994077)]",236.0
BIOMD0000000640,31,48,0,1000,0.0,0.0,2.220446049250313e-16,"[0.0, 0.0, 0.0, 0.0, 0.0, 0.0, 0.0, 0.0, 0.0, 0.0, 0.0, 0.0, 0.0, 0.0, 0.0, np.float64(1.1102230246251565e-16), np.float64(1.1102230246251565e-16), 0.0, 0.0, np.float64(2.220446049250313e-16), 0.0, 0.0, 0.0, 0.0, 0.0, 0.0, 0.0, 0.0, 0.0, 0.0, 0.0]",16.0,0.0,0.0,0.999999999816639,"[0.0, 0.0, 0.0, 0.0, 0.0, np.float64(0.23606477565863926), np.float64(0.999999999816639), np.float64(0.999999999816639), 0.0, 0.0, 0.0, 0.0, 0.0, 0.0, 0.0, 0.0, 0.0, np.float64(0.848444228351986), np.float64(0.8484399181680917), np.float64(0.8488340265446606), 0.0, np.float64(0.8475251577344264), np.float64(0.23606477565863926), np.float64(0.8469451370301342), 0.0, np.float64(0.8405970805453843), np.float64(0.23606477565863926), 0.0, 0.0, 0.0, 0.0]",571.0,0.0,0.0,1.0,"[np.float64(0.23720378739273107), np.float64(0.23720378739273107), np.float64(0.23720378739273107), np.float64(0.9999999999999937), 1.0, np.float64(0.23720378739273107), np.float64(0.9993546252182074), np.float64(0.9993546252241801), 0.0, 0.0, 0.0, 0.0, 0.0, 0.0, 0.0, 0.0, 0.0, 0.0, 0.0, 0.0, np.float64(0.07221171269525062), 0.0, np.float64(0.23720378739273107), 0.0, 0.0, 0.0, np.float64(0.23720378739273107), np.float64(0.23720378739273107), np.float64(0.23720378739273107), 0.0, 0.0]",2706.0
BIOMD0000000646,11,24,0,1000,0.0,0.0,0.0,"[0.0, 0.0, 0.0, 0.0, 0.0, 0.0, 0.0, 0.0, 0.0, 0.0, 0.0]",0.0,0.0,0.0,0.03828683875228123,"[0.0, 0.0, 0.0, 0.0, 0.0, 0.0, 0.0, 0.0, 0.0, np.float64(0.03828683875228123), 0.0]",73.0,0.0,0.9935006196014636,0.9999654020887228,"[np.float64(0.7594938861920475), np.float64(0.9935006196014636), 0.0, 0.0, np.float64(0.9991246500070993), np.float64(0.9987476077880922), np.float64(0.9781547323491301), np.float64(0.9999654020887228), np.float64(0.9939913096546035), np.float64(0.9973178564133616), np.float64(0.8691110302861984)]",853.0
BIOMD0000000647,11,11,0,1000,0.0,0.0,2.220446049250313e-16,"[0.0, np.float64(2.220446049250313e-16), 0.0, 0.0, 0.0, 0.0, 0.0, 0.0, 0.0, 0.0, 0.0]",6.0,0.0,0.9938483483111925,0.9998013136972679,"[np.float64(0.9997994591821734), np.float64(0.9998013136972679), np.float64(0.9975246406280981), np.float64(0.9986125128078941), 0.0, 0.0, np.float64(0.9938483483109448), np.float64(0.9938483483111925), np.float64(0.9986928678640987), np.float64(0.8389240677345027), np.float64(0.8389240676738384)]",84.0,0.0,0.9987306154192196,0.9998445374626312,"[np.float64(0.9998442305893218), np.float64(0.9998445374626312), np.float64(0.9990013750744757), np.float64(0.9996886359763913), 0.0, 0.0, np.float64(0.9987306153995955), np.float64(0.9987306154192196), np.float64(0.9997103825104944), 0.0, 0.0]",774.0
BIOMD0000000651,29,16,0,1000,0.0,0.0,0.0,"[0.0, 0.0, 0.0, 0.0, 0.0, 0.0, 0.0, 0.0, 0.0, 0.0, 0.0, 0.0, 0.0, 0.0, 0.0, 0.0, 0.0, 0.0, 0.0, 0.0, 0.0, 0.0, 0.0, 0.0, 0.0, 0.0, 0.0, 0.0, 0.0]",12.0,0.0,0.0,0.8758476633616561,"[0.0, 0.0, 0.0, 0.0, 0.0, 0.0, 0.0, 0.0, 0.0, 0.0, 0.0, np.float64(0.28508775953034315), np.float64(0.285087759534821), 0.0, 0.0, 0.0, 0.0, 0.0, 0.0, 0.0, 0.0, 0.0, 0.0, np.float64(0.8758476633616392), np.float64(0.8758476633616561), 0.0, 0.0, 0.0, 0.0]",549.0,0.0,0.0,0.0,"[0.0, 0.0, 0.0, 0.0, 0.0, 0.0, 0.0, 0.0, 0.0, 0.0, 0.0, 0.0, 0.0, 0.0, 0.0, 0.0, 0.0, 0.0, 0.0, 0.0, 0.0, 0.0, 0.0, 0.0, 0.0, 0.0, 0.0, 0.0, 0.0]",3560.0
BIOMD0000000653,53,62,0,1000,0.0,0.0,1.1102230246251565e-16,"[0.0, 0.0, 0.0, 0.0, 0.0, 0.0, 0.0, 0.0, 0.0, 0.0, 0.0, 0.0, 0.0, np.float64(1.1102230246251565e-16), 0.0, 0.0, 0.0, 0.0, 0.0, 0.0, 0.0, 0.0, 0.0, 0.0, 0.0, 0.0, 0.0, 0.0, 0.0, 0.0, 0.0, 0.0, 0.0, 0.0, 0.0, 0.0, 0.0, 0.0, 0.0, 0.0, 0.0, 0.0, 0.0, 0.0, 0.0, 0.0, 0.0, 0.0, 0.0, 0.0, 0.0, 0.0, 0.0]",10.0,0.0,0.0,0.25688346560850817,"[0.0, 0.0, 0.0, 0.0, 0.0, 0.0, 0.0, 0.0, 0.0, 0.0, 0.0, 0.0, 0.0, 0.0, 0.0, 0.0, 0.0, 0.0, 0.0, 0.0, 0.0, 0.0, 0.0, 0.0, 0.0, 0.0, 0.0, 0.0, 0.0, 0.0, 0.0, 0.0, 0.0, 0.0, 0.0, 0.0, 0.0, 0.0, 0.0, 0.0, 0.0, 0.0, 0.0, 0.0, 0.0, 0.0, 0.0, 0.0, 0.0, 0.0, 0.0, 0.0, np.float64(0.25688346560850817)]",1258.0,0.0,0.0,0.9999999999897272,"[0.0, 0.0, 0.0, 0.0, 0.0, 0.0, np.float64(0.9999940749570813), 0.0, 0.0, 0.0, 0.0, 0.0, np.float64(0.999999999696025), 0.0, np.float64(0.9999999643847325), np.float64(0.9999999999897272), 0.0, 0.0, 0.0, np.float64(0.9999999938953169), 0.0, 0.0, 0.0, 0.0, 0.0, 0.0, 0.0, np.float64(0.996539899223689), 0.0, 0.0, 0.0, 0.0, np.float64(0.9999999999025458), 0.0, np.float64(0.9999998744577853), 0.0, 0.0, 0.0, 0.0, np.float64(0.9999999654539696), 0.0, 0.0, np.float64(0.999999999696025), 0.0, np.float64(0.9999999643847326), np.float64(0.999999999989727), 0.0, 0.0, 0.0, 0.0, 0.0, 0.0, np.float64(0.9999999694377856)]",8265.0
BIOMD0000000656,53,62,0,1000,0.0,0.0,1.1102230246251565e-16,"[0.0, 0.0, 0.0, 0.0, 0.0, 0.0, 0.0, 0.0, 0.0, 0.0, 0.0, 0.0, 0.0, 0.0, 0.0, 0.0, 0.0, 0.0, 0.0, 0.0, 0.0, 0.0, 0.0, 0.0, 0.0, 0.0, 0.0, 0.0, 0.0, 0.0, 0.0, 0.0, 0.0, 0.0, np.float64(1.1102230246251565e-16), 0.0, 0.0, 0.0, 0.0, 0.0, 0.0, 0.0, 0.0, 0.0, 0.0, 0.0, 0.0, 0.0, 0.0, np.float64(1.1102230246251565e-16), 0.0, 0.0, 0.0]",17.0,0.0,0.0,0.0,"[0.0, 0.0, 0.0, 0.0, 0.0, 0.0, 0.0, 0.0, 0.0, 0.0, 0.0, 0.0, 0.0, 0.0, 0.0, 0.0, 0.0, 0.0, 0.0, 0.0, 0.0, 0.0, 0.0, 0.0, 0.0, 0.0, 0.0, 0.0, 0.0, 0.0, 0.0, 0.0, 0.0, 0.0, 0.0, 0.0, 0.0, 0.0, 0.0, 0.0, 0.0, 0.0, 0.0, 0.0, 0.0, 0.0, 0.0, 0.0, 0.0, 0.0, 0.0, 0.0, 0.0]",1340.0,0.0,0.0,0.9999999999876041,"[0.0, np.float64(0.15995218196015293), 0.0, 0.0, 0.0, 0.0, 0.0, 0.0, 0.0, 0.0, 0.0, 0.0, 0.0, 0.0, 0.0, np.float64(0.9999999999876041), 0.0, 0.0, 0.0, 0.0, 0.0, 0.0, 0.0, 0.0, 0.0, 0.0, 0.0, np.float64(0.9999900918489402), 0.0, 0.0, 0.0, 0.0, 0.0, 0.0, 0.0, 0.0, 0.0, 0.0, 0.0, 0.0, 0.0, 0.0, 0.0, 0.0, 0.0, np.float64(0.999999999987604), 0.0, 0.0, 0.0, 0.0, 0.0, 0.0, 0.0]",22589.0
BIOMD0000000657,3,3,0,1000,0.0,0.0,0.0,"[0.0, 0.0, 0.0]",0.0,0.0,0.0,0.0,"[0.0, 0.0, 0.0]",7.0,0.0,0.0,0.03036314028650744,"[0.0, 0.0, np.float64(0.03036314028650744)]",15.0
BIOMD0000000660,15,35,0,1000,0.0,0.0,0.0,"[0.0, 0.0, 0.0, 0.0, 0.0, 0.0, 0.0, 0.0, 0.0, 0.0, 0.0, 0.0, 0.0, 0.0, 0.0]",1.0,0.0,0.0,0.6665008329391097,"[0.0, 0.0, 0.0, np.float64(0.16259302115645946), 0.0, 0.0, np.float64(0.6665008329391097), 0.0, np.float64(0.34555779601712777), np.float64(0.31688681834281296), 0.0, 0.0, 0.0, 0.0, 0.0]",123.0,0.0,0.0,0.9996880886128511,"[np.float64(0.9996880886128511), 0.0, 0.0, 0.0, 0.0, 0.0, 0.0, 0.0, 0.0, 0.0, 0.0, np.float64(0.9628051616357418), np.float64(0.9608847770271646), 0.0, 0.0]",1768.0
BIOMD0000000661,7,17,0,1000,0.0,0.0,0.0,"[0.0, 0.0, 0.0, 0.0, 0.0, 0.0, 0.0]",7.0,0.5118889961553306,0.9970988086288426,0.998541893949256,"[np.float64(0.9979746247049387), np.float64(0.9974062253524161), np.float64(0.998541893949256), np.float64(0.5118889961553306), np.float64(0.9970988086288426), np.float64(0.9651544495811377), np.float64(0.519214572069169)]",49.0,0.0,0.0,0.16809115516744633,"[0.0, 0.0, 0.0, 0.0, np.float64(0.16809115516744633), 0.0, 0.0]",222.0
BIOMD0000000662,3,10,0,1000,0.0,0.0,0.0,"[0.0, 0.0, 0.0]",3.0,0.0,0.9084505010285766,0.9999919693315595,"[np.float64(0.9084505010285766), np.float64(0.9999919693315595), 0.0]",8.0,0.0,0.0,0.9984770837957591,"[0.0, np.float64(0.9984770837957591), 0.0]",17.0
BIOMD0000000663,3,9,0,1000,0.0,0.0,0.0,"[0.0, 0.0, 0.0]",2.0,0.5651232268958462,0.9346849823890077,0.9999999978654187,"[np.float64(0.5651232268958462), np.float64(0.9346849823890077), np.float64(0.9999999978654187)]",10.0,0.0,0.0,0.9999532859459123,"[0.0, 0.0, np.float64(0.9999532859459123)]",20.0
BIOMD0000000664,6,15,0,1000,0.0,0.0,0.0,"[0.0, 0.0, 0.0, 0.0, 0.0, 0.0]",2.0,0.8133566141394205,0.9696535321929155,0.9999593527753909,"[np.float64(0.8133566141394205), np.float64(0.9440847292447679), np.float64(0.9998679344995651), np.float64(0.9999593527753909), np.float64(0.9952223351410631), np.float64(0.9128855031037832)]",30.0,0.9233419146293835,0.9966107588811786,0.999766929761095,"[np.float64(0.9938952624140487), np.float64(0.9993262553483083), np.float64(0.999766929761095), np.float64(0.9233419146293835), np.float64(0.9870058261984725), np.float64(0.9995473548262938)]",126.0
BIOMD0000000667,103,148,0,1000,,,,,,,,,,,,,,,
BIOMD0000000676,13,17,0,1000,0.0,0.0,0.0,"[0.0, 0.0, 0.0, 0.0, 0.0, 0.0, 0.0, 0.0, 0.0, 0.0, 0.0, 0.0, 0.0]",0.0,0.0,0.0,0.999026243012682,"[np.float64(0.999026243012682), np.float64(0.9985892239747023), 0.0, np.float64(0.9167660421192707), 0.0, 0.0, 0.0, np.float64(0.9958188311146402), 0.0, 0.0, np.float64(0.7157507016708609), 0.0, 0.0]",142.0,0.0,0.0,0.9727574132862081,"[np.float64(0.9727574132862081), 0.0, 0.0, 0.0, 0.0, 0.0, 0.0, 0.0, 0.0, 0.0, 0.0, 0.0, 0.0]",1352.0
BIOMD0000000678,2,4,0,1000,0.0,0.0,0.0,"[0.0, 0.0]",0.0,0.06561350594169713,0.07064420152179968,0.07567489710190223,"[np.float64(0.07567489710190223), np.float64(0.06561350594169713)]",6.0,0.12311756678550467,0.12780793353103503,0.1324983002765654,"[np.float64(0.1324983002765654), np.float64(0.12311756678550467)]",12.0
BIOMD0000000683,4,9,0,1000,0.0,0.0,0.0,"[0.0, 0.0, 0.0, 0.0]",4.0,0.0,0.0,0.9823803755616162,"[np.float64(0.9823803755616162), 0.0, 0.0, 0.0]",14.0,0.0,0.0,0.0,"[0.0, 0.0, 0.0, 0.0]",43.0
BIOMD0000000687,15,25,0,1000,0.0,0.0,0.0,"[0.0, 0.0, 0.0, 0.0, 0.0, 0.0, 0.0, 0.0, 0.0, 0.0, 0.0, 0.0, 0.0, 0.0, 0.0]",2.0,0.0,0.9685295635098053,0.9998723865234446,"[np.float64(0.9998723865234446), 0.0, 0.0, np.float64(0.9901812563619203), np.float64(0.6228792564219416), np.float64(0.7465476129888992), np.float64(0.6124914213068894), np.float64(0.9685295635098053), np.float64(0.891353053410873), np.float64(0.8772676781785307), np.float64(0.982019019535137), np.float64(0.9927614342314722), np.float64(0.9927373977622852), np.float64(0.9982540467025848), np.float64(0.9998090513413314)]",197.0,0.0,0.0,0.7581142791362031,"[0.0, 0.0, 0.0, 0.0, 0.0, 0.0, np.float64(0.7581142791362031), 0.0, 0.0, 0.0, 0.0, 0.0, 0.0, 0.0, 0.0]",1472.0
BIOMD0000000688,16,30,0,1000,0.0,0.0,0.0,"[0.0, 0.0, 0.0, 0.0, 0.0, 0.0, 0.0, 0.0, 0.0, 0.0, 0.0, 0.0, 0.0, 0.0, 0.0, 0.0]",2.0,0.0,0.0,0.996915115944279,"[np.float64(0.807733666450831), 0.0, 0.0, 0.0, np.float64(0.996915115944279), np.float64(0.9756281028592467), 0.0, 0.0, 0.0, 0.0, 0.0, 0.0, 0.0, 0.0, 0.0, np.float64(0.9631440267076816)]",88.0,0.0,0.0,0.0,"[0.0, 0.0, 0.0, 0.0, 0.0, 0.0, 0.0, 0.0, 0.0, 0.0, 0.0, 0.0, 0.0, 0.0, 0.0, 0.0]",935.0
BIOMD0000000689,7,10,0,1000,0.0,0.0,0.0,"[0.0, 0.0, 0.0, 0.0, 0.0, 0.0, 0.0]",0.0,0.0,0.0,0.7373090244206802,"[0.0, 0.0, np.float64(0.7373090244206802), np.float64(0.2577931464487998), 0.0, 0.0, 0.0]",42.0,0.0,0.0,0.0,"[0.0, 0.0, 0.0, 0.0, 0.0, 0.0, 0.0]",244.0
BIOMD0000000690,7,10,0,1000,0.0,0.0,0.0,"[0.0, 0.0, 0.0, 0.0, 0.0, 0.0, 0.0]",0.0,0.0,0.0,0.0,"[0.0, 0.0, 0.0, 0.0, 0.0, 0.0, 0.0]",49.0,0.0,0.0,0.0,"[0.0, 0.0, 0.0, 0.0, 0.0, 0.0, 0.0]",245.0
BIOMD0000000691,13,18,0,1000,0.0,0.0,0.0,"[0.0, 0.0, 0.0, 0.0, 0.0, 0.0, 0.0, 0.0, 0.0, 0.0, 0.0, 0.0, 0.0]",5.0,0.0,0.0,0.0,"[0.0, 0.0, 0.0, 0.0, 0.0, 0.0, 0.0, 0.0, 0.0, 0.0, 0.0, 0.0, 0.0]",179.0,0.0,0.0,0.0,"[0.0, 0.0, 0.0, 0.0, 0.0, 0.0, 0.0, 0.0, 0.0, 0.0, 0.0, 0.0, 0.0]",1365.0
BIOMD0000000695,12,35,0,1000,0.0,0.0,2.220446049250313e-16,"[0.0, 0.0, 0.0, np.float64(2.220446049250313e-16), 0.0, 0.0, 0.0, 0.0, 0.0, 0.0, 0.0, 0.0]",8.0,0.0,0.0,0.9998327431949889,"[0.0, 0.0, 0.0, 0.0, 0.0, np.float64(0.6204406154805391), 0.0, np.float64(0.969630690280861), np.float64(0.982080665130039), np.float64(0.9992635453213483), 0.0, np.float64(0.9998327431949889)]",90.0,0.0,0.0,0.0,"[0.0, 0.0, 0.0, 0.0, 0.0, 0.0, 0.0, 0.0, 0.0, 0.0, 0.0, 0.0]",314.0
BIOMD0000000697,13,30,0,1000,0.0,0.0,0.0,"[0.0, 0.0, 0.0, 0.0, 0.0, 0.0, 0.0, 0.0, 0.0, 0.0, 0.0, 0.0, 0.0]",0.0,0.0,0.0,0.9939441013425984,"[np.float64(0.9939441013425984), 0.0, np.float64(0.9106707493461368), 0.0, 0.0, 0.0, np.float64(0.9677142648994707), np.float64(0.05343364256474592), np.float64(0.8403501463201045), 0.0, 0.0, 0.0, np.float64(0.8047382158673646)]",126.0,0.0,0.0,0.0,"[0.0, 0.0, 0.0, 0.0, 0.0, 0.0, 0.0, 0.0, 0.0, 0.0, 0.0, 0.0, 0.0]",1320.0
BIOMD0000000698,5,9,0,1000,0.0,0.0,2.220446049250313e-16,"[0.0, np.float64(1.1102230246251565e-16), np.float64(2.220446049250313e-16), 0.0, 0.0]",3.0,0.0,0.9568452557993185,0.9999483612773292,"[np.float64(0.06321948111192988), np.float64(0.9986733384657008), np.float64(0.9568452557993185), 0.0, np.float64(0.9999483612773292)]",24.0,0.0,0.0,0.3781518266996039,"[0.0, 0.0, 0.0, 0.0, np.float64(0.3781518266996039)]",78.0
BIOMD0000000700,23,49,0,1000,0.0,0.0,0.0,"[0.0, 0.0, 0.0, 0.0, 0.0, 0.0, 0.0, 0.0, 0.0, 0.0, 0.0, 0.0, 0.0, 0.0, 0.0, 0.0, 0.0, 0.0, 0.0, 0.0, 0.0, 0.0, 0.0]",0.0,0.0,0.0,0.9934505050500811,"[np.float64(0.7560106705620759), np.float64(0.6789439174795677), 0.0, 0.0, 0.0, np.float64(0.07642758940120042), np.float64(0.9099251624422907), 0.0, np.float64(0.8187043499590837), np.float64(0.5425110192657221), np.float64(0.9934505050500811), 0.0, 0.0, np.float64(0.8013530186964728), np.float64(0.9390717248347168), 0.0, 0.0, 0.0, 0.0, 0.0, 0.0, 0.0, 0.0]",410.0,0.0,0.0,0.0,"[0.0, 0.0, 0.0, 0.0, 0.0, 0.0, 0.0, 0.0, 0.0, 0.0, 0.0, 0.0, 0.0, 0.0, 0.0, 0.0, 0.0, 0.0, 0.0, 0.0, 0.0, 0.0, 0.0]",6737.0
BIOMD0000000707,5,10,0,1000,0.0,0.0,0.0,"[0.0, 0.0, 0.0, 0.0, 0.0]",5.0,0.0,0.46709670389762215,0.9990007225154648,"[np.float64(0.46709670389762215), np.float64(0.9990007225154648), 0.0, np.float64(0.9987364156443432), 0.0]",23.0,0.0,0.0,0.9990986400226456,"[0.0, np.float64(0.9613873451118397), 0.0, np.float64(0.9990986400226456), 0.0]",56.0
BIOMD0000000708,5,11,0,1000,0.0,0.0,0.0,"[0.0, 0.0, 0.0, 0.0, 0.0]",4.0,0.0,0.0,0.0,"[0.0, 0.0, 0.0, 0.0, 0.0]",9.0,0.0,0.0,0.0,"[0.0, 0.0, 0.0, 0.0, 0.0]",19.0
BIOMD0000000709,5,11,0,1000,0.0,0.0,2.220446049250313e-16,"[np.float64(2.220446049250313e-16), 0.0, 0.0, 0.0, 0.0]",4.0,0.0,0.0,0.0,"[0.0, 0.0, 0.0, 0.0, 0.0]",10.0,0.0,0.0,0.0,"[0.0, 0.0, 0.0, 0.0, 0.0]",35.0
BIOMD0000000710,7,16,0,1000,0.0,0.0,1.1102230246251565e-16,"[0.0, 0.0, np.float64(1.1102230246251565e-16), 0.0, 0.0, np.float64(1.1102230246251565e-16), 0.0]",7.0,0.0,0.856373087530167,0.999999072180826,"[np.float64(0.8975751310388282), np.float64(0.856373087530167), np.float64(0.999999072180826), np.float64(0.8982507363985278), 0.0, 0.0, np.float64(0.027632566459724894)]",41.0,0.0,0.0,0.0,"[0.0, 0.0, 0.0, 0.0, 0.0, 0.0, 0.0]",109.0
BIOMD0000000711,10,26,0,1000,0.0,0.0,1.1102230246251565e-16,"[0.0, 0.0, 0.0, 0.0, 0.0, 0.0, 0.0, 0.0, np.float64(1.1102230246251565e-16), 0.0]",5.0,0.0,0.46617573347549907,0.9997219498325591,"[np.float64(0.9323514669509981), 0.0, 0.0, 0.0, np.float64(0.999401956986978), 0.0, np.float64(0.9902701883542648), np.float64(0.983039045465937), np.float64(0.9997219498325591), 0.0]",89.0,0.0,0.0,0.0,"[0.0, 0.0, 0.0, 0.0, 0.0, 0.0, 0.0, 0.0, 0.0, 0.0]",535.0
BIOMD0000000713,3,9,0,1000,0.0,1.1102230246251565e-16,1.1102230246251565e-16,"[np.float64(1.1102230246251565e-16), 0.0, np.float64(1.1102230246251565e-16)]",3.0,0.5459398459577574,0.6028304727856745,0.673797058139848,"[np.float64(0.673797058139848), np.float64(0.5459398459577574), np.float64(0.6028304727856745)]",12.0,0.0,0.0,0.0,"[0.0, 0.0, 0.0]",9.0
BIOMD0000000714,4,10,0,1000,0.0,0.0,0.0,"[0.0, 0.0, 0.0, 0.0]",0.0,0.0,0.38981351045137186,0.926271955494721,"[np.float64(0.7796270209027437), 0.0, np.float64(0.926271955494721), 0.0]",17.0,0.0,0.4990246957757498,0.9999761006706467,"[np.float64(0.9980493915514996), 0.0, np.float64(0.9999761006706467), 0.0]",50.0
BIOMD0000000715,4,11,0,1000,0.0,0.0,0.0,"[0.0, 0.0, 0.0, 0.0]",4.0,0.9972903920843845,0.9984294606860764,0.9998475166795363,"[np.float64(0.9983685526543437), np.float64(0.9972903920843845), np.float64(0.9984903687178092), np.float64(0.9998475166795363)]",19.0,0.9867519604450753,0.9956579583298177,0.9997714733169002,"[np.float64(0.9920100877139468), np.float64(0.9867519604450753), np.float64(0.9997714733169002), np.float64(0.9993058289456885)]",60.0
BIOMD0000000716,4,10,0,1000,0.0,0.0,0.0,"[0.0, 0.0, 0.0, 0.0]",4.0,0.0,0.001857597427136426,0.02386616709298761,"[np.float64(0.02386616709298761), np.float64(0.003715194854272852), 0.0, 0.0]",6.0,0.0,0.0,0.0,"[0.0, 0.0, 0.0, 0.0]",24.0
BIOMD0000000717,4,10,0,1000,0.0,0.0,1.1102230246251565e-16,"[np.float64(1.1102230246251565e-16), 0.0, 0.0, 0.0]",3.0,0.0,0.0,0.0,"[0.0, 0.0, 0.0, 0.0]",8.0,0.0,0.0,0.0,"[0.0, 0.0, 0.0, 0.0]",23.0
BIOMD0000000718,16,29,0,1000,0.0,0.0,0.0,"[0.0, 0.0, 0.0, 0.0, 0.0, 0.0, 0.0, 0.0, 0.0, 0.0, 0.0, 0.0, 0.0, 0.0, 0.0, 0.0]",0.0,0.0,0.0,0.9999864781622763,"[0.0, 0.0, 0.0, np.float64(0.9999805479381731), 0.0, np.float64(0.7598297062022131), np.float64(0.7527034516355744), np.float64(0.9999864781622763), np.float64(0.9989931551940535), np.float64(0.9897810527137167), 0.0, 0.0, 0.0, 0.0, np.float64(0.1894536688128432), 0.0]",103.0,0.0,0.0,0.7740589657080423,"[0.0, 0.0, 0.0, 0.0, 0.0, 0.0, 0.0, 0.0, np.float64(0.7740589657080423), np.float64(0.5422162016285248), 0.0, 0.0, 0.0, 0.0, np.float64(0.2602050598960731), 0.0]",668.0
BIOMD0000000719,5,9,0,1000,0.0,0.0,0.0,"[0.0, 0.0, 0.0, 0.0, 0.0]",2.0,0.0,0.38938302183723805,0.7746453121903477,"[np.float64(0.7746453121903477), np.float64(0.38938302183723805), 0.0, np.float64(0.6880777429834457), 0.0]",18.0,0.0,0.0,0.4736521823431732,"[0.0, 0.0, np.float64(0.4736521823431732), 0.0, 0.0]",57.0
BIOMD0000000720,8,25,0,1000,0.0,0.0,0.0,"[0.0, 0.0, 0.0, 0.0, 0.0, 0.0, 0.0, 0.0]",1.0,0.0,0.8926459303199494,0.9915620614608163,"[np.float64(0.8832351228983295), np.float64(0.9915620614608163), np.float64(0.8133380797292447), np.float64(0.8812382335480023), 0.0, np.float64(0.9020567377415692), np.float64(0.9545081284344867), np.float64(0.9117380205178138)]",67.0,0.0,0.0,0.9973979435285169,"[0.0, np.float64(0.37671768384365145), 0.0, 0.0, 0.0, 0.0, np.float64(0.9973979435285169), np.float64(0.9748607881566415)]",348.0
BIOMD0000000722,5,15,0,1000,0.0,0.0,3.3306690738754696e-16,"[0.0, 0.0, 0.0, 0.0, np.float64(3.3306690738754696e-16)]",4.0,0.0,0.8162837282744048,0.9671781806789226,"[np.float64(0.4204630093619892), np.float64(0.9671781806789226), 0.0, np.float64(0.9136160009922739), np.float64(0.8162837282744048)]",26.0,0.0,0.0,0.0,"[0.0, 0.0, 0.0, 0.0, 0.0]",63.0
BIOMD0000000723,25,73,0,1000,0.0,0.0,1.1102230246251565e-16,"[0.0, 0.0, np.float64(1.1102230246251565e-16), 0.0, 0.0, 0.0, 0.0, 0.0, 0.0, 0.0, 0.0, 0.0, 0.0, 0.0, 0.0, 0.0, 0.0, 0.0, 0.0, 0.0, 0.0, 0.0, 0.0, 0.0, 0.0]",18.0,0.0,0.89128728661492,0.9770430980464531,"[np.float64(0.9770430980464531), np.float64(0.8692955405066741), np.float64(0.9398057586026352), np.float64(0.9636821978289831), np.float64(0.8970734384128388), np.float64(0.9087499669812514), np.float64(0.8737873889127252), np.float64(0.8340554094193607), np.float64(0.9538990885584293), np.float64(0.761464155370625), np.float64(0.9036590021579838), np.float64(0.9036590021050539), np.float64(0.155177004744946), np.float64(0.3475401544154766), np.float64(0.903658505159509), np.float64(0.9461805272388178), np.float64(0.3371511466863244), np.float64(0.8380638665968381), np.float64(0.29088120818003504), 0.0, np.float64(0.9378273206328254), np.float64(0.8787150779375448), np.float64(0.9657877451242032), np.float64(0.8643153482230831), np.float64(0.89128728661492)]",632.0,0.0,0.0,0.0,"[0.0, 0.0, 0.0, 0.0, 0.0, 0.0, 0.0, 0.0, 0.0, 0.0, 0.0, 0.0, 0.0, 0.0, 0.0, 0.0, 0.0, 0.0, 0.0, 0.0, 0.0, 0.0, 0.0, 0.0, 0.0]",8740.0
BIOMD0000000724,28,28,0,1000,0.0,0.0,4.440892098500626e-16,"[0.0, np.float64(2.220446049250313e-16), 0.0, 0.0, 0.0, np.float64(1.1102230246251565e-16), 0.0, np.float64(4.440892098500626e-16), 0.0, 0.0, 0.0, np.float64(2.220446049250313e-16), 0.0, 0.0, 0.0, 0.0, 0.0, 0.0, 0.0, 0.0, 0.0, 0.0, 0.0, 0.0, 0.0, 0.0, 0.0, 0.0]",18.0,0.0,0.5833139228131119,0.9999999572023035,"[0.0, 0.0, 0.0, 0.0, 0.0, np.float64(0.9878947316558071), np.float64(0.8962607882717486), np.float64(0.9831389421140457), np.float64(0.8751904988414754), np.float64(0.9825980090099653), np.float64(0.9846812280407247), np.float64(0.9089308969216394), np.float64(0.9093298898575958), 0.0, 0.0, np.float64(0.5498891903281985), np.float64(0.6167386552980252), 0.0, np.float64(0.32532247814721216), np.float64(0.29686813618154617), 0.0, np.float64(0.9035493266985315), np.float64(0.9999999572023035), 0.0, np.float64(0.674442146904185), np.float64(0.9999830919629974), np.float64(0.9999961612727959), 0.0]",610.0,0.0,0.0,0.9999872708975431,"[np.float64(0.9999872708975431), 0.0, 0.0, 0.0, 0.0, 0.0, 0.0, 0.0, 0.0, 0.0, 0.0, 0.0, 0.0, 0.0, 0.0, 0.0, 0.0, 0.0, 0.0, 0.0, 0.0, 0.0, 0.0, 0.0, 0.0, 0.0, 0.0, 0.0]",2189.0
BIOMD0000000725,38,31,0,1000,0.0,0.0,3.3306690738754696e-16,"[0.0, 0.0, 0.0, 0.0, 0.0, 0.0, 0.0, 0.0, 0.0, 0.0, np.float64(3.3306690738754696e-16), 0.0, np.float64(1.1102230246251565e-16), 0.0, 0.0, 0.0, 0.0, 0.0, 0.0, 0.0, np.float64(1.1102230246251565e-16), 0.0, 0.0, 0.0, 0.0, 0.0, 0.0, 0.0, 0.0, 0.0, 0.0, 0.0, 0.0, 0.0, 0.0, np.float64(1.1102230246251565e-16), 0.0, 0.0]",27.0,0.0,0.845643824459623,0.9999989299200154,"[np.float64(0.9776557435365077), np.float64(0.9979347474420014), np.float64(0.9944606353090639), np.float64(0.7745385239315825), np.float64(0.7732138189876261), 0.0, np.float64(0.8741250418771508), np.float64(0.9668066687000583), np.float64(0.855644218901429), np.float64(0.9996062915747165), np.float64(0.9999435291331608), np.float64(0.7731871311906368), np.float64(0.6981309676772142), np.float64(0.7107569946665642), np.float64(0.8884129001658396), np.float64(0.8959469491870371), np.float64(0.9345164294836538), np.float64(0.7729878052349152), np.float64(0.7772530359620208), np.float64(0.788979356554148), np.float64(0.8039858576422968), np.float64(0.7675302768199782), np.float64(0.7989209491759265), np.float64(0.9999989299200154), np.float64(0.9933184520187814), np.float64(0.9711897770479203), np.float64(0.7990114667773145), np.float64(0.8167437043566709), np.float64(0.835643430017817), np.float64(0.9991115844967859), np.float64(0.994475113231387), np.float64(0.9389664138302536), 0.0, np.float64(0.9998780024635091), 0.0, np.float64(0.9999897422504633), np.float64(0.8037495387340742), np.float64(0.7762364570503114)]",1442.0,0.0,0.0,0.0,"[0.0, 0.0, 0.0, 0.0, 0.0, 0.0, 0.0, 0.0, 0.0, 0.0, 0.0, 0.0, 0.0, 0.0, 0.0, 0.0, 0.0, 0.0, 0.0, 0.0, 0.0, 0.0, 0.0, 0.0, 0.0, 0.0, 0.0, 0.0, 0.0, 0.0, 0.0, 0.0, 0.0, 0.0, 0.0, 0.0, 0.0, 0.0]",11292.0
BIOMD0000000726,8,23,0,1000,0.0,0.0,2.220446049250313e-16,"[np.float64(2.220446049250313e-16), 0.0, 0.0, 0.0, 0.0, np.float64(2.220446049250313e-16), 0.0, 0.0]",8.0,0.0,0.7635616905677611,0.9991116397662549,"[np.float64(0.7465615599055201), 0.0, np.float64(0.9981776728713927), np.float64(0.9973819982169511), 0.0, 0.0, np.float64(0.7805618212300021), np.float64(0.9991116397662549)]",45.0,0.0,0.0,0.0,"[0.0, 0.0, 0.0, 0.0, 0.0, 0.0, 0.0, 0.0]",151.0
BIOMD0000000727,30,57,0,1000,0.0,0.0,0.0,"[0.0, 0.0, 0.0, 0.0, 0.0, 0.0, 0.0, 0.0, 0.0, 0.0, 0.0, 0.0, 0.0, 0.0, 0.0, 0.0, 0.0, 0.0, 0.0, 0.0, 0.0, 0.0, 0.0, 0.0, 0.0, 0.0, 0.0, 0.0, 0.0, 0.0]",0.0,0.0,0.48243272195614945,0.9999999536982276,"[0.0, np.float64(0.9349729034789531), np.float64(0.890969082763994), np.float64(0.9943823031477789), np.float64(0.9950404395733937), np.float64(0.9938326844524511), 0.0, np.float64(0.9999999536982276), np.float64(0.9906047817787741), np.float64(0.2604422996122169), np.float64(0.10358810092465998), np.float64(0.24154328356648935), 0.0, np.float64(0.485972397963491), np.float64(0.4788930459488079), np.float64(0.2036939921876817), 0.0, np.float64(0.9208601319399836), np.float64(0.10167866308443341), 0.0, np.float64(0.595553208405603), np.float64(0.9714304921005414), np.float64(0.9852851198979355), np.float64(0.48629442275706003), 0.0, 0.0, 0.0, np.float64(0.3807157175566569), np.float64(0.7556625524847062), np.float64(0.9518104217435963)]",627.0,0.0,0.20798389355475566,0.9999004399655974,"[0.0, np.float64(0.9424261114244384), np.float64(0.9726269098373312), np.float64(0.976836969193147), np.float64(0.9992380151697432), np.float64(0.9995444365366587), np.float64(0.9739242393611307), np.float64(0.7269654620101005), np.float64(0.9999004399655974), 0.0, 0.0, 0.0, 0.0, 0.0, 0.0, np.float64(0.4159677871095113), np.float64(0.567946081006534), np.float64(0.9990761819923218), np.float64(0.9942066634418363), 0.0, np.float64(0.7149328429284516), 0.0, np.float64(0.9550748400161067), 0.0, 0.0, 0.0, 0.0, 0.0, 0.0, np.float64(0.9594526199673004)]",13249.0
BIOMD0000000728,2,5,0,1000,0.0,0.0,0.0,"[0.0, 0.0]",0.0,0.0,0.0,0.0,"[0.0, 0.0]",4.0,0.0,0.0,0.0,"[0.0, 0.0]",12.0
BIOMD0000000729,3,7,0,1000,0.0,0.0,0.0,"[0.0, 0.0, 0.0]",0.0,0.6656328538353449,0.7868567279795678,0.9988819563795683,"[np.float64(0.9988819563795683), np.float64(0.7868567279795678), np.float64(0.6656328538353449)]",11.0,0.9548416073683617,0.9797533827602173,0.9985812797461531,"[np.float64(0.9985812797461531), np.float64(0.9797533827602173), np.float64(0.9548416073683617)]",28.0
BIOMD0000000730,45,108,0,1000,0.0,0.0,0.0,"[0.0, 0.0, 0.0, 0.0, 0.0, 0.0, 0.0, 0.0, 0.0, 0.0, 0.0, 0.0, 0.0, 0.0, 0.0, 0.0, 0.0, 0.0, 0.0, 0.0, 0.0, 0.0, 0.0, 0.0, 0.0, 0.0, 0.0, 0.0, 0.0, 0.0, 0.0, 0.0, 0.0, 0.0, 0.0, 0.0, 0.0, 0.0, 0.0, 0.0, 0.0, 0.0, 0.0, 0.0, 0.0]",8.0,0.0,0.323696452632105,0.9991438044178178,"[np.float64(0.9979519308078597), np.float64(0.973198153368564), 0.0, np.float64(0.9987494060172877), np.float64(0.5628152393797474), np.float64(0.9925487861782725), np.float64(0.9948130043867298), np.float64(0.25795195954727934), 0.0, np.float64(0.9894986196327775), np.float64(0.9906531847286629), 0.0, 0.0, 0.0, np.float64(0.969739461748225), 0.0, 0.0, np.float64(0.7180500878307856), 0.0, 0.0, np.float64(0.8143076279788916), 0.0, np.float64(0.8892831496261422), 0.0, np.float64(0.7466072275217492), np.float64(0.8612033290226093), 0.0, 0.0, np.float64(0.9927227819301262), np.float64(0.323696452632105), np.float64(0.16752256848092195), 0.0, np.float64(0.3173446610234909), np.float64(0.6161959334412977), np.float64(0.3727548133677714), np.float64(0.5326992872009386), 0.0, 0.0, 0.0, np.float64(0.8316128951388837), np.float64(0.7889303370751176), np.float64(0.7253854812893781), 0.0, np.float64(0.9991438044178178), 0.0]",1816.0,0.0,0.0,0.32361472610633135,"[0.0, 0.0, 0.0, 0.0, 0.0, 0.0, 0.0, 0.0, 0.0, 0.0, 0.0, 0.0, 0.0, 0.0, np.float64(0.32361472610633135), 0.0, 0.0, 0.0, 0.0, 0.0, 0.0, 0.0, 0.0, 0.0, 0.0, 0.0, 0.0, 0.0, 0.0, 0.0, 0.0, 0.0, 0.0, 0.0, 0.0, 0.0, 0.0, 0.0, 0.0, 0.0, 0.0, 0.0, 0.0, 0.0, 0.0]",46846.0
BIOMD0000000731,16,25,0,1000,0.0,0.0,3.3306690738754696e-16,"[0.0, np.float64(1.1102230246251565e-16), 0.0, 0.0, 0.0, 0.0, 0.0, np.float64(3.3306690738754696e-16), np.float64(1.1102230246251565e-16), 0.0, 0.0, 0.0, 0.0, 0.0, 0.0, 0.0]",9.0,0.0,0.0,0.9999999999865754,"[np.float64(0.9999999999865754), np.float64(0.8830260186630411), 0.0, np.float64(0.970123210185094), 0.0, np.float64(0.8830260191606951), np.float64(0.16809520692715396), np.float64(0.9737013763611833), 0.0, 0.0, 0.0, 0.0, 0.0, 0.0, 0.0, 0.0]",142.0,0.0,0.0,0.0,"[0.0, 0.0, 0.0, 0.0, 0.0, 0.0, 0.0, 0.0, 0.0, 0.0, 0.0, 0.0, 0.0, 0.0, 0.0, 0.0]",1582.0
BIOMD0000000732,3,6,0,1000,0.0,0.0,0.0,"[0.0, 0.0, 0.0]",3.0,0.5732783915148063,0.9340533553570654,0.9999380207560455,"[np.float64(0.5732783915148063), np.float64(0.9340533553570654), np.float64(0.9999380207560455)]",11.0,0.0,0.0,0.9999772799036759,"[0.0, 0.0, np.float64(0.9999772799036759)]",11.0
BIOMD0000000733,3,6,0,1000,0.0,0.0,0.0,"[0.0, 0.0, 0.0]",3.0,0.0,0.597835108945042,0.999891376325164,"[np.float64(0.999891376325164), np.float64(0.597835108945042), 0.0]",7.0,0.0,0.0,0.9727961780176605,"[np.float64(0.9727961780176605), 0.0, 0.0]",17.0
BIOMD0000000736,11,22,0,1000,0.0,0.0,0.0,"[0.0, 0.0, 0.0, 0.0, 0.0, 0.0, 0.0, 0.0, 0.0, 0.0, 0.0]",0.0,0.0,0.0,0.0,"[0.0, 0.0, 0.0, 0.0, 0.0, 0.0, 0.0, 0.0, 0.0, 0.0, 0.0]",0.0,0.0,0.0,0.0,"[0.0, 0.0, 0.0, 0.0, 0.0, 0.0, 0.0, 0.0, 0.0, 0.0, 0.0]",0.0
BIOMD0000000737,11,22,0,1000,0.0,0.0,0.0,"[0.0, 0.0, 0.0, 0.0, 0.0, 0.0, 0.0, 0.0, 0.0, 0.0, 0.0]",0.0,0.0,0.0,0.9728203299521594,"[np.float64(0.9728203299521594), np.float64(0.9700828892754577), 0.0, 0.0, 0.0, 0.0, 0.0, 0.0, 0.0, 0.0, 0.0]",52.0,0.0,0.0,0.0,"[0.0, 0.0, 0.0, 0.0, 0.0, 0.0, 0.0, 0.0, 0.0, 0.0, 0.0]",477.0
BIOMD0000000738,11,22,0,1000,0.0,0.0,0.0,"[0.0, 0.0, 0.0, 0.0, 0.0, 0.0, 0.0, 0.0, 0.0, 0.0, 0.0]",0.0,0.0,0.0,0.9999876724148932,"[np.float64(0.9999876724148932), 0.0, np.float64(0.9993009748785935), 0.0, 0.0, 0.0, 0.0, 0.0, 0.0, 0.0, np.float64(0.8013792970523976)]",56.0,0.0,0.0,0.856168470188891,"[np.float64(0.856168470188891), 0.0, 0.0, np.float64(0.10162304944205813), 0.0, 0.0, 0.0, 0.0, 0.0, 0.0, 0.0]",452.0
BIOMD0000000739,24,23,0,1000,0.0,0.0,0.0,"[0.0, 0.0, 0.0, 0.0, 0.0, 0.0, 0.0, 0.0, 0.0, 0.0, 0.0, 0.0, 0.0, 0.0, 0.0, 0.0, 0.0, 0.0, 0.0, 0.0, 0.0, 0.0, 0.0, 0.0]",0.0,0.0,0.0,0.0,"[0.0, 0.0, 0.0, 0.0, 0.0, 0.0, 0.0, 0.0, 0.0, 0.0, 0.0, 0.0, 0.0, 0.0, 0.0, 0.0, 0.0, 0.0, 0.0, 0.0, 0.0, 0.0, 0.0, 0.0]",0.0,0.0,0.0,0.0,"[0.0, 0.0, 0.0, 0.0, 0.0, 0.0, 0.0, 0.0, 0.0, 0.0, 0.0, 0.0, 0.0, 0.0, 0.0, 0.0, 0.0, 0.0, 0.0, 0.0, 0.0, 0.0, 0.0, 0.0]",0.0
BIOMD0000000741,4,10,0,1000,0.0,0.0,0.0,"[0.0, 0.0, 0.0, 0.0]",3.0,0.0,0.2541777150529274,0.9999999866377419,"[0.0, 0.0, np.float64(0.5083554301058548), np.float64(0.9999999866377419)]",12.0,0.00019504647949042386,0.9999999860869064,0.9999999866358472,"[np.float64(0.00019504647949042386), np.float64(0.9999999861205576), np.float64(0.9999999860532554), np.float64(0.9999999866358472)]",12.0
BIOMD0000000742,2,6,0,1000,0.0,0.0,0.0,"[0.0, 0.0]",2.0,0.0,0.1858984237756353,0.3717968475512706,"[np.float64(0.3717968475512706), 0.0]",5.0,0.0,0.0,0.0,"[0.0, 0.0]",6.0
BIOMD0000000743,4,14,0,1000,0.0,0.0,1.1102230246251565e-16,"[0.0, 0.0, np.float64(1.1102230246251565e-16), 0.0]",2.0,0.0,0.0,0.0,"[0.0, 0.0, 0.0, 0.0]",12.0,0.0,0.0,0.0,"[0.0, 0.0, 0.0, 0.0]",33.0
BIOMD0000000744,5,14,0,1000,0.0,0.0,2.220446049250313e-16,"[np.float64(2.220446049250313e-16), 0.0, 0.0, np.float64(1.1102230246251565e-16), 0.0]",5.0,0.0,0.9998657311531796,0.9999999999996545,"[0.0, 0.0, np.float64(0.9999999999996545), np.float64(0.9998657311531796), np.float64(0.9999982636942937)]",21.0,0.0,0.0,0.8610469562843334,"[0.0, 0.0, np.float64(0.8610469562843334), 0.0, 0.0]",22.0
BIOMD0000000745,5,10,0,1000,0.0,0.0,2.220446049250313e-16,"[0.0, np.float64(2.220446049250313e-16), 0.0, 0.0, 0.0]",2.0,0.0,0.6069021438705152,0.9999999975285794,"[0.0, np.float64(0.9166692278753807), np.float64(0.5468369978364094), np.float64(0.6069021438705152), np.float64(0.9999999975285794)]",25.0,0.9999999991979004,0.9999999996795974,0.9999999998785718,"[np.float64(0.9999999995458898), np.float64(0.9999999996795974), np.float64(0.9999999991979004), np.float64(0.9999999996929967), np.float64(0.9999999998785718)]",105.0
BIOMD0000000747,33,28,0,1000,0.0,0.0,1.1102230246251565e-16,"[0.0, 0.0, 0.0, 0.0, 0.0, 0.0, 0.0, 0.0, 0.0, 0.0, 0.0, 0.0, 0.0, 0.0, 0.0, 0.0, 0.0, 0.0, np.float64(1.1102230246251565e-16), 0.0, 0.0, 0.0, 0.0, 0.0, 0.0, 0.0, 0.0, 0.0, 0.0, 0.0, 0.0, 0.0, 0.0]",12.0,0.0,0.0,0.9995763777600645,"[0.0, 0.0, 0.0, 0.0, 0.0, np.float64(0.8353175931557262), 0.0, 0.0, 0.0, 0.0, 0.0, 0.0, 0.0, 0.0, 0.0, 0.0, 0.0, 0.0, 0.0, np.float64(0.9082580355410081), 0.0, np.float64(0.9718935057933938), 0.0, np.float64(0.9768487621317075), 0.0, 0.0, np.float64(0.9995763777600645), np.float64(0.6631161249300659), 0.0, 0.0, 0.0, 0.0, 0.0]",421.0,0.0,0.0,0.0,"[0.0, 0.0, 0.0, 0.0, 0.0, 0.0, 0.0, 0.0, 0.0, 0.0, 0.0, 0.0, 0.0, 0.0, 0.0, 0.0, 0.0, 0.0, 0.0, 0.0, 0.0, 0.0, 0.0, 0.0, 0.0, 0.0, 0.0, 0.0, 0.0, 0.0, 0.0, 0.0, 0.0]",7075.0
BIOMD0000000748,4,11,0,1000,0.0,0.0,0.0,"[0.0, 0.0, 0.0, 0.0]",1.0,0.0,0.46440261000928784,0.999021493066947,"[np.float64(0.15342531019419736), np.float64(0.7753799098243783), np.float64(0.999021493066947), 0.0]",13.0,0.0,0.9934047509658549,0.9996733716289304,"[np.float64(0.9915796155690711), 0.0, np.float64(0.9996733716289304), np.float64(0.9952298863626386)]",35.0
BIOMD0000000749,2,9,0,1000,0.0,0.0,0.0,"[0.0, 0.0]",2.0,0.15378039285603673,0.21323076932673773,0.27268114579743874,"[np.float64(0.27268114579743874), np.float64(0.15378039285603673)]",4.0,0.0,0.26594704986281326,0.5318940997256265,"[0.0, np.float64(0.5318940997256265)]",7.0
BIOMD0000000750,8,25,0,1000,0.0,0.0,2.220446049250313e-16,"[0.0, np.float64(2.220446049250313e-16), 0.0, 0.0, 0.0, 0.0, 0.0, 0.0]",8.0,0.0,0.0,0.9999998306109071,"[np.float64(0.6962784816809114), np.float64(0.9999998306109071), 0.0, 0.0, 0.0, 0.0, 0.0, 0.0]",59.0,0.0,0.0,0.0,"[0.0, 0.0, 0.0, 0.0, 0.0, 0.0, 0.0, 0.0]",287.0
BIOMD0000000751,2,3,0,1000,0.0,0.0,0.0,"[0.0, 0.0]",2.0,0.0,0.02488040033574218,0.04976080067148436,"[0.0, np.float64(0.04976080067148436)]",3.0,0.0,0.0,0.0,"[0.0, 0.0]",4.0
BIOMD0000000752,3,5,0,1000,0.0,0.0,0.0,"[0.0, 0.0, 0.0]",3.0,0.07051837584126708,0.23068570891321583,0.2306857089132186,"[np.float64(0.23068570891321583), np.float64(0.07051837584126708), np.float64(0.2306857089132186)]",6.0,0.0,0.0,0.0,"[0.0, 0.0, 0.0]",10.0
BIOMD0000000753,2,7,0,1000,0.0,0.0,0.0,"[0.0, 0.0]",2.0,0.7348271349161566,0.8644954158093334,0.9941636967025101,"[np.float64(0.7348271349161566), np.float64(0.9941636967025101)]",5.0,0.0,0.4164483623190634,0.8328967246381268,"[0.0, np.float64(0.8328967246381268)]",8.0
BIOMD0000000754,3,10,0,1000,0.0,0.0,0.0,"[0.0, 0.0, 0.0]",3.0,0.520301681482306,0.9498343930855013,0.9999668411591566,"[np.float64(0.520301681482306), np.float64(0.9999668411591566), np.float64(0.9498343930855013)]",10.0,0.0,0.0,0.8591918548120681,"[0.0, np.float64(0.8591918548120681), 0.0]",13.0
BIOMD0000000756,4,11,0,1000,0.0,0.0,0.0,"[0.0, 0.0, 0.0, 0.0]",3.0,0.0,0.7648704863171919,0.9999798563480686,"[np.float64(0.6020644346623183), np.float64(0.9999798563480686), np.float64(0.9276765379720655), 0.0]",15.0,0.0,0.0,0.9519195204694537,"[0.0, np.float64(0.9519195204694537), 0.0, 0.0]",28.0
BIOMD0000000757,7,18,0,1000,0.0,0.0,2.220446049250313e-16,"[0.0, 0.0, 0.0, 0.0, np.float64(2.220446049250313e-16), 0.0, 0.0]",7.0,0.0,0.0,0.9429285507890562,"[np.float64(0.0872303128026799), 0.0, 0.0, np.float64(0.9397023633212848), 0.0, np.float64(0.9429285507890562), 0.0]",32.0,0.0,0.0,0.0,"[0.0, 0.0, 0.0, 0.0, 0.0, 0.0, 0.0]",120.0
BIOMD0000000758,2,4,0,1000,0.0,0.0,0.0,"[0.0, 0.0]",0.0,0.0,0.42797820988988805,0.8559564197797761,"[np.float64(0.8559564197797761), 0.0]",1.0,0.8550544336068253,0.9248892812373233,0.9947241288678211,"[np.float64(0.8550544336068253), np.float64(0.9947241288678211)]",4.0
BIOMD0000000759,6,19,0,1000,0.0,0.0,1.1102230246251565e-16,"[0.0, 0.0, 0.0, np.float64(1.1102230246251565e-16), 0.0, 0.0]",6.0,0.0,0.0,0.9754454871924692,"[np.float64(0.9725342960224926), np.float64(0.9754454871924692), 0.0, 0.0, 0.0, 0.0]",31.0,0.0,0.0,0.0,"[0.0, 0.0, 0.0, 0.0, 0.0, 0.0]",33.0
BIOMD0000000760,2,4,0,1000,0.0,0.0,0.0,"[0.0, 0.0]",2.0,0.2998634328193257,0.5026430269921527,0.7054226211649797,"[np.float64(0.7054226211649797), np.float64(0.2998634328193257)]",6.0,0.0,0.0,0.0,"[0.0, 0.0]",5.0
BIOMD0000000761,6,14,0,1000,0.0,0.0,0.0,"[0.0, 0.0, 0.0, 0.0, 0.0, 0.0]",5.0,0.0,0.3872959329579501,0.9999999829108375,"[np.float64(0.7745918659159002), 0.0, 0.0, np.float64(0.9999999829108375), np.float64(0.9999863440046208), 0.0]",30.0,0.0,0.0,0.0,"[0.0, 0.0, 0.0, 0.0, 0.0, 0.0]",118.0
BIOMD0000000762,2,7,0,1000,0.0,0.0,0.0,"[0.0, 0.0]",2.0,0.0,0.261083932583899,0.522167865167798,"[0.0, np.float64(0.522167865167798)]",4.0,0.0,0.0,0.0,"[0.0, 0.0]",4.0
BIOMD0000000763,3,9,0,1000,0.0,0.0,0.0,"[0.0, 0.0, 0.0]",0.0,0.0,0.9533237318352158,0.9867698965564077,"[0.0, np.float64(0.9533237318352158), np.float64(0.9867698965564077)]",10.0,0.8617373682136824,0.9211336871470412,0.9998019761122027,"[np.float64(0.9211336871470412), np.float64(0.8617373682136824), np.float64(0.9998019761122027)]",22.0
BIOMD0000000765,4,9,0,1000,0.0,0.0,0.0,"[0.0, 0.0, 0.0, 0.0]",3.0,0.0,0.4879778464229674,0.9963440726004604,"[np.float64(0.9963440726004604), 0.0, np.float64(0.4907876213231026), np.float64(0.48516807152283214)]",15.0,0.0,0.12351344850446361,0.9936182740086862,"[np.float64(0.9936182740086862), 0.0, np.float64(0.12198351780364136), np.float64(0.12504337920528585)]",42.0
BIOMD0000000766,5,11,0,1000,0.0,0.0,0.0,"[0.0, 0.0, 0.0, 0.0, 0.0]",3.0,0.0,0.6792341254944234,0.9997448300167784,"[np.float64(0.7071367885359425), 0.0, np.float64(0.6792341254944234), np.float64(0.5127405455172067), np.float64(0.9997448300167784)]",18.0,0.0,0.0,0.0,"[0.0, 0.0, 0.0, 0.0, 0.0]",48.0
BIOMD0000000767,3,5,0,1000,0.0,0.0,0.0,"[0.0, 0.0, 0.0]",2.0,0.0,0.0,0.7561236869693557,"[np.float64(0.7561236869693557), 0.0, 0.0]",7.0,0.0,0.0,0.0,"[0.0, 0.0, 0.0]",13.0
BIOMD0000000768,5,13,0,1000,0.0,0.0,2.220446049250313e-16,"[0.0, 0.0, 0.0, np.float64(2.220446049250313e-16), 0.0]",2.0,0.0,0.8381388403146562,0.8664848827451673,"[0.0, np.float64(0.3362980953564564), np.float64(0.8664848827451673), np.float64(0.8381388403146562), np.float64(0.8664614544705949)]",24.0,0.0,0.0,0.0,"[0.0, 0.0, 0.0, 0.0, 0.0]",79.0
BIOMD0000000769,5,24,0,1000,0.0,0.0,0.0,"[0.0, 0.0, 0.0, 0.0, 0.0]",5.0,0.0,0.02983582154876918,0.9857080356274609,"[0.0, np.float64(0.02983582154876918), 0.0, np.float64(0.9857080356274609), np.float64(0.03858368700310877)]",24.0,0.0,0.0,0.0,"[0.0, 0.0, 0.0, 0.0, 0.0]",38.0
BIOMD0000000770,4,14,0,1000,0.0,0.0,0.0,"[0.0, 0.0, 0.0, 0.0]",4.0,0.0,0.022232295600702168,0.9877389910801652,"[0.0, 0.0, np.float64(0.9877389910801652), np.float64(0.044464591201404335)]",15.0,0.0,0.0,0.0,"[0.0, 0.0, 0.0, 0.0]",31.0
BIOMD0000000771,3,6,0,1000,0.0,0.0,0.0,"[0.0, 0.0, 0.0]",2.0,0.632485828305501,0.9822028540549144,0.9996231169724494,"[np.float64(0.632485828305501), np.float64(0.9996231169724494), np.float64(0.9822028540549144)]",8.0,0.0,0.0,0.9603683980262413,"[0.0, np.float64(0.9603683980262413), 0.0]",13.0
BIOMD0000000772,4,7,0,1000,0.0,0.0,1.1102230246251565e-16,"[np.float64(1.1102230246251565e-16), 0.0, 0.0, 0.0]",3.0,0.0,0.7693095403821872,0.880755227272711,"[np.float64(0.7417866646206996), 0.0, np.float64(0.880755227272711), np.float64(0.7968324161436747)]",15.0,0.0,0.47898242060301466,0.9388939463373591,"[0.0, np.float64(0.053618942539930714), np.float64(0.9388939463373591), np.float64(0.9043458986660986)]",27.0
BIOMD0000000773,3,6,0,1000,0.0,0.0,0.0,"[0.0, 0.0, 0.0]",3.0,0.0,0.0,0.0,"[0.0, 0.0, 0.0]",6.0,0.0,0.0,0.0,"[0.0, 0.0, 0.0]",4.0
BIOMD0000000774,2,4,0,1000,0.0,1.1102230246251565e-16,2.220446049250313e-16,"[np.float64(2.220446049250313e-16), 0.0]",2.0,0.0,0.0,0.0,"[0.0, 0.0]",2.0,0.0,0.0,0.0,"[0.0, 0.0]",2.0
BIOMD0000000775,4,10,0,1000,0.0,0.0,0.0,"[0.0, 0.0, 0.0, 0.0]",1.0,0.0,0.3314458232648216,0.999981590297355,"[0.0, np.float64(0.6628916465296432), 0.0, np.float64(0.999981590297355)]",10.0,0.0,0.0,0.0,"[0.0, 0.0, 0.0, 0.0]",41.0
BIOMD0000000776,2,4,0,1000,0.0,0.0,0.0,"[0.0, 0.0]",2.0,0.0,0.4958506729906132,0.9917013459812264,"[np.float64(0.9917013459812264), 0.0]",4.0,0.0,0.0,0.0,"[0.0, 0.0]",4.0
BIOMD0000000777,3,8,0,1000,0.0,0.0,1.1102230246251565e-16,"[0.0, np.float64(1.1102230246251565e-16), 0.0]",3.0,0.0,0.0,0.9479978404521037,"[0.0, np.float64(0.9479978404521037), 0.0]",8.0,0.0,0.0,0.0,"[0.0, 0.0, 0.0]",12.0
BIOMD0000000778,3,8,0,1000,0.0,0.0,0.0,"[0.0, 0.0, 0.0]",2.0,0.0,0.0,0.9483503851747888,"[0.0, np.float64(0.9483503851747888), 0.0]",7.0,0.0,0.0,0.0,"[0.0, 0.0, 0.0]",8.0
BIOMD0000000779,6,25,0,1000,0.0,0.0,2.220446049250313e-16,"[0.0, 0.0, 0.0, 0.0, 0.0, np.float64(2.220446049250313e-16)]",4.0,0.0,0.0,0.6908927412277925,"[np.float64(0.6908927412277925), 0.0, 0.0, 0.0, 0.0, 0.0]",21.0,0.0,0.0,0.0,"[0.0, 0.0, 0.0, 0.0, 0.0, 0.0]",72.0
BIOMD0000000780,4,12,0,1000,0.0,0.0,0.0,"[0.0, 0.0, 0.0, 0.0]",0.0,0.0,0.0,0.9963047709250196,"[np.float64(0.9963047709250196), 0.0, 0.0, 0.0]",9.0,0.0,0.9999392521341174,0.9999860846275431,"[np.float64(0.9999860846275431), np.float64(0.9999686079553954), np.float64(0.9999098963128393), 0.0]",53.0
BIOMD0000000781,3,8,0,1000,0.0,0.0,0.0,"[0.0, 0.0, 0.0]",0.0,0.0,0.9671721828042006,0.9930233854809196,"[np.float64(0.9671721828042006), 0.0, np.float64(0.9930233854809196)]",10.0,0.0,0.0,0.9999771214455826,"[np.float64(0.9999771214455826), 0.0, 0.0]",25.0
BIOMD0000000782,2,5,0,1000,0.0,0.0,0.0,"[0.0, 0.0]",0.0,0.0,0.48743984115487493,0.9748796823097499,"[np.float64(0.9748796823097499), 0.0]",4.0,0.31514595107495,0.5717970950635913,0.8284482390522325,"[np.float64(0.8284482390522325), np.float64(0.31514595107495)]",5.0
BIOMD0000000783,3,8,0,1000,0.0,0.0,0.0,"[0.0, 0.0, 0.0]",1.0,0.26675176388235866,0.3145989851218446,0.8385529090857831,"[np.float64(0.3145989851218446), np.float64(0.26675176388235866), np.float64(0.8385529090857831)]",11.0,0.0,0.0,0.5309016450386795,"[np.float64(0.5309016450386795), 0.0, 0.0]",19.0
BIOMD0000000784,3,9,0,1000,0.0,0.0,0.0,"[0.0, 0.0, 0.0]",2.0,0.7321808282772216,0.7961981367618438,0.9588224724434057,"[np.float64(0.7321808282772216), np.float64(0.7961981367618438), np.float64(0.9588224724434057)]",12.0,0.9926013614561635,0.9999175957708384,0.9999855484667893,"[np.float64(0.9999855484667893), np.float64(0.9926013614561635), np.float64(0.9999175957708384)]",19.0
BIOMD0000000785,2,5,0,1000,0.0,0.0,0.0,"[0.0, 0.0]",2.0,0.4404268780674212,0.5554664246531225,0.6705059712388237,"[np.float64(0.4404268780674212), np.float64(0.6705059712388237)]",6.0,0.9102351542235579,0.9241291307136658,0.9380231072037736,"[np.float64(0.9380231072037736), np.float64(0.9102351542235579)]",12.0
BIOMD0000000786,15,32,0,1000,0.0,0.0,0.0,"[0.0, 0.0, 0.0, 0.0, 0.0, 0.0, 0.0, 0.0, 0.0, 0.0, 0.0, 0.0, 0.0, 0.0, 0.0]",0.0,0.0,0.0,0.0,"[0.0, 0.0, 0.0, 0.0, 0.0, 0.0, 0.0, 0.0, 0.0, 0.0, 0.0, 0.0, 0.0, 0.0, 0.0]",44.0,0.0,0.0,0.0,"[0.0, 0.0, 0.0, 0.0, 0.0, 0.0, 0.0, 0.0, 0.0, 0.0, 0.0, 0.0, 0.0, 0.0, 0.0]",1765.0
BIOMD0000000787,2,4,0,1000,0.0,0.0,0.0,"[0.0, 0.0]",0.0,0.0,0.11307044290324686,0.22614088580649372,"[np.float64(0.22614088580649372), 0.0]",3.0,0.0,0.0,0.0,"[0.0, 0.0]",6.0
BIOMD0000000788,8,22,0,1000,0.0,0.0,1.1102230246251565e-16,"[0.0, 0.0, np.float64(1.1102230246251565e-16), 0.0, 0.0, 0.0, 0.0, 0.0]",3.0,0.0,0.6388358407601873,0.6567196457261755,"[np.float64(0.6567196457261755), np.float64(0.6390649741183232), np.float64(0.6387060556226515), 0.0, np.float64(0.6500392583906622), np.float64(0.638965625897723), 0.0, 0.0]",57.0,0.0,0.0,0.0,"[0.0, 0.0, 0.0, 0.0, 0.0, 0.0, 0.0, 0.0]",315.0
BIOMD0000000790,4,14,0,1000,0.0,0.0,0.0,"[0.0, 0.0, 0.0, 0.0]",4.0,0.0,0.5956276799444862,0.7486054575392781,"[np.float64(0.48683544206723517), np.float64(0.7044199178217372), 0.0, np.float64(0.7486054575392781)]",15.0,0.0,0.0,0.0,"[0.0, 0.0, 0.0, 0.0]",14.0
BIOMD0000000791,5,11,0,1000,0.0,0.0,0.0,"[0.0, 0.0, 0.0, 0.0, 0.0]",4.0,0.0,0.0,0.9687184061011248,"[np.float64(0.9687184061011248), 0.0, np.float64(0.9360521085806021), 0.0, 0.0]",15.0,0.0,0.0,0.33801872704826774,"[np.float64(0.33801872704826774), 0.0, 0.0, 0.0, np.float64(0.03164497230587826)]",57.0
BIOMD0000000792,6,14,0,1000,0.0,0.0,1.1102230246251565e-16,"[0.0, 0.0, 0.0, 0.0, 0.0, np.float64(1.1102230246251565e-16)]",6.0,0.0,0.9962189630986491,0.9999999740211236,"[0.0, 0.0, np.float64(0.9999999740211236), np.float64(0.9978484782709626), np.float64(0.999987349079473), np.float64(0.9945894479263356)]",24.0,0.0,0.0,0.0,"[0.0, 0.0, 0.0, 0.0, 0.0, 0.0]",36.0
BIOMD0000000793,2,5,0,1000,0.0,0.0,0.0,"[0.0, 0.0]",0.0,0.16157159862428006,0.5788398810997406,0.9961081635752013,"[np.float64(0.9961081635752013), np.float64(0.16157159862428006)]",5.0,0.9999605532870596,0.9999802712507758,0.9999999892144921,"[np.float64(0.9999605532870596), np.float64(0.9999999892144921)]",5.0
BIOMD0000000794,16,32,0,1000,0.0,0.0,0.0,"[0.0, 0.0, 0.0, 0.0, 0.0, 0.0, 0.0, 0.0, 0.0, 0.0, 0.0, 0.0, 0.0, 0.0, 0.0, 0.0]",2.0,0.0,0.0,0.983646073810708,"[0.0, 0.0, 0.0, 0.0, 0.0, 0.0, 0.0, 0.0, 0.0, 0.0, 0.0, 0.0, 0.0, np.float64(0.983646073810708), 0.0, 0.0]",129.0,0.0,0.0,0.0,"[0.0, 0.0, 0.0, 0.0, 0.0, 0.0, 0.0, 0.0, 0.0, 0.0, 0.0, 0.0, 0.0, 0.0, 0.0, 0.0]",1870.0
BIOMD0000000795,2,6,0,1000,0.0,0.0,0.0,"[0.0, 0.0]",0.0,0.0,0.48463720433501895,0.9692744086700379,"[np.float64(0.9692744086700379), 0.0]",3.0,0.9827004845912244,0.9913501261076016,0.9999997676239789,"[np.float64(0.9827004845912244), np.float64(0.9999997676239789)]",8.0
BIOMD0000000796,5,13,0,1000,0.0,0.0,0.0,"[0.0, 0.0, 0.0, 0.0, 0.0]",0.0,0.0,0.9814158461562775,0.9999703002519811,"[0.0, np.float64(0.9999703002519811), np.float64(0.9814158461562775), np.float64(0.9997680646849803), 0.0]",17.0,0.0,0.663199545821932,0.8794212369335325,"[np.float64(0.663199545821932), np.float64(0.8400800706222424), 0.0, np.float64(0.5889589609667629), np.float64(0.8794212369335325)]",92.0
BIOMD0000000798,5,9,0,1000,0.0,0.0,0.0,"[0.0, 0.0, 0.0, 0.0, 0.0]",2.0,0.8983367564969906,0.9611780346018136,0.9999999947033121,"[np.float64(0.9564329243634447), np.float64(0.9611780346018136), np.float64(0.9999998361037828), np.float64(0.8983367564969906), np.float64(0.9999999947033121)]",19.0,0.0,0.9999999999732151,0.9999999999766527,"[np.float64(0.9999999999732151), np.float64(0.9999999999740656), np.float64(0.9999999999766527), np.float64(0.9999954572226207), 0.0]",104.0
BIOMD0000000799,2,4,0,1000,0.0,0.0,0.0,"[0.0, 0.0]",1.0,0.9992991937570822,0.9992991937570872,0.9992991937570923,"[np.float64(0.9992991937570822), np.float64(0.9992991937570923)]",6.0,0.0,0.0,0.0,"[0.0, 0.0]",6.0
BIOMD0000000800,3,6,0,1000,0.0,0.0,1.1102230246251565e-16,"[np.float64(1.1102230246251565e-16), 0.0, 0.0]",3.0,0.0,0.0,0.9724741889679219,"[0.0, 0.0, np.float64(0.9724741889679219)]",6.0,0.0,0.0,0.0,"[0.0, 0.0, 0.0]",7.0
BIOMD0000000801,4,13,0,1000,0.0,0.0,0.0,"[0.0, 0.0, 0.0, 0.0]",0.0,0.0,0.0,0.0,"[0.0, 0.0, 0.0, 0.0]",10.0,0.0,0.0,0.0,"[0.0, 0.0, 0.0, 0.0]",48.0
BIOMD0000000802,4,8,0,1000,0.0,0.0,0.0,"[0.0, 0.0, 0.0, 0.0]",1.0,0.0,0.7835368079075584,0.9999980194436652,"[np.float64(0.9998917685904847), np.float64(0.9999980194436652), 0.0, np.float64(0.5671818472246322)]",14.0,0.0,0.32012746574930584,0.9573443119278934,"[0.0, 0.0, np.float64(0.9573443119278934), np.float64(0.6402549314986117)]",33.0
BIOMD0000000803,9,8,0,1000,0.0,0.0,0.0,"[0.0, 0.0, 0.0, 0.0, 0.0, 0.0, 0.0, 0.0, 0.0]",9.0,0.9833044298109,0.9865349420540469,0.9998620827148575,"[np.float64(0.9865349420540469), np.float64(0.9865041464366779), np.float64(0.9865195455779605), np.float64(0.9833044298109), np.float64(0.9864644854391162), np.float64(0.9993483995499358), np.float64(0.9998620827148575), np.float64(0.9993483995500418), np.float64(0.9998620827148508)]",90.0,0.0,0.0,0.0,"[0.0, 0.0, 0.0, 0.0, 0.0, 0.0, 0.0, 0.0, 0.0]",407.0
BIOMD0000000806,6,25,0,1000,0.0,0.0,0.0,"[0.0, 0.0, 0.0, 0.0, 0.0, 0.0]",4.0,0.0,0.6424698121524652,0.8933928574532993,"[np.float64(0.6798500886879322), np.float64(0.8933928574532993), np.float64(0.6050895356169984), np.float64(0.14017894972683653), 0.0, np.float64(0.828454363407233)]",31.0,0.0,0.0,0.0,"[0.0, 0.0, 0.0, 0.0, 0.0, 0.0]",64.0
BIOMD0000000808,6,15,0,1000,0.0,0.0,2.220446049250313e-16,"[0.0, np.float64(2.220446049250313e-16), 0.0, 0.0, 0.0, 0.0]",4.0,0.0,0.0,0.3765521763642231,"[np.float64(0.3765521763642231), 0.0, 0.0, 0.0, 0.0, 0.0]",22.0,0.0,0.0,0.0,"[0.0, 0.0, 0.0, 0.0, 0.0, 0.0]",54.0
BIOMD0000000811,6,29,0,1000,0.0,0.0,1.1102230246251565e-16,"[0.0, 0.0, 0.0, 0.0, np.float64(1.1102230246251565e-16), 0.0]",6.0,0.0,0.13921311576063805,0.93840182070081,"[0.0, 0.0, np.float64(0.20421617515715407), np.float64(0.8801034839535375), np.float64(0.93840182070081), np.float64(0.07421005636412203)]",22.0,0.0,0.0,0.0,"[0.0, 0.0, 0.0, 0.0, 0.0, 0.0]",39.0
BIOMD0000000812,4,9,0,1000,0.0,0.0,0.0,"[0.0, 0.0, 0.0, 0.0]",2.0,0.0,0.9949111962869259,0.9999996961988121,"[0.0, np.float64(0.9949170028176902), np.float64(0.9949053897561616), np.float64(0.9999996961988121)]",15.0,0.9999995083207005,0.9999997452149187,0.9999999999999989,"[np.float64(0.9999999777265204), np.float64(0.9999995083207005), np.float64(0.9999995127033172), np.float64(0.9999999999999989)]",60.0
BIOMD0000000813,3,8,0,1000,0.0,0.0,0.0,"[0.0, 0.0, 0.0]",1.0,0.0,0.0,0.999955602080223,"[0.0, np.float64(0.999955602080223), 0.0]",8.0,0.0,0.0,0.9446747199015428,"[0.0, np.float64(0.9446747199015428), 0.0]",19.0
BIOMD0000000814,3,5,0,1000,0.0,0.0,0.0,"[0.0, 0.0, 0.0]",1.0,0.0,0.0,0.0,"[0.0, 0.0, 0.0]",3.0,0.0,0.0,0.0,"[0.0, 0.0, 0.0]",0.0
BIOMD0000000815,2,6,0,1000,0.0,0.0,0.0,"[0.0, 0.0]",0.0,0.0,0.0,0.0,"[0.0, 0.0]",1.0,0.999999998976261,0.9999999993549726,0.9999999997336841,"[np.float64(0.9999999997336841), np.float64(0.999999998976261)]",6.0
BIOMD0000000816,6,16,0,1000,0.0,0.0,0.0,"[0.0, 0.0, 0.0, 0.0, 0.0, 0.0]",1.0,0.0,0.0,0.9999999998942062,"[np.float64(0.9999999998942062), 0.0, 0.0, 0.0, 0.0, 0.0]",1.0,0.0,0.0,0.9999999998534645,"[np.float64(0.9999999998534645), 0.0, 0.0, 0.0, 0.0, 0.0]",27.0
BIOMD0000000817,6,13,0,1000,0.0,0.0,1.1102230246251565e-16,"[np.float64(1.1102230246251565e-16), 0.0, 0.0, 0.0, 0.0, 0.0]",1.0,0.0,0.0,0.9999999998942061,"[np.float64(0.9999999998942061), 0.0, 0.0, 0.0, 0.0, 0.0]",1.0,0.0,0.0,0.9999999998534645,"[np.float64(0.9999999998534645), 0.0, 0.0, 0.0, 0.0, 0.0]",27.0
BIOMD0000000818,10,10,0,1000,0.0,0.0,0.0,"[0.0, 0.0, 0.0, 0.0, 0.0, 0.0, 0.0, 0.0, 0.0, 0.0]",3.0,0.0,0.0,0.9925600763336403,"[np.float64(0.9633566897397056), 0.0, 0.0, 0.0, 0.0, 0.0, 0.0, np.float64(0.9925600763336403), np.float64(0.9675485126597638), 0.0]",94.0,0.0,0.0,0.99268764756752,"[np.float64(0.9190475990541923), 0.0, 0.0, 0.0, 0.0, 0.0, 0.0, np.float64(0.99268764756752), np.float64(0.7966957815161945), np.float64(0.08949731882399314)]",591.0
BIOMD0000000819,10,30,0,1000,0.0,0.0,2.220446049250313e-16,"[0.0, 0.0, np.float64(1.1102230246251565e-16), 0.0, 0.0, 0.0, 0.0, 0.0, np.float64(2.220446049250313e-16), 0.0]",8.0,0.0,0.0,0.999999997310563,"[np.float64(0.9923829541679239), 0.0, np.float64(0.9895655344166362), np.float64(0.999999997310563), 0.0, 0.0, 0.0, 0.0, 0.0, 0.0]",88.0,0.0,0.0,0.0,"[0.0, 0.0, 0.0, 0.0, 0.0, 0.0, 0.0, 0.0, 0.0, 0.0]",431.0
BIOMD0000000820,7,7,0,1000,0.0,0.0,2.220446049250313e-16,"[0.0, np.float64(1.1102230246251565e-16), np.float64(2.220446049250313e-16), 0.0, 0.0, 0.0, 0.0]",7.0,0.0,0.8290742300500769,0.9999999971372505,"[np.float64(0.8290742300500769), 0.0, np.float64(0.7361773914073242), np.float64(0.9999586351554792), np.float64(0.9145196796064022), np.float64(0.9999999971372505), 0.0]",39.0,0.0,0.0,0.8378017860783352,"[0.0, 0.0, 0.0, 0.0, 0.0, np.float64(0.8378017860783352), 0.0]",138.0
BIOMD0000000821,3,7,0,1000,0.0,0.0,0.0,"[0.0, 0.0, 0.0]",2.0,0.0,0.8265047887393875,0.9244574648254611,"[np.float64(0.9244574648254611), np.float64(0.8265047887393875), 0.0]",8.0,0.0,0.0,0.0,"[0.0, 0.0, 0.0]",12.0
BIOMD0000000822,8,13,0,1000,0.0,0.0,0.0,"[0.0, 0.0, 0.0, 0.0, 0.0, 0.0, 0.0, 0.0]",0.0,0.0,0.0,0.0,"[0.0, 0.0, 0.0, 0.0, 0.0, 0.0, 0.0, 0.0]",1.0,0.0,0.0,0.0,"[0.0, 0.0, 0.0, 0.0, 0.0, 0.0, 0.0, 0.0]",5.0
BIOMD0000000823,16,18,0,1000,0.0,0.0,2.220446049250313e-16,"[0.0, 0.0, np.float64(2.220446049250313e-16), 0.0, 0.0, 0.0, 0.0, 0.0, 0.0, 0.0, 0.0, 0.0, 0.0, 0.0, 0.0, 0.0]",10.0,0.0,0.15796334380363397,0.8445410017659328,"[0.0, 0.0, 0.0, 0.0, 0.0, np.float64(0.6245707780744698), np.float64(0.6245707780744749), np.float64(0.5328085156677842), np.float64(0.5004212274532784), np.float64(0.585606975323828), 0.0, 0.0, np.float64(0.31592668760726794), np.float64(0.5809038099297303), np.float64(0.8445410017659328), 0.0]",114.0,0.0,0.0,0.0,"[0.0, 0.0, 0.0, 0.0, 0.0, 0.0, 0.0, 0.0, 0.0, 0.0, 0.0, 0.0, 0.0, 0.0, 0.0, 0.0]",950.0
BIOMD0000000824,1,3,0,1000,0.0,0.0,0.0,[0.0],1.0,0.0,0.0,0.0,[0.0],1.0,0.0,0.0,0.0,[0.0],1.0
BIOMD0000000826,13,25,0,1000,0.0,0.0,2.220446049250313e-16,"[0.0, 0.0, 0.0, 0.0, np.float64(2.220446049250313e-16), 0.0, 0.0, 0.0, 0.0, np.float64(1.1102230246251565e-16), 0.0, np.float64(1.1102230246251565e-16), 0.0]",5.0,0.0,0.0,0.9975400904968635,"[np.float64(0.5612668920480557), np.float64(0.9975400904968635), 0.0, 0.0, 0.0, 0.0, 0.0, 0.0, 0.0, np.float64(0.7735866924948978), 0.0, np.float64(0.7708243646987819), 0.0]",112.0,0.0,0.0,0.0,"[0.0, 0.0, 0.0, 0.0, 0.0, 0.0, 0.0, 0.0, 0.0, 0.0, 0.0, 0.0, 0.0]",999.0
BIOMD0000000827,10,9,0,1000,0.0,0.0,0.0,"[0.0, 0.0, 0.0, 0.0, 0.0, 0.0, 0.0, 0.0, 0.0, 0.0]",0.0,0.0,0.0,0.0,"[0.0, 0.0, 0.0, 0.0, 0.0, 0.0, 0.0, 0.0, 0.0, 0.0]",0.0,0.0,0.0,0.0,"[0.0, 0.0, 0.0, 0.0, 0.0, 0.0, 0.0, 0.0, 0.0, 0.0]",0.0
BIOMD0000000828,5,12,0,1000,0.0,0.0,1.1102230246251565e-16,"[0.0, np.float64(1.1102230246251565e-16), 0.0, 0.0, 0.0]",4.0,0.8386102787200883,0.9853474889096043,0.9970857855237855,"[np.float64(0.9970857855237855), np.float64(0.9965691171441299), np.float64(0.9853474889096043), np.float64(0.9821236100003546), np.float64(0.8386102787200883)]",24.0,0.0,0.7207352623223524,0.983080653850692,"[np.float64(0.7207352623223524), np.float64(0.983080653850692), np.float64(0.9493487802595907), 0.0, 0.0]",104.0
BIOMD0000000829,11,28,0,1000,0.0,0.0,0.0,"[0.0, 0.0, 0.0, 0.0, 0.0, 0.0, 0.0, 0.0, 0.0, 0.0, 0.0]",2.0,0.0,0.0,0.39071932016955957,"[0.0, 0.0, 0.0, 0.0, 0.0, np.float64(0.28946338416873907), np.float64(0.39071932016955957), 0.0, 0.0, np.float64(0.23824208571395977), 0.0]",80.0,0.0,0.0,0.0,"[0.0, 0.0, 0.0, 0.0, 0.0, 0.0, 0.0, 0.0, 0.0, 0.0, 0.0]",514.0
BIOMD0000000830,6,7,0,1000,0.0,0.0,0.0,"[0.0, 0.0, 0.0, 0.0, 0.0, 0.0]",2.0,0.0,0.37491189823558574,0.9998990045716423,"[np.float64(0.7498237964711715), np.float64(0.9947368595118051), 0.0, 0.0, 0.0, np.float64(0.9998990045716423)]",8.0,0.0,0.9999999995142419,0.9999999999560714,"[np.float64(0.999999999793635), np.float64(0.9999999992348488), np.float64(0.9999999998833127), 0.0, 0.0, np.float64(0.9999999999560714)]",161.0
BIOMD0000000832,20,26,0,1000,0.0,0.0,1.1102230246251565e-16,"[0.0, 0.0, 0.0, 0.0, 0.0, 0.0, 0.0, np.float64(1.1102230246251565e-16), 0.0, 0.0, 0.0, 0.0, 0.0, 0.0, 0.0, 0.0, 0.0, 0.0, 0.0, 0.0]",13.0,0.0,0.920212229199096,0.999110441843281,"[np.float64(0.9312780744545127), np.float64(0.9202621799682734), 0.0, np.float64(0.999110441843281), np.float64(0.9495251528887038), np.float64(0.9201622784299186), np.float64(0.9895308750493059), np.float64(0.9577258645497425), np.float64(0.9977304050156004), np.float64(0.7908741881930865), np.float64(0.7908741881930864), np.float64(0.99798305748331), 0.0, np.float64(0.9854704660513881), 0.0, np.float64(0.4379935670825853), np.float64(0.43799356729683014), np.float64(0.06951782067624246), np.float64(0.06951782066369183), np.float64(0.931278074454513)]",302.0,0.0,0.0,0.0,"[0.0, 0.0, 0.0, 0.0, 0.0, 0.0, 0.0, 0.0, 0.0, 0.0, 0.0, 0.0, 0.0, 0.0, 0.0, 0.0, 0.0, 0.0, 0.0, 0.0]",3230.0
BIOMD0000000833,61,83,0,1000,0.0,0.0,2.220446049250313e-16,"[0.0, 0.0, 0.0, 0.0, 0.0, np.float64(2.220446049250313e-16), 0.0, 0.0, 0.0, 0.0, 0.0, 0.0, 0.0, np.float64(1.1102230246251565e-16), 0.0, 0.0, 0.0, 0.0, 0.0, 0.0, 0.0, 0.0, np.float64(1.1102230246251565e-16), 0.0, 0.0, 0.0, 0.0, 0.0, 0.0, 0.0, 0.0, 0.0, 0.0, 0.0, 0.0, 0.0, 0.0, 0.0, 0.0, 0.0, 0.0, 0.0, 0.0, 0.0, 0.0, np.float64(1.1102230246251565e-16), 0.0, np.float64(1.1102230246251565e-16), np.float64(1.1102230246251565e-16), 0.0, 0.0, 0.0, 0.0, 0.0, 0.0, 0.0, 0.0, 0.0, 0.0, 0.0, 0.0]",58.0,0.0,0.9835686435578883,0.9999860513794333,"[np.float64(0.9988126290568806), np.float64(0.9971995540909802), 0.0, np.float64(0.993055400893025), np.float64(0.9944238289413467), np.float64(0.9835686441759911), np.float64(0.9991317881705072), np.float64(0.9960569607702301), np.float64(0.9983939206262749), np.float64(0.9979331450126677), np.float64(0.9998445151823224), np.float64(0.999842990608402), 0.0, np.float64(0.9212375040553921), np.float64(0.9881028007389836), 0.0, np.float64(0.9999860513794333), 0.0, np.float64(0.993855716805955), np.float64(0.9996060721862371), 0.0, np.float64(0.9867217905351142), 0.0, np.float64(0.9891821016902816), 0.0, 0.0, 0.0, 0.0, 0.0, np.float64(0.20194015950472588), 0.0, np.float64(0.9913208378948679), np.float64(0.9908337239378359), np.float64(0.8898905686236682), np.float64(0.9979331449996808), np.float64(0.9835686435578883), np.float64(0.9212375033221194), np.float64(0.9874784884572677), np.float64(0.9938557169537743), 0.0, np.float64(0.9999860513793072), 0.0, 0.0, np.float64(0.9891821017136351), 0.0, 0.0, 0.0, 0.0, np.float64(0.9931691605089121), np.float64(0.9944238437459344), np.float64(0.9904548911865434), np.float64(0.9912425357744964), np.float64(0.9867217905850958), 0.0, 0.0, np.float64(0.9917562876143581), 0.0, 0.0, 0.0, 0.0, 0.0]",3320.0,0.0,0.0,0.0,"[0.0, 0.0, 0.0, 0.0, 0.0, 0.0, 0.0, 0.0, 0.0, 0.0, 0.0, 0.0, 0.0, 0.0, 0.0, 0.0, 0.0, 0.0, 0.0, 0.0, 0.0, 0.0, 0.0, 0.0, 0.0, 0.0, 0.0, 0.0, 0.0, 0.0, 0.0, 0.0, 0.0, 0.0, 0.0, 0.0, 0.0, 0.0, 0.0, 0.0, 0.0, 0.0, 0.0, 0.0, 0.0, 0.0, 0.0, 0.0, 0.0, 0.0, 0.0, 0.0, 0.0, 0.0, 0.0, 0.0, 0.0, 0.0, 0.0, 0.0, 0.0]",25656.0
BIOMD0000000834,75,134,0,1000,0.0,0.0,0.0,"[0.0, 0.0, 0.0, 0.0, 0.0, 0.0, 0.0, 0.0, 0.0, 0.0, 0.0, 0.0, 0.0, 0.0, 0.0, 0.0, 0.0, 0.0, 0.0, 0.0, 0.0, 0.0, 0.0, 0.0, 0.0, 0.0, 0.0, 0.0, 0.0, 0.0, 0.0, 0.0, 0.0, 0.0, 0.0, 0.0, 0.0, 0.0, 0.0, 0.0, 0.0, 0.0, 0.0, 0.0, 0.0, 0.0, 0.0, 0.0, 0.0, 0.0, 0.0, 0.0, 0.0, 0.0, 0.0, 0.0, 0.0, 0.0, 0.0, 0.0, 0.0, 0.0, 0.0, 0.0, 0.0, 0.0, 0.0, 0.0, 0.0, 0.0, 0.0, 0.0, 0.0, 0.0, 0.0]",0.0,0.0,0.9321179803781254,0.9784150528051964,"[np.float64(0.9637718319670289), np.float64(0.949937521060128), np.float64(0.9095609210366243), 0.0, np.float64(0.963771873209034), np.float64(0.9470537586460929), 0.0, np.float64(0.9610407279649134), np.float64(0.7051493708779428), np.float64(0.9610407368705902), np.float64(0.9509404890730363), np.float64(0.9096722578579834), np.float64(0.9508259373874348), 0.0, np.float64(0.9509404958490675), np.float64(0.9311833296823675), 0.0, 0.0, np.float64(0.9433733795680915), np.float64(0.9311833371270977), 0.0, np.float64(0.694980739298437), np.float64(0.928653542541488), np.float64(0.9183236489069334), np.float64(0.9183236447620295), np.float64(0.9321179964681533), np.float64(0.9518929384570209), 0.0, np.float64(0.8926039700768351), np.float64(0.9321179803781254), np.float64(0.9645207801974364), np.float64(0.9521266188683772), 0.0, np.float64(0.9073669593415088), np.float64(0.9645207810755515), 0.0, np.float64(0.899864386968881), np.float64(0.9641512920394696), np.float64(0.9677601639632826), np.float64(0.9677601640618023), np.float64(0.8740227916896985), np.float64(0.9757442244581305), 0.0, np.float64(0.9495359398386676), np.float64(0.9757442252852916), 0.0, np.float64(0.9058993671111295), np.float64(0.9421083306945178), np.float64(0.9780215377858168), np.float64(0.9780215372538225), np.float64(0.6523549113608458), np.float64(0.9631783172145943), np.float64(0.9775233143360156), 0.0, np.float64(0.8725839734362729), np.float64(0.9625579765767049), np.float64(0.9596871900885409), 0.0, np.float64(0.8760085072879396), np.float64(0.9453894202299079), np.float64(0.9710655822259749), 0.0, np.float64(0.9003867633516951), np.float64(0.9272722508851393), np.float64(0.9784150524921054), 0.0, np.float64(0.8956076045445502), np.float64(0.9261546323679863), np.float64(0.9740424864691155), 0.0, np.float64(0.9775233123252026), np.float64(0.9596872000955142), np.float64(0.9710655844076341), np.float64(0.9784150528051964), np.float64(0.9740424867491232)]",5606.0,0.0,0.0,0.0,"[0.0, 0.0, 0.0, 0.0, 0.0, 0.0, 0.0, 0.0, 0.0, 0.0, 0.0, 0.0, 0.0, 0.0, 0.0, 0.0, 0.0, 0.0, 0.0, 0.0, 0.0, 0.0, 0.0, 0.0, 0.0, 0.0, 0.0, 0.0, 0.0, 0.0, 0.0, 0.0, 0.0, 0.0, 0.0, 0.0, 0.0, 0.0, 0.0, 0.0, 0.0, 0.0, 0.0, 0.0, 0.0, 0.0, 0.0, 0.0, 0.0, 0.0, 0.0, 0.0, 0.0, 0.0, 0.0, 0.0, 0.0, 0.0, 0.0, 0.0, 0.0, 0.0, 0.0, 0.0, 0.0, 0.0, 0.0, 0.0, 0.0, 0.0, 0.0, 0.0, 0.0, 0.0, 0.0]",197039.0
BIOMD0000000835,31,37,0,1000,0.0,0.0,3.3306690738754696e-16,"[0.0, 0.0, 0.0, 0.0, 0.0, 0.0, 0.0, 0.0, 0.0, 0.0, 0.0, 0.0, 0.0, 0.0, 0.0, 0.0, 0.0, np.float64(1.1102230246251565e-16), 0.0, 0.0, 0.0, 0.0, 0.0, 0.0, np.float64(1.1102230246251565e-16), 0.0, np.float64(2.220446049250313e-16), np.float64(3.3306690738754696e-16), 0.0, 0.0, 0.0]",10.0,0.027348052681104296,0.8942562382545746,0.9999997728160711,"[np.float64(0.9999997728160711), np.float64(0.9999974025359627), np.float64(0.9999396655692703), np.float64(0.9999615724547514), np.float64(0.9988726068217206), np.float64(0.9999734515968541), np.float64(0.8541575247918786), np.float64(0.8431760002982788), np.float64(0.885552153227509), np.float64(0.8942562382545746), np.float64(0.8667896440618045), np.float64(0.8760198877483464), np.float64(0.8876863523092041), np.float64(0.8327581658715482), np.float64(0.8970872903271829), np.float64(0.8497305347043451), np.float64(0.9402286800913273), np.float64(0.9499887498091062), np.float64(0.8175894490472462), np.float64(0.8673167088438555), np.float64(0.9601341992500708), np.float64(0.7913966204950875), np.float64(0.9062999056144737), np.float64(0.9195719210037288), np.float64(0.8092747401738333), np.float64(0.8095310846708061), np.float64(0.8672599409031548), np.float64(0.993847937598588), np.float64(0.9956841578478313), np.float64(0.9956874293344867), np.float64(0.027348052681104296)]",958.0,0.0,0.0,0.4545576268587781,"[0.0, 0.0, 0.0, np.float64(0.4545576268587781), 0.0, 0.0, 0.0, 0.0, 0.0, 0.0, 0.0, 0.0, 0.0, 0.0, 0.0, 0.0, 0.0, 0.0, 0.0, 0.0, 0.0, 0.0, 0.0, 0.0, 0.0, 0.0, 0.0, 0.0, 0.0, 0.0, 0.0]",15828.0
BIOMD0000000836,2,0,0,1000,0.0,5.551115123125783e-17,1.1102230246251565e-16,"[0.0, np.float64(1.1102230246251565e-16)]",2.0,0.728677013078584,0.8520589410841211,0.975440869089658,"[np.float64(0.975440869089658), np.float64(0.728677013078584)]",5.0,0.9999999947793757,0.9999999973677258,0.9999999999560758,"[np.float64(0.9999999999560758), np.float64(0.9999999947793757)]",7.0
BIOMD0000000837,8,17,0,1000,0.0,0.0,0.0,"[0.0, 0.0, 0.0, 0.0, 0.0, 0.0, 0.0, 0.0]",3.0,0.0,0.0,0.9554635455873625,"[0.0, 0.0, 0.0, 0.0, 0.0, np.float64(0.9554635455873625), 0.0, 0.0]",48.0,0.0,0.0,0.9935868044215309,"[0.0, 0.0, 0.0, 0.0, 0.0, np.float64(0.9935868044215309), 0.0, 0.0]",208.0
BIOMD0000000839,8,20,0,1000,0.0,0.0,0.0,"[0.0, 0.0, 0.0, 0.0, 0.0, 0.0, 0.0, 0.0]",5.0,0.5693727681949188,0.8771314731204352,0.9996157354363344,"[np.float64(0.8913614596784114), np.float64(0.5693727681949188), np.float64(0.9993424847052664), np.float64(0.5812736297074751), np.float64(0.9996157354363344), np.float64(0.755702251985759), np.float64(0.998065691072807), np.float64(0.8629014865624588)]",64.0,0.0,0.0,0.0,"[0.0, 0.0, 0.0, 0.0, 0.0, 0.0, 0.0, 0.0]",269.0
BIOMD0000000840,5,11,0,1000,0.0,0.0,3.3306690738754696e-16,"[0.0, 0.0, 0.0, 0.0, np.float64(3.3306690738754696e-16)]",5.0,0.9121483788255379,0.9995148908297837,0.9998018436528088,"[np.float64(0.9998018436528088), np.float64(0.9995148908297837), np.float64(0.9996787910689167), np.float64(0.9718777741571298), np.float64(0.9121483788255379)]",25.0,0.0,0.0,0.0,"[0.0, 0.0, 0.0, 0.0, 0.0]",36.0
BIOMD0000000842,20,26,0,1000,0.0,0.0,0.0,"[0.0, 0.0, 0.0, 0.0, 0.0, 0.0, 0.0, 0.0, 0.0, 0.0, 0.0, 0.0, 0.0, 0.0, 0.0, 0.0, 0.0, 0.0, 0.0, 0.0]",0.0,0.0,0.9579221820137577,0.9994980287154865,"[np.float64(0.9665991485368077), np.float64(0.9267938713701516), np.float64(0.9978205007303868), np.float64(0.9579221820137561), np.float64(0.9579221820137592), np.float64(0.9590163229377133), np.float64(0.959016322937678), np.float64(0.9968292907326497), np.float64(0.9994980287154865), np.float64(0.9867998155716883), 0.0, np.float64(0.92679387137017), np.float64(0.9703692806506871), np.float64(0.9867998155716986), 0.0, 0.0, 0.0, 0.0, 0.0, 0.0]",298.0,0.0,0.0,0.7733915895883965,"[0.0, np.float64(0.04945338865069515), 0.0, 0.0, 0.0, np.float64(0.7733915895883965), np.float64(0.7733915885364151), 0.0, 0.0, 0.0, 0.0, np.float64(0.049453387412590866), 0.0, 0.0, 0.0, 0.0, 0.0, 0.0, 0.0, 0.0]",3230.0
BIOMD0000000843,10,15,0,1000,0.0,0.0,2.220446049250313e-16,"[np.float64(2.220446049250313e-16), 0.0, 0.0, 0.0, np.float64(2.220446049250313e-16), 0.0, 0.0, 0.0, 0.0, 0.0]",3.0,0.0,0.0,0.9999951361018206,"[np.float64(0.9412972248134183), 0.0, 0.0, 0.0, np.float64(0.9824337965996788), 0.0, 0.0, 0.0, np.float64(0.9999951361018206), 0.0]",53.0,0.0,0.0,0.9947093659350992,"[0.0, 0.0, 0.0, 0.0, np.float64(0.9947093659350992), 0.0, 0.0, 0.0, 0.0, 0.0]",509.0
BIOMD0000000844,9,10,0,1000,0.0,0.0,0.0,"[0.0, 0.0, 0.0, 0.0, 0.0, 0.0, 0.0, 0.0, 0.0]",0.0,0.0,0.0,0.0,"[0.0, 0.0, 0.0, 0.0, 0.0, 0.0, 0.0, 0.0, 0.0]",42.0,0.0,0.0,0.0,"[0.0, 0.0, 0.0, 0.0, 0.0, 0.0, 0.0, 0.0, 0.0]",412.0
BIOMD0000000845,3,7,0,1000,0.0,0.0,0.0,"[0.0, 0.0, 0.0]",3.0,0.5293939731487203,0.6429736675890496,0.7991960297670349,"[np.float64(0.6429736675890496), np.float64(0.5293939731487203), np.float64(0.7991960297670349)]",10.0,0.0,0.0,0.826161842516415,"[0.0, 0.0, np.float64(0.826161842516415)]",10.0
BIOMD0000000847,4,6,0,1000,0.0,0.0,0.0,"[0.0, 0.0, 0.0, 0.0]",1.0,0.0,0.3776515226269818,0.9611425145037455,"[0.0, np.float64(0.9611425145037455), np.float64(0.19715017924136513), np.float64(0.5581528660125985)]",18.0,0.29316671192823396,0.8041010228601341,0.99512220597964,"[np.float64(0.9948728245122849), np.float64(0.99512220597964), np.float64(0.29316671192823396), np.float64(0.6133292212079833)]",60.0
BIOMD0000000848,9,21,0,1000,0.0,0.0,2.220446049250313e-16,"[0.0, 0.0, 0.0, 0.0, 0.0, np.float64(2.220446049250313e-16), 0.0, 0.0, 0.0]",6.0,0.9871877544274432,0.9967520539161261,0.9999443165253702,"[np.float64(0.9967520539161261), np.float64(0.9948462204103459), np.float64(0.9871877544274432), np.float64(0.9966479816826314), np.float64(0.9995333699572232), np.float64(0.9999443165253702), np.float64(0.9959069089644579), np.float64(0.9974765147123489), np.float64(0.9972857085636542)]",83.0,0.0,0.6364400107981394,0.9930109425199333,"[0.0, 0.0, np.float64(0.9416079275878787), np.float64(0.9928625469865506), np.float64(0.9802554470369839), np.float64(0.9930109425199333), 0.0, np.float64(0.6364400107981394), 0.0]",495.0
BIOMD0000000849,13,23,0,1000,0.0,0.0,0.0,"[0.0, 0.0, 0.0, 0.0, 0.0, 0.0, 0.0, 0.0, 0.0, 0.0, 0.0, 0.0, 0.0]",8.0,0.0,0.9797429068764073,0.9999961409760687,"[0.0, 0.0, np.float64(0.9974276990154507), np.float64(0.9318112477299711), np.float64(0.9907149431884296), np.float64(0.45031594799319474), 0.0, np.float64(0.9993887556218901), 0.0, np.float64(0.995964495562175), np.float64(0.9797429068764073), np.float64(0.9906088323389791), np.float64(0.9999961409760687)]",161.0,0.0,0.0,0.0,"[0.0, 0.0, 0.0, 0.0, 0.0, 0.0, 0.0, 0.0, 0.0, 0.0, 0.0, 0.0, 0.0]",1041.0
BIOMD0000000850,3,4,0,1000,0.0,1.1102230246251565e-16,2.220446049250313e-16,"[0.0, np.float64(1.1102230246251565e-16), np.float64(2.220446049250313e-16)]",3.0,0.0,0.0,0.9996412484566909,"[0.0, np.float64(0.9996412484566909), 0.0]",8.0,0.0,0.9999735924649321,0.9999993874788097,"[np.float64(0.9999735924649321), np.float64(0.9999993874788097), 0.0]",27.0
BIOMD0000000851,5,4,0,1000,0.0,0.0,2.220446049250313e-16,"[0.0, 0.0, 0.0, 0.0, np.float64(2.220446049250313e-16)]",2.0,0.9808437917555998,0.994298073007286,0.9999999958931839,"[np.float64(0.9998570368444302), np.float64(0.994298073007286), np.float64(0.9808437917555998), np.float64(0.9853900759993027), np.float64(0.9999999958931839)]",22.0,0.0,0.258130333563764,0.935938168392966,"[np.float64(0.935938168392966), 0.0, np.float64(0.1895581540220208), np.float64(0.258130333563764), np.float64(0.8631549427811119)]",96.0
BIOMD0000000852,6,15,0,1000,0.0,0.0,2.220446049250313e-16,"[0.0, 0.0, 0.0, 0.0, np.float64(2.220446049250313e-16), 0.0]",5.0,0.0,0.0,0.8757080376795967,"[0.0, np.float64(0.8757080376795967), 0.0, 0.0, 0.0, 0.0]",29.0,0.0,0.0,0.0,"[0.0, 0.0, 0.0, 0.0, 0.0, 0.0]",62.0
BIOMD0000000853,9,21,0,1000,0.0,0.0,0.0,"[0.0, 0.0, 0.0, 0.0, 0.0, 0.0, 0.0, 0.0, 0.0]",1.0,0.0,0.7845800026649243,0.9684789793771004,"[np.float64(0.9684789793771004), np.float64(0.9595080370846074), np.float64(0.9640282400760635), np.float64(0.9660105220178767), 0.0, 0.0, 0.0, 0.0, np.float64(0.7845800026649243)]",80.0,0.7421701329277938,0.9354319835603242,0.9999854638557987,"[np.float64(0.7792641494203472), np.float64(0.7421701329277938), np.float64(0.7478024126560783), np.float64(0.7618010321503235), np.float64(0.9354319835603242), np.float64(0.9998586992548297), np.float64(0.9999854638557987), np.float64(0.99997346164561), np.float64(0.9504196695955677)]",495.0
BIOMD0000000854,4,7,0,1000,0.0,0.0,0.0,"[0.0, 0.0, 0.0, 0.0]",0.0,0.9999991162331131,0.9999994421932075,0.99999970164591,"[np.float64(0.9999996291225967), np.float64(0.9999992552638183), np.float64(0.99999970164591), np.float64(0.9999991162331131)]",20.0,0.9999995417255866,0.9999997107270244,0.9999998452261009,"[np.float64(0.9999998076436765), np.float64(0.9999996138103725), np.float64(0.9999998452261009), np.float64(0.9999995417255866)]",60.0
BIOMD0000000855,4,12,0,1000,0.0,0.0,2.220446049250313e-16,"[0.0, np.float64(2.220446049250313e-16), 0.0, 0.0]",1.0,0.8504731314132408,0.9555386640753625,0.9964196289340448,"[np.float64(0.9859425252879008), np.float64(0.9964196289340448), np.float64(0.8504731314132408), np.float64(0.925134802862824)]",15.0,0.9431670247229357,0.9964836979803681,0.9999871730425938,"[np.float64(0.9940000978971096), np.float64(0.9999871730425938), np.float64(0.9431670247229357), np.float64(0.9989672980636265)]",55.0
BIOMD0000000860,3,5,0,1000,0.0,0.0,1.1102230246251565e-16,"[0.0, 0.0, np.float64(1.1102230246251565e-16)]",3.0,0.0,0.0,0.0,"[0.0, 0.0, 0.0]",1.0,0.0,0.0,0.0,"[0.0, 0.0, 0.0]",9.0
BIOMD0000000861,26,36,0,1000,0.0,0.0,0.0,"[0.0, 0.0, 0.0, 0.0, 0.0, 0.0, 0.0, 0.0, 0.0, 0.0, 0.0, 0.0, 0.0, 0.0, 0.0, 0.0, 0.0, 0.0, 0.0, 0.0, 0.0, 0.0, 0.0, 0.0, 0.0, 0.0]",10.0,0.0,0.0,0.999994722995809,"[0.0, 0.0, 0.0, 0.0, 0.0, 0.0, 0.0, 0.0, 0.0, 0.0, 0.0, np.float64(0.9838896531964859), np.float64(0.999994722995809), np.float64(0.9999719519170227), np.float64(0.98702127512497), np.float64(0.9999817191592467), 0.0, np.float64(0.3136261047835617), 0.0, np.float64(0.9896772875088905), np.float64(0.9988932138864391), np.float64(0.9154454982267312), np.float64(0.9990235560901023), 0.0, 0.0, 0.0]",329.0,0.0,0.0,0.0,"[0.0, 0.0, 0.0, 0.0, 0.0, 0.0, 0.0, 0.0, 0.0, 0.0, 0.0, 0.0, 0.0, 0.0, 0.0, 0.0, 0.0, 0.0, 0.0, 0.0, 0.0, 0.0, 0.0, 0.0, 0.0, 0.0]",4279.0
BIOMD0000000862,8,11,0,1000,0.0,0.0,0.0,"[0.0, 0.0, 0.0, 0.0, 0.0, 0.0, 0.0, 0.0]",2.0,0.0,0.0,0.5987846050629712,"[0.0, np.float64(0.5987846050629712), 0.0, np.float64(0.5830433428092292), 0.0, 0.0, 0.0, np.float64(0.5830433428091651)]",15.0,0.0,0.0,0.0,"[0.0, 0.0, 0.0, 0.0, 0.0, 0.0, 0.0, 0.0]",114.0
BIOMD0000000863,6,13,0,1000,0.0,0.0,0.0,"[0.0, 0.0, 0.0, 0.0, 0.0, 0.0]",3.0,0.0,0.42587293338601084,0.9944603571609677,"[np.float64(0.8517458667720217), 0.0, np.float64(0.9944603571609677), np.float64(0.8821804442471175), 0.0, 0.0]",22.0,0.0,0.0,0.0,"[0.0, 0.0, 0.0, 0.0, 0.0, 0.0]",59.0
BIOMD0000000864,6,9,0,1000,0.0,0.0,0.0,"[0.0, 0.0, 0.0, 0.0, 0.0, 0.0]",0.0,0.0,0.0,0.0,"[0.0, 0.0, 0.0, 0.0, 0.0, 0.0]",17.0,0.0,0.0,0.0,"[0.0, 0.0, 0.0, 0.0, 0.0, 0.0]",115.0
BIOMD0000000865,4,8,0,1000,0.0,0.0,0.0,"[0.0, 0.0, 0.0, 0.0]",4.0,0.991476797527043,0.9953287271065762,0.9997409947776499,"[np.float64(0.9997409947776499), np.float64(0.9970611463712467), np.float64(0.991476797527043), np.float64(0.9935963078419057)]",20.0,0.9999999980600813,0.9999999990960668,0.9999999999480625,"[np.float64(0.9999999999480625), np.float64(0.9999999997007245), np.float64(0.9999999984914092), np.float64(0.9999999980600813)]",60.0
BIOMD0000000866,3,4,0,1000,0.0,0.0,0.0,"[0.0, 0.0, 0.0]",1.0,0.0,0.0,0.0,"[0.0, 0.0, 0.0]",4.0,0.0,0.0,0.0,"[0.0, 0.0, 0.0]",10.0
BIOMD0000000867,10,31,0,1000,0.0,0.0,2.220446049250313e-16,"[0.0, 0.0, np.float64(2.220446049250313e-16), np.float64(2.220446049250313e-16), 0.0, 0.0, 0.0, 0.0, 0.0, 0.0]",8.0,0.0,0.9996480863101354,0.9999994171847009,"[np.float64(0.9999987922856269), 0.0, np.float64(0.998483435786045), np.float64(0.9999994171847009), np.float64(0.9998257092085402), np.float64(0.9997974427200956), np.float64(0.9995567898849866), np.float64(0.978266156262759), np.float64(0.9997393827352841), 0.0]",86.0,0.0,0.5041218531822382,0.9996828352576128,"[np.float64(0.6633081163753265), 0.0, np.float64(0.9996828352576128), np.float64(0.979747072768043), 0.0, 0.0, np.float64(0.9940201512571761), 0.0, np.float64(0.9939034086769513), np.float64(0.3449355899891501)]",290.0
BIOMD0000000868,4,5,0,1000,0.0,0.0,1.1102230246251565e-16,"[0.0, np.float64(1.1102230246251565e-16), 0.0, 0.0]",1.0,0.0,0.0,0.0,"[0.0, 0.0, 0.0, 0.0]",4.0,0.0,0.0,0.0,"[0.0, 0.0, 0.0, 0.0]",0.0
BIOMD0000000869,4,7,0,1000,0.0,0.0,0.0,"[0.0, 0.0, 0.0, 0.0]",1.0,0.0,0.0,0.989898491457408,"[np.float64(0.989898491457408), 0.0, 0.0, 0.0]",8.0,0.0,0.0,0.0,"[0.0, 0.0, 0.0, 0.0]",25.0
BIOMD0000000870,6,9,0,1000,0.0,0.0,2.220446049250313e-16,"[0.0, np.float64(2.220446049250313e-16), 0.0, 0.0, 0.0, 0.0]",1.0,0.0,0.0,0.0,"[0.0, 0.0, 0.0, 0.0, 0.0, 0.0]",13.0,0.0,0.0,0.0,"[0.0, 0.0, 0.0, 0.0, 0.0, 0.0]",88.0
BIOMD0000000871,8,13,0,1000,0.0,0.0,0.0,"[0.0, 0.0, 0.0, 0.0, 0.0, 0.0, 0.0, 0.0]",2.0,0.0,0.0,0.0,"[0.0, 0.0, 0.0, 0.0, 0.0, 0.0, 0.0, 0.0]",37.0,0.0,0.0,0.0,"[0.0, 0.0, 0.0, 0.0, 0.0, 0.0, 0.0, 0.0]",205.0
BIOMD0000000873,29,38,0,1000,0.0,0.0,4.440892098500626e-16,"[0.0, 0.0, 0.0, 0.0, 0.0, 0.0, 0.0, 0.0, np.float64(1.1102230246251565e-16), 0.0, np.float64(1.1102230246251565e-16), 0.0, 0.0, np.float64(1.1102230246251565e-16), np.float64(1.1102230246251565e-16), np.float64(2.220446049250313e-16), 0.0, 0.0, 0.0, 0.0, 0.0, 0.0, 0.0, np.float64(4.440892098500626e-16), 0.0, 0.0, 0.0, 0.0, 0.0]",26.0,0.0,0.9999999996256496,0.9999999999997985,"[np.float64(0.9999999996256496), np.float64(0.9999999999952253), np.float64(0.9999999997109608), np.float64(0.9999999958284154), np.float64(0.9999999981155211), np.float64(0.9999999999796166), np.float64(0.999999999999346), np.float64(0.9999999999013478), np.float64(0.9999999999074021), np.float64(0.9999999999997864), np.float64(0.9999996878347307), 0.0, 0.0, np.float64(0.9999995061000909), np.float64(0.9999999988729761), np.float64(0.999999999962127), np.float64(0.9999999982313903), np.float64(0.9999999999997985), np.float64(0.9999999999964008), np.float64(0.9999999999266708), np.float64(0.9999999999866537), 0.0, np.float64(0.9999999805799654), np.float64(0.9999998463208072), np.float64(0.9999999999951326), np.float64(0.9999999999118944), np.float64(0.9999999988729764), 0.0, np.float64(0.9999999379281233)]",772.0,0.0,0.0,0.0,"[0.0, 0.0, 0.0, 0.0, 0.0, 0.0, 0.0, 0.0, 0.0, 0.0, 0.0, 0.0, 0.0, 0.0, 0.0, 0.0, 0.0, 0.0, 0.0, 0.0, 0.0, 0.0, 0.0, 0.0, 0.0, 0.0, 0.0, 0.0, 0.0]",6391.0
BIOMD0000000875,4,8,0,1000,0.0,0.0,1.1102230246251565e-16,"[0.0, 0.0, 0.0, np.float64(1.1102230246251565e-16)]",4.0,0.0,0.9999835052626033,0.9999934143298018,"[np.float64(0.9999913128429825), 0.0, np.float64(0.999975697682224), np.float64(0.9999934143298018)]",15.0,0.0,0.0,0.0,"[0.0, 0.0, 0.0, 0.0]",32.0
BIOMD0000000877,4,9,0,1000,0.0,0.0,0.0,"[0.0, 0.0, 0.0, 0.0]",4.0,0.9185967724727148,0.9773451347334724,0.99999505764605,"[np.float64(0.9999461465825485), np.float64(0.99999505764605), np.float64(0.9185967724727148), np.float64(0.9547441228843963)]",16.0,0.0,0.0,0.0,"[0.0, 0.0, 0.0, 0.0]",48.0
BIOMD0000000878,3,6,0,1000,0.0,0.0,0.0,"[0.0, 0.0, 0.0]",0.0,0.0,0.0,0.0,"[0.0, 0.0, 0.0]",1.0,0.0,0.0,0.0,"[0.0, 0.0, 0.0]",27.0
BIOMD0000000880,4,11,0,1000,0.0,0.0,1.1102230246251565e-16,"[np.float64(1.1102230246251565e-16), 0.0, 0.0, 0.0]",4.0,0.0,0.9699909337178645,0.9993627621612375,"[np.float64(0.9993627621612375), 0.0, np.float64(0.9454344007366866), np.float64(0.9945474666990423)]",13.0,0.0,0.38617426136578403,0.9919923683492657,"[0.0, 0.0, np.float64(0.7723485227315681), np.float64(0.9919923683492657)]",25.0
BIOMD0000000881,4,10,0,1000,0.0,0.0,0.0,"[0.0, 0.0, 0.0, 0.0]",2.0,0.0,0.0,0.0,"[0.0, 0.0, 0.0, 0.0]",12.0,0.0,0.0,0.0,"[0.0, 0.0, 0.0, 0.0]",36.0
BIOMD0000000884,3,6,0,1000,0.0,0.0,0.0,"[0.0, 0.0, 0.0]",3.0,0.2114776701090666,0.21147768810152345,0.22595439272578743,"[np.float64(0.21147768810152345), np.float64(0.2114776701090666), np.float64(0.22595439272578743)]",12.0,0.9977803667634695,0.9977803752349643,0.9998629054199368,"[np.float64(0.9977803752349643), np.float64(0.9977803667634695), np.float64(0.9998629054199368)]",27.0
BIOMD0000000887,4,10,0,1000,0.0,0.0,0.0,"[0.0, 0.0, 0.0, 0.0]",2.0,0.0,0.0,0.999790173712901,"[0.0, 0.0, 0.0, np.float64(0.999790173712901)]",13.0,0.0,0.0,0.0,"[0.0, 0.0, 0.0, 0.0]",52.0
BIOMD0000000888,4,8,0,1000,0.0,0.0,0.0,"[0.0, 0.0, 0.0, 0.0]",3.0,0.0,0.3401114143451368,0.9999939213906922,"[np.float64(0.6802228286902736), np.float64(0.9999939213906922), 0.0, 0.0]",17.0,0.0,0.0,0.9982907376858065,"[0.0, np.float64(0.9982907376858065), 0.0, 0.0]",10.0
BIOMD0000000889,12,20,0,1000,0.0,0.0,2.220446049250313e-16,"[0.0, 0.0, 0.0, 0.0, 0.0, 0.0, 0.0, 0.0, 0.0, 0.0, np.float64(2.220446049250313e-16), 0.0]",9.0,0.0,0.0,0.9999998598793376,"[0.0, 0.0, np.float64(0.7351236324448591), 0.0, 0.0, np.float64(0.9999998598793376), np.float64(0.9998206299811425), 0.0, 0.0, 0.0, 0.0, np.float64(0.9999996312709256)]",103.0,0.0,0.0,0.9990767693211824,"[0.0, 0.0, np.float64(0.25950371866398236), np.float64(0.9334949723772121), 0.0, 0.0, 0.0, 0.0, 0.0, 0.0, 0.0, np.float64(0.9990767693211824)]",491.0
BIOMD0000000890,3,6,0,1000,0.0,0.0,0.0,"[0.0, 0.0, 0.0]",0.0,0.0,0.0,0.0,"[0.0, 0.0, 0.0]",3.0,0.0,0.0,0.0,"[0.0, 0.0, 0.0]",17.0
BIOMD0000000891,3,6,0,1000,0.0,0.0,0.0,"[0.0, 0.0, 0.0]",0.0,0.0,0.0,0.9676208939497414,"[0.0, np.float64(0.9676208939497414), 0.0]",7.0,0.0,0.9988864592830567,0.9997081890668075,"[np.float64(0.9988864592830567), np.float64(0.9997081890668075), 0.0]",27.0
BIOMD0000000892,4,8,0,1000,0.0,0.0,1.1102230246251565e-16,"[0.0, np.float64(1.1102230246251565e-16), 0.0, 0.0]",4.0,0.5988813387922538,0.9906088818169263,0.9984464474608695,"[np.float64(0.5988813387922538), np.float64(0.989153544139093), np.float64(0.9984464474608695), np.float64(0.9920642194947595)]",16.0,0.0,0.0,0.0,"[0.0, 0.0, 0.0, 0.0]",18.0
BIOMD0000000893,3,6,0,1000,0.0,0.0,0.0,"[0.0, 0.0, 0.0]",0.0,0.14652827282480896,0.5353390682305736,0.827144111898319,"[np.float64(0.5353390682305736), np.float64(0.14652827282480896), np.float64(0.827144111898319)]",11.0,0.09237472340387276,0.33205957774189454,0.7972557671335512,"[np.float64(0.09237472340387276), np.float64(0.33205957774189454), np.float64(0.7972557671335512)]",28.0
BIOMD0000000894,3,6,0,1000,0.0,0.0,0.0,"[0.0, 0.0, 0.0]",0.0,0.18435286687959718,0.993537513338336,0.9989039694755097,"[np.float64(0.993537513338336), np.float64(0.18435286687959718), np.float64(0.9989039694755097)]",6.0,0.48892938014882714,0.9966732563790449,0.9993467157854105,"[np.float64(0.9993467157854105), np.float64(0.48892938014882714), np.float64(0.9966732563790449)]",21.0
BIOMD0000000896,9,15,0,1000,0.0,0.0,0.0,"[0.0, 0.0, 0.0, 0.0, 0.0, 0.0, 0.0, 0.0, 0.0]",1.0,0.0,0.0,0.9589057186234962,"[0.0, 0.0, 0.0, 0.0, 0.0, 0.0, 0.0, 0.0, np.float64(0.9589057186234962)]",41.0,0.0,0.0,0.0,"[0.0, 0.0, 0.0, 0.0, 0.0, 0.0, 0.0, 0.0, 0.0]",319.0
BIOMD0000000897,2,4,0,1000,0.0,0.0,0.0,"[0.0, 0.0]",2.0,0.0,0.31917882209994686,0.6383576441998937,"[0.0, np.float64(0.6383576441998937)]",3.0,0.0,0.0,0.0,"[0.0, 0.0]",4.0
BIOMD0000000898,5,8,0,1000,0.0,0.0,1.1102230246251565e-16,"[np.float64(1.1102230246251565e-16), 0.0, 0.0, 0.0, 0.0]",2.0,0.9738371237531143,0.9912779836746681,0.9991917549777966,"[np.float64(0.9912779836746681), np.float64(0.9844314066176393), np.float64(0.9991917549777966), np.float64(0.9738371237531143), np.float64(0.9963661898165619)]",30.0,0.0,0.0,0.894418414512618,"[0.0, 0.0, np.float64(0.894418414512618), 0.0, 0.0]",105.0
BIOMD0000000899,12,8,0,1000,0.0,0.0,0.0,"[0.0, 0.0, 0.0, 0.0, 0.0, 0.0, 0.0, 0.0, 0.0, 0.0, 0.0, 0.0]",0.0,0.0,0.0,0.9994815775487672,"[np.float64(0.9982100656763956), np.float64(0.9982100656763953), np.float64(0.9930758447991015), np.float64(0.9930758447991012), np.float64(0.9994815775487672), 0.0, 0.0, 0.0, 0.0, 0.0, 0.0, 0.0]",91.0,0.0,0.0,0.7331994950896754,"[0.0, 0.0, 0.0, 0.0, np.float64(0.7331994950896754), 0.0, np.float64(0.2526302353600799), 0.0, 0.0, np.float64(0.25570549583505175), 0.0, 0.0]",807.0
BIOMD0000000900,3,6,0,1000,0.0,0.0,0.0,"[0.0, 0.0, 0.0]",0.0,0.0933278338549468,0.13229569357808468,0.6582988017080024,"[np.float64(0.6582988017080024), np.float64(0.13229569357808468), np.float64(0.0933278338549468)]",7.0,0.0,0.3616334388035106,0.5749300464436509,"[0.0, np.float64(0.3616334388035106), np.float64(0.5749300464436509)]",16.0
BIOMD0000000902,4,7,0,1000,0.0,0.0,1.1102230246251565e-16,"[np.float64(1.1102230246251565e-16), 0.0, 0.0, 0.0]",3.0,0.0,0.7693095403821872,0.880755227272711,"[np.float64(0.7417866646206996), 0.0, np.float64(0.880755227272711), np.float64(0.7968324161436747)]",15.0,0.0,0.47898242060301466,0.9388939463373591,"[0.0, np.float64(0.053618942539930714), np.float64(0.9388939463373591), np.float64(0.9043458986660986)]",27.0
BIOMD0000000903,5,10,0,1000,0.0,0.0,2.220446049250313e-16,"[0.0, 0.0, 0.0, np.float64(2.220446049250313e-16), 0.0]",5.0,0.4753845609924654,0.9811413143886648,0.9998310241826159,"[np.float64(0.9811413143886648), np.float64(0.9984690298109942), np.float64(0.9998310241826159), np.float64(0.4753845609924654), np.float64(0.8397362704516391)]",24.0,0.0,0.0,0.0,"[0.0, 0.0, 0.0, 0.0, 0.0]",45.0
BIOMD0000000904,4,7,0,1000,0.0,0.0,2.220446049250313e-16,"[np.float64(2.220446049250313e-16), 0.0, 0.0, 0.0]",3.0,0.0,0.9647016569706321,0.9977752731464452,"[np.float64(0.9510260635684374), np.float64(0.9783772503728269), np.float64(0.9977752731464452), 0.0]",15.0,0.0,0.7958933034893743,0.999986852795237,"[np.float64(0.999986852795237), np.float64(0.9999709723392417), np.float64(0.5918156346395068), 0.0]",32.0
BIOMD0000000905,5,10,0,1000,0.0,0.0,2.220446049250313e-16,"[0.0, 0.0, np.float64(2.220446049250313e-16), 0.0, 0.0]",5.0,0.13802885170152357,0.9862909320814605,0.9999939834786551,"[np.float64(0.2914503308373064), np.float64(0.13802885170152357), np.float64(0.9999939834786551), np.float64(0.9999863105175676), np.float64(0.9862909320814605)]",17.0,0.0,0.530436754186572,0.9948766205445674,"[0.0, 0.0, np.float64(0.9948766205445674), np.float64(0.9550272976139884), np.float64(0.530436754186572)]",86.0
BIOMD0000000906,3,6,0,1000,0.0,0.0,0.0,"[0.0, 0.0, 0.0]",3.0,0.127954517744705,0.6802728989195558,0.9999999641347219,"[np.float64(0.127954517744705), np.float64(0.6802728989195558), np.float64(0.9999999641347219)]",9.0,0.9999654510735297,0.999970848144676,0.9999999792926589,"[np.float64(0.9999654510735297), np.float64(0.999970848144676), np.float64(0.9999999792926589)]",8.0
BIOMD0000000908,7,13,0,1000,0.0,0.0,0.0,"[0.0, 0.0, 0.0, 0.0, 0.0, 0.0, 0.0]",5.0,0.0,0.0,0.9988223352134589,"[np.float64(0.9988223352134589), 0.0, 0.0, 0.0, 0.0, 0.0, 0.0]",29.0,0.0,0.0,0.0,"[0.0, 0.0, 0.0, 0.0, 0.0, 0.0, 0.0]",101.0
BIOMD0000000909,4,8,0,1000,0.0,0.0,0.0,"[0.0, 0.0, 0.0, 0.0]",0.0,0.0,0.975886445045032,0.9982241842288109,"[np.float64(0.9982241842288109), np.float64(0.9754895126536925), np.float64(0.9762833774363713), 0.0]",15.0,0.0,0.9999875773642934,0.9999999710092732,"[np.float64(0.9999870284144371), np.float64(0.9999881263141497), np.float64(0.9999999710092732), 0.0]",45.0
BIOMD0000000910,3,5,0,1000,0.0,0.0,0.0,"[0.0, 0.0, 0.0]",3.0,0.0,0.5770930406940158,0.8988840099961303,"[np.float64(0.8988840099961303), 0.0, np.float64(0.5770930406940158)]",11.0,0.0,0.0,0.0,"[0.0, 0.0, 0.0]",9.0
BIOMD0000000911,3,6,0,1000,0.0,0.0,0.0,"[0.0, 0.0, 0.0]",1.0,0.8059034880423196,0.9457410794422602,0.9741541068374974,"[np.float64(0.8059034880423196), np.float64(0.9741541068374974), np.float64(0.9457410794422602)]",12.0,0.0,0.8208923752793875,0.9054554108234562,"[np.float64(0.9054554108234562), np.float64(0.8208923752793875), 0.0]",22.0
BIOMD0000000912,3,6,0,1000,0.0,0.0,0.0,"[0.0, 0.0, 0.0]",3.0,0.0,0.6558814247708549,0.9999201000799325,"[np.float64(0.6558814247708549), np.float64(0.9999201000799325), 0.0]",9.0,0.0,0.0,0.9998955262205004,"[0.0, np.float64(0.9998955262205004), 0.0]",8.0
BIOMD0000000913,6,12,0,1000,0.0,0.0,0.0,"[0.0, 0.0, 0.0, 0.0, 0.0, 0.0]",5.0,0.0,0.7976769662328603,0.9999999674362237,"[np.float64(0.9999794155067644), np.float64(0.5953745169589563), np.float64(0.9999801701309703), np.float64(0.9999999674362237), 0.0, np.float64(0.02794808267339044)]",30.0,0.0,0.0033387175655822943,0.1595618821285688,"[np.float64(0.0066774351311645885), 0.0, np.float64(0.0261255335452818), 0.0, 0.0, np.float64(0.1595618821285688)]",25.0
BIOMD0000000915,9,8,0,1000,0.0,0.0,0.0,"[0.0, 0.0, 0.0, 0.0, 0.0, 0.0, 0.0, 0.0, 0.0]",0.0,0.0,0.0,0.0,"[0.0, 0.0, 0.0, 0.0, 0.0, 0.0, 0.0, 0.0, 0.0]",0.0,0.0,0.0,0.9999997675186716,"[np.float64(0.9999997640374328), np.float64(0.9999997675186716), 0.0, 0.0, 0.0, 0.0, 0.0, 0.0, 0.0]",2.0
BIOMD0000000916,5,4,0,1000,0.0,0.0,0.0,"[0.0, 0.0, 0.0, 0.0, 0.0]",4.0,0.9999908451685091,0.9999966470276995,0.9999999456214845,"[np.float64(0.9999945937721796), np.float64(0.9999908451685091), np.float64(0.9999999456214845), np.float64(0.9999966470276995), np.float64(0.9999979340821286)]",30.0,0.9999963282994103,0.9999986541512915,0.9999999780610598,"[np.float64(0.9999978319718213), np.float64(0.9999963282994103), np.float64(0.9999999780610598), np.float64(0.9999986541512915), np.float64(0.9999991710586152)]",105.0
BIOMD0000000917,3,3,0,1000,0.0,0.0,0.0,"[0.0, 0.0, 0.0]",2.0,0.1692826899611014,0.2520911711179651,0.9757615576533074,"[np.float64(0.1692826899611014), np.float64(0.2520911711179651), np.float64(0.9757615576533074)]",12.0,0.17229750179408898,0.3081710608395877,0.43984325030430227,"[np.float64(0.43984325030430227), np.float64(0.3081710608395877), np.float64(0.17229750179408898)]",24.0
BIOMD0000000918,8,7,0,1000,0.0,0.0,1.1102230246251565e-16,"[0.0, 0.0, 0.0, 0.0, np.float64(1.1102230246251565e-16), 0.0, 0.0, 0.0]",6.0,0.0,0.4495461070407904,0.9999999579468863,"[0.0, 0.0, np.float64(0.7962464527145239), 0.0, np.float64(0.985614717566863), np.float64(0.992973409602191), np.float64(0.9999999579468863), np.float64(0.10284576136705692)]",55.0,0.0,0.0,0.004627164924139393,"[np.float64(0.004627164924139393), 0.0, 0.0, 0.0, 0.0, 0.0, 0.0, 0.0]",300.0
BIOMD0000000919,2,5,0,1000,0.0,0.0,0.0,"[0.0, 0.0]",1.0,0.0,0.4992758519158195,0.998551703831639,"[0.0, np.float64(0.998551703831639)]",5.0,0.0,0.0,0.0,"[0.0, 0.0]",8.0
BIOMD0000000920,4,4,0,1000,0.0,0.0,0.0,"[0.0, 0.0, 0.0, 0.0]",2.0,0.7540279875434953,0.8729279811035502,0.995873484255619,"[np.float64(0.995873484255619), np.float64(0.7636724798722289), np.float64(0.7540279875434953), np.float64(0.9821834823348714)]",20.0,0.8087384397823416,0.9996407920627386,0.9999956199560881,"[np.float64(0.9999956199560881), np.float64(0.9993220602062955), np.float64(0.9999595239191815), np.float64(0.8087384397823416)]",59.0
BIOMD0000000921,5,13,0,1000,0.0,0.0,0.0,"[0.0, 0.0, 0.0, 0.0, 0.0]",5.0,0.0,0.9900109699586553,0.9999999999770186,"[0.0, np.float64(0.8962784882946817), np.float64(0.9900109699586553), np.float64(0.995426011575578), np.float64(0.9999999999770186)]",14.0,0.0,0.0,0.0,"[0.0, 0.0, 0.0, 0.0, 0.0]",47.0
BIOMD0000000922,3,3,0,1000,0.0,0.0,3.3306690738754696e-16,"[0.0, np.float64(3.3306690738754696e-16), 0.0]",3.0,0.985783760668183,0.9999996473773957,0.999999875364202,"[np.float64(0.999999875364202), np.float64(0.985783760668183), np.float64(0.9999996473773957)]",9.0,0.0,0.0,0.8731704477319143,"[np.float64(0.8731704477319143), 0.0, 0.0]",12.0
BIOMD0000000923,4,4,0,1000,0.0,0.0,0.0,"[0.0, 0.0, 0.0, 0.0]",3.0,0.0,0.0,0.9984372662956493,"[0.0, np.float64(0.9984372662956493), 0.0, 0.0]",10.0,0.0,0.0,0.5427887410978689,"[0.0, np.float64(0.5427887410978689), 0.0, 0.0]",18.0
BIOMD0000000927,3,5,0,1000,0.0,0.0,2.220446049250313e-16,"[0.0, 0.0, np.float64(2.220446049250313e-16)]",2.0,0.0,0.9514886521068936,0.9999999596817751,"[0.0, np.float64(0.9999999596817751), np.float64(0.9514886521068936)]",6.0,0.0,0.0,0.0,"[0.0, 0.0, 0.0]",9.0
BIOMD0000000928,4,13,0,1000,0.0,0.0,0.0,"[0.0, 0.0, 0.0, 0.0]",1.0,0.9942610020700973,0.9990385076556241,0.999994656628816,"[np.float64(0.9942610020700973), np.float64(0.9993466655187111), np.float64(0.9987303497925372), np.float64(0.999994656628816)]",17.0,0.9835080798560405,0.9999446330726768,0.9999991596207964,"[np.float64(0.9999875582115882), np.float64(0.9999991596207964), np.float64(0.9835080798560405), np.float64(0.9999017079337653)]",50.0
BIOMD0000000929,5,24,0,1000,0.0,0.0,1.1102230246251565e-16,"[0.0, 0.0, 0.0, 0.0, np.float64(1.1102230246251565e-16)]",5.0,0.0,0.5192869702320942,0.9654739729954362,"[0.0, np.float64(0.5954578314855308), np.float64(0.5192869702320942), np.float64(0.9654739729954362), np.float64(0.24523515805431484)]",19.0,0.0,0.0,0.0,"[0.0, 0.0, 0.0, 0.0, 0.0]",26.0
BIOMD0000000930,4,14,0,1000,0.0,5.551115123125783e-17,3.3306690738754696e-16,"[0.0, np.float64(1.1102230246251565e-16), np.float64(3.3306690738754696e-16), 0.0]",3.0,0.0,0.4976336536409095,0.9997901817316467,"[np.float64(0.995267307281819), 0.0, np.float64(0.9997901817316467), 0.0]",14.0,0.0,0.7810035780475485,0.9307932518024055,"[np.float64(0.7472639424334646), np.float64(0.9307932518024055), np.float64(0.8147432136616324), 0.0]",27.0
BIOMD0000000931,3,6,0,1000,0.0,0.0,0.0,"[0.0, 0.0, 0.0]",1.0,0.0,0.2751903020486616,0.5058761412821846,"[0.0, np.float64(0.5058761412821846), np.float64(0.2751903020486616)]",10.0,0.0,0.0,0.8961823893817283,"[0.0, 0.0, np.float64(0.8961823893817283)]",19.0
BIOMD0000000932,4,5,0,1000,0.0,0.0,2.220446049250313e-16,"[0.0, 0.0, 0.0, np.float64(2.220446049250313e-16)]",4.0,0.30222306261982046,0.8554601041103866,0.9999880906080139,"[np.float64(0.7109581144638781), np.float64(0.999962093756895), np.float64(0.9999880906080139), np.float64(0.30222306261982046)]",15.0,0.9332402336089194,0.9996873968532185,0.999984628988644,"[np.float64(0.999984628988644), np.float64(0.9994032061544369), np.float64(0.999971587552), np.float64(0.9332402336089194)]",32.0
BIOMD0000000933,3,3,0,1000,0.0,0.0,0.0,"[0.0, 0.0, 0.0]",0.0,0.6673795676490044,0.8046477913617986,0.9999952273461727,"[np.float64(0.9999952273461727), np.float64(0.8046477913617986), np.float64(0.6673795676490044)]",11.0,0.7754356433857361,0.9407831554792904,0.9999491197274702,"[np.float64(0.9999491197274702), np.float64(0.9407831554792904), np.float64(0.7754356433857361)]",23.0
BIOMD0000000934,13,19,0,1000,0.0,0.0,1.1102230246251565e-16,"[0.0, 0.0, 0.0, 0.0, 0.0, 0.0, np.float64(1.1102230246251565e-16), 0.0, 0.0, 0.0, 0.0, 0.0, 0.0]",7.0,0.9943354117596198,0.9999954894783023,0.9999999986431819,"[np.float64(0.9998268568418952), np.float64(0.9943354117596198), np.float64(0.9997763223771627), np.float64(0.9999997443853653), np.float64(0.999866259334564), np.float64(0.9999473514204427), np.float64(0.9999999986431819), np.float64(0.999995554042109), np.float64(0.9999954894783023), np.float64(0.9994028672506666), np.float64(0.999999426844516), np.float64(0.9999999123638134), np.float64(0.9999996066606079)]",181.0,0.9970750244836257,0.9999999204270751,0.999999999984309,"[np.float64(0.9999263435551343), np.float64(0.9970750244836257), np.float64(0.9998911138310308), np.float64(0.9999999204270751), np.float64(0.999985721405089), np.float64(0.9999891276308841), np.float64(0.999999999284187), np.float64(0.9999999282006432), np.float64(0.9999996278380501), np.float64(0.9999999999692749), np.float64(0.999999999984309), np.float64(0.9999999998884938), np.float64(0.9999999984455418)]",1365.0
BIOMD0000000935,2,4,0,1000,0.0,5.551115123125783e-17,1.1102230246251565e-16,"[np.float64(1.1102230246251565e-16), 0.0]",2.0,0.3496582094002715,0.5982035758408274,0.8467489422813833,"[np.float64(0.8467489422813833), np.float64(0.3496582094002715)]",6.0,0.9620951301550112,0.9718673120114174,0.9816394938678236,"[np.float64(0.9620951301550112), np.float64(0.9816394938678236)]",12.0
BIOMD0000000937,3,6,0,1000,0.0,0.0,1.1102230246251565e-16,"[np.float64(1.1102230246251565e-16), 0.0, 0.0]",1.0,0.6058149525061145,0.6476059388944122,0.960890756163384,"[np.float64(0.6476059388944122), np.float64(0.6058149525061145), np.float64(0.960890756163384)]",12.0,0.9918690210209228,0.9949628524763964,0.9995009233642068,"[np.float64(0.9949628524763964), np.float64(0.9918690210209228), np.float64(0.9995009233642068)]",29.0
BIOMD0000000938,3,8,0,1000,0.0,0.0,0.0,"[0.0, 0.0, 0.0]",0.0,0.7945033939015222,0.8172930885647913,0.9597935835627321,"[np.float64(0.8172930885647913), np.float64(0.9597935835627321), np.float64(0.7945033939015222)]",11.0,0.991263493944544,0.9920206059319203,0.9968837189531926,"[np.float64(0.9968837189531926), np.float64(0.991263493944544), np.float64(0.9920206059319203)]",30.0
BIOMD0000000940,20,60,0,1000,0.0,0.0,2.220446049250313e-16,"[0.0, 0.0, 0.0, 0.0, 0.0, 0.0, 0.0, 0.0, 0.0, 0.0, 0.0, 0.0, 0.0, 0.0, 0.0, np.float64(1.1102230246251565e-16), 0.0, np.float64(2.220446049250313e-16), 0.0, 0.0]",15.0,0.0,0.0,0.9954638953485836,"[np.float64(0.9863993286364571), 0.0, 0.0, 0.0, 0.0, 0.0, 0.0, 0.0, 0.0, 0.0, np.float64(0.6411579076273503), 0.0, np.float64(0.991666162845287), 0.0, np.float64(0.986399330081903), 0.0, 0.0, np.float64(0.9954638953485836), 0.0, 0.0]",383.0,0.0,0.0,0.0,"[0.0, 0.0, 0.0, 0.0, 0.0, 0.0, 0.0, 0.0, 0.0, 0.0, 0.0, 0.0, 0.0, 0.0, 0.0, 0.0, 0.0, 0.0, 0.0, 0.0]",4188.0
BIOMD0000000941,8,12,0,1000,0.0,0.0,0.0,"[0.0, 0.0, 0.0, 0.0, 0.0, 0.0, 0.0, 0.0]",4.0,0.0,0.7327011215824903,0.9978951783111877,"[np.float64(0.6701368439264314), np.float64(0.6171875542815422), np.float64(0.7952653992385494), np.float64(0.9810502714080779), np.float64(0.9327896500817039), np.float64(0.9978951783111877), 0.0, 0.0]",44.0,0.0,0.9640304317419053,0.9969070059793763,"[np.float64(0.6915277971062447), np.float64(0.9568708120526175), np.float64(0.9781329285380992), np.float64(0.9969070059793763), np.float64(0.990306293134857), np.float64(0.9711900514311932), 0.0, 0.0]",227.0
BIOMD0000000942,7,15,0,1000,0.0,0.0,0.0,"[0.0, 0.0, 0.0, 0.0, 0.0, 0.0, 0.0]",2.0,0.0240751555342007,0.6993166787366492,0.9756138305354324,"[np.float64(0.024075155534233228), np.float64(0.6993166787366492), np.float64(0.8535941990321945), np.float64(0.0240751555342007), np.float64(0.8162775421062924), np.float64(0.678502006230252), np.float64(0.9756138305354324)]",37.0,0.0,0.0,0.964154305819399,"[0.0, np.float64(0.9422396035257682), np.float64(0.964154305819399), 0.0, 0.0, 0.0, 0.0]",196.0
BIOMD0000000944,3,6,0,1000,0.0,0.0,0.0,"[0.0, 0.0, 0.0]",0.0,0.4996805849193868,0.8900656682971084,0.999913995965331,"[np.float64(0.999913995965331), np.float64(0.8900656682971084), np.float64(0.4996805849193868)]",10.0,0.9587784883002752,0.985861204984778,0.999854903063947,"[np.float64(0.999854903063947), np.float64(0.985861204984778), np.float64(0.9587784883002752)]",24.0
BIOMD0000000948,4,6,0,1000,0.0,0.0,0.0,"[0.0, 0.0, 0.0, 0.0]",4.0,0.0,0.7682894820171318,0.9973458696033605,"[np.float64(0.6990644820907232), 0.0, np.float64(0.9973458696033605), np.float64(0.8375144819435404)]",18.0,0.0,0.9845856779563253,0.9937171530476918,"[np.float64(0.9917559379599548), np.float64(0.9774154179526959), 0.0, np.float64(0.9937171530476918)]",56.0
BIOMD0000000952,11,15,0,1000,0.0,0.0,0.0,"[0.0, 0.0, 0.0, 0.0, 0.0, 0.0, 0.0, 0.0, 0.0, 0.0, 0.0]",6.0,0.0,0.8265544970176003,0.9182333016121361,"[np.float64(0.8783356658907564), np.float64(0.13125293180518582), np.float64(0.9182333016121361), np.float64(0.8601474204502976), 0.0, np.float64(0.8265510986695513), np.float64(0.8265730477781621), np.float64(0.8273032602419502), np.float64(0.8265544970176003), np.float64(0.8265544956828358), 0.0]",116.0,0.0,0.0,0.9882707537257891,"[np.float64(0.9882707537257891), np.float64(0.8476499272321288), 0.0, 0.0, 0.0, 0.0, 0.0, 0.0, 0.0, 0.0, 0.0]",774.0
BIOMD0000000953,13,29,0,1000,0.0,0.0,0.0,"[0.0, 0.0, 0.0, 0.0, 0.0, 0.0, 0.0, 0.0, 0.0, 0.0, 0.0, 0.0, 0.0]",6.0,0.0,0.9281175868285751,0.9882468076202839,"[np.float64(0.9785906020795416), 0.0, np.float64(0.9039034801877341), np.float64(0.9882468076202839), 0.0, np.float64(0.9281175868285751), np.float64(0.5698203099971595), np.float64(0.9287068820414425), np.float64(0.9855328465890275), np.float64(0.8720607615635618), np.float64(0.9808148293163439), np.float64(0.8621170248826715), np.float64(0.9578400707356404)]",158.0,0.0,0.9966818220530398,0.9999989938875667,"[np.float64(0.9999989938875667), np.float64(0.9878650387710683), np.float64(0.9946595820773633), np.float64(0.9966818220530398), 0.0, np.float64(0.9989619115421449), np.float64(0.9994554308864215), np.float64(0.9997771635885606), np.float64(0.999991023966804), np.float64(0.9953952731045526), np.float64(0.9999987845038282), np.float64(0.9806299935435219), np.float64(0.9802387008585827)]",1246.0
BIOMD0000000954,18,36,0,1000,0.0,0.0,0.0,"[0.0, 0.0, 0.0, 0.0, 0.0, 0.0, 0.0, 0.0, 0.0, 0.0, 0.0, 0.0, 0.0, 0.0, 0.0, 0.0, 0.0, 0.0]",0.0,0.0,0.0,0.9689600118157791,"[np.float64(0.9689600118157791), 0.0, 0.0, 0.0, 0.0, 0.0, 0.0, 0.0, 0.0, 0.0, 0.0, 0.0, 0.0, np.float64(0.9143846756468478), np.float64(0.8780164059278143), 0.0, 0.0, np.float64(0.5893835215392653)]",168.0,0.0,0.0,0.9948020665941146,"[np.float64(0.7434218830659937), 0.0, 0.0, np.float64(0.9774629778831458), 0.0, 0.0, 0.0, 0.0, 0.0, 0.0, 0.0, 0.0, np.float64(0.9948020665941146), 0.0, 0.0, 0.0, np.float64(0.9924081948565255), np.float64(0.9706401226867121)]",3400.0
BIOMD0000000955,8,13,0,1000,0.0,0.0,0.0,"[0.0, 0.0, 0.0, 0.0, 0.0, 0.0, 0.0, 0.0]",0.0,0.0,0.8559239639820482,0.9988058467202553,"[np.float64(0.9563268740242573), np.float64(0.6025418612471414), np.float64(0.966975516459604), 0.0, np.float64(0.992243010755511), np.float64(0.7555210539398391), np.float64(0.9988058467202553), 0.0]",42.0,0.0,0.0,0.9994712844543091,"[np.float64(0.9994712844543091), np.float64(0.994366429648791), 0.0, 0.0, 0.0, 0.0, np.float64(0.9559551259140034), 0.0]",311.0
BIOMD0000000957,4,3,0,1000,0.0,0.0,1.1102230246251565e-16,"[0.0, 0.0, 0.0, np.float64(1.1102230246251565e-16)]",4.0,0.0,0.9931338351580103,0.999966775146943,"[np.float64(0.9863008951690778), 0.0, np.float64(0.999966775146943), np.float64(0.9999667751469429)]",7.0,0.0,0.0,0.0,"[0.0, 0.0, 0.0, 0.0]",7.0
BIOMD0000000959,41,75,0,1000,0.0,0.0,2.220446049250313e-16,"[0.0, 0.0, 0.0, 0.0, 0.0, np.float64(2.220446049250313e-16), 0.0, 0.0, 0.0, 0.0, 0.0, 0.0, 0.0, 0.0, np.float64(1.1102230246251565e-16), 0.0, 0.0, 0.0, np.float64(2.220446049250313e-16), 0.0, 0.0, 0.0, np.float64(2.220446049250313e-16), 0.0, 0.0, 0.0, 0.0, 0.0, 0.0, 0.0, np.float64(2.220446049250313e-16), 0.0, 0.0, 0.0, np.float64(1.1102230246251565e-16), 0.0, 0.0, np.float64(1.1102230246251565e-16), 0.0, 0.0, 0.0]",37.0,0.0,0.9141906028550648,0.9999999999991053,"[np.float64(0.9995688535505783), 0.0, np.float64(0.9995669961999345), 0.0, np.float64(0.7254136492051255), np.float64(0.9872914236228876), np.float64(0.9235594497613719), np.float64(0.9141906028550648), np.float64(0.9988466741167846), np.float64(0.9996411411094706), np.float64(0.9994260937598559), np.float64(0.9340933247013857), np.float64(0.9997520491962466), np.float64(0.9773682739047036), np.float64(0.9987131441493484), np.float64(0.9792505201541895), 0.0, np.float64(0.9787373428414196), np.float64(0.9771949020492372), 0.0, 0.0, 0.0, 0.0, 0.0, 0.0, 0.0, 0.0, 0.0, np.float64(0.999999998220904), np.float64(0.9999999999861099), np.float64(0.9999999999991053), np.float64(0.9945989539989064), np.float64(0.4985046271292751), np.float64(0.35340919558353334), np.float64(0.720965363941867), np.float64(0.971813476997292), 0.0, np.float64(0.2284705845466921), np.float64(0.9703996334568961), 0.0, 0.0]",1480.0,0.0,0.0,0.0,"[0.0, 0.0, 0.0, 0.0, 0.0, 0.0, 0.0, 0.0, 0.0, 0.0, 0.0, 0.0, 0.0, 0.0, 0.0, 0.0, 0.0, 0.0, 0.0, 0.0, 0.0, 0.0, 0.0, 0.0, 0.0, 0.0, 0.0, 0.0, 0.0, 0.0, 0.0, 0.0, 0.0, 0.0, 0.0, 0.0, 0.0, 0.0, 0.0, 0.0, 0.0]",13479.0
BIOMD0000000961,42,40,0,1000,0.0,0.0,3.3306690738754696e-16,"[np.float64(2.220446049250313e-16), 0.0, 0.0, 0.0, 0.0, 0.0, 0.0, 0.0, 0.0, 0.0, 0.0, 0.0, 0.0, 0.0, 0.0, 0.0, 0.0, 0.0, np.float64(2.220446049250313e-16), 0.0, 0.0, 0.0, 0.0, 0.0, 0.0, 0.0, 0.0, 0.0, 0.0, np.float64(3.3306690738754696e-16), 0.0, 0.0, 0.0, 0.0, 0.0, 0.0, 0.0, 0.0, 0.0, 0.0, 0.0, 0.0]",7.0,0.0,0.0,0.999993551598683,"[np.float64(0.6552008064391361), np.float64(0.999993551598683), 0.0, 0.0, 0.0, 0.0, 0.0, 0.0, 0.0, 0.0, np.float64(0.993296613708331), np.float64(0.9885646708030655), np.float64(0.9976411394693929), np.float64(0.9979715702910765), np.float64(0.9979715703661188), np.float64(0.9999346916351365), np.float64(0.9995880038902739), np.float64(0.6486495231341913), np.float64(0.6527310136071602), 0.0, 0.0, 0.0, 0.0, np.float64(0.9913917870973316), 0.0, 0.0, 0.0, 0.0, 0.0, np.float64(0.9948010487572301), 0.0, np.float64(0.878718090318455), np.float64(0.8788680575660629), 0.0, 0.0, 0.0, np.float64(0.6515924667257369), 0.0, 0.0, 0.0, 0.0, 0.0]",1443.0,0.0,0.0,0.0,"[0.0, 0.0, 0.0, 0.0, 0.0, 0.0, 0.0, 0.0, 0.0, 0.0, 0.0, 0.0, 0.0, 0.0, 0.0, 0.0, 0.0, 0.0, 0.0, 0.0, 0.0, 0.0, 0.0, 0.0, 0.0, 0.0, 0.0, 0.0, 0.0, 0.0, 0.0, 0.0, 0.0, 0.0, 0.0, 0.0, 0.0, 0.0, 0.0, 0.0, 0.0, 0.0]",27798.0
BIOMD0000000963,3,2,0,1000,0.0,0.0,0.0,"[0.0, 0.0, 0.0]",0.0,0.0,0.746501055723704,0.9999776508205988,"[np.float64(0.746501055723704), 0.0, np.float64(0.9999776508205988)]",2.0,0.9989753100874713,0.9996930305262174,0.9999966539181285,"[np.float64(0.9996930305262174), np.float64(0.9989753100874713), np.float64(0.9999966539181285)]",11.0
BIOMD0000000964,6,14,0,1000,0.0,0.0,2.220446049250313e-16,"[0.0, 0.0, 0.0, 0.0, np.float64(1.1102230246251565e-16), np.float64(2.220446049250313e-16)]",6.0,0.9927607769408575,0.9981999790244905,0.9998591323247487,"[np.float64(0.9998591323247487), np.float64(0.99980804912401), np.float64(0.9972403557699716), np.float64(0.9945996663241312), np.float64(0.9991596022790095), np.float64(0.9927607769408575)]",27.0,0.0,0.0,0.0,"[0.0, 0.0, 0.0, 0.0, 0.0, 0.0]",142.0
BIOMD0000000966,7,6,0,1000,0.0,0.0,2.220446049250313e-16,"[0.0, 0.0, np.float64(2.220446049250313e-16), 0.0, np.float64(2.220446049250313e-16), 0.0, np.float64(2.220446049250313e-16)]",7.0,0.9549215338992938,0.998360292396279,0.9999530030716554,"[np.float64(0.999934729235037), np.float64(0.9986013560729325), np.float64(0.9656849928992808), np.float64(0.998360292396279), np.float64(0.9983602923946824), np.float64(0.9549215338992938), np.float64(0.9999530030716554)]",49.0,0.0,0.0,0.9964491306161793,"[np.float64(0.9964491306161793), np.float64(0.7838199129441878), 0.0, 0.0, 0.0, 0.0, 0.0]",194.0
BIOMD0000000967,4,9,0,1000,0.0,0.0,3.3306690738754696e-16,"[0.0, 0.0, 0.0, np.float64(3.3306690738754696e-16)]",4.0,0.7230836442606297,0.9019998888165094,0.998513201975662,"[np.float64(0.817579880131405), np.float64(0.998513201975662), np.float64(0.7230836442606297), np.float64(0.9864198975016137)]",17.0,0.0,0.0,0.0,"[0.0, 0.0, 0.0, 0.0]",18.0
BIOMD0000000969,28,32,0,1000,0.0,0.0,2.220446049250313e-16,"[np.float64(2.220446049250313e-16), 0.0, 0.0, 0.0, 0.0, 0.0, 0.0, 0.0, np.float64(2.220446049250313e-16), 0.0, 0.0, np.float64(1.1102230246251565e-16), 0.0, 0.0, 0.0, 0.0, 0.0, 0.0, np.float64(1.1102230246251565e-16), 0.0, np.float64(1.1102230246251565e-16), 0.0, 0.0, 0.0, 0.0, 0.0, 0.0, 0.0]",28.0,0.0,0.4775249830587367,0.9999999983310746,"[np.float64(0.9996321405806483), np.float64(0.9550499661174734), np.float64(0.9999975531690233), 0.0, 0.0, np.float64(0.9999999573429664), np.float64(0.9999999978019911), np.float64(0.9998247284985824), np.float64(0.9596183648215839), np.float64(0.9999976731589587), 0.0, 0.0, np.float64(0.9999999765226399), np.float64(0.9999999983310746), np.float64(0.9999427578933228), np.float64(0.9810169461784107), 0.0, 0.0, 0.0, 0.0, 0.0, np.float64(0.9999891416764729), np.float64(0.9991469149747751), 0.0, 0.0, 0.0, 0.0, 0.0]",759.0,0.0,0.0,0.0,"[0.0, 0.0, 0.0, 0.0, 0.0, 0.0, 0.0, 0.0, 0.0, 0.0, 0.0, 0.0, 0.0, 0.0, 0.0, 0.0, 0.0, 0.0, 0.0, 0.0, 0.0, 0.0, 0.0, 0.0, 0.0, 0.0, 0.0, 0.0]",1122.0
BIOMD0000000971,8,13,0,1000,0.0,0.0,2.220446049250313e-16,"[0.0, 0.0, np.float64(1.1102230246251565e-16), 0.0, 0.0, np.float64(2.220446049250313e-16), 0.0, 0.0]",8.0,0.0,0.9914181906478345,0.9999901093697203,"[np.float64(0.9846381559182703), np.float64(0.9784631526463329), np.float64(0.9977654010383847), np.float64(0.9993315529032956), np.float64(0.9850709802572843), 0.0, np.float64(0.9997383068898839), np.float64(0.9999901093697203)]",46.0,0.0,0.0,0.0,"[0.0, 0.0, 0.0, 0.0, 0.0, 0.0, 0.0, 0.0]",166.0
BIOMD0000000972,8,13,0,1000,0.0,0.0,4.440892098500626e-16,"[np.float64(2.220446049250313e-16), 0.0, 0.0, 0.0, 0.0, 0.0, 0.0, np.float64(4.440892098500626e-16)]",7.0,0.9998292223473987,0.9999333947416182,0.9999999998499707,"[np.float64(0.9999442243660902), np.float64(0.9998864655995827), np.float64(0.9998292223473987), np.float64(0.9999999970341148), np.float64(0.9999442334198893), np.float64(0.999894099374798), np.float64(0.9999225651171464), np.float64(0.9999999998499707)]",72.0,0.0,0.0,0.0,"[0.0, 0.0, 0.0, 0.0, 0.0, 0.0, 0.0, 0.0]",225.0
BIOMD0000000973,2,6,0,1000,0.0,0.0,0.0,"[0.0, 0.0]",2.0,0.9237484198880247,0.9336647050328679,0.943580990177711,"[np.float64(0.9237484198880247), np.float64(0.943580990177711)]",6.0,0.0,0.0,0.0,"[0.0, 0.0]",5.0
BIOMD0000000976,4,5,0,1000,0.0,0.0,0.0,"[0.0, 0.0, 0.0, 0.0]",4.0,0.0,0.14242509008061716,0.9999988683575517,"[np.float64(0.2848501801612343), 0.0, 0.0, np.float64(0.9999988683575517)]",15.0,0.0,0.0,0.0,"[0.0, 0.0, 0.0, 0.0]",4.0
BIOMD0000000977,6,15,0,1000,0.0,5.551115123125783e-17,2.220446049250313e-16,"[0.0, 0.0, np.float64(2.220446049250313e-16), 0.0, np.float64(1.1102230246251565e-16), np.float64(1.1102230246251565e-16)]",6.0,0.0,0.8052107321629004,0.9999596109823387,"[np.float64(0.9943724955609846), np.float64(0.9994091748746204), 0.0, np.float64(0.6160489687648162), 0.0, np.float64(0.9999596109823387)]",27.0,0.0,0.0,0.0,"[0.0, 0.0, 0.0, 0.0, 0.0, 0.0]",51.0
BIOMD0000000982,3,2,0,1000,0.0,0.0,0.0,"[0.0, 0.0, 0.0]",3.0,0.0,0.0,0.9999999996447784,"[0.0, 0.0, np.float64(0.9999999996447784)]",5.0,0.0,0.0,0.0,"[0.0, 0.0, 0.0]",9.0
BIOMD0000000983,7,10,0,1000,0.0,0.0,0.0,"[0.0, 0.0, 0.0, 0.0, 0.0, 0.0, 0.0]",7.0,0.7893900952372399,0.9564024870310709,0.9999998485012874,"[np.float64(0.7893900952372399), np.float64(0.7911342030143717), np.float64(0.8650594254060194), np.float64(0.9999998485012874), np.float64(0.9999989061898222), np.float64(0.9999974136810251), np.float64(0.9564024870310709)]",34.0,0.0,0.0,0.3195121950658856,"[0.0, 0.0, 0.0, np.float64(0.147809463727264), np.float64(0.3195121950658856), 0.0, 0.0]",77.0
BIOMD0000000985,7,9,0,1000,0.0,0.0,0.0,"[0.0, 0.0, 0.0, 0.0, 0.0, 0.0, 0.0]",5.0,0.0,0.5344766472605869,0.8404789769447537,"[np.float64(0.5857505437299075), 0.0, np.float64(0.5344766472605869), np.float64(0.8207495414090571), 0.0, 0.0, np.float64(0.8404789769447537)]",31.0,0.0,0.5344766470711884,0.8430698147430622,"[np.float64(0.5857505436636494), np.float64(0.03000958830401035), np.float64(0.5344766470711884), np.float64(0.8207495412401636), 0.0, 0.0, np.float64(0.8430698147430622)]",8.0
BIOMD0000000986,6,8,0,1000,0.0,0.0,0.0,"[0.0, 0.0, 0.0, 0.0, 0.0, 0.0]",6.0,0.732851025716775,0.9999999180283421,0.999999998529642,"[np.float64(0.9999999973302269), np.float64(0.9999998577134774), np.float64(0.9999999783432066), np.float64(0.732851025716775), np.float64(0.9999985369811036), np.float64(0.999999998529642)]",21.0,0.0,0.0,0.733448182232572,"[0.0, 0.0, 0.0, np.float64(0.733448182232572), 0.0, 0.0]",117.0
BIOMD0000000987,9,10,0,1000,0.0,0.0,2.220446049250313e-16,"[0.0, np.float64(2.220446049250313e-16), 0.0, 0.0, 0.0, 0.0, np.float64(1.1102230246251565e-16), 0.0, 0.0]",9.0,0.995553746699005,0.9999695781111071,0.9999978880148384,"[np.float64(0.9999970901888396), np.float64(0.9988912675111248), np.float64(0.995553746699005), np.float64(0.9994853050433358), np.float64(0.9999859209797258), np.float64(0.9999978880148384), np.float64(0.9999832184790041), np.float64(0.9999497840673518), np.float64(0.9999695781111071)]",18.0,0.0,0.0,0.9999953592768972,"[0.0, np.float64(0.9999953592768972), np.float64(0.9992604140282857), 0.0, 0.0, 0.0, 0.0, 0.0, 0.0]",469.0
BIOMD0000000988,11,18,0,1000,0.0,0.0,0.0,"[0.0, 0.0, 0.0, 0.0, 0.0, 0.0, 0.0, 0.0, 0.0, 0.0, 0.0]",9.0,0.0,0.0,0.924240112310252,"[np.float64(0.726468145684084), 0.0, np.float64(0.8695300242459469), np.float64(0.924240112310252), 0.0, 0.0, np.float64(0.6223034498058001), 0.0, 0.0, 0.0, 0.0]",75.0,0.0,0.0,0.0,"[0.0, 0.0, 0.0, 0.0, 0.0, 0.0, 0.0, 0.0, 0.0, 0.0, 0.0]",551.0
BIOMD0000001005,41,79,0,1000,0.0,0.0,0.0,"[0.0, 0.0, 0.0, 0.0, 0.0, 0.0, 0.0, 0.0, 0.0, 0.0, 0.0, 0.0, 0.0, 0.0, 0.0, 0.0, 0.0, 0.0, 0.0, 0.0, 0.0, 0.0, 0.0, 0.0, 0.0, 0.0, 0.0, 0.0, 0.0, 0.0, 0.0, 0.0, 0.0, 0.0, 0.0, 0.0, 0.0, 0.0, 0.0, 0.0, 0.0]",0.0,0.0,0.8713680893477888,0.9989599682618829,"[np.float64(0.6416860063815958), 0.0, np.float64(0.9618670655513726), np.float64(0.9793703103902184), np.float64(0.34262259799331285), np.float64(0.8713680893477888), np.float64(0.9969322572979616), np.float64(0.6794573044577528), 0.0, 0.0, np.float64(0.23849946115470566), np.float64(0.5606079226695542), np.float64(0.33228775027106083), np.float64(0.8488300563959016), np.float64(0.9385659141566118), np.float64(0.9596674615887856), np.float64(0.8896682204397546), np.float64(0.6480794290509033), np.float64(0.8678505171628553), np.float64(0.8096577794001015), np.float64(0.8224780444562562), np.float64(0.7681495084539628), np.float64(0.8006558885898923), np.float64(0.7826596121817873), np.float64(0.8332641555773266), np.float64(0.9493687284097819), np.float64(0.9293346454609714), np.float64(0.8953972328991956), np.float64(0.8896440236333554), np.float64(0.9937003682201231), np.float64(0.9876374781395423), np.float64(0.9987688458464228), np.float64(0.9978046712706132), np.float64(0.9250048024845269), 0.0, np.float64(0.6766772549237532), np.float64(0.9972551399516855), np.float64(0.953860215082385), np.float64(0.9839423041073028), np.float64(0.9989599682618829), np.float64(0.9980629175265163)]",1319.0,0.0,0.0,0.0,"[0.0, 0.0, 0.0, 0.0, 0.0, 0.0, 0.0, 0.0, 0.0, 0.0, 0.0, 0.0, 0.0, 0.0, 0.0, 0.0, 0.0, 0.0, 0.0, 0.0, 0.0, 0.0, 0.0, 0.0, 0.0, 0.0, 0.0, 0.0, 0.0, 0.0, 0.0, 0.0, 0.0, 0.0, 0.0, 0.0, 0.0, 0.0, 0.0, 0.0, 0.0]",36537.0
BIOMD0000001006,7,21,0,1000,0.0,0.0,0.0,"[0.0, 0.0, 0.0, 0.0, 0.0, 0.0, 0.0]",0.0,0.0,0.037192872793088805,0.9352036334882932,"[np.float64(0.037192872793088805), np.float64(0.9352036334882932), 0.0, 0.0, 0.0, np.float64(0.5200213030051625), np.float64(0.5916053531229639)]",35.0,0.0,0.0,0.9136527107126751,"[0.0, np.float64(0.9136527107126751), 0.0, 0.0, 0.0, 0.0, 0.0]",207.0
BIOMD0000001007,3,6,0,1000,0.0,0.0,0.0,"[0.0, 0.0, 0.0]",0.0,0.5207375873813669,0.8447316931332111,0.8505962669144703,"[np.float64(0.5207375873813669), np.float64(0.8505962669144703), np.float64(0.8447316931332111)]",12.0,0.8624592868796992,0.9382634254363101,0.9674660448193491,"[np.float64(0.9382634254363101), np.float64(0.9674660448193491), np.float64(0.8624592868796992)]",30.0
BIOMD0000001009,4,8,0,1000,0.0,0.0,0.0,"[0.0, 0.0, 0.0, 0.0]",0.0,0.601534719240538,0.7047078994039755,0.8280797476559859,"[np.float64(0.6790366483537768), np.float64(0.8280797476559859), np.float64(0.601534719240538), np.float64(0.7303791504541742)]",18.0,0.9611611690865963,0.9810285150334794,0.999128180386619,"[np.float64(0.999128180386619), np.float64(0.9611611690865963), np.float64(0.9742748984498467), np.float64(0.9877821316171123)]",60.0
BIOMD0000001010,2,4,0,1000,0.0,0.0,0.0,"[0.0, 0.0]",0.0,0.2767878596053349,0.5782387609800175,0.8796896623547001,"[np.float64(0.8796896623547001), np.float64(0.2767878596053349)]",6.0,0.3970409525918299,0.6672770179359573,0.9375130832800846,"[np.float64(0.9375130832800846), np.float64(0.3970409525918299)]",11.0
BIOMD0000001011,3,5,0,1000,0.0,0.0,0.0,"[0.0, 0.0, 0.0]",3.0,0.6602947338866164,0.6768259037745042,0.7589745124656855,"[np.float64(0.6768259037745042), np.float64(0.6602947338866164), np.float64(0.7589745124656855)]",12.0,0.0,0.0,0.066346297533873,"[0.0, 0.0, np.float64(0.066346297533873)]",10.0
BIOMD0000001013,2,4,0,1000,0.0,0.0,0.0,"[0.0, 0.0]",2.0,0.8627281425261625,0.9208446476180823,0.9789611527100022,"[np.float64(0.8627281425261625), np.float64(0.9789611527100022)]",6.0,0.0,0.0,0.0,"[0.0, 0.0]",4.0
BIOMD0000001014,4,7,0,1000,0.0,0.0,0.0,"[0.0, 0.0, 0.0, 0.0]",4.0,0.544366489201426,0.8117645591056836,0.9824946219428986,"[np.float64(0.7394439206138324), np.float64(0.544366489201426), np.float64(0.8840851975975348), np.float64(0.9824946219428986)]",20.0,0.0,0.0,0.2666500182089563,"[0.0, 0.0, 0.0, np.float64(0.2666500182089563)]",14.0
BIOMD0000001015,6,9,0,1000,0.0,0.0,1.1102230246251565e-16,"[0.0, np.float64(1.1102230246251565e-16), 0.0, 0.0, 0.0, 0.0]",6.0,0.0,0.42655814053080343,0.9251985765009104,"[np.float64(0.9104696274958134), 0.0, np.float64(0.9251985765009104), np.float64(0.8531162810616069), 0.0, 0.0]",38.0,0.0,0.3868421475143103,0.9014920691346173,"[np.float64(0.8528135676920829), 0.0, 0.0, np.float64(0.7736842950286206), 0.0, np.float64(0.9014920691346173)]",135.0
BIOMD0000001016,8,9,0,1000,0.0,0.0,0.0,"[0.0, 0.0, 0.0, 0.0, 0.0, 0.0, 0.0, 0.0]",4.0,0.0,0.996499468929988,0.9996120971248976,"[np.float64(0.9978177883566047), np.float64(0.9965199058241085), np.float64(0.9964790320358675), 0.0, np.float64(0.0571540103244178), np.float64(0.9996120971248976), np.float64(0.9983943470121567), 0.0]",53.0,0.0,0.9999871546087817,0.9999999924622842,"[np.float64(0.9999877458837908), np.float64(0.9999865633337726), np.float64(0.9999815351606961), np.float64(0.9999582112374378), np.float64(0.9999993866497541), np.float64(0.9999999924622842), np.float64(0.9999919216654414), 0.0]",315.0
BIOMD0000001017,13,15,0,1000,0.0,0.0,0.0,"[0.0, 0.0, 0.0, 0.0, 0.0, 0.0, 0.0, 0.0, 0.0, 0.0, 0.0, 0.0, 0.0]",0.0,0.0,0.0,0.0,"[0.0, 0.0, 0.0, 0.0, 0.0, 0.0, 0.0, 0.0, 0.0, 0.0, 0.0, 0.0, 0.0]",37.0,0.0,0.0,0.0,"[0.0, 0.0, 0.0, 0.0, 0.0, 0.0, 0.0, 0.0, 0.0, 0.0, 0.0, 0.0, 0.0]",365.0
BIOMD0000001018,18,25,0,1000,0.0,0.0,0.0,"[0.0, 0.0, 0.0, 0.0, 0.0, 0.0, 0.0, 0.0, 0.0, 0.0, 0.0, 0.0, 0.0, 0.0, 0.0, 0.0, 0.0, 0.0]",0.0,0.0,0.0,0.0,"[0.0, 0.0, 0.0, 0.0, 0.0, 0.0, 0.0, 0.0, 0.0, 0.0, 0.0, 0.0, 0.0, 0.0, 0.0, 0.0, 0.0, 0.0]",156.0,0.0,0.0,0.0,"[0.0, 0.0, 0.0, 0.0, 0.0, 0.0, 0.0, 0.0, 0.0, 0.0, 0.0, 0.0, 0.0, 0.0, 0.0, 0.0, 0.0, 0.0]",1777.0
BIOMD0000001019,3,8,0,1000,0.0,0.0,0.0,"[0.0, 0.0, 0.0]",3.0,0.0,0.1405522368039639,0.41375549380940846,"[np.float64(0.41375549380940846), 0.0, np.float64(0.1405522368039639)]",6.0,0.0,0.0,0.0,"[0.0, 0.0, 0.0]",11.0
BIOMD0000001020,3,8,0,1000,0.0,0.0,2.220446049250313e-16,"[0.0, 0.0, np.float64(2.220446049250313e-16)]",3.0,0.0,0.08243969958784558,0.9998273136604727,"[0.0, np.float64(0.08243969958784558), np.float64(0.9998273136604727)]",9.0,0.0,0.0,0.0,"[0.0, 0.0, 0.0]",16.0
BIOMD0000001021,6,9,0,1000,0.0,0.0,0.0,"[0.0, 0.0, 0.0, 0.0, 0.0, 0.0]",6.0,0.8945751085105877,0.99577085149147,0.9999999602429075,"[np.float64(0.9945075661600576), np.float64(0.8945751085105877), np.float64(0.9792175537737444), np.float64(0.9970341368228823), np.float64(0.9999999602429075), np.float64(0.9999977413711446)]",41.0,0.0,0.0,0.0,"[0.0, 0.0, 0.0, 0.0, 0.0, 0.0]",42.0
BIOMD0000001022,4,6,0,1000,0.0,0.0,0.0,"[0.0, 0.0, 0.0, 0.0]",4.0,0.0,0.06830432176739165,0.9980712005979326,"[np.float64(0.1366086435347833), np.float64(0.9980712005979326), 0.0, 0.0]",9.0,0.0,0.0,0.0,"[0.0, 0.0, 0.0, 0.0]",9.0
BIOMD0000001023,3,6,0,1000,0.0,0.0,2.220446049250313e-16,"[np.float64(2.220446049250313e-16), 0.0, 0.0]",2.0,0.9490591096695267,0.9558329065182937,0.9878628614409135,"[np.float64(0.9490591096695267), np.float64(0.9558329065182937), np.float64(0.9878628614409135)]",12.0,0.9958611207374102,0.9999998746391588,0.999999994597016,"[np.float64(0.9958611207374102), np.float64(0.999999994597016), np.float64(0.9999998746391588)]",29.0
BIOMD0000001024,2,4,0,1000,0.0,0.0,0.0,"[0.0, 0.0]",2.0,0.22336954822022892,0.23115266012892055,0.23893577203761218,"[np.float64(0.22336954822022892), np.float64(0.23893577203761218)]",6.0,0.0,0.0,0.0,"[0.0, 0.0]",5.0
BIOMD0000001026,1,2,0,1000,0.0,0.0,0.0,[0.0],1.0,0.10893944977241155,0.10893944977241155,0.10893944977241155,[np.float64(0.10893944977241155)],2.0,0.0,0.0,0.0,[0.0],2.0
BIOMD0000001030,2,6,0,1000,0.0,0.0,0.0,"[0.0, 0.0]",0.0,0.0,0.0,0.0,"[0.0, 0.0]",0.0,0.0,0.0,0.0,"[0.0, 0.0]",0.0
BIOMD0000001031,3,4,0,1000,0.0,0.0,0.0,"[0.0, 0.0, 0.0]",0.0,0.99773103713977,0.9989654853570727,0.9990831055064597,"[np.float64(0.9990831055064597), np.float64(0.99773103713977), np.float64(0.9989654853570727)]",6.0,0.9734680469548138,0.9946684259602739,0.9980466289949226,"[np.float64(0.9980466289949226), np.float64(0.9734680469548138), np.float64(0.9946684259602739)]",25.0
BIOMD0000001032,4,7,0,1000,0.0,0.0,0.0,"[0.0, 0.0, 0.0, 0.0]",0.0,0.0,0.9362496161267329,0.9992746648584512,"[np.float64(0.986757856238837), np.float64(0.8857413760146285), np.float64(0.9992746648584512), 0.0]",8.0,0.6566782584043156,0.99917699860445,0.9998906903019943,"[np.float64(0.9988495561329155), np.float64(0.9995044410759845), np.float64(0.9998906903019943), np.float64(0.6566782584043156)]",48.0
BIOMD0000001033,6,13,0,1000,0.0,0.0,0.0,"[0.0, 0.0, 0.0, 0.0, 0.0, 0.0]",0.0,0.32831891110994005,0.5386423895595067,0.9551424394646287,"[np.float64(0.9392367700470965), np.float64(0.61204990934809), np.float64(0.4652348697709233), np.float64(0.3293506112794441), np.float64(0.32831891110994005), np.float64(0.9551424394646287)]",27.0,0.5500217005900334,0.9458257749503127,0.9871220785949634,"[np.float64(0.985149888464414), np.float64(0.5500217005900334), np.float64(0.971939011147355), np.float64(0.8927133561226062), np.float64(0.9197125387532703), np.float64(0.9871220785949634)]",150.0
BIOMD0000001034,4,7,0,1000,0.0,0.0,1.1102230246251565e-16,"[0.0, 0.0, 0.0, np.float64(1.1102230246251565e-16)]",2.0,0.9480638938218947,0.9829070724376616,0.9982958743329949,"[np.float64(0.9982958743329949), np.float64(0.9785597768329368), np.float64(0.9480638938218947), np.float64(0.9872543680423865)]",18.0,0.7324426809197662,0.9165121518321029,0.9999999992906945,"[np.float64(0.999999995527119), np.float64(0.8330243081370866), np.float64(0.9999999992906945), np.float64(0.7324426809197662)]",58.0
BIOMD0000001035,4,8,0,1000,0.0,0.0,0.0,"[0.0, 0.0, 0.0, 0.0]",0.0,0.0,0.0,0.9960785567684086,"[np.float64(0.9960785567684086), 0.0, 0.0, 0.0]",14.0,0.0,0.12507027990514646,0.4267361236365368,"[np.float64(0.4267361236365368), 0.0, 0.0, np.float64(0.25014055981029293)]",54.0
BIOMD0000001036,3,6,0,1000,0.0,0.0,0.0,"[0.0, 0.0, 0.0]",0.0,0.0,0.8755407603897994,0.9985011190902087,"[np.float64(0.9985011190902087), 0.0, np.float64(0.8755407603897994)]",7.0,0.7467985249231002,0.9475332433885861,0.9993138590608469,"[np.float64(0.9993138590608469), np.float64(0.7467985249231002), np.float64(0.9475332433885861)]",24.0
BIOMD0000001037,2,3,0,1000,0.0,0.0,0.0,"[0.0, 0.0]",2.0,0.9151923476855307,0.9300689568785554,0.94494556607158,"[np.float64(0.9151923476855307), np.float64(0.94494556607158)]",6.0,0.9824561894091096,0.9912162141918417,0.9999762389745738,"[np.float64(0.9824561894091096), np.float64(0.9999762389745738)]",8.0
BIOMD0000001038,3,6,0,1000,0.0,0.0,0.0,"[0.0, 0.0, 0.0]",2.0,0.640179812944748,0.890187332936113,0.9999999784202436,"[np.float64(0.640179812944748), np.float64(0.890187332936113), np.float64(0.9999999784202436)]",10.0,0.9932671427016585,0.9999706819248969,0.9999982090490183,"[np.float64(0.9999982090490183), np.float64(0.9932671427016585), np.float64(0.9999706819248969)]",13.0
BIOMD0000001040,1,2,0,1000,0.0,0.0,0.0,[0.0],1.0,0.07718822952517024,0.07718822952517024,0.07718822952517024,[np.float64(0.07718822952517024)],2.0,0.0,0.0,0.0,[0.0],2.0
BIOMD0000001041,3,4,0,1000,0.0,0.0,0.0,"[0.0, 0.0, 0.0]",2.0,0.28881398814237946,0.8113362965747567,0.8307558932064361,"[np.float64(0.8307558932064361), np.float64(0.28881398814237946), np.float64(0.8113362965747567)]",11.0,0.0,0.0,0.0,"[0.0, 0.0, 0.0]",20.0
BIOMD0000001043,3,7,0,1000,0.0,0.0,0.0,"[0.0, 0.0, 0.0]",0.0,0.0,0.10127397406937966,0.2261715695430495,"[np.float64(0.10127397406937966), np.float64(0.2261715695430495), 0.0]",6.0,0.0,0.9992038877767475,0.9995151260980124,"[np.float64(0.9995151260980124), np.float64(0.9992038877767475), 0.0]",7.0
BIOMD0000001044,14,39,0,1000,0.0,0.0,0.0,"[0.0, 0.0, 0.0, 0.0, 0.0, 0.0, 0.0, 0.0, 0.0, 0.0, 0.0, 0.0, 0.0, 0.0]",0.0,0.0,0.0,0.0,"[0.0, 0.0, 0.0, 0.0, 0.0, 0.0, 0.0, 0.0, 0.0, 0.0, 0.0, 0.0, 0.0, 0.0]",141.0,0.0,0.0,0.0,"[0.0, 0.0, 0.0, 0.0, 0.0, 0.0, 0.0, 0.0, 0.0, 0.0, 0.0, 0.0, 0.0, 0.0]",1090.0
BIOMD0000001045,3,2,0,1000,0.0,0.0,0.0,"[0.0, 0.0, 0.0]",0.0,0.0,0.9466291203212055,0.9999998228090898,"[0.0, np.float64(0.9999998228090898), np.float64(0.9466291203212055)]",2.0,0.8916814605356327,0.9964361661804685,0.9999694482848303,"[np.float64(0.8916814605356327), np.float64(0.9999694482848303), np.float64(0.9964361661804685)]",14.0
BIOMD0000001047,4,8,0,1000,0.0,0.0,0.0,"[0.0, 0.0, 0.0, 0.0]",2.0,0.5769795789217664,0.8372564728449434,0.9984415521504539,"[np.float64(0.966427830385052), np.float64(0.9984415521504539), np.float64(0.5769795789217664), np.float64(0.7080851153048349)]",20.0,0.9991996393561641,0.9997940201606789,0.9999951513192872,"[np.float64(0.9999951513192872), np.float64(0.9999935547458864), np.float64(0.9991996393561641), np.float64(0.9995944855754714)]",60.0
BIOMD0000001048,3,6,0,1000,0.0,0.0,0.0,"[0.0, 0.0, 0.0]",3.0,0.0,0.0,0.9991864068136497,"[0.0, np.float64(0.9991864068136497), 0.0]",6.0,0.0,0.0,0.0,"[0.0, 0.0, 0.0]",14.0
BIOMD0000001052,3,14,0,1000,0.0,0.0,0.0,"[0.0, 0.0, 0.0]",2.0,0.974755051472926,0.9825175614165856,0.9898773083759891,"[np.float64(0.9898773083759891), np.float64(0.9825175614165856), np.float64(0.974755051472926)]",12.0,0.9997362663635398,0.9999994970737346,0.9999999892246498,"[np.float64(0.9999994970737346), np.float64(0.9999999892246498), np.float64(0.9997362663635398)]",29.0
BIOMD0000001053,6,10,0,1000,0.0,0.0,0.0,"[0.0, 0.0, 0.0, 0.0, 0.0, 0.0]",5.0,0.9788891797456427,0.9973589186120169,0.9998807735500961,"[np.float64(0.9788891797456427), np.float64(0.9998807735500961), np.float64(0.9966702620630898), np.float64(0.9997219715986143), np.float64(0.9800547508884199), np.float64(0.998047575160944)]",34.0,0.19806477926731791,0.9164945252981146,0.99999298406795,"[np.float64(0.99999298406795), np.float64(0.9656820218402506), np.float64(0.19806477926731791), np.float64(0.8673070287559785), np.float64(0.9773615045202517), np.float64(0.5995629205633444)]",162.0
BIOMD0000001054,7,11,0,1000,0.0,0.0,0.0,"[0.0, 0.0, 0.0, 0.0, 0.0, 0.0, 0.0]",1.0,0.0,0.0,0.9985110757161973,"[np.float64(0.9985110757161973), np.float64(0.9951037858987155), 0.0, np.float64(0.989218564910652), 0.0, 0.0, 0.0]",30.0,0.0,0.0,0.9995076989591294,"[np.float64(0.9995076989591294), np.float64(0.9980554309519397), 0.0, np.float64(0.9635751963937298), 0.0, 0.0, 0.0]",241.0
BIOMD0000001055,19,30,0,1000,0.0,0.0,1.1102230246251565e-16,"[0.0, 0.0, 0.0, 0.0, 0.0, 0.0, 0.0, 0.0, 0.0, np.float64(1.1102230246251565e-16), 0.0, 0.0, 0.0, 0.0, 0.0, 0.0, 0.0, np.float64(1.1102230246251565e-16), 0.0]",13.0,0.008944055221539404,0.9962804117271045,0.9999999991911755,"[np.float64(0.9999883506507675), np.float64(0.9996086942131632), np.float64(0.9999763063855647), np.float64(0.99990970263426), np.float64(0.9962804117271045), np.float64(0.9999942923943116), np.float64(0.956763893963879), np.float64(0.974793671289065), np.float64(0.985061080671089), np.float64(0.8477584257241144), np.float64(0.9999999991911755), np.float64(0.008944055221539404), np.float64(0.008944055221539404), np.float64(0.008944055221539404), np.float64(0.008944055221539404), np.float64(0.9999981202897594), np.float64(0.008944055221539404), np.float64(0.9999999991911755), np.float64(0.9999981202897594)]",269.0,0.0,0.0,0.971118163894413,"[np.float64(0.8763514859996338), 0.0, 0.0, 0.0, 0.0, 0.0, 0.0, np.float64(0.6427479754477873), np.float64(0.6631658180381046), np.float64(0.971118163894413), 0.0, 0.0, 0.0, 0.0, 0.0, 0.0, 0.0, 0.0, 0.0]",2930.0
BIOMD0000001056,3,5,0,1000,0.0,0.0,2.220446049250313e-16,"[0.0, 0.0, np.float64(2.220446049250313e-16)]",3.0,0.0,0.0,0.8950379291267796,"[0.0, np.float64(0.8950379291267796), 0.0]",7.0,0.0,0.0,0.0,"[0.0, 0.0, 0.0]",10.0
BIOMD0000001057,2,5,0,1000,0.0,0.0,0.0,"[0.0, 0.0]",1.0,0.0,0.44588339046969916,0.8917667809393983,"[0.0, np.float64(0.8917667809393983)]",4.0,0.0,0.408313996556173,0.816627993112346,"[0.0, np.float64(0.816627993112346)]",7.0
BIOMD0000001058,10,20,0,1000,0.0,0.0,0.0,"[0.0, 0.0, 0.0, 0.0, 0.0, 0.0, 0.0, 0.0, 0.0, 0.0]",0.0,0.2987273340342207,0.6903051840581041,0.9751230758217729,"[np.float64(0.9751230758217729), np.float64(0.703244260901529), np.float64(0.854638209597145), np.float64(0.927845291496106), np.float64(0.6773661072146793), np.float64(0.6636607676441748), np.float64(0.3011475936575897), np.float64(0.33457243018219696), np.float64(0.2987273340342207), np.float64(0.8407661361585241)]",91.0,0.07109414988184792,0.9377396224707353,0.9999436000284507,"[np.float64(0.9999436000284507), np.float64(0.9194569960146793), np.float64(0.07109414988184792), np.float64(0.9560222489267913), np.float64(0.965824268177968), np.float64(0.884860390933875), np.float64(0.7626750882491279), np.float64(0.9779917261431633), np.float64(0.7056939451140629), np.float64(0.9967562693620562)]",598.0
BIOMD0000001059,10,21,0,1000,0.0,0.0,0.0,"[0.0, 0.0, 0.0, 0.0, 0.0, 0.0, 0.0, 0.0, 0.0, 0.0]",0.0,0.0,0.0,0.0,"[0.0, 0.0, 0.0, 0.0, 0.0, 0.0, 0.0, 0.0, 0.0, 0.0]",35.0,0.0,0.0,0.0,"[0.0, 0.0, 0.0, 0.0, 0.0, 0.0, 0.0, 0.0, 0.0, 0.0]",368.0
BIOMD0000001060,2,7,0,1000,0.0,1.6653345369377348e-16,3.3306690738754696e-16,"[np.float64(3.3306690738754696e-16), 0.0]",2.0,0.6674065784120662,0.8257542580814151,0.984101937750764,"[np.float64(0.984101937750764), np.float64(0.6674065784120662)]",6.0,0.9551760570895598,0.9775245764807645,0.9998730958719693,"[np.float64(0.9998730958719693), np.float64(0.9551760570895598)]",12.0
BIOMD0000001072,6,12,0,1000,0.0,0.0,0.0,"[0.0, 0.0, 0.0, 0.0, 0.0, 0.0]",0.0,0.0,0.012655433573663333,0.995664363485579,"[np.float64(0.995664363485579), np.float64(0.799740802049179), 0.0, np.float64(0.025310867147326666), 0.0, 0.0]",14.0,0.0,0.0,0.9779369713613234,"[np.float64(0.9779369713613234), 0.0, 0.0, np.float64(0.1411533911018895), 0.0, 0.0]",74.0
