model_name,num_species,num_reaction,num_perturbation,num_timepoint,deg0_min,deg0_median,deg0_max,deg0_values,deg0_num_nonzero_term,deg1_min,deg1_median,deg1_max,deg1_values,deg1_num_nonzero_term,deg2_min,deg2_median,deg2_max,deg2_values,deg2_num_nonzero_term
BIOMD0000000003,3,7,0,1000,0.0,0.0,0.0,"[0.0, 0.0, 0.0]",0,0.0,0.636922717479348,0.8409561648481595,"[0.0, np.float64(0.8409561648481595), np.float64(0.636922717479348)]",6,0.0,0.9338978440099518,0.9999887446444242,"[0.0, np.float64(0.9999887446444242), np.float64(0.9338978440099518)]",22
BIOMD0000000004,5,7,0,1000,0.0,0.0,0.0,"[0.0, 0.0, 0.0, 0.0, 0.0]",0,0.0,0.8052932286947238,0.86454797582798,"[0.0, np.float64(0.8052932286947238), np.float64(0.86454797582798), np.float64(0.8052932286946092), np.float64(0.8645479758279551)]",17,0.0,0.0,0.15025048517865247,"[0.0, 0.0, np.float64(0.15025048517865247), 0.0, np.float64(0.1502504851670723)]",68
BIOMD0000000005,6,9,0,1000,0.0,0.0,0.0,"[0.0, 0.0, 0.0, 0.0, 0.0, 0.0]",0,0.3525977666823412,0.5910576029583958,0.9987787511093735,"[np.float64(0.5493777687405845), np.float64(0.9987787511093735), np.float64(0.3525977666823412), np.float64(0.6327374371762071), np.float64(0.5491582032192974), np.float64(0.997552423129936)]",39,0.0,0.0,0.0,"[0.0, 0.0, 0.0, 0.0, 0.0, 0.0]",166
BIOMD0000000008,5,13,0,1000,0.0,0.0,1.1102230246251565e-16,"[0.0, np.float64(1.1102230246251565e-16), 0.0, 0.0, 0.0]",2,0.0797899879517483,0.9961564080385839,0.9985155849869957,"[np.float64(0.9977361962847987), np.float64(0.0797899879517483), np.float64(0.9849618805870786), np.float64(0.9985155849869957), np.float64(0.9961564080385839)]",20,0.0,0.0,0.9975263130974712,"[0.0, np.float64(0.08085432691313388), np.float64(0.9975263130974712), 0.0, 0.0]",30
BIOMD0000000010,8,10,0,1000,0.0,0.0,0.0,"[0.0, 0.0, 0.0, 0.0, 0.0, 0.0, 0.0, 0.0]",0,0.0,0.0,0.0,"[0.0, 0.0, 0.0, 0.0, 0.0, 0.0, 0.0, 0.0]",0,0.0,0.0,0.0,"[0.0, 0.0, 0.0, 0.0, 0.0, 0.0, 0.0, 0.0]",0
BIOMD0000000012,6,12,0,1000,0.0,0.0,0.0,"[0.0, 0.0, 0.0, 0.0, 0.0, 0.0]",2,0.0,0.0,0.0,"[0.0, 0.0, 0.0, 0.0, 0.0, 0.0]",11,0.0,0.0,0.0,"[0.0, 0.0, 0.0, 0.0, 0.0, 0.0]",23
BIOMD0000000013,18,21,0,1000,0.0,0.0,0.0,"[0.0, 0.0, 0.0, 0.0, 0.0, 0.0, 0.0, 0.0, 0.0, 0.0, 0.0, 0.0, 0.0, 0.0, 0.0, 0.0, 0.0, 0.0]",10,0.7940599402697143,0.9976617108252406,0.9999606158232115,"[np.float64(0.9999606158232115), np.float64(0.9999037929808541), np.float64(0.8395603758452835), np.float64(0.8508028862085573), np.float64(0.9995229099370306), np.float64(0.9844011606641596), np.float64(0.9995131378463583), np.float64(0.999719825003954), np.float64(0.9977408312555873), np.float64(0.9976770001261139), np.float64(0.9951422454172828), np.float64(0.9998871749467861), np.float64(0.7940599402697143), np.float64(0.9917372062914686), np.float64(0.9868332133918496), np.float64(0.9982269539409363), np.float64(0.8395603738718658), np.float64(0.9976464215243673)]",342,0.0,0.2741502294537873,0.993943020163095,"[np.float64(0.993943020163095), np.float64(0.9922000737943545), 0.0, 0.0, np.float64(0.6422807111929483), np.float64(0.7051225214731458), np.float64(0.667671598599063), np.float64(0.5430844594872726), np.float64(0.23959230975927548), np.float64(0.30870814914829914), 0.0, np.float64(0.962497253085661), 0.0, 0.0, 0.0, np.float64(0.4246037254290368), 0.0, np.float64(0.04241111306117196)]",3306
BIOMD0000000014,86,300,0,1000,0.0,0.0,0.0,"[0.0, 0.0, 0.0, 0.0, 0.0, 0.0, 0.0, 0.0, 0.0, 0.0, 0.0, 0.0, 0.0, 0.0, 0.0, 0.0, 0.0, 0.0, 0.0, 0.0, 0.0, 0.0, 0.0, 0.0, 0.0, 0.0, 0.0, 0.0, 0.0, 0.0, 0.0, 0.0, 0.0, 0.0, 0.0, 0.0, 0.0, 0.0, 0.0, 0.0, 0.0, 0.0, 0.0, 0.0, 0.0, 0.0, 0.0, 0.0, 0.0, 0.0, 0.0, 0.0, 0.0, 0.0, 0.0, 0.0, 0.0, 0.0, 0.0, 0.0, 0.0, 0.0, 0.0, 0.0, 0.0, 0.0, 0.0, 0.0, 0.0, 0.0, 0.0, 0.0, 0.0, 0.0, 0.0, 0.0, 0.0, 0.0, 0.0, 0.0, 0.0, 0.0, 0.0, 0.0, 0.0, 0.0]",0,0.0,0.4741444240537602,0.9999910210366268,"[np.float64(0.5981745412817465), np.float64(0.2548646118702552), np.float64(0.9991123914990601), 0.0, np.float64(0.9999910210366268), 0.0, np.float64(0.4741444240537602), np.float64(0.9816199526842927), 0.0, 0.0, np.float64(0.9999816683904696), 0.0, np.float64(0.21187791610679807), np.float64(0.4741444240537602), 0.0, 0.0, np.float64(0.5824516241472191), np.float64(0.4741444240537602), np.float64(0.24604677616150405), 0.0, np.float64(0.01773755391117282), 0.0, np.float64(0.9986768556096591), np.float64(0.906905934264844), 0.0, np.float64(0.9892965898047721), np.float64(0.6098399378696555), 0.0, 0.0, 0.0, 0.0, 0.0, 0.0, 0.0, np.float64(0.9940585352392143), np.float64(0.7781390335518152), 0.0, np.float64(0.9881272602011446), np.float64(0.9717359324956047), 0.0, 0.0, 0.0, 0.0, 0.0, 0.0, 0.0, np.float64(0.4741444240537602), np.float64(0.4741444240537602), 0.0, np.float64(0.4741444240537602), np.float64(0.4741444240537602), 0.0, np.float64(0.4741444240537602), np.float64(0.4741444240537602), np.float64(0.4741444240537602), 0.0, np.float64(0.4723178556094504), np.float64(0.05910408001750456), np.float64(0.4741444240537602), np.float64(0.4741444240537602), np.float64(0.4741444240537602), np.float64(0.4741444240537602), np.float64(0.4741444240537602), np.float64(0.4741444240537602), np.float64(0.4741444240537602), np.float64(0.4741444240537602), np.float64(0.4741444240537602), np.float64(0.4741444240537602), np.float64(0.4741444240537602), np.float64(0.04690470163694793), np.float64(0.9580635093220947), np.float64(0.9743810479162319), np.float64(0.5071416232273211), np.float64(0.1398728421297507), np.float64(0.9862781697837358), 0.0, np.float64(0.7533219386142513), np.float64(0.6959278447983107), np.float64(0.4741444240537602), np.float64(0.4741444240537602), np.float64(0.4741444240537602), 0.0, np.float64(0.4741444240537602), np.float64(0.4741444240537602), np.float64(0.4741444240537602), np.float64(0.4741444240537602)]",2793,0.0,0.0,0.9999999999968586,"[np.float64(0.8567893026442169), np.float64(0.8299004601944628), np.float64(0.9999999683290556), 0.0, np.float64(0.9999999997274506), 0.0, 0.0, np.float64(0.9999999990796932), 0.0, 0.0, np.float64(0.9999999994256403), np.float64(0.9999999999727706), 0.0, 0.0, np.float64(0.41317909416651466), 0.0, np.float64(0.8485962462713399), 0.0, np.float64(0.8265525621198347), 0.0, np.float64(0.998090658745291), 0.0, np.float64(0.9999999612611029), np.float64(0.9985504878408274), 0.0, np.float64(0.9928461853160888), np.float64(0.9937564050392647), 0.0, 0.0, 0.0, 0.0, 0.0, np.float64(0.4959517528840247), 0.0, np.float64(0.9935280760161274), np.float64(0.9999904778630784), 0.0, np.float64(0.9829839531975735), np.float64(0.9575040301703915), np.float64(0.9999999999968586), 0.0, 0.0, np.float64(0.8276012808752299), 0.0, 0.0, np.float64(0.7568837645806787), 0.0, 0.0, 0.0, 0.0, 0.0, np.float64(0.3954754582067157), 0.0, 0.0, 0.0, 0.0, 0.0, 0.0, 0.0, 0.0, 0.0, 0.0, 0.0, 0.0, 0.0, 0.0, 0.0, 0.0, 0.0, np.float64(0.7376661389163468), np.float64(0.9733186768559142), np.float64(0.964205228653293), 0.0, 0.0, np.float64(0.9999996426270702), np.float64(0.9999999959258145), 0.0, 0.0, 0.0, 0.0, 0.0, 0.0, 0.0, 0.0, 0.0, 0.0]",8399
BIOMD0000000015,16,37,0,1000,0.0,0.0,0.0,"[0.0, 0.0, 0.0, 0.0, 0.0, 0.0, 0.0, 0.0, 0.0, 0.0, 0.0, 0.0, 0.0, 0.0, 0.0, 0.0]",0,0.0,0.0,0.9243388056401077,"[0.0, 0.0, 0.0, np.float64(0.9243388056401077), 0.0, 0.0, 0.0, np.float64(0.9242557558433934), 0.0, 0.0, np.float64(0.9242864278754435), 0.0, 0.0, 0.0, 0.0, 0.0]",218,0.0,0.0,0.9327829192125313,"[0.0, 0.0, 0.0, 0.0, 0.0, 0.0, 0.0, 0.0, 0.0, 0.0, 0.0, np.float64(0.9327829192125313), 0.0, 0.0, 0.0, np.float64(0.9305327910224656)]",1404
BIOMD0000000017,11,14,0,1000,0.0,0.0,3.3306690738754696e-16,"[np.float64(3.3306690738754696e-16), 0.0, np.float64(3.3306690738754696e-16), 0.0, np.float64(2.220446049250313e-16), 0.0, 0.0, 0.0, 0.0, 0.0, 0.0]",7,0.0,0.948571221089734,0.9908155055201271,"[np.float64(0.9598633837717119), np.float64(0.9485712210897399), np.float64(0.9598633837717128), np.float64(0.948571221089734), np.float64(0.9321850144114063), np.float64(0.9908155055201271), np.float64(0.9908155055201255), np.float64(0.8017145390366359), 0.0, 0.0, 0.0]",110,0.0,0.0,0.07092948156487366,"[0.0, 0.0, 0.0, 0.0, 0.0, np.float64(0.07092948156487366), np.float64(0.07092947174854869), 0.0, 0.0, 0.0, 0.0]",822
BIOMD0000000018,20,47,0,1000,0.0,0.0,0.0,"[0.0, 0.0, 0.0, 0.0, 0.0, 0.0, 0.0, 0.0, 0.0, 0.0, 0.0, 0.0, 0.0, 0.0, 0.0, 0.0, 0.0, 0.0, 0.0, 0.0]",0,0.0,0.0,0.0,"[0.0, 0.0, 0.0, 0.0, 0.0, 0.0, 0.0, 0.0, 0.0, 0.0, 0.0, 0.0, 0.0, 0.0, 0.0, 0.0, 0.0, 0.0, 0.0, 0.0]",55,0.0,0.0,0.0,"[0.0, 0.0, 0.0, 0.0, 0.0, 0.0, 0.0, 0.0, 0.0, 0.0, 0.0, 0.0, 0.0, 0.0, 0.0, 0.0, 0.0, 0.0, 0.0, 0.0]",456
BIOMD0000000019,93,125,0,1000,0.0,0.0,2.220446049250313e-16,"[0.0, 0.0, 0.0, 0.0, 0.0, 0.0, 0.0, 0.0, 0.0, 0.0, 0.0, 0.0, 0.0, np.float64(2.220446049250313e-16), 0.0, 0.0, 0.0, 0.0, 0.0, 0.0, 0.0, 0.0, 0.0, 0.0, 0.0, 0.0, 0.0, 0.0, 0.0, np.float64(1.1102230246251565e-16), 0.0, 0.0, 0.0, 0.0, 0.0, 0.0, 0.0, 0.0, 0.0, 0.0, 0.0, 0.0, 0.0, 0.0, 0.0, 0.0, 0.0, 0.0, 0.0, 0.0, 0.0, 0.0, 0.0, 0.0, 0.0, 0.0, 0.0, 0.0, 0.0, 0.0, 0.0, 0.0, 0.0, 0.0, 0.0, 0.0, 0.0, 0.0, 0.0, 0.0, 0.0, 0.0, 0.0, 0.0, 0.0, 0.0, 0.0, 0.0, 0.0, 0.0, 0.0, 0.0, 0.0, 0.0, 0.0, 0.0, 0.0, 0.0, 0.0, 0.0, 0.0, 0.0, 0.0]",17,0.0,0.08096666303656808,0.9999267838688537,"[np.float64(0.9999267838688537), np.float64(0.9994893235005511), np.float64(0.9972130345971271), np.float64(0.8078254652724628), 0.0, 0.0, 0.0, np.float64(0.08096666303656808), np.float64(0.08096666303656808), 0.0, 0.0, np.float64(0.08096666303656808), np.float64(0.9171689960447551), np.float64(0.999602985711915), np.float64(0.08096666303656808), 0.0, np.float64(0.08096666303656808), np.float64(0.21456811338827597), np.float64(0.08096666303656808), np.float64(0.08096666303656808), np.float64(0.9997946181909843), np.float64(0.8550028082422365), np.float64(0.9997949055970935), np.float64(0.8642947541321764), np.float64(0.9760843150285105), np.float64(0.9373302761413461), 0.0, 0.0, np.float64(0.9997953943057851), np.float64(0.8746012666842746), np.float64(0.8243369925555317), np.float64(0.9028164112378059), 0.0, np.float64(0.9690132479025367), 0.0, 0.0, 0.0, 0.0, 0.0, 0.0, 0.0, 0.0, np.float64(0.08096666303656808), np.float64(0.08096666303656808), np.float64(0.08096666303656808), np.float64(0.08096666303656808), np.float64(0.08096666303656808), np.float64(0.08096666303656808), np.float64(0.08096666303656808), np.float64(0.08096666303656808), np.float64(0.08096666303656808), np.float64(0.08096666303656808), np.float64(0.08096666303656808), np.float64(0.08096666303656808), np.float64(0.08096666303656808), np.float64(0.08096666303656808), np.float64(0.08096666303656808), np.float64(0.08096666303656808), np.float64(0.08096666303656808), np.float64(0.08096666303656808), np.float64(0.08096666303656808), 0.0, 0.0, np.float64(0.08096666303656808), 0.0, np.float64(0.08096666303656808), np.float64(0.08096666303656808), np.float64(0.08096666303656808), np.float64(0.08096666303656808), np.float64(0.08096666303656808), np.float64(0.08096666303656808), np.float64(0.08096666303656808), np.float64(0.08096666303656808), np.float64(0.08096666303656808), np.float64(0.08096666303656808), np.float64(0.08096666303656808), np.float64(0.08096666303656808), np.float64(0.08096666303656808), np.float64(0.08096666303656808), np.float64(0.08096666303656808), np.float64(0.08096666303656808), np.float64(0.08096666303656808), np.float64(0.08096666303656808), np.float64(0.08096666303656808), 0.0, np.float64(0.08096666303656808), 0.0, 0.0, np.float64(0.08096666303656808), 0.0, 0.0, 0.0, np.float64(0.08096666303656808)]",1343,0.0,0.0,0.0,"[0.0, 0.0, 0.0, 0.0, 0.0, 0.0, 0.0, 0.0, 0.0, 0.0, 0.0, 0.0, 0.0, 0.0, 0.0, 0.0, 0.0, 0.0, 0.0, 0.0, 0.0, 0.0, 0.0, 0.0, 0.0, 0.0, 0.0, 0.0, 0.0, 0.0, 0.0, 0.0, 0.0, 0.0, 0.0, 0.0, 0.0, 0.0, 0.0, 0.0, 0.0, 0.0, 0.0, 0.0, 0.0, 0.0, 0.0, 0.0, 0.0, 0.0, 0.0, 0.0, 0.0, 0.0, 0.0, 0.0, 0.0, 0.0, 0.0, 0.0, 0.0, 0.0, 0.0, 0.0, 0.0, 0.0, 0.0, 0.0, 0.0, 0.0, 0.0, 0.0, 0.0, 0.0, 0.0, 0.0, 0.0, 0.0, 0.0, 0.0, 0.0, 0.0, 0.0, 0.0, 0.0, 0.0, 0.0, 0.0, 0.0, 0.0, 0.0, 0.0, 0.0]",0
BIOMD0000000021,10,24,0,1000,0.0,0.0,2.220446049250313e-16,"[0.0, 0.0, 0.0, 0.0, 0.0, 0.0, np.float64(2.220446049250313e-16), np.float64(2.220446049250313e-16), 0.0, 0.0]",2,0.0,0.9999993164141169,0.9999999999996237,"[np.float64(0.9999999999996237), np.float64(0.9999999999996237), np.float64(0.9999993164141169), np.float64(0.9999993164141169), np.float64(0.9999995111298828), np.float64(0.9999995111298828), np.float64(0.073636881305297), np.float64(0.073636881305297), 0.0, 0.0]",50,0.0,0.0,0.0,"[0.0, 0.0, 0.0, 0.0, 0.0, 0.0, 0.0, 0.0, 0.0, 0.0]",434
BIOMD0000000022,10,32,0,1000,0.0,0.0,0.0,"[0.0, 0.0, 0.0, 0.0, 0.0, 0.0, 0.0, 0.0, 0.0, 0.0]",0,0.0,0.30478082517807553,0.9370529247615058,"[0.0, np.float64(0.1182535774336908), np.float64(0.49130807292246026), np.float64(0.766819634222819), 0.0, np.float64(0.8306904033155716), 0.0, np.float64(0.9370529247615058), 0.0, np.float64(0.8653911970880992)]",81,0.0,0.0,0.0,"[0.0, 0.0, 0.0, 0.0, 0.0, 0.0, 0.0, 0.0, 0.0, 0.0]",618
BIOMD0000000023,5,11,0,1000,0.0,0.0,0.0,"[0.0, 0.0, 0.0, 0.0, 0.0]",0,0.0,0.0,0.5899296860657137,"[0.0, 0.0, 0.0, np.float64(0.5899296860657137), np.float64(0.026252462571087487)]",5,0.0,0.0,0.0,"[0.0, 0.0, 0.0, 0.0, 0.0]",80
BIOMD0000000026,11,10,0,1000,0.0,0.0,0.0,"[0.0, 0.0, 0.0, 0.0, 0.0, 0.0, 0.0, 0.0, 0.0, 0.0, 0.0]",0,0.0,0.0,0.909309246540467,"[np.float64(0.8715056281570495), 0.0, 0.0, np.float64(0.7678219678486387), np.float64(0.909309246540467), np.float64(0.7676712539944069), 0.0, 0.0, 0.0, 0.0, np.float64(0.9090320635243817)]",92,0.0,0.0,0.0,"[0.0, 0.0, 0.0, 0.0, 0.0, 0.0, 0.0, 0.0, 0.0, 0.0, 0.0]",597
BIOMD0000000027,5,4,0,1000,0.0,0.0,0.0,"[0.0, 0.0, 0.0, 0.0, 0.0]",0,0.0,0.9636308523650505,0.9999196418048647,"[np.float64(0.9999196418048647), np.float64(0.9636308523650505), np.float64(0.9914930498927581), 0.0, 0.0]",18,0.0,0.0,0.0,"[0.0, 0.0, 0.0, 0.0, 0.0]",2
BIOMD0000000028,16,17,0,1000,0.0,0.0,0.0,"[0.0, 0.0, 0.0, 0.0, 0.0, 0.0, 0.0, 0.0, 0.0, 0.0, 0.0, 0.0, 0.0, 0.0, 0.0, 0.0]",2,0.0,0.7379259766843118,0.9993270190699644,"[np.float64(0.8301269325299769), np.float64(0.9993270190699644), 0.0, 0.0, np.float64(0.7633946306339288), np.float64(0.7798990574958113), 0.0, 0.0, np.float64(0.7401743927225971), np.float64(0.7503109163528092), 0.0, np.float64(0.9808676489221853), 0.0, 0.0, np.float64(0.8248049716874511), np.float64(0.7356775606460266)]",210,0.0,0.0,0.0,"[0.0, 0.0, 0.0, 0.0, 0.0, 0.0, 0.0, 0.0, 0.0, 0.0, 0.0, 0.0, 0.0, 0.0, 0.0, 0.0]",1956
BIOMD0000000029,6,7,0,1000,0.0,0.0,0.0,"[0.0, 0.0, 0.0, 0.0, 0.0, 0.0]",2,0.0,0.982993261297388,0.9999969518992163,"[np.float64(0.9999969518992163), np.float64(0.9999923168554631), np.float64(0.9890195536833313), np.float64(0.9769669689114445), 0.0, 0.0]",28,0.0,0.0,0.0,"[0.0, 0.0, 0.0, 0.0, 0.0, 0.0]",104
BIOMD0000000030,18,20,0,1000,0.0,0.0,1.1102230246251565e-16,"[np.float64(1.1102230246251565e-16), 0.0, 0.0, np.float64(1.1102230246251565e-16), 0.0, 0.0, 0.0, 0.0, 0.0, 0.0, 0.0, 0.0, 0.0, 0.0, 0.0, 0.0, 0.0, 0.0]",2,0.0,0.0,0.7803394412837773,"[np.float64(0.7803394412837773), 0.0, 0.0, 0.0, np.float64(0.7628952575364382), np.float64(0.7766778940306848), 0.0, 0.0, np.float64(0.7627174553137968), np.float64(0.7627174553132212), 0.0, 0.0, 0.0, 0.0, 0.0, 0.0, 0.0, 0.0]",251,0.0,0.0,0.0,"[0.0, 0.0, 0.0, 0.0, 0.0, 0.0, 0.0, 0.0, 0.0, 0.0, 0.0, 0.0, 0.0, 0.0, 0.0, 0.0, 0.0, 0.0]",2467
BIOMD0000000031,6,4,0,1000,0.0,0.0,1.1102230246251565e-16,"[np.float64(1.1102230246251565e-16), 0.0, 0.0, 0.0, 0.0, 0.0]",1,0.0,0.0,0.0,"[0.0, 0.0, 0.0, 0.0, 0.0, 0.0]",7,0.0,0.0,0.0,"[0.0, 0.0, 0.0, 0.0, 0.0, 0.0]",10
BIOMD0000000035,9,16,0,1000,0.0,0.0,0.0,"[0.0, 0.0, 0.0, 0.0, 0.0, 0.0, 0.0, 0.0, 0.0]",0,0.0,0.0,0.0,"[0.0, 0.0, 0.0, 0.0, 0.0, 0.0, 0.0, 0.0, 0.0]",27,0.0,0.0,0.0,"[0.0, 0.0, 0.0, 0.0, 0.0, 0.0, 0.0, 0.0, 0.0]",199
BIOMD0000000036,2,5,0,1000,0.0,0.0,0.0,"[0.0, 0.0]",0,0.0,0.09943450798619263,0.19886901597238527,"[np.float64(0.19886901597238527), 0.0]",4,0.0,0.0,0.0,"[0.0, 0.0]",8
BIOMD0000000038,13,10,0,1000,0.0,0.0,1.1102230246251565e-16,"[0.0, 0.0, 0.0, 0.0, np.float64(1.1102230246251565e-16), 0.0, np.float64(1.1102230246251565e-16), np.float64(1.1102230246251565e-16), np.float64(1.1102230246251565e-16), 0.0, np.float64(1.1102230246251565e-16), 0.0, 0.0]",13,0.43313010539289654,0.7526502507628008,0.9201583821065391,"[np.float64(0.7514180506536678), np.float64(0.7526502507628008), np.float64(0.7385166352690442), np.float64(0.7581221527330952), np.float64(0.7217307797910331), np.float64(0.9201583821065391), np.float64(0.7548542294212697), np.float64(0.6883715316556935), np.float64(0.43313010539289654), np.float64(0.7794103275140246), np.float64(0.7601295259855576), np.float64(0.7511381003152509), np.float64(0.7693300526820467)]",182,0.0,0.0,0.0,"[0.0, 0.0, 0.0, 0.0, 0.0, 0.0, 0.0, 0.0, 0.0, 0.0, 0.0, 0.0, 0.0]",1365
BIOMD0000000039,5,7,0,1000,0.0,0.0,0.0,"[0.0, 0.0, 0.0, 0.0, 0.0]",0,0.0,0.0,0.0,"[0.0, 0.0, 0.0, 0.0, 0.0]",17,0.0,0.0,0.039290457491205744,"[0.0, 0.0, 0.0, np.float64(0.039290457489628894), np.float64(0.039290457491205744)]",36
BIOMD0000000041,10,9,0,1000,0.0,0.0,1.1102230246251565e-16,"[0.0, 0.0, 0.0, np.float64(1.1102230246251565e-16), 0.0, 0.0, 0.0, 0.0, 0.0, 0.0]",10,0.0,0.8332028005438372,0.9999999574488634,"[np.float64(0.9998565712506201), np.float64(0.8362120356002052), np.float64(0.9999999574488634), 0.0, 0.0, np.float64(0.8248124455023484), np.float64(0.8301935654874693), np.float64(0.9916654039825366), np.float64(0.9994195209167769), np.float64(0.8206560816681159)]",94,0.0,0.0,0.0,"[0.0, 0.0, 0.0, 0.0, 0.0, 0.0, 0.0, 0.0, 0.0, 0.0]",550
BIOMD0000000042,15,25,0,1000,0.0,0.0,0.0,"[0.0, 0.0, 0.0, 0.0, 0.0, 0.0, 0.0, 0.0, 0.0, 0.0, 0.0, 0.0, 0.0, 0.0, 0.0]",1,0.0,0.0,0.6686598238175154,"[0.0, 0.0, 0.0, 0.0, 0.0, 0.0, 0.0, 0.0, 0.0, 0.0, 0.0, 0.0, 0.0, np.float64(0.6686598238175154), 0.0]",124,0.0,0.0,0.0,"[0.0, 0.0, 0.0, 0.0, 0.0, 0.0, 0.0, 0.0, 0.0, 0.0, 0.0, 0.0, 0.0, 0.0, 0.0]",1474
BIOMD0000000043,5,7,0,1000,0.0,0.0,0.0,"[0.0, 0.0, 0.0, 0.0, 0.0]",5,0.9983328683239974,0.9999999239958149,0.9999999268260578,"[np.float64(0.9999999268260578), np.float64(0.9999992837342234), np.float64(0.9999999239958149), np.float64(0.9983328683239974), np.float64(0.9999999239958183)]",25,0.9984106075955135,0.9999999243484208,0.9999999271049517,"[np.float64(0.9999999271049517), np.float64(0.999999318587784), np.float64(0.9999999243484208), np.float64(0.9984106075955135), np.float64(0.9999999243484237)]",90
BIOMD0000000044,4,8,0,1000,0.0,0.0,0.0,"[0.0, 0.0, 0.0, 0.0]",0,0.0,0.0,0.0,"[0.0, 0.0, 0.0, 0.0]",11,0.0,0.0,0.0,"[0.0, 0.0, 0.0, 0.0]",24
BIOMD0000000045,4,8,0,1000,0.0,0.0,0.0,"[0.0, 0.0, 0.0, 0.0]",0,0.047250197823334394,0.3528716628156073,0.41850981826310185,"[np.float64(0.41850981826310185), np.float64(0.047250197823334394), np.float64(0.3277610678972347), np.float64(0.37798225773397987)]",12,0.10096436675883225,0.2735061518532942,0.43271807969709153,"[np.float64(0.43271807969709153), np.float64(0.10096436675883225), np.float64(0.16696560952108708), np.float64(0.3800466941855013)]",46
BIOMD0000000046,12,15,0,1000,0.0,0.0,0.0,"[0.0, 0.0, 0.0, 0.0, 0.0, 0.0, 0.0, 0.0, 0.0, 0.0, 0.0, 0.0]",0,0.0,0.2865845306398318,0.791116058865717,"[np.float64(0.6795814754075415), np.float64(0.791116058865717), np.float64(0.4096068098800989), np.float64(0.6021673178463849), 0.0, 0.0, np.float64(0.07495263548731668), 0.0, np.float64(0.019022923514367296), np.float64(0.1635622513995647), np.float64(0.77945478333095), np.float64(0.44068195355788997)]",51,0.0,0.0,0.8118859566630924,"[np.float64(0.8118859566630924), 0.0, 0.0, 0.0, 0.0, 0.0, 0.0, 0.0, 0.0, 0.0, 0.0, 0.0]",415
BIOMD0000000050,14,16,0,1000,0.0,0.0,0.0,"[0.0, 0.0, 0.0, 0.0, 0.0, 0.0, 0.0, 0.0, 0.0, 0.0, 0.0, 0.0, 0.0, 0.0]",4,0.0,0.0,0.9999999551656221,"[0.0, 0.0, 0.0, 0.0, 0.0, 0.0, 0.0, np.float64(0.9999999551656221), 0.0, 0.0, 0.0, 0.0, 0.0, 0.0]",70,0.0,0.17419581271323437,0.17419581271323437,"[0.0, 0.0, 0.0, 0.0, 0.0, np.float64(0.17419581271323437), np.float64(0.17419581271323437), 0.0, np.float64(0.17419581271323437), np.float64(0.17419581271323437), np.float64(0.17419581271323437), np.float64(0.17419581271323437), np.float64(0.17419581271323437), np.float64(0.17419581271323437)]",244
BIOMD0000000051,18,48,0,1000,0.0,0.0,0.0,"[0.0, 0.0, 0.0, 0.0, 0.0, 0.0, 0.0, 0.0, 0.0, 0.0, 0.0, 0.0, 0.0, 0.0, 0.0, 0.0, 0.0, 0.0]",0,0.0,0.0,0.993514757399324,"[np.float64(0.9912397398439966), 0.0, np.float64(0.9924497305063531), np.float64(0.993514757399324), 0.0, 0.0, 0.0, 0.0, 0.0, 0.0, 0.0, 0.0, 0.0, 0.0, 0.0, np.float64(0.9934797930076815), 0.0, 0.0]",280,0.0,0.0,0.9994860121591526,"[0.0, 0.0, 0.0, 0.0, 0.0, 0.0, np.float64(0.9994860121591526), np.float64(0.9394811280723939), 0.0, 0.0, 0.0, 0.0, 0.0, np.float64(0.4419977096568597), 0.0, 0.0, 0.0, 0.0]",3380
BIOMD0000000053,6,12,0,1000,0.0,0.0,0.0,"[0.0, 0.0, 0.0, 0.0, 0.0, 0.0]",0,0.0,0.09490884767430108,0.99995933883656,"[0.0, np.float64(0.99995933883656), np.float64(0.9971272007888579), np.float64(0.09490884767430108), 0.0, np.float64(0.09490884767430108)]",19,0.09490659519785705,0.9864853497254527,0.9999996118036357,"[np.float64(0.9999996118036357), np.float64(0.9999593459671299), np.float64(0.9971276753899456), np.float64(0.09490659519785705), np.float64(0.9758430240609596), np.float64(0.09490659519785705)]",45
BIOMD0000000054,3,5,0,1000,0.0,0.0,0.0,"[0.0, 0.0, 0.0]",0,0.0,0.0,0.9886234492000532,"[np.float64(0.9886234492000532), 0.0, 0.0]",8,0.0,0.0,0.0,"[0.0, 0.0, 0.0]",23
BIOMD0000000057,6,5,0,1000,0.0,0.0,0.0,"[0.0, 0.0, 0.0, 0.0, 0.0, 0.0]",0,0.0,0.9981102121675695,0.9997964388838816,"[np.float64(0.9994749998770989), np.float64(0.9063393127877656), np.float64(0.9994088299817513), 0.0, np.float64(0.9968115943533876), np.float64(0.9997964388838816)]",23,0.0,0.0,0.0,"[0.0, 0.0, 0.0, 0.0, 0.0, 0.0]",168
BIOMD0000000058,4,11,0,1000,0.0,0.0,0.0,"[0.0, 0.0, 0.0, 0.0]",0,0.27543835397105565,0.7178815401782627,0.9820278204822229,"[np.float64(0.7932329040733025), np.float64(0.6425301762832228), np.float64(0.27543835397105565), np.float64(0.9820278204822229)]",15,0.9857501431226773,0.997936153887943,0.9999284385025239,"[np.float64(0.9999284385025239), np.float64(0.9857501431226773), np.float64(0.9999025960055146), np.float64(0.9959697117703713)]",56
BIOMD0000000060,4,3,0,1000,0.0,0.0,0.0,"[0.0, 0.0, 0.0, 0.0]",0,0.4856578280084225,0.4918951667446034,0.9999823654986271,"[np.float64(0.4981287298528648), np.float64(0.4856578280084225), np.float64(0.4856616036363419), np.float64(0.9999823654986271)]",20,0.0,0.0,0.9975807626955581,"[0.0, 0.0, 0.0, np.float64(0.9975807626955581)]",60
BIOMD0000000061,22,24,0,1000,0.0,0.0,0.0,"[0.0, 0.0, 0.0, 0.0, 0.0, 0.0, 0.0, 0.0, 0.0, 0.0, 0.0, 0.0, 0.0, 0.0, 0.0, 0.0, 0.0, 0.0, 0.0, 0.0, 0.0, 0.0]",1,0.0,0.0,0.17007849628869287,"[0.0, np.float64(0.17007849628869287), 0.0, 0.0, 0.0, 0.0, 0.0, 0.0, 0.0, 0.0, 0.0, 0.0, 0.0, 0.0, 0.0, 0.0, 0.0, 0.0, 0.0, 0.0, 0.0, 0.0]",454,0.0,0.0,0.0,"[0.0, 0.0, 0.0, 0.0, 0.0, 0.0, 0.0, 0.0, 0.0, 0.0, 0.0, 0.0, 0.0, 0.0, 0.0, 0.0, 0.0, 0.0, 0.0, 0.0, 0.0, 0.0]",5492
BIOMD0000000063,5,8,0,1000,0.0,0.0,0.0,"[0.0, 0.0, 0.0, 0.0, 0.0]",0,0.0,0.999891149866718,0.9999885523225055,"[0.0, np.float64(0.999891149866718), np.float64(0.9999828452607734), np.float64(0.9999885523225055), np.float64(0.9195560671700195)]",29,0.0,0.8390403153856789,0.9999972744151252,"[0.0, np.float64(0.9998035880850357), 0.0, np.float64(0.9999972744151252), np.float64(0.8390403153856789)]",97
BIOMD0000000065,8,16,0,1000,0.0,0.0,0.0,"[0.0, 0.0, 0.0, 0.0, 0.0, 0.0, 0.0, 0.0]",0,0.0,0.7882374192329613,0.9999914625572499,"[np.float64(0.9999103356892315), np.float64(0.5962068532496859), 0.0, np.float64(0.9802679852162367), np.float64(0.9997966910111723), 0.0, 0.0, np.float64(0.9999914625572499)]",30,0.0,0.0,0.8226971265077482,"[0.0, 0.0, np.float64(0.2080348163591078), np.float64(0.8226971265077482), 0.0, 0.0, 0.0, 0.0]",322
BIOMD0000000066,11,7,0,1000,0.0,0.0,0.0,"[0.0, 0.0, 0.0, 0.0, 0.0, 0.0, 0.0, 0.0, 0.0, 0.0, 0.0]",4,0.0,0.02388458376449476,0.9999992601230666,"[np.float64(0.9999992599990258), np.float64(0.02388458376449476), np.float64(0.02388458376449476), np.float64(0.02388458376449476), np.float64(0.9999992601230666), np.float64(0.02388458376449476), 0.0, np.float64(0.9999992592377085), np.float64(0.9999983332541512), 0.0, np.float64(0.9459866146493074)]",83,0.0,0.023884584270040365,0.9999992599990293,"[np.float64(0.9999992599990293), np.float64(0.023884584270040365), np.float64(0.023884584270040365), np.float64(0.023884584270040365), 0.0, np.float64(0.023884584270040365), np.float64(0.9981493443284626), 0.0, 0.0, np.float64(0.9999992549209766), np.float64(0.9487172974466693)]",95
BIOMD0000000067,7,13,0,1000,0.0,0.0,0.0,"[0.0, 0.0, 0.0, 0.0, 0.0, 0.0, 0.0]",3,0.0,0.07522226971765467,0.9999999608482831,"[0.0, np.float64(0.9999948234459781), np.float64(0.9999999608482831), np.float64(0.07522226971765467), np.float64(0.07522226971765467), np.float64(0.07522226971765467), 0.0]",13,0.0,0.0,0.0,"[0.0, 0.0, 0.0, 0.0, 0.0, 0.0, 0.0]",119
BIOMD0000000068,4,3,0,1000,0.0,0.0,3.3306690738754696e-16,"[np.float64(3.3306690738754696e-16), 0.0, 0.0, 0.0]",1,0.0,0.0,0.0,"[0.0, 0.0, 0.0, 0.0]",4,0.0,0.0,0.0,"[0.0, 0.0, 0.0, 0.0]",7
BIOMD0000000069,10,7,0,1000,0.0,0.0,0.0,"[0.0, 0.0, 0.0, 0.0, 0.0, 0.0, 0.0, 0.0, 0.0, 0.0]",0,0.9948158023599808,0.9971857625195528,0.999996471635644,"[np.float64(0.9996325289151408), np.float64(0.9976544112171261), np.float64(0.9948158023599808), np.float64(0.9985867197040118), np.float64(0.9999964716318822), np.float64(0.999996471635644), np.float64(0.9961146875445427), np.float64(0.9961146884094771), np.float64(0.9967171138219796), np.float64(0.9953424607097243)]",110,0.0,0.9999999998320552,0.9999999999941214,"[np.float64(0.9999999999941214), np.float64(0.99999999988958), np.float64(0.9999999997784702), 0.0, np.float64(0.9999999999859595), np.float64(0.9999999999859595), np.float64(0.9999999998114697), np.float64(0.9999999998114697), np.float64(0.9999999998459042), np.float64(0.9999999998182064)]",658
BIOMD0000000070,40,38,0,1000,0.0,0.0,0.0,"[0.0, 0.0, 0.0, 0.0, 0.0, 0.0, 0.0, 0.0, 0.0, 0.0, 0.0, 0.0, 0.0, 0.0, 0.0, 0.0, 0.0, 0.0, 0.0, 0.0, 0.0, 0.0, 0.0, 0.0, 0.0, 0.0, 0.0, 0.0, 0.0, 0.0, 0.0, 0.0, 0.0, 0.0, 0.0, 0.0, 0.0, 0.0, 0.0, 0.0]",0,0.0,0.7529621896847516,0.9866416270938995,"[np.float64(0.9665010854667127), np.float64(0.36954838560932946), np.float64(0.9302390407891369), np.float64(0.9751662482808059), np.float64(0.9276255801084032), np.float64(0.8536099074521964), 0.0, np.float64(0.9269921351795418), np.float64(0.7061586246125133), 0.0, 0.0, 0.0, np.float64(0.654656200068159), np.float64(0.7908287373283194), np.float64(0.6305750225022116), np.float64(0.3343333214276615), 0.0, 0.0, np.float64(0.7526212035993942), 0.0, np.float64(0.8706956253105149), np.float64(0.6312648976141597), np.float64(0.9866416270938995), 0.0, 0.0, np.float64(0.7548729141163836), np.float64(0.9662446379740848), np.float64(0.9303941215195948), np.float64(0.9818650420180718), np.float64(0.8477405681049232), np.float64(0.8781025650807884), np.float64(0.8260844251656305), np.float64(0.7274138505130325), np.float64(0.7922448236920256), 0.0, 0.0, 0.0, np.float64(0.7853045160943095), np.float64(0.753303175770109), np.float64(0.7752876159251549)]",1624,0.0,0.0,0.0,"[0.0, 0.0, 0.0, 0.0, 0.0, 0.0, 0.0, 0.0, 0.0, 0.0, 0.0, 0.0, 0.0, 0.0, 0.0, 0.0, 0.0, 0.0, 0.0, 0.0, 0.0, 0.0, 0.0, 0.0, 0.0, 0.0, 0.0, 0.0, 0.0, 0.0, 0.0, 0.0, 0.0, 0.0, 0.0, 0.0, 0.0, 0.0, 0.0, 0.0]",30930
BIOMD0000000072,7,7,0,1000,0.0,0.0,2.220446049250313e-16,"[np.float64(2.220446049250313e-16), np.float64(2.220446049250313e-16), 0.0, 0.0, 0.0, 0.0, np.float64(2.220446049250313e-16)]",6,0.0,0.9639354278614953,0.9980630737826767,"[np.float64(0.08717575320756532), np.float64(0.9624974878266278), np.float64(0.9980630737826758), np.float64(0.9980630737826767), np.float64(0.9980630720372706), 0.0, np.float64(0.9639354278614953)]",30,0.0,0.0,0.7369963638765572,"[0.0, 0.0, 0.0, 0.0, 0.0, np.float64(0.7369963638765572), 0.0]",132
BIOMD0000000073,16,48,0,1000,0.0,0.0,2.220446049250313e-16,"[0.0, 0.0, 0.0, 0.0, 0.0, 0.0, np.float64(2.220446049250313e-16), 0.0, 0.0, np.float64(2.220446049250313e-16), 0.0, np.float64(2.220446049250313e-16), 0.0, 0.0, 0.0, np.float64(1.1102230246251565e-16)]",16,0.025226309402051728,0.9999973968390555,0.9999997371689173,"[np.float64(0.9878271097943867), np.float64(0.9983333702740723), np.float64(0.9999997197291619), np.float64(0.9999962719232884), np.float64(0.9999997371689173), np.float64(0.9954804015984242), np.float64(0.025226309402051728), np.float64(0.9985040069564357), np.float64(0.9999997278590875), np.float64(0.025226309402051728), np.float64(0.9999997203821397), np.float64(0.025226309402051728), np.float64(0.9999985217548226), np.float64(0.9999997206207215), np.float64(0.9999997192116623), np.float64(0.9999997194430625)]",208,0.0,0.0,0.025226298528906566,"[0.0, 0.0, 0.0, 0.0, 0.0, 0.0, np.float64(0.025226298528906566), 0.0, 0.0, np.float64(0.025226298528906566), 0.0, np.float64(0.025226298528906566), 0.0, 0.0, 0.0, 0.0]",561
BIOMD0000000074,19,57,0,1000,0.0,0.0,0.0,"[0.0, 0.0, 0.0, 0.0, 0.0, 0.0, 0.0, 0.0, 0.0, 0.0, 0.0, 0.0, 0.0, 0.0, 0.0, 0.0, 0.0, 0.0, 0.0]",1,0.0,0.15199825965433267,0.9999999999996886,"[0.0, np.float64(0.9999999999996886), np.float64(0.9999999982117636), np.float64(0.9999874447279766), np.float64(0.15199825965433267), np.float64(0.15199825965433267), np.float64(0.15199825965433267), np.float64(0.15199825965433267), np.float64(0.15199825965433267), np.float64(0.15199825965433267), np.float64(0.15199825965433267), np.float64(0.15199825965433267), np.float64(0.15199825965433267), np.float64(0.9823747691139206), np.float64(0.15199825965433267), np.float64(0.15199825965433267), np.float64(0.15199825965433267), np.float64(0.15199825965433267), np.float64(0.15199825965433267)]",62,0.0,0.0,0.0,"[0.0, 0.0, 0.0, 0.0, 0.0, 0.0, 0.0, 0.0, 0.0, 0.0, 0.0, 0.0, 0.0, 0.0, 0.0, 0.0, 0.0, 0.0, 0.0]",767
BIOMD0000000076,1,2,0,1000,0.0,0.0,0.0,[0.0],1,0.9989358364509152,0.9989358364509152,0.9989358364509152,[np.float64(0.9989358364509152)],2,0.9999988465634533,0.9999988465634533,0.9999988465634533,[np.float64(0.9999988465634533)],3
BIOMD0000000078,16,48,0,1000,0.0,0.0,1.1102230246251565e-16,"[np.float64(1.1102230246251565e-16), np.float64(1.1102230246251565e-16), 0.0, 0.0, 0.0, 0.0, 0.0, 0.0, 0.0, 0.0, 0.0, 0.0, 0.0, 0.0, 0.0, np.float64(1.1102230246251565e-16)]",16,0.02522604080350821,0.9999976909038459,0.9999998086238123,"[np.float64(0.9860682318526686), np.float64(0.9977934170281849), np.float64(0.9999997907517677), np.float64(0.999996799288347), np.float64(0.9999998086238123), np.float64(0.9869490482727084), np.float64(0.02522604080350821), np.float64(0.994607078103139), np.float64(0.9999998015941565), np.float64(0.02522604080350821), np.float64(0.9999997917764091), np.float64(0.02522604080350821), np.float64(0.9999985825193449), np.float64(0.9999997915192114), np.float64(0.999999790305318), np.float64(0.9999997905052319)]",208,0.0,0.0,0.02522601679774683,"[0.0, 0.0, 0.0, 0.0, 0.0, 0.0, np.float64(0.02522601679774683), 0.0, 0.0, np.float64(0.02522601679774683), 0.0, np.float64(0.02522601679774683), 0.0, 0.0, 0.0, 0.0]",522
BIOMD0000000079,3,6,0,1000,0.0,0.0,0.0,"[0.0, 0.0, 0.0]",0,0.0,0.0,0.0,"[0.0, 0.0, 0.0]",1,0.0,0.0,0.0,"[0.0, 0.0, 0.0]",7
BIOMD0000000080,10,6,0,1000,0.0,0.0,0.0,"[0.0, 0.0, 0.0, 0.0, 0.0, 0.0, 0.0, 0.0, 0.0, 0.0]",0,0.0,0.0,0.0,"[0.0, 0.0, 0.0, 0.0, 0.0, 0.0, 0.0, 0.0, 0.0, 0.0]",4,0.0,0.0,0.0,"[0.0, 0.0, 0.0, 0.0, 0.0, 0.0, 0.0, 0.0, 0.0, 0.0]",6
BIOMD0000000081,21,15,0,1000,0.0,0.0,1.1102230246251565e-16,"[0.0, 0.0, 0.0, 0.0, 0.0, 0.0, 0.0, 0.0, 0.0, 0.0, 0.0, 0.0, 0.0, 0.0, 0.0, 0.0, np.float64(1.1102230246251565e-16), 0.0, 0.0, 0.0, 0.0]",5,0.0,0.0,0.9696942336407126,"[np.float64(0.012046360672419043), 0.0, np.float64(0.9696942336407126), np.float64(0.012046360672419043), 0.0, 0.0, np.float64(0.012046360672419043), 0.0, 0.0, np.float64(0.012046360672419043), 0.0, np.float64(0.012046360672419043), 0.0, 0.0, np.float64(0.012046360672419043), np.float64(0.012046360672419043), 0.0, 0.0, 0.0, np.float64(0.012046360672419043), 0.0]",205,0.0,0.0,0.21491829347300495,"[np.float64(0.21491829347300495), 0.0, 0.0, np.float64(0.21491829347300495), 0.0, 0.0, np.float64(0.21491829347300495), 0.0, 0.0, np.float64(0.21491829347300495), np.float64(0.10093294733411184), np.float64(0.21491829347300495), 0.0, 0.0, np.float64(0.21491829347300495), np.float64(0.21491829347300495), 0.0, 0.0, 0.0, np.float64(0.21491829347300495), 0.0]",795
BIOMD0000000082,10,6,0,1000,0.0,0.0,0.0,"[0.0, 0.0, 0.0, 0.0, 0.0, 0.0, 0.0, 0.0, 0.0, 0.0]",0,0.0,0.0,0.0,"[0.0, 0.0, 0.0, 0.0, 0.0, 0.0, 0.0, 0.0, 0.0, 0.0]",0,0.0,0.0,0.0,"[0.0, 0.0, 0.0, 0.0, 0.0, 0.0, 0.0, 0.0, 0.0, 0.0]",0
BIOMD0000000083,19,57,0,1000,0.0,0.0,2.220446049250313e-16,"[np.float64(2.220446049250313e-16), 0.0, 0.0, 0.0, 0.0, 0.0, 0.0, 0.0, 0.0, 0.0, 0.0, 0.0, 0.0, 0.0, 0.0, 0.0, 0.0, 0.0, 0.0]",1,0.0,0.1519575039499309,0.999999999999904,"[0.0, np.float64(0.999999999999904), np.float64(0.9999999994441634), np.float64(0.9999975125723177), np.float64(0.1519575039499309), np.float64(0.1519575039499309), np.float64(0.1519575039499309), np.float64(0.1519575039499309), np.float64(0.1519575039499309), np.float64(0.1519575039499309), np.float64(0.1519575039499309), np.float64(0.1519575039499309), np.float64(0.1519575039499309), np.float64(0.9986732845498143), np.float64(0.1519575039499309), np.float64(0.1519575039499309), np.float64(0.1519575039499309), np.float64(0.1519575039499309), np.float64(0.1519575039499309)]",62,0.0,0.0,0.0,"[0.0, 0.0, 0.0, 0.0, 0.0, 0.0, 0.0, 0.0, 0.0, 0.0, 0.0, 0.0, 0.0, 0.0, 0.0, 0.0, 0.0, 0.0, 0.0]",1008
BIOMD0000000084,8,8,0,1000,0.0,0.0,0.0,"[0.0, 0.0, 0.0, 0.0, 0.0, 0.0, 0.0, 0.0]",0,0.0,0.3454405050579189,0.6651310193884157,"[np.float64(0.44433592334745886), np.float64(0.44433592334746586), np.float64(0.6651310193884157), np.float64(0.6651310193883597), 0.0, 0.0, np.float64(0.2465450867681761), np.float64(0.24654508676837894)]",32,0.0,0.806012307887503,0.9569933793308257,"[np.float64(0.9255649241128758), np.float64(0.9255649241128567), np.float64(0.9569933793308257), np.float64(0.9569933793300434), 0.0, 0.0, np.float64(0.6864596916621493), np.float64(0.6864596916600134)]",266
BIOMD0000000085,17,17,0,1000,0.0,0.0,0.0,"[0.0, 0.0, 0.0, 0.0, 0.0, 0.0, 0.0, 0.0, 0.0, 0.0, 0.0, 0.0, 0.0, 0.0, 0.0, 0.0, 0.0]",0,0.0,0.0,0.0,"[0.0, 0.0, 0.0, 0.0, 0.0, 0.0, 0.0, 0.0, 0.0, 0.0, 0.0, 0.0, 0.0, 0.0, 0.0, 0.0, 0.0]",0,0.0,0.0,0.0,"[0.0, 0.0, 0.0, 0.0, 0.0, 0.0, 0.0, 0.0, 0.0, 0.0, 0.0, 0.0, 0.0, 0.0, 0.0, 0.0, 0.0]",0
BIOMD0000000086,17,24,0,1000,0.0,0.0,0.0,"[0.0, 0.0, 0.0, 0.0, 0.0, 0.0, 0.0, 0.0, 0.0, 0.0, 0.0, 0.0, 0.0, 0.0, 0.0, 0.0, 0.0]",0,0.0,0.0,0.0,"[0.0, 0.0, 0.0, 0.0, 0.0, 0.0, 0.0, 0.0, 0.0, 0.0, 0.0, 0.0, 0.0, 0.0, 0.0, 0.0, 0.0]",0,0.0,0.0,0.0,"[0.0, 0.0, 0.0, 0.0, 0.0, 0.0, 0.0, 0.0, 0.0, 0.0, 0.0, 0.0, 0.0, 0.0, 0.0, 0.0, 0.0]",0
BIOMD0000000087,54,43,0,1000,0.0,0.0,0.0,"[0.0, 0.0, 0.0, 0.0, 0.0, 0.0, 0.0, 0.0, 0.0, 0.0, 0.0, 0.0, 0.0, 0.0, 0.0, 0.0, 0.0, 0.0, 0.0, 0.0, 0.0, 0.0, 0.0, 0.0, 0.0, 0.0, 0.0, 0.0, 0.0, 0.0, 0.0, 0.0, 0.0, 0.0, 0.0, 0.0, 0.0, 0.0, 0.0, 0.0, 0.0, 0.0, 0.0, 0.0, 0.0, 0.0, 0.0, 0.0, 0.0, 0.0, 0.0, 0.0, 0.0, 0.0]",0,0.0,0.0,0.0,"[0.0, 0.0, 0.0, 0.0, 0.0, 0.0, 0.0, 0.0, 0.0, 0.0, 0.0, 0.0, 0.0, 0.0, 0.0, 0.0, 0.0, 0.0, 0.0, 0.0, 0.0, 0.0, 0.0, 0.0, 0.0, 0.0, 0.0, 0.0, 0.0, 0.0, 0.0, 0.0, 0.0, 0.0, 0.0, 0.0, 0.0, 0.0, 0.0, 0.0, 0.0, 0.0, 0.0, 0.0, 0.0, 0.0, 0.0, 0.0, 0.0, 0.0, 0.0, 0.0, 0.0, 0.0]",627,0.0,0.0,0.0,"[0.0, 0.0, 0.0, 0.0, 0.0, 0.0, 0.0, 0.0, 0.0, 0.0, 0.0, 0.0, 0.0, 0.0, 0.0, 0.0, 0.0, 0.0, 0.0, 0.0, 0.0, 0.0, 0.0, 0.0, 0.0, 0.0, 0.0, 0.0, 0.0, 0.0, 0.0, 0.0, 0.0, 0.0, 0.0, 0.0, 0.0, 0.0, 0.0, 0.0, 0.0, 0.0, 0.0, 0.0, 0.0, 0.0, 0.0, 0.0, 0.0, 0.0, 0.0, 0.0, 0.0, 0.0]",6372
BIOMD0000000088,100,110,0,1000,0.0,0.0,2.220446049250313e-16,"[np.float64(2.220446049250313e-16), np.float64(2.220446049250313e-16), np.float64(2.220446049250313e-16), np.float64(2.220446049250313e-16), np.float64(2.220446049250313e-16), 0.0, np.float64(2.220446049250313e-16), np.float64(2.220446049250313e-16), np.float64(2.220446049250313e-16), np.float64(2.220446049250313e-16), 0.0, 0.0, 0.0, 0.0, 0.0, 0.0, 0.0, 0.0, 0.0, 0.0, 0.0, 0.0, np.float64(2.220446049250313e-16), 0.0, 0.0, 0.0, 0.0, np.float64(2.220446049250313e-16), 0.0, np.float64(1.1102230246251565e-16), 0.0, 0.0, np.float64(2.220446049250313e-16), 0.0, 0.0, np.float64(2.220446049250313e-16), 0.0, np.float64(2.220446049250313e-16), np.float64(2.220446049250313e-16), 0.0, np.float64(2.220446049250313e-16), 0.0, 0.0, np.float64(2.220446049250313e-16), 0.0, 0.0, 0.0, 0.0, 0.0, 0.0, 0.0, 0.0, 0.0, 0.0, 0.0, np.float64(2.220446049250313e-16), np.float64(2.220446049250313e-16), 0.0, 0.0, 0.0, np.float64(2.220446049250313e-16), np.float64(2.220446049250313e-16), np.float64(2.220446049250313e-16), np.float64(2.220446049250313e-16), np.float64(2.220446049250313e-16), np.float64(2.220446049250313e-16), np.float64(2.220446049250313e-16), np.float64(2.220446049250313e-16), np.float64(2.220446049250313e-16), 0.0, 0.0, 0.0, 0.0, 0.0, 0.0, 0.0, 0.0, 0.0, 0.0, 0.0, 0.0, 0.0, np.float64(2.220446049250313e-16), np.float64(2.220446049250313e-16), np.float64(2.220446049250313e-16), np.float64(2.220446049250313e-16), np.float64(2.220446049250313e-16), np.float64(2.220446049250313e-16), 0.0, 0.0, np.float64(2.220446049250313e-16), np.float64(2.220446049250313e-16), np.float64(2.220446049250313e-16), np.float64(2.220446049250313e-16), 0.0, np.float64(2.220446049250313e-16), 0.0, 0.0, 0.0, 0.0]",37,0.0,0.0,0.9999999999990273,"[0.0, 0.0, 0.0, 0.0, 0.0, 0.0, 0.0, 0.0, 0.0, 0.0, 0.0, 0.0, 0.0, np.float64(0.6061701144488227), 0.0, 0.0, 0.0, 0.0, 0.0, 0.0, 0.0, 0.0, 0.0, np.float64(0.9598251768726216), np.float64(0.9999999998165117), 0.0, 0.0, np.float64(0.3532862260075297), np.float64(0.9999998880833717), 0.0, 0.0, 0.0, np.float64(0.3532862260075297), np.float64(0.9999991359874855), np.float64(0.9999972453184559), np.float64(0.3532862260075297), np.float64(0.9999972475204251), np.float64(0.3532862260075297), np.float64(0.3532862260075297), 0.0, np.float64(0.3532862260075297), np.float64(0.9999972476203782), np.float64(0.9999972464910226), np.float64(0.3532862260075297), 0.0, 0.0, np.float64(0.9999972460935679), np.float64(0.5088006849143298), np.float64(0.9989236631288331), np.float64(0.6686300355423787), 0.0, np.float64(0.9999990195585703), np.float64(0.9999999998845622), np.float64(0.9999999998250195), 0.0, 0.0, 0.0, 0.0, 0.0, np.float64(0.9999999999432316), 0.0, 0.0, 0.0, 0.0, 0.0, 0.0, 0.0, 0.0, 0.0, 0.0, np.float64(0.9999999999432316), 0.0, np.float64(0.9910413076679262), np.float64(0.999998178973192), 0.0, 0.0, np.float64(0.5004312884851997), 0.0, np.float64(0.9999971811404982), np.float64(0.9508654586267263), np.float64(0.9999998954279178), np.float64(0.960197266139132), np.float64(0.3532862260075297), np.float64(0.3532862260075297), np.float64(0.3532862260075297), np.float64(0.3532862260075297), np.float64(0.3532862260075297), np.float64(0.3532862260075297), 0.0, 0.0, 0.0, 0.0, 0.0, np.float64(0.3532862260075297), np.float64(0.9999995012632554), 0.0, 0.0, np.float64(0.33996287574264916), np.float64(0.9999999999990273), np.float64(0.9023234186631228)]",4174,0.0,0.0,1.0,"[0.0, 0.0, 0.0, 0.0, 0.0, np.float64(0.9999999999999902), 0.0, 0.0, 0.0, 0.0, 0.0, 0.0, np.float64(0.9999999999841961), 0.0, 0.0, 0.0, 0.0, 0.0, 0.0, 0.0, 0.0, 1.0, 0.0, 0.0, 0.0, 0.0, 0.0, 0.0, 0.0, 0.0, 0.0, 0.0, 0.0, 0.0, 0.0, 0.0, np.float64(0.9951770680982135), 0.0, 0.0, 0.0, 0.0, 0.0, np.float64(0.9951778798839037), 0.0, 0.0, 0.0, np.float64(0.994766109322768), 0.0, 0.0, 0.0, 0.0, 0.0, 0.0, 0.0, 0.0, 0.0, 0.0, 0.0, 0.0, 0.0, 0.0, 0.0, 0.0, 0.0, 0.0, 0.0, 0.0, 0.0, 0.0, 0.0, 0.0, 0.0, 0.0, 0.0, 0.0, 0.0, 0.0, 0.0, 0.0, 0.0, 0.0, 0.0, 0.0, 0.0, 0.0, 0.0, 0.0, 0.0, 0.0, 0.0, 0.0, 0.0, 0.0, 0.0, 0.0, 0.0, 0.0, 0.0, 0.0, 0.0]",52942
BIOMD0000000090,13,21,0,1000,0.0,0.0,0.0,"[0.0, 0.0, 0.0, 0.0, 0.0, 0.0, 0.0, 0.0, 0.0, 0.0, 0.0, 0.0, 0.0]",1,0.0,0.0,0.9771842400896357,"[0.0, 0.0, 0.0, np.float64(0.8195557712301283), 0.0, np.float64(0.9771842400896357), 0.0, 0.0, 0.0, 0.0, np.float64(0.9497386683938637), 0.0, np.float64(0.5363823020452398)]",116,0.0,0.0,0.9995429314147535,"[0.0, 0.0, 0.0, 0.0, 0.0, np.float64(0.9995429314147535), 0.0, 0.0, 0.0, np.float64(0.8552369940244208), 0.0, 0.0, 0.0]",1254
BIOMD0000000091,15,23,0,1000,0.0,0.0,0.0,"[0.0, 0.0, 0.0, 0.0, 0.0, 0.0, 0.0, 0.0, 0.0, 0.0, 0.0, 0.0, 0.0, 0.0, 0.0]",8,0.0,0.0,0.07630994390201185,"[0.0, 0.0, 0.0, 0.0, 0.0, 0.0, 0.0, 0.0, 0.0, 0.0, 0.0, np.float64(0.07630994390201185), 0.0, 0.0, 0.0]",107,0.0,0.0,0.9999999997766656,"[np.float64(0.9999969116671417), 0.0, 0.0, 0.0, np.float64(0.999998668830812), np.float64(0.9997837429322841), 0.0, np.float64(0.9999986688414289), 0.0, np.float64(0.9999999997746604), np.float64(0.9999999997766656), 0.0, 0.0, 0.0, 0.0]",118
BIOMD0000000092,4,3,0,1000,1.1102230246251565e-16,1.1102230246251565e-16,1.1102230246251565e-16,"[np.float64(1.1102230246251565e-16), np.float64(1.1102230246251565e-16), np.float64(1.1102230246251565e-16), np.float64(1.1102230246251565e-16)]",0,1.1102230246251565e-16,1.1102230246251565e-16,1.1102230246251565e-16,"[np.float64(1.1102230246251565e-16), np.float64(1.1102230246251565e-16), np.float64(1.1102230246251565e-16), np.float64(1.1102230246251565e-16)]",0,0.0,0.0,0.0,"[0.0, 0.0, 0.0, 0.0]",0
BIOMD0000000093,33,46,0,1000,0.0,0.0,0.0,"[0.0, 0.0, 0.0, 0.0, 0.0, 0.0, 0.0, 0.0, 0.0, 0.0, 0.0, 0.0, 0.0, 0.0, 0.0, 0.0, 0.0, 0.0, 0.0, 0.0, 0.0, 0.0, 0.0, 0.0, 0.0, 0.0, 0.0, 0.0, 0.0, 0.0, 0.0, 0.0, 0.0]",0,0.0,0.0,0.0,"[0.0, 0.0, 0.0, 0.0, 0.0, 0.0, 0.0, 0.0, 0.0, 0.0, 0.0, 0.0, 0.0, 0.0, 0.0, 0.0, 0.0, 0.0, 0.0, 0.0, 0.0, 0.0, 0.0, 0.0, 0.0, 0.0, 0.0, 0.0, 0.0, 0.0, 0.0, 0.0, 0.0]",738,0.0,0.0,0.0,"[0.0, 0.0, 0.0, 0.0, 0.0, 0.0, 0.0, 0.0, 0.0, 0.0, 0.0, 0.0, 0.0, 0.0, 0.0, 0.0, 0.0, 0.0, 0.0, 0.0, 0.0, 0.0, 0.0, 0.0, 0.0, 0.0, 0.0, 0.0, 0.0, 0.0, 0.0, 0.0, 0.0]",989
BIOMD0000000094,33,45,0,1000,0.0,0.0,2.220446049250313e-16,"[0.0, 0.0, 0.0, 0.0, np.float64(2.220446049250313e-16), 0.0, 0.0, 0.0, 0.0, 0.0, 0.0, 0.0, 0.0, 0.0, 0.0, 0.0, 0.0, 0.0, 0.0, 0.0, 0.0, 0.0, 0.0, 0.0, 0.0, 0.0, 0.0, 0.0, 0.0, 0.0, 0.0, 0.0, np.float64(1.1102230246251565e-16)]",5,0.0,0.0,0.9999345390184977,"[np.float64(0.9993722803995593), np.float64(0.9994009180254617), np.float64(0.9990240544339404), np.float64(0.9992985500226809), np.float64(0.9999345390184977), 0.0, 0.0, np.float64(0.188907119974145), 0.0, 0.0, np.float64(0.06935451865519948), 0.0, 0.0, np.float64(0.118859230190283), np.float64(0.11631338596722751), 0.0, 0.0, np.float64(0.7497116697198062), 0.0, np.float64(0.42748461995821063), np.float64(0.42748461995821063), np.float64(0.42748461995821063), 0.0, 0.0, 0.0, 0.0, 0.0, 0.0, np.float64(0.42748461995821063), 0.0, 0.0, 0.0, np.float64(0.9990771537580605)]",332,0.0,0.0,0.24607154763881411,"[0.0, 0.0, 0.0, 0.0, 0.0, 0.0, 0.0, 0.0, 0.0, 0.0, np.float64(0.24607154763881411), 0.0, 0.0, 0.0, 0.0, 0.0, 0.0, 0.0, np.float64(0.24210919021684119), np.float64(0.24210919021684119), np.float64(0.24210919021684119), np.float64(0.24210919021684119), np.float64(0.24210919021684119), np.float64(0.24210919021684119), np.float64(0.24210919021684119), np.float64(0.24210919021684119), np.float64(0.24210919021684119), 0.0, np.float64(0.24210919021684119), np.float64(0.24210919021684119), 0.0, np.float64(0.24210919021684119), 0.0]",4448
BIOMD0000000095,19,46,0,1000,0.0,0.0,0.0,"[0.0, 0.0, 0.0, 0.0, 0.0, 0.0, 0.0, 0.0, 0.0, 0.0, 0.0, 0.0, 0.0, 0.0, 0.0, 0.0, 0.0, 0.0, 0.0]",3,0.0,0.876496047188762,0.9999804405985392,"[np.float64(0.9991431363695085), np.float64(0.9166974328181723), np.float64(0.9997569477742858), np.float64(0.9999804405985392), np.float64(0.9986015060371943), 0.0, np.float64(0.9951908687232596), np.float64(0.876496047188762), 0.0, 0.0, 0.0, 0.0, np.float64(0.8154150390813906), np.float64(0.563556081590031), np.float64(0.9914241672169474), np.float64(0.998002382224942), 0.0, np.float64(0.8807956260089999), 0.0]",296,0.0,0.0,0.9998014851393867,"[np.float64(0.9793896585664698), 0.0, np.float64(0.9992958092761688), 0.0, 0.0, 0.0, 0.0, 0.0, 0.0, 0.0, 0.0, 0.0, np.float64(0.9949647392256531), np.float64(0.9998014851393867), 0.0, 0.0, np.float64(0.9927192610504648), 0.0, np.float64(0.9964426438468896)]",3944
BIOMD0000000096,19,46,0,1000,0.0,0.0,0.0,"[0.0, 0.0, 0.0, 0.0, 0.0, 0.0, 0.0, 0.0, 0.0, 0.0, 0.0, 0.0, 0.0, 0.0, 0.0, 0.0, 0.0, 0.0, 0.0]",5,0.0,0.5787330771570042,0.9998523657404114,"[0.0, np.float64(0.3203393300604752), np.float64(0.9938362442853786), 0.0, 0.0, np.float64(0.9892557817323778), 0.0, np.float64(0.5787330771570042), np.float64(0.9897179405297477), np.float64(0.9374350144956495), np.float64(0.9905387624568667), np.float64(0.9971042151804553), np.float64(0.9915221866451391), 0.0, 0.0, np.float64(0.9998523657404114), np.float64(0.7732492227753766), 0.0, np.float64(0.059530907043444437)]",303,0.0,0.0,0.9998645086685111,"[np.float64(0.9523155807859348), 0.0, np.float64(0.9981658600452977), 0.0, 0.0, 0.0, 0.0, 0.0, 0.0, 0.0, 0.0, 0.0, 0.0, 0.0, 0.0, 0.0, np.float64(0.9989771021886873), 0.0, np.float64(0.9998645086685111)]",3948
BIOMD0000000097,19,46,0,1000,0.0,0.0,0.0,"[0.0, 0.0, 0.0, 0.0, 0.0, 0.0, 0.0, 0.0, 0.0, 0.0, 0.0, 0.0, 0.0, 0.0, 0.0, 0.0, 0.0, 0.0, 0.0]",2,0.0,0.7563588874803766,0.9984359573673579,"[0.0, np.float64(0.9236055719485704), np.float64(0.5982146348285817), np.float64(0.7949520425377908), np.float64(0.38173397095861794), np.float64(0.9968793987661474), 0.0, np.float64(0.7563588874803766), np.float64(0.9946617032560544), np.float64(0.9376292337279362), 0.0, np.float64(0.9743987280226174), 0.0, np.float64(0.7499498545883867), 0.0, np.float64(0.9984359573673579), 0.0, np.float64(0.9814299802929647), np.float64(0.9927149650759316)]",287,0.0,0.0,0.9999994990263144,"[np.float64(0.7063399098588112), 0.0, np.float64(0.9991554842220948), 0.0, 0.0, np.float64(0.9999994990263144), 0.0, 0.0, 0.0, 0.0, np.float64(0.1317706075944297), np.float64(0.9965935739501652), np.float64(0.8379921860423281), 0.0, 0.0, 0.0, np.float64(0.9999530762709619), np.float64(0.6897883120215087), np.float64(0.9999932351277697)]",3952
BIOMD0000000098,2,6,0,1000,0.0,0.0,0.0,"[0.0, 0.0]",0,0.0,0.23794893733992617,0.47589787467985234,"[np.float64(0.47589787467985234), 0.0]",6,0.0,0.1472513003312248,0.2945026006624496,"[0.0, np.float64(0.2945026006624496)]",12
BIOMD0000000099,7,14,0,1000,0.0,0.0,0.0,"[0.0, 0.0, 0.0, 0.0, 0.0, 0.0, 0.0]",4,0.9994216621728711,0.9999659531058678,0.999999050789265,"[np.float64(0.9999988575823214), np.float64(0.9999659531058678), np.float64(0.999999050789265), np.float64(0.9994216621728711), np.float64(0.999999005623356), np.float64(0.9997825752657619), np.float64(0.9996014370119586)]",38,0.0,0.9999999951547248,0.9999999998981486,"[0.0, np.float64(0.9999999942124683), np.float64(0.9999999951547248), np.float64(0.9999999998653355), np.float64(0.9999999998981486), np.float64(0.9999999950622265), np.float64(0.9999999976554352)]",251
BIOMD0000000100,4,10,0,1000,0.0,0.0,0.0,"[0.0, 0.0, 0.0, 0.0]",1,0.3356220711582606,0.6435099387873828,0.7800232621359334,"[np.float64(0.3356220711582606), np.float64(0.6662550472191748), np.float64(0.7800232621359334), np.float64(0.6207648303555908)]",20,0.9380491814392676,0.9948413620029251,0.9978692335112662,"[np.float64(0.9935624131511399), np.float64(0.9961203108547102), np.float64(0.9978692335112662), np.float64(0.9380491814392676)]",60
BIOMD0000000101,6,13,0,1000,0.0,0.0,0.0,"[0.0, 0.0, 0.0, 0.0, 0.0, 0.0]",5,0.0,0.0,0.0,"[0.0, 0.0, 0.0, 0.0, 0.0, 0.0]",13,0.0,0.9999999902991734,0.9999999986466179,"[np.float64(0.9999999910969254), np.float64(0.9999999895014214), 0.0, 0.0, np.float64(0.9999999986466179), np.float64(0.9999999981594235)]",158
BIOMD0000000102,13,28,0,1000,0.0,0.0,1.1102230246251565e-16,"[np.float64(1.1102230246251565e-16), np.float64(1.1102230246251565e-16), 0.0, 0.0, 0.0, 0.0, 0.0, 0.0, 0.0, 0.0, 0.0, 0.0, 0.0]",5,0.0,0.0,0.9965729427566353,"[0.0, 0.0, 0.0, 0.0, 0.0, 0.0, 0.0, 0.0, 0.0, 0.0, 0.0, np.float64(0.9965729427566353), 0.0]",84,0.0,0.0,0.0,"[0.0, 0.0, 0.0, 0.0, 0.0, 0.0, 0.0, 0.0, 0.0, 0.0, 0.0, 0.0, 0.0]",541
BIOMD0000000103,17,42,0,1000,0.0,0.0,2.220446049250313e-16,"[0.0, np.float64(1.1102230246251565e-16), 0.0, 0.0, 0.0, np.float64(2.220446049250313e-16), 0.0, 0.0, 0.0, 0.0, 0.0, 0.0, 0.0, 0.0, 0.0, 0.0, 0.0]",5,0.0,0.0,0.1193948173795426,"[0.0, 0.0, 0.0, 0.0, 0.0, 0.0, 0.0, 0.0, 0.0, 0.0, 0.0, 0.0, 0.0, 0.0, 0.0, np.float64(0.1193948173795426), np.float64(0.1193948173795426)]",119,0.0,0.0,0.7233847590226272,"[0.0, 0.0, 0.0, 0.0, 0.0, 0.0, 0.0, 0.0, 0.0, 0.0, 0.0, 0.0, 0.0, np.float64(0.7233847590226272), 0.0, np.float64(0.20164982878010718), np.float64(0.20164982878010718)]",1058
BIOMD0000000105,35,94,0,1000,0.0,0.0,0.0,"[0.0, 0.0, 0.0, 0.0, 0.0, 0.0, 0.0, 0.0, 0.0, 0.0, 0.0, 0.0, 0.0, 0.0, 0.0, 0.0, 0.0, 0.0, 0.0, 0.0, 0.0, 0.0, 0.0, 0.0, 0.0, 0.0, 0.0, 0.0, 0.0, 0.0, 0.0, 0.0, 0.0, 0.0, 0.0]",5,0.0,0.2036312739210473,0.9999999980136629,"[0.0, 0.0, 0.0, 0.0, 0.0, 0.0, np.float64(0.2036312739210473), np.float64(0.28974267331092696), np.float64(0.2036312739210473), 0.0, 0.0, 0.0, 0.0, 0.0, 0.0, 0.0, np.float64(0.9975171852385972), np.float64(0.7038331610840007), np.float64(0.9971923130668567), np.float64(0.9822920832290054), np.float64(0.28454028516265306), np.float64(0.2036312739210473), np.float64(0.2036312739210473), np.float64(0.2036312739210473), np.float64(0.2036312739210473), np.float64(0.2036312739210473), np.float64(0.2036312739210473), np.float64(0.2036312739210473), np.float64(0.2036312739210473), np.float64(0.2036312739210473), np.float64(0.9999999980136629), 0.0, np.float64(0.2036312739210473), np.float64(0.2036312739210473), np.float64(0.2036312739210473)]",169,0.0,0.9999997654653908,0.9999999998119432,"[np.float64(0.9999999991731693), np.float64(0.9999999998119432), np.float64(0.9999999931882652), np.float64(0.9999999734811666), np.float64(0.9999997654653908), np.float64(0.9999999996931254), 0.0, np.float64(0.9999999984029304), 0.0, np.float64(0.9999999734811457), np.float64(0.9999997654649396), np.float64(0.9999999996743623), np.float64(0.9999995894572647), np.float64(0.9999998708647827), np.float64(0.9999999530319177), np.float64(0.9999998817691709), np.float64(0.9999999937266835), np.float64(0.9999999359296541), np.float64(0.9999999895769061), np.float64(0.9999999275300279), np.float64(0.9999999890146526), 0.0, 0.0, 0.0, 0.0, 0.0, 0.0, 0.0, 0.0, 0.0, 0.0, np.float64(0.999999999347106), 0.0, 0.0, 0.0]",2
BIOMD0000000107,9,23,0,1000,0.0,0.0,2.220446049250313e-16,"[0.0, 0.0, np.float64(1.1102230246251565e-16), 0.0, 0.0, 0.0, 0.0, 0.0, np.float64(2.220446049250313e-16)]",4,0.0,0.9999590876433504,0.9999999997857751,"[np.float64(0.9999999768322616), np.float64(0.9999590876433504), np.float64(0.9999999133086198), np.float64(0.9999999155328146), np.float64(0.9999999997857751), 0.0, 0.0, 0.0, np.float64(0.15202550879806676)]",57,0.0,0.0,0.0,"[0.0, 0.0, 0.0, 0.0, 0.0, 0.0, 0.0, 0.0, 0.0]",323
BIOMD0000000108,9,17,0,1000,0.0,0.0,0.0,"[0.0, 0.0, 0.0, 0.0, 0.0, 0.0, 0.0, 0.0, 0.0]",0,0.0,0.0,0.9999992184279662,"[0.0, 0.0, 0.0, 0.0, 0.0, np.float64(0.9999992184279662), 0.0, 0.0, 0.0]",3,0.0,0.0,0.0,"[0.0, 0.0, 0.0, 0.0, 0.0, 0.0, 0.0, 0.0, 0.0]",7
BIOMD0000000112,10,8,0,1000,0.0,0.0,0.0,"[0.0, 0.0, 0.0, 0.0, 0.0, 0.0, 0.0, 0.0, 0.0, 0.0]",10,0.0,0.0,0.9972927763490893,"[0.0, np.float64(0.9972927763490893), 0.0, np.float64(0.9254413674765362), 0.0, np.float64(0.9963846682014564), 0.0, 0.0, 0.0, 0.0]",60,0.0,0.0,0.0,"[0.0, 0.0, 0.0, 0.0, 0.0, 0.0, 0.0, 0.0, 0.0, 0.0]",180
BIOMD0000000113,4,7,0,1000,0.0,0.0,0.0,"[0.0, 0.0, 0.0, 0.0]",2,0.02730642963797625,0.22273528226158673,0.9859557115400907,"[np.float64(0.14722166983134333), np.float64(0.29824889469183014), np.float64(0.02730642963797625), np.float64(0.9859557115400907)]",15,0.12382907174584634,0.8637973480093817,0.9982528422093829,"[np.float64(0.8505185222126069), np.float64(0.8770761738061563), np.float64(0.12382907174584634), np.float64(0.9982528422093829)]",45
BIOMD0000000114,2,4,0,1000,0.0,0.0,0.0,"[0.0, 0.0]",0,0.0,0.0,0.0,"[0.0, 0.0]",3,0.0,0.0,0.0,"[0.0, 0.0]",4
BIOMD0000000115,2,5,0,1000,0.0,0.0,0.0,"[0.0, 0.0]",0,0.14936056500239525,0.2655337987771449,0.38170703255189453,"[np.float64(0.38170703255189453), np.float64(0.14936056500239525)]",6,0.8220027403447165,0.8463532842955547,0.8707038282463928,"[np.float64(0.8707038282463928), np.float64(0.8220027403447165)]",12
BIOMD0000000116,6,10,0,1000,0.0,0.0,0.0,"[0.0, 0.0, 0.0, 0.0, 0.0, 0.0]",0,0.9501002177595167,0.9845764075031169,0.9934965028533257,"[np.float64(0.9501002177595167), np.float64(0.9825485568601366), np.float64(0.9866042581460973), np.float64(0.9912350809056456), np.float64(0.9934965028533257), np.float64(0.9769713854193735)]",36,0.0,0.9845764141140848,0.9934965181779764,"[0.0, np.float64(0.9825485611788164), np.float64(0.9866042670493532), np.float64(0.9912350951748357), np.float64(0.9934965181779764), np.float64(0.9769713825822793)]",121
BIOMD0000000117,2,6,0,1000,0.0,0.0,0.0,"[0.0, 0.0]",0,0.0,0.002333759440112715,0.00466751888022543,"[0.0, np.float64(0.00466751888022543)]",1,0.0,0.0,0.0,"[0.0, 0.0]",12
BIOMD0000000126,9,11,0,1000,0.0,0.0,0.0,"[0.0, 0.0, 0.0, 0.0, 0.0, 0.0, 0.0, 0.0, 0.0]",0,0.0,0.9717117060907382,0.9999999999662332,"[np.float64(0.9982436007614485), np.float64(0.6812662147353075), np.float64(0.8246640249466879), np.float64(0.8623273566274391), np.float64(0.9717117060907382), np.float64(0.9999999999662332), 0.0, np.float64(0.9999945004910386), np.float64(0.9999974881534479)]",80,0.0,0.0,0.9999999973870555,"[np.float64(0.8723729772795227), 0.0, 0.0, 0.0, 0.0, np.float64(0.9999999973870555), 0.0, np.float64(0.9997210501705586), np.float64(0.9997099198471407)]",450
BIOMD0000000137,21,20,0,1000,0.0,0.0,3.3306690738754696e-16,"[0.0, 0.0, 0.0, 0.0, np.float64(1.1102230246251565e-16), 0.0, 0.0, 0.0, 0.0, 0.0, np.float64(1.1102230246251565e-16), 0.0, np.float64(3.3306690738754696e-16), 0.0, 0.0, 0.0, 0.0, 0.0, 0.0, 0.0, 0.0]",16,0.0,0.0,0.9999999999993068,"[0.0, np.float64(0.9999999999993068), np.float64(0.9996199687265964), np.float64(0.9999845618376217), np.float64(0.9999999966006969), 0.0, 0.0, 0.0, np.float64(0.9999999997805772), np.float64(0.9999999997785475), 0.0, 0.0, np.float64(0.9861380009645679), 0.0, 0.0, 0.0, 0.0, 0.0, 0.0, 0.0, 0.0]",349,0.0,0.0,0.0,"[0.0, 0.0, 0.0, 0.0, 0.0, 0.0, 0.0, 0.0, 0.0, 0.0, 0.0, 0.0, 0.0, 0.0, 0.0, 0.0, 0.0, 0.0, 0.0, 0.0, 0.0]",1618
BIOMD0000000143,20,20,0,1000,0.0,0.0,1.1102230246251565e-16,"[0.0, 0.0, 0.0, 0.0, 0.0, 0.0, 0.0, 0.0, 0.0, 0.0, np.float64(1.1102230246251565e-16), 0.0, 0.0, 0.0, 0.0, 0.0, 0.0, 0.0, 0.0, 0.0]",3,0.0,0.2368577280587213,0.9999856738426515,"[np.float64(0.2368577280587213), np.float64(0.8830381731717414), np.float64(0.2368577280587213), np.float64(0.3766942567500333), np.float64(0.4629248847106462), np.float64(0.37869085104757205), 0.0, np.float64(0.2368577280587213), np.float64(0.9999844625344039), np.float64(0.875509737454399), np.float64(0.9999856738426515), np.float64(0.8755082791761115), np.float64(0.23476183844904275), np.float64(0.2368577280587213), np.float64(0.2368577280587213), np.float64(0.2368577280587213), np.float64(0.2368577280587213), 0.0, np.float64(0.8830123505034443), np.float64(0.2368577280587213)]",176,0.0,0.49998282691732243,0.9999999999998928,"[0.0, np.float64(0.9999999999984766), 0.0, np.float64(0.999999510714936), np.float64(0.9999999999998928), np.float64(0.9999999999997841), np.float64(0.9999656538346449), 0.0, np.float64(0.9999999999938569), 0.0, np.float64(0.9999999999943454), np.float64(0.9999999999985125), np.float64(0.999999999999723), 0.0, 0.0, 0.0, 0.0, 0.0, np.float64(0.9999999999984782), 0.0]",27
BIOMD0000000146,36,34,0,1000,0.0,0.0,0.0,"[0.0, 0.0, 0.0, 0.0, 0.0, 0.0, 0.0, 0.0, 0.0, 0.0, 0.0, 0.0, 0.0, 0.0, 0.0, 0.0, 0.0, 0.0, 0.0, 0.0, 0.0, 0.0, 0.0, 0.0, 0.0, 0.0, 0.0, 0.0, 0.0, 0.0, 0.0, 0.0, 0.0, 0.0, 0.0, 0.0]",4,0.0,0.0,0.9999999920692525,"[0.0, 0.0, 0.0, np.float64(0.13282565434760485), np.float64(0.13282565434760485), np.float64(0.13282565434760485), np.float64(0.13282565434760485), np.float64(0.9780448619011504), np.float64(0.9999999920692525), 0.0, 0.0, np.float64(0.13282565434760485), 0.0, 0.0, 0.0, np.float64(0.999999992069244), 0.0, np.float64(0.9999990136175362), 0.0, 0.0, 0.0, 0.0, 0.0, 0.0, 0.0, 0.0, 0.0, 0.0, np.float64(0.973479799658329), np.float64(0.9894653814602138), np.float64(0.9649827527644271), 0.0, 0.0, np.float64(0.13282565434760485), np.float64(0.13282565434760485), np.float64(0.13282565434760485)]",606,0.0,0.9999999679880492,0.9999999997276523,"[np.float64(0.999999968414037), np.float64(0.9999999675620614), np.float64(0.9999999997276523), 0.0, 0.0, 0.0, 0.0, np.float64(0.9999996020411333), np.float64(0.9999999920675865), np.float64(0.9999999722707508), np.float64(0.9999999757063526), 0.0, np.float64(0.9999999814441392), np.float64(0.9999999972712242), np.float64(0.9999999801320081), np.float64(0.9999999920675884), np.float64(0.9999987393824125), np.float64(0.9999990134119717), np.float64(0.9999840492851019), np.float64(0.9999999648524543), np.float64(0.9999997822129996), np.float64(0.9999999212370468), np.float64(0.999999946728734), np.float64(0.9999999809023625), np.float64(0.9999999805249774), np.float64(0.9999999805979498), np.float64(0.9999999982472334), np.float64(0.9999999982423968), np.float64(0.9999995806983062), np.float64(0.999999997573922), np.float64(0.999999983572933), np.float64(0.9999999689647107), np.float64(0.9999999835981471), 0.0, 0.0, 0.0]",394
BIOMD0000000147,24,51,0,1000,0.0,0.0,0.0,"[0.0, 0.0, 0.0, 0.0, 0.0, 0.0, 0.0, 0.0, 0.0, 0.0, 0.0, 0.0, 0.0, 0.0, 0.0, 0.0, 0.0, 0.0, 0.0, 0.0, 0.0, 0.0, 0.0, 0.0]",0,0.0,0.061516855506277945,0.9999998700697253,"[0.0, np.float64(0.061516855506277945), np.float64(0.061516855506277945), np.float64(0.061516855506277945), np.float64(0.9999998545702564), np.float64(0.061516855506277945), np.float64(0.9999998520538805), np.float64(0.9999920683939855), np.float64(0.999999854441787), np.float64(0.061516855506277945), np.float64(0.061516855506277945), np.float64(0.9999998696471275), np.float64(0.061516855506277945), np.float64(0.9999998700697253), np.float64(0.061516855506277945), np.float64(0.061516855506277945), 0.0, 0.0, np.float64(0.061516855506277945), np.float64(0.061516855506277945), np.float64(0.9999998644221733), np.float64(0.061516855506277945), np.float64(0.9999998669354968), np.float64(0.061516855506277945)]",243,0.0,0.06155002790943542,0.99999995214095,"[0.0, np.float64(0.06155002790943542), np.float64(0.06155002790943542), np.float64(0.06155002790943542), np.float64(0.9999999518916967), np.float64(0.06155002790943542), np.float64(0.999999951589756), np.float64(0.9999982001711638), np.float64(0.99999995214095), np.float64(0.06155002790943542), np.float64(0.06155002790943542), np.float64(0.050946106858442364), np.float64(0.06155002790943542), np.float64(0.0647426720347688), np.float64(0.06155002790943542), np.float64(0.06155002790943542), 0.0, 0.0, np.float64(0.06155002790943542), np.float64(0.06155002790943542), np.float64(0.014827318705225356), np.float64(0.06155002790943542), np.float64(0.02920903715209311), np.float64(0.06155002790943542)]",995
BIOMD0000000149,28,33,0,1000,0.0,0.0,2.220446049250313e-16,"[0.0, 0.0, 0.0, 0.0, 0.0, 0.0, 0.0, 0.0, 0.0, 0.0, 0.0, 0.0, 0.0, 0.0, 0.0, np.float64(2.220446049250313e-16), 0.0, 0.0, 0.0, 0.0, 0.0, 0.0, 0.0, 0.0, 0.0, 0.0, 0.0, 0.0]",5,0.0,0.0,0.5583765782950982,"[0.0, 0.0, 0.0, 0.0, 0.0, 0.0, 0.0, 0.0, 0.0, 0.0, 0.0, 0.0, 0.0, 0.0, 0.0, 0.0, 0.0, 0.0, 0.0, np.float64(0.387946710073963), np.float64(0.3879467100706523), np.float64(0.5583765782946303), np.float64(0.5583765782950982), 0.0, 0.0, 0.0, 0.0, 0.0]",429,0.0,0.0,0.0,"[0.0, 0.0, 0.0, 0.0, 0.0, 0.0, 0.0, 0.0, 0.0, 0.0, 0.0, 0.0, 0.0, 0.0, 0.0, 0.0, 0.0, 0.0, 0.0, 0.0, 0.0, 0.0, 0.0, 0.0, 0.0, 0.0, 0.0, 0.0]",8511
BIOMD0000000156,3,5,0,1000,0.0,0.0,0.0,"[0.0, 0.0, 0.0]",0,0.7924393437787178,0.9999999977608296,0.9999999992104551,"[np.float64(0.7924393437787178), np.float64(0.9999999977608296), np.float64(0.9999999992104551)]",8,0.9999999184471959,0.9999999490142247,0.9999999698852201,"[np.float64(0.9999999184471959), np.float64(0.9999999490142247), np.float64(0.9999999698852201)]",6
BIOMD0000000157,3,6,0,1000,0.0,0.0,0.0,"[0.0, 0.0, 0.0]",2,0.9776985083855232,0.9999999990032035,0.9999999999928224,"[np.float64(0.9776985083855232), np.float64(0.9999999999928224), np.float64(0.9999999990032035)]",8,0.9896299161552747,0.9998945462088061,0.9999985591089016,"[np.float64(0.9998945462088061), np.float64(0.9999985591089016), np.float64(0.9896299161552747)]",16
BIOMD0000000158,3,6,0,1000,0.0,0.0,0.0,"[0.0, 0.0, 0.0]",1,0.8253435651263549,0.9994461067762135,0.9995993299136073,"[np.float64(0.8253435651263549), np.float64(0.9995993299136073), np.float64(0.9994461067762135)]",8,0.5287767985025917,0.9088912818443734,0.9997175680468049,"[np.float64(0.9997175680468049), np.float64(0.9088912818443734), np.float64(0.5287767985025917)]",27
BIOMD0000000159,3,6,0,1000,0.0,0.0,4.305445666652474e-09,"[np.float64(4.305445666652474e-09), 0.0, 0.0]",1,0.0,0.024596581911140447,0.999999810333618,"[0.0, np.float64(0.024596581911140447), np.float64(0.999999810333618)]",4,0.0,0.0,0.15052438746782282,"[0.0, np.float64(0.15052438746782282), 0.0]",14
BIOMD0000000160,24,41,0,1000,0.0,0.0,0.0,"[0.0, 0.0, 0.0, 0.0, 0.0, 0.0, 0.0, 0.0, 0.0, 0.0, 0.0, 0.0, 0.0, 0.0, 0.0, 0.0, 0.0, 0.0, 0.0, 0.0, 0.0, 0.0, 0.0, 0.0]",0,0.0,0.0,0.9999977716412377,"[np.float64(0.9999966983109266), np.float64(0.9986772286989405), np.float64(0.001534966094570489), np.float64(0.001534966094570489), np.float64(0.9632074810175051), 0.0, np.float64(0.9999977716412377), np.float64(0.001534966094570489), 0.0, np.float64(0.9928238906207537), np.float64(0.001534966094570489), 0.0, np.float64(0.9084857277786139), 0.0, 0.0, np.float64(0.001534966094570489), 0.0, 0.0, 0.0, 0.0, 0.0, 0.0, 0.0, 0.0]",299,0.0,0.0,0.10020202263094291,"[0.0, 0.0, np.float64(0.10020202263094291), np.float64(0.10020202263094291), 0.0, 0.0, 0.0, np.float64(0.10020202263094291), 0.0, 0.0, np.float64(0.10020202263094291), 0.0, 0.0, 0.0, 0.0, np.float64(0.10020202263094291), 0.0, 0.0, 0.0, 0.0, 0.0, 0.0, 0.0, 0.0]",4377
BIOMD0000000161,43,43,0,1000,0.0,0.0,2.220446049250313e-16,"[0.0, 0.0, 0.0, 0.0, 0.0, 0.0, 0.0, np.float64(1.1102230246251565e-16), 0.0, 0.0, 0.0, 0.0, 0.0, 0.0, 0.0, 0.0, 0.0, 0.0, 0.0, 0.0, 0.0, 0.0, 0.0, 0.0, 0.0, 0.0, 0.0, 0.0, 0.0, 0.0, 0.0, 0.0, 0.0, 0.0, 0.0, 0.0, np.float64(2.220446049250313e-16), 0.0, 0.0, 0.0, 0.0, 0.0, 0.0]",18,0.0,0.0,0.8968875755042809,"[np.float64(0.8968875755042809), 0.0, np.float64(0.23324048245854678), np.float64(0.836125058848533), np.float64(0.8338883612099893), 0.0, 0.0, np.float64(0.8064970782533759), 0.0, 0.0, 0.0, 0.0, 0.0, np.float64(0.5223269020078665), 0.0, 0.0, np.float64(0.8064970760702962), 0.0, 0.0, 0.0, 0.0, 0.0, 0.0, np.float64(0.7293684631671915), 0.0, 0.0, 0.0, 0.0, 0.0, 0.0, np.float64(0.23324048245854678), 0.0, 0.0, 0.0, 0.0, 0.0, 0.0, 0.0, 0.0, 0.0, 0.0, 0.0, 0.0]",829,0.0,0.0,0.7470573285861963,"[0.0, 0.0, np.float64(0.26980131306131727), 0.0, 0.0, 0.0, np.float64(0.46405467338734085), 0.0, 0.0, 0.0, 0.0, 0.0, 0.0, 0.0, 0.0, 0.0, 0.0, 0.0, 0.0, 0.0, 0.0, 0.0, 0.0, 0.0, 0.0, 0.0, 0.0, 0.0, 0.0, 0.0, np.float64(0.26980131306131727), 0.0, 0.0, 0.0, 0.0, 0.0, 0.0, 0.0, 0.0, np.float64(0.7470573285861963), 0.0, 0.0, 0.0]",13591
BIOMD0000000162,24,45,0,1000,0.0,0.0,2.220446049250313e-16,"[0.0, 0.0, 0.0, 0.0, 0.0, 0.0, 0.0, 0.0, 0.0, 0.0, 0.0, 0.0, 0.0, 0.0, 0.0, 0.0, 0.0, 0.0, 0.0, np.float64(2.220446049250313e-16), 0.0, 0.0, 0.0, 0.0]",19,0.0,0.0,0.8999570170888941,"[np.float64(0.6789024164793167), np.float64(0.893197697347133), 0.0, np.float64(0.8999570170888941), 0.0, 0.0, 0.0, 0.0, np.float64(0.6262527912786273), np.float64(0.44311905810569563), np.float64(0.8320066628203764), np.float64(0.8320066628471388), 0.0, 0.0, 0.0, 0.0, np.float64(0.443119058104934), np.float64(0.6582804472070671), np.float64(0.32899292829506155), 0.0, np.float64(0.32899292829506155), 0.0, 0.0, 0.0]",526,0.0,0.0,0.0,"[0.0, 0.0, 0.0, 0.0, 0.0, 0.0, 0.0, 0.0, 0.0, 0.0, 0.0, 0.0, 0.0, 0.0, 0.0, 0.0, 0.0, 0.0, 0.0, 0.0, 0.0, 0.0, 0.0, 0.0]",3719
BIOMD0000000163,16,26,0,1000,0.0,0.0,1.1102230246251565e-16,"[0.0, 0.0, 0.0, 0.0, 0.0, 0.0, 0.0, 0.0, 0.0, 0.0, 0.0, 0.0, 0.0, np.float64(1.1102230246251565e-16), 0.0, 0.0]",4,0.0,0.0,0.0,"[0.0, 0.0, 0.0, 0.0, 0.0, 0.0, 0.0, 0.0, 0.0, 0.0, 0.0, 0.0, 0.0, 0.0, 0.0, 0.0]",174,0.0,0.0,0.0,"[0.0, 0.0, 0.0, 0.0, 0.0, 0.0, 0.0, 0.0, 0.0, 0.0, 0.0, 0.0, 0.0, 0.0, 0.0, 0.0]",1892
BIOMD0000000164,26,29,0,1000,0.0,0.0,2.220446049250313e-16,"[0.0, 0.0, 0.0, 0.0, 0.0, 0.0, 0.0, 0.0, 0.0, 0.0, 0.0, 0.0, 0.0, 0.0, 0.0, 0.0, 0.0, np.float64(2.220446049250313e-16), 0.0, 0.0, 0.0, 0.0, 0.0, 0.0, 0.0, 0.0]",7,0.0,0.5569532197962108,0.9999996531676302,"[np.float64(0.6094993154721788), 0.0, 0.0, 0.0, 0.0, np.float64(0.9999945969745407), 0.0, 0.0, np.float64(0.5555130669547719), np.float64(0.9999996531676302), np.float64(0.9999977648520508), np.float64(0.9999050467951989), np.float64(0.9999976974870092), np.float64(0.9999187990775085), 0.0, 0.0, np.float64(0.9999451534742172), np.float64(0.9999547339046503), 0.0, np.float64(0.5583933726376499), np.float64(0.9999935626103549), np.float64(0.6587610071514214), 0.0, np.float64(0.99801898978435), 0.0, 0.0]",390,0.0,0.0,0.44842047541688934,"[0.0, 0.0, np.float64(0.17573734419526688), 0.0, 0.0, 0.0, 0.0, np.float64(0.17573734419526688), 0.0, 0.0, 0.0, np.float64(0.3519629220155851), 0.0, np.float64(0.44842047541688934), np.float64(0.17573734419526688), 0.0, 0.0, 0.0, 0.0, 0.0, 0.0, 0.0, 0.0, 0.0, np.float64(0.17573734419526688), np.float64(0.17573734419526688)]",3445
BIOMD0000000165,36,30,0,1000,0.0,1.1102230246251565e-16,1.1102230246251565e-16,"[0.0, np.float64(1.1102230246251565e-16), 0.0, 0.0, np.float64(1.1102230246251565e-16), 0.0, 0.0, 0.0, 0.0, np.float64(1.1102230246251565e-16), np.float64(1.1102230246251565e-16), np.float64(1.1102230246251565e-16), 0.0, np.float64(1.1102230246251565e-16), np.float64(1.1102230246251565e-16), np.float64(1.1102230246251565e-16), np.float64(1.1102230246251565e-16), 0.0, np.float64(1.1102230246251565e-16), np.float64(1.1102230246251565e-16), 0.0, 0.0, 0.0, 0.0, np.float64(1.1102230246251565e-16), np.float64(1.1102230246251565e-16), np.float64(1.1102230246251565e-16), np.float64(1.1102230246251565e-16), np.float64(1.1102230246251565e-16), np.float64(1.1102230246251565e-16), np.float64(1.1102230246251565e-16), np.float64(1.1102230246251565e-16), np.float64(1.1102230246251565e-16), np.float64(1.1102230246251565e-16), np.float64(1.1102230246251565e-16), np.float64(1.1102230246251565e-16)]",0,0.0,0.0,0.9932600111087028,"[0.0, 0.0, np.float64(0.8304098871213599), 0.0, 0.0, 0.0, 0.0, 0.0, 0.0, np.float64(0.23588272212589745), np.float64(0.23588272212589745), np.float64(0.23588272212589745), 0.0, np.float64(0.23588272212589745), 0.0, 0.0, 0.0, np.float64(0.9932600072745165), 0.0, np.float64(0.23588272212589745), 0.0, 0.0, 0.0, np.float64(0.9932600111087028), 0.0, 0.0, 0.0, 0.0, np.float64(0.23588272212589745), 0.0, 0.0, np.float64(0.23588272212589745), 0.0, np.float64(0.23588272212589745), 0.0, 0.0]",353,0.0,0.1166628522388291,0.1166628522388291,"[0.0, np.float64(0.1166628522388291), 0.0, 0.0, np.float64(0.1166628522388291), 0.0, 0.0, 0.0, 0.0, np.float64(0.1166628522388291), np.float64(0.1166628522388291), np.float64(0.1166628522388291), 0.0, np.float64(0.1166628522388291), np.float64(0.1166628522388291), np.float64(0.1166628522388291), np.float64(0.1166628522388291), 0.0, np.float64(0.1166628522388291), np.float64(0.1166628522388291), 0.0, 0.0, 0.0, 0.0, np.float64(0.1166628522388291), np.float64(0.1166628522388291), np.float64(0.1166628522388291), np.float64(0.1166628522388291), np.float64(0.1166628522388291), np.float64(0.1166628522388291), np.float64(0.1166628522388291), np.float64(0.1166628522388291), np.float64(0.1166628522388291), np.float64(0.1166628522388291), np.float64(0.1166628522388291), np.float64(0.1166628522388291)]",2477
BIOMD0000000166,3,9,0,1000,0.0,0.0,0.0,"[0.0, 0.0, 0.0]",0,0.0,0.0,0.0,"[0.0, 0.0, 0.0]",11,0.0,0.0,0.0,"[0.0, 0.0, 0.0]",28
BIOMD0000000167,8,7,0,1000,0.0,0.0,0.0,"[0.0, 0.0, 0.0, 0.0, 0.0, 0.0, 0.0, 0.0]",0,0.0,0.0,0.0,"[0.0, 0.0, 0.0, 0.0, 0.0, 0.0, 0.0, 0.0]",5,0.0,0.0,0.0,"[0.0, 0.0, 0.0, 0.0, 0.0, 0.0, 0.0, 0.0]",150
BIOMD0000000169,11,27,0,1000,0.0,0.0,0.0,"[0.0, 0.0, 0.0, 0.0, 0.0, 0.0, 0.0, 0.0, 0.0, 0.0, 0.0]",0,0.0,0.0,0.0,"[0.0, 0.0, 0.0, 0.0, 0.0, 0.0, 0.0, 0.0, 0.0, 0.0, 0.0]",56,0.0,0.0,0.0,"[0.0, 0.0, 0.0, 0.0, 0.0, 0.0, 0.0, 0.0, 0.0, 0.0, 0.0]",455
BIOMD0000000170,7,17,0,1000,0.0,0.0,0.0,"[0.0, 0.0, 0.0, 0.0, 0.0, 0.0, 0.0]",0,0.0,0.9041682352023279,0.9999952413863814,"[np.float64(0.8953199795388425), np.float64(0.9041682352023279), np.float64(0.9999952413863814), np.float64(0.9774051869419045), np.float64(0.16177298606487767), np.float64(0.9986768922188062), 0.0]",23,0.0,0.0,0.9959893203702014,"[0.0, np.float64(0.9838365366319995), np.float64(0.9959893203702014), 0.0, 0.0, np.float64(0.881561855048868), 0.0]",65
BIOMD0000000171,10,26,0,1000,0.0,0.0,0.0,"[0.0, 0.0, 0.0, 0.0, 0.0, 0.0, 0.0, 0.0, 0.0, 0.0]",1,0.0,0.2548215163283465,0.9999975762531856,"[np.float64(0.509643032656693), np.float64(0.972976448849595), np.float64(0.9976955483632858), 0.0, np.float64(0.954775545410194), 0.0, 0.0, 0.0, 0.0, np.float64(0.9999975762531856)]",73,0.0,0.0,0.9911675785672992,"[0.0, 0.0, 0.0, 0.0, np.float64(0.9911675785672992), 0.0, 0.0, 0.0, 0.0, 0.0]",619
BIOMD0000000172,17,19,0,1000,0.0,0.0,2.220446049250313e-16,"[0.0, 0.0, np.float64(1.1102230246251565e-16), np.float64(1.1102230246251565e-16), 0.0, 0.0, 0.0, 0.0, 0.0, 0.0, 0.0, 0.0, 0.0, 0.0, 0.0, np.float64(2.220446049250313e-16), 0.0]",9,0.0,0.9970053043075566,0.9999301321994793,"[np.float64(0.8548862374140784), np.float64(0.9997858184787163), np.float64(0.9960129748711023), np.float64(0.9991471841065076), np.float64(0.9871877116163325), np.float64(0.9999301321994793), np.float64(0.9931821363563232), np.float64(0.9993690976456093), np.float64(0.999369855883913), np.float64(0.9970053043075566), 0.0, np.float64(0.9970053043080653), np.float64(0.9999291953201352), np.float64(0.9954582661221884), np.float64(0.41014039017340587), np.float64(0.9998057542833596), np.float64(0.9851492271972246)]",281,0.0,0.6480179311127274,0.9990697896672722,"[0.0, np.float64(0.7639752142914323), np.float64(0.6480179311127274), np.float64(0.5706013342518854), np.float64(0.8531299363831895), np.float64(0.9990697896672722), np.float64(0.9686739163961645), np.float64(0.8107804698580099), 0.0, 0.0, 0.0, 0.0, np.float64(0.9048970332242894), 0.0, 0.0, np.float64(0.8707180664541131), np.float64(0.6768486337784982)]",2772
BIOMD0000000174,4,10,0,1000,0.0,0.0,0.0,"[0.0, 0.0, 0.0, 0.0]",0,0.0,0.0,0.8999847485019217,"[0.0, np.float64(0.8999847485019217), 0.0, 0.0]",7,0.0,0.0,0.0,"[0.0, 0.0, 0.0, 0.0]",41
BIOMD0000000175,118,102,0,1000,0.0,0.0,2.220446049250313e-16,"[np.float64(2.220446049250313e-16), 0.0, 0.0, 0.0, 0.0, 0.0, 0.0, 0.0, 0.0, 0.0, 0.0, 0.0, 0.0, 0.0, 0.0, 0.0, 0.0, 0.0, 0.0, 0.0, 0.0, 0.0, 0.0, 0.0, 0.0, 0.0, 0.0, 0.0, 0.0, 0.0, 0.0, 0.0, 0.0, 0.0, 0.0, 0.0, 0.0, 0.0, 0.0, 0.0, 0.0, 0.0, 0.0, 0.0, 0.0, 0.0, 0.0, 0.0, 0.0, 0.0, 0.0, 0.0, 0.0, 0.0, 0.0, 0.0, 0.0, 0.0, 0.0, 0.0, 0.0, 0.0, 0.0, 0.0, 0.0, 0.0, 0.0, 0.0, 0.0, 0.0, 0.0, 0.0, 0.0, 0.0, 0.0, 0.0, 0.0, 0.0, 0.0, 0.0, 0.0, 0.0, 0.0, 0.0, 0.0, 0.0, 0.0, 0.0, 0.0, 0.0, 0.0, 0.0, 0.0, 0.0, 0.0, 0.0, 0.0, 0.0, 0.0, 0.0, 0.0, 0.0, 0.0, 0.0, 0.0, 0.0, 0.0, 0.0, 0.0, 0.0, 0.0, 0.0, np.float64(2.220446049250313e-16), 0.0, 0.0, 0.0, 0.0, 0.0]",34,0.0,0.0,0.9999999945032877,"[0.0, np.float64(0.9999999204391286), 0.0, 0.0, 0.0, 0.0, np.float64(0.9999998647044931), np.float64(0.16143325531107022), 0.0, 0.0, 0.0, np.float64(0.9999997675662157), 0.0, np.float64(0.16143325531107022), 0.0, 0.0, 0.0, np.float64(0.9881948622664184), 0.0, 0.0, 0.0, 0.0, 0.0, 0.0, 0.0, np.float64(0.16143325531107022), np.float64(0.16143325531107022), np.float64(0.16143325531107022), 0.0, 0.0, 0.0, 0.0, 0.0, 0.0, 0.0, 0.0, 0.0, 0.0, 0.0, 0.0, 0.0, 0.0, 0.0, 0.0, 0.0, 0.0, 0.0, 0.0, 0.0, 0.0, 0.0, 0.0, 0.0, 0.0, 0.0, 0.0, np.float64(0.16143325531107022), np.float64(0.16143325531107022), np.float64(0.16143325531107022), np.float64(0.16143325531107022), 0.0, np.float64(0.16143325531107022), 0.0, 0.0, 0.0, 0.0, 0.0, 0.0, np.float64(0.16143325531107022), np.float64(0.16143325531107022), np.float64(0.16143325531107022), np.float64(0.16143325531107022), 0.0, np.float64(0.9999999944391372), 0.0, 0.0, np.float64(0.16143325531107022), np.float64(0.16143325531107022), np.float64(0.16143325531107022), 0.0, 0.0, 0.0, np.float64(0.16143325531107022), 0.0, np.float64(0.16143325531107022), np.float64(0.16143325531107022), np.float64(0.16143325531107022), np.float64(0.16143325531107022), np.float64(0.16143325531107022), np.float64(0.16143325531107022), np.float64(0.16143325531107022), np.float64(0.16143325531107022), 0.0, np.float64(0.16143325531107022), 0.0, 0.0, 0.0, 0.0, 0.0, np.float64(0.16143325531107022), np.float64(0.16143325531107022), 0.0, 0.0, 0.0, 0.0, 0.0, 0.0, 0.0, np.float64(0.16143325531107022), 0.0, 0.0, 0.0, np.float64(0.9999999924090471), np.float64(0.16143325531107022), np.float64(0.16143325531107022), 0.0, np.float64(0.9999999944178442), np.float64(0.9999999945032877)]",5212,0.0,0.0,0.0,"[0.0, 0.0, 0.0, 0.0, 0.0, 0.0, 0.0, 0.0, 0.0, 0.0, 0.0, 0.0, 0.0, 0.0, 0.0, 0.0, 0.0, 0.0, 0.0, 0.0, 0.0, 0.0, 0.0, 0.0, 0.0, 0.0, 0.0, 0.0, 0.0, 0.0, 0.0, 0.0, 0.0, 0.0, 0.0, 0.0, 0.0, 0.0, 0.0, 0.0, 0.0, 0.0, 0.0, 0.0, 0.0, 0.0, 0.0, 0.0, 0.0, 0.0, 0.0, 0.0, 0.0, 0.0, 0.0, 0.0, 0.0, 0.0, 0.0, 0.0, 0.0, 0.0, 0.0, 0.0, 0.0, 0.0, 0.0, 0.0, 0.0, 0.0, 0.0, 0.0, 0.0, 0.0, 0.0, 0.0, 0.0, 0.0, 0.0, 0.0, 0.0, 0.0, 0.0, 0.0, 0.0, 0.0, 0.0, 0.0, 0.0, 0.0, 0.0, 0.0, 0.0, 0.0, 0.0, 0.0, 0.0, 0.0, 0.0, 0.0, 0.0, 0.0, 0.0, 0.0, 0.0, 0.0, 0.0, 0.0, 0.0, 0.0, 0.0, 0.0, 0.0, 0.0, 0.0, 0.0, 0.0, 0.0]",0
BIOMD0000000176,17,19,0,1000,0.0,0.0,0.0,"[0.0, 0.0, 0.0, 0.0, 0.0, 0.0, 0.0, 0.0, 0.0, 0.0, 0.0, 0.0, 0.0, 0.0, 0.0, 0.0, 0.0]",1,0.0,0.9969988557530669,0.9999945179452726,"[np.float64(0.8735050263947939), np.float64(0.9990651665123365), np.float64(0.9969988557530669), np.float64(0.9998929942487138), np.float64(0.9927080067004423), np.float64(0.9999945179452726), np.float64(0.993795516556684), np.float64(0.9986797375918544), np.float64(0.9986807637819518), np.float64(0.9906595221725013), 0.0, np.float64(0.9906595221680945), np.float64(0.9996687348467181), np.float64(0.9997123615475989), 0.0, np.float64(0.9982593648422642), np.float64(0.9750911012807666)]",283,0.0,0.0,0.9995198838974615,"[0.0, np.float64(0.8003842640032929), np.float64(0.64873443490552), np.float64(0.9795460116337906), 0.0, np.float64(0.9995198838974615), np.float64(0.10029982816701988), np.float64(0.8144264181247801), 0.0, 0.0, 0.0, 0.0, np.float64(0.9362024631564024), 0.0, 0.0, 0.0, 0.0]",2549
BIOMD0000000177,18,21,0,1000,0.0,0.0,1.1102230246251565e-16,"[0.0, np.float64(1.1102230246251565e-16), 0.0, 0.0, 0.0, 0.0, 0.0, 0.0, 0.0, 0.0, 0.0, 0.0, 0.0, 0.0, 0.0, 0.0, 0.0, 0.0]",4,0.0,0.9949840308646692,0.9999998590860316,"[np.float64(0.9949658368090478), np.float64(0.9987723019007845), np.float64(0.9996753467534837), np.float64(0.9894185459983499), np.float64(0.9990221009787035), np.float64(0.9997186995341634), np.float64(0.9978299037136816), np.float64(0.9950815775525245), np.float64(0.9950022249202907), np.float64(0.9868532303051887), 0.0, np.float64(0.9868532303044911), np.float64(0.9943436818328967), np.float64(0.9955651121421631), np.float64(0.9913226948654198), np.float64(0.992886964335237), np.float64(0.9999998590860316), np.float64(0.9706400090062577)]",318,0.0,0.1857082268871197,0.9949295194315582,"[np.float64(0.739874540044591), np.float64(0.9949295194315582), np.float64(0.9518185696985062), np.float64(0.937189746091976), 0.0, np.float64(0.975239959938026), np.float64(0.9466275802205615), 0.0, 0.0, np.float64(0.3714164537742394), 0.0, np.float64(0.37141645413492674), 0.0, 0.0, 0.0, 0.0, np.float64(0.993361528653248), 0.0]",3067
BIOMD0000000178,5,4,0,1000,0.0,0.0,0.0,"[0.0, 0.0, 0.0, 0.0, 0.0]",0,0.0,0.0,0.023241882991969165,"[0.0, 0.0, 0.0, np.float64(0.023241882991969165), np.float64(0.023241882991969165)]",5,0.0,0.018285759799058332,0.9999992401943895,"[np.float64(0.9999992401943895), 0.0, 0.0, np.float64(0.018285759799058332), np.float64(0.018285759799058332)]",15
BIOMD0000000180,8,20,0,1000,0.0,0.0,0.0,"[0.0, 0.0, 0.0, 0.0, 0.0, 0.0, 0.0, 0.0]",0,0.0,0.8387105747619743,0.999999999310412,"[np.float64(0.8017004173706623), np.float64(0.9999944845476918), np.float64(0.8757207321532864), np.float64(0.9999999770473736), np.float64(0.999999999310412), np.float64(0.2044018012161638), 0.0, 0.0]",39,0.0,0.9301376004582549,0.9999936299577545,"[np.float64(0.8814392228850829), np.float64(0.9999936299577545), np.float64(0.9788359780314267), 0.0, 0.0, np.float64(0.9999353091355236), np.float64(0.7663146273064458), np.float64(0.9997866280095882)]",307
BIOMD0000000181,6,18,0,1000,0.0,0.0,1.1102230246251565e-16,"[0.0, np.float64(1.1102230246251565e-16), 0.0, 0.0, 0.0, 0.0]",5,0.9999999559013255,0.9999999995204649,0.9999999999089055,"[np.float64(0.999999999824863), np.float64(0.9999999998777029), np.float64(0.9999999956386079), np.float64(0.9999999992160669), np.float64(0.9999999999089055), np.float64(0.9999999559013255)]",42,0.8121360536911568,0.9999999999716354,0.9999999999977023,"[np.float64(0.9989629704574455), np.float64(0.9999999999977023), np.float64(0.8121360536911568), np.float64(0.9999999999975743), np.float64(0.9999999999973208), np.float64(0.99999999994595)]",165
BIOMD0000000182,37,32,0,1000,0.0,0.0,0.0,"[0.0, 0.0, 0.0, 0.0, 0.0, 0.0, 0.0, 0.0, 0.0, 0.0, 0.0, 0.0, 0.0, 0.0, 0.0, 0.0, 0.0, 0.0, 0.0, 0.0, 0.0, 0.0, 0.0, 0.0, 0.0, 0.0, 0.0, 0.0, 0.0, 0.0, 0.0, 0.0, 0.0, 0.0, 0.0, 0.0, 0.0]",2,0.0,0.0,0.0,"[0.0, 0.0, 0.0, 0.0, 0.0, 0.0, 0.0, 0.0, 0.0, 0.0, 0.0, 0.0, 0.0, 0.0, 0.0, 0.0, 0.0, 0.0, 0.0, 0.0, 0.0, 0.0, 0.0, 0.0, 0.0, 0.0, 0.0, 0.0, 0.0, 0.0, 0.0, 0.0, 0.0, 0.0, 0.0, 0.0, 0.0]",639,0.0,0.0,0.0,"[0.0, 0.0, 0.0, 0.0, 0.0, 0.0, 0.0, 0.0, 0.0, 0.0, 0.0, 0.0, 0.0, 0.0, 0.0, 0.0, 0.0, 0.0, 0.0, 0.0, 0.0, 0.0, 0.0, 0.0, 0.0, 0.0, 0.0, 0.0, 0.0, 0.0, 0.0, 0.0, 0.0, 0.0, 0.0, 0.0, 0.0]",3317
BIOMD0000000184,3,7,0,1000,0.0,0.0,0.0,"[0.0, 0.0, 0.0]",0,0.0,0.0,0.0,"[0.0, 0.0, 0.0]",1,0.0,0.0,0.0,"[0.0, 0.0, 0.0]",15
BIOMD0000000185,8,20,0,1000,0.0,0.0,2.220446049250313e-16,"[0.0, 0.0, 0.0, 0.0, 0.0, np.float64(2.220446049250313e-16), 0.0, 0.0]",7,0.0,0.5861173284851133,0.9982990324747256,"[np.float64(0.9982990324747256), 0.0, np.float64(0.6282335566544439), np.float64(0.5440011003157827), np.float64(0.9655063282836294), 0.0, 0.0, np.float64(0.9964200105626486)]",54,0.0,0.9445921467683835,0.9999999978833367,"[np.float64(0.9999999978833367), 0.0, np.float64(0.8895119841463464), np.float64(0.2511668457282633), np.float64(0.9996723093904208), np.float64(0.9999998597344336), 0.0, np.float64(0.9999988511617542)]",353
BIOMD0000000186,11,9,0,1000,0.0,0.0,0.0,"[0.0, 0.0, 0.0, 0.0, 0.0, 0.0, 0.0, 0.0, 0.0, 0.0, 0.0]",0,0.0,0.0,0.0,"[0.0, 0.0, 0.0, 0.0, 0.0, 0.0, 0.0, 0.0, 0.0, 0.0, 0.0]",49,0.0,0.0,0.0,"[0.0, 0.0, 0.0, 0.0, 0.0, 0.0, 0.0, 0.0, 0.0, 0.0, 0.0]",245
BIOMD0000000187,11,9,0,1000,0.0,0.0,0.0,"[0.0, 0.0, 0.0, 0.0, 0.0, 0.0, 0.0, 0.0, 0.0, 0.0, 0.0]",0,0.0,0.0,0.0,"[0.0, 0.0, 0.0, 0.0, 0.0, 0.0, 0.0, 0.0, 0.0, 0.0, 0.0]",36,0.0,0.0,0.0,"[0.0, 0.0, 0.0, 0.0, 0.0, 0.0, 0.0, 0.0, 0.0, 0.0, 0.0]",162
BIOMD0000000191,2,5,0,1000,0.0,0.0,0.0,"[0.0, 0.0]",2,0.0,0.4938724885288306,0.9877449770576612,"[0.0, np.float64(0.9877449770576612)]",5,0.0,0.0,0.0,"[0.0, 0.0]",4
BIOMD0000000193,8,6,0,1000,0.0,0.0,0.0,"[0.0, 0.0, 0.0, 0.0, 0.0, 0.0, 0.0, 0.0]",0,0.0,0.0,0.0,"[0.0, 0.0, 0.0, 0.0, 0.0, 0.0, 0.0, 0.0]",25,0.0,0.0,0.0,"[0.0, 0.0, 0.0, 0.0, 0.0, 0.0, 0.0, 0.0]",105
BIOMD0000000194,5,3,0,1000,0.0,0.0,0.0,"[0.0, 0.0, 0.0, 0.0, 0.0]",0,0.0,0.0,0.0,"[0.0, 0.0, 0.0, 0.0, 0.0]",9,0.0,0.0,0.0,"[0.0, 0.0, 0.0, 0.0, 0.0]",27
BIOMD0000000197,5,10,0,1000,0.0,0.0,0.0,"[0.0, 0.0, 0.0, 0.0, 0.0]",0,0.9470429208932561,0.9757316276921251,0.9999606569430315,"[np.float64(0.9507743352487459), np.float64(0.9470429208932561), np.float64(0.9766627049645915), np.float64(0.9757316276921251), np.float64(0.9999606569430315)]",30,0.0,0.0,0.0,"[0.0, 0.0, 0.0, 0.0, 0.0]",54
BIOMD0000000200,22,34,0,1000,0.0,0.0,0.0,"[0.0, 0.0, 0.0, 0.0, 0.0, 0.0, 0.0, 0.0, 0.0, 0.0, 0.0, 0.0, 0.0, 0.0, 0.0, 0.0, 0.0, 0.0, 0.0, 0.0, 0.0, 0.0]",0,0.0,0.0,0.25422981098849096,"[0.0, np.float64(0.25422981098849096), 0.0, 0.0, np.float64(0.25422981098849096), 0.0, np.float64(0.25422981098849096), 0.0, 0.0, 0.0, np.float64(0.25422981098849096), np.float64(0.25422981098849096), 0.0, np.float64(0.25422981098849096), 0.0, 0.0, 0.0, 0.0, np.float64(0.25422981098849096), 0.0, 0.0, np.float64(0.25422981098849096)]",260,0.0,0.0,0.0,"[0.0, 0.0, 0.0, 0.0, 0.0, 0.0, 0.0, 0.0, 0.0, 0.0, 0.0, 0.0, 0.0, 0.0, 0.0, 0.0, 0.0, 0.0, 0.0, 0.0, 0.0, 0.0]",2245
BIOMD0000000201,22,33,0,1000,0.0,0.0,0.0,"[0.0, 0.0, 0.0, 0.0, 0.0, 0.0, 0.0, 0.0, 0.0, 0.0, 0.0, 0.0, 0.0, 0.0, 0.0, 0.0, 0.0, 0.0, 0.0, 0.0, 0.0, 0.0]",0,0.0,0.0,0.9662441426505757,"[0.0, 0.0, 0.0, 0.0, np.float64(0.25873806961450985), 0.0, np.float64(0.9662441426505757), 0.0, 0.0, 0.0, 0.0, 0.0, 0.0, 0.0, 0.0, 0.0, 0.0, 0.0, 0.0, 0.0, 0.0, 0.0]",211,0.0,0.0,0.0,"[0.0, 0.0, 0.0, 0.0, 0.0, 0.0, 0.0, 0.0, 0.0, 0.0, 0.0, 0.0, 0.0, 0.0, 0.0, 0.0, 0.0, 0.0, 0.0, 0.0, 0.0, 0.0]",3266
BIOMD0000000203,5,10,0,1000,0.0,0.0,0.0,"[0.0, 0.0, 0.0, 0.0, 0.0]",0,0.0,0.9685252662812783,0.9803050369793549,"[np.float64(0.9803050369793533), np.float64(0.9803050369793549), 0.0, np.float64(0.9685252662812783), 0.0]",18,0.0,0.0,0.0,"[0.0, 0.0, 0.0, 0.0, 0.0]",90
BIOMD0000000204,5,10,0,1000,0.0,0.0,0.0,"[0.0, 0.0, 0.0, 0.0, 0.0]",0,0.0,0.0,0.0,"[0.0, 0.0, 0.0, 0.0, 0.0]",10,0.0,0.0,0.0,"[0.0, 0.0, 0.0, 0.0, 0.0]",87
BIOMD0000000206,9,11,0,1000,0.0,0.0,0.0,"[0.0, 0.0, 0.0, 0.0, 0.0, 0.0, 0.0, 0.0, 0.0]",1,0.0,0.0,0.5145128852862637,"[0.0, 0.0, 0.0, 0.0, np.float64(0.290491167836447), np.float64(0.3985757328264712), np.float64(0.5145128852862637), np.float64(0.26569465984552876), 0.0]",87,0.0,0.0,0.5915388945582352,"[0.0, 0.0, 0.0, 0.0, np.float64(0.5915388945582352), 0.0, np.float64(0.2043253339527772), np.float64(0.12693529928711733), 0.0]",494
BIOMD0000000207,6,6,0,1000,0.0,0.0,0.0,"[0.0, 0.0, 0.0, 0.0, 0.0, 0.0]",1,0.0,0.07647187380729226,0.9999981298442903,"[0.0, 0.0, np.float64(0.9999924541719101), np.float64(0.9999981298442903), np.float64(0.07647187380729226), np.float64(0.07647187380729226)]",21,0.0,0.07647148156352102,0.9999982121173363,"[0.0, 0.0, np.float64(0.999991704761754), np.float64(0.9999982121173363), np.float64(0.07647148156352102), np.float64(0.07647148156352102)]",44
BIOMD0000000209,8,12,0,1000,0.0,0.0,0.0,"[0.0, 0.0, 0.0, 0.0, 0.0, 0.0, 0.0, 0.0]",2,0.0,0.04092656351429974,0.9999999998747453,"[np.float64(0.9999999912630263), 0.0, 0.0, np.float64(0.9999999998747453), 0.0, 0.0, np.float64(0.08185312702859948), np.float64(0.08185312702859948)]",38,0.0,0.476836634884813,0.999149674398115,"[np.float64(0.9989742573018399), 0.0, 0.0, np.float64(0.953673269769626), np.float64(0.9615163081619938), np.float64(0.999149674398115), 0.0, 0.0]",165
BIOMD0000000210,8,12,0,1000,0.0,0.0,0.0,"[0.0, 0.0, 0.0, 0.0, 0.0, 0.0, 0.0, 0.0]",1,0.0,0.0,0.9895931747626537,"[0.0, 0.0, 0.0, 0.0, np.float64(0.9895931747626537), 0.0, 0.0, 0.0]",18,0.0,0.0,0.0,"[0.0, 0.0, 0.0, 0.0, 0.0, 0.0, 0.0, 0.0]",138
BIOMD0000000211,24,21,0,1000,0.0,0.0,2.220446049250313e-16,"[0.0, 0.0, 0.0, np.float64(2.220446049250313e-16), np.float64(1.1102230246251565e-16), np.float64(2.220446049250313e-16), 0.0, 0.0, 0.0, 0.0, 0.0, 0.0, 0.0, 0.0, 0.0, np.float64(2.220446049250313e-16), 0.0, 0.0, 0.0, 0.0, np.float64(2.220446049250313e-16), 0.0, np.float64(2.220446049250313e-16), 0.0]",22,0.0,0.9969861193069874,0.9999960234998759,"[np.float64(0.9999955692932234), np.float64(0.9999960234998759), np.float64(0.9999583678546667), np.float64(0.9937787430317943), np.float64(0.9883916630853589), np.float64(0.9999693619875082), np.float64(0.8168508400400886), np.float64(0.9999494939543903), np.float64(0.9999494939543916), np.float64(0.9929913707597735), np.float64(0.8229033239422296), np.float64(0.8360402634138898), np.float64(0.8241275735351079), np.float64(0.9942654478769621), np.float64(0.9942180708396647), np.float64(0.9998209834306379), np.float64(0.9998320435623952), np.float64(0.9997067907370127), np.float64(0.9998941384463946), np.float64(0.9998941384463915), np.float64(0.8219690098009964), np.float64(0.9999538158943396), np.float64(0.8153132497393015), 0.0]",594,0.0,0.0,0.647838712612437,"[0.0, 0.0, 0.0, 0.0, 0.0, 0.0, 0.0, 0.0, 0.0, 0.0, 0.0, 0.0, 0.0, 0.0, np.float64(0.647838712612437), 0.0, 0.0, 0.0, 0.0, 0.0, 0.0, 0.0, 0.0, 0.0]",7733
BIOMD0000000212,8,18,0,1000,0.0,0.0,0.0,"[0.0, 0.0, 0.0, 0.0, 0.0, 0.0, 0.0, 0.0]",0,0.0,0.0,0.0,"[0.0, 0.0, 0.0, 0.0, 0.0, 0.0, 0.0, 0.0]",29,0.0,0.0,0.0,"[0.0, 0.0, 0.0, 0.0, 0.0, 0.0, 0.0, 0.0]",228
BIOMD0000000213,6,12,0,1000,0.0,0.0,0.0,"[0.0, 0.0, 0.0, 0.0, 0.0, 0.0]",0,0.0,0.8896299589580636,0.9997372985885208,"[np.float64(0.9997372985885208), np.float64(0.8959316373772749), 0.0, np.float64(0.9837972624555483), np.float64(0.8802758059358964), np.float64(0.8833282805388525)]",35,0.9855742136858001,0.9887949056807981,0.999995812186603,"[np.float64(0.9999691217815749), np.float64(0.987798306822762), np.float64(0.999995812186603), np.float64(0.989791504538834), np.float64(0.9855742136858001), np.float64(0.9864323615670613)]",129
BIOMD0000000216,5,17,0,1000,0.0,0.0,0.0,"[0.0, 0.0, 0.0, 0.0, 0.0]",0,0.0,0.6012585590534596,0.8734510170903323,"[np.float64(0.7712083898589883), np.float64(0.6012585590534596), 0.0, np.float64(0.8734510170903323), np.float64(0.6012585590534558)]",19,0.0,0.0,0.5363354171171968,"[np.float64(0.5363354171171968), 0.0, 0.0, 0.0, 0.0]",79
BIOMD0000000217,12,16,0,1000,0.0,0.0,2.220446049250313e-16,"[0.0, 0.0, np.float64(2.220446049250313e-16), 0.0, 0.0, 0.0, 0.0, np.float64(2.220446049250313e-16), 0.0, 0.0, 0.0, np.float64(1.1102230246251565e-16)]",6,0.0,0.9492584122874177,0.9995277087226585,"[0.0, np.float64(0.12942972962247468), np.float64(0.9864592363138063), np.float64(0.9120575882610291), np.float64(0.5961698092641592), 0.0, 0.0, np.float64(0.9949545040647761), np.float64(0.9995277087226585), np.float64(0.9939639680019441), np.float64(0.9939639686941143), np.float64(0.9985226645276651)]",138,0.0,0.49999631809358114,0.9999995328913349,"[0.0, 0.0, np.float64(0.9999926361871623), 0.0, 0.0, 0.0, 0.0, np.float64(0.9999958558272651), np.float64(0.9999989426902319), np.float64(0.9999966455387582), np.float64(0.9999966455390247), np.float64(0.9999995328913349)]",1046
BIOMD0000000218,9,14,0,1000,0.0,0.0,0.0,"[0.0, 0.0, 0.0, 0.0, 0.0, 0.0, 0.0, 0.0, 0.0]",0,0.0,0.7547319131672882,0.9906677011722982,"[np.float64(0.7934203074830788), np.float64(0.8656953571164254), np.float64(0.8087964125228916), 0.0, np.float64(0.9906677011722982), np.float64(0.7526762113313474), np.float64(0.7540940372395838), np.float64(0.7544569629872008), np.float64(0.7547319131672882)]",90,0.0,0.0,0.0,"[0.0, 0.0, 0.0, 0.0, 0.0, 0.0, 0.0, 0.0, 0.0]",477
BIOMD0000000219,9,15,0,1000,0.0,0.0,0.0,"[0.0, 0.0, 0.0, 0.0, 0.0, 0.0, 0.0, 0.0, 0.0]",0,0.0,0.0,0.9540513488384281,"[np.float64(0.7722386926978815), 0.0, 0.0, 0.0, np.float64(0.9540513488384281), np.float64(0.6752228512354123), 0.0, 0.0, 0.0]",81,0.0,0.0,0.0,"[0.0, 0.0, 0.0, 0.0, 0.0, 0.0, 0.0, 0.0, 0.0]",471
BIOMD0000000220,58,42,0,1000,0.0,0.0,0.0,"[0.0, 0.0, 0.0, 0.0, 0.0, 0.0, 0.0, 0.0, 0.0, 0.0, 0.0, 0.0, 0.0, 0.0, 0.0, 0.0, 0.0, 0.0, 0.0, 0.0, 0.0, 0.0, 0.0, 0.0, 0.0, 0.0, 0.0, 0.0, 0.0, 0.0, 0.0, 0.0, 0.0, 0.0, 0.0, 0.0, 0.0, 0.0, 0.0, 0.0, 0.0, 0.0, 0.0, 0.0, 0.0, 0.0, 0.0, 0.0, 0.0, 0.0, 0.0, 0.0, 0.0, 0.0, 0.0, 0.0, 0.0, 0.0]",3,0.0,0.03239103185728065,0.03239103185728065,"[0.0, 0.0, 0.0, 0.0, 0.0, np.float64(0.03239103185728065), 0.0, 0.0, 0.0, 0.0, 0.0, np.float64(0.03239103185728065), 0.0, np.float64(0.03239103185728065), 0.0, 0.0, np.float64(0.03239103185728065), 0.0, 0.0, 0.0, np.float64(0.03239103185728065), 0.0, 0.0, 0.0, 0.0, np.float64(0.03239103185728065), 0.0, 0.0, np.float64(0.03239103185728065), np.float64(0.03239103185728065), 0.0, np.float64(0.03239103185728065), 0.0, 0.0, np.float64(0.03239103185728065), np.float64(0.03239103185728065), 0.0, np.float64(0.03239103185728065), np.float64(0.03239103185728065), np.float64(0.03239103185728065), np.float64(0.03239103185728065), np.float64(0.03239103185728065), np.float64(0.03239103185728065), np.float64(0.03239103185728065), np.float64(0.03239103185728065), np.float64(0.03239103185728065), np.float64(0.03239103185728065), np.float64(0.03239103185728065), np.float64(0.03239103185728065), np.float64(0.03239103185728065), np.float64(0.03239103185728065), np.float64(0.03239103185728065), np.float64(0.03239103185728065), np.float64(0.03239103185728065), np.float64(0.03239103185728065), np.float64(0.03239103185728065), np.float64(0.03239103185728065), np.float64(0.03239103185728065)]",152,0.0,0.0,0.0,"[0.0, 0.0, 0.0, 0.0, 0.0, 0.0, 0.0, 0.0, 0.0, 0.0, 0.0, 0.0, 0.0, 0.0, 0.0, 0.0, 0.0, 0.0, 0.0, 0.0, 0.0, 0.0, 0.0, 0.0, 0.0, 0.0, 0.0, 0.0, 0.0, 0.0, 0.0, 0.0, 0.0, 0.0, 0.0, 0.0, 0.0, 0.0, 0.0, 0.0, 0.0, 0.0, 0.0, 0.0, 0.0, 0.0, 0.0, 0.0, 0.0, 0.0, 0.0, 0.0, 0.0, 0.0, 0.0, 0.0, 0.0, 0.0]",0
BIOMD0000000221,8,11,0,1000,0.0,0.0,2.220446049250313e-16,"[np.float64(2.220446049250313e-16), 0.0, 0.0, 0.0, 0.0, 0.0, 0.0, 0.0]",5,0.8781551843733411,0.988815988331794,0.9986442641862212,"[np.float64(0.9986216641607356), np.float64(0.9986442641862212), np.float64(0.8781551843733411), np.float64(0.9408675936040646), np.float64(0.9919666243703188), np.float64(0.9597359725397734), np.float64(0.985665352293269), np.float64(0.9944016808691203)]",68,0.0,0.0,0.0,"[0.0, 0.0, 0.0, 0.0, 0.0, 0.0, 0.0, 0.0]",357
BIOMD0000000222,8,11,0,1000,0.0,0.0,0.0,"[0.0, 0.0, 0.0, 0.0, 0.0, 0.0, 0.0, 0.0]",0,0.0,0.801048683872102,0.9418667107200878,"[np.float64(0.8514823541881256), 0.0, 0.0, np.float64(0.9418667107200878), np.float64(0.5382521756077085), np.float64(0.8476992851055114), np.float64(0.7543980826386927), np.float64(0.9248889886496561)]",63,0.0,0.0,0.0,"[0.0, 0.0, 0.0, 0.0, 0.0, 0.0, 0.0, 0.0]",350
BIOMD0000000224,4,6,0,1000,0.0,0.0,0.0,"[0.0, 0.0, 0.0, 0.0]",3,0.0,0.3176532249776133,0.6353064499553949,"[np.float64(0.6353064499552266), 0.0, np.float64(0.6353064499553949), 0.0]",12,0.0,0.0,0.0,"[0.0, 0.0, 0.0, 0.0]",20
BIOMD0000000225,2,3,0,1000,0.0,0.0,0.0,"[0.0, 0.0]",0,0.0,0.37770457654620804,0.7554091530924161,"[0.0, np.float64(0.7554091530924161)]",3,0.9758187813705874,0.9763214510876337,0.9768241208046801,"[np.float64(0.9768241208046801), np.float64(0.9758187813705874)]",12
BIOMD0000000226,14,24,0,1000,0.0,0.0,0.0,"[0.0, 0.0, 0.0, 0.0, 0.0, 0.0, 0.0, 0.0, 0.0, 0.0, 0.0, 0.0, 0.0, 0.0]",0,0.0,0.0,0.9807901218198259,"[0.0, 0.0, np.float64(0.95001774184892), 0.0, 0.0, 0.0, np.float64(0.9807901218198259), 0.0, 0.0, 0.0, 0.0, 0.0, 0.0, 0.0]",74,0.0,0.0,0.0,"[0.0, 0.0, 0.0, 0.0, 0.0, 0.0, 0.0, 0.0, 0.0, 0.0, 0.0, 0.0, 0.0, 0.0]",1597
BIOMD0000000227,45,57,0,1000,0.0,0.0,0.0,"[0.0, 0.0, 0.0, 0.0, 0.0, 0.0, 0.0, 0.0, 0.0, 0.0, 0.0, 0.0, 0.0, 0.0, 0.0, 0.0, 0.0, 0.0, 0.0, 0.0, 0.0, 0.0, 0.0, 0.0, 0.0, 0.0, 0.0, 0.0, 0.0, 0.0, 0.0, 0.0, 0.0, 0.0, 0.0, 0.0, 0.0, 0.0, 0.0, 0.0, 0.0, 0.0, 0.0, 0.0, 0.0]",0,0.0,0.0,0.0,"[0.0, 0.0, 0.0, 0.0, 0.0, 0.0, 0.0, 0.0, 0.0, 0.0, 0.0, 0.0, 0.0, 0.0, 0.0, 0.0, 0.0, 0.0, 0.0, 0.0, 0.0, 0.0, 0.0, 0.0, 0.0, 0.0, 0.0, 0.0, 0.0, 0.0, 0.0, 0.0, 0.0, 0.0, 0.0, 0.0, 0.0, 0.0, 0.0, 0.0, 0.0, 0.0, 0.0, 0.0, 0.0]",446,0.0,0.0,0.9987197935037558,"[np.float64(0.6387626492367208), np.float64(0.6387626492367208), np.float64(0.6387626492367208), np.float64(0.985964721815237), 0.0, 0.0, 0.0, 0.0, np.float64(0.96497535653464), np.float64(0.6165961182185633), 0.0, 0.0, 0.0, 0.0, 0.0, 0.0, np.float64(0.9987197935037558), np.float64(0.13607754965898078), np.float64(0.9100030167831453), 0.0, np.float64(0.9100030167936098), 0.0, 0.0, 0.0, 0.0, 0.0, 0.0, 0.0, 0.0, np.float64(0.6387624974750226), np.float64(0.638762574840173), 0.0, 0.0, 0.0, np.float64(0.6387625061633355), np.float64(0.6387625807026331), 0.0, 0.0, np.float64(0.6387624974750163), np.float64(0.6387625748401663), np.float64(0.9100148935711767), 0.0, 0.0, 0.0, 0.0]",10208
BIOMD0000000228,9,22,0,1000,0.0,0.0,0.0,"[0.0, 0.0, 0.0, 0.0, 0.0, 0.0, 0.0, 0.0, 0.0]",0,0.0,0.0,0.0,"[0.0, 0.0, 0.0, 0.0, 0.0, 0.0, 0.0, 0.0, 0.0]",22,0.0,0.0,0.0,"[0.0, 0.0, 0.0, 0.0, 0.0, 0.0, 0.0, 0.0, 0.0]",420
BIOMD0000000229,7,14,0,1000,0.0,0.0,0.0,"[0.0, 0.0, 0.0, 0.0, 0.0, 0.0, 0.0]",1,0.9908088332613039,0.9997314167648322,0.9999994032032458,"[np.float64(0.9996204633997867), np.float64(0.9997314167648322), np.float64(0.9999994032032458), np.float64(0.9999233471706135), np.float64(0.9998638261632368), np.float64(0.9925881654863912), np.float64(0.9908088332613039)]",38,0.9999999995209795,0.9999999999098393,0.9999999999845722,"[np.float64(0.9999999998782632), np.float64(0.9999999997944198), np.float64(0.9999999999821647), np.float64(0.999999999969789), np.float64(0.9999999999098393), np.float64(0.9999999999845722), np.float64(0.9999999995209795)]",252
BIOMD0000000230,24,64,0,1000,0.0,0.0,0.0,"[0.0, 0.0, 0.0, 0.0, 0.0, 0.0, 0.0, 0.0, 0.0, 0.0, 0.0, 0.0, 0.0, 0.0, 0.0, 0.0, 0.0, 0.0, 0.0, 0.0, 0.0, 0.0, 0.0, 0.0]",0,0.0,0.0,0.0,"[0.0, 0.0, 0.0, 0.0, 0.0, 0.0, 0.0, 0.0, 0.0, 0.0, 0.0, 0.0, 0.0, 0.0, 0.0, 0.0, 0.0, 0.0, 0.0, 0.0, 0.0, 0.0, 0.0, 0.0]",311,0.0,0.0,0.8451975736409156,"[0.0, 0.0, 0.0, 0.0, 0.0, 0.0, 0.0, 0.0, 0.0, 0.0, 0.0, 0.0, 0.0, 0.0, np.float64(0.8451975736409156), 0.0, 0.0, 0.0, 0.0, 0.0, 0.0, 0.0, 0.0, 0.0]",4551
BIOMD0000000231,5,4,0,1000,0.0,0.0,0.0,"[0.0, 0.0, 0.0, 0.0, 0.0]",0,0.0,0.0,0.0,"[0.0, 0.0, 0.0, 0.0, 0.0]",2,0.0,0.0,0.0,"[0.0, 0.0, 0.0, 0.0, 0.0]",13
BIOMD0000000233,2,4,0,1000,0.0,0.0,0.0,"[0.0, 0.0]",0,0.6301063469688195,0.7376291408637934,0.8451519347587674,"[np.float64(0.8451519347587674), np.float64(0.6301063469688195)]",4,0.9830322438116323,0.9910946784785852,0.9991571131455381,"[np.float64(0.9991571131455381), np.float64(0.9830322438116323)]",9
BIOMD0000000236,3,4,0,1000,0.0,0.0,0.0,"[0.0, 0.0, 0.0]",0,0.0,0.0,0.0,"[0.0, 0.0, 0.0]",1,0.0,0.0,0.0,"[0.0, 0.0, 0.0]",12
BIOMD0000000237,24,31,0,1000,0.0,0.0,0.0,"[0.0, 0.0, 0.0, 0.0, 0.0, 0.0, 0.0, 0.0, 0.0, 0.0, 0.0, 0.0, 0.0, 0.0, 0.0, 0.0, 0.0, 0.0, 0.0, 0.0, 0.0, 0.0, 0.0, 0.0]",0,0.0,0.9508484943818715,0.9999999999552266,"[0.0, np.float64(0.9999999999552266), np.float64(0.9999999999479787), np.float64(0.9999999999500727), np.float64(0.9999996478629958), np.float64(0.9043482111697271), 0.0, 0.0, np.float64(0.844793535478698), np.float64(0.9204981681594732), np.float64(0.9811988206042698), np.float64(0.999998537391274), 0.0, 0.0, np.float64(0.9999999991109648), np.float64(0.9999999999510728), np.float64(0.9999986591707926), np.float64(0.999998659170259), np.float64(0.29311331831996745), np.float64(0.29311331831996745), np.float64(0.9999999951461761), np.float64(0.9999999951604709), np.float64(0.765310441531466), np.float64(0.5230223142316607)]",415,0.0,0.0,0.34362570676193205,"[0.0, 0.0, 0.0, 0.0, 0.0, 0.0, 0.0, 0.0, 0.0, 0.0, 0.0, 0.0, 0.0, 0.0, 0.0, 0.0, 0.0, 0.0, np.float64(0.34362570676193205), np.float64(0.34362570676193205), 0.0, 0.0, 0.0, 0.0]",3471
BIOMD0000000239,59,45,0,1000,0.0,0.0,0.0,"[0.0, 0.0, 0.0, 0.0, 0.0, 0.0, 0.0, 0.0, 0.0, 0.0, 0.0, 0.0, 0.0, 0.0, 0.0, 0.0, 0.0, 0.0, 0.0, 0.0, 0.0, 0.0, 0.0, 0.0, 0.0, 0.0, 0.0, 0.0, 0.0, 0.0, 0.0, 0.0, 0.0, 0.0, 0.0, 0.0, 0.0, 0.0, 0.0, 0.0, 0.0, 0.0, 0.0, 0.0, 0.0, 0.0, 0.0, 0.0, 0.0, 0.0, 0.0, 0.0, 0.0, 0.0, 0.0, 0.0, 0.0, 0.0, 0.0]",0,0.0,0.0,0.0,"[0.0, 0.0, 0.0, 0.0, 0.0, 0.0, 0.0, 0.0, 0.0, 0.0, 0.0, 0.0, 0.0, 0.0, 0.0, 0.0, 0.0, 0.0, 0.0, 0.0, 0.0, 0.0, 0.0, 0.0, 0.0, 0.0, 0.0, 0.0, 0.0, 0.0, 0.0, 0.0, 0.0, 0.0, 0.0, 0.0, 0.0, 0.0, 0.0, 0.0, 0.0, 0.0, 0.0, 0.0, 0.0, 0.0, 0.0, 0.0, 0.0, 0.0, 0.0, 0.0, 0.0, 0.0, 0.0, 0.0, 0.0, 0.0, 0.0]",2489,0.0,0.0,0.0,"[0.0, 0.0, 0.0, 0.0, 0.0, 0.0, 0.0, 0.0, 0.0, 0.0, 0.0, 0.0, 0.0, 0.0, 0.0, 0.0, 0.0, 0.0, 0.0, 0.0, 0.0, 0.0, 0.0, 0.0, 0.0, 0.0, 0.0, 0.0, 0.0, 0.0, 0.0, 0.0, 0.0, 0.0, 0.0, 0.0, 0.0, 0.0, 0.0, 0.0, 0.0, 0.0, 0.0, 0.0, 0.0, 0.0, 0.0, 0.0, 0.0, 0.0, 0.0, 0.0, 0.0, 0.0, 0.0, 0.0, 0.0, 0.0, 0.0]",70422
BIOMD0000000240,6,14,0,1000,0.0,0.0,2.220446049250313e-16,"[np.float64(2.220446049250313e-16), 0.0, 0.0, np.float64(2.220446049250313e-16), 0.0, 0.0]",2,0.0,0.0,0.0,"[0.0, 0.0, 0.0, 0.0, 0.0, 0.0]",16,0.05012819475595709,0.5293848711068933,0.9979868129497221,"[np.float64(0.05012819475595709), np.float64(0.06078295251309762), np.float64(0.9979868129497221), np.float64(0.05012819475595709), np.float64(0.9979867911156498), np.float64(0.9979867897006889)]",24
BIOMD0000000241,5,0,0,1000,0.0,0.0,4.440892098500626e-16,"[np.float64(4.440892098500626e-16), 0.0, 0.0, 0.0, 0.0]",2,0.3234171260765565,0.9999911524813101,0.9999912285006558,"[np.float64(0.3234171260765565), np.float64(0.9928611238926729), np.float64(0.9999912024220702), np.float64(0.9999911524813101), np.float64(0.9999912285006558)]",23,0.0,0.9999848791353306,0.99998500432852,"[0.0, np.float64(0.9809545366272969), np.float64(0.9999849614290113), np.float64(0.9999848791353306), np.float64(0.99998500432852)]",95
BIOMD0000000242,6,12,0,1000,0.0,0.0,0.0,"[0.0, 0.0, 0.0, 0.0, 0.0, 0.0]",1,0.0,0.48030982241903125,0.9999999998534544,"[0.0, 0.0, np.float64(0.9999999998534544), np.float64(0.9606196448380625), 0.0, np.float64(0.9999999979826956)]",28,0.0,0.49953615880562274,0.9999462371753378,"[0.0, 0.0, np.float64(0.9999462371753378), np.float64(0.9998816192887588), 0.0, np.float64(0.9990723176112455)]",100
BIOMD0000000243,23,23,0,1000,0.0,0.0,0.0,"[0.0, 0.0, 0.0, 0.0, 0.0, 0.0, 0.0, 0.0, 0.0, 0.0, 0.0, 0.0, 0.0, 0.0, 0.0, 0.0, 0.0, 0.0, 0.0, 0.0, 0.0, 0.0, 0.0]",5,0.0,0.1498025397808057,0.9999999999998395,"[np.float64(0.999999999999076), np.float64(0.999999999999121), 0.0, np.float64(0.9999999999998102), 0.0, np.float64(0.1498025397808057), 0.0, 0.0, np.float64(0.1498025397808057), np.float64(0.1498025397808057), 0.0, 0.0, np.float64(0.1498025397808057), np.float64(0.1498025397808057), np.float64(0.1498025397808057), np.float64(0.9999999999990756), np.float64(0.9999999999998395), np.float64(0.9791038574729166), 0.0, np.float64(0.5112240458703092), np.float64(0.9868169903582297), np.float64(0.9976517668947863), np.float64(0.1498025397808057)]",237,0.0,0.14980264724123127,0.999999997070375,"[np.float64(0.9999999968241973), np.float64(0.999999997070375), 0.0, 0.0, 0.0, np.float64(0.14980264724123127), np.float64(0.14980264724123127), 0.0, np.float64(0.14980264724123127), np.float64(0.14980264724123127), 0.0, np.float64(0.14980264724123127), np.float64(0.14980264724123127), np.float64(0.14980264724123127), np.float64(0.14980264724123127), np.float64(0.999999996824193), 0.0, 0.0, np.float64(0.14980264724123127), np.float64(0.010791453409128238), 0.0, 0.0, np.float64(0.14980264724123127)]",806
BIOMD0000000246,26,41,0,1000,0.0,0.0,0.0,"[0.0, 0.0, 0.0, 0.0, 0.0, 0.0, 0.0, 0.0, 0.0, 0.0, 0.0, 0.0, 0.0, 0.0, 0.0, 0.0, 0.0, 0.0, 0.0, 0.0, 0.0, 0.0, 0.0, 0.0, 0.0, 0.0]",0,0.0,0.0,0.9638966717918365,"[0.0, 0.0, 0.0, np.float64(0.9397404942234534), np.float64(0.5502636360650797), np.float64(0.392589442378127), 0.0, np.float64(0.9638966717918365), 0.0, 0.0, np.float64(0.6940713547466382), np.float64(0.5985316920607588), 0.0, 0.0, 0.0, 0.0, 0.0, 0.0, 0.0, 0.0, 0.0, 0.0, 0.0, 0.0, 0.0, 0.0]",290,0.0,0.0,0.999997163029262,"[0.0, 0.0, 0.0, np.float64(0.9987349772490277), 0.0, 0.0, 0.0, np.float64(0.9966629515078537), 0.0, 0.0, np.float64(0.999997163029262), 0.0, np.float64(0.9969327110330379), 0.0, 0.0, 0.0, 0.0, 0.0, 0.0, 0.0, 0.0, 0.0, 0.0, 0.0, 0.0, 0.0]",7288
BIOMD0000000247,24,25,0,1000,0.0,0.0,0.0,"[0.0, 0.0, 0.0, 0.0, 0.0, 0.0, 0.0, 0.0, 0.0, 0.0, 0.0, 0.0, 0.0, 0.0, 0.0, 0.0, 0.0, 0.0, 0.0, 0.0, 0.0, 0.0, 0.0, 0.0]",4,0.0,0.872874894894519,0.9999268570916965,"[np.float64(0.8445941135789525), np.float64(0.9681771860551607), np.float64(0.8350293484091559), np.float64(0.9011556762100854), np.float64(0.9523524832957785), np.float64(0.9523524832956203), np.float64(0.7895812171942644), np.float64(0.9532962917157428), np.float64(0.7396728193642554), np.float64(0.7831597259911481), np.float64(0.9999268570916965), 0.0, 0.0, 0.0, np.float64(0.9652229710538248), 0.0, np.float64(0.9924593658465809), np.float64(0.9924593658435601), np.float64(0.983706403897627), np.float64(0.9875616245710886), np.float64(0.9966628331302113), np.float64(0.7792502455502553), 0.0, np.float64(0.6447423276781801)]",587,0.0,0.0,0.0,"[0.0, 0.0, 0.0, 0.0, 0.0, 0.0, 0.0, 0.0, 0.0, 0.0, 0.0, 0.0, 0.0, 0.0, 0.0, 0.0, 0.0, 0.0, 0.0, 0.0, 0.0, 0.0, 0.0, 0.0]",7569
BIOMD0000000249,9,20,0,1000,0.0,0.0,2.220446049250313e-16,"[0.0, 0.0, 0.0, 0.0, 0.0, np.float64(2.220446049250313e-16), 0.0, 0.0, 0.0]",3,0.0,0.9882923671284783,0.9999999723701257,"[0.0, np.float64(0.9669469565863912), np.float64(0.9999878948926508), np.float64(0.9595750796835391), np.float64(0.9882923671284783), np.float64(0.9999999582265534), np.float64(0.9999358809158679), np.float64(0.9859990441951431), np.float64(0.9999999723701257)]",80,0.0,0.9999995492435092,0.9999999976752573,"[0.0, np.float64(0.9999990585451939), np.float64(0.9999999976752573), np.float64(0.9999988108321534), np.float64(0.9999996418329049), np.float64(0.9999999968173904), 0.0, np.float64(0.9999995492435092), np.float64(0.9999999973201267)]",450
BIOMD0000000251,9,9,0,1000,0.0,0.0,0.0,"[0.0, 0.0, 0.0, 0.0, 0.0, 0.0, 0.0, 0.0, 0.0]",1,0.0,0.15544950097591592,0.9999999999914964,"[0.0, 0.0, np.float64(0.9999999994137455), np.float64(0.9999999999914964), np.float64(0.9999999999913552), 0.0, np.float64(0.15544950097591592), np.float64(0.15544950097591592), np.float64(0.15544950097591592)]",44,0.0,0.0,0.0,"[0.0, 0.0, 0.0, 0.0, 0.0, 0.0, 0.0, 0.0, 0.0]",256
BIOMD0000000253,3,4,0,1000,0.0,0.0,0.0,"[0.0, 0.0, 0.0]",3,0.9179049008509188,0.9264285290725114,0.943178799768542,"[np.float64(0.943178799768542), np.float64(0.9264285290725114), np.float64(0.9179049008509188)]",11,0.9887999340822144,0.9955743941422706,0.9993435457326773,"[np.float64(0.9955743941422706), np.float64(0.9993435457326773), np.float64(0.9887999340822144)]",30
BIOMD0000000254,4,0,0,1000,0.0,0.0,0.0,"[0.0, 0.0, 0.0, 0.0]",0,0.0,0.0,0.0,"[0.0, 0.0, 0.0, 0.0]",5,0.0,0.0,0.0,"[0.0, 0.0, 0.0, 0.0]",27
BIOMD0000000257,8,11,0,1000,0.0,0.0,0.0,"[0.0, 0.0, 0.0, 0.0, 0.0, 0.0, 0.0, 0.0]",0,0.0,0.4444873078318568,0.945483006518498,"[np.float64(0.8043931525275418), np.float64(0.10538179395919511), np.float64(0.10388282729323595), 0.0, 0.0, np.float64(0.7835928217045185), np.float64(0.8998193007387433), np.float64(0.945483006518498)]",42,0.0,0.0,0.0,"[0.0, 0.0, 0.0, 0.0, 0.0, 0.0, 0.0, 0.0]",345
BIOMD0000000258,3,4,0,1000,0.0,0.0,0.0,"[0.0, 0.0, 0.0]",0,0.0,0.0,0.6174183523051595,"[np.float64(0.6174183523051595), 0.0, 0.0]",6,0.0,0.0,0.7735377470229468,"[np.float64(0.7735377470229468), 0.0, 0.0]",16
BIOMD0000000265,23,52,0,1000,0.0,0.0,0.0,"[0.0, 0.0, 0.0, 0.0, 0.0, 0.0, 0.0, 0.0, 0.0, 0.0, 0.0, 0.0, 0.0, 0.0, 0.0, 0.0, 0.0, 0.0, 0.0, 0.0, 0.0, 0.0, 0.0]",0,0.0,0.0,0.0,"[0.0, 0.0, 0.0, 0.0, 0.0, 0.0, 0.0, 0.0, 0.0, 0.0, 0.0, 0.0, 0.0, 0.0, 0.0, 0.0, 0.0, 0.0, 0.0, 0.0, 0.0, 0.0, 0.0]",407,0.0,0.0,0.0,"[0.0, 0.0, 0.0, 0.0, 0.0, 0.0, 0.0, 0.0, 0.0, 0.0, 0.0, 0.0, 0.0, 0.0, 0.0, 0.0, 0.0, 0.0, 0.0, 0.0, 0.0, 0.0, 0.0]",5994
BIOMD0000000267,4,3,0,1000,0.0,0.0,0.0,"[0.0, 0.0, 0.0, 0.0]",0,0.0,0.01145005121216841,0.9999999241868797,"[0.0, 0.0, np.float64(0.9999999241868797), np.float64(0.02290010242433682)]",2,0.0,0.0316634958916589,0.9999995555102937,"[0.0, 0.0, np.float64(0.9999995555102937), np.float64(0.0633269917833178)]",21
BIOMD0000000269,9,22,0,1000,0.0,0.0,0.0,"[0.0, 0.0, 0.0, 0.0, 0.0, 0.0, 0.0, 0.0, 0.0]",0,0.0,0.0,0.9999235070822147,"[np.float64(0.9999235070822147), np.float64(0.9381325518122684), 0.0, np.float64(0.9999127095435053), np.float64(0.9980609060928725), 0.0, 0.0, 0.0, 0.0]",68,0.0,0.0,0.9965743711376001,"[np.float64(0.9014894157580395), np.float64(0.9965743711376001), 0.0, np.float64(0.47224709143361265), 0.0, 0.0, 0.0, 0.0, 0.0]",479
BIOMD0000000270,33,42,0,1000,0.0,0.0,0.0,"[0.0, 0.0, 0.0, 0.0, 0.0, 0.0, 0.0, 0.0, 0.0, 0.0, 0.0, 0.0, 0.0, 0.0, 0.0, 0.0, 0.0, 0.0, 0.0, 0.0, 0.0, 0.0, 0.0, 0.0, 0.0, 0.0, 0.0, 0.0, 0.0, 0.0, 0.0, 0.0, 0.0]",0,0.0,0.0,0.9936767236983385,"[0.0, np.float64(0.9686472680028678), np.float64(0.11675816091473112), 0.0, 0.0, 0.0, 0.0, 0.0, np.float64(0.9936767236983385), 0.0, np.float64(0.9686472680029156), 0.0, 0.0, 0.0, 0.0, 0.0, 0.0, 0.0, 0.0, 0.0, 0.0, 0.0, 0.0, np.float64(0.9880801973669414), 0.0, 0.0, 0.0, 0.0, 0.0, 0.0, np.float64(0.2114783921635699), np.float64(0.7003236070987966), 0.0]",767,0.0,0.0,0.0,"[0.0, 0.0, 0.0, 0.0, 0.0, 0.0, 0.0, 0.0, 0.0, 0.0, 0.0, 0.0, 0.0, 0.0, 0.0, 0.0, 0.0, 0.0, 0.0, 0.0, 0.0, 0.0, 0.0, 0.0, 0.0, 0.0, 0.0, 0.0, 0.0, 0.0, 0.0, 0.0, 0.0]",4707
BIOMD0000000271,6,8,0,1000,0.0,0.0,0.0,"[0.0, 0.0, 0.0, 0.0, 0.0, 0.0]",3,0.0,0.0,0.024859641466155713,"[0.0, 0.0, 0.0, 0.0, np.float64(0.024859641466155713), np.float64(0.024859641466155713)]",9,0.0,0.0,0.0021694138002580354,"[0.0, 0.0, 0.0, 0.0, np.float64(0.0021694138002580354), np.float64(0.0021694138002580354)]",49
BIOMD0000000272,6,8,0,1000,0.0,0.0,2.220446049250313e-16,"[np.float64(2.220446049250313e-16), np.float64(1.1102230246251565e-16), 0.0, 0.0, 0.0, 0.0]",3,0.0,0.0,0.023526784803744594,"[0.0, 0.0, 0.0, 0.0, np.float64(0.023526784803744594), np.float64(0.023526784803744594)]",0,0.0,0.0,0.07430749271605208,"[0.0, 0.0, 0.0, 0.0, np.float64(0.07430749271605208), np.float64(0.07430749271605208)]",28
BIOMD0000000273,19,38,0,1000,0.0,0.0,0.0,"[0.0, 0.0, 0.0, 0.0, 0.0, 0.0, 0.0, 0.0, 0.0, 0.0, 0.0, 0.0, 0.0, 0.0, 0.0, 0.0, 0.0, 0.0, 0.0]",0,0.0,0.5697601013196288,0.9019583246140629,"[np.float64(0.14595744809733757), np.float64(0.5697601013196288), np.float64(0.5981610549868739), 0.0, 0.0, np.float64(0.9019583246140629), np.float64(0.7871660215597651), np.float64(0.5982673051792302), np.float64(0.8340086318789842), np.float64(0.6397402824835079), np.float64(0.12272189697619396), 0.0, 0.0, np.float64(0.7412357125939883), 0.0, np.float64(0.7939709915468454), np.float64(0.2899653180356454), np.float64(0.5969935550372008), 0.0]",359,0.0,0.0,0.0,"[0.0, 0.0, 0.0, 0.0, 0.0, 0.0, 0.0, 0.0, 0.0, 0.0, 0.0, 0.0, 0.0, 0.0, 0.0, 0.0, 0.0, 0.0, 0.0]",3990
BIOMD0000000274,3,0,0,1000,0.0,0.0,0.0,"[0.0, 0.0, 0.0]",0,0.0,0.0,0.0,"[0.0, 0.0, 0.0]",0,0.0,0.0,0.0,"[0.0, 0.0, 0.0]",0
BIOMD0000000278,3,0,0,1000,0.0,0.0,0.0,"[0.0, 0.0, 0.0]",0,0.0,0.0,0.0,"[0.0, 0.0, 0.0]",8,0.0,0.0,0.0,"[0.0, 0.0, 0.0]",19
BIOMD0000000279,3,0,0,1000,0.0,0.0,0.0,"[0.0, 0.0, 0.0]",0,0.0,0.0,0.0,"[0.0, 0.0, 0.0]",1,0.09608099330272668,0.48477822750661037,0.655690844089,"[np.float64(0.655690844089), np.float64(0.48477822750661037), np.float64(0.09608099330272668)]",2
BIOMD0000000282,5,3,0,1000,0.0,0.0,1.1102230246251565e-16,"[0.0, 0.0, np.float64(1.1102230246251565e-16), 0.0, 0.0]",4,0.0,0.9997068418251254,0.999991706146778,"[np.float64(0.9997068418251254), np.float64(0.999991706146778), np.float64(0.9997068418252547), np.float64(0.998910960749571), 0.0]",24,0.0,0.9999999999291721,0.9999999999977782,"[np.float64(0.9999999999291721), np.float64(0.9999999999977782), np.float64(0.9999999999291721), np.float64(0.9999999997347031), 0.0]",84
BIOMD0000000284,6,8,0,1000,0.0,0.0,0.0,"[0.0, 0.0, 0.0, 0.0, 0.0, 0.0]",1,0.0,0.0,0.9999266535262178,"[np.float64(0.9999266535262178), 0.0, 0.0, 0.0, 0.0, 0.0]",31,0.0,0.7675789871764306,0.9967228411494167,"[np.float64(0.9967228411494167), np.float64(0.9850222744211232), np.float64(0.7848673327513306), 0.0, np.float64(0.7502906416015306), 0.0]",166
BIOMD0000000287,21,37,0,1000,0.0,0.0,0.0,"[0.0, 0.0, 0.0, 0.0, 0.0, 0.0, 0.0, 0.0, 0.0, 0.0, 0.0, 0.0, 0.0, 0.0, 0.0, 0.0, 0.0, 0.0, 0.0, 0.0, 0.0]",0,0.0,0.0,0.0,"[0.0, 0.0, 0.0, 0.0, 0.0, 0.0, 0.0, 0.0, 0.0, 0.0, 0.0, 0.0, 0.0, 0.0, 0.0, 0.0, 0.0, 0.0, 0.0, 0.0, 0.0]",85,0.0,0.9999999999191389,0.9999999999999695,"[0.0, 0.0, 0.0, np.float64(0.9999999954255538), 0.0, np.float64(0.9999999999994811), np.float64(0.999999999999084), np.float64(0.9999999999998951), np.float64(0.9999999999191389), np.float64(0.9999999999999695), np.float64(0.9999999999999599), np.float64(0.9999995435812765), np.float64(0.9999999936530523), 0.0, np.float64(0.9999999999996031), np.float64(0.9999999999997236), np.float64(0.9999999999997329), 0.0, np.float64(0.9999999999999353), np.float64(0.9999999999987677), 0.0]",126
BIOMD0000000292,3,4,0,1000,0.0,0.0,0.0,"[0.0, 0.0, 0.0]",0,0.0,0.0,0.0,"[0.0, 0.0, 0.0]",6,0.0,0.0,0.9994785345238613,"[0.0, np.float64(0.9994785345238613), 0.0]",28
BIOMD0000000293,131,316,0,1000,0.0,0.0,1.1102230246251565e-16,"[0.0, 0.0, 0.0, 0.0, 0.0, np.float64(1.1102230246251565e-16), 0.0, 0.0, 0.0, 0.0, np.float64(1.1102230246251565e-16), 0.0, 0.0, 0.0, 0.0, 0.0, 0.0, 0.0, 0.0, 0.0, 0.0, 0.0, 0.0, 0.0, 0.0, 0.0, 0.0, 0.0, 0.0, 0.0, 0.0, 0.0, 0.0, 0.0, 0.0, 0.0, 0.0, 0.0, 0.0, 0.0, 0.0, 0.0, 0.0, 0.0, 0.0, 0.0, 0.0, 0.0, 0.0, 0.0, 0.0, 0.0, 0.0, 0.0, 0.0, 0.0, 0.0, 0.0, 0.0, 0.0, 0.0, 0.0, 0.0, 0.0, 0.0, 0.0, 0.0, 0.0, 0.0, 0.0, 0.0, 0.0, 0.0, 0.0, 0.0, 0.0, 0.0, 0.0, 0.0, 0.0, 0.0, 0.0, 0.0, 0.0, 0.0, 0.0, 0.0, 0.0, 0.0, 0.0, 0.0, 0.0, 0.0, 0.0, 0.0, 0.0, 0.0, 0.0, 0.0, 0.0, 0.0, 0.0, 0.0, 0.0, 0.0, 0.0, 0.0, 0.0, 0.0, 0.0, 0.0, 0.0, 0.0, 0.0, 0.0, 0.0, 0.0, 0.0, 0.0, 0.0, 0.0, 0.0, 0.0, 0.0, 0.0, 0.0, 0.0, 0.0, 0.0, 0.0, 0.0]",23,0.0,0.0,0.943106353837141,"[0.0, 0.0, 0.0, 0.0, 0.0, 0.0, 0.0, 0.0, 0.0, np.float64(0.36124305487496144), 0.0, 0.0, 0.0, 0.0, 0.0, 0.0, 0.0, 0.0, 0.0, 0.0, 0.0, 0.0, 0.0, 0.0, 0.0, 0.0, 0.0, 0.0, 0.0, 0.0, 0.0, 0.0, 0.0, np.float64(0.36124305487496144), np.float64(0.36124305487496144), np.float64(0.36124305487496144), np.float64(0.36124305487496144), np.float64(0.36124305487496144), np.float64(0.36124305487496144), np.float64(0.36124305487496144), 0.0, 0.0, np.float64(0.36124305487496144), np.float64(0.36124305487496144), 0.0, 0.0, 0.0, 0.0, 0.0, 0.0, 0.0, 0.0, 0.0, 0.0, 0.0, 0.0, 0.0, 0.0, 0.0, 0.0, 0.0, 0.0, 0.0, 0.0, 0.0, 0.0, 0.0, 0.0, 0.0, 0.0, 0.0, 0.0, 0.0, 0.0, 0.0, 0.0, 0.0, 0.0, 0.0, 0.0, 0.0, 0.0, 0.0, 0.0, 0.0, 0.0, 0.0, np.float64(0.36124305487496144), np.float64(0.36124305487496144), np.float64(0.36124305487496144), np.float64(0.36124305487496144), np.float64(0.36124305487496144), np.float64(0.36124305487496144), np.float64(0.36124305487496144), np.float64(0.36124305487496144), 0.0, 0.0, 0.0, 0.0, np.float64(0.943106353837141), 0.0, np.float64(0.36124305487496144), np.float64(0.36124305487496144), np.float64(0.36124305487496144), np.float64(0.36124305487496144), np.float64(0.36124305487496144), np.float64(0.36124305487496144), np.float64(0.36124305487496144), np.float64(0.36124305487496144), np.float64(0.36124305487496144), np.float64(0.36124305487496144), np.float64(0.36124305487496144), np.float64(0.36124305487496144), np.float64(0.36124305487496144), np.float64(0.36124305487496144), np.float64(0.36124305487496144), np.float64(0.36124305487496144), np.float64(0.36124305487496144), np.float64(0.36124305487496144), np.float64(0.36124305487496144), np.float64(0.36124305487496144), np.float64(0.36124305487496144), np.float64(0.36124305487496144), np.float64(0.36124305487496144), np.float64(0.36124305487496144), np.float64(0.36124305487496144), np.float64(0.36124305487496144), np.float64(0.36124305487496144), np.float64(0.36124305487496144), np.float64(0.36124305487496144), np.float64(0.36124305487496144)]",5929,0.0,0.999999997051943,0.9999999999999999,"[np.float64(0.9999999801132794), np.float64(0.9999999999999994), np.float64(0.9999999999942839), np.float64(0.9999999999736775), np.float64(0.9999999999925652), np.float64(0.9999999999851154), np.float64(0.9999999999991289), np.float64(0.9999999999476598), np.float64(0.9999999999996905), 0.0, np.float64(0.9999999999736774), np.float64(0.9999999999925652), 0.0, 0.0, 0.0, 0.0, 0.0, 0.0, np.float64(0.08657212796261327), np.float64(0.9999999999899143), np.float64(0.999999999998224), np.float64(0.9999999999966903), np.float64(0.9999999999936239), np.float64(0.9999999999964145), np.float64(0.999999999998629), np.float64(0.9999999984948924), np.float64(0.999999998762829), np.float64(0.999999999967541), np.float64(0.999999999995939), np.float64(0.9999999999945169), np.float64(0.9999999999911318), np.float64(0.9999999999944471), np.float64(0.9999999999990408), 0.0, 0.0, 0.0, 0.0, 0.0, 0.0, 0.0, np.float64(0.9999999999989038), np.float64(0.9999999999999997), 0.0, 0.0, np.float64(0.999999999999999), np.float64(0.9999999999998029), np.float64(0.9999999999999994), np.float64(0.9999999999989136), np.float64(0.9999999998265747), np.float64(0.9999999999999999), np.float64(0.9999999999999083), np.float64(0.999999999999958), 0.0, 0.0, np.float64(0.027780500832029542), np.float64(0.014287149080928652), 0.0, 0.0, 0.0, np.float64(0.9999999998994845), np.float64(0.9999999979389487), np.float64(0.999999997051943), np.float64(0.9999999998845298), np.float64(0.999999999991238), np.float64(0.9999999999827367), np.float64(0.9999999999621754), np.float64(0.9999999999776356), np.float64(0.9999999999983332), np.float64(0.9999999999911996), np.float64(0.9999999999826363), np.float64(0.9999999999617099), np.float64(0.9999999999813797), np.float64(0.9999999999983367), np.float64(0.9999999817122062), np.float64(0.9999999999999997), np.float64(0.9999999999999999), np.float64(0.9999999999999237), np.float64(0.999999999999503), np.float64(0.9999999999947967), np.float64(0.9999999999516712), np.float64(0.9999999999762227), np.float64(0.9999999999661401), np.float64(0.9999999999719849), np.float64(0.999999999990521), np.float64(0.9999999999925807), np.float64(0.9999999999169193), np.float64(0.999999999993758), 0.0, 0.0, 0.0, 0.0, 0.0, 0.0, 0.0, 0.0, np.float64(0.9999999999945047), np.float64(0.9999999999918256), np.float64(0.9999999999911182), np.float64(0.999999999993999), np.float64(0.9999999999959801), 0.0, 0.0, 0.0, 0.0, 0.0, 0.0, 0.0, 0.0, 0.0, 0.0, 0.0, 0.0, 0.0, 0.0, 0.0, 0.0, 0.0, 0.0, 0.0, 0.0, 0.0, 0.0, 0.0, 0.0, 0.0, 0.0, 0.0, 0.0, 0.0, 0.0, 0.0]",14016
BIOMD0000000294,11,26,0,1000,0.0,0.0,1.1102230246251565e-16,"[0.0, 0.0, 0.0, 0.0, np.float64(1.1102230246251565e-16), 0.0, 0.0, 0.0, 0.0, 0.0, 0.0]",4,0.40754946946863924,0.9995418971902916,0.9999965855102483,"[np.float64(0.40754946946863924), np.float64(0.9995418971902916), np.float64(0.9982145180781394), np.float64(0.9995350002171167), np.float64(0.99935714706008), np.float64(0.9999965855102483), np.float64(0.9997965084865938), np.float64(0.999593265480655), np.float64(0.9991643167610725), np.float64(0.9998763830567833), np.float64(0.9999954468972753)]",120,0.0,0.9558062711617255,0.9981135122780169,"[0.0, 0.0, np.float64(0.9944963733948238), 0.0, np.float64(0.8399478885906457), np.float64(0.9981135122780169), np.float64(0.9908771764360468), np.float64(0.9558062711617255), np.float64(0.7333381725867927), np.float64(0.997589819209455), np.float64(0.992987814065526)]",780
BIOMD0000000295,5,8,0,1000,0.0,0.0,0.0,"[0.0, 0.0, 0.0, 0.0, 0.0]",0,0.0,0.9912025075403099,0.9999926831153966,"[np.float64(0.9920103916755753), np.float64(0.9912025075403099), np.float64(0.9359014160699085), 0.0, np.float64(0.9999926831153966)]",22,0.9999999995496215,0.9999999996805091,0.9999999997940465,"[np.float64(0.9999999997940465), np.float64(0.999999999793986), np.float64(0.9999999995576649), np.float64(0.9999999995496215), np.float64(0.9999999996805091)]",105
BIOMD0000000296,5,8,0,1000,0.0,0.0,0.0,"[0.0, 0.0, 0.0, 0.0, 0.0]",1,0.0,0.0,0.832209152314546,"[0.0, np.float64(0.377041301719647), np.float64(0.832209152314546), 0.0, 0.0]",11,0.0,0.0,0.7464953816847477,"[0.0, 0.0, 0.0, np.float64(0.7464953816847477), 0.0]",21
BIOMD0000000297,19,51,0,1000,0.0,0.0,0.0,"[0.0, 0.0, 0.0, 0.0, 0.0, 0.0, 0.0, 0.0, 0.0, 0.0, 0.0, 0.0, 0.0, 0.0, 0.0, 0.0, 0.0, 0.0, 0.0]",0,0.0,0.0,0.41133002395722973,"[0.0, 0.0, np.float64(0.41133002395722973), 0.0, 0.0, 0.0, 0.0, 0.0, 0.0, 0.0, 0.0, 0.0, 0.0, 0.0, 0.0, 0.0, 0.0, 0.0, 0.0]",197,0.0,0.0,0.6360006590018671,"[0.0, 0.0, np.float64(0.11631396977907171), 0.0, 0.0, 0.0, 0.0, 0.0, 0.0, 0.0, 0.0, 0.0, 0.0, 0.0, 0.0, np.float64(0.6360006590018671), 0.0, 0.0, 0.0]",3909
BIOMD0000000298,10,0,0,1000,0.0,0.0,2.220446049250313e-16,"[np.float64(2.220446049250313e-16), 0.0, 0.0, 0.0, 0.0, 0.0, 0.0, 0.0, 0.0, 0.0]",2,0.0,0.9148682029579507,0.999999308756201,"[np.float64(0.2068082792562741), np.float64(0.999999308756201), np.float64(0.9995933467570004), 0.0, 0.0, np.float64(0.9559528815539821), np.float64(0.9999936795851287), np.float64(0.8737835243619192), 0.0, np.float64(0.9993897283916907)]",82,0.9999986734204138,0.9999999993151201,0.9999999999568434,"[np.float64(0.9999999986646402), np.float64(0.9999999999568434), np.float64(0.9999999991015434), np.float64(0.9999999995665557), np.float64(0.9999999999505715), np.float64(0.9999999997806436), np.float64(0.9999999995286967), np.float64(0.9999999989178399), np.float64(0.9999998384846772), np.float64(0.9999986734204138)]",660
BIOMD0000000299,3,0,0,1000,0.0,0.0,0.0,"[0.0, 0.0, 0.0]",0,0.0,0.0,0.6928590303184736,"[np.float64(0.6928590303184736), 0.0, 0.0]",10,0.3160353768925771,0.5249294005529948,0.7143741112051017,"[np.float64(0.3160353768925771), np.float64(0.7143741112051017), np.float64(0.5249294005529948)]",30
BIOMD0000000300,3,10,0,1000,0.0,2.220446049250313e-16,2.220446049250313e-16,"[np.float64(2.220446049250313e-16), np.float64(2.220446049250313e-16), 0.0]",2,0.0,0.9999999998587036,0.9999999998587036,"[np.float64(0.9999999998587036), np.float64(0.9999999998587036), 0.0]",8,0.0,0.9999999997911534,0.9999999997911534,"[np.float64(0.9999999997911534), np.float64(0.9999999997911534), 0.0]",14
BIOMD0000000303,42,45,0,1000,0.0,0.0,0.0,"[0.0, 0.0, 0.0, 0.0, 0.0, 0.0, 0.0, 0.0, 0.0, 0.0, 0.0, 0.0, 0.0, 0.0, 0.0, 0.0, 0.0, 0.0, 0.0, 0.0, 0.0, 0.0, 0.0, 0.0, 0.0, 0.0, 0.0, 0.0, 0.0, 0.0, 0.0, 0.0, 0.0, 0.0, 0.0, 0.0, 0.0, 0.0, 0.0, 0.0, 0.0, 0.0]",0,0.0,0.0,0.2508652470342637,"[0.0, 0.0, 0.0, 0.0, 0.0, 0.0, 0.0, 0.0, 0.0, 0.0, 0.0, 0.0, np.float64(0.007084480750899735), np.float64(0.007921666633749047), 0.0, 0.0, 0.0, 0.0, 0.0, 0.0, 0.0, 0.0, 0.0, 0.0, 0.0, 0.0, 0.0, 0.0, 0.0, np.float64(0.2508652470342637), 0.0, 0.0, 0.0, 0.0, 0.0, 0.0, 0.0, 0.0, 0.0, 0.0, 0.0, 0.0]",166,0.0,0.9997337297104328,0.9999999999570413,"[np.float64(0.9999999998961165), np.float64(0.9999999998961165), np.float64(0.5535855769220936), np.float64(0.9999999996870605), np.float64(0.9999999996870534), np.float64(0.9999999885476841), np.float64(0.9999999999570413), np.float64(0.9997342159468032), np.float64(0.9997332434740624), np.float64(0.9999999999570124), np.float64(0.9999999999570397), 0.0, np.float64(0.9999790665321452), np.float64(0.999999999787509), np.float64(0.9999999962041721), 0.0, np.float64(0.9999999552134029), 0.0, 0.0, 0.0, np.float64(0.999860651695109), 0.0, 0.0, 0.0, 0.0, 0.0, np.float64(0.9999917796211032), np.float64(0.999991674240177), 0.0, np.float64(0.9999999997833638), np.float64(0.9999999997525019), np.float64(0.99999999713149), np.float64(0.9999999997902523), np.float64(0.999992431899422), 0.0, 0.0, np.float64(0.981448963247454), 0.0, 0.0, 0.0, 0.0, 0.0]",1
BIOMD0000000304,5,0,0,1000,0.0,0.0,0.0,"[0.0, 0.0, 0.0, 0.0, 0.0]",0,0.0,0.0,0.4725974626450795,"[np.float64(0.4725974626450795), 0.0, 0.0, 0.0, 0.0]",5,0.0,0.0,0.0,"[0.0, 0.0, 0.0, 0.0, 0.0]",32
BIOMD0000000306,2,8,0,1000,2.220446049250313e-16,2.220446049250313e-16,2.220446049250313e-16,"[np.float64(2.220446049250313e-16), np.float64(2.220446049250313e-16)]",0,0.0,0.0,0.0,"[0.0, 0.0]",0,0.0,0.0,0.0,"[0.0, 0.0]",0
BIOMD0000000307,2,5,0,1000,2.220446049250313e-16,2.220446049250313e-16,2.220446049250313e-16,"[np.float64(2.220446049250313e-16), np.float64(2.220446049250313e-16)]",0,0.0,0.0,0.0,"[0.0, 0.0]",0,0.0,0.0,0.0,"[0.0, 0.0]",0
BIOMD0000000308,3,6,0,1000,2.220446049250313e-16,2.220446049250313e-16,2.220446049250313e-16,"[np.float64(2.220446049250313e-16), np.float64(2.220446049250313e-16), np.float64(2.220446049250313e-16)]",0,0.0,0.0,0.0,"[0.0, 0.0, 0.0]",0,0.0,0.0,0.0,"[0.0, 0.0, 0.0]",0
BIOMD0000000309,1,4,0,1000,0.0,0.0,0.0,[0.0],1,0.0,0.0,0.0,[0.0],1,0.0,0.0,0.0,[0.0],2
BIOMD0000000310,1,6,0,1000,2.220446049250313e-16,2.220446049250313e-16,2.220446049250313e-16,[np.float64(2.220446049250313e-16)],0,0.0,0.0,0.0,[0.0],0,0.0,0.0,0.0,[0.0],0
BIOMD0000000311,1,5,0,1000,2.220446049250313e-16,2.220446049250313e-16,2.220446049250313e-16,[np.float64(2.220446049250313e-16)],0,0.0,0.0,0.0,[0.0],0,0.0,0.0,0.0,[0.0],0
BIOMD0000000313,15,16,0,1000,0.0,0.0,0.0,"[0.0, 0.0, 0.0, 0.0, 0.0, 0.0, 0.0, 0.0, 0.0, 0.0, 0.0, 0.0, 0.0, 0.0, 0.0]",0,0.0,0.0,0.9999952751604331,"[0.0, 0.0, 0.0, np.float64(0.9999533315227975), np.float64(0.9999952751604331), 0.0, 0.0, np.float64(0.15565027329356762), 0.0, 0.0, np.float64(0.15565027329356762), 0.0, 0.0, np.float64(0.15565027329356762), np.float64(0.15565027329356762)]",46,0.0,0.15565026156188688,0.9999999999999916,"[np.float64(0.9999999999999911), np.float64(0.9999999999996717), 0.0, 0.0, 0.0, 0.0, 0.0, np.float64(0.15565026156188688), 0.0, 0.0, np.float64(0.15565026156188688), np.float64(0.9999999970677764), np.float64(0.9999999999999916), np.float64(0.15565026156188688), np.float64(0.15565026156188688)]",129
BIOMD0000000314,11,12,0,1000,0.0,0.0,0.0,"[0.0, 0.0, 0.0, 0.0, 0.0, 0.0, 0.0, 0.0, 0.0, 0.0, 0.0]",0,0.0,0.0,0.9999953161720337,"[0.0, 0.0, 0.0, np.float64(0.9999953161720337), np.float64(0.08074594656926803), 0.0, 0.0, np.float64(0.08074594656926803), 0.0, 0.0, np.float64(0.08074594656926803)]",48,0.0,0.08074595098429549,0.9999999999999963,"[np.float64(0.9999999999999963), np.float64(0.9999999999983004), np.float64(0.9999999997952698), 0.0, np.float64(0.08074595098429549), 0.0, 0.0, np.float64(0.08074595098429549), 0.0, 0.0, np.float64(0.08074595098429549)]",68
BIOMD0000000315,19,27,0,1000,0.0,0.0,2.220446049250313e-16,"[0.0, np.float64(1.1102230246251565e-16), 0.0, np.float64(2.220446049250313e-16), 0.0, 0.0, 0.0, 0.0, 0.0, 0.0, 0.0, 0.0, 0.0, 0.0, 0.0, 0.0, 0.0, 0.0, 0.0]",9,0.0,0.998318283977437,0.9999999999999919,"[np.float64(0.9999999999999741), np.float64(0.9999999999999813), np.float64(0.999999348032628), np.float64(0.9999999999992245), np.float64(0.9999999999999919), np.float64(0.6838528416028273), 0.0, 0.0, 0.0, np.float64(0.9432547309579719), np.float64(0.9447957932169083), 0.0, np.float64(0.999429902393181), np.float64(0.998318283977437), np.float64(0.9999999995250566), np.float64(0.999021606673969), np.float64(0.29755195809717305), np.float64(0.9999988319364465), np.float64(0.29755195809717305)]",232,0.0,0.0,0.9985614650242082,"[0.0, 0.0, 0.0, 0.0, 0.0, 0.0, 0.0, 0.0, 0.0, 0.0, 0.0, 0.0, 0.0, 0.0, 0.0, np.float64(0.9985614650242082), np.float64(0.3533342518032436), np.float64(0.5285452996698112), np.float64(0.3533342518032436)]",240
BIOMD0000000318,7,17,0,1000,0.0,0.0,0.0,"[0.0, 0.0, 0.0, 0.0, 0.0, 0.0, 0.0]",5,0.9899983690608334,0.9999994239469091,0.9999999999655771,"[np.float64(0.9934738229237133), np.float64(0.9999995635881495), np.float64(0.9999999999655771), np.float64(0.9899983690608334), np.float64(0.9999994239469091), np.float64(0.9999994881576847), np.float64(0.9999991411974375)]",49,0.0,0.9916876071539458,0.9999999996739838,"[np.float64(0.8546991138239612), 0.0, np.float64(0.9931789741954379), np.float64(0.9916876071539458), np.float64(0.9999999996739838), 0.0, np.float64(0.9999998003347947)]",247
BIOMD0000000319,3,4,0,1000,0.0,0.0,0.0,"[0.0, 0.0, 0.0]",1,0.0,0.0,0.8823751650158307,"[0.0, np.float64(0.8823751650158307), 0.0]",8,0.0,0.0,0.0,"[0.0, 0.0, 0.0]",12
BIOMD0000000322,4,9,0,1000,0.0,0.0,0.0,"[0.0, 0.0, 0.0, 0.0]",0,0.0,0.0,0.0,"[0.0, 0.0, 0.0, 0.0]",0,0.0,0.0,0.0,"[0.0, 0.0, 0.0, 0.0]",55
BIOMD0000000323,3,6,0,1000,0.0,0.0,0.0,"[0.0, 0.0, 0.0]",0,0.0,0.0,0.0,"[0.0, 0.0, 0.0]",0,0.0,0.0,0.0,"[0.0, 0.0, 0.0]",15
BIOMD0000000325,5,10,0,1000,0.0,0.0,0.0,"[0.0, 0.0, 0.0, 0.0, 0.0]",0,0.0,0.02341287141321391,0.02341287141321391,"[0.0, 0.0, np.float64(0.02341287141321391), np.float64(0.02341287141321391), np.float64(0.02341287141321391)]",1,0.0,0.024062507162971647,0.9976912347504793,"[0.0, np.float64(0.9976912347504793), np.float64(0.024062507162971647), np.float64(0.024062507162971647), np.float64(0.024062507162971647)]",1
BIOMD0000000326,71,91,0,1000,0.0,1.1102230246251565e-16,1.1102230246251565e-16,"[np.float64(1.1102230246251565e-16), 0.0, 0.0, np.float64(1.1102230246251565e-16), np.float64(1.1102230246251565e-16), np.float64(1.1102230246251565e-16), np.float64(1.1102230246251565e-16), np.float64(1.1102230246251565e-16), np.float64(1.1102230246251565e-16), np.float64(1.1102230246251565e-16), np.float64(1.1102230246251565e-16), np.float64(1.1102230246251565e-16), np.float64(1.1102230246251565e-16), np.float64(1.1102230246251565e-16), np.float64(1.1102230246251565e-16), np.float64(1.1102230246251565e-16), np.float64(1.1102230246251565e-16), np.float64(1.1102230246251565e-16), np.float64(1.1102230246251565e-16), np.float64(1.1102230246251565e-16), np.float64(1.1102230246251565e-16), np.float64(1.1102230246251565e-16), np.float64(1.1102230246251565e-16), np.float64(1.1102230246251565e-16), np.float64(1.1102230246251565e-16), np.float64(1.1102230246251565e-16), np.float64(1.1102230246251565e-16), np.float64(1.1102230246251565e-16), np.float64(1.1102230246251565e-16), np.float64(1.1102230246251565e-16), np.float64(1.1102230246251565e-16), np.float64(1.1102230246251565e-16), np.float64(1.1102230246251565e-16), np.float64(1.1102230246251565e-16), np.float64(1.1102230246251565e-16), np.float64(1.1102230246251565e-16), np.float64(1.1102230246251565e-16), np.float64(1.1102230246251565e-16), np.float64(1.1102230246251565e-16), np.float64(1.1102230246251565e-16), np.float64(1.1102230246251565e-16), np.float64(1.1102230246251565e-16), np.float64(1.1102230246251565e-16), np.float64(1.1102230246251565e-16), np.float64(1.1102230246251565e-16), np.float64(1.1102230246251565e-16), np.float64(1.1102230246251565e-16), np.float64(1.1102230246251565e-16), np.float64(1.1102230246251565e-16), np.float64(1.1102230246251565e-16), np.float64(1.1102230246251565e-16), np.float64(1.1102230246251565e-16), np.float64(1.1102230246251565e-16), np.float64(1.1102230246251565e-16), np.float64(1.1102230246251565e-16), np.float64(1.1102230246251565e-16), np.float64(1.1102230246251565e-16), np.float64(1.1102230246251565e-16), np.float64(1.1102230246251565e-16), np.float64(1.1102230246251565e-16), np.float64(1.1102230246251565e-16), np.float64(1.1102230246251565e-16), np.float64(1.1102230246251565e-16), np.float64(1.1102230246251565e-16), np.float64(1.1102230246251565e-16), np.float64(1.1102230246251565e-16), np.float64(1.1102230246251565e-16), np.float64(1.1102230246251565e-16), 0.0, 0.0, 0.0]",2,0.0,0.19755004374690543,0.9999958438051741,"[np.float64(0.19755004374690543), 0.0, 0.0, np.float64(0.19755004374690543), np.float64(0.19755004374690543), np.float64(0.19755004374690543), np.float64(0.19755004374690543), np.float64(0.19755004374690543), np.float64(0.19755004374690543), np.float64(0.19755004374690543), np.float64(0.19755004374690543), np.float64(0.19755004374690543), np.float64(0.19755004374690543), np.float64(0.19755004374690543), np.float64(0.19755004374690543), np.float64(0.19755004374690543), np.float64(0.19755004374690543), np.float64(0.19755004374690543), np.float64(0.19755004374690543), np.float64(0.19755004374690543), np.float64(0.19755004374690543), np.float64(0.19755004374690543), np.float64(0.19755004374690543), np.float64(0.19755004374690543), np.float64(0.19755004374690543), np.float64(0.19755004374690543), np.float64(0.19755004374690543), np.float64(0.19755004374690543), np.float64(0.19755004374690543), np.float64(0.19755004374690543), np.float64(0.19755004374690543), np.float64(0.19755004374690543), np.float64(0.19755004374690543), np.float64(0.19755004374690543), np.float64(0.19755004374690543), np.float64(0.19755004374690543), np.float64(0.19755004374690543), np.float64(0.19755004374690543), np.float64(0.19755004374690543), np.float64(0.19755004374690543), np.float64(0.19755004374690543), np.float64(0.19755004374690543), np.float64(0.19755004374690543), np.float64(0.19755004374690543), np.float64(0.19755004374690543), np.float64(0.19755004374690543), np.float64(0.19755004374690543), np.float64(0.19755004374690543), np.float64(0.19755004374690543), np.float64(0.19755004374690543), np.float64(0.19755004374690543), np.float64(0.19755004374690543), np.float64(0.19755004374690543), np.float64(0.19755004374690543), np.float64(0.19755004374690543), np.float64(0.19755004374690543), np.float64(0.19755004374690543), np.float64(0.19755004374690543), np.float64(0.19755004374690543), np.float64(0.19755004374690543), np.float64(0.19755004374690543), np.float64(0.19755004374690543), np.float64(0.19755004374690543), np.float64(0.19755004374690543), np.float64(0.19755004374690543), np.float64(0.19755004374690543), np.float64(0.19755004374690543), np.float64(0.19755004374690543), np.float64(0.9999958438051656), np.float64(0.9999958438051741), 0.0]",168,0.0,0.0,0.0,"[0.0, 0.0, 0.0, 0.0, 0.0, 0.0, 0.0, 0.0, 0.0, 0.0, 0.0, 0.0, 0.0, 0.0, 0.0, 0.0, 0.0, 0.0, 0.0, 0.0, 0.0, 0.0, 0.0, 0.0, 0.0, 0.0, 0.0, 0.0, 0.0, 0.0, 0.0, 0.0, 0.0, 0.0, 0.0, 0.0, 0.0, 0.0, 0.0, 0.0, 0.0, 0.0, 0.0, 0.0, 0.0, 0.0, 0.0, 0.0, 0.0, 0.0, 0.0, 0.0, 0.0, 0.0, 0.0, 0.0, 0.0, 0.0, 0.0, 0.0, 0.0, 0.0, 0.0, 0.0, 0.0, 0.0, 0.0, 0.0, 0.0, 0.0, 0.0]",1963
BIOMD0000000328,18,29,0,1000,0.0,0.0,1.1102230246251565e-16,"[0.0, 0.0, 0.0, 0.0, 0.0, 0.0, np.float64(1.1102230246251565e-16), 0.0, 0.0, 0.0, 0.0, 0.0, 0.0, 0.0, 0.0, 0.0, 0.0, 0.0]",14,0.0,0.9986613893794587,0.9999999987846279,"[0.0, 0.0, 0.0, 0.0, 0.0, 0.0, np.float64(0.9981447737990361), np.float64(0.9983597649859687), np.float64(0.9999999888857718), np.float64(0.9999999887449377), np.float64(0.9999999873666487), np.float64(0.9999999872925966), np.float64(0.9999999987846279), np.float64(0.9999999987691384), np.float64(0.9999999986162977), np.float64(0.999999998608139), np.float64(0.9981057855038781), np.float64(0.9989630137729488)]",296,0.0,0.0,0.998474980195713,"[0.0, 0.0, 0.0, 0.0, 0.0, 0.0, np.float64(0.998474980195713), 0.0, 0.0, 0.0, 0.0, 0.0, 0.0, 0.0, 0.0, 0.0, np.float64(0.9984429314624474), 0.0]",2140
BIOMD0000000330,5,0,0,1000,0.0,0.0,0.0,"[0.0, 0.0, 0.0, 0.0, 0.0]",5,0.0,0.857155910631314,0.9830112366345694,"[np.float64(0.9830112366345694), 0.0, np.float64(0.899268742302109), np.float64(0.857155910631314), np.float64(0.7501505417663159)]",20,0.0,0.0,0.5591379394109665,"[np.float64(0.5591379394109665), 0.0, 0.0, 0.0, 0.0]",86
BIOMD0000000331,7,0,0,1000,0.0,0.0,1.1102230246251565e-16,"[np.float64(1.1102230246251565e-16), 0.0, 0.0, np.float64(1.1102230246251565e-16), 0.0, 0.0, 0.0]",6,0.0,0.9999013149086937,0.9999980905687548,"[np.float64(0.9999947154055463), np.float64(0.9999685725330304), np.float64(0.9981406114212791), np.float64(0.9999013149086937), 0.0, np.float64(0.9990918855330259), np.float64(0.9999980905687548)]",44,0.0,0.9999232806444335,0.9999999810253734,"[np.float64(0.9999994710479712), np.float64(0.9999232806444335), np.float64(0.9896705104802007), np.float64(0.5948590518329988), np.float64(0.9999861431208261), np.float64(0.9999999810253734), 0.0]",248
BIOMD0000000333,54,45,0,1000,0.0,0.0,0.0,"[0.0, 0.0, 0.0, 0.0, 0.0, 0.0, 0.0, 0.0, 0.0, 0.0, 0.0, 0.0, 0.0, 0.0, 0.0, 0.0, 0.0, 0.0, 0.0, 0.0, 0.0, 0.0, 0.0, 0.0, 0.0, 0.0, 0.0, 0.0, 0.0, 0.0, 0.0, 0.0, 0.0, 0.0, 0.0, 0.0, 0.0, 0.0, 0.0, 0.0, 0.0, 0.0, 0.0, 0.0, 0.0, 0.0, 0.0, 0.0, 0.0, 0.0, 0.0, 0.0, 0.0, 0.0]",13,0.0,0.0,0.9998719759824635,"[np.float64(0.18518880554153294), np.float64(0.18518884061825536), np.float64(0.5667148658906807), 0.0, 0.0, 0.0, 0.0, 0.0, 0.0, 0.0, 0.0, 0.0, 0.0, 0.0, 0.0, 0.0, np.float64(0.00020694070611237958), 0.0, 0.0, 0.0, np.float64(0.00020694070611237958), np.float64(0.00020694070611237958), 0.0, 0.0, 0.0, 0.0, 0.0, 0.0, 0.0, np.float64(0.00020694070611237958), np.float64(0.9455559894333383), 0.0, np.float64(0.9998719759824635), np.float64(0.00020694070611237958), np.float64(0.9629687750039861), np.float64(0.7582444032301638), 0.0, 0.0, 0.0, np.float64(0.00020694070611237958), 0.0, 0.0, np.float64(0.00020694070611237958), 0.0, 0.0, np.float64(0.5527914834159615), np.float64(0.9731305578176441), np.float64(0.9826886536446133), np.float64(0.5098031321776075), np.float64(0.00020694070611237958), np.float64(0.9992094032019618), 0.0, np.float64(0.00020694070611237958), 0.0]",1163,0.0,0.0,0.9999999999995071,"[np.float64(0.9999561133664762), np.float64(0.999956113369226), np.float64(0.9999999999972234), np.float64(0.9999999999972929), 0.0, 0.0, 0.0, 0.0, 0.0, 0.0, 0.0, 0.0, 0.0, 0.0, 0.0, 0.0, 0.0, np.float64(0.9999999999919695), 0.0, 0.0, 0.0, 0.0, 0.0, 0.0, 0.0, 0.0, 0.0, 0.0, 0.0, 0.0, np.float64(0.9999999999991286), 0.0, np.float64(0.9999999999968361), 0.0, np.float64(0.9999999999991419), np.float64(0.9999999999991622), np.float64(0.9999999999829622), 0.0, 0.0, 0.0, 0.0, np.float64(0.9999999999995071), 0.0, 0.0, 0.0, np.float64(0.9999999999970338), np.float64(0.9999999999956057), np.float64(0.9999999999957543), np.float64(0.9999999999952455), 0.0, np.float64(0.9992094025812104), 0.0, 0.0, 0.0]",1771
BIOMD0000000335,34,31,0,1000,0.0,0.0,0.0,"[0.0, 0.0, 0.0, 0.0, 0.0, 0.0, 0.0, 0.0, 0.0, 0.0, 0.0, 0.0, 0.0, 0.0, 0.0, 0.0, 0.0, 0.0, 0.0, 0.0, 0.0, 0.0, 0.0, 0.0, 0.0, 0.0, 0.0, 0.0, 0.0, 0.0, 0.0, 0.0, 0.0, 0.0]",0,0.0,0.0,0.0,"[0.0, 0.0, 0.0, 0.0, 0.0, 0.0, 0.0, 0.0, 0.0, 0.0, 0.0, 0.0, 0.0, 0.0, 0.0, 0.0, 0.0, 0.0, 0.0, 0.0, 0.0, 0.0, 0.0, 0.0, 0.0, 0.0, 0.0, 0.0, 0.0, 0.0, 0.0, 0.0, 0.0, 0.0]",35,0.0,0.0,0.0,"[0.0, 0.0, 0.0, 0.0, 0.0, 0.0, 0.0, 0.0, 0.0, 0.0, 0.0, 0.0, 0.0, 0.0, 0.0, 0.0, 0.0, 0.0, 0.0, 0.0, 0.0, 0.0, 0.0, 0.0, 0.0, 0.0, 0.0, 0.0, 0.0, 0.0, 0.0, 0.0, 0.0, 0.0]",157
BIOMD0000000337,3,5,0,1000,0.0,0.0,0.0,"[0.0, 0.0, 0.0]",2,0.0,0.9998591729127284,0.9998626323319754,"[0.0, np.float64(0.9998626323319754), np.float64(0.9998591729127284)]",9,0.0,0.999906518848132,0.9999990295957045,"[0.0, np.float64(0.9999990295957045), np.float64(0.999906518848132)]",29
BIOMD0000000344,50,80,0,1000,0.0,0.0,0.0,"[0.0, 0.0, 0.0, 0.0, 0.0, 0.0, 0.0, 0.0, 0.0, 0.0, 0.0, 0.0, 0.0, 0.0, 0.0, 0.0, 0.0, 0.0, 0.0, 0.0, 0.0, 0.0, 0.0, 0.0, 0.0, 0.0, 0.0, 0.0, 0.0, 0.0, 0.0, 0.0, 0.0, 0.0, 0.0, 0.0, 0.0, 0.0, 0.0, 0.0, 0.0, 0.0, 0.0, 0.0, 0.0, 0.0, 0.0, 0.0, 0.0, 0.0]",0,0.0,0.0,0.0,"[0.0, 0.0, 0.0, 0.0, 0.0, 0.0, 0.0, 0.0, 0.0, 0.0, 0.0, 0.0, 0.0, 0.0, 0.0, 0.0, 0.0, 0.0, 0.0, 0.0, 0.0, 0.0, 0.0, 0.0, 0.0, 0.0, 0.0, 0.0, 0.0, 0.0, 0.0, 0.0, 0.0, 0.0, 0.0, 0.0, 0.0, 0.0, 0.0, 0.0, 0.0, 0.0, 0.0, 0.0, 0.0, 0.0, 0.0, 0.0, 0.0, 0.0]",1164,0.0,0.0,0.9999999999995054,"[np.float64(0.9999998810858038), 0.0, 0.0, 0.0, np.float64(0.9999993115590424), np.float64(0.9999929889789311), np.float64(0.9999999867815925), np.float64(0.9999999918643837), 0.0, 0.0, 0.0, 0.0, 0.0, 0.0, np.float64(0.9999973747054539), np.float64(0.999997374705454), np.float64(0.9999999968115918), 0.0, 0.0, np.float64(0.9999951266806838), 0.0, 0.0, 0.0, 0.0, 0.0, 0.0, 0.0, 0.0, 0.0, 0.0, 0.0, 0.0, 0.0, 0.0, 0.0, 0.0, 0.0, 0.0, 0.0, 0.0, np.float64(0.9999999921852316), np.float64(0.9999999925892411), 0.0, np.float64(0.9999999915238535), np.float64(0.9999999967444118), np.float64(0.9999938894931306), 0.0, 0.0, np.float64(0.9999999999995054), 0.0]",16060
BIOMD0000000346,2,0,0,1000,0.0,0.0,0.0,"[0.0, 0.0]",0,0.7671232287515806,0.8618036128740046,0.9564839969964287,"[np.float64(0.7671232287515806), np.float64(0.9564839969964287)]",6,0.9385113344828824,0.9445602100070875,0.9506090855312925,"[np.float64(0.9385113344828824), np.float64(0.9506090855312925)]",9
BIOMD0000000347,26,36,0,1000,0.0,0.0,0.0,"[0.0, 0.0, 0.0, 0.0, 0.0, 0.0, 0.0, 0.0, 0.0, 0.0, 0.0, 0.0, 0.0, 0.0, 0.0, 0.0, 0.0, 0.0, 0.0, 0.0, 0.0, 0.0, 0.0, 0.0, 0.0, 0.0]",2,0.0,0.07444286572971803,0.07444286572971803,"[0.0, 0.0, 0.0, 0.0, np.float64(0.07444286572971803), np.float64(0.07444286572971803), 0.0, np.float64(0.07444286572971803), 0.0, 0.0, np.float64(0.07444286572971803), np.float64(0.07444286572971803), np.float64(0.07444286572971803), np.float64(0.07444286572971803), np.float64(0.07444286572971803), np.float64(0.07444286572971803), np.float64(0.07444286572971803), np.float64(0.07444286572971803), np.float64(0.07444286572971803), np.float64(0.07444286572971803), np.float64(0.07444286572971803), np.float64(0.07444286572971803), np.float64(0.07444286572971803), np.float64(0.07444286572971803), np.float64(0.07444286572971803), np.float64(0.07444286572971803)]",106,0.0,0.07444232858735123,0.9999999999906237,"[np.float64(0.9999999999906237), 0.0, 0.0, 0.0, np.float64(0.07444232858735123), np.float64(0.07444232858735123), np.float64(0.07444232858735123), np.float64(0.07444232858735123), 0.0, 0.0, np.float64(0.07444232858735123), np.float64(0.07444232858735123), np.float64(0.07444232858735123), np.float64(0.07444232858735123), np.float64(0.07444232858735123), np.float64(0.07444232858735123), np.float64(0.07444232858735123), np.float64(0.07444232858735123), np.float64(0.07444232858735123), np.float64(0.07444232858735123), np.float64(0.07444232858735123), np.float64(0.07444232858735123), np.float64(0.07444232858735123), np.float64(0.07444232858735123), np.float64(0.07444232858735123), np.float64(0.07444232858735123)]",21
BIOMD0000000350,14,30,0,1000,0.0,0.0,0.0,"[0.0, 0.0, 0.0, 0.0, 0.0, 0.0, 0.0, 0.0, 0.0, 0.0, 0.0, 0.0, 0.0, 0.0]",0,0.0,0.0,0.8927358662781818,"[np.float64(0.8927358662781818), 0.0, 0.0, 0.0, np.float64(0.8376876843923335), np.float64(0.7629990632445145), np.float64(0.5468986797257949), 0.0, 0.0, 0.0, 0.0, 0.0, 0.0, 0.0]",40,0.0,0.0,0.9937463181475775,"[0.0, 0.0, np.float64(0.9937463181475775), np.float64(0.9827710441876458), np.float64(0.6780487535717978), np.float64(0.9510413181378163), np.float64(0.9841234645045022), 0.0, 0.0, 0.0, 0.0, 0.0, 0.0, 0.0]",735
BIOMD0000000354,6,11,0,1000,0.0,0.0,0.0,"[0.0, 0.0, 0.0, 0.0, 0.0, 0.0]",0,0.0,0.0,0.0,"[0.0, 0.0, 0.0, 0.0, 0.0, 0.0]",5,0.0,0.0,0.0,"[0.0, 0.0, 0.0, 0.0, 0.0, 0.0]",137
BIOMD0000000355,9,17,0,1000,0.0,0.0,0.0,"[0.0, 0.0, 0.0, 0.0, 0.0, 0.0, 0.0, 0.0, 0.0]",3,0.0,0.8272972832849752,0.9975180020968039,"[np.float64(0.9966353978743048), np.float64(0.980938020220454), np.float64(0.9589664901716358), 0.0, 0.0, 0.0, np.float64(0.06648900811190017), np.float64(0.8272972832849752), np.float64(0.9975180020968039)]",43,0.0,0.2848568908529334,0.9999870927223515,"[np.float64(0.997450554783051), np.float64(0.9999870927223515), np.float64(0.9599386839063301), 0.0, 0.0, 0.0, np.float64(0.14338393211938483), np.float64(0.2848568908529334), np.float64(0.9974266159227589)]",223
BIOMD0000000357,9,8,0,1000,0.0,0.0,0.0,"[0.0, 0.0, 0.0, 0.0, 0.0, 0.0, 0.0, 0.0, 0.0]",0,0.0,0.0,0.8628458777664448,"[0.0, 0.0, 0.0, 0.0, 0.0, 0.0, np.float64(0.30728053879169503), np.float64(0.8628458777664448), np.float64(0.2016020636914675)]",66,0.0,0.0,0.28317793125561797,"[0.0, 0.0, 0.0, 0.0, 0.0, 0.0, 0.0, 0.0, np.float64(0.28317793125561797)]",318
BIOMD0000000360,9,8,0,1000,0.0,0.0,0.0,"[0.0, 0.0, 0.0, 0.0, 0.0, 0.0, 0.0, 0.0, 0.0]",7,0.0,0.9999999999904502,0.9999999999999631,"[np.float64(0.9999999999999631), np.float64(0.9999999999999444), np.float64(0.9999999999999472), np.float64(0.9999999999998226), np.float64(0.9999999999904502), 0.0, np.float64(0.07915855638375202), np.float64(0.07915855638375202), 0.0]",55,0.0,0.07916480937876547,0.9996540115721214,"[np.float64(0.9996540115721214), np.float64(0.9996441549981508), np.float64(0.9996423428427953), np.float64(0.999589270092628), 0.0, 0.0, np.float64(0.07916480937876547), np.float64(0.07916480937876547), 0.0]",157
BIOMD0000000361,8,5,0,1000,0.0,0.0,0.0,"[0.0, 0.0, 0.0, 0.0, 0.0, 0.0, 0.0, 0.0]",2,0.0,0.16916395695673148,0.9267849093745025,"[0.0, np.float64(0.9087507054500498), 0.0, np.float64(0.39959517948133216), np.float64(0.9267849093745025), 0.0, 0.0, np.float64(0.33832791391346295)]",46,0.0,0.0,0.5030807408481901,"[0.0, 0.0, 0.0, 0.0, np.float64(0.5030807408481901), 0.0, 0.0, 0.0]",329
BIOMD0000000362,34,33,0,1000,0.0,0.0,0.0,"[0.0, 0.0, 0.0, 0.0, 0.0, 0.0, 0.0, 0.0, 0.0, 0.0, 0.0, 0.0, 0.0, 0.0, 0.0, 0.0, 0.0, 0.0, 0.0, 0.0, 0.0, 0.0, 0.0, 0.0, 0.0, 0.0, 0.0, 0.0, 0.0, 0.0, 0.0, 0.0, 0.0, 0.0]",0,0.0,0.0,0.0,"[0.0, 0.0, 0.0, 0.0, 0.0, 0.0, 0.0, 0.0, 0.0, 0.0, 0.0, 0.0, 0.0, 0.0, 0.0, 0.0, 0.0, 0.0, 0.0, 0.0, 0.0, 0.0, 0.0, 0.0, 0.0, 0.0, 0.0, 0.0, 0.0, 0.0, 0.0, 0.0, 0.0, 0.0]",36,0.0,0.0,0.0,"[0.0, 0.0, 0.0, 0.0, 0.0, 0.0, 0.0, 0.0, 0.0, 0.0, 0.0, 0.0, 0.0, 0.0, 0.0, 0.0, 0.0, 0.0, 0.0, 0.0, 0.0, 0.0, 0.0, 0.0, 0.0, 0.0, 0.0, 0.0, 0.0, 0.0, 0.0, 0.0, 0.0, 0.0]",423
BIOMD0000000363,4,4,0,1000,0.0,0.0,0.0,"[0.0, 0.0, 0.0, 0.0]",0,0.0,0.009140505201213789,0.018281010402427578,"[0.0, 0.0, np.float64(0.018281010402427578), np.float64(0.018281010402427578)]",0,0.0,0.010732888483426184,0.021465776966852368,"[0.0, 0.0, np.float64(0.021465776966852368), np.float64(0.021465776966852368)]",2
BIOMD0000000364,14,16,0,1000,0.0,0.0,0.0,"[0.0, 0.0, 0.0, 0.0, 0.0, 0.0, 0.0, 0.0, 0.0, 0.0, 0.0, 0.0, 0.0, 0.0]",0,0.0,0.0,0.5843441321550122,"[0.0, 0.0, 0.0, 0.0, np.float64(0.18971985755279974), np.float64(0.18971985755279974), 0.0, 0.0, 0.0, np.float64(0.5843441321550122), np.float64(0.18971985755279974), np.float64(0.18971985755279974), np.float64(0.18971985755279974), 0.0]",89,0.0,0.0,0.36233770208212723,"[0.0, 0.0, 0.0, 0.0, np.float64(0.36233770208212723), np.float64(0.36233770208212723), 0.0, 0.0, 0.0, 0.0, np.float64(0.36233770208212723), np.float64(0.36233770208212723), np.float64(0.36233770208212723), np.float64(0.36233770208212723)]",468
BIOMD0000000365,30,33,0,1000,1.1102230246251565e-16,1.1102230246251565e-16,1.1102230246251565e-16,"[np.float64(1.1102230246251565e-16), np.float64(1.1102230246251565e-16), np.float64(1.1102230246251565e-16), np.float64(1.1102230246251565e-16), np.float64(1.1102230246251565e-16), np.float64(1.1102230246251565e-16), np.float64(1.1102230246251565e-16), np.float64(1.1102230246251565e-16), np.float64(1.1102230246251565e-16), np.float64(1.1102230246251565e-16), np.float64(1.1102230246251565e-16), np.float64(1.1102230246251565e-16), np.float64(1.1102230246251565e-16), np.float64(1.1102230246251565e-16), np.float64(1.1102230246251565e-16), np.float64(1.1102230246251565e-16), np.float64(1.1102230246251565e-16), np.float64(1.1102230246251565e-16), np.float64(1.1102230246251565e-16), np.float64(1.1102230246251565e-16), np.float64(1.1102230246251565e-16), np.float64(1.1102230246251565e-16), np.float64(1.1102230246251565e-16), np.float64(1.1102230246251565e-16), np.float64(1.1102230246251565e-16), np.float64(1.1102230246251565e-16), np.float64(1.1102230246251565e-16), np.float64(1.1102230246251565e-16), np.float64(1.1102230246251565e-16), np.float64(1.1102230246251565e-16)]",0,0.0,0.0,0.0,"[0.0, 0.0, 0.0, 0.0, 0.0, 0.0, 0.0, 0.0, 0.0, 0.0, 0.0, 0.0, 0.0, 0.0, 0.0, 0.0, 0.0, 0.0, 0.0, 0.0, 0.0, 0.0, 0.0, 0.0, 0.0, 0.0, 0.0, 0.0, 0.0, 0.0]",0,0.0,0.0,0.0,"[0.0, 0.0, 0.0, 0.0, 0.0, 0.0, 0.0, 0.0, 0.0, 0.0, 0.0, 0.0, 0.0, 0.0, 0.0, 0.0, 0.0, 0.0, 0.0, 0.0, 0.0, 0.0, 0.0, 0.0, 0.0, 0.0, 0.0, 0.0, 0.0, 0.0]",0
BIOMD0000000366,12,8,0,1000,0.0,0.0,0.0,"[0.0, 0.0, 0.0, 0.0, 0.0, 0.0, 0.0, 0.0, 0.0, 0.0, 0.0, 0.0]",0,0.0,0.07431401444072283,0.9999999979186737,"[0.0, np.float64(0.9999999979186737), np.float64(0.999999996799798), 0.0, np.float64(0.14862802888144566), 0.0, np.float64(0.9999999431267949), 0.0, np.float64(0.9999999703627016), 0.0, np.float64(0.9999999914742139), 0.0]",67,0.0,0.6560383892981485,0.9955022423684055,"[np.float64(0.9955022423684055), np.float64(0.9782191362310138), np.float64(0.9666773903617425), np.float64(0.2427586842439664), np.float64(0.2427586842439664), 0.0, np.float64(0.5547275455117414), 0.0, np.float64(0.7573492330845555), np.float64(0.9560870985200572), np.float64(0.9560955538001056), np.float64(0.2427586842439664)]",493
BIOMD0000000371,3,0,0,1000,0.0,0.0,0.0,"[0.0, 0.0, 0.0]",0,0.0,0.0,0.0,"[0.0, 0.0, 0.0]",4,0.0,0.0,0.0,"[0.0, 0.0, 0.0]",17
BIOMD0000000372,6,0,0,1000,0.0,0.0,0.0,"[0.0, 0.0, 0.0, 0.0, 0.0, 0.0]",0,0.0,0.0,0.0,"[0.0, 0.0, 0.0, 0.0, 0.0, 0.0]",18,0.0,0.0,0.0,"[0.0, 0.0, 0.0, 0.0, 0.0, 0.0]",134
BIOMD0000000373,7,0,0,1000,0.0,0.0,0.0,"[0.0, 0.0, 0.0, 0.0, 0.0, 0.0, 0.0]",0,0.0,0.0,0.0,"[0.0, 0.0, 0.0, 0.0, 0.0, 0.0, 0.0]",1,0.0,0.0,0.0,"[0.0, 0.0, 0.0, 0.0, 0.0, 0.0, 0.0]",19
BIOMD0000000374,5,0,0,1000,0.0,0.0,0.0,"[0.0, 0.0, 0.0, 0.0, 0.0]",0,0.0,0.0,0.0,"[0.0, 0.0, 0.0, 0.0, 0.0]",3,0.0,0.0,0.0,"[0.0, 0.0, 0.0, 0.0, 0.0]",20
BIOMD0000000375,5,0,0,1000,0.0,0.0,0.0,"[0.0, 0.0, 0.0, 0.0, 0.0]",0,0.0,0.0,0.0,"[0.0, 0.0, 0.0, 0.0, 0.0]",0,0.0,0.0,0.0,"[0.0, 0.0, 0.0, 0.0, 0.0]",7
BIOMD0000000376,11,0,0,1000,0.0,0.0,0.0,"[0.0, 0.0, 0.0, 0.0, 0.0, 0.0, 0.0, 0.0, 0.0, 0.0, 0.0]",0,0.0,0.0,0.0,"[0.0, 0.0, 0.0, 0.0, 0.0, 0.0, 0.0, 0.0, 0.0, 0.0, 0.0]",2,0.0,0.0,0.009505145159072859,"[0.0, 0.0, np.float64(0.009505145159072859), 0.0, 0.0, 0.0, 0.0, 0.0, 0.0, 0.0, 0.0]",121
BIOMD0000000377,4,0,0,1000,0.0,0.0,0.0,"[0.0, 0.0, 0.0, 0.0]",0,0.0,0.0,0.0,"[0.0, 0.0, 0.0, 0.0]",4,0.0,0.0,0.0,"[0.0, 0.0, 0.0, 0.0]",27
BIOMD0000000378,6,0,0,1000,0.0,0.0,0.0,"[0.0, 0.0, 0.0, 0.0, 0.0, 0.0]",0,0.0,0.0,0.01206277968682723,"[0.0, 0.0, 0.0, 0.0, 0.0, np.float64(0.01206277968682723)]",35,0.0,0.0,0.0,"[0.0, 0.0, 0.0, 0.0, 0.0, 0.0]",152
BIOMD0000000379,12,0,0,1000,0.0,0.0,3.3306690738754696e-16,"[0.0, 0.0, 0.0, 0.0, 0.0, 0.0, 0.0, 0.0, 0.0, 0.0, 0.0, np.float64(3.3306690738754696e-16)]",2,0.0,0.0,0.6614863684256858,"[0.0, 0.0, 0.0, 0.0, 0.0, np.float64(0.6614863684256858), np.float64(0.01721917937031847), 0.0, 0.0, 0.0, 0.0, 0.0]",59,0.0,0.0,0.0,"[0.0, 0.0, 0.0, 0.0, 0.0, 0.0, 0.0, 0.0, 0.0, 0.0, 0.0, 0.0]",571
BIOMD0000000382,6,0,0,1000,0.0,0.0,0.0,"[0.0, 0.0, 0.0, 0.0, 0.0, 0.0]",1,0.0,0.0,0.0,"[0.0, 0.0, 0.0, 0.0, 0.0, 0.0]",11,0.0,0.0,0.0,"[0.0, 0.0, 0.0, 0.0, 0.0, 0.0]",77
BIOMD0000000383,2,4,0,1000,0.0,0.0,0.0,"[0.0, 0.0]",1,0.9999797308383214,0.9999878529455387,0.9999959750527561,"[np.float64(0.9999959750527561), np.float64(0.9999797308383214)]",5,0.0,0.0,0.0,"[0.0, 0.0]",8
BIOMD0000000384,2,4,0,1000,0.0,1.1102230246251565e-16,2.220446049250313e-16,"[np.float64(2.220446049250313e-16), 0.0]",1,0.9999939411353787,0.9999950258484123,0.999996110561446,"[np.float64(0.999996110561446), np.float64(0.9999939411353787)]",5,0.0,0.385256335875294,0.770512671750588,"[np.float64(0.770512671750588), 0.0]",8
BIOMD0000000385,2,4,0,1000,0.0,5.551115123125783e-17,1.1102230246251565e-16,"[np.float64(1.1102230246251565e-16), 0.0]",1,0.0,0.4940971285708094,0.9881942571416188,"[0.0, np.float64(0.9881942571416188)]",4,0.0,0.49966062211988943,0.9993212442397789,"[np.float64(0.9993212442397789), 0.0]",8
BIOMD0000000386,2,4,0,1000,0.0,0.0,0.0,"[0.0, 0.0]",0,0.0,0.0,0.0,"[0.0, 0.0]",0,0.0,0.0,0.0,"[0.0, 0.0]",0
BIOMD0000000387,2,4,0,1000,0.0,0.0,0.0,"[0.0, 0.0]",1,0.9999474332986472,0.9999680796726882,0.9999887260467291,"[np.float64(0.9999887260467291), np.float64(0.9999474332986472)]",5,0.0,0.21770519036837382,0.43541038073674765,"[np.float64(0.43541038073674765), 0.0]",8
BIOMD0000000388,5,7,0,1000,0.0,0.0,0.0,"[0.0, 0.0, 0.0, 0.0, 0.0]",0,0.0,0.0,0.0,"[0.0, 0.0, 0.0, 0.0, 0.0]",21,0.0,0.0,0.0,"[0.0, 0.0, 0.0, 0.0, 0.0]",99
BIOMD0000000389,19,18,0,1000,0.0,0.0,0.0,"[0.0, 0.0, 0.0, 0.0, 0.0, 0.0, 0.0, 0.0, 0.0, 0.0, 0.0, 0.0, 0.0, 0.0, 0.0, 0.0, 0.0, 0.0, 0.0]",0,0.0,0.0,0.0,"[0.0, 0.0, 0.0, 0.0, 0.0, 0.0, 0.0, 0.0, 0.0, 0.0, 0.0, 0.0, 0.0, 0.0, 0.0, 0.0, 0.0, 0.0, 0.0]",323,0.0,0.0,0.0,"[0.0, 0.0, 0.0, 0.0, 0.0, 0.0, 0.0, 0.0, 0.0, 0.0, 0.0, 0.0, 0.0, 0.0, 0.0, 0.0, 0.0, 0.0, 0.0]",1858
BIOMD0000000390,7,6,0,1000,0.0,0.0,0.0,"[0.0, 0.0, 0.0, 0.0, 0.0, 0.0, 0.0]",2,0.0,0.0,0.9905927375633587,"[0.0, np.float64(0.9905927375633587), 0.0, 0.0, np.float64(0.8352362999145035), 0.0, 0.0]",38,0.0,0.9998907418999574,0.9999917306632461,"[0.0, np.float64(0.7962534878638793), np.float64(0.9998907418999574), np.float64(0.9999855921941464), 0.0, np.float64(0.9999917306632461), np.float64(0.999991730663246)]",247
BIOMD0000000391,16,21,0,1000,0.0,0.0,4.440892098500626e-16,"[0.0, 0.0, 0.0, 0.0, np.float64(2.220446049250313e-16), 0.0, 0.0, np.float64(1.1102230246251565e-16), 0.0, 0.0, 0.0, 0.0, 0.0, 0.0, np.float64(4.440892098500626e-16), np.float64(1.1102230246251565e-16)]",16,0.6328155415421968,0.6519032568838485,0.9999951931286318,"[np.float64(0.9999881456774666), np.float64(0.9999951931286318), np.float64(0.9922704318115138), np.float64(0.6328155415421968), np.float64(0.6328822195570318), np.float64(0.6537010409978314), np.float64(0.707566720632163), np.float64(0.6368483168661467), np.float64(0.6501054727698657), np.float64(0.6385014789803598), np.float64(0.635194783876518), np.float64(0.6351949649836344), np.float64(0.6351949586792291), np.float64(0.7076196984790715), np.float64(0.7076669226049344), np.float64(0.9999128538306691)]",272,0.0,0.0,0.9999999967971606,"[np.float64(0.9999999967971606), np.float64(0.9999519839588181), np.float64(0.8970764374455149), 0.0, 0.0, 0.0, 0.0, 0.0, 0.0, 0.0, 0.0, 0.0, 0.0, 0.0, 0.0, np.float64(0.9988946832921147)]",2448
BIOMD0000000392,23,27,0,1000,0.0,0.0,0.0,"[0.0, 0.0, 0.0, 0.0, 0.0, 0.0, 0.0, 0.0, 0.0, 0.0, 0.0, 0.0, 0.0, 0.0, 0.0, 0.0, 0.0, 0.0, 0.0, 0.0, 0.0, 0.0, 0.0]",0,0.0,0.9992417044720313,0.9999999994982901,"[np.float64(0.9992417044720313), np.float64(0.9999962623477661), np.float64(0.9999999994982901), np.float64(0.9999999993906086), np.float64(0.9997307240363918), np.float64(0.9999012590303598), np.float64(0.9998937486191266), np.float64(0.7475080329854324), np.float64(0.7591834671471835), np.float64(0.9999822813287322), np.float64(0.8199475104635965), np.float64(0.7587760404885797), np.float64(0.9999941756202203), np.float64(0.9996707156158346), np.float64(0.9999546802755658), np.float64(0.9991988607047042), np.float64(0.9999996564546163), np.float64(0.9949480769856166), np.float64(0.9952600145575982), 0.0, np.float64(0.9974200275434758), np.float64(0.9514385985055668), 0.0]",543,0.0,0.0,0.9433419947128728,"[0.0, 0.0, 0.0, 0.0, 0.0, 0.0, 0.0, 0.0, 0.0, 0.0, 0.0, 0.0, 0.0, 0.0, 0.0, 0.0, 0.0, np.float64(0.5792207935398772), np.float64(0.25684018104964057), 0.0, 0.0, np.float64(0.9433419947128728), 0.0]",6815
BIOMD0000000393,28,36,0,1000,0.0,0.0,1.1102230246251565e-16,"[0.0, 0.0, 0.0, 0.0, 0.0, 0.0, 0.0, 0.0, 0.0, 0.0, 0.0, 0.0, 0.0, 0.0, 0.0, 0.0, 0.0, 0.0, 0.0, 0.0, 0.0, np.float64(1.1102230246251565e-16), 0.0, 0.0, 0.0, 0.0, 0.0, 0.0]",3,0.0,0.9816831340223784,0.9999999556563233,"[np.float64(0.9999940955186145), np.float64(0.9998103694994785), np.float64(0.9990958906341034), np.float64(0.9999991694600984), np.float64(0.9999983872521884), np.float64(0.9912995423908917), np.float64(0.9689975141825409), np.float64(0.9845060234592911), np.float64(0.99997289686916), np.float64(0.9999999556563233), np.float64(0.9998397832432275), np.float64(0.8705968903642198), np.float64(0.8695408838009459), np.float64(0.8719727170081666), np.float64(0.9943001476788919), np.float64(0.9284432574820114), np.float64(0.9709499313314701), np.float64(0.99994653248572), np.float64(0.9999509410668929), np.float64(0.8688424951239746), np.float64(0.9788602445854656), np.float64(0.9979780483169122), 0.0, 0.0, 0.0, 0.0, 0.0, 0.0]",653,0.0,0.0,0.8018399187615689,"[np.float64(0.8018399187615689), 0.0, 0.0, 0.0, 0.0, 0.0, 0.0, np.float64(0.5130447906782923), 0.0, np.float64(0.35875386223939754), 0.0, 0.0, 0.0, 0.0, 0.0, 0.0, 0.0, np.float64(0.21809384478638105), 0.0, 0.0, 0.0, 0.0, 0.0, 0.0, 0.0, 0.0, 0.0, 0.0]",10804
BIOMD0000000394,23,10,0,1000,0.0,0.0,1.1102230246251565e-16,"[0.0, 0.0, np.float64(1.1102230246251565e-16), 0.0, 0.0, 0.0, 0.0, 0.0, 0.0, 0.0, 0.0, 0.0, 0.0, 0.0, 0.0, 0.0, 0.0, 0.0, 0.0, 0.0, 0.0, 0.0, 0.0]",12,0.0,0.2133054583724745,0.9950570156209282,"[np.float64(0.9052491941589139), np.float64(0.9052491941591738), np.float64(0.5915182310205629), np.float64(0.5915182309868317), np.float64(0.3444843021298556), 0.0, 0.0, 0.0, np.float64(0.17262187318457), np.float64(0.17262187318457), np.float64(0.9255746500300777), 0.0, 0.0, np.float64(0.17262187318457), np.float64(0.9950570156209282), np.float64(0.17262187318457), np.float64(0.6829629271335838), np.float64(0.6829629271332176), np.float64(0.17262187318457), np.float64(0.9950313662953368), np.float64(0.17262187318457), np.float64(0.2133054583724745), np.float64(0.21330545839412907)]",205,0.0,0.0,0.9617305253510491,"[np.float64(0.9617305253510491), np.float64(0.9617304648308611), 0.0, 0.0, 0.0, 0.0, 0.0, 0.0, np.float64(0.3009652964481394), np.float64(0.3009652964481394), 0.0, 0.0, 0.0, np.float64(0.3009652964481394), np.float64(0.8861673642122552), np.float64(0.3009652964481394), 0.0, 0.0, np.float64(0.3009652964481394), np.float64(0.8852679673984651), np.float64(0.3009652964481394), 0.0, 0.0]",3247
BIOMD0000000395,23,12,0,1000,0.0,0.0,1.1102230246251565e-16,"[np.float64(1.1102230246251565e-16), np.float64(1.1102230246251565e-16), 0.0, 0.0, 0.0, 0.0, 0.0, 0.0, np.float64(1.1102230246251565e-16), 0.0, np.float64(1.1102230246251565e-16), 0.0, 0.0, 0.0, 0.0, 0.0, 0.0, np.float64(1.1102230246251565e-16), np.float64(1.1102230246251565e-16), np.float64(1.1102230246251565e-16), 0.0, 0.0, 0.0]",9,0.0,0.0,0.23970482434844087,"[0.0, np.float64(0.23970482434844087), 0.0, 0.0, 0.0, 0.0, 0.0, 0.0, np.float64(0.23970482434844087), 0.0, 0.0, 0.0, 0.0, 0.0, 0.0, 0.0, 0.0, 0.0, 0.0, np.float64(0.23970482434844087), 0.0, 0.0, 0.0]",375,0.0,0.0,0.8005846837042218,"[0.0, 0.0, 0.0, 0.0, 0.0, 0.0, 0.0, 0.0, 0.0, 0.0, 0.0, 0.0, 0.0, 0.0, 0.0, np.float64(0.8005846837042218), np.float64(0.8005846837042218), 0.0, 0.0, 0.0, np.float64(0.33959956411805237), 0.0, 0.0]",3466
BIOMD0000000396,36,16,0,1000,0.0,0.0,0.0,"[0.0, 0.0, 0.0, 0.0, 0.0, 0.0, 0.0, 0.0, 0.0, 0.0, 0.0, 0.0, 0.0, 0.0, 0.0, 0.0, 0.0, 0.0, 0.0, 0.0, 0.0, 0.0, 0.0, 0.0, 0.0, 0.0, 0.0, 0.0, 0.0, 0.0, 0.0, 0.0, 0.0, 0.0, 0.0, 0.0]",1,0.0,0.0,0.9982985166689088,"[0.0, np.float64(0.3604175170479478), 0.0, 0.0, 0.0, 0.0, 0.0, 0.0, 0.0, 0.0, 0.0, 0.0, 0.0, 0.0, 0.0, np.float64(0.34242095433052866), 0.0, 0.0, 0.0, np.float64(0.7244536216245778), np.float64(0.36041751704774816), 0.0, np.float64(0.9982985166689088), 0.0, 0.0, 0.0, 0.0, 0.0, 0.0, 0.0, 0.0, 0.0, 0.0, 0.0, 0.0, 0.0]",359,0.0,0.0,0.0,"[0.0, 0.0, 0.0, 0.0, 0.0, 0.0, 0.0, 0.0, 0.0, 0.0, 0.0, 0.0, 0.0, 0.0, 0.0, 0.0, 0.0, 0.0, 0.0, 0.0, 0.0, 0.0, 0.0, 0.0, 0.0, 0.0, 0.0, 0.0, 0.0, 0.0, 0.0, 0.0, 0.0, 0.0, 0.0, 0.0]",7979
BIOMD0000000397,50,29,0,1000,0.0,0.0,1.1102230246251565e-16,"[0.0, 0.0, 0.0, 0.0, 0.0, 0.0, 0.0, np.float64(1.1102230246251565e-16), 0.0, 0.0, 0.0, 0.0, 0.0, 0.0, 0.0, 0.0, 0.0, 0.0, 0.0, 0.0, 0.0, 0.0, 0.0, 0.0, 0.0, 0.0, 0.0, 0.0, 0.0, np.float64(1.1102230246251565e-16), 0.0, 0.0, 0.0, 0.0, 0.0, 0.0, 0.0, 0.0, 0.0, 0.0, 0.0, 0.0, 0.0, 0.0, 0.0, 0.0, 0.0, 0.0, 0.0, 0.0]",14,0.0,0.07950756305701712,0.999999999999462,"[0.0, 0.0, 0.0, 0.0, 0.0, 0.0, 0.0, 0.0, 0.0, np.float64(0.07950756305701712), 0.0, np.float64(0.9999999999988942), np.float64(0.07950756305701712), np.float64(0.07950756305701712), 0.0, np.float64(0.9999999999985332), np.float64(0.07950756305701712), np.float64(0.07950756305701712), np.float64(0.07950756305701712), np.float64(0.07950756305701712), np.float64(0.07950756305701712), 0.0, np.float64(0.07950756305701712), np.float64(0.9999999999993998), 0.0, np.float64(0.9999999999987094), np.float64(0.9999999999986142), 0.0, np.float64(0.999999999998711), np.float64(0.999999999999462), np.float64(0.9999999999991606), 0.0, np.float64(0.07950756305701712), np.float64(0.07950756305701712), 0.0, 0.0, 0.0, np.float64(0.07950756305701712), np.float64(0.07950756305701712), 0.0, np.float64(0.07950756305701712), 0.0, 0.0, np.float64(0.07950756305701712), 0.0, 0.0, 0.0, np.float64(0.07950756305701712), np.float64(0.07950756305701712), np.float64(0.07950756305701712)]",1009,0.0,0.0,0.999999999999987,"[np.float64(0.9999999999999474), 0.0, 0.0, 0.0, 0.0, np.float64(0.999999999999987), 0.0, np.float64(0.9999999999998624), np.float64(0.9999999999998631), 0.0, 0.0, 0.0, 0.0, 0.0, np.float64(0.9999999999999852), np.float64(0.9999999999985333), 0.0, 0.0, 0.0, 0.0, 0.0, 0.0, 0.0, 0.0, np.float64(0.9999999999999647), np.float64(0.9999999999987096), np.float64(0.9999999999986144), 0.0, 0.0, 0.0, 0.0, 0.0, 0.0, 0.0, 0.0, np.float64(0.9999999999999689), 0.0, 0.0, 0.0, 0.0, 0.0, np.float64(0.9999999999999832), 0.0, 0.0, np.float64(0.9999999999999705), np.float64(0.9999999999999704), 0.0, 0.0, 0.0, 0.0]",2655
BIOMD0000000398,27,12,0,1000,0.0,0.0,2.220446049250313e-16,"[0.0, 0.0, 0.0, 0.0, 0.0, 0.0, 0.0, 0.0, np.float64(1.1102230246251565e-16), np.float64(1.1102230246251565e-16), 0.0, 0.0, 0.0, np.float64(2.220446049250313e-16), np.float64(2.220446049250313e-16), 0.0, 0.0, np.float64(1.1102230246251565e-16), np.float64(1.1102230246251565e-16), 0.0, 0.0, 0.0, 0.0, 0.0, 0.0, 0.0, 0.0]",16,0.0,0.0,0.9999999999987329,"[0.0, 0.0, 0.0, 0.0, 0.0, 0.0, 0.0, np.float64(0.9999999999922691), np.float64(0.9999999983978757), np.float64(0.999999998397876), np.float64(0.9999999983978751), 0.0, 0.0, 0.0, 0.0, 0.0, 0.0, np.float64(0.9999999983978757), np.float64(0.999999998397876), np.float64(0.9999999983978751), np.float64(0.9999999996558331), np.float64(0.9999999996558331), np.float64(0.9999999996558331), 0.0, np.float64(0.9999999999987329), 0.0, 0.0]",506,0.0,0.0,0.9085441502520748,"[0.0, 0.0, 0.0, 0.0, 0.0, 0.0, 0.0, 0.0, np.float64(0.9085441498175821), np.float64(0.9085441498728635), np.float64(0.9085441502520748), 0.0, 0.0, 0.0, 0.0, 0.0, 0.0, np.float64(0.9085441498175821), np.float64(0.9085441498728635), np.float64(0.9085441502520748), 0.0, 0.0, 0.0, 0.0, 0.0, 0.0, 0.0]",5545
BIOMD0000000399,93,125,0,1000,0.0,0.0,1.1102230246251565e-16,"[0.0, 0.0, 0.0, 0.0, 0.0, 0.0, 0.0, 0.0, 0.0, 0.0, 0.0, 0.0, 0.0, 0.0, 0.0, 0.0, np.float64(1.1102230246251565e-16), 0.0, 0.0, 0.0, 0.0, 0.0, 0.0, 0.0, 0.0, 0.0, 0.0, 0.0, 0.0, 0.0, 0.0, 0.0, 0.0, 0.0, 0.0, 0.0, 0.0, 0.0, 0.0, 0.0, 0.0, 0.0, 0.0, 0.0, 0.0, 0.0, 0.0, 0.0, 0.0, 0.0, 0.0, 0.0, 0.0, 0.0, 0.0, 0.0, 0.0, 0.0, np.float64(1.1102230246251565e-16), 0.0, 0.0, 0.0, 0.0, 0.0, 0.0, 0.0, 0.0, 0.0, 0.0, 0.0, 0.0, 0.0, 0.0, 0.0, 0.0, 0.0, 0.0, 0.0, 0.0, 0.0, 0.0, 0.0, 0.0, 0.0, 0.0, 0.0, 0.0, 0.0, 0.0, 0.0, 0.0, 0.0, 0.0]",41,0.0,0.0,0.9946097667195684,"[np.float64(0.7127420306734679), 0.0, 0.0, np.float64(0.56622439159673), 0.0, 0.0, 0.0, 0.0, 0.0, 0.0, 0.0, 0.0, np.float64(0.7605871838053064), np.float64(0.4558844532766678), 0.0, 0.0, 0.0, 0.0, 0.0, 0.0, 0.0, 0.0, 0.0, 0.0, np.float64(0.712668622289337), 0.0, 0.0, 0.0, 0.0, np.float64(0.9137856825827696), 0.0, 0.0, 0.0, 0.0, 0.0, 0.0, 0.0, 0.0, np.float64(0.9264425263865333), 0.0, 0.0, 0.0, 0.0, 0.0, 0.0, np.float64(0.9946097667195684), 0.0, np.float64(0.9924348305015469), 0.0, np.float64(0.8149054018401496), 0.0, np.float64(0.5964318522009755), np.float64(0.5909652751267204), np.float64(0.8803224378058203), 0.0, 0.0, np.float64(0.9461920358924945), np.float64(0.7343312932683604), np.float64(0.732089022541742), np.float64(0.9463586084729039), 0.0, 0.0, 0.0, 0.0, 0.0, 0.0, 0.0, 0.0, 0.0, 0.0, 0.0, 0.0, 0.0, 0.0, 0.0, 0.0, 0.0, 0.0, 0.0, np.float64(0.15888771628193588), 0.0, 0.0, 0.0, 0.0, 0.0, 0.0, 0.0, 0.0, 0.0, 0.0, 0.0, 0.0, 0.0]",8148,0.0,0.0,0.6051623114049307,"[0.0, 0.0, 0.0, 0.0, 0.0, 0.0, 0.0, 0.0, 0.0, np.float64(0.003205701062166333), 0.0, 0.0, 0.0, 0.0, np.float64(9.920154038667306e-06), 0.0, 0.0, 0.0, np.float64(0.07382103914307825), np.float64(0.004774682600813263), 0.0, 0.0, 0.0, 0.0, 0.0, np.float64(0.3095157309570301), 0.0, 0.0, 0.0, 0.0, np.float64(0.11932429543607692), 0.0, np.float64(0.17739249328216145), 0.0, np.float64(0.12417475517545429), np.float64(0.05780693183373442), 0.0, 0.0, 0.0, 0.0, np.float64(0.16067132692575548), 0.0, 0.0, 0.0, 0.0, 0.0, 0.0, 0.0, 0.0, 0.0, 0.0, 0.0, 0.0, 0.0, 0.0, 0.0, 0.0, 0.0, 0.0, 0.0, 0.0, np.float64(0.03236306043303683), np.float64(0.15069127978831753), np.float64(0.08152765225723513), np.float64(0.16490273408849832), np.float64(0.06870155468359462), np.float64(0.023649102513322307), 0.0, np.float64(0.009521891368835633), np.float64(0.6051623114049307), np.float64(0.027247674211199224), np.float64(0.03638056479525442), np.float64(0.04129420108369053), 0.0, 0.0, np.float64(0.15229278877181662), 0.0, 0.0, np.float64(0.17542319865987366), 0.0, 0.0, 0.0, 0.0, 0.0, 0.0, 0.0, 0.0, 0.0, 0.0, 0.0, 0.0, 0.0, 0.0]",42601
BIOMD0000000400,13,0,0,1000,0.0,0.0,0.0,"[0.0, 0.0, 0.0, 0.0, 0.0, 0.0, 0.0, 0.0, 0.0, 0.0, 0.0, 0.0, 0.0]",0,0.0,0.0,0.6848466950076184,"[np.float64(0.1759502873359472), 0.0, np.float64(0.6848466950076184), 0.0, 0.0, 0.0, 0.0, 0.0, 0.0, 0.0, 0.0, 0.0, 0.0]",109,0.0,0.0,0.0,"[0.0, 0.0, 0.0, 0.0, 0.0, 0.0, 0.0, 0.0, 0.0, 0.0, 0.0, 0.0, 0.0]",454
BIOMD0000000401,3,0,0,1000,0.0,0.0,0.0,"[0.0, 0.0, 0.0]",0,0.0,0.0,0.0,"[0.0, 0.0, 0.0]",5,0.0,0.0,0.0,"[0.0, 0.0, 0.0]",12
BIOMD0000000402,4,0,0,1000,0.0,0.0,0.0,"[0.0, 0.0, 0.0, 0.0]",0,0.0,0.0,0.0,"[0.0, 0.0, 0.0, 0.0]",3,0.0,0.0,0.0,"[0.0, 0.0, 0.0, 0.0]",6
BIOMD0000000405,6,8,0,1000,0.0,0.0,0.0,"[0.0, 0.0, 0.0, 0.0, 0.0, 0.0]",5,0.0,0.4751604591646698,0.950320918329368,"[0.0, 0.0, np.float64(0.9503209183293396), np.float64(0.9503209183293396), np.float64(0.950320918329368), 0.0]",15,0.0,0.0,0.0,"[0.0, 0.0, 0.0, 0.0, 0.0, 0.0]",24
BIOMD0000000406,24,51,0,1000,0.0,0.0,2.220446049250313e-16,"[0.0, np.float64(2.220446049250313e-16), np.float64(2.220446049250313e-16), 0.0, 0.0, 0.0, np.float64(2.220446049250313e-16), np.float64(2.220446049250313e-16), 0.0, 0.0, 0.0, 0.0, 0.0, 0.0, 0.0, 0.0, np.float64(2.220446049250313e-16), np.float64(2.220446049250313e-16), np.float64(2.220446049250313e-16), 0.0, np.float64(2.220446049250313e-16), np.float64(2.220446049250313e-16), 0.0, 0.0]",9,0.0,0.0,0.9800486043441408,"[0.0, np.float64(0.08729958405869631), 0.0, 0.0, np.float64(0.980036594347643), np.float64(0.9794647223535524), np.float64(0.08729958405869631), 0.0, 0.0, 0.0, 0.0, 0.0, 0.0, 0.0, 0.0, 0.0, np.float64(0.08729958405869631), np.float64(0.08729958405869631), 0.0, np.float64(0.9794764497219353), np.float64(0.08729958405869631), np.float64(0.08729958405869631), np.float64(0.9800486043441408), np.float64(0.9795188783663213)]",279,0.0,0.09742151885050065,0.9432993842053772,"[0.0, np.float64(0.09742151885050065), np.float64(0.09742151885050065), 0.0, np.float64(0.9432746057937322), np.float64(0.9420540215987959), np.float64(0.09742151885050065), np.float64(0.09742151885050065), 0.0, 0.0, 0.0, 0.0, np.float64(0.708386560660023), 0.0, 0.0, 0.0, np.float64(0.09742151885050065), np.float64(0.09742151885050065), np.float64(0.09742151885050065), np.float64(0.9420781741521785), np.float64(0.09742151885050065), np.float64(0.09742151885050065), np.float64(0.9432993842053772), np.float64(0.9422456566297921)]",2629
BIOMD0000000407,47,88,0,1000,0.0,0.0,0.0,"[0.0, 0.0, 0.0, 0.0, 0.0, 0.0, 0.0, 0.0, 0.0, 0.0, 0.0, 0.0, 0.0, 0.0, 0.0, 0.0, 0.0, 0.0, 0.0, 0.0, 0.0, 0.0, 0.0, 0.0, 0.0, 0.0, 0.0, 0.0, 0.0, 0.0, 0.0, 0.0, 0.0, 0.0, 0.0, 0.0, 0.0, 0.0, 0.0, 0.0, 0.0, 0.0, 0.0, 0.0, 0.0, 0.0, 0.0]",0,0.0,0.0,0.0,"[0.0, 0.0, 0.0, 0.0, 0.0, 0.0, 0.0, 0.0, 0.0, 0.0, 0.0, 0.0, 0.0, 0.0, 0.0, 0.0, 0.0, 0.0, 0.0, 0.0, 0.0, 0.0, 0.0, 0.0, 0.0, 0.0, 0.0, 0.0, 0.0, 0.0, 0.0, 0.0, 0.0, 0.0, 0.0, 0.0, 0.0, 0.0, 0.0, 0.0, 0.0, 0.0, 0.0, 0.0, 0.0, 0.0, 0.0]",353,0.0,0.9999999999993919,0.9999999999999926,"[np.float64(0.999999999999783), np.float64(0.9999999999997822), np.float64(0.9999999999995922), 0.0, np.float64(0.9999999998149789), np.float64(0.9999999999980218), np.float64(0.9999999997386946), np.float64(0.9999999999999861), np.float64(0.999999994189637), np.float64(0.9999999996733625), np.float64(0.9999999999993919), np.float64(0.9999999999994637), np.float64(0.9999999999994912), np.float64(0.9999999999999866), np.float64(0.9999999999999891), 0.0, np.float64(0.9999999999999867), 0.0, np.float64(0.9999999999999866), np.float64(0.9999999999999764), 0.0, np.float64(0.999999990655575), np.float64(0.9999999906555751), np.float64(0.9999999999999926), np.float64(0.9999999880941374), np.float64(0.9999999801815572), np.float64(0.9999999972025773), np.float64(0.9999999840563134), np.float64(0.9999999958441055), 0.0, 0.0, np.float64(0.9999999999998531), np.float64(0.999999999999862), np.float64(0.9999999999998925), np.float64(0.9999999999998865), np.float64(0.9999999999996422), np.float64(0.9999999999999921), np.float64(0.9999999999996838), np.float64(0.9999999999995041), 0.0, np.float64(0.9999999999999554), 0.0, 0.0, np.float64(0.9999999999996505), np.float64(0.9999999999995112), np.float64(0.9999999999993047), np.float64(0.9999999999993344)]",604
BIOMD0000000409,13,31,0,1000,0.0,0.0,0.0,"[0.0, 0.0, 0.0, 0.0, 0.0, 0.0, 0.0, 0.0, 0.0, 0.0, 0.0, 0.0, 0.0]",0,0.0,0.02287480652384355,0.9951092935834037,"[np.float64(0.9674908343617624), 0.0, np.float64(0.9878355854659221), np.float64(0.9951092935834037), np.float64(0.02287480652384355), 0.0, 0.0, np.float64(0.11900317442700303), 0.0, 0.0, 0.0, np.float64(0.6145995985300137), np.float64(0.9828767768405565)]",125,0.0,0.9999999961917355,0.9999999999478512,"[np.float64(0.9999999950508071), np.float64(0.9999999961917355), np.float64(0.6997992018446213), np.float64(0.9999999999478512), 0.0, np.float64(0.9997195350793653), np.float64(0.999992270045071), 0.0, np.float64(0.9999999997802029), np.float64(0.9999999974253101), np.float64(0.999999997775632), np.float64(0.9999999992547277), np.float64(0.9999999969877335)]",1258
BIOMD0000000410,53,91,0,1000,0.0,0.0,0.0,"[0.0, 0.0, 0.0, 0.0, 0.0, 0.0, 0.0, 0.0, 0.0, 0.0, 0.0, 0.0, 0.0, 0.0, 0.0, 0.0, 0.0, 0.0, 0.0, 0.0, 0.0, 0.0, 0.0, 0.0, 0.0, 0.0, 0.0, 0.0, 0.0, 0.0, 0.0, 0.0, 0.0, 0.0, 0.0, 0.0, 0.0, 0.0, 0.0, 0.0, 0.0, 0.0, 0.0, 0.0, 0.0, 0.0, 0.0, 0.0, 0.0, 0.0, 0.0, 0.0, 0.0]",0,0.0,0.0,0.9999999999973638,"[0.0, 0.0, 0.0, np.float64(0.16909015466062405), 0.0, 0.0, 0.0, 0.0, 0.0, np.float64(0.16909015466062405), 0.0, 0.0, np.float64(0.16909015466062405), 0.0, 0.0, 0.0, 0.0, np.float64(0.9999999999930279), np.float64(0.16909015466062405), 0.0, 0.0, 0.0, 0.0, np.float64(0.16909015466062405), 0.0, np.float64(0.16909015466062405), np.float64(0.16909015466062405), 0.0, np.float64(0.9999999999973638), np.float64(0.16909015466062405), 0.0, np.float64(0.16909015466062405), np.float64(0.9999999942310953), 0.0, np.float64(0.9999999999631126), 0.0, 0.0, 0.0, np.float64(0.9999999998953801), np.float64(0.16909015466062405), np.float64(0.16909015466062405), 0.0, np.float64(0.16909015466062405), 0.0, 0.0, np.float64(0.968360291783181), np.float64(0.16909015466062405), np.float64(0.16909015466062405), np.float64(0.16909015466062405), 0.0, np.float64(0.16909015466062405), np.float64(0.16909015466062405), 0.0]",1182,0.0,0.0,0.27750319148472935,"[0.0, 0.0, 0.0, np.float64(0.27750319148472935), 0.0, 0.0, 0.0, 0.0, 0.0, np.float64(0.27750319148472935), 0.0, 0.0, np.float64(0.27750319148472935), 0.0, 0.0, 0.0, 0.0, 0.0, np.float64(0.27750319148472935), 0.0, 0.0, 0.0, 0.0, np.float64(0.27750319148472935), 0.0, np.float64(0.27750319148472935), np.float64(0.27750319148472935), 0.0, 0.0, np.float64(0.27750319148472935), 0.0, np.float64(0.27750319148472935), 0.0, 0.0, 0.0, 0.0, 0.0, 0.0, 0.0, np.float64(0.27750319148472935), np.float64(0.27750319148472935), 0.0, np.float64(0.27750319148472935), 0.0, 0.0, 0.0, np.float64(0.27750319148472935), np.float64(0.27750319148472935), np.float64(0.27750316589744095), np.float64(0.27750316589744095), np.float64(0.27750316589744095), np.float64(0.27750316589744095), 0.0]",23489
BIOMD0000000411,7,13,0,1000,0.0,0.0,0.0,"[0.0, 0.0, 0.0, 0.0, 0.0, 0.0, 0.0]",1,0.0,0.0,0.0,"[0.0, 0.0, 0.0, 0.0, 0.0, 0.0, 0.0]",27,0.0,0.0,0.0,"[0.0, 0.0, 0.0, 0.0, 0.0, 0.0, 0.0]",129
BIOMD0000000412,79,56,0,1000,0.0,0.0,2.220446049250313e-16,"[0.0, 0.0, 0.0, 0.0, 0.0, 0.0, 0.0, 0.0, 0.0, 0.0, 0.0, 0.0, 0.0, 0.0, 0.0, 0.0, 0.0, 0.0, 0.0, 0.0, 0.0, 0.0, 0.0, 0.0, 0.0, 0.0, 0.0, 0.0, 0.0, np.float64(1.1102230246251565e-16), 0.0, 0.0, 0.0, 0.0, 0.0, 0.0, 0.0, 0.0, 0.0, 0.0, 0.0, 0.0, 0.0, np.float64(1.1102230246251565e-16), 0.0, 0.0, 0.0, 0.0, 0.0, 0.0, 0.0, 0.0, 0.0, np.float64(2.220446049250313e-16), 0.0, 0.0, 0.0, 0.0, 0.0, 0.0, 0.0, 0.0, np.float64(2.220446049250313e-16), 0.0, 0.0, 0.0, 0.0, 0.0, np.float64(1.1102230246251565e-16), 0.0, 0.0, 0.0, 0.0, 0.0, 0.0, 0.0, 0.0, 0.0, 0.0]",38,0.0,0.0,0.9999999843179993,"[np.float64(0.9992300415276949), np.float64(0.9855262166471301), np.float64(0.9843158626072656), 0.0, 0.0, np.float64(0.9993783708487363), 0.0, 0.0, np.float64(0.8069764397757706), 0.0, np.float64(0.9999294371397626), np.float64(0.9994307214502072), np.float64(0.9999694943163833), 0.0, 0.0, np.float64(0.9993758449920332), 0.0, np.float64(0.9999821974995247), 0.0, np.float64(0.9994307773605434), np.float64(0.9987073356950558), 0.0, np.float64(0.9999959689743937), np.float64(0.9985765591640468), np.float64(0.9994334153945289), 0.0, np.float64(0.9998513905718004), np.float64(0.9995895965355522), 0.0, np.float64(0.9999469613180572), np.float64(0.9999819497350724), 0.0, 0.0, np.float64(0.8745894038998906), np.float64(0.9996840300758764), 0.0, 0.0, np.float64(0.9999980903336768), np.float64(0.9999980903336768), np.float64(0.9999973056034118), 0.0, 0.0, 0.0, np.float64(0.9995578352940797), 0.0, 0.0, 0.0, np.float64(0.999995355784279), 0.0, np.float64(0.12301502445180112), np.float64(0.1230150368702646), np.float64(0.9999710380910599), np.float64(0.99999622961421), 0.0, 0.0, 0.0, 0.0, 0.0, 0.0, 0.0, np.float64(0.9999961879587744), np.float64(0.99999622961421), 0.0, 0.0, 0.0, 0.0, np.float64(0.9997868962711457), np.float64(0.9996084360853437), np.float64(0.9930636637080505), np.float64(0.9999919821054535), np.float64(0.9999999186031998), np.float64(0.9999999186031998), np.float64(0.9999999843179993), 0.0, 0.0, 0.0, 0.0, 0.0, 0.0]",5155,0.0,0.0,0.0,"[0.0, 0.0, 0.0, 0.0, 0.0, 0.0, 0.0, 0.0, 0.0, 0.0, 0.0, 0.0, 0.0, 0.0, 0.0, 0.0, 0.0, 0.0, 0.0, 0.0, 0.0, 0.0, 0.0, 0.0, 0.0, 0.0, 0.0, 0.0, 0.0, 0.0, 0.0, 0.0, 0.0, 0.0, 0.0, 0.0, 0.0, 0.0, 0.0, 0.0, 0.0, 0.0, 0.0, 0.0, 0.0, 0.0, 0.0, 0.0, 0.0, 0.0, 0.0, 0.0, 0.0, 0.0, 0.0, 0.0, 0.0, 0.0, 0.0, 0.0, 0.0, 0.0, 0.0, 0.0, 0.0, 0.0, 0.0, 0.0, 0.0, 0.0, 0.0, 0.0, 0.0, 0.0, 0.0, 0.0, 0.0, 0.0, 0.0]",209935
BIOMD0000000413,5,9,0,1000,0.0,0.0,0.0,"[0.0, 0.0, 0.0, 0.0, 0.0]",2,0.0,0.0,0.9937651972634319,"[np.float64(0.9937651972634319), 0.0, 0.0, 0.0, np.float64(0.255232905575309)]",9,0.0,0.0,0.0,"[0.0, 0.0, 0.0, 0.0, 0.0]",50
BIOMD0000000414,1,3,0,1000,0.0,0.0,0.0,[0.0],0,0.0,0.0,0.0,[0.0],0,0.0,0.0,0.0,[0.0],0
BIOMD0000000415,10,5,0,1000,0.0,0.0,0.0,"[0.0, 0.0, 0.0, 0.0, 0.0, 0.0, 0.0, 0.0, 0.0, 0.0]",0,0.0,0.0,0.0,"[0.0, 0.0, 0.0, 0.0, 0.0, 0.0, 0.0, 0.0, 0.0, 0.0]",0,0.0,0.0,0.0,"[0.0, 0.0, 0.0, 0.0, 0.0, 0.0, 0.0, 0.0, 0.0, 0.0]",0
BIOMD0000000417,1,2,0,1000,2.220446049250313e-16,2.220446049250313e-16,2.220446049250313e-16,[np.float64(2.220446049250313e-16)],1,0.9999999998072766,0.9999999998072766,0.9999999998072766,[np.float64(0.9999999998072766)],2,0.9999999888034977,0.9999999888034977,0.9999999888034977,[np.float64(0.9999999888034977)],2
BIOMD0000000418,1,2,0,1000,0.0,0.0,0.0,[0.0],1,0.0,0.0,0.0,[0.0],1,0.0,0.0,0.0,[0.0],1
BIOMD0000000419,3,6,0,1000,0.0,0.0,0.0,"[0.0, 0.0, 0.0]",3,0.0,0.0,0.0,"[0.0, 0.0, 0.0]",3,0.0,0.0,0.0,"[0.0, 0.0, 0.0]",3
BIOMD0000000420,2,4,0,1000,0.0,0.0,0.0,"[0.0, 0.0]",2,0.0,0.0,0.0,"[0.0, 0.0]",2,0.0,0.0,0.0,"[0.0, 0.0]",2
BIOMD0000000421,2,4,0,1000,0.0,0.0,0.0,"[0.0, 0.0]",2,0.0,0.0,0.0,"[0.0, 0.0]",2,0.0,0.0,0.0,"[0.0, 0.0]",2
BIOMD0000000422,22,43,0,1000,0.0,0.0,0.0,"[0.0, 0.0, 0.0, 0.0, 0.0, 0.0, 0.0, 0.0, 0.0, 0.0, 0.0, 0.0, 0.0, 0.0, 0.0, 0.0, 0.0, 0.0, 0.0, 0.0, 0.0, 0.0]",0,0.0,0.0,0.9986745272766697,"[np.float64(0.8706394816397203), np.float64(0.9986745272766697), 0.0, 0.0, 0.0, 0.0, 0.0, 0.0, 0.0, 0.0, 0.0, 0.0, 0.0, 0.0, np.float64(0.9423579094551092), 0.0, 0.0, 0.0, 0.0, 0.0, 0.0, 0.0]",324,0.0,0.0,0.0,"[0.0, 0.0, 0.0, 0.0, 0.0, 0.0, 0.0, 0.0, 0.0, 0.0, 0.0, 0.0, 0.0, 0.0, 0.0, 0.0, 0.0, 0.0, 0.0, 0.0, 0.0, 0.0]",5625
BIOMD0000000423,9,11,0,1000,0.0,0.0,2.220446049250313e-16,"[0.0, np.float64(2.220446049250313e-16), 0.0, 0.0, 0.0, 0.0, 0.0, 0.0, 0.0]",2,0.0,0.99356569327699,0.9979900233616432,"[np.float64(0.9979900233616432), np.float64(0.9970522285499323), np.float64(0.99356569327699), np.float64(0.9574003976692274), 0.0, np.float64(0.9953333809047635), np.float64(0.995333380904763), 0.0, 0.0]",52,0.0,0.0,0.4568970886344621,"[np.float64(0.4568970886344621), np.float64(0.3831597427822915), np.float64(0.3638726530764198), np.float64(0.40398489078399724), 0.0, 0.0, 0.0, 0.0, 0.0]",321
BIOMD0000000424,55,58,0,1000,0.0,0.0,2.220446049250313e-16,"[0.0, 0.0, 0.0, 0.0, np.float64(2.220446049250313e-16), 0.0, 0.0, 0.0, 0.0, 0.0, 0.0, 0.0, 0.0, 0.0, 0.0, 0.0, 0.0, 0.0, 0.0, 0.0, 0.0, 0.0, 0.0, 0.0, 0.0, 0.0, 0.0, np.float64(2.220446049250313e-16), 0.0, 0.0, 0.0, 0.0, 0.0, 0.0, 0.0, 0.0, 0.0, 0.0, 0.0, 0.0, 0.0, np.float64(2.220446049250313e-16), 0.0, 0.0, 0.0, 0.0, 0.0, 0.0, 0.0, 0.0, 0.0, 0.0, 0.0, 0.0, 0.0]",13,0.0,0.0,0.999999999983357,"[np.float64(0.9999999999833563), np.float64(0.26120910066854053), np.float64(0.9999999354503454), np.float64(0.999999960556288), np.float64(0.9999999617290262), 0.0, 0.0, 0.0, 0.0, 0.0, 0.0, np.float64(0.26120910066854053), np.float64(0.26120910066854053), 0.0, 0.0, np.float64(0.26120910066854053), 0.0, np.float64(0.26120910066854053), np.float64(0.26120910066854053), 0.0, np.float64(0.26120910066854053), np.float64(0.26120910066854053), np.float64(0.26120910066854053), np.float64(0.26120910066854053), np.float64(0.26120910066854053), np.float64(0.26120910066854053), np.float64(0.9999984475078674), 0.0, 0.0, np.float64(0.26120910066854053), 0.0, 0.0, 0.0, 0.0, np.float64(0.26120910066854053), 0.0, 0.0, 0.0, 0.0, np.float64(0.26120910066854053), 0.0, 0.0, 0.0, 0.0, np.float64(0.26120910066854053), 0.0, 0.0, np.float64(0.26120910066854053), 0.0, np.float64(0.26120910066854053), np.float64(0.26120910066854053), np.float64(0.26120910066854053), 0.0, 0.0, np.float64(0.999999999983357)]",1413,0.0,0.0,0.999999999999819,"[np.float64(0.999999999999819), 0.0, 0.0, np.float64(0.9999999725397962), np.float64(0.9999999733274534), 0.0, np.float64(0.8903441202399403), np.float64(0.8673081423768667), np.float64(0.9698424343246477), np.float64(0.9763712017504473), np.float64(0.9766292769537799), 0.0, 0.0, 0.0, 0.0, 0.0, np.float64(0.9999999999832647), 0.0, 0.0, 0.0, 0.0, 0.0, 0.0, 0.0, 0.0, 0.0, 0.0, 0.0, 0.0, 0.0, 0.0, 0.0, 0.0, 0.0, 0.0, 0.0, 0.0, np.float64(0.9999999999992175), 0.0, 0.0, 0.0, 0.0, np.float64(0.9999999991344818), 0.0, 0.0, 0.0, 0.0, 0.0, 0.0, 0.0, 0.0, 0.0, 0.0, 0.0, np.float64(0.999999999999819)]",1113
BIOMD0000000425,1,4,0,1000,0.0,0.0,0.0,[0.0],0,0.9867889522029478,0.9867889522029478,0.9867889522029478,[np.float64(0.9867889522029478)],2,0.35104312120217196,0.35104312120217196,0.35104312120217196,[np.float64(0.35104312120217196)],2
BIOMD0000000426,21,29,0,1000,0.0,0.0,2.220446049250313e-16,"[0.0, 0.0, np.float64(2.220446049250313e-16), 0.0, 0.0, 0.0, 0.0, 0.0, 0.0, 0.0, 0.0, 0.0, 0.0, 0.0, 0.0, 0.0, 0.0, 0.0, 0.0, 0.0, 0.0]",2,0.0,0.0,0.9453696520277657,"[np.float64(0.9453696520277657), 0.0, 0.0, 0.0, 0.0, 0.0, 0.0, 0.0, 0.0, 0.0, 0.0, 0.0, 0.0, 0.0, 0.0, np.float64(0.8945336925909755), 0.0, 0.0, 0.0, 0.0, 0.0]",435,0.0,0.0,0.9957979674289401,"[0.0, np.float64(0.9836604745814503), np.float64(0.9389026006873642), np.float64(0.3740150362305642), np.float64(0.9957979674289401), np.float64(0.9915192649159605), 0.0, 0.0, 0.0, 0.0, 0.0, 0.0, np.float64(0.9473965018291567), np.float64(0.9895497519472664), 0.0, 0.0, 0.0, np.float64(0.9519467670894634), 0.0, 0.0, np.float64(0.9159552822799492)]",4480
BIOMD0000000427,21,22,0,1000,0.0,0.0,1.1102230246251565e-16,"[np.float64(1.1102230246251565e-16), 0.0, 0.0, 0.0, 0.0, 0.0, 0.0, 0.0, 0.0, 0.0, np.float64(1.1102230246251565e-16), 0.0, 0.0, 0.0, 0.0, 0.0, 0.0, 0.0, 0.0, 0.0, 0.0]",18,0.0,0.0,0.0,"[0.0, 0.0, 0.0, 0.0, 0.0, 0.0, 0.0, 0.0, 0.0, 0.0, 0.0, 0.0, 0.0, 0.0, 0.0, 0.0, 0.0, 0.0, 0.0, 0.0, 0.0]",274,0.0,0.0,0.0,"[0.0, 0.0, 0.0, 0.0, 0.0, 0.0, 0.0, 0.0, 0.0, 0.0, 0.0, 0.0, 0.0, 0.0, 0.0, 0.0, 0.0, 0.0, 0.0, 0.0, 0.0]",940
BIOMD0000000428,26,23,0,1000,0.0,0.0,3.3306690738754696e-16,"[0.0, 0.0, 0.0, 0.0, 0.0, 0.0, np.float64(3.3306690738754696e-16), 0.0, 0.0, 0.0, 0.0, 0.0, 0.0, 0.0, 0.0, 0.0, 0.0, 0.0, 0.0, 0.0, 0.0, 0.0, 0.0, 0.0, 0.0, 0.0]",7,0.0,0.8365783352403917,0.9976881847234385,"[np.float64(0.9908183627468344), np.float64(0.9438968505461892), np.float64(0.9975000505819684), np.float64(0.9976881847234385), np.float64(0.7486185419965695), np.float64(0.7486185451942723), np.float64(0.8608422755942624), np.float64(0.7980774100074859), np.float64(0.5257311504946488), np.float64(0.8488273290409447), np.float64(0.9958898156409901), np.float64(0.9952166704290325), np.float64(0.8363064597440062), np.float64(0.8899519139749), np.float64(0.9717284892048268), np.float64(0.8368502107367772), np.float64(0.9966010135407354), np.float64(0.7991977886549589), np.float64(0.9971837996049498), np.float64(0.4207636145271436), np.float64(0.6471475144006433), np.float64(0.7332724527603516), np.float64(0.7953325798614689), 0.0, 0.0, np.float64(0.7980774097350579)]",677,0.0,0.0,0.0,"[0.0, 0.0, 0.0, 0.0, 0.0, 0.0, 0.0, 0.0, 0.0, 0.0, 0.0, 0.0, 0.0, 0.0, 0.0, 0.0, 0.0, 0.0, 0.0, 0.0, 0.0, 0.0, 0.0, 0.0, 0.0, 0.0]",8526
BIOMD0000000430,27,28,0,1000,0.0,0.0,2.220446049250313e-16,"[0.0, 0.0, 0.0, 0.0, 0.0, 0.0, 0.0, 0.0, 0.0, 0.0, 0.0, 0.0, 0.0, 0.0, 0.0, 0.0, 0.0, np.float64(2.220446049250313e-16), 0.0, 0.0, 0.0, 0.0, 0.0, 0.0, 0.0, 0.0, 0.0]",8,0.0,0.15276899833064694,0.9999999999998608,"[0.0, np.float64(0.15276899833064694), np.float64(0.15276899833064694), np.float64(0.15276899833064694), np.float64(0.15276899833064694), np.float64(0.15276899833064694), 0.0, np.float64(0.999999999896393), 0.0, 0.0, np.float64(0.15276899833064694), np.float64(0.15276899833064694), np.float64(0.9999999239800006), np.float64(0.999999999799673), 0.0, np.float64(0.9999999999998246), np.float64(0.9999999999998608), np.float64(0.9999999999998608), 0.0, 0.0, np.float64(0.15276899833064694), np.float64(0.15276899833064694), 0.0, np.float64(0.15276899833064694), np.float64(0.9999999349804786), 0.0, 0.0]",236,0.0,0.1520352166318043,0.9999999999941517,"[np.float64(0.1520352166318043), np.float64(0.1520352166318043), np.float64(0.1520352166318043), np.float64(0.1520352166318043), np.float64(0.1520352166318043), np.float64(0.1520352166318043), np.float64(0.9999999999941517), 0.0, np.float64(0.9999999999941412), 0.0, np.float64(0.1520352166318043), np.float64(0.1520352166318043), 0.0, 0.0, np.float64(0.1520352166318043), 0.0, 0.0, 0.0, 0.0, 0.0, np.float64(0.1520352166318043), np.float64(0.1520352166318043), np.float64(0.1520352166318043), np.float64(0.1520352166318043), 0.0, np.float64(0.1520352166318043), np.float64(0.1520352166318043)]",76
BIOMD0000000431,27,28,0,1000,0.0,0.0,3.3306690738754696e-16,"[0.0, 0.0, 0.0, 0.0, 0.0, 0.0, np.float64(3.3306690738754696e-16), 0.0, 0.0, 0.0, 0.0, 0.0, np.float64(1.1102230246251565e-16), 0.0, 0.0, 0.0, 0.0, 0.0, 0.0, 0.0, 0.0, 0.0, 0.0, 0.0, 0.0, 0.0, 0.0]",7,0.0,0.0,0.9665069928800769,"[np.float64(0.9665069928800769), 0.0, 0.0, 0.0, 0.0, 0.0, np.float64(0.9538053806370707), 0.0, 0.0, 0.0, 0.0, 0.0, np.float64(0.9211961779417053), 0.0, np.float64(0.9204897084504813), 0.0, 0.0, 0.0, 0.0, np.float64(0.9211170170419095), 0.0, 0.0, np.float64(0.9246381116119994), 0.0, 0.0, np.float64(0.9225929953296038), 0.0]",438,0.0,0.0,0.0,"[0.0, 0.0, 0.0, 0.0, 0.0, 0.0, 0.0, 0.0, 0.0, 0.0, 0.0, 0.0, 0.0, 0.0, 0.0, 0.0, 0.0, 0.0, 0.0, 0.0, 0.0, 0.0, 0.0, 0.0, 0.0, 0.0, 0.0]",7044
BIOMD0000000432,11,10,0,1000,0.0,0.0,0.0,"[0.0, 0.0, 0.0, 0.0, 0.0, 0.0, 0.0, 0.0, 0.0, 0.0, 0.0]",6,0.0,0.0,0.0,"[0.0, 0.0, 0.0, 0.0, 0.0, 0.0, 0.0, 0.0, 0.0, 0.0, 0.0]",27,0.0,0.0,0.0,"[0.0, 0.0, 0.0, 0.0, 0.0, 0.0, 0.0, 0.0, 0.0, 0.0, 0.0]",276
BIOMD0000000433,11,10,0,1000,0.0,0.0,0.0,"[0.0, 0.0, 0.0, 0.0, 0.0, 0.0, 0.0, 0.0, 0.0, 0.0, 0.0]",5,0.0,0.0,0.5953989859955284,"[0.0, 0.0, 0.0, 0.0, 0.0, 0.0, 0.0, np.float64(0.5953989859955284), np.float64(0.047634528206808247), np.float64(0.047634528206808247), np.float64(0.047634528206808247)]",12,0.0,0.0,0.0685909075403135,"[0.0, 0.0, 0.0, 0.0, 0.0, 0.0, 0.0, 0.0, np.float64(0.0685909075403135), np.float64(0.0685909075403135), np.float64(0.0685909075403135)]",56
BIOMD0000000434,26,35,0,1000,0.0,0.0,0.0,"[0.0, 0.0, 0.0, 0.0, 0.0, 0.0, 0.0, 0.0, 0.0, 0.0, 0.0, 0.0, 0.0, 0.0, 0.0, 0.0, 0.0, 0.0, 0.0, 0.0, 0.0, 0.0, 0.0, 0.0, 0.0, 0.0]",14,0.0,0.0,0.9999999726749244,"[np.float64(0.9999658259478788), np.float64(0.9868003101189999), np.float64(0.9905543039088095), 0.0, np.float64(0.9995708885737409), np.float64(0.9999999726749244), np.float64(0.7689718593313833), np.float64(0.9158037696103489), np.float64(0.9982677623397537), 0.0, 0.0, np.float64(0.5734322261600597), 0.0, 0.0, np.float64(0.6898492897750165), 0.0, np.float64(0.9796180754277121), 0.0, 0.0, 0.0, np.float64(0.9720582814764336), 0.0, 0.0, 0.0, 0.0, 0.0]",457,0.0,0.0,0.0,"[0.0, 0.0, 0.0, 0.0, 0.0, 0.0, 0.0, 0.0, 0.0, 0.0, 0.0, 0.0, 0.0, 0.0, 0.0, 0.0, 0.0, 0.0, 0.0, 0.0, 0.0, 0.0, 0.0, 0.0, 0.0, 0.0]",3853
BIOMD0000000435,4,8,0,1000,0.0,0.0,0.0,"[0.0, 0.0, 0.0, 0.0]",4,0.9999955087532847,0.9999955087532847,0.9999955087532847,"[np.float64(0.9999955087532847), np.float64(0.9999955087532847), np.float64(0.9999955087532847), np.float64(0.9999955087532847)]",20,0.9999959223940565,0.9999959223940565,0.9999959223940565,"[np.float64(0.9999959223940565), np.float64(0.9999959223940565), np.float64(0.9999959223940565), np.float64(0.9999959223940565)]",60
BIOMD0000000436,12,22,0,1000,0.0,0.0,2.220446049250313e-16,"[0.0, np.float64(1.1102230246251565e-16), 0.0, 0.0, 0.0, np.float64(2.220446049250313e-16), 0.0, 0.0, 0.0, 0.0, 0.0, 0.0]",8,0.0,0.4440811053481204,0.9998216959905326,"[0.0, np.float64(0.9998216959905326), np.float64(0.9897318927585301), np.float64(0.6804391350243308), np.float64(0.9997038423757084), 0.0, np.float64(0.9944903762754014), np.float64(0.9993718216644082), 0.0, np.float64(0.20772307567190995), 0.0, 0.0]",93,0.0,0.0,0.0,"[0.0, 0.0, 0.0, 0.0, 0.0, 0.0, 0.0, 0.0, 0.0, 0.0, 0.0, 0.0]",939
BIOMD0000000438,10,7,0,1000,0.0,0.0,0.0,"[0.0, 0.0, 0.0, 0.0, 0.0, 0.0, 0.0, 0.0, 0.0, 0.0]",0,0.0,0.0,0.0,"[0.0, 0.0, 0.0, 0.0, 0.0, 0.0, 0.0, 0.0, 0.0, 0.0]",71,0.0,0.0,0.0,"[0.0, 0.0, 0.0, 0.0, 0.0, 0.0, 0.0, 0.0, 0.0, 0.0]",351
BIOMD0000000439,20,21,0,1000,0.0,0.0,0.0,"[0.0, 0.0, 0.0, 0.0, 0.0, 0.0, 0.0, 0.0, 0.0, 0.0, 0.0, 0.0, 0.0, 0.0, 0.0, 0.0, 0.0, 0.0, 0.0, 0.0]",4,0.0,0.0,0.9753466547896695,"[np.float64(0.97534481284025), 0.0, 0.0, np.float64(0.19188873870296363), np.float64(0.9753466547896695), 0.0, 0.0, np.float64(0.7592759842370302), np.float64(0.6601239413871055), np.float64(0.5442621855110311), 0.0, 0.0, 0.0, 0.0, 0.0, np.float64(0.7570776790518168), np.float64(0.6548316295122244), 0.0, 0.0, 0.0]",353,0.0,0.0,0.0,"[0.0, 0.0, 0.0, 0.0, 0.0, 0.0, 0.0, 0.0, 0.0, 0.0, 0.0, 0.0, 0.0, 0.0, 0.0, 0.0, 0.0, 0.0, 0.0, 0.0]",2707
BIOMD0000000440,11,10,0,1000,0.0,0.0,0.0,"[0.0, 0.0, 0.0, 0.0, 0.0, 0.0, 0.0, 0.0, 0.0, 0.0, 0.0]",0,0.0,0.5134839479960283,0.9494348030418359,"[np.float64(0.9494348030418359), np.float64(0.9494348019839991), np.float64(0.609810946060438), np.float64(0.6354863653890952), np.float64(0.3900759233170201), np.float64(0.5893302281279602), np.float64(0.17048457647629778), np.float64(0.5134839479960283), 0.0, 0.0, 0.0]",96,0.0,0.5942667316640919,0.946399628181865,"[np.float64(0.946399628181865), np.float64(0.9463996085338093), np.float64(0.8785546138260716), np.float64(0.2326255741326384), np.float64(0.5942667316640919), np.float64(0.6354728861625271), 0.0, np.float64(0.7248905058381898), 0.0, 0.0, 0.0]",624
BIOMD0000000441,11,10,0,1000,0.0,0.0,2.220446049250313e-16,"[0.0, 0.0, 0.0, 0.0, 0.0, np.float64(2.220446049250313e-16), 0.0, 0.0, 0.0, 0.0, 0.0]",8,0.0,0.0,0.0,"[0.0, 0.0, 0.0, 0.0, 0.0, 0.0, 0.0, 0.0, 0.0, 0.0, 0.0]",28,0.0,0.0,0.0,"[0.0, 0.0, 0.0, 0.0, 0.0, 0.0, 0.0, 0.0, 0.0, 0.0, 0.0]",173
BIOMD0000000442,13,12,0,1000,0.0,0.0,0.0,"[0.0, 0.0, 0.0, 0.0, 0.0, 0.0, 0.0, 0.0, 0.0, 0.0, 0.0, 0.0, 0.0]",10,0.0,0.0,0.0,"[0.0, 0.0, 0.0, 0.0, 0.0, 0.0, 0.0, 0.0, 0.0, 0.0, 0.0, 0.0, 0.0]",32,0.0,0.0,0.027849928816259695,"[0.0, 0.0, 0.0, 0.0, 0.0, 0.0, np.float64(0.027849928816259695), 0.0, 0.0, 0.0, 0.0, 0.0, 0.0]",315
BIOMD0000000443,19,22,0,1000,0.0,0.0,2.220446049250313e-16,"[0.0, 0.0, 0.0, 0.0, 0.0, 0.0, 0.0, 0.0, 0.0, 0.0, 0.0, 0.0, 0.0, 0.0, 0.0, 0.0, 0.0, 0.0, np.float64(2.220446049250313e-16)]",11,0.0,0.9927875002826161,0.9999999541983577,"[np.float64(0.9982921174693121), np.float64(0.998292105864939), np.float64(0.9996765859213398), np.float64(0.9956231412643795), np.float64(0.9999544489652564), np.float64(0.5510417525828177), np.float64(0.9938472101355549), 0.0, 0.0, 0.0, 0.0, np.float64(0.9998547076241038), np.float64(0.9999999541983577), 0.0, 0.0, 0.0, np.float64(0.5564895695224004), np.float64(0.9927875002826161), np.float64(0.9959377809563783)]",295,0.0,0.0,0.0,"[0.0, 0.0, 0.0, 0.0, 0.0, 0.0, 0.0, 0.0, 0.0, 0.0, 0.0, 0.0, 0.0, 0.0, 0.0, 0.0, 0.0, 0.0, 0.0]",1977
BIOMD0000000444,18,22,0,1000,0.0,0.0,2.220446049250313e-16,"[0.0, 0.0, np.float64(2.220446049250313e-16), 0.0, 0.0, 0.0, 0.0, 0.0, 0.0, 0.0, 0.0, 0.0, 0.0, 0.0, 0.0, np.float64(2.220446049250313e-16), 0.0, 0.0]",13,0.0,0.5475440089022805,0.9999999131093319,"[np.float64(0.7397769047620902), np.float64(0.7397769041539972), np.float64(0.9778375921416803), np.float64(0.9861635284636826), 0.0, np.float64(0.5444997037136258), 0.0, np.float64(0.9998320888867819), 0.0, 0.0, 0.0, np.float64(0.9998263579917134), np.float64(0.9999999131093319), 0.0, 0.0, 0.0, np.float64(0.5505883140909353), np.float64(0.9856383905608997)]",278,0.0,0.0,0.0,"[0.0, 0.0, 0.0, 0.0, 0.0, 0.0, 0.0, 0.0, 0.0, 0.0, 0.0, 0.0, 0.0, 0.0, 0.0, 0.0, 0.0, 0.0]",1810
BIOMD0000000445,32,64,0,1000,0.0,0.0,0.0,"[0.0, 0.0, 0.0, 0.0, 0.0, 0.0, 0.0, 0.0, 0.0, 0.0, 0.0, 0.0, 0.0, 0.0, 0.0, 0.0, 0.0, 0.0, 0.0, 0.0, 0.0, 0.0, 0.0, 0.0, 0.0, 0.0, 0.0, 0.0, 0.0, 0.0, 0.0, 0.0]",0,0.0,0.0,0.7928562159627363,"[0.0, 0.0, 0.0, np.float64(0.7541427693051577), np.float64(0.7928562159627363), np.float64(0.19140078499001378), 0.0, 0.0, 0.0, 0.0, 0.0, 0.0, 0.0, 0.0, 0.0, 0.0, 0.0, 0.0, 0.0, 0.0, 0.0, 0.0, 0.0, 0.0, 0.0, 0.0, 0.0, 0.0, 0.0, 0.0, 0.0, 0.0]",776,0.0,0.0,0.0,"[0.0, 0.0, 0.0, 0.0, 0.0, 0.0, 0.0, 0.0, 0.0, 0.0, 0.0, 0.0, 0.0, 0.0, 0.0, 0.0, 0.0, 0.0, 0.0, 0.0, 0.0, 0.0, 0.0, 0.0, 0.0, 0.0, 0.0, 0.0, 0.0, 0.0, 0.0, 0.0]",17950
BIOMD0000000446,27,62,0,1000,0.0,0.0,0.0,"[0.0, 0.0, 0.0, 0.0, 0.0, 0.0, 0.0, 0.0, 0.0, 0.0, 0.0, 0.0, 0.0, 0.0, 0.0, 0.0, 0.0, 0.0, 0.0, 0.0, 0.0, 0.0, 0.0, 0.0, 0.0, 0.0, 0.0]",10,0.0,0.0,0.999999998137578,"[0.0, 0.0, np.float64(0.9389653890749342), 0.0, np.float64(0.9389653890749342), 0.0, 0.0, 0.0, 0.0, 0.0, 0.0, 0.0, 0.0, np.float64(0.999999998137578), np.float64(0.9999961053931897), 0.0, 0.0, 0.0, 0.0, 0.0, 0.0, 0.0, 0.0, 0.0, 0.0, 0.0, 0.0]",463,0.0,0.0,0.454478237404644,"[0.0, 0.0, 0.0, 0.0, 0.0, 0.0, 0.0, 0.0, 0.0, 0.0, 0.0, np.float64(0.454478237404644), 0.0, 0.0, 0.0, 0.0, 0.0, 0.0, 0.0, 0.0, 0.0, 0.0, 0.0, 0.0, 0.0, 0.0, 0.0]",6127
BIOMD0000000447,13,32,0,1000,0.0,0.0,0.0,"[0.0, 0.0, 0.0, 0.0, 0.0, 0.0, 0.0, 0.0, 0.0, 0.0, 0.0, 0.0, 0.0]",0,0.0,0.0,0.9990496476344173,"[np.float64(0.9990496476344173), 0.0, 0.0, 0.0, 0.0, 0.0, 0.0, np.float64(0.6190671921850042), 0.0, np.float64(0.29913327593210903), 0.0, 0.0, 0.0]",155,0.0,0.0,0.9999996166571242,"[np.float64(0.9999995966337628), np.float64(0.9872706281595172), 0.0, 0.0, 0.0, np.float64(0.9999719892605412), np.float64(0.9999815008866546), np.float64(0.9999996166571242), 0.0, 0.0, 0.0, 0.0, 0.0]",1316
BIOMD0000000448,27,34,0,1000,0.0,0.0,1.1102230246251565e-16,"[0.0, 0.0, 0.0, 0.0, 0.0, 0.0, 0.0, 0.0, 0.0, 0.0, 0.0, 0.0, 0.0, 0.0, 0.0, 0.0, 0.0, 0.0, 0.0, 0.0, 0.0, 0.0, 0.0, 0.0, 0.0, np.float64(1.1102230246251565e-16), np.float64(1.1102230246251565e-16)]",15,0.0,0.0,0.9944886686796885,"[np.float64(0.9532363681916456), 0.0, np.float64(0.9527903463556301), 0.0, 0.0, 0.0, 0.0, 0.0, 0.0, 0.0, 0.0, np.float64(0.9887148517778955), np.float64(0.9509798582010527), np.float64(0.968137977635192), np.float64(0.9944886686796885), np.float64(0.9582524337892742), np.float64(0.958252433788809), 0.0, 0.0, np.float64(0.9614707874534649), np.float64(0.9614707874561139), np.float64(0.9581738458650356), np.float64(0.9581738458674302), 0.0, 0.0, 0.0, 0.0]",532,0.0,0.0,0.0,"[0.0, 0.0, 0.0, 0.0, 0.0, 0.0, 0.0, 0.0, 0.0, 0.0, 0.0, 0.0, 0.0, 0.0, 0.0, 0.0, 0.0, 0.0, 0.0, 0.0, 0.0, 0.0, 0.0, 0.0, 0.0, 0.0, 0.0]",2377
BIOMD0000000449,27,34,0,1000,0.0,0.0,1.1102230246251565e-16,"[0.0, 0.0, 0.0, 0.0, 0.0, 0.0, 0.0, 0.0, 0.0, 0.0, 0.0, 0.0, 0.0, 0.0, 0.0, 0.0, 0.0, 0.0, 0.0, 0.0, np.float64(1.1102230246251565e-16), 0.0, 0.0, 0.0, 0.0, 0.0, 0.0]",20,0.0,0.08081874316192583,0.9999999127587824,"[np.float64(0.9983755954562774), 0.0, np.float64(0.9998800213920269), 0.0, 0.0, np.float64(0.49111177739654754), 0.0, 0.0, np.float64(0.08081874316192583), 0.0, 0.0, np.float64(0.9999997913580698), np.float64(0.9999998997747688), np.float64(0.9999999127587824), np.float64(0.999999825546704), np.float64(0.9999994235873287), np.float64(0.9999994235873898), 0.0, 0.0, np.float64(0.9999995552260996), np.float64(0.9999995552260613), np.float64(0.999999886143581), np.float64(0.9999998861435627), 0.0, 0.0, 0.0, 0.0]",514,0.0,0.0,0.12043935980595788,"[0.0, 0.0, np.float64(0.12043935980595788), 0.0, 0.0, 0.0, 0.0, 0.0, 0.0, 0.0, 0.0, 0.0, 0.0, 0.0, 0.0, 0.0, 0.0, 0.0, 0.0, 0.0, 0.0, 0.0, 0.0, 0.0, 0.0, 0.0, 0.0]",3523
BIOMD0000000454,3,4,0,1000,2.220446049250313e-16,2.220446049250313e-16,2.220446049250313e-16,"[np.float64(2.220446049250313e-16), np.float64(2.220446049250313e-16), np.float64(2.220446049250313e-16)]",0,0.0,0.0,0.0,"[0.0, 0.0, 0.0]",0,0.0,0.0,0.0,"[0.0, 0.0, 0.0]",0
BIOMD0000000455,3,5,0,1000,0.0,0.0,0.0,"[0.0, 0.0, 0.0]",0,0.0,0.0,0.0,"[0.0, 0.0, 0.0]",0,0.0,0.0,0.0,"[0.0, 0.0, 0.0]",0
BIOMD0000000456,4,6,0,1000,0.0,0.0,0.0,"[0.0, 0.0, 0.0, 0.0]",0,0.0,0.0,0.0,"[0.0, 0.0, 0.0, 0.0]",0,0.0,0.0,0.0,"[0.0, 0.0, 0.0, 0.0]",0
BIOMD0000000458,2,3,0,1000,0.0,0.0,0.0,"[0.0, 0.0]",0,0.0,0.0,0.0,"[0.0, 0.0]",0,0.0,0.3011620311870062,0.6023240623740124,"[np.float64(0.6023240623740124), 0.0]",2
BIOMD0000000459,3,3,0,1000,0.0,0.0,0.0,"[0.0, 0.0, 0.0]",1,0.0,0.0,0.0,"[0.0, 0.0, 0.0]",4,0.0,0.0,0.0,"[0.0, 0.0, 0.0]",3
BIOMD0000000460,3,3,0,1000,0.0,0.0,0.0,"[0.0, 0.0, 0.0]",2,0.0,0.0,0.0,"[0.0, 0.0, 0.0]",3,0.0,0.0,0.0,"[0.0, 0.0, 0.0]",4
BIOMD0000000461,3,3,0,1000,0.0,0.0,0.0,"[0.0, 0.0, 0.0]",2,0.0,0.0,0.0,"[0.0, 0.0, 0.0]",6,0.0,0.0,0.0,"[0.0, 0.0, 0.0]",11
BIOMD0000000462,4,8,0,1000,0.0,0.0,0.0,"[0.0, 0.0, 0.0, 0.0]",0,0.0,0.0,0.004246898877739991,"[0.0, 0.0, 0.0, np.float64(0.004246898877739991)]",7,0.0,0.5099031938640557,0.999999999931762,"[np.float64(0.999999999931762), np.float64(0.9999803550571443), 0.0, np.float64(0.019826032670966942)]",9
BIOMD0000000464,14,10,0,1000,0.0,0.0,1.1102230246251565e-16,"[0.0, 0.0, 0.0, 0.0, 0.0, 0.0, 0.0, 0.0, 0.0, np.float64(1.1102230246251565e-16), 0.0, 0.0, 0.0, 0.0]",8,0.0,0.0,0.9999999984104445,"[0.0, np.float64(0.9530330855042821), np.float64(0.9459937835742377), np.float64(0.9460226157594543), 0.0, 0.0, 0.0, np.float64(0.9999999984104445), np.float64(0.9527449322532099), np.float64(0.9529294336895823), 0.0, 0.0, 0.0, 0.0]",94,0.0,0.0,0.1491352747650403,"[np.float64(0.1491352747650403), 0.0, 0.0, 0.0, np.float64(0.1491352747650403), 0.0, 0.0, 0.0, 0.0, 0.0, 0.0, 0.0, 0.0, np.float64(0.1491352747650403)]",237
BIOMD0000000465,16,12,0,1000,0.0,0.0,2.220446049250313e-16,"[0.0, 0.0, 0.0, 0.0, 0.0, 0.0, 0.0, 0.0, 0.0, 0.0, 0.0, np.float64(2.220446049250313e-16), 0.0, 0.0, 0.0, 0.0]",8,0.0,0.0,0.0,"[0.0, 0.0, 0.0, 0.0, 0.0, 0.0, 0.0, 0.0, 0.0, 0.0, 0.0, 0.0, 0.0, 0.0, 0.0, 0.0]",51,0.0,0.0,0.0,"[0.0, 0.0, 0.0, 0.0, 0.0, 0.0, 0.0, 0.0, 0.0, 0.0, 0.0, 0.0, 0.0, 0.0, 0.0, 0.0]",565
BIOMD0000000466,34,28,0,1000,0.0,0.0,0.0,"[0.0, 0.0, 0.0, 0.0, 0.0, 0.0, 0.0, 0.0, 0.0, 0.0, 0.0, 0.0, 0.0, 0.0, 0.0, 0.0, 0.0, 0.0, 0.0, 0.0, 0.0, 0.0, 0.0, 0.0, 0.0, 0.0, 0.0, 0.0, 0.0, 0.0, 0.0, 0.0, 0.0, 0.0]",3,0.0,0.0,0.0,"[0.0, 0.0, 0.0, 0.0, 0.0, 0.0, 0.0, 0.0, 0.0, 0.0, 0.0, 0.0, 0.0, 0.0, 0.0, 0.0, 0.0, 0.0, 0.0, 0.0, 0.0, 0.0, 0.0, 0.0, 0.0, 0.0, 0.0, 0.0, 0.0, 0.0, 0.0, 0.0, 0.0, 0.0]",363,0.0,0.0,0.0,"[0.0, 0.0, 0.0, 0.0, 0.0, 0.0, 0.0, 0.0, 0.0, 0.0, 0.0, 0.0, 0.0, 0.0, 0.0, 0.0, 0.0, 0.0, 0.0, 0.0, 0.0, 0.0, 0.0, 0.0, 0.0, 0.0, 0.0, 0.0, 0.0, 0.0, 0.0, 0.0, 0.0, 0.0]",2351
BIOMD0000000467,19,24,0,1000,0.0,0.0,0.0,"[0.0, 0.0, 0.0, 0.0, 0.0, 0.0, 0.0, 0.0, 0.0, 0.0, 0.0, 0.0, 0.0, 0.0, 0.0, 0.0, 0.0, 0.0, 0.0]",2,0.0,0.0,0.0,"[0.0, 0.0, 0.0, 0.0, 0.0, 0.0, 0.0, 0.0, 0.0, 0.0, 0.0, 0.0, 0.0, 0.0, 0.0, 0.0, 0.0, 0.0, 0.0]",128,0.0,0.0,0.0,"[0.0, 0.0, 0.0, 0.0, 0.0, 0.0, 0.0, 0.0, 0.0, 0.0, 0.0, 0.0, 0.0, 0.0, 0.0, 0.0, 0.0, 0.0, 0.0]",1406
BIOMD0000000468,79,74,0,1000,0.0,0.0,2.220446049250313e-16,"[0.0, 0.0, 0.0, 0.0, 0.0, 0.0, 0.0, 0.0, 0.0, np.float64(1.1102230246251565e-16), 0.0, 0.0, 0.0, 0.0, 0.0, 0.0, 0.0, 0.0, 0.0, 0.0, 0.0, 0.0, 0.0, 0.0, 0.0, 0.0, 0.0, 0.0, 0.0, 0.0, 0.0, 0.0, 0.0, 0.0, 0.0, 0.0, 0.0, 0.0, 0.0, 0.0, 0.0, 0.0, 0.0, 0.0, 0.0, 0.0, 0.0, 0.0, np.float64(2.220446049250313e-16), 0.0, 0.0, 0.0, 0.0, 0.0, 0.0, 0.0, 0.0, 0.0, 0.0, 0.0, 0.0, 0.0, 0.0, 0.0, 0.0, 0.0, 0.0, 0.0, 0.0, 0.0, 0.0, 0.0, 0.0, 0.0, 0.0, 0.0, 0.0, 0.0, 0.0]",15,0.0,0.0,0.2294360025706258,"[0.0, 0.0, 0.0, 0.0, 0.0, 0.0, 0.0, 0.0, 0.0, 0.0, np.float64(0.16651194941034086), np.float64(0.2151374386230196), np.float64(0.2151374386230196), 0.0, 0.0, 0.0, 0.0, 0.0, 0.0, 0.0, np.float64(0.2151374386230196), 0.0, np.float64(0.2151374386230196), 0.0, 0.0, 0.0, 0.0, 0.0, 0.0, 0.0, np.float64(0.2151374386230196), np.float64(0.2294360025706258), 0.0, 0.0, 0.0, 0.0, 0.0, 0.0, 0.0, 0.0, 0.0, 0.0, 0.0, 0.0, 0.0, 0.0, 0.0, 0.0, 0.0, 0.0, 0.0, 0.0, 0.0, 0.0, 0.0, 0.0, 0.0, 0.0, 0.0, 0.0, 0.0, 0.0, 0.0, 0.0, 0.0, 0.0, 0.0, 0.0, 0.0, 0.0, 0.0, 0.0, 0.0, 0.0, 0.0, 0.0, 0.0, 0.0, 0.0]",2896,0.0,0.0,0.9999999994696992,"[0.0, 0.0, 0.0, 0.0, 0.0, 0.0, 0.0, 0.0, 0.0, 0.0, 0.0, 0.0, 0.0, 0.0, 0.0, 0.0, 0.0, 0.0, 0.0, 0.0, 0.0, 0.0, 0.0, 0.0, 0.0, 0.0, 0.0, 0.0, np.float64(0.9999999994696992), 0.0, 0.0, 0.0, 0.0, 0.0, 0.0, 0.0, 0.0, 0.0, 0.0, 0.0, 0.0, 0.0, 0.0, 0.0, 0.0, 0.0, 0.0, 0.0, 0.0, 0.0, 0.0, 0.0, 0.0, 0.0, 0.0, 0.0, 0.0, 0.0, 0.0, 0.0, 0.0, 0.0, 0.0, 0.0, 0.0, 0.0, np.float64(0.999999997204485), 0.0, np.float64(0.9999999979002457), 0.0, 0.0, 0.0, 0.0, 0.0, 0.0, 0.0, 0.0, 0.0, 0.0]",47769
BIOMD0000000475,23,25,0,1000,0.0,0.0,2.220446049250313e-16,"[np.float64(2.220446049250313e-16), 0.0, 0.0, 0.0, 0.0, 0.0, 0.0, 0.0, 0.0, 0.0, 0.0, 0.0, 0.0, 0.0, 0.0, 0.0, 0.0, 0.0, 0.0, 0.0, 0.0, 0.0, 0.0]",8,0.0,0.0,0.9989641769974471,"[0.0, 0.0, 0.0, np.float64(0.618663246598317), np.float64(0.6192071440015724), 0.0, 0.0, np.float64(0.6186736718486056), 0.0, 0.0, 0.0, np.float64(0.9989641769974471), np.float64(0.5665207051353159), 0.0, np.float64(0.6186713808636863), np.float64(0.5619306596858975), 0.0, np.float64(0.6186713197006115), 0.0, np.float64(0.6452258288342898), 0.0, 0.0, 0.0]",199,0.0,0.0,0.999999999999998,"[np.float64(0.999999999999998), np.float64(0.9999999999998844), 0.0, 0.0, 0.0, np.float64(0.999999999999975), 0.0, 0.0, 0.0, 0.0, 0.0, 0.0, 0.0, 0.0, 0.0, 0.0, 0.0, 0.0, np.float64(0.19210109542415643), 0.0, 0.0, 0.0, np.float64(0.19210109542415643)]",1268
BIOMD0000000476,16,36,0,1000,0.0,0.0,0.0,"[0.0, 0.0, 0.0, 0.0, 0.0, 0.0, 0.0, 0.0, 0.0, 0.0, 0.0, 0.0, 0.0, 0.0, 0.0, 0.0]",0,0.0,0.0,0.9989496898811633,"[np.float64(0.3946259939334672), 0.0, 0.0, 0.0, np.float64(0.9989496898811633), 0.0, 0.0, 0.0, 0.0, 0.0, 0.0, 0.0, np.float64(0.3960880124198223), np.float64(0.9886321995009189), 0.0, np.float64(0.627689413070271)]",214,0.0,0.0,0.9659422891594722,"[0.0, 0.0, 0.0, 0.0, 0.0, 0.0, 0.0, 0.0, 0.0, 0.0, 0.0, 0.0, 0.0, 0.0, 0.0, np.float64(0.9659422891594722)]",2400
BIOMD0000000477,43,49,0,1000,0.0,0.0,0.0,"[0.0, 0.0, 0.0, 0.0, 0.0, 0.0, 0.0, 0.0, 0.0, 0.0, 0.0, 0.0, 0.0, 0.0, 0.0, 0.0, 0.0, 0.0, 0.0, 0.0, 0.0, 0.0, 0.0, 0.0, 0.0, 0.0, 0.0, 0.0, 0.0, 0.0, 0.0, 0.0, 0.0, 0.0, 0.0, 0.0, 0.0, 0.0, 0.0, 0.0, 0.0, 0.0, 0.0]",5,0.9999959660084686,0.999999997967626,0.9999999999999349,"[np.float64(0.9999999983424371), np.float64(0.9999998660905757), np.float64(0.9999999368981396), np.float64(0.9999999970477745), np.float64(0.9999999978799742), np.float64(0.9999998684449318), np.float64(0.9999994484619138), np.float64(0.9999999999682067), np.float64(0.9999999951749864), np.float64(0.9999999892367405), np.float64(0.9999999583901193), np.float64(0.9999976277222423), np.float64(0.9999999998988323), np.float64(0.9999999691582687), np.float64(0.999999925858737), np.float64(0.9999999471889509), np.float64(0.9999999956477319), np.float64(0.9999999999508442), np.float64(0.999999999976115), np.float64(0.999999999987076), np.float64(0.9999959660084686), np.float64(0.9999999998988323), np.float64(0.9999999991882659), np.float64(0.9999999999999349), np.float64(0.9999999999950785), np.float64(0.9999999999881503), np.float64(0.9999999382833521), np.float64(0.9999999999947886), np.float64(0.9999999999989208), np.float64(0.9999999999332567), np.float64(0.9999999971452523), np.float64(0.999999997967626), np.float64(0.9999999999998203), np.float64(0.9999999999995778), np.float64(0.9999997894853144), np.float64(0.9999999998669861), np.float64(0.9999999999794275), np.float64(0.9999998681113683), np.float64(0.9999999932222227), np.float64(0.9999999999961051), np.float64(0.9999999999996125), np.float64(0.9999999999985363), np.float64(0.9999997957950606)]",1892,0.0,0.0,0.9999986109243159,"[0.0, 0.0, 0.0, 0.0, 0.0, np.float64(0.999979170229655), np.float64(0.9999190427438801), 0.0, np.float64(0.7098435984671705), np.float64(0.4169496909959457), np.float64(0.9999980775466939), np.float64(0.999710677156063), 0.0, np.float64(0.9986099602724898), np.float64(0.996606951672568), 0.0, 0.0, np.float64(0.9999986109243159), 0.0, 0.0, np.float64(0.9998969217652219), 0.0, 0.0, 0.0, 0.0, 0.0, 0.0, 0.0, 0.0, 0.0, 0.0, 0.0, 0.0, 0.0, 0.0, 0.0, 0.0, np.float64(0.9287450870755163), 0.0, 0.0, 0.0, 0.0, 0.0]",41753
BIOMD0000000482,23,29,0,1000,0.0,0.0,1.1102230246251565e-16,"[0.0, 0.0, 0.0, 0.0, 0.0, np.float64(1.1102230246251565e-16), 0.0, 0.0, 0.0, 0.0, 0.0, 0.0, 0.0, 0.0, 0.0, 0.0, 0.0, 0.0, 0.0, 0.0, 0.0, 0.0, 0.0]",12,0.0,0.0,0.9999610835763775,"[0.0, 0.0, 0.0, 0.0, np.float64(0.9653327378769498), np.float64(0.9988388707250436), 0.0, np.float64(0.9999610835763775), 0.0, 0.0, 0.0, 0.0, 0.0, 0.0, 0.0, 0.0, 0.0, 0.0, 0.0, 0.0, 0.0, 0.0, np.float64(0.9968109809635619)]",270,0.0,0.0,0.9999999999999636,"[0.0, 0.0, np.float64(0.999999999958948), np.float64(0.9999999999999636), 0.0, 0.0, 0.0, 0.0, 0.0, 0.0, np.float64(0.9999999969260487), np.float64(0.9999999969260441), 0.0, 0.0, np.float64(0.999999999999892), 0.0, np.float64(0.9999984816190909), np.float64(0.9999999999998962), np.float64(0.9999999955193497), 0.0, np.float64(0.9999999477441451), 0.0, 0.0]",1058
BIOMD0000000483,8,8,0,1000,2.220446049250313e-16,2.220446049250313e-16,2.220446049250313e-16,"[np.float64(2.220446049250313e-16), np.float64(2.220446049250313e-16), np.float64(2.220446049250313e-16), np.float64(2.220446049250313e-16), np.float64(2.220446049250313e-16), np.float64(2.220446049250313e-16), np.float64(2.220446049250313e-16), np.float64(2.220446049250313e-16)]",0,0.0,0.0,0.0,"[0.0, 0.0, 0.0, 0.0, 0.0, 0.0, 0.0, 0.0]",0,0.0,0.0,0.0,"[0.0, 0.0, 0.0, 0.0, 0.0, 0.0, 0.0, 0.0]",0
BIOMD0000000484,2,2,0,1000,2.220446049250313e-16,2.220446049250313e-16,2.220446049250313e-16,"[np.float64(2.220446049250313e-16), np.float64(2.220446049250313e-16)]",2,0.0,0.0,0.0,"[0.0, 0.0]",2,0.0,0.0,0.0,"[0.0, 0.0]",8
BIOMD0000000485,2,4,0,1000,0.0,0.0,0.0,"[0.0, 0.0]",2,0.9995728139468393,0.9995728139468394,0.9995728139468396,"[np.float64(0.9995728139468396), np.float64(0.9995728139468393)]",6,0.9999999869273442,0.9999999869273442,0.9999999869273442,"[np.float64(0.9999999869273442), np.float64(0.9999999869273442)]",12
BIOMD0000000486,2,2,0,1000,2.220446049250313e-16,2.220446049250313e-16,2.220446049250313e-16,"[np.float64(2.220446049250313e-16), np.float64(2.220446049250313e-16)]",0,0.0,0.0,0.0,"[0.0, 0.0]",0,0.0,0.0,0.0,"[0.0, 0.0]",0
BIOMD0000000488,64,112,0,1000,0.0,0.0,2.220446049250313e-16,"[0.0, 0.0, 0.0, 0.0, 0.0, 0.0, 0.0, 0.0, 0.0, 0.0, 0.0, 0.0, 0.0, 0.0, 0.0, 0.0, 0.0, np.float64(2.220446049250313e-16), 0.0, 0.0, 0.0, 0.0, 0.0, 0.0, 0.0, 0.0, 0.0, 0.0, 0.0, 0.0, 0.0, 0.0, 0.0, 0.0, 0.0, 0.0, 0.0, 0.0, 0.0, 0.0, 0.0, 0.0, 0.0, 0.0, 0.0, 0.0, 0.0, 0.0, 0.0, 0.0, 0.0, 0.0, 0.0, 0.0, 0.0, 0.0, 0.0, 0.0, 0.0, 0.0, 0.0, 0.0, 0.0, 0.0]",1,0.0,0.0,0.9715215625973718,"[0.0, 0.0, 0.0, 0.0, 0.0, np.float64(0.14935401624946676), np.float64(0.1465746946461407), 0.0, np.float64(0.9690226434195973), 0.0, 0.0, 0.0, np.float64(0.9088531223084552), 0.0, np.float64(0.908853088233297), 0.0, 0.0, np.float64(0.9715215625973718), 0.0, 0.0, 0.0, 0.0, 0.0, 0.0, 0.0, 0.0, 0.0, 0.0, 0.0, 0.0, 0.0, 0.0, 0.0, 0.0, 0.0, 0.0, 0.0, 0.0, 0.0, 0.0, 0.0, 0.0, 0.0, 0.0, 0.0, 0.0, 0.0, 0.0, 0.0, 0.0, 0.0, 0.0, 0.0, 0.0, 0.0, 0.0, 0.0, 0.0, 0.0, 0.0, 0.0, 0.0, 0.0, 0.0]",1121,0.0,0.0,0.9999999999999908,"[0.0, 0.0, 0.0, np.float64(0.9999999999909646), np.float64(0.9999999999999558), np.float64(0.9999999999998367), np.float64(0.9999999999998386), np.float64(0.9999999999511963), np.float64(0.9999999999983461), 0.0, np.float64(0.9999999999999555), np.float64(0.9999999999999908), 0.0, 0.0, 0.0, 0.0, np.float64(0.9999998107832071), 0.0, 0.0, 0.0, 0.0, 0.0, 0.0, 0.0, 0.0, 0.0, 0.0, 0.0, 0.0, 0.0, np.float64(0.9999999999985751), np.float64(0.9999999999987712), np.float64(0.999999999998944), np.float64(0.9999999999989907), np.float64(0.9999998114799695), 0.0, np.float64(0.9999999999986054), np.float64(0.9999999999856833), np.float64(0.9999999999856833), np.float64(0.9999999999996884), np.float64(0.9999999999955946), np.float64(0.9999999999997693), np.float64(0.9999999999833621), 0.0, 0.0, 0.0, 0.0, np.float64(0.999999959568031), np.float64(0.9999999999991602), 0.0, 0.0, 0.0, np.float64(0.9999999999999118), 0.0, 0.0, 0.0, 0.0, 0.0, 0.0, 0.0, 0.0, 0.0, 0.0, 0.0]",3150
BIOMD0000000489,35,59,0,1000,0.0,0.0,0.0,"[0.0, 0.0, 0.0, 0.0, 0.0, 0.0, 0.0, 0.0, 0.0, 0.0, 0.0, 0.0, 0.0, 0.0, 0.0, 0.0, 0.0, 0.0, 0.0, 0.0, 0.0, 0.0, 0.0, 0.0, 0.0, 0.0, 0.0, 0.0, 0.0, 0.0, 0.0, 0.0, 0.0, 0.0, 0.0]",0,0.0,0.0,0.0,"[0.0, 0.0, 0.0, 0.0, 0.0, 0.0, 0.0, 0.0, 0.0, 0.0, 0.0, 0.0, 0.0, 0.0, 0.0, 0.0, 0.0, 0.0, 0.0, 0.0, 0.0, 0.0, 0.0, 0.0, 0.0, 0.0, 0.0, 0.0, 0.0, 0.0, 0.0, 0.0, 0.0, 0.0, 0.0]",320,0.0,0.0,0.0,"[0.0, 0.0, 0.0, 0.0, 0.0, 0.0, 0.0, 0.0, 0.0, 0.0, 0.0, 0.0, 0.0, 0.0, 0.0, 0.0, 0.0, 0.0, 0.0, 0.0, 0.0, 0.0, 0.0, 0.0, 0.0, 0.0, 0.0, 0.0, 0.0, 0.0, 0.0, 0.0, 0.0, 0.0, 0.0]",16281
BIOMD0000000490,33,66,0,1000,0.0,0.0,0.0,"[0.0, 0.0, 0.0, 0.0, 0.0, 0.0, 0.0, 0.0, 0.0, 0.0, 0.0, 0.0, 0.0, 0.0, 0.0, 0.0, 0.0, 0.0, 0.0, 0.0, 0.0, 0.0, 0.0, 0.0, 0.0, 0.0, 0.0, 0.0, 0.0, 0.0, 0.0, 0.0, 0.0]",0,0.0,0.0,0.0,"[0.0, 0.0, 0.0, 0.0, 0.0, 0.0, 0.0, 0.0, 0.0, 0.0, 0.0, 0.0, 0.0, 0.0, 0.0, 0.0, 0.0, 0.0, 0.0, 0.0, 0.0, 0.0, 0.0, 0.0, 0.0, 0.0, 0.0, 0.0, 0.0, 0.0, 0.0, 0.0, 0.0]",159,0.0,0.0,0.9645192800381512,"[0.0, 0.0, 0.0, 0.0, 0.0, np.float64(0.8158833691217288), np.float64(0.7422610574796938), np.float64(0.9645192800381512), 0.0, 0.0, 0.0, 0.0, 0.0, 0.0, np.float64(0.8227459524884675), np.float64(0.9509283581374502), 0.0, 0.0, 0.0, np.float64(0.8157305482615741), np.float64(0.8157305901897937), np.float64(0.8178123820890801), 0.0, np.float64(0.8144731698107629), np.float64(0.651762871061282), np.float64(0.8570902559443447), np.float64(0.8123071714392993), np.float64(0.935939909858807), 0.0, 0.0, 0.0, 0.0, 0.0]",18
BIOMD0000000491,57,86,0,1000,0.0,0.0,0.0,"[0.0, 0.0, 0.0, 0.0, 0.0, 0.0, 0.0, 0.0, 0.0, 0.0, 0.0, 0.0, 0.0, 0.0, 0.0, 0.0, 0.0, 0.0, 0.0, 0.0, 0.0, 0.0, 0.0, 0.0, 0.0, 0.0, 0.0, 0.0, 0.0, 0.0, 0.0, 0.0, 0.0, 0.0, 0.0, 0.0, 0.0, 0.0, 0.0, 0.0, 0.0, 0.0, 0.0, 0.0, 0.0, 0.0, 0.0, 0.0, 0.0, 0.0, 0.0, 0.0, 0.0, 0.0, 0.0, 0.0, 0.0]",0,0.0,0.9899706210213891,0.9998831175644053,"[np.float64(0.9991790284006281), np.float64(0.9985868368004375), np.float64(0.9989471479713606), np.float64(0.9991790284006281), np.float64(0.9991790284006281), np.float64(0.9996596963671188), np.float64(0.9890149768867257), np.float64(0.9510600630035839), np.float64(0.9989496509438193), 0.0, np.float64(0.9990513091637097), np.float64(0.9990513091891315), np.float64(0.9997822324580005), np.float64(0.9967175268466084), np.float64(0.9994228044503765), np.float64(0.9996286219246363), 0.0, np.float64(0.9986153551788929), np.float64(0.9907823791553871), np.float64(0.9722456726348508), np.float64(0.9990652198616831), np.float64(0.9928651367920628), 0.0, 0.0, 0.0, 0.0, 0.0, np.float64(0.9966990616506398), np.float64(0.9984678021774852), np.float64(0.9988065966922277), np.float64(0.9998495335573889), np.float64(0.9998831175644053), np.float64(0.9932277739690457), np.float64(0.9609387229834935), np.float64(0.986367784252044), np.float64(0.9612613746031646), np.float64(0.9965769712771559), np.float64(0.964074236385415), np.float64(0.9927118086176053), np.float64(0.9641658796511504), np.float64(0.9863804871411587), np.float64(0.9643499661002919), np.float64(0.9863804870857065), np.float64(0.9643499667522165), np.float64(0.9899706210213891), np.float64(0.9610767131912614), np.float64(0.9863677841153293), np.float64(0.9612613749763299), np.float64(0.9718050814550625), np.float64(0.9349596521823952), np.float64(0.9718050815563016), np.float64(0.9349596519367205), np.float64(0.9574522011268007), np.float64(0.9949115547521012), np.float64(0.9979513992787096), np.float64(0.9989532248704971), np.float64(0.9470882087076751)]",3298,0.0,0.0,0.0,"[0.0, 0.0, 0.0, 0.0, 0.0, 0.0, 0.0, 0.0, 0.0, 0.0, 0.0, 0.0, 0.0, 0.0, 0.0, 0.0, 0.0, 0.0, 0.0, 0.0, 0.0, 0.0, 0.0, 0.0, 0.0, 0.0, 0.0, 0.0, 0.0, 0.0, 0.0, 0.0, 0.0, 0.0, 0.0, 0.0, 0.0, 0.0, 0.0, 0.0, 0.0, 0.0, 0.0, 0.0, 0.0, 0.0, 0.0, 0.0, 0.0, 0.0, 0.0, 0.0, 0.0, 0.0, 0.0, 0.0, 0.0]",92133
BIOMD0000000492,52,88,0,1000,0.0,0.0,0.0,"[0.0, 0.0, 0.0, 0.0, 0.0, 0.0, 0.0, 0.0, 0.0, 0.0, 0.0, 0.0, 0.0, 0.0, 0.0, 0.0, 0.0, 0.0, 0.0, 0.0, 0.0, 0.0, 0.0, 0.0, 0.0, 0.0, 0.0, 0.0, 0.0, 0.0, 0.0, 0.0, 0.0, 0.0, 0.0, 0.0, 0.0, 0.0, 0.0, 0.0, 0.0, 0.0, 0.0, 0.0, 0.0, 0.0, 0.0, 0.0, 0.0, 0.0, 0.0, 0.0]",0,0.4339743331664163,0.999447004312519,0.9999999694547783,"[np.float64(0.9999860933535201), np.float64(0.9999897876145576), np.float64(0.9999999694547783), np.float64(0.9999588427100511), np.float64(0.9999325767865864), np.float64(0.999983750709029), np.float64(0.9999632617504183), np.float64(0.9994237477060965), np.float64(0.4339743331664163), np.float64(0.9999886285574949), np.float64(0.9999926848673015), np.float64(0.9999886285578108), np.float64(0.9999986018901201), np.float64(0.9999918959294471), np.float64(0.999925500210804), np.float64(0.9999785415119854), np.float64(0.99955237211929), np.float64(0.9995414808224079), np.float64(0.9999797449198442), np.float64(0.9990010265081367), np.float64(0.9971610071966953), np.float64(0.9994384060995312), np.float64(0.9997936897284203), np.float64(0.9999945575531316), np.float64(0.9996790548192729), np.float64(0.999492638704974), np.float64(0.995257422146685), np.float64(0.9979368367930121), np.float64(0.993019788673913), np.float64(0.998242452413111), np.float64(0.9949972966782221), np.float64(0.9991240480792598), np.float64(0.995475691518789), np.float64(0.9997448080689632), np.float64(0.9936633492211767), np.float64(0.9991240480964916), np.float64(0.9954756915164968), np.float64(0.9986749068084976), np.float64(0.9954786938386834), np.float64(0.9982103739469607), np.float64(0.9952456465519387), np.float64(0.9982103738924236), np.float64(0.9952456465568777), np.float64(0.9982103739296091), np.float64(0.9952456465215469), np.float64(0.9935804199295132), np.float64(0.998892750638886), np.float64(0.9995031659886283), np.float64(0.9997256178472874), np.float64(0.9935665424638629), np.float64(0.9994556025313116), np.float64(0.9994556025255069)]",2755,0.0,0.0,0.7241546421502115,"[0.0, 0.0, 0.0, 0.0, 0.0, 0.0, 0.0, 0.0, 0.0, 0.0, 0.0, 0.0, 0.0, 0.0, 0.0, 0.0, 0.0, 0.0, 0.0, 0.0, 0.0, 0.0, np.float64(0.5357857024134283), 0.0, 0.0, 0.0, 0.0, 0.0, 0.0, 0.0, 0.0, 0.0, 0.0, 0.0, 0.0, 0.0, 0.0, 0.0, 0.0, 0.0, 0.0, 0.0, 0.0, 0.0, 0.0, 0.0, 0.0, np.float64(0.4943272959556654), np.float64(0.7241546421502115), 0.0, 0.0, 0.0]",72828
BIOMD0000000493,3,6,0,1000,0.0,0.0,0.0,"[0.0, 0.0, 0.0]",0,0.0,0.0,0.0,"[0.0, 0.0, 0.0]",2,0.0,0.0,0.0,"[0.0, 0.0, 0.0]",8
BIOMD0000000495,8,17,0,1000,0.0,0.0,0.0,"[0.0, 0.0, 0.0, 0.0, 0.0, 0.0, 0.0, 0.0]",0,0.0,0.0,0.9999999996514399,"[0.0, 0.0, np.float64(0.9999999112773513), np.float64(0.9999999948804358), 0.0, np.float64(0.9999999996514399), 0.0, 0.0]",35,0.0,0.0,0.010844054702617956,"[0.0, 0.0, 0.0, 0.0, 0.0, 0.0, np.float64(0.010844054702617956), 0.0]",244
BIOMD0000000498,19,44,0,1000,0.0,0.0,0.0,"[0.0, 0.0, 0.0, 0.0, 0.0, 0.0, 0.0, 0.0, 0.0, 0.0, 0.0, 0.0, 0.0, 0.0, 0.0, 0.0, 0.0, 0.0, 0.0]",0,0.0,0.21693372128787713,0.21693372128787713,"[np.float64(0.21693372128787713), np.float64(0.21693372128787713), np.float64(0.21693372128787713), 0.0, np.float64(0.21693372128787713), np.float64(0.21693372128787713), 0.0, np.float64(0.21693372128787713), np.float64(0.21693372128787713), 0.0, 0.0, 0.0, np.float64(0.21693372128787713), 0.0, 0.0, np.float64(0.21693372128787713), np.float64(0.21693372128787713), 0.0, 0.0]",67,0.0,0.2081896465963129,0.2081896465963129,"[np.float64(0.2081896465963129), np.float64(0.2081896465963129), np.float64(0.2081896465963129), 0.0, np.float64(0.2081896465963129), np.float64(0.2081896465963129), 0.0, np.float64(0.2081896465963129), np.float64(0.2081896465963129), 0.0, 0.0, 0.0, np.float64(0.2081896465963129), 0.0, 0.0, np.float64(0.2081896465963129), np.float64(0.2081896465963129), 0.0, 0.0]",715
BIOMD0000000500,14,18,0,1000,2.220446049250313e-16,2.220446049250313e-16,2.220446049250313e-16,"[np.float64(2.220446049250313e-16), np.float64(2.220446049250313e-16), np.float64(2.220446049250313e-16), np.float64(2.220446049250313e-16), np.float64(2.220446049250313e-16), np.float64(2.220446049250313e-16), np.float64(2.220446049250313e-16), np.float64(2.220446049250313e-16), np.float64(2.220446049250313e-16), np.float64(2.220446049250313e-16), np.float64(2.220446049250313e-16), np.float64(2.220446049250313e-16), np.float64(2.220446049250313e-16), np.float64(2.220446049250313e-16)]",0,0.0,0.0,0.0,"[0.0, 0.0, 0.0, 0.0, 0.0, 0.0, 0.0, 0.0, 0.0, 0.0, 0.0, 0.0, 0.0, 0.0]",0,0.0,0.0,0.0,"[0.0, 0.0, 0.0, 0.0, 0.0, 0.0, 0.0, 0.0, 0.0, 0.0, 0.0, 0.0, 0.0, 0.0]",0
BIOMD0000000501,35,57,0,1000,2.220446049250313e-16,2.220446049250313e-16,2.220446049250313e-16,"[np.float64(2.220446049250313e-16), np.float64(2.220446049250313e-16), np.float64(2.220446049250313e-16), np.float64(2.220446049250313e-16), np.float64(2.220446049250313e-16), np.float64(2.220446049250313e-16), np.float64(2.220446049250313e-16), np.float64(2.220446049250313e-16), np.float64(2.220446049250313e-16), np.float64(2.220446049250313e-16), np.float64(2.220446049250313e-16), np.float64(2.220446049250313e-16), np.float64(2.220446049250313e-16), np.float64(2.220446049250313e-16), np.float64(2.220446049250313e-16), np.float64(2.220446049250313e-16), np.float64(2.220446049250313e-16), np.float64(2.220446049250313e-16), np.float64(2.220446049250313e-16), np.float64(2.220446049250313e-16), np.float64(2.220446049250313e-16), np.float64(2.220446049250313e-16), np.float64(2.220446049250313e-16), np.float64(2.220446049250313e-16), np.float64(2.220446049250313e-16), np.float64(2.220446049250313e-16), np.float64(2.220446049250313e-16), np.float64(2.220446049250313e-16), np.float64(2.220446049250313e-16), np.float64(2.220446049250313e-16), np.float64(2.220446049250313e-16), np.float64(2.220446049250313e-16), np.float64(2.220446049250313e-16), np.float64(2.220446049250313e-16), np.float64(2.220446049250313e-16)]",0,0.0,0.0,0.0,"[0.0, 0.0, 0.0, 0.0, 0.0, 0.0, 0.0, 0.0, 0.0, 0.0, 0.0, 0.0, 0.0, 0.0, 0.0, 0.0, 0.0, 0.0, 0.0, 0.0, 0.0, 0.0, 0.0, 0.0, 0.0, 0.0, 0.0, 0.0, 0.0, 0.0, 0.0, 0.0, 0.0, 0.0, 0.0]",0,0.0,0.0,0.0,"[0.0, 0.0, 0.0, 0.0, 0.0, 0.0, 0.0, 0.0, 0.0, 0.0, 0.0, 0.0, 0.0, 0.0, 0.0, 0.0, 0.0, 0.0, 0.0, 0.0, 0.0, 0.0, 0.0, 0.0, 0.0, 0.0, 0.0, 0.0, 0.0, 0.0, 0.0, 0.0, 0.0, 0.0, 0.0]",0
BIOMD0000000502,8,11,0,1000,0.0,0.0,0.0,"[0.0, 0.0, 0.0, 0.0, 0.0, 0.0, 0.0, 0.0]",0,0.0,0.0,0.0,"[0.0, 0.0, 0.0, 0.0, 0.0, 0.0, 0.0, 0.0]",42,0.0,0.0,0.0,"[0.0, 0.0, 0.0, 0.0, 0.0, 0.0, 0.0, 0.0]",298
BIOMD0000000503,28,34,0,1000,0.0,0.0,0.0,"[0.0, 0.0, 0.0, 0.0, 0.0, 0.0, 0.0, 0.0, 0.0, 0.0, 0.0, 0.0, 0.0, 0.0, 0.0, 0.0, 0.0, 0.0, 0.0, 0.0, 0.0, 0.0, 0.0, 0.0, 0.0, 0.0, 0.0, 0.0]",0,0.0,0.9939898886726561,0.9999983838588065,"[np.float64(0.994587243951034), np.float64(0.9997668998975613), np.float64(0.9903125257340943), np.float64(0.5196959105673368), np.float64(0.9844250438739799), np.float64(0.9984082746115005), np.float64(0.9889199618869283), np.float64(0.999987576113361), np.float64(0.9989260279556372), np.float64(0.9998264733074939), np.float64(0.8160951726338393), np.float64(0.9999983838588065), np.float64(0.9583806548236676), np.float64(0.2590407662258326), np.float64(0.878710810654048), np.float64(0.9821051897254685), np.float64(0.998452384348291), np.float64(0.9971948116034792), 0.0, np.float64(0.9999719838392509), 0.0, np.float64(0.9993897719090069), np.float64(0.9931998556149247), np.float64(0.9990143509011005), np.float64(0.9957068738396538), np.float64(0.9727594875290428), np.float64(0.9933925333942782), np.float64(0.9980136108408669)]",810,0.0,0.0,0.0,"[0.0, 0.0, 0.0, 0.0, 0.0, 0.0, 0.0, 0.0, 0.0, 0.0, 0.0, 0.0, 0.0, 0.0, 0.0, 0.0, 0.0, 0.0, 0.0, 0.0, 0.0, 0.0, 0.0, 0.0, 0.0, 0.0, 0.0, 0.0]",11504
BIOMD0000000504,73,132,0,1000,0.0,0.0,1.1102230246251565e-16,"[0.0, 0.0, 0.0, 0.0, 0.0, 0.0, 0.0, 0.0, 0.0, 0.0, 0.0, 0.0, 0.0, 0.0, 0.0, 0.0, 0.0, 0.0, 0.0, 0.0, 0.0, 0.0, 0.0, 0.0, 0.0, 0.0, 0.0, 0.0, np.float64(1.1102230246251565e-16), 0.0, 0.0, 0.0, 0.0, 0.0, 0.0, 0.0, 0.0, 0.0, 0.0, 0.0, 0.0, 0.0, 0.0, 0.0, 0.0, 0.0, 0.0, 0.0, 0.0, 0.0, 0.0, 0.0, 0.0, 0.0, 0.0, 0.0, 0.0, 0.0, 0.0, 0.0, 0.0, 0.0, 0.0, 0.0, 0.0, 0.0, 0.0, 0.0, 0.0, 0.0, 0.0, 0.0, 0.0]",11,0.0,0.0,0.7294930745977959,"[0.0, 0.0, 0.0, 0.0, 0.0, 0.0, 0.0, 0.0, 0.0, 0.0, 0.0, 0.0, 0.0, 0.0, 0.0, 0.0, 0.0, 0.0, 0.0, 0.0, 0.0, 0.0, 0.0, 0.0, 0.0, 0.0, 0.0, 0.0, 0.0, 0.0, 0.0, 0.0, 0.0, 0.0, 0.0, 0.0, 0.0, 0.0, 0.0, 0.0, 0.0, 0.0, 0.0, 0.0, 0.0, 0.0, 0.0, 0.0, 0.0, 0.0, 0.0, 0.0, 0.0, 0.0, 0.0, 0.0, 0.0, 0.0, 0.0, 0.0, 0.0, 0.0, 0.0, 0.0, 0.0, np.float64(0.7294930745977959), 0.0, 0.0, 0.0, 0.0, 0.0, 0.0, 0.0]",1504,0.0,0.0,0.9999999999999991,"[0.0, np.float64(0.868549586089447), 0.0, 0.0, 0.0, 0.0, 0.0, np.float64(0.9999999999994686), 0.0, np.float64(0.999999999999386), np.float64(0.999999999999386), np.float64(0.9999999999999991), np.float64(0.9999999999999991), np.float64(0.9999999999999963), 0.0, 0.0, 0.0, 0.0, np.float64(0.9999999999999991), np.float64(0.9999999999999991), 0.0, 0.0, 0.0, 0.0, 0.0, 0.0, 0.0, 0.0, 0.0, 0.0, 0.0, np.float64(0.9999999999994686), 0.0, 0.0, 0.0, 0.0, 0.0, 0.0, 0.0, 0.0, 0.0, 0.0, 0.0, 0.0, 0.0, 0.0, 0.0, 0.0, 0.0, 0.0, 0.0, np.float64(0.999999999999478), np.float64(0.9999999999999573), np.float64(0.999999999999776), 0.0, 0.0, 0.0, 0.0, 0.0, np.float64(0.7466387440073698), 0.0, 0.0, np.float64(0.7380335836164734), 0.0, 0.0, 0.0, 0.0, 0.0, 0.0, 0.0, 0.0, np.float64(0.3854122429471636), 0.0]",5147
BIOMD0000000505,45,59,0,1000,0.0,0.0,1.1102230246251565e-16,"[0.0, 0.0, 0.0, 0.0, 0.0, 0.0, 0.0, 0.0, 0.0, np.float64(1.1102230246251565e-16), 0.0, 0.0, 0.0, 0.0, 0.0, 0.0, 0.0, 0.0, 0.0, 0.0, 0.0, 0.0, 0.0, 0.0, 0.0, 0.0, 0.0, 0.0, 0.0, 0.0, 0.0, 0.0, 0.0, 0.0, 0.0, 0.0, 0.0, 0.0, 0.0, 0.0, 0.0, 0.0, 0.0, 0.0, 0.0]",11,0.0,0.0,0.9999999999977849,"[0.0, np.float64(0.6387826140641988), np.float64(0.8270935859604783), np.float64(0.9972385286869992), np.float64(0.8687711174857947), np.float64(0.9787926075497444), np.float64(0.9999999999977849), np.float64(0.9992073731281937), np.float64(0.856131037531989), np.float64(0.9997248911821187), np.float64(0.9970353920649875), 0.0, 0.0, 0.0, np.float64(0.9902136062274727), np.float64(0.9483533926786958), np.float64(0.9999999999941942), 0.0, 0.0, 0.0, np.float64(0.9999999999947214), 0.0, 0.0, 0.0, 0.0, 0.0, 0.0, 0.0, 0.0, 0.0, 0.0, 0.0, 0.0, 0.0, 0.0, 0.0, 0.0, 0.0, np.float64(0.9536774508902836), 0.0, 0.0, 0.0, 0.0, 0.0, 0.0]",1144,0.0,0.0,0.0,"[0.0, 0.0, 0.0, 0.0, 0.0, 0.0, 0.0, 0.0, 0.0, 0.0, 0.0, 0.0, 0.0, 0.0, 0.0, 0.0, 0.0, 0.0, 0.0, 0.0, 0.0, 0.0, 0.0, 0.0, 0.0, 0.0, 0.0, 0.0, 0.0, 0.0, 0.0, 0.0, 0.0, 0.0, 0.0, 0.0, 0.0, 0.0, 0.0, 0.0, 0.0, 0.0, 0.0, 0.0, 0.0]",25917
BIOMD0000000506,45,59,0,1000,0.0,0.0,0.0,"[0.0, 0.0, 0.0, 0.0, 0.0, 0.0, 0.0, 0.0, 0.0, 0.0, 0.0, 0.0, 0.0, 0.0, 0.0, 0.0, 0.0, 0.0, 0.0, 0.0, 0.0, 0.0, 0.0, 0.0, 0.0, 0.0, 0.0, 0.0, 0.0, 0.0, 0.0, 0.0, 0.0, 0.0, 0.0, 0.0, 0.0, 0.0, 0.0, 0.0, 0.0, 0.0, 0.0, 0.0, 0.0]",0,0.0,0.0,0.9382518103247144,"[0.0, 0.0, 0.0, 0.0, 0.0, 0.0, 0.0, 0.0, 0.0, 0.0, 0.0, 0.0, 0.0, 0.0, 0.0, 0.0, 0.0, 0.0, np.float64(0.18084785078735477), 0.0, 0.0, 0.0, 0.0, 0.0, np.float64(0.535035746805216), np.float64(0.5184061455705814), np.float64(0.1665911436355616), np.float64(0.09506801230150108), np.float64(0.09441765980882522), 0.0, np.float64(0.8439236201305701), np.float64(0.8363947725812118), np.float64(0.5300003500236523), np.float64(0.6085211362328788), np.float64(0.6084966418607443), np.float64(0.6084382584604562), np.float64(0.8902298007133209), np.float64(0.9382518103247144), np.float64(0.602877531552354), np.float64(0.6453763588373975), np.float64(0.6453910517521724), np.float64(0.645353899935682), 0.0, 0.0, 0.0]",1923,0.0,0.0,0.0,"[0.0, 0.0, 0.0, 0.0, 0.0, 0.0, 0.0, 0.0, 0.0, 0.0, 0.0, 0.0, 0.0, 0.0, 0.0, 0.0, 0.0, 0.0, 0.0, 0.0, 0.0, 0.0, 0.0, 0.0, 0.0, 0.0, 0.0, 0.0, 0.0, 0.0, 0.0, 0.0, 0.0, 0.0, 0.0, 0.0, 0.0, 0.0, 0.0, 0.0, 0.0, 0.0, 0.0, 0.0, 0.0]",20343
BIOMD0000000510,38,36,0,1000,0.0,0.0,4.440892098500626e-16,"[0.0, 0.0, 0.0, 0.0, 0.0, 0.0, 0.0, 0.0, 0.0, 0.0, np.float64(4.440892098500626e-16), 0.0, 0.0, 0.0, 0.0, 0.0, 0.0, 0.0, 0.0, 0.0, np.float64(4.440892098500626e-16), 0.0, 0.0, 0.0, np.float64(1.1102230246251565e-16), 0.0, 0.0, 0.0, 0.0, 0.0, 0.0, 0.0, 0.0, 0.0, 0.0, 0.0, 0.0, 0.0]",18,0.03244211604897529,0.9425662070940208,0.9999779581374219,"[np.float64(0.9989944697104074), np.float64(0.9220219974863143), np.float64(0.9980268812265602), np.float64(0.8267878105746649), np.float64(0.5739726485501173), np.float64(0.19360210453481186), np.float64(0.9912963163407837), np.float64(0.9944668918056511), np.float64(0.9690395482193106), np.float64(0.8880093120720908), np.float64(0.9690395482280951), np.float64(0.9938845098960836), np.float64(0.9990171229569255), np.float64(0.03244211604897529), np.float64(0.9999779581374219), np.float64(0.997303908500493), np.float64(0.7626470336511177), np.float64(0.993189022184749), np.float64(0.7794483614708074), np.float64(0.8630976839614546), np.float64(0.9977722057646892), np.float64(0.8627597246378539), np.float64(0.9990171229571436), np.float64(0.9964580666363895), np.float64(0.7835025033488512), np.float64(0.6311290928194624), np.float64(0.7845408892351874), np.float64(0.9425662071621591), np.float64(0.9220219972321234), np.float64(0.8883881923106163), np.float64(0.9965460505005795), np.float64(0.9425662070258825), np.float64(0.8877405283659379), np.float64(0.7854309594779387), np.float64(0.9771363690362005), np.float64(0.9601297080709376), np.float64(0.9868501035757158), np.float64(0.7835025035294029)]",1482,0.0,0.0,0.0,"[0.0, 0.0, 0.0, 0.0, 0.0, 0.0, 0.0, 0.0, 0.0, 0.0, 0.0, 0.0, 0.0, 0.0, 0.0, 0.0, 0.0, 0.0, 0.0, 0.0, 0.0, 0.0, 0.0, 0.0, 0.0, 0.0, 0.0, 0.0, 0.0, 0.0, 0.0, 0.0, 0.0, 0.0, 0.0, 0.0, 0.0, 0.0]",26937
BIOMD0000000511,37,36,0,1000,0.0,0.0,4.440892098500626e-16,"[0.0, np.float64(2.220446049250313e-16), 0.0, np.float64(2.220446049250313e-16), 0.0, 0.0, np.float64(2.220446049250313e-16), 0.0, 0.0, np.float64(4.440892098500626e-16), 0.0, 0.0, 0.0, 0.0, np.float64(1.1102230246251565e-16), 0.0, 0.0, 0.0, 0.0, 0.0, np.float64(2.220446049250313e-16), 0.0, 0.0, 0.0, np.float64(1.1102230246251565e-16), 0.0, 0.0, np.float64(4.440892098500626e-16), 0.0, 0.0, 0.0, 0.0, 0.0, 0.0, np.float64(1.1102230246251565e-16), 0.0, 0.0]",36,0.0,0.9943692938690976,0.9999859851723354,"[np.float64(0.9206775389094736), np.float64(0.9874686947556133), np.float64(0.9695153967759323), np.float64(0.996937426652907), np.float64(0.9285610132701898), np.float64(0.9461976516851378), np.float64(0.9114086319068982), np.float64(0.9340281134829822), np.float64(0.9995745900384049), np.float64(0.7451197274656123), np.float64(0.9994403249563377), np.float64(0.9999572721761143), np.float64(0.9978517880045089), np.float64(0.9976077869476525), np.float64(0.9943692938690976), np.float64(0.9999087530328699), np.float64(0.9997606702017628), np.float64(0.774938356128938), np.float64(0.9985536611112292), np.float64(0.9982068365241392), np.float64(0.9999572721761185), np.float64(0.9994403249563485), np.float64(0.9999859851723354), np.float64(0.9133663880100522), np.float64(0.998554549413733), np.float64(0.8055219521126136), np.float64(0.999406810973349), np.float64(0.9695153967760544), np.float64(0.9175657181083414), 0.0, np.float64(0.9994068109733534), np.float64(0.9995147668831084), np.float64(0.9999837092121311), np.float64(0.9727830073845705), np.float64(0.9867448293225575), np.float64(0.9901962960823762), np.float64(0.9133663880189372)]",1393,0.0,0.0,0.0,"[0.0, 0.0, 0.0, 0.0, 0.0, 0.0, 0.0, 0.0, 0.0, 0.0, 0.0, 0.0, 0.0, 0.0, 0.0, 0.0, 0.0, 0.0, 0.0, 0.0, 0.0, 0.0, 0.0, 0.0, 0.0, 0.0, 0.0, 0.0, 0.0, 0.0, 0.0, 0.0, 0.0, 0.0, 0.0, 0.0, 0.0]",26977
BIOMD0000000512,39,75,0,1000,0.0,0.0,2.220446049250313e-16,"[np.float64(1.1102230246251565e-16), 0.0, 0.0, np.float64(1.1102230246251565e-16), 0.0, 0.0, 0.0, 0.0, 0.0, 0.0, 0.0, np.float64(1.1102230246251565e-16), 0.0, 0.0, 0.0, 0.0, 0.0, 0.0, 0.0, 0.0, 0.0, 0.0, 0.0, 0.0, 0.0, 0.0, 0.0, 0.0, np.float64(1.1102230246251565e-16), 0.0, 0.0, np.float64(1.1102230246251565e-16), 0.0, np.float64(2.220446049250313e-16), 0.0, 0.0, 0.0, 0.0, np.float64(2.220446049250313e-16)]",28,0.0,0.0,0.9999999999270589,"[0.0, np.float64(0.9999999719492627), np.float64(0.999999976895144), np.float64(0.9999999669512325), np.float64(0.9999999676248863), 0.0, 0.0, 0.0, 0.0, 0.0, np.float64(0.9999998749031237), np.float64(0.9999998749031236), 0.0, np.float64(0.9999999801198732), 0.0, 0.0, 0.0, 0.0, 0.0, 0.0, 0.0, 0.0, 0.0, 0.0, 0.0, np.float64(0.9999999859751405), np.float64(0.9999999814206795), 0.0, np.float64(0.9999999798138679), np.float64(0.9999998749031239), np.float64(0.9999998749031241), 0.0, 0.0, 0.0, 0.0, 0.0, np.float64(0.9999999999270589), np.float64(0.999999999920117), np.float64(0.9999999998890685)]",1311,0.0,0.0,0.0,"[0.0, 0.0, 0.0, 0.0, 0.0, 0.0, 0.0, 0.0, 0.0, 0.0, 0.0, 0.0, 0.0, 0.0, 0.0, 0.0, 0.0, 0.0, 0.0, 0.0, 0.0, 0.0, 0.0, 0.0, 0.0, 0.0, 0.0, 0.0, 0.0, 0.0, 0.0, 0.0, 0.0, 0.0, 0.0, 0.0, 0.0, 0.0, 0.0]",23573
BIOMD0000000513,24,21,0,1000,0.0,0.0,3.3306690738754696e-16,"[0.0, 0.0, 0.0, 0.0, 0.0, 0.0, 0.0, 0.0, 0.0, np.float64(1.1102230246251565e-16), 0.0, 0.0, 0.0, 0.0, np.float64(3.3306690738754696e-16), 0.0, np.float64(2.220446049250313e-16), 0.0, 0.0, 0.0, np.float64(1.1102230246251565e-16), 0.0, 0.0, 0.0]",13,0.0,0.87453652692476,0.9962636000015747,"[0.0, np.float64(0.915792022605883), np.float64(0.9884385590183024), np.float64(0.8196040981564409), np.float64(0.6598043806044249), 0.0, np.float64(0.990036442839888), np.float64(0.9947387871072915), np.float64(0.9123064944111452), np.float64(0.9930279424851169), np.float64(0.7721282603847051), np.float64(0.8657689651673645), np.float64(0.865328146669067), np.float64(0.9962636000015747), np.float64(0.7751611316845766), np.float64(0.6210860454800784), np.float64(0.7764811744976063), np.float64(0.9157920226076404), np.float64(0.8833040886821555), np.float64(0.7724263346964846), np.float64(0.9905378902481022), np.float64(0.9607871404890882), np.float64(0.9843929721496346), np.float64(0.7751611316919793)]",599,0.0,0.0,0.0,"[0.0, 0.0, 0.0, 0.0, 0.0, 0.0, 0.0, 0.0, 0.0, 0.0, 0.0, 0.0, 0.0, 0.0, 0.0, 0.0, 0.0, 0.0, 0.0, 0.0, 0.0, 0.0, 0.0, 0.0]",7345
BIOMD0000000514,37,35,0,1000,0.0,0.0,0.0,"[0.0, 0.0, 0.0, 0.0, 0.0, 0.0, 0.0, 0.0, 0.0, 0.0, 0.0, 0.0, 0.0, 0.0, 0.0, 0.0, 0.0, 0.0, 0.0, 0.0, 0.0, 0.0, 0.0, 0.0, 0.0, 0.0, 0.0, 0.0, 0.0, 0.0, 0.0, 0.0, 0.0, 0.0, 0.0, 0.0, 0.0]",0,0.7360168796300335,0.7378370768550364,0.743588906577428,"[np.float64(0.7387493451306721), np.float64(0.7378370693843797), np.float64(0.7378370698573231), np.float64(0.7378370629138435), np.float64(0.7378435208933052), np.float64(0.7378370664304292), np.float64(0.7379983043589451), np.float64(0.7435888019024941), np.float64(0.7378370647568018), np.float64(0.7378376248361164), np.float64(0.7378370664897487), np.float64(0.737837080521481), np.float64(0.737837066264273), np.float64(0.7378371265111626), np.float64(0.7378370746159728), np.float64(0.7378370768550364), np.float64(0.7378371164581747), np.float64(0.7378370688192104), np.float64(0.7378371390268859), np.float64(0.7378371405839261), np.float64(0.7378370845414917), np.float64(0.737837637610952), np.float64(0.7378371504046208), np.float64(0.7378370680195796), np.float64(0.7378370700346859), np.float64(0.737837069406924), np.float64(0.7360168796300335), np.float64(0.7378370617783467), np.float64(0.7378370628248603), np.float64(0.7378371007108355), np.float64(0.7360168818936395), np.float64(0.7378370671310472), np.float64(0.7382144477942452), np.float64(0.7378426345475912), np.float64(0.743588906577428), np.float64(0.7379650818733382), np.float64(0.7378370740392985)]",1406,0.0,0.0,0.0,"[0.0, 0.0, 0.0, 0.0, 0.0, 0.0, 0.0, 0.0, 0.0, 0.0, 0.0, 0.0, 0.0, 0.0, 0.0, 0.0, 0.0, 0.0, 0.0, 0.0, 0.0, 0.0, 0.0, 0.0, 0.0, 0.0, 0.0, 0.0, 0.0, 0.0, 0.0, 0.0, 0.0, 0.0, 0.0, 0.0, 0.0]",26505
BIOMD0000000515,40,40,0,1000,0.0,0.0,3.3306690738754696e-16,"[np.float64(2.220446049250313e-16), 0.0, 0.0, 0.0, np.float64(1.1102230246251565e-16), np.float64(2.220446049250313e-16), np.float64(2.220446049250313e-16), 0.0, 0.0, np.float64(1.1102230246251565e-16), 0.0, 0.0, 0.0, np.float64(2.220446049250313e-16), 0.0, np.float64(3.3306690738754696e-16), 0.0, 0.0, 0.0, 0.0, 0.0, 0.0, 0.0, 0.0, 0.0, np.float64(1.1102230246251565e-16), 0.0, 0.0, 0.0, 0.0, 0.0, 0.0, np.float64(2.220446049250313e-16), 0.0, 0.0, 0.0, 0.0, 0.0, 0.0, 0.0]",39,0.591320271258701,0.9895533759718994,0.9999987089512377,"[np.float64(0.9394241263232666), np.float64(0.9966742061340771), np.float64(0.9973387481881463), np.float64(0.9723513121141164), np.float64(0.8052067190529633), np.float64(0.9273807925938727), np.float64(0.6640176451682686), np.float64(0.9317987889420706), np.float64(0.9532773663956445), np.float64(0.9992368951197291), np.float64(0.9996183039893741), np.float64(0.6436373504458022), np.float64(0.9996183039896919), np.float64(0.9883593540362172), np.float64(0.9999983962878215), np.float64(0.9999018491143464), np.float64(0.9999785683696875), np.float64(0.591320271258701), np.float64(0.9999756467951468), np.float64(0.9998419898616723), np.float64(0.772905624573614), np.float64(0.9912159977977508), np.float64(0.9995438563617048), np.float64(0.9893035298746594), np.float64(0.9999983962878213), np.float64(0.9999941241937812), np.float64(0.9402316984694858), np.float64(0.998774933654697), np.float64(0.8096434940210417), np.float64(0.9995962210129524), np.float64(0.9723513121661409), np.float64(0.9210380914971019), np.float64(0.9400700540028145), np.float64(0.9995962210120266), np.float64(0.9999987089512377), np.float64(0.9999815176899566), np.float64(0.6999849981204902), np.float64(0.9750310861111828), np.float64(0.9898032220691394), np.float64(0.9402316986535179)]",1630,0.0,0.0,0.0,"[0.0, 0.0, 0.0, 0.0, 0.0, 0.0, 0.0, 0.0, 0.0, 0.0, 0.0, 0.0, 0.0, 0.0, 0.0, 0.0, 0.0, 0.0, 0.0, 0.0, 0.0, 0.0, 0.0, 0.0, 0.0, 0.0, 0.0, 0.0, 0.0, 0.0, 0.0, 0.0, 0.0, 0.0, 0.0, 0.0, 0.0, 0.0, 0.0, 0.0]",33715
BIOMD0000000516,39,40,0,1000,0.0,0.0,2.220446049250313e-16,"[0.0, 0.0, 0.0, 0.0, 0.0, 0.0, 0.0, 0.0, 0.0, 0.0, 0.0, 0.0, 0.0, np.float64(2.220446049250313e-16), 0.0, 0.0, 0.0, np.float64(2.220446049250313e-16), np.float64(2.220446049250313e-16), 0.0, 0.0, 0.0, 0.0, 0.0, 0.0, 0.0, 0.0, 0.0, 0.0, 0.0, 0.0, 0.0, np.float64(2.220446049250313e-16), 0.0, 0.0, 0.0, 0.0, 0.0, 0.0]",31,0.5189003041303601,0.9967744474919876,0.9999905136572883,"[np.float64(0.8858270997476687), np.float64(0.9989164342966694), np.float64(0.9990828106445964), np.float64(0.9844291931576593), np.float64(0.8479756644084494), np.float64(0.9334286503545458), np.float64(0.5189003041303601), np.float64(0.9535471338370076), np.float64(0.8774319238777917), np.float64(0.9996713131764556), np.float64(0.5391144399330308), np.float64(0.9990019556589382), np.float64(0.9815071213784607), np.float64(0.999342179956565), np.float64(0.9997332139314486), np.float64(0.9999803373278979), np.float64(0.999912382616217), np.float64(0.9999871131725585), np.float64(0.9996830689873273), np.float64(0.7721447124950901), np.float64(0.9972900060278856), np.float64(0.9967744474919876), np.float64(0.9993421798914559), np.float64(0.9990019556595486), np.float64(0.9999559003364507), np.float64(0.8745819585269263), np.float64(0.9992874329301771), np.float64(0.7970614405816103), np.float64(0.9989651774910708), np.float64(0.9844291931659567), np.float64(0.9191124644800998), np.float64(0.7873149835042066), np.float64(0.9989651774913733), np.float64(0.9999905136572883), np.float64(0.9999677736267957), np.float64(0.656928293636653), np.float64(0.9951814277180833), np.float64(0.9877546013087861), np.float64(0.8745819584964105)]",1551,0.0,0.0,0.0,"[0.0, 0.0, 0.0, 0.0, 0.0, 0.0, 0.0, 0.0, 0.0, 0.0, 0.0, 0.0, 0.0, 0.0, 0.0, 0.0, 0.0, 0.0, 0.0, 0.0, 0.0, 0.0, 0.0, 0.0, 0.0, 0.0, 0.0, 0.0, 0.0, 0.0, 0.0, 0.0, 0.0, 0.0, 0.0, 0.0, 0.0, 0.0, 0.0]",31268
BIOMD0000000517,4,9,0,1000,0.0,0.0,0.0,"[0.0, 0.0, 0.0, 0.0]",0,0.0,0.0,0.871675642623292,"[0.0, 0.0, np.float64(0.871675642623292), 0.0]",10,0.0,0.0,0.0,"[0.0, 0.0, 0.0, 0.0]",34
BIOMD0000000518,4,9,0,1000,2.220446049250313e-16,2.220446049250313e-16,2.220446049250313e-16,"[np.float64(2.220446049250313e-16), np.float64(2.220446049250313e-16), np.float64(2.220446049250313e-16), np.float64(2.220446049250313e-16)]",0,0.0,0.0,0.0,"[0.0, 0.0, 0.0, 0.0]",0,0.0,0.0,0.0,"[0.0, 0.0, 0.0, 0.0]",0
BIOMD0000000519,3,7,0,1000,2.220446049250313e-16,2.220446049250313e-16,2.220446049250313e-16,"[np.float64(2.220446049250313e-16), np.float64(2.220446049250313e-16), np.float64(2.220446049250313e-16)]",0,0.0,0.0,0.0,"[0.0, 0.0, 0.0]",0,0.0,0.0,0.0,"[0.0, 0.0, 0.0]",0
BIOMD0000000520,3,7,0,1000,0.0,0.0,0.0,"[0.0, 0.0, 0.0]",0,0.0,0.0,0.0,"[0.0, 0.0, 0.0]",5,0.0,0.3338676347096503,0.6111658033380997,"[0.0, np.float64(0.6111658033380997), np.float64(0.3338676347096503)]",0
BIOMD0000000522,16,0,0,1000,0.0,0.0,0.0,"[0.0, 0.0, 0.0, 0.0, 0.0, 0.0, 0.0, 0.0, 0.0, 0.0, 0.0, 0.0, 0.0, 0.0, 0.0, 0.0]",2,0.0,0.15482461180473528,0.9999999999997206,"[np.float64(0.15482461180473528), 0.0, 0.0, np.float64(0.15482461180473528), np.float64(0.15482461180473528), np.float64(0.15482461180473528), np.float64(0.15482461180473528), np.float64(0.9999999999313062), np.float64(0.9999999986776404), 0.0, np.float64(0.9999999999997206), np.float64(0.15482461180473528), np.float64(0.15482461180473528), np.float64(0.15482461180473528), np.float64(0.15482461180473528), np.float64(0.15482461180473528)]",118,0.0,0.0,0.0,"[0.0, 0.0, 0.0, 0.0, 0.0, 0.0, 0.0, 0.0, 0.0, 0.0, 0.0, 0.0, 0.0, 0.0, 0.0, 0.0]",1146
BIOMD0000000523,18,13,0,1000,0.0,0.0,2.220446049250313e-16,"[0.0, 0.0, 0.0, 0.0, 0.0, np.float64(1.1102230246251565e-16), np.float64(2.220446049250313e-16), 0.0, 0.0, np.float64(1.1102230246251565e-16), 0.0, 0.0, 0.0, 0.0, 0.0, 0.0, 0.0, 0.0]",13,0.0,0.0,0.0,"[0.0, 0.0, 0.0, 0.0, 0.0, 0.0, 0.0, 0.0, 0.0, 0.0, 0.0, 0.0, 0.0, 0.0, 0.0, 0.0, 0.0, 0.0]",153,0.0,0.0,0.0,"[0.0, 0.0, 0.0, 0.0, 0.0, 0.0, 0.0, 0.0, 0.0, 0.0, 0.0, 0.0, 0.0, 0.0, 0.0, 0.0, 0.0, 0.0]",2046
BIOMD0000000524,18,13,0,1000,0.0,0.0,2.220446049250313e-16,"[0.0, 0.0, 0.0, 0.0, 0.0, 0.0, np.float64(2.220446049250313e-16), 0.0, 0.0, 0.0, 0.0, 0.0, 0.0, 0.0, 0.0, 0.0, 0.0, 0.0]",2,0.0,0.14295220513994633,0.9999191797996094,"[np.float64(0.14295220513994633), 0.0, 0.0, np.float64(0.9995725966034554), np.float64(0.9998754672180958), np.float64(0.14295220513994633), 0.0, 0.0, 0.0, 0.0, np.float64(0.14295220513994633), np.float64(0.14295220513994633), np.float64(0.999831204837149), np.float64(0.9999191797996094), np.float64(0.9999191797996094), np.float64(0.14295220513994633), np.float64(0.14295220513994633), np.float64(0.14295220513994633)]",34,0.0,0.9999999866247306,0.9999999999999993,"[0.0, np.float64(0.9999999999999993), np.float64(0.9999999999999969), np.float64(0.9999999763713779), np.float64(0.9999999968780832), 0.0, np.float64(0.9999999999893172), np.float64(0.9999999999999973), np.float64(0.999999999999839), np.float64(0.9999998761411869), 0.0, 0.0, np.float64(0.9999999999922687), np.float64(0.999999999992252), np.float64(0.999999999992252), 0.0, 0.0, 0.0]",6
BIOMD0000000525,18,19,0,1000,0.0,0.0,0.0,"[0.0, 0.0, 0.0, 0.0, 0.0, 0.0, 0.0, 0.0, 0.0, 0.0, 0.0, 0.0, 0.0, 0.0, 0.0, 0.0, 0.0, 0.0]",6,0.0,0.0,0.23410661839787605,"[0.0, 0.0, 0.0, np.float64(0.0779485262354811), 0.0, 0.0, 0.0, 0.0, 0.0, 0.0, np.float64(0.23410661839787605), 0.0, np.float64(0.07794852623547954), 0.0, 0.0, 0.0, 0.0, 0.0]",83,0.0,0.0,0.0,"[0.0, 0.0, 0.0, 0.0, 0.0, 0.0, 0.0, 0.0, 0.0, 0.0, 0.0, 0.0, 0.0, 0.0, 0.0, 0.0, 0.0, 0.0]",852
BIOMD0000000526,18,19,0,1000,0.0,0.0,0.0,"[0.0, 0.0, 0.0, 0.0, 0.0, 0.0, 0.0, 0.0, 0.0, 0.0, 0.0, 0.0, 0.0, 0.0, 0.0, 0.0, 0.0, 0.0]",2,0.0,0.0,0.15133720787120808,"[np.float64(0.15133720787120808), 0.0, 0.0, 0.0, 0.0, np.float64(0.10315981419058284), 0.0, 0.0, 0.0, 0.0, np.float64(0.15133720787120808), np.float64(0.15133720787120808), 0.0, 0.0, 0.0, np.float64(0.08839301156673973), np.float64(0.08839301156673973), np.float64(0.15133720787120808)]",97,0.0,0.9999999965633821,0.9999999999999929,"[0.0, 0.0, np.float64(0.9999999999999833), np.float64(0.9999999948347703), np.float64(0.9999999992902043), np.float64(0.9999567672813553), np.float64(0.9999999982919939), np.float64(0.9999999999999929), np.float64(0.9999999999974826), np.float64(0.9999999999918755), 0.0, 0.0, np.float64(0.99999999983533), np.float64(0.9999999998353287), np.float64(0.9999999998353287), np.float64(0.9999813803619582), np.float64(0.9999813803619582), 0.0]",1
BIOMD0000000528,12,12,0,1000,0.0,0.0,0.0,"[0.0, 0.0, 0.0, 0.0, 0.0, 0.0, 0.0, 0.0, 0.0, 0.0, 0.0, 0.0]",11,0.0,0.0,0.0,"[0.0, 0.0, 0.0, 0.0, 0.0, 0.0, 0.0, 0.0, 0.0, 0.0, 0.0, 0.0]",144,1.840851149292888e-08,1.840851149292888e-08,0.14773564905335368,"[np.float64(1.840851149292888e-08), np.float64(1.840851149292888e-08), np.float64(1.840851149292888e-08), np.float64(1.840851149292888e-08), np.float64(1.840851149292888e-08), np.float64(1.840851149292888e-08), np.float64(1.840851149292888e-08), np.float64(1.840851149292888e-08), np.float64(1.840851149292888e-08), np.float64(1.840851149292888e-08), np.float64(1.840851149292888e-08), np.float64(0.14773564905335368)]",1
BIOMD0000000529,12,12,0,1000,0.0,0.0,0.0,"[0.0, 0.0, 0.0, 0.0, 0.0, 0.0, 0.0, 0.0, 0.0, 0.0, 0.0, 0.0]",0,0.0,0.0,0.0,"[0.0, 0.0, 0.0, 0.0, 0.0, 0.0, 0.0, 0.0, 0.0, 0.0, 0.0, 0.0]",9,0.0,0.0,0.0,"[0.0, 0.0, 0.0, 0.0, 0.0, 0.0, 0.0, 0.0, 0.0, 0.0, 0.0, 0.0]",79
BIOMD0000000530,10,17,0,1000,0.0,0.0,0.0,"[0.0, 0.0, 0.0, 0.0, 0.0, 0.0, 0.0, 0.0, 0.0, 0.0]",0,0.0,0.19344690431952594,0.6970736546771372,"[0.0, np.float64(0.6970736546771372), np.float64(0.6970539864342804), 0.0, 0.0, 0.0, np.float64(0.19344690431952594), np.float64(0.19344690431952594), np.float64(0.19344690431952594), np.float64(0.5186460799213961)]",30,0.0,0.0,0.7467828956805089,"[0.0, np.float64(0.7467828956805089), np.float64(0.7462013270121088), 0.0, 0.0, 0.0, 0.0, 0.0, 0.0, 0.0]",317
BIOMD0000000534,39,71,0,1000,0.0,0.0,0.0,"[0.0, 0.0, 0.0, 0.0, 0.0, 0.0, 0.0, 0.0, 0.0, 0.0, 0.0, 0.0, 0.0, 0.0, 0.0, 0.0, 0.0, 0.0, 0.0, 0.0, 0.0, 0.0, 0.0, 0.0, 0.0, 0.0, 0.0, 0.0, 0.0, 0.0, 0.0, 0.0, 0.0, 0.0, 0.0, 0.0, 0.0, 0.0, 0.0]",0,0.0,0.0,0.9603343828731491,"[0.0, 0.0, 0.0, np.float64(0.9563912203195685), 0.0, 0.0, 0.0, 0.0, 0.0, 0.0, 0.0, 0.0, 0.0, 0.0, 0.0, 0.0, 0.0, 0.0, 0.0, np.float64(0.9603343828731491), 0.0, 0.0, 0.0, 0.0, 0.0, 0.0, 0.0, 0.0, 0.0, 0.0, 0.0, 0.0, 0.0, 0.0, 0.0, 0.0, 0.0, 0.0, 0.0]",890,0.0,0.0,0.0,"[0.0, 0.0, 0.0, 0.0, 0.0, 0.0, 0.0, 0.0, 0.0, 0.0, 0.0, 0.0, 0.0, 0.0, 0.0, 0.0, 0.0, 0.0, 0.0, 0.0, 0.0, 0.0, 0.0, 0.0, 0.0, 0.0, 0.0, 0.0, 0.0, 0.0, 0.0, 0.0, 0.0, 0.0, 0.0, 0.0, 0.0, 0.0, 0.0]",13863
BIOMD0000000535,39,71,0,1000,0.0,0.0,2.220446049250313e-16,"[0.0, 0.0, 0.0, 0.0, 0.0, 0.0, 0.0, 0.0, 0.0, 0.0, 0.0, 0.0, 0.0, 0.0, 0.0, 0.0, 0.0, 0.0, 0.0, np.float64(2.220446049250313e-16), 0.0, 0.0, 0.0, 0.0, 0.0, 0.0, 0.0, 0.0, 0.0, 0.0, 0.0, 0.0, 0.0, 0.0, 0.0, 0.0, 0.0, 0.0, 0.0]",1,0.0,0.0,0.9918161289185728,"[0.0, 0.0, 0.0, np.float64(0.988216128422485), 0.0, 0.0, 0.0, 0.0, 0.0, 0.0, 0.0, 0.0, 0.0, 0.0, 0.0, 0.0, 0.0, 0.0, 0.0, np.float64(0.9918161289185728), 0.0, 0.0, 0.0, 0.0, np.float64(0.9125914607105456), 0.0, 0.0, 0.0, 0.0, 0.0, 0.0, 0.0, 0.0, 0.0, 0.0, np.float64(0.9119971915122562), 0.0, 0.0, np.float64(0.07251990676818476)]",1067,0.0,0.0,0.0,"[0.0, 0.0, 0.0, 0.0, 0.0, 0.0, 0.0, 0.0, 0.0, 0.0, 0.0, 0.0, 0.0, 0.0, 0.0, 0.0, 0.0, 0.0, 0.0, 0.0, 0.0, 0.0, 0.0, 0.0, 0.0, 0.0, 0.0, 0.0, 0.0, 0.0, 0.0, 0.0, 0.0, 0.0, 0.0, 0.0, 0.0, 0.0, 0.0]",13499
BIOMD0000000536,36,66,0,1000,0.0,0.0,0.0,"[0.0, 0.0, 0.0, 0.0, 0.0, 0.0, 0.0, 0.0, 0.0, 0.0, 0.0, 0.0, 0.0, 0.0, 0.0, 0.0, 0.0, 0.0, 0.0, 0.0, 0.0, 0.0, 0.0, 0.0, 0.0, 0.0, 0.0, 0.0, 0.0, 0.0, 0.0, 0.0, 0.0, 0.0, 0.0, 0.0]",0,0.0,0.0,0.0,"[0.0, 0.0, 0.0, 0.0, 0.0, 0.0, 0.0, 0.0, 0.0, 0.0, 0.0, 0.0, 0.0, 0.0, 0.0, 0.0, 0.0, 0.0, 0.0, 0.0, 0.0, 0.0, 0.0, 0.0, 0.0, 0.0, 0.0, 0.0, 0.0, 0.0, 0.0, 0.0, 0.0, 0.0, 0.0, 0.0]",0,0.0,0.0,0.0,"[0.0, 0.0, 0.0, 0.0, 0.0, 0.0, 0.0, 0.0, 0.0, 0.0, 0.0, 0.0, 0.0, 0.0, 0.0, 0.0, 0.0, 0.0, 0.0, 0.0, 0.0, 0.0, 0.0, 0.0, 0.0, 0.0, 0.0, 0.0, 0.0, 0.0, 0.0, 0.0, 0.0, 0.0, 0.0, 0.0]",0
BIOMD0000000537,40,73,0,1000,0.0,0.0,2.220446049250313e-16,"[0.0, 0.0, 0.0, 0.0, 0.0, 0.0, 0.0, 0.0, 0.0, 0.0, 0.0, 0.0, 0.0, 0.0, 0.0, 0.0, 0.0, 0.0, 0.0, np.float64(2.220446049250313e-16), 0.0, 0.0, 0.0, 0.0, 0.0, 0.0, 0.0, 0.0, 0.0, 0.0, 0.0, 0.0, 0.0, 0.0, 0.0, 0.0, 0.0, 0.0, 0.0, 0.0]",1,0.0,0.0,0.9852988575182544,"[0.0, 0.0, 0.0, np.float64(0.9852988575182544), 0.0, 0.0, 0.0, 0.0, 0.0, 0.0, 0.0, 0.0, 0.0, 0.0, 0.0, 0.0, 0.0, 0.0, 0.0, np.float64(0.9779271576365428), 0.0, 0.0, 0.0, 0.0, 0.0, 0.0, 0.0, 0.0, 0.0, 0.0, 0.0, 0.0, 0.0, 0.0, 0.0, 0.0, 0.0, 0.0, 0.0, 0.0]",1053,0.0,0.0,0.0,"[0.0, 0.0, 0.0, 0.0, 0.0, 0.0, 0.0, 0.0, 0.0, 0.0, 0.0, 0.0, 0.0, 0.0, 0.0, 0.0, 0.0, 0.0, 0.0, 0.0, 0.0, 0.0, 0.0, 0.0, 0.0, 0.0, 0.0, 0.0, 0.0, 0.0, 0.0, 0.0, 0.0, 0.0, 0.0, 0.0, 0.0, 0.0, 0.0, 0.0]",20689
BIOMD0000000539,6,11,0,1000,0.0,0.0,0.0,"[0.0, 0.0, 0.0, 0.0, 0.0, 0.0]",2,0.0,0.0,0.32189240319890433,"[0.0, 0.0, 0.0, 0.0, np.float64(0.32189240319890433), 0.0]",18,0.0,0.0,0.0,"[0.0, 0.0, 0.0, 0.0, 0.0, 0.0]",55
BIOMD0000000540,21,11,0,1000,0.0,0.0,4.440892098500626e-16,"[0.0, 0.0, 0.0, 0.0, 0.0, 0.0, np.float64(4.440892098500626e-16), 0.0, 0.0, 0.0, 0.0, 0.0, 0.0, 0.0, 0.0, 0.0, 0.0, 0.0, 0.0, 0.0, 0.0]",8,0.0,0.3518595577499407,0.9680881119250829,"[0.0, 0.0, np.float64(0.455002099750498), 0.0, np.float64(0.8645528108598182), np.float64(0.9680881089781417), np.float64(0.8833250888688933), np.float64(0.3518593022942703), 0.0, np.float64(0.06531890589890554), 0.0, 0.0, np.float64(0.4740700470439714), np.float64(0.3518595577499407), np.float64(0.8833251322894302), np.float64(0.8645528222115547), np.float64(0.9680881119250829), 0.0, np.float64(0.47407000511410224), np.float64(0.45500218619453814), np.float64(0.06531892316123289)]",360,0.0,0.0,0.9746159382866475,"[0.0, 0.0, 0.0, np.float64(0.9746159382866475), np.float64(0.9515900377650099), 0.0, 0.0, 0.0, 0.0, 0.0, 0.0, 0.0, 0.0, 0.0, 0.0, np.float64(0.9515900388406943), 0.0, 0.0, 0.0, 0.0, 0.0]",4508
BIOMD0000000541,30,30,0,1000,0.0,0.0,3.3306690738754696e-16,"[0.0, 0.0, np.float64(1.1102230246251565e-16), 0.0, 0.0, 0.0, 0.0, 0.0, 0.0, 0.0, 0.0, 0.0, 0.0, 0.0, 0.0, 0.0, 0.0, 0.0, 0.0, 0.0, 0.0, 0.0, np.float64(3.3306690738754696e-16), 0.0, 0.0, 0.0, 0.0, np.float64(1.1102230246251565e-16), 0.0, 0.0]",17,0.0,0.9448704785272526,0.9999984755052385,"[0.0, np.float64(0.9351242346124183), np.float64(0.9999984755052385), np.float64(0.9802004000576596), 0.0, np.float64(0.9805275070127555), np.float64(0.9546167225195218), np.float64(0.9791194586224327), np.float64(0.9096662992918912), 0.0, 0.0, 0.0, np.float64(0.954616722423747), np.float64(0.9805275069223404), np.float64(0.9802004000850444), 0.0, np.float64(0.9791194586131127), np.float64(0.9351242346307582), np.float64(0.9096662992832978), np.float64(0.9998058559873847), np.float64(0.9995966219916333), np.float64(0.9969803055405028), np.float64(0.996859337298791), np.float64(0.9996731227780056), 0.0, 0.0, 0.0, np.float64(0.9986435620240544), 0.0, 0.0]",711,0.0,0.0,0.9991647508674323,"[np.float64(0.34994411145609494), np.float64(0.9984617848850091), 0.0, np.float64(0.9991647508674323), 0.0, np.float64(0.9991124835460442), np.float64(0.9988248302072263), np.float64(0.9990485761485536), np.float64(0.9979246783006906), 0.0, np.float64(0.34994411145609494), 0.0, np.float64(0.9988248329830562), np.float64(0.9991124841331239), np.float64(0.999164749566109), 0.0, np.float64(0.9990485765270576), np.float64(0.9984617879923666), np.float64(0.9979246824168995), 0.0, 0.0, 0.0, 0.0, 0.0, 0.0, 0.0, 0.0, 0.0, 0.0, 0.0]",11043
BIOMD0000000543,105,127,0,1000,0.0,0.0,2.220446049250313e-16,"[0.0, 0.0, 0.0, 0.0, 0.0, 0.0, 0.0, 0.0, 0.0, 0.0, 0.0, 0.0, 0.0, 0.0, 0.0, 0.0, 0.0, 0.0, 0.0, 0.0, 0.0, 0.0, 0.0, 0.0, 0.0, 0.0, 0.0, 0.0, 0.0, 0.0, 0.0, 0.0, 0.0, 0.0, 0.0, 0.0, 0.0, 0.0, 0.0, 0.0, 0.0, 0.0, 0.0, 0.0, 0.0, 0.0, 0.0, 0.0, 0.0, 0.0, 0.0, 0.0, 0.0, 0.0, 0.0, 0.0, 0.0, 0.0, 0.0, 0.0, 0.0, 0.0, 0.0, 0.0, 0.0, 0.0, 0.0, 0.0, 0.0, 0.0, 0.0, 0.0, 0.0, 0.0, 0.0, 0.0, 0.0, 0.0, 0.0, 0.0, 0.0, 0.0, 0.0, 0.0, np.float64(2.220446049250313e-16), 0.0, 0.0, 0.0, np.float64(2.220446049250313e-16), 0.0, 0.0, 0.0, 0.0, 0.0, 0.0, 0.0, 0.0, 0.0, 0.0, 0.0, 0.0, 0.0, 0.0, 0.0, 0.0]",8,0.0,0.0,0.9999971838892684,"[0.0, 0.0, 0.0, 0.0, np.float64(0.9100610271288968), np.float64(0.5230674243157443), 0.0, np.float64(0.6017506910316566), 0.0, np.float64(0.9997235323590556), 0.0, 0.0, 0.0, 0.0, 0.0, 0.0, 0.0, 0.0, np.float64(0.7399841498657551), 0.0, 0.0, 0.0, 0.0, 0.0, 0.0, np.float64(0.6905811607371133), 0.0, np.float64(0.9999971838892531), 0.0, 0.0, np.float64(0.9999971838892607), 0.0, 0.0, 0.0, 0.0, 0.0, 0.0, 0.0, 0.0, 0.0, 0.0, 0.0, np.float64(0.9999971838892684), 0.0, 0.0, 0.0, 0.0, 0.0, 0.0, 0.0, 0.0, 0.0, 0.0, 0.0, 0.0, 0.0, 0.0, 0.0, 0.0, 0.0, 0.0, 0.0, 0.0, 0.0, 0.0, np.float64(0.9997237969212798), 0.0, 0.0, 0.0, 0.0, 0.0, 0.0, 0.0, np.float64(0.9742244893417342), 0.0, 0.0, 0.0, 0.0, 0.0, 0.0, np.float64(0.6640839669190868), 0.0, 0.0, 0.0, np.float64(0.9997235323572329), 0.0, 0.0, 0.0, 0.0, 0.0, np.float64(0.6763388461172579), np.float64(0.406078137611098), np.float64(0.44637636618702103), 0.0, 0.0, 0.0, 0.0, 0.0, np.float64(0.3128635270946656), 0.0, 0.0, 0.0, 0.0, 0.0, 0.0]",1001,0.0,0.0,0.9999999999999925,"[0.0, 0.0, np.float64(0.9999999999999925), 0.0, np.float64(0.9999999999940369), np.float64(0.9999999999873506), 0.0, np.float64(0.9999999999906419), 0.0, 0.0, np.float64(0.9999999999888073), 0.0, 0.0, 0.0, 0.0, np.float64(0.9999999999999661), np.float64(0.9999999999999872), 0.0, np.float64(0.9999999999939259), 0.0, 0.0, np.float64(0.9999999999999696), 0.0, np.float64(0.9999999999999706), np.float64(0.999999999999971), np.float64(0.999999999990414), 0.0, np.float64(0.9999995111594601), 0.0, 0.0, np.float64(0.9999995111595099), 0.0, 0.0, 0.0, 0.0, 0.0, 0.0, 0.0, 0.0, 0.0, 0.0, 0.0, np.float64(0.9999995111595122), 0.0, 0.0, 0.0, 0.0, 0.0, 0.0, 0.0, 0.0, 0.0, 0.0, 0.0, 0.0, 0.0, 0.0, 0.0, 0.0, 0.0, 0.0, 0.0, 0.0, 0.0, 0.0, 0.0, np.float64(0.9999970699238772), np.float64(0.9999999813114469), np.float64(0.9999999999795868), np.float64(0.9999999999999505), np.float64(0.9999999999999858), np.float64(0.999999999999989), np.float64(0.9999999999986933), np.float64(0.9999999999941384), np.float64(0.9999999999999768), np.float64(0.9999999999999735), np.float64(0.9999999999999674), 0.0, 0.0, 0.0, np.float64(0.9999999999908553), 0.0, 0.0, 0.0, 0.0, np.float64(0.9999999999999761), 0.0, 0.0, np.float64(0.9999999999888073), np.float64(0.9999999999990629), np.float64(0.9999999999926065), np.float64(0.9999999999194094), np.float64(0.9999999999609063), 0.0, 0.0, np.float64(0.999999999987827), 0.0, np.float64(0.999999999986978), np.float64(0.9999999999053468), 0.0, np.float64(0.9999999999226896), 0.0, 0.0, 0.0, 0.0]",403
BIOMD0000000544,102,119,0,1000,0.0,0.0,0.0,"[0.0, 0.0, 0.0, 0.0, 0.0, 0.0, 0.0, 0.0, 0.0, 0.0, 0.0, 0.0, 0.0, 0.0, 0.0, 0.0, 0.0, 0.0, 0.0, 0.0, 0.0, 0.0, 0.0, 0.0, 0.0, 0.0, 0.0, 0.0, 0.0, 0.0, 0.0, 0.0, 0.0, 0.0, 0.0, 0.0, 0.0, 0.0, 0.0, 0.0, 0.0, 0.0, 0.0, 0.0, 0.0, 0.0, 0.0, 0.0, 0.0, 0.0, 0.0, 0.0, 0.0, 0.0, 0.0, 0.0, 0.0, 0.0, 0.0, 0.0, 0.0, 0.0, 0.0, 0.0, 0.0, 0.0, 0.0, 0.0, 0.0, 0.0, 0.0, 0.0, 0.0, 0.0, 0.0, 0.0, 0.0, 0.0, 0.0, 0.0, 0.0, 0.0, 0.0, 0.0, 0.0, 0.0, 0.0, 0.0, 0.0, 0.0, 0.0, 0.0, 0.0, 0.0, 0.0, 0.0, 0.0, 0.0, 0.0, 0.0, 0.0, 0.0]",8,0.0,0.0,0.9999965864600306,"[0.0, 0.0, np.float64(0.9418385572979132), 0.0, 0.0, np.float64(0.9997103879359402), 0.0, 0.0, 0.0, 0.0, 0.0, 0.0, 0.0, 0.0, np.float64(0.6680506250923599), 0.0, 0.0, 0.0, 0.0, 0.0, 0.0, 0.0, 0.0, np.float64(0.999996586459835), 0.0, 0.0, np.float64(0.9999965864596121), 0.0, 0.0, 0.0, 0.0, 0.0, 0.0, 0.0, 0.0, 0.0, 0.0, 0.0, np.float64(0.9999965864600306), 0.0, 0.0, 0.0, 0.0, 0.0, 0.0, 0.0, 0.0, 0.0, 0.0, 0.0, 0.0, 0.0, 0.0, 0.0, 0.0, 0.0, 0.0, 0.0, 0.0, np.float64(0.5884772630931087), 0.0, 0.0, 0.0, np.float64(0.9997106189726179), 0.0, 0.0, 0.0, 0.0, 0.0, 0.0, 0.0, np.float64(0.9861560533028983), 0.0, 0.0, 0.0, 0.0, 0.0, 0.0, np.float64(0.9081842423577657), 0.0, 0.0, 0.0, np.float64(0.999710387989118), 0.0, 0.0, 0.0, 0.0, np.float64(0.6407720942635966), np.float64(0.21922737759471023), np.float64(0.6472294378457542), 0.0, 0.0, 0.0, 0.0, 0.0, np.float64(0.14362169248488577), 0.0, 0.0, 0.0, 0.0, 0.0, 0.0]",931,0.0,0.0,0.9999999999905299,"[np.float64(0.9999999999405929), 0.0, np.float64(0.9999999999856876), np.float64(0.9999999998427026), 0.0, 0.0, np.float64(0.9999999999839307), 0.0, 0.0, 0.0, 0.0, np.float64(0.9999999999388628), np.float64(0.9999999998840584), 0.0, np.float64(0.9999999999905299), 0.0, 0.0, np.float64(0.9999999999660234), 0.0, np.float64(0.9999999999192621), np.float64(0.9999999999701832), np.float64(0.9999999998143988), 0.0, np.float64(0.9999965864571807), 0.0, 0.0, np.float64(0.9999965864572048), 0.0, 0.0, 0.0, 0.0, 0.0, 0.0, 0.0, 0.0, 0.0, 0.0, 0.0, np.float64(0.9999965864572209), 0.0, 0.0, 0.0, 0.0, 0.0, 0.0, 0.0, 0.0, 0.0, 0.0, 0.0, 0.0, 0.0, 0.0, 0.0, 0.0, 0.0, 0.0, 0.0, 0.0, np.float64(0.9999999997849162), 0.0, 0.0, 0.0, 0.0, np.float64(0.9999963879166583), np.float64(0.9999999795505746), np.float64(0.9999999999444817), np.float64(0.9999999998535145), np.float64(0.9999999999559003), np.float64(0.9999999998459375), np.float64(0.9999999990401186), np.float64(0.9999999999782029), np.float64(0.9999999926267571), np.float64(0.999999999911266), np.float64(0.9999999999026393), 0.0, 0.0, 0.0, np.float64(0.9999999997539101), 0.0, 0.0, 0.0, 0.0, np.float64(0.999999992626993), 0.0, 0.0, np.float64(0.9999999999839307), np.float64(0.9999999998786547), np.float64(0.9999999998968712), np.float64(0.9999999999630342), 0.0, 0.0, np.float64(0.9999999995928209), 0.0, 0.0, np.float64(0.9999999999446397), 0.0, np.float64(0.9999999999495552), 0.0, 0.0, 0.0, 0.0]",327
BIOMD0000000545,14,10,0,1000,0.0,0.0,2.220446049250313e-16,"[0.0, 0.0, 0.0, 0.0, np.float64(2.220446049250313e-16), 0.0, np.float64(1.1102230246251565e-16), 0.0, 0.0, 0.0, 0.0, 0.0, 0.0, np.float64(1.1102230246251565e-16)]",11,0.0,0.9951742936077197,0.9998810376707532,"[np.float64(0.9882456589174764), np.float64(0.9960547139108589), np.float64(0.9998810376707532), np.float64(0.9949509892495529), np.float64(0.9859784352392467), np.float64(0.9953975979658866), np.float64(0.9998128945339793), np.float64(0.9997775341937136), np.float64(0.25105018135515433), np.float64(0.25105018135515433), 0.0, np.float64(0.25105018135515433), np.float64(0.9967352642809819), np.float64(0.9967352642809821)]",152,0.0,0.32537147524459265,0.9981950399763526,"[0.0, np.float64(0.35714752740157174), np.float64(0.9981950399763526), np.float64(0.9619794475495329), 0.0, np.float64(0.9530663611871641), np.float64(0.29359542308761355), np.float64(0.3935091656190878), 0.0, 0.0, 0.0, 0.0, np.float64(0.4783291331411418), np.float64(0.47832913325768633)]",1356
BIOMD0000000546,3,5,0,1000,0.0,0.0,0.0,"[0.0, 0.0, 0.0]",3,0.7856832728908534,0.8248866701466467,0.9999998195002584,"[np.float64(0.8248866701466467), np.float64(0.7856832728908534), np.float64(0.9999998195002584)]",11,0.0,0.0,0.9999995910373187,"[0.0, 0.0, np.float64(0.9999995910373187)]",8
BIOMD0000000552,2,4,0,1000,0.0,0.0,0.0,"[0.0, 0.0]",2,0.0,0.0,0.0,"[0.0, 0.0]",2,0.0,0.0,0.0,"[0.0, 0.0]",1
BIOMD0000000553,2,4,0,1000,0.0,0.0,0.0,"[0.0, 0.0]",2,0.0,0.0,0.0,"[0.0, 0.0]",2,0.0,0.0,0.0,"[0.0, 0.0]",1
BIOMD0000000558,2,4,0,1000,0.0,0.0,0.0,"[0.0, 0.0]",0,0.25373189798101714,0.6235614442374802,0.9933909904939432,"[np.float64(0.25373189798101714), np.float64(0.9933909904939432)]",4,0.0,0.49593502618601953,0.9918700523720391,"[0.0, np.float64(0.9918700523720391)]",4
BIOMD0000000559,89,136,0,1000,0.0,0.0,0.0,"[0.0, 0.0, 0.0, 0.0, 0.0, 0.0, 0.0, 0.0, 0.0, 0.0, 0.0, 0.0, 0.0, 0.0, 0.0, 0.0, 0.0, 0.0, 0.0, 0.0, 0.0, 0.0, 0.0, 0.0, 0.0, 0.0, 0.0, 0.0, 0.0, 0.0, 0.0, 0.0, 0.0, 0.0, 0.0, 0.0, 0.0, 0.0, 0.0, 0.0, 0.0, 0.0, 0.0, 0.0, 0.0, 0.0, 0.0, 0.0, 0.0, 0.0, 0.0, 0.0, 0.0, 0.0, 0.0, 0.0, 0.0, 0.0, 0.0, 0.0, 0.0, 0.0, 0.0, 0.0, 0.0, 0.0, 0.0, 0.0, 0.0, 0.0, 0.0, 0.0, 0.0, 0.0, 0.0, 0.0, 0.0, 0.0, 0.0, 0.0, 0.0, 0.0, 0.0, 0.0, 0.0, 0.0, 0.0, 0.0, 0.0]",0,0.0,0.0,0.9856105127285539,"[np.float64(0.9154060650656304), 0.0, 0.0, np.float64(0.6450984484238376), 0.0, 0.0, 0.0, 0.0, 0.0, 0.0, 0.0, 0.0, 0.0, 0.0, 0.0, 0.0, 0.0, 0.0, 0.0, 0.0, 0.0, 0.0, 0.0, 0.0, 0.0, 0.0, 0.0, 0.0, 0.0, 0.0, 0.0, 0.0, 0.0, 0.0, 0.0, 0.0, 0.0, 0.0, 0.0, 0.0, 0.0, 0.0, 0.0, 0.0, 0.0, 0.0, 0.0, 0.0, 0.0, 0.0, 0.0, 0.0, 0.0, 0.0, 0.0, 0.0, np.float64(0.82866892769649), np.float64(0.9856105127285539), 0.0, 0.0, 0.0, np.float64(0.7796313318938228), 0.0, 0.0, 0.0, 0.0, 0.0, 0.0, 0.0, 0.0, 0.0, 0.0, 0.0, np.float64(0.775652341436112), 0.0, 0.0, 0.0, 0.0, 0.0, 0.0, 0.0, 0.0, 0.0, 0.0, 0.0, 0.0, 0.0, 0.0, 0.0]",4900,0.0,0.0,0.0,"[0.0, 0.0, 0.0, 0.0, 0.0, 0.0, 0.0, 0.0, 0.0, 0.0, 0.0, 0.0, 0.0, 0.0, 0.0, 0.0, 0.0, 0.0, 0.0, 0.0, 0.0, 0.0, 0.0, 0.0, 0.0, 0.0, 0.0, 0.0, 0.0, 0.0, 0.0, 0.0, 0.0, 0.0, 0.0, 0.0, 0.0, 0.0, 0.0, 0.0, 0.0, 0.0, 0.0, 0.0, 0.0, 0.0, 0.0, 0.0, 0.0, 0.0, 0.0, 0.0, 0.0, 0.0, 0.0, 0.0, 0.0, 0.0, 0.0, 0.0, 0.0, 0.0, 0.0, 0.0, 0.0, 0.0, 0.0, 0.0, 0.0, 0.0, 0.0, 0.0, 0.0, 0.0, 0.0, 0.0, 0.0, 0.0, 0.0, 0.0, 0.0, 0.0, 0.0, 0.0, 0.0, 0.0, 0.0, 0.0, 0.0]",88752
BIOMD0000000560,62,117,0,1000,0.0,0.0,3.3306690738754696e-16,"[0.0, 0.0, 0.0, 0.0, 0.0, np.float64(3.3306690738754696e-16), np.float64(3.3306690738754696e-16), 0.0, 0.0, 0.0, 0.0, 0.0, 0.0, 0.0, 0.0, 0.0, 0.0, 0.0, 0.0, 0.0, 0.0, 0.0, 0.0, 0.0, 0.0, 0.0, 0.0, 0.0, 0.0, 0.0, 0.0, 0.0, 0.0, 0.0, 0.0, 0.0, 0.0, 0.0, 0.0, 0.0, 0.0, 0.0, 0.0, 0.0, 0.0, 0.0, 0.0, 0.0, 0.0, 0.0, 0.0, 0.0, 0.0, 0.0, 0.0, 0.0, 0.0, 0.0, 0.0, 0.0, 0.0, 0.0]",4,0.0,0.0,0.9999969143427543,"[0.0, 0.0, np.float64(0.10301109327313807), 0.0, 0.0, np.float64(0.9999969143427543), np.float64(0.9999956363492628), 0.0, 0.0, 0.0, 0.0, 0.0, 0.0, 0.0, 0.0, 0.0, 0.0, 0.0, 0.0, 0.0, 0.0, 0.0, 0.0, 0.0, 0.0, 0.0, 0.0, 0.0, 0.0, 0.0, 0.0, 0.0, 0.0, 0.0, 0.0, np.float64(0.065724004998995), np.float64(0.06546108287498886), 0.0, np.float64(0.37326713152711666), 0.0, 0.0, np.float64(0.5298981591565646), 0.0, 0.0, 0.0, 0.0, 0.0, 0.0, 0.0, 0.0, 0.0, 0.0, 0.0, 0.0, 0.0, 0.0, 0.0, 0.0, 0.0, 0.0, 0.0, np.float64(0.21933257821594843)]",955,0.0,0.999999999997278,0.9999999999999984,"[0.0, np.float64(0.9999999999999886), 0.0, 0.0, 0.0, 0.0, 0.0, 0.0, 0.0, np.float64(0.9999999999947807), np.float64(0.9999999999949355), np.float64(0.9999989738365379), np.float64(0.9999999999973402), np.float64(0.9999999999806811), np.float64(0.9999999999984074), np.float64(0.9999999999745598), np.float64(0.9999999999857502), np.float64(0.9999999999857502), np.float64(0.9999999999991446), np.float64(0.9999999999999912), np.float64(0.9999999999895745), np.float64(0.9999999999997273), np.float64(0.9999999999973257), np.float64(0.9999999999978472), np.float64(0.999999999997848), np.float64(0.9999999999981974), 0.0, np.float64(0.9999999999978012), np.float64(0.9999999999953468), np.float64(0.999999999997278), np.float64(0.999999999997278), np.float64(0.9999999999999882), np.float64(0.9999999999999887), np.float64(0.999999999999395), np.float64(0.999999999999438), np.float64(0.9999999999992477), np.float64(0.9999999999992482), np.float64(0.9999999999998889), np.float64(0.9999999999994201), np.float64(0.9999999999998994), np.float64(0.9999999999999668), np.float64(0.9999999999926552), np.float64(0.9999999999992917), np.float64(0.9999999999995136), np.float64(0.9999999999996564), np.float64(0.999999999999998), np.float64(0.9999999999999984), np.float64(0.9999999999993597), np.float64(0.9999999999999984), np.float64(0.9999999998472094), np.float64(0.9999999999908189), 0.0, np.float64(0.9999999999980731), 0.0, 0.0, 0.0, 0.0, 0.0, 0.0, np.float64(0.9999999999999983), np.float64(0.9999999999931687), 0.0]",3101
BIOMD0000000563,10,15,0,1000,0.0,0.0,0.0,"[0.0, 0.0, 0.0, 0.0, 0.0, 0.0, 0.0, 0.0, 0.0, 0.0]",1,0.0,0.0,0.9439959106245506,"[np.float64(0.9439959106245506), 0.0, 0.0, 0.0, 0.0, np.float64(0.2632312560316281), 0.0, 0.0, 0.0, np.float64(0.9378811476048327)]",11,0.0,0.0,0.0,"[0.0, 0.0, 0.0, 0.0, 0.0, 0.0, 0.0, 0.0, 0.0, 0.0]",188
BIOMD0000000564,19,38,0,1000,0.0,0.0,0.0,"[0.0, 0.0, 0.0, 0.0, 0.0, 0.0, 0.0, 0.0, 0.0, 0.0, 0.0, 0.0, 0.0, 0.0, 0.0, 0.0, 0.0, 0.0, 0.0]",0,0.0,0.1640180306964205,0.9592988968118088,"[0.0, np.float64(0.10679083848861848), np.float64(0.8503126172712261), 0.0, 0.0, np.float64(0.8966968025103076), np.float64(0.9592988968118088), np.float64(0.5081455329160317), np.float64(0.8325955727918228), np.float64(0.6875072039349175), np.float64(0.01199264685320367), 0.0, 0.0, np.float64(0.689185068837504), 0.0, np.float64(0.7221909403537238), np.float64(0.1640180306964205), np.float64(0.7418639134015155), 0.0]",350,0.0,0.0,0.0,"[0.0, 0.0, 0.0, 0.0, 0.0, 0.0, 0.0, 0.0, 0.0, 0.0, 0.0, 0.0, 0.0, 0.0, 0.0, 0.0, 0.0, 0.0, 0.0]",3990
BIOMD0000000565,26,64,0,1000,0.0,0.0,2.220446049250313e-16,"[np.float64(1.1102230246251565e-16), 0.0, 0.0, 0.0, 0.0, 0.0, 0.0, 0.0, 0.0, 0.0, 0.0, 0.0, 0.0, 0.0, 0.0, 0.0, 0.0, 0.0, 0.0, 0.0, 0.0, np.float64(2.220446049250313e-16), 0.0, 0.0, 0.0, 0.0]",8,0.0,0.9937426565925235,0.9999987324809125,"[np.float64(0.990737071097899), np.float64(0.9971230703297833), np.float64(0.9967760870807425), np.float64(0.9974148349409931), np.float64(0.9995283042348255), 0.0, 0.0, np.float64(0.9999987324809125), np.float64(0.9999414720852006), 0.0, np.float64(0.9997543769660782), np.float64(0.9995620642992771), np.float64(0.9862613340751674), np.float64(0.9780512727236315), np.float64(0.8766681735957268), np.float64(0.9956354550989508), np.float64(0.9998415610996408), 0.0, np.float64(0.9999949903283766), np.float64(0.9997179129510779), np.float64(0.9395807820577033), np.float64(0.9395813262883376), np.float64(0.9997393506882769), np.float64(0.9760195886313675), np.float64(0.9918498580860962), 0.0]",658,0.0,0.0,0.0,"[0.0, 0.0, 0.0, 0.0, 0.0, 0.0, 0.0, 0.0, 0.0, 0.0, 0.0, 0.0, 0.0, 0.0, 0.0, 0.0, 0.0, 0.0, 0.0, 0.0, 0.0, 0.0, 0.0, 0.0, 0.0, 0.0]",7131
BIOMD0000000568,24,69,0,1000,0.0,0.0,0.0,"[0.0, 0.0, 0.0, 0.0, 0.0, 0.0, 0.0, 0.0, 0.0, 0.0, 0.0, 0.0, 0.0, 0.0, 0.0, 0.0, 0.0, 0.0, 0.0, 0.0, 0.0, 0.0, 0.0, 0.0]",7,0.0,0.0,0.9999999874117308,"[0.0, np.float64(0.9000807951404579), 0.0, 0.0, 0.0, 0.0, 0.0, 0.0, 0.0, 0.0, 0.0, np.float64(0.9999999874117308), np.float64(0.9997134232828994), np.float64(0.9998932577790021), np.float64(0.9999306045424203), np.float64(0.9999405279045174), 0.0, 0.0, 0.0, 0.0, 0.0, 0.0, 0.0, np.float64(0.9999591596947073)]",359,0.0,0.0,0.0,"[0.0, 0.0, 0.0, 0.0, 0.0, 0.0, 0.0, 0.0, 0.0, 0.0, 0.0, 0.0, 0.0, 0.0, 0.0, 0.0, 0.0, 0.0, 0.0, 0.0, 0.0, 0.0, 0.0, 0.0]",6750
BIOMD0000000569,21,62,0,1000,0.0,0.0,0.0,"[0.0, 0.0, 0.0, 0.0, 0.0, 0.0, 0.0, 0.0, 0.0, 0.0, 0.0, 0.0, 0.0, 0.0, 0.0, 0.0, 0.0, 0.0, 0.0, 0.0, 0.0]",0,0.0,0.2434186421530593,0.2434186421530593,"[0.0, np.float64(0.2434186421530593), 0.0, np.float64(0.2434186421530593), 0.0, 0.0, np.float64(0.2434186421530593), 0.0, np.float64(0.2434186421530593), np.float64(0.2434186421530593), np.float64(0.2434186421530593), np.float64(0.2434186421530593), np.float64(0.2434186421530593), np.float64(0.2434186421530593), np.float64(0.2434186421530593), np.float64(0.2434186421530593), np.float64(0.2434186421530593), np.float64(0.2434186421530593), np.float64(0.2434186421530593), 0.0, 0.0]",70,0.0,0.0,0.0,"[0.0, 0.0, 0.0, 0.0, 0.0, 0.0, 0.0, 0.0, 0.0, 0.0, 0.0, 0.0, 0.0, 0.0, 0.0, 0.0, 0.0, 0.0, 0.0, 0.0, 0.0]",748
BIOMD0000000571,58,92,0,1000,0.0,0.0,0.0,"[0.0, 0.0, 0.0, 0.0, 0.0, 0.0, 0.0, 0.0, 0.0, 0.0, 0.0, 0.0, 0.0, 0.0, 0.0, 0.0, 0.0, 0.0, 0.0, 0.0, 0.0, 0.0, 0.0, 0.0, 0.0, 0.0, 0.0, 0.0, 0.0, 0.0, 0.0, 0.0, 0.0, 0.0, 0.0, 0.0, 0.0, 0.0, 0.0, 0.0, 0.0, 0.0, 0.0, 0.0, 0.0, 0.0, 0.0, 0.0, 0.0, 0.0, 0.0, 0.0, 0.0, 0.0, 0.0, 0.0, 0.0, 0.0]",0,0.0,0.0,0.0,"[0.0, 0.0, 0.0, 0.0, 0.0, 0.0, 0.0, 0.0, 0.0, 0.0, 0.0, 0.0, 0.0, 0.0, 0.0, 0.0, 0.0, 0.0, 0.0, 0.0, 0.0, 0.0, 0.0, 0.0, 0.0, 0.0, 0.0, 0.0, 0.0, 0.0, 0.0, 0.0, 0.0, 0.0, 0.0, 0.0, 0.0, 0.0, 0.0, 0.0, 0.0, 0.0, 0.0, 0.0, 0.0, 0.0, 0.0, 0.0, 0.0, 0.0, 0.0, 0.0, 0.0, 0.0, 0.0, 0.0, 0.0, 0.0]",310,0.0,0.0,0.0,"[0.0, 0.0, 0.0, 0.0, 0.0, 0.0, 0.0, 0.0, 0.0, 0.0, 0.0, 0.0, 0.0, 0.0, 0.0, 0.0, 0.0, 0.0, 0.0, 0.0, 0.0, 0.0, 0.0, 0.0, 0.0, 0.0, 0.0, 0.0, 0.0, 0.0, 0.0, 0.0, 0.0, 0.0, 0.0, 0.0, 0.0, 0.0, 0.0, 0.0, 0.0, 0.0, 0.0, 0.0, 0.0, 0.0, 0.0, 0.0, 0.0, 0.0, 0.0, 0.0, 0.0, 0.0, 0.0, 0.0, 0.0, 0.0]",3499
BIOMD0000000573,2,7,0,1000,0.0,0.0,0.0,"[0.0, 0.0]",0,0.0,0.0,0.0,"[0.0, 0.0]",0,0.0,0.0,0.0,"[0.0, 0.0]",1
BIOMD0000000576,34,52,0,1000,0.0,0.0,0.0,"[0.0, 0.0, 0.0, 0.0, 0.0, 0.0, 0.0, 0.0, 0.0, 0.0, 0.0, 0.0, 0.0, 0.0, 0.0, 0.0, 0.0, 0.0, 0.0, 0.0, 0.0, 0.0, 0.0, 0.0, 0.0, 0.0, 0.0, 0.0, 0.0, 0.0, 0.0, 0.0, 0.0, 0.0]",21,0.0,0.9997040690989404,0.9999994792413598,"[np.float64(0.9999990619046522), 0.0, np.float64(0.9127448887894926), np.float64(0.9999991999686604), 0.0, np.float64(0.9999973406695549), np.float64(0.9999899983746949), np.float64(0.9999969518607839), 0.0, 0.0, 0.0, np.float64(0.9999991999687735), np.float64(0.9999994792413598), np.float64(0.9999990619048605), np.float64(0.9999977041422433), np.float64(0.9995151740879982), np.float64(0.9999989414892866), np.float64(0.9999989414883972), 0.0, np.float64(0.9112354097656975), np.float64(0.9109571883773054), np.float64(0.9999966182962163), 0.0, 0.0, 0.0, 0.0, 0.0, 0.0, 0.0, np.float64(0.9998929641098826), np.float64(0.9999993237848722), np.float64(0.9999993237849178), np.float64(0.9999202798462712), np.float64(0.999920279872433)]",697,0.0,0.0,0.9186171345635789,"[0.0, 0.0, np.float64(0.9186171345635789), 0.0, np.float64(0.17944250038591747), 0.0, 0.0, 0.0, 0.0, 0.0, 0.0, 0.0, 0.0, 0.0, 0.0, 0.0, 0.0, 0.0, 0.0, np.float64(0.9172142395430826), np.float64(0.9169548554876933), 0.0, np.float64(0.17944250038591747), np.float64(0.17944250038591747), np.float64(0.17944250038591747), np.float64(0.17944250038591747), np.float64(0.17944250038591747), np.float64(0.17944250038591747), np.float64(0.17944250038591747), 0.0, 0.0, 0.0, 0.0, 0.0]",5591
BIOMD0000000577,32,64,0,1000,0.0,0.0,0.0,"[0.0, 0.0, 0.0, 0.0, 0.0, 0.0, 0.0, 0.0, 0.0, 0.0, 0.0, 0.0, 0.0, 0.0, 0.0, 0.0, 0.0, 0.0, 0.0, 0.0, 0.0, 0.0, 0.0, 0.0, 0.0, 0.0, 0.0, 0.0, 0.0, 0.0, 0.0, 0.0]",0,0.0,0.9842382682775922,0.9999999999438853,"[0.0, 0.0, 0.0, np.float64(0.6683187123382925), np.float64(0.3866228256591182), np.float64(0.9997966432209641), np.float64(0.9997892643294832), np.float64(0.9999997348939417), np.float64(0.7687677260497625), np.float64(0.9999992670365321), np.float64(0.9997685580657285), np.float64(0.9997841089373948), 0.0, np.float64(0.9999924514535771), np.float64(0.9999989780534596), np.float64(0.9999999537135049), np.float64(0.9901574168670224), np.float64(0.6897039839741765), np.float64(0.9476820179654382), np.float64(0.5798084771241658), 0.0, np.float64(0.2835975658476605), np.float64(0.9999999999438853), np.float64(0.978319119688162), 0.0, np.float64(0.9999991526079213), np.float64(0.9999999986664311), np.float64(0.9999999988294817), 0.0, 0.0, np.float64(0.9999999274483957), np.float64(0.9999998272916647)]",930,0.0,0.23049650758189932,0.9999999952597165,"[0.0, 0.0, 0.0, 0.0, 0.0, np.float64(0.7143881876785634), np.float64(0.7044290900656454), 0.0, 0.0, np.float64(0.9974871461085463), 0.0, np.float64(0.46099301516379865), np.float64(0.6995180000127916), np.float64(0.9884092537083613), np.float64(0.963967263908625), np.float64(0.9999926305099034), 0.0, np.float64(0.9847270341458432), np.float64(0.9533946867191492), np.float64(0.6334161830585994), 0.0, 0.0, np.float64(0.9999999952597165), np.float64(0.7152292449416824), np.float64(0.6845426436343298), np.float64(0.9985346056395081), 0.0, np.float64(0.9830604723433574), 0.0, 0.0, 0.0, 0.0]",17611
BIOMD0000000580,26,26,0,1000,0.0,0.0,1.1102230246251565e-16,"[np.float64(1.1102230246251565e-16), 0.0, 0.0, 0.0, 0.0, np.float64(1.1102230246251565e-16), 0.0, 0.0, 0.0, 0.0, np.float64(1.1102230246251565e-16), np.float64(1.1102230246251565e-16), 0.0, np.float64(1.1102230246251565e-16), 0.0, 0.0, 0.0, 0.0, 0.0, 0.0, 0.0, 0.0, 0.0, 0.0, 0.0, 0.0]",4,0.0,0.0,0.9983168118348774,"[0.0, np.float64(0.9983168118348774), 0.0, 0.0, 0.0, np.float64(0.0776368862200727), 0.0, 0.0, 0.0, 0.0, np.float64(0.0776368862200727), np.float64(0.0776368862200727), 0.0, 0.0, 0.0, 0.0, 0.0, 0.0, 0.0, 0.0, 0.0, 0.0, 0.0, 0.0, 0.0, 0.0]",332,0.0,0.0,0.9999999999999974,"[np.float64(0.9999999999999974), np.float64(0.9999999999999974), 0.0, 0.0, 0.0, np.float64(0.07763756632560859), 0.0, 0.0, 0.0, 0.0, np.float64(0.07763756632560859), np.float64(0.07763756632560859), np.float64(0.9999999999991623), np.float64(0.9999999999999964), 0.0, 0.0, 0.0, 0.0, 0.0, 0.0, 0.0, 0.0, 0.0, 0.0, 0.0, 0.0]",1324
BIOMD0000000582,23,41,0,1000,0.0,0.0,2.220446049250313e-16,"[0.0, 0.0, 0.0, np.float64(2.220446049250313e-16), 0.0, 0.0, 0.0, np.float64(2.220446049250313e-16), 0.0, 0.0, np.float64(2.220446049250313e-16), 0.0, 0.0, 0.0, 0.0, 0.0, 0.0, 0.0, 0.0, np.float64(2.220446049250313e-16), 0.0, 0.0, 0.0]",18,0.0,0.0,0.9975360221453555,"[0.0, 0.0, 0.0, 0.0, 0.0, 0.0, 0.0, 0.0, 0.0, 0.0, 0.0, 0.0, 0.0, 0.0, np.float64(0.8234095496608699), 0.0, 0.0, 0.0, 0.0, 0.0, 0.0, 0.0, np.float64(0.9975360221453555)]",457,0.0,0.0,0.0,"[0.0, 0.0, 0.0, 0.0, 0.0, 0.0, 0.0, 0.0, 0.0, 0.0, 0.0, 0.0, 0.0, 0.0, 0.0, 0.0, 0.0, 0.0, 0.0, 0.0, 0.0, 0.0, 0.0]",5893
BIOMD0000000584,21,14,0,1000,0.0,0.0,0.0,"[0.0, 0.0, 0.0, 0.0, 0.0, 0.0, 0.0, 0.0, 0.0, 0.0, 0.0, 0.0, 0.0, 0.0, 0.0, 0.0, 0.0, 0.0, 0.0, 0.0, 0.0]",4,0.0,0.0,0.0,"[0.0, 0.0, 0.0, 0.0, 0.0, 0.0, 0.0, 0.0, 0.0, 0.0, 0.0, 0.0, 0.0, 0.0, 0.0, 0.0, 0.0, 0.0, 0.0, 0.0, 0.0]",38,0.0,0.0,0.0,"[0.0, 0.0, 0.0, 0.0, 0.0, 0.0, 0.0, 0.0, 0.0, 0.0, 0.0, 0.0, 0.0, 0.0, 0.0, 0.0, 0.0, 0.0, 0.0, 0.0, 0.0]",484
BIOMD0000000586,10,23,0,1000,0.0,0.0,0.0,"[0.0, 0.0, 0.0, 0.0, 0.0, 0.0, 0.0, 0.0, 0.0, 0.0]",3,0.0,0.040780038939693286,0.9999999999999925,"[0.0, np.float64(0.08156007787938657), 0.0, np.float64(0.9999999999999925), 0.0, np.float64(0.9999999999999758), np.float64(0.08156007787938657), np.float64(0.08156007787938657), 0.0, 0.0]",18,0.0,0.0,0.2099208608073917,"[0.0, np.float64(0.2099208608073917), 0.0, 0.0, 0.0, 0.0, 0.0, 0.0, 0.0, 0.0]",450
BIOMD0000000587,10,23,0,1000,0.0,0.0,1.1102230246251565e-16,"[0.0, 0.0, 0.0, 0.0, 0.0, np.float64(1.1102230246251565e-16), 0.0, 0.0, 0.0, 0.0]",3,0.0,0.040415815536534005,0.9999999999999977,"[0.0, np.float64(0.08083163107306801), 0.0, np.float64(0.9999999999999977), 0.0, np.float64(0.999999999999992), np.float64(0.08083163107306801), np.float64(0.08083163107306801), 0.0, 0.0]",18,0.0,0.0,0.17364557471485031,"[0.0, np.float64(0.17364557471485031), 0.0, 0.0, 0.0, 0.0, 0.0, 0.0, 0.0, 0.0]",440
BIOMD0000000590,9,20,0,1000,0.0,0.0,0.0,"[0.0, 0.0, 0.0, 0.0, 0.0, 0.0, 0.0, 0.0, 0.0]",0,0.0,0.0,0.9993986662596858,"[np.float64(0.9993986662596858), 0.0, 0.0, 0.0, 0.0, 0.0, 0.0, np.float64(0.9531573875168456), np.float64(0.9969569927666615)]",75,0.0,0.0,0.0,"[0.0, 0.0, 0.0, 0.0, 0.0, 0.0, 0.0, 0.0, 0.0]",478
BIOMD0000000596,15,36,0,1000,0.0,0.0,0.0,"[0.0, 0.0, 0.0, 0.0, 0.0, 0.0, 0.0, 0.0, 0.0, 0.0, 0.0, 0.0, 0.0, 0.0, 0.0]",0,0.0,0.0,0.9999954556021743,"[0.0, 0.0, 0.0, 0.0, 0.0, 0.0, 0.0, 0.0, 0.0, 0.0, 0.0, 0.0, np.float64(0.9999954556021743), np.float64(0.9999827544857649), 0.0]",124,0.0,0.0,0.9998456642296734,"[0.0, 0.0, 0.0, 0.0, 0.0, np.float64(0.9998456642296734), 0.0, 0.0, 0.0, 0.0, 0.0, 0.0, np.float64(0.9986708599909305), 0.0, 0.0]",1400
BIOMD0000000598,28,56,0,1000,0.0,0.0,0.0,"[0.0, 0.0, 0.0, 0.0, 0.0, 0.0, 0.0, 0.0, 0.0, 0.0, 0.0, 0.0, 0.0, 0.0, 0.0, 0.0, 0.0, 0.0, 0.0, 0.0, 0.0, 0.0, 0.0, 0.0, 0.0, 0.0, 0.0, 0.0]",0,0.0,0.8314833818414601,0.9993564025203332,"[np.float64(0.9897300027363726), np.float64(0.7987624849917401), np.float64(0.7957865444817621), 0.0, 0.0, 0.0, np.float64(0.5761695025417509), np.float64(0.06561614186253872), 0.0, 0.0, np.float64(0.9962699525283837), np.float64(0.958020787903513), np.float64(0.9341697324513359), np.float64(0.8035352736646818), np.float64(0.06561614185917619), np.float64(0.9968257888399427), 0.0, np.float64(0.9993564025203332), np.float64(0.8594314900182384), np.float64(0.9944936694863254), np.float64(0.9963166750937603), np.float64(0.9713843492951483), np.float64(0.6508333841679874), np.float64(0.9918364415709877), np.float64(0.9920076879451906), 0.0, np.float64(0.9934006749972092), np.float64(0.984168846817732)]",716,0.0,0.9850112021004462,0.9999911665238032,"[np.float64(0.9288246641051364), 0.0, 0.0, np.float64(0.9999700841070966), 0.0, np.float64(0.9919323553147652), np.float64(0.9999911665238032), np.float64(0.9999069706065615), np.float64(0.9932934155761854), 0.0, np.float64(0.9885399136581949), np.float64(0.9913209261943831), np.float64(0.9986836660909335), np.float64(0.7235468369231908), np.float64(0.9999069706070572), np.float64(0.9732065925034713), 0.0, np.float64(0.9983900267230548), np.float64(0.9999184275843735), np.float64(0.9461905062621269), np.float64(0.9885850139782394), np.float64(0.9999750092527329), np.float64(0.9998430289538136), np.float64(0.91544638480159), np.float64(0.9779704176086614), np.float64(0.9334498961210271), np.float64(0.9814824905426975), np.float64(0.9555604532590991)]",12165
BIOMD0000000599,30,37,0,1000,0.0,0.0,2.220446049250313e-16,"[0.0, 0.0, 0.0, 0.0, np.float64(2.220446049250313e-16), 0.0, 0.0, 0.0, 0.0, 0.0, 0.0, 0.0, 0.0, 0.0, 0.0, np.float64(1.1102230246251565e-16), 0.0, 0.0, 0.0, np.float64(2.220446049250313e-16), np.float64(1.1102230246251565e-16), 0.0, 0.0, 0.0, 0.0, 0.0, 0.0, 0.0, np.float64(1.1102230246251565e-16), 0.0]",30,0.0,0.0,0.9471525963704525,"[0.0, 0.0, np.float64(0.9280968308689512), np.float64(0.9429126641881092), 0.0, np.float64(0.9429126648682349), 0.0, np.float64(0.9242978991707004), 0.0, 0.0, np.float64(0.9471525963553299), 0.0, 0.0, np.float64(0.9297619133473353), np.float64(0.929741952825126), 0.0, 0.0, np.float64(0.9297588286763573), np.float64(0.9297592142752823), 0.0, 0.0, 0.0, np.float64(0.9297419529937759), np.float64(0.9297588288631442), 0.0, 0.0, np.float64(0.9471525963704525), 0.0, 0.0, np.float64(0.9300402270834238)]",698,0.0,0.0,0.0,"[0.0, 0.0, 0.0, 0.0, 0.0, 0.0, 0.0, 0.0, 0.0, 0.0, 0.0, 0.0, 0.0, 0.0, 0.0, 0.0, 0.0, 0.0, 0.0, 0.0, 0.0, 0.0, 0.0, 0.0, 0.0, 0.0, 0.0, 0.0, 0.0, 0.0]",1208
BIOMD0000000602,14,42,0,1000,0.0,0.0,0.0,"[0.0, 0.0, 0.0, 0.0, 0.0, 0.0, 0.0, 0.0, 0.0, 0.0, 0.0, 0.0, 0.0, 0.0]",0,0.0,0.0,0.0,"[0.0, 0.0, 0.0, 0.0, 0.0, 0.0, 0.0, 0.0, 0.0, 0.0, 0.0, 0.0, 0.0, 0.0]",0,0.0,0.0,0.0,"[0.0, 0.0, 0.0, 0.0, 0.0, 0.0, 0.0, 0.0, 0.0, 0.0, 0.0, 0.0, 0.0, 0.0]",0
BIOMD0000000607,29,58,0,1000,0.0,0.0,0.0,"[0.0, 0.0, 0.0, 0.0, 0.0, 0.0, 0.0, 0.0, 0.0, 0.0, 0.0, 0.0, 0.0, 0.0, 0.0, 0.0, 0.0, 0.0, 0.0, 0.0, 0.0, 0.0, 0.0, 0.0, 0.0, 0.0, 0.0, 0.0, 0.0]",0,0.0,0.0,0.0,"[0.0, 0.0, 0.0, 0.0, 0.0, 0.0, 0.0, 0.0, 0.0, 0.0, 0.0, 0.0, 0.0, 0.0, 0.0, 0.0, 0.0, 0.0, 0.0, 0.0, 0.0, 0.0, 0.0, 0.0, 0.0, 0.0, 0.0, 0.0, 0.0]",255,0.0,0.0,0.0,"[0.0, 0.0, 0.0, 0.0, 0.0, 0.0, 0.0, 0.0, 0.0, 0.0, 0.0, 0.0, 0.0, 0.0, 0.0, 0.0, 0.0, 0.0, 0.0, 0.0, 0.0, 0.0, 0.0, 0.0, 0.0, 0.0, 0.0, 0.0, 0.0]",6569
BIOMD0000000612,35,76,0,1000,0.0,0.0,1.1102230246251565e-16,"[0.0, 0.0, 0.0, 0.0, 0.0, 0.0, 0.0, 0.0, 0.0, np.float64(1.1102230246251565e-16), 0.0, 0.0, 0.0, 0.0, 0.0, 0.0, 0.0, 0.0, 0.0, 0.0, 0.0, 0.0, 0.0, 0.0, 0.0, 0.0, 0.0, 0.0, 0.0, 0.0, 0.0, 0.0, 0.0, 0.0, 0.0]",2,0.0,0.0,0.9615680616222596,"[0.0, 0.0, 0.0, 0.0, 0.0, 0.0, 0.0, 0.0, 0.0, 0.0, 0.0, 0.0, 0.0, 0.0, 0.0, 0.0, 0.0, 0.0, 0.0, 0.0, 0.0, 0.0, 0.0, 0.0, np.float64(0.9615680616222596), np.float64(0.961568061407306), np.float64(0.10718658063276953), 0.0, 0.0, 0.0, 0.0, 0.0, 0.0, 0.0, 0.0]",365,0.0,0.9999999982966392,0.9999999999999899,"[np.float64(0.9999999999999408), 0.0, np.float64(0.9999999999962692), np.float64(0.9999999669173358), np.float64(0.9999999982966392), 0.0, np.float64(0.9999999999999899), np.float64(0.9999999999836261), np.float64(0.9999999999924305), 0.0, 0.0, 0.0, 0.0, 0.0, np.float64(0.9999999916197686), np.float64(0.9999999987649474), 0.0, np.float64(0.9999999999502613), np.float64(0.9999999999992221), 0.0, np.float64(0.9999999510033295), np.float64(0.9999999471657511), np.float64(0.9999999976702146), np.float64(0.9999999999999512), 0.0, 0.0, 0.0, np.float64(0.9999999999999534), np.float64(0.9999999999949108), np.float64(0.9999999999948976), np.float64(0.9999999999949014), np.float64(0.9999999999802446), np.float64(0.9999999997456192), np.float64(0.9999999999797053), np.float64(0.9999999999995962)]",1329
BIOMD0000000614,1,4,0,1000,0.0,0.0,0.0,[0.0],0,0.0,0.0,0.0,[0.0],0,0.0,0.0,0.0,[0.0],0
BIOMD0000000615,4,17,0,1000,0.0,0.0,0.0,"[0.0, 0.0, 0.0, 0.0]",0,0.0,0.0,0.0,"[0.0, 0.0, 0.0, 0.0]",1,0.0,0.0,0.0,"[0.0, 0.0, 0.0, 0.0]",46
BIOMD0000000616,4,10,0,1000,0.0,0.0,0.0,"[0.0, 0.0, 0.0, 0.0]",0,0.0,0.0,0.0,"[0.0, 0.0, 0.0, 0.0]",11,0.0,0.0,0.0,"[0.0, 0.0, 0.0, 0.0]",48
BIOMD0000000620,34,20,0,1000,0.0,0.0,0.0,"[0.0, 0.0, 0.0, 0.0, 0.0, 0.0, 0.0, 0.0, 0.0, 0.0, 0.0, 0.0, 0.0, 0.0, 0.0, 0.0, 0.0, 0.0, 0.0, 0.0, 0.0, 0.0, 0.0, 0.0, 0.0, 0.0, 0.0, 0.0, 0.0, 0.0, 0.0, 0.0, 0.0, 0.0]",0,0.0,0.0,0.0,"[0.0, 0.0, 0.0, 0.0, 0.0, 0.0, 0.0, 0.0, 0.0, 0.0, 0.0, 0.0, 0.0, 0.0, 0.0, 0.0, 0.0, 0.0, 0.0, 0.0, 0.0, 0.0, 0.0, 0.0, 0.0, 0.0, 0.0, 0.0, 0.0, 0.0, 0.0, 0.0, 0.0, 0.0]",881,0.0,0.0,0.0,"[0.0, 0.0, 0.0, 0.0, 0.0, 0.0, 0.0, 0.0, 0.0, 0.0, 0.0, 0.0, 0.0, 0.0, 0.0, 0.0, 0.0, 0.0, 0.0, 0.0, 0.0, 0.0, 0.0, 0.0, 0.0, 0.0, 0.0, 0.0, 0.0, 0.0, 0.0, 0.0, 0.0, 0.0]",5468
BIOMD0000000621,34,20,0,1000,0.0,0.0,0.0,"[0.0, 0.0, 0.0, 0.0, 0.0, 0.0, 0.0, 0.0, 0.0, 0.0, 0.0, 0.0, 0.0, 0.0, 0.0, 0.0, 0.0, 0.0, 0.0, 0.0, 0.0, 0.0, 0.0, 0.0, 0.0, 0.0, 0.0, 0.0, 0.0, 0.0, 0.0, 0.0, 0.0, 0.0]",0,0.0,0.0,0.0,"[0.0, 0.0, 0.0, 0.0, 0.0, 0.0, 0.0, 0.0, 0.0, 0.0, 0.0, 0.0, 0.0, 0.0, 0.0, 0.0, 0.0, 0.0, 0.0, 0.0, 0.0, 0.0, 0.0, 0.0, 0.0, 0.0, 0.0, 0.0, 0.0, 0.0, 0.0, 0.0, 0.0, 0.0]",875,0.0,0.0,0.0,"[0.0, 0.0, 0.0, 0.0, 0.0, 0.0, 0.0, 0.0, 0.0, 0.0, 0.0, 0.0, 0.0, 0.0, 0.0, 0.0, 0.0, 0.0, 0.0, 0.0, 0.0, 0.0, 0.0, 0.0, 0.0, 0.0, 0.0, 0.0, 0.0, 0.0, 0.0, 0.0, 0.0, 0.0]",5837
BIOMD0000000622,10,17,0,1000,0.0,0.0,0.0,"[0.0, 0.0, 0.0, 0.0, 0.0, 0.0, 0.0, 0.0, 0.0, 0.0]",0,0.0,0.0,0.2432009798874425,"[np.float64(0.2432009798874425), 0.0, 0.0, 0.0, 0.0, 0.0, 0.0, 0.0, 0.0, 0.0]",51,0.0,0.0,0.0,"[0.0, 0.0, 0.0, 0.0, 0.0, 0.0, 0.0, 0.0, 0.0, 0.0]",603
BIOMD0000000623,25,31,0,1000,0.0,0.0,1.1102230246251565e-16,"[0.0, 0.0, 0.0, 0.0, 0.0, 0.0, np.float64(1.1102230246251565e-16), 0.0, 0.0, 0.0, 0.0, 0.0, np.float64(1.1102230246251565e-16), np.float64(1.1102230246251565e-16), 0.0, 0.0, 0.0, 0.0, 0.0, 0.0, 0.0, 0.0, 0.0, 0.0, 0.0]",25,0.0,0.0,0.9980504887258446,"[np.float64(0.47750571724396185), np.float64(0.49802747934869596), 0.0, 0.0, 0.0, 0.0, 0.0, 0.0, np.float64(0.2608264960812826), np.float64(0.2608264960811949), np.float64(0.9980504887258446), np.float64(0.998050488725841), 0.0, 0.0, np.float64(0.5936509223820721), np.float64(0.5936509223828049), 0.0, 0.0, 0.0, 0.0, 0.0, 0.0, 0.0, 0.0, 0.0]",462,0.0,0.0,0.0,"[0.0, 0.0, 0.0, 0.0, 0.0, 0.0, 0.0, 0.0, 0.0, 0.0, 0.0, 0.0, 0.0, 0.0, 0.0, 0.0, 0.0, 0.0, 0.0, 0.0, 0.0, 0.0, 0.0, 0.0, 0.0]",249
BIOMD0000000624,6,5,0,1000,0.0,0.0,0.0,"[0.0, 0.0, 0.0, 0.0, 0.0, 0.0]",0,0.0,0.0,0.0,"[0.0, 0.0, 0.0, 0.0, 0.0, 0.0]",0,0.0,0.0,0.0,"[0.0, 0.0, 0.0, 0.0, 0.0, 0.0]",0
BIOMD0000000626,6,6,0,1000,0.0,0.0,0.0,"[0.0, 0.0, 0.0, 0.0, 0.0, 0.0]",0,0.0,0.465294278315716,0.9999999990488511,"[np.float64(0.9999999990488511), 0.0, np.float64(0.986226812609472), np.float64(0.2566995076731553), 0.0, np.float64(0.6738890489582767)]",30,0.0,0.7487107543500346,0.9999998783193451,"[0.0, np.float64(0.513134230953656), np.float64(0.9999861824204933), np.float64(0.9842872777464132), np.float64(0.4456999939161266), np.float64(0.9999998783193451)]",110
BIOMD0000000629,5,2,0,1000,0.0,0.0,0.0,"[0.0, 0.0, 0.0, 0.0, 0.0]",0,0.0,0.0,0.0,"[0.0, 0.0, 0.0, 0.0, 0.0]",8,0.0,0.0,0.999999620998934,"[np.float64(0.999999620998933), 0.0, np.float64(0.999999620998934), 0.0, 0.0]",12
BIOMD0000000630,4,14,0,1000,0.0,0.0,0.0,"[0.0, 0.0, 0.0, 0.0]",0,0.0,0.0,0.731049792224938,"[0.0, 0.0, 0.0, np.float64(0.731049792224938)]",5,0.0,0.0,0.0,"[0.0, 0.0, 0.0, 0.0]",52
BIOMD0000000633,50,35,0,1000,0.0,0.0,0.0,"[0.0, 0.0, 0.0, 0.0, 0.0, 0.0, 0.0, 0.0, 0.0, 0.0, 0.0, 0.0, 0.0, 0.0, 0.0, 0.0, 0.0, 0.0, 0.0, 0.0, 0.0, 0.0, 0.0, 0.0, 0.0, 0.0, 0.0, 0.0, 0.0, 0.0, 0.0, 0.0, 0.0, 0.0, 0.0, 0.0, 0.0, 0.0, 0.0, 0.0, 0.0, 0.0, 0.0, 0.0, 0.0, 0.0, 0.0, 0.0, 0.0, 0.0]",0,0.0,0.0,0.9621719334962192,"[0.0, 0.0, np.float64(0.7843122169051693), np.float64(0.7892095131894082), 0.0, np.float64(0.7890713287550517), np.float64(0.9621719334962192), np.float64(0.789209519717556), 0.0, 0.0, 0.0, np.float64(0.7891646502632101), 0.0, np.float64(0.7891699967815637), np.float64(0.7891658813014742), np.float64(0.7891658885969669), np.float64(0.7868777746334836), np.float64(0.7847740656062869), np.float64(0.7868777819108703), np.float64(0.7847740670783545), 0.0, 0.0, 0.0, 0.0, 0.0, np.float64(0.7867556798157525), np.float64(0.7847977342799011), 0.0, 0.0, np.float64(0.7843122237974008), np.float64(0.7892095167195474), 0.0, 0.0, 0.0, np.float64(0.789071340483756), np.float64(0.7890712965511142), 0.0, 0.0, 0.0, 0.0, 0.0, 0.0, 0.0, 0.0, 0.0, 0.0, 0.0, 0.0, 0.0, 0.0]",742,0.0,0.0,0.0,"[0.0, 0.0, 0.0, 0.0, 0.0, 0.0, 0.0, 0.0, 0.0, 0.0, 0.0, 0.0, 0.0, 0.0, 0.0, 0.0, 0.0, 0.0, 0.0, 0.0, 0.0, 0.0, 0.0, 0.0, 0.0, 0.0, 0.0, 0.0, 0.0, 0.0, 0.0, 0.0, 0.0, 0.0, 0.0, 0.0, 0.0, 0.0, 0.0, 0.0, 0.0, 0.0, 0.0, 0.0, 0.0, 0.0, 0.0, 0.0, 0.0, 0.0]",3577
BIOMD0000000634,64,112,0,1000,0.0,0.0,0.0,"[0.0, 0.0, 0.0, 0.0, 0.0, 0.0, 0.0, 0.0, 0.0, 0.0, 0.0, 0.0, 0.0, 0.0, 0.0, 0.0, 0.0, 0.0, 0.0, 0.0, 0.0, 0.0, 0.0, 0.0, 0.0, 0.0, 0.0, 0.0, 0.0, 0.0, 0.0, 0.0, 0.0, 0.0, 0.0, 0.0, 0.0, 0.0, 0.0, 0.0, 0.0, 0.0, 0.0, 0.0, 0.0, 0.0, 0.0, 0.0, 0.0, 0.0, 0.0, 0.0, 0.0, 0.0, 0.0, 0.0, 0.0, 0.0, 0.0, 0.0, 0.0, 0.0, 0.0, 0.0]",5,0.0,0.16225325384045697,0.9940473252057197,"[0.0, 0.0, 0.0, 0.0, np.float64(0.16225325384045697), np.float64(0.16225325384045697), np.float64(0.16225325384045697), np.float64(0.16225325384045697), np.float64(0.16225325384045697), np.float64(0.16225325384045697), np.float64(0.16225325384045697), np.float64(0.16225325384045697), 0.0, 0.0, 0.0, 0.0, 0.0, 0.0, np.float64(0.16225325384045697), np.float64(0.16225325384045697), np.float64(0.16225325384045697), 0.0, 0.0, np.float64(0.97726325311983), np.float64(0.9805272273274683), np.float64(0.9940473252057197), np.float64(0.13718715452714603), 0.0, np.float64(0.16618965795759588), np.float64(0.005763113435778511), np.float64(0.16225325384045697), np.float64(0.16225325384045697), np.float64(0.16225325384045697), np.float64(0.16225325384045697), 0.0, np.float64(0.16225325384045697), np.float64(0.16225325384045697), 0.0, 0.0, np.float64(0.16225325384045697), 0.0, np.float64(0.16225325384045697), np.float64(0.16225325384045697), 0.0, 0.0, 0.0, 0.0, np.float64(0.16225325384045697), np.float64(0.16225325384045697), 0.0, np.float64(0.16225325384045697), np.float64(0.16225325384045697), np.float64(0.16225325384045697), np.float64(0.16225325384045697), np.float64(0.16225325384045697), np.float64(0.16225325384045697), np.float64(0.16225325384045697), np.float64(0.16225325384045697), np.float64(0.16225325384045697), np.float64(0.16225325384045697), np.float64(0.16225325384045697), np.float64(0.16225325384045697), np.float64(0.16225325384045697), np.float64(0.16225325384045697)]",890,0.0,0.0,0.9999999999999997,"[np.float64(0.999999999998177), np.float64(0.9999999999999997), np.float64(0.9999999999948613), np.float64(0.9999999999997554), 0.0, 0.0, 0.0, 0.0, 0.0, 0.0, 0.0, 0.0, np.float64(0.9999999999944409), np.float64(0.9999999980146942), np.float64(0.9999999999944409), np.float64(0.9999999980146942), np.float64(0.20895538281015225), np.float64(0.9999999999835556), 0.0, 0.0, 0.0, np.float64(0.9999999944948391), 0.0, np.float64(0.6044962953842212), 0.0, 0.0, np.float64(0.9999999997645679), 0.0, np.float64(0.5005728106627936), np.float64(0.8043485029602592), 0.0, 0.0, 0.0, 0.0, np.float64(0.0662920535702256), 0.0, 0.0, np.float64(0.9999999999997333), np.float64(0.999999999999735), 0.0, np.float64(0.9999999999997903), 0.0, 0.0, np.float64(0.999999999999567), np.float64(0.9999999999545072), 0.0, np.float64(0.9999999999996376), 0.0, 0.0, np.float64(0.9999999999995924), 0.0, 0.0, 0.0, 0.0, 0.0, 0.0, 0.0, 0.0, 0.0, 0.0, 0.0, 0.0, 0.0, 0.0]",482
BIOMD0000000639,7,10,0,1000,0.0,0.0,0.0,"[0.0, 0.0, 0.0, 0.0, 0.0, 0.0, 0.0]",0,0.0,0.0,0.0,"[0.0, 0.0, 0.0, 0.0, 0.0, 0.0, 0.0]",18,0.0,0.0,0.9305040121994077,"[0.0, 0.0, 0.0, 0.0, 0.0, np.float64(0.9098957306917812), np.float64(0.9305040121994077)]",219
BIOMD0000000640,31,48,0,1000,0.0,0.0,1.1102230246251565e-16,"[0.0, 0.0, 0.0, 0.0, 0.0, 0.0, 0.0, 0.0, 0.0, 0.0, 0.0, 0.0, 0.0, 0.0, 0.0, np.float64(1.1102230246251565e-16), np.float64(1.1102230246251565e-16), 0.0, 0.0, 0.0, 0.0, 0.0, 0.0, 0.0, 0.0, 0.0, 0.0, 0.0, 0.0, 0.0, 0.0]",12,0.0,0.0,0.999999999816639,"[0.0, 0.0, 0.0, 0.0, 0.0, np.float64(0.23606477565863926), np.float64(0.999999999816639), np.float64(0.999999999816639), 0.0, 0.0, 0.0, np.float64(0.9505553408489102), 0.0, 0.0, 0.0, 0.0, 0.0, 0.0, 0.0, 0.0, 0.0, 0.0, np.float64(0.23606477565863926), np.float64(0.8469451370301342), 0.0, np.float64(0.8405970805453843), np.float64(0.23606477565863926), 0.0, 0.0, 0.0, 0.0]",463,0.0,0.0,1.0,"[np.float64(0.23720378739273107), np.float64(0.23720378739273107), np.float64(0.23720378739273107), np.float64(0.9999999999999937), 1.0, np.float64(0.23720378739273107), 0.0, 0.0, 0.0, 0.0, 0.0, np.float64(0.9143235901790305), 0.0, 0.0, 0.0, 0.0, 0.0, 0.0, 0.0, 0.0, 0.0, 0.0, np.float64(0.23720378739273107), 0.0, 0.0, 0.0, np.float64(0.23720378739273107), np.float64(0.23720378739273107), np.float64(0.23720378739273107), 0.0, 0.0]",2519
BIOMD0000000646,11,24,0,1000,0.0,0.0,0.0,"[0.0, 0.0, 0.0, 0.0, 0.0, 0.0, 0.0, 0.0, 0.0, 0.0, 0.0]",0,0.0,0.0,0.0,"[0.0, 0.0, 0.0, 0.0, 0.0, 0.0, 0.0, 0.0, 0.0, 0.0, 0.0]",30,0.0,0.0,0.9991246500070993,"[0.0, np.float64(0.9935006196014636), 0.0, 0.0, np.float64(0.9991246500070993), np.float64(0.9987476077880922), np.float64(0.9781547323491301), 0.0, 0.0, np.float64(0.9973178564133616), 0.0]",825
BIOMD0000000647,11,11,0,1000,0.0,0.0,0.0,"[0.0, 0.0, 0.0, 0.0, 0.0, 0.0, 0.0, 0.0, 0.0, 0.0, 0.0]",0,0.0,0.8053881156148858,0.9986928678640987,"[np.float64(0.9645667193856068), np.float64(0.9833703095427211), np.float64(0.987752315722926), np.float64(0.9986125128078941), 0.0, 0.0, 0.0, 0.0, np.float64(0.9986928678640987), np.float64(0.8053881153463172), np.float64(0.8053881156148858)]",64,0.0,0.0,0.9990013750744757,"[0.0, 0.0, np.float64(0.9990013750744757), np.float64(0.3504650898094547), 0.0, 0.0, 0.0, 0.0, np.float64(0.39738327437866994), 0.0, 0.0]",631
BIOMD0000000651,29,16,0,1000,0.0,0.0,0.0,"[0.0, 0.0, 0.0, 0.0, 0.0, 0.0, 0.0, 0.0, 0.0, 0.0, 0.0, 0.0, 0.0, 0.0, 0.0, 0.0, 0.0, 0.0, 0.0, 0.0, 0.0, 0.0, 0.0, 0.0, 0.0, 0.0, 0.0, 0.0, 0.0]",0,0.0,0.0,0.7262062565528118,"[0.0, 0.0, 0.0, 0.0, 0.0, 0.0, 0.0, 0.0, 0.0, 0.0, 0.0, 0.0, 0.0, np.float64(0.718576099002388), np.float64(0.7262062565528118), 0.0, 0.0, 0.0, 0.0, 0.0, 0.0, 0.0, 0.0, 0.0, 0.0, 0.0, 0.0, 0.0, 0.0]",407,0.0,0.0,0.0,"[0.0, 0.0, 0.0, 0.0, 0.0, 0.0, 0.0, 0.0, 0.0, 0.0, 0.0, 0.0, 0.0, 0.0, 0.0, 0.0, 0.0, 0.0, 0.0, 0.0, 0.0, 0.0, 0.0, 0.0, 0.0, 0.0, 0.0, 0.0, 0.0]",1231
BIOMD0000000653,53,62,0,1000,0.0,0.0,0.0,"[0.0, 0.0, 0.0, 0.0, 0.0, 0.0, 0.0, 0.0, 0.0, 0.0, 0.0, 0.0, 0.0, 0.0, 0.0, 0.0, 0.0, 0.0, 0.0, 0.0, 0.0, 0.0, 0.0, 0.0, 0.0, 0.0, 0.0, 0.0, 0.0, 0.0, 0.0, 0.0, 0.0, 0.0, 0.0, 0.0, 0.0, 0.0, 0.0, 0.0, 0.0, 0.0, 0.0, 0.0, 0.0, 0.0, 0.0, 0.0, 0.0, 0.0, 0.0, 0.0, 0.0]",3,0.0,0.0,0.25664430424954154,"[0.0, 0.0, 0.0, 0.0, 0.0, 0.0, 0.0, 0.0, 0.0, 0.0, 0.0, 0.0, 0.0, 0.0, 0.0, 0.0, 0.0, 0.0, 0.0, 0.0, 0.0, 0.0, 0.0, 0.0, 0.0, 0.0, 0.0, 0.0, 0.0, 0.0, 0.0, 0.0, 0.0, 0.0, 0.0, 0.0, 0.0, 0.0, 0.0, 0.0, 0.0, 0.0, 0.0, 0.0, 0.0, 0.0, 0.0, 0.0, 0.0, 0.0, 0.0, 0.0, np.float64(0.25664430424954154)]",997,0.0,0.0,0.9999999999897272,"[0.0, 0.0, 0.0, 0.0, 0.0, 0.0, np.float64(0.9999940749570813), 0.0, 0.0, 0.0, 0.0, 0.0, np.float64(0.999999999696025), 0.0, np.float64(0.9999999643847325), np.float64(0.9999999999897272), 0.0, 0.0, 0.0, np.float64(0.9999999938953169), 0.0, 0.0, 0.0, 0.0, 0.0, 0.0, 0.0, np.float64(0.996539899223689), 0.0, 0.0, 0.0, 0.0, np.float64(0.9999999999025458), 0.0, np.float64(0.9999998744577853), 0.0, 0.0, 0.0, 0.0, np.float64(0.9999999654539696), 0.0, 0.0, np.float64(0.999999999696025), 0.0, np.float64(0.9999999643847326), np.float64(0.999999999989727), 0.0, 0.0, 0.0, 0.0, 0.0, 0.0, np.float64(0.9999999694377856)]",7907
BIOMD0000000656,53,62,0,1000,0.0,0.0,1.1102230246251565e-16,"[0.0, 0.0, 0.0, 0.0, 0.0, 0.0, 0.0, 0.0, 0.0, 0.0, 0.0, 0.0, 0.0, 0.0, 0.0, 0.0, 0.0, 0.0, 0.0, 0.0, 0.0, 0.0, 0.0, 0.0, 0.0, 0.0, 0.0, 0.0, 0.0, 0.0, 0.0, 0.0, 0.0, 0.0, np.float64(1.1102230246251565e-16), 0.0, 0.0, 0.0, 0.0, 0.0, 0.0, 0.0, 0.0, 0.0, 0.0, 0.0, 0.0, 0.0, 0.0, 0.0, 0.0, 0.0, 0.0]",7,0.0,0.0,0.0,"[0.0, 0.0, 0.0, 0.0, 0.0, 0.0, 0.0, 0.0, 0.0, 0.0, 0.0, 0.0, 0.0, 0.0, 0.0, 0.0, 0.0, 0.0, 0.0, 0.0, 0.0, 0.0, 0.0, 0.0, 0.0, 0.0, 0.0, 0.0, 0.0, 0.0, 0.0, 0.0, 0.0, 0.0, 0.0, 0.0, 0.0, 0.0, 0.0, 0.0, 0.0, 0.0, 0.0, 0.0, 0.0, 0.0, 0.0, 0.0, 0.0, 0.0, 0.0, 0.0, 0.0]",1023,0.0,0.0,0.9999999999876041,"[0.0, np.float64(0.15995218196015293), 0.0, 0.0, 0.0, 0.0, 0.0, 0.0, 0.0, 0.0, 0.0, 0.0, 0.0, 0.0, 0.0, np.float64(0.9999999999876041), 0.0, 0.0, 0.0, 0.0, 0.0, 0.0, 0.0, 0.0, 0.0, 0.0, 0.0, np.float64(0.9999900918489402), 0.0, 0.0, 0.0, 0.0, 0.0, 0.0, 0.0, 0.0, 0.0, 0.0, 0.0, 0.0, 0.0, 0.0, 0.0, 0.0, 0.0, np.float64(0.999999999987604), 0.0, 0.0, 0.0, 0.0, 0.0, 0.0, 0.0]",22065
BIOMD0000000657,3,3,0,1000,0.0,0.0,0.0,"[0.0, 0.0, 0.0]",0,0.0,0.0,0.8027445186183424,"[0.0, 0.0, np.float64(0.8027445186183424)]",2,0.0,0.0,0.0,"[0.0, 0.0, 0.0]",11
BIOMD0000000660,15,35,0,1000,0.0,0.0,0.0,"[0.0, 0.0, 0.0, 0.0, 0.0, 0.0, 0.0, 0.0, 0.0, 0.0, 0.0, 0.0, 0.0, 0.0, 0.0]",1,0.0,0.0,0.0,"[0.0, 0.0, 0.0, 0.0, 0.0, 0.0, 0.0, 0.0, 0.0, 0.0, 0.0, 0.0, 0.0, 0.0, 0.0]",49,0.0,0.0,0.9628051616357418,"[0.0, 0.0, 0.0, 0.0, 0.0, 0.0, 0.0, 0.0, 0.0, 0.0, 0.0, np.float64(0.9628051616357418), 0.0, 0.0, 0.0]",1765
BIOMD0000000661,7,17,0,1000,0.0,0.0,0.0,"[0.0, 0.0, 0.0, 0.0, 0.0, 0.0, 0.0]",7,0.0,0.0,0.9970988086288426,"[0.0, np.float64(0.8059265086166009), 0.0, 0.0, np.float64(0.9970988086288426), 0.0, np.float64(0.519214572069169)]",42,0.0,0.0,0.0,"[0.0, 0.0, 0.0, 0.0, 0.0, 0.0, 0.0]",195
BIOMD0000000662,3,10,0,1000,0.0,0.0,0.0,"[0.0, 0.0, 0.0]",3,0.0,0.9084505010285766,0.9999919693315595,"[np.float64(0.9084505010285766), np.float64(0.9999919693315595), 0.0]",8,0.0,0.0,0.9984770837957591,"[0.0, np.float64(0.9984770837957591), 0.0]",17
BIOMD0000000663,3,9,0,1000,0.0,0.0,0.0,"[0.0, 0.0, 0.0]",2,0.5350124053779942,0.8269374805332006,0.9999999978654187,"[np.float64(0.5350124053779942), np.float64(0.8269374805332006), np.float64(0.9999999978654187)]",8,0.0,0.0,0.9999532859459123,"[0.0, 0.0, np.float64(0.9999532859459123)]",16
BIOMD0000000664,6,15,0,1000,0.0,0.0,0.0,"[0.0, 0.0, 0.0, 0.0, 0.0, 0.0]",1,0.0,0.4586193305510148,0.9952223351410631,"[0.0, 0.0, np.float64(0.7220855740747614), np.float64(0.1951530870272682), np.float64(0.9952223351410631), np.float64(0.9449059984944048)]",22,0.0,0.4726201386026816,0.9724999238310543,"[np.float64(0.9724999238310543), 0.0, 0.0, np.float64(0.29005529832294763), np.float64(0.6551849788824156), np.float64(0.7836385968011806)]",98
BIOMD0000000667,103,148,0,1000,0.0,0.0,2.220446049250313e-16,"[0.0, 0.0, 0.0, 0.0, 0.0, 0.0, 0.0, 0.0, 0.0, 0.0, 0.0, 0.0, 0.0, 0.0, 0.0, 0.0, 0.0, 0.0, 0.0, 0.0, 0.0, np.float64(2.220446049250313e-16), 0.0, 0.0, 0.0, 0.0, 0.0, 0.0, 0.0, 0.0, 0.0, 0.0, 0.0, 0.0, 0.0, 0.0, 0.0, 0.0, 0.0, np.float64(2.220446049250313e-16), 0.0, 0.0, 0.0, 0.0, 0.0, 0.0, 0.0, 0.0, 0.0, 0.0, 0.0, 0.0, 0.0, 0.0, 0.0, 0.0, 0.0, 0.0, 0.0, 0.0, 0.0, 0.0, 0.0, 0.0, 0.0, 0.0, 0.0, 0.0, 0.0, 0.0, 0.0, 0.0, 0.0, 0.0, 0.0, 0.0, 0.0, 0.0, 0.0, 0.0, 0.0, 0.0, 0.0, 0.0, 0.0, 0.0, 0.0, 0.0, 0.0, 0.0, 0.0, 0.0, 0.0, 0.0, 0.0, 0.0, 0.0, 0.0, 0.0, 0.0, 0.0, 0.0, 0.0]",40,0.0,0.0,0.28912281177376864,"[0.0, 0.0, 0.0, 0.0, 0.0, 0.0, 0.0, 0.0, 0.0, 0.0, 0.0, 0.0, 0.0, 0.0, 0.0, 0.0, 0.0, 0.0, 0.0, 0.0, 0.0, 0.0, 0.0, 0.0, 0.0, 0.0, 0.0, 0.0, 0.0, 0.0, 0.0, 0.0, 0.0, 0.0, 0.0, 0.0, 0.0, 0.0, 0.0, 0.0, 0.0, 0.0, 0.0, 0.0, 0.0, 0.0, 0.0, 0.0, 0.0, 0.0, 0.0, 0.0, 0.0, 0.0, 0.0, 0.0, 0.0, 0.0, 0.0, 0.0, 0.0, np.float64(0.28912281177376864), 0.0, 0.0, 0.0, 0.0, 0.0, 0.0, 0.0, 0.0, 0.0, 0.0, 0.0, 0.0, 0.0, 0.0, 0.0, 0.0, 0.0, 0.0, 0.0, 0.0, 0.0, 0.0, 0.0, 0.0, 0.0, 0.0, 0.0, 0.0, 0.0, 0.0, 0.0, 0.0, 0.0, 0.0, 0.0, 0.0, 0.0, 0.0, 0.0, 0.0, 0.0]",8306,0.0,0.0,0.6360382666730438,"[0.0, 0.0, 0.0, 0.0, 0.0, np.float64(0.011750316490184098), np.float64(0.028678399509753483), 0.0, 0.0, 0.0, np.float64(0.04748438553563761), 0.0, 0.0, 0.0, 0.0, 0.0, 0.0, 0.0, 0.0, np.float64(0.002036921312449147), 0.0, 0.0, 0.0, 0.0, 0.0, np.float64(0.10810122947761136), 0.0, np.float64(0.051167224129448075), 0.0, np.float64(0.18331101218801205), 0.0, np.float64(0.02076786524577534), 0.0, np.float64(0.003387389064817059), 0.0, 0.0, 0.0, 0.0, 0.0, 0.0, 0.0, 0.0, np.float64(0.20353672660602595), np.float64(0.04595315984653736), np.float64(0.012804726539196953), np.float64(0.05341517646185512), 0.0, 0.0, 0.0, 0.0, 0.0, 0.0, 0.0, 0.0, 0.0, 0.0, 0.0, 0.0, 0.0, 0.0, 0.0, 0.0, 0.0, 0.0, 0.0, 0.0, np.float64(0.00929637315364118), 0.0, 0.0, np.float64(0.003099833916241246), 0.0, np.float64(0.002840525814661543), 0.0, 0.0, 0.0, 0.0, 0.0, 0.0, 0.0, 0.0, 0.0, 0.0, 0.0, 0.0, 0.0, np.float64(0.6360382666730438), np.float64(0.002142381209784494), np.float64(0.007332772176968483), np.float64(0.005186885743630354), 0.0, 0.0, 0.0, 0.0, 0.0, 0.0, 0.0, 0.0, 0.0, 0.0, 0.0, 0.0, 0.0, 0.0]",18627
BIOMD0000000676,13,17,0,1000,0.0,0.0,0.0,"[0.0, 0.0, 0.0, 0.0, 0.0, 0.0, 0.0, 0.0, 0.0, 0.0, 0.0, 0.0, 0.0]",0,0.0,0.0,0.9901591931818061,"[np.float64(0.9901591931818061), np.float64(0.9862021898828852), 0.0, 0.0, 0.0, 0.0, 0.0, np.float64(0.8718959021072614), 0.0, 0.0, np.float64(0.7157507016708609), 0.0, 0.0]",132,0.0,0.0,0.9727574132862081,"[np.float64(0.9727574132862081), 0.0, 0.0, 0.0, 0.0, 0.0, 0.0, 0.0, 0.0, 0.0, 0.0, 0.0, 0.0]",1340
BIOMD0000000678,2,4,0,1000,0.0,0.0,0.0,"[0.0, 0.0]",0,0.0,0.0,0.0,"[0.0, 0.0]",4,0.0,0.061558783392752336,0.12311756678550467,"[0.0, np.float64(0.12311756678550467)]",11
BIOMD0000000683,4,9,0,1000,0.0,0.0,0.0,"[0.0, 0.0, 0.0, 0.0]",1,0.0,0.0,0.9823803755616162,"[np.float64(0.9823803755616162), 0.0, 0.0, 0.0]",9,0.0,0.0,0.0,"[0.0, 0.0, 0.0, 0.0]",33
BIOMD0000000687,15,25,0,1000,0.0,0.0,0.0,"[0.0, 0.0, 0.0, 0.0, 0.0, 0.0, 0.0, 0.0, 0.0, 0.0, 0.0, 0.0, 0.0, 0.0, 0.0]",2,0.0,0.0,0.9997676309702294,"[0.0, 0.0, 0.0, 0.0, 0.0, np.float64(0.6271835189916519), 0.0, 0.0, 0.0, 0.0, 0.0, np.float64(0.4137084980139304), np.float64(0.8184394751487549), np.float64(0.9938775899098489), np.float64(0.9997676309702294)]",165,0.0,0.0,0.0,"[0.0, 0.0, 0.0, 0.0, 0.0, 0.0, 0.0, 0.0, 0.0, 0.0, 0.0, 0.0, 0.0, 0.0, 0.0]",1230
BIOMD0000000688,16,30,0,1000,0.0,0.0,0.0,"[0.0, 0.0, 0.0, 0.0, 0.0, 0.0, 0.0, 0.0, 0.0, 0.0, 0.0, 0.0, 0.0, 0.0, 0.0, 0.0]",2,0.0,0.0,0.996915115944279,"[0.0, 0.0, 0.0, 0.0, np.float64(0.996915115944279), np.float64(0.9756281028592467), 0.0, 0.0, 0.0, 0.0, 0.0, 0.0, 0.0, 0.0, 0.0, 0.0]",79,0.0,0.0,0.0,"[0.0, 0.0, 0.0, 0.0, 0.0, 0.0, 0.0, 0.0, 0.0, 0.0, 0.0, 0.0, 0.0, 0.0, 0.0, 0.0]",812
BIOMD0000000689,7,10,0,1000,0.0,0.0,0.0,"[0.0, 0.0, 0.0, 0.0, 0.0, 0.0, 0.0]",0,0.0,0.0,0.0,"[0.0, 0.0, 0.0, 0.0, 0.0, 0.0, 0.0]",21,0.0,0.0,0.0,"[0.0, 0.0, 0.0, 0.0, 0.0, 0.0, 0.0]",232
BIOMD0000000690,7,10,0,1000,0.0,0.0,0.0,"[0.0, 0.0, 0.0, 0.0, 0.0, 0.0, 0.0]",0,0.0,0.0,0.0,"[0.0, 0.0, 0.0, 0.0, 0.0, 0.0, 0.0]",46,0.0,0.0,0.0,"[0.0, 0.0, 0.0, 0.0, 0.0, 0.0, 0.0]",245
BIOMD0000000691,13,18,0,1000,0.0,0.0,0.0,"[0.0, 0.0, 0.0, 0.0, 0.0, 0.0, 0.0, 0.0, 0.0, 0.0, 0.0, 0.0, 0.0]",0,0.0,0.0,0.0,"[0.0, 0.0, 0.0, 0.0, 0.0, 0.0, 0.0, 0.0, 0.0, 0.0, 0.0, 0.0, 0.0]",161,0.0,0.0,0.0,"[0.0, 0.0, 0.0, 0.0, 0.0, 0.0, 0.0, 0.0, 0.0, 0.0, 0.0, 0.0, 0.0]",1357
BIOMD0000000695,12,35,0,1000,0.0,0.0,0.0,"[0.0, 0.0, 0.0, 0.0, 0.0, 0.0, 0.0, 0.0, 0.0, 0.0, 0.0, 0.0]",5,0.0,0.0,0.9998327431949889,"[0.0, 0.0, 0.0, 0.0, 0.0, 0.0, 0.0, 0.0, 0.0, 0.0, 0.0, np.float64(0.9998327431949889)]",73,0.0,0.0,0.0,"[0.0, 0.0, 0.0, 0.0, 0.0, 0.0, 0.0, 0.0, 0.0, 0.0, 0.0, 0.0]",221
BIOMD0000000697,13,30,0,1000,0.0,0.0,0.0,"[0.0, 0.0, 0.0, 0.0, 0.0, 0.0, 0.0, 0.0, 0.0, 0.0, 0.0, 0.0, 0.0]",0,0.0,0.0,0.9267805790055762,"[0.0, 0.0, np.float64(0.9267805790055762), 0.0, 0.0, 0.0, 0.0, 0.0, 0.0, 0.0, 0.0, 0.0, 0.0]",85,0.0,0.0,0.0,"[0.0, 0.0, 0.0, 0.0, 0.0, 0.0, 0.0, 0.0, 0.0, 0.0, 0.0, 0.0, 0.0]",1252
BIOMD0000000698,5,9,0,1000,0.0,0.0,0.0,"[0.0, 0.0, 0.0, 0.0, 0.0]",1,0.0,0.06321948111192988,0.9999483612773292,"[np.float64(0.06321948111192988), np.float64(0.9986733384657008), 0.0, 0.0, np.float64(0.9999483612773292)]",22,0.0,0.0,0.6749808438742009,"[0.0, 0.0, 0.0, 0.0, np.float64(0.6749808438742009)]",64
BIOMD0000000700,23,49,0,1000,0.0,0.0,0.0,"[0.0, 0.0, 0.0, 0.0, 0.0, 0.0, 0.0, 0.0, 0.0, 0.0, 0.0, 0.0, 0.0, 0.0, 0.0, 0.0, 0.0, 0.0, 0.0, 0.0, 0.0, 0.0, 0.0]",0,0.0,0.0,0.6794637929303557,"[0.0, 0.0, 0.0, 0.0, 0.0, 0.0, 0.0, 0.0, np.float64(0.6794637929303557), 0.0, 0.0, 0.0, 0.0, 0.0, 0.0, 0.0, 0.0, 0.0, 0.0, 0.0, 0.0, 0.0, 0.0]",231,0.0,0.0,0.0,"[0.0, 0.0, 0.0, 0.0, 0.0, 0.0, 0.0, 0.0, 0.0, 0.0, 0.0, 0.0, 0.0, 0.0, 0.0, 0.0, 0.0, 0.0, 0.0, 0.0, 0.0, 0.0, 0.0]",6421
BIOMD0000000707,5,10,0,1000,0.0,0.0,0.0,"[0.0, 0.0, 0.0, 0.0, 0.0]",3,0.0,0.0,0.9990213853166288,"[0.0, np.float64(0.9990213853166288), 0.0, np.float64(0.9987335368526478), 0.0]",16,0.0,0.0,0.9870010847294921,"[0.0, np.float64(0.9287111552398921), 0.0, np.float64(0.9870010847294921), 0.0]",30
BIOMD0000000708,5,11,0,1000,0.0,0.0,0.0,"[0.0, 0.0, 0.0, 0.0, 0.0]",4,0.0,0.0,0.0,"[0.0, 0.0, 0.0, 0.0, 0.0]",6,0.0,0.0,0.0,"[0.0, 0.0, 0.0, 0.0, 0.0]",15
BIOMD0000000709,5,11,0,1000,0.0,0.0,2.220446049250313e-16,"[np.float64(2.220446049250313e-16), 0.0, 0.0, 0.0, 0.0]",4,0.0,0.0,0.0,"[0.0, 0.0, 0.0, 0.0, 0.0]",6,0.0,0.0,0.0,"[0.0, 0.0, 0.0, 0.0, 0.0]",23
BIOMD0000000710,7,16,0,1000,0.0,0.0,1.1102230246251565e-16,"[0.0, 0.0, np.float64(1.1102230246251565e-16), 0.0, 0.0, 0.0, 0.0]",6,0.0,0.0,0.8982507363985278,"[np.float64(0.8975751310388282), np.float64(0.856373087530167), 0.0, np.float64(0.8982507363985278), 0.0, 0.0, 0.0]",38,0.0,0.0,0.0,"[0.0, 0.0, 0.0, 0.0, 0.0, 0.0, 0.0]",94
BIOMD0000000711,10,26,0,1000,0.0,0.0,1.1102230246251565e-16,"[0.0, 0.0, 0.0, 0.0, 0.0, 0.0, 0.0, 0.0, np.float64(1.1102230246251565e-16), 0.0]",4,0.0,0.0,0.998843771140913,"[0.0, 0.0, 0.0, 0.0, np.float64(0.998843771140913), 0.0, 0.0, np.float64(0.983039045465937), 0.0, 0.0]",77,0.0,0.0,0.0,"[0.0, 0.0, 0.0, 0.0, 0.0, 0.0, 0.0, 0.0, 0.0, 0.0]",492
BIOMD0000000713,3,9,0,1000,0.0,1.1102230246251565e-16,1.1102230246251565e-16,"[np.float64(1.1102230246251565e-16), 0.0, np.float64(1.1102230246251565e-16)]",3,0.0,0.0,0.6028304727856745,"[0.0, 0.0, np.float64(0.6028304727856745)]",9,0.0,0.0,0.0,"[0.0, 0.0, 0.0]",7
BIOMD0000000714,4,10,0,1000,0.0,0.0,0.0,"[0.0, 0.0, 0.0, 0.0]",0,0.0,0.0,0.0,"[0.0, 0.0, 0.0, 0.0]",7,0.0,0.0,0.0,"[0.0, 0.0, 0.0, 0.0]",38
BIOMD0000000715,4,11,0,1000,0.0,0.0,0.0,"[0.0, 0.0, 0.0, 0.0]",0,0.0,0.5357942419191709,0.9998475166795363,"[np.float64(0.09120988695704635), 0.0, np.float64(0.9803785968812955), np.float64(0.9998475166795363)]",15,0.9867519604450753,0.9956579583298177,0.9997714733169002,"[np.float64(0.9920100877139468), np.float64(0.9867519604450753), np.float64(0.9997714733169002), np.float64(0.9993058289456885)]",60
BIOMD0000000716,4,10,0,1000,0.0,0.0,0.0,"[0.0, 0.0, 0.0, 0.0]",3,0.0,0.0,0.0,"[0.0, 0.0, 0.0, 0.0]",3,0.0,0.0,0.0,"[0.0, 0.0, 0.0, 0.0]",24
BIOMD0000000717,4,10,0,1000,0.0,0.0,1.1102230246251565e-16,"[np.float64(1.1102230246251565e-16), 0.0, 0.0, 0.0]",3,0.0,0.0,0.0,"[0.0, 0.0, 0.0, 0.0]",8,0.0,0.0,0.0,"[0.0, 0.0, 0.0, 0.0]",18
BIOMD0000000718,16,29,0,1000,0.0,0.0,0.0,"[0.0, 0.0, 0.0, 0.0, 0.0, 0.0, 0.0, 0.0, 0.0, 0.0, 0.0, 0.0, 0.0, 0.0, 0.0, 0.0]",0,0.0,0.0,0.17726682349021883,"[0.0, 0.0, 0.0, 0.0, 0.0, 0.0, 0.0, 0.0, 0.0, 0.0, 0.0, 0.0, 0.0, 0.0, np.float64(0.17726682349021883), 0.0]",56,0.0,0.0,0.0,"[0.0, 0.0, 0.0, 0.0, 0.0, 0.0, 0.0, 0.0, 0.0, 0.0, 0.0, 0.0, 0.0, 0.0, 0.0, 0.0]",548
BIOMD0000000719,5,9,0,1000,0.0,0.0,0.0,"[0.0, 0.0, 0.0, 0.0, 0.0]",1,0.0,0.3788758584483902,0.7746453121903477,"[np.float64(0.7746453121903477), np.float64(0.3788758584483902), 0.0, np.float64(0.39163482806837036), 0.0]",13,0.0,0.0,0.44848384875788316,"[np.float64(0.15431157685739438), 0.0, np.float64(0.44848384875788316), 0.0, 0.0]",32
BIOMD0000000720,8,25,0,1000,0.0,0.0,0.0,"[0.0, 0.0, 0.0, 0.0, 0.0, 0.0, 0.0, 0.0]",0,0.0,0.5722289978613398,0.9117380205178138,"[np.float64(0.8120691094299726), np.float64(0.36336635857782074), 0.0, np.float64(0.7189987667936716), 0.0, np.float64(0.4254592289290081), np.float64(0.8080232222799626), np.float64(0.9117380205178138)]",52,0.0,0.0,0.28989489526861467,"[0.0, 0.0, 0.0, 0.0, 0.0, 0.0, 0.0, np.float64(0.28989489526861467)]",315
BIOMD0000000722,5,15,0,1000,0.0,0.0,3.3306690738754696e-16,"[0.0, 0.0, 0.0, 0.0, np.float64(3.3306690738754696e-16)]",4,0.0,0.0,0.0,"[0.0, 0.0, 0.0, 0.0, 0.0]",19,0.0,0.0,0.0,"[0.0, 0.0, 0.0, 0.0, 0.0]",53
BIOMD0000000723,25,73,0,1000,0.0,0.0,1.1102230246251565e-16,"[0.0, 0.0, np.float64(1.1102230246251565e-16), 0.0, 0.0, 0.0, 0.0, 0.0, 0.0, 0.0, 0.0, 0.0, 0.0, 0.0, 0.0, 0.0, 0.0, 0.0, 0.0, 0.0, 0.0, 0.0, 0.0, 0.0, 0.0]",15,0.0,0.8787150779375448,0.9999999999989571,"[np.float64(0.9162177200341834), np.float64(0.8692955405066741), np.float64(0.9398057586026352), np.float64(0.9636821978289831), np.float64(0.8970734384128388), np.float64(0.9087499669812514), np.float64(0.8737873889127252), np.float64(0.8340554094193607), np.float64(0.9538990885584293), np.float64(0.761464155370625), np.float64(0.9036590021579838), np.float64(0.9036590021050539), np.float64(0.155177004744946), np.float64(0.3475401544154766), np.float64(0.903658505159509), np.float64(0.9461805272388178), np.float64(0.3371511466863244), np.float64(0.8380638665968381), np.float64(0.29088120818003504), 0.0, 0.0, np.float64(0.8787150779375448), np.float64(0.9657877451242032), np.float64(0.8643153482230831), np.float64(0.9999999999989571)]",621,0.0,0.0,0.0,"[0.0, 0.0, 0.0, 0.0, 0.0, 0.0, 0.0, 0.0, 0.0, 0.0, 0.0, 0.0, 0.0, 0.0, 0.0, 0.0, 0.0, 0.0, 0.0, 0.0, 0.0, 0.0, 0.0, 0.0, 0.0]",8674
BIOMD0000000724,28,28,0,1000,0.0,0.0,4.440892098500626e-16,"[0.0, 0.0, 0.0, 0.0, 0.0, np.float64(1.1102230246251565e-16), 0.0, np.float64(4.440892098500626e-16), 0.0, 0.0, 0.0, 0.0, 0.0, 0.0, 0.0, 0.0, 0.0, 0.0, 0.0, 0.0, 0.0, 0.0, 0.0, 0.0, 0.0, 0.0, 0.0, 0.0]",6,0.0,0.0,0.9999961612727959,"[0.0, 0.0, 0.0, 0.0, 0.0, np.float64(0.9878947316558071), np.float64(0.8962607882717486), np.float64(0.9831389421140457), np.float64(0.8751904988414754), np.float64(0.9825980090099653), np.float64(0.9846812280407247), np.float64(0.9089308969216394), np.float64(0.9093298898575958), 0.0, 0.0, np.float64(0.5498891903281985), np.float64(0.6167386552980252), 0.0, 0.0, 0.0, 0.0, 0.0, 0.0, 0.0, 0.0, np.float64(0.9999830919629974), np.float64(0.9999961612727959), 0.0]",566,0.0,0.0,0.9999872708975431,"[np.float64(0.9999872708975431), 0.0, 0.0, 0.0, 0.0, 0.0, 0.0, 0.0, 0.0, 0.0, 0.0, 0.0, 0.0, 0.0, 0.0, 0.0, 0.0, 0.0, 0.0, 0.0, 0.0, 0.0, 0.0, 0.0, 0.0, 0.0, 0.0, 0.0]",1425
BIOMD0000000725,38,31,0,1000,0.0,0.0,3.3306690738754696e-16,"[0.0, 0.0, 0.0, 0.0, 0.0, 0.0, 0.0, 0.0, 0.0, 0.0, np.float64(3.3306690738754696e-16), 0.0, np.float64(1.1102230246251565e-16), 0.0, 0.0, 0.0, 0.0, 0.0, 0.0, 0.0, np.float64(1.1102230246251565e-16), 0.0, 0.0, 0.0, 0.0, 0.0, 0.0, 0.0, 0.0, 0.0, 0.0, 0.0, 0.0, 0.0, 0.0, np.float64(1.1102230246251565e-16), 0.0, 0.0]",22,0.0,0.8038676981881855,0.9999435291331608,"[np.float64(0.9776557435365077), np.float64(0.9979347474420014), np.float64(0.9944606353090639), np.float64(0.7745385239315825), np.float64(0.7732138189876261), 0.0, np.float64(0.8741250418771508), np.float64(0.9668066687000583), np.float64(0.855644218901429), np.float64(0.9996062915747165), np.float64(0.9999435291331608), np.float64(0.7731871311906368), np.float64(0.6981309676772142), np.float64(0.7107569946665642), np.float64(0.8884129001658396), np.float64(0.8959469491870371), np.float64(0.9345164294836538), np.float64(0.7729878052349152), np.float64(0.7772530359620208), np.float64(0.788979356554148), np.float64(0.8039858576422968), np.float64(0.7675302768199782), np.float64(0.7989209491759265), 0.0, np.float64(0.9933184520187814), np.float64(0.9711897770479203), np.float64(0.7990114667773145), np.float64(0.8167437043566709), np.float64(0.835643430017817), np.float64(0.9991115844967859), np.float64(0.994475113231387), np.float64(0.9389664138302536), 0.0, 0.0, 0.0, 0.0, np.float64(0.8037495387340742), np.float64(0.7762364570503114)]",1427,0.0,0.0,0.0,"[0.0, 0.0, 0.0, 0.0, 0.0, 0.0, 0.0, 0.0, 0.0, 0.0, 0.0, 0.0, 0.0, 0.0, 0.0, 0.0, 0.0, 0.0, 0.0, 0.0, 0.0, 0.0, 0.0, 0.0, 0.0, 0.0, 0.0, 0.0, 0.0, 0.0, 0.0, 0.0, 0.0, 0.0, 0.0, 0.0, 0.0, 0.0]",8652
BIOMD0000000726,8,23,0,1000,0.0,0.0,2.220446049250313e-16,"[np.float64(2.220446049250313e-16), 0.0, 0.0, 0.0, 0.0, np.float64(2.220446049250313e-16), 0.0, 0.0]",8,0.0,0.37328077995276004,0.9988079666184695,"[np.float64(0.7465615599055201), 0.0, np.float64(0.988108573643738), 0.0, 0.0, 0.0, np.float64(0.7805618212300021), np.float64(0.9988079666184695)]",35,0.0,0.0,0.0,"[0.0, 0.0, 0.0, 0.0, 0.0, 0.0, 0.0, 0.0]",116
BIOMD0000000727,30,57,0,1000,0.0,0.0,0.0,"[0.0, 0.0, 0.0, 0.0, 0.0, 0.0, 0.0, 0.0, 0.0, 0.0, 0.0, 0.0, 0.0, 0.0, 0.0, 0.0, 0.0, 0.0, 0.0, 0.0, 0.0, 0.0, 0.0, 0.0, 0.0, 0.0, 0.0, 0.0, 0.0, 0.0]",0,0.0,0.0,0.8705444682572239,"[0.0, 0.0, 0.0, np.float64(0.24909832598022408), 0.0, 0.0, 0.0, 0.0, 0.0, np.float64(0.10844343806992462), 0.0, np.float64(0.17288984445785527), np.float64(0.8705444682572239), np.float64(0.4564083484104915), np.float64(0.4639393610538949), 0.0, 0.0, 0.0, 0.0, 0.0, 0.0, np.float64(0.6047101472717135), 0.0, np.float64(0.4716551885148559), 0.0, 0.0, 0.0, np.float64(0.22628162208510372), np.float64(0.7571825776799149), 0.0]",443,0.0,0.0,0.5768213877930222,"[0.0, 0.0, 0.0, 0.0, 0.0, 0.0, 0.0, 0.0, 0.0, 0.0, 0.0, 0.0, 0.0, 0.0, 0.0, 0.0, 0.0, 0.0, 0.0, 0.0, 0.0, 0.0, np.float64(0.5768213877930222), 0.0, 0.0, 0.0, 0.0, 0.0, 0.0, 0.0]",12936
BIOMD0000000728,2,5,0,1000,0.0,0.0,0.0,"[0.0, 0.0]",0,0.0,0.0,0.0,"[0.0, 0.0]",4,0.0,0.0,0.0,"[0.0, 0.0]",10
BIOMD0000000729,3,7,0,1000,0.0,0.0,0.0,"[0.0, 0.0, 0.0]",0,0.5982581927309171,0.6487889500314498,0.777415680319897,"[np.float64(0.5982581927309171), np.float64(0.777415680319897), np.float64(0.6487889500314498)]",6,0.7379819438977853,0.8009034533411643,0.9609261022458541,"[np.float64(0.7379819438977853), np.float64(0.9609261022458541), np.float64(0.8009034533411643)]",20
BIOMD0000000730,45,108,0,1000,0.0,0.0,0.0,"[0.0, 0.0, 0.0, 0.0, 0.0, 0.0, 0.0, 0.0, 0.0, 0.0, 0.0, 0.0, 0.0, 0.0, 0.0, 0.0, 0.0, 0.0, 0.0, 0.0, 0.0, 0.0, 0.0, 0.0, 0.0, 0.0, 0.0, 0.0, 0.0, 0.0, 0.0, 0.0, 0.0, 0.0, 0.0, 0.0, 0.0, 0.0, 0.0, 0.0, 0.0, 0.0, 0.0, 0.0, 0.0]",2,0.0,0.0,0.9947641636993386,"[np.float64(0.7704344289770207), 0.0, 0.0, np.float64(0.5486940938473872), 0.0, np.float64(0.9045104220707487), np.float64(0.7689700045985188), 0.0, 0.0, 0.0, 0.0, 0.0, 0.0, 0.0, np.float64(0.8996004836532723), 0.0, 0.0, 0.0, 0.0, 0.0, 0.0, 0.0, np.float64(0.8892831496261422), 0.0, 0.0, 0.0, 0.0, 0.0, 0.0, 0.0, 0.0, 0.0, 0.0, 0.0, 0.0, 0.0, 0.0, 0.0, 0.0, 0.0, np.float64(0.9756858143017533), 0.0, np.float64(0.9947641636993386), np.float64(0.992695508485703), 0.0]",1554,0.0,0.0,0.0,"[0.0, 0.0, 0.0, 0.0, 0.0, 0.0, 0.0, 0.0, 0.0, 0.0, 0.0, 0.0, 0.0, 0.0, 0.0, 0.0, 0.0, 0.0, 0.0, 0.0, 0.0, 0.0, 0.0, 0.0, 0.0, 0.0, 0.0, 0.0, 0.0, 0.0, 0.0, 0.0, 0.0, 0.0, 0.0, 0.0, 0.0, 0.0, 0.0, 0.0, 0.0, 0.0, 0.0, 0.0, 0.0]",45160
BIOMD0000000731,16,25,0,1000,0.0,0.0,3.3306690738754696e-16,"[0.0, np.float64(1.1102230246251565e-16), 0.0, 0.0, 0.0, 0.0, 0.0, np.float64(3.3306690738754696e-16), np.float64(1.1102230246251565e-16), 0.0, 0.0, 0.0, 0.0, 0.0, 0.0, 0.0]",9,0.0,0.0,0.9999999999865754,"[np.float64(0.9999999999865754), np.float64(0.8830260186630411), 0.0, np.float64(0.970123210185094), 0.0, 0.0, 0.0, 0.0, 0.0, 0.0, 0.0, 0.0, 0.0, 0.0, 0.0, 0.0]",134,0.0,0.0,0.0,"[0.0, 0.0, 0.0, 0.0, 0.0, 0.0, 0.0, 0.0, 0.0, 0.0, 0.0, 0.0, 0.0, 0.0, 0.0, 0.0]",1508
BIOMD0000000732,3,6,0,1000,0.0,0.0,0.0,"[0.0, 0.0, 0.0]",3,0.0,0.0,0.37848803125118935,"[np.float64(0.37848803125118935), 0.0, 0.0]",4,0.0,0.0,0.0,"[0.0, 0.0, 0.0]",6
BIOMD0000000733,3,6,0,1000,0.0,0.0,0.0,"[0.0, 0.0, 0.0]",2,0.0,0.604061891954946,0.999891376325164,"[np.float64(0.999891376325164), np.float64(0.604061891954946), 0.0]",6,0.0,0.0,0.0,"[0.0, 0.0, 0.0]",12
BIOMD0000000736,11,22,0,1000,0.0,0.0,0.0,"[0.0, 0.0, 0.0, 0.0, 0.0, 0.0, 0.0, 0.0, 0.0, 0.0, 0.0]",0,0.0,0.0,0.0,"[0.0, 0.0, 0.0, 0.0, 0.0, 0.0, 0.0, 0.0, 0.0, 0.0, 0.0]",0,0.0,0.0,0.0,"[0.0, 0.0, 0.0, 0.0, 0.0, 0.0, 0.0, 0.0, 0.0, 0.0, 0.0]",0
BIOMD0000000737,11,22,0,1000,0.0,0.0,0.0,"[0.0, 0.0, 0.0, 0.0, 0.0, 0.0, 0.0, 0.0, 0.0, 0.0, 0.0]",0,0.0,0.0,0.9728203299521594,"[np.float64(0.9728203299521594), 0.0, 0.0, 0.0, 0.0, 0.0, 0.0, 0.0, 0.0, 0.0, 0.0]",41,0.0,0.0,0.0,"[0.0, 0.0, 0.0, 0.0, 0.0, 0.0, 0.0, 0.0, 0.0, 0.0, 0.0]",462
BIOMD0000000738,11,22,0,1000,0.0,0.0,0.0,"[0.0, 0.0, 0.0, 0.0, 0.0, 0.0, 0.0, 0.0, 0.0, 0.0, 0.0]",0,0.0,0.0,0.0,"[0.0, 0.0, 0.0, 0.0, 0.0, 0.0, 0.0, 0.0, 0.0, 0.0, 0.0]",46,0.0,0.0,0.0,"[0.0, 0.0, 0.0, 0.0, 0.0, 0.0, 0.0, 0.0, 0.0, 0.0, 0.0]",438
BIOMD0000000739,24,23,0,1000,0.0,0.0,0.0,"[0.0, 0.0, 0.0, 0.0, 0.0, 0.0, 0.0, 0.0, 0.0, 0.0, 0.0, 0.0, 0.0, 0.0, 0.0, 0.0, 0.0, 0.0, 0.0, 0.0, 0.0, 0.0, 0.0, 0.0]",0,0.0,0.0,0.0,"[0.0, 0.0, 0.0, 0.0, 0.0, 0.0, 0.0, 0.0, 0.0, 0.0, 0.0, 0.0, 0.0, 0.0, 0.0, 0.0, 0.0, 0.0, 0.0, 0.0, 0.0, 0.0, 0.0, 0.0]",0,0.0,0.0,0.0,"[0.0, 0.0, 0.0, 0.0, 0.0, 0.0, 0.0, 0.0, 0.0, 0.0, 0.0, 0.0, 0.0, 0.0, 0.0, 0.0, 0.0, 0.0, 0.0, 0.0, 0.0, 0.0, 0.0, 0.0]",0
BIOMD0000000741,4,10,0,1000,0.0,0.0,0.0,"[0.0, 0.0, 0.0, 0.0]",3,0.0,0.0,0.9999999866377419,"[0.0, 0.0, 0.0, np.float64(0.9999999866377419)]",11,0.00019504647949042386,0.9999999860869064,0.9999999866358472,"[np.float64(0.00019504647949042386), np.float64(0.9999999861205576), np.float64(0.9999999860532554), np.float64(0.9999999866358472)]",12
BIOMD0000000742,2,6,0,1000,0.0,0.0,0.0,"[0.0, 0.0]",2,0.0,0.0,0.0,"[0.0, 0.0]",3,0.0,0.0,0.0,"[0.0, 0.0]",6
BIOMD0000000743,4,14,0,1000,0.0,0.0,0.0,"[0.0, 0.0, 0.0, 0.0]",0,0.0,0.0,0.0,"[0.0, 0.0, 0.0, 0.0]",6,0.0,0.0,0.0,"[0.0, 0.0, 0.0, 0.0]",18
BIOMD0000000744,5,14,0,1000,0.0,0.0,2.220446049250313e-16,"[np.float64(2.220446049250313e-16), 0.0, 0.0, np.float64(1.1102230246251565e-16), 0.0]",5,0.0,0.0,0.4448010987244131,"[0.0, 0.0, 0.0, np.float64(0.4448010987244131), 0.0]",15,0.0,0.0,0.0,"[0.0, 0.0, 0.0, 0.0, 0.0]",17
BIOMD0000000745,5,10,0,1000,0.0,0.0,0.0,"[0.0, 0.0, 0.0, 0.0, 0.0]",0,0.0,0.0,0.0,"[0.0, 0.0, 0.0, 0.0, 0.0]",13,0.0,0.9999999996795974,0.9999999998785718,"[0.0, np.float64(0.9999999996795974), np.float64(0.9999999991979004), np.float64(0.9999999996929967), np.float64(0.9999999998785718)]",104
BIOMD0000000747,33,28,0,1000,0.0,0.0,0.0,"[0.0, 0.0, 0.0, 0.0, 0.0, 0.0, 0.0, 0.0, 0.0, 0.0, 0.0, 0.0, 0.0, 0.0, 0.0, 0.0, 0.0, 0.0, 0.0, 0.0, 0.0, 0.0, 0.0, 0.0, 0.0, 0.0, 0.0, 0.0, 0.0, 0.0, 0.0, 0.0, 0.0]",10,0.0,0.0,0.908600177706917,"[0.0, 0.0, 0.0, 0.0, 0.0, np.float64(0.908600177706917), 0.0, 0.0, 0.0, 0.0, 0.0, 0.0, 0.0, 0.0, 0.0, 0.0, 0.0, 0.0, 0.0, np.float64(0.7469438284088418), 0.0, np.float64(0.8850414948636555), 0.0, 0.0, 0.0, 0.0, 0.0, np.float64(0.038982758908994386), 0.0, 0.0, 0.0, 0.0, 0.0]",298,0.0,0.0,0.0,"[0.0, 0.0, 0.0, 0.0, 0.0, 0.0, 0.0, 0.0, 0.0, 0.0, 0.0, 0.0, 0.0, 0.0, 0.0, 0.0, 0.0, 0.0, 0.0, 0.0, 0.0, 0.0, 0.0, 0.0, 0.0, 0.0, 0.0, 0.0, 0.0, 0.0, 0.0, 0.0, 0.0]",5362
BIOMD0000000748,4,11,0,1000,0.0,0.0,0.0,"[0.0, 0.0, 0.0, 0.0]",0,0.0,0.0,0.9871308159768563,"[0.0, 0.0, np.float64(0.9871308159768563), 0.0]",7,0.0,0.49670296889129334,0.997019049503867,"[np.float64(0.997019049503867), 0.0, np.float64(0.9934059377825867), 0.0]",23
BIOMD0000000749,2,9,0,1000,0.0,0.0,0.0,"[0.0, 0.0]",2,0.15378039285603673,0.21323076932673773,0.27268114579743874,"[np.float64(0.27268114579743874), np.float64(0.15378039285603673)]",4,0.0,0.26594704986281326,0.5318940997256265,"[0.0, np.float64(0.5318940997256265)]",7
BIOMD0000000750,8,25,0,1000,0.0,0.0,2.220446049250313e-16,"[0.0, np.float64(2.220446049250313e-16), 0.0, 0.0, 0.0, 0.0, 0.0, 0.0]",6,0.0,0.0,0.9079008796775603,"[np.float64(0.6835115179709007), np.float64(0.9079008796775603), 0.0, 0.0, 0.0, 0.0, 0.0, 0.0]",54,0.0,0.0,0.0,"[0.0, 0.0, 0.0, 0.0, 0.0, 0.0, 0.0, 0.0]",261
BIOMD0000000751,2,3,0,1000,0.0,0.0,0.0,"[0.0, 0.0]",2,0.0,0.02488040033574218,0.04976080067148436,"[0.0, np.float64(0.04976080067148436)]",3,0.0,0.0,0.0,"[0.0, 0.0]",3
BIOMD0000000752,3,5,0,1000,0.0,0.0,0.0,"[0.0, 0.0, 0.0]",3,0.0,0.0,0.23068570891321583,"[np.float64(0.23068570891321583), 0.0, 0.0]",4,0.0,0.0,0.07488355136590408,"[0.0, np.float64(0.07488355136590408), 0.0]",7
BIOMD0000000753,2,7,0,1000,0.0,0.0,0.0,"[0.0, 0.0]",1,0.7348271349161566,0.8644954158093334,0.9941636967025101,"[np.float64(0.7348271349161566), np.float64(0.9941636967025101)]",5,0.0,0.4164483623190634,0.8328967246381268,"[0.0, np.float64(0.8328967246381268)]",8
BIOMD0000000754,3,10,0,1000,0.0,0.0,0.0,"[0.0, 0.0, 0.0]",3,0.0,0.0,0.2697082379369081,"[np.float64(0.2697082379369081), 0.0, 0.0]",4,0.0,0.0,0.0,"[0.0, 0.0, 0.0]",5
BIOMD0000000756,4,11,0,1000,0.0,0.0,0.0,"[0.0, 0.0, 0.0, 0.0]",3,0.0,0.0,0.0,"[0.0, 0.0, 0.0, 0.0]",7,0.0,0.0,0.0,"[0.0, 0.0, 0.0, 0.0]",22
BIOMD0000000757,7,18,0,1000,0.0,0.0,0.0,"[0.0, 0.0, 0.0, 0.0, 0.0, 0.0, 0.0]",4,0.0,0.0,0.9397023633212848,"[0.0, 0.0, 0.0, np.float64(0.9397023633212848), 0.0, 0.0, 0.0]",28,0.0,0.0,0.0,"[0.0, 0.0, 0.0, 0.0, 0.0, 0.0, 0.0]",105
BIOMD0000000758,2,4,0,1000,0.0,0.0,0.0,"[0.0, 0.0]",0,0.0,0.42797820988988805,0.8559564197797761,"[np.float64(0.8559564197797761), 0.0]",1,0.0,0.42752721680341266,0.8550544336068253,"[np.float64(0.8550544336068253), 0.0]",2
BIOMD0000000759,6,19,0,1000,0.0,0.0,1.1102230246251565e-16,"[0.0, 0.0, 0.0, np.float64(1.1102230246251565e-16), 0.0, 0.0]",6,0.0,0.0,0.930334062419768,"[np.float64(0.930334062419768), 0.0, 0.0, 0.0, 0.0, 0.0]",25,0.0,0.0,0.0,"[0.0, 0.0, 0.0, 0.0, 0.0, 0.0]",25
BIOMD0000000760,2,4,0,1000,0.0,0.0,0.0,"[0.0, 0.0]",2,0.0,0.0,0.0,"[0.0, 0.0]",2,0.0,0.0,0.0,"[0.0, 0.0]",4
BIOMD0000000761,6,14,0,1000,0.0,0.0,0.0,"[0.0, 0.0, 0.0, 0.0, 0.0, 0.0]",4,0.0,0.0,0.9314135094755226,"[0.0, 0.0, 0.0, np.float64(0.9314135094755226), 0.0, 0.0]",22,0.0,0.0,0.0,"[0.0, 0.0, 0.0, 0.0, 0.0, 0.0]",106
BIOMD0000000762,2,7,0,1000,0.0,0.0,0.0,"[0.0, 0.0]",2,0.0,0.23154577210971272,0.46309154421942544,"[0.0, np.float64(0.46309154421942544)]",3,0.0,0.0,0.0,"[0.0, 0.0]",3
BIOMD0000000763,3,9,0,1000,0.0,0.0,0.0,"[0.0, 0.0, 0.0]",0,0.0,0.7017046248967218,0.9867698965564077,"[0.0, np.float64(0.7017046248967218), np.float64(0.9867698965564077)]",8,0.4296855779232398,0.9211336871470412,0.9998019761122027,"[np.float64(0.9211336871470412), np.float64(0.4296855779232398), np.float64(0.9998019761122027)]",20
BIOMD0000000765,4,9,0,1000,0.0,0.0,0.0,"[0.0, 0.0, 0.0, 0.0]",3,0.0,0.23554203939347756,0.9963440726004604,"[np.float64(0.9963440726004604), 0.0, np.float64(0.2413813867294713), np.float64(0.22970269205748384)]",13,0.0,0.12351344850446361,0.9936182740086862,"[np.float64(0.9936182740086862), 0.0, np.float64(0.12198351780364136), np.float64(0.12504337920528585)]",42
BIOMD0000000766,5,11,0,1000,0.0,0.0,0.0,"[0.0, 0.0, 0.0, 0.0, 0.0]",3,0.0,0.578350128364524,0.9997448300167784,"[np.float64(0.578350128364524), 0.0, np.float64(0.6707920066543367), np.float64(0.47102204055421026), np.float64(0.9997448300167784)]",15,0.0,0.0,0.0,"[0.0, 0.0, 0.0, 0.0, 0.0]",39
BIOMD0000000767,3,5,0,1000,0.0,0.0,0.0,"[0.0, 0.0, 0.0]",1,0.0,0.0,0.7225229730452745,"[np.float64(0.7225229730452745), 0.0, 0.0]",6,0.0,0.0,0.0,"[0.0, 0.0, 0.0]",11
BIOMD0000000768,5,13,0,1000,0.0,0.0,0.0,"[0.0, 0.0, 0.0, 0.0, 0.0]",1,0.0,0.8381388403146562,0.8664848827451673,"[0.0, 0.0, np.float64(0.8664848827451673), np.float64(0.8381388403146562), np.float64(0.8664614544705949)]",23,0.0,0.0,0.0,"[0.0, 0.0, 0.0, 0.0, 0.0]",79
BIOMD0000000769,5,24,0,1000,0.0,0.0,0.0,"[0.0, 0.0, 0.0, 0.0, 0.0]",5,0.0,0.0,0.03858368700310877,"[0.0, 0.0, 0.0, 0.0, np.float64(0.03858368700310877)]",17,0.0,0.0,0.0,"[0.0, 0.0, 0.0, 0.0, 0.0]",35
BIOMD0000000770,4,14,0,1000,0.0,0.0,0.0,"[0.0, 0.0, 0.0, 0.0]",4,0.0,0.0,0.04030318099331354,"[0.0, 0.0, 0.0, np.float64(0.04030318099331354)]",9,0.0,0.0,0.0,"[0.0, 0.0, 0.0, 0.0]",27
BIOMD0000000771,3,6,0,1000,0.0,0.0,0.0,"[0.0, 0.0, 0.0]",1,0.0,0.0,0.9996231169724494,"[0.0, np.float64(0.9996231169724494), 0.0]",6,0.0,0.0,0.9573340901451549,"[0.0, np.float64(0.9573340901451549), 0.0]",11
BIOMD0000000772,4,7,0,1000,0.0,0.0,1.1102230246251565e-16,"[np.float64(1.1102230246251565e-16), 0.0, 0.0, 0.0]",3,0.0,0.3778625587560566,0.8567001994865847,"[0.0, 0.0, np.float64(0.8567001994865847), np.float64(0.7557251175121132)]",12,0.0,0.47898242060301466,0.9400264743843199,"[0.0, np.float64(0.053618942539930714), np.float64(0.9400264743843199), np.float64(0.9043458986660986)]",22
BIOMD0000000773,3,6,0,1000,0.0,0.0,0.0,"[0.0, 0.0, 0.0]",3,0.0,0.0,0.0,"[0.0, 0.0, 0.0]",2,0.0,0.0,0.0,"[0.0, 0.0, 0.0]",0
BIOMD0000000774,2,4,0,1000,0.0,1.1102230246251565e-16,2.220446049250313e-16,"[np.float64(2.220446049250313e-16), 0.0]",2,0.0,0.0,0.0,"[0.0, 0.0]",2,0.0,0.0,0.0,"[0.0, 0.0]",0
BIOMD0000000775,4,10,0,1000,0.0,0.0,0.0,"[0.0, 0.0, 0.0, 0.0]",1,0.0,0.0,0.999981590297355,"[0.0, 0.0, 0.0, np.float64(0.999981590297355)]",5,0.0,0.0,0.0,"[0.0, 0.0, 0.0, 0.0]",36
BIOMD0000000776,2,4,0,1000,0.0,0.0,0.0,"[0.0, 0.0]",2,0.0,0.0,0.0,"[0.0, 0.0]",3,0.0,0.0,0.0,"[0.0, 0.0]",3
BIOMD0000000777,3,8,0,1000,0.0,0.0,1.1102230246251565e-16,"[0.0, np.float64(1.1102230246251565e-16), 0.0]",3,0.0,0.0,0.0,"[0.0, 0.0, 0.0]",5,0.0,0.0,0.0,"[0.0, 0.0, 0.0]",8
BIOMD0000000778,3,8,0,1000,0.0,0.0,0.0,"[0.0, 0.0, 0.0]",1,0.0,0.0,0.0,"[0.0, 0.0, 0.0]",4,0.0,0.0,0.0,"[0.0, 0.0, 0.0]",5
BIOMD0000000779,6,25,0,1000,0.0,0.0,2.220446049250313e-16,"[0.0, 0.0, 0.0, 0.0, 0.0, np.float64(2.220446049250313e-16)]",4,0.0,0.0,0.0,"[0.0, 0.0, 0.0, 0.0, 0.0, 0.0]",19,0.0,0.0,0.0,"[0.0, 0.0, 0.0, 0.0, 0.0, 0.0]",67
BIOMD0000000780,4,12,0,1000,0.0,0.0,0.0,"[0.0, 0.0, 0.0, 0.0]",0,0.0,0.0,0.0,"[0.0, 0.0, 0.0, 0.0]",0,0.0,0.4793814476817798,0.9999098963128393,"[0.0, np.float64(0.9587628953635596), np.float64(0.9999098963128393), 0.0]",43
BIOMD0000000781,3,8,0,1000,0.0,0.0,0.0,"[0.0, 0.0, 0.0]",0,0.0,0.0,0.0,"[0.0, 0.0, 0.0]",1,0.0,0.0,0.0,"[0.0, 0.0, 0.0]",4
BIOMD0000000782,2,5,0,1000,0.0,0.0,0.0,"[0.0, 0.0]",0,0.0,0.0,0.0,"[0.0, 0.0]",0,0.0,0.0,0.0,"[0.0, 0.0]",2
BIOMD0000000783,3,8,0,1000,0.0,0.0,0.0,"[0.0, 0.0, 0.0]",0,0.0,0.0,0.0,"[0.0, 0.0, 0.0]",5,0.0,0.0,0.0,"[0.0, 0.0, 0.0]",9
BIOMD0000000784,3,9,0,1000,0.0,0.0,0.0,"[0.0, 0.0, 0.0]",0,0.0,0.0,0.9588224724434057,"[0.0, 0.0, np.float64(0.9588224724434057)]",10,0.0,0.9926013614561635,0.9935713155952917,"[0.0, np.float64(0.9926013614561635), np.float64(0.9935713155952917)]",15
BIOMD0000000785,2,5,0,1000,0.0,0.0,0.0,"[0.0, 0.0]",0,0.4404268780674212,0.5554664246531225,0.6705059712388237,"[np.float64(0.4404268780674212), np.float64(0.6705059712388237)]",6,0.6899974384370757,0.7893902183265566,0.8887829982160376,"[np.float64(0.8887829982160376), np.float64(0.6899974384370757)]",7
BIOMD0000000786,15,32,0,1000,0.0,0.0,0.0,"[0.0, 0.0, 0.0, 0.0, 0.0, 0.0, 0.0, 0.0, 0.0, 0.0, 0.0, 0.0, 0.0, 0.0, 0.0]",0,0.0,0.0,0.0,"[0.0, 0.0, 0.0, 0.0, 0.0, 0.0, 0.0, 0.0, 0.0, 0.0, 0.0, 0.0, 0.0, 0.0, 0.0]",18,0.0,0.0,0.0,"[0.0, 0.0, 0.0, 0.0, 0.0, 0.0, 0.0, 0.0, 0.0, 0.0, 0.0, 0.0, 0.0, 0.0, 0.0]",1605
BIOMD0000000787,2,4,0,1000,0.0,0.0,0.0,"[0.0, 0.0]",0,0.0,0.11307044290324686,0.22614088580649372,"[np.float64(0.22614088580649372), 0.0]",3,0.0,0.0,0.0,"[0.0, 0.0]",3
BIOMD0000000788,8,22,0,1000,0.0,0.0,0.0,"[0.0, 0.0, 0.0, 0.0, 0.0, 0.0, 0.0, 0.0]",1,0.0,0.6388358407601873,0.6567196457261755,"[np.float64(0.6567196457261755), np.float64(0.6390649741183232), np.float64(0.6387060556226515), 0.0, np.float64(0.6500392583906622), np.float64(0.638965625897723), 0.0, 0.0]",54,0.0,0.0,0.0,"[0.0, 0.0, 0.0, 0.0, 0.0, 0.0, 0.0, 0.0]",312
BIOMD0000000790,4,14,0,1000,0.0,0.0,0.0,"[0.0, 0.0, 0.0, 0.0]",4,0.0,0.0,0.0,"[0.0, 0.0, 0.0, 0.0]",9,0.0,0.0,0.0,"[0.0, 0.0, 0.0, 0.0]",12
BIOMD0000000791,5,11,0,1000,0.0,0.0,0.0,"[0.0, 0.0, 0.0, 0.0, 0.0]",4,0.0,0.0,0.9360521085806021,"[np.float64(0.15128770144839132), 0.0, np.float64(0.9360521085806021), 0.0, 0.0]",11,0.0,0.0,0.03164497230587826,"[0.0, 0.0, 0.0, 0.0, np.float64(0.03164497230587826)]",42
BIOMD0000000792,6,14,0,1000,0.0,0.0,1.1102230246251565e-16,"[0.0, 0.0, 0.0, 0.0, 0.0, np.float64(1.1102230246251565e-16)]",6,0.0,0.0,0.9901979772339945,"[0.0, 0.0, 0.0, 0.0, 0.0, np.float64(0.9901979772339945)]",17,0.0,0.0,0.0,"[0.0, 0.0, 0.0, 0.0, 0.0, 0.0]",30
BIOMD0000000793,2,5,0,1000,0.0,0.0,0.0,"[0.0, 0.0]",0,0.0,0.0,0.0,"[0.0, 0.0]",1,0.0,0.49999999460724603,0.9999999892144921,"[0.0, np.float64(0.9999999892144921)]",4
BIOMD0000000794,16,32,0,1000,0.0,0.0,0.0,"[0.0, 0.0, 0.0, 0.0, 0.0, 0.0, 0.0, 0.0, 0.0, 0.0, 0.0, 0.0, 0.0, 0.0, 0.0, 0.0]",0,0.0,0.0,0.0,"[0.0, 0.0, 0.0, 0.0, 0.0, 0.0, 0.0, 0.0, 0.0, 0.0, 0.0, 0.0, 0.0, 0.0, 0.0, 0.0]",105,0.0,0.0,0.0,"[0.0, 0.0, 0.0, 0.0, 0.0, 0.0, 0.0, 0.0, 0.0, 0.0, 0.0, 0.0, 0.0, 0.0, 0.0, 0.0]",1682
BIOMD0000000795,2,6,0,1000,0.0,0.0,0.0,"[0.0, 0.0]",0,0.0,0.48463720433501895,0.9692744086700379,"[np.float64(0.9692744086700379), 0.0]",3,0.9827004845912244,0.9913501261076016,0.9999997676239789,"[np.float64(0.9827004845912244), np.float64(0.9999997676239789)]",8
BIOMD0000000796,5,13,0,1000,0.0,0.0,0.0,"[0.0, 0.0, 0.0, 0.0, 0.0]",0,0.0,0.0,0.9814158461562775,"[0.0, 0.0, np.float64(0.9814158461562775), 0.0, 0.0]",8,0.0,0.0,0.0,"[0.0, 0.0, 0.0, 0.0, 0.0]",81
BIOMD0000000798,5,9,0,1000,0.0,0.0,0.0,"[0.0, 0.0, 0.0, 0.0, 0.0]",0,0.0,0.9564329243634447,0.9999998361037828,"[np.float64(0.9564329243634447), np.float64(0.9611780346018136), np.float64(0.9999998361037828), np.float64(0.1019005323020572), 0.0]",14,0.0,0.0,0.9999999999732151,"[np.float64(0.9999999999732151), 0.0, 0.0, np.float64(0.9999954572226207), 0.0]",94
BIOMD0000000799,2,4,0,1000,0.0,0.0,0.0,"[0.0, 0.0]",0,0.0,0.0,0.0,"[0.0, 0.0]",2,0.0,0.0,0.0,"[0.0, 0.0]",1
BIOMD0000000800,3,6,0,1000,0.0,0.0,1.1102230246251565e-16,"[np.float64(1.1102230246251565e-16), 0.0, 0.0]",3,0.0,0.0,0.0,"[0.0, 0.0, 0.0]",3,0.0,0.0,0.0,"[0.0, 0.0, 0.0]",4
BIOMD0000000801,4,13,0,1000,0.0,0.0,0.0,"[0.0, 0.0, 0.0, 0.0]",0,0.0,0.0,0.0,"[0.0, 0.0, 0.0, 0.0]",8,0.0,0.0,0.0,"[0.0, 0.0, 0.0, 0.0]",45
BIOMD0000000802,4,8,0,1000,0.0,0.0,0.0,"[0.0, 0.0, 0.0, 0.0]",1,0.0,0.2835909236123161,0.9998917685904847,"[np.float64(0.9998917685904847), 0.0, 0.0, np.float64(0.5671818472246322)]",12,0.0,0.3197057345521953,0.9764369289232797,"[0.0, 0.0, np.float64(0.9764369289232797), np.float64(0.6394114691043906)]",27
BIOMD0000000803,9,8,0,1000,0.0,0.0,0.0,"[0.0, 0.0, 0.0, 0.0, 0.0, 0.0, 0.0, 0.0, 0.0]",9,0.9833044298109,0.9865349420540469,0.9993483995500418,"[np.float64(0.9865349420540469), np.float64(0.9865041464366779), np.float64(0.9865195455779605), np.float64(0.9833044298109), np.float64(0.9864644854391162), np.float64(0.9993483995499358), np.float64(0.9984276959376294), np.float64(0.9993483995500418), np.float64(0.998427695940155)]",88,0.0,0.0,0.0,"[0.0, 0.0, 0.0, 0.0, 0.0, 0.0, 0.0, 0.0, 0.0]",345
BIOMD0000000806,6,25,0,1000,0.0,0.0,0.0,"[0.0, 0.0, 0.0, 0.0, 0.0, 0.0]",4,0.0,0.37263424267191747,0.828454363407233,"[np.float64(0.6199795346474775), 0.0, np.float64(0.6050895356169984), np.float64(0.14017894972683653), 0.0, np.float64(0.828454363407233)]",29,0.0,0.0,0.0,"[0.0, 0.0, 0.0, 0.0, 0.0, 0.0]",57
BIOMD0000000808,6,15,0,1000,0.0,0.0,2.220446049250313e-16,"[0.0, np.float64(2.220446049250313e-16), 0.0, 0.0, 0.0, 0.0]",4,0.0,0.0,0.5101841938054476,"[0.0, 0.0, np.float64(0.5101841938054476), np.float64(0.12613164146708844), 0.0, 0.0]",18,0.0,0.0,0.0,"[0.0, 0.0, 0.0, 0.0, 0.0, 0.0]",47
BIOMD0000000811,6,29,0,1000,0.0,0.0,1.1102230246251565e-16,"[0.0, 0.0, 0.0, 0.0, np.float64(1.1102230246251565e-16), 0.0]",6,0.0,0.0,0.8917225348779799,"[0.0, 0.0, np.float64(0.10540844015346074), 0.0, np.float64(0.8917225348779799), 0.0]",14,0.0,0.0,0.0,"[0.0, 0.0, 0.0, 0.0, 0.0, 0.0]",28
BIOMD0000000812,4,9,0,1000,0.0,0.0,0.0,"[0.0, 0.0, 0.0, 0.0]",0,0.0,0.4974526948780808,0.9949170028176902,"[0.0, np.float64(0.9949170028176902), np.float64(0.9949053897561616), 0.0]",11,0.0,0.9999995105120089,0.9999999999999989,"[0.0, np.float64(0.9999995083207005), np.float64(0.9999995127033172), np.float64(0.9999999999999989)]",59
BIOMD0000000813,3,8,0,1000,0.0,0.0,0.0,"[0.0, 0.0, 0.0]",1,0.0,0.0,0.0,"[0.0, 0.0, 0.0]",3,0.0,0.0,0.0,"[0.0, 0.0, 0.0]",15
BIOMD0000000814,3,5,0,1000,0.0,0.0,0.0,"[0.0, 0.0, 0.0]",1,0.0,0.0,0.0,"[0.0, 0.0, 0.0]",3,0.0,0.0,0.0,"[0.0, 0.0, 0.0]",0
BIOMD0000000815,2,6,0,1000,0.0,0.0,0.0,"[0.0, 0.0]",0,0.0,0.0,0.0,"[0.0, 0.0]",0,0.0,0.0,0.0,"[0.0, 0.0]",1
BIOMD0000000816,6,16,0,1000,0.0,0.0,0.0,"[0.0, 0.0, 0.0, 0.0, 0.0, 0.0]",1,0.0,0.0,0.9999999998942062,"[np.float64(0.9999999998942062), 0.0, 0.0, 0.0, 0.0, 0.0]",1,0.0,0.0,0.0,"[0.0, 0.0, 0.0, 0.0, 0.0, 0.0]",21
BIOMD0000000817,6,13,0,1000,0.0,0.0,1.1102230246251565e-16,"[np.float64(1.1102230246251565e-16), 0.0, 0.0, 0.0, 0.0, 0.0]",1,0.0,0.0,0.9999999998942061,"[np.float64(0.9999999998942061), 0.0, 0.0, 0.0, 0.0, 0.0]",1,0.0,0.0,0.0,"[0.0, 0.0, 0.0, 0.0, 0.0, 0.0]",21
BIOMD0000000818,10,10,0,1000,0.0,0.0,0.0,"[0.0, 0.0, 0.0, 0.0, 0.0, 0.0, 0.0, 0.0, 0.0, 0.0]",0,0.0,0.0,0.9784757200652822,"[0.0, 0.0, 0.0, 0.0, 0.0, 0.0, 0.0, np.float64(0.9784757200652822), 0.0, 0.0]",83,0.0,0.0,0.7996776589493313,"[0.0, 0.0, 0.0, 0.0, 0.0, 0.0, 0.0, np.float64(0.6055039868353704), np.float64(0.7996776589493313), np.float64(0.08949731882399314)]",580
BIOMD0000000819,10,30,0,1000,0.0,0.0,1.1102230246251565e-16,"[0.0, 0.0, np.float64(1.1102230246251565e-16), 0.0, 0.0, 0.0, 0.0, 0.0, 0.0, 0.0]",4,0.0,0.0,0.9895655344166362,"[0.0, 0.0, np.float64(0.9895655344166362), 0.0, 0.0, 0.0, 0.0, 0.0, 0.0, 0.0]",74,0.0,0.0,0.0,"[0.0, 0.0, 0.0, 0.0, 0.0, 0.0, 0.0, 0.0, 0.0, 0.0]",427
BIOMD0000000820,7,7,0,1000,0.0,0.0,2.220446049250313e-16,"[0.0, np.float64(1.1102230246251565e-16), np.float64(2.220446049250313e-16), 0.0, 0.0, 0.0, 0.0]",7,0.0,0.0,0.9999999971372505,"[0.0, 0.0, 0.0, np.float64(0.6811139486257392), np.float64(0.9145196796064022), np.float64(0.9999999971372505), 0.0]",32,0.0,0.0,0.8378017860783352,"[0.0, 0.0, 0.0, 0.0, 0.0, np.float64(0.8378017860783352), 0.0]",113
BIOMD0000000821,3,7,0,1000,0.0,0.0,0.0,"[0.0, 0.0, 0.0]",2,0.0,0.0,0.9244574648254611,"[np.float64(0.9244574648254611), 0.0, 0.0]",7,0.0,0.0,0.0,"[0.0, 0.0, 0.0]",12
BIOMD0000000822,8,13,0,1000,0.0,0.0,0.0,"[0.0, 0.0, 0.0, 0.0, 0.0, 0.0, 0.0, 0.0]",0,0.0,0.0,0.0,"[0.0, 0.0, 0.0, 0.0, 0.0, 0.0, 0.0, 0.0]",1,0.0,0.0,0.0,"[0.0, 0.0, 0.0, 0.0, 0.0, 0.0, 0.0, 0.0]",1
BIOMD0000000823,16,18,0,1000,0.0,0.0,0.0,"[0.0, 0.0, 0.0, 0.0, 0.0, 0.0, 0.0, 0.0, 0.0, 0.0, 0.0, 0.0, 0.0, 0.0, 0.0, 0.0]",1,0.0,0.0,0.0,"[0.0, 0.0, 0.0, 0.0, 0.0, 0.0, 0.0, 0.0, 0.0, 0.0, 0.0, 0.0, 0.0, 0.0, 0.0, 0.0]",30,0.0,0.0,0.0,"[0.0, 0.0, 0.0, 0.0, 0.0, 0.0, 0.0, 0.0, 0.0, 0.0, 0.0, 0.0, 0.0, 0.0, 0.0, 0.0]",476
BIOMD0000000824,1,3,0,1000,0.0,0.0,0.0,[0.0],1,0.0,0.0,0.0,[0.0],1,0.0,0.0,0.0,[0.0],1
BIOMD0000000826,13,25,0,1000,0.0,0.0,1.1102230246251565e-16,"[0.0, 0.0, 0.0, 0.0, 0.0, 0.0, 0.0, 0.0, 0.0, 0.0, 0.0, np.float64(1.1102230246251565e-16), 0.0]",1,0.0,0.0,0.0,"[0.0, 0.0, 0.0, 0.0, 0.0, 0.0, 0.0, 0.0, 0.0, 0.0, 0.0, 0.0, 0.0]",81,0.0,0.0,0.0,"[0.0, 0.0, 0.0, 0.0, 0.0, 0.0, 0.0, 0.0, 0.0, 0.0, 0.0, 0.0, 0.0]",840
BIOMD0000000827,10,9,0,1000,0.0,0.0,0.0,"[0.0, 0.0, 0.0, 0.0, 0.0, 0.0, 0.0, 0.0, 0.0, 0.0]",0,0.0,0.0,0.0,"[0.0, 0.0, 0.0, 0.0, 0.0, 0.0, 0.0, 0.0, 0.0, 0.0]",0,0.0,0.0,0.0,"[0.0, 0.0, 0.0, 0.0, 0.0, 0.0, 0.0, 0.0, 0.0, 0.0]",0
BIOMD0000000828,5,12,0,1000,0.0,0.0,0.0,"[0.0, 0.0, 0.0, 0.0, 0.0]",0,0.6539768794602594,0.9799513506143368,0.9970857855237855,"[np.float64(0.9970857855237855), np.float64(0.6539768794602594), np.float64(0.9799513506143368), np.float64(0.9821236100003546), np.float64(0.8386102787200883)]",21,0.0,0.0,0.9493487802595907,"[np.float64(0.6627416086078607), 0.0, np.float64(0.9493487802595907), 0.0, 0.0]",102
BIOMD0000000829,11,28,0,1000,0.0,0.0,0.0,"[0.0, 0.0, 0.0, 0.0, 0.0, 0.0, 0.0, 0.0, 0.0, 0.0, 0.0]",0,0.0,0.0,0.3819988381810411,"[0.0, 0.0, 0.0, 0.0, 0.0, np.float64(0.3819988381810411), 0.0, 0.0, 0.0, 0.0, 0.0]",56,0.0,0.0,0.0,"[0.0, 0.0, 0.0, 0.0, 0.0, 0.0, 0.0, 0.0, 0.0, 0.0, 0.0]",473
BIOMD0000000830,6,7,0,1000,0.0,0.0,0.0,"[0.0, 0.0, 0.0, 0.0, 0.0, 0.0]",0,0.0,0.0,0.0,"[0.0, 0.0, 0.0, 0.0, 0.0, 0.0]",0,0.0,0.4999999996174244,0.9999999999560714,"[np.float64(0.999999999793635), np.float64(0.9999999992348488), 0.0, 0.0, 0.0, np.float64(0.9999999999560714)]",149
BIOMD0000000832,20,26,0,1000,0.0,0.0,1.1102230246251565e-16,"[0.0, 0.0, 0.0, 0.0, 0.0, 0.0, 0.0, np.float64(1.1102230246251565e-16), 0.0, 0.0, 0.0, 0.0, 0.0, 0.0, 0.0, 0.0, 0.0, 0.0, 0.0, 0.0]",13,0.0,0.0,0.9895308750493059,"[0.0, 0.0, 0.0, 0.0, 0.0, 0.0, np.float64(0.9895308750493059), np.float64(0.8089484967195896), np.float64(0.9216801808158631), np.float64(0.7908706587213795), np.float64(0.7908706587213801), np.float64(0.8270505327029111), 0.0, 0.0, 0.0, 0.0, 0.0, 0.0, 0.0, 0.0]",227,0.0,0.0,0.0,"[0.0, 0.0, 0.0, 0.0, 0.0, 0.0, 0.0, 0.0, 0.0, 0.0, 0.0, 0.0, 0.0, 0.0, 0.0, 0.0, 0.0, 0.0, 0.0, 0.0]",2677
BIOMD0000000833,61,83,0,1000,0.0,0.0,2.220446049250313e-16,"[0.0, 0.0, 0.0, 0.0, 0.0, np.float64(2.220446049250313e-16), 0.0, 0.0, 0.0, 0.0, 0.0, 0.0, 0.0, np.float64(1.1102230246251565e-16), 0.0, 0.0, 0.0, 0.0, 0.0, 0.0, 0.0, 0.0, np.float64(1.1102230246251565e-16), 0.0, 0.0, 0.0, 0.0, 0.0, 0.0, 0.0, 0.0, 0.0, 0.0, 0.0, 0.0, 0.0, 0.0, 0.0, 0.0, 0.0, 0.0, 0.0, 0.0, 0.0, 0.0, np.float64(1.1102230246251565e-16), 0.0, np.float64(1.1102230246251565e-16), np.float64(1.1102230246251565e-16), 0.0, 0.0, 0.0, 0.0, 0.0, 0.0, 0.0, 0.0, 0.0, 0.0, 0.0, 0.0]",55,0.0,0.0,0.9998445151823224,"[np.float64(0.9988126290568806), np.float64(0.9971995540909802), 0.0, np.float64(0.993055400893025), np.float64(0.9944238289413467), np.float64(0.9835686441759911), np.float64(0.9991317881705072), np.float64(0.9960569607702301), 0.0, np.float64(0.9979331450126677), np.float64(0.9998445151823224), np.float64(0.999842990608402), 0.0, np.float64(0.9212375040553921), np.float64(0.9881028007389836), 0.0, 0.0, 0.0, np.float64(0.993855716805955), 0.0, 0.0, np.float64(0.9867217905351142), 0.0, 0.0, 0.0, 0.0, 0.0, 0.0, 0.0, np.float64(0.20194015950472588), 0.0, np.float64(0.9913208378948679), np.float64(0.9908337239378359), np.float64(0.8898905686236682), np.float64(0.9979331449996808), np.float64(0.9835686435578883), np.float64(0.9212375033221194), np.float64(0.9874784884572677), np.float64(0.9938557169537743), 0.0, 0.0, 0.0, 0.0, 0.0, 0.0, 0.0, 0.0, 0.0, np.float64(0.9931691605089121), np.float64(0.9944238437459344), np.float64(0.9904548911865434), 0.0, np.float64(0.9867217905850958), 0.0, 0.0, np.float64(0.9917562876143581), 0.0, 0.0, 0.0, 0.0, 0.0]",3030,0.0,0.0,0.0,"[0.0, 0.0, 0.0, 0.0, 0.0, 0.0, 0.0, 0.0, 0.0, 0.0, 0.0, 0.0, 0.0, 0.0, 0.0, 0.0, 0.0, 0.0, 0.0, 0.0, 0.0, 0.0, 0.0, 0.0, 0.0, 0.0, 0.0, 0.0, 0.0, 0.0, 0.0, 0.0, 0.0, 0.0, 0.0, 0.0, 0.0, 0.0, 0.0, 0.0, 0.0, 0.0, 0.0, 0.0, 0.0, 0.0, 0.0, 0.0, 0.0, 0.0, 0.0, 0.0, 0.0, 0.0, 0.0, 0.0, 0.0, 0.0, 0.0, 0.0, 0.0]",24938
BIOMD0000000834,75,134,0,1000,0.0,0.0,0.0,"[0.0, 0.0, 0.0, 0.0, 0.0, 0.0, 0.0, 0.0, 0.0, 0.0, 0.0, 0.0, 0.0, 0.0, 0.0, 0.0, 0.0, 0.0, 0.0, 0.0, 0.0, 0.0, 0.0, 0.0, 0.0, 0.0, 0.0, 0.0, 0.0, 0.0, 0.0, 0.0, 0.0, 0.0, 0.0, 0.0, 0.0, 0.0, 0.0, 0.0, 0.0, 0.0, 0.0, 0.0, 0.0, 0.0, 0.0, 0.0, 0.0, 0.0, 0.0, 0.0, 0.0, 0.0, 0.0, 0.0, 0.0, 0.0, 0.0, 0.0, 0.0, 0.0, 0.0, 0.0, 0.0, 0.0, 0.0, 0.0, 0.0, 0.0, 0.0, 0.0, 0.0, 0.0, 0.0]",0,0.0,0.0,0.9780215377858168,"[0.0, 0.0, np.float64(0.7214420624424923), 0.0, 0.0, 0.0, 0.0, np.float64(0.7372866682440122), 0.0, np.float64(0.7372879690260209), 0.0, 0.0, 0.0, 0.0, 0.0, 0.0, 0.0, 0.0, np.float64(0.13201522874086025), 0.0, 0.0, 0.0, 0.0, np.float64(0.3148297520141341), np.float64(0.31482922264128244), 0.0, 0.0, 0.0, 0.0, 0.0, np.float64(0.9645207801974364), 0.0, 0.0, 0.0, np.float64(0.9645207810755515), 0.0, 0.0, 0.0, 0.0, 0.0, 0.0, np.float64(0.9757442244581305), 0.0, np.float64(0.9495359398386676), np.float64(0.9757442252852916), 0.0, 0.0, 0.0, np.float64(0.9780215377858168), np.float64(0.9780215372538225), 0.0, np.float64(0.7497119877051468), 0.0, 0.0, 0.0, 0.0, 0.0, 0.0, 0.0, np.float64(0.9453894202299079), np.float64(0.9710655822259749), 0.0, 0.0, np.float64(0.7288563261993584), 0.0, 0.0, 0.0, 0.0, 0.0, 0.0, 0.0, 0.0, np.float64(0.9710655844076341), 0.0, 0.0]",5405,0.0,0.0,0.0,"[0.0, 0.0, 0.0, 0.0, 0.0, 0.0, 0.0, 0.0, 0.0, 0.0, 0.0, 0.0, 0.0, 0.0, 0.0, 0.0, 0.0, 0.0, 0.0, 0.0, 0.0, 0.0, 0.0, 0.0, 0.0, 0.0, 0.0, 0.0, 0.0, 0.0, 0.0, 0.0, 0.0, 0.0, 0.0, 0.0, 0.0, 0.0, 0.0, 0.0, 0.0, 0.0, 0.0, 0.0, 0.0, 0.0, 0.0, 0.0, 0.0, 0.0, 0.0, 0.0, 0.0, 0.0, 0.0, 0.0, 0.0, 0.0, 0.0, 0.0, 0.0, 0.0, 0.0, 0.0, 0.0, 0.0, 0.0, 0.0, 0.0, 0.0, 0.0, 0.0, 0.0, 0.0, 0.0]",111381
BIOMD0000000835,31,37,0,1000,0.0,0.0,3.3306690738754696e-16,"[0.0, 0.0, 0.0, 0.0, 0.0, 0.0, 0.0, 0.0, 0.0, 0.0, 0.0, 0.0, 0.0, 0.0, 0.0, 0.0, 0.0, 0.0, 0.0, 0.0, 0.0, 0.0, 0.0, 0.0, np.float64(1.1102230246251565e-16), 0.0, 0.0, np.float64(3.3306690738754696e-16), 0.0, 0.0, 0.0]",4,0.0,0.8673167088438555,0.9999615724547514,"[0.0, 0.0, 0.0, np.float64(0.9999615724547514), np.float64(0.9988726068217206), np.float64(0.8009966658722228), 0.0, np.float64(0.8431760002982788), np.float64(0.885552153227509), np.float64(0.8942562382545746), np.float64(0.8667896440618045), np.float64(0.8760198877483464), np.float64(0.8876863523092041), np.float64(0.8327581658715482), np.float64(0.8970872903271829), np.float64(0.8497305347043451), np.float64(0.9402286800913273), np.float64(0.9499887498091062), np.float64(0.8175894490472462), np.float64(0.8673167088438555), np.float64(0.9601341992500708), np.float64(0.7913966204950875), np.float64(0.9062999056144737), np.float64(0.9195719210037288), np.float64(0.8092747401738333), np.float64(0.8095310846708061), np.float64(0.8672599409031548), np.float64(0.993847937598588), np.float64(0.9956841578478313), np.float64(0.9956874293344867), np.float64(0.027348052681104296)]",947,0.0,0.0,0.0,"[0.0, 0.0, 0.0, 0.0, 0.0, 0.0, 0.0, 0.0, 0.0, 0.0, 0.0, 0.0, 0.0, 0.0, 0.0, 0.0, 0.0, 0.0, 0.0, 0.0, 0.0, 0.0, 0.0, 0.0, 0.0, 0.0, 0.0, 0.0, 0.0, 0.0, 0.0]",15748
BIOMD0000000836,2,0,0,1000,0.0,0.0,0.0,"[0.0, 0.0]",1,0.5250278829970552,0.7502343760433565,0.975440869089658,"[np.float64(0.975440869089658), np.float64(0.5250278829970552)]",4,0.9999999790835392,0.9999999895198075,0.9999999999560758,"[np.float64(0.9999999999560758), np.float64(0.9999999790835392)]",6
BIOMD0000000837,8,17,0,1000,0.0,0.0,0.0,"[0.0, 0.0, 0.0, 0.0, 0.0, 0.0, 0.0, 0.0]",1,0.0,0.0,0.0,"[0.0, 0.0, 0.0, 0.0, 0.0, 0.0, 0.0, 0.0]",33,0.0,0.0,0.0,"[0.0, 0.0, 0.0, 0.0, 0.0, 0.0, 0.0, 0.0]",166
BIOMD0000000839,8,20,0,1000,0.0,0.0,0.0,"[0.0, 0.0, 0.0, 0.0, 0.0, 0.0, 0.0, 0.0]",1,0.0,0.0,0.9987303489011827,"[0.0, 0.0, np.float64(0.8396500904154365), 0.0, np.float64(0.9987303489011827), 0.0, np.float64(0.4677031805172277), 0.0]",48,0.0,0.0,0.0,"[0.0, 0.0, 0.0, 0.0, 0.0, 0.0, 0.0, 0.0]",185
BIOMD0000000840,5,11,0,1000,0.0,0.0,3.3306690738754696e-16,"[0.0, 0.0, 0.0, 0.0, np.float64(3.3306690738754696e-16)]",5,0.0,0.0,0.9998018436528088,"[np.float64(0.9998018436528088), np.float64(0.9995148908297837), 0.0, 0.0, 0.0]",19,0.0,0.0,0.0,"[0.0, 0.0, 0.0, 0.0, 0.0]",31
BIOMD0000000842,20,26,0,1000,0.0,0.0,0.0,"[0.0, 0.0, 0.0, 0.0, 0.0, 0.0, 0.0, 0.0, 0.0, 0.0, 0.0, 0.0, 0.0, 0.0, 0.0, 0.0, 0.0, 0.0, 0.0, 0.0]",0,0.0,0.0,0.9590163229377133,"[0.0, np.float64(0.9264621124782336), np.float64(0.7968025056246832), np.float64(0.9579221820137561), np.float64(0.9579221820137592), np.float64(0.9590163229377133), np.float64(0.959016322937678), np.float64(0.6734495687997927), 0.0, 0.0, 0.0, np.float64(0.9264621124782532), 0.0, 0.0, 0.0, 0.0, 0.0, 0.0, 0.0, 0.0]",215,0.0,0.0,0.18152021349054792,"[0.0, np.float64(0.18152021349054792), 0.0, 0.0, 0.0, 0.0, 0.0, 0.0, 0.0, 0.0, 0.0, np.float64(0.18152020542383906), 0.0, 0.0, 0.0, 0.0, 0.0, 0.0, 0.0, 0.0]",2766
BIOMD0000000843,10,15,0,1000,0.0,0.0,2.220446049250313e-16,"[np.float64(2.220446049250313e-16), 0.0, 0.0, 0.0, np.float64(2.220446049250313e-16), 0.0, 0.0, 0.0, 0.0, 0.0]",3,0.0,0.0,0.0,"[0.0, 0.0, 0.0, 0.0, 0.0, 0.0, 0.0, 0.0, 0.0, 0.0]",42,0.0,0.0,0.0,"[0.0, 0.0, 0.0, 0.0, 0.0, 0.0, 0.0, 0.0, 0.0, 0.0]",469
BIOMD0000000844,9,10,0,1000,0.0,0.0,0.0,"[0.0, 0.0, 0.0, 0.0, 0.0, 0.0, 0.0, 0.0, 0.0]",0,0.0,0.0,0.0,"[0.0, 0.0, 0.0, 0.0, 0.0, 0.0, 0.0, 0.0, 0.0]",20,0.0,0.0,0.0,"[0.0, 0.0, 0.0, 0.0, 0.0, 0.0, 0.0, 0.0, 0.0]",307
BIOMD0000000845,3,7,0,1000,0.0,0.0,0.0,"[0.0, 0.0, 0.0]",3,0.0,0.35949205584361354,0.4891085235726552,"[np.float64(0.4891085235726552), 0.0, np.float64(0.35949205584361354)]",7,0.0,0.0,0.6307886911786511,"[0.0, 0.0, np.float64(0.6307886911786511)]",8
BIOMD0000000847,4,6,0,1000,0.0,0.0,0.0,"[0.0, 0.0, 0.0, 0.0]",0,0.0,0.0,0.9611425145037455,"[0.0, np.float64(0.9611425145037455), 0.0, 0.0]",13,0.0,0.0,0.99512220597964,"[0.0, np.float64(0.99512220597964), 0.0, 0.0]",52
BIOMD0000000848,9,21,0,1000,0.0,0.0,0.0,"[0.0, 0.0, 0.0, 0.0, 0.0, 0.0, 0.0, 0.0, 0.0]",0,0.0,0.9948462204103459,0.9995333699572232,"[np.float64(0.9967520539161261), np.float64(0.9948462204103459), np.float64(0.9233235644434843), np.float64(0.9932096934303768), np.float64(0.9995333699572232), 0.0, 0.0, np.float64(0.9974765147123489), np.float64(0.9972857085636542)]",71,0.0,0.6364400107981394,0.9930109425199333,"[0.0, 0.0, np.float64(0.9416079275878787), np.float64(0.9928625469865506), np.float64(0.9802554470369839), np.float64(0.9930109425199333), 0.0, np.float64(0.6364400107981394), 0.0]",495
BIOMD0000000849,13,23,0,1000,0.0,0.0,0.0,"[0.0, 0.0, 0.0, 0.0, 0.0, 0.0, 0.0, 0.0, 0.0, 0.0, 0.0, 0.0, 0.0]",6,0.0,0.9318112477299711,0.9999961409760687,"[0.0, 0.0, np.float64(0.9974276990154507), np.float64(0.9318112477299711), 0.0, np.float64(0.45031594799319474), 0.0, np.float64(0.9993887556218901), 0.0, np.float64(0.995964495562175), np.float64(0.9797429068764073), np.float64(0.9906088323389791), np.float64(0.9999961409760687)]",155,0.0,0.0,0.0,"[0.0, 0.0, 0.0, 0.0, 0.0, 0.0, 0.0, 0.0, 0.0, 0.0, 0.0, 0.0, 0.0]",830
BIOMD0000000850,3,4,0,1000,0.0,0.0,1.1102230246251565e-16,"[0.0, np.float64(1.1102230246251565e-16), 0.0]",1,0.0,0.0,0.0,"[0.0, 0.0, 0.0]",4,0.0,0.0,0.0,"[0.0, 0.0, 0.0]",19
BIOMD0000000851,5,4,0,1000,0.0,0.0,0.0,"[0.0, 0.0, 0.0, 0.0, 0.0]",0,0.0,0.0,0.9999999958931839,"[0.0, 0.0, 0.0, 0.0, np.float64(0.9999999958931839)]",10,0.0,0.0,0.6803805412759208,"[np.float64(0.6803805412759208), 0.0, 0.0, 0.0, np.float64(0.12438507165584212)]",86
BIOMD0000000852,6,15,0,1000,0.0,0.0,0.0,"[0.0, 0.0, 0.0, 0.0, 0.0, 0.0]",4,0.0,0.0,0.8757080376795967,"[0.0, np.float64(0.8757080376795967), 0.0, 0.0, 0.0, 0.0]",29,0.0,0.0,0.0,"[0.0, 0.0, 0.0, 0.0, 0.0, 0.0]",57
BIOMD0000000853,9,21,0,1000,0.0,0.0,0.0,"[0.0, 0.0, 0.0, 0.0, 0.0, 0.0, 0.0, 0.0, 0.0]",0,0.0,0.0,0.9684789793771004,"[np.float64(0.9684789793771004), np.float64(0.9595080370846074), np.float64(0.9640282400760635), 0.0, 0.0, 0.0, 0.0, 0.0, 0.0]",54,0.0,0.7478024126560783,0.9504196695955677,"[np.float64(0.7792641494203472), np.float64(0.7421701329277938), np.float64(0.7478024126560783), np.float64(0.7618010321503235), np.float64(0.9354319835603242), 0.0, 0.0, 0.0, np.float64(0.9504196695955677)]",484
BIOMD0000000854,4,7,0,1000,0.0,0.0,0.0,"[0.0, 0.0, 0.0, 0.0]",0,0.9999991162331131,0.9999994421932075,0.99999970164591,"[np.float64(0.9999996291225967), np.float64(0.9999992552638183), np.float64(0.99999970164591), np.float64(0.9999991162331131)]",20,0.0,0.4999997708627933,0.9999998452261009,"[0.0, 0.0, np.float64(0.9999998452261009), np.float64(0.9999995417255866)]",58
BIOMD0000000855,4,12,0,1000,0.0,0.0,2.220446049250313e-16,"[0.0, np.float64(2.220446049250313e-16), 0.0, 0.0]",1,0.6978645949907634,0.927212580808545,0.9964124993929474,"[np.float64(0.9557508583729086), np.float64(0.9964124993929474), np.float64(0.6978645949907634), np.float64(0.8986743032441814)]",10,0.0,0.9686523406448969,0.9999309152863803,"[np.float64(0.9941376565668582), np.float64(0.9999309152863803), np.float64(0.9431670247229357), 0.0]",49
BIOMD0000000860,3,5,0,1000,0.0,0.0,0.0,"[0.0, 0.0, 0.0]",0,0.0,0.0,0.0,"[0.0, 0.0, 0.0]",0,0.0,0.0,0.0,"[0.0, 0.0, 0.0]",4
BIOMD0000000861,26,36,0,1000,0.0,0.0,0.0,"[0.0, 0.0, 0.0, 0.0, 0.0, 0.0, 0.0, 0.0, 0.0, 0.0, 0.0, 0.0, 0.0, 0.0, 0.0, 0.0, 0.0, 0.0, 0.0, 0.0, 0.0, 0.0, 0.0, 0.0, 0.0, 0.0]",10,0.0,0.0,0.9990235560901023,"[0.0, 0.0, 0.0, 0.0, 0.0, 0.0, 0.0, 0.0, 0.0, 0.0, 0.0, 0.0, 0.0, 0.0, np.float64(0.26958095918543346), 0.0, 0.0, np.float64(0.8285419670697028), 0.0, np.float64(0.9988811338717523), np.float64(0.9988932138864391), np.float64(0.9154454982267312), np.float64(0.9990235560901023), np.float64(0.7775796228236026), np.float64(0.0887961542236928), 0.0]",252,0.0,0.0,0.0,"[0.0, 0.0, 0.0, 0.0, 0.0, 0.0, 0.0, 0.0, 0.0, 0.0, 0.0, 0.0, 0.0, 0.0, 0.0, 0.0, 0.0, 0.0, 0.0, 0.0, 0.0, 0.0, 0.0, 0.0, 0.0, 0.0]",3521
BIOMD0000000862,8,11,0,1000,0.0,0.0,0.0,"[0.0, 0.0, 0.0, 0.0, 0.0, 0.0, 0.0, 0.0]",0,0.0,0.0,0.0,"[0.0, 0.0, 0.0, 0.0, 0.0, 0.0, 0.0, 0.0]",7,0.0,0.0,0.0,"[0.0, 0.0, 0.0, 0.0, 0.0, 0.0, 0.0, 0.0]",73
BIOMD0000000863,6,13,0,1000,0.0,0.0,0.0,"[0.0, 0.0, 0.0, 0.0, 0.0, 0.0]",3,0.0,0.0,0.8517458667720217,"[np.float64(0.8517458667720217), 0.0, np.float64(0.7284267089192674), 0.0, 0.0, 0.0]",18,0.0,0.0,0.0,"[0.0, 0.0, 0.0, 0.0, 0.0, 0.0]",51
BIOMD0000000864,6,9,0,1000,0.0,0.0,0.0,"[0.0, 0.0, 0.0, 0.0, 0.0, 0.0]",0,0.0,0.0,0.0,"[0.0, 0.0, 0.0, 0.0, 0.0, 0.0]",9,0.0,0.0,0.0,"[0.0, 0.0, 0.0, 0.0, 0.0, 0.0]",78
BIOMD0000000865,4,8,0,1000,0.0,0.0,0.0,"[0.0, 0.0, 0.0, 0.0]",3,0.0,0.9925365526844743,0.9997409947776499,"[np.float64(0.9997409947776499), 0.0, np.float64(0.991476797527043), np.float64(0.9935963078419057)]",19,0.0,0.49999999903004066,0.9999999984914092,"[0.0, 0.0, np.float64(0.9999999984914092), np.float64(0.9999999980600813)]",57
BIOMD0000000866,3,4,0,1000,0.0,0.0,0.0,"[0.0, 0.0, 0.0]",0,0.0,0.0,0.0,"[0.0, 0.0, 0.0]",3,0.0,0.0,0.0,"[0.0, 0.0, 0.0]",5
BIOMD0000000867,10,31,0,1000,0.0,0.0,2.220446049250313e-16,"[0.0, 0.0, 0.0, np.float64(2.220446049250313e-16), 0.0, 0.0, 0.0, 0.0, 0.0, 0.0]",3,0.0,0.4821174129030744,0.9999994171847009,"[0.0, 0.0, np.float64(0.998483435786045), np.float64(0.9999994171847009), 0.0, 0.0, np.float64(0.9642348258061488), 0.0, np.float64(0.9997393827352841), np.float64(0.9814109053264777)]",75,0.0,0.0,0.9256217130007568,"[0.0, 0.0, 0.0, np.float64(0.9256217130007568), 0.0, 0.0, np.float64(0.8550776659528199), 0.0, np.float64(0.8316426270313382), 0.0]",189
BIOMD0000000868,4,5,0,1000,0.0,0.0,0.0,"[0.0, 0.0, 0.0, 0.0]",0,0.0,0.0,0.0,"[0.0, 0.0, 0.0, 0.0]",0,0.0,0.0,0.0,"[0.0, 0.0, 0.0, 0.0]",0
BIOMD0000000869,4,7,0,1000,0.0,0.0,0.0,"[0.0, 0.0, 0.0, 0.0]",0,0.0,0.0,0.0,"[0.0, 0.0, 0.0, 0.0]",5,0.0,0.0,0.0,"[0.0, 0.0, 0.0, 0.0]",16
BIOMD0000000870,6,9,0,1000,0.0,0.0,0.0,"[0.0, 0.0, 0.0, 0.0, 0.0, 0.0]",0,0.0,0.0,0.0,"[0.0, 0.0, 0.0, 0.0, 0.0, 0.0]",3,0.0,0.0,0.0,"[0.0, 0.0, 0.0, 0.0, 0.0, 0.0]",54
BIOMD0000000871,8,13,0,1000,0.0,0.0,0.0,"[0.0, 0.0, 0.0, 0.0, 0.0, 0.0, 0.0, 0.0]",1,0.0,0.0,0.0,"[0.0, 0.0, 0.0, 0.0, 0.0, 0.0, 0.0, 0.0]",11,0.0,0.0,0.0,"[0.0, 0.0, 0.0, 0.0, 0.0, 0.0, 0.0, 0.0]",141
BIOMD0000000873,29,38,0,1000,0.0,0.0,4.440892098500626e-16,"[0.0, 0.0, 0.0, 0.0, 0.0, 0.0, 0.0, 0.0, np.float64(1.1102230246251565e-16), 0.0, np.float64(1.1102230246251565e-16), 0.0, 0.0, np.float64(1.1102230246251565e-16), np.float64(1.1102230246251565e-16), np.float64(2.220446049250313e-16), 0.0, 0.0, 0.0, 0.0, 0.0, 0.0, 0.0, np.float64(4.440892098500626e-16), 0.0, 0.0, 0.0, 0.0, 0.0]",26,0.0,0.9999999996256496,0.9999999999997985,"[np.float64(0.9999999996256496), np.float64(0.9999999999952253), np.float64(0.9999999997109608), np.float64(0.9999999958284154), np.float64(0.9999999981155211), np.float64(0.9999999999796166), np.float64(0.999999999999346), np.float64(0.9999999999013478), np.float64(0.9999999999074021), np.float64(0.9999999999997864), np.float64(0.9999996878347307), 0.0, 0.0, np.float64(0.9999995061000909), np.float64(0.9999999988729761), np.float64(0.999999999962127), np.float64(0.9999999982313903), np.float64(0.9999999999997985), np.float64(0.9999999999964008), np.float64(0.9999999999266708), np.float64(0.9999999999866537), 0.0, np.float64(0.9999999805799654), 0.0, np.float64(0.9999999999951326), np.float64(0.9999999999118944), np.float64(0.9999999988729764), 0.0, np.float64(0.9999999379281233)]",764,0.0,0.0,0.0,"[0.0, 0.0, 0.0, 0.0, 0.0, 0.0, 0.0, 0.0, 0.0, 0.0, 0.0, 0.0, 0.0, 0.0, 0.0, 0.0, 0.0, 0.0, 0.0, 0.0, 0.0, 0.0, 0.0, 0.0, 0.0, 0.0, 0.0, 0.0, 0.0]",4044
BIOMD0000000875,4,8,0,1000,0.0,0.0,1.1102230246251565e-16,"[0.0, 0.0, 0.0, np.float64(1.1102230246251565e-16)]",4,0.0,0.499987848841112,0.9999934143298018,"[0.0, 0.0, np.float64(0.999975697682224), np.float64(0.9999934143298018)]",10,0.0,0.0,0.0,"[0.0, 0.0, 0.0, 0.0]",24
BIOMD0000000877,4,9,0,1000,0.0,0.0,0.0,"[0.0, 0.0, 0.0, 0.0]",2,0.0,0.4940447199822997,0.9999650928251821,"[0.0, 0.0, np.float64(0.9999650928251821), np.float64(0.9880894399645994)]",9,0.0,0.0,0.0,"[0.0, 0.0, 0.0, 0.0]",37
BIOMD0000000878,3,6,0,1000,0.0,0.0,0.0,"[0.0, 0.0, 0.0]",0,0.0,0.0,0.0,"[0.0, 0.0, 0.0]",0,0.0,0.0,0.0,"[0.0, 0.0, 0.0]",4
BIOMD0000000880,4,11,0,1000,0.0,0.0,1.1102230246251565e-16,"[np.float64(1.1102230246251565e-16), 0.0, 0.0, 0.0]",4,0.0,0.4727172003683433,0.9993627621612375,"[np.float64(0.9993627621612375), 0.0, np.float64(0.9454344007366866), 0.0]",12,0.0,0.0,0.7731931781285851,"[0.0, 0.0, np.float64(0.7731931781285851), 0.0]",19
BIOMD0000000881,4,10,0,1000,0.0,0.0,0.0,"[0.0, 0.0, 0.0, 0.0]",2,0.0,0.0,0.0,"[0.0, 0.0, 0.0, 0.0]",12,0.0,0.0,0.0,"[0.0, 0.0, 0.0, 0.0]",30
BIOMD0000000884,3,6,0,1000,0.0,0.0,0.0,"[0.0, 0.0, 0.0]",3,0.0,0.0,0.22595439272578743,"[0.0, 0.0, np.float64(0.22595439272578743)]",10,0.9977803667634695,0.9977803752349643,0.9998629054199368,"[np.float64(0.9977803752349643), np.float64(0.9977803667634695), np.float64(0.9998629054199368)]",27
BIOMD0000000887,4,10,0,1000,0.0,0.0,0.0,"[0.0, 0.0, 0.0, 0.0]",0,0.0,0.0,0.0,"[0.0, 0.0, 0.0, 0.0]",8,0.0,0.0,0.0,"[0.0, 0.0, 0.0, 0.0]",45
BIOMD0000000888,4,8,0,1000,0.0,0.0,0.0,"[0.0, 0.0, 0.0, 0.0]",3,0.0,0.0,0.0,"[0.0, 0.0, 0.0, 0.0]",14,0.0,0.0,0.0,"[0.0, 0.0, 0.0, 0.0]",7
BIOMD0000000889,12,20,0,1000,0.0,0.0,2.220446049250313e-16,"[0.0, 0.0, 0.0, 0.0, 0.0, 0.0, 0.0, 0.0, 0.0, 0.0, np.float64(2.220446049250313e-16), 0.0]",9,0.0,0.0,0.9998206299811425,"[0.0, 0.0, 0.0, 0.0, 0.0, np.float64(0.9629791409038085), np.float64(0.9998206299811425), 0.0, 0.0, 0.0, np.float64(0.12670295965950096), np.float64(0.983190733049024)]",88,0.0,0.0,0.9990958214337536,"[0.0, 0.0, 0.0, 0.0, 0.0, 0.0, 0.0, 0.0, 0.0, 0.0, 0.0, np.float64(0.9990958214337536)]",409
BIOMD0000000890,3,6,0,1000,0.0,0.0,0.0,"[0.0, 0.0, 0.0]",0,0.0,0.0,0.0,"[0.0, 0.0, 0.0]",2,0.0,0.0,0.0,"[0.0, 0.0, 0.0]",16
BIOMD0000000891,3,6,0,1000,0.0,0.0,0.0,"[0.0, 0.0, 0.0]",0,0.0,0.0,0.5821657324553329,"[0.0, np.float64(0.5821657324553329), 0.0]",3,0.0,0.21990375498712278,0.9988864592830567,"[np.float64(0.9988864592830567), np.float64(0.21990375498712278), 0.0]",19
BIOMD0000000892,4,8,0,1000,0.0,0.0,1.1102230246251565e-16,"[0.0, np.float64(1.1102230246251565e-16), 0.0, 0.0]",4,0.5988813387922538,0.9906088818169263,0.9984464474608695,"[np.float64(0.5988813387922538), np.float64(0.989153544139093), np.float64(0.9984464474608695), np.float64(0.9920642194947595)]",16,0.0,0.0,0.0,"[0.0, 0.0, 0.0, 0.0]",17
BIOMD0000000893,3,6,0,1000,0.0,0.0,0.0,"[0.0, 0.0, 0.0]",0,0.0,0.14733481066484022,0.5353390682305736,"[np.float64(0.5353390682305736), np.float64(0.14733481066484022), 0.0]",7,0.0,0.09237472340387276,0.33205957774189454,"[np.float64(0.09237472340387276), np.float64(0.33205957774189454), 0.0]",26
BIOMD0000000894,3,6,0,1000,0.0,0.0,0.0,"[0.0, 0.0, 0.0]",0,0.18435286687959718,0.993537513338336,0.9989039694755097,"[np.float64(0.993537513338336), np.float64(0.18435286687959718), np.float64(0.9989039694755097)]",6,0.0,0.0,0.8893347742304056,"[np.float64(0.8893347742304056), 0.0, 0.0]",15
BIOMD0000000896,9,15,0,1000,0.0,0.0,0.0,"[0.0, 0.0, 0.0, 0.0, 0.0, 0.0, 0.0, 0.0, 0.0]",0,0.0,0.0,0.0,"[0.0, 0.0, 0.0, 0.0, 0.0, 0.0, 0.0, 0.0, 0.0]",18,0.0,0.0,0.0,"[0.0, 0.0, 0.0, 0.0, 0.0, 0.0, 0.0, 0.0, 0.0]",222
BIOMD0000000897,2,4,0,1000,0.0,0.0,0.0,"[0.0, 0.0]",2,0.0,0.31917882209994686,0.6383576441998937,"[0.0, np.float64(0.6383576441998937)]",3,0.0,0.0,0.0,"[0.0, 0.0]",3
BIOMD0000000898,5,8,0,1000,0.0,0.0,0.0,"[0.0, 0.0, 0.0, 0.0, 0.0]",0,0.0,0.9140361800758382,0.9912779836746681,"[np.float64(0.9912779836746681), np.float64(0.9140361800758382), 0.0, np.float64(0.9667298252090155), np.float64(0.848991633883397)]",24,0.0,0.0,0.0,"[0.0, 0.0, 0.0, 0.0, 0.0]",100
BIOMD0000000899,12,8,0,1000,0.0,0.0,0.0,"[0.0, 0.0, 0.0, 0.0, 0.0, 0.0, 0.0, 0.0, 0.0, 0.0, 0.0, 0.0]",0,0.0,0.0,0.9982100656763956,"[np.float64(0.9982100656763956), np.float64(0.9982100656763953), 0.0, 0.0, 0.0, 0.0, 0.0, 0.0, 0.0, 0.0, 0.0, 0.0]",47,0.0,0.0,0.9094000725116869,"[0.0, 0.0, 0.0, 0.0, np.float64(0.5996302220905299), 0.0, np.float64(0.9089979013053284), 0.0, 0.0, np.float64(0.9094000725116869), 0.0, 0.0]",731
BIOMD0000000900,3,6,0,1000,0.0,0.0,0.0,"[0.0, 0.0, 0.0]",0,0.0,0.0,0.5236115716602825,"[np.float64(0.5236115716602825), 0.0, 0.0]",2,0.0,0.0,0.5849508698644708,"[np.float64(0.5849508698644708), 0.0, 0.0]",9
BIOMD0000000902,4,7,0,1000,0.0,0.0,1.1102230246251565e-16,"[np.float64(1.1102230246251565e-16), 0.0, 0.0, 0.0]",3,0.0,0.3778625587560566,0.8567001994865847,"[0.0, 0.0, np.float64(0.8567001994865847), np.float64(0.7557251175121132)]",12,0.0,0.47898242060301466,0.9400264743843199,"[0.0, np.float64(0.053618942539930714), np.float64(0.9400264743843199), np.float64(0.9043458986660986)]",22
BIOMD0000000903,5,10,0,1000,0.0,0.0,2.220446049250313e-16,"[0.0, 0.0, 0.0, np.float64(2.220446049250313e-16), 0.0]",5,0.0,0.47684757028231717,0.9998310241826159,"[0.0, np.float64(0.9317126877365289), np.float64(0.9998310241826159), np.float64(0.4753845609924654), np.float64(0.47684757028231717)]",20,0.0,0.0,0.0,"[0.0, 0.0, 0.0, 0.0, 0.0]",34
BIOMD0000000904,4,7,0,1000,0.0,0.0,0.0,"[0.0, 0.0, 0.0, 0.0]",0,0.0,0.2277557558696633,0.513046215590513,"[0.0, np.float64(0.513046215590513), np.float64(0.4555115117393266), 0.0]",9,0.0,0.710497408373889,0.9982315125041873,"[np.float64(0.9982315125041873), np.float64(0.9961523683269259), np.float64(0.42484244842085206), 0.0]",29
BIOMD0000000905,5,10,0,1000,0.0,0.0,2.220446049250313e-16,"[0.0, 0.0, np.float64(2.220446049250313e-16), 0.0, 0.0]",3,0.0,0.13802885170152357,0.9999863105175676,"[np.float64(0.2914503308373064), np.float64(0.13802885170152357), 0.0, np.float64(0.9999863105175676), 0.0]",15,0.0,0.0,0.530436754186572,"[0.0, 0.0, 0.0, 0.0, np.float64(0.530436754186572)]",72
BIOMD0000000906,3,6,0,1000,0.0,0.0,0.0,"[0.0, 0.0, 0.0]",2,0.0,0.127954517744705,0.9999999641347219,"[np.float64(0.127954517744705), 0.0, np.float64(0.9999999641347219)]",8,0.0,0.0,0.9906467290346389,"[0.0, np.float64(0.9906467290346389), 0.0]",5
BIOMD0000000908,7,13,0,1000,0.0,0.0,0.0,"[0.0, 0.0, 0.0, 0.0, 0.0, 0.0, 0.0]",5,0.0,0.0,0.9988223352134589,"[np.float64(0.9988223352134589), 0.0, 0.0, 0.0, 0.0, 0.0, 0.0]",26,0.0,0.0,0.0,"[0.0, 0.0, 0.0, 0.0, 0.0, 0.0, 0.0]",90
BIOMD0000000909,4,8,0,1000,0.0,0.0,0.0,"[0.0, 0.0, 0.0, 0.0]",0,0.0,0.975886445045032,0.9982241842288109,"[np.float64(0.9982241842288109), np.float64(0.9754895126536925), np.float64(0.9762833774363713), 0.0]",15,0.0,0.5421476326266633,0.9999881263141497,"[np.float64(0.9999870284144371), np.float64(0.9999881263141497), np.float64(0.08430823683888955), 0.0]",44
BIOMD0000000910,3,5,0,1000,0.0,0.0,0.0,"[0.0, 0.0, 0.0]",3,0.0,0.0,0.0,"[0.0, 0.0, 0.0]",7,0.0,0.0,0.0,"[0.0, 0.0, 0.0]",7
BIOMD0000000911,3,6,0,1000,0.0,0.0,0.0,"[0.0, 0.0, 0.0]",0,0.0,0.8059034880423196,0.9741541068374974,"[np.float64(0.8059034880423196), np.float64(0.9741541068374974), 0.0]",10,0.0,0.0,0.9054554108234562,"[np.float64(0.9054554108234562), 0.0, 0.0]",12
BIOMD0000000912,3,6,0,1000,0.0,0.0,0.0,"[0.0, 0.0, 0.0]",2,0.0,0.0,0.0,"[0.0, 0.0, 0.0]",4,0.0,0.0,0.0,"[0.0, 0.0, 0.0]",5
BIOMD0000000913,6,12,0,1000,0.0,0.0,0.0,"[0.0, 0.0, 0.0, 0.0, 0.0, 0.0]",5,0.0,0.01397404133669522,0.9999801701309703,"[np.float64(0.9999794155067644), 0.0, np.float64(0.9999801701309703), 0.0, 0.0, np.float64(0.02794808267339044)]",28,0.0,0.0,0.1595618821285688,"[0.0, 0.0, 0.0, 0.0, 0.0, np.float64(0.1595618821285688)]",9
BIOMD0000000915,9,8,0,1000,0.0,0.0,0.0,"[0.0, 0.0, 0.0, 0.0, 0.0, 0.0, 0.0, 0.0, 0.0]",0,0.0,0.0,0.0,"[0.0, 0.0, 0.0, 0.0, 0.0, 0.0, 0.0, 0.0, 0.0]",0,0.0,0.0,0.9999997675186716,"[np.float64(0.9999997640374328), np.float64(0.9999997675186716), 0.0, 0.0, 0.0, 0.0, 0.0, 0.0, 0.0]",2
BIOMD0000000916,5,4,0,1000,0.0,0.0,0.0,"[0.0, 0.0, 0.0, 0.0, 0.0]",2,0.9999908451685091,0.9999966470276995,0.9999999456214845,"[np.float64(0.9999945937721796), np.float64(0.9999908451685091), np.float64(0.9999999456214845), np.float64(0.9999966470276995), np.float64(0.9999979340821286)]",30,0.9999963282994103,0.9999986541512915,0.9999999780610598,"[np.float64(0.9999978319718213), np.float64(0.9999963282994103), np.float64(0.9999999780610598), np.float64(0.9999986541512915), np.float64(0.9999991710586152)]",105
BIOMD0000000917,3,3,0,1000,0.0,0.0,0.0,"[0.0, 0.0, 0.0]",1,0.0,0.09381817761018496,0.24989238112272305,"[np.float64(0.09381817761018496), np.float64(0.24989238112272305), 0.0]",6,0.0,0.0,0.0,"[0.0, 0.0, 0.0]",18
BIOMD0000000918,8,7,0,1000,0.0,0.0,1.1102230246251565e-16,"[0.0, 0.0, 0.0, 0.0, np.float64(1.1102230246251565e-16), 0.0, 0.0, 0.0]",4,0.0,0.0,0.9863199933286475,"[0.0, 0.0, np.float64(0.9863199933286475), 0.0, 0.0, 0.0, 0.0, 0.0]",44,0.0,0.0,0.004627164924139393,"[np.float64(0.004627164924139393), 0.0, 0.0, 0.0, 0.0, 0.0, 0.0, 0.0]",280
BIOMD0000000919,2,5,0,1000,0.0,0.0,0.0,"[0.0, 0.0]",1,0.0,0.4992758519158195,0.998551703831639,"[0.0, np.float64(0.998551703831639)]",5,0.0,0.0,0.0,"[0.0, 0.0]",8
BIOMD0000000920,4,4,0,1000,0.0,0.0,0.0,"[0.0, 0.0, 0.0, 0.0]",0,0.0,0.37701399377174766,0.7554607095972103,"[0.0, np.float64(0.7554607095972103), np.float64(0.7540279875434953), 0.0]",14,0.0,0.4996610301031478,0.9999595239191815,"[0.0, np.float64(0.9993220602062955), np.float64(0.9999595239191815), 0.0]",47
BIOMD0000000921,5,13,0,1000,0.0,0.0,0.0,"[0.0, 0.0, 0.0, 0.0, 0.0]",4,0.0,0.8962784882946817,0.9999999999770186,"[0.0, np.float64(0.8962784882946817), 0.0, np.float64(0.9593488734144693), np.float64(0.9999999999770186)]",12,0.0,0.0,0.0,"[0.0, 0.0, 0.0, 0.0, 0.0]",39
BIOMD0000000922,3,3,0,1000,0.0,0.0,3.3306690738754696e-16,"[0.0, np.float64(3.3306690738754696e-16), 0.0]",3,0.985783760668183,0.9999991756945933,0.999999875364202,"[np.float64(0.999999875364202), np.float64(0.985783760668183), np.float64(0.9999991756945933)]",8,0.0,0.0,0.7062123626283637,"[np.float64(0.7062123626283637), 0.0, 0.0]",10
BIOMD0000000923,4,4,0,1000,0.0,0.0,0.0,"[0.0, 0.0, 0.0, 0.0]",1,0.0,0.0,0.5558109208571977,"[0.0, np.float64(0.5558109208571977), 0.0, 0.0]",7,0.0,0.0,0.63369982710262,"[0.0, np.float64(0.63369982710262), 0.0, 0.0]",10
BIOMD0000000927,3,5,0,1000,0.0,0.0,0.0,"[0.0, 0.0, 0.0]",1,0.0,0.0,0.0,"[0.0, 0.0, 0.0]",3,0.0,0.0,0.0,"[0.0, 0.0, 0.0]",5
BIOMD0000000928,4,13,0,1000,0.0,0.0,0.0,"[0.0, 0.0, 0.0, 0.0]",0,0.0,0.9990385076556241,0.999994656628816,"[0.0, np.float64(0.9993466655187111), np.float64(0.9987303497925372), np.float64(0.999994656628816)]",16,0.0,0.987580454543024,0.9999871369520137,"[0.0, np.float64(0.9944188562287338), np.float64(0.9807420528573141), np.float64(0.9999871369520137)]",42
BIOMD0000000929,5,24,0,1000,0.0,0.0,1.1102230246251565e-16,"[0.0, 0.0, 0.0, 0.0, np.float64(1.1102230246251565e-16)]",5,0.0,0.0,0.0,"[0.0, 0.0, 0.0, 0.0, 0.0]",11,0.0,0.0,0.0,"[0.0, 0.0, 0.0, 0.0, 0.0]",21
BIOMD0000000930,4,14,0,1000,0.0,5.551115123125783e-17,3.3306690738754696e-16,"[0.0, np.float64(1.1102230246251565e-16), np.float64(3.3306690738754696e-16), 0.0]",3,0.0,0.4976336536409095,0.9997901817316467,"[np.float64(0.995267307281819), 0.0, np.float64(0.9997901817316467), 0.0]",14,0.0,0.9359267804764266,0.9556708178067497,"[np.float64(0.9556708178067497), np.float64(0.9537765043416606), np.float64(0.9180770566111925), 0.0]",22
BIOMD0000000931,3,6,0,1000,0.0,0.0,0.0,"[0.0, 0.0, 0.0]",1,0.0,0.0,0.27033247203447996,"[0.0, 0.0, np.float64(0.27033247203447996)]",8,0.0,0.0,0.8961823893817283,"[0.0, 0.0, np.float64(0.8961823893817283)]",18
BIOMD0000000932,4,5,0,1000,0.0,0.0,2.220446049250313e-16,"[0.0, 0.0, 0.0, np.float64(2.220446049250313e-16)]",1,0.30222306261982046,0.8553686931852054,0.9999880906080139,"[np.float64(0.7108742311468865), np.float64(0.9998631552235241), np.float64(0.9999880906080139), np.float64(0.30222306261982046)]",12,0.746858535328014,0.9684416898639123,0.999971587552,"[np.float64(0.9376249891507996), np.float64(0.9992583905770249), np.float64(0.999971587552), np.float64(0.746858535328014)]",25
BIOMD0000000933,3,3,0,1000,0.0,0.0,0.0,"[0.0, 0.0, 0.0]",0,0.6249549593695556,0.7879561763224625,0.9999952273461727,"[np.float64(0.9999952273461727), np.float64(0.7879561763224625), np.float64(0.6249549593695556)]",9,0.7754356433857361,0.9407831554792904,0.9999491197274702,"[np.float64(0.9999491197274702), np.float64(0.9407831554792904), np.float64(0.7754356433857361)]",23
BIOMD0000000934,13,19,0,1000,0.0,0.0,1.1102230246251565e-16,"[0.0, 0.0, 0.0, 0.0, 0.0, 0.0, np.float64(1.1102230246251565e-16), 0.0, 0.0, 0.0, 0.0, 0.0, 0.0]",2,0.481578764996894,0.999866259334564,0.9999997443853653,"[np.float64(0.9998268568418952), np.float64(0.9943354117596198), np.float64(0.9997763223771627), np.float64(0.9999997443853653), np.float64(0.999866259334564), np.float64(0.9999473514204427), np.float64(0.9310630002488786), np.float64(0.999995554042109), np.float64(0.9999954894783023), np.float64(0.8440872434450019), np.float64(0.999999426844516), np.float64(0.481578764996894), np.float64(0.9999996066606079)]",177,0.9893504478681739,0.9999996278380501,0.999999999984309,"[np.float64(0.9999263435551343), np.float64(0.9970750244836257), np.float64(0.9998911138310308), np.float64(0.9999999204270751), np.float64(0.999985721405089), np.float64(0.9999891276308841), np.float64(0.9893504478681739), np.float64(0.9999999282006432), np.float64(0.9999996278380501), np.float64(0.9999999999692749), np.float64(0.999999999984309), np.float64(0.9999999998884938), np.float64(0.9999999984455418)]",1364
BIOMD0000000935,2,4,0,1000,0.0,0.0,0.0,"[0.0, 0.0]",0,0.0,0.17482910470013574,0.3496582094002715,"[0.0, np.float64(0.3496582094002715)]",5,0.0,0.4350151025323997,0.8700302050647994,"[0.0, np.float64(0.8700302050647994)]",10
BIOMD0000000937,3,6,0,1000,0.0,0.0,0.0,"[0.0, 0.0, 0.0]",0,0.6058149525061145,0.6471564168971493,0.9132231382194973,"[np.float64(0.6471564168971493), np.float64(0.6058149525061145), np.float64(0.9132231382194973)]",10,0.9918690210209228,0.9936769028818616,0.9949628524763964,"[np.float64(0.9949628524763964), np.float64(0.9918690210209228), np.float64(0.9936769028818616)]",28
BIOMD0000000938,3,8,0,1000,0.0,0.0,0.0,"[0.0, 0.0, 0.0]",0,0.0,0.0,0.7827999789470113,"[0.0, 0.0, np.float64(0.7827999789470113)]",5,0.8295498229977347,0.991263493944544,0.9968837189531926,"[np.float64(0.9968837189531926), np.float64(0.991263493944544), np.float64(0.8295498229977347)]",27
BIOMD0000000940,20,60,0,1000,0.0,0.0,2.220446049250313e-16,"[0.0, 0.0, 0.0, 0.0, 0.0, 0.0, 0.0, 0.0, 0.0, 0.0, 0.0, 0.0, 0.0, 0.0, 0.0, 0.0, 0.0, np.float64(2.220446049250313e-16), 0.0, 0.0]",1,0.0,0.0,0.0,"[0.0, 0.0, 0.0, 0.0, 0.0, 0.0, 0.0, 0.0, 0.0, 0.0, 0.0, 0.0, 0.0, 0.0, 0.0, 0.0, 0.0, 0.0, 0.0, 0.0]",347,0.0,0.0,0.0,"[0.0, 0.0, 0.0, 0.0, 0.0, 0.0, 0.0, 0.0, 0.0, 0.0, 0.0, 0.0, 0.0, 0.0, 0.0, 0.0, 0.0, 0.0, 0.0, 0.0]",3059
BIOMD0000000941,8,12,0,1000,0.0,0.0,0.0,"[0.0, 0.0, 0.0, 0.0, 0.0, 0.0, 0.0, 0.0]",0,0.0,0.5605785218713777,0.9702304533886521,"[0.0, np.float64(0.4564752827884515), np.float64(0.7925176324927737), np.float64(0.9702304533886521), np.float64(0.6646817609543039), np.float64(0.8290692539753624), 0.0, 0.0]",31,0.0,0.0350213159363878,0.990306293134857,"[0.0, np.float64(0.9568708120526175), np.float64(0.0700426318727756), 0.0, np.float64(0.990306293134857), np.float64(0.7717699412225736), 0.0, 0.0]",185
BIOMD0000000942,7,15,0,1000,0.0,0.0,0.0,"[0.0, 0.0, 0.0, 0.0, 0.0, 0.0, 0.0]",0,0.0,0.0,0.7722953273371225,"[0.0, 0.0, np.float64(0.5584806573017023), 0.0, np.float64(0.7722953273371225), 0.0, 0.0]",14,0.0,0.0,0.0,"[0.0, 0.0, 0.0, 0.0, 0.0, 0.0, 0.0]",115
BIOMD0000000944,3,6,0,1000,0.0,0.0,0.0,"[0.0, 0.0, 0.0]",0,0.304864190667257,0.576471912102617,0.8874140018824388,"[np.float64(0.576471912102617), np.float64(0.8874140018824388), np.float64(0.304864190667257)]",5,0.5638452001687726,0.8784917965283894,0.9618137559931105,"[np.float64(0.5638452001687726), np.float64(0.9618137559931105), np.float64(0.8784917965283894)]",18
BIOMD0000000948,4,6,0,1000,0.0,0.0,0.0,"[0.0, 0.0, 0.0, 0.0]",2,0.0,0.3897571010530472,0.9973458696033605,"[np.float64(0.20709432344259104), 0.0, np.float64(0.9973458696033605), np.float64(0.5724198786635033)]",16,0.0,0.4958779689799774,0.9937171530476918,"[np.float64(0.9917559379599548), 0.0, 0.0, np.float64(0.9937171530476918)]",51
BIOMD0000000952,11,15,0,1000,0.0,0.0,0.0,"[0.0, 0.0, 0.0, 0.0, 0.0, 0.0, 0.0, 0.0, 0.0, 0.0, 0.0]",3,0.0,0.0,0.8783356658907564,"[np.float64(0.8783356658907564), 0.0, 0.0, 0.0, 0.0, np.float64(0.8265510986695513), np.float64(0.8265730477781621), 0.0, np.float64(0.8265544970176003), np.float64(0.8265544956828358), 0.0]",109,0.0,0.0,0.0,"[0.0, 0.0, 0.0, 0.0, 0.0, 0.0, 0.0, 0.0, 0.0, 0.0, 0.0]",758
BIOMD0000000953,13,29,0,1000,0.0,0.0,0.0,"[0.0, 0.0, 0.0, 0.0, 0.0, 0.0, 0.0, 0.0, 0.0, 0.0, 0.0, 0.0, 0.0]",0,0.0,0.0,0.894825666397574,"[0.0, 0.0, np.float64(0.894825666397574), 0.0, 0.0, 0.0, np.float64(0.3004693380468133), np.float64(0.3697192095348947), 0.0, np.float64(0.8720607615635618), 0.0, np.float64(0.8621170248826715), 0.0]",102,0.0,0.9746074015464155,0.9997771635885606,"[np.float64(0.9746074015464155), 0.0, np.float64(0.9946595820773633), 0.0, 0.0, np.float64(0.9989619115421449), np.float64(0.9994554308864215), np.float64(0.9997771635885606), np.float64(0.7858441279645516), np.float64(0.9953952731045526), np.float64(0.8691431583762007), np.float64(0.9806299935435219), np.float64(0.8287286700283105)]",1201
BIOMD0000000954,18,36,0,1000,0.0,0.0,0.0,"[0.0, 0.0, 0.0, 0.0, 0.0, 0.0, 0.0, 0.0, 0.0, 0.0, 0.0, 0.0, 0.0, 0.0, 0.0, 0.0, 0.0, 0.0]",0,0.0,0.0,0.11666025930532498,"[0.0, 0.0, 0.0, np.float64(0.11666025930532498), 0.0, 0.0, 0.0, 0.0, 0.0, 0.0, 0.0, 0.0, 0.0, 0.0, 0.0, 0.0, 0.0, 0.0]",64,0.0,0.0,0.0,"[0.0, 0.0, 0.0, 0.0, 0.0, 0.0, 0.0, 0.0, 0.0, 0.0, 0.0, 0.0, 0.0, 0.0, 0.0, 0.0, 0.0, 0.0]",3281
BIOMD0000000955,8,13,0,1000,0.0,0.0,0.0,"[0.0, 0.0, 0.0, 0.0, 0.0, 0.0, 0.0, 0.0]",0,0.0,0.0,0.16496671836682864,"[np.float64(0.16496671836682864), 0.0, 0.0, 0.0, 0.0, 0.0, 0.0, 0.0]",25,0.0,0.0,0.9994712844543091,"[np.float64(0.9994712844543091), 0.0, 0.0, 0.0, 0.0, 0.0, 0.0, 0.0]",292
BIOMD0000000957,4,3,0,1000,0.0,0.0,1.1102230246251565e-16,"[0.0, 0.0, 0.0, np.float64(1.1102230246251565e-16)]",4,0.0,0.4931504475845389,0.9999667751469429,"[np.float64(0.9863008951690778), 0.0, 0.0, np.float64(0.9999667751469429)]",6,0.0,0.0,0.0,"[0.0, 0.0, 0.0, 0.0]",4
BIOMD0000000959,41,75,0,1000,0.0,0.0,2.220446049250313e-16,"[0.0, 0.0, 0.0, 0.0, 0.0, np.float64(2.220446049250313e-16), 0.0, 0.0, 0.0, 0.0, 0.0, 0.0, 0.0, 0.0, np.float64(1.1102230246251565e-16), 0.0, 0.0, 0.0, np.float64(2.220446049250313e-16), 0.0, 0.0, 0.0, np.float64(2.220446049250313e-16), 0.0, 0.0, 0.0, 0.0, 0.0, 0.0, 0.0, np.float64(2.220446049250313e-16), 0.0, 0.0, 0.0, np.float64(1.1102230246251565e-16), 0.0, 0.0, np.float64(1.1102230246251565e-16), 0.0, 0.0, 0.0]",32,0.0,0.0,0.9999999999861099,"[0.0, 0.0, 0.0, 0.0, 0.0, np.float64(0.9872914236228876), np.float64(0.9235594497613719), np.float64(0.9141906028550648), np.float64(0.9988466741167846), np.float64(0.9996411411094706), np.float64(0.9994260937598559), np.float64(0.9340933247013857), 0.0, np.float64(0.9773682739047036), np.float64(0.9987131441493484), np.float64(0.9792505201541895), 0.0, np.float64(0.9787373428414196), np.float64(0.9771949020492372), 0.0, 0.0, 0.0, 0.0, 0.0, 0.0, 0.0, 0.0, 0.0, np.float64(0.999999998220904), np.float64(0.9999999999861099), np.float64(0.8756752446848826), 0.0, 0.0, 0.0, 0.0, 0.0, 0.0, 0.0, 0.0, 0.0, 0.0]",1317,0.0,0.0,0.0,"[0.0, 0.0, 0.0, 0.0, 0.0, 0.0, 0.0, 0.0, 0.0, 0.0, 0.0, 0.0, 0.0, 0.0, 0.0, 0.0, 0.0, 0.0, 0.0, 0.0, 0.0, 0.0, 0.0, 0.0, 0.0, 0.0, 0.0, 0.0, 0.0, 0.0, 0.0, 0.0, 0.0, 0.0, 0.0, 0.0, 0.0, 0.0, 0.0, 0.0, 0.0]",10017
BIOMD0000000961,42,40,0,1000,0.0,0.0,3.3306690738754696e-16,"[np.float64(2.220446049250313e-16), 0.0, 0.0, 0.0, 0.0, 0.0, 0.0, 0.0, 0.0, 0.0, 0.0, 0.0, 0.0, 0.0, 0.0, 0.0, 0.0, 0.0, 0.0, 0.0, 0.0, 0.0, 0.0, 0.0, 0.0, 0.0, 0.0, 0.0, 0.0, np.float64(3.3306690738754696e-16), 0.0, 0.0, 0.0, 0.0, 0.0, 0.0, 0.0, 0.0, 0.0, 0.0, 0.0, 0.0]",6,0.0,0.0,0.993296613708331,"[np.float64(0.6552008064391361), 0.0, 0.0, 0.0, 0.0, 0.0, 0.0, 0.0, 0.0, 0.0, np.float64(0.993296613708331), 0.0, 0.0, 0.0, 0.0, 0.0, 0.0, np.float64(0.6486495231341913), np.float64(0.6527310136071602), 0.0, 0.0, 0.0, 0.0, 0.0, 0.0, 0.0, 0.0, 0.0, 0.0, 0.0, 0.0, 0.0, 0.0, 0.0, 0.0, 0.0, 0.0, 0.0, 0.0, 0.0, 0.0, 0.0]",1363,0.0,0.0,0.0,"[0.0, 0.0, 0.0, 0.0, 0.0, 0.0, 0.0, 0.0, 0.0, 0.0, 0.0, 0.0, 0.0, 0.0, 0.0, 0.0, 0.0, 0.0, 0.0, 0.0, 0.0, 0.0, 0.0, 0.0, 0.0, 0.0, 0.0, 0.0, 0.0, 0.0, 0.0, 0.0, 0.0, 0.0, 0.0, 0.0, 0.0, 0.0, 0.0, 0.0, 0.0, 0.0]",24707
BIOMD0000000963,3,2,0,1000,0.0,0.0,0.0,"[0.0, 0.0, 0.0]",0,0.0,0.0,0.0,"[0.0, 0.0, 0.0]",0,0.0,0.9915176701227789,0.9989753100874713,"[np.float64(0.9915176701227789), np.float64(0.9989753100874713), 0.0]",4
BIOMD0000000964,6,14,0,1000,0.0,0.0,2.220446049250313e-16,"[0.0, 0.0, 0.0, 0.0, np.float64(1.1102230246251565e-16), np.float64(2.220446049250313e-16)]",6,0.0,0.2852752554651675,0.9998591323247487,"[np.float64(0.9998591323247487), np.float64(0.99980804912401), 0.0, 0.0, 0.0, np.float64(0.570550510930335)]",20,0.0,0.0,0.0,"[0.0, 0.0, 0.0, 0.0, 0.0, 0.0]",102
BIOMD0000000966,7,6,0,1000,0.0,0.0,2.220446049250313e-16,"[0.0, 0.0, np.float64(2.220446049250313e-16), 0.0, 0.0, 0.0, np.float64(2.220446049250313e-16)]",4,0.9549215338992938,0.998360292396279,0.9999530030716554,"[np.float64(0.999934729235037), np.float64(0.9986013560729325), np.float64(0.9656849928992808), np.float64(0.998360292396279), np.float64(0.9983602923946824), np.float64(0.9549215338992938), np.float64(0.9999530030716554)]",49,0.0,0.0,0.6997222426054882,"[0.0, np.float64(0.6997222426054882), 0.0, 0.0, 0.0, 0.0, 0.0]",172
BIOMD0000000967,4,9,0,1000,0.0,0.0,3.3306690738754696e-16,"[0.0, 0.0, 0.0, np.float64(3.3306690738754696e-16)]",4,0.0,0.4612804257791859,0.9864198975016137,"[0.0, np.float64(0.9225608515583718), 0.0, np.float64(0.9864198975016137)]",13,0.0,0.0,0.0,"[0.0, 0.0, 0.0, 0.0]",18
BIOMD0000000969,28,32,0,1000,0.0,0.0,2.220446049250313e-16,"[np.float64(2.220446049250313e-16), 0.0, 0.0, 0.0, 0.0, 0.0, 0.0, 0.0, np.float64(2.220446049250313e-16), 0.0, 0.0, np.float64(1.1102230246251565e-16), 0.0, 0.0, 0.0, 0.0, 0.0, 0.0, np.float64(1.1102230246251565e-16), 0.0, np.float64(1.1102230246251565e-16), 0.0, 0.0, 0.0, 0.0, 0.0, 0.0, 0.0]",27,0.0,0.0,0.9999999765226399,"[np.float64(0.9996321405806483), np.float64(0.9550499661174734), np.float64(0.9999975531690233), 0.0, 0.0, np.float64(0.9999999573429664), 0.0, np.float64(0.9998247284985824), np.float64(0.9596183648215839), 0.0, 0.0, 0.0, np.float64(0.9999999765226399), 0.0, np.float64(0.9999427578933228), np.float64(0.9810169461784107), 0.0, 0.0, 0.0, 0.0, 0.0, np.float64(0.9999891416764729), np.float64(0.9991469149747751), 0.0, 0.0, 0.0, 0.0, 0.0]",652,0.0,0.0,0.0,"[0.0, 0.0, 0.0, 0.0, 0.0, 0.0, 0.0, 0.0, 0.0, 0.0, 0.0, 0.0, 0.0, 0.0, 0.0, 0.0, 0.0, 0.0, 0.0, 0.0, 0.0, 0.0, 0.0, 0.0, 0.0, 0.0, 0.0, 0.0]",725
BIOMD0000000971,8,13,0,1000,0.0,0.0,1.1102230246251565e-16,"[0.0, 0.0, np.float64(1.1102230246251565e-16), 0.0, 0.0, 0.0, 0.0, 0.0]",7,0.0,0.9848545680877774,0.9999901093697203,"[np.float64(0.9846381559182703), 0.0, np.float64(0.9977654010383847), 0.0, np.float64(0.9850709802572843), 0.0, np.float64(0.9997383068898839), np.float64(0.9999901093697203)]",44,0.0,0.0,0.0,"[0.0, 0.0, 0.0, 0.0, 0.0, 0.0, 0.0, 0.0]",136
BIOMD0000000972,8,13,0,1000,0.0,0.0,4.440892098500626e-16,"[np.float64(2.220446049250313e-16), 0.0, 0.0, 0.0, 0.0, 0.0, 0.0, np.float64(4.440892098500626e-16)]",7,0.9998292223473987,0.9999333947416182,0.9999999998499707,"[np.float64(0.9999442243660902), np.float64(0.9998864655995827), np.float64(0.9998292223473987), np.float64(0.9999999970341148), np.float64(0.9999442334198893), np.float64(0.999894099374798), np.float64(0.9999225651171464), np.float64(0.9999999998499707)]",72,0.0,0.0,0.0,"[0.0, 0.0, 0.0, 0.0, 0.0, 0.0, 0.0, 0.0]",191
BIOMD0000000973,2,6,0,1000,0.0,0.0,0.0,"[0.0, 0.0]",2,0.0,0.46187420994401235,0.9237484198880247,"[np.float64(0.9237484198880247), 0.0]",5,0.0,0.0,0.0,"[0.0, 0.0]",3
BIOMD0000000976,4,5,0,1000,0.0,0.0,0.0,"[0.0, 0.0, 0.0, 0.0]",4,0.0,0.0,0.0,"[0.0, 0.0, 0.0, 0.0]",10,0.0,0.0,0.0,"[0.0, 0.0, 0.0, 0.0]",2
BIOMD0000000977,6,15,0,1000,0.0,5.551115123125783e-17,2.220446049250313e-16,"[0.0, 0.0, np.float64(2.220446049250313e-16), 0.0, np.float64(1.1102230246251565e-16), np.float64(1.1102230246251565e-16)]",6,0.0,0.0,0.9999616160191924,"[np.float64(0.6515295812687276), 0.0, 0.0, 0.0, 0.0, np.float64(0.9999616160191924)]",18,0.0,0.0,0.0,"[0.0, 0.0, 0.0, 0.0, 0.0, 0.0]",31
BIOMD0000000982,3,2,0,1000,0.0,0.0,0.0,"[0.0, 0.0, 0.0]",3,0.0,0.0,0.0,"[0.0, 0.0, 0.0]",0,0.0,0.0,0.0,"[0.0, 0.0, 0.0]",9
BIOMD0000000983,7,10,0,1000,0.0,0.0,0.0,"[0.0, 0.0, 0.0, 0.0, 0.0, 0.0, 0.0]",7,0.0,0.8650594254060194,0.9999989061898222,"[0.0, 0.0, np.float64(0.8650594254060194), 0.0, np.float64(0.9999989061898222), np.float64(0.9999974136810251), np.float64(0.9564024870310709)]",29,0.0,0.0,0.0,"[0.0, 0.0, 0.0, 0.0, 0.0, 0.0, 0.0]",55
BIOMD0000000985,7,9,0,1000,0.0,0.0,0.0,"[0.0, 0.0, 0.0, 0.0, 0.0, 0.0, 0.0]",5,0.0,0.0,0.5600228755359173,"[np.float64(0.5600228755359173), 0.0, np.float64(0.48304155981616514), 0.0, 0.0, 0.0, 0.0]",21,0.0,0.5344766470711884,0.8430698147430622,"[np.float64(0.5857505436636494), np.float64(0.03000958830401035), np.float64(0.5344766470711884), np.float64(0.8207495412401636), 0.0, 0.0, np.float64(0.8430698147430622)]",8
BIOMD0000000986,6,8,0,1000,0.0,0.0,0.0,"[0.0, 0.0, 0.0, 0.0, 0.0, 0.0]",6,0.0,0.0,0.0,"[0.0, 0.0, 0.0, 0.0, 0.0, 0.0]",7,0.0,0.0,0.7865922583614742,"[0.0, 0.0, 0.0, np.float64(0.7865922583614742), 0.0, 0.0]",82
BIOMD0000000987,9,10,0,1000,0.0,0.0,2.220446049250313e-16,"[0.0, np.float64(2.220446049250313e-16), 0.0, 0.0, 0.0, 0.0, np.float64(1.1102230246251565e-16), 0.0, 0.0]",9,0.0,0.0,0.0,"[0.0, 0.0, 0.0, 0.0, 0.0, 0.0, 0.0, 0.0, 0.0]",5,0.0,0.0,0.0,"[0.0, 0.0, 0.0, 0.0, 0.0, 0.0, 0.0, 0.0, 0.0]",427
BIOMD0000000988,11,18,0,1000,0.0,0.0,0.0,"[0.0, 0.0, 0.0, 0.0, 0.0, 0.0, 0.0, 0.0, 0.0, 0.0, 0.0]",8,0.0,0.0,0.0,"[0.0, 0.0, 0.0, 0.0, 0.0, 0.0, 0.0, 0.0, 0.0, 0.0, 0.0]",59,0.0,0.0,0.0,"[0.0, 0.0, 0.0, 0.0, 0.0, 0.0, 0.0, 0.0, 0.0, 0.0, 0.0]",455
BIOMD0000001005,41,79,0,1000,0.0,0.0,0.0,"[0.0, 0.0, 0.0, 0.0, 0.0, 0.0, 0.0, 0.0, 0.0, 0.0, 0.0, 0.0, 0.0, 0.0, 0.0, 0.0, 0.0, 0.0, 0.0, 0.0, 0.0, 0.0, 0.0, 0.0, 0.0, 0.0, 0.0, 0.0, 0.0, 0.0, 0.0, 0.0, 0.0, 0.0, 0.0, 0.0, 0.0, 0.0, 0.0, 0.0, 0.0]",0,0.0,0.0,0.9768497433098839,"[np.float64(0.5687550954575091), 0.0, np.float64(0.2259790292747207), 0.0, 0.0, 0.0, 0.0, 0.0, 0.0, 0.0, 0.0, 0.0, 0.0, 0.0, 0.0, np.float64(0.7637418156325478), 0.0, 0.0, 0.0, 0.0, np.float64(0.9768497433098839), 0.0, np.float64(0.8072712355118856), 0.0, 0.0, np.float64(0.9493687284097819), 0.0, np.float64(0.214359572492137), 0.0, np.float64(0.9480480240092446), np.float64(0.06738755777406036), 0.0, np.float64(0.9019498107161832), 0.0, 0.0, 0.0, 0.0, 0.0, np.float64(0.15117586771432623), np.float64(0.9526136759473122), np.float64(0.8982018299768102)]",967,0.0,0.0,0.0,"[0.0, 0.0, 0.0, 0.0, 0.0, 0.0, 0.0, 0.0, 0.0, 0.0, 0.0, 0.0, 0.0, 0.0, 0.0, 0.0, 0.0, 0.0, 0.0, 0.0, 0.0, 0.0, 0.0, 0.0, 0.0, 0.0, 0.0, 0.0, 0.0, 0.0, 0.0, 0.0, 0.0, 0.0, 0.0, 0.0, 0.0, 0.0, 0.0, 0.0, 0.0]",35607
BIOMD0000001006,7,21,0,1000,0.0,0.0,0.0,"[0.0, 0.0, 0.0, 0.0, 0.0, 0.0, 0.0]",0,0.0,0.0,0.5916053531229639,"[0.0, 0.0, 0.0, 0.0, 0.0, 0.0, np.float64(0.5916053531229639)]",26,0.0,0.0,0.0,"[0.0, 0.0, 0.0, 0.0, 0.0, 0.0, 0.0]",179
BIOMD0000001007,3,6,0,1000,0.0,0.0,0.0,"[0.0, 0.0, 0.0]",0,0.5207375873813669,0.8050685583758305,0.84337292082898,"[np.float64(0.5207375873813669), np.float64(0.84337292082898), np.float64(0.8050685583758305)]",10,0.586179804520974,0.9362706508138675,0.9646243316342,"[np.float64(0.9362706508138675), np.float64(0.9646243316342), np.float64(0.586179804520974)]",23
BIOMD0000001009,4,8,0,1000,0.0,0.0,0.0,"[0.0, 0.0, 0.0, 0.0]",0,0.0,0.5970277110226735,0.7303791504541742,"[0.0, np.float64(0.592520702804809), np.float64(0.601534719240538), np.float64(0.7303791504541742)]",16,0.9611611690865963,0.9810285150334794,0.999128180386619,"[np.float64(0.999128180386619), np.float64(0.9611611690865963), np.float64(0.9742748984498467), np.float64(0.9877821316171123)]",60
BIOMD0000001010,2,4,0,1000,0.0,0.0,0.0,"[0.0, 0.0]",0,0.0,0.0,0.0,"[0.0, 0.0]",2,0.0,0.0,0.0,"[0.0, 0.0]",5
BIOMD0000001011,3,5,0,1000,0.0,0.0,0.0,"[0.0, 0.0, 0.0]",3,0.6568214746810761,0.6602947338866164,0.6706579072714827,"[np.float64(0.6568214746810761), np.float64(0.6602947338866164), np.float64(0.6706579072714827)]",10,0.0,0.0,0.0,"[0.0, 0.0, 0.0]",4
BIOMD0000001013,2,4,0,1000,0.0,0.0,0.0,"[0.0, 0.0]",2,0.0,0.0,0.0,"[0.0, 0.0]",3,0.0,0.0,0.0,"[0.0, 0.0]",3
BIOMD0000001014,4,7,0,1000,0.0,0.0,0.0,"[0.0, 0.0, 0.0, 0.0]",4,0.0,0.029584453708371317,0.5399776788575217,"[0.0, np.float64(0.5399776788575217), 0.0, np.float64(0.05916890741674263)]",13,0.0,0.0,0.0,"[0.0, 0.0, 0.0, 0.0]",10
BIOMD0000001015,6,9,0,1000,0.0,0.0,0.0,"[0.0, 0.0, 0.0, 0.0, 0.0, 0.0]",5,0.0,0.0,0.9251985765009104,"[np.float64(0.9104696274958134), 0.0, np.float64(0.9251985765009104), 0.0, 0.0, 0.0]",36,0.0,0.0,0.8763635271838313,"[np.float64(0.8528135676920829), 0.0, np.float64(0.8763635271838313), 0.0, 0.0, 0.0]",120
BIOMD0000001016,8,9,0,1000,0.0,0.0,0.0,"[0.0, 0.0, 0.0, 0.0, 0.0, 0.0, 0.0, 0.0]",0,0.0,0.996499468929988,0.9996120971248976,"[np.float64(0.9978177883566047), np.float64(0.9965199058241085), np.float64(0.9964790320358675), 0.0, np.float64(0.7388341800315701), np.float64(0.9996120971248976), np.float64(0.9983943470121567), 0.0]",45,0.0,0.49999076758034805,0.9999919216654414,"[np.float64(0.9999877458837908), np.float64(0.9999865633337726), np.float64(0.9999815351606961), 0.0, 0.0, 0.0, np.float64(0.9999919216654414), 0.0]",309
BIOMD0000001017,13,15,0,1000,0.0,0.0,0.0,"[0.0, 0.0, 0.0, 0.0, 0.0, 0.0, 0.0, 0.0, 0.0, 0.0, 0.0, 0.0, 0.0]",0,0.0,0.0,0.0,"[0.0, 0.0, 0.0, 0.0, 0.0, 0.0, 0.0, 0.0, 0.0, 0.0, 0.0, 0.0, 0.0]",32,0.0,0.0,0.0,"[0.0, 0.0, 0.0, 0.0, 0.0, 0.0, 0.0, 0.0, 0.0, 0.0, 0.0, 0.0, 0.0]",306
BIOMD0000001018,18,25,0,1000,0.0,0.0,0.0,"[0.0, 0.0, 0.0, 0.0, 0.0, 0.0, 0.0, 0.0, 0.0, 0.0, 0.0, 0.0, 0.0, 0.0, 0.0, 0.0, 0.0, 0.0]",0,0.0,0.0,0.0,"[0.0, 0.0, 0.0, 0.0, 0.0, 0.0, 0.0, 0.0, 0.0, 0.0, 0.0, 0.0, 0.0, 0.0, 0.0, 0.0, 0.0, 0.0]",145,0.0,0.0,0.0,"[0.0, 0.0, 0.0, 0.0, 0.0, 0.0, 0.0, 0.0, 0.0, 0.0, 0.0, 0.0, 0.0, 0.0, 0.0, 0.0, 0.0, 0.0]",1616
BIOMD0000001019,3,8,0,1000,0.0,0.0,0.0,"[0.0, 0.0, 0.0]",2,0.0,0.13932735280377473,0.41375549380940846,"[np.float64(0.41375549380940846), 0.0, np.float64(0.13932735280377473)]",5,0.0,0.0,0.0,"[0.0, 0.0, 0.0]",8
BIOMD0000001020,3,8,0,1000,0.0,0.0,2.220446049250313e-16,"[0.0, 0.0, np.float64(2.220446049250313e-16)]",3,0.0,0.08243969958784558,0.9998273136604727,"[0.0, np.float64(0.08243969958784558), np.float64(0.9998273136604727)]",9,0.0,0.0,0.0,"[0.0, 0.0, 0.0]",15
BIOMD0000001021,6,9,0,1000,0.0,0.0,0.0,"[0.0, 0.0, 0.0, 0.0, 0.0, 0.0]",6,0.0,0.9445413373353226,0.99999381879889,"[np.float64(0.9945075661600576), np.float64(0.8945751085105877), 0.0, np.float64(0.15399178233226418), np.float64(0.9999465574916179), np.float64(0.99999381879889)]",34,0.0,0.0,0.0,"[0.0, 0.0, 0.0, 0.0, 0.0, 0.0]",41
BIOMD0000001022,4,6,0,1000,0.0,0.0,0.0,"[0.0, 0.0, 0.0, 0.0]",4,0.0,0.0,0.1366086435347833,"[np.float64(0.1366086435347833), 0.0, 0.0, 0.0]",8,0.0,0.0,0.0,"[0.0, 0.0, 0.0, 0.0]",7
BIOMD0000001023,3,6,0,1000,0.0,0.0,0.0,"[0.0, 0.0, 0.0]",0,0.0,0.9490591096695267,0.9558329065182937,"[np.float64(0.9490591096695267), np.float64(0.9558329065182937), 0.0]",11,0.8072870493554898,0.9947792506242389,0.9999998746391588,"[np.float64(0.9947792506242389), np.float64(0.8072870493554898), np.float64(0.9999998746391588)]",26
BIOMD0000001024,2,4,0,1000,0.0,0.0,0.0,"[0.0, 0.0]",2,0.0,0.10760346969208678,0.21520693938417357,"[np.float64(0.21520693938417357), 0.0]",3,0.0,0.0,0.0,"[0.0, 0.0]",5
BIOMD0000001026,1,2,0,1000,0.0,0.0,0.0,[0.0],1,0.0,0.0,0.0,[0.0],1,0.0,0.0,0.0,[0.0],2
BIOMD0000001030,2,6,0,1000,0.0,0.0,0.0,"[0.0, 0.0]",0,0.0,0.0,0.0,"[0.0, 0.0]",0,0.0,0.0,0.0,"[0.0, 0.0]",0
BIOMD0000001031,3,4,0,1000,0.0,0.0,0.0,"[0.0, 0.0, 0.0]",0,0.99773103713977,0.9989654853570727,0.9990831055064597,"[np.float64(0.9990831055064597), np.float64(0.99773103713977), np.float64(0.9989654853570727)]",6,0.9077763419110583,0.9767762235595596,0.9931864624491018,"[np.float64(0.9931864624491018), np.float64(0.9077763419110583), np.float64(0.9767762235595596)]",22
BIOMD0000001032,4,7,0,1000,0.0,0.0,0.0,"[0.0, 0.0, 0.0, 0.0]",0,0.0,0.2991046519713809,0.9992746648584512,"[np.float64(0.5982093039427618), 0.0, np.float64(0.9992746648584512), 0.0]",5,0.0,0.9810620637633425,0.9903617647217201,"[np.float64(0.9900424136090633), np.float64(0.9720817139176218), np.float64(0.9903617647217201), 0.0]",39
BIOMD0000001033,6,13,0,1000,0.0,0.0,0.0,"[0.0, 0.0, 0.0, 0.0, 0.0, 0.0]",0,0.0,0.3983169728845051,0.9551424394646287,"[np.float64(0.9421761911032558), np.float64(0.5039704697417082), 0.0, np.float64(0.292663476027302), np.float64(0.27056774463268185), np.float64(0.9551424394646287)]",18,0.0,0.46890942105813077,0.9871220785949634,"[np.float64(0.985149888464414), np.float64(0.5539062342101412), 0.0, 0.0, np.float64(0.38391260790612036), np.float64(0.9871220785949634)]",137
BIOMD0000001034,4,7,0,1000,0.0,0.0,0.0,"[0.0, 0.0, 0.0, 0.0]",0,0.9480638938218947,0.9867333592286877,0.994403141883444,"[np.float64(0.994403141883444), np.float64(0.9862123504149888), np.float64(0.9480638938218947), np.float64(0.9872543680423865)]",16,0.0,0.0,0.999999995527119,"[np.float64(0.999999995527119), 0.0, 0.0, 0.0]",41
BIOMD0000001035,4,8,0,1000,0.0,0.0,0.0,"[0.0, 0.0, 0.0, 0.0]",0,0.0,0.0,0.9960785567684086,"[np.float64(0.9960785567684086), 0.0, 0.0, 0.0]",8,0.0,0.0,0.4267361236365368,"[np.float64(0.4267361236365368), 0.0, 0.0, 0.0]",45
BIOMD0000001036,3,6,0,1000,0.0,0.0,0.0,"[0.0, 0.0, 0.0]",0,0.0,0.0,0.0,"[0.0, 0.0, 0.0]",2,0.0,0.0,0.0,"[0.0, 0.0, 0.0]",19
BIOMD0000001037,2,3,0,1000,0.0,0.0,0.0,"[0.0, 0.0]",0,0.9151923476855307,0.9300689568785554,0.94494556607158,"[np.float64(0.9151923476855307), np.float64(0.94494556607158)]",6,0.9945911952756872,0.9972491639102123,0.9999071325447376,"[np.float64(0.9999071325447376), np.float64(0.9945911952756872)]",5
BIOMD0000001038,3,6,0,1000,0.0,0.0,0.0,"[0.0, 0.0, 0.0]",1,0.6377787157805805,0.890187332936113,0.9999999784202436,"[np.float64(0.6377787157805805), np.float64(0.890187332936113), np.float64(0.9999999784202436)]",9,0.9979055351250965,0.9999706819248969,0.9999982090490183,"[np.float64(0.9999982090490183), np.float64(0.9979055351250965), np.float64(0.9999706819248969)]",9
BIOMD0000001040,1,2,0,1000,0.0,0.0,0.0,[0.0],1,0.0,0.0,0.0,[0.0],1,0.0,0.0,0.0,[0.0],2
BIOMD0000001041,3,4,0,1000,0.0,0.0,0.0,"[0.0, 0.0, 0.0]",2,0.0,0.0,0.0,"[0.0, 0.0, 0.0]",7,0.0,0.0,0.0,"[0.0, 0.0, 0.0]",10
BIOMD0000001043,3,7,0,1000,0.0,0.0,0.0,"[0.0, 0.0, 0.0]",0,0.0,0.07382112554895481,0.20805612557243613,"[np.float64(0.07382112554895481), np.float64(0.20805612557243613), 0.0]",2,0.0,0.9034400598244468,0.9196476725565986,"[np.float64(0.9196476725565986), np.float64(0.9034400598244468), 0.0]",4
BIOMD0000001044,14,39,0,1000,0.0,0.0,0.0,"[0.0, 0.0, 0.0, 0.0, 0.0, 0.0, 0.0, 0.0, 0.0, 0.0, 0.0, 0.0, 0.0, 0.0]",0,0.0,0.0,0.0,"[0.0, 0.0, 0.0, 0.0, 0.0, 0.0, 0.0, 0.0, 0.0, 0.0, 0.0, 0.0, 0.0, 0.0]",87,0.0,0.0,0.0,"[0.0, 0.0, 0.0, 0.0, 0.0, 0.0, 0.0, 0.0, 0.0, 0.0, 0.0, 0.0, 0.0, 0.0]",1071
BIOMD0000001045,3,2,0,1000,0.0,0.0,0.0,"[0.0, 0.0, 0.0]",0,0.0,0.9466291203212055,0.9999998228090898,"[0.0, np.float64(0.9999998228090898), np.float64(0.9466291203212055)]",2,0.4393047304479353,0.9796147938559222,0.9995117759028498,"[np.float64(0.4393047304479353), np.float64(0.9796147938559222), np.float64(0.9995117759028498)]",7
BIOMD0000001047,4,8,0,1000,0.0,0.0,0.0,"[0.0, 0.0, 0.0, 0.0]",0,0.0,0.3632887955965556,0.9463983970277852,"[np.float64(0.7265775911931112), np.float64(0.9463983970277852), 0.0, 0.0]",15,0.4726030641037684,0.7826719356431623,0.9999951513192872,"[np.float64(0.9999951513192872), np.float64(0.9754443363105672), np.float64(0.4726030641037684), np.float64(0.5898995349757574)]",57
BIOMD0000001048,3,6,0,1000,0.0,0.0,0.0,"[0.0, 0.0, 0.0]",3,0.0,0.0,0.9991864068136497,"[0.0, np.float64(0.9991864068136497), 0.0]",6,0.0,0.0,0.0,"[0.0, 0.0, 0.0]",11
BIOMD0000001052,3,14,0,1000,0.0,0.0,0.0,"[0.0, 0.0, 0.0]",0,0.45710959687153574,0.974755051472926,0.9825175614165856,"[np.float64(0.45710959687153574), np.float64(0.9825175614165856), np.float64(0.974755051472926)]",11,0.19660278828468625,0.9997362663635398,0.9999994970737346,"[np.float64(0.9999994970737346), np.float64(0.19660278828468625), np.float64(0.9997362663635398)]",28
BIOMD0000001053,6,10,0,1000,0.0,0.0,0.0,"[0.0, 0.0, 0.0, 0.0, 0.0, 0.0]",1,0.9737201870144142,0.9794719653170313,0.9953324660764556,"[np.float64(0.9788891797456427), np.float64(0.9951401267274751), np.float64(0.9953324660764556), np.float64(0.9737201870144142), np.float64(0.9800547508884199), np.float64(0.9777734115253538)]",26,0.0,0.4354317185052678,0.9869687688170516,"[np.float64(0.9869687688170516), np.float64(0.6945454290308624), np.float64(0.2898035764743414), 0.0, 0.0, np.float64(0.5810598605361942)]",152
BIOMD0000001054,7,11,0,1000,0.0,0.0,0.0,"[0.0, 0.0, 0.0, 0.0, 0.0, 0.0, 0.0]",0,0.0,0.0,0.0,"[0.0, 0.0, 0.0, 0.0, 0.0, 0.0, 0.0]",22,0.0,0.0,0.0,"[0.0, 0.0, 0.0, 0.0, 0.0, 0.0, 0.0]",218
BIOMD0000001055,19,30,0,1000,0.0,0.0,1.1102230246251565e-16,"[0.0, 0.0, 0.0, 0.0, 0.0, 0.0, 0.0, 0.0, 0.0, np.float64(1.1102230246251565e-16), 0.0, 0.0, 0.0, 0.0, 0.0, 0.0, 0.0, np.float64(1.1102230246251565e-16), 0.0]",9,0.0,0.008944055221539404,0.9999981202897594,"[0.0, np.float64(0.9996086942131632), np.float64(0.9999763063855647), 0.0, np.float64(0.9962804117271045), np.float64(0.9999942923943116), np.float64(0.956763893963879), 0.0, 0.0, 0.0, np.float64(0.7873938325821274), np.float64(0.008944055221539404), np.float64(0.008944055221539404), np.float64(0.008944055221539404), np.float64(0.008944055221539404), np.float64(0.9999981202897594), np.float64(0.008944055221539404), np.float64(0.7873938330044346), np.float64(0.9999981202897594)]",241,0.0,0.0,0.971118163894413,"[0.0, 0.0, 0.0, 0.0, 0.0, 0.0, 0.0, np.float64(0.22503585768903567), 0.0, np.float64(0.971118163894413), 0.0, 0.0, 0.0, 0.0, 0.0, 0.0, 0.0, 0.0, 0.0]",2922
BIOMD0000001056,3,5,0,1000,0.0,0.0,2.220446049250313e-16,"[0.0, 0.0, np.float64(2.220446049250313e-16)]",3,0.0,0.0,0.0,"[0.0, 0.0, 0.0]",3,0.0,0.0,0.0,"[0.0, 0.0, 0.0]",8
BIOMD0000001057,2,5,0,1000,0.0,0.0,0.0,"[0.0, 0.0]",0,0.0,0.0,0.0,"[0.0, 0.0]",2,0.0,0.0,0.0,"[0.0, 0.0]",3
BIOMD0000001058,10,20,0,1000,0.0,0.0,0.0,"[0.0, 0.0, 0.0, 0.0, 0.0, 0.0, 0.0, 0.0, 0.0, 0.0]",0,0.0,0.0,0.4430901024176084,"[np.float64(0.14958056994347269), 0.0, 0.0, 0.0, 0.0, 0.0, 0.0, np.float64(0.3321722554498804), np.float64(0.24465719930710617), np.float64(0.4430901024176084)]",45,0.0,0.712628931248392,0.9779917261431633,"[np.float64(0.719563917382721), 0.0, np.float64(0.9467171893648837), 0.0, np.float64(0.9252262120769964), 0.0, 0.0, np.float64(0.9779917261431633), np.float64(0.7056939451140629), np.float64(0.8245688042106778)]",487
BIOMD0000001059,10,21,0,1000,0.0,0.0,0.0,"[0.0, 0.0, 0.0, 0.0, 0.0, 0.0, 0.0, 0.0, 0.0, 0.0]",0,0.0,0.0,0.0,"[0.0, 0.0, 0.0, 0.0, 0.0, 0.0, 0.0, 0.0, 0.0, 0.0]",23,0.0,0.0,0.0,"[0.0, 0.0, 0.0, 0.0, 0.0, 0.0, 0.0, 0.0, 0.0, 0.0]",358
BIOMD0000001060,2,7,0,1000,0.0,0.0,0.0,"[0.0, 0.0]",0,0.6674065784120662,0.8257542580814151,0.984101937750764,"[np.float64(0.984101937750764), np.float64(0.6674065784120662)]",6,0.8684366040654067,0.934154849968688,0.9998730958719693,"[np.float64(0.9998730958719693), np.float64(0.8684366040654067)]",11
BIOMD0000001072,6,12,0,1000,0.0,0.0,0.0,"[0.0, 0.0, 0.0, 0.0, 0.0, 0.0]",0,0.0,0.0,0.025310867147326666,"[0.0, 0.0, 0.0, np.float64(0.025310867147326666), 0.0, 0.0]",11,0.0,0.0,0.9779369713613234,"[np.float64(0.9779369713613234), 0.0, 0.0, np.float64(0.1411533911018895), 0.0, 0.0]",50
