system_id,species_name,frequencies,endtime
BIOMD0000000005,C2,[0.02997],100.0
BIOMD0000000005,CP,[0.02997],100.0
BIOMD0000000005,M,"[0.02997, 0.05994, 0.10989, 0.13986]",100.0
BIOMD0000000005,pM,[0.02997],100.0
BIOMD0000000005,Y,[0.02997],100.0
BIOMD0000000005,YP,[0.02997],100.0
BIOMD0000000010,MKKK,[0.000777],9000.0
BIOMD0000000010,MKKK_P,[0.000777],9000.0
BIOMD0000000010,MKK,[0.000777],9000.0
BIOMD0000000010,MKK_P,[0.000777],9000.0
BIOMD0000000010,MKK_PP,[0.000777],9000.0
BIOMD0000000010,MAPK,[0.000777],9000.0
BIOMD0000000010,MAPK_P,[0.000777],9000.0
BIOMD0000000010,MAPK_PP,[0.000777],9000.0
BIOMD0000000042,ATP,"[0.08325, 0.1665]",300.0
BIOMD0000000042,ADP,"[0.08325, 0.1665]",300.0
BIOMD0000000042,AMP,"[0.08658, 0.1665]",300.0
BIOMD0000000042,GLC,[],300.0
BIOMD0000000042,F6P,[0.08325],300.0
BIOMD0000000042,FBP,[],300.0
BIOMD0000000042,GAP,[],300.0
BIOMD0000000042,NAD,[],300.0
BIOMD0000000042,NADH,[],300.0
BIOMD0000000042,DPG,[],300.0
BIOMD0000000042,PEP,[0.08325],300.0
BIOMD0000000042,PYR,[0.08325],300.0
BIOMD0000000042,ACA,[0.08325],300.0
BIOMD0000000042,EtOH,[],300.0
BIOMD0000000042,P,[],300.0
BIOMD0000000234,Ce,[],60.0
BIOMD0000000234,Size,[],60.0
BIOMD0000000278,R,[],140.0
BIOMD0000000278,B,[],140.0
BIOMD0000000278,C,[],140.0
BIOMD0000000279,x1,[],150.0
BIOMD0000000279,x2,[],150.0
BIOMD0000000279,z,[],150.0
BIOMD0000000297,Trim,[],140.0
BIOMD0000000297,Clb,[],140.0
BIOMD0000000297,Sic,[],140.0
BIOMD0000000297,PTrim,[],140.0
BIOMD0000000297,PClb,[],140.0
BIOMD0000000297,SBF,[],140.0
BIOMD0000000297,IE,[],140.0
BIOMD0000000297,Cdc20a,[],140.0
BIOMD0000000297,Cdc20,[],140.0
BIOMD0000000297,Cdh1,[],140.0
BIOMD0000000297,Swe1,[],140.0
BIOMD0000000297,Swe1M,[],140.0
BIOMD0000000297,PSwe1,[],140.0
BIOMD0000000297,PSwe1M,[],140.0
BIOMD0000000297,Mih1a,[],140.0
BIOMD0000000297,Mcm,[],140.0
BIOMD0000000297,BE,[],140.0
BIOMD0000000297,Cln,[],140.0
BIOMD0000000297,mass,[],140.0
BIOMD0000000338,IIa,[],2.0
BIOMD0000000338,VIII,[],2.0
BIOMD0000000338,VIIIa,[],2.0
BIOMD0000000338,APC_PS,[],2.0
BIOMD0000000338,IX,[],2.0
BIOMD0000000338,IXa,[],2.0
BIOMD0000000338,XIa,[],2.0
BIOMD0000000338,XI,[],2.0
BIOMD0000000338,XIIa,[],2.0
BIOMD0000000338,VII,[],2.0
BIOMD0000000338,VIIa,[],2.0
BIOMD0000000338,X,[],2.0
BIOMD0000000338,Xa,[],2.0
BIOMD0000000338,IXa_VIIIa,[],2.0
BIOMD0000000338,V,[],2.0
BIOMD0000000338,Va,[],2.0
BIOMD0000000338,II,[],2.0
BIOMD0000000338,F,[],2.0
BIOMD0000000338,Fg,[],2.0
BIOMD0000000338,P,[],2.0
BIOMD0000000338,XF,[],2.0
BIOMD0000000338,XIII,[],2.0
BIOMD0000000338,Pg,[],2.0
BIOMD0000000338,APC,[],2.0
BIOMD0000000338,IIa_Tmod,[],2.0
BIOMD0000000338,PC,[],2.0
BIOMD0000000338,Tmod,[],2.0
BIOMD0000000338,TF,[],2.0
BIOMD0000000338,VIIa_TF,[],2.0
BIOMD0000000338,VII_TF,[],2.0
BIOMD0000000338,Xa_TFPI,[],2.0
BIOMD0000000338,TFPI,[],2.0
BIOMD0000000338,PS,[],2.0
BIOMD0000000338,VKH2,[],2.0
BIOMD0000000338,Va_Xa,[],2.0
BIOMD0000000338,CA,[],2.0
BIOMD0000000338,XII,[],2.0
BIOMD0000000338,K,[],2.0
BIOMD0000000338,ATIII_Heparin,[],2.0
BIOMD0000000338,Xa_ATIII_Heparin,[],2.0
BIOMD0000000338,VK,[],2.0
BIOMD0000000338,VKO,[],2.0
BIOMD0000000338,Pk,[],2.0
BIOMD0000000338,FDP,[],2.0
BIOMD0000000338,D,[],2.0
BIOMD0000000338,TAT,[],2.0
BIOMD0000000338,VIIa_TF_Xa_TFPI,[],2.0
BIOMD0000000338,XIIIa,[],2.0
BIOMD0000000338,IIa_ATIII_Heparin,[],2.0
BIOMD0000000338,IXa_ATIII_Heparin,[],2.0
BIOMD0000000338,VK_p,[],2.0
BIOMD0000000338,C_warf,[],2.0
BIOMD0000000338,A_warf,[],2.0
BIOMD0000000338,Integral_Fibrin,[],2.0
BIOMD0000000339,IIa,[],2.0
BIOMD0000000339,VIII,[],2.0
BIOMD0000000339,VIIIa,[],2.0
BIOMD0000000339,APC_PS,[],2.0
BIOMD0000000339,IX,[],2.0
BIOMD0000000339,IXa,[],2.0
BIOMD0000000339,XIa,[],2.0
BIOMD0000000339,XI,[],2.0
BIOMD0000000339,XIIa,[],2.0
BIOMD0000000339,VII,[],2.0
BIOMD0000000339,VIIa,[],2.0
BIOMD0000000339,X,[],2.0
BIOMD0000000339,Xa,[],2.0
BIOMD0000000339,IXa_VIIIa,[],2.0
BIOMD0000000339,V,[],2.0
BIOMD0000000339,Va,[],2.0
BIOMD0000000339,II,[],2.0
BIOMD0000000339,F,[],2.0
BIOMD0000000339,Fg,[],2.0
BIOMD0000000339,P,[],2.0
BIOMD0000000339,XF,[],2.0
BIOMD0000000339,XIII,[],2.0
BIOMD0000000339,Pg,[],2.0
BIOMD0000000339,APC,[],2.0
BIOMD0000000339,IIa_Tmod,[],2.0
BIOMD0000000339,PC,[],2.0
BIOMD0000000339,Tmod,[],2.0
BIOMD0000000339,TF,[],2.0
BIOMD0000000339,VIIa_TF,[],2.0
BIOMD0000000339,VII_TF,[],2.0
BIOMD0000000339,Xa_TFPI,[],2.0
BIOMD0000000339,TFPI,[],2.0
BIOMD0000000339,PS,[],2.0
BIOMD0000000339,VKH2,[],2.0
BIOMD0000000339,Va_Xa,[],2.0
BIOMD0000000339,CA,[],2.0
BIOMD0000000339,XII,[],2.0
BIOMD0000000339,K,[],2.0
BIOMD0000000339,ATIII_Heparin,[],2.0
BIOMD0000000339,Xa_ATIII_Heparin,[],2.0
BIOMD0000000339,VK,[],2.0
BIOMD0000000339,VKO,[],2.0
BIOMD0000000339,Pk,[],2.0
BIOMD0000000339,FDP,[],2.0
BIOMD0000000339,D,[],2.0
BIOMD0000000339,TAT,[],2.0
BIOMD0000000339,VIIa_TF_Xa_TFPI,[],2.0
BIOMD0000000339,XIIIa,[],2.0
BIOMD0000000339,IIa_ATIII_Heparin,[],2.0
BIOMD0000000339,IXa_ATIII_Heparin,[],2.0
BIOMD0000000339,VK_p,[],2.0
BIOMD0000000339,C_warf,[],2.0
BIOMD0000000339,A_warf,[],2.0
BIOMD0000000339,Integral_Fibrin,[],2.0
BIOMD0000000342,TGF_beta_ex,[],480.0
BIOMD0000000342,T1R_surf,[],480.0
BIOMD0000000342,T1R_endo,[],480.0
BIOMD0000000342,T2R_surf,[],480.0
BIOMD0000000342,T2R_endo,[],480.0
BIOMD0000000342,LRC_surf,[],480.0
BIOMD0000000342,LRC_endo,[],480.0
BIOMD0000000342,Smad2c,[],480.0
BIOMD0000000342,Smad2n,[],480.0
BIOMD0000000342,Smad4c,[],480.0
BIOMD0000000342,Smad4n,[],480.0
BIOMD0000000342,PSmad2c,[],480.0
BIOMD0000000342,PSmad2_PSmad2_c,[],480.0
BIOMD0000000342,PSmad2_Smad4_c,[],480.0
BIOMD0000000342,PSmad2n,[],480.0
BIOMD0000000342,PSmad2_PSmad2_n,[],480.0
BIOMD0000000342,PSmad2_Smad4_n,[],480.0
BIOMD0000000342,TGF_beta_endo,[],480.0
BIOMD0000000342,TGF_beta_ns,[],480.0
BIOMD0000000343,measIRp,[],10.0
BIOMD0000000343,IR,[],10.0
BIOMD0000000343,IRins,[],10.0
BIOMD0000000343,IRp,[],10.0
BIOMD0000000343,IRip,[],10.0
BIOMD0000000343,IRi,[],10.0
BIOMD0000000343,IRS,[],10.0
BIOMD0000000343,IRSip,[],10.0
BIOMD0000000343,X,[],10.0
BIOMD0000000343,Xp,[],10.0
BIOMD0000000373,V,"[2.85e-06, 3.282e-05, 3.568e-05, 3.996e-05]",700000.0
BIOMD0000000373,n,"[2.85e-06, 3.568e-05, 3.996e-05]",700000.0
BIOMD0000000373,c,[2.85e-06],700000.0
BIOMD0000000373,cer,[2.85e-06],700000.0
BIOMD0000000373,g6p,[2.85e-06],700000.0
BIOMD0000000373,fbp,"[2.85e-06, 7.14e-06]",700000.0
BIOMD0000000373,adp,[2.85e-06],700000.0
BIOMD0000000374,V_membrane,"[6.66e-05, 0.00014985]",60000.0
BIOMD0000000374,n,[6.66e-05],60000.0
BIOMD0000000374,jm,[8.325e-05],60000.0
BIOMD0000000374,Ca_er_Ca_equations,[8.325e-05],60000.0
BIOMD0000000374,Ca_i,"[6.66e-05, 0.00014985]",60000.0
BIOMD0000000375,V_membrane,[],800000.0
BIOMD0000000375,n,[],800000.0
BIOMD0000000375,jm,[],800000.0
BIOMD0000000375,Ca_er_Ca_equations,[],800000.0
BIOMD0000000375,Ca_i,[],800000.0
BIOMD0000000376,Vm,"[3.33e-06, 3.996e-05, 7.826e-05]",600000.0
BIOMD0000000376,n,"[3.996e-05, 6.826e-05]",600000.0
BIOMD0000000376,G6P,[3.33e-06],600000.0
BIOMD0000000376,FBP,[3.33e-06],600000.0
BIOMD0000000376,NADHm,[3.33e-06],600000.0
BIOMD0000000376,delta_psi,[3.33e-06],600000.0
BIOMD0000000376,Cam,[3.33e-06],600000.0
BIOMD0000000376,ADPm,[3.33e-06],600000.0
BIOMD0000000376,adp,[3.33e-06],600000.0
BIOMD0000000376,c,[3.33e-06],600000.0
BIOMD0000000376,Caer,[3.33e-06],600000.0
BIOMD0000000377,V,[0.0003996],30000.0
BIOMD0000000377,n,[0.0003996],30000.0
BIOMD0000000377,s1,[0.0003996],30000.0
BIOMD0000000377,s2,[0.0003996],30000.0
BIOMD0000000378,V_membrane,[0.0624375],64.0
BIOMD0000000378,h,[0.0624375],64.0
BIOMD0000000378,d,[0.0624375],64.0
BIOMD0000000378,n,[0.0624375],64.0
BIOMD0000000378,Ca_i_cytosolic_calcium,[0.0624375],64.0
BIOMD0000000378,Ca_lum,[0.0624375],64.0
BIOMD0000000459,sigb,[],800.0
BIOMD0000000459,lacz,[],800.0
BIOMD0000000459,x,[],800.0
BIOMD0000000460,sigb,[],800.0
BIOMD0000000460,lacz,[],800.0
BIOMD0000000460,x,[],800.0
BIOMD0000000461,sigb,[],800.0
BIOMD0000000461,lacz,[],800.0
BIOMD0000000461,x,[],800.0
BIOMD0000000468,s1,[],12000.0
BIOMD0000000468,s2,[],12000.0
BIOMD0000000468,s3,[],12000.0
BIOMD0000000468,s4,[],12000.0
BIOMD0000000468,s5,[],12000.0
BIOMD0000000468,s6,[],12000.0
BIOMD0000000468,s7,[],12000.0
BIOMD0000000468,s8,[],12000.0
BIOMD0000000468,s9,[],12000.0
BIOMD0000000468,s10,[],12000.0
BIOMD0000000468,s11,[],12000.0
BIOMD0000000468,s12,[],12000.0
BIOMD0000000468,s13,[],12000.0
BIOMD0000000468,s14,[],12000.0
BIOMD0000000468,s15,[],12000.0
BIOMD0000000468,s16,[],12000.0
BIOMD0000000468,s17,[],12000.0
BIOMD0000000468,s18,[],12000.0
BIOMD0000000468,s19,[],12000.0
BIOMD0000000468,s20,[],12000.0
BIOMD0000000468,s21,[],12000.0
BIOMD0000000468,s22,[],12000.0
BIOMD0000000468,s23,[],12000.0
BIOMD0000000468,s24,[],12000.0
BIOMD0000000468,s25,[],12000.0
BIOMD0000000468,s26,[],12000.0
BIOMD0000000468,s27,[],12000.0
BIOMD0000000468,s28,[],12000.0
BIOMD0000000468,s35,[],12000.0
BIOMD0000000468,s37,[],12000.0
BIOMD0000000468,s38,[],12000.0
BIOMD0000000468,s39,[],12000.0
BIOMD0000000468,s42,[],12000.0
BIOMD0000000468,s43,[],12000.0
BIOMD0000000468,s44,[],12000.0
BIOMD0000000468,s45,[],12000.0
BIOMD0000000468,s47,[],12000.0
BIOMD0000000468,s48,[],12000.0
BIOMD0000000468,s49,[],12000.0
BIOMD0000000468,s50,[],12000.0
BIOMD0000000468,s51,[],12000.0
BIOMD0000000468,s52,[],12000.0
BIOMD0000000468,s57,[],12000.0
BIOMD0000000468,s58,[],12000.0
BIOMD0000000468,s60,[],12000.0
BIOMD0000000468,s61,[],12000.0
BIOMD0000000468,s62,[],12000.0
BIOMD0000000468,s63,[],12000.0
BIOMD0000000468,s64,[],12000.0
BIOMD0000000468,s65,[],12000.0
BIOMD0000000468,s66,[],12000.0
BIOMD0000000468,s91,[],12000.0
BIOMD0000000468,s92,[],12000.0
BIOMD0000000468,s93,[],12000.0
BIOMD0000000468,s94,[],12000.0
BIOMD0000000468,s95,[],12000.0
BIOMD0000000468,s96,[],12000.0
BIOMD0000000468,s97,[],12000.0
BIOMD0000000468,s98,[],12000.0
BIOMD0000000468,s99,[],12000.0
BIOMD0000000468,s100,[],12000.0
BIOMD0000000468,s101,[],12000.0
BIOMD0000000468,s102,[],12000.0
BIOMD0000000468,s103,[],12000.0
BIOMD0000000468,s104,[],12000.0
BIOMD0000000468,s105,[],12000.0
BIOMD0000000468,s106,[],12000.0
BIOMD0000000468,s107,[],12000.0
BIOMD0000000468,s108,[],12000.0
BIOMD0000000468,s110,[],12000.0
BIOMD0000000468,s111,[],12000.0
BIOMD0000000468,s112,[],12000.0
BIOMD0000000468,s113,[],12000.0
BIOMD0000000468,s114,[],12000.0
BIOMD0000000468,s115,[],12000.0
BIOMD0000000468,s116,[],12000.0
BIOMD0000000468,s117,[],12000.0
BIOMD0000000468,s118,[],12000.0
BIOMD0000000468,s119,[],12000.0
BIOMD0000000474,InR,[],2805.0
BIOMD0000000474,Ins_InR,[],2805.0
BIOMD0000000474,Ins_InR_P,[],2805.0
BIOMD0000000474,Ins_2_InR_P,[],2805.0
BIOMD0000000474,cytoplasm_InR,[],2805.0
BIOMD0000000474,cytoplasm_Ins_2_InR_P,[],2805.0
BIOMD0000000474,cytoplasm_Ins_InR_P,[],2805.0
BIOMD0000000474,PTP1B,[],2805.0
BIOMD0000000474,IRS1_TyrP_PI3K,[],2805.0
BIOMD0000000474,PI345P3,[],2805.0
BIOMD0000000474,PIP2,[],2805.0
BIOMD0000000474,Akt,[],2805.0
BIOMD0000000474,Akt_P2,[],2805.0
BIOMD0000000474,PKC,[],2805.0
BIOMD0000000474,PKC_P,[],2805.0
BIOMD0000000474,AS160,[],2805.0
BIOMD0000000474,AS160_P,[],2805.0
BIOMD0000000474,cytoplasm_GLUT4,[],2805.0
BIOMD0000000474,cellsurface_GLUT4,[],2805.0
BIOMD0000000474,PTEN,[],2805.0
BIOMD0000000474,PP2A,[],2805.0
BIOMD0000000474,PTP1B_ox,[],2805.0
BIOMD0000000474,PTEN_ox,[],2805.0
BIOMD0000000474,ROS,[],2805.0
BIOMD0000000474,GSH,[],2805.0
BIOMD0000000474,GSSG,[],2805.0
BIOMD0000000474,cytoplasm_SOD2,[],2805.0
BIOMD0000000474,NOX_inact,[],2805.0
BIOMD0000000474,NOX,[],2805.0
BIOMD0000000474,NOX_deact,[],2805.0
BIOMD0000000474,IRS1,[],2805.0
BIOMD0000000474,IRS1_TyrP,[],2805.0
BIOMD0000000474,IRS1_PolySerP,[],2805.0
BIOMD0000000474,IRS1_TyrP_PolySerP,[],2805.0
BIOMD0000000474,PI3K,[],2805.0
BIOMD0000000474,JNK_P,[],2805.0
BIOMD0000000474,IKK_P,[],2805.0
BIOMD0000000474,JNK,[],2805.0
BIOMD0000000474,IKK,[],2805.0
BIOMD0000000474,DUSP,[],2805.0
BIOMD0000000474,DUSP_ox,[],2805.0
BIOMD0000000474,degr_Foxo1,[],2805.0
BIOMD0000000474,cytoplasm_Foxo1_Pa0_Pd0_Pe0_pUb0,[],2805.0
BIOMD0000000474,nucleus_Foxo1_Pa0_Pd0_Pe0_pUb0,[],2805.0
BIOMD0000000474,dnabound_Foxo1_Pa0_Pd0_Pe0_pUb0,[],2805.0
BIOMD0000000474,cytoplasm_Foxo1_Pa0_Pd0_Pe0_pUb1,[],2805.0
BIOMD0000000474,nucleus_Foxo1_Pa0_Pd0_Pe0_pUb1,[],2805.0
BIOMD0000000474,dnabound_Foxo1_Pa0_Pd0_Pe0_pUb1,[],2805.0
BIOMD0000000474,cytoplasm_Foxo1_Pa0_Pd0_Pe1_pUb0,[],2805.0
BIOMD0000000474,nucleus_Foxo1_Pa0_Pd0_Pe1_pUb0,[],2805.0
BIOMD0000000474,dnabound_Foxo1_Pa0_Pd0_Pe1_pUb0,[],2805.0
BIOMD0000000474,cytoplasm_Foxo1_Pa0_Pd0_Pe1_pUb1,[],2805.0
BIOMD0000000474,nucleus_Foxo1_Pa0_Pd0_Pe1_pUb1,[],2805.0
BIOMD0000000474,dnabound_Foxo1_Pa0_Pd0_Pe1_pUb1,[],2805.0
BIOMD0000000474,cytoplasm_Foxo1_Pa0_Pd1_Pe0_pUb0,[],2805.0
BIOMD0000000474,nucleus_Foxo1_Pa0_Pd1_Pe0_pUb0,[],2805.0
BIOMD0000000474,dnabound_Foxo1_Pa0_Pd1_Pe0_pUb0,[],2805.0
BIOMD0000000474,cytoplasm_Foxo1_Pa0_Pd1_Pe0_pUb1,[],2805.0
BIOMD0000000474,nucleus_Foxo1_Pa0_Pd1_Pe0_pUb1,[],2805.0
BIOMD0000000474,dnabound_Foxo1_Pa0_Pd1_Pe0_pUb1,[],2805.0
BIOMD0000000474,cytoplasm_Foxo1_Pa0_Pd1_Pe1_pUb0,[],2805.0
BIOMD0000000474,nucleus_Foxo1_Pa0_Pd1_Pe1_pUb0,[],2805.0
BIOMD0000000474,dnabound_Foxo1_Pa0_Pd1_Pe1_pUb0,[],2805.0
BIOMD0000000474,cytoplasm_Foxo1_Pa0_Pd1_Pe1_pUb1,[],2805.0
BIOMD0000000474,nucleus_Foxo1_Pa0_Pd1_Pe1_pUb1,[],2805.0
BIOMD0000000474,dnabound_Foxo1_Pa0_Pd1_Pe1_pUb1,[],2805.0
BIOMD0000000474,cytoplasm_Foxo1_Pa1_Pd0_Pe0_pUb0,[],2805.0
BIOMD0000000474,nucleus_Foxo1_Pa1_Pd0_Pe0_pUb0,[],2805.0
BIOMD0000000474,dnabound_Foxo1_Pa1_Pd0_Pe0_pUb0,[],2805.0
BIOMD0000000474,cytoplasm_Foxo1_Pa1_Pd0_Pe0_pUb1,[],2805.0
BIOMD0000000474,nucleus_Foxo1_Pa1_Pd0_Pe0_pUb1,[],2805.0
BIOMD0000000474,dnabound_Foxo1_Pa1_Pd0_Pe0_pUb1,[],2805.0
BIOMD0000000474,cytoplasm_Foxo1_Pa1_Pd0_Pe1_pUb0,[],2805.0
BIOMD0000000474,nucleus_Foxo1_Pa1_Pd0_Pe1_pUb0,[],2805.0
BIOMD0000000474,dnabound_Foxo1_Pa1_Pd0_Pe1_pUb0,[],2805.0
BIOMD0000000474,cytoplasm_Foxo1_Pa1_Pd0_Pe1_pUb1,[],2805.0
BIOMD0000000474,nucleus_Foxo1_Pa1_Pd0_Pe1_pUb1,[],2805.0
BIOMD0000000474,dnabound_Foxo1_Pa1_Pd0_Pe1_pUb1,[],2805.0
BIOMD0000000474,cytoplasm_Foxo1_Pa1_Pd1_Pe0_pUb0,[],2805.0
BIOMD0000000474,nucleus_Foxo1_Pa1_Pd1_Pe0_pUb0,[],2805.0
BIOMD0000000474,dnabound_Foxo1_Pa1_Pd1_Pe0_pUb0,[],2805.0
BIOMD0000000474,cytoplasm_Foxo1_Pa1_Pd1_Pe0_pUb1,[],2805.0
BIOMD0000000474,nucleus_Foxo1_Pa1_Pd1_Pe0_pUb1,[],2805.0
BIOMD0000000474,dnabound_Foxo1_Pa1_Pd1_Pe0_pUb1,[],2805.0
BIOMD0000000474,cytoplasm_Foxo1_Pa1_Pd1_Pe1_pUb0,[],2805.0
BIOMD0000000474,nucleus_Foxo1_Pa1_Pd1_Pe1_pUb0,[],2805.0
BIOMD0000000474,dnabound_Foxo1_Pa1_Pd1_Pe1_pUb0,[],2805.0
BIOMD0000000474,cytoplasm_Foxo1_Pa1_Pd1_Pe1_pUb1,[],2805.0
BIOMD0000000474,nucleus_Foxo1_Pa1_Pd1_Pe1_pUb1,[],2805.0
BIOMD0000000474,dnabound_Foxo1_Pa1_Pd1_Pe1_pUb1,[],2805.0
BIOMD0000000474,nucleus_RNA_InR,[],2805.0
BIOMD0000000474,cytoplasm_RNA_InR,[],2805.0
BIOMD0000000474,nucleus_RNA_SOD2,[],2805.0
BIOMD0000000474,cytoplasm_RNA_SOD2,[],2805.0
BIOMD0000000474,E2F1,[],2805.0
BIOMD0000000474,SGK,[],2805.0
BIOMD0000000474,CDK2,[],2805.0
BIOMD0000000474,AMPK,[],2805.0
BIOMD0000000474,CBPP300,[],2805.0
BIOMD0000000474,SIRT1,[],2805.0
BIOMD0000000474,E3,[],2805.0
BIOMD0000000474,USP7,[],2805.0
BIOMD0000000474,SCF,[],2805.0
BIOMD0000000474,Proteasome,[],2805.0
BIOMD0000000477,mw4d2e70a7_f499_461d_ae18_bc53b365b091,[],25.0
BIOMD0000000477,mw8cc67de0_64e6_428f_ab09_4c2825cc172c,[],25.0
BIOMD0000000477,mw6ee00a71_ab68_454b_b1cd_60c1ebd19cfa,[],25.0
BIOMD0000000477,mw2dc73059_a841_48d5_b4bd_3ac24d94c42e,[],25.0
BIOMD0000000477,mw136c8391_14f4_4a28_83a3_35cc74a2e040,[],25.0
BIOMD0000000477,mw7204ab72_2ee5_4b92_b420_2583dacc4343,[],25.0
BIOMD0000000477,mw6939cefe_e7ff_4a3f_b45b_a9234d1b5573,[],25.0
BIOMD0000000477,mwf8cfed1b_6fcf_4cba_bc30_b44490814a7a,[],25.0
BIOMD0000000477,mw702be69a_eb4f_425e_87c7_ef7d85254536,[],25.0
BIOMD0000000477,mwbee11634_55df_4a3f_998a_634dfaf46fd7,[],25.0
BIOMD0000000477,mw805b55df_cc91_4227_bb52_930e961b682c,[],25.0
BIOMD0000000477,mwb71eb539_dca6_47ab_8df5_430d84af0bfb,[],25.0
BIOMD0000000477,mwa5d6f7e4_dc4d_4931_91ce_1e78e7b2f195,[],25.0
BIOMD0000000477,mw4079e13c_446e_4aa2_9ec4_233583833d02,[],25.0
BIOMD0000000477,mwe5fade7d_1715_4bb1_843f_923da8ecddf1,[],25.0
BIOMD0000000477,mw262497ec_3d54_4367_bfe3_76a9c57497cb,[],25.0
BIOMD0000000477,mw8bffd47e_34de_4738_81bf_7a39a40b3ae8,[],25.0
BIOMD0000000477,mw308b75ec_28b7_4d97_92e2_51a8ce04116a,[],25.0
BIOMD0000000477,mw75377e12_e23d_44b3_9823_5fac9b23edc8,[],25.0
BIOMD0000000477,mw67d0cf04_d6a7_4725_a869_098a96a3350d,[],25.0
BIOMD0000000477,mw46ee629a_dd6b_4163_9da1_2614bb1d74bc,[],25.0
BIOMD0000000477,mw0be0d193_fd6b_4824_8928_dbade8b5c99c,[],25.0
BIOMD0000000477,mw280197c8_98de_43f0_bf01_0f332a1ab689,[],25.0
BIOMD0000000477,mw9a5baf6d_0285_4ad3_9499_059c553d9cf6,[],25.0
BIOMD0000000477,mw05469f51_73f7_4ba1_9f1a_bce5fea143c2,[],25.0
BIOMD0000000477,mwf20834c8_a115_460b_859c_4e3ca1ffd953,[],25.0
BIOMD0000000477,mwb4633da9_f9d6_4ad8_a7e5_da075c830e17,[],25.0
BIOMD0000000477,mw9bb804c9_3e4e_4684_9f6b_4e6f6706a58e,[],25.0
BIOMD0000000477,mw64453fc5_a275_4bba_84f0_2af249b31514,[],25.0
BIOMD0000000477,mw323a57b4_8e59_4116_9ad1_fe547b89c858,[],25.0
BIOMD0000000477,mw173d8585_5817_4b4c_932a_cf7d673680ac,[],25.0
BIOMD0000000477,mw32c21c39_237b_4d4c_bb5d_117cb30ce68a,[],25.0
BIOMD0000000477,mw3832f277_aef2_4f1d_87af_abc2a3c1a7d5,[],25.0
BIOMD0000000477,mw13651143_feb5_49a5_adab_9105c2647446,[],25.0
BIOMD0000000477,mw8a358487_b18b_42df_a646_cd75eb5bfcc2,[],25.0
BIOMD0000000477,mwd9e7a9b9_6f1b_4bbc_afa5_6cb192b62ce8,[],25.0
BIOMD0000000477,mwfed5a135_c91b_4d20_91b2_3a61723544dd,[],25.0
BIOMD0000000477,mw97345a67_a8e8_42aa_8e62_69e9d2b6cf45,[],25.0
BIOMD0000000477,mw5c67812a_17f5_43cf_8acb_9bde272c1911,[],25.0
BIOMD0000000477,mw1f12e5bc_ebbc_4347_b6b7_5cd1740ac69a,[],25.0
BIOMD0000000477,mwda4716f1_ae00_4149_aec3_12531380425a,[],25.0
BIOMD0000000477,mw17ae9adc_54ab_407b_a34d_8413a3a10cc6,[],25.0
BIOMD0000000477,mwc844b7c0_98f5_4d0d_8f0c_00dfe8b54e6d,[],25.0
BIOMD0000000533,RCT0,[],20.0
BIOMD0000000533,alpha,[],20.0
BIOMD0000000533,BN1,[],20.0
BIOMD0000000533,BN2,[],20.0
BIOMD0000000533,BN3,[],20.0
BIOMD0000000533,BN4,[],20.0
BIOMD0000000533,BTX,[],20.0
BIOMD0000000533,BM,[],20.0
BIOMD0000000533,RCT1,[],20.0
BIOMD0000000538,ONLnr,[],12.0
BIOMD0000000538,ONLpcd,[],12.0
BIOMD0000000539,A,"[0.01284429, 0.02568857]",700.0
BIOMD0000000539,AgB,"[0.00570857, 0.01284429]",700.0
BIOMD0000000539,gB,"[0.00570857, 0.01284429]",700.0
BIOMD0000000539,rB,"[0.00713571, 0.01284429]",700.0
BIOMD0000000539,B,[0.00713571],700.0
BIOMD0000000539,AB,[],700.0
BIOMD0000000542,ADP,[],5000.0
BIOMD0000000542,ATP,[],5000.0
BIOMD0000000542,MT,[],5000.0
BIOMD0000000542,Hsc70,[],5000.0
BIOMD0000000542,Hsp90,[],5000.0
BIOMD0000000542,CHIP,[],5000.0
BIOMD0000000542,Bag2,[],5000.0
BIOMD0000000542,TauH3RUb,[],5000.0
BIOMD0000000542,TauH4RUb,[],5000.0
BIOMD0000000542,Nucleus3,[],5000.0
BIOMD0000000542,Nucleus4,[],5000.0
BIOMD0000000542,Agg33,[],5000.0
BIOMD0000000542,Agg43,[],5000.0
BIOMD0000000542,Tau03R,[0.0007992],5000.0
BIOMD0000000542,TauN3R,[],5000.0
BIOMD0000000542,TauH3R,[],5000.0
BIOMD0000000542,Tau0_3R,[0.0007992],5000.0
BIOMD0000000542,Tau03RMT,[],5000.0
BIOMD0000000542,TauN_3R,[],5000.0
BIOMD0000000542,TauN3RMT,[],5000.0
BIOMD0000000542,TauH_3R,[],5000.0
BIOMD0000000542,TauH3RMT,[],5000.0
BIOMD0000000542,TauH3R_Hsc70,[],5000.0
BIOMD0000000542,TauH3R_Hsp90,[],5000.0
BIOMD0000000542,Tau03R_Hsp90,[],5000.0
BIOMD0000000542,TauH3R_CHIP_Hsc70,[],5000.0
BIOMD0000000542,TauH3R_CHIP_Hsc70_Bag2,[],5000.0
BIOMD0000000542,Tau04R,[],5000.0
BIOMD0000000542,TauN4R,[],5000.0
BIOMD0000000542,TauH4R,[],5000.0
BIOMD0000000542,Tau0_4R,[],5000.0
BIOMD0000000542,Tau04RMT,[],5000.0
BIOMD0000000542,TauN_4R,[],5000.0
BIOMD0000000542,TauN4RMT,[],5000.0
BIOMD0000000542,TauH_4R,[],5000.0
BIOMD0000000542,TauH4RMT,[],5000.0
BIOMD0000000542,TauH4R_Hsc70,[],5000.0
BIOMD0000000542,TauH4R_Hsp90,[],5000.0
BIOMD0000000542,Tau04R_Hsp90,[],5000.0
BIOMD0000000542,TauH4R_CHIP_Hsc70,[],5000.0
BIOMD0000000542,TauH4R_CHIP_Hsc70_Bag2,[],5000.0
BIOMD0000000542,_20S,[],5000.0
BIOMD0000000542,_26S,[],5000.0
BIOMD0000000542,Ap,[],5000.0
BIOMD0000000542,Bp,[],5000.0
BIOMD0000000546,s1,[],15.0
BIOMD0000000546,s2,[],15.0
BIOMD0000000546,s3,[],15.0
BIOMD0000000548,F,[0.02664],150.0
BIOMD0000000548,P,"[0.02664, 0.05328, 0.0999]",150.0
BIOMD0000000548,C,[0.02664],150.0
BIOMD0000000551,C,[],72.0
BIOMD0000000551,P,[],72.0
BIOMD0000000551,l,[],72.0
BIOMD0000000552,a,[],150.0
BIOMD0000000552,b,[],150.0
BIOMD0000000553,a,[],150.0
BIOMD0000000553,b,[],150.0
BIOMD0000000554,NAg,[],2500.0
BIOMD0000000554,GLCg,[],2500.0
BIOMD0000000554,G6Pg,[],2500.0
BIOMD0000000554,F6Pg,[],2500.0
BIOMD0000000554,GAPg,[],2500.0
BIOMD0000000554,PEPg,[],2500.0
BIOMD0000000554,PYRg,[],2500.0
BIOMD0000000554,LACg,[],2500.0
BIOMD0000000554,NADHg,[],2500.0
BIOMD0000000554,ATPg,[],2500.0
BIOMD0000000554,PCrg,[],2500.0
BIOMD0000000554,O2g,[],2500.0
BIOMD0000000554,GLYg,[],2500.0
BIOMD0000000554,GLUg,[],2500.0
BIOMD0000000554,O2c,[],2500.0
BIOMD0000000554,GLCc,[],2500.0
BIOMD0000000554,LACc,[],2500.0
BIOMD0000000554,CO2c,[],2500.0
BIOMD0000000554,GLCe,[],2500.0
BIOMD0000000554,LACe,[],2500.0
BIOMD0000000554,GLUe,[],2500.0
BIOMD0000000554,NAn,[],2500.0
BIOMD0000000554,GLCn,[],2500.0
BIOMD0000000554,G6Pn,[],2500.0
BIOMD0000000554,F6Pn,[],2500.0
BIOMD0000000554,GAPn,[],2500.0
BIOMD0000000554,PEPn,[],2500.0
BIOMD0000000554,PYRn,[],2500.0
BIOMD0000000554,LACn,[],2500.0
BIOMD0000000554,NADHn,[],2500.0
BIOMD0000000554,ATPn,[],2500.0
BIOMD0000000554,PCrn,[],2500.0
BIOMD0000000554,O2n,[],2500.0
BIOMD0000000554,GLUn,[],2500.0
BIOMD0000000554,Vv,[],2500.0
BIOMD0000000554,dHb,[],2500.0
BIOMD0000000556,APP,[],57600.0
BIOMD0000000556,C83,[],57600.0
BIOMD0000000556,C99,[],57600.0
BIOMD0000000556,AB,[],57600.0
BIOMD0000000556,p3,[],57600.0
BIOMD0000000558,ROS,[],200.0
BIOMD0000000558,alpha_syn,[],200.0
BIOMD0000000559,s51,[],600000.0
BIOMD0000000559,s52,[],600000.0
BIOMD0000000559,s53,[4.99e-06],600000.0
BIOMD0000000559,s78,[],600000.0
BIOMD0000000559,s85,[4.99e-06],600000.0
BIOMD0000000559,s211,[],600000.0
BIOMD0000000559,s213,[],600000.0
BIOMD0000000559,s482,[],600000.0
BIOMD0000000559,s483,[],600000.0
BIOMD0000000559,s484,[],600000.0
BIOMD0000000559,s489,[],600000.0
BIOMD0000000559,s490,[],600000.0
BIOMD0000000559,s491,[],600000.0
BIOMD0000000559,s492,[],600000.0
BIOMD0000000559,s493,[],600000.0
BIOMD0000000559,s494,[],600000.0
BIOMD0000000559,s495,[],600000.0
BIOMD0000000559,s496,[],600000.0
BIOMD0000000559,s498,[],600000.0
BIOMD0000000559,s499,[],600000.0
BIOMD0000000559,s500,[],600000.0
BIOMD0000000559,s501,[],600000.0
BIOMD0000000559,s536,[],600000.0
BIOMD0000000559,s107,[],600000.0
BIOMD0000000559,s108,[],600000.0
BIOMD0000000559,s109,[],600000.0
BIOMD0000000559,s110,[],600000.0
BIOMD0000000559,s111,[],600000.0
BIOMD0000000559,s112,[],600000.0
BIOMD0000000559,s113,[],600000.0
BIOMD0000000559,s445,[],600000.0
BIOMD0000000559,s446,[],600000.0
BIOMD0000000559,s447,[],600000.0
BIOMD0000000559,s448,[],600000.0
BIOMD0000000559,s451,[],600000.0
BIOMD0000000559,s517,[],600000.0
BIOMD0000000559,s518,[],600000.0
BIOMD0000000559,s519,[],600000.0
BIOMD0000000559,s520,[],600000.0
BIOMD0000000559,s521,[],600000.0
BIOMD0000000559,s522,[],600000.0
BIOMD0000000559,s523,[],600000.0
BIOMD0000000559,s524,[],600000.0
BIOMD0000000559,s525,[],600000.0
BIOMD0000000559,s526,[],600000.0
BIOMD0000000559,s528,[3.33e-06],600000.0
BIOMD0000000559,s529,[3.33e-06],600000.0
BIOMD0000000559,s530,[3.33e-06],600000.0
BIOMD0000000559,s531,[3.33e-06],600000.0
BIOMD0000000559,s533,[],600000.0
BIOMD0000000559,s535,[],600000.0
BIOMD0000000559,s527,[],600000.0
BIOMD0000000559,s1,[3.33e-06],600000.0
BIOMD0000000559,s2,[3.33e-06],600000.0
BIOMD0000000559,s5,[3.33e-06],600000.0
BIOMD0000000559,s6,[],600000.0
BIOMD0000000559,s7,[],600000.0
BIOMD0000000559,s17,[],600000.0
BIOMD0000000559,s18,[],600000.0
BIOMD0000000559,s20,[],600000.0
BIOMD0000000559,s21,[3.33e-06],600000.0
BIOMD0000000559,s22,[],600000.0
BIOMD0000000559,s23,[],600000.0
BIOMD0000000559,s24,[],600000.0
BIOMD0000000559,s25,[],600000.0
BIOMD0000000559,s26,[],600000.0
BIOMD0000000559,s27,[],600000.0
BIOMD0000000559,s29,[],600000.0
BIOMD0000000559,s30,[],600000.0
BIOMD0000000559,s31,[],600000.0
BIOMD0000000559,s32,[],600000.0
BIOMD0000000559,s33,[],600000.0
BIOMD0000000559,s35,[],600000.0
BIOMD0000000559,s200,[],600000.0
BIOMD0000000559,s381,[],600000.0
BIOMD0000000559,s383,[],600000.0
BIOMD0000000559,s385,[],600000.0
BIOMD0000000559,s387,[],600000.0
BIOMD0000000559,s389,[],600000.0
BIOMD0000000559,s391,[],600000.0
BIOMD0000000559,s393,[],600000.0
BIOMD0000000559,s473,[3.33e-06],600000.0
BIOMD0000000559,s474,[3.33e-06],600000.0
BIOMD0000000559,s475,[3.33e-06],600000.0
BIOMD0000000559,s476,[3.33e-06],600000.0
BIOMD0000000559,s477,[],600000.0
BIOMD0000000559,s478,[],600000.0
BIOMD0000000559,s479,[],600000.0
BIOMD0000000559,s502,[],600000.0
BIOMD0000000568,S4,[],72.0
BIOMD0000000568,S10,[],72.0
BIOMD0000000568,S12,[],72.0
BIOMD0000000568,S19,[],72.0
BIOMD0000000568,S20,[],72.0
BIOMD0000000568,S23,[],72.0
BIOMD0000000568,S18,[],72.0
BIOMD0000000568,S3,[],72.0
BIOMD0000000568,S13,[],72.0
BIOMD0000000568,S24,[],72.0
BIOMD0000000568,S26,[],72.0
BIOMD0000000568,S5,[],72.0
BIOMD0000000568,S17,[],72.0
BIOMD0000000568,S22,[],72.0
BIOMD0000000568,S25,[],72.0
BIOMD0000000568,S27,[],72.0
BIOMD0000000568,S16,[0.041625],72.0
BIOMD0000000568,S2,[],72.0
BIOMD0000000568,S14,[],72.0
BIOMD0000000568,S11,[],72.0
BIOMD0000000568,S21,[],72.0
BIOMD0000000568,S15,[],72.0
BIOMD0000000568,S1,[],72.0
BIOMD0000000568,S28,[],72.0
BIOMD0000000569,B0,[],0.01
BIOMD0000000569,S0,[],0.01
BIOMD0000000569,B1,[],0.01
BIOMD0000000569,S1,[],0.01
BIOMD0000000569,B2,[],0.01
BIOMD0000000569,S2,[],0.01
BIOMD0000000569,B3,[],0.01
BIOMD0000000569,S3,[],0.01
BIOMD0000000569,B4,[],0.01
BIOMD0000000569,S4,[],0.01
BIOMD0000000569,M0,[],0.01
BIOMD0000000569,M1,[],0.01
BIOMD0000000569,M2,[],0.01
BIOMD0000000569,M3,[],0.01
BIOMD0000000569,M4,[],0.01
BIOMD0000000569,L0,[],0.01
BIOMD0000000569,L1,[],0.01
BIOMD0000000569,L2,[],0.01
BIOMD0000000569,L3,[],0.01
BIOMD0000000569,L4,[],0.01
BIOMD0000000569,glu,[],0.01
BIOMD0000000570,species_1,[],700.0
BIOMD0000000570,species_4,[],700.0
BIOMD0000000570,species_5,[],700.0
BIOMD0000000570,species_7,[],700.0
BIOMD0000000570,species_8,[],700.0
BIOMD0000000570,species_9,[],700.0
BIOMD0000000570,species_10,[],700.0
BIOMD0000000570,species_11,[],700.0
BIOMD0000000570,species_13,[],700.0
BIOMD0000000570,species_17,[],700.0
BIOMD0000000570,species_18,[],700.0
BIOMD0000000570,species_19,[],700.0
BIOMD0000000570,dHb,[],700.0
BIOMD0000000570,compartment_4,[],700.0
BIOMD0000000570,parameter_7,[],700.0
BIOMD0000000571,CRP,[],1000.0000000000001
BIOMD0000000571,CRPsiteI_crp,[],1000.0000000000001
BIOMD0000000571,CRPsiteII_crp,[],1000.0000000000001
BIOMD0000000571,CRPsite_cyaA,[],1000.0000000000001
BIOMD0000000571,CRPsite_genome,[],1000.0000000000001
BIOMD0000000571,CRPsite_ptsGp1,[],1000.0000000000001
BIOMD0000000571,CRPsite_ptsGp2,[],1000.0000000000001
BIOMD0000000571,CRPsite_ptsHp0,[],1000.0000000000001
BIOMD0000000571,CRPsite_ptsHp1,[],1000.0000000000001
BIOMD0000000571,CRPsite_ptsIp0,[],1000.0000000000001
BIOMD0000000571,CRPsite_ptsIp1,[],1000.0000000000001
BIOMD0000000571,CRPsite_mlcp1,[],1000.0000000000001
BIOMD0000000571,CRPsite_mlcp2,[],1000.0000000000001
BIOMD0000000571,Mlc,[],1000.0000000000001
BIOMD0000000571,Mlcsite_mlcp1,[],1000.0000000000001
BIOMD0000000571,Mlcsite_mlcp2,[],1000.0000000000001
BIOMD0000000571,Mlcsite_ptsGp1,[],1000.0000000000001
BIOMD0000000571,Mlcsite_ptsGp2,[],1000.0000000000001
BIOMD0000000571,Mlcsite_ptsHp0,[],1000.0000000000001
BIOMD0000000571,Mlcsite_ptsIp0,[],1000.0000000000001
BIOMD0000000571,CRP_cAMP,[],1000.0000000000001
BIOMD0000000571,CRP_cAMP_CRPsiteI_crp,[],1000.0000000000001
BIOMD0000000571,CRP_cAMP_CRPsiteII_crp,[],1000.0000000000001
BIOMD0000000571,CRP_cAMP_CRPsite_cyaA,[],1000.0000000000001
BIOMD0000000571,CRP_cAMP_CRPsite_genome,[],1000.0000000000001
BIOMD0000000571,CRP_cAMP_CRPsite_ptsGp1,[],1000.0000000000001
BIOMD0000000571,CRP_cAMP_CRPsite_ptsGp2,[],1000.0000000000001
BIOMD0000000571,CRP_cAMP_CRPsite_ptsHp0,[],1000.0000000000001
BIOMD0000000571,CRP_cAMP_CRPsite_ptsHp1,[],1000.0000000000001
BIOMD0000000571,CRP_cAMP_CRPsite_ptsIp0,[],1000.0000000000001
BIOMD0000000571,CRP_cAMP_CRPsite_ptsIp1,[],1000.0000000000001
BIOMD0000000571,CRP_cAMP_CRPsite_mlcp1,[],1000.0000000000001
BIOMD0000000571,CRP_cAMP_CRPsite_mlcp2,[],1000.0000000000001
BIOMD0000000571,Mlc_Mlcsite_ptsGp1,[],1000.0000000000001
BIOMD0000000571,Mlc_Mlcsite_ptsGp2,[],1000.0000000000001
BIOMD0000000571,Mlc_Mlcsite_ptsIp0,[],1000.0000000000001
BIOMD0000000571,Mlc_Mlcsite_ptsHp0,[],1000.0000000000001
BIOMD0000000571,Mlc_Mlcsite_mlcp1,[],1000.0000000000001
BIOMD0000000571,Mlc_Mlcsite_mlcp2,[],1000.0000000000001
BIOMD0000000571,IICB,[],1000.0000000000001
BIOMD0000000571,IICB_Mlc,[],1000.0000000000001
BIOMD0000000571,CYA,[],1000.0000000000001
BIOMD0000000571,IIA_P,[],1000.0000000000001
BIOMD0000000571,IIA_P_CYA,[],1000.0000000000001
BIOMD0000000571,mRNA_cyaA,[],1000.0000000000001
BIOMD0000000571,mRNA_crp,[],1000.0000000000001
BIOMD0000000571,mRNA_ptsG,[],1000.0000000000001
BIOMD0000000571,mRNA_ptsH,[],1000.0000000000001
BIOMD0000000571,mRNA_ptsI,[],1000.0000000000001
BIOMD0000000571,mRNA_crr,[],1000.0000000000001
BIOMD0000000571,mRNA_mlc,[],1000.0000000000001
BIOMD0000000571,IICB_P,[],1000.0000000000001
BIOMD0000000571,IIA,[],1000.0000000000001
BIOMD0000000571,HPr_P,[],1000.0000000000001
BIOMD0000000571,HPr,[],1000.0000000000001
BIOMD0000000571,EI_P,[],1000.0000000000001
BIOMD0000000571,EI,[],1000.0000000000001
BIOMD0000000571,cAMP,[],1000.0000000000001
BIOMD0000000572,G6P,[],7800.0
BIOMD0000000572,ATP,[],7800.0
BIOMD0000000572,ADP,[],7800.0
BIOMD0000000572,Pint,[],7800.0
BIOMD0000000572,F6P,[],7800.0
BIOMD0000000572,FBP,[],7800.0
BIOMD0000000572,G3P,[],7800.0
BIOMD0000000572,BPG,[],7800.0
BIOMD0000000572,PEP,[],7800.0
BIOMD0000000572,NAD,[],7800.0
BIOMD0000000572,NADH,[],7800.0
BIOMD0000000572,PYR,[],7800.0
BIOMD0000000572,AcetCoA,[],7800.0
BIOMD0000000572,Acetoin,[],7800.0
BIOMD0000000572,Mannitol,[],7800.0
BIOMD0000000572,Mannitol1Phosphate,[],7800.0
BIOMD0000000572,CoA,[],7800.0
BIOMD0000000572,Pext,[],7800.0
BIOMD0000000572,Lactate,[],7800.0
BIOMD0000000572,Ethanol,[],7800.0
BIOMD0000000572,Acetate,[],7800.0
BIOMD0000000572,Butanediol,[],7800.0
BIOMD0000000572,Glucose,[],7800.0
BIOMD0000000572,Acetoin_Ext,[],7800.0
BIOMD0000000572,Mannitol_Ext,[],7800.0
BIOMD0000000572,Formate,[],7800.0
BIOMD0000000573,V,[],180000.0
BIOMD0000000573,C,[],180000.0
BIOMD0000000575,Protofibril,[],100.0
BIOMD0000000575,Fibril,[],100.0
BIOMD0000000575,Lewy_body,[],100.0
BIOMD0000000575,Dopamine,[],100.0
BIOMD0000000575,OH,[],100.0
BIOMD0000000575,OH_radical,[],100.0
BIOMD0000000575,H2O2,[],100.0
BIOMD0000000575,DA_quinone,[],100.0
BIOMD0000000575,Ubiquitin,[],100.0
BIOMD0000000575,E1,[],100.0
BIOMD0000000575,Ub_E1,[],100.0
BIOMD0000000575,UbcH8,[0.01998],100.0
BIOMD0000000575,UbcH8_Ub,[],100.0
BIOMD0000000575,Parkin,[],100.0
BIOMD0000000575,Parkin_sub,[],100.0
BIOMD0000000575,Parkin_synphilin_1,[],100.0
BIOMD0000000575,Parkin_synphilin_1_ub,[],100.0
BIOMD0000000575,Parkin_sub_ub4,[],100.0
BIOMD0000000575,Fragments,[],100.0
BIOMD0000000575,UCH_L1,[],100.0
BIOMD0000000575,L_Dopa,[],100.0
BIOMD0000000575,DOPAL,[],100.0
BIOMD0000000575,DOPAC,[],100.0
BIOMD0000000575,GSH,[],100.0
BIOMD0000000575,GSSG,[],100.0
BIOMD0000000575,Fe3,[],100.0
BIOMD0000000575,UbcH8ub2,[],100.0
BIOMD0000000575,UbcH8ub3,[],100.0
BIOMD0000000575,UbcH8ub4,[],100.0
BIOMD0000000575,UbcH13_Uev1a,[],100.0
BIOMD0000000575,UbcH13_Uev1a_ub,[],100.0
BIOMD0000000575,asyn_UCH_L1,[],100.0
BIOMD0000000575,asyn_ub,[],100.0
BIOMD0000000575,Protofibril_UCH_L1,[],100.0
BIOMD0000000575,Protofibril_Ub,[],100.0
BIOMD0000000575,UCH_L1_asyn_ub4,[],100.0
BIOMD0000000575,Hsc70_asyn,[],100.0
BIOMD0000000575,Hsc70_Protofibril,[],100.0
BIOMD0000000575,Hsc70_fibril,[],100.0
BIOMD0000000575,Hsc70,[],100.0
BIOMD0000000575,DA_S_parkin,[],100.0
BIOMD0000000575,O2,[],100.0
BIOMD0000000575,DA_GSH,[],100.0
BIOMD0000000575,Neuromelanin,[],100.0
BIOMD0000000575,Neuromelanin_ntox_Fe3,[],100.0
BIOMD0000000575,V_DA,[],100.0
BIOMD0000000575,V_ntox_ba,[],100.0
BIOMD0000000575,Autophagosome_0,[],100.0
BIOMD0000000575,Fe2,[],100.0
BIOMD0000000585,Ifng,[],700.0
BIOMD0000000585,II,[],700.0
BIOMD0000000585,d1,[],700.0
BIOMD0000000585,d2,[],700.0
BIOMD0000000585,d3,[],700.0
BIOMD0000000585,d4,[],700.0
BIOMD0000000585,Stat1Pd,[],700.0
BIOMD0000000585,Stat1Pdn,[],700.0
BIOMD0000000585,i1,[],700.0
BIOMD0000000585,i2,[],700.0
BIOMD0000000585,i3,[],700.0
BIOMD0000000585,i4,[],700.0
BIOMD0000000585,j1,[],700.0
BIOMD0000000585,j2,[],700.0
BIOMD0000000585,j3,[],700.0
BIOMD0000000585,j4,[],700.0
BIOMD0000000585,Ir,[],700.0
BIOMD0000000585,Stat1U,[],700.0
BIOMD0000000585,Stat1Un,[],700.0
BIOMD0000000585,mRNA,[],700.0
BIOMD0000000591,STAT5A,[],250.00000000000003
BIOMD0000000591,STAT5B,[],250.00000000000003
BIOMD0000000591,pApB,[],250.00000000000003
BIOMD0000000591,pApA,[],250.00000000000003
BIOMD0000000591,pBpB,[],250.00000000000003
BIOMD0000000591,nucpApA,[],250.00000000000003
BIOMD0000000591,nucpApB,[],250.00000000000003
BIOMD0000000591,nucpBpB,[],250.00000000000003
BIOMD0000000596,HP,[],1200.0
BIOMD0000000596,NLRX1,[],1200.0
BIOMD0000000596,CytoL,[],1200.0
BIOMD0000000596,MyD88,[],1200.0
BIOMD0000000596,TRAF6,[],1200.0
BIOMD0000000596,NFkB,[],1200.0
BIOMD0000000596,IFN,[],1200.0
BIOMD0000000596,NOD1,[],1200.0
BIOMD0000000596,RIG,[],1200.0
BIOMD0000000596,MAVS,[],1200.0
BIOMD0000000596,IRF,[],1200.0
BIOMD0000000596,TFa,[],1200.0
BIOMD0000000596,CytoE,[],1200.0
BIOMD0000000596,TFi,[],1200.0
BIOMD0000000596,X,[],1200.0
BIOMD0000000599,species_2,[],2400.0
BIOMD0000000599,species_3,[],2400.0
BIOMD0000000599,species_4,[],2400.0
BIOMD0000000599,species_5,[],2400.0
BIOMD0000000599,species_6,[],2400.0
BIOMD0000000599,species_7,[],2400.0
BIOMD0000000599,species_8,[],2400.0
BIOMD0000000599,species_9,[],2400.0
BIOMD0000000599,species_10,[],2400.0
BIOMD0000000599,species_11,[],2400.0
BIOMD0000000599,species_12,[],2400.0
BIOMD0000000599,species_13,[],2400.0
BIOMD0000000599,species_14,[],2400.0
BIOMD0000000599,species_15,[],2400.0
BIOMD0000000599,species_16,[],2400.0
BIOMD0000000599,species_17,[],2400.0
BIOMD0000000599,species_18,[],2400.0
BIOMD0000000599,species_19,[],2400.0
BIOMD0000000599,species_20,[],2400.0
BIOMD0000000599,species_21,[],2400.0
BIOMD0000000599,species_22,[],2400.0
BIOMD0000000599,species_23,[],2400.0
BIOMD0000000599,species_24,[],2400.0
BIOMD0000000599,species_25,[],2400.0
BIOMD0000000599,species_26,[],2400.0
BIOMD0000000599,species_27,[],2400.0
BIOMD0000000599,species_28,[],2400.0
BIOMD0000000599,species_29,[],2400.0
BIOMD0000000599,species_30,[],2400.0
BIOMD0000000599,species_1,[],2400.0
BIOMD0000000607,glycerol_i,[],16200.000000000002
BIOMD0000000607,cin,[0.00012333],16200.000000000002
BIOMD0000000607,glucose_i,[],16200.000000000002
BIOMD0000000607,G6P,[],16200.000000000002
BIOMD0000000607,trehalose,[],16200.000000000002
BIOMD0000000607,F16DP,[],16200.000000000002
BIOMD0000000607,F26DP,[],16200.000000000002
BIOMD0000000607,trioseP,[],16200.000000000002
BIOMD0000000607,Gpd1,[],16200.000000000002
BIOMD0000000607,pyruvate,[],16200.000000000002
BIOMD0000000607,acetate_i,[],16200.000000000002
BIOMD0000000607,ethanol_i,[],16200.000000000002
BIOMD0000000607,Hog1,[],16200.000000000002
BIOMD0000000607,Hog1PP,[],16200.000000000002
BIOMD0000000607,Pfk2627a,[],16200.000000000002
BIOMD0000000607,Pfk2627i,[],16200.000000000002
BIOMD0000000607,AOG,[],16200.000000000002
BIOMD0000000607,gpd1mRNA,[],16200.000000000002
BIOMD0000000607,stl1mRNA,[],16200.000000000002
BIOMD0000000607,Stl1,[],16200.000000000002
BIOMD0000000607,AOGi,[],16200.000000000002
BIOMD0000000607,Fps1r,[],16200.000000000002
BIOMD0000000607,biomass,[],16200.000000000002
BIOMD0000000607,cellvol,[0.00012333],16200.000000000002
BIOMD0000000607,glycerol_e,[],16200.000000000002
BIOMD0000000607,glucose_e,[],16200.000000000002
BIOMD0000000607,acetate_e,[],16200.000000000002
BIOMD0000000607,ethanol_e,[],16200.000000000002
BIOMD0000000607,trehalose_e,[],16200.000000000002
BIOMD0000000618,M,[],150.0
BIOMD0000000618,N,[],150.0
BIOMD0000000618,A7,[],150.0
BIOMD0000000618,A8,[],150.0
BIOMD0000000618,A9,[],150.0
BIOMD0000000618,A10,[],150.0
BIOMD0000000618,A11,[],150.0
BIOMD0000000618,A12,[],150.0
BIOMD0000000618,A13,[],150.0
BIOMD0000000618,A14,[],150.0
BIOMD0000000618,A15,[],150.0
BIOMD0000000618,A16,[],150.0
BIOMD0000000618,A17,[],150.0
BIOMD0000000618,A18,[],150.0
BIOMD0000000618,A19,[],150.0
BIOMD0000000618,A20,[],150.0
BIOMD0000000618,A21,[],150.0
BIOMD0000000618,A22,[],150.0
BIOMD0000000618,A23,[],150.0
BIOMD0000000618,A24,[],150.0
BIOMD0000000618,A25,[],150.0
BIOMD0000000618,A26,[],150.0
BIOMD0000000618,A27,[],150.0
BIOMD0000000618,A28,[],150.0
BIOMD0000000618,A29,[],150.0
BIOMD0000000618,A30,[],150.0
BIOMD0000000618,A31,[],150.0
BIOMD0000000618,A32,[],150.0
BIOMD0000000618,A33,[],150.0
BIOMD0000000618,A34,[],150.0
BIOMD0000000618,A35,[],150.0
BIOMD0000000618,A36,[],150.0
BIOMD0000000618,A37,[],150.0
BIOMD0000000618,A38,[],150.0
BIOMD0000000618,A39,[],150.0
BIOMD0000000618,A40,[],150.0
BIOMD0000000618,A41,[],150.0
BIOMD0000000618,A42,[],150.0
BIOMD0000000618,A43,[],150.0
BIOMD0000000618,A44,[],150.0
BIOMD0000000618,A45,[],150.0
BIOMD0000000618,A46,[],150.0
BIOMD0000000618,A47,[],150.0
BIOMD0000000618,A48,[],150.0
BIOMD0000000618,A49,[],150.0
BIOMD0000000618,A50,[],150.0
BIOMD0000000618,A51,[],150.0
BIOMD0000000618,A52,[],150.0
BIOMD0000000618,A53,[],150.0
BIOMD0000000618,A54,[],150.0
BIOMD0000000622,Bmi1,[],4800.0
BIOMD0000000622,Bmi1ubd,[],4800.0
BIOMD0000000622,R1B,[],4800.0
BIOMD0000000622,R1Bubd,[],4800.0
BIOMD0000000622,Z,[0.00353813],4800.0
BIOMD0000000622,Zub,[],4800.0
BIOMD0000000622,R1Buba,[],4800.0
BIOMD0000000622,R1Bub,[],4800.0
BIOMD0000000622,H2A,[],4800.0
BIOMD0000000622,H2Auba,[],4800.0
BIOMD0000000623,species_0,[],60.0
BIOMD0000000623,species_1,[],60.0
BIOMD0000000623,species_2,[],60.0
BIOMD0000000623,species_3,[],60.0
BIOMD0000000623,species_4,[],60.0
BIOMD0000000623,species_5,[],60.0
BIOMD0000000623,species_6,[],60.0
BIOMD0000000623,species_7,[],60.0
BIOMD0000000623,species_8,[],60.0
BIOMD0000000623,species_9,[],60.0
BIOMD0000000623,species_10,[],60.0
BIOMD0000000623,species_11,[],60.0
BIOMD0000000623,species_12,[],60.0
BIOMD0000000623,species_13,[],60.0
BIOMD0000000623,species_14,[],60.0
BIOMD0000000623,species_15,[],60.0
BIOMD0000000623,species_16,[],60.0
BIOMD0000000623,species_17,[],60.0
BIOMD0000000623,species_18,[],60.0
BIOMD0000000623,species_19,[],60.0
BIOMD0000000623,species_20,[],60.0
BIOMD0000000623,species_21,[],60.0
BIOMD0000000623,species_22,[],60.0
BIOMD0000000623,species_23,[],60.0
BIOMD0000000623,species_24,[],60.0
BIOMD0000000627,species_23,[],400.0
BIOMD0000000627,species_24,[],400.0
BIOMD0000000627,species_25,[],400.0
BIOMD0000000627,species_26,[],400.0
BIOMD0000000627,dHb,[0.0074925],400.0
BIOMD0000000627,species_1,[],400.0
BIOMD0000000627,species_2,[],400.0
BIOMD0000000627,species_3,[],400.0
BIOMD0000000627,species_7,[],400.0
BIOMD0000000627,species_9,[],400.0
BIOMD0000000627,species_11,[],400.0
BIOMD0000000627,species_12,[],400.0
BIOMD0000000627,species_15,[],400.0
BIOMD0000000627,species_18,[],400.0
BIOMD0000000627,species_16,[0.0074925],400.0
BIOMD0000000627,species_21,[],400.0
BIOMD0000000627,Na__neurons,[],400.0
BIOMD0000000627,GLU_neurons,[],400.0
BIOMD0000000627,ADP_neurons,[],400.0
BIOMD0000000627,AMP_neurons,[],400.0
BIOMD0000000627,Cr_neurons,[],400.0
BIOMD0000000627,NAD_neurons,[],400.0
BIOMD0000000627,G6L_neurons,[],400.0
BIOMD0000000627,P6G_neurons,[],400.0
BIOMD0000000627,Ru5P_neurons,[],400.0
BIOMD0000000627,X5P_neurons,[],400.0
BIOMD0000000627,R5P_neurons,[],400.0
BIOMD0000000627,S7P_neurons,[],400.0
BIOMD0000000627,E4P_neurons,[],400.0
BIOMD0000000627,NADPH_neurons,[],400.0
BIOMD0000000627,NADP_neurons,[],400.0
BIOMD0000000627,species_4,[],400.0
BIOMD0000000627,species_5,[],400.0
BIOMD0000000627,species_6,[],400.0
BIOMD0000000627,species_8,[],400.0
BIOMD0000000627,species_10,[],400.0
BIOMD0000000627,species_13,[],400.0
BIOMD0000000627,species_14,[],400.0
BIOMD0000000627,species_17,[],400.0
BIOMD0000000627,species_19,[],400.0
BIOMD0000000627,species_20,[],400.0
BIOMD0000000627,species_22,[],400.0
BIOMD0000000627,Na__astrocytes,[],400.0
BIOMD0000000627,GLU_astrocytes,[],400.0
BIOMD0000000627,ADP_astrocytes,[],400.0
BIOMD0000000627,AMP_astrocytes,[],400.0
BIOMD0000000627,Cr_astrocytes,[],400.0
BIOMD0000000627,NAD_astrocytes,[],400.0
BIOMD0000000627,G6L_astrocytes,[],400.0
BIOMD0000000627,P6G_astrocytes,[],400.0
BIOMD0000000627,Ru5P_astrocytes,[],400.0
BIOMD0000000627,X5P_astrocytes,[],400.0
BIOMD0000000627,R5P_astrocytes,[],400.0
BIOMD0000000627,S7P_astrocytes,[],400.0
BIOMD0000000627,E4P_astrocytes,[],400.0
BIOMD0000000627,NADP_astrocytes,[],400.0
BIOMD0000000627,NADPH_astrocytes,[],400.0
BIOMD0000000627,species_27,[],400.0
BIOMD0000000627,species_28,[],400.0
BIOMD0000000627,GLU_extracellular_space,[],400.0
BIOMD0000000627,venous_balloon,[],400.0
BIOMD0000000644,A46,[],1200.0
BIOMD0000000644,A88,[],1200.0
BIOMD0000000644,M,[],1200.0
BIOMD0000000644,PKA,[],1200.0
BIOMD0000000646,CycE,[],900.0
BIOMD0000000646,CycA,[],900.0
BIOMD0000000646,CycEp27,[],900.0
BIOMD0000000646,CycAp27,[],900.0
BIOMD0000000646,Skp2,[],900.0
BIOMD0000000646,Cdh1p,[],900.0
BIOMD0000000646,Emi1,[],900.0
BIOMD0000000646,p27,[],900.0
BIOMD0000000646,Cdh1,[],900.0
BIOMD0000000646,Emi1Cdh1,[],900.0
BIOMD0000000646,Emi1Cdh1p,[],900.0
BIOMD0000000647,Raf1,[],50.0
BIOMD0000000647,RKIP,[],50.0
BIOMD0000000647,Raf1_RKIP,[],50.0
BIOMD0000000647,Raf1_RKIP_ERKPP,[],50.0
BIOMD0000000647,ERK,[],50.0
BIOMD0000000647,RKIPP,[],50.0
BIOMD0000000647,MEKPP,[],50.0
BIOMD0000000647,MEKPP_ERK,[],50.0
BIOMD0000000647,ERKPP,[],50.0
BIOMD0000000647,RP,[],50.0
BIOMD0000000647,RKIPP_RP,[],50.0
BIOMD0000000648,APC,[],15000.0
BIOMD0000000648,APCAxin,[],15000.0
BIOMD0000000648,APCAxinGSK3B,[],15000.0
BIOMD0000000648,APCBCatenin,[],15000.0
BIOMD0000000648,Akt,[],15000.0
BIOMD0000000648,Axin,[],15000.0
BIOMD0000000648,BCatenin,[],15000.0
BIOMD0000000648,BRaf,[],15000.0
BIOMD0000000648,C3G,[],15000.0
BIOMD0000000648,Dsha,[],15000.0
BIOMD0000000648,Dshi,[],15000.0
BIOMD0000000648,EGF,[],15000.0
BIOMD0000000648,ERK,[],15000.0
BIOMD0000000648,GSK3B,[],15000.0
BIOMD0000000648,MEK,[],15000.0
BIOMD0000000648,P90Rsk,[],15000.0
BIOMD0000000648,PI3K,[],15000.0
BIOMD0000000648,PIP2,[],15000.0
BIOMD0000000648,PIP3,[],15000.0
BIOMD0000000648,PKCD,[],15000.0
BIOMD0000000648,PP2A,[],15000.0
BIOMD0000000648,PTEN,[],15000.0
BIOMD0000000648,RKIP,[],15000.0
BIOMD0000000648,Raf1,[],15000.0
BIOMD0000000648,RafPPtase,[],15000.0
BIOMD0000000648,Rap1,[],15000.0
BIOMD0000000648,Rap1Gap,[],15000.0
BIOMD0000000648,Ras,[],15000.0
BIOMD0000000648,RasGap,[],15000.0
BIOMD0000000648,SOS,[],15000.0
BIOMD0000000648,TCF,[],15000.0
BIOMD0000000648,TCFBCatenin,[],15000.0
BIOMD0000000648,X,[],15000.0
BIOMD0000000648,bEGFR,[],15000.0
BIOMD0000000648,fEGFR,[],15000.0
BIOMD0000000648,pAPCpAxinGSK3B,[],15000.0
BIOMD0000000648,pAPCpAxinGSK3BBCatenin,[],15000.0
BIOMD0000000648,pAPCpAxinGSK3BpBCatenin,[],15000.0
BIOMD0000000648,pAkt,[],15000.0
BIOMD0000000648,pBCatenin,[],15000.0
BIOMD0000000648,pBRaf,[],15000.0
BIOMD0000000648,pC3G,[],15000.0
BIOMD0000000648,pERK,[],15000.0
BIOMD0000000648,pGSK3B,[],15000.0
BIOMD0000000648,pMEK,[],15000.0
BIOMD0000000648,pP90Rsk,[],15000.0
BIOMD0000000648,pPI3K,[],15000.0
BIOMD0000000648,pRKIP,[],15000.0
BIOMD0000000648,pRaf1,[],15000.0
BIOMD0000000648,pRap1,[],15000.0
BIOMD0000000648,pRas,[],15000.0
BIOMD0000000648,pSOS,[],15000.0
BIOMD0000000648,null,[],15000.0
BIOMD0000000650,l,[],500.00000000000006
BIOMD0000000650,m,[],500.00000000000006
BIOMD0000000650,n,[0.003996],500.00000000000006
BIOMD0000000651,IRS,[],3600.0
BIOMD0000000651,aIRS,[],3600.0
BIOMD0000000651,iIRS,[],3600.0
BIOMD0000000651,PI3K,[],3600.0
BIOMD0000000651,aPI3K,[],3600.0
BIOMD0000000651,Akt,[],3600.0
BIOMD0000000651,aAkt,[],3600.0
BIOMD0000000651,mTORC1,[],3600.0
BIOMD0000000651,amTORC1,[],3600.0
BIOMD0000000651,S6K,[0.0013875],3600.0
BIOMD0000000651,aS6K,[0.0013875],3600.0
BIOMD0000000651,FOXO,[],3600.0
BIOMD0000000651,iFOXO,[],3600.0
BIOMD0000000651,RTK,[],3600.0
BIOMD0000000651,aRTK,[],3600.0
BIOMD0000000651,iRTK,[],3600.0
BIOMD0000000651,RasGDP,[],3600.0
BIOMD0000000651,RasGTP,[],3600.0
BIOMD0000000651,Raf,[],3600.0
BIOMD0000000651,aRaf,[],3600.0
BIOMD0000000651,iRaf,[],3600.0
BIOMD0000000651,MEK,[],3600.0
BIOMD0000000651,aMEK,[],3600.0
BIOMD0000000651,ERK,[],3600.0
BIOMD0000000651,aERK,[],3600.0
BIOMD0000000651,AktI,[],3600.0
BIOMD0000000651,iAkt,[],3600.0
BIOMD0000000651,MEKI,[],3600.0
BIOMD0000000651,iMEK,[],3600.0
BIOMD0000000657,Cdk1CycB,"[0.0008325, 0.001665]",6000.0
BIOMD0000000657,APC,"[0.0008325, 0.001665, 0.0024975, 0.00333, 0.0041625, 0.005661, 0.0064935, 0.007326, 0.0081585]",6000.0
BIOMD0000000657,CycB,[0.0008325],6000.0
BIOMD0000000658,Dsh_i,[],1000.0000000000001
BIOMD0000000658,Dsh_a,[],1000.0000000000001
BIOMD0000000658,APC__axin__GSK3,[],1000.0000000000001
BIOMD0000000658,APC_axin_GSK3,[],1000.0000000000001
BIOMD0000000658,GSK3,[],1000.0000000000001
BIOMD0000000658,APC_axin,[],1000.0000000000001
BIOMD0000000658,APC,[],1000.0000000000001
BIOMD0000000658,B_catenin_APC__axin__GSK3,[],1000.0000000000001
BIOMD0000000658,B_catenin__APC__axin__GSK3,[],1000.0000000000001
BIOMD0000000658,B_catenin,[],1000.0000000000001
BIOMD0000000658,B_catenin_0,[],1000.0000000000001
BIOMD0000000658,Axin,[],1000.0000000000001
BIOMD0000000658,TCF,[],1000.0000000000001
BIOMD0000000658,B_catenin_TCF,[],1000.0000000000001
BIOMD0000000658,B_catenin_APC,[],1000.0000000000001
BIOMD0000000660,MrnaP21,[],1200.0
BIOMD0000000660,MrnaCy,[],1200.0
BIOMD0000000660,MrnaP53,[],1200.0
BIOMD0000000660,P21,[],1200.0
BIOMD0000000660,Cy,[],1200.0
BIOMD0000000660,CyP21,[],1200.0
BIOMD0000000660,aPcna,[0.0024975],1200.0
BIOMD0000000660,Rc,[],1200.0
BIOMD0000000660,pRc,[],1200.0
BIOMD0000000660,aRc,[],1200.0
BIOMD0000000660,iRc,[],1200.0
BIOMD0000000660,Dna,[],1200.0
BIOMD0000000660,Dam,[],1200.0
BIOMD0000000660,P53,[],1200.0
BIOMD0000000660,iPcna,[],1200.0
BIOMD0000000661,T,[],24.0
BIOMD0000000661,LT,[],24.0
BIOMD0000000661,RT,[],24.0
BIOMD0000000661,m,[],24.0
BIOMD0000000661,Lm,[],24.0
BIOMD0000000661,Rm,[],24.0
BIOMD0000000661,SL,[],24.0
BIOMD0000000662,CML,[],100.0
BIOMD0000000662,T_cell_naive,[],100.0
BIOMD0000000662,T_cell_effector,[],100.0
BIOMD0000000663,x,[],20.0
BIOMD0000000663,y,[],20.0
BIOMD0000000663,v,[],20.0
BIOMD0000000664,FGFR,[],100.0
BIOMD0000000664,MSH,[],100.0
BIOMD0000000664,B_Raf,[],100.0
BIOMD0000000664,MAPK,[],100.0
BIOMD0000000664,C_Raf_inactive,[],100.0
BIOMD0000000664,C_Raf,[],100.0
BIOMD0000000665,Rs_0,[],7200.0
BIOMD0000000665,Cs_0,[],7200.0
BIOMD0000000665,Ri_0,[],7200.0
BIOMD0000000665,Ci_0,[],7200.0
BIOMD0000000665,Li_0,[],7200.0
BIOMD0000000665,Ld_0,[],7200.0
BIOMD0000000665,L_0,[],7200.0
BIOMD0000000665,Y_0,[],7200.0
BIOMD0000000667,EGF,[],6000.0
BIOMD0000000667,EGFR,[],6000.0
BIOMD0000000667,EGF_EGFR,[],6000.0
BIOMD0000000667,_EGF_EGFR_2,[],6000.0
BIOMD0000000667,_EGF_EGFR__2,[],6000.0
BIOMD0000000667,EGFRi,[],6000.0
BIOMD0000000667,_EGF_EGFR__2_GAP_Grb2_Prot,[],6000.0
BIOMD0000000667,_EGF_EGFRi__2,[],6000.0
BIOMD0000000667,Proti,[],6000.0
BIOMD0000000667,EGF_EGFRi,[],6000.0
BIOMD0000000667,_EGF_EGFRi_2,[],6000.0
BIOMD0000000667,Prot,[],6000.0
BIOMD0000000667,EGFideg,[],6000.0
BIOMD0000000667,GAP,[],6000.0
BIOMD0000000667,_EGF_EGFR__2_GAP,[],6000.0
BIOMD0000000667,EGFi,[],6000.0
BIOMD0000000667,_EGF_EGFRi__2_GAP,[],6000.0
BIOMD0000000667,_EGF_EGFRi__2_GAP_Grb2,[],6000.0
BIOMD0000000667,_EGF_EGFRi__2_GAP_Grb2_Sos,[],6000.0
BIOMD0000000667,_EGF_EGFRi__2_GAP_Grb2_Sos_Ras_GDP,[],6000.0
BIOMD0000000667,_EGF_EGFRi__2_GAP_Grb2_Sos_Ras_GTP,[],6000.0
BIOMD0000000667,Grb2,[],6000.0
BIOMD0000000667,_EGF_EGFR__2_GAP_Grb2,[],6000.0
BIOMD0000000667,Sos,[],6000.0
BIOMD0000000667,_EGF_EGFR__2_GAP_Grb2_Sos,[],6000.0
BIOMD0000000667,Ras_GDP,[],6000.0
BIOMD0000000667,_EGF_EGFR__2_GAP_Grb2_Sos_Ras_GDP,[],6000.0
BIOMD0000000667,Ras_GTP,[],6000.0
BIOMD0000000667,_EGF_EGFR__2_GAP_Grb2_Sos_Ras_GTP,[],6000.0
BIOMD0000000667,Grb2_Sos,[],6000.0
BIOMD0000000667,Shc,[],6000.0
BIOMD0000000667,_EGF_EGFR__2_GAP_SHC,[],6000.0
BIOMD0000000667,_EGF_EGFR__2_GAP_SHC_0,[],6000.0
BIOMD0000000667,_EGF_EGFR__2_GAP_SHC__Grb2,[],6000.0
BIOMD0000000667,_EGF_EGFR__2_GAP_SHC__Grb2_Sos,[],6000.0
BIOMD0000000667,_EGF_EGFR__2_GAP_SHC__Grb2_Sos_Ras_GDP,[],6000.0
BIOMD0000000667,_EGF_EGFR__2_GAP_SHC__Grb2_Sos_Ras_GTP,[],6000.0
BIOMD0000000667,Shc__Grb2_Sos,[],6000.0
BIOMD0000000667,Shc__Grb2,[],6000.0
BIOMD0000000667,Shc_0,[],6000.0
BIOMD0000000667,Raf,[],6000.0
BIOMD0000000667,Raf_Ras_GTP,[],6000.0
BIOMD0000000667,Ras_GTP_,[],6000.0
BIOMD0000000667,Phosphatase1,[],6000.0
BIOMD0000000667,Raf_0,[],6000.0
BIOMD0000000667,Raf__phosphatase1,[],6000.0
BIOMD0000000667,MEK,[],6000.0
BIOMD0000000667,MEK_Raf,[],6000.0
BIOMD0000000667,MEK_P,[],6000.0
BIOMD0000000667,MEK_P_Raf,[],6000.0
BIOMD0000000667,MEK_PP,[],6000.0
BIOMD0000000667,MEK_PP_phosphatase2,[],6000.0
BIOMD0000000667,phosphatse2,[],6000.0
BIOMD0000000667,MEK_P_phosphatase2,[],6000.0
BIOMD0000000667,ERK,[],6000.0
BIOMD0000000667,ERK_MEK_PP,[],6000.0
BIOMD0000000667,ERK_P,[],6000.0
BIOMD0000000667,ERK_P_MEKPP,[],6000.0
BIOMD0000000667,ERK_PP,[],6000.0
BIOMD0000000667,phosphatase3,[],6000.0
BIOMD0000000667,ERK_PP_phosphatase3,[],6000.0
BIOMD0000000667,ERK_P_phosphatase3,[],6000.0
BIOMD0000000667,_EGF_EGFRi__2_GAP_SHC,[],6000.0
BIOMD0000000667,_EGF_EGFRi__2_GAP_SHC_0,[],6000.0
BIOMD0000000667,_EGF_EGFRi__2_GAP_SHC__Grb2,[],6000.0
BIOMD0000000667,_EGF_EGFRi__2_GAP_SHC__Grb2_Sos,[],6000.0
BIOMD0000000667,_EGF_EGFRi__2_GAP_SHC__Grb2_Sos_Ras_GDP,[],6000.0
BIOMD0000000667,_EGF_EGFRi__2_GAP_SHC__Grb2_Sos_Ras_GTP,[],6000.0
BIOMD0000000667,Ras_GTPi,[],6000.0
BIOMD0000000667,Raf_Ras_GTPi,[],6000.0
BIOMD0000000667,Ras_GTPi_0,[],6000.0
BIOMD0000000667,Rafi,[],6000.0
BIOMD0000000667,Rafi__phosphatase1,[],6000.0
BIOMD0000000667,MEK_Rafi,[],6000.0
BIOMD0000000667,MEKi_P,[],6000.0
BIOMD0000000667,MEK_P_Rafi,[],6000.0
BIOMD0000000667,MEKi_PP,[],6000.0
BIOMD0000000667,MEKi_PP_phosphatase2,[],6000.0
BIOMD0000000667,MEKi_P_phosphatase2,[],6000.0
BIOMD0000000667,ERKi_P,[],6000.0
BIOMD0000000667,ERKi_P_MEKi_PP,[],6000.0
BIOMD0000000667,ERKi_PP,[],6000.0
BIOMD0000000667,ERKi_PP_phosphatase3,[],6000.0
BIOMD0000000667,ERKi_P_phosphatase3,[],6000.0
BIOMD0000000667,EGFRidag,[],6000.0
BIOMD0000000667,_EGF_EGFRi___2deg,[],6000.0
BIOMD0000000667,_EGF_EGFR__2_GAP_Grb2_Sos_Prot,[],6000.0
BIOMD0000000667,_EGF_EGFR__2_GAP_Grb2_Sos_Ras_GDP_Prot,[],6000.0
BIOMD0000000667,_EGF_EGFR__2_GAP_Grb2_Sos_Ras_GTP_Prot,[],6000.0
BIOMD0000000667,_EGF_EGFR__2_GAP_Grb2_Sos_ERK_PP,[],6000.0
BIOMD0000000667,_EGF_EGFRi__2_GAP_Grb2_Sos_ERKi_PP,[],6000.0
BIOMD0000000667,_EGF_EGFR__2_GAP_SHC__Grb2_Sos_ERK_PP,[],6000.0
BIOMD0000000667,_EGF_EGFRi__2_GAP_SHC__Grb2_Sos_ERKi_PP,[],6000.0
BIOMD0000000667,_EGF_EGFR__2_GAP_Grb2_Sos_deg,[],6000.0
BIOMD0000000667,_EGF_EGFRi__2_GAP_Grb2_Sos_deg,[],6000.0
BIOMD0000000667,Sos_ERK_PP,[],6000.0
BIOMD0000000667,Sos_ERKi_PP,[],6000.0
BIOMD0000000667,Sosi,[],6000.0
BIOMD0000000667,ERKi_MEKi_PP_0,[],6000.0
BIOMD0000000667,_EGF_EGFR__2_GAP_SHC__Grb2_Prot_0,[],6000.0
BIOMD0000000667,_EGF_EGFR__2_GAP_SHC__Grb2_Sos_Prot_0,[],6000.0
BIOMD0000000667,_EGF_EGFR__2_GAP_SHC__Grb2_Sos_Ras_GDP_Prot_0,[],6000.0
BIOMD0000000667,_EGF_EGFR__2_GAP_SHC__Grb2_Sos_Ras_GTP_Prot_0,[],6000.0
BIOMD0000000668,Sti_g1,[],100.0
BIOMD0000000668,Sti_g2,[],100.0
BIOMD0000000668,Sti_g3,[],100.0
BIOMD0000000668,Sti_g4,[],100.0
BIOMD0000000668,Sti_b1,[],100.0
BIOMD0000000668,Sti_b2,[],100.0
BIOMD0000000668,Sti_b3,[],100.0
BIOMD0000000668,Sti_b4,[],100.0
BIOMD0000000668,Ra,[],100.0
BIOMD0000000668,Rd,[],100.0
BIOMD0000000669,G1,[],100.0
BIOMD0000000669,S,[],100.0
BIOMD0000000669,G2,[],100.0
BIOMD0000000669,R_apo,[],100.0
BIOMD0000000669,R_other,[],100.0
BIOMD0000000670,l,[],50.0
BIOMD0000000670,n,[],50.0
BIOMD0000000670,m,[],50.0
BIOMD0000000671,V_exp,[],120.0
BIOMD0000000671,V_mend,[],120.0
BIOMD0000000671,V_log,[],120.0
BIOMD0000000671,V_lin,[],120.0
BIOMD0000000671,V_surf,[],120.0
BIOMD0000000671,V_gomp,[],120.0
BIOMD0000000671,V_bert,[],120.0
BIOMD0000000672,H1,[],3000.0
BIOMD0000000672,H2,[],3000.0
BIOMD0000000674,b_gly,[],24.0
BIOMD0000000674,b_glu,[],24.0
BIOMD0000000674,b_cys,[0.1665],24.0
BIOMD0000000674,b_gsg,[],24.0
BIOMD0000000674,b_gsh,[],24.0
BIOMD0000000674,c_thf,[0.1665],24.0
BIOMD0000000674,c_5mf,[0.1665],24.0
BIOMD0000000674,c_2cf,[0.1665],24.0
BIOMD0000000674,c_1cf,[0.1665],24.0
BIOMD0000000674,c_10f,[],24.0
BIOMD0000000674,c_dhf,[0.1665],24.0
BIOMD0000000674,aic,[],24.0
BIOMD0000000674,c_glu,[],24.0
BIOMD0000000674,c_cys,[0.1665],24.0
BIOMD0000000674,glc,[],24.0
BIOMD0000000674,c_gly,[0.1665],24.0
BIOMD0000000674,c_gsg,[],24.0
BIOMD0000000674,c_gsh,[],24.0
BIOMD0000000674,cyt,[0.1665],24.0
BIOMD0000000674,hcy,"[0.08325, 0.1665]",24.0
BIOMD0000000674,c_ser,[0.1665],24.0
BIOMD0000000674,sah,[0.1665],24.0
BIOMD0000000674,sam,[0.1665],24.0
BIOMD0000000674,met,[0.1665],24.0
BIOMD0000000674,c_coo,[],24.0
BIOMD0000000674,species_1,[0.1665],24.0
BIOMD0000000674,species_2,[],24.0
BIOMD0000000674,species_3,[],24.0
BIOMD0000000674,species_4,[],24.0
BIOMD0000000674,species_5,[],24.0
BIOMD0000000674,species_6,[],24.0
BIOMD0000000674,species_8,[],24.0
BIOMD0000000674,species_9,[],24.0
BIOMD0000000674,m_thf,[0.124875],24.0
BIOMD0000000674,m_2cf,[],24.0
BIOMD0000000674,m_1cf,[],24.0
BIOMD0000000674,m_10f,[0.08325],24.0
BIOMD0000000674,m_ser,[],24.0
BIOMD0000000674,m_gly,[],24.0
BIOMD0000000674,m_coo,[],24.0
BIOMD0000000674,src,[0.1665],24.0
BIOMD0000000674,dmg,[0.1665],24.0
BIOMD0000000674,parameter_1,[],24.0
BIOMD0000000674,parameter_2,[],24.0
BIOMD0000000674,parameter_3,[],24.0
BIOMD0000000674,parameter_4,[],24.0
BIOMD0000000675,Cln2,[],175.0
BIOMD0000000675,Cdc20,[],175.0
BIOMD0000000675,Cdc20_T,[],175.0
BIOMD0000000675,Hct1,[],175.0
BIOMD0000000675,Clb2_Sic1,[],175.0
BIOMD0000000675,Sic1_T,[],175.0
BIOMD0000000675,Clb5_Sic1,[],175.0
BIOMD0000000675,Clb5_T,[],175.0
BIOMD0000000675,Clb2_T,[],175.0
BIOMD0000000675,mass,[],175.0
BIOMD0000000675,ORI,[],175.0
BIOMD0000000675,BUD,[],175.0
BIOMD0000000675,SPN,[],175.0
BIOMD0000000676,Fe3__enos,[],15.0
BIOMD0000000676,Fe3__Arg,[],15.0
BIOMD0000000676,Fe2,[],15.0
BIOMD0000000676,Fe2__Arg,[],15.0
BIOMD0000000676,Fe3__NO,[],15.0
BIOMD0000000676,NO,[],15.0
BIOMD0000000676,Fe2__NO,[],15.0
BIOMD0000000676,Fe3__NOHA,[],15.0
BIOMD0000000676,NOHA,[],15.0
BIOMD0000000676,Fe2__NOHA,[],15.0
BIOMD0000000676,Fe3__O2__Arg,[],15.0
BIOMD0000000676,Fe3__O2__NOHA,[],15.0
BIOMD0000000676,Citrulline,[],15.0
BIOMD0000000677,L_ce,[],5.0
BIOMD0000000678,NFAT_phosphorylated,[],80.0
BIOMD0000000678,NFAT_dephosphorylated,[0.3371625],80.0
BIOMD0000000679,phi_I,[],80.0
BIOMD0000000679,phi_R,[],80.0
BIOMD0000000679,T,[],80.0
BIOMD0000000680,phi_I,[],80.0
BIOMD0000000680,phi_R,[],80.0
BIOMD0000000680,T,[],80.0
BIOMD0000000681,phi_I,[],80.0
BIOMD0000000681,phi_R,[],80.0
BIOMD0000000681,T,[],80.0
BIOMD0000000682,ADP,[3.33e-06],600000.0
BIOMD0000000682,ATP,[3.33e-06],600000.0
BIOMD0000000682,V_membrane,"[3.33e-06, 5.328e-05]",600000.0
BIOMD0000000682,n,"[3.33e-06, 5.328e-05]",600000.0
BIOMD0000000682,c,[3.33e-06],600000.0
BIOMD0000000683,w,[],200.0
BIOMD0000000683,x,[],200.0
BIOMD0000000683,y,[],200.0
BIOMD0000000683,z,[],200.0
BIOMD0000000684,S,[],100.0
BIOMD0000000684,I_1,[],100.0
BIOMD0000000684,I_2,[],100.0
BIOMD0000000684,I_12,[],100.0
BIOMD0000000684,I_21,[],100.0
BIOMD0000000684,R_1,[],100.0
BIOMD0000000684,R_2,[],100.0
BIOMD0000000684,R_12,[],100.0
BIOMD0000000684,P_1,[],100.0
BIOMD0000000684,P_2,[],100.0
BIOMD0000000685,T,[0.04662],300.0
BIOMD0000000685,A,[],300.0
BIOMD0000000685,A_star,[0.04662],300.0
BIOMD0000000685,C,[0.04662],300.0
BIOMD0000000687,x_0,[],350.0
BIOMD0000000687,y_0,"[0.01141714, 0.02283429, 0.03425143, 0.04281429]",350.0
BIOMD0000000687,y_1,"[0.01141714, 0.01998, 0.03425143, 0.04281429, 0.05708571]",350.0
BIOMD0000000687,L_0,[],350.0
BIOMD0000000687,v_0,[],350.0
BIOMD0000000687,z_a,[],350.0
BIOMD0000000687,m_0_0,[],350.0
BIOMD0000000687,m_1_0,[],350.0
BIOMD0000000687,m_2_0,[],350.0
BIOMD0000000687,m_3_0,[],350.0
BIOMD0000000687,m_4_0,[],350.0
BIOMD0000000687,m_5_0,[],350.0
BIOMD0000000687,m_6_0,[],350.0
BIOMD0000000687,m_7_0,[],350.0
BIOMD0000000687,m_8_0,[],350.0
BIOMD0000000688,x,[],250.00000000000003
BIOMD0000000688,y_0,"[0.011988, 0.01998]",250.00000000000003
BIOMD0000000688,y_1,[0.01998],250.00000000000003
BIOMD0000000688,L,[],250.00000000000003
BIOMD0000000688,v,[],250.00000000000003
BIOMD0000000688,z_a,[],250.00000000000003
BIOMD0000000688,m_0,[],250.00000000000003
BIOMD0000000688,m_1,[],250.00000000000003
BIOMD0000000688,m_2,[],250.00000000000003
BIOMD0000000688,m_3,[],250.00000000000003
BIOMD0000000688,m_4,[],250.00000000000003
BIOMD0000000688,m_5,[],250.00000000000003
BIOMD0000000688,m_6,[],250.00000000000003
BIOMD0000000688,m_7,[],250.00000000000003
BIOMD0000000688,m_8,[],250.00000000000003
BIOMD0000000688,z_i,[],250.00000000000003
BIOMD0000000689,H2_HMPt,[],10000.0
BIOMD0000000689,H2_HMPterinPP,[],10000.0
BIOMD0000000689,p_ABA,[],10000.0
BIOMD0000000689,H2_Pteroate,[],10000.0
BIOMD0000000689,DHF,[],10000.0
BIOMD0000000689,THF,[],10000.0
BIOMD0000000689,CH2_THF,[],10000.0
BIOMD0000000690,H2_HMPt,[],100000.0
BIOMD0000000690,H2_HMPterinPP,[],100000.0
BIOMD0000000690,p_ABA,[],100000.0
BIOMD0000000690,H2_Pteroate,[],100000.0
BIOMD0000000690,DHF,[],100000.0
BIOMD0000000690,THF,[],100000.0
BIOMD0000000690,CH2_THF,[],100000.0
BIOMD0000000691,S1__Cell_1_,[0.71928],200.0
BIOMD0000000691,S1__Cell_2_,[0.71928],200.0
BIOMD0000000691,S2__Cell_1_,[0.71928],200.0
BIOMD0000000691,S2__Cell_2_,[0.71928],200.0
BIOMD0000000691,S3__Cell_1_,[0.71928],200.0
BIOMD0000000691,S3__Cell_2_,[0.71928],200.0
BIOMD0000000691,S4__Cell_1_,[0.71928],200.0
BIOMD0000000691,S4__Cell_2_,[0.71928],200.0
BIOMD0000000691,N2__Cell_1_,[0.71928],200.0
BIOMD0000000691,N2__Cell_2_,[0.71928],200.0
BIOMD0000000691,A3__Cell_1_,[0.71928],200.0
BIOMD0000000691,A3__Cell_2_,[0.71928],200.0
BIOMD0000000691,S4_ex,"[0.71928, 1.43856]",200.0
BIOMD0000000692,Pi,[],0.6
BIOMD0000000692,RasGTP,[],0.6
BIOMD0000000692,RasGTP_minus_NF1,[],0.6
BIOMD0000000692,RasGTP_minus_NF1_star_,[],0.6
BIOMD0000000692,RasGDP_minus_NF1_Pi,[],0.6
BIOMD0000000692,RasGDP_NF1,[],0.6
BIOMD0000000692,RasGDP,[],0.6
BIOMD0000000692,NF1,[],0.6
BIOMD0000000693,Vm,"[0.01998, 0.03996, 0.05994, 0.07992, 0.0999, 0.11988, 0.13986, 0.15984, 0.17982]",150.0
BIOMD0000000693,m,"[0.01998, 0.03996, 0.05994, 0.07992, 0.0999, 0.11988, 0.13986, 0.15984, 0.17982, 0.1998, 0.21978, 0.23976, 0.25974]",150.0
BIOMD0000000693,h,"[0.01998, 0.03996, 0.05994]",150.0
BIOMD0000000693,n,"[0.01998, 0.03996]",150.0
BIOMD0000000693,Vt,"[0.01998, 0.03996, 0.05994, 0.07992, 0.0999, 0.11988]",150.0
BIOMD0000000693,d,[],150.0
BIOMD0000000693,o,"[0.01998, 0.03996]",150.0
BIOMD0000000693,c,[],150.0
BIOMD0000000693,cer,[],150.0
BIOMD0000000695,xFinal_1,[],800.0
BIOMD0000000695,xFinal_2,[],800.0
BIOMD0000000695,xFinal_3,[],800.0
BIOMD0000000695,xFinal_4,[],800.0
BIOMD0000000695,xFinal_5,[],800.0
BIOMD0000000695,xFinal_6,[],800.0
BIOMD0000000695,xFinal_7,[],800.0
BIOMD0000000695,xFinal_8,[],800.0
BIOMD0000000695,xFinal_9,[],800.0
BIOMD0000000695,xFinal_10,[],800.0
BIOMD0000000695,xFinal_11,[],800.0
BIOMD0000000695,xFinal_12,[],800.0
BIOMD0000000696,x1,[],50.0
BIOMD0000000696,x2,[],50.0
BIOMD0000000696,x3,[],50.0
BIOMD0000000696,x4,[],50.0
BIOMD0000000696,x5,[],50.0
BIOMD0000000696,x6,[],50.0
BIOMD0000000696,x7,[],50.0
BIOMD0000000696,x8,[],50.0
BIOMD0000000696,x9,[],50.0
BIOMD0000000696,sum_abs_dx8,[],50.0
BIOMD0000000696,P_theta,[],50.0
BIOMD0000000697,PCdk2_CycE,[],960.0
BIOMD0000000697,Cdk2_CycE,[],960.0
BIOMD0000000697,Wee1_a,[],960.0
BIOMD0000000697,Cdk2_CycErem,[],960.0
BIOMD0000000697,PCdk2_CycErem,[],960.0
BIOMD0000000697,Deg_a,[],960.0
BIOMD0000000697,Xic,[],960.0
BIOMD0000000697,Xic_Cdk2_CycE,[],960.0
BIOMD0000000697,Xic_PCdk2_CycE,[],960.0
BIOMD0000000697,Xic_Cdk2_CycErem,[],960.0
BIOMD0000000697,Xic_PCdk2_CycErem,[],960.0
BIOMD0000000697,Xicrem,[],960.0
BIOMD0000000697,Kin_a,[],960.0
BIOMD0000000698,Methionine,"[0.4995, 0.7992]",10.0
BIOMD0000000698,AdoMet,[],10.0
BIOMD0000000698,AdoHcy,[],10.0
BIOMD0000000698,Homocysteine,[],10.0
BIOMD0000000698,Cystathionine,[],10.0
BIOMD0000000699,SPB_B,[],3600.0
BIOMD0000000699,SPB_T,[],3600.0
BIOMD0000000699,Bfa1,[],3600.0
BIOMD0000000699,Bfa1P4,[],3600.0
BIOMD0000000699,Bfa1P5,[],3600.0
BIOMD0000000699,Tem1GTP,[],3600.0
BIOMD0000000699,Tem1GDP,[],3600.0
BIOMD0000000699,B_Bfa1,[],3600.0
BIOMD0000000699,B_Bfa1P4,[],3600.0
BIOMD0000000699,B_Bfa1P5,[],3600.0
BIOMD0000000699,T_Tem1GTP,[],3600.0
BIOMD0000000699,T_Tem1GDP,[],3600.0
BIOMD0000000699,B_Bfa1_Tem1GTP,[],3600.0
BIOMD0000000699,B_Bfa1P4_Tem1GTP,[],3600.0
BIOMD0000000699,B_Bfa1P5_Tem1GTP,[],3600.0
BIOMD0000000699,B_Bfa1_Tem1GDP,[],3600.0
BIOMD0000000699,B_Bfa1P4_Tem1GDP,[],3600.0
BIOMD0000000699,B_Bfa1P5_Tem1GDP,[],3600.0
BIOMD0000000699,Bfa1_Tem1GTP,[],3600.0
BIOMD0000000699,Bfa1P4_Tem1GTP,[],3600.0
BIOMD0000000699,Bfa1P5_Tem1GTP,[],3600.0
BIOMD0000000699,Bfa1_Tem1GDP,[],3600.0
BIOMD0000000699,Bfa1P4_Tem1GDP,[],3600.0
BIOMD0000000699,Bfa1P5_Tem1GDP,[],3600.0
BIOMD0000000700,Rb,[],1200.0
BIOMD0000000700,pRb,[],1200.0
BIOMD0000000700,E2f,[],1200.0
BIOMD0000000700,RbE2f,[],1200.0
BIOMD0000000700,E1,[],1200.0
BIOMD0000000700,C1,[],1200.0
BIOMD0000000700,pC1,[],1200.0
BIOMD0000000700,E1C1,[],1200.0
BIOMD0000000700,P21,[],1200.0
BIOMD0000000700,Ce,[],1200.0
BIOMD0000000700,Ca,[],1200.0
BIOMD0000000700,CeP21,[],1200.0
BIOMD0000000700,CaP21,[],1200.0
BIOMD0000000700,aPcna,[],1200.0
BIOMD0000000700,iPcna,[],1200.0
BIOMD0000000700,Rc,[],1200.0
BIOMD0000000700,pRc,[],1200.0
BIOMD0000000700,aRc,[],1200.0
BIOMD0000000700,iRc,[],1200.0
BIOMD0000000700,Dna,[],1200.0
BIOMD0000000700,P53,[],1200.0
BIOMD0000000700,Dam,[],1200.0
BIOMD0000000700,Pr,[],1200.0
BIOMD0000000701,SPB_B,[],3600.0
BIOMD0000000701,SPB_T,[],3600.0
BIOMD0000000701,Bfa1,[],3600.0
BIOMD0000000701,Bfa1P4,[],3600.0
BIOMD0000000701,Bfa1P5,[],3600.0
BIOMD0000000701,Tem1GTP,[],3600.0
BIOMD0000000701,Tem1GDP,[],3600.0
BIOMD0000000701,B_Bfa1,[],3600.0
BIOMD0000000701,B_Bfa1P4,[],3600.0
BIOMD0000000701,B_Bfa1P5,[],3600.0
BIOMD0000000701,T_Tem1GTP,[],3600.0
BIOMD0000000701,T_Tem1GDP,[],3600.0
BIOMD0000000701,B_Bfa1_Tem1GTP,[],3600.0
BIOMD0000000701,B_Bfa1P4_Tem1GTP,[],3600.0
BIOMD0000000701,B_Bfa1P5_Tem1GTP,[],3600.0
BIOMD0000000701,B_Bfa1_Tem1GDP,[],3600.0
BIOMD0000000701,B_Bfa1P4_Tem1GDP,[],3600.0
BIOMD0000000701,B_Bfa1P5_Tem1GDP,[],3600.0
BIOMD0000000701,Bfa1_Tem1GTP,[],3600.0
BIOMD0000000701,Bfa1P4_Tem1GTP,[],3600.0
BIOMD0000000701,Bfa1P5_Tem1GTP,[],3600.0
BIOMD0000000701,Bfa1_Tem1GDP,[],3600.0
BIOMD0000000701,Bfa1P4_Tem1GDP,[],3600.0
BIOMD0000000701,Bfa1P5_Tem1GDP,[],3600.0
BIOMD0000000702,SPB_B,[],3600.0
BIOMD0000000702,SPB_T,[],3600.0
BIOMD0000000702,Bfa1,[],3600.0
BIOMD0000000702,Bfa1P4,[],3600.0
BIOMD0000000702,Bfa1P5,[],3600.0
BIOMD0000000702,Tem1GTP,[],3600.0
BIOMD0000000702,Tem1GDP,[],3600.0
BIOMD0000000702,B_Bfa1,[],3600.0
BIOMD0000000702,B_Bfa1P4,[],3600.0
BIOMD0000000702,B_Bfa1P5,[],3600.0
BIOMD0000000702,T_Tem1GTP,[],3600.0
BIOMD0000000702,T_Tem1GDP,[],3600.0
BIOMD0000000702,B_Bfa1_Tem1GTP,[],3600.0
BIOMD0000000702,B_Bfa1P4_Tem1GTP,[],3600.0
BIOMD0000000702,B_Bfa1P5_Tem1GTP,[],3600.0
BIOMD0000000702,B_Bfa1_Tem1GDP,[],3600.0
BIOMD0000000702,B_Bfa1P4_Tem1GDP,[],3600.0
BIOMD0000000702,B_Bfa1P5_Tem1GDP,[],3600.0
BIOMD0000000702,Bfa1_Tem1GTP,[],3600.0
BIOMD0000000702,Bfa1P4_Tem1GTP,[],3600.0
BIOMD0000000702,Bfa1P5_Tem1GTP,[],3600.0
BIOMD0000000702,Bfa1_Tem1GDP,[],3600.0
BIOMD0000000702,Bfa1P4_Tem1GDP,[],3600.0
BIOMD0000000702,Bfa1P5_Tem1GDP,[],3600.0
BIOMD0000000703,U,[],4320.0
BIOMD0000000703,A6,[],4320.0
BIOMD0000000703,b,[],4320.0
BIOMD0000000703,Btot,[],4320.0
BIOMD0000000703,A4,[],4320.0
BIOMD0000000703,c,[],4320.0
BIOMD0000000703,C,[],4320.0
BIOMD0000000703,g,[],4320.0
BIOMD0000000703,G,[],4320.0
BIOMD0000000703,Ep,[],4320.0
BIOMD0000000703,x,[],4320.0
BIOMD0000000704,Cdc25_active,[],4000.0000000000005
BIOMD0000000704,Cdc25Ps216_active,[],4000.0000000000005
BIOMD0000000704,Cdc25_inactive,[],4000.0000000000005
BIOMD0000000704,Cdc25Ps216_inactive,[],4000.0000000000005
BIOMD0000000704,Chk1P,[],4000.0000000000005
BIOMD0000000704,protein_14_3_3,[],4000.0000000000005
BIOMD0000000704,Cdc25Ps216_14_3_3_inactive,[],4000.0000000000005
BIOMD0000000704,p53,[],4000.0000000000005
BIOMD0000000704,p21,[],4000.0000000000005
BIOMD0000000704,MPF,[],4000.0000000000005
BIOMD0000000704,p21_MPF,[],4000.0000000000005
BIOMD0000000704,preMPF,[],4000.0000000000005
BIOMD0000000704,Wee1,[],4000.0000000000005
BIOMD0000000704,Chk1,[],4000.0000000000005
BIOMD0000000704,Rad3_ATM,[],4000.0000000000005
BIOMD0000000704,Wee1_phosphorylated,[],4000.0000000000005
BIOMD0000000705,cytoplasm_Foxo1_Pa0_pUb0,[],720.0
BIOMD0000000705,nucleus_Foxo1_Pa0_pUb0,[],720.0
BIOMD0000000705,dnabound_Foxo1_Pa0_pUb0,[],720.0
BIOMD0000000705,cytoplasm_Foxo1_Pa0_pUb1,[],720.0
BIOMD0000000705,nucleus_Foxo1_Pa0_pUb1,[],720.0
BIOMD0000000705,dnabound_Foxo1_Pa0_pUb1,[],720.0
BIOMD0000000705,cytoplasm_Foxo1_Pa1_pUb0,[],720.0
BIOMD0000000705,nucleus_Foxo1_Pa1_pUb0,[],720.0
BIOMD0000000705,dnabound_Foxo1_Pa1_pUb0,[],720.0
BIOMD0000000705,cytoplasm_Foxo1_Pa1_pUb1,[],720.0
BIOMD0000000705,nucleus_Foxo1_Pa1_pUb1,[],720.0
BIOMD0000000705,dnabound_Foxo1_Pa1_pUb1,[],720.0
BIOMD0000000705,nucleus_RNA_Inr,[],720.0
BIOMD0000000705,cytoplasm_RNA_Inr,[],720.0
BIOMD0000000705,cytoplasm_Inr,[],720.0
BIOMD0000000705,nucleus_RNA_Sod2,[],720.0
BIOMD0000000705,cytoplasm_RNA_Sod2,[],720.0
BIOMD0000000705,cytoplasm_Sod2,[],720.0
BIOMD0000000705,E2F1,[],720.0
BIOMD0000000705,Akt,[],720.0
BIOMD0000000705,SGK,[],720.0
BIOMD0000000705,CDK2,[],720.0
BIOMD0000000705,AMPK,[],720.0
BIOMD0000000705,IKKb,[],720.0
BIOMD0000000705,JNK,[],720.0
BIOMD0000000705,PP2A,[],720.0
BIOMD0000000705,CBPP300,[],720.0
BIOMD0000000705,SIRT1,[],720.0
BIOMD0000000705,E3,[],720.0
BIOMD0000000705,USP7,[],720.0
BIOMD0000000705,SCF,[],720.0
BIOMD0000000705,Proteasome,[],720.0
BIOMD0000000706,degr_Foxo1,[],720.0
BIOMD0000000706,cytoplasm_Foxo1_Pa0_Ac0_pUb0,[],720.0
BIOMD0000000706,nucleus_Foxo1_Pa0_Ac0_pUb0,[],720.0
BIOMD0000000706,dnabound_Foxo1_Pa0_Ac0_pUb0,[],720.0
BIOMD0000000706,cytoplasm_Foxo1_Pa0_Ac0_pUb1,[],720.0
BIOMD0000000706,nucleus_Foxo1_Pa0_Ac0_pUb1,[],720.0
BIOMD0000000706,dnabound_Foxo1_Pa0_Ac0_pUb1,[],720.0
BIOMD0000000706,cytoplasm_Foxo1_Pa0_Ac1_pUb0,[0.0124875],720.0
BIOMD0000000706,nucleus_Foxo1_Pa0_Ac1_pUb0,[],720.0
BIOMD0000000706,dnabound_Foxo1_Pa0_Ac1_pUb0,[],720.0
BIOMD0000000706,cytoplasm_Foxo1_Pa0_Ac1_pUb1,[],720.0
BIOMD0000000706,nucleus_Foxo1_Pa0_Ac1_pUb1,[],720.0
BIOMD0000000706,dnabound_Foxo1_Pa0_Ac1_pUb1,[],720.0
BIOMD0000000706,cytoplasm_Foxo1_Pa1_Ac0_pUb0,[],720.0
BIOMD0000000706,nucleus_Foxo1_Pa1_Ac0_pUb0,[],720.0
BIOMD0000000706,dnabound_Foxo1_Pa1_Ac0_pUb0,[],720.0
BIOMD0000000706,cytoplasm_Foxo1_Pa1_Ac0_pUb1,[],720.0
BIOMD0000000706,nucleus_Foxo1_Pa1_Ac0_pUb1,[],720.0
BIOMD0000000706,dnabound_Foxo1_Pa1_Ac0_pUb1,[],720.0
BIOMD0000000706,cytoplasm_Foxo1_Pa1_Ac1_pUb0,[],720.0
BIOMD0000000706,nucleus_Foxo1_Pa1_Ac1_pUb0,[],720.0
BIOMD0000000706,dnabound_Foxo1_Pa1_Ac1_pUb0,[0.008325],720.0
BIOMD0000000706,cytoplasm_Foxo1_Pa1_Ac1_pUb1,[0.0069375],720.0
BIOMD0000000706,nucleus_Foxo1_Pa1_Ac1_pUb1,[],720.0
BIOMD0000000706,dnabound_Foxo1_Pa1_Ac1_pUb1,[],720.0
BIOMD0000000706,nucleus_RNA_Inr,[],720.0
BIOMD0000000706,cytoplasm_RNA_Inr,[],720.0
BIOMD0000000706,cytoplasm_Inr,[],720.0
BIOMD0000000706,nucleus_RNA_Sod2,[],720.0
BIOMD0000000706,cytoplasm_RNA_Sod2,[],720.0
BIOMD0000000706,cytoplasm_Sod2,[],720.0
BIOMD0000000706,E2F1,[],720.0
BIOMD0000000706,Akt,[],720.0
BIOMD0000000706,SGK,[],720.0
BIOMD0000000706,CDK2,[],720.0
BIOMD0000000706,AMPK,[],720.0
BIOMD0000000706,IKKb,[],720.0
BIOMD0000000706,JNK,[],720.0
BIOMD0000000706,PP2A,[],720.0
BIOMD0000000706,CBPP300,[],720.0
BIOMD0000000706,SIRT1,[],720.0
BIOMD0000000706,E3,[],720.0
BIOMD0000000706,USP7,[],720.0
BIOMD0000000706,SCF,[],720.0
BIOMD0000000706,Proteasome,[],720.0
BIOMD0000000707,Normal_Th_cells,[],90.0
BIOMD0000000707,Pathogen_Virus,"[0.0999, 0.1443, 0.1665]",90.0
BIOMD0000000707,Single_Infected_Th_Cells,"[0.0999, 0.1443, 0.1665, 0.2553]",90.0
BIOMD0000000707,Recombinant_Virus,[0.1665],90.0
BIOMD0000000707,Double_Infected_Th_Cells,[0.1665],90.0
BIOMD0000000709,S_a,[],40000.0
BIOMD0000000709,I_a,[],40000.0
BIOMD0000000709,S_h,[],40000.0
BIOMD0000000709,I_h,[],40000.0
BIOMD0000000709,R_h,[],40000.0
BIOMD0000000710,U_H,[],8.0
BIOMD0000000710,U_E,[],8.0
BIOMD0000000710,U_I,[],8.0
BIOMD0000000710,U_R,[],8.0
BIOMD0000000710,V,[],8.0
BIOMD0000000710,IFN,[],8.0
BIOMD0000000710,K,[],8.0
BIOMD0000000711,Viral_Load__V,[],15.0
BIOMD0000000711,Healthy_Epithelial_cells__H,[],15.0
BIOMD0000000711,Infected_Epithelial_cells__I,[],15.0
BIOMD0000000711,APC_cells__M,[],15.0
BIOMD0000000711,Interferons__F,[],15.0
BIOMD0000000711,Resistant_cells__R,[],15.0
BIOMD0000000711,Effector_cells__E,[],15.0
BIOMD0000000711,Plasma_cells__P,[],15.0
BIOMD0000000711,Antibodies__A,[],15.0
BIOMD0000000711,Antigenic_compatibility__S,[],15.0
BIOMD0000000712,P,[],22.0
BIOMD0000000712,D,[],22.0
BIOMD0000000712,I,[],22.0
BIOMD0000000713,T,[],350.0
BIOMD0000000713,I,[],350.0
BIOMD0000000713,V,[],350.0
BIOMD0000000714,P,[],200.0
BIOMD0000000714,Nstar,[],200.0
BIOMD0000000714,D,[],200.0
BIOMD0000000714,C_A,[],200.0
BIOMD0000000715,S,[],100.0
BIOMD0000000715,E,[],100.0
BIOMD0000000715,I,[],100.0
BIOMD0000000715,M,[],100.0
BIOMD0000000716,S_b,[],100000.0
BIOMD0000000716,I_b,[],100000.0
BIOMD0000000716,S_h,[],100000.0
BIOMD0000000716,I_a,[],100000.0
BIOMD0000000717,S_b,[],2000.0000000000002
BIOMD0000000717,I_b,[],2000.0000000000002
BIOMD0000000717,S_h,[],2000.0000000000002
BIOMD0000000717,I_a,[],2000.0000000000002
BIOMD0000000718,CtrA,[],350.0
BIOMD0000000718,GcrA,[],350.0
BIOMD0000000718,DnaA,[],350.0
BIOMD0000000718,Fts,[],350.0
BIOMD0000000718,Zring,[],350.0
BIOMD0000000718,DivK,[],350.0
BIOMD0000000718,DivK_P,[],350.0
BIOMD0000000718,I,[],350.0
BIOMD0000000718,CcrM,[],350.0
BIOMD0000000718,hcori,[],350.0
BIOMD0000000718,hctrA,[],350.0
BIOMD0000000718,hccrM,[],350.0
BIOMD0000000718,hfts,[],350.0
BIOMD0000000718,Ini,[],350.0
BIOMD0000000718,Elong,[],350.0
BIOMD0000000718,DNA,[],350.0
BIOMD0000000719,Cyclin_B1_Cdk1_complex_phosphorylated,"[0.01958824, 0.05223529]",153.000000036
BIOMD0000000719,Cyclin_B1_Cdk1_complex_unphosphorylated,[],153.000000036
BIOMD0000000719,Plx1_active,"[0.02611765, 0.05223529]",153.000000036
BIOMD0000000719,APC_C_active,[0.01958824],153.000000036
BIOMD0000000719,APC_C_total,[],153.000000036
BIOMD0000000720,E2F,[0.104895],200.0
BIOMD0000000720,Myc,[0.104895],200.0
BIOMD0000000720,CycD,[0.104895],200.0
BIOMD0000000720,RE,[],200.0
BIOMD0000000720,CycE,[0.104895],200.0
BIOMD0000000720,RB,[0.104895],200.0
BIOMD0000000720,miR449,[0.104895],200.0
BIOMD0000000720,PRB,[],200.0
BIOMD0000000721,Osteocytes__S,[],100.0
BIOMD0000000721,Pre_Osteoblasts__P,[],100.0
BIOMD0000000721,Osteoblasts__B,[],100.0
BIOMD0000000721,Osteoclasts__C,[],100.0
BIOMD0000000721,Bone_volume__z,[],100.0
BIOMD0000000722,Active_TGF_beta,[],100.0
BIOMD0000000722,Macrophages,[],100.0
BIOMD0000000722,VEGF,[],100.0
BIOMD0000000722,LECs,[],100.0
BIOMD0000000722,Capillaries,[],100.0
BIOMD0000000723,ERG,[],1.1
BIOMD0000000723,DRG,[],1.1
BIOMD0000000723,ppRB,[],1.1
BIOMD0000000723,E2F,[],1.1
BIOMD0000000723,pE2F,[],1.1
BIOMD0000000723,Rb,[],1.1
BIOMD0000000723,E2FRB,[],1.1
BIOMD0000000723,pE2FRB,[],1.1
BIOMD0000000723,actCycD,[],1.1
BIOMD0000000723,TriD,[5.44909091],1.1
BIOMD0000000723,actCycACdk1,[],1.1
BIOMD0000000723,actCycACdk2,[],1.1
BIOMD0000000723,actCycB,[],1.1
BIOMD0000000723,actCycE,[2.72454545],1.1
BIOMD0000000723,cycA,[],1.1
BIOMD0000000723,cycB,[],1.1
BIOMD0000000723,cycE,[],1.1
BIOMD0000000723,CKI,[],1.1
BIOMD0000000723,Cdh1,[],1.1
BIOMD0000000723,preMPF,[],1.1
BIOMD0000000723,TriA,[],1.1
BIOMD0000000723,APCP,[],1.1
BIOMD0000000723,Cdc20A,[],1.1
BIOMD0000000723,Cdc20T,[],1.1
BIOMD0000000723,mass,[],1.1
BIOMD0000000724,LCKi,[],1800.0
BIOMD0000000724,LCKyi,[],1800.0
BIOMD0000000724,LCKya,[],1800.0
BIOMD0000000724,LCKyiya,[],1800.0
BIOMD0000000724,LCKpi,[],1800.0
BIOMD0000000724,PD1,[],1800.0
BIOMD0000000724,PD1p1,[],1800.0
BIOMD0000000724,PD1p2,[],1800.0
BIOMD0000000724,CP1,[],1800.0
BIOMD0000000724,SHP2,[],1800.0
BIOMD0000000724,CP2,[],1800.0
BIOMD0000000724,CD28a,[],1800.0
BIOMD0000000724,CD28i,[],1800.0
BIOMD0000000724,PI3K,[],1800.0
BIOMD0000000724,PI3Kb,[],1800.0
BIOMD0000000724,CD3a,[],1800.0
BIOMD0000000724,CD3i,[],1800.0
BIOMD0000000724,ZAP70a1,[],1800.0
BIOMD0000000724,ZAP70i,[],1800.0
BIOMD0000000724,ZAP70,[],1800.0
BIOMD0000000724,ZAP70a2,[],1800.0
BIOMD0000000724,LATa,[],1800.0
BIOMD0000000724,LATi,[],1800.0
BIOMD0000000724,GADS,[],1800.0
BIOMD0000000724,SLP76,[],1800.0
BIOMD0000000724,SLP76i,[],1800.0
BIOMD0000000724,SLP76a,[],1800.0
BIOMD0000000724,GADSa,[],1800.0
BIOMD0000000726,S_d,[0.03996],50.0
BIOMD0000000726,E_d,[0.03996],50.0
BIOMD0000000726,I_d,[0.03996],50.0
BIOMD0000000726,R_d,[0.03996],50.0
BIOMD0000000726,S_h,[],50.0
BIOMD0000000726,E_h,[0.03996],50.0
BIOMD0000000726,I_h,[0.03996],50.0
BIOMD0000000726,R_h,[],50.0
BIOMD0000000728,M,[0.302697],1000.0000000000001
BIOMD0000000728,C,[0.302697],1000.0000000000001
BIOMD0000000729,C,[0.04995],80.0
BIOMD0000000729,M,[0.04995],80.0
BIOMD0000000729,X,"[0.04995, 0.1123875]",80.0
BIOMD0000000732,Tumor,[0.00999],1000.0000000000001
BIOMD0000000732,IL2,[0.008991],1000.0000000000001
BIOMD0000000732,Immune_cells,[0.008991],1000.0000000000001
BIOMD0000000733,naive_Tcells,[],700.0
BIOMD0000000733,eff_Tcells,[],700.0
BIOMD0000000733,tumor_cells,[],700.0
BIOMD0000000734,FeDuo,[],5100.0
BIOMD0000000734,FeDuo_0,[],5100.0
BIOMD0000000734,FeRBC,[],5100.0
BIOMD0000000734,FeRBC_0,[],5100.0
BIOMD0000000734,FeSpleen,[],5100.0
BIOMD0000000734,FeSpleen_0,[],5100.0
BIOMD0000000734,FeLiver,[],5100.0
BIOMD0000000734,FeLiver_0,[],5100.0
BIOMD0000000734,Fe2Tf,[],5100.0
BIOMD0000000734,NTBI,[],5100.0
BIOMD0000000734,Tf,[],5100.0
BIOMD0000000734,Fe1Tf,[],5100.0
BIOMD0000000734,Hepcidin,[],5100.0
BIOMD0000000734,Fe2Tf_0,[],5100.0
BIOMD0000000734,Fe1Tf_0,[],5100.0
BIOMD0000000734,NTBI_0,[],5100.0
BIOMD0000000734,Fe2Tf_,[],5100.0
BIOMD0000000734,FeRest,[],5100.0
BIOMD0000000734,FeOutside,[],5100.0
BIOMD0000000734,FeRest_0,[],5100.0
BIOMD0000000734,FeBM,[],5100.0
BIOMD0000000734,FeBM_0,[],5100.0
BIOMD0000000736,FeDuo,[],365.0
BIOMD0000000736,FeRBC,[],365.0
BIOMD0000000736,FeSpleen,[],365.0
BIOMD0000000736,FeLiver,[],365.0
BIOMD0000000736,Tf,[],365.0
BIOMD0000000736,Hepcidin,[],365.0
BIOMD0000000736,Fe2Tf,[],365.0
BIOMD0000000736,Fe1Tf,[],365.0
BIOMD0000000736,NTBI,[],365.0
BIOMD0000000736,FeRest,[],365.0
BIOMD0000000736,FeBM,[],365.0
BIOMD0000000737,FeDuo,[],100.0
BIOMD0000000737,FeRBC,[],100.0
BIOMD0000000737,FeSpleen,[],100.0
BIOMD0000000737,FeLiver,[],100.0
BIOMD0000000737,Tf,[],100.0
BIOMD0000000737,Hepcidin,[],100.0
BIOMD0000000737,Fe2Tf,[],100.0
BIOMD0000000737,Fe1Tf,[],100.0
BIOMD0000000737,NTBI,[],100.0
BIOMD0000000737,FeRest,[],100.0
BIOMD0000000737,FeBM,[],100.0
BIOMD0000000738,FeDuo,[],100.0
BIOMD0000000738,FeRBC,[],100.0
BIOMD0000000738,FeSpleen,[],100.0
BIOMD0000000738,FeLiver,[],100.0
BIOMD0000000738,Tf,[],100.0
BIOMD0000000738,Hepcidin,[],100.0
BIOMD0000000738,Fe2Tf,[],100.0
BIOMD0000000738,Fe1Tf,[],100.0
BIOMD0000000738,NTBI,[],100.0
BIOMD0000000738,FeRest,[],100.0
BIOMD0000000738,FeBM,[],100.0
BIOMD0000000739,APC,[],1200.0
BIOMD0000000739,APC_Va,[],1200.0
BIOMD0000000739,Va,[],1200.0
BIOMD0000000739,Va_i_506,[],1200.0
BIOMD0000000739,Va_i_306,[],1200.0
BIOMD0000000739,APC_Va_i_506,[],1200.0
BIOMD0000000739,APC_Va_i_306,[],1200.0
BIOMD0000000739,Va_i_306_506,[],1200.0
BIOMD0000000739,Va_1_306_Va_LC,[],1200.0
BIOMD0000000739,Va_307_506,[],1200.0
BIOMD0000000739,Va_507_679_709,[],1200.0
BIOMD0000000739,APC_Va_1_306_Va_LC,[],1200.0
BIOMD0000000739,Xa,[],1200.0
BIOMD0000000739,Xa_Va,[],1200.0
BIOMD0000000739,Xa_Va_i_506,[],1200.0
BIOMD0000000739,Xa_Va_i_306_506,[],1200.0
BIOMD0000000739,Xa_Va_i_306,[],1200.0
BIOMD0000000739,Va_307_679_709,[],1200.0
BIOMD0000000739,PT,[],1200.0
BIOMD0000000739,Va_PT,[],1200.0
BIOMD0000000739,Xa_Va_PT,[],1200.0
BIOMD0000000739,Xa_Va_i_506_PT,[],1200.0
BIOMD0000000739,Xa_Va_i_306_PT,[],1200.0
BIOMD0000000739,Xa_Va_i_306_506_PT,[],1200.0
BIOMD0000000740,alpha2_macroglobulin,[],300.0
BIOMD0000000740,alpha1_antitrypsin,[],300.0
BIOMD0000000740,alpha2_antiplasmin,[],300.0
BIOMD0000000740,heparin_cofactor2,[],300.0
BIOMD0000000740,ProteinC_Inhibitor,[],300.0
BIOMD0000000740,C1_inhibitor,[],300.0
BIOMD0000000740,ProteinS_inhibitor,[],300.0
BIOMD0000000740,Phospholipid,[],300.0
BIOMD0000000740,VIIa_TF,[],300.0
BIOMD0000000740,VII_TF,[],300.0
BIOMD0000000740,TF,[],300.0
BIOMD0000000740,VIIa,[],300.0
BIOMD0000000740,VII,[],300.0
BIOMD0000000740,IXa,[],300.0
BIOMD0000000740,IX,[],300.0
BIOMD0000000740,Xa,[],300.0
BIOMD0000000740,X,[],300.0
BIOMD0000000740,IIa,[],300.0
BIOMD0000000740,II,[],300.0
BIOMD0000000740,fibrin,[],300.0
BIOMD0000000740,fibrinogen,[],300.0
BIOMD0000000740,VIIIa,[],300.0
BIOMD0000000740,VIII,[],300.0
BIOMD0000000740,Va,[],300.0
BIOMD0000000740,V,[],300.0
BIOMD0000000740,XIa,[],300.0
BIOMD0000000740,XI,[],300.0
BIOMD0000000740,AT_III,[],300.0
BIOMD0000000740,TFPI,[],300.0
BIOMD0000000740,Xa_TFPI,[],300.0
BIOMD0000000740,APC,[],300.0
BIOMD0000000740,PC,[],300.0
BIOMD0000000743,M,[],1500.0
BIOMD0000000743,Tc,[],1500.0
BIOMD0000000743,N,[],1500.0
BIOMD0000000743,Tr,[],1500.0
BIOMD0000000744,x,[],150.0
BIOMD0000000744,y,[],150.0
BIOMD0000000744,z,[],150.0
BIOMD0000000744,w,[],150.0
BIOMD0000000744,v,[],150.0
BIOMD0000000745,T,[],7.0
BIOMD0000000745,I,[],7.0
BIOMD0000000745,V,[],7.0
BIOMD0000000745,N,[],7.0
BIOMD0000000745,H,[],7.0
BIOMD0000000746,C,[],2000.0000000000002
BIOMD0000000746,E,[],2000.0000000000002
BIOMD0000000746,B,[],2000.0000000000002
BIOMD0000000747,IX,[],1000.0000000000001
BIOMD0000000747,TF_VIIa_IX,[],1000.0000000000001
BIOMD0000000747,TF_VIIa,[],1000.0000000000001
BIOMD0000000747,IXa,[],1000.0000000000001
BIOMD0000000747,TF_VIIa_X,[],1000.0000000000001
BIOMD0000000747,X,[],1000.0000000000001
BIOMD0000000747,Xa,[],1000.0000000000001
BIOMD0000000747,VIII,[],1000.0000000000001
BIOMD0000000747,Xa_VIII,[],1000.0000000000001
BIOMD0000000747,VIIIa,[],1000.0000000000001
BIOMD0000000747,IIa,[],1000.0000000000001
BIOMD0000000747,IIa_VIII,[],1000.0000000000001
BIOMD0000000747,VIIIa_IXa,[],1000.0000000000001
BIOMD0000000747,VIIIa_IXa_X,[],1000.0000000000001
BIOMD0000000747,V,[],1000.0000000000001
BIOMD0000000747,Xa_V,[],1000.0000000000001
BIOMD0000000747,Va,[],1000.0000000000001
BIOMD0000000747,IIa_V,[],1000.0000000000001
BIOMD0000000747,Va_Xa,[],1000.0000000000001
BIOMD0000000747,II,[],1000.0000000000001
BIOMD0000000747,Va_Xa_II,[],1000.0000000000001
BIOMD0000000747,Fibrinogen,[],1000.0000000000001
BIOMD0000000747,Fibrinogen_IIa,[],1000.0000000000001
BIOMD0000000747,Fibrin,[],1000.0000000000001
BIOMD0000000747,VIIIa_inact,[],1000.0000000000001
BIOMD0000000747,IXa_inact,[],1000.0000000000001
BIOMD0000000747,Xa_inact,[],1000.0000000000001
BIOMD0000000747,IIa_inact,[],1000.0000000000001
BIOMD0000000747,Xa_Xa_Inhibitor,[],1000.0000000000001
BIOMD0000000747,Xa_Inhibitor,[],1000.0000000000001
BIOMD0000000747,Va_Xa_Xa_Inhibitor,[],1000.0000000000001
BIOMD0000000747,IIa_IIa_Inhibitor,[],1000.0000000000001
BIOMD0000000747,IIa_Inhibitor,[],1000.0000000000001
BIOMD0000000748,x,[0.02997],200.0
BIOMD0000000748,y,[0.034965],200.0
BIOMD0000000748,v,[0.034965],200.0
BIOMD0000000748,z,[],200.0
BIOMD0000000749,E,[],14.0
BIOMD0000000749,R,[],14.0
BIOMD0000000750,Tp,[],15.0
BIOMD0000000750,Tm,[],15.0
BIOMD0000000750,G,[],15.0
BIOMD0000000750,A,[],15.0
BIOMD0000000750,S,[],15.0
BIOMD0000000750,P,[],15.0
BIOMD0000000750,Nn,[],15.0
BIOMD0000000750,Na,[],15.0
BIOMD0000000751,C,[0.02997],1000.0000000000001
BIOMD0000000751,I,[],1000.0000000000001
BIOMD0000000752,C,[],1000.0000000000001
BIOMD0000000752,I,[0.028971],1000.0000000000001
BIOMD0000000752,R,[],1000.0000000000001
BIOMD0000000753,T,[],100.0
BIOMD0000000753,E,[],100.0
BIOMD0000000754,T,[0.00999],600.0
BIOMD0000000754,E,[0.00999],600.0
BIOMD0000000754,I,[0.00999],600.0
BIOMD0000000755,TF,[],900.0
BIOMD0000000755,X,[],900.0
BIOMD0000000755,Xa_Va,[],900.0
BIOMD0000000755,II,[],900.0
BIOMD0000000755,IIa,[],900.0
BIOMD0000000755,Xa_Va_II,[],900.0
BIOMD0000000755,mIIa,[],900.0
BIOMD0000000755,mIIa_ATIII,[],900.0
BIOMD0000000755,IIa_ATIII,[],900.0
BIOMD0000000756,T,[0.008325],600.0
BIOMD0000000756,E,[0.008325],600.0
BIOMD0000000756,I,[0.008325],600.0
BIOMD0000000756,S,[0.008325],600.0
BIOMD0000000757,Tumor,[],3500.0
BIOMD0000000757,CancerStemCell,[0.00057086],3500.0
BIOMD0000000757,CytotoxicTcell,[],3500.0
BIOMD0000000757,TGFb,[],3500.0
BIOMD0000000757,IFNy,[],3500.0
BIOMD0000000757,MHC1,[],3500.0
BIOMD0000000757,MHC2,[],3500.0
BIOMD0000000758,T,[],2000.0000000000002
BIOMD0000000758,I,"[0.0014985, 0.002997, 0.0044955, 0.005994]",2000.0000000000002
BIOMD0000000759,Tn,[],40.0
BIOMD0000000759,Ts,[],40.0
BIOMD0000000759,M1,[],40.0
BIOMD0000000759,M2,[],40.0
BIOMD0000000759,Th1,[],40.0
BIOMD0000000759,Th2,[],40.0
BIOMD0000000760,T,[],200.0
BIOMD0000000760,N,[],200.0
BIOMD0000000761,U,[],40.0
BIOMD0000000761,X,[],40.0
BIOMD0000000761,Y,[],40.0
BIOMD0000000761,M,[],40.0
BIOMD0000000761,P,[],40.0
BIOMD0000000761,Z,[],40.0
BIOMD0000000762,E,[],100.0
BIOMD0000000762,T,[],100.0
BIOMD0000000763,N_Tumour,"[0.05994, 0.11988, 0.17982]",100.0
BIOMD0000000763,T_H,"[0.05994, 0.11988, 0.17982]",100.0
BIOMD0000000763,T_C,[0.05994],100.0
BIOMD0000000764,U,[],5.0
BIOMD0000000764,I,[],5.0
BIOMD0000000764,V,[],5.0
BIOMD0000000764,C,[],5.0
BIOMD0000000765,C,[],24.0
BIOMD0000000765,A_T,[],24.0
BIOMD0000000765,R,[],24.0
BIOMD0000000765,RC,[],24.0
BIOMD0000000766,U,[],200.0
BIOMD0000000766,I,[],200.0
BIOMD0000000766,M,[],200.0
BIOMD0000000766,E,[],200.0
BIOMD0000000766,V,[],200.0
BIOMD0000000767,U,[],20.0
BIOMD0000000767,M,[],20.0
BIOMD0000000767,E,[],20.0
BIOMD0000000768,Th,[],30.0
BIOMD0000000768,T,[],30.0
BIOMD0000000768,Cs,[],30.0
BIOMD0000000768,Cp,[],30.0
BIOMD0000000768,C,[],30.0
BIOMD0000000769,T,[],30.0
BIOMD0000000769,H1,[0.0666],30.0
BIOMD0000000769,H2,[],30.0
BIOMD0000000769,M1,[],30.0
BIOMD0000000769,M2,[],30.0
BIOMD0000000770,H1,[0.05994],100.0
BIOMD0000000770,H2,[],100.0
BIOMD0000000770,M1,[],100.0
BIOMD0000000770,M2,[0.03996],100.0
BIOMD0000000771,y_Tumor_Cell,[],30.0
BIOMD0000000771,v_Virus,[],30.0
BIOMD0000000771,x_Infected_Cell,[],30.0
BIOMD0000000772,x,[],50.0
BIOMD0000000772,I,[],50.0
BIOMD0000000772,y,[],50.0
BIOMD0000000772,z,[],50.0
BIOMD0000000773,S,[],3000.0
BIOMD0000000773,T,[],3000.0
BIOMD0000000773,D,[],3000.0
BIOMD0000000774,S,[],10000.0
BIOMD0000000774,D,[],10000.0
BIOMD0000000775,G,[],500.00000000000006
BIOMD0000000775,C,[],500.00000000000006
BIOMD0000000775,N,[],500.00000000000006
BIOMD0000000775,Q,[],500.00000000000006
BIOMD0000000776,S,[],2000.0000000000002
BIOMD0000000776,R,[],2000.0000000000002
BIOMD0000000777,M_Tumor_Cells,[],60.0
BIOMD0000000777,N_CTL,[],60.0
BIOMD0000000777,Z_THL,[],60.0
BIOMD0000000778,T,[],10000.0
BIOMD0000000778,I,[0.0015984],10000.0
BIOMD0000000778,C,[0.0015984],10000.0
BIOMD0000000779,T_Tumour_Cells,[],200.0
BIOMD0000000779,N_Natural_Killer_Cells,[],200.0
BIOMD0000000779,L_CD8_T_Cells,[],200.0
BIOMD0000000779,C_Lymphocytes,[],200.0
BIOMD0000000779,M_Chemotherapy_Drug,[],200.0
BIOMD0000000779,I_IL_2,[],200.0
BIOMD0000000780,S,[],2500.0
BIOMD0000000780,N,[],2500.0
BIOMD0000000780,T,[],2500.0
BIOMD0000000780,M,[],2500.0
BIOMD0000000781,S,[],800.0
BIOMD0000000781,N,[],800.0
BIOMD0000000781,T,[],800.0
BIOMD0000000782,S,[],800.0
BIOMD0000000782,N,[],800.0
BIOMD0000000783,x_Tumor_Cells,[0.104895],1000.0000000000001
BIOMD0000000783,y_Effector_Cells,[0.104895],1000.0000000000001
BIOMD0000000783,z_Helper_T_Cells,[],1000.0000000000001
BIOMD0000000784,x_Tumor_Cells,[],30.0
BIOMD0000000784,y_Healthy_Cells,[],30.0
BIOMD0000000784,z_Effector_Cells,[],30.0
BIOMD0000000785,x_Malignant_Cells,[0.1221],180.0
BIOMD0000000785,y_Lymphocytes,"[0.0555, 0.11655]",180.0
BIOMD0000000786,IKK_neutral,[],385200.0
BIOMD0000000786,IKK_active,[],385200.0
BIOMD0000000786,IKK_inact,[],385200.0
BIOMD0000000786,IKKactive_IkB,[],385200.0
BIOMD0000000786,IkB,[],385200.0
BIOMD0000000786,IKKactive_IkB_NFKB,[],385200.0
BIOMD0000000786,IkB_NFKB,[],385200.0
BIOMD0000000786,NFKB,[],385200.0
BIOMD0000000786,NFKB_nuc,[],385200.0
BIOMD0000000786,IkB_nuc,"[3.631e-05, 7.521e-05, 0.00012449]",385200.0
BIOMD0000000786,IkB_NFKB_nuc,[],385200.0
BIOMD0000000786,IkB_mRNA,[],385200.0
BIOMD0000000786,A20_mRNA,[],385200.0
BIOMD0000000786,A20,[],385200.0
BIOMD0000000786,cgen_mRNA,[],385200.0
BIOMD0000000787,V_Tumor_Volume,[0.006993],1000.0000000000001
BIOMD0000000787,C_Cytotoxic_T_Lymphocytes_Coverage,"[0.006993, 0.013986]",1000.0000000000001
BIOMD0000000788,C_free,[],150.0
BIOMD0000000788,R_A,[],150.0
BIOMD0000000788,R_B,[],150.0
BIOMD0000000788,RC_A,[],150.0
BIOMD0000000788,RC_B,[],150.0
BIOMD0000000788,RC_AB,[],150.0
BIOMD0000000788,AP,[],150.0
BIOMD0000000788,AD,[],150.0
BIOMD0000000789,V,[],64.0
BIOMD0000000789,S,[],64.0
BIOMD0000000789,I,[],64.0
BIOMD0000000790,T_1,[],2000.0000000000002
BIOMD0000000790,T_2,[],2000.0000000000002
BIOMD0000000790,E_1_Innate,"[0.005994, 0.0154845]",2000.0000000000002
BIOMD0000000790,E_2_Adaptive,[],2000.0000000000002
BIOMD0000000791,T,[],30.0
BIOMD0000000791,B,[],30.0
BIOMD0000000791,E,[],30.0
BIOMD0000000791,R,[],30.0
BIOMD0000000791,V,[],30.0
BIOMD0000000792,x_PCC,[],500.00000000000006
BIOMD0000000792,y_PSC,[],500.00000000000006
BIOMD0000000792,z_Effector_Cells,[],500.00000000000006
BIOMD0000000792,w_TPC,[],500.00000000000006
BIOMD0000000792,v_TSC,[],500.00000000000006
BIOMD0000000792,R_siRNA,[],500.00000000000006
BIOMD0000000793,H,[],100.0
BIOMD0000000793,T,[],100.0
BIOMD0000000795,H,[],1000.0000000000001
BIOMD0000000795,T,[],1000.0000000000001
BIOMD0000000796,C,[],630.0
BIOMD0000000796,E,[],630.0
BIOMD0000000796,T,[],630.0
BIOMD0000000796,P,[],630.0
BIOMD0000000796,A,[],630.0
BIOMD0000000797,x_Tumor_Cells,[],100.0
BIOMD0000000797,y_CD4_T_Cells,[],100.0
BIOMD0000000797,z_Cytokine,[],100.0
BIOMD0000000797,w_Healthy_Tissue,[],100.0
BIOMD0000000798,S,[],50.0
BIOMD0000000798,A,[],50.0
BIOMD0000000798,D,[],50.0
BIOMD0000000798,L,[],50.0
BIOMD0000000798,T,[],50.0
BIOMD0000000799,x_Normal_Hematopoietic_Stem_Cell,[],100.0
BIOMD0000000799,y_Leukemic_Cell,[],100.0
BIOMD0000000800,x,[],800.0
BIOMD0000000800,y,[],800.0
BIOMD0000000800,z,[],800.0
BIOMD0000000801,T,[],3300.0
BIOMD0000000801,B,[],3300.0
BIOMD0000000801,I,[],3300.0
BIOMD0000000801,S,[],3300.0
BIOMD0000000802,A,[],10.0
BIOMD0000000802,R,[],10.0
BIOMD0000000802,S,[],10.0
BIOMD0000000802,C,[],10.0
BIOMD0000000804,C,[],100.0
BIOMD0000000804,B,[],100.0
BIOMD0000000804,T,[],100.0
BIOMD0000000805,Hi,[],10.0
BIOMD0000000805,He,[],10.0
BIOMD0000000805,Li,[],10.0
BIOMD0000000805,Le,[],10.0
BIOMD0000000806,UnInfected_Tumour_Cells_Xu,[],22.0
BIOMD0000000806,Infected_Tumour_Cells_Xi,[0.31786364],22.0
BIOMD0000000806,Virus_Xv,[0.31786364],22.0
BIOMD0000000806,Effector_Cytotoxic_CD8_TCells__Xe,[],22.0
BIOMD0000000806,M1_Macrophage_Xm1,[],22.0
BIOMD0000000806,M2_Macrophage_Xm2,[],22.0
BIOMD0000000807,normalized_normal_cell_n,[],40000.0
BIOMD0000000807,normalized_pre_cancer_cell_g,[],40000.0
BIOMD0000000807,normalized_cancer_cell_a,[],40000.0
BIOMD0000000808,T,[],17280.0
BIOMD0000000808,C,[0.00069375],17280.0
BIOMD0000000808,F_beta,[],17280.0
BIOMD0000000808,F_gamma,[0.00069375],17280.0
BIOMD0000000808,M1,[],17280.0
BIOMD0000000808,M2,[],17280.0
BIOMD0000000809,x,[],10.0
BIOMD0000000809,y,[],10.0
BIOMD0000000809,u,[],10.0
BIOMD0000000809,ystar,[],10.0
BIOMD0000000809,R,[],10.0
BIOMD0000000810,Cancer_Stem_Cells_S,[],50.0
BIOMD0000000810,Cancer_Cells_C,[],50.0
BIOMD0000000810,Resistant_Stem_Cells_S_R,[],50.0
BIOMD0000000810,Resistant_Cancer_Cells_C_R,[],50.0
BIOMD0000000810,M1_Tumor_Associated_Macrophages,[],50.0
BIOMD0000000810,M2_Tumor_Associated_Macrophages,[],50.0
BIOMD0000000810,Type_I_T_helper_Cell_T_H1,[],50.0
BIOMD0000000810,Type_II_T_helper_cells_T_H2,[],50.0
BIOMD0000000810,Cytotoxic_T_Cells_T_C,[0.07992],50.0
BIOMD0000000810,Regulatory_T_Cells_T_reg,[],50.0
BIOMD0000000810,Interferon_gamma,[],50.0
BIOMD0000000810,Cytokine_IL10,[],50.0
BIOMD0000000810,Cytokine_IL2,[],50.0
BIOMD0000000811,C_PCC,[],600.0
BIOMD0000000811,P_PSC,[],600.0
BIOMD0000000811,E_CD8,[],600.0
BIOMD0000000811,N_Killer,[],600.0
BIOMD0000000811,H_T_Helper,[],600.0
BIOMD0000000811,R_T_Regulatory,[],600.0
BIOMD0000000812,X_Complex,[],12.0
BIOMD0000000812,P_Perforin,[],12.0
BIOMD0000000812,C_Cancer_Uncomplexed,[],12.0
BIOMD0000000812,T_ast,[],12.0
BIOMD0000000813,x_Tumor_Cells,[],500.00000000000006
BIOMD0000000813,y_CD4_T_Cells,[],500.00000000000006
BIOMD0000000813,z_Cytokine,[],500.00000000000006
BIOMD0000000814,Drug_Concentration_C,[],1022.0
BIOMD0000000814,Tumor_Cell_Population_P,[],1022.0
BIOMD0000000814,Damaged_Tumor_Cells_D,[],1022.0
BIOMD0000000815,x_Cancer,[],300.0
BIOMD0000000815,y_Immune_System,[],300.0
BIOMD0000000816,Uninfected_Tumor_Cell_U,[],30.0
BIOMD0000000816,Infected_Cancer_Cell_I,[],30.0
BIOMD0000000816,Oncolytic_Adenovirus_V,[],30.0
BIOMD0000000816,Tumor_targeting_T_cells_T,[],30.0
BIOMD0000000816,Naive_T_cells_A,[],30.0
BIOMD0000000816,Dendritic_Cells_D,[],30.0
BIOMD0000000817,Uninfected_Tumor_Cell_U,[],30.0
BIOMD0000000817,Infected_Cancer_Cell_I,[],30.0
BIOMD0000000817,Oncolytic_Adenovirus_V,[],30.0
BIOMD0000000817,Tumor_targeting_T_cells_T,[],30.0
BIOMD0000000817,Naive_T_cells_A,[],30.0
BIOMD0000000817,Dendritic_Cells_D,[],30.0
BIOMD0000000818,Myc,[],15.0
BIOMD0000000818,AKT,[0.1998],15.0
BIOMD0000000818,AKTp,[0.1998],15.0
BIOMD0000000818,PI3K,[0.1998],15.0
BIOMD0000000818,GSK3B,[0.1998],15.0
BIOMD0000000818,GSK3Bp,[0.1998],15.0
BIOMD0000000818,ERK,[],15.0
BIOMD0000000818,Myc_ser62,[],15.0
BIOMD0000000818,Myc_thr58,[0.1998],15.0
BIOMD0000000818,GF,[],15.0
BIOMD0000000819,Cancer_Stem_Cell_S,[],140.0
BIOMD0000000819,IL_6__Cell_bound_IL_6R_complex_on_S,[],140.0
BIOMD0000000819,Progenitor_tumor_cell_E,[],140.0
BIOMD0000000819,Differentiated_tumor_cell_D,[],140.0
BIOMD0000000819,IL_6__Cell_bound_IL_6R_complex_on_E,[],140.0
BIOMD0000000819,IL_6__Cell_bound_IL_6R_complex_on_D,[],140.0
BIOMD0000000819,IL_6__L,[],140.0
BIOMD0000000819,IL_6R_on_S,[],140.0
BIOMD0000000819,IL_6R_on_E,[],140.0
BIOMD0000000819,IL_6R_on_D,[],140.0
BIOMD0000000820,tumor_at_Exp_Lin_growth,[],20.0
BIOMD0000000820,tumor_at_Gen__logistic_growth,[],20.0
BIOMD0000000820,tumor_at_Gomp__growth,[],20.0
BIOMD0000000820,tumor_at_Power_growth,[],20.0
BIOMD0000000820,tumor_at_Von_Bert__growth,[],20.0
BIOMD0000000820,tumor_at_Exp_growth,[],20.0
BIOMD0000000820,tumor_at_Logistic_growth,[],20.0
BIOMD0000000821,tumor_volume_x_1,[],120.0
BIOMD0000000821,endothelial_volume_x_2,[],120.0
BIOMD0000000821,concentration_of_administrated_inhibitor_x_3,[],120.0
BIOMD0000000822,Cytosolic_Rapamycin,[],2500.0
BIOMD0000000822,mTOR,[],2500.0
BIOMD0000000822,Raptor,[],2500.0
BIOMD0000000822,Rictor,[],2500.0
BIOMD0000000822,mTORC1,[],2500.0
BIOMD0000000822,mTORC2,[],2500.0
BIOMD0000000822,mTOR_Rapamycin,[],2500.0
BIOMD0000000822,mTORC1_Rapamycin,[],2500.0
BIOMD0000000823,IR,[],3600.0
BIOMD0000000823,pIR,[],3600.0
BIOMD0000000823,IRS,[0.0036075],3600.0
BIOMD0000000823,pIRS,[0.003885],3600.0
BIOMD0000000823,iIRS,[0.0036075],3600.0
BIOMD0000000823,Akt,[0.003885],3600.0
BIOMD0000000823,pAkt,[0.003885],3600.0
BIOMD0000000823,mTORC1,[0.003885],3600.0
BIOMD0000000823,pmTORC1,[0.003885],3600.0
BIOMD0000000823,mTORC2,[0.003885],3600.0
BIOMD0000000823,pmTORC2,[0.003885],3600.0
BIOMD0000000823,imTORC2,[],3600.0
BIOMD0000000823,mTORC1_DEPTOR,[0.003885],3600.0
BIOMD0000000823,mTORC2_DEPTOR,[0.003885],3600.0
BIOMD0000000823,DEPTOR,[0.003885],3600.0
BIOMD0000000823,pDEPTOR,[0.003885],3600.0
BIOMD0000000824,N,[],200.0
BIOMD0000000825,Resistant_tumor_R,[],90.0
BIOMD0000000825,Sensitive_tumor_S,[],90.0
BIOMD0000000826,pEGFR,[],1440.0
BIOMD0000000826,EGFRub,[],1440.0
BIOMD0000000826,PYK2m,[],1440.0
BIOMD0000000826,PYK2,[],1440.0
BIOMD0000000826,pPYK2,[],1440.0
BIOMD0000000826,pSTAT3,[],1440.0
BIOMD0000000826,cMETm,[],1440.0
BIOMD0000000826,cMET,[],1440.0
BIOMD0000000826,pcMET,[],1440.0
BIOMD0000000826,pCbl,[],1440.0
BIOMD0000000826,aPTP,[],1440.0
BIOMD0000000826,pERK,[],1440.0
BIOMD0000000826,STAT3uStattic,[],1440.0
BIOMD0000000827,X_1_EGFR,[],200.0
BIOMD0000000827,X_4_EGFR_EGFR,[],200.0
BIOMD0000000827,X_2_ErbB3,[],200.0
BIOMD0000000827,X_6_ErbB3_ErbB3,[],200.0
BIOMD0000000827,X_5_EGFR_ErbB3,[],200.0
BIOMD0000000827,X_3_MET,[],200.0
BIOMD0000000827,X_7_MET_MET,[],200.0
BIOMD0000000827,X_10_p_MET_MET,[],200.0
BIOMD0000000827,X_8_p_EGFR_ErbB3,[],200.0
BIOMD0000000827,X_9_p_ErbB3_ErbB3,[],200.0
BIOMD0000000828,Glucose_G,[],120.0
BIOMD0000000828,Drug_D,[],120.0
BIOMD0000000828,miR_451_M,[],120.0
BIOMD0000000828,AMPK_A,[],120.0
BIOMD0000000828,mTOR_R,[],120.0
BIOMD0000000829,Glucose_G,[],160.0
BIOMD0000000829,Drug_D,[],160.0
BIOMD0000000829,miR_451_M,[],160.0
BIOMD0000000829,AMPK_A,[],160.0
BIOMD0000000829,mTOR_R,[],160.0
BIOMD0000000829,Cdh1,"[0.0624375, 0.08116875]",160.0
BIOMD0000000829,CycB,"[0.0624375, 0.08116875]",160.0
BIOMD0000000829,p55cdc_T,[0.08116875],160.0
BIOMD0000000829,mass,[],160.0
BIOMD0000000829,p55cdc_A,[],160.0
BIOMD0000000829,Plk1,[],160.0
BIOMD0000000830,s1,[],70.0
BIOMD0000000830,s2,[],70.0
BIOMD0000000830,s3,[],70.0
BIOMD0000000830,s4,[],70.0
BIOMD0000000830,release,[],70.0
BIOMD0000000830,shedding,[],70.0
BIOMD0000000831,R,"[0.2997, 0.54945]",20.0
BIOMD0000000831,L,[0.2997],20.0
BIOMD0000000831,T,[0.2997],20.0
BIOMD0000000832,Akt,[],120.0
BIOMD0000000832,RASSF1A,[],120.0
BIOMD0000000832,MST2,[],120.0
BIOMD0000000832,dMST2,[],120.0
BIOMD0000000832,aMST2,[],120.0
BIOMD0000000832,aMST2uRASSF1A,[],120.0
BIOMD0000000832,MST2uRASSF1A,[],120.0
BIOMD0000000832,iMST2,[],120.0
BIOMD0000000832,iRaf1uiMST2,[],120.0
BIOMD0000000832,aLATS1,[],120.0
BIOMD0000000832,LATS1,[],120.0
BIOMD0000000832,iRaf1,[],120.0
BIOMD0000000832,Raf1,[],120.0
BIOMD0000000832,aRaf1,[],120.0
BIOMD0000000832,ipRaf1,[],120.0
BIOMD0000000832,RasGDP,[],120.0
BIOMD0000000832,RasGTP,[],120.0
BIOMD0000000832,ERK,[],120.0
BIOMD0000000832,ppERK,[],120.0
BIOMD0000000832,pAkt,[],120.0
BIOMD0000000833,S1,[],60.0
BIOMD0000000833,S2,[],60.0
BIOMD0000000833,S3,[],60.0
BIOMD0000000833,S4,[],60.0
BIOMD0000000833,S5,[],60.0
BIOMD0000000833,S6,[],60.0
BIOMD0000000833,S7,[],60.0
BIOMD0000000833,S8,[],60.0
BIOMD0000000833,S9,[],60.0
BIOMD0000000833,S10,[],60.0
BIOMD0000000833,S11,[],60.0
BIOMD0000000833,S12,[],60.0
BIOMD0000000833,S13,[],60.0
BIOMD0000000833,S14,[],60.0
BIOMD0000000833,S15,[],60.0
BIOMD0000000833,S16,[],60.0
BIOMD0000000833,S17,[],60.0
BIOMD0000000833,S18,[],60.0
BIOMD0000000833,S19,[],60.0
BIOMD0000000833,S20,[],60.0
BIOMD0000000833,S21,[],60.0
BIOMD0000000833,S22,[],60.0
BIOMD0000000833,S23,[],60.0
BIOMD0000000833,S24,[],60.0
BIOMD0000000833,S25,[],60.0
BIOMD0000000833,S26,[],60.0
BIOMD0000000833,S27,[],60.0
BIOMD0000000833,S28,[],60.0
BIOMD0000000833,S29,[],60.0
BIOMD0000000833,S30,[],60.0
BIOMD0000000833,S31,[],60.0
BIOMD0000000833,S32,[],60.0
BIOMD0000000833,S33,[],60.0
BIOMD0000000833,S34,[],60.0
BIOMD0000000833,S35,[],60.0
BIOMD0000000833,S36,[],60.0
BIOMD0000000833,S37,[],60.0
BIOMD0000000833,S38,[],60.0
BIOMD0000000833,S39,[],60.0
BIOMD0000000833,S40,[],60.0
BIOMD0000000833,S41,[],60.0
BIOMD0000000833,S42,[],60.0
BIOMD0000000833,S43,[],60.0
BIOMD0000000833,S44,[],60.0
BIOMD0000000833,S45,[],60.0
BIOMD0000000833,S46,[],60.0
BIOMD0000000833,S47,[],60.0
BIOMD0000000833,S48,[],60.0
BIOMD0000000833,S49,[],60.0
BIOMD0000000833,S50,[],60.0
BIOMD0000000833,S51,[],60.0
BIOMD0000000833,S52,[],60.0
BIOMD0000000833,S53,[],60.0
BIOMD0000000833,S54,[],60.0
BIOMD0000000833,S55,[],60.0
BIOMD0000000833,S56,[],60.0
BIOMD0000000833,S57,[],60.0
BIOMD0000000833,S58,[],60.0
BIOMD0000000833,S59,[],60.0
BIOMD0000000833,S60,[],60.0
BIOMD0000000833,S61,[],60.0
BIOMD0000000834,CaI_1,"[0.01141714, 0.02426143]",700.0
BIOMD0000000834,g_1,[0.01141714],700.0
BIOMD0000000834,IP3_1,"[0.01284429, 0.02426143]",700.0
BIOMD0000000834,r_1,[],700.0
BIOMD0000000834,CaT_1,"[0.01141714, 0.02426143]",700.0
BIOMD0000000834,g_2,[0.01141714],700.0
BIOMD0000000834,r_2,[],700.0
BIOMD0000000834,CaI_2,"[0.01141714, 0.02426143]",700.0
BIOMD0000000834,IP3_2,"[0.01284429, 0.02426143]",700.0
BIOMD0000000834,CaT_2,"[0.01141714, 0.02426143]",700.0
BIOMD0000000834,CaI_3,"[0.01141714, 0.02426143]",700.0
BIOMD0000000834,IP3_3,"[0.01284429, 0.02426143]",700.0
BIOMD0000000834,g_3,[],700.0
BIOMD0000000834,r_3,[],700.0
BIOMD0000000834,CaT_3,"[0.01141714, 0.02426143]",700.0
BIOMD0000000834,CaI_4,"[0.01284429, 0.02426143]",700.0
BIOMD0000000834,IP3_4,"[0.01284429, 0.02426143]",700.0
BIOMD0000000834,r_4,[],700.0
BIOMD0000000834,g_4,[],700.0
BIOMD0000000834,CaT_4,"[0.01284429, 0.02426143]",700.0
BIOMD0000000834,r_5,[],700.0
BIOMD0000000834,IP3_5,"[0.01284429, 0.02426143]",700.0
BIOMD0000000834,g_5,[],700.0
BIOMD0000000834,CaI_5,"[0.01284429, 0.02426143]",700.0
BIOMD0000000834,CaT_5,"[0.01284429, 0.02426143]",700.0
BIOMD0000000834,CaI_6,"[0.01141714, 0.02426143]",700.0
BIOMD0000000834,g_6,[],700.0
BIOMD0000000834,r_6,[],700.0
BIOMD0000000834,IP3_6,"[0.01284429, 0.02426143]",700.0
BIOMD0000000834,CaT_6,"[0.01141714, 0.02426143]",700.0
BIOMD0000000834,CaI_7,"[0.01141714, 0.02426143]",700.0
BIOMD0000000834,g_7,[0.01141714],700.0
BIOMD0000000834,r_7,[],700.0
BIOMD0000000834,IP3_7,"[0.01284429, 0.02426143]",700.0
BIOMD0000000834,CaT_7,"[0.01141714, 0.02426143]",700.0
BIOMD0000000834,r_8,[],700.0
BIOMD0000000834,IP3_8,"[0.01284429, 0.02426143]",700.0
BIOMD0000000834,g_8,[0.01141714],700.0
BIOMD0000000834,CaI_8,"[0.01141714, 0.02426143]",700.0
BIOMD0000000834,CaT_8,"[0.01141714, 0.02426143]",700.0
BIOMD0000000834,IP3_9,"[0.01284429, 0.02426143]",700.0
BIOMD0000000834,CaI_9,"[0.01141714, 0.02426143]",700.0
BIOMD0000000834,r_9,[],700.0
BIOMD0000000834,g_9,[0.01141714],700.0
BIOMD0000000834,CaT_9,"[0.01141714, 0.02426143]",700.0
BIOMD0000000834,r_10,[],700.0
BIOMD0000000834,IP3_10,"[0.01284429, 0.02426143]",700.0
BIOMD0000000834,g_10,[0.01141714],700.0
BIOMD0000000834,CaI_10,"[0.01141714, 0.02426143]",700.0
BIOMD0000000834,CaT_10,"[0.01141714, 0.02426143]",700.0
BIOMD0000000834,IP3_11,"[0.01141714, 0.02426143]",700.0
BIOMD0000000834,g_11,[0.01141714],700.0
BIOMD0000000834,CaI_11,"[0.01141714, 0.02426143]",700.0
BIOMD0000000834,r_11,[],700.0
BIOMD0000000834,IP3_12,"[0.01141714, 0.02426143]",700.0
BIOMD0000000834,g_12,[0.01141714],700.0
BIOMD0000000834,CaI_12,"[0.01141714, 0.02426143]",700.0
BIOMD0000000834,r_12,[],700.0
BIOMD0000000834,IP3_13,"[0.01141714, 0.02426143]",700.0
BIOMD0000000834,g_13,[0.01141714],700.0
BIOMD0000000834,CaI_13,"[0.01141714, 0.02426143]",700.0
BIOMD0000000834,r_13,[],700.0
BIOMD0000000834,IP3_14,[0.01141714],700.0
BIOMD0000000834,g_14,[0.01141714],700.0
BIOMD0000000834,CaI_14,"[0.01141714, 0.02426143]",700.0
BIOMD0000000834,r_14,[],700.0
BIOMD0000000834,IP3_15,[0.01141714],700.0
BIOMD0000000834,g_15,[0.01141714],700.0
BIOMD0000000834,CaI_15,"[0.01141714, 0.02426143]",700.0
BIOMD0000000834,r_15,[],700.0
BIOMD0000000834,CaT_11,"[0.01141714, 0.02426143]",700.0
BIOMD0000000834,CaT_12,"[0.01141714, 0.02426143]",700.0
BIOMD0000000834,CaT_13,"[0.01141714, 0.02426143]",700.0
BIOMD0000000834,CaT_14,"[0.01141714, 0.02426143]",700.0
BIOMD0000000834,CaT_15,"[0.01141714, 0.02426143]",700.0
BIOMD0000000835,C16AcylCarCYT,[],25.0
BIOMD0000000835,C14AcylCarCYT,[],25.0
BIOMD0000000835,C12AcylCarCYT,[],25.0
BIOMD0000000835,C10AcylCarCYT,[],25.0
BIOMD0000000835,C8AcylCarCYT,[],25.0
BIOMD0000000835,C6AcylCarCYT,[],25.0
BIOMD0000000835,C4AcylCarCYT,[],25.0
BIOMD0000000835,C16AcylCarMAT,[],25.0
BIOMD0000000835,C16AcylCoAMAT,[],25.0
BIOMD0000000835,C16EnoylCoAMAT,[],25.0
BIOMD0000000835,C14AcylCarMAT,[],25.0
BIOMD0000000835,C14AcylCoAMAT,[],25.0
BIOMD0000000835,C14EnoylCoAMAT,[],25.0
BIOMD0000000835,C12AcylCarMAT,[],25.0
BIOMD0000000835,C12AcylCoAMAT,[],25.0
BIOMD0000000835,C12EnoylCoAMAT,[],25.0
BIOMD0000000835,C10AcylCarMAT,[],25.0
BIOMD0000000835,C10AcylCoAMAT,[],25.0
BIOMD0000000835,C10EnoylCoAMAT,[],25.0
BIOMD0000000835,C8AcylCarMAT,[],25.0
BIOMD0000000835,C8AcylCoAMAT,[],25.0
BIOMD0000000835,C8EnoylCoAMAT,[],25.0
BIOMD0000000835,C6AcylCarMAT,[],25.0
BIOMD0000000835,C6AcylCoAMAT,[],25.0
BIOMD0000000835,C6EnoylCoAMAT,[],25.0
BIOMD0000000835,C6KetoacylCoAMAT,[],25.0
BIOMD0000000835,C4AcylCarMAT,[],25.0
BIOMD0000000835,C4AcylCoAMAT,[],25.0
BIOMD0000000835,C4EnoylCoAMAT,[],25.0
BIOMD0000000835,C4AcetoacylCoAMAT,[],25.0
BIOMD0000000835,AcetylCoAMAT,[],25.0
BIOMD0000000836,S,[],2.0
BIOMD0000000836,P,[],2.0
BIOMD0000000837,C_m,[],720.0
BIOMD0000000837,C_e,[],720.0
BIOMD0000000837,H_m,[],720.0
BIOMD0000000837,H_e,[],720.0
BIOMD0000000837,L,[],720.0
BIOMD0000000837,Inflam,[],720.0
BIOMD0000000837,B,[],720.0
BIOMD0000000837,D,[],720.0
BIOMD0000000838,A,[],1000.0000000000001
BIOMD0000000838,T,[],1000.0000000000001
BIOMD0000000838,M,[],1000.0000000000001
BIOMD0000000839,BMAL1,"[0.051948, 0.0999]",250.00000000000003
BIOMD0000000839,ROR,[0.051948],250.00000000000003
BIOMD0000000839,REV,[0.051948],250.00000000000003
BIOMD0000000839,DBP,[0.051948],250.00000000000003
BIOMD0000000839,E4BP4,[0.051948],250.00000000000003
BIOMD0000000839,CRY,[0.051948],250.00000000000003
BIOMD0000000839,PER,[0.051948],250.00000000000003
BIOMD0000000839,PERCRY,[0.051948],250.00000000000003
BIOMD0000000840,M,[],250.00000000000003
BIOMD0000000840,C1,[],250.00000000000003
BIOMD0000000840,C2,[],250.00000000000003
BIOMD0000000840,A,[],250.00000000000003
BIOMD0000000840,T,[],250.00000000000003
BIOMD0000000842,HR,[],90.0
BIOMD0000000842,G,[],90.0
BIOMD0000000842,ERK,[],90.0
BIOMD0000000842,PIP2,[],90.0
BIOMD0000000842,DAG,[],90.0
BIOMD0000000842,PKC,[],90.0
BIOMD0000000842,PKC_a,[],90.0
BIOMD0000000842,GpERK,[],90.0
BIOMD0000000842,bpERK,[],90.0
BIOMD0000000842,barr1,[],90.0
BIOMD0000000842,barr2,[],90.0
BIOMD0000000842,G_a,[],90.0
BIOMD0000000842,HRP1,[],90.0
BIOMD0000000842,Hbarr1RP1,[],90.0
BIOMD0000000842,Hbarr2RP1,[],90.0
BIOMD0000000842,HRP2,[],90.0
BIOMD0000000842,HRbarr2,[],90.0
BIOMD0000000842,Hbarr2RP2,[],90.0
BIOMD0000000842,GRK2_3,[],90.0
BIOMD0000000842,GRK5_6,[],90.0
BIOMD0000000843,HSP,[],100.0
BIOMD0000000843,HSF,[],100.0
BIOMD0000000843,S,[],100.0
BIOMD0000000843,HSP_HSF,[],100.0
BIOMD0000000843,HSP_S,[],100.0
BIOMD0000000843,HSF_3,[],100.0
BIOMD0000000843,HSE,[],100.0
BIOMD0000000843,HSE_HSF_3,[],100.0
BIOMD0000000843,P,[],100.0
BIOMD0000000843,mRNA,[],100.0
BIOMD0000000844,V,[0.0014985],2000.0000000000002
BIOMD0000000844,Ca,[0.0014985],2000.0000000000002
BIOMD0000000844,nK,[0.0014985],2000.0000000000002
BIOMD0000000844,hNaP,[0.0014985],2000.0000000000002
BIOMD0000000844,hH,[0.0014985],2000.0000000000002
BIOMD0000000844,mLVA,[0.0014985],2000.0000000000002
BIOMD0000000844,hLVA,[0.0014985],2000.0000000000002
BIOMD0000000844,mBK,[0.0014985],2000.0000000000002
BIOMD0000000844,nHVK,[0.0014985],2000.0000000000002
BIOMD0000000845,S,"[0.014985, 0.023976, 0.027972, 0.030969, 0.034965, 0.042957, 0.047952]",1000.0000000000001
BIOMD0000000845,I,"[0.014985, 0.023976, 0.026973, 0.030969, 0.034965, 0.040959, 0.042957, 0.047952, 0.060939, 0.067932, 0.075924, 0.085914, 0.094905]",1000.0000000000001
BIOMD0000000845,V_L,"[0.014985, 0.023976, 0.030969]",1000.0000000000001
BIOMD0000000846,S,[0.00999],500.00000000000006
BIOMD0000000846,C,[],500.00000000000006
BIOMD0000000846,V_C,[],500.00000000000006
BIOMD0000000848,T,[],30.0
BIOMD0000000848,I,[],30.0
BIOMD0000000848,F_1,[],30.0
BIOMD0000000848,F_2,[],30.0
BIOMD0000000848,N,[],30.0
BIOMD0000000848,E,[],30.0
BIOMD0000000848,R,[],30.0
BIOMD0000000848,V,[],30.0
BIOMD0000000848,A,[],30.0
BIOMD0000000849,K_ECF,[0.03996],200.0
BIOMD0000000849,K_ICF,[0.03996],200.0
BIOMD0000000849,K_urin,[],200.0
BIOMD0000000849,K_tiss,[],200.0
BIOMD0000000849,K_sal,[0.03996],200.0
BIOMD0000000849,met_act,"[0.03996, 0.084915, 0.124875, 0.164835]",200.0
BIOMD0000000849,K_milk,[],200.0
BIOMD0000000849,K_git,[0.03996],200.0
BIOMD0000000849,Gluc_b,"[0.03996, 0.084915, 0.124875]",200.0
BIOMD0000000849,ins_b,"[0.03996, 0.084915]",200.0
BIOMD0000000849,Gluc_stor,[0.03996],200.0
BIOMD0000000849,Gluc_prod,[0.03996],200.0
BIOMD0000000849,s24,[],200.0
BIOMD0000000850,U,[],1000.0000000000001
BIOMD0000000850,I,[],1000.0000000000001
BIOMD0000000850,V,[],1000.0000000000001
BIOMD0000000851,S,[],10.0
BIOMD0000000851,V,[],10.0
BIOMD0000000851,V_e,[],10.0
BIOMD0000000851,I,[],10.0
BIOMD0000000851,R,[],10.0
BIOMD0000000852,x0,[],29200.0
BIOMD0000000852,x1,[],29200.0
BIOMD0000000852,y0,[],29200.0
BIOMD0000000852,y1,[],29200.0
BIOMD0000000852,a,[],29200.0
BIOMD0000000852,s,[],29200.0
BIOMD0000000853,PP,[],300.0
BIOMD0000000853,NP,[],300.0
BIOMD0000000853,STAB,[],300.0
BIOMD0000000853,UPS,[],300.0
BIOMD0000000853,EP1,[],300.0
BIOMD0000000853,EP2,[],300.0
BIOMD0000000853,ED,[],300.0
BIOMD0000000853,LP,[],300.0
BIOMD0000000853,BAS,[],300.0
BIOMD0000000854,Ac,[],30.0
BIOMD0000000854,Pc,[],30.0
BIOMD0000000854,Ap,[],30.0
BIOMD0000000854,Pp,[],30.0
BIOMD0000000855,P,[],20.0
BIOMD0000000855,Pt,[],20.0
BIOMD0000000855,M,[],20.0
BIOMD0000000855,N,[],20.0
BIOMD0000000856,TM,"[0.0041625, 0.0069375, 0.0111]",720.0
BIOMD0000000856,GITM,"[0.0041625, 0.0069375, 0.0111]",720.0
BIOMD0000000856,GDTM,[],720.0
BIOMD0000000856,CLN3,"[0.0041625, 0.0069375]",720.0
BIOMD0000000856,WHI,[0.0041625],720.0
BIOMD0000000856,WHIp,[0.0041625],720.0
BIOMD0000000856,WHISBF,[0.0041625],720.0
BIOMD0000000856,WHIn,"[0.0041625, 0.0069375]",720.0
BIOMD0000000856,SBFu,"[0.002775, 0.0069375]",720.0
BIOMD0000000856,SBFp,"[0.0041625, 0.0069375]",720.0
BIOMD0000000856,CLN,"[0.0041625, 0.0069375]",720.0
BIOMD0000000856,CLB,"[0.0041625, 0.0069375]",720.0
BIOMD0000000856,CDHa,"[0.0041625, 0.0069375]",720.0
BIOMD0000000856,CDHi,"[0.0041625, 0.0069375]",720.0
BIOMD0000000856,CDCa,"[0.0041625, 0.0069375, 0.0111, 0.013875, 0.0180375, 0.0222, 0.024975, 0.0291375, 0.0319125, 0.036075]",720.0
BIOMD0000000856,CDCi,"[0.0041625, 0.0069375, 0.0111, 0.013875, 0.0180375, 0.0222, 0.024975, 0.0291375, 0.0319125, 0.036075]",720.0
BIOMD0000000856,CLN3WHISBF,"[0.0041625, 0.0069375]",720.0
BIOMD0000000856,WHIpSBF,"[0.0041625, 0.0069375]",720.0
BIOMD0000000856,mV,[0.0041625],720.0
BIOMD0000000856,dV,"[0.0041625, 0.0069375]",720.0
BIOMD0000000857,sucr,[],200.0
BIOMD0000000857,EtrioseP,[],200.0
BIOMD0000000857,Ephe,[],200.0
BIOMD0000000857,N,[],200.0
BIOMD0000000857,starch,[],200.0
BIOMD0000000857,Next,[],200.0
BIOMD0000000857,Enitrate,[],200.0
BIOMD0000000857,trioseP,[],200.0
BIOMD0000000857,Estarch,[],200.0
BIOMD0000000858,sucr,"[0.041625, 0.08325, 0.124875, 0.1665, 0.208125, 0.24975, 0.291375, 0.333, 0.374625, 0.457875]",72.0
BIOMD0000000858,EtrioseP,[0.041625],72.0
BIOMD0000000858,Ephe,[],72.0
BIOMD0000000858,N,[],72.0
BIOMD0000000858,starch,[0.041625],72.0
BIOMD0000000858,Enitrate,[],72.0
BIOMD0000000858,trioseP,[0.041625],72.0
BIOMD0000000858,Estarch,[0.041625],72.0
BIOMD0000000859,sucr,"[0.08325, 0.124875, 0.1665, 0.208125, 0.24975, 0.291375, 0.333, 0.374625, 0.41625]",48.0
BIOMD0000000859,EtrioseP,"[0.041625, 0.08325]",48.0
BIOMD0000000859,Ephe,"[0.041625, 0.08325]",48.0
BIOMD0000000859,N,[],48.0
BIOMD0000000859,starch,[0.041625],48.0
BIOMD0000000859,Enitrate,[],48.0
BIOMD0000000859,trioseP,"[0.041625, 0.08325, 0.124875, 0.1665, 0.208125]",48.0
BIOMD0000000859,ECO2,[0.041625],48.0
BIOMD0000000859,Estarch,"[0.041625, 0.08325]",48.0
BIOMD0000000859,ETP,[0.041625],48.0
BIOMD0000000859,M1,"[0.041625, 0.08325]",48.0
BIOMD0000000859,M2,"[0.041625, 0.08325]",48.0
BIOMD0000000860,miR,[],14400.0
BIOMD0000000860,TF1,[],14400.0
BIOMD0000000860,TF1target_mRNA,[],14400.0
BIOMD0000000861,EpoRJAK2,[],60.0
BIOMD0000000861,EpoRpJAK2,[],60.0
BIOMD0000000861,p1EpoRpJAK2,[],60.0
BIOMD0000000861,p2EpoRpJAK2,[],60.0
BIOMD0000000861,p12EpoRpJAK2,[],60.0
BIOMD0000000861,EpoRJAK2_CIS,[],60.0
BIOMD0000000861,SHP1,[],60.0
BIOMD0000000861,SHP1Act,[],60.0
BIOMD0000000861,STAT5,[],60.0
BIOMD0000000861,pSTAT5,[],60.0
BIOMD0000000861,npSTAT5,[],60.0
BIOMD0000000861,CISnRNA1,[],60.0
BIOMD0000000861,CISnRNA2,[],60.0
BIOMD0000000861,CISnRNA3,[],60.0
BIOMD0000000861,CISnRNA4,[],60.0
BIOMD0000000861,CISnRNA5,[],60.0
BIOMD0000000861,CISRNA,[],60.0
BIOMD0000000861,CIS,[],60.0
BIOMD0000000861,SOCS3nRNA1,[],60.0
BIOMD0000000861,SOCS3nRNA2,[],60.0
BIOMD0000000861,SOCS3nRNA3,[],60.0
BIOMD0000000861,SOCS3nRNA4,[],60.0
BIOMD0000000861,SOCS3nRNA5,[],60.0
BIOMD0000000861,SOCS3RNA,[],60.0
BIOMD0000000861,SOCS3,[],60.0
BIOMD0000000861,Epo,[],60.0
BIOMD0000000862,miR,[],28800.0
BIOMD0000000862,miR_gene,[],28800.0
BIOMD0000000862,miR_gene_TF1,[],28800.0
BIOMD0000000862,miR_gene_TF2,[],28800.0
BIOMD0000000862,Signal,[],28800.0
BIOMD0000000862,TF1,[],28800.0
BIOMD0000000862,TF1_mRNA,[],28800.0
BIOMD0000000862,TF2,[],28800.0
BIOMD0000000863,TV,[],40.0
BIOMD0000000863,U,[],40.0
BIOMD0000000863,nTeff,[],40.0
BIOMD0000000863,dTeff,[],40.0
BIOMD0000000863,PDL1,[],40.0
BIOMD0000000863,TVd,[],40.0
BIOMD0000000864,miR,[],48800.0
BIOMD0000000864,miR_gene,[],48800.0
BIOMD0000000864,miR_gene_TF1,[],48800.0
BIOMD0000000864,Signal,[],48800.0
BIOMD0000000864,TF1,[],48800.0
BIOMD0000000864,TF1_mRNA,[],48800.0
BIOMD0000000867,y1_IL_15,[],30.0
BIOMD0000000867,y2_Akt,[],30.0
BIOMD0000000867,y3_mTOR,[],30.0
BIOMD0000000867,y4_HIF_1a,[],30.0
BIOMD0000000867,y5_HIF_1b,[],30.0
BIOMD0000000867,y6_HIF_1_Complex,[],30.0
BIOMD0000000867,y7_NF_KB,[],30.0
BIOMD0000000867,y8_STAT3,[],30.0
BIOMD0000000867,y9_HIF_1a_mRNA,[],30.0
BIOMD0000000867,y10_HIF_1a_aOH,[],30.0
BIOMD0000000872,s2,[0.011988],500.00000000000006
BIOMD0000000872,s3,[0.011988],500.00000000000006
BIOMD0000000872,s4,[0.011988],500.00000000000006
BIOMD0000000872,s14,[],500.00000000000006
BIOMD0000000872,s16,[],500.00000000000006
BIOMD0000000872,s13,[],500.00000000000006
BIOMD0000000872,s12,[],500.00000000000006
BIOMD0000000873,mwf219928e_abba_4c09_9597_5d6910f7e4d9,[],80.0
BIOMD0000000873,mwd7270399_0429_4c85_920a_de2e0ae74440,[],80.0
BIOMD0000000873,mw6339814d_af4c_4eee_9455_7e20795f6aeb,[],80.0
BIOMD0000000873,mwc42127ea_2b78_4381_b230_30e95cd5a9d6,[],80.0
BIOMD0000000873,mw4fd8b902_e2a2_4910_899c_2a7d3425e0e0,[],80.0
BIOMD0000000873,mwf06c0537_577b_4f13_a9a3_521f9d2217fb,[],80.0
BIOMD0000000873,mwbba20281_3d8b_48c3_8e13_dee78e87dfb8,[],80.0
BIOMD0000000873,mw78198c86_4b16_4117_8592_6a95c3953126,[],80.0
BIOMD0000000873,mw7938fab7_d0c6_497b_8fb6_75922fcc19d5,[],80.0
BIOMD0000000873,mw8675a533_92fb_4fbf_b747_7bca05c5841c,[],80.0
BIOMD0000000873,mw869055b5_5d27_4f4a_a390_b3fa48d6780e,[],80.0
BIOMD0000000873,mwd5f166e6_df0a_45bf_b662_e87b91b79a27,[],80.0
BIOMD0000000873,mw9275f30d_c42b_459c_91c5_67b7e08b6486,[],80.0
BIOMD0000000873,mwc84af692_e3fc_4ede_99b6_b0cce3729bf7,[],80.0
BIOMD0000000873,mwacd53f34_4935_4b6a_8267_024f0d966c8c,[],80.0
BIOMD0000000873,mwf26f605f_29e9_4454_834c_7b3edab4bbc2,[],80.0
BIOMD0000000873,mw10b15557_55f5_4525_b19d_161b056f5791,[],80.0
BIOMD0000000873,mwb9a40fab_a7c9_4984_805f_045fefc4ff32,[],80.0
BIOMD0000000873,mw58370246_a992_4253_8029_12fbb07a417d,[],80.0
BIOMD0000000873,mwba110304_bd9a_4fd0_9b4c_b8bfc975e30b,[],80.0
BIOMD0000000873,mw5607cee0_ee75_4065_9368_d07c3abbe18b,[],80.0
BIOMD0000000873,mwbe46ba92_97de_4cc4_970d_2dec54671573,[],80.0
BIOMD0000000873,mw55b6f083_2b28_4a1a_ab90_82a751525d72,[],80.0
BIOMD0000000873,mwe3af2471_5087_4796_982a_56fad9a9a972,[],80.0
BIOMD0000000873,mw364ca1a4_fc56_4138_8031_16341ac865de,[],80.0
BIOMD0000000873,mw4fc13b75_10cc_41fb_b9f8_1ce95fccae73,[],80.0
BIOMD0000000873,mw3d58864c_79c7_4ff2_98fe_1a85b2ccc43d,[],80.0
BIOMD0000000873,mw6949b379_107d_4822_b13e_680a491d2425,[],80.0
BIOMD0000000873,mwcbadb505_1cfb_4903_9975_0e53de2ba877,[],80.0
BIOMD0000000874,T,[],3750.0
BIOMD0000000874,T_1,[],3750.0
BIOMD0000000874,T_2,[],3750.0
BIOMD0000000874,V,[],3750.0
BIOMD0000000875,T,[],14.0
BIOMD0000000875,T_i,[],14.0
BIOMD0000000875,V_I,[],14.0
BIOMD0000000875,V_NI,[],14.0
BIOMD0000000876,C_Uninfected_CD4,[],800.0
BIOMD0000000876,I_Infected_CD4,"[0.0324675, 0.064935, 0.094905, 0.1273725]",800.0
BIOMD0000000876,F_CTL,[0.0324675],800.0
BIOMD0000000876,V_Virus,"[0.0324675, 0.064935, 0.094905, 0.1273725]",800.0
BIOMD0000000877,U,[],100.0
BIOMD0000000877,I,[],100.0
BIOMD0000000877,V,[],100.0
BIOMD0000000877,C,[],100.0
BIOMD0000000878,x,[0.004995],33000.0
BIOMD0000000878,y,[0.004995],33000.0
BIOMD0000000878,z,[0.004995],33000.0
BIOMD0000000879,N,[],2000.0000000000002
BIOMD0000000879,I,[],2000.0000000000002
BIOMD0000000879,Q,[],2000.0000000000002
BIOMD0000000880,T_Tumor_Cells,[],30.0
BIOMD0000000880,L_CD8_T_Cells,[],30.0
BIOMD0000000880,D_Dendritic_Cells,[],30.0
BIOMD0000000880,H_CD4_T_Cells,[],30.0
BIOMD0000000882,S,[],5.0
BIOMD0000000882,I,[],5.0
BIOMD0000000882,Z,[],5.0
BIOMD0000000882,R,[],5.0
BIOMD0000000883,species_0,[],14400.0
BIOMD0000000883,species_1,[],14400.0
BIOMD0000000883,species_2,[],14400.0
BIOMD0000000883,species_3,[],14400.0
BIOMD0000000883,species_4,[],14400.0
BIOMD0000000883,species_5,[],14400.0
BIOMD0000000883,species_6,[],14400.0
BIOMD0000000883,species_7,[],14400.0
BIOMD0000000883,species_8,[0.00076313],14400.0
BIOMD0000000883,species_9,[0.00076313],14400.0
BIOMD0000000883,species_10,[],14400.0
BIOMD0000000883,species_11,[],14400.0
BIOMD0000000883,species_14,[],14400.0
BIOMD0000000883,species_15,[],14400.0
BIOMD0000000883,species_16,[],14400.0
BIOMD0000000883,species_17,[],14400.0
BIOMD0000000883,PIP3Active,[],14400.0
BIOMD0000000883,PIP3Inactive,[],14400.0
BIOMD0000000883,PDK1Inactive,[],14400.0
BIOMD0000000883,PDK1Active,[],14400.0
BIOMD0000000883,mTORC2Active,[],14400.0
BIOMD0000000883,mTORC1Active,[],14400.0
BIOMD0000000883,mTORC1Inactive,[],14400.0
BIOMD0000000883,bRafMutated,[],14400.0
BIOMD0000000883,PLX4032,[],14400.0
BIOMD0000000883,Grb2Active,[],14400.0
BIOMD0000000883,Grb2Inactive,[],14400.0
BIOMD0000000883,freeFGFR,[],14400.0
BIOMD0000000883,pFGFR,[],14400.0
BIOMD0000000883,freeTNFR1,[],14400.0
BIOMD0000000883,pTNFR1,[],14400.0
BIOMD0000000883,freeTNFR2,[],14400.0
BIOMD0000000883,pTNFR2,[],14400.0
BIOMD0000000883,TRADD_TRAF2_TRAF5_RIP1_Active,[],14400.0
BIOMD0000000883,TRADD_TRAF2_TRAF5_RIP1_Inactive,[],14400.0
BIOMD0000000883,TRAF1_TRAF2_TRAF3_Active,[],14400.0
BIOMD0000000883,TRAF1_TRAF2_TRAF3_Inactive,[],14400.0
BIOMD0000000883,NIKActive,[],14400.0
BIOMD0000000883,NIKInactive,[],14400.0
BIOMD0000000883,IKKbeta_IKKalfa_IKKgamma_Active,[],14400.0
BIOMD0000000883,IKKbeta_IKKalfa_IKKgamma_Inactive,[],14400.0
BIOMD0000000883,TAB1_TAB2_TAB3_TAK1_Active,[],14400.0
BIOMD0000000883,TAB1_TAB2_TAB3_TAK1_Inactive,[],14400.0
BIOMD0000000883,Tpl2_NF_kB_Active,[],14400.0
BIOMD0000000883,Tpl2_NF_kB_Inactive,[],14400.0
BIOMD0000000883,bRafMutatedInactive,[],14400.0
BIOMD0000000883,TRADD_TRAF2_TRAF5_RIP1_bRafINH_Active,[],14400.0
BIOMD0000000883,TRADD_TRAF2_TRAF5_RIP1_bRafINH_Inactive,[],14400.0
BIOMD0000000883,TAB1_TAB2_TAB3_TAK1_bRafINH_Inactive,[],14400.0
BIOMD0000000883,TAB1_TAB2_TAB3_TAK1_bRafINH_Active,[],14400.0
BIOMD0000000883,NIK_bRafINH_Active,[],14400.0
BIOMD0000000883,NIK_bRafINH_Inactive,[],14400.0
BIOMD0000000883,IKKbeta_IKKalfa_IKKgamma_bRafINH_Active,[],14400.0
BIOMD0000000883,IKKbeta_IKKalfa_IKKgamma_bRafINH_Inactive,[],14400.0
BIOMD0000000883,Tpl2_NF_kB_bRafINH_Active,[],14400.0
BIOMD0000000883,Tpl2_NF_kB_bRafINH_Inactive,[],14400.0
BIOMD0000000883,TRAF1_TRAF2_TRAF3_bRafINH_Active,[],14400.0
BIOMD0000000883,TRAF1_TRAF2_TRAF3_bRafINH_Inactive,[],14400.0
BIOMD0000000883,Tpl2_NF_kB_RasINH_Active,[],14400.0
BIOMD0000000883,Tpl2_NF_kB_RasINH_Inactive,[],14400.0
BIOMD0000000883,mTORC2Inactive,[],14400.0
BIOMD0000000883,MAP3K8_inhibitor,[],14400.0
BIOMD0000000883,MAP3K8_NF_kB_inhibited,[],14400.0
BIOMD0000000884,L,[],10.0
BIOMD0000000884,U,[],10.0
BIOMD0000000884,V,[],10.0
BIOMD0000000885,B,[],0.01
BIOMD0000000885,P,[],0.01
BIOMD0000000885,A,[],0.01
BIOMD0000000885,T,[],0.01
BIOMD0000000886,T,[],30.0
BIOMD0000000886,Th,[],30.0
BIOMD0000000886,Tc,[],30.0
BIOMD0000000886,B,[],30.0
BIOMD0000000886,A,[],30.0
BIOMD0000000887,x,[],1000.0000000000001
BIOMD0000000887,u,[],1000.0000000000001
BIOMD0000000887,y,[],1000.0000000000001
BIOMD0000000887,z,[],1000.0000000000001
BIOMD0000000888,T,[],100.0
BIOMD0000000888,N,[],100.0
BIOMD0000000888,D,[],100.0
BIOMD0000000888,L,[],100.0
BIOMD0000000889,IFNBm,[],8.0
BIOMD0000000889,IFNBenv,[],8.0
BIOMD0000000889,STATP2n,[],8.0
BIOMD0000000889,SOCSm,[],8.0
BIOMD0000000889,IRF7m,[],8.0
BIOMD0000000889,IRF7Pn,[],8.0
BIOMD0000000889,IFNam,[],8.0
BIOMD0000000889,IFNaenv,[],8.0
BIOMD0000000889,TNFam,[],8.0
BIOMD0000000889,TFNenv,[],8.0
BIOMD0000000889,STATm,[],8.0
BIOMD0000000889,STAT,[],8.0
BIOMD0000000890,m,[],10000.0
BIOMD0000000890,h,[],10000.0
BIOMD0000000890,c,[],10000.0
BIOMD0000000891,u,[],300.0
BIOMD0000000891,v,[],300.0
BIOMD0000000891,w,[],300.0
BIOMD0000000892,T,[],35.0
BIOMD0000000892,I,[],35.0
BIOMD0000000892,VI,[],35.0
BIOMD0000000892,VNI,[],35.0
BIOMD0000000893,x,"[0.4773, 0.9546]",90.0
BIOMD0000000893,y,[0.4773],90.0
BIOMD0000000893,z,[0.4773],90.0
BIOMD0000000894,x,[],200.0
BIOMD0000000894,y,[],200.0
BIOMD0000000894,z,[],200.0
BIOMD0000000895,CD4,[],40.0
BIOMD0000000895,CD8,[],40.0
BIOMD0000000895,Mr,[],40.0
BIOMD0000000895,Ma,[],40.0
BIOMD0000000895,Mi,[],40.0
BIOMD0000000895,Se,[],40.0
BIOMD0000000895,Si,[],40.0
BIOMD0000000895,CD4rec,[],40.0
BIOMD0000000895,Mrrec,[],40.0
BIOMD0000000896,Hsp70,[],1000.0000000000001
BIOMD0000000896,HSF,[],1000.0000000000001
BIOMD0000000896,S,[],1000.0000000000001
BIOMD0000000896,Hsp70_HSF,[],1000.0000000000001
BIOMD0000000896,Hsp70_S,[],1000.0000000000001
BIOMD0000000896,HSF_3,[],1000.0000000000001
BIOMD0000000896,HSE,[],1000.0000000000001
BIOMD0000000896,HSF_3_HSE,[],1000.0000000000001
BIOMD0000000896,mRNA,[],1000.0000000000001
BIOMD0000000897,E,[0.00999],200.0
BIOMD0000000897,T,[0.00999],200.0
BIOMD0000000898,S_HSC,[],200.0
BIOMD0000000898,A_PC,[],200.0
BIOMD0000000898,D_TDSC,[],200.0
BIOMD0000000898,L_LSC,[],200.0
BIOMD0000000898,T_TDLC,[],200.0
BIOMD0000000899,s1,[],600.0
BIOMD0000000899,s2,[],600.0
BIOMD0000000899,s3,[],600.0
BIOMD0000000899,s4,[],600.0
BIOMD0000000899,s5,[],600.0
BIOMD0000000899,s6,[],600.0
BIOMD0000000899,s7,[],600.0
BIOMD0000000899,s8,[],600.0
BIOMD0000000899,s9,[],600.0
BIOMD0000000899,s10,[],600.0
BIOMD0000000899,s13,[],600.0
BIOMD0000000899,s16,[],600.0
BIOMD0000000900,C,"[0.00424575, 0.00824175]",4000.0000000000005
BIOMD0000000900,B,"[0.00424575, 0.00824175]",4000.0000000000005
BIOMD0000000900,T,"[0.00424575, 0.00824175, 0.0124875, 0.01673325]",4000.0000000000005
BIOMD0000000902,x,[],50.0
BIOMD0000000902,I,[],50.0
BIOMD0000000902,y,[],50.0
BIOMD0000000902,z,[],50.0
BIOMD0000000903,C,[],30.0
BIOMD0000000903,T,[],30.0
BIOMD0000000903,H,[],30.0
BIOMD0000000903,I,[],30.0
BIOMD0000000903,E,[],30.0
BIOMD0000000904,Ti,[],60.0
BIOMD0000000904,Tm,[],60.0
BIOMD0000000904,I,[],60.0
BIOMD0000000904,u,[],60.0
BIOMD0000000905,P,[],50.0
BIOMD0000000905,I,[],50.0
BIOMD0000000905,M,[],50.0
BIOMD0000000905,T,[],50.0
BIOMD0000000905,U,[],50.0
BIOMD0000000906,P,[],50.0
BIOMD0000000906,I,[],50.0
BIOMD0000000906,M,[],50.0
BIOMD0000000907,X1_0,[],60.0
BIOMD0000000907,X1_1,[],60.0
BIOMD0000000907,X2_0,[],60.0
BIOMD0000000907,X2_1,[],60.0
BIOMD0000000907,X2_2,[],60.0
BIOMD0000000907,X4_0,[],60.0
BIOMD0000000907,X4_1,[],60.0
BIOMD0000000907,X5_0,[],60.0
BIOMD0000000907,X5_1,[],60.0
BIOMD0000000907,X8_0,[],60.0
BIOMD0000000907,X8_1,[],60.0
BIOMD0000000907,X8_2,[],60.0
BIOMD0000000907,X8_3,[],60.0
BIOMD0000000907,X9_0,[],60.0
BIOMD0000000907,X9_2,[],60.0
BIOMD0000000907,X10_0,[],60.0
BIOMD0000000907,X10_1,[],60.0
BIOMD0000000907,X10_2,[],60.0
BIOMD0000000907,X10_3,[],60.0
BIOMD0000000907,X11_0,[],60.0
BIOMD0000000907,X11_1,[],60.0
BIOMD0000000907,X11_2,[0.0333],60.0
BIOMD0000000907,X11_3,[],60.0
BIOMD0000000907,X12_0,[],60.0
BIOMD0000000907,X12_1,[],60.0
BIOMD0000000908,T,[],300.0
BIOMD0000000908,N,[],300.0
BIOMD0000000908,L,[],300.0
BIOMD0000000908,R,[],300.0
BIOMD0000000908,C,[],300.0
BIOMD0000000908,I,[],300.0
BIOMD0000000908,S,[],300.0
BIOMD0000000909,N,[],150.0
BIOMD0000000909,T,[],150.0
BIOMD0000000909,I,[],150.0
BIOMD0000000909,u,[],150.0
BIOMD0000000910,L,[],100.0
BIOMD0000000910,T,[],100.0
BIOMD0000000910,I2,[0.03996],100.0
BIOMD0000000911,M,[],250.00000000000003
BIOMD0000000911,N,[],250.00000000000003
BIOMD0000000911,Z,[],250.00000000000003
BIOMD0000000912,T,"[0.003996, 0.007992, 0.011988]",1000.0000000000001
BIOMD0000000912,E,[0.003996],1000.0000000000001
BIOMD0000000912,I,"[0.003996, 0.007992, 0.011988]",1000.0000000000001
BIOMD0000000913,T,[],5.0
BIOMD0000000913,L,[],5.0
BIOMD0000000913,N,[],5.0
BIOMD0000000913,C,[],5.0
BIOMD0000000913,I,[],5.0
BIOMD0000000913,M,[],5.0
BIOMD0000000914,VAC,[],100.0
BIOMD0000000914,TRAN,[],100.0
BIOMD0000000914,SVAC,[],100.0
BIOMD0000000914,Ts,[],100.0
BIOMD0000000914,REG,[],100.0
BIOMD0000000915,p_0,[],10.0
BIOMD0000000915,p_1,[],10.0
BIOMD0000000915,p_2,[],10.0
BIOMD0000000915,p_3,[],10.0
BIOMD0000000915,p_4,[],10.0
BIOMD0000000915,p_5,[],10.0
BIOMD0000000915,p_6,[],10.0
BIOMD0000000915,p_7,[],10.0
BIOMD0000000915,p_8,[],10.0
BIOMD0000000916,The_FOD_in_the_circulation__X1,[],3.0
BIOMD0000000916,The_FOD_in_the_metabolizing_tissues__X4,[],3.0
BIOMD0000000916,The_cumulative_FOD_excreted_in_the_non_urinary_pool__X3,[],3.0
BIOMD0000000916,The_FOD_in_the_gallbladder___intestinal_lumen__X5,[],3.0
BIOMD0000000916,The_cumulative_FOD_excreted_in_the_urine__X2,[],3.0
BIOMD0000000917,Monoaminergic__MA__voltage,"[0.041625, 0.08325]",72.0
BIOMD0000000917,Ventrolateral_preopticarea__VLPO__voltage,[0.041625],72.0
BIOMD0000000917,Somnogen_level_H,[0.041625],72.0
BIOMD0000000918,Myc,[],20.0
BIOMD0000000918,E2F,[],20.0
BIOMD0000000918,CycD,[],20.0
BIOMD0000000918,CycE,[],20.0
BIOMD0000000918,Rb,[],20.0
BIOMD0000000918,Phosphorylated_Rb,[],20.0
BIOMD0000000918,Rb_E2F_complex,[],20.0
BIOMD0000000918,serum,[],20.0
BIOMD0000000920,anti_inflammatory__A,[],70.0
BIOMD0000000920,inflammation__I,[],70.0
BIOMD0000000920,bacterial_infection__B,[],70.0
BIOMD0000000920,pro_inflammatory__P,[],70.0
BIOMD0000000921,G,[],60.0
BIOMD0000000921,M,[],60.0
BIOMD0000000921,C_T,[],60.0
BIOMD0000000921,T_beta,[],60.0
BIOMD0000000921,I_gamma,[],60.0
BIOMD0000000923,Bone_Density__z,[0.0058275],1200.0
BIOMD0000000923,Osteoblasts__O_b,"[0.0024975, 0.0058275]",1200.0
BIOMD0000000923,Osteoclasts__O_c,"[0.0024975, 0.0058275, 0.008325, 0.011655]",1200.0
BIOMD0000000923,B,[],1200.0
BIOMD0000000924,P,[],120.0
BIOMD0000000924,E_U,[],120.0
BIOMD0000000924,E_A,[],120.0
BIOMD0000000924,C,[],120.0
BIOMD0000000924,N,[],120.0
BIOMD0000000924,D,[],120.0
BIOMD0000000925,Fibrinogen,[],1000.0000000000001
BIOMD0000000925,Fibrin,[],1000.0000000000001
BIOMD0000000925,PC,[],1000.0000000000001
BIOMD0000000925,APC,[],1000.0000000000001
BIOMD0000000925,APC_inactive,[],1000.0000000000001
BIOMD0000000925,Xa,[],1000.0000000000001
BIOMD0000000925,Va,[],1000.0000000000001
BIOMD0000000925,Va_Xa,[],1000.0000000000001
BIOMD0000000925,IIa,[],1000.0000000000001
BIOMD0000000925,V,[],1000.0000000000001
BIOMD0000000925,II,[],1000.0000000000001
BIOMD0000000925,Xa_ATIII,[],1000.0000000000001
BIOMD0000000925,Va_inactive,[],1000.0000000000001
BIOMD0000000925,IIa_ATIII,[],1000.0000000000001
BIOMD0000000926,Tumor_Cell_u_1,[0.02997],100.0
BIOMD0000000926,TE_immune_Cell_y_1,[0.02997],100.0
BIOMD0000000926,CT_immune_Cell_x_1,[],100.0
BIOMD0000000926,Tumor_Cell_u_2,[],100.0
BIOMD0000000926,CT_immune_Cell_x_2,[],100.0
BIOMD0000000926,TE_immune_Cell_y_2,[],100.0
BIOMD0000000926,Necrotic_Cell_v_1,[],100.0
BIOMD0000000926,Necrotic_Cell_v_2,[],100.0
BIOMD0000000928,solution0,[0.12807692],39.0
BIOMD0000000928,solution1,[0.12807692],39.0
BIOMD0000000928,solution2,[0.12807692],39.0
BIOMD0000000928,solution3,[0.12807692],39.0
BIOMD0000000929,Pancreatic_cancer_cells__C,[],1000.0000000000001
BIOMD0000000929,Pancreatic_stellate_cells__P,[],1000.0000000000001
BIOMD0000000929,CD8__T_cells__T,[],1000.0000000000001
BIOMD0000000929,NK_cells__N,[],1000.0000000000001
BIOMD0000000929,helper_T_cells__H,[],1000.0000000000001
BIOMD0000000930,Tumor_Cell_Population__T,[],50.0
BIOMD0000000930,Effector_immune_cell_population__N,[],50.0
BIOMD0000000930,Circulating_lymphocyte_population__C,[],50.0
BIOMD0000000930,Chemotherapeutic_drug_concentration__M,[],50.0
BIOMD0000000932,Gp,[0.43956],25.0
BIOMD0000000932,Gi,[0.43956],25.0
BIOMD0000000932,A,[0.43956],25.0
BIOMD0000000932,B,[],25.0
BIOMD0000000933,C,[0.074925],40.0
BIOMD0000000933,M,[0.074925],40.0
BIOMD0000000933,X,[0.074925],40.0
BIOMD0000000934,Sic1,[],60.0
BIOMD0000000934,Cdk1_Clb5or6,[],60.0
BIOMD0000000934,Cdk1_Clb5or6_Sic1,[],60.0
BIOMD0000000934,Clb5or6_degraded,[],60.0
BIOMD0000000934,Cdk1_Clb3or4,[],60.0
BIOMD0000000934,Cdk1_Clb3or4_Sic1,[],60.0
BIOMD0000000934,Clb3or4_degraded,[],60.0
BIOMD0000000934,Cdk1_Clb1or2,[],60.0
BIOMD0000000934,Cdk1_Clb1or2_Sic1,[],60.0
BIOMD0000000934,Clb1or2_degraded,[],60.0
BIOMD0000000934,Sic1_degraded_re14,[],60.0
BIOMD0000000934,Sic1_degraded_re18,[],60.0
BIOMD0000000934,Sic1_degraded_re5,[],60.0
BIOMD0000000935,CDK1_active,[],25.0
BIOMD0000000935,APC_active,[],25.0
BIOMD0000000936,CDK1_active,[],20.0
BIOMD0000000937,CDK1_active,[0.1998],25.0
BIOMD0000000937,APC_active,[0.23976],25.0
BIOMD0000000937,Plk1_active,[0.23976],25.0
BIOMD0000000938,Cdk,[0.0333],120.0
BIOMD0000000938,Anaphase_promoting_complex_Phosphorylated,[0.0333],120.0
BIOMD0000000938,Securin,[0.0333],120.0
BIOMD0000000939,Cyclin_D,[],6000.0
BIOMD0000000939,Cdk4,[],6000.0
BIOMD0000000939,Cyclin_D_Cdk4,[],6000.0
BIOMD0000000939,Cyclin_E,[],6000.0
BIOMD0000000939,E2F,[],6000.0
BIOMD0000000939,Cdk2,[],6000.0
BIOMD0000000939,Cyclin_E_Cdk2_inactive_phosphorylated,[],6000.0
BIOMD0000000939,Cyclin_A,[],6000.0
BIOMD0000000939,B_Myb_active,[],6000.0
BIOMD0000000939,Cyclin_A_Cdk2_inactive,[],6000.0
BIOMD0000000939,Cyclin_A_Cdk2_active,[],6000.0
BIOMD0000000939,APC_Ccdc20_active,[],6000.0
BIOMD0000000939,APC_Ccdh1_active,[],6000.0
BIOMD0000000939,Cyclin_E_Cdk2_active_unphosphorylated,[],6000.0
BIOMD0000000939,p21,[],6000.0
BIOMD0000000939,p21_CyclinD_Cdk4,[],6000.0
BIOMD0000000939,p27,[],6000.0
BIOMD0000000939,p27_CyclinD_Cdk4,[],6000.0
BIOMD0000000939,Cdc25A_active,[],6000.0
BIOMD0000000939,p27_CyclinE_Cdk2,[],6000.0
BIOMD0000000939,p21_CyclinE_Cdk2,[],6000.0
BIOMD0000000939,p27_CyclinA_Cdk2,[],6000.0
BIOMD0000000939,p21_CyclinA_Cdk2,[],6000.0
BIOMD0000000939,p53,[],6000.0
BIOMD0000000939,p16,[],6000.0
BIOMD0000000939,Rb,[],6000.0
BIOMD0000000939,Rb_E2F,[],6000.0
BIOMD0000000939,Rb_PP_E2F,[],6000.0
BIOMD0000000939,Rb_PPP,[],6000.0
BIOMD0000000939,ATM_ATR,[],6000.0
BIOMD0000000939,Mdm2,[],6000.0
BIOMD0000000939,Intermediate,[],6000.0
BIOMD0000000939,NF_Y,[],6000.0
BIOMD0000000939,Cdc25A_inactive,[0.000333],6000.0
BIOMD0000000939,Chk1_active,[],6000.0
BIOMD0000000939,Chk1_inactive,[],6000.0
BIOMD0000000939,Cyclin_B,[],6000.0
BIOMD0000000939,Cdk1,[],6000.0
BIOMD0000000939,Cyclin_B_Cdk1_inactive_unphosphorylated_cytoplasm,[],6000.0
BIOMD0000000939,Cyclin_B_Cdk1_active_phosphorylated_cytoplasm,[],6000.0
BIOMD0000000939,Cdc25C_active,[],6000.0
BIOMD0000000939,_14_3_3_sigma,[],6000.0
BIOMD0000000939,Cdc25C_Ps216_phosphorylated_active,[],6000.0
BIOMD0000000939,Wee1,[],6000.0
BIOMD0000000939,Wee1_phosphorylated,[],6000.0
BIOMD0000000939,Cyclin_B_Cdk1_nuclear,[],6000.0
BIOMD0000000939,p21_CyclinB_Cdk1,[],6000.0
BIOMD0000000939,B_Myb_inactive,[],6000.0
BIOMD0000000939,Cdc25C_inactive,[],6000.0
BIOMD0000000939,Cdc25C_Ps216_phosphorylated_inactive,[],6000.0
BIOMD0000000939,_14_3_3_sigma_iCdc25C_PS216_phosphorylated,[],6000.0
BIOMD0000000939,APC_Ccdc20_inactive,[],6000.0
BIOMD0000000939,APC_Ccdh1_inactive,[],6000.0
BIOMD0000000939,Cyclin_B_Cdk1_nuclear_inactive,[],6000.0
BIOMD0000000940,PKN1,[],1000.0000000000001
BIOMD0000000940,ZAK,[],1000.0000000000001
BIOMD0000000940,MAP2K3,[],1000.0000000000001
BIOMD0000000940,MAPK14,[],1000.0000000000001
BIOMD0000000940,MAP2K4,[],1000.0000000000001
BIOMD0000000940,TP53,[],1000.0000000000001
BIOMD0000000940,ATM,[],1000.0000000000001
BIOMD0000000940,MAPK13,[],1000.0000000000001
BIOMD0000000940,PRKACA,[],1000.0000000000001
BIOMD0000000940,SRC,[],1000.0000000000001
BIOMD0000000940,BAD,[],1000.0000000000001
BIOMD0000000940,PTEN,[],1000.0000000000001
BIOMD0000000940,SHC1,[],1000.0000000000001
BIOMD0000000940,PIK3R1,[],1000.0000000000001
BIOMD0000000940,PARP1,[],1000.0000000000001
BIOMD0000000940,AURKB,[],1000.0000000000001
BIOMD0000000940,BRCA1,[],1000.0000000000001
BIOMD0000000940,YWHAZ,[],1000.0000000000001
BIOMD0000000940,TGFBR1,[],1000.0000000000001
BIOMD0000000940,CSF1R,[],1000.0000000000001
BIOMD0000000941,cyclin_D_Cdk4_6,[],100.0
BIOMD0000000941,transcription_factor_E2F_active,[0.03996],100.0
BIOMD0000000941,cyclin_E_Cdk2,[0.03996],100.0
BIOMD0000000941,cyclin_A_Cdk2,[0.03996],100.0
BIOMD0000000941,cyclin_B_Cdk1,[0.03996],100.0
BIOMD0000000941,Cdc20_active,[0.03996],100.0
BIOMD0000000941,E2F_total,[],100.0
BIOMD0000000941,Cdc20_total,[],100.0
BIOMD0000000942,Cdc25_phosphorylated,[],200.0
BIOMD0000000942,Cyclin_Cdk1_MPF,[0.01998],200.0
BIOMD0000000942,Cyclin_Cdk1_preMPF,[],200.0
BIOMD0000000942,Wee1_phosphorylated,[],200.0
BIOMD0000000942,Cyclin,[0.014985],200.0
BIOMD0000000942,IE_phosphorylated,[0.01998],200.0
BIOMD0000000942,APC_active,[0.014985],200.0
BIOMD0000000943,DNA_double_strand_break,[],2851800.0
BIOMD0000000943,ATM_phosphorylated,[],2851800.0
BIOMD0000000943,SIAH1_0,[],2851800.0
BIOMD0000000943,HIPK2,[],2851800.0
BIOMD0000000943,p53_0phosphorylated,[],2851800.0
BIOMD0000000943,p53_arrester,[],2851800.0
BIOMD0000000943,p53_S46phosphorylated,[],2851800.0
BIOMD0000000943,Mdm2_nuc_S166S186phosphorylated,[2.1e-06],2851800.0
BIOMD0000000943,Wip1,[],2851800.0
BIOMD0000000943,p53_killer,[],2851800.0
BIOMD0000000943,Mdm2_mRNA,[],2851800.0
BIOMD0000000943,Mdm2_cyt_0phosphorylated,[],2851800.0
BIOMD0000000943,Mdm2_cyt_S166S186phosphorylated,[],2851800.0
BIOMD0000000943,AKT_phosphorylated,[],2851800.0
BIOMD0000000943,Mdm2_nuc_S166S186p_S395p,[],2851800.0
BIOMD0000000943,Wip1_mRNA,[],2851800.0
BIOMD0000000943,PTEN_mRNA,[],2851800.0
BIOMD0000000943,PTEN,[],2851800.0
BIOMD0000000943,PIP3,[],2851800.0
BIOMD0000000943,p21_mRNA,[],2851800.0
BIOMD0000000943,p21__free,[],2851800.0
BIOMD0000000943,Cyclin_E__free,[],2851800.0
BIOMD0000000943,Cyclin_E_p21_complex,[],2851800.0
BIOMD0000000943,Rb1_0__free,[],2851800.0
BIOMD0000000943,Rb1_0_E2F1_complex,[],2851800.0
BIOMD0000000943,Bax_mRNA,[],2851800.0
BIOMD0000000943,Bax__free,[],2851800.0
BIOMD0000000943,BclXL__free,[],2851800.0
BIOMD0000000943,Bax_BclXL_complex,[],2851800.0
BIOMD0000000943,Bad_0__free,[],2851800.0
BIOMD0000000943,Bad_phosphorylated__free,[],2851800.0
BIOMD0000000943,proCaspase,[],2851800.0
BIOMD0000000943,Caspase,[],2851800.0
BIOMD0000000944,Cyclin,[0.05994],100.0
BIOMD0000000944,Active_Cdc2_kinase,[0.05994],100.0
BIOMD0000000944,Active_APC,"[0.05994, 0.11988]",100.0
BIOMD0000000945,L_m,[],20.0
BIOMD0000000945,H_m,[],20.0
BIOMD0000000945,L_c,[],20.0
BIOMD0000000945,H_c,[],20.0
BIOMD0000000945,L_n,[],20.0
BIOMD0000000946,L_m,[],450.0
BIOMD0000000946,H_m,[],450.0
BIOMD0000000946,L_e,[],450.0
BIOMD0000000946,H_e,[],450.0
BIOMD0000000946,L_c,[],450.0
BIOMD0000000946,H_c,[],450.0
BIOMD0000000946,L_n,[],450.0
BIOMD0000000947,C_para_Apical,[],25.0
BIOMD0000000947,C_para_Caco_2,[],25.0
BIOMD0000000947,C_para__Basolateral___HepG2_,[],25.0
BIOMD0000000947,C_sulf_Apical,[],25.0
BIOMD0000000947,C_sulf_Caco_2,[],25.0
BIOMD0000000947,C_sulf__Basolateral___HepG2_,[],25.0
BIOMD0000000947,C_glu_Apical,[],25.0
BIOMD0000000947,C_glu_Caco_2,[],25.0
BIOMD0000000947,C_glu__Basolateral___HepG2_,[],25.0
BIOMD0000000948,AR_A1,[],25.0
BIOMD0000000948,AR_A2,[],25.0
BIOMD0000000948,AR_Central,[],25.0
BIOMD0000000948,AR_Dose,[],25.0
BIOMD0000000949,Susceptible_Human,[],10000.0
BIOMD0000000949,Exposed_Human,[],10000.0
BIOMD0000000949,Infected_Human,[],10000.0
BIOMD0000000949,Recovered,[],10000.0
BIOMD0000000949,Susceptible_Mosquito,[],10000.0
BIOMD0000000949,Exposed_Mosquito,[],10000.0
BIOMD0000000949,Infected_Mosquito,[],10000.0
BIOMD0000000950,S_h,[0.00136849],3650.0
BIOMD0000000950,A_h,"[0.00109479, 0.00218959]",3650.0
BIOMD0000000950,I_h,"[0.00109479, 0.00218959]",3650.0
BIOMD0000000950,R_h,[0.00136849],3650.0
BIOMD0000000950,S_v,"[0.00109479, 0.00218959]",3650.0
BIOMD0000000950,E_v,"[0.00109479, 0.00218959]",3650.0
BIOMD0000000950,I_v,"[0.00109479, 0.00218959]",3650.0
BIOMD0000000951,TF,[],4800.0
BIOMD0000000951,TF_VII,[],4800.0
BIOMD0000000951,VII,[],4800.0
BIOMD0000000951,TF_VIIa,[],4800.0
BIOMD0000000951,VIIa,[],4800.0
BIOMD0000000951,Xa,[],4800.0
BIOMD0000000951,IIa,[],4800.0
BIOMD0000000951,TF_VIIa_X,[],4800.0
BIOMD0000000951,X,[],4800.0
BIOMD0000000951,TF_VIIa_Xa,[],4800.0
BIOMD0000000951,IX,[],4800.0
BIOMD0000000951,TF_VIIa_IX,[],4800.0
BIOMD0000000951,IXa,[],4800.0
BIOMD0000000951,II,[],4800.0
BIOMD0000000951,VIII,[],4800.0
BIOMD0000000951,VIIIa,[],4800.0
BIOMD0000000951,IXa_VIIIa,[],4800.0
BIOMD0000000951,IXa_VIIIa_X,[],4800.0
BIOMD0000000951,VIIIa1_L,[],4800.0
BIOMD0000000951,VIIIa2,[],4800.0
BIOMD0000000951,V,[],4800.0
BIOMD0000000951,Va,[0.0008325],4800.0
BIOMD0000000951,Xa_Va,[],4800.0
BIOMD0000000951,Xa_Va_II,[],4800.0
BIOMD0000000951,mIIa,[],4800.0
BIOMD0000000951,TFPI,[],4800.0
BIOMD0000000951,Xa_TFPI,[],4800.0
BIOMD0000000951,TF_VIIa_Xa_TFPI,[],4800.0
BIOMD0000000951,ATIII,[],4800.0
BIOMD0000000951,Xa_ATIII,[],4800.0
BIOMD0000000951,mIIa_ATIII,[],4800.0
BIOMD0000000951,IXa_ATIII,[],4800.0
BIOMD0000000951,IIa_ATIII,[],4800.0
BIOMD0000000951,TF_VIIa_ATIII,[],4800.0
BIOMD0000000952,Cyclin_B1_Cdk1_complex_phosphorylated,[0.03996],150.0
BIOMD0000000952,Cyclin_B1_Cdk1_complex_unphosphorylated,"[0.04662, 0.08658]",150.0
BIOMD0000000952,Plx1_active,[0.03996],150.0
BIOMD0000000952,APC_C_active,[0.03996],150.0
BIOMD0000000952,APC_C_total,[],150.0
BIOMD0000000952,SCdk1,[0.03996],150.0
BIOMD0000000952,S,[0.03996],150.0
BIOMD0000000952,SP,[0.03996],150.0
BIOMD0000000952,PP2A,[0.03996],150.0
BIOMD0000000952,SPPP2A,[0.03996],150.0
BIOMD0000000952,Q,[0.03996],150.0
BIOMD0000000953,clb2,[],50.0
BIOMD0000000953,cdc20,[],50.0
BIOMD0000000953,cdh1,[],50.0
BIOMD0000000953,securin_total,[],50.0
BIOMD0000000953,separase_total,[],50.0
BIOMD0000000953,securin_separase,[],50.0
BIOMD0000000953,net1,[],50.0
BIOMD0000000953,net1cdc14,[],50.0
BIOMD0000000953,polo_total,[],50.0
BIOMD0000000953,men,[],50.0
BIOMD0000000953,polo,[],50.0
BIOMD0000000953,tem1,[],50.0
BIOMD0000000953,cdc15,[],50.0
BIOMD0000000954,Myc,[],1200.0
BIOMD0000000954,CycDT,[],1200.0
BIOMD0000000954,CycET,[],1200.0
BIOMD0000000954,CycAT,[],1200.0
BIOMD0000000954,E2FT,[],1200.0
BIOMD0000000954,Comp1,[],1200.0
BIOMD0000000954,Comp2,[],1200.0
BIOMD0000000954,Rbp,[],1200.0
BIOMD0000000954,CkiT,[],1200.0
BIOMD0000000954,CycECki,[],1200.0
BIOMD0000000954,CycDCki,[],1200.0
BIOMD0000000954,CycACki,[],1200.0
BIOMD0000000954,Cdh1dp,[],1200.0
BIOMD0000000954,Emi1T,[],1200.0
BIOMD0000000954,EmiC,[],1200.0
BIOMD0000000954,Cdh1,[],1200.0
BIOMD0000000954,UbI,[],1200.0
BIOMD0000000954,Rbpp,[],1200.0
BIOMD0000000955,Susceptible,[],360.0
BIOMD0000000955,Infected,[],360.0
BIOMD0000000955,Diagnosed,[],360.0
BIOMD0000000955,Ailing,[],360.0
BIOMD0000000955,Recognized,[],360.0
BIOMD0000000955,Threatened,[],360.0
BIOMD0000000955,Healed,[],360.0
BIOMD0000000955,Extinct,[],360.0
BIOMD0000000956,Infected,[],215.0
BIOMD0000000956,Recovered,[],215.0
BIOMD0000000956,Susceptible,[],215.0
BIOMD0000000957,Susceptible,[],100.0
BIOMD0000000957,Infected,[],100.0
BIOMD0000000957,Recovered,[],100.0
BIOMD0000000957,Confirmed,[],100.0
BIOMD0000000958,Susceptible,[],70.0
BIOMD0000000958,Exposed,[],70.0
BIOMD0000000958,Infectious,[],70.0
BIOMD0000000958,Super_spreaders,[],70.0
BIOMD0000000958,Asymptomatic,[],70.0
BIOMD0000000958,Hospitalised,[],70.0
BIOMD0000000958,Recovered,[],70.0
BIOMD0000000958,Fatalities,[],70.0
BIOMD0000000959,Rec,[],24.0
BIOMD0000000959,SOCS1,[],24.0
BIOMD0000000959,IFN,[],24.0
BIOMD0000000959,aRecIFN,[],24.0
BIOMD0000000959,USP18,[],24.0
BIOMD0000000959,STAT1c,[],24.0
BIOMD0000000959,STAT2c,[],24.0
BIOMD0000000959,pSTAT1pSTAT2c,[],24.0
BIOMD0000000959,pSTAT1pSTAT2n,[],24.0
BIOMD0000000959,STAT1n,[],24.0
BIOMD0000000959,STAT2n,[],24.0
BIOMD0000000959,ISGF3c,[0.08325],24.0
BIOMD0000000959,ISGF3n,[0.08325],24.0
BIOMD0000000959,IRF9n,[],24.0
BIOMD0000000959,pSTAT1dimc,[],24.0
BIOMD0000000959,pSTAT1dimn,[],24.0
BIOMD0000000959,OccGAS_ISREbs,[],24.0
BIOMD0000000959,OccGASbs,[],24.0
BIOMD0000000959,IRF9c,[],24.0
BIOMD0000000959,SOCS3,[],24.0
BIOMD0000000959,STAT1mRNA,[],24.0
BIOMD0000000959,STAT2mRNA,[],24.0
BIOMD0000000959,IRF9mRNA,[],24.0
BIOMD0000000959,IRF2mRNA,[],24.0
BIOMD0000000959,IRF2,[],24.0
BIOMD0000000959,USP18mRNA,[],24.0
BIOMD0000000959,SOCS1mRNA,[],24.0
BIOMD0000000959,SOCS3mRNA,[],24.0
BIOMD0000000959,STAT1_LC_1,[],24.0
BIOMD0000000959,STAT1_LC_2,[],24.0
BIOMD0000000959,STAT1_LC_3,[],24.0
BIOMD0000000959,STAT2_LC_1,[],24.0
BIOMD0000000959,STAT2_LC_2,[],24.0
BIOMD0000000959,STAT2_LC_3,[],24.0
BIOMD0000000959,STAT2_LC_4,[],24.0
BIOMD0000000959,STAT2_LC_5,[],24.0
BIOMD0000000959,IRF9_LC_1,[],24.0
BIOMD0000000959,IRF9_LC_2,[],24.0
BIOMD0000000959,USP18_LC_1,[],24.0
BIOMD0000000959,USP18_LC_2,[],24.0
BIOMD0000000959,SOCS1_LC_1,[],24.0
BIOMD0000000960,Susceptible,[],80.0
BIOMD0000000960,Exposed,[],80.0
BIOMD0000000960,Infectious,[],80.0
BIOMD0000000960,Asymptomatic,[],80.0
BIOMD0000000960,Hospitalized,[],80.0
BIOMD0000000960,Recovered,[],80.0
BIOMD0000000960,Deceased,[],80.0
BIOMD0000000960,Cumulative_Cases,[],80.0
BIOMD0000000961,s1,[],5050.0
BIOMD0000000961,s2,[],5050.0
BIOMD0000000961,s7,[],5050.0
BIOMD0000000961,s8,[],5050.0
BIOMD0000000961,s24,[],5050.0
BIOMD0000000961,s25,[],5050.0
BIOMD0000000961,s26,[],5050.0
BIOMD0000000961,s27,[],5050.0
BIOMD0000000961,s28,[],5050.0
BIOMD0000000961,s29,[],5050.0
BIOMD0000000961,s30,[],5050.0
BIOMD0000000961,s31,[],5050.0
BIOMD0000000961,s32,[],5050.0
BIOMD0000000961,s33,[],5050.0
BIOMD0000000961,s34,[],5050.0
BIOMD0000000961,s35,[],5050.0
BIOMD0000000961,s36,[],5050.0
BIOMD0000000961,s38,[],5050.0
BIOMD0000000961,s52,[],5050.0
BIOMD0000000961,s57,[],5050.0
BIOMD0000000961,s58,[],5050.0
BIOMD0000000961,s59,[],5050.0
BIOMD0000000961,s60,[],5050.0
BIOMD0000000961,s64,[],5050.0
BIOMD0000000961,s66,[],5050.0
BIOMD0000000961,s67,[],5050.0
BIOMD0000000961,s68,[],5050.0
BIOMD0000000961,s69,[0.00059347],5050.0
BIOMD0000000961,s70,[0.00059347],5050.0
BIOMD0000000961,s71,[],5050.0
BIOMD0000000961,s72,[],5050.0
BIOMD0000000961,s73,[],5050.0
BIOMD0000000961,s74,[],5050.0
BIOMD0000000961,s75,[],5050.0
BIOMD0000000961,s76,[],5050.0
BIOMD0000000961,s77,[],5050.0
BIOMD0000000961,s61,[],5050.0
BIOMD0000000961,s79,[],5050.0
BIOMD0000000961,s82,[],5050.0
BIOMD0000000961,s83,[],5050.0
BIOMD0000000961,s84,[],5050.0
BIOMD0000000961,s65,[],5050.0
BIOMD0000000962,Susceptible,[],500.00000000000006
BIOMD0000000962,Unquarantined_Infected,[],500.00000000000006
BIOMD0000000962,Quarantined_Infected,[],500.00000000000006
BIOMD0000000962,Confirmed_Infected,[],500.00000000000006
BIOMD0000000963,Susceptible,[],200.0
BIOMD0000000963,Infected,[],200.0
BIOMD0000000963,Recovered,[],200.0
BIOMD0000000964,Susceptible,[],90.0
BIOMD0000000964,Exposed,[],90.0
BIOMD0000000964,Infected_Symptomatic,[],90.0
BIOMD0000000964,Infected_Asymptomatic,[],90.0
BIOMD0000000964,Recovered,[],90.0
BIOMD0000000964,Pathogen_0,[],90.0
BIOMD0000000965,O,[],500.00000000000006
BIOMD0000000965,I1,[],500.00000000000006
BIOMD0000000965,I2,"[0.003996, 0.00999]",500.00000000000006
BIOMD0000000965,c,[0.007992],500.00000000000006
BIOMD0000000965,T,[],500.00000000000006
BIOMD0000000966,Py,[],45.0
BIOMD0000000966,Py1,[],45.0
BIOMD0000000966,Dw,[],45.0
BIOMD0000000966,Rw,[],45.0
BIOMD0000000966,Qw1,[],45.0
BIOMD0000000966,Qw2,[],45.0
BIOMD0000000966,Zn_2,[],45.0
BIOMD0000000967,R,[],50.0
BIOMD0000000967,L,[0.03996],50.0
BIOMD0000000967,E,[],50.0
BIOMD0000000967,V,[],50.0
BIOMD0000000968,IL7,[],60.0
BIOMD0000000968,pJAK1,[],60.0
BIOMD0000000968,STAT5,[],60.0
BIOMD0000000968,pSTAT5,[],60.0
BIOMD0000000968,SOCS1,[],60.0
BIOMD0000000968,IL7IL7RJAK1,[],60.0
BIOMD0000000968,IL7RJAK1,[],60.0
BIOMD0000000968,IL7IL7RpJAK1,[],60.0
BIOMD0000000968,IL7IL7RpJAK1STAT5,[],60.0
BIOMD0000000968,IL7IL7RpJAK1SOCS1,[],60.0
BIOMD0000000969,Susceptible_Counties_with_airports,[],75.0
BIOMD0000000969,Infected_Counties_with_airports,[],75.0
BIOMD0000000969,Hospitalised_Counties_with_airports,[],75.0
BIOMD0000000969,ICU_Counties_with_airports,[],75.0
BIOMD0000000969,Deceased_Counties_with_airports,[],75.0
BIOMD0000000969,Recovered_Counties_with_airports,[],75.0
BIOMD0000000969,Discharged_Counties_with_airports,[],75.0
BIOMD0000000969,Susceptible_Counties_neighbouring_counties_with_airports,[],75.0
BIOMD0000000969,Infected_Counties_neighbouring_counties_with_airports,[],75.0
BIOMD0000000969,Hospitalised_Counties_neighbouring_counties_with_airports,[],75.0
BIOMD0000000969,ICU_Counties_neighbouring_counties_with_airports,[],75.0
BIOMD0000000969,Deceased_Counties_neighbouring_counties_with_airports,[],75.0
BIOMD0000000969,Recovered_Counties_neighbouring_counties_with_airports,[],75.0
BIOMD0000000969,Discharged_Counties_neighbouring_counties_with_airports,[],75.0
BIOMD0000000969,Susceptible_Counties_with_highways,[],75.0
BIOMD0000000969,Infected_Counties_with_highways,[],75.0
BIOMD0000000969,Hospitalised_Counties_with_highways,[],75.0
BIOMD0000000969,ICU_Counties_with_highways,[],75.0
BIOMD0000000969,Deceased_Counties_with_highways,[],75.0
BIOMD0000000969,Recovered_Counties_with_highways,[],75.0
BIOMD0000000969,Discharged_Counties_with_highways,[],75.0
BIOMD0000000969,Susceptible_Low_risk_counties,[],75.0
BIOMD0000000969,Infected_Low_risk_counties,[],75.0
BIOMD0000000969,Hospitalised_Low_risk_counties,[],75.0
BIOMD0000000969,ICU_Low_risk_counties,[],75.0
BIOMD0000000969,Deceased_Low_risk_counties,[],75.0
BIOMD0000000969,Recovered_Low_risk_counties,[],75.0
BIOMD0000000969,Discharged_Low_risk_counties,[],75.0
BIOMD0000000970,Susceptible,[],183.0
BIOMD0000000970,Exposed,[],183.0
BIOMD0000000970,Infected,[],183.0
BIOMD0000000970,Recovered,[],183.0
BIOMD0000000971,Susceptible,[],55.0
BIOMD0000000971,Exposed,[],55.0
BIOMD0000000971,Infected,[],55.0
BIOMD0000000971,Asymptomatic,[],55.0
BIOMD0000000971,Susceptible_quarantined,[],55.0
BIOMD0000000971,Exposed_quarantined,[],55.0
BIOMD0000000971,Hospitalised,[],55.0
BIOMD0000000971,Recovered,[],55.0
BIOMD0000000972,Susceptible,[],40.0
BIOMD0000000972,Exposed,[],40.0
BIOMD0000000972,Infected,[],40.0
BIOMD0000000972,Asymptomatic,[],40.0
BIOMD0000000972,Susceptible_quarantined,[],40.0
BIOMD0000000972,Exposed_quarantined,[],40.0
BIOMD0000000972,Hospitalised,[],40.0
BIOMD0000000972,Recovered,[],40.0
BIOMD0000000973,P,[],60.0
BIOMD0000000973,N,[],60.0
BIOMD0000000974,Susceptible,[],80.0
BIOMD0000000974,Exposed,[],80.0
BIOMD0000000974,Infected,[],80.0
BIOMD0000000974,Recovered,[],80.0
BIOMD0000000974,Deceased,[],80.0
BIOMD0000000974,Total_population,[],80.0
BIOMD0000000975,MP_0,[0.04343478],92.0
BIOMD0000000975,MC_0,[0.04343478],92.0
BIOMD0000000975,MB_0,[0.04343478],92.0
BIOMD0000000975,PC_0,[0.04343478],92.0
BIOMD0000000975,CC_0,[0.04343478],92.0
BIOMD0000000975,PCP_0,[0.08686957],92.0
BIOMD0000000975,CCP_0,[0.04343478],92.0
BIOMD0000000975,PCC_0,[0.04343478],92.0
BIOMD0000000975,PCN_0,"[0.04343478, 0.08686957]",92.0
BIOMD0000000975,PCNP_0,[0.04343478],92.0
BIOMD0000000975,PCCP_0,[0.04343478],92.0
BIOMD0000000975,BC_0,[0.04343478],92.0
BIOMD0000000975,BCP_0,[0.04343478],92.0
BIOMD0000000975,BN_0,[0.04343478],92.0
BIOMD0000000975,BNP_0,[],92.0
BIOMD0000000975,IN_0,[],92.0
BIOMD0000000975,MP,[0.04343478],92.0
BIOMD0000000975,MC,[0.04343478],92.0
BIOMD0000000975,MB,[0.04343478],92.0
BIOMD0000000975,PC,[0.04343478],92.0
BIOMD0000000975,CC,[0.04343478],92.0
BIOMD0000000975,PCP,[0.08686957],92.0
BIOMD0000000975,CCP,[0.04343478],92.0
BIOMD0000000975,PCC,[0.04343478],92.0
BIOMD0000000975,PCN,"[0.04343478, 0.08686957]",92.0
BIOMD0000000975,PCCP,[0.04343478],92.0
BIOMD0000000975,PCNP,[0.04343478],92.0
BIOMD0000000975,BC,[0.04343478],92.0
BIOMD0000000975,BCP,[0.04343478],92.0
BIOMD0000000975,BN,[0.04343478],92.0
BIOMD0000000975,BNP,[],92.0
BIOMD0000000975,IN,[],92.0
BIOMD0000000976,Susceptible,[],93.0
BIOMD0000000976,Infected_strong_immune_system,[],93.0
BIOMD0000000976,Infected_weak_immune_system,[],93.0
BIOMD0000000976,Recovered,[],93.0
BIOMD0000000977,Susceptible,[],90.0
BIOMD0000000977,Infected,[],90.0
BIOMD0000000977,Asymptomatic,[],90.0
BIOMD0000000977,Susceptible_quarantined,[],90.0
BIOMD0000000977,Exposed_quarantined,[],90.0
BIOMD0000000977,Recovered,[],90.0
BIOMD0000000978,Susceptible,[],23.0
BIOMD0000000978,Exposed,[],23.0
BIOMD0000000978,Infected,[],23.0
BIOMD0000000978,Recovered,[],23.0
BIOMD0000000979,Susceptible,[0.00444],450.0
BIOMD0000000979,Exposed,[0.00444],450.0
BIOMD0000000979,Infected,[0.00666],450.0
BIOMD0000000979,Recovered,[],450.0
BIOMD0000000979,Total_population,[],450.0
BIOMD0000000980,Susceptible,[0.00444],450.0
BIOMD0000000980,Exposed,[0.00444],450.0
BIOMD0000000980,Infected,[0.00666],450.0
BIOMD0000000980,Recovered,[],450.0
BIOMD0000000980,Total_population,[],450.0
BIOMD0000000981,Susceptible,[],80.0
BIOMD0000000981,Exposed,[],80.0
BIOMD0000000981,Infected,[],80.0
BIOMD0000000981,Asymptomatic,[],80.0
BIOMD0000000981,Susceptible_isolated,[],80.0
BIOMD0000000981,Quarantined,[],80.0
BIOMD0000000981,Hospitalised,[],80.0
BIOMD0000000981,Recovered,[],80.0
BIOMD0000000981,Deceased,[],80.0
BIOMD0000000981,Recovered_from_hospitals,[],80.0
BIOMD0000000981,Total_reported_cases,[],80.0
BIOMD0000000982,Susceptible,[],53.0
BIOMD0000000982,Infected,[],53.0
BIOMD0000000982,Removed,[],53.0
BIOMD0000000983,S_c,[],125.00000000000001
BIOMD0000000983,S_u,[],125.00000000000001
BIOMD0000000983,E,[],125.00000000000001
BIOMD0000000983,I_r,[],125.00000000000001
BIOMD0000000983,I_u,[],125.00000000000001
BIOMD0000000983,R,[],125.00000000000001
BIOMD0000000983,Q,[],125.00000000000001
BIOMD0000000984,Susceptible,[],200.0
BIOMD0000000984,Exposed,[],200.0
BIOMD0000000984,Infected,[],200.0
BIOMD0000000984,Recovered,[],200.0
BIOMD0000000984,Total_population,[],200.0
BIOMD0000000985,Ligand_EGF,[],50.0
BIOMD0000000985,Surface_Receptor_External,[],50.0
BIOMD0000000985,Receptor_Ligand_Complex,[],50.0
BIOMD0000000985,Internalised_receptors,[],50.0
BIOMD0000000985,Receptor_Ligand_Pit_Protein_complex,[],50.0
BIOMD0000000985,Free_pit_proteins,[],50.0
BIOMD0000000985,Internalised_Ligand,[],50.0
BIOMD0000000986,FITC_Dextran_three_compartment_model_compartment_1,[],250.00000000000003
BIOMD0000000986,FITC_Dextran_three_compartment_model_compartment_2,[],250.00000000000003
BIOMD0000000986,FITC_Dextran_three_compartment_model_compartment_3,[],250.00000000000003
BIOMD0000000986,Pyranine_three_compartment_model_compartment_1,[],250.00000000000003
BIOMD0000000986,Pyranine_three_compartment_model_compartment_2,[],250.00000000000003
BIOMD0000000986,Pyranine_three_compartment_model_compartment_3,[],250.00000000000003
BIOMD0000000987,FITC_Dextran_three_compartment_model_compartment_1,[],160.0
BIOMD0000000987,FITC_Dextran_three_compartment_model_compartment_2,[],160.0
BIOMD0000000987,FITC_Dextran_three_compartment_model_compartment_3,[],160.0
BIOMD0000000987,FITC_Dextran_nine_compartment_model_compartment_4,[],160.0
BIOMD0000000987,FITC_Dextran_nine_compartment_model_compartment_5,[],160.0
BIOMD0000000987,FITC_Dextran_nine_compartment_model_compartment_6,[],160.0
BIOMD0000000987,FITC_Dextran_nine_compartment_model_compartment_7,[],160.0
BIOMD0000000987,FITC_Dextran_nine_compartment_model_compartment_8,[],160.0
BIOMD0000000987,FITC_Dextran_nine_compartment_model_compartment_9,[],160.0
BIOMD0000000988,infected_nontested_0,[],365.0
BIOMD0000000988,infected_tested_0,[],365.0
BIOMD0000000988,uninfected_nontested_0,[],365.0
BIOMD0000000988,uninfected_tested_0,[],365.0
BIOMD0000000988,symptoms_tested_0,[],365.0
BIOMD0000000988,symptoms_nontested_0,[],365.0
BIOMD0000000988,recovered_tested_0,[],365.0
BIOMD0000000988,recovered_nontested_0,[],365.0
BIOMD0000000988,dead_corona_tested_0,[],365.0
BIOMD0000000988,dead_corona_nontested_0,[],365.0
BIOMD0000000988,dead_noncorona_0,[],365.0
BIOMD0000000989,TGFb_R1_surface,[],1400.0
BIOMD0000000989,TGFb_R2_surface,[],1400.0
BIOMD0000000989,TGFb_R1_endo,[],1400.0
BIOMD0000000989,TGFb_R2_endo,[],1400.0
BIOMD0000000989,TGFb,[],1400.0
BIOMD0000000989,TGFb_In,[],1400.0
BIOMD0000000989,Active_R2,[],1400.0
BIOMD0000000989,Active_Rec,[],1400.0
BIOMD0000000989,Active_Rec_endo,[],1400.0
BIOMD0000000989,Inactive_Rec,[],1400.0
BIOMD0000000989,pS2_c,[],1400.0
BIOMD0000000989,S2_c,[],1400.0
BIOMD0000000989,S4_c,[],1400.0
BIOMD0000000989,pS2_pS2_S4_c,[],1400.0
BIOMD0000000989,pS2_pS2_pS2_c,[],1400.0
BIOMD0000000989,Smad7mRNA,[],1400.0
BIOMD0000000989,S7,[],1400.0
BIOMD0000000989,Smad7mRNA1,[],1400.0
BIOMD0000000989,pS2_n,[],1400.0
BIOMD0000000989,pS2_pS2_S4_n,[],1400.0
BIOMD0000000989,pS2_pS2_pS2_n,[],1400.0
BIOMD0000000989,S2_n,[],1400.0
BIOMD0000000989,S4_n,[],1400.0
BIOMD0000000990,TGFb_R1_surface,[],1400.0
BIOMD0000000990,TGFb_R2_surface,[],1400.0
BIOMD0000000990,TGFb_R1_endo,[],1400.0
BIOMD0000000990,TGFb_R2_endo,[],1400.0
BIOMD0000000990,TGFb,[],1400.0
BIOMD0000000990,TGFb_In,[],1400.0
BIOMD0000000990,Active_R2,[],1400.0
BIOMD0000000990,Active_Rec,[],1400.0
BIOMD0000000990,Active_Rec_endo,[],1400.0
BIOMD0000000990,Inactive_Rec,[],1400.0
BIOMD0000000990,pS2_c,[],1400.0
BIOMD0000000990,S2_c,[],1400.0
BIOMD0000000990,S4_c,[],1400.0
BIOMD0000000990,pS2_pS2_S4_c,[],1400.0
BIOMD0000000990,pS2_pS2_pS2_c,[],1400.0
BIOMD0000000990,Smad7mRNA,[],1400.0
BIOMD0000000990,S7,[],1400.0
BIOMD0000000990,Smad7mRNA1,[],1400.0
BIOMD0000000990,pS2_n,[],1400.0
BIOMD0000000990,pS2_pS2_S4_n,[],1400.0
BIOMD0000000990,pS2_pS2_pS2_n,[],1400.0
BIOMD0000000990,S2_n,[],1400.0
BIOMD0000000990,S4_n,[],1400.0
BIOMD0000000991,susceptible,[],300.0
BIOMD0000000991,exposed,[],300.0
BIOMD0000000991,asymptomatic,[],300.0
BIOMD0000000991,symptomatic,[],300.0
BIOMD0000000991,detected,[],300.0
BIOMD0000000991,recovered,[],300.0
BIOMD0000000991,deceased,[],300.0
BIOMD0000000991,detected_cumulative,[],300.0
BIOMD0000000994,TGFb_R1_surface,[],1400.0
BIOMD0000000994,TGFb_R2_surface,[],1400.0
BIOMD0000000994,TGFb_R1_endo,[],1400.0
BIOMD0000000994,TGFb_R2_endo,[],1400.0
BIOMD0000000994,TGFb,[],1400.0
BIOMD0000000994,TGFb_In,[],1400.0
BIOMD0000000994,Active_R2,[],1400.0
BIOMD0000000994,Active_Rec,[],1400.0
BIOMD0000000994,Active_Rec_endo,[],1400.0
BIOMD0000000994,Inactive_Rec,[],1400.0
BIOMD0000000994,pS2_c,[],1400.0
BIOMD0000000994,S2_c,[],1400.0
BIOMD0000000994,S4_c,[],1400.0
BIOMD0000000994,pS2_pS2_S4_c,[],1400.0
BIOMD0000000994,pS2_pS2_pS2_c,[],1400.0
BIOMD0000000994,Smad7mRNA,[],1400.0
BIOMD0000000994,S7,[],1400.0
BIOMD0000000994,Smad7mRNA1,[],1400.0
BIOMD0000000994,pS2_n,[],1400.0
BIOMD0000000994,pS2_pS2_S4_n,[],1400.0
BIOMD0000000994,pS2_pS2_pS2_n,[],1400.0
BIOMD0000000994,S2_n,[],1400.0
BIOMD0000000994,S4_n,[],1400.0
BIOMD0000000995,TGFb_R1_surface,[],1400.0
BIOMD0000000995,TGFb_R2_surface,[],1400.0
BIOMD0000000995,TGFb_R1_endo,[],1400.0
BIOMD0000000995,TGFb_R2_endo,[],1400.0
BIOMD0000000995,TGFb,[],1400.0
BIOMD0000000995,TGFb_In,[],1400.0
BIOMD0000000995,Active_R2,[],1400.0
BIOMD0000000995,Active_Rec,[],1400.0
BIOMD0000000995,Active_Rec_endo,[],1400.0
BIOMD0000000995,Inactive_Rec,[],1400.0
BIOMD0000000995,pS2_c,[],1400.0
BIOMD0000000995,S2_c,[],1400.0
BIOMD0000000995,S4_c,[],1400.0
BIOMD0000000995,pS2_pS2_S4_c,[],1400.0
BIOMD0000000995,pS2_pS2_pS2_c,[],1400.0
BIOMD0000000995,Smad7mRNA,[],1400.0
BIOMD0000000995,S7,[],1400.0
BIOMD0000000995,Smad7mRNA1,[],1400.0
BIOMD0000000995,pS2_n,[],1400.0
BIOMD0000000995,pS2_pS2_S4_n,[],1400.0
BIOMD0000000995,pS2_pS2_pS2_n,[],1400.0
BIOMD0000000995,S2_n,[],1400.0
BIOMD0000000995,S4_n,[],1400.0
BIOMD0000000996,TGFb_R1_surface,[],1400.0
BIOMD0000000996,TGFb_R2_surface,[],1400.0
BIOMD0000000996,TGFb_R1_endo,[],1400.0
BIOMD0000000996,TGFb_R2_endo,[],1400.0
BIOMD0000000996,TGFb,[],1400.0
BIOMD0000000996,TGFb_In,[],1400.0
BIOMD0000000996,Active_R2,[],1400.0
BIOMD0000000996,Active_Rec,[],1400.0
BIOMD0000000996,Active_Rec_endo,[],1400.0
BIOMD0000000996,Inactive_Rec,[],1400.0
BIOMD0000000996,pS2_c,[],1400.0
BIOMD0000000996,S2_c,[],1400.0
BIOMD0000000996,S4_c,[],1400.0
BIOMD0000000996,pS2_pS2_S4_c,[],1400.0
BIOMD0000000996,pS2_pS2_pS2_c,[],1400.0
BIOMD0000000996,Smad7mRNA,[],1400.0
BIOMD0000000996,S7,[],1400.0
BIOMD0000000996,Smad7mRNA1,[],1400.0
BIOMD0000000996,pS2_n,[],1400.0
BIOMD0000000996,pS2_pS2_S4_n,[],1400.0
BIOMD0000000996,pS2_pS2_pS2_n,[],1400.0
BIOMD0000000996,S2_n,[],1400.0
BIOMD0000000996,S4_n,[],1400.0
BIOMD0000000997,TGFb_R1_surface,[],300.0
BIOMD0000000997,TGFb_R2_surface,[],300.0
BIOMD0000000997,TGFb_R1_endo,[],300.0
BIOMD0000000997,TGFb_R2_endo,[],300.0
BIOMD0000000997,TGFb,[],300.0
BIOMD0000000997,TGFb_In,[],300.0
BIOMD0000000997,Active_R2,[],300.0
BIOMD0000000997,Active_Rec,[],300.0
BIOMD0000000997,Active_Rec_endo,[],300.0
BIOMD0000000997,Inactive_Rec,[],300.0
BIOMD0000000997,pS2_c,[],300.0
BIOMD0000000997,S2_c,[],300.0
BIOMD0000000997,S4_c,[],300.0
BIOMD0000000997,pS2_pS2_S4_c,[],300.0
BIOMD0000000997,pS2_pS2_pS2_c,[],300.0
BIOMD0000000997,Smad7mRNA,[],300.0
BIOMD0000000997,S7,[],300.0
BIOMD0000000997,Smad7mRNA1,[],300.0
BIOMD0000000997,pS2_n,[],300.0
BIOMD0000000997,pS2_pS2_S4_n,[],300.0
BIOMD0000000997,pS2_pS2_pS2_n,[],300.0
BIOMD0000000997,S2_n,[],300.0
BIOMD0000000997,S4_n,[],300.0
BIOMD0000000998,TGFb_R1_surface,[],1400.0
BIOMD0000000998,TGFb_R2_surface,[],1400.0
BIOMD0000000998,TGFb_R1_endo,[],1400.0
BIOMD0000000998,TGFb_R2_endo,[],1400.0
BIOMD0000000998,TGFb,[],1400.0
BIOMD0000000998,TGFb_In,[],1400.0
BIOMD0000000998,Active_R2,[],1400.0
BIOMD0000000998,Active_Rec,[],1400.0
BIOMD0000000998,Active_Rec_endo,[],1400.0
BIOMD0000000998,Inactive_Rec,[],1400.0
BIOMD0000000998,pS2_c,[],1400.0
BIOMD0000000998,S2_c,[],1400.0
BIOMD0000000998,S4_c,[],1400.0
BIOMD0000000998,pS2_pS2_S4_c,[],1400.0
BIOMD0000000998,pS2_pS2_pS2_c,[],1400.0
BIOMD0000000998,Smad7mRNA,[],1400.0
BIOMD0000000998,Smad7mRNA1,[],1400.0
BIOMD0000000998,S7,[],1400.0
BIOMD0000000998,pS2_n,[],1400.0
BIOMD0000000998,pS2_pS2_S4_n,[],1400.0
BIOMD0000000998,pS2_pS2_pS2_n,[],1400.0
BIOMD0000000998,S2_n,[],1400.0
BIOMD0000000998,S4_n,[],1400.0
BIOMD0000000999,TGFb_R1_surface,[],1400.0
BIOMD0000000999,TGFb_R2_surface,[],1400.0
BIOMD0000000999,TGFb_R1_endo,[],1400.0
BIOMD0000000999,TGFb_R2_endo,[],1400.0
BIOMD0000000999,TGFb,[],1400.0
BIOMD0000000999,TGFb_In,[],1400.0
BIOMD0000000999,Active_R2,[],1400.0
BIOMD0000000999,Active_Rec,[],1400.0
BIOMD0000000999,Active_Rec_endo,[],1400.0
BIOMD0000000999,Inactive_Rec,[],1400.0
BIOMD0000000999,pS2_c,[],1400.0
BIOMD0000000999,S2_c,[],1400.0
BIOMD0000000999,S4_c,[],1400.0
BIOMD0000000999,pS2_pS2_S4_c,[],1400.0
BIOMD0000000999,pS2_pS2_pS2_c,[],1400.0
BIOMD0000000999,Smad7mRNA,[],1400.0
BIOMD0000000999,Smad7mRNA1,[],1400.0
BIOMD0000000999,S7,[],1400.0
BIOMD0000000999,pS2_n,[],1400.0
BIOMD0000000999,pS2_pS2_S4_n,[],1400.0
BIOMD0000000999,pS2_pS2_pS2_n,[],1400.0
BIOMD0000000999,S2_n,[],1400.0
BIOMD0000000999,S4_n,[],1400.0
BIOMD0000001001,TGFb_R1_surface,[],1400.0
BIOMD0000001001,TGFb_R2_surface,[],1400.0
BIOMD0000001001,TGFb_R1_endo,[],1400.0
BIOMD0000001001,TGFb_R2_endo,[],1400.0
BIOMD0000001001,TGFb,[],1400.0
BIOMD0000001001,TGFb_In,[],1400.0
BIOMD0000001001,Active_R2,[],1400.0
BIOMD0000001001,Active_Rec,[],1400.0
BIOMD0000001001,Active_Rec_endo,[],1400.0
BIOMD0000001001,Inactive_Rec,[],1400.0
BIOMD0000001001,pS2_c,[],1400.0
BIOMD0000001001,S2_c,[],1400.0
BIOMD0000001001,S4_c,[],1400.0
BIOMD0000001001,pS2_pS2_S4_c,[],1400.0
BIOMD0000001001,pS2_pS2_pS2_c,[],1400.0
BIOMD0000001001,Smad7mRNA,[],1400.0
BIOMD0000001001,Smad7mRNA1,[],1400.0
BIOMD0000001001,S7,[],1400.0
BIOMD0000001001,pS2_n,[],1400.0
BIOMD0000001001,pS2_pS2_S4_n,[],1400.0
BIOMD0000001001,pS2_pS2_pS2_n,[],1400.0
BIOMD0000001001,S2_n,[],1400.0
BIOMD0000001001,S4_n,[],1400.0
BIOMD0000001002,TGFb_R1_surface,[],1400.0
BIOMD0000001002,TGFb_R2_surface,[],1400.0
BIOMD0000001002,TGFb_R1_endo,[],1400.0
BIOMD0000001002,TGFb_R2_endo,[],1400.0
BIOMD0000001002,TGFb,[],1400.0
BIOMD0000001002,TGFb_In,[],1400.0
BIOMD0000001002,Active_R2,[],1400.0
BIOMD0000001002,Active_Rec,[],1400.0
BIOMD0000001002,Active_Rec_endo,[],1400.0
BIOMD0000001002,Inactive_Rec,[],1400.0
BIOMD0000001002,pS2_c,[],1400.0
BIOMD0000001002,S2_c,[],1400.0
BIOMD0000001002,S4_c,[],1400.0
BIOMD0000001002,pS2_pS2_S4_c,[],1400.0
BIOMD0000001002,pS2_pS2_pS2_c,[],1400.0
BIOMD0000001002,Smad7mRNA,[],1400.0
BIOMD0000001002,Smad7mRNA1,[],1400.0
BIOMD0000001002,S7,[],1400.0
BIOMD0000001002,pS2_n,[],1400.0
BIOMD0000001002,pS2_pS2_S4_n,[],1400.0
BIOMD0000001002,pS2_pS2_pS2_n,[],1400.0
BIOMD0000001002,S2_n,[],1400.0
BIOMD0000001002,S4_n,[],1400.0
BIOMD0000001003,TGFb_R1_surface,[],1400.0
BIOMD0000001003,TGFb_R2_surface,[],1400.0
BIOMD0000001003,TGFb_R1_endo,[],1400.0
BIOMD0000001003,TGFb_R2_endo,[],1400.0
BIOMD0000001003,TGFb,[],1400.0
BIOMD0000001003,TGFb_In,[],1400.0
BIOMD0000001003,Active_R2,[],1400.0
BIOMD0000001003,Active_Rec,[],1400.0
BIOMD0000001003,Active_Rec_endo,[],1400.0
BIOMD0000001003,Inactive_Rec,[],1400.0
BIOMD0000001003,pS2_c,[],1400.0
BIOMD0000001003,S2_c,[],1400.0
BIOMD0000001003,S4_c,[],1400.0
BIOMD0000001003,pS2_pS2_S4_c,[],1400.0
BIOMD0000001003,pS2_pS2_pS2_c,[],1400.0
BIOMD0000001003,Smad7mRNA,[],1400.0
BIOMD0000001003,Smad7mRNA1,[],1400.0
BIOMD0000001003,S7,[],1400.0
BIOMD0000001003,pS2_n,[],1400.0
BIOMD0000001003,pS2_pS2_S4_n,[],1400.0
BIOMD0000001003,pS2_pS2_pS2_n,[],1400.0
BIOMD0000001003,S2_n,[],1400.0
BIOMD0000001003,S4_n,[],1400.0
BIOMD0000001004,IL6ext,[],70.0
BIOMD0000001004,IL6int,[],70.0
BIOMD0000001004,STAT3mRNA,[],70.0
BIOMD0000001004,STAT3prot_star,[],70.0
BIOMD0000001004,STAT3prot,[],70.0
BIOMD0000001004,TGFbext,[],70.0
BIOMD0000001004,TGFbint,[],70.0
BIOMD0000001004,RORgtmRNA,[],70.0
BIOMD0000001004,FOXP3prot_star,[],70.0
BIOMD0000001004,FOXP3mRNA,[],70.0
BIOMD0000001005,CRH,[0.041625],480.0
BIOMD0000001005,ACTH,[0.041625],480.0
BIOMD0000001005,F_HPA,[0.041625],480.0
BIOMD0000001005,F_Cell,[0.041625],480.0
BIOMD0000001005,y1,[0.041625],480.0
BIOMD0000001005,y2,[0.041625],480.0
BIOMD0000001005,y3,[0.041625],480.0
BIOMD0000001005,y4,[0.041625],480.0
BIOMD0000001005,y5,[0.041625],480.0
BIOMD0000001005,y6,"[0.00624375, 0.041625]",480.0
BIOMD0000001005,y7,[],480.0
BIOMD0000001005,NAD,[0.041625],480.0
BIOMD0000001005,NMN,[0.041625],480.0
BIOMD0000001005,NAM,"[0.00624375, 0.03954375]",480.0
BIOMD0000001005,EntF,[0.041625],480.0
BIOMD0000001005,SIRT1,[0.041625],480.0
BIOMD0000001005,y8,"[0.00624375, 0.041625]",480.0
BIOMD0000001005,NAMPT,"[0.00624375, 0.041625]",480.0
BIOMD0000001005,feed2,[0.041625],480.0
BIOMD0000001005,feed3,[0.041625],480.0
BIOMD0000001005,PGC1amRNA,[],480.0
BIOMD0000001005,PGC1a,[],480.0
BIOMD0000001005,PGC1aN,[],480.0
BIOMD0000001005,PGC1aNact,[],480.0
BIOMD0000001005,FOXO1,[],480.0
BIOMD0000001005,PckG6p,[],480.0
BIOMD0000001005,Phpa,[0.041625],480.0
BIOMD0000001005,MR,[0.041625],480.0
BIOMD0000001005,GR_Cell,[0.041625],480.0
BIOMD0000001005,FGR_Cell,[0.041625],480.0
BIOMD0000001005,FMR,[0.041625],480.0
BIOMD0000001005,FMRN,[0.041625],480.0
BIOMD0000001005,FGRN_Cell,[0.041625],480.0
BIOMD0000001005,P,[0.041625],480.0
BIOMD0000001005,mRNAP,[0.041625],480.0
BIOMD0000001005,mRNARP,[0.041625],480.0
BIOMD0000001005,Rp,"[0.0333, 0.041625]",480.0
BIOMD0000001005,PR,"[0.01665, 0.041625]",480.0
BIOMD0000001005,GR_HPA,[0.041625],480.0
BIOMD0000001005,FGR_HPA,[0.041625],480.0
BIOMD0000001005,FGRN_HPA,[0.041625],480.0
BIOMD0000001006,DNA_damage,[],1200.0
BIOMD0000001006,p53_total,"[0.001665, 0.0041625]",1200.0
BIOMD0000001006,p53_ub,"[0.001665, 0.0041625]",1200.0
BIOMD0000001006,p53_ub_ub,"[0.0041625, 0.0058275, 0.008325]",1200.0
BIOMD0000001006,Mdm2_cyt,"[0.001665, 0.0041625]",1200.0
BIOMD0000001006,Mdm2_p_cyt,"[0.001665, 0.0041625]",1200.0
BIOMD0000001006,Mdm2_p_nuc,"[0.001665, 0.0041625]",1200.0
BIOMD0000001007,p53,[0.08562857],140.0
BIOMD0000001007,MDM2cyt,[0.08562857],140.0
BIOMD0000001007,MDM2nuc,[0.08562857],140.0
BIOMD0000001008,Agonist_1,[],1.0
BIOMD0000001008,Agonist_2,[],1.0
BIOMD0000001009,MDM2cyt,[0.10989],100.0
BIOMD0000001009,MDM2nuc,[],100.0
BIOMD0000001009,p53_inact,[0.10989],100.0
BIOMD0000001009,p53_act,[0.10989],100.0
BIOMD0000001010,p53,[],200.0
BIOMD0000001010,MDM2,[0.01998],200.0
BIOMD0000001011,CAR_T_cells,[],60.0
BIOMD0000001011,Leukaemic_B_cells,[],60.0
BIOMD0000001011,B_cells_healthy,[],60.0
BIOMD0000001013,CAR_T_cells,[],60.0
BIOMD0000001013,Tumour_cells,[],60.0
BIOMD0000001014,CAR_T_cells_on_tumour,[],360.0
BIOMD0000001014,Tumour_cells,[],360.0
BIOMD0000001014,CAR_T_cells_off_tumour,[],360.0
BIOMD0000001014,B_cells,[],360.0
BIOMD0000001015,H,[],15.0
BIOMD0000001015,D,[],15.0
BIOMD0000001015,M,[],15.0
BIOMD0000001015,C,[],15.0
BIOMD0000001015,N,[],15.0
BIOMD0000001015,R,[],15.0
BIOMD0000001016,C3,[],100.0
BIOMD0000001016,C3b,[],100.0
BIOMD0000001016,C3bB_closed,[],100.0
BIOMD0000001016,C3bB_open,[],100.0
BIOMD0000001016,C3bBb,[],100.0
BIOMD0000001016,Bb,[],100.0
BIOMD0000001016,Factor_B,[],100.0
BIOMD0000001016,Factor_D,[],100.0
BIOMD0000001017,C3,[],8640.0
BIOMD0000001017,C3b,[],8640.0
BIOMD0000001017,C3bB_closed,[],8640.0
BIOMD0000001017,C3bB_open,[],8640.0
BIOMD0000001017,C3bBb,[],8640.0
BIOMD0000001017,C3bBbH,[],8640.0
BIOMD0000001017,Bb,[],8640.0
BIOMD0000001017,Factor_H,[],8640.0
BIOMD0000001017,Factor_B,[],8640.0
BIOMD0000001017,C3bH,[],8640.0
BIOMD0000001017,Factor_I,[],8640.0
BIOMD0000001017,iC3b,[],8640.0
BIOMD0000001017,Factor_D,[],8640.0
BIOMD0000001018,C3,[],8640.0
BIOMD0000001018,C3b,[],8640.0
BIOMD0000001018,C3bB_closed,[],8640.0
BIOMD0000001018,C3bB_open,[],8640.0
BIOMD0000001018,C3bBb,[],8640.0
BIOMD0000001018,C3bBbH,[],8640.0
BIOMD0000001018,Bb,[],8640.0
BIOMD0000001018,Factor_H,[],8640.0
BIOMD0000001018,Factor_B,[],8640.0
BIOMD0000001018,C3bH,[],8640.0
BIOMD0000001018,Factor_I,[],8640.0
BIOMD0000001018,iC3b,[],8640.0
BIOMD0000001018,Factor_D,[],8640.0
BIOMD0000001018,Properdin,[],8640.0
BIOMD0000001018,C3bBP_closed,[],8640.0
BIOMD0000001018,C3bBP_open,[],8640.0
BIOMD0000001018,C3bBbP,[],8640.0
BIOMD0000001018,C3bP,[],8640.0
BIOMD0000001019,Cm,[],500.00000000000006
BIOMD0000001019,Ct,"[0.003996, 0.00999, 0.013986]",500.00000000000006
BIOMD0000001019,T,[],500.00000000000006
BIOMD0000001020,Cm,[],15.0
BIOMD0000001020,Ct,[],15.0
BIOMD0000001020,T,[],15.0
BIOMD0000001021,Target_cells,[],4.0
BIOMD0000001021,Infected_cells,[0.4995],4.0
BIOMD0000001021,Infected_cells_antiviral,[],4.0
BIOMD0000001021,Refractory_cells,[],4.0
BIOMD0000001021,Virions,[],4.0
BIOMD0000001021,IFN,[],4.0
BIOMD0000001022,T,[],300.0
BIOMD0000001022,I,[],300.0
BIOMD0000001022,S,[],300.0
BIOMD0000001022,N,[],300.0
BIOMD0000001023,Normal_cells,[],30.0
BIOMD0000001023,Tumor_cells,[],30.0
BIOMD0000001023,Immune_cells,[],30.0
BIOMD0000001024,Expanding_CAR_T_cells,"[0.008325, 0.01665, 0.024975, 0.0333]",360.0
BIOMD0000001024,Tumor_cells,"[0.008325, 0.01665, 0.024975]",360.0
BIOMD0000001025,Tumor_cells,[],360.0
BIOMD0000001025,Expanding_CAR_T_cells,[],360.0
BIOMD0000001025,Persistent_CAR_T_cells,[],360.0
BIOMD0000001026,Mrbc,[],40.0
BIOMD0000001027,mLiver,[],30.0
BIOMD0000001027,mKidneyPlasma,[],30.0
BIOMD0000001027,mRemainder,[],30.0
BIOMD0000001027,mPlasmaVenous,[],30.0
BIOMD0000001027,mHeart,[],30.0
BIOMD0000001027,mMuscle,[],30.0
BIOMD0000001027,mAdipose,[],30.0
BIOMD0000001027,mBrain,[],30.0
BIOMD0000001027,mFeces,[],30.0
BIOMD0000001027,mUrine,[],30.0
BIOMD0000001027,mIntestineLumen,[],30.0
BIOMD0000001027,mPlasmaArterial,[],30.0
BIOMD0000001027,mLung,[],30.0
BIOMD0000001027,mPortalVein,[],30.0
BIOMD0000001027,mStomach,[],30.0
BIOMD0000001027,mIntestineEnterocytes,[],30.0
BIOMD0000001027,mKidneyTissue,[],30.0
BIOMD0000001027,mIntestineVascular,[],30.0
BIOMD0000001027,mStomachLumen,[],30.0
BIOMD0000001027,mKidneyTubular,[],30.0
BIOMD0000001028,mLiver,[],30.0
BIOMD0000001028,mKidneyPlasma,[],30.0
BIOMD0000001028,mRemainder,[],30.0
BIOMD0000001028,mPlasmaVenous,[],30.0
BIOMD0000001028,mHeart,[],30.0
BIOMD0000001028,mMuscle,[],30.0
BIOMD0000001028,mAdipose,[],30.0
BIOMD0000001028,mBrain,[],30.0
BIOMD0000001028,mFeces,[],30.0
BIOMD0000001028,mUrineExternal,[],30.0
BIOMD0000001028,mIntestineLumen,[],30.0
BIOMD0000001028,mPlasmaArterial,[],30.0
BIOMD0000001028,mLung,[],30.0
BIOMD0000001028,mPortalVein,[],30.0
BIOMD0000001028,mStomach,[],30.0
BIOMD0000001028,mEnterocytes,[],30.0
BIOMD0000001028,mKidneyTissue,[],30.0
BIOMD0000001028,mIntestineVascular,[],30.0
BIOMD0000001028,mStomachLumen,[],30.0
BIOMD0000001028,mRBC,[],30.0
BIOMD0000001028,mKidneyTubular,[],30.0
BIOMD0000001029,mLiver,[0.07992],100.0
BIOMD0000001029,mKidneyPlasma,[0.07992],100.0
BIOMD0000001029,mRemainder,[0.07992],100.0
BIOMD0000001029,mPlasmaVenous,[0.07992],100.0
BIOMD0000001029,mHeart,[0.07992],100.0
BIOMD0000001029,mMuscle,[0.07992],100.0
BIOMD0000001029,mAdipose,[0.07992],100.0
BIOMD0000001029,mBrain,[0.07992],100.0
BIOMD0000001029,mFeces,[],100.0
BIOMD0000001029,mUrineExternal,[],100.0
BIOMD0000001029,mIntestineLumen,"[0.07992, 0.16983]",100.0
BIOMD0000001029,mPlasmaArterial,[0.07992],100.0
BIOMD0000001029,mLung,[0.07992],100.0
BIOMD0000001029,mPortalVein,[0.07992],100.0
BIOMD0000001029,mStomach,[0.07992],100.0
BIOMD0000001029,mEnterocytes,[0.07992],100.0
BIOMD0000001029,mKidneyTissue,[0.07992],100.0
BIOMD0000001029,mIntestineVascular,[0.07992],100.0
BIOMD0000001029,mStomachLumen,"[0.07992, 0.16983, 0.24975]",100.0
BIOMD0000001029,mRBC,[],100.0
BIOMD0000001029,mKidneyTubular,[0.07992],100.0
BIOMD0000001030,Regulatory_cells,[],10.0
BIOMD0000001030,Effector_cells,[],10.0
BIOMD0000001031,uninfected_cancer_cells,[],100.0
BIOMD0000001031,infected_cancer_cells,[],100.0
BIOMD0000001031,free_virus,[],100.0
BIOMD0000001032,uninfected_cancer_cells,[],80.0
BIOMD0000001032,infected_cancer_cells,[],80.0
BIOMD0000001032,free_virus,[],80.0
BIOMD0000001032,damaged_cancer_cells,[],80.0
BIOMD0000001033,Uninfected_tumour_cells,[0.03996],100.0
BIOMD0000001033,Infected_tumour_cells,[0.05994],100.0
BIOMD0000001033,M1_macrophages,[0.03996],100.0
BIOMD0000001033,Uninfected_M2_macrophages,"[0.04995, 0.08991]",100.0
BIOMD0000001033,Infected_M2_macrophages,"[0.04995, 0.0999]",100.0
BIOMD0000001033,Oncolytic_viruses,[0.03996],100.0
BIOMD0000001034,BCG,[],20.0
BIOMD0000001034,Effector_cells,[],20.0
BIOMD0000001034,Tumor_infected_cells,[],20.0
BIOMD0000001034,Tumor_uninfected_cells,[],20.0
BIOMD0000001035,uninfected_cancer_cells,[],500.00000000000006
BIOMD0000001035,infected_cancer_cells,[],500.00000000000006
BIOMD0000001035,free_virus,[],500.00000000000006
BIOMD0000001035,immune_cells,[],500.00000000000006
BIOMD0000001036,Effector_cells,[0.007992],500.00000000000006
BIOMD0000001036,Tumor_cells,[0.007992],500.00000000000006
BIOMD0000001036,IL_2,[0.007992],500.00000000000006
BIOMD0000001037,Normal_cells,[],30.0
BIOMD0000001037,Tumor_cells,[0.1665],30.0
BIOMD0000001038,Normal_cells,[],30.0
BIOMD0000001038,Tumor_cells,[],30.0
BIOMD0000001038,Vitamins,[],30.0
BIOMD0000001039,mLiver,[],30.0
BIOMD0000001039,mKidneyPlasma,[],30.0
BIOMD0000001039,mRemainder,[],30.0
BIOMD0000001039,mPlasmaVenous,[],30.0
BIOMD0000001039,mHeart,[],30.0
BIOMD0000001039,mMuscle,[],30.0
BIOMD0000001039,mAdipose,[],30.0
BIOMD0000001039,mBrain,[],30.0
BIOMD0000001039,mFeces,[],30.0
BIOMD0000001039,mUrine,[],30.0
BIOMD0000001039,mIntestineLumen,[],30.0
BIOMD0000001039,mPlasmaArterial,[],30.0
BIOMD0000001039,mLung,[],30.0
BIOMD0000001039,mPortalVein,[],30.0
BIOMD0000001039,mStomach,[],30.0
BIOMD0000001039,mIntestineEnterocytes,[],30.0
BIOMD0000001039,mKidneyTissue,[],30.0
BIOMD0000001039,mIntestineVascular,[],30.0
BIOMD0000001039,mStomachLumen,[],30.0
BIOMD0000001039,mKidneyTubular,[],30.0
BIOMD0000001040,Mrbc,[],40.0
BIOMD0000001041,Normal_T_cells,[],200.0
BIOMD0000001041,CAR_T_cells,[],200.0
BIOMD0000001041,Antigen_presenting_tumour_cells,[],200.0
BIOMD0000001042,Tumor_cells,[],100.0
BIOMD0000001042,NK_cells,[],100.0
BIOMD0000001042,CD8_T_cells,[],100.0
BIOMD0000001042,CD4_T_cells,[],100.0
BIOMD0000001042,Circulating_lymphocytes,[],100.0
BIOMD0000001042,IL_2,[],100.0
BIOMD0000001043,uninfected_tumor_cells,[],100.0
BIOMD0000001043,infected_tumor_cells,[],100.0
BIOMD0000001043,virus_specific_CTLs,[],100.0
BIOMD0000001044,APCP,"[0.007992, 0.013986, 0.021978]",500.00000000000006
BIOMD0000001044,BCKI,[],500.00000000000006
BIOMD0000001044,Cdc20A,"[0.007992, 0.013986, 0.021978, 0.027972, 0.035964, 0.043956, 0.057942]",500.00000000000006
BIOMD0000001044,Cdc20i,[0.007992],500.00000000000006
BIOMD0000001044,Cdh1,[0.007992],500.00000000000006
BIOMD0000001044,CKI,"[0.007992, 0.013986]",500.00000000000006
BIOMD0000001044,CycA,[0.007992],500.00000000000006
BIOMD0000001044,CycB,"[0.007992, 0.013986]",500.00000000000006
BIOMD0000001044,CycE,"[0.007992, 0.013986]",500.00000000000006
BIOMD0000001044,Mass,"[0.007992, 0.013986]",500.00000000000006
BIOMD0000001044,pB,"[0.007992, 0.013986, 0.021978, 0.035964]",500.00000000000006
BIOMD0000001044,pBCKI,[],500.00000000000006
BIOMD0000001044,TriA,[0.007992],500.00000000000006
BIOMD0000001044,TriE,"[0.007992, 0.013986]",500.00000000000006
BIOMD0000001045,Infected,[],140.0
BIOMD0000001045,Recovered,[],140.0
BIOMD0000001045,Susceptible,[],140.0
BIOMD0000001047,delta1,[],25.0
BIOMD0000001047,delta2,[],25.0
BIOMD0000001047,notch1,[],25.0
BIOMD0000001047,notch2,[],25.0
BIOMD0000001048,Ttum,[],300.0
BIOMD0000001048,Tplas,[],300.0
BIOMD0000001048,Tnew,[],300.0
BIOMD0000001052,I,[],30.0
BIOMD0000001052,N,[],30.0
BIOMD0000001052,T,[],30.0
BIOMD0000001053,Gp,[0.43956],25.0
BIOMD0000001053,Ai,[0.43956],25.0
BIOMD0000001053,Am,[0.43956],25.0
BIOMD0000001053,Ap,[0.43956],25.0
BIOMD0000001053,Gm,[0.43956],25.0
BIOMD0000001053,Gi,[0.43956],25.0
BIOMD0000001054,Fbna,[],200.0
BIOMD0000001054,FM,[],200.0
BIOMD0000001054,Thb,[],200.0
BIOMD0000001054,Fbni,[],200.0
BIOMD0000001054,C0,[],200.0
BIOMD0000001054,C1,[],200.0
BIOMD0000001054,C2,[],200.0
BIOMD0000001055,Glucose,[],10.0
BIOMD0000001055,Fructose_6_Phosphate,[],10.0
BIOMD0000001055,Fructose_1_6_Bisphosphate,[],10.0
BIOMD0000001055,_3_Phosphoglycerate,[],10.0
BIOMD0000001055,Phosphoenolpyruvate,[],10.0
BIOMD0000001055,Pyruvate,[],10.0
BIOMD0000001055,Oxaloacetate,[],10.0
BIOMD0000001055,Metabolic_outcome_of_Pentose_Phosphate_Shunt,[],10.0
BIOMD0000001055,Metabolic_outcome_of_Serine_Biosynthesis_Flux,[],10.0
BIOMD0000001055,Metabolic_outcome_of_Glycolytic_Flux,[],10.0
BIOMD0000001055,Phosphofructokinase_1,[],10.0
BIOMD0000001055,Fructose_1_6_Bisphosphatase,[],10.0
BIOMD0000001055,Large_sized_enzyme_clusters,[],10.0
BIOMD0000001055,Medium_sized_enzyme_clusters,[],10.0
BIOMD0000001055,Small_sized_enzyme_clusters,[],10.0
BIOMD0000001055,Pyruvate_Kinase_M2_dimers,[],10.0
BIOMD0000001055,Phosphoenolpyruvate_Carboxykinase_1,[],10.0
BIOMD0000001055,Glycosylated_Phosphofructokinase,[],10.0
BIOMD0000001055,Pyruvate_Kinase_M2_tetramers,[],10.0
BIOMD0000001056,C1,[],10000.0
BIOMD0000001056,C2,[0.0002997],10000.0
BIOMD0000001056,C3,[0.0002997],10000.0
BIOMD0000001057,TFp53,[],12000.0
BIOMD0000001057,miR34a,[],12000.0
BIOMD0000001058,Cln,[0.00999],200.0
BIOMD0000001058,ClbSt,[0.01998],200.0
BIOMD0000001058,MBF,[0.00999],200.0
BIOMD0000001058,Nrm1t,[0.00999],200.0
BIOMD0000001058,ClbMt,[0.00999],200.0
BIOMD0000001058,Polo,[0.00999],200.0
BIOMD0000001058,Sic1t,"[0.00999, 0.01998]",200.0
BIOMD0000001058,SBF,[0.00999],200.0
BIOMD0000001058,Cdh1,"[0.00999, 0.01998]",200.0
BIOMD0000001058,Cdc14,"[0.00999, 0.01998]",200.0
BIOMD0000001059,pc3,[],7000.0
BIOMD0000001059,c3,[],7000.0
BIOMD0000001059,iap,[],7000.0
BIOMD0000001059,survivin,[],7000.0
BIOMD0000001059,cascade,[],7000.0
BIOMD0000001059,iapc3,[],7000.0
BIOMD0000001059,iapsmac,[],7000.0
BIOMD0000001059,sursmac,[],7000.0
BIOMD0000001059,smacmit,[],7000.0
BIOMD0000001059,smac,[],7000.0
BIOMD0000001060,x1,[],40.0
BIOMD0000001060,x2,[],40.0
