system_id,aggregation_type,mean,min,max,count,invalid_count,p05,p10,p20,p25,p30,p50,p80,p90,p95,p99
BIOMD0000000005,model,0.0,0.0,0.0,4,2,0.0,0.0,0.0,0.0,0.0,0.0,0.0,0.0,0.0,0.0
BIOMD0000000005,C2,,,,0,1000,,,,,,,,,,
BIOMD0000000005,CP,0.006316350936584499,0.0,1.0,1000,0,0.0,0.0,0.0,0.0,0.0,0.0,0.0,0.0,0.0,0.0
BIOMD0000000005,M,0.0,0.0,0.0,284,716,0.0,0.0,0.0,0.0,0.0,0.0,0.0,0.0,0.0,0.0
BIOMD0000000005,pM,0.0020819719057414464,0.0,1.0,961,39,0.0,0.0,0.0,0.0,0.0,0.0,0.0,0.0,0.0,0.0
BIOMD0000000005,Y,,,,0,1000,,,,,,,,,,
BIOMD0000000005,YP,0.0,0.0,0.0,530,470,0.0,0.0,0.0,0.0,0.0,0.0,0.0,0.0,0.0,0.0
BIOMD0000000010,model,0.0,0.0,0.0,8,0,0.0,0.0,0.0,0.0,0.0,0.0,0.0,0.0,0.0,0.0
BIOMD0000000010,MKKK,0.0977021591221872,0.0,1.0,1000,0,0.0,0.0,0.0,0.0,0.0,0.0,0.0,0.48989721585359314,0.8290366516125259,0.9703842461513563
BIOMD0000000010,MKKK_P,0.04546318175415969,0.0,1.0,1000,0,0.0,0.0,0.0,0.0,0.0,0.0,0.0,0.0,0.49105061722327603,0.9734517353035805
BIOMD0000000010,MKK,0.010894020864902104,0.0,1.0,1000,0,0.0,0.0,0.0,0.0,0.0,0.0,0.0,0.0,0.0,0.6067965407252689
BIOMD0000000010,MKK_P,0.03629524383074561,0.0,1.0,1000,0,0.0,0.0,0.0,0.0,0.0,0.0,0.0,0.0,0.2962135288680259,0.804734306681738
BIOMD0000000010,MKK_PP,0.01970611312079296,0.0,1.0,1000,0,0.0,0.0,0.0,0.0,0.0,0.0,0.0,0.0,0.19949898302289604,0.36257109394135756
BIOMD0000000010,MAPK,0.023770450000219663,0.0,1.0,1000,0,0.0,0.0,0.0,0.0,0.0,0.0,0.0,0.0,0.0,0.8318766606487685
BIOMD0000000010,MAPK_P,0.015314466632516158,0.0,1.0,1000,0,0.0,0.0,0.0,0.0,0.0,0.0,0.0,0.0,0.0,0.7517537058912744
BIOMD0000000010,MAPK_PP,0.039481655518271104,0.0,1.0,1000,0,0.0,0.0,0.0,0.0,0.0,0.0,0.0,0.0,0.38247956884216816,0.8551098948326227
BIOMD0000000042,model,0.0,0.0,0.0,15,0,0.0,0.0,0.0,0.0,0.0,0.0,0.0,0.0,0.0,0.0
BIOMD0000000042,ATP,0.054904538972584196,0.0,1.0,1000,0,0.0,0.0,0.0,0.0,0.0,0.0,0.0,0.0,0.6926382475985481,0.9886232975812617
BIOMD0000000042,ADP,0.019251274367344896,0.0,1.0,1000,0,0.0,0.0,0.0,0.0,0.0,0.0,0.0,0.0,0.0,0.9011838241496773
BIOMD0000000042,AMP,0.05801397693024458,0.0,0.9637155793384644,213,787,0.0,0.0,0.0,0.0,0.0,0.0,0.0,0.0,0.7435315374194932,0.9363427693496583
BIOMD0000000042,GLC,0.11717136024571048,0.0,0.9999999999999999,1000,0,0.0,0.0,0.0,0.0,0.0,0.0,0.0,0.8271483901791867,0.9693253181404397,0.9965360004166653
BIOMD0000000042,F6P,0.009432590652253669,0.0,1.0,1000,0,0.0,0.0,0.0,0.0,0.0,0.0,0.0,0.0,0.0,0.42944916967095675
BIOMD0000000042,FBP,0.009564743591173557,0.0,0.9831194722764071,998,2,0.0,0.0,0.0,0.0,0.0,0.0,0.0,0.0,0.0,0.4889376469255542
BIOMD0000000042,GAP,0.021355829238836714,0.0,0.9945112482301095,997,3,0.0,0.0,0.0,0.0,0.0,0.0,0.0,0.0,0.0,0.906765654165087
BIOMD0000000042,NAD,0.04543418955839713,0.0,1.0,1000,0,0.0,0.0,0.0,0.0,0.0,0.0,0.0,0.0,0.5496368359750838,0.9798881913964448
BIOMD0000000042,NADH,0.057810461444138345,0.0,1.0,1000,0,0.0,0.0,0.0,0.0,0.0,0.0,0.0,0.0,0.7231022310907084,0.9706100365765757
BIOMD0000000042,DPG,0.030432271219202847,0.0,1.0,1000,0,0.0,0.0,0.0,0.0,0.0,0.0,0.0,0.0,0.032730432668433194,0.8458897254811879
BIOMD0000000042,PEP,0.009375143503709256,0.0,0.9667560624456937,994,6,0.0,0.0,0.0,0.0,0.0,0.0,0.0,0.0,0.0,0.41078317935489866
BIOMD0000000042,PYR,0.007235078028417271,0.0,0.9972635522805263,997,3,0.0,0.0,0.0,0.0,0.0,0.0,0.0,0.0,0.0,0.1854762367651193
BIOMD0000000042,ACA,0.018788710799329783,0.0,1.0,1000,0,0.0,0.0,0.0,0.0,0.0,0.0,0.0,0.0,0.0,0.8376439399661478
BIOMD0000000042,EtOH,0.047139357763982745,0.0,1.0,1000,0,0.0,0.0,0.0,0.0,0.0,0.0,0.0,0.0,0.5064303153369775,0.9548362734106436
BIOMD0000000042,P,0.03147106036084515,0.0,0.9996220800322032,999,1,0.0,0.0,0.0,0.0,0.0,0.0,0.0,0.0,0.08425396272195305,0.9402294052470342
BIOMD0000000234,model,0.06898694692244085,0.0,0.1379738938448817,2,0,0.006898694692244085,0.01379738938448817,0.02759477876897634,0.03449347346122043,0.04139216815346451,0.06898694692244085,0.11037911507590537,0.12417650446039354,0.13107519915263763,0.1365941549064329
BIOMD0000000234,Ce,0.12905374110280277,0.0,0.9926041722851336,999,1,0.0,0.0,0.0,0.0,0.0,0.0,0.243840466909913,0.6079401010556184,0.7967200460836388,0.9467352796164946
BIOMD0000000234,Size,0.6256994485155535,0.07990978890988298,1.0,1000,0,0.09498816039828535,0.1379738938448817,0.26253623998004944,0.33668546816469735,0.4082483449524761,0.696995887237824,0.9558921533277513,0.9861904145588793,0.9932124533766002,0.9989560768403604
BIOMD0000000278,model,,,,0,3,,,,,,,,,,
BIOMD0000000278,R,,,,0,1000,,,,,,,,,,
BIOMD0000000278,B,,,,0,1000,,,,,,,,,,
BIOMD0000000278,C,,,,0,1000,,,,,,,,,,
BIOMD0000000279,model,0.999999800047231,0.9999994961317488,0.9999999966688637,3,0,0.999999537252682,0.9999995783736151,0.9999996606154814,0.9999997017364146,0.9999997428573477,0.9999999073410804,0.9999999609377503,0.999999978803307,0.9999999877360854,0.9999999948823081
BIOMD0000000279,x1,0.9999997859860613,0.9999994799422001,1.0,1000,0,0.9999994840112355,0.9999994961317488,0.9999995445272107,0.999999580802162,0.9999996251285956,0.9999998319279595,0.9999999779723743,0.9999999902101921,0.9999999962040979,0.9999999994272477
BIOMD0000000279,x2,0.9999999518982075,0.9999998949524213,1.0,1000,0,0.9999999026644316,0.9999999073410804,0.9999999249168766,0.999999930841585,0.9999999363439028,0.9999999543232658,0.9999999783359339,0.999999992351594,0.9999999988081125,0.9999999995827739
BIOMD0000000279,z,0.999999998176772,0.9999999964109417,1.0,1000,0,0.9999999965375579,0.9999999966688637,0.9999999970034001,0.9999999971656178,0.9999999973380004,0.999999998084246,0.9999999994246452,0.9999999997163737,0.9999999998707194,0.9999999999735076
BIOMD0000000297,model,0.054310669645007685,0.0,0.9775920536101383,18,1,0.0,0.0,0.0,0.0,0.0,0.0,0.0,0.0,0.14663880804151935,0.8114014044964132
BIOMD0000000297,Trim,0.015048967350655026,0.0,1.0,587,413,0.0,0.0,0.0,0.0,0.0,0.0,0.0,0.0,0.0,0.9056499232327782
BIOMD0000000297,Clb,0.010043220729267428,0.0,1.0,443,557,0.0,0.0,0.0,0.0,0.0,0.0,0.0,0.0,0.0,0.4069142137044016
BIOMD0000000297,Sic,0.0034637403181983707,0.0,0.24338065893098026,590,410,0.0,0.0,0.0,0.0,0.0,0.0,0.0,0.0,0.0,0.16343842587080037
BIOMD0000000297,PTrim,0.0,0.0,0.0,258,742,0.0,0.0,0.0,0.0,0.0,0.0,0.0,0.0,0.0,0.0
BIOMD0000000297,PClb,0.0,0.0,0.0,392,608,0.0,0.0,0.0,0.0,0.0,0.0,0.0,0.0,0.0,0.0
BIOMD0000000297,SBF,0.002983246681499938,0.0,0.9999999999999999,1000,0,0.0,0.0,0.0,0.0,0.0,0.0,0.0,0.0,0.0,0.0
BIOMD0000000297,IE,0.15470888138204755,0.0,1.0,334,666,0.0,0.0,0.0,0.0,0.0,0.0,0.00048432961979596144,0.8961920149149074,0.9896616970164378,0.9985792095900206
BIOMD0000000297,Cdc20a,0.3650715248803558,0.0,1.0,167,833,0.0,0.0,0.0,0.0,0.0,0.0,0.9139987150594161,0.9614957630369392,0.9816625364365084,0.995768374200625
BIOMD0000000297,Cdc20,0.02033832459490706,0.0,1.0,996,4,0.0,0.0,0.0,0.0,0.0,0.0,0.0,0.0,0.0,0.9058701265508093
BIOMD0000000297,Cdh1,0.02751872626682825,0.0,1.0,555,445,0.0,0.0,0.0,0.0,0.0,0.0,0.0,0.0,0.0,0.9237510557758423
BIOMD0000000297,Swe1,0.0020728792079480257,0.0,0.719289085157965,347,653,0.0,0.0,0.0,0.0,0.0,0.0,0.0,0.0,0.0,0.0
BIOMD0000000297,Swe1M,0.018720789196880267,0.0,1.0,960,40,0.0,0.0,0.0,0.0,0.0,0.0,0.0,0.0,0.0,0.8284821945907694
BIOMD0000000297,PSwe1,,,,0,1000,,,,,,,,,,
BIOMD0000000297,PSwe1M,0.005697906882597175,0.0,1.0,346,654,0.0,0.0,0.0,0.0,0.0,0.0,0.0,0.0,0.0,0.0
BIOMD0000000297,Mih1a,0.04549505092823817,0.0,0.9999999999999999,429,571,0.0,0.0,0.0,0.0,0.0,0.0,0.0,0.0,0.19023921542648842,0.9936366687983301
BIOMD0000000297,Mcm,0.041425389261552745,0.0,1.0,488,512,0.0,0.0,0.0,0.0,0.0,0.0,0.0,0.0,0.26488572515130215,0.9808755732750223
BIOMD0000000297,BE,0.00694020673309497,0.0,0.8315611455016414,985,15,0.0,0.0,0.0,0.0,0.0,0.0,0.0,0.0,0.0,0.29449450654064885
BIOMD0000000297,Cln,0.013671367239884196,0.0,1.0,1000,0,0.0,0.0,0.0,0.0,0.0,0.0,0.0,0.0,0.0,0.7626944543267097
BIOMD0000000297,mass,0.9747182028339181,0.3963059746634161,1.0,1000,0,0.830136431019307,0.9775920536101383,0.9844032275090545,0.9897162289682248,0.9941035004011992,0.9999147942146875,0.9999984475308449,0.9999999123583002,0.9999999889536666,0.9999999987984776
BIOMD0000000338,model,0.023255813953488372,0.0,1.0,43,11,0.0,0.0,0.0,0.0,0.0,0.0,0.0,0.0,0.0,0.5799999999999983
BIOMD0000000338,IIa,0.0025691037043896504,0.0,0.3908063437819441,271,729,0.0,0.0,0.0,0.0,0.0,0.0,0.0,0.0,0.0,0.0
BIOMD0000000338,VIII,1.0,1.0,1.0,1,999,1.0,1.0,1.0,1.0,1.0,1.0,1.0,1.0,1.0,1.0
BIOMD0000000338,VIIIa,0.061118800667069505,0.0,0.7664898819597443,27,973,0.0,0.0,0.0,0.0,0.0,0.0,0.0,0.17582120128173928,0.44278121395405445,0.6826853431903749
BIOMD0000000338,APC_PS,0.002480357836317781,0.0,0.6875125290381787,506,494,0.0,0.0,0.0,0.0,0.0,0.0,0.0,0.0,0.0,0.0
BIOMD0000000338,IX,0.0014845538036898506,0.0,1.0,1000,0,0.0,0.0,0.0,0.0,0.0,0.0,0.0,0.0,0.0,0.0
BIOMD0000000338,IXa,0.01571617460018499,0.0,0.9958240114158082,999,1,0.0,0.0,0.0,0.0,0.0,0.0,0.0,0.0,0.0,0.9017203069429162
BIOMD0000000338,XIa,0.0014750567392088885,0.0,1.0,1000,0,0.0,0.0,0.0,0.0,0.0,0.0,0.0,0.0,0.0,0.0
BIOMD0000000338,XI,0.0014749584754905295,0.0,1.0,1000,0,0.0,0.0,0.0,0.0,0.0,0.0,0.0,0.0,0.0,0.0
BIOMD0000000338,XIIa,0.0,0.0,0.0,968,32,0.0,0.0,0.0,0.0,0.0,0.0,0.0,0.0,0.0,0.0
BIOMD0000000338,VII,0.001486411470413673,0.0,1.0,1000,0,0.0,0.0,0.0,0.0,0.0,0.0,0.0,0.0,0.0,0.0
BIOMD0000000338,VIIa,0.0,0.0,0.0,104,896,0.0,0.0,0.0,0.0,0.0,0.0,0.0,0.0,0.0,0.0
BIOMD0000000338,X,0.0014863798452802296,0.0,1.0,1000,0,0.0,0.0,0.0,0.0,0.0,0.0,0.0,0.0,0.0,0.0
BIOMD0000000338,Xa,0.006445411409193157,0.0,0.9100421051276593,997,3,0.0,0.0,0.0,0.0,0.0,0.0,0.0,0.0,0.0,0.18816324639219154
BIOMD0000000338,IXa_VIIIa,0.09203743255846515,0.0,0.9324229608722626,76,924,0.0,0.0,0.0,0.0,0.0,0.0,0.0,0.5042648512262695,0.6807810191756721,0.8289311295448553
BIOMD0000000338,V,0.00239777942274026,0.0,1.0,789,211,0.0,0.0,0.0,0.0,0.0,0.0,0.0,0.0,0.0,0.0
BIOMD0000000338,Va,0.0007471733613159039,0.0,0.7441846678706403,996,4,0.0,0.0,0.0,0.0,0.0,0.0,0.0,0.0,0.0,0.0
BIOMD0000000338,II,0.001486369515332811,0.0,1.0,1000,0,0.0,0.0,0.0,0.0,0.0,0.0,0.0,0.0,0.0,0.0
BIOMD0000000338,F,0.0007495405991906461,0.0,0.4663739798065234,998,2,0.0,0.0,0.0,0.0,0.0,0.0,0.0,0.0,0.0,0.0
BIOMD0000000338,Fg,0.00157250373361427,0.0,1.0,1000,0,0.0,0.0,0.0,0.0,0.0,0.0,0.0,0.0,0.0,0.0
BIOMD0000000338,P,0.003149820113123796,0.0,0.8976013360142241,996,4,0.0,0.0,0.0,0.0,0.0,0.0,0.0,0.0,0.0,0.0
BIOMD0000000338,XF,0.0028223252881742844,0.0,0.8751092548903664,992,8,0.0,0.0,0.0,0.0,0.0,0.0,0.0,0.0,0.0,0.0
BIOMD0000000338,XIII,0.0014835739852491407,0.0,1.0,1000,0,0.0,0.0,0.0,0.0,0.0,0.0,0.0,0.0,0.0,0.0
BIOMD0000000338,Pg,0.0014868146228712502,0.0,1.0,1000,0,0.0,0.0,0.0,0.0,0.0,0.0,0.0,0.0,0.0,0.0
BIOMD0000000338,APC,0.0038482243253566547,0.0,0.7542519677699043,196,804,0.0,0.0,0.0,0.0,0.0,0.0,0.0,0.0,0.0,0.0
BIOMD0000000338,IIa_Tmod,0.0032772872355101147,0.0,0.8193218088775287,250,750,0.0,0.0,0.0,0.0,0.0,0.0,0.0,0.0,0.0,0.0
BIOMD0000000338,PC,0.0014861323459615923,0.0,0.9999999999999999,1000,0,0.0,0.0,0.0,0.0,0.0,0.0,0.0,0.0,0.0,0.0
BIOMD0000000338,Tmod,0.0014897409330998958,0.0,0.9999999999999999,1000,0,0.0,0.0,0.0,0.0,0.0,0.0,0.0,0.0,0.0,0.0
BIOMD0000000338,TF,,,,0,1000,,,,,,,,,,
BIOMD0000000338,VIIa_TF,,,,0,1000,,,,,,,,,,
BIOMD0000000338,VII_TF,,,,0,1000,,,,,,,,,,
BIOMD0000000338,Xa_TFPI,0.0015796060496968399,0.0,0.2731245999378651,245,755,0.0,0.0,0.0,0.0,0.0,0.0,0.0,0.0,0.0,0.0
BIOMD0000000338,TFPI,0.0017552398582134758,0.0,1.0,1000,0,0.0,0.0,0.0,0.0,0.0,0.0,0.0,0.0,0.0,0.0
BIOMD0000000338,PS,0.0014863455138861162,0.0,1.0,1000,0,0.0,0.0,0.0,0.0,0.0,0.0,0.0,0.0,0.0,0.0
BIOMD0000000338,VKH2,0.0014864129281092651,0.0,1.0,1000,0,0.0,0.0,0.0,0.0,0.0,0.0,0.0,0.0,0.0,0.0
BIOMD0000000338,Va_Xa,0.0025275660594209115,0.0,0.2679220022986166,106,894,0.0,0.0,0.0,0.0,0.0,0.0,0.0,0.0,0.0,0.0
BIOMD0000000338,CA,,,,0,1000,,,,,,,,,,
BIOMD0000000338,XII,0.0013353669918363918,0.0,1.0,1000,0,0.0,0.0,0.0,0.0,0.0,0.0,0.0,0.0,0.0,0.0
BIOMD0000000338,K,0.0,0.0,0.0,967,33,0.0,0.0,0.0,0.0,0.0,0.0,0.0,0.0,0.0,0.0
BIOMD0000000338,ATIII_Heparin,,,,0,1000,,,,,,,,,,
BIOMD0000000338,Xa_ATIII_Heparin,,,,0,1000,,,,,,,,,,
BIOMD0000000338,VK,0.0014871345926304729,0.0,1.0,1000,0,0.0,0.0,0.0,0.0,0.0,0.0,0.0,0.0,0.0,0.0
BIOMD0000000338,VKO,0.0014864114717446852,0.0,1.0,1000,0,0.0,0.0,0.0,0.0,0.0,0.0,0.0,0.0,0.0,0.0
BIOMD0000000338,Pk,0.0014718296994719457,0.0,1.0,1000,0,0.0,0.0,0.0,0.0,0.0,0.0,0.0,0.0,0.0,0.0
BIOMD0000000338,FDP,0.00683619377866653,0.0,0.8903339901755746,999,1,0.0,0.0,0.0,0.0,0.0,0.0,0.0,0.0,0.0,0.38339516670080076
BIOMD0000000338,D,0.0,0.0,0.0,984,16,0.0,0.0,0.0,0.0,0.0,0.0,0.0,0.0,0.0,0.0
BIOMD0000000338,TAT,0.006289003047813413,0.0,0.9084736391530552,990,10,0.0,0.0,0.0,0.0,0.0,0.0,0.0,0.0,0.0,0.2734280913096851
BIOMD0000000338,VIIa_TF_Xa_TFPI,,,,0,1000,,,,,,,,,,
BIOMD0000000338,XIIIa,0.0,0.0,0.0,991,9,0.0,0.0,0.0,0.0,0.0,0.0,0.0,0.0,0.0,0.0
BIOMD0000000338,IIa_ATIII_Heparin,,,,0,1000,,,,,,,,,,
BIOMD0000000338,IXa_ATIII_Heparin,,,,0,1000,,,,,,,,,,
BIOMD0000000338,VK_p,0.0,0.0,0.0,763,237,0.0,0.0,0.0,0.0,0.0,0.0,0.0,0.0,0.0,0.0
BIOMD0000000338,C_warf,,,,0,1000,,,,,,,,,,
BIOMD0000000338,A_warf,,,,0,1000,,,,,,,,,,
BIOMD0000000338,Integral_Fibrin,0.0024570734770211844,0.0,0.9017690393924321,997,3,0.0,0.0,0.0,0.0,0.0,0.0,0.0,0.0,0.0,0.0
BIOMD0000000339,model,0.023255813953488372,0.0,1.0,43,11,0.0,0.0,0.0,0.0,0.0,0.0,0.0,0.0,0.0,0.5799999999999983
BIOMD0000000339,IIa,0.0,0.0,0.0,21,979,0.0,0.0,0.0,0.0,0.0,0.0,0.0,0.0,0.0,0.0
BIOMD0000000339,VIII,1.0,1.0,1.0,1,999,1.0,1.0,1.0,1.0,1.0,1.0,1.0,1.0,1.0,1.0
BIOMD0000000339,VIIIa,0.0,0.0,0.0,3,997,0.0,0.0,0.0,0.0,0.0,0.0,0.0,0.0,0.0,0.0
BIOMD0000000339,APC_PS,0.0,0.0,0.0,17,983,0.0,0.0,0.0,0.0,0.0,0.0,0.0,0.0,0.0,0.0
BIOMD0000000339,IX,0.043478260869565216,0.0,1.0,23,977,0.0,0.0,0.0,0.0,0.0,0.0,0.0,0.0,0.0,0.7800000000000011
BIOMD0000000339,IXa,0.0,0.0,0.0,22,978,0.0,0.0,0.0,0.0,0.0,0.0,0.0,0.0,0.0,0.0
BIOMD0000000339,XIa,0.0,0.0,0.0,18,982,0.0,0.0,0.0,0.0,0.0,0.0,0.0,0.0,0.0,0.0
BIOMD0000000339,XI,0.043478260869565216,0.0,1.0,23,977,0.0,0.0,0.0,0.0,0.0,0.0,0.0,0.0,0.0,0.7800000000000011
BIOMD0000000339,XIIa,,,,0,1000,,,,,,,,,,
BIOMD0000000339,VII,0.25,0.0,1.0,4,996,0.0,0.0,0.0,0.0,0.0,0.0,0.40000000000000036,0.7000000000000002,0.8499999999999996,0.9699999999999998
BIOMD0000000339,VIIa,,,,0,1000,,,,,,,,,,
BIOMD0000000339,X,0.043478260869565216,0.0,1.0,23,977,0.0,0.0,0.0,0.0,0.0,0.0,0.0,0.0,0.0,0.7800000000000011
BIOMD0000000339,Xa,0.0,0.0,0.0,22,978,0.0,0.0,0.0,0.0,0.0,0.0,0.0,0.0,0.0,0.0
BIOMD0000000339,IXa_VIIIa,0.0,0.0,0.0,22,978,0.0,0.0,0.0,0.0,0.0,0.0,0.0,0.0,0.0,0.0
BIOMD0000000339,V,0.2,0.0,1.0,5,995,0.0,0.0,0.0,0.0,0.0,0.0,0.20000000000000018,0.6000000000000001,0.7999999999999998,0.96
BIOMD0000000339,Va,0.0,0.0,0.0,22,978,0.0,0.0,0.0,0.0,0.0,0.0,0.0,0.0,0.0,0.0
BIOMD0000000339,II,0.043478260869565216,0.0,1.0,23,977,0.0,0.0,0.0,0.0,0.0,0.0,0.0,0.0,0.0,0.7800000000000011
BIOMD0000000339,F,0.0,0.0,0.0,22,978,0.0,0.0,0.0,0.0,0.0,0.0,0.0,0.0,0.0,0.0
BIOMD0000000339,Fg,0.043478260869565216,0.0,1.0,23,977,0.0,0.0,0.0,0.0,0.0,0.0,0.0,0.0,0.0,0.7800000000000011
BIOMD0000000339,P,0.0,0.0,0.0,22,978,0.0,0.0,0.0,0.0,0.0,0.0,0.0,0.0,0.0,0.0
BIOMD0000000339,XF,0.0,0.0,0.0,20,980,0.0,0.0,0.0,0.0,0.0,0.0,0.0,0.0,0.0,0.0
BIOMD0000000339,XIII,0.043478260869565216,0.0,1.0,23,977,0.0,0.0,0.0,0.0,0.0,0.0,0.0,0.0,0.0,0.7800000000000011
BIOMD0000000339,Pg,0.043478260869565216,0.0,1.0,23,977,0.0,0.0,0.0,0.0,0.0,0.0,0.0,0.0,0.0,0.7800000000000011
BIOMD0000000339,APC,0.0,0.0,0.0,18,982,0.0,0.0,0.0,0.0,0.0,0.0,0.0,0.0,0.0,0.0
BIOMD0000000339,IIa_Tmod,0.0,0.0,0.0,19,981,0.0,0.0,0.0,0.0,0.0,0.0,0.0,0.0,0.0,0.0
BIOMD0000000339,PC,0.043478260869565216,0.0,1.0,23,977,0.0,0.0,0.0,0.0,0.0,0.0,0.0,0.0,0.0,0.7800000000000011
BIOMD0000000339,Tmod,0.043478260869565216,0.0,1.0,23,977,0.0,0.0,0.0,0.0,0.0,0.0,0.0,0.0,0.0,0.7800000000000011
BIOMD0000000339,TF,0.045454545454545456,0.0,1.0,22,978,0.0,0.0,0.0,0.0,0.0,0.0,0.0,0.0,0.0,0.7899999999999991
BIOMD0000000339,VIIa_TF,0.0,0.0,0.0,22,978,0.0,0.0,0.0,0.0,0.0,0.0,0.0,0.0,0.0,0.0
BIOMD0000000339,VII_TF,0.0,0.0,0.0,3,997,0.0,0.0,0.0,0.0,0.0,0.0,0.0,0.0,0.0,0.0
BIOMD0000000339,Xa_TFPI,0.0,0.0,0.0,20,980,0.0,0.0,0.0,0.0,0.0,0.0,0.0,0.0,0.0,0.0
BIOMD0000000339,TFPI,0.043478260869565216,0.0,1.0,23,977,0.0,0.0,0.0,0.0,0.0,0.0,0.0,0.0,0.0,0.7800000000000011
BIOMD0000000339,PS,0.045454545454545456,0.0,1.0,22,978,0.0,0.0,0.0,0.0,0.0,0.0,0.0,0.0,0.0,0.7899999999999991
BIOMD0000000339,VKH2,0.045454545454545456,0.0,1.0,22,978,0.0,0.0,0.0,0.0,0.0,0.0,0.0,0.0,0.0,0.7899999999999991
BIOMD0000000339,Va_Xa,0.0,0.0,0.0,20,980,0.0,0.0,0.0,0.0,0.0,0.0,0.0,0.0,0.0,0.0
BIOMD0000000339,CA,,,,0,1000,,,,,,,,,,
BIOMD0000000339,XII,0.043478260869565216,0.0,1.0,23,977,0.0,0.0,0.0,0.0,0.0,0.0,0.0,0.0,0.0,0.7800000000000011
BIOMD0000000339,K,,,,0,1000,,,,,,,,,,
BIOMD0000000339,ATIII_Heparin,,,,0,1000,,,,,,,,,,
BIOMD0000000339,Xa_ATIII_Heparin,,,,0,1000,,,,,,,,,,
BIOMD0000000339,VK,0.043478260869565216,0.0,1.0,23,977,0.0,0.0,0.0,0.0,0.0,0.0,0.0,0.0,0.0,0.7800000000000011
BIOMD0000000339,VKO,0.045454545454545456,0.0,1.0,22,978,0.0,0.0,0.0,0.0,0.0,0.0,0.0,0.0,0.0,0.7899999999999991
BIOMD0000000339,Pk,0.043478260869565216,0.0,1.0,23,977,0.0,0.0,0.0,0.0,0.0,0.0,0.0,0.0,0.0,0.7800000000000011
BIOMD0000000339,FDP,0.0,0.0,0.0,22,978,0.0,0.0,0.0,0.0,0.0,0.0,0.0,0.0,0.0,0.0
BIOMD0000000339,D,0.0,0.0,0.0,15,985,0.0,0.0,0.0,0.0,0.0,0.0,0.0,0.0,0.0,0.0
BIOMD0000000339,TAT,0.0,0.0,0.0,20,980,0.0,0.0,0.0,0.0,0.0,0.0,0.0,0.0,0.0,0.0
BIOMD0000000339,VIIa_TF_Xa_TFPI,0.0,0.0,0.0,10,990,0.0,0.0,0.0,0.0,0.0,0.0,0.0,0.0,0.0,0.0
BIOMD0000000339,XIIIa,0.0,0.0,0.0,20,980,0.0,0.0,0.0,0.0,0.0,0.0,0.0,0.0,0.0,0.0
BIOMD0000000339,IIa_ATIII_Heparin,,,,0,1000,,,,,,,,,,
BIOMD0000000339,IXa_ATIII_Heparin,,,,0,1000,,,,,,,,,,
BIOMD0000000339,VK_p,,,,0,1000,,,,,,,,,,
BIOMD0000000339,C_warf,,,,0,1000,,,,,,,,,,
BIOMD0000000339,A_warf,,,,0,1000,,,,,,,,,,
BIOMD0000000339,Integral_Fibrin,0.0,0.0,0.0,22,978,0.0,0.0,0.0,0.0,0.0,0.0,0.0,0.0,0.0,0.0
BIOMD0000000342,model,0.9999890187008138,0.9999497491758672,0.9999999999999999,8,11,0.9999596943604127,0.9999696395449581,0.9999816633139169,0.9999847252233467,0.9999879534853878,0.9999986620701395,0.9999999999999996,0.9999999999999997,0.9999999999999998,0.9999999999999999
BIOMD0000000342,TGF_beta_ex,,,,0,1000,,,,,,,,,,
BIOMD0000000342,T1R_surf,1.0,0.9999999999999996,1.0,1000,0,0.9999999999999996,0.9999999999999996,0.9999999999999997,0.9999999999999997,0.9999999999999997,0.9999999999999999,1.0,1.0,1.0,1.0
BIOMD0000000342,T1R_endo,0.9999999999999998,0.9999999999999994,0.9999999999999999,1000,0,0.9999999999999994,0.9999999999999994,0.9999999999999998,0.9999999999999998,0.9999999999999998,0.9999999999999999,0.9999999999999999,0.9999999999999999,0.9999999999999999,0.9999999999999999
BIOMD0000000342,T2R_surf,0.9999999999999999,0.9999999999999993,0.9999999999999998,1000,0,0.9999999999999996,0.9999999999999996,0.9999999999999996,0.9999999999999996,0.9999999999999996,0.9999999999999998,0.9999999999999998,0.9999999999999998,0.9999999999999998,0.9999999999999998
BIOMD0000000342,T2R_endo,1.0,0.9999999999999999,1.0,1000,0,0.9999999999999999,0.9999999999999999,0.9999999999999999,0.9999999999999999,0.9999999999999999,0.9999999999999999,0.9999999999999999,1.0,1.0,1.0
BIOMD0000000342,LRC_surf,,,,0,1000,,,,,,,,,,
BIOMD0000000342,LRC_endo,,,,0,1000,,,,,,,,,,
BIOMD0000000342,Smad2c,0.9999984426927369,0.9999970835608912,1.0,1000,0,0.9999971889868542,0.9999973241402798,0.9999976012640086,0.9999977398345946,0.999997881208889,0.9999984411238962,0.9999992835499354,0.9999995581284682,0.9999996966902015,0.9999998098041177
BIOMD0000000342,Smad2n,0.9999923831708725,0.9999857356216498,1.0,1000,0,0.9999862512625958,0.9999869123015109,0.9999882677207759,0.9999889454730624,0.9999896369383621,0.9999923754970316,0.9999964958542656,0.9999978387950608,0.9999985165040542,0.999999069747122
BIOMD0000000342,Smad4c,0.9999872736938592,0.9999763631887755,1.0,1000,0,0.999977046311276,0.9999781639888542,0.9999803904276141,0.9999815435560085,0.9999826889632034,0.9999872471919266,0.9999941139679315,0.999996405643568,0.9999975630704967,0.9999984658418604
BIOMD0000000342,Smad4n,0.9999707132079305,0.9999456050533766,1.0,1000,0,0.9999471770916434,0.9999497491758672,0.9999548728404216,0.9999575265168961,0.9999601624233699,0.9999706521927147,0.9999864545802511,0.9999917283722637,0.9999943919380855,0.9999964694696277
BIOMD0000000342,PSmad2c,,,,0,1000,,,,,,,,,,
BIOMD0000000342,PSmad2_PSmad2_c,,,,0,1000,,,,,,,,,,
BIOMD0000000342,PSmad2_Smad4_c,,,,0,1000,,,,,,,,,,
BIOMD0000000342,PSmad2n,,,,0,1000,,,,,,,,,,
BIOMD0000000342,PSmad2_PSmad2_n,,,,0,1000,,,,,,,,,,
BIOMD0000000342,PSmad2_Smad4_n,,,,0,1000,,,,,,,,,,
BIOMD0000000342,TGF_beta_endo,,,,0,1000,,,,,,,,,,
BIOMD0000000342,TGF_beta_ns,,,,0,1000,,,,,,,,,,
BIOMD0000000343,model,0.6127068062997789,0.0,1.0,9,1,0.056538395939010534,0.11307679187802107,0.20179383489709496,0.242092398263474,0.27473498161912757,0.9203530695100582,0.9673184645025104,0.9991992523970137,0.9995996261985068,0.9999199252397014
BIOMD0000000343,measIRp,1.0,1.0,1.0,1000,0,1.0,1.0,1.0,1.0,1.0,1.0,1.0,1.0,1.0,1.0
BIOMD0000000343,IR,0.005572412854973271,0.0,1.0,1000,0,0.0,0.0,0.0,0.0,0.0,0.0,0.0,0.0,0.0,0.0
BIOMD0000000343,IRins,0.9252833813277858,0.8602305749041026,0.9534901053578757,999,1,0.92024353307351,0.9203530695100582,0.9205926050078399,0.9207307378321151,0.9208757723018335,0.9217343887816838,0.9263724522412845,0.9446677300155154,0.951476419311954,0.9533993169095907
BIOMD0000000343,IRp,,,,0,1000,,,,,,,,,,
BIOMD0000000343,IRip,0.28124281701772547,0.061744836190278485,0.9530002350438325,998,2,0.12413671609284065,0.242092398263474,0.2456327777584415,0.24781961459136498,0.2501874389497617,0.2631626094608196,0.28537156904000904,0.3581471277623739,0.5008708857214521,0.7453958211683801
BIOMD0000000343,IRi,0.9237059230589646,0.0,0.9999406535383374,976,24,0.5736749636096422,0.941673813088072,0.9671925946903651,0.9721815483652605,0.9749682922691723,0.9759747364861736,0.9764644119414536,0.9802069316518771,0.983206197711769,0.9965091857792857
BIOMD0000000343,IRS,0.9994348802757892,0.9987671822021841,1.0,1000,0,0.9988404211599599,0.998999065496267,0.9994446610935187,0.999461037789504,0.9994725995901144,0.9995197224726068,0.9995477058148593,0.9995527791318932,0.9995549641483847,0.9999387791294544
BIOMD0000000343,IRSip,0.3337462744677458,0.1341539397493351,0.7062725959917047,172,828,0.136095193582353,0.14134598984752633,0.16208008799396215,0.17716108192005162,0.1936021564966143,0.27858064675954025,0.5104282206251168,0.5941818997819112,0.6461349810051464,0.6934786389093862
BIOMD0000000343,X,0.9614607355418956,0.9444985111465598,1.0,1000,0,0.9453132377947654,0.9461980638400058,0.9482035164494232,0.9493401105338377,0.9505770435327757,0.9567799396501743,0.9724751352099298,0.9871431629983686,0.9966361320824197,0.9999483882149359
BIOMD0000000343,Xp,0.36308405030013335,0.320581991648611,0.7432518194227558,981,19,0.32210717088029606,0.323698856652608,0.32705827284186073,0.32882518091649793,0.33063422964088707,0.3381628412394011,0.34862527904013774,0.45259610755601765,0.5623213911889873,0.7003927546048287
BIOMD0000000373,model,0.0008569620019529552,0.0,0.0059987340136706865,7,0,0.0,0.0,0.0,0.0,0.0,0.0,0.0,0.0023994936054682766,0.0041991138095694765,0.005638809972850442
BIOMD0000000373,V,0.0,0.0,0.0,999,1,0.0,0.0,0.0,0.0,0.0,0.0,0.0,0.0,0.0,0.0
BIOMD0000000373,n,0.5132265733600769,0.0,1.0,43,957,0.0,0.0059987340136706865,0.259953081770341,0.28650537044609975,0.3019125700776635,0.5256139988958375,0.8368937847914218,0.902331472364432,0.9663028216957525,0.9889631726823306
BIOMD0000000373,c,0.0014126508160187887,0.0,1.0,1000,0,0.0,0.0,0.0,0.0,0.0,0.0,0.0,0.0,0.0,0.01845819190240544
BIOMD0000000373,cer,0.006974169295621333,0.0,1.0,1000,0,0.0,0.0,0.0,0.0,0.0,0.0,0.0,0.0,0.0,0.24542303506551094
BIOMD0000000373,g6p,0.003146094125716334,0.0,1.0,1000,0,0.0,0.0,0.0,0.0,0.0,0.0,0.0,0.0,0.0,0.0
BIOMD0000000373,fbp,0.001182033096926714,0.0,1.0,846,154,0.0,0.0,0.0,0.0,0.0,0.0,0.0,0.0,0.0,0.0
BIOMD0000000373,adp,0.05420814353816159,0.0,1.0,1000,0,0.0,0.0,0.0,0.0,0.0,0.0,0.0,0.0788650172902154,0.5341799547277251,0.9069587415922193
BIOMD0000000374,model,0.42640044806974514,0.0,0.9797530088220315,5,0,0.0003088922089016855,0.000617784417803371,0.001235568835606742,0.0015444610445084273,0.10311726764987732,0.509408494071353,0.7089876228930723,0.844370315857552,0.9120616623397917,0.9662147395255836
BIOMD0000000374,V_membrane,0.7877499266306149,0.0,0.9904842193963694,999,1,0.5366665974388765,0.6412962764108324,0.6773879168238199,0.685496013955332,0.8018807472065242,0.8488995549572836,0.879300427352177,0.8905741938719172,0.897363845968508,0.9025690324655741
BIOMD0000000374,n,0.014626043157601415,0.0009969634662208016,0.046179191524232555,37,963,0.001089942800659127,0.0015444610445084273,0.0023153123174026514,0.003247966954984638,0.00478933870973459,0.011433354562328524,0.024662327767828243,0.036052845654240676,0.04378743678676831,0.0454176017224671
BIOMD0000000374,jm,0.40156951962690407,0.0,0.9999999999999999,1000,0,0.0,0.0,0.0,0.0,0.0,0.3200454636020646,0.8659851531944056,0.9321099528068555,0.9616346619670545,0.9957869115744472
BIOMD0000000374,Ca_er_Ca_equations,0.986876105285761,0.9763782940750648,1.0,1000,0,0.9782336447961975,0.9797530088220315,0.9818470677970794,0.9827874835122836,0.9837264457948952,0.9866435907784333,0.9917158448891253,0.9942829563251119,0.9955924881997682,0.9987321048779682
BIOMD0000000374,Ca_i,0.7057152364691571,0.45583844010424435,1.0,1000,0,0.49380985289817186,0.509408494071353,0.5526754203649941,0.5925496141129679,0.7392150011953952,0.7685271987632789,0.779739052794377,0.7840164150589034,0.787205492400634,0.7907174129039972
BIOMD0000000375,model,0.15879247889343553,0.0,0.6661969643339252,5,0,0.0,0.0,0.0,0.0,0.0003437464239138776,0.0017187321195693884,0.23407675127773164,0.45013685780582846,0.5581669110698767,0.6445909536811155
BIOMD0000000375,V_membrane,0.002970463252180033,0.0,1.0,1000,0,0.0,0.0,0.0,0.0,0.0,0.0,0.0,0.0,0.0,0.0
BIOMD0000000375,n,0.021640443640051583,0.0011257589226582043,0.049915054869472786,43,957,0.001317073301983307,0.0017187321195693884,0.002934826377804623,0.004156657038241862,0.008773220662337567,0.016708911669551796,0.04202069984106922,0.046456523236027496,0.04933218925394612,0.049912128300723904
BIOMD0000000375,jm,0.3602025195478471,0.0,0.9999999999999999,258,742,0.12068847969527349,0.12604669801368315,0.175363814510757,0.19781372932416794,0.21693017682533075,0.2933366444800968,0.5256797312628774,0.7005144700549462,0.8584555162163404,0.9749473448916953
BIOMD0000000375,Ca_er_Ca_equations,0.11784288869191863,0.0,1.0,1000,0,0.0,0.0,0.0,0.0,0.0,0.0,0.0933329057832206,0.6043981379655282,0.8207117756954915,0.9658130982098555
BIOMD0000000375,Ca_i,0.8169183347204103,0.4022400546847694,1.0,1000,0,0.6146670103035101,0.6661969643339252,0.6999262566359391,0.7196551094450121,0.739724319248025,0.8297328326162641,0.9393998650580272,0.9706582456364415,0.9856243691786968,0.9972339756775249
BIOMD0000000376,model,0.3467606712409953,0.0,0.9829148765645072,11,0,0.0,0.0,0.0,0.0,0.0,0.0,0.7309724522037352,0.9824924766600373,0.9827036766122722,0.9828726365740602
BIOMD0000000376,Vm,0.0004530501458374359,0.0,0.45259709569159845,999,1,0.0,0.0,0.0,0.0,0.0,0.0,0.0,0.0,0.0,0.0
BIOMD0000000376,n,0.0,0.0,0.0,36,964,0.0,0.0,0.0,0.0,0.0,0.0,0.0,0.0,0.0,0.0
BIOMD0000000376,G6P,0.9916808349992753,0.9806620540996555,1.0,1000,0,0.9813546494810207,0.9829148765645072,0.9842670549667619,0.9852617209358748,0.9863476693107862,0.9925234038424462,0.9986081355246175,0.9994893779440356,0.9997306269847822,0.9999437105255344
BIOMD0000000376,FBP,0.79118114970789,0.6365704819964111,1.0,1000,0,0.6429901471112154,0.6641878765882908,0.6807508220406728,0.6919324328051831,0.7063590519689584,0.7772299373380056,0.9054875480473427,0.9584485260272715,0.9810140662113453,0.9964009324156975
BIOMD0000000376,NADHm,0.6707483686235407,0.4241245287114066,1.0,1000,0,0.43222427150845794,0.4537997016343775,0.4790513750077358,0.49611282657644595,0.5172605476483109,0.6654993726676188,0.8545838590598425,0.9270430601135914,0.9661773584485263,0.9939976232536643
BIOMD0000000376,delta_psi,0.004232205564848033,0.0,1.0,1000,0,0.0,0.0,0.0,0.0,0.0,0.0,0.0,0.0,0.0,0.0
BIOMD0000000376,Cam,0.001,0.0,1.0,1000,0,0.0,0.0,0.0,0.0,0.0,0.0,0.0,0.0,0.0,0.0
BIOMD0000000376,ADPm,0.9899597538011967,0.9805776974961508,1.0,1000,0,0.9815198695682248,0.9824924766600373,0.9841754580951733,0.985409773028709,0.9861732643685771,0.9897326575072722,0.9957170016382603,0.9975166037012965,0.9986749696764053,0.999630064395263
BIOMD0000000376,adp,0.006279228433113066,0.0,1.0,1000,0,0.0,0.0,0.0,0.0,0.0,0.0,0.0,0.0,0.0,0.0
BIOMD0000000376,c,0.8710706754903829,0.6500414780784638,1.0,1000,0,0.6986411195510861,0.7309724522037352,0.8313356061227691,0.8379712699726276,0.8422827783318961,0.8676503394294303,0.9467595845412315,0.9843873580640922,0.9913996155292696,0.9992744710046128
BIOMD0000000376,Caer,0.007130747709741885,0.0,1.0,1000,0,0.0,0.0,0.0,0.0,0.0,0.0,0.0,0.0,0.0,0.0007596492996370782
BIOMD0000000377,model,0.24763390124292464,0.0,0.9905356049716986,4,0,0.0,0.0,0.0,0.0,0.0,0.0,0.39621424198867977,0.6933749234801891,0.8419552642259435,0.9608195368225474
BIOMD0000000377,V,0.004183383304742421,0.0,0.9999999999999999,1000,0,0.0,0.0,0.0,0.0,0.0,0.0,0.0,0.0,0.0,0.0
BIOMD0000000377,n,0.014169068027037457,0.0,1.0,1000,0,0.0,0.0,0.0,0.0,0.0,0.0,0.0,0.0,0.0,0.6858530578835131
BIOMD0000000377,s1,0.004166054905267829,0.0,1.0,1000,0,0.0,0.0,0.0,0.0,0.0,0.0,0.0,0.0,0.0,0.000630125716016868
BIOMD0000000377,s2,0.9950991925807607,0.9878276794313239,0.9999999999999999,1000,0,0.9896256789235636,0.9905356049716986,0.9918247538168209,0.9924252040217977,0.99300378487976,0.9953154300472324,0.9985004830503402,0.9992496557408252,0.9996229963662734,0.9999431484403477
BIOMD0000000378,model,0.3840057117809039,0.0,0.8814682804209376,6,0,0.0,0.0,0.0,0.02963971950542879,0.05927943901085758,0.3357624445048217,0.7510411012548428,0.8162546908378903,0.8488614856294139,0.8749469214626329
BIOMD0000000378,V_membrane,0.8584003775718664,0.0,1.0,1000,0,0.6893297137811006,0.7510411012548428,0.7953869655128072,0.811167707063529,0.8252316348255734,0.8778044479537227,0.9587575592482146,0.9795539688252928,0.9896772458018017,0.9984472610466403
BIOMD0000000378,h,0.5756943369445353,0.0,1.0,1000,0,0.0,0.0,0.37750826581855945,0.431093292187515,0.47661174372178905,0.6012518884144218,0.8334779459978183,0.9291009683223668,0.9745453338317275,0.9958479187524819
BIOMD0000000378,d,0.2959500885156975,0.01371517353575824,0.7769957415689912,84,916,0.07439509617457057,0.11855887802171516,0.17354330664568207,0.18451216808470022,0.19120990819365266,0.25225876496274036,0.43974938932007174,0.5151569358380724,0.5725990992132558,0.7211458808583595
BIOMD0000000378,n,0.5238705102703765,0.0,1.0,1000,0,0.0,0.0,0.0508814864354848,0.16769239936276448,0.26848514377752597,0.639953282207276,0.84702377573069,0.9213944566859646,0.9642302822648933,0.9939374866032004
BIOMD0000000378,Ca_i_cytosolic_calcium,0.7550090413778303,0.3396492736193606,1.0,1000,0,0.5097975829972694,0.5529660109879282,0.6089362121272257,0.6407060156915099,0.671398759167844,0.7578946944805214,0.9076741022947015,0.9480319513776958,0.9724885313551986,0.9917856538884416
BIOMD0000000378,Ca_lum,0.9418367117184,0.853848029687926,0.9999999999999999,1000,0,0.8770097447960346,0.8814682804209376,0.8975472515857313,0.9081409383635102,0.9170799722750411,0.9499807911291116,0.9798674895823799,0.9909978874558867,0.9959337914852641,0.999528297653042
BIOMD0000000459,model,0.33332739504373715,0.0,0.9999807765704716,3,0,1.4085607399572098e-07,2.8171214799144196e-07,5.634242959828839e-07,7.042803699786049e-07,8.451364439743259e-07,1.4085607399572098e-06,0.599989029366579,0.7999849029685253,0.8999828397694983,0.9799811892102769
BIOMD0000000459,sigb,0.9999943446461513,0.9999753017622656,0.9999999903202855,999,1,0.9999768437706112,0.9999807765704716,0.9999925650812476,0.9999958765225727,0.9999962519832445,0.9999969525574968,0.9999983331132893,0.9999991139750194,0.9999995637269438,0.9999999042825178
BIOMD0000000459,lacz,0.04594193857271309,0.0,0.4725483453391921,998,2,0.0,0.0,0.0,0.0,0.0,0.0,0.0,0.25217707777482645,0.41971010585310886,0.4702001123160889
BIOMD0000000459,x,3.6825223593164776e-06,9.56607719593272e-07,6.6474021864770805e-06,994,6,1.1732514804851934e-06,1.4085607399572098e-06,1.922198023951438e-06,2.1947292662416462e-06,2.474608188363092e-06,3.637878987716725e-06,5.436601074504389e-06,6.04137393248605e-06,6.344257527335362e-06,6.586754395319083e-06
BIOMD0000000460,model,0.0,0.0,0.0,3,0,0.0,0.0,0.0,0.0,0.0,0.0,0.0,0.0,0.0,0.0
BIOMD0000000460,sigb,0.04670180577046329,0.0,0.9963712283502707,999,1,0.0,0.0,0.0,0.0,0.0,0.0,0.0,0.0,0.5450753942483003,0.9284784140487689
BIOMD0000000460,lacz,0.0,0.0,0.0,998,2,0.0,0.0,0.0,0.0,0.0,0.0,0.0,0.0,0.0,0.0
BIOMD0000000460,x,0.0,0.0,0.0,998,2,0.0,0.0,0.0,0.0,0.0,0.0,0.0,0.0,0.0,0.0
BIOMD0000000461,model,0.5722664480124338,0.33850838691123575,0.9941906399858012,3,0,0.3430675799341386,0.3476267729570415,0.35674515900284715,0.36130435202575,0.36586354504865287,0.38410031714026427,0.7501545108475864,0.8721725754166938,0.9331816077012474,0.9819888335288904
BIOMD0000000461,sigb,0.994492217959018,0.9941905971845063,0.9999889763278366,999,1,0.9941906272320168,0.9941906399858012,0.9941906956012335,0.9941907167524917,0.9941907321062836,0.9941909011898249,0.9942314986950003,0.9948922684714878,0.996579672321362,0.9994305586361861
BIOMD0000000461,lacz,0.35662847888280785,0.3385082200861925,0.9683897258568976,999,1,0.3385083151202497,0.33850838691123575,0.3385085900166944,0.3385086680386958,0.33850873003991583,0.33850966134439775,0.34007717740452237,0.3650855879647216,0.4457690189018762,0.7628333922278565
BIOMD0000000461,x,0.3948995526893615,0.38410030911852766,0.8905716995813102,999,1,0.3841003150712595,0.38410031714026427,0.38410032779861464,0.3841003321085181,0.3841003357035922,0.38410041399379036,0.3842889788665289,0.39074438504434145,0.42770025292639197,0.7150554058946952
BIOMD0000000468,model,0.07432616941568006,0.0,1.0,77,2,0.0,0.0,0.0,0.0,0.0,0.0,0.0,0.031587602465170464,0.8282012188425772,1.0
BIOMD0000000468,s1,1.0,1.0,1.0,1000,0,1.0,1.0,1.0,1.0,1.0,1.0,1.0,1.0,1.0,1.0
BIOMD0000000468,s2,0.005410818901297312,0.0,1.0,1000,0,0.0,0.0,0.0,0.0,0.0,0.0,0.0,0.0,0.0,0.0011621197632359537
BIOMD0000000468,s3,0.0009999999999999998,0.0,0.9999999999999999,1000,0,0.0,0.0,0.0,0.0,0.0,0.0,0.0,0.0,0.0,0.0
BIOMD0000000468,s4,0.001,0.0,1.0,1000,0,0.0,0.0,0.0,0.0,0.0,0.0,0.0,0.0,0.0,0.0
BIOMD0000000468,s5,,,,0,1000,,,,,,,,,,
BIOMD0000000468,s6,0.011179099409848538,0.0,0.9816263755727066,999,1,0.0,0.0,0.0,0.0,0.0,0.0,0.0,0.0,0.0,0.416177000210275
BIOMD0000000468,s7,0.00013748261639550012,0.0,0.13734513377910462,999,1,0.0,0.0,0.0,0.0,0.0,0.0,0.0,0.0,0.0,0.0
BIOMD0000000468,s8,7.427008049684111e-08,0.0,7.419581041634427e-05,999,1,0.0,0.0,0.0,0.0,0.0,0.0,0.0,0.0,0.0,0.0
BIOMD0000000468,s9,0.0,0.0,0.0,999,1,0.0,0.0,0.0,0.0,0.0,0.0,0.0,0.0,0.0,0.0
BIOMD0000000468,s10,0.00087988332637716,0.0,0.8228648456299672,999,1,0.0,0.0,0.0,0.0,0.0,0.0,0.0,0.0,0.0,0.0
BIOMD0000000468,s11,0.026153495065428127,0.0,0.9997803099228446,999,1,0.0,0.0,0.0,0.0,0.0,0.0,0.0,0.0,0.0,0.9940907991139376
BIOMD0000000468,s12,0.026153495065626923,0.0,0.9997803099229662,999,1,0.0,0.0,0.0,0.0,0.0,0.0,0.0,0.0,0.0,0.9940907991141492
BIOMD0000000468,s13,0.026153495065626933,0.0,0.9997803099229664,999,1,0.0,0.0,0.0,0.0,0.0,0.0,0.0,0.0,0.0,0.9940907991141492
BIOMD0000000468,s14,0.001,0.0,1.0,1000,0,0.0,0.0,0.0,0.0,0.0,0.0,0.0,0.0,0.0,0.0
BIOMD0000000468,s15,1.0,1.0,1.0,1000,0,1.0,1.0,1.0,1.0,1.0,1.0,1.0,1.0,1.0,1.0
BIOMD0000000468,s16,0.001,0.0,1.0,1000,0,0.0,0.0,0.0,0.0,0.0,0.0,0.0,0.0,0.0,0.0
BIOMD0000000468,s17,0.001,0.0,1.0,1000,0,0.0,0.0,0.0,0.0,0.0,0.0,0.0,0.0,0.0,0.0
BIOMD0000000468,s18,0.9999999999999999,0.9999999999999999,0.9999999999999999,1000,0,0.9999999999999999,0.9999999999999999,0.9999999999999999,0.9999999999999999,0.9999999999999999,0.9999999999999999,0.9999999999999999,0.9999999999999999,0.9999999999999999,0.9999999999999999
BIOMD0000000468,s19,0.008782911467627375,0.0,1.0,1000,0,0.0,0.0,0.0,0.0,0.0,0.0,0.0,0.0,0.0,0.45740272593481507
BIOMD0000000468,s20,0.001,0.0,1.0,1000,0,0.0,0.0,0.0,0.0,0.0,0.0,0.0,0.0,0.0,0.0
BIOMD0000000468,s21,0.026153495065626933,0.0,0.9997803099229664,999,1,0.0,0.0,0.0,0.0,0.0,0.0,0.0,0.0,0.0,0.9940907991141492
BIOMD0000000468,s22,0.001,0.0,1.0,1000,0,0.0,0.0,0.0,0.0,0.0,0.0,0.0,0.0,0.0,0.0
BIOMD0000000468,s23,0.02615349506562694,0.0,0.9997803099229666,999,1,0.0,0.0,0.0,0.0,0.0,0.0,0.0,0.0,0.0,0.9940907991141494
BIOMD0000000468,s24,1.0,1.0,1.0,1000,0,1.0,1.0,1.0,1.0,1.0,1.0,1.0,1.0,1.0,1.0
BIOMD0000000468,s25,0.02042219165623603,0.0,1.0,1000,0,0.0,0.0,0.0,0.0,0.0,0.0,0.0,0.0,0.0,0.8493756469517648
BIOMD0000000468,s26,0.001,0.0,1.0,1000,0,0.0,0.0,0.0,0.0,0.0,0.0,0.0,0.0,0.0,0.0
BIOMD0000000468,s27,0.001736862416873171,0.0,1.0,1000,0,0.0,0.0,0.0,0.0,0.0,0.0,0.0,0.0,0.0,0.0
BIOMD0000000468,s28,0.001,0.0,1.0,1000,0,0.0,0.0,0.0,0.0,0.0,0.0,0.0,0.0,0.0,0.0
BIOMD0000000468,s35,0.0,0.0,0.0,990,10,0.0,0.0,0.0,0.0,0.0,0.0,0.0,0.0,0.0,0.0
BIOMD0000000468,s37,0.06768100726598832,0.0,1.0,1000,0,0.0,0.0,0.0,0.0,0.0,0.0,0.0,0.0,0.9985863425943552,0.9999583627402127
BIOMD0000000468,s38,0.026153495065626933,0.0,0.9997803099229664,999,1,0.0,0.0,0.0,0.0,0.0,0.0,0.0,0.0,0.0,0.994090799114149
BIOMD0000000468,s39,0.02615349506500555,0.0,0.9997803099228574,999,1,0.0,0.0,0.0,0.0,0.0,0.0,0.0,0.0,0.0,0.9940907991131104
BIOMD0000000468,s42,0.8817606281062195,0.7801206710372623,1.0,1000,0,0.7814113305795019,0.7852515235532208,0.7998540791842325,0.8101027192566727,0.821491230611737,0.8702071217472057,0.9884245952555013,0.9999428427837885,0.9999999438733612,0.9999999865490676
BIOMD0000000468,s43,0.0,0.0,0.0,654,346,0.0,0.0,0.0,0.0,0.0,0.0,0.0,0.0,0.0,0.0
BIOMD0000000468,s44,0.0,0.0,0.0,792,208,0.0,0.0,0.0,0.0,0.0,0.0,0.0,0.0,0.0,0.0
BIOMD0000000468,s45,0.0021636972878843366,0.0,1.0,1000,0,0.0,0.0,0.0,0.0,0.0,0.0,0.0,0.0,0.0,0.0
BIOMD0000000468,s47,0.001,0.0,1.0,1000,0,0.0,0.0,0.0,0.0,0.0,0.0,0.0,0.0,0.0,0.0
BIOMD0000000468,s48,0.001,0.0,1.0,1000,0,0.0,0.0,0.0,0.0,0.0,0.0,0.0,0.0,0.0,0.0
BIOMD0000000468,s49,0.714400280185158,0.454593518685231,1.0,1000,0,0.47567913054214633,0.49780525264333103,0.545084900280934,0.570163620887951,0.5961324788581652,0.7074135881865092,0.8852624365978705,0.9436407073862025,0.972125231031271,0.9944784660880382
BIOMD0000000468,s50,0.0027098340164757335,0.0,1.0,1000,0,0.0,0.0,0.0,0.0,0.0,0.0,0.0,0.0,0.0,0.0
BIOMD0000000468,s51,0.001,0.0,1.0,1000,0,0.0,0.0,0.0,0.0,0.0,0.0,0.0,0.0,0.0,0.0
BIOMD0000000468,s52,0.001769874392863988,0.0,1.0,1000,0,0.0,0.0,0.0,0.0,0.0,0.0,0.0,0.0,0.0,0.0
BIOMD0000000468,s57,0.027314991144936688,0.0,1.0,1000,0,0.0,0.0,0.0,0.0,0.0,0.0,0.0,0.0,0.0,0.9919131830150621
BIOMD0000000468,s58,0.001,0.0,1.0,1000,0,0.0,0.0,0.0,0.0,0.0,0.0,0.0,0.0,0.0,0.0
BIOMD0000000468,s60,0.0,0.0,0.0,998,2,0.0,0.0,0.0,0.0,0.0,0.0,0.0,0.0,0.0,0.0
BIOMD0000000468,s61,0.001,0.0,1.0,1000,0,0.0,0.0,0.0,0.0,0.0,0.0,0.0,0.0,0.0,0.0
BIOMD0000000468,s62,0.001,0.0,1.0,1000,0,0.0,0.0,0.0,0.0,0.0,0.0,0.0,0.0,0.0,0.0
BIOMD0000000468,s63,0.0062314869813945295,0.0,1.0,1000,0,0.0,0.0,0.0,0.0,0.0,0.0,0.0,0.0,0.0,0.0
BIOMD0000000468,s64,0.000740145904271267,0.0,0.7394057583669957,999,1,0.0,0.0,0.0,0.0,0.0,0.0,0.0,0.0,0.0,0.0
BIOMD0000000468,s65,0.001,0.0,1.0,1000,0,0.0,0.0,0.0,0.0,0.0,0.0,0.0,0.0,0.0,0.0
BIOMD0000000468,s66,0.0025797934928323864,0.0,1.0,1000,0,0.0,0.0,0.0,0.0,0.0,0.0,0.0,0.0,0.0,0.0
BIOMD0000000468,s91,0.0020027839113621374,0.0,1.0,1000,0,0.0,0.0,0.0,0.0,0.0,0.0,0.0,0.0,0.0,0.0
BIOMD0000000468,s92,0.007231286947433105,0.0,1.0,1000,0,0.0,0.0,0.0,0.0,0.0,0.0,0.0,0.0,0.0,0.0
BIOMD0000000468,s93,0.01782453406428156,0.0,1.0,1000,0,0.0,0.0,0.0,0.0,0.0,0.0,0.0,0.0,0.0,0.8356861604292033
BIOMD0000000468,s94,0.00805350393075614,0.0,1.0,1000,0,0.0,0.0,0.0,0.0,0.0,0.0,0.0,0.0,0.0,0.0010988805094031627
BIOMD0000000468,s95,0.001,0.0,1.0,1000,0,0.0,0.0,0.0,0.0,0.0,0.0,0.0,0.0,0.0,0.0
BIOMD0000000468,s96,0.004212685871398245,0.0,1.0,1000,0,0.0,0.0,0.0,0.0,0.0,0.0,0.0,0.0,0.0,0.0
BIOMD0000000468,s97,0.003949326121283281,0.0,1.0,1000,0,0.0,0.0,0.0,0.0,0.0,0.0,0.0,0.0,0.0,0.0
BIOMD0000000468,s98,0.001,0.0,1.0,1000,0,0.0,0.0,0.0,0.0,0.0,0.0,0.0,0.0,0.0,0.0
BIOMD0000000468,s99,0.003464635500109314,0.0,1.0,1000,0,0.0,0.0,0.0,0.0,0.0,0.0,0.0,0.0,0.0,0.0
BIOMD0000000468,s100,0.001,0.0,1.0,1000,0,0.0,0.0,0.0,0.0,0.0,0.0,0.0,0.0,0.0,0.0
BIOMD0000000468,s101,0.0017009855716293083,0.0,1.0,1000,0,0.0,0.0,0.0,0.0,0.0,0.0,0.0,0.0,0.0,0.0
BIOMD0000000468,s102,0.001,0.0,1.0,1000,0,0.0,0.0,0.0,0.0,0.0,0.0,0.0,0.0,0.0,0.0
BIOMD0000000468,s103,0.00988109372538232,0.0,0.9999999999999999,1000,0,0.0,0.0,0.0,0.0,0.0,0.0,0.0,0.0,0.0,0.4872827852613317
BIOMD0000000468,s104,0.0,0.0,0.0,981,19,0.0,0.0,0.0,0.0,0.0,0.0,0.0,0.0,0.0,0.0
BIOMD0000000468,s105,0.0,0.0,0.0,998,2,0.0,0.0,0.0,0.0,0.0,0.0,0.0,0.0,0.0,0.0
BIOMD0000000468,s106,0.693865061160279,0.33493642702280757,1.0,1000,0,0.34668755016199193,0.361086048125383,0.40066047623319495,0.4277852649921423,0.4614968914476628,0.6874008316693516,0.9965859944198528,0.9997033123716924,0.9999569053125522,0.9999991689002778
BIOMD0000000468,s107,2.7968778808238048e-05,4.555011310469759e-06,0.000926353531464752,885,115,4.580137271958939e-06,4.656553861082102e-06,4.980197668258413e-06,5.240921913562957e-06,5.585836830102053e-06,8.104096106520409e-06,1.6776948037611207e-05,2.7001852277130937e-05,9.821355292312078e-05,0.0005247273320059776
BIOMD0000000468,s108,0.0,0.0,0.0,990,10,0.0,0.0,0.0,0.0,0.0,0.0,0.0,0.0,0.0,0.0
BIOMD0000000468,s110,0.0009999999999999998,0.0,0.9999999999999999,1000,0,0.0,0.0,0.0,0.0,0.0,0.0,0.0,0.0,0.0,0.0
BIOMD0000000468,s111,0.001,0.0,1.0,1000,0,0.0,0.0,0.0,0.0,0.0,0.0,0.0,0.0,0.0,0.0
BIOMD0000000468,s112,0.001,0.0,1.0,1000,0,0.0,0.0,0.0,0.0,0.0,0.0,0.0,0.0,0.0,0.0
BIOMD0000000468,s113,0.001,0.0,1.0,1000,0,0.0,0.0,0.0,0.0,0.0,0.0,0.0,0.0,0.0,0.0
BIOMD0000000468,s114,0.01673409851999029,0.0,0.9999999999999998,1000,0,0.0,0.0,0.0,0.0,0.0,0.0,0.0,0.0,0.0,0.8448159266833378
BIOMD0000000468,s115,0.31863936064548953,0.07776985130734937,1.0,1000,0,0.07807492533303682,0.07896099393426201,0.08252068033814237,0.08516748018938275,0.08835318704927039,0.10699879465674383,0.786532340195618,0.97584091545567,0.993042305561557,0.9996846338878544
BIOMD0000000468,s116,0.0025428228471721646,0.0,0.9595775904003108,999,1,0.0,0.0,0.0,0.0,0.0,0.0,0.0,0.0,0.0,0.0
BIOMD0000000468,s117,6.178565799627064e-06,3.7551345510866696e-06,6.8947522650075754e-06,996,4,5.232594171317162e-06,5.341485775356425e-06,5.577446351545667e-06,5.698594620462405e-06,5.820466871975238e-06,6.278508420609619e-06,6.783994096370982e-06,6.866561452767428e-06,6.887557782553344e-06,6.894457765121986e-06
BIOMD0000000468,s118,1.5728291800267184e-06,1.2220705003507248e-06,1.0949324178888276e-05,991,9,1.2237445561336102e-06,1.2287115308540209e-06,1.247802059345382e-06,1.261543304154067e-06,1.2781005036544002e-06,1.3638733802334713e-06,1.5337522462077757e-06,1.5996307225485396e-06,2.26801599761961e-06,7.64546636103925e-06
BIOMD0000000468,s119,,,,0,1000,,,,,,,,,,
BIOMD0000000474,model,0.29769028280942195,0.0,1.0,90,14,0.0,0.0,0.0,0.0,0.0,0.0720477769107048,0.9747176338222858,0.9999935097528504,1.0,1.0
BIOMD0000000474,InR,0.9844386233983219,0.97173758926814,1.0,1000,0,0.9725114060957079,0.9747611206375476,0.9786026870750699,0.9789271237454245,0.9794400897236062,0.9830093631823995,0.9919776279676947,0.9957909405009733,0.9977769575984013,0.9994004451329853
BIOMD0000000474,Ins_InR,,,,0,1000,,,,,,,,,,
BIOMD0000000474,Ins_InR_P,,,,0,1000,,,,,,,,,,
BIOMD0000000474,Ins_2_InR_P,,,,0,1000,,,,,,,,,,
BIOMD0000000474,cytoplasm_InR,0.9841801007874837,0.9741946401984739,1.0,1000,0,0.9743258119809394,0.9747067621184704,0.9762319901659481,0.9773701656147862,0.9787444491992724,0.9832324550172447,0.9915100550760729,0.9952093601505456,0.9972417958781334,0.9994036617322674
BIOMD0000000474,cytoplasm_Ins_2_InR_P,,,,0,1000,,,,,,,,,,
BIOMD0000000474,cytoplasm_Ins_InR_P,,,,0,1000,,,,,,,,,,
BIOMD0000000474,PTP1B,0.92086138321727,0.6958146666795157,1.0,1000,0,0.7500970741233649,0.7967850498905851,0.8600482892372724,0.8820643557111144,0.9003545906590298,0.9537099739795615,0.9827147356056302,0.9913571193525333,0.9957340107150743,0.9991649652764134
BIOMD0000000474,IRS1_TyrP_PI3K,,,,0,1000,,,,,,,,,,
BIOMD0000000474,PI345P3,0.1765468916808829,0.0,0.9999999999999999,1000,0,0.0,0.0,0.0,0.0,0.0,0.0,0.48976058614746193,0.7578922781139412,0.8792790793328988,0.9763879697964309
BIOMD0000000474,PIP2,0.9981459428911116,0.995946887868178,1.0,1000,0,0.996171844027586,0.9963954648456255,0.9968429481298872,0.9970667621836403,0.9972906043776116,0.9981861231479463,0.9995295820406195,0.999776793451831,0.9998887033990602,0.9999782312293108
BIOMD0000000474,Akt,0.999995967892478,0.9999754640297139,0.9999999999999999,1000,0,0.9999923884268359,0.9999927886142782,0.9999935889891626,0.999993989176605,0.9999943893640472,0.9999959821020556,0.9999983832267092,0.999999175589833,0.9999995757772754,0.9999998879154588
BIOMD0000000474,Akt_P2,0.0,0.0,0.0,19,981,0.0,0.0,0.0,0.0,0.0,0.0,0.0,0.0,0.0,0.0
BIOMD0000000474,PKC,0.9999947762204261,0.999968516707834,1.0,1000,0,0.9999901367381998,0.9999906553108295,0.9999916924560893,0.9999922110287192,0.9999927296013491,0.9999947935100341,0.9999979049458133,0.9999989420910729,0.9999994502818683,0.9999998547581342
BIOMD0000000474,PKC_P,0.0,0.0,0.0,18,982,0.0,0.0,0.0,0.0,0.0,0.0,0.0,0.0,0.0,0.0
BIOMD0000000474,AS160,0.9996459165551875,0.9973806438714381,1.0,1000,0,0.9993339696661193,0.99936895017732,0.9994389111997211,0.9994738917109218,0.9995088722221223,0.9996480939563903,0.9998579770235939,0.9999272377354606,0.9999622182466612,0.9999888020263427
BIOMD0000000474,AS160_P,0.0,0.0,0.0,25,975,0.0,0.0,0.0,0.0,0.0,0.0,0.0,0.0,0.0,0.0
BIOMD0000000474,cytoplasm_GLUT4,0.9800467574429621,0.9545306932191855,0.9999999999999998,1000,0,0.9568716406132621,0.9595830817458959,0.9650059640111981,0.9677727971996748,0.9704842383323258,0.9814961790304063,0.9944867658510221,0.9972557937775048,0.9986403077407461,0.9997479189113391
BIOMD0000000474,cellsurface_GLUT4,0.7775501916504064,0.49286458285888546,1.0,1000,0,0.5189418744393183,0.5487915803284378,0.6097830344374333,0.6405871106026946,0.6713911867679628,0.7939907932075088,0.9386193264765683,0.969447837392411,0.9848620928503322,0.9971934972166693
BIOMD0000000474,PTEN,0.9993264556959398,0.9974682553975751,1.0,1000,0,0.9978988980027049,0.9982946074348811,0.9988349136370185,0.9990250941820299,0.9991882451832629,0.9995691915475957,0.9998298175792765,0.9999150952435176,0.9999581341219559,0.9999918440061064
BIOMD0000000474,PP2A,1.0,1.0,1.0,1000,0,1.0,1.0,1.0,1.0,1.0,1.0,1.0,1.0,1.0,1.0
BIOMD0000000474,PTP1B_ox,0.5284333586401719,0.0006743310444050632,0.9997297718726519,999,1,0.03187126658410114,0.07230559692921229,0.17772677831850223,0.2402076986498946,0.30760158841652674,0.5940837595136315,0.8362233091078053,0.9179037064717035,0.9588075765901228,0.9915444007007497
BIOMD0000000474,PTEN_ox,0.5153196558987938,0.0012745643740968982,0.9996319132385768,999,1,0.031235764026031967,0.07323265303751994,0.1876939314501287,0.2570535103790987,0.33251173796965244,0.5394828811975393,0.813590904779238,0.9065593418667883,0.9530660126855822,0.9903125964915376
BIOMD0000000474,ROS,0.5193258566408084,0.000448129793794938,0.9995752470535164,999,1,0.026479416443121743,0.06168653280054593,0.15676012134497905,0.2141029108473444,0.2763740706638849,0.5568506471323845,0.846467730531829,0.9229800088653104,0.9612654590072774,0.9919111528126581
BIOMD0000000474,GSH,0.9877317926310436,0.9544993385605876,1.0,1000,0,0.9621167378564782,0.9689783530228724,0.9781807523463322,0.9814080296353106,0.98409483616791,0.9919347694235378,0.9975679751705427,0.9987892921065618,0.999394586003611,0.9998859988424447
BIOMD0000000474,GSSG,0.5197362574206486,0.00046062175438577047,0.9994966018335424,999,1,0.026940406748932246,0.0624131770249242,0.15753059151078802,0.21470224245870356,0.2767058886726472,0.5554946344109418,0.8475660043324805,0.9234916760562351,0.961481948884049,0.9918914786966416
BIOMD0000000474,cytoplasm_SOD2,0.8547428239092743,0.7710429114247268,1.0,1000,0,0.771757628203645,0.7738293916224328,0.782128781194527,0.7882800180241185,0.795725389322107,0.8377323119271052,0.9311765554422846,0.968459281963219,0.9836799353416091,0.9959876176618745
BIOMD0000000474,NOX_inact,1.0,1.0,1.0,1000,0,1.0,1.0,1.0,1.0,1.0,1.0,1.0,1.0,1.0,1.0
BIOMD0000000474,NOX,,,,0,1000,,,,,,,,,,
BIOMD0000000474,NOX_deact,,,,0,1000,,,,,,,,,,
BIOMD0000000474,IRS1,0.8490280831263252,0.7664900622146469,1.0,1000,0,0.7671746297095668,0.7691917788550412,0.7772587477870356,0.7832844398348313,0.7904756001583206,0.8314289783986006,0.9238420474998766,0.9612274349715517,0.9805714349802537,0.9963963847268509
BIOMD0000000474,IRS1_TyrP,,,,0,1000,,,,,,,,,,
BIOMD0000000474,IRS1_PolySerP,0.47926178830286914,0.0017990970046963817,0.9998686639869325,999,1,0.021319370010707942,0.04991881451309879,0.12827728480350678,0.1758737185008114,0.22770142934550533,0.4619506654592396,0.8440201059767567,0.936036099915651,0.9679626769836474,0.9934912982679314
BIOMD0000000474,IRS1_TyrP_PolySerP,,,,0,1000,,,,,,,,,,
BIOMD0000000474,PI3K,1.0,1.0,1.0,1000,0,1.0,1.0,1.0,1.0,1.0,1.0,1.0,1.0,1.0,1.0
BIOMD0000000474,JNK_P,0.5043599778596304,0.0031703744594263616,0.9997210526228905,999,1,0.023456205192070582,0.0549233444566222,0.1411175597401578,0.19346718159660803,0.2504680024919782,0.5080836053160291,0.8588952805237243,0.9292506667188114,0.964491660331603,0.9926781108012375
BIOMD0000000474,IKK_P,0.5041100272434705,0.0031753770693770944,0.9993492772802275,999,1,0.023349127205700506,0.0547275755726304,0.14079898431337384,0.19310738561322016,0.2500769237364604,0.5076298288257091,0.8589961407726763,0.9291590671689762,0.9642395433084471,0.9923239473362216
BIOMD0000000474,JNK,0.997463477022988,0.9914202541334971,1.0,1000,0,0.992393399325791,0.9936680834310186,0.995470515312205,0.9961135295799312,0.9966552249066574,0.9981919866829667,0.9995504673730007,0.9997758425857759,0.9998891559941305,0.9999784421903996
BIOMD0000000474,IKK,0.9994924896314694,0.9982846370314179,1.0,1000,0,0.998478359363322,0.9987331747256175,0.9990937011433144,0.9992225695381118,0.999330667512809,0.9996380567389547,0.9999101356059011,0.9999552153769127,0.9999777865643511,0.9999959113378544
BIOMD0000000474,DUSP,0.9922358753075221,0.9743183619351538,1.0,1000,0,0.976996110665437,0.980770331581559,0.9862303825247329,0.9881522351854642,0.9897619964317076,0.9943510839147107,0.9986974185107277,0.9993493943095505,0.9996804305699681,0.9999393147851805
BIOMD0000000474,DUSP_ox,0.49625109083831376,0.003770797042323748,0.9995418516182186,999,1,0.02263053441472204,0.05284266315720981,0.13592382521493004,0.18644142919455664,0.24147322265804866,0.49034277809532945,0.8638778295588921,0.9316060916591544,0.9655817687100411,0.9927532209544498
BIOMD0000000474,degr_Foxo1,0.6712039746560479,0.0,0.9999377908552423,999,1,0.0,0.0,0.34938381151228265,0.5014366403525571,0.6040322150199792,0.8185858698156971,0.9524306016554263,0.9788435550507448,0.9901148986559758,0.9983635586451842
BIOMD0000000474,cytoplasm_Foxo1_Pa0_Pd0_Pe0_pUb0,0.14400129324369448,0.0,1.0,1000,0,0.0,0.0,0.0,0.0,0.0,0.0,0.30535594233810526,0.6511538955478051,0.8276335634373765,0.9681372047319485
BIOMD0000000474,nucleus_Foxo1_Pa0_Pd0_Pe0_pUb0,0.5831485438418085,0.0019744417247562485,0.9996462440110566,999,1,0.08549532670381507,0.15827613868907378,0.2848160042502854,0.34242233609385225,0.39776110093473915,0.6076561289341011,0.8965371324950578,0.9481138157414725,0.9738717502947317,0.9944886737720161
BIOMD0000000474,dnabound_Foxo1_Pa0_Pd0_Pe0_pUb0,0.5819744230345848,0.008305236147055695,0.9998395212148526,999,1,0.08532274880060677,0.15791208801740966,0.28403424729263904,0.34141886265482113,0.39653091297554155,0.6054997268686331,0.8969321589744201,0.9484460323433639,0.9741344125362728,0.9946958152964245
BIOMD0000000474,cytoplasm_Foxo1_Pa0_Pd0_Pe0_pUb1,0.5548138750065218,0.01065796478615244,0.999556017881873,999,1,0.13891830668454908,0.18199335054764976,0.2763278787204294,0.324532567240191,0.3723611729176363,0.5581044362563771,0.8314510386768273,0.9234965206303282,0.969804873194193,0.9949099515661445
BIOMD0000000474,nucleus_Foxo1_Pa0_Pd0_Pe0_pUb1,0.5487075667968141,0.09504669924256193,0.9999267862309714,999,1,0.1363425050718494,0.1781278414414238,0.27133526864463803,0.3191490748726032,0.3666289191743945,0.5510842742589026,0.8223353716535368,0.9136130662001585,0.9595255105944219,0.9953022872021781
BIOMD0000000474,dnabound_Foxo1_Pa0_Pd0_Pe0_pUb1,0.5470695969262254,0.11219186403775439,0.9999236714930333,999,1,0.13904171047643982,0.17918668824809847,0.27109212022259505,0.3186745734410719,0.3659198435472757,0.5494756338880246,0.8185587205165179,0.9094118979786379,0.9551109840579217,0.9918053448651946
BIOMD0000000474,cytoplasm_Foxo1_Pa0_Pd0_Pe1_pUb0,0.5477771477506453,0.0010411050004113243,0.9995406897163235,999,1,0.041758356640222455,0.09120085072951059,0.21144361328617298,0.2789967301732374,0.3498365975252276,0.6092842409737317,0.8427926427606974,0.9211226086405354,0.9603287016807632,0.9916984433435476
BIOMD0000000474,nucleus_Foxo1_Pa0_Pd0_Pe1_pUb0,0.5263441061719398,0.004987278307537535,0.9997190168250605,999,1,0.034437748493172854,0.07535073686852335,0.1750601470350406,0.23107986749655668,0.2898040538180298,0.5396939791547986,0.8705798211152458,0.9351600097964496,0.9674301582772403,0.9932587241638356
BIOMD0000000474,dnabound_Foxo1_Pa0_Pd0_Pe1_pUb0,0.48939882142894753,0.007087708300268947,0.9996494502504988,999,1,0.03128907817624999,0.06701947764246498,0.1557077506213359,0.20552272774940988,0.25773316440193195,0.4798319473363166,0.8250478395891111,0.9398551766552525,0.9711374476510601,0.9939444117389221
BIOMD0000000474,cytoplasm_Foxo1_Pa0_Pd0_Pe1_pUb1,0.487826058291162,0.026440895562180433,0.9998124974115407,999,1,0.05349534038120457,0.08295057299243981,0.16275516898562037,0.20990664577271717,0.2600549803847017,0.47523512375655197,0.809223710247426,0.9202600576335003,0.972188606914639,0.9942899935413555
BIOMD0000000474,nucleus_Foxo1_Pa0_Pd0_Pe1_pUb1,0.47479825722011154,0.04206026595854584,0.9996649612138623,999,1,0.0555650688929285,0.08214647572353018,0.1579032994998731,0.20373723512158737,0.25250876647046633,0.4608185997518479,0.7858552015131337,0.893902667783802,0.9477288621930634,0.9906850776252024
BIOMD0000000474,dnabound_Foxo1_Pa0_Pd0_Pe1_pUb1,0.47155153769266017,0.0,0.9943509978147006,999,1,0.05520606647327008,0.08182322857175862,0.15760249201819804,0.20223165178874364,0.2506582146202161,0.45751584974020754,0.780296227608188,0.8875925381524514,0.9410442193312194,0.9837014040325912
BIOMD0000000474,cytoplasm_Foxo1_Pa0_Pd1_Pe0_pUb0,0.538388834345719,0.0036006498614242766,0.9999832170371036,999,1,0.03669186842764575,0.08020568093286616,0.18618152959675474,0.24571349585082652,0.30812126335722967,0.5737216764378853,0.8620873954236067,0.931001610760686,0.9654969826921614,0.993087975307481
BIOMD0000000474,nucleus_Foxo1_Pa0_Pd1_Pe0_pUb0,0.514838480957954,0.006138125230486069,0.9996626902844687,999,1,0.03273586168131646,0.0717899568921973,0.16724124674042434,0.22093203337281148,0.2772355395574314,0.516913736979326,0.8759698095882912,0.9377766596733066,0.9687269403155226,0.9934780462091646
BIOMD0000000474,dnabound_Foxo1_Pa0_Pd1_Pe0_pUb0,0.4812240173272304,0.007097680531113704,0.999947889733511,999,1,0.030516296924707333,0.06545437968948765,0.15233494063422331,0.20117325625643356,0.252373443301786,0.47023705832414897,0.808908759085843,0.9215354040086109,0.9719150453642283,0.9943439279473778
BIOMD0000000474,cytoplasm_Foxo1_Pa0_Pd1_Pe0_pUb1,0.49372272912670073,0.016294686557436266,0.9997484935333084,999,1,0.04506297725354506,0.07871004832489899,0.16257947833921618,0.2111946529513376,0.2626934233174315,0.4832571391540508,0.8258304468541418,0.9397223381568254,0.97140270591527,0.9940817209791231
BIOMD0000000474,nucleus_Foxo1_Pa0_Pd1_Pe0_pUb1,0.4768218274578256,0.027368308214012593,0.9999955904615084,999,1,0.04725741558335969,0.07765566226483743,0.15634005466935766,0.20280011469655768,0.25214225285723146,0.4638636037640237,0.7927653174162358,0.9020969469258162,0.9565576638140438,0.9945578315963493
BIOMD0000000474,dnabound_Foxo1_Pa0_Pd1_Pe0_pUb1,0.4694170294229097,0.02626951354597118,0.9934141571533257,999,1,0.046695882726745574,0.07687884172680573,0.1545706794902032,0.20032555574791633,0.24887528995847125,0.45700416002991295,0.7791062110795516,0.8865355151657107,0.9400491211908056,0.9827532232258586
BIOMD0000000474,cytoplasm_Foxo1_Pa0_Pd1_Pe1_pUb0,0.4738216788366286,0.003798978884256843,0.9997586943005065,999,1,0.013217732964512443,0.034173339595038196,0.10248282851212817,0.14852168101112712,0.20109949628774962,0.45654400284491237,0.8505888579938272,0.9251917869939128,0.962455905406237,0.9922936683356491
BIOMD0000000474,nucleus_Foxo1_Pa0_Pd1_Pe1_pUb0,0.43149951289989935,0.003538864446353429,0.9998836596258192,999,1,0.011657517090283377,0.029894971349960914,0.08851962904752197,0.12836206399592887,0.17387521675675982,0.3950521288553446,0.7768719920887289,0.9061931639611621,0.9678221119672946,0.9934767783371928
BIOMD0000000474,dnabound_Foxo1_Pa0_Pd1_Pe1_pUb0,0.37837679747691527,0.003151943044760963,0.9045280760729442,999,1,0.010447847317973793,0.02614969098415028,0.0780850755259139,0.11304682781152481,0.15294836666174147,0.3455259364599951,0.6793514103407489,0.7924096670369328,0.8486194186987216,0.8933730469654095
BIOMD0000000474,cytoplasm_Foxo1_Pa0_Pd1_Pe1_pUb1,0.4288381009940103,0.008588047797566833,0.9995950732436859,999,1,0.016936559046057332,0.034497868017733226,0.09198555249197375,0.1302522947048967,0.1749781156045418,0.39260169903642983,0.7669774872345304,0.8936116756963531,0.9565684107991073,0.9933454291716385
BIOMD0000000474,nucleus_Foxo1_Pa0_Pd1_Pe1_pUb1,0.4160259024976223,0.010038633683193576,0.9866650684346198,999,1,0.01797673951450487,0.034392441351022686,0.08927235912513837,0.1270469939580059,0.17040176215478542,0.38129988120642555,0.742546118130828,0.8651173784019288,0.9260532592398049,0.9745712792855827
BIOMD0000000474,dnabound_Foxo1_Pa0_Pd1_Pe1_pUb1,0.4070641439836027,0.0,0.965739890033157,999,1,0.017927943317008144,0.03417621098769355,0.08743602950191964,0.12439875727768485,0.1668294901347096,0.37212209121473494,0.7268189975663748,0.8467805290316337,0.9064188077424258,0.9539036385556783
BIOMD0000000474,cytoplasm_Foxo1_Pa1_Pd0_Pe0_pUb0,0.0,0.0,0.0,23,977,0.0,0.0,0.0,0.0,0.0,0.0,0.0,0.0,0.0,0.0
BIOMD0000000474,nucleus_Foxo1_Pa1_Pd0_Pe0_pUb0,0.0,0.0,0.0,23,977,0.0,0.0,0.0,0.0,0.0,0.0,0.0,0.0,0.0,0.0
BIOMD0000000474,dnabound_Foxo1_Pa1_Pd0_Pe0_pUb0,0.0,0.0,0.0,24,976,0.0,0.0,0.0,0.0,0.0,0.0,0.0,0.0,0.0,0.0
BIOMD0000000474,cytoplasm_Foxo1_Pa1_Pd0_Pe0_pUb1,0.0,0.0,0.0,21,979,0.0,0.0,0.0,0.0,0.0,0.0,0.0,0.0,0.0,0.0
BIOMD0000000474,nucleus_Foxo1_Pa1_Pd0_Pe0_pUb1,0.0,0.0,0.0,21,979,0.0,0.0,0.0,0.0,0.0,0.0,0.0,0.0,0.0,0.0
BIOMD0000000474,dnabound_Foxo1_Pa1_Pd0_Pe0_pUb1,0.03066020947207715,0.0,0.5361432563579138,23,977,0.0,0.0,0.0,0.0,0.0,0.0,0.001659993167457221,0.026360136331384225,0.11686016453343993,0.4460010917811652
BIOMD0000000474,cytoplasm_Foxo1_Pa1_Pd0_Pe1_pUb0,0.0,0.0,0.0,20,980,0.0,0.0,0.0,0.0,0.0,0.0,0.0,0.0,0.0,0.0
BIOMD0000000474,nucleus_Foxo1_Pa1_Pd0_Pe1_pUb0,0.0,0.0,0.0,22,978,0.0,0.0,0.0,0.0,0.0,0.0,0.0,0.0,0.0,0.0
BIOMD0000000474,dnabound_Foxo1_Pa1_Pd0_Pe1_pUb0,0.0436543052786481,0.0,0.7377257388529204,22,978,0.0,0.0,0.0,0.0,0.0,0.0,0.0023615042618145856,0.03682580466336399,0.16197908367573835,0.6181692137593453
BIOMD0000000474,cytoplasm_Foxo1_Pa1_Pd0_Pe1_pUb1,0.06527251873434162,0.0,0.7170687285078339,18,982,0.0,0.0,0.0,0.0,0.0,0.00018799364700566867,0.017655545479382487,0.16224651161512038,0.39078829941046156,0.6518126426883588
BIOMD0000000474,nucleus_Foxo1_Pa1_Pd0_Pe1_pUb1,0.05238954171525427,0.0,0.5266697793994815,20,980,0.0,0.0,0.0,0.0,0.0,0.0,0.012179062994016054,0.128697656753672,0.38674882317183146,0.49868558815395125
BIOMD0000000474,dnabound_Foxo1_Pa1_Pd0_Pe1_pUb1,0.04502778382757312,0.0,0.4171958862203914,20,980,0.0,0.0,0.0,0.0,0.0,0.0,0.013214781122600504,0.13050854048690244,0.3326224494867795,0.40028119887366886
BIOMD0000000474,cytoplasm_Foxo1_Pa1_Pd1_Pe0_pUb0,0.0,0.0,0.0,18,982,0.0,0.0,0.0,0.0,0.0,0.0,0.0,0.0,0.0,0.0
BIOMD0000000474,nucleus_Foxo1_Pa1_Pd1_Pe0_pUb0,0.0,0.0,0.0,17,983,0.0,0.0,0.0,0.0,0.0,0.0,0.0,0.0,0.0,0.0
BIOMD0000000474,dnabound_Foxo1_Pa1_Pd1_Pe0_pUb0,0.057272730458618894,0.0,0.840829170322873,19,981,0.0,0.0,0.0,0.0,0.0,0.0,0.006117169427076588,0.07248769091716337,0.253076568903775,0.7232786500390538
BIOMD0000000474,cytoplasm_Foxo1_Pa1_Pd1_Pe0_pUb1,0.05892090096859654,0.0,0.49699915020250773,17,983,0.0,0.0,0.0,0.0,0.0,0.00023652332022594535,0.021233081699106773,0.20704223297875587,0.3991875860768259,0.47743683737737136
BIOMD0000000474,nucleus_Foxo1_Pa1_Pd1_Pe0_pUb1,0.065454448170102,0.0,0.7473751278902023,15,985,0.0,0.0,0.0,0.0,0.0,0.00010653022683626556,0.01718137372165526,0.12316186343027491,0.3479128298752884,0.6674826682872194
BIOMD0000000474,dnabound_Foxo1_Pa1_Pd1_Pe0_pUb1,0.04800139404951506,0.0,0.6523721158111431,18,982,0.0,0.0,0.0,0.0,0.0,0.0,0.007641077576845878,0.07362834164993753,0.2295397249247085,0.5678056376338555
BIOMD0000000474,cytoplasm_Foxo1_Pa1_Pd1_Pe1_pUb0,0.07099732860780404,0.0,0.5313740675840846,15,985,0.0,0.0,0.0,0.0,0.0,0.0008911449407366101,0.044416643064918854,0.2730205454497655,0.4292471418367792,0.5109486824346234
BIOMD0000000474,nucleus_Foxo1_Pa1_Pd1_Pe1_pUb0,0.05461610263020293,0.0,0.44257335004963805,16,984,0.0,0.0,0.0,0.0,0.0,0.00068782801394357,0.03187155937948516,0.19238122559819992,0.31191147178337897,0.41644097439638617
BIOMD0000000474,dnabound_Foxo1_Pa1_Pd1_Pe1_pUb0,0.04034912817379457,0.0,0.5081361035548491,17,983,0.0,0.0,0.0,0.0,0.0,0.0,0.008340631349942921,0.0703277567235672,0.2024427239632849,0.4469974276365362
BIOMD0000000474,cytoplasm_Foxo1_Pa1_Pd1_Pe1_pUb1,0.08659052517811794,0.0,0.733743629770337,14,986,0.0,0.0,0.0,0.0,0.0,0.001804474465553707,0.05448967655042487,0.26622574241242825,0.47765958803257824,0.682526821422785
BIOMD0000000474,nucleus_Foxo1_Pa1_Pd1_Pe1_pUb1,0.07721422503070882,0.0,0.662930203856759,15,985,0.0,0.0,0.0,0.0,0.0,0.0013587736634492753,0.04196366105056114,0.25097850310548797,0.44635132959440077,0.6196144290042873
BIOMD0000000474,dnabound_Foxo1_Pa1_Pd1_Pe1_pUb1,0.07022384543301821,0.0,0.6511466776601161,16,984,0.0,0.0,0.0,0.0,0.0,0.0015332740927753719,0.024960853722220788,0.21254617787401597,0.415330232720342,0.6039833886721612
BIOMD0000000474,nucleus_RNA_InR,0.5531356681540488,0.014361372354530944,0.9996505350678175,999,1,0.08317242075684918,0.14914179638458508,0.264211159798845,0.31729925391782815,0.36855737808444444,0.563734278434985,0.8490752289574375,0.9448548111744306,0.9755721301181088,0.9948323232861414
BIOMD0000000474,cytoplasm_RNA_InR,0.5520988560266321,0.014504288006832344,0.9996974550347432,999,1,0.08299869776040229,0.14882161932319438,0.2636319693877416,0.31660028329685835,0.36774266312387904,0.5624781646255146,0.8471737447084668,0.9427369752137422,0.9756258409689095,0.9948856694030573
BIOMD0000000474,nucleus_RNA_SOD2,0.5529923119858476,0.014455027708505264,0.9999418727721112,999,1,0.08332300997469441,0.14931435476169969,0.26433545126641655,0.31738094797552047,0.36859040214297256,0.5635483950900237,0.8485614642901053,0.9442378334913762,0.9758286110951044,0.995116677032452
BIOMD0000000474,cytoplasm_RNA_SOD2,0.5519397195535235,0.014600198283217791,0.9995979954606872,999,1,0.08314666843152137,0.1489896089557444,0.2637484713753385,0.31667275005495604,0.3677650897244382,0.5622765485758505,0.846636770408337,0.9420942650917065,0.9756053170700977,0.9947969198914017
BIOMD0000000474,E2F1,1.0,1.0,1.0,1000,0,1.0,1.0,1.0,1.0,1.0,1.0,1.0,1.0,1.0,1.0
BIOMD0000000474,SGK,,,,0,1000,,,,,,,,,,
BIOMD0000000474,CDK2,,,,0,1000,,,,,,,,,,
BIOMD0000000474,AMPK,,,,0,1000,,,,,,,,,,
BIOMD0000000474,CBPP300,1.0,1.0,1.0,1000,0,1.0,1.0,1.0,1.0,1.0,1.0,1.0,1.0,1.0,1.0
BIOMD0000000474,SIRT1,1.0,1.0,1.0,1000,0,1.0,1.0,1.0,1.0,1.0,1.0,1.0,1.0,1.0,1.0
BIOMD0000000474,E3,,,,0,1000,,,,,,,,,,
BIOMD0000000474,USP7,1.0,1.0,1.0,1000,0,1.0,1.0,1.0,1.0,1.0,1.0,1.0,1.0,1.0,1.0
BIOMD0000000474,SCF,1.0,1.0,1.0,1000,0,1.0,1.0,1.0,1.0,1.0,1.0,1.0,1.0,1.0,1.0
BIOMD0000000474,Proteasome,1.0,1.0,1.0,1000,0,1.0,1.0,1.0,1.0,1.0,1.0,1.0,1.0,1.0,1.0
BIOMD0000000477,model,0.5686960701158862,0.0,0.9994625963662227,43,0,0.0,0.0,0.09169292351181889,0.1705391250943602,0.3716304649269019,0.6758002447105667,0.9489213635864916,0.9864001814091135,0.9890965880967255,0.995777050449068
BIOMD0000000477,mw4d2e70a7_f499_461d_ae18_bc53b365b091,0.800716053615293,0.0,1.0,904,96,0.0,0.04754769647256052,0.6435111064203474,0.7844168678095104,0.8686239217335552,0.9736802327137173,0.9935535151301002,0.9991937992333251,0.9997012315731617,0.9999355692534204
BIOMD0000000477,mw8cc67de0_64e6_428f_ab09_4c2825cc172c,0.8092617544040931,0.0,1.0,948,52,0.0,0.0768096730072918,0.6750051700540348,0.8071056174055388,0.8840983344908698,0.9793697099449736,0.9949924904614303,0.9994124806669559,0.9999241010949081,0.9999824896624798
BIOMD0000000477,mw6ee00a71_ab68_454b_b1cd_60c1ebd19cfa,0.661684434026202,0.0,1.0,727,273,0.0,0.0,0.0,0.19963452601476983,0.5225668961777796,0.9108712834281197,0.955672304263386,0.9614842226027958,0.9972181958175523,0.9995904112933177
BIOMD0000000477,mw2dc73059_a841_48d5_b4bd_3ac24d94c42e,0.9192532396945242,0.26700704235259076,1.0,681,319,0.5433579213448197,0.6666530027392625,0.8943186271451129,0.9378839868279276,0.9713293086386148,0.9865105806592528,0.9964460029946824,0.997475399764247,0.9985984072500673,0.9997470115680096
BIOMD0000000477,mw136c8391_14f4_4a28_83a3_35cc74a2e040,0.7891668540456954,0.0,1.0,537,463,0.0,0.22034144992708943,0.6623053411336937,0.7327842707739645,0.7860221655240969,0.9233258562119571,0.9949013449534317,0.99873782721781,0.9990755833734167,0.9999300449913163
BIOMD0000000477,mw7204ab72_2ee5_4b92_b420_2583dacc4343,0.7999502494214039,0.023983925655281402,1.0,517,483,0.3342177115124288,0.4576391232845369,0.6688758143297249,0.6864608062698685,0.7169009688991697,0.8783635736785969,0.985462074056149,0.9914844074384066,0.9956715073500996,0.9996293065655762
BIOMD0000000477,mw6939cefe_e7ff_4a3f_b45b_a9234d1b5573,0.8611188324344792,0.0,1.0,795,205,0.21793514105801484,0.4727560450866132,0.7963765442421261,0.8482880111176139,0.9228046863113213,0.9798550954152033,0.9975206611123616,0.998545216786966,0.9992878382217733,0.9998949523195956
BIOMD0000000477,mwf8cfed1b_6fcf_4cba_bc30_b44490814a7a,0.86647962697979,0.0,1.0,511,489,0.3755404308872385,0.6124995579126012,0.7958141766399758,0.8375527133178438,0.8628013110317607,0.9690427147331188,0.9912861702601328,0.9980116557009381,0.9993720557534191,0.9999782882875078
BIOMD0000000477,mw702be69a_eb4f_425e_87c7_ef7d85254536,0.8548083657351999,0.46046999371440767,1.0,802,198,0.5358592820644821,0.5404343151763665,0.6628618259426822,0.7095025949482872,0.7706705448557702,0.9556606269248438,0.9962166959490857,0.9980992885737838,0.9997265244405645,0.999955729655712
BIOMD0000000477,mwbee11634_55df_4a3f_998a_634dfaf46fd7,0.9323350557249389,0.6687820457326232,0.9999999999999998,1000,0,0.732882346037952,0.7838360044836665,0.860910937181158,0.8916340562752731,0.9146859624252224,0.9783449949907954,0.998060782028091,0.999357418335536,0.9996547072402171,0.9999441057179078
BIOMD0000000477,mw805b55df_cc91_4227_bb52_930e961b682c,0.5608782403408501,0.0,0.9999999999999999,580,420,0.0,0.0,0.0,0.17864468368463177,0.31001486679512047,0.5730018840466369,0.9795665498963749,0.9981013981484944,0.9992904619783304,0.9999711170145807
BIOMD0000000477,mwb71eb539_dca6_47ab_8df5_430d84af0bfb,0.8587960998136813,0.0,1.0,1000,0,0.07151933672876802,0.45470924422392306,0.8135531223054512,0.8912297379144061,0.9277910837979921,0.982322378417254,0.9965485086344288,0.9979155835013804,0.999065063661234,0.9997419515490954
BIOMD0000000477,mwa5d6f7e4_dc4d_4931_91ce_1e78e7b2f195,0.9119024706533272,0.4474016496403652,1.0,334,666,0.5937302601586248,0.7018668427576988,0.8406923671213375,0.8840888294528857,0.9159025020303021,0.9775958147305464,0.9977625753652274,0.9992711077702389,0.9996994810953514,0.9999467512427725
BIOMD0000000477,mw4079e13c_446e_4aa2_9ec4_233583833d02,0.9767417099752106,0.8804481913258778,1.0,278,722,0.905856828135357,0.92722315388263,0.9557841801003428,0.9659042928518455,0.9732450380459963,0.9914226684018246,0.9996920162604399,0.9998870630777691,0.9999283082288991,0.9999904460670099
BIOMD0000000477,mwe5fade7d_1715_4bb1_843f_923da8ecddf1,0.9841609010593529,0.9443512236827624,0.9999999999999999,450,550,0.9480608315281219,0.9501614222707664,0.9640129711350517,0.9715398635098433,0.9790795362164705,0.9937466896139531,0.9995080712069808,0.9998579304227413,0.9999000828929134,0.9999765674955984
BIOMD0000000477,mw262497ec_3d54_4367_bfe3_76a9c57497cb,0.7964178339665753,0.0,1.0,619,381,0.0,0.12073680026163099,0.6239577667629405,0.7532884052641798,0.8382156483358952,0.9693603390983364,0.997275383188853,0.9988483416137519,0.9994950960374209,0.9998775279160881
BIOMD0000000477,mw8bffd47e_34de_4738_81bf_7a39a40b3ae8,0.8133789453958753,0.0,1.0,796,204,0.0,0.1140177992686095,0.679739553242142,0.8081416433226707,0.8851840530416044,0.9852708768787437,0.9990394550875193,0.9994829046189802,0.9997268651386155,0.999950773323958
BIOMD0000000477,mw308b75ec_28b7_4d97_92e2_51a8ce04116a,0.9501952741959109,0.5900999738064543,1.0,338,662,0.713762404690824,0.81104554414471,0.9242542507423305,0.9532142284847042,0.9728371474800999,0.9958125488518337,0.9990130579731489,0.999545482021415,0.9998069008929182,0.9999615274497099
BIOMD0000000477,mw75377e12_e23d_44b3_9823_5fac9b23edc8,0.6830622366039116,0.0,0.9999999999999998,809,191,0.0,0.0,0.1161518122862622,0.35424177937692347,0.5411803862978312,0.9191549444532495,0.9988561856833386,0.9993365494079162,0.999797602679337,0.9999803593918837
BIOMD0000000477,mw67d0cf04_d6a7_4725_a869_098a96a3350d,0.989967156767393,0.9804693637266024,1.0,1000,0,0.9805801710641233,0.9809657940618355,0.9825992100011199,0.9836665345299851,0.9848912215220178,0.9903075465054403,0.9968087737339927,0.9985653407321481,0.9993007600598199,0.9998435728924189
BIOMD0000000477,mw46ee629a_dd6b_4163_9da1_2614bb1d74bc,0.4392335819255441,0.0,1.0,594,406,0.0,0.0,0.0,0.0,0.0,0.13733735692227617,0.9576508720298469,0.973358570975731,0.9849236624106826,0.99931187358249
BIOMD0000000477,mw0be0d193_fd6b_4824_8928_dbade8b5c99c,0.9045859308315203,0.39416390274402535,1.0,339,661,0.5563848756527288,0.6758002447105667,0.8281199336205523,0.8754509456977628,0.9100097893816276,0.9764182775802492,0.9976987811323449,0.9992557450949104,0.9996941150620506,0.9999459463210769
BIOMD0000000477,mw280197c8_98de_43f0_bf01_0f332a1ab689,0.9831657255192818,0.8691108900463297,1.0,540,460,0.9104574582541631,0.9388322599791854,0.9718445631541828,0.9810139922245543,0.987350190218305,0.9980160399516813,0.9998535997648055,0.9999259393199817,0.9999687962289227,0.9999968739997844
BIOMD0000000477,mw9a5baf6d_0285_4ad3_9499_059c553d9cf6,0.7498923546139854,0.0,1.0,445,555,0.0,0.0,0.4327457499852641,0.6290767110949395,0.7583027013213774,0.958014068523955,0.9980772394886206,0.9997014005150301,0.9999572626534515,0.9999976527470753
BIOMD0000000477,mw05469f51_73f7_4ba1_9f1a_bce5fea143c2,0.9451452724936735,0.5760667354014886,1.0,350,650,0.7010220347300307,0.7893023579274571,0.9105442051933901,0.9466977364493974,0.9675558972345456,0.9954896680660326,0.9977819285487355,0.9991698267901089,0.9996964215384022,0.999960493403516
BIOMD0000000477,mwf20834c8_a115_460b_859c_4e3ca1ffd953,0.8672498827240804,0.0,1.0,816,184,0.03817615066368446,0.44016015632476063,0.8317759107120147,0.9186843128097548,0.9665673060932456,0.9931349074441789,0.9988559964080526,0.9994261200882149,0.9997313838166225,0.9999678966084466
BIOMD0000000477,mwb4633da9_f9d6_4ad8_a7e5_da075c830e17,0.7832999026095377,0.0,1.0,457,543,0.19265790824501045,0.31254051776814457,0.5694552369059965,0.6738855252457685,0.7704320144126833,0.9184304671841658,0.9855432517603726,0.9905561590776728,0.9993635116135475,0.9999718021533051
BIOMD0000000477,mw9bb804c9_3e4e_4684_9f6b_4e6f6706a58e,0.942478842826753,0.6520172814469349,1.0,635,365,0.7424854434622076,0.8098367833152079,0.896897360723325,0.9241949020760963,0.9442279282739231,0.9829300634116042,0.9968793599123145,0.9986520501572647,0.9993740582736877,0.9998834237995123
BIOMD0000000477,mw64453fc5_a275_4bba_84f0_2af249b31514,0.9951155129070346,0.9814622725847199,1.0,1000,0,0.9832798422993689,0.9854259459069512,0.9898086265040543,0.9918018812289762,0.9935877824144767,0.9985328514026788,0.9992747184144871,0.9996681094639189,0.9998601506972179,0.9999817161923337
BIOMD0000000477,mw323a57b4_8e59_4116_9ad1_fe547b89c858,0.9996354464370679,0.9974891560489623,1.0,1000,0,0.9988797856069509,0.9994625963662227,0.999497812204063,0.9995313196955715,0.9995731465242242,0.9997545310947963,0.9998322706159211,0.9999263081229537,0.9999719871461,0.9999875578643561
BIOMD0000000477,mw173d8585_5817_4b4c_932a_cf7d673680ac,0.9928550139467046,0.9863166745342294,1.0,1000,0,0.986547537555995,0.9866437402846541,0.9876800482096098,0.9881711443539924,0.9890783982865611,0.9926204740327987,0.9980635119586694,0.9994764772842579,0.99969101426417,0.9999781397387411
BIOMD0000000477,mw32c21c39_237b_4d4c_bb5d_117cb30ce68a,0.9406798889604732,0.7054200115225965,1.0,1000,0,0.7650010400615386,0.8129880893244937,0.8811510950095123,0.9060797991474069,0.9272547531393601,0.9787098119295332,0.9991968298234031,0.9996982074168215,0.9998516739591295,0.9999754929625961
BIOMD0000000477,mw3832f277_aef2_4f1d_87af_abc2a3c1a7d5,0.990451328639315,0.8986896984197833,1.0,379,621,0.9400392943198115,0.9664400740396341,0.9927661583414404,0.9967118505465795,0.9968027675768004,0.9977954416168002,0.9994475054385122,0.9998114598419529,0.9999298178424815,0.9999913988828276
BIOMD0000000477,mw13651143_feb5_49a5_adab_9105c2647446,0.9361624712491016,0.5422314233398962,1.0,1000,0,0.6718828698426587,0.7668887375021919,0.8862147147183379,0.9221810185373485,0.9477173215735845,0.9917795517610261,0.9997164300308349,0.9998375278644158,0.9999262909691592,0.999992144055283
BIOMD0000000477,mw8a358487_b18b_42df_a646_cd75eb5bfcc2,0.9690197095505502,0.7322294698743663,0.9999999999999999,674,326,0.8238291681479689,0.8609255002776699,0.9637030969075143,0.980364845951479,0.9896206336970258,0.9938952307581459,0.9979684377649167,0.9991962632748078,0.99970155223767,0.9999476757633184
BIOMD0000000477,mwd9e7a9b9_6f1b_4bbc_afa5_6cb192b62ce8,0.6998426004314076,0.0,1.0,1000,0,0.0,0.0,0.28581888368242653,0.414951369895501,0.5459305308243395,0.9439552382315199,0.97396764208664,0.9843810353040827,0.9956355531660016,0.9997323589036088
BIOMD0000000477,mwfed5a135_c91b_4d20_91b2_3a61723544dd,0.9938596012377284,0.9897573116482397,1.0,1000,0,0.9902976154483029,0.9906874870396639,0.9914621293718154,0.9918535946879791,0.9922395073779227,0.9937965110304299,0.9961797172352644,0.996631248029699,0.9972071829396172,0.9998178332464001
BIOMD0000000477,mw97345a67_a8e8_42aa_8e62_69e9d2b6cf45,0.7459310624916625,0.0,0.9999999999999999,828,172,0.0,0.0,0.40691283454072885,0.6253151643470938,0.7601373101864324,0.9608965561548954,0.9803684553578919,0.9835471683019459,0.9850316314137064,0.9991424720369076
BIOMD0000000477,mw5c67812a_17f5_43cf_8acb_9bde272c1911,0.9923310727732876,0.9872411042864506,1.0,1000,0,0.988100034996507,0.9885719355276741,0.9898243696077094,0.9904697967730807,0.9908590923999803,0.9926203582618445,0.9944587804909532,0.9946626075212238,0.9967233201967963,0.9991867614697812
BIOMD0000000477,mw1f12e5bc_ebbc_4347_b6b7_5cd1740ac69a,0.9939565688568156,0.9876916309384246,0.9989848382119955,998,2,0.9884300677798344,0.9891548828266201,0.9905548245041746,0.9912229632316318,0.9918666916294111,0.9941716846442274,0.9973644495518955,0.9983774099124136,0.9987457883502793,0.9989300851754774
BIOMD0000000477,mwda4716f1_ae00_4149_aec3_12531380425a,0.9649680459824129,0.9407639409496721,0.9766011793827255,998,2,0.9439381132712792,0.9470612755600795,0.9531163130981588,0.9560242870269815,0.9588320223376937,0.9686215610174923,0.9756461862559698,0.9763301934650258,0.9765290609555758,0.9765981378872679
BIOMD0000000477,mw17ae9adc_54ab_407b_a34d_8413a3a10cc6,0.9208112982016704,0.8191026019805946,0.9873795811477506,998,2,0.8310778964557157,0.8429411983073912,0.8662615429827748,0.8776726827623735,0.888875603433554,0.9304753424187352,0.9730904135856372,0.9811103736840279,0.984484032704652,0.9867819257020699
BIOMD0000000477,mwc844b7c0_98f5_4d0d_8f0c_00dfe8b54e6d,0.8477283389517125,0.0,0.9999746708060371,871,129,0.0438255020660111,0.41102376303274013,0.7659719768941292,0.8551795927337871,0.9105903124877548,0.9823719538677866,0.9965946064417126,0.9979875684646893,0.9994492688558968,0.9996993306516749
BIOMD0000000533,model,0.5424865342561425,0.0,0.8258994025819262,9,0,0.0,0.0,0.14786990989413956,0.24644984982356588,0.42351130253200275,0.7147148745846463,0.8039852026356746,0.8197307596297293,0.8228150811058277,0.8252825382867065
BIOMD0000000533,RCT0,0.6121650395485787,0.0,1.0,822,178,0.0,0.0,0.0,0.0,0.0,0.8955807676161504,0.9869379309060782,0.9981419979498336,0.9997902906528281,0.9998843901666296
BIOMD0000000533,alpha,0.7839129736054334,0.0,0.9982692565485605,935,65,0.0,0.24644984982356588,0.6903823073135228,0.7907537003221738,0.8333659553803915,0.9066119305504228,0.9669793697529713,0.9775257442099894,0.9803866426699462,0.9812607143889108
BIOMD0000000533,BN1,0.8435796813299055,0.6863347369107051,1.0,1000,0,0.6941228732999927,0.7147148745846463,0.7728409957876508,0.7949735398040344,0.8086777607653446,0.8495378580538013,0.9172741071886884,0.9752716815969601,0.9932612501561184,0.999222542688575
BIOMD0000000533,BN2,0.8691950155215165,0.7876944436038339,0.9850678731703165,999,1,0.7895269213389668,0.7945162717983377,0.8105175778509244,0.8193075839349646,0.8272474840512892,0.8386540417052506,0.9486472613118364,0.9736274268502828,0.9811574914940256,0.9844456136660023
BIOMD0000000533,BN3,0.8703329607687627,0.6923453145154537,0.9397778509031959,986,14,0.817162073970271,0.81818859889168,0.8220778125279664,0.8242921112683138,0.8262218527255341,0.8626250170296168,0.9278129350404932,0.9367433689359305,0.9390071658204349,0.939744265758514
BIOMD0000000533,BN4,0.854046043783575,0.4188889333192056,0.9073075495175481,941,59,0.7652224719851083,0.8258994025819262,0.8278866664939777,0.8306214610701106,0.8349060259549851,0.8637022634376255,0.9004559198364088,0.9056179905793661,0.9068771762561801,0.9072885398605177
BIOMD0000000533,BTX,0.8395222342433498,0.46093278600640186,0.888339559024594,858,142,0.6961976149513487,0.7935063290304679,0.8272617599489923,0.8299339315499115,0.8335487709152787,0.8548598233577971,0.8827237450821207,0.886922367004069,0.8879775378769708,0.8883243014141934
BIOMD0000000533,BM,0.8163658989103483,0.3105653184129309,0.8723150314096402,820,180,0.5627733306853406,0.6891034815946582,0.8024938088312212,0.8294462055121437,0.8469214152131892,0.8576288832322903,0.869672110910682,0.8716359062158882,0.8721432360315458,0.8723075622068656
BIOMD0000000533,RCT1,0.674807949452497,0.0,0.8974133163067177,904,96,0.0,0.0,0.5592655396998918,0.7175818233594708,0.7416054766702135,0.7993812967798606,0.8737444936638619,0.8910054596738511,0.8957549807564648,0.8973423051121411
BIOMD0000000538,model,0.9997333575416429,0.999607601742721,0.9998591133405648,2,0,0.9996201773226132,0.9996327529025054,0.9996579040622897,0.9996704796421819,0.9996830552220741,0.9997333575416429,0.9998088110209961,0.9998339621807804,0.9998465377606726,0.9998565982245863
BIOMD0000000538,ONLnr,0.9997878824395378,0.999561133513631,1.0,1000,0,0.9995842900931601,0.999607601742721,0.9996538639089915,0.9996771180260471,0.9997004979840692,0.9997929863396543,0.999918867829647,0.9999596757168489,0.9999849037417389,0.999995530458877
BIOMD0000000538,ONLpcd,0.9999199473904734,0.9998443325657307,1.0,1000,0,0.999851736427312,0.9998591133405648,0.9998739680778269,0.999881329318816,0.9998886715412754,0.9999183347102949,0.9999669187516023,0.9999831543917198,0.9999892556355744,0.9999987308974291
BIOMD0000000539,model,0.0,0.0,0.0,6,0,0.0,0.0,0.0,0.0,0.0,0.0,0.0,0.0,0.0,0.0
BIOMD0000000539,A,0.014011290936168559,0.0,1.0,1000,0,0.0,0.0,0.0,0.0,0.0,0.0,0.0,0.0,0.0,0.5243697830499054
BIOMD0000000539,AgB,0.2614864753303924,0.0,0.9985757923857835,876,124,0.0,0.0,0.0,0.0,0.0,0.0,0.5692645764499262,0.7732405781672764,0.8877082080073813,0.9742514276712013
BIOMD0000000539,gB,0.61581980223433,0.0,1.0,1000,0,0.0,0.0,0.5497117113848389,0.6792437124728755,0.6800083817836118,0.6933149553513072,0.7974196340065475,0.8843982593033523,0.940217433326926,0.9868617921671415
BIOMD0000000539,rB,0.43074443028439896,0.0,0.9997781174615458,999,1,0.0,0.0,0.0,0.0,0.0,0.45008688099893035,0.8198356983281007,0.9056319697820852,0.9523491705199782,0.988773545235404
BIOMD0000000539,B,0.0,0.0,0.0,997,3,0.0,0.0,0.0,0.0,0.0,0.0,0.0,0.0,0.0,0.0
BIOMD0000000539,AB,0.010086388446610646,0.0,0.9981383216237003,999,1,0.0,0.0,0.0,0.0,0.0,0.0,0.0,0.0,0.0,0.4488923934684372
BIOMD0000000542,model,0.15988488562576303,0.0,1.0,25,20,0.0,0.0,0.0,0.0,0.0,0.0,0.0,0.9987524985112245,0.9999036422535942,1.0
BIOMD0000000542,ADP,0.0018520608477014045,0.0,1.0,1000,0,0.0,0.0,0.0,0.0,0.0,0.0,0.0,0.0,0.0,0.0
BIOMD0000000542,ATP,0.0033995332066672533,0.0,0.9855835712580421,999,1,0.0,0.0,0.0,0.0,0.0,0.0,0.0,0.0,0.0,0.0
BIOMD0000000542,MT,0.00844923949238587,0.0,1.0,1000,0,0.0,0.0,0.0,0.0,0.0,0.0,0.0,0.0,0.0,0.2195546084789519
BIOMD0000000542,Hsc70,0.03147112079949379,0.0,1.0,1000,0,0.0,0.0,0.0,0.0,0.0,0.0,0.0,0.0,0.0,0.940749835067739
BIOMD0000000542,Hsp90,0.04881030352721383,0.0,0.9999999999999999,1000,0,0.0,0.0,0.0,0.0,0.0,0.0,0.0,0.0,0.7293821418325726,0.9629336475403272
BIOMD0000000542,CHIP,0.9982706406610334,0.9975711383245575,0.9999999999999999,1000,0,0.9975859671080712,0.9976039293761051,0.9976520309379755,0.9976839278110354,0.997722534863397,0.9979763263927923,0.9989350646217623,0.9994603990330374,0.999898455438893,0.9999966421692194
BIOMD0000000542,Bag2,0.9995984152487535,0.9995160094162802,1.0,1000,0,0.9995170002610239,0.9995182112679707,0.9995215104265252,0.9995237445967313,0.999526498386529,0.9995460143107842,0.9996473622446671,0.9997507599138902,0.9999475025969621,0.9999982586459478
BIOMD0000000542,TauH3RUb,,,,0,1000,,,,,,,,,,
BIOMD0000000542,TauH4RUb,0.0,0.0,0.0,662,338,0.0,0.0,0.0,0.0,0.0,0.0,0.0,0.0,0.0,0.0
BIOMD0000000542,Nucleus3,,,,0,1000,,,,,,,,,,
BIOMD0000000542,Nucleus4,,,,0,1000,,,,,,,,,,
BIOMD0000000542,Agg33,,,,0,1000,,,,,,,,,,
BIOMD0000000542,Agg43,,,,0,1000,,,,,,,,,,
BIOMD0000000542,Tau03R,0.0,0.0,0.0,986,14,0.0,0.0,0.0,0.0,0.0,0.0,0.0,0.0,0.0,0.0
BIOMD0000000542,TauN3R,0.0,0.0,0.0,954,46,0.0,0.0,0.0,0.0,0.0,0.0,0.0,0.0,0.0,0.0
BIOMD0000000542,TauH3R,,,,0,1000,,,,,,,,,,
BIOMD0000000542,Tau0_3R,0.0,0.0,0.0,971,29,0.0,0.0,0.0,0.0,0.0,0.0,0.0,0.0,0.0,0.0
BIOMD0000000542,Tau03RMT,0.0006849782844830908,0.0,0.6104269789377128,999,1,0.0,0.0,0.0,0.0,0.0,0.0,0.0,0.0,0.0,0.0
BIOMD0000000542,TauN_3R,,,,0,1000,,,,,,,,,,
BIOMD0000000542,TauN3RMT,0.003988513066272371,0.0,0.8829205156266933,999,1,0.0,0.0,0.0,0.0,0.0,0.0,0.0,0.0,0.0,0.0
BIOMD0000000542,TauH_3R,,,,0,1000,,,,,,,,,,
BIOMD0000000542,TauH3RMT,,,,0,1000,,,,,,,,,,
BIOMD0000000542,TauH3R_Hsc70,,,,0,1000,,,,,,,,,,
BIOMD0000000542,TauH3R_Hsp90,,,,0,1000,,,,,,,,,,
BIOMD0000000542,Tau03R_Hsp90,,,,0,1000,,,,,,,,,,
BIOMD0000000542,TauH3R_CHIP_Hsc70,,,,0,1000,,,,,,,,,,
BIOMD0000000542,TauH3R_CHIP_Hsc70_Bag2,,,,0,1000,,,,,,,,,,
BIOMD0000000542,Tau04R,0.0,0.0,0.0,955,45,0.0,0.0,0.0,0.0,0.0,0.0,0.0,0.0,0.0,0.0
BIOMD0000000542,TauN4R,0.0,0.0,0.0,954,46,0.0,0.0,0.0,0.0,0.0,0.0,0.0,0.0,0.0,0.0
BIOMD0000000542,TauH4R,0.0,0.0,0.0,976,24,0.0,0.0,0.0,0.0,0.0,0.0,0.0,0.0,0.0,0.0
BIOMD0000000542,Tau0_4R,0.0,0.0,0.0,940,60,0.0,0.0,0.0,0.0,0.0,0.0,0.0,0.0,0.0,0.0
BIOMD0000000542,Tau04RMT,0.003435647275040671,0.0,0.9383400353473748,999,1,0.0,0.0,0.0,0.0,0.0,0.0,0.0,0.0,0.0,0.0
BIOMD0000000542,TauN_4R,0.0,0.0,0.0,912,88,0.0,0.0,0.0,0.0,0.0,0.0,0.0,0.0,0.0,0.0
BIOMD0000000542,TauN4RMT,0.008790423085451674,0.0,0.9750218763623336,999,1,0.0,0.0,0.0,0.0,0.0,0.0,0.0,0.0,0.0,0.45109513257014106
BIOMD0000000542,TauH_4R,0.0,0.0,0.0,970,30,0.0,0.0,0.0,0.0,0.0,0.0,0.0,0.0,0.0,0.0
BIOMD0000000542,TauH4RMT,0.0,0.0,0.0,995,5,0.0,0.0,0.0,0.0,0.0,0.0,0.0,0.0,0.0,0.0
BIOMD0000000542,TauH4R_Hsc70,,,,0,1000,,,,,,,,,,
BIOMD0000000542,TauH4R_Hsp90,,,,0,1000,,,,,,,,,,
BIOMD0000000542,Tau04R_Hsp90,0.0,0.0,0.0,579,421,0.0,0.0,0.0,0.0,0.0,0.0,0.0,0.0,0.0,0.0
BIOMD0000000542,TauH4R_CHIP_Hsc70,,,,0,1000,,,,,,,,,,
BIOMD0000000542,TauH4R_CHIP_Hsc70_Bag2,,,,0,1000,,,,,,,,,,
BIOMD0000000542,_20S,1.0,1.0,1.0,1000,0,1.0,1.0,1.0,1.0,1.0,1.0,1.0,1.0,1.0,1.0
BIOMD0000000542,_26S,1.0,1.0,1.0,1000,0,1.0,1.0,1.0,1.0,1.0,1.0,1.0,1.0,1.0,1.0
BIOMD0000000542,Ap,,,,0,1000,,,,,,,,,,
BIOMD0000000542,Bp,,,,0,1000,,,,,,,,,,
BIOMD0000000546,model,0.0,0.0,0.0,3,0,0.0,0.0,0.0,0.0,0.0,0.0,0.0,0.0,0.0,0.0
BIOMD0000000546,s1,0.3315766979766256,0.0,1.0,299,701,0.0,0.0,0.0,0.0,0.0,0.0,0.7611196776793648,0.908584511705389,0.9647377944244467,0.9940414262185803
BIOMD0000000546,s2,0.12177748795805737,0.0,0.9945748655826098,999,1,0.0,0.0,0.0,0.0,0.0,0.0,0.10157353011665042,0.6843325417164217,0.7357608069294397,0.9076898038362482
BIOMD0000000546,s3,0.12893537835761443,0.0,1.0,1000,0,0.0,0.0,0.0,0.0,0.0,0.0,0.16894770189983113,0.7103128862061542,0.7381774043256001,0.9295180267111931
BIOMD0000000548,model,0.0,0.0,0.0,3,0,0.0,0.0,0.0,0.0,0.0,0.0,0.0,0.0,0.0,0.0
BIOMD0000000548,F,0.5038150286396648,0.0,1.0,1000,0,0.0,0.0,0.0,0.0,0.06030621536329619,0.6050317813046522,0.875848441898085,0.9503706566264056,0.9822105957037965,0.9992113023018536
BIOMD0000000548,P,0.08355386630630379,0.0,0.9904666853666205,999,1,0.0,0.0,0.0,0.0,0.0,0.0,0.024117582684767512,0.3579647477795211,0.6569059052136611,0.9093497181461555
BIOMD0000000548,C,0.5223472583842692,0.0,1.0,1000,0,0.0,0.0,0.0,0.18303152254133548,0.2793111660075515,0.6114119477279336,0.8636803246811009,0.9213502781709543,0.9610385216694066,0.9882538543841769
BIOMD0000000551,model,0.3840969484385566,0.022980846698533463,0.914533755230097,3,0,0.04216038636738405,0.06133992603623463,0.09969900537393579,0.11887854504278635,0.1380580847116369,0.21477624338703924,0.6346307504928739,0.7745822528614854,0.8445580040457912,0.9005386049932358
BIOMD0000000551,C,0.7668728374746306,0.0,1.0,1000,0,0.0,0.21477624338703924,0.4963559294361498,0.7138706639639951,0.8972085270446836,0.9315659402897857,0.9676497772433298,0.968958647667226,0.969044353754733,0.9898058429038218
BIOMD0000000551,P,0.7872763881605668,0.0,1.0,1000,0,0.0,0.022980846698533463,0.6948071622648837,0.7741908956236105,0.8575133334321204,0.9083525746087786,0.9582378016890122,0.9798279791113356,0.9899111958418345,0.9978548571580885
BIOMD0000000551,l,0.9640554188020333,0.90904722829455,1.0,1000,0,0.9104626766474281,0.914533755230097,0.9273015525806851,0.9351791880783658,0.9439673531329199,0.9814956417544448,0.9909480694185638,0.995777010899466,0.9982363124206464,0.9996711492566133
BIOMD0000000552,model,0.4386192094849183,0.0,0.8772384189698366,2,0,0.04386192094849183,0.08772384189698366,0.17544768379396733,0.21930960474245914,0.263171525690951,0.4386192094849183,0.7017907351758693,0.7895145770728529,0.8333764980213447,0.8684660347801382
BIOMD0000000552,a,0.44550836236552915,0.0,1.0,829,171,0.0,0.0,0.0,0.0,0.0,0.4291665038061325,0.9031104895352593,0.9452894502674791,0.971255075089822,0.9939949701998605
BIOMD0000000552,b,0.9589567545269116,0.8664920654097524,0.9999728723281247,999,1,0.8692564354133584,0.8772384189698366,0.906292931333197,0.9250410926210766,0.9451176154247299,0.9813291611515224,0.9953722305600318,0.997796172374359,0.9987947400621326,0.9997443620436693
BIOMD0000000553,model,0.4386192094849183,0.0,0.8772384189698366,2,0,0.04386192094849183,0.08772384189698366,0.17544768379396733,0.21930960474245914,0.263171525690951,0.4386192094849183,0.7017907351758693,0.7895145770728529,0.8333764980213447,0.8684660347801382
BIOMD0000000553,a,0.44550836236552915,0.0,1.0,829,171,0.0,0.0,0.0,0.0,0.0,0.4291665038061325,0.9031104895352593,0.9452894502674791,0.971255075089822,0.9939949701998605
BIOMD0000000553,b,0.9589567545269116,0.8664920654097524,0.9999728723281247,999,1,0.8692564354133584,0.8772384189698366,0.906292931333197,0.9250410926210766,0.9451176154247299,0.9813291611515224,0.9953722305600318,0.997796172374359,0.9987947400621326,0.9997443620436693
BIOMD0000000554,model,0.0,0.0,0.0,34,2,0.0,0.0,0.0,0.0,0.0,0.0,0.0,0.0,0.0,0.0
BIOMD0000000554,NAg,0.00589715560220446,0.0,1.0,476,524,0.0,0.0,0.0,0.0,0.0,0.0,0.0,0.0,0.0,0.0
BIOMD0000000554,GLCg,0.0035202830405450863,0.0,1.0,476,524,0.0,0.0,0.0,0.0,0.0,0.0,0.0,0.0,0.0,0.0
BIOMD0000000554,G6Pg,0.006159641447251324,0.0,1.0,476,524,0.0,0.0,0.0,0.0,0.0,0.0,0.0,0.0,0.0,0.0
BIOMD0000000554,F6Pg,0.007789711638125002,0.0,0.9999999999999999,476,524,0.0,0.0,0.0,0.0,0.0,0.0,0.0,0.0,0.0,0.0
BIOMD0000000554,GAPg,0.005955252915777721,0.0,1.0,476,524,0.0,0.0,0.0,0.0,0.0,0.0,0.0,0.0,0.0,0.0
BIOMD0000000554,PEPg,0.005737680312896231,0.0,1.0,476,524,0.0,0.0,0.0,0.0,0.0,0.0,0.0,0.0,0.0,0.0
BIOMD0000000554,PYRg,0.00872885212006833,0.0,1.0,476,524,0.0,0.0,0.0,0.0,0.0,0.0,0.0,0.0,0.0,0.10605717440010809
BIOMD0000000554,LACg,0.009955140240099592,0.0,0.9999999999999999,475,525,0.0,0.0,0.0,0.0,0.0,0.0,0.0,0.0,0.0,0.21691499840715658
BIOMD0000000554,NADHg,0.007463313465442692,0.0,1.0,476,524,0.0,0.0,0.0,0.0,0.0,0.0,0.0,0.0,0.0,0.0
BIOMD0000000554,ATPg,0.004558125086774423,0.0,1.0,476,524,0.0,0.0,0.0,0.0,0.0,0.0,0.0,0.0,0.0,0.0
BIOMD0000000554,PCrg,0.007171398240102166,0.0,1.0,475,525,0.0,0.0,0.0,0.0,0.0,0.0,0.0,0.0,0.0,0.0
BIOMD0000000554,O2g,0.005036652825861343,0.0,1.0,476,524,0.0,0.0,0.0,0.0,0.0,0.0,0.0,0.0,0.0,0.0
BIOMD0000000554,GLYg,0.007746073674017603,0.0,1.0,475,525,0.0,0.0,0.0,0.0,0.0,0.0,0.0,0.0,0.0,0.0
BIOMD0000000554,GLUg,,,,0,1000,,,,,,,,,,
BIOMD0000000554,O2c,0.005566748458183963,0.0,1.0,476,524,0.0,0.0,0.0,0.0,0.0,0.0,0.0,0.0,0.0,0.0
BIOMD0000000554,GLCc,0.007202474870333223,0.0,1.0,476,524,0.0,0.0,0.0,0.0,0.0,0.0,0.0,0.0,0.0,0.0
BIOMD0000000554,LACc,0.008930558029725503,0.0,1.0,475,525,0.0,0.0,0.0,0.0,0.0,0.0,0.0,0.0,0.0,0.09107465823699047
BIOMD0000000554,CO2c,0.004441342095206212,0.0,1.0,476,524,0.0,0.0,0.0,0.0,0.0,0.0,0.0,0.0,0.0,0.0
BIOMD0000000554,GLCe,0.009984744202774993,0.0,1.0,476,524,0.0,0.0,0.0,0.0,0.0,0.0,0.0,0.0,0.0,0.20153192002407347
BIOMD0000000554,LACe,0.009844720746430023,0.0,1.0,476,524,0.0,0.0,0.0,0.0,0.0,0.0,0.0,0.0,0.0,0.21910416560001944
BIOMD0000000554,GLUe,0.0,0.0,0.0,120,880,0.0,0.0,0.0,0.0,0.0,0.0,0.0,0.0,0.0,0.0
BIOMD0000000554,NAn,0.0021008403361344537,0.0,0.9999999999999999,476,524,0.0,0.0,0.0,0.0,0.0,0.0,0.0,0.0,0.0,0.0
BIOMD0000000554,GLCn,0.010931802923370367,0.0,1.0,476,524,0.0,0.0,0.0,0.0,0.0,0.0,0.0,0.0,0.0,0.5146734816279449
BIOMD0000000554,G6Pn,0.01753898715266833,0.0,1.0,475,525,0.0,0.0,0.0,0.0,0.0,0.0,0.0,0.0,0.0,0.9727795687116572
BIOMD0000000554,F6Pn,0.017387073000375952,0.0,1.0,475,525,0.0,0.0,0.0,0.0,0.0,0.0,0.0,0.0,0.0,0.978869682861725
BIOMD0000000554,GAPn,0.004218783184840013,0.0,1.0,476,524,0.0,0.0,0.0,0.0,0.0,0.0,0.0,0.0,0.0,0.0
BIOMD0000000554,PEPn,,,,0,1000,,,,,,,,,,
BIOMD0000000554,PYRn,0.00323674308682237,0.0,1.0,476,524,0.0,0.0,0.0,0.0,0.0,0.0,0.0,0.0,0.0,0.0
BIOMD0000000554,LACn,0.008692259012357628,0.0,1.0,476,524,0.0,0.0,0.0,0.0,0.0,0.0,0.0,0.0,0.0,0.10714315644004654
BIOMD0000000554,NADHn,0.0029753503558010014,0.0,1.0,476,524,0.0,0.0,0.0,0.0,0.0,0.0,0.0,0.0,0.0,0.0
BIOMD0000000554,ATPn,0.013209466369042374,0.0,1.0,476,524,0.0,0.0,0.0,0.0,0.0,0.0,0.0,0.0,0.0,0.8872834547946301
BIOMD0000000554,PCrn,0.016041324936821966,0.0,1.0,476,524,0.0,0.0,0.0,0.0,0.0,0.0,0.0,0.0,0.0,0.9799459305861897
BIOMD0000000554,O2n,0.005595997788851747,0.0,1.0,476,524,0.0,0.0,0.0,0.0,0.0,0.0,0.0,0.0,0.0,0.0
BIOMD0000000554,GLUn,0.0025212141866267877,0.0,1.0,476,524,0.0,0.0,0.0,0.0,0.0,0.0,0.0,0.0,0.0,0.0
BIOMD0000000554,Vv,0.0075168614513996465,0.0,0.9999999999999999,476,524,0.0,0.0,0.0,0.0,0.0,0.0,0.0,0.0,0.0,0.0
BIOMD0000000554,dHb,0.0045911725545490995,0.0,1.0,475,525,0.0,0.0,0.0,0.0,0.0,0.0,0.0,0.0,0.0,0.0
BIOMD0000000556,model,0.39754399958194586,0.0,0.9949495571773006,5,0,0.0,0.0,0.0,0.0,0.0,0.0,0.993206264021403,0.9940779105993518,0.9945137338883262,0.9948623925195057
BIOMD0000000556,APP,0.008046580850201547,0.0,0.9478499434945571,999,1,0.0,0.0,0.0,0.0,0.0,0.0,0.0,0.0,0.0,0.32794643501383186
BIOMD0000000556,C83,0.00757115587350198,0.0,0.9537051632048865,999,1,0.0,0.0,0.0,0.0,0.0,0.0,0.0,0.0,0.0,0.2957247740422702
BIOMD0000000556,C99,0.0,0.0,0.0,999,1,0.0,0.0,0.0,0.0,0.0,0.0,0.0,0.0,0.0,0.0
BIOMD0000000556,AB,0.9909674456962347,0.8043911497584496,0.9999931037837558,999,1,0.9875369384580277,0.9927704407324286,0.9927881664650084,0.9928044452701927,0.9928260017471445,0.9929611012065682,0.9942534729701396,0.9961478281554839,0.9978040845107113,0.9995296980090509
BIOMD0000000556,p3,0.9936768521600325,0.8626094940629543,0.9999756255880354,999,1,0.9915096681720247,0.9949495571773006,0.9949708449416016,0.9949905819459307,0.9950164085395137,0.995173776028002,0.9957674377554553,0.9971073186717826,0.9983415346791873,0.9996270211426439
BIOMD0000000558,model,0.0,0.0,0.0,2,0,0.0,0.0,0.0,0.0,0.0,0.0,0.0,0.0,0.0,0.0
BIOMD0000000558,ROS,0.5477702040400124,0.0,1.0,1000,0,0.0,0.0,0.00017156113345331535,0.26336196377889565,0.43351790088723857,0.6308051855104171,0.885233600596929,0.9554574523263466,0.9789861182543486,0.9958830235766589
BIOMD0000000558,alpha_syn,0.5785373114953662,0.0,1.0,1000,0,0.0,0.0,0.053282710105599776,0.34792477034908315,0.4724750700739361,0.7023928133579747,0.8956578479301891,0.9554016260913033,0.9794682900032383,0.9971837640426899
BIOMD0000000559,model,0.0,0.0,0.0,62,27,0.0,0.0,0.0,0.0,0.0,0.0,0.0,0.0,0.0,0.0
BIOMD0000000559,s51,0.012195121951219511,0.0,0.9999999999999999,82,918,0.0,0.0,0.0,0.0,0.0,0.0,0.0,0.0,0.0,0.1899999999999977
BIOMD0000000559,s52,0.0,0.0,0.0,81,919,0.0,0.0,0.0,0.0,0.0,0.0,0.0,0.0,0.0,0.0
BIOMD0000000559,s53,1.0238774247471407e-05,0.0,0.00021499293119331409,21,979,0.0,0.0,0.0,0.0,0.0,0.0,0.0,1.2512213487525514e-13,2.1327878463317518e-08,0.00017199861053034408
BIOMD0000000559,s78,0.0,0.0,0.0,81,919,0.0,0.0,0.0,0.0,0.0,0.0,0.0,0.0,0.0,0.0
BIOMD0000000559,s85,0.0,0.0,0.0,81,919,0.0,0.0,0.0,0.0,0.0,0.0,0.0,0.0,0.0,0.0
BIOMD0000000559,s211,0.0,0.0,0.0,82,918,0.0,0.0,0.0,0.0,0.0,0.0,0.0,0.0,0.0,0.0
BIOMD0000000559,s213,0.0,0.0,0.0,82,918,0.0,0.0,0.0,0.0,0.0,0.0,0.0,0.0,0.0,0.0
BIOMD0000000559,s482,0.0,0.0,0.0,77,923,0.0,0.0,0.0,0.0,0.0,0.0,0.0,0.0,0.0,0.0
BIOMD0000000559,s483,0.0,0.0,0.0,66,934,0.0,0.0,0.0,0.0,0.0,0.0,0.0,0.0,0.0,0.0
BIOMD0000000559,s484,0.0,0.0,0.0,50,950,0.0,0.0,0.0,0.0,0.0,0.0,0.0,0.0,0.0,0.0
BIOMD0000000559,s489,,,,0,1000,,,,,,,,,,
BIOMD0000000559,s490,0.0,0.0,0.0,6,994,0.0,0.0,0.0,0.0,0.0,0.0,0.0,0.0,0.0,0.0
BIOMD0000000559,s491,0.0,0.0,0.0,30,970,0.0,0.0,0.0,0.0,0.0,0.0,0.0,0.0,0.0,0.0
BIOMD0000000559,s492,,,,0,1000,,,,,,,,,,
BIOMD0000000559,s493,,,,0,1000,,,,,,,,,,
BIOMD0000000559,s494,0.0,0.0,0.0,81,919,0.0,0.0,0.0,0.0,0.0,0.0,0.0,0.0,0.0,0.0
BIOMD0000000559,s495,0.0,0.0,0.0,81,919,0.0,0.0,0.0,0.0,0.0,0.0,0.0,0.0,0.0,0.0
BIOMD0000000559,s496,0.0,0.0,0.0,81,919,0.0,0.0,0.0,0.0,0.0,0.0,0.0,0.0,0.0,0.0
BIOMD0000000559,s498,0.0,0.0,0.0,81,919,0.0,0.0,0.0,0.0,0.0,0.0,0.0,0.0,0.0,0.0
BIOMD0000000559,s499,0.0,0.0,0.0,81,919,0.0,0.0,0.0,0.0,0.0,0.0,0.0,0.0,0.0,0.0
BIOMD0000000559,s500,0.0,0.0,0.0,81,919,0.0,0.0,0.0,0.0,0.0,0.0,0.0,0.0,0.0,0.0
BIOMD0000000559,s501,0.0,0.0,0.0,81,919,0.0,0.0,0.0,0.0,0.0,0.0,0.0,0.0,0.0,0.0
BIOMD0000000559,s536,7.813249453171002e-07,0.0,2.164389571202019e-05,82,918,0.0,0.0,0.0,0.0,0.0,0.0,0.0,0.0,0.0,2.151172232482512e-05
BIOMD0000000559,s107,0.0,0.0,0.0,82,918,0.0,0.0,0.0,0.0,0.0,0.0,0.0,0.0,0.0,0.0
BIOMD0000000559,s108,,,,0,1000,,,,,,,,,,
BIOMD0000000559,s109,,,,0,1000,,,,,,,,,,
BIOMD0000000559,s110,,,,0,1000,,,,,,,,,,
BIOMD0000000559,s111,,,,0,1000,,,,,,,,,,
BIOMD0000000559,s112,,,,0,1000,,,,,,,,,,
BIOMD0000000559,s113,,,,0,1000,,,,,,,,,,
BIOMD0000000559,s445,0.0002190137634166195,0.0,0.0179591286001628,82,918,0.0,0.0,0.0,0.0,0.0,0.0,0.0,0.0,0.0,0.003412234434030891
BIOMD0000000559,s446,0.0,0.0,0.0,19,981,0.0,0.0,0.0,0.0,0.0,0.0,0.0,0.0,0.0,0.0
BIOMD0000000559,s447,0.0,0.0,0.0,3,997,0.0,0.0,0.0,0.0,0.0,0.0,0.0,0.0,0.0,0.0
BIOMD0000000559,s448,,,,0,1000,,,,,,,,,,
BIOMD0000000559,s451,,,,0,1000,,,,,,,,,,
BIOMD0000000559,s517,,,,0,1000,,,,,,,,,,
BIOMD0000000559,s518,,,,0,1000,,,,,,,,,,
BIOMD0000000559,s519,,,,0,1000,,,,,,,,,,
BIOMD0000000559,s520,,,,0,1000,,,,,,,,,,
BIOMD0000000559,s521,,,,0,1000,,,,,,,,,,
BIOMD0000000559,s522,,,,0,1000,,,,,,,,,,
BIOMD0000000559,s523,,,,0,1000,,,,,,,,,,
BIOMD0000000559,s524,0.0,0.0,0.0,36,964,0.0,0.0,0.0,0.0,0.0,0.0,0.0,0.0,0.0,0.0
BIOMD0000000559,s525,,,,0,1000,,,,,,,,,,
BIOMD0000000559,s526,,,,0,1000,,,,,,,,,,
BIOMD0000000559,s528,,,,0,1000,,,,,,,,,,
BIOMD0000000559,s529,,,,0,1000,,,,,,,,,,
BIOMD0000000559,s530,,,,0,1000,,,,,,,,,,
BIOMD0000000559,s531,,,,0,1000,,,,,,,,,,
BIOMD0000000559,s533,,,,0,1000,,,,,,,,,,
BIOMD0000000559,s535,,,,0,1000,,,,,,,,,,
BIOMD0000000559,s527,,,,0,1000,,,,,,,,,,
BIOMD0000000559,s1,0.05984320263534466,0.0,1.0,83,917,0.0,0.0,0.0,0.0,0.0,0.0,0.0,0.0,0.8871301683929483,0.9974530611951743
BIOMD0000000559,s2,0.05980334214552886,0.0,1.0,83,917,0.0,0.0,0.0,0.0,0.0,0.0,0.0,0.0,0.8865464235358431,0.9972863635814218
BIOMD0000000559,s5,0.012048192771084338,0.0,1.0,83,917,0.0,0.0,0.0,0.0,0.0,0.0,0.0,0.0,0.0,0.1799999999999926
BIOMD0000000559,s6,0.0,0.0,0.0,82,918,0.0,0.0,0.0,0.0,0.0,0.0,0.0,0.0,0.0,0.0
BIOMD0000000559,s7,0.012048192771084336,0.0,0.9999999999999999,83,917,0.0,0.0,0.0,0.0,0.0,0.0,0.0,0.0,0.0,0.17999999999999258
BIOMD0000000559,s17,0.012195121951219513,0.0,1.0,82,918,0.0,0.0,0.0,0.0,0.0,0.0,0.0,0.0,0.0,0.18999999999999773
BIOMD0000000559,s18,0.012048192771084338,0.0,1.0,83,917,0.0,0.0,0.0,0.0,0.0,0.0,0.0,0.0,0.0,0.1799999999999926
BIOMD0000000559,s20,0.012195121951219513,0.0,1.0,82,918,0.0,0.0,0.0,0.0,0.0,0.0,0.0,0.0,0.0,0.18999999999999773
BIOMD0000000559,s21,0.059872259149225296,0.0,1.0,83,917,0.0,0.0,0.0,0.0,0.0,0.0,0.0,0.0,0.8892508510274362,0.9974550409228639
BIOMD0000000559,s22,0.012195121951219513,0.0,1.0,82,918,0.0,0.0,0.0,0.0,0.0,0.0,0.0,0.0,0.0,0.18999999999999773
BIOMD0000000559,s23,0.012048192771084338,0.0,1.0,83,917,0.0,0.0,0.0,0.0,0.0,0.0,0.0,0.0,0.0,0.1799999999999926
BIOMD0000000559,s24,0.012048192771084338,0.0,1.0,83,917,0.0,0.0,0.0,0.0,0.0,0.0,0.0,0.0,0.0,0.1799999999999926
BIOMD0000000559,s25,0.05986763866119684,0.0,1.0,83,917,0.0,0.0,0.0,0.0,0.0,0.0,0.0,0.0,0.8889047172894501,0.9974551024165703
BIOMD0000000559,s26,0.060503760339374754,0.0,1.0,83,917,0.0,0.0,0.0,0.0,0.0,0.0,0.0,0.0,0.8941833469771736,0.9974569746891976
BIOMD0000000559,s27,0.06477038751294173,0.0,1.0,83,917,0.0,0.0,0.0,0.0,0.0,0.0,0.0,0.0,0.8952097445524628,0.9860085529482767
BIOMD0000000559,s29,0.012195121951219513,0.0,1.0,82,918,0.0,0.0,0.0,0.0,0.0,0.0,0.0,0.0,0.0,0.18999999999999773
BIOMD0000000559,s30,0.0588652573166807,0.0,1.0,83,917,0.0,0.0,0.0,0.0,0.0,0.0,0.0,0.0,0.8553731421897819,0.9933007386951088
BIOMD0000000559,s31,0.012048192771084338,0.0,1.0,83,917,0.0,0.0,0.0,0.0,0.0,0.0,0.0,0.0,0.0,0.1799999999999926
BIOMD0000000559,s32,0.012048192771084336,0.0,0.9999999999999999,83,917,0.0,0.0,0.0,0.0,0.0,0.0,0.0,0.0,0.0,0.17999999999999258
BIOMD0000000559,s33,3.699860366346015e-05,0.0,0.0030338855004037324,82,918,0.0,0.0,0.0,0.0,0.0,0.0,0.0,0.0,0.0,0.0005764382450767023
BIOMD0000000559,s35,0.07078676100922021,0.0,1.0,83,917,0.0,0.0,0.0,0.0,0.0,0.0,0.0,0.0,0.9870689436237856,0.9998436483779416
BIOMD0000000559,s200,0.0,0.0,0.0,82,918,0.0,0.0,0.0,0.0,0.0,0.0,0.0,0.0,0.0,0.0
BIOMD0000000559,s381,0.0006602925200584191,0.0,0.054137555082659716,82,918,0.0,0.0,0.0,0.0,0.0,0.0,0.0,0.0,0.0,0.010291344369468134
BIOMD0000000559,s383,0.0,0.0,0.0,82,918,0.0,0.0,0.0,0.0,0.0,0.0,0.0,0.0,0.0,0.0
BIOMD0000000559,s385,0.0,0.0,0.0,82,918,0.0,0.0,0.0,0.0,0.0,0.0,0.0,0.0,0.0,0.0
BIOMD0000000559,s387,1.096683719446801e-16,0.0,8.992806499463768e-15,82,918,0.0,0.0,0.0,0.0,0.0,0.0,0.0,0.0,0.0,1.7086332348980955e-15
BIOMD0000000559,s389,1.8007275887212906e-16,0.0,1.4765966227514582e-14,82,918,0.0,0.0,0.0,0.0,0.0,0.0,0.0,0.0,0.0,2.805533583227737e-15
BIOMD0000000559,s391,0.0,0.0,0.0,82,918,0.0,0.0,0.0,0.0,0.0,0.0,0.0,0.0,0.0,0.0
BIOMD0000000559,s393,0.0001949210175163593,0.0,0.01598167769046077,82,918,0.0,0.0,0.0,0.0,0.0,0.0,0.0,0.0,0.0,0.00303801363200652
BIOMD0000000559,s473,7.222355145029327e-05,0.0,0.005921580982728325,82,918,0.0,0.0,0.0,0.0,0.0,0.0,0.0,0.0,0.0,0.0011257079967227788
BIOMD0000000559,s474,1.2919059135333612e-06,0.0,3.89984481654615e-05,82,918,0.0,0.0,0.0,0.0,0.0,0.0,0.0,0.0,0.0,3.5968664500387595e-05
BIOMD0000000559,s475,7.376518254401449e-05,0.0,0.006047971399976482,82,918,0.0,0.0,0.0,0.0,0.0,0.0,0.0,0.0,0.0,0.001149741070674873
BIOMD0000000559,s476,4.1229764929013435e-05,0.0,0.0033804085348935198,82,918,0.0,0.0,0.0,0.0,0.0,0.0,0.0,0.0,0.0,0.0006426276480876792
BIOMD0000000559,s477,3.5750206447949225e-05,0.0,0.0029311422382090058,82,918,0.0,0.0,0.0,0.0,0.0,0.0,0.0,0.0,0.0,0.0005572204843199746
BIOMD0000000559,s478,3.758900732058229e-05,0.0,0.0030819045969640024,82,918,0.0,0.0,0.0,0.0,0.0,0.0,0.0,0.0,0.0,0.0005858809735543221
BIOMD0000000559,s479,4.505515281142051e-05,0.0,0.0036940441618315,82,918,0.0,0.0,0.0,0.0,0.0,0.0,0.0,0.0,0.0,0.0007022558163633957
BIOMD0000000559,s502,0.0,0.0,0.0,75,925,0.0,0.0,0.0,0.0,0.0,0.0,0.0,0.0,0.0,0.0
BIOMD0000000568,model,0.0,0.0,0.0,18,6,0.0,0.0,0.0,0.0,0.0,0.0,0.0,0.0,0.0,0.0
BIOMD0000000568,S4,0.012093710613452418,0.0,0.9999999999999999,1000,0,0.0,0.0,0.0,0.0,0.0,0.0,0.0,0.0,0.0,0.648032892592377
BIOMD0000000568,S10,0.005530697891447375,0.0,0.9556948068040568,999,1,0.0,0.0,0.0,0.0,0.0,0.0,0.0,0.0,0.0,0.0
BIOMD0000000568,S12,0.0,0.0,0.0,533,467,0.0,0.0,0.0,0.0,0.0,0.0,0.0,0.0,0.0,0.0
BIOMD0000000568,S19,0.0,0.0,0.0,984,16,0.0,0.0,0.0,0.0,0.0,0.0,0.0,0.0,0.0,0.0
BIOMD0000000568,S20,0.0006879457597515896,0.0,0.6664130079027792,977,23,0.0,0.0,0.0,0.0,0.0,0.0,0.0,0.0,0.0,0.0
BIOMD0000000568,S23,0.024418589123795527,0.0,0.9928401388404655,999,1,0.0,0.0,0.0,0.0,0.0,0.0,0.0,0.0,0.0,0.9066910824682946
BIOMD0000000568,S18,0.005978841662119009,0.0,0.8521995124361273,721,279,0.0,0.0,0.0,0.0,0.0,0.0,0.0,0.0,0.0,0.0
BIOMD0000000568,S3,0.01542721148095605,0.0,1.0,1000,0,0.0,0.0,0.0,0.0,0.0,0.0,0.0,0.0,0.0,0.8668138861423668
BIOMD0000000568,S13,0.0052061927729390774,0.0,0.8774471808480581,748,252,0.0,0.0,0.0,0.0,0.0,0.0,0.0,0.0,0.0,0.0
BIOMD0000000568,S24,0.0,0.0,0.0,226,774,0.0,0.0,0.0,0.0,0.0,0.0,0.0,0.0,0.0,0.0
BIOMD0000000568,S26,0.0,0.0,0.0,987,13,0.0,0.0,0.0,0.0,0.0,0.0,0.0,0.0,0.0,0.0
BIOMD0000000568,S5,0.11269227919684663,0.0,1.0,1000,0,0.0,0.0,0.0,0.0,0.0,0.0,0.0,0.898328307715344,0.989373729620394,0.9999880419674664
BIOMD0000000568,S17,,,,0,1000,,,,,,,,,,
BIOMD0000000568,S22,,,,0,1000,,,,,,,,,,
BIOMD0000000568,S25,,,,0,1000,,,,,,,,,,
BIOMD0000000568,S27,,,,0,1000,,,,,,,,,,
BIOMD0000000568,S16,,,,0,1000,,,,,,,,,,
BIOMD0000000568,S2,0.0031438535414515427,0.0,1.0,1000,0,0.0,0.0,0.0,0.0,0.0,0.0,0.0,0.0,0.0,0.0
BIOMD0000000568,S14,0.011091713464619034,0.0,0.9973197983832737,999,1,0.0,0.0,0.0,0.0,0.0,0.0,0.0,0.0,0.0,0.69017611871909
BIOMD0000000568,S11,0.00783954696556985,0.0,0.9181405254520888,793,207,0.0,0.0,0.0,0.0,0.0,0.0,0.0,0.0,0.0,0.33273270579034686
BIOMD0000000568,S21,0.0009279162615656764,0.0,0.9195650152115854,991,9,0.0,0.0,0.0,0.0,0.0,0.0,0.0,0.0,0.0,0.0
BIOMD0000000568,S15,0.0,0.0,0.0,993,7,0.0,0.0,0.0,0.0,0.0,0.0,0.0,0.0,0.0,0.0
BIOMD0000000568,S1,0.012724542848952218,0.0,1.0,1000,0,0.0,0.0,0.0,0.0,0.0,0.0,0.0,0.0,0.0,0.7827070902400896
BIOMD0000000568,S28,,,,0,1000,,,,,,,,,,
BIOMD0000000569,model,,,,0,21,,,,,,,,,,
BIOMD0000000569,B0,,,,0,1000,,,,,,,,,,
BIOMD0000000569,S0,,,,0,1000,,,,,,,,,,
BIOMD0000000569,B1,,,,0,1000,,,,,,,,,,
BIOMD0000000569,S1,,,,0,1000,,,,,,,,,,
BIOMD0000000569,B2,,,,0,1000,,,,,,,,,,
BIOMD0000000569,S2,,,,0,1000,,,,,,,,,,
BIOMD0000000569,B3,,,,0,1000,,,,,,,,,,
BIOMD0000000569,S3,,,,0,1000,,,,,,,,,,
BIOMD0000000569,B4,,,,0,1000,,,,,,,,,,
BIOMD0000000569,S4,,,,0,1000,,,,,,,,,,
BIOMD0000000569,M0,,,,0,1000,,,,,,,,,,
BIOMD0000000569,M1,,,,0,1000,,,,,,,,,,
BIOMD0000000569,M2,,,,0,1000,,,,,,,,,,
BIOMD0000000569,M3,,,,0,1000,,,,,,,,,,
BIOMD0000000569,M4,,,,0,1000,,,,,,,,,,
BIOMD0000000569,L0,,,,0,1000,,,,,,,,,,
BIOMD0000000569,L1,,,,0,1000,,,,,,,,,,
BIOMD0000000569,L2,,,,0,1000,,,,,,,,,,
BIOMD0000000569,L3,,,,0,1000,,,,,,,,,,
BIOMD0000000569,L4,,,,0,1000,,,,,,,,,,
BIOMD0000000569,glu,,,,0,1000,,,,,,,,,,
BIOMD0000000570,model,0.0,0.0,0.0,14,1,0.0,0.0,0.0,0.0,0.0,0.0,0.0,0.0,0.0,0.0
BIOMD0000000570,species_1,0.08722471118958729,0.0,0.9999999999999999,1000,0,0.0,0.0,0.0,0.0,0.0,0.0,0.0,0.2832945612865132,0.973402029290192,0.9955998424491586
BIOMD0000000570,species_4,0.0610264732912687,0.0,1.0,1000,0,0.0,0.0,0.0,0.0,0.0,0.0,0.0,0.0,0.8764275199150395,0.9814150746244665
BIOMD0000000570,species_5,,,,0,1000,,,,,,,,,,
BIOMD0000000570,species_7,0.007840904379011982,0.0,1.0,1000,0,0.0,0.0,0.0,0.0,0.0,0.0,0.0,0.0,0.0,0.3138729062813845
BIOMD0000000570,species_8,0.04859548627103999,0.0,1.0,1000,0,0.0,0.0,0.0,0.0,0.0,0.0,0.0,0.1882072261600814,0.2605971658699882,0.8306112654168554
BIOMD0000000570,species_9,0.41013698043305713,0.0,1.0,89,911,0.0,0.0,0.0,0.0,0.0068231358906520635,0.3254715446806872,0.9114123135511593,0.9524470017371535,0.9712499721841621,0.9915279017279338
BIOMD0000000570,species_10,0.04681131331051418,0.0,1.0,1000,0,0.0,0.0,0.0,0.0,0.0,0.0,0.0,0.0,0.4188491408106804,0.9885228634937263
BIOMD0000000570,species_11,0.029641830423231607,0.0,1.0,1000,0,0.0,0.0,0.0,0.0,0.0,0.0,0.0,0.0,0.0,0.9901294494080886
BIOMD0000000570,species_13,0.015046758350673917,0.0,1.0,1000,0,0.0,0.0,0.0,0.0,0.0,0.0,0.0,0.0,0.0,0.6424750559453474
BIOMD0000000570,species_17,0.18612931845157257,0.0,1.0,1000,0,0.0,0.0,0.0,0.0,0.0,0.0,0.38591486704072,0.9686792657516069,0.9818843871182227,0.9968230597170847
BIOMD0000000570,species_18,0.16099601630861454,0.0,1.0,1000,0,0.0,0.0,0.0,0.0,0.0,0.0,0.5498266895307208,0.6104577521121749,0.6560276378441491,0.8934463933299874
BIOMD0000000570,species_19,0.11104219868524189,0.0,1.0,1000,0,0.0,0.0,0.0,0.0,0.0,0.0,0.0,0.7358770996125384,0.832214246397683,0.9749299929603957
BIOMD0000000570,dHb,0.021915933803109144,0.0,1.0,800,200,0.0,0.0,0.0,0.0,0.0,0.0,0.0,0.0,0.0,0.8436529006725191
BIOMD0000000570,compartment_4,0.0054876290839080966,0.0,0.9999999999999999,1000,0,0.0,0.0,0.0,0.0,0.0,0.0,0.0,0.0,0.0,0.0
BIOMD0000000570,parameter_7,0.025802232835716393,0.0,1.0,1000,0,0.0,0.0,0.0,0.0,0.0,0.0,0.0,0.0,0.0,0.9514799949323718
BIOMD0000000571,model,,,,0,58,,,,,,,,,,
BIOMD0000000571,CRP,,,,0,1000,,,,,,,,,,
BIOMD0000000571,CRPsiteI_crp,,,,0,1000,,,,,,,,,,
BIOMD0000000571,CRPsiteII_crp,,,,0,1000,,,,,,,,,,
BIOMD0000000571,CRPsite_cyaA,,,,0,1000,,,,,,,,,,
BIOMD0000000571,CRPsite_genome,,,,0,1000,,,,,,,,,,
BIOMD0000000571,CRPsite_ptsGp1,,,,0,1000,,,,,,,,,,
BIOMD0000000571,CRPsite_ptsGp2,,,,0,1000,,,,,,,,,,
BIOMD0000000571,CRPsite_ptsHp0,,,,0,1000,,,,,,,,,,
BIOMD0000000571,CRPsite_ptsHp1,,,,0,1000,,,,,,,,,,
BIOMD0000000571,CRPsite_ptsIp0,,,,0,1000,,,,,,,,,,
BIOMD0000000571,CRPsite_ptsIp1,,,,0,1000,,,,,,,,,,
BIOMD0000000571,CRPsite_mlcp1,,,,0,1000,,,,,,,,,,
BIOMD0000000571,CRPsite_mlcp2,,,,0,1000,,,,,,,,,,
BIOMD0000000571,Mlc,,,,0,1000,,,,,,,,,,
BIOMD0000000571,Mlcsite_mlcp1,,,,0,1000,,,,,,,,,,
BIOMD0000000571,Mlcsite_mlcp2,,,,0,1000,,,,,,,,,,
BIOMD0000000571,Mlcsite_ptsGp1,,,,0,1000,,,,,,,,,,
BIOMD0000000571,Mlcsite_ptsGp2,,,,0,1000,,,,,,,,,,
BIOMD0000000571,Mlcsite_ptsHp0,,,,0,1000,,,,,,,,,,
BIOMD0000000571,Mlcsite_ptsIp0,,,,0,1000,,,,,,,,,,
BIOMD0000000571,CRP_cAMP,,,,0,1000,,,,,,,,,,
BIOMD0000000571,CRP_cAMP_CRPsiteI_crp,,,,0,1000,,,,,,,,,,
BIOMD0000000571,CRP_cAMP_CRPsiteII_crp,,,,0,1000,,,,,,,,,,
BIOMD0000000571,CRP_cAMP_CRPsite_cyaA,,,,0,1000,,,,,,,,,,
BIOMD0000000571,CRP_cAMP_CRPsite_genome,,,,0,1000,,,,,,,,,,
BIOMD0000000571,CRP_cAMP_CRPsite_ptsGp1,,,,0,1000,,,,,,,,,,
BIOMD0000000571,CRP_cAMP_CRPsite_ptsGp2,,,,0,1000,,,,,,,,,,
BIOMD0000000571,CRP_cAMP_CRPsite_ptsHp0,,,,0,1000,,,,,,,,,,
BIOMD0000000571,CRP_cAMP_CRPsite_ptsHp1,,,,0,1000,,,,,,,,,,
BIOMD0000000571,CRP_cAMP_CRPsite_ptsIp0,,,,0,1000,,,,,,,,,,
BIOMD0000000571,CRP_cAMP_CRPsite_ptsIp1,,,,0,1000,,,,,,,,,,
BIOMD0000000571,CRP_cAMP_CRPsite_mlcp1,,,,0,1000,,,,,,,,,,
BIOMD0000000571,CRP_cAMP_CRPsite_mlcp2,,,,0,1000,,,,,,,,,,
BIOMD0000000571,Mlc_Mlcsite_ptsGp1,,,,0,1000,,,,,,,,,,
BIOMD0000000571,Mlc_Mlcsite_ptsGp2,,,,0,1000,,,,,,,,,,
BIOMD0000000571,Mlc_Mlcsite_ptsIp0,,,,0,1000,,,,,,,,,,
BIOMD0000000571,Mlc_Mlcsite_ptsHp0,,,,0,1000,,,,,,,,,,
BIOMD0000000571,Mlc_Mlcsite_mlcp1,,,,0,1000,,,,,,,,,,
BIOMD0000000571,Mlc_Mlcsite_mlcp2,,,,0,1000,,,,,,,,,,
BIOMD0000000571,IICB,,,,0,1000,,,,,,,,,,
BIOMD0000000571,IICB_Mlc,,,,0,1000,,,,,,,,,,
BIOMD0000000571,CYA,,,,0,1000,,,,,,,,,,
BIOMD0000000571,IIA_P,,,,0,1000,,,,,,,,,,
BIOMD0000000571,IIA_P_CYA,,,,0,1000,,,,,,,,,,
BIOMD0000000571,mRNA_cyaA,,,,0,1000,,,,,,,,,,
BIOMD0000000571,mRNA_crp,,,,0,1000,,,,,,,,,,
BIOMD0000000571,mRNA_ptsG,,,,0,1000,,,,,,,,,,
BIOMD0000000571,mRNA_ptsH,,,,0,1000,,,,,,,,,,
BIOMD0000000571,mRNA_ptsI,,,,0,1000,,,,,,,,,,
BIOMD0000000571,mRNA_crr,,,,0,1000,,,,,,,,,,
BIOMD0000000571,mRNA_mlc,,,,0,1000,,,,,,,,,,
BIOMD0000000571,IICB_P,,,,0,1000,,,,,,,,,,
BIOMD0000000571,IIA,,,,0,1000,,,,,,,,,,
BIOMD0000000571,HPr_P,,,,0,1000,,,,,,,,,,
BIOMD0000000571,HPr,,,,0,1000,,,,,,,,,,
BIOMD0000000571,EI_P,,,,0,1000,,,,,,,,,,
BIOMD0000000571,EI,,,,0,1000,,,,,,,,,,
BIOMD0000000571,cAMP,,,,0,1000,,,,,,,,,,
BIOMD0000000572,model,0.06249999932505055,0.0,0.9999999892008088,16,10,0.0,0.0,0.0,0.0,0.0,0.0,0.0,0.0,0.2499999973002022,0.8499999908206871
BIOMD0000000572,G6P,0.006355964028755538,0.0,0.7245798992781314,114,886,0.0,0.0,0.0,0.0,0.0,0.0,0.0,0.0,0.0,0.0
BIOMD0000000572,ATP,0.008695652173913044,0.0,1.0,115,885,0.0,0.0,0.0,0.0,0.0,0.0,0.0,0.0,0.0,0.0
BIOMD0000000572,ADP,0.008695652173913044,0.0,1.0,115,885,0.0,0.0,0.0,0.0,0.0,0.0,0.0,0.0,0.0,0.0
BIOMD0000000572,Pint,0.008695652173913044,0.0,1.0,115,885,0.0,0.0,0.0,0.0,0.0,0.0,0.0,0.0,0.0,0.0
BIOMD0000000572,F6P,0.007758207932043136,0.0,0.8844357042529175,114,886,0.0,0.0,0.0,0.0,0.0,0.0,0.0,0.0,0.0,0.0
BIOMD0000000572,FBP,0.008695652173913042,0.0,0.9999999999999999,115,885,0.0,0.0,0.0,0.0,0.0,0.0,0.0,0.0,0.0,0.0
BIOMD0000000572,G3P,0.0,0.0,0.0,114,886,0.0,0.0,0.0,0.0,0.0,0.0,0.0,0.0,0.0,0.0
BIOMD0000000572,BPG,0.008695652173913044,0.0,1.0,115,885,0.0,0.0,0.0,0.0,0.0,0.0,0.0,0.0,0.0,0.0
BIOMD0000000572,PEP,0.008695652173913044,0.0,1.0,115,885,0.0,0.0,0.0,0.0,0.0,0.0,0.0,0.0,0.0,0.0
BIOMD0000000572,NAD,0.008695652173913044,0.0,1.0,115,885,0.0,0.0,0.0,0.0,0.0,0.0,0.0,0.0,0.0,0.0
BIOMD0000000572,NADH,0.0,0.0,0.0,114,886,0.0,0.0,0.0,0.0,0.0,0.0,0.0,0.0,0.0,0.0
BIOMD0000000572,PYR,,,,0,1000,,,,,,,,,,
BIOMD0000000572,AcetCoA,,,,0,1000,,,,,,,,,,
BIOMD0000000572,Acetoin,,,,0,1000,,,,,,,,,,
BIOMD0000000572,Mannitol,,,,0,1000,,,,,,,,,,
BIOMD0000000572,Mannitol1Phosphate,0.0,0.0,0.0,114,886,0.0,0.0,0.0,0.0,0.0,0.0,0.0,0.0,0.0,0.0
BIOMD0000000572,CoA,0.9999999963146372,0.9999999279204864,0.9999999997668894,1000,0,0.9999999845230901,0.9999999892008088,0.9999999978321129,0.9999999978324139,0.9999999978327859,0.9999999978343797,0.9999999979288128,0.9999999980558484,0.9999999981462921,0.9999999986610848
BIOMD0000000572,Pext,0.012689546219313915,0.0,1.0,115,885,0.0,0.0,0.0,0.0,0.0,0.0,0.0,0.0,0.0,0.3949961210901459
BIOMD0000000572,Lactate,0.0,0.0,0.0,114,886,0.0,0.0,0.0,0.0,0.0,0.0,0.0,0.0,0.0,0.0
BIOMD0000000572,Ethanol,,,,0,1000,,,,,,,,,,
BIOMD0000000572,Acetate,,,,0,1000,,,,,,,,,,
BIOMD0000000572,Butanediol,,,,0,1000,,,,,,,,,,
BIOMD0000000572,Glucose,0.014957571783248134,0.0,1.0,115,885,0.0,0.0,0.0,0.0,0.0,0.0,0.0,0.0,0.0,0.6193038493632399
BIOMD0000000572,Acetoin_Ext,,,,0,1000,,,,,,,,,,
BIOMD0000000572,Mannitol_Ext,,,,0,1000,,,,,,,,,,
BIOMD0000000572,Formate,,,,0,1000,,,,,,,,,,
BIOMD0000000573,model,0.0,0.0,0.0,2,0,0.0,0.0,0.0,0.0,0.0,0.0,0.0,0.0,0.0,0.0
BIOMD0000000573,V,0.3484496087535362,0.0,0.9999999999999999,9,991,0.0,0.0,0.0,0.0,0.0,0.08537708100863428,0.7761034840592869,0.9022621040733568,0.9511310520366784,0.9902262104073356
BIOMD0000000573,C,0.0,0.0,0.0,999,1,0.0,0.0,0.0,0.0,0.0,0.0,0.0,0.0,0.0,0.0
BIOMD0000000575,model,0.5957499543099914,0.0,0.9967108541824068,48,1,0.0,0.0,0.014328853148049768,0.08242944977640276,0.21517231126689068,0.859903781147823,0.9135372188874544,0.9385505126653757,0.9587126654411664,0.9933428500841699
BIOMD0000000575,Protofibril,0.981989775834504,0.9388039004255275,1.0,1000,0,0.9471739016388896,0.9554513689549973,0.9716068294653017,0.9793954288182802,0.9818406310354857,0.9858910277898053,0.9938016222695735,0.9968088261152369,0.9983672829834132,0.9996679307571841
BIOMD0000000575,Fibril,0.9425900189311922,0.9254575292181288,1.0,202,798,0.9255519765504298,0.9258073059295551,0.9268502753975794,0.9275726917337513,0.9284876478690315,0.9333306585487886,0.9596314786958381,0.9780297469928002,0.9886006425953899,0.9976575014985827
BIOMD0000000575,Lewy_body,,,,0,1000,,,,,,,,,,
BIOMD0000000575,Dopamine,0.36397867444477766,0.0,1.0,1000,0,0.0,0.06351176082354476,0.1648240627107547,0.18530285544585862,0.19229140488414487,0.24530820162127348,0.6760207168802452,0.7604528426464905,0.8224372751966946,0.9604484500577749
BIOMD0000000575,OH,0.982971621337463,0.9598373389156032,1.0,1000,0,0.9599194805723248,0.9604687481644882,0.9635508613275905,0.9662735583233056,0.9698188188974155,0.9893868171164799,0.9973148694357197,0.999025884021251,0.999521918640681,0.9998967271755131
BIOMD0000000575,OH_radical,0.9673054328723731,0.9372347960228051,0.9999999999999998,1000,0,0.9373572067171005,0.9377184466719827,0.9391121367448705,0.9411019258240718,0.9451839387460601,0.9762630409709658,0.9893188593427832,0.9942362430126709,0.9971214109038251,0.9994151143971447
BIOMD0000000575,H2O2,0.3097004672349738,0.0,1.0,1000,0,0.0,0.0,0.0,0.0,0.0,0.15082267041116465,0.698973583569606,0.8785527263287282,0.9686436449900803,0.9965983738326877
BIOMD0000000575,DA_quinone,0.938783816514263,0.896373050044137,1.0,1000,0,0.8985517360124207,0.9010772913946016,0.9074167132598424,0.9114270036866292,0.9161121943184762,0.9406822146534368,0.9670631058480115,0.9710884734684795,0.9770939204800336,0.9868577970857169
BIOMD0000000575,Ubiquitin,0.3225531134541039,0.0,1.0,1000,0,0.0,0.0,0.0,0.0,0.0,0.0,0.9088361531656042,0.97615962258867,0.9901173767854481,0.9991086333197378
BIOMD0000000575,E1,0.1270970011338806,0.0,0.9999999999999999,1000,0,0.0,0.0,0.0,0.0,0.0,0.0,0.18779338106145144,0.5493799343143211,0.7932128955000334,0.9809671916817506
BIOMD0000000575,Ub_E1,0.5209351848007471,0.0,0.9999999999999999,1000,0,0.10918165258753765,0.20348105788326606,0.24288287008529166,0.24842825278065345,0.2546871537421396,0.3783872548056332,0.9286427024116123,0.9602172051028202,0.9809235417793414,0.9967749718751084
BIOMD0000000575,UbcH8,0.9127766304778042,0.8375619486144251,1.0,1000,0,0.8437520602540048,0.8475362281615317,0.8588460773596565,0.8720328836697262,0.8906065235154765,0.907351055333136,0.9631332504884147,0.983064590254522,0.9920672025753375,0.9984359442465723
BIOMD0000000575,UbcH8_Ub,0.9551219365528474,0.8368683140038853,1.0,1000,0,0.8524366057675448,0.8724558474653631,0.9178049664495248,0.9390583163006979,0.9573675827604039,0.9715302765314222,0.98909964579249,0.9948373222775164,0.9975051380335617,0.999588091073739
BIOMD0000000575,Parkin,0.6228748298253832,0.0,0.9999999999999999,1000,0,0.0,0.0,0.17643402664187227,0.32486491039444926,0.44970257276274905,0.774383497359546,0.9503242458709278,0.9767064724039805,0.9896144634345374,0.9983910091053282
BIOMD0000000575,Parkin_sub,0.47044105525235047,0.0,1.0,750,250,0.0,0.0,0.0,0.0,0.0,0.4979136921666049,0.9766138805607483,0.9894379344448593,0.9939705844264851,0.9987606453708265
BIOMD0000000575,Parkin_synphilin_1,0.6768467981231587,0.0,0.9999999999999998,1000,0,0.0,0.10217229272964677,0.35058308025493234,0.45424459615375845,0.5460697358901068,0.8093916464532683,0.9664002228598974,0.9861409397618566,0.9936146733817081,0.9986273674864893
BIOMD0000000575,Parkin_synphilin_1_ub,0.9566030988278829,0.9005602055338315,1.0,1000,0,0.906131538125086,0.9117124597767763,0.9231976523168064,0.9292138746456736,0.9354332917594343,0.9609214260039785,0.9882509449391347,0.9941415108613708,0.9969874484213388,0.9992820738101285
BIOMD0000000575,Parkin_sub_ub4,0.966083810861116,0.854566927442636,1.0,21,979,0.8815049070130507,0.9040692978097579,0.938379174410594,0.9511292372203874,0.961519283114455,0.9861550883356477,0.9971100068732072,0.9984673319612553,0.9991642332129049,0.999832846642581
BIOMD0000000575,Fragments,0.9584464453867818,0.8896420427729428,1.0,1000,0,0.897781811679465,0.9058465738241749,0.9216422943257986,0.9292857450128043,0.9367037281603927,0.964324418960119,0.9934847910946659,0.9969327280511131,0.9987312744678676,0.9995709860171468
BIOMD0000000575,UCH_L1,0.9273344887199714,0.8486265382096045,0.9999999999999999,1000,0,0.8578032720769591,0.8665568774809126,0.8829633541306708,0.8907266121112138,0.8982837748342646,0.9277955204714974,0.9729614051824154,0.986775924266079,0.9927572832390992,0.9974846255189757
BIOMD0000000575,L_Dopa,0.010875704786897096,0.0,1.0,1000,0,0.0,0.0,0.0,0.0,0.0,0.0,0.0,0.0,0.0,0.446586072323751
BIOMD0000000575,DOPAL,0.7276410515166458,0.4424562455937755,1.0,1000,0,0.46241278794732943,0.48325637890929735,0.5289089406660548,0.5545642990756011,0.5826292862046817,0.7202816614018126,0.9378663724350882,0.9818604911029619,0.9929133131136499,0.9950803358515533
BIOMD0000000575,DOPAC,0.9173168050991978,0.8870950944873728,1.0,1000,0,0.887135157568166,0.887312495059125,0.888207471552796,0.8890156528575648,0.8901521260386073,0.9001382357717256,0.9502019297959561,0.9817985778381068,0.9969650000142131,0.9994788974306668
BIOMD0000000575,GSH,0.7072295856238195,0.07029898186232098,0.9999999999999999,1000,0,0.20948540568221627,0.32039359171951254,0.48174839824059745,0.5426979251298671,0.5959138099395954,0.7712695626281654,0.9411987579555245,0.9728598539070923,0.9876357071061871,0.9988005960724586
BIOMD0000000575,GSSG,0.09082266473861365,0.0,1.0,1000,0,0.0,0.0,0.0,0.0,0.0,0.0,0.0,0.4189535382648288,0.815740234067854,0.9974789157819405
BIOMD0000000575,Fe3,0.16272896076108984,0.0,1.0,529,471,0.0,0.0,0.0,0.0,0.0,0.0,0.24253697571214503,0.8903346467387144,0.9827974558838793,0.9995850179913169
BIOMD0000000575,UbcH8ub2,0.5909993163846213,0.0,1.0,1000,0,0.014369577755422502,0.0887353460940221,0.22842324068371325,0.2967879914062727,0.36562959271485185,0.6452184262965568,0.9474690912391106,0.9861142304700259,0.9958477471488797,0.9998673940997157
BIOMD0000000575,UbcH8ub3,0.43275420918253893,0.0,1.0,1000,0,0.0,0.0,0.0,0.0,0.0,0.4119944084728981,0.8953633856728095,0.9637422136933614,0.9852194702099336,0.9971861556288524
BIOMD0000000575,UbcH8ub4,0.8189360336299936,0.6137323089825408,1.0,1000,0,0.6330760032341222,0.6501823976160105,0.6819710686326719,0.6989818535206981,0.7180605137347452,0.8203511238713923,0.9610440858479774,0.9797071841751687,0.9878559122965314,0.9970821718611629
BIOMD0000000575,UbcH13_Uev1a,0.7896872982090526,0.562791118369023,1.0,1000,0,0.6024929783786028,0.6470424653457716,0.7364259979494531,0.7733106541415212,0.7834263343819848,0.7989553341483631,0.8297103921159626,0.9039690542633176,0.9469429424545495,0.9860421016476006
BIOMD0000000575,UbcH13_Uev1a_ub,0.835188785642959,0.7362279769893988,1.0,1000,0,0.7549460163832559,0.7779537364358328,0.7909970259074013,0.7954232838492223,0.8011317701919186,0.8306682566552622,0.8664180365603212,0.9043123133735191,0.9549818634883438,0.9910150218850059
BIOMD0000000575,asyn_UCH_L1,0.598032628141808,0.0,1.0,557,443,0.0,0.0,0.09745573728989898,0.25429053700687765,0.3870990831577462,0.7378132240137363,0.9512274334862635,0.9805242749886544,0.9904328755534284,0.9973428909874971
BIOMD0000000575,asyn_ub,0.9339721482937375,0.9138452317999685,1.0,1000,0,0.9140171567937366,0.9145362440612335,0.9165040047173271,0.9179363770982389,0.9196191625014115,0.9282880004248741,0.94706334679459,0.964029580701477,0.9787138533933184,0.9944502952167087
BIOMD0000000575,Protofibril_UCH_L1,0.9309061899043735,0.7247460902897084,1.0,784,216,0.7839983604607241,0.8359763940622368,0.9201977591316813,0.9339313605316302,0.9346207357477131,0.9431370854284651,0.9715451717578011,0.9849367233716847,0.9922558958255123,0.998494371461913
BIOMD0000000575,Protofibril_Ub,0.9359715439447104,0.8935518831793268,1.0,1000,0,0.8939198597348719,0.8949748016096061,0.8992508597751471,0.9024633607873609,0.906416608245328,0.9292705956874834,0.9739910559498921,0.9868748324370374,0.9933712270375016,0.9985537500107727
BIOMD0000000575,UCH_L1_asyn_ub4,0.9412166828588071,0.8115659368410537,1.0,21,979,0.8357058995747768,0.8572561751856342,0.8934667884147938,0.9085437070789582,0.921859939087677,0.9608489962678814,0.9906410628669117,0.9959941789691498,0.9981369724364361,0.9996273944872872
BIOMD0000000575,Hsc70_asyn,0.8043876931597113,0.671623200012986,0.9999999999999999,1000,0,0.6819205857641869,0.6920878188233031,0.7121635925487673,0.7222240933436354,0.7324688686119121,0.7796654165393295,0.9064069913637529,0.965048498818781,0.9884944468511166,0.9990179810086138
BIOMD0000000575,Hsc70_Protofibril,0.9068750922392476,0.8589523713503185,1.0,1000,0,0.8605621023094004,0.8625513871100118,0.8680514803241857,0.8717732904179117,0.8762786444802313,0.9029473760924495,0.943771725516757,0.9503401410668022,0.9647382885294492,0.9907853987756238
BIOMD0000000575,Hsc70_fibril,0.9446906236586111,0.8800418631938914,1.0,68,932,0.8875216565620138,0.8948197053192295,0.9088818831296057,0.9156558386816792,0.9222644481166994,0.9471311235957189,0.9802574502257023,0.990337435252939,0.9952181157424745,0.9990506443507726
BIOMD0000000575,Hsc70,0.9434623544423177,0.9064055844190854,1.0,1000,0,0.9092400746927506,0.9120386811267858,0.9175674894841366,0.9203564208286356,0.9232263188647342,0.9368784435578315,0.9714633548556844,0.9873058608088572,0.994734833110332,0.9992456044888021
BIOMD0000000575,DA_S_parkin,0.973333133457274,0.9113831634069656,1.0,1000,0,0.9203064793173854,0.9294141407966934,0.9478744061191138,0.95705160553287,0.9660559646126157,0.9861315608468351,0.9920310990248532,0.9953606312875994,0.997528549980756,0.9994917557643573
BIOMD0000000575,O2,0.971793568670564,0.9154510410387746,1.0,1000,0,0.9376960836666393,0.9404919999832928,0.9461637055028571,0.9504364286369916,0.955131009615095,0.9760197149486585,0.9949326291032365,0.9972419687946472,0.9986064793988763,0.9997108403638058
BIOMD0000000575,DA_GSH,0.9516270380837195,0.8937637947588452,1.0,1000,0,0.8986152491559478,0.9044968355504134,0.9192642722419356,0.928082315886777,0.9377863283806586,0.9550381441063859,0.9796407826294601,0.9896660868200862,0.9946721321980497,0.9989132585071423
BIOMD0000000575,Neuromelanin,0.9253394169778005,0.9041334823873461,1.0,1000,0,0.9077334699050246,0.9098848376213062,0.9103380842608638,0.9107451855213015,0.9112057802556724,0.9128751718176908,0.9415791217680481,0.9644970126779907,0.9814811088936549,0.9978157943678471
BIOMD0000000575,Neuromelanin_ntox_Fe3,0.9422420717000084,0.8765310923606725,0.9999999999999999,1000,0,0.8854138601437197,0.8934448958117732,0.9067151919523103,0.9121550343076303,0.9171257533787243,0.9389167354739179,0.983678912888509,0.9928917021694157,0.9963734049712085,0.9994657205547451
BIOMD0000000575,V_DA,0.9939416249130012,0.9880489920969773,1.0,1000,0,0.9887463595465047,0.9895448880159453,0.9913594581096467,0.9922882891698229,0.9931565771931451,0.9948648768274932,0.9951613821469563,0.9966805092598849,0.9983927016790062,0.999880046556041
BIOMD0000000575,V_ntox_ba,0.9981711380908196,0.9963467286615781,1.0,1000,0,0.9965287581597165,0.9967108541824068,0.9970752459473682,0.997257541762669,0.9974399042485809,0.9981700216303705,0.9992672040525171,0.9996334677297121,0.9998167002722573,0.9999633346778647
BIOMD0000000575,Autophagosome_0,0.28088852597690683,0.029879121461447444,1.0,1000,0,0.0313911575246543,0.03582213287012439,0.053304770455671016,0.06593144830435602,0.08133647748133137,0.1715062425554672,0.4629439264062286,0.8079917695173562,0.9413345324010608,0.9951489258891036
BIOMD0000000575,Fe2,0.9487013661459789,0.9065975029745611,1.0,1000,0,0.9136644491850949,0.9192040464994251,0.926824415123735,0.929546485405379,0.9319742511617822,0.9435639744997,0.9734723738361245,0.9869128087664389,0.9941853603105117,0.9991404902990872
BIOMD0000000585,model,0.14066910364072524,0.0,0.9997137044092785,15,5,0.0,0.0,0.0,0.0,0.0,0.0,0.2942921775087501,0.4293004532826621,0.6498061522230254,0.9297321939720278
BIOMD0000000585,Ifng,0.9997181425709348,0.9997137044092782,1.0,1000,0,0.9997137044092784,0.9997137044092785,0.9997137044092785,0.9997137044092785,0.9997137044092785,0.9997137044092785,0.9997137048788864,0.9997140711155358,0.9997239487195558,0.9998607597789657
BIOMD0000000585,II,0.4998206863105689,0.49830808973037855,0.49985701623693546,997,3,0.49969038790286535,0.499845772714632,0.49985698687613495,0.49985701489760115,0.4998570161771409,0.499857016234876,0.4998570162349241,0.4998570162351733,0.4998570162354178,0.4998570162366796
BIOMD0000000585,d1,0.0,0.0,0.0,967,33,0.0,0.0,0.0,0.0,0.0,0.0,0.0,0.0,0.0,0.0
BIOMD0000000585,d2,0.0005499697257728676,0.0,0.002572664671091518,910,90,0.0,0.0,0.0,0.0,0.0,0.0,0.0015090972169692577,0.0021522421731061006,0.002388172110106007,0.00253965754692818
BIOMD0000000585,d3,0.0,0.0,0.0,843,157,0.0,0.0,0.0,0.0,0.0,0.0,0.0,0.0,0.0,0.0
BIOMD0000000585,d4,0.0,0.0,0.0,770,230,0.0,0.0,0.0,0.0,0.0,0.0,0.0,0.0,0.0,0.0
BIOMD0000000585,Stat1Pd,0.35083700187912203,0.0,0.9985741420826384,989,11,0.0,0.0,0.0,0.0,0.0,0.31796218545539856,0.7107326044001403,0.8522746366997823,0.9255991688293582,0.9840808998908088
BIOMD0000000585,Stat1Pdn,,,,0,1000,,,,,,,,,,
BIOMD0000000585,i1,,,,0,1000,,,,,,,,,,
BIOMD0000000585,i2,,,,0,1000,,,,,,,,,,
BIOMD0000000585,i3,,,,0,1000,,,,,,,,,,
BIOMD0000000585,i4,,,,0,1000,,,,,,,,,,
BIOMD0000000585,j1,0.0,0.0,0.0,986,14,0.0,0.0,0.0,0.0,0.0,0.0,0.0,0.0,0.0,0.0
BIOMD0000000585,j2,0.7136499949485768,0.0,0.9998730795311376,929,71,0.0,0.0,0.3850538973663787,0.7450663170741612,0.841195769612294,0.8673854451448872,0.9464474671144593,0.9727379310361824,0.986226303723591,0.9970333039989087
BIOMD0000000585,j3,0.4692492008550975,0.3193181924421551,0.7821929877700988,857,143,0.32036147355067573,0.32348247413470743,0.3359576670339453,0.34537525749962683,0.3571554476988916,0.4270082288305448,0.6101838761504847,0.6930514668817332,0.7375002527836637,0.7717542635875162
BIOMD0000000585,j4,0.0,0.0,0.0,782,218,0.0,0.0,0.0,0.0,0.0,0.0,0.0,0.0,0.0,0.0
BIOMD0000000585,Ir,0.3790276663914501,0.0,1.0,27,973,0.0,0.0,0.0,0.0,0.0,0.31155538435259045,0.7925366665829765,0.9049825267024509,0.9544301222312546,0.9910277810495546
BIOMD0000000585,Stat1U,0.18590151654001758,0.0,1.0,1000,0,0.0,0.0,0.0,0.0,0.0,0.0,0.4765260993752074,0.8688244120101069,0.9660662105916589,0.9852091334013816
BIOMD0000000585,Stat1Un,0.14449585692620404,0.0,1.0,1000,0,0.0,0.0,0.0,0.0,0.0,0.0,0.2517112553399987,0.7456434382980185,0.8770893765109755,0.9577921178244103
BIOMD0000000585,mRNA,0.6714009907888865,0.03539653248731045,1.0,1000,0,0.165603331560071,0.2869946033522607,0.5064172693527298,0.5608684787348003,0.627176167232727,0.7042638331814601,0.8843395277403535,0.9456112421652276,0.9747411304203192,0.9976003363102133
BIOMD0000000591,model,0.8190321309221495,0.6136820081487663,0.9696716563984633,6,2,0.649235280293644,0.6847885524385218,0.7558950967282771,0.7689983001431624,0.7821015035580476,0.8225411901200811,0.9298616440172289,0.9497666502078461,0.9597191533031547,0.9676811557794016
BIOMD0000000591,STAT5A,0.8855473808489734,0.3115173475790478,1.0,1000,0,0.43929418450263746,0.6136820081487663,0.8467151480026085,0.9176994630724473,0.9521791064957346,0.9578953004148094,0.9695713123332883,0.9725161571685208,0.9857214538085,0.9970007944426749
BIOMD0000000591,STAT5B,0.9286409827634727,0.7738269144863756,1.0,1000,0,0.7830027648614475,0.8083079103878181,0.863971938050084,0.8960198024726758,0.9257568609657695,0.9586807519002116,0.9734333197454625,0.9832637283131452,0.9918208302537309,0.9985270997742817
BIOMD0000000591,pApB,0.9791506117281942,0.8419665468523128,0.9999808920436735,999,1,0.9506447217859584,0.9696716563984633,0.9710440493665036,0.9723450347184643,0.9740927348381483,0.9857060391377065,0.9931581228874785,0.9964940023840116,0.9982825839000715,0.9996632164181919
BIOMD0000000591,pApA,,,,0,1000,,,,,,,,,,
BIOMD0000000591,pBpB,,,,0,1000,,,,,,,,,,
BIOMD0000000591,nucpApA,0.9119755816516887,0.7405181248971782,0.9998111748461782,999,1,0.8151599620570047,0.836774469852344,0.867908188678629,0.8789969694681841,0.8883665982341811,0.9171543748944793,0.9629426541295836,0.9808879905897528,0.9903786940471101,0.9979077654858682
BIOMD0000000591,nucpApB,0.9580689196828998,0.673490005441862,0.9999845884106351,999,1,0.9290495120542973,0.9298616440172289,0.9331156887165581,0.9355351783096348,0.9384586883940326,0.954661776674094,0.984976726537842,0.9936294541646458,0.9966322216593784,0.9992787244765298
BIOMD0000000591,nucpBpB,0.8790031654284569,0.751136584613948,0.9998846451937354,999,1,0.7523433644064962,0.7558950967282771,0.7838934709897695,0.805806123907985,0.8309581230720284,0.8933025182165835,0.9527850577892857,0.9759579165061807,0.988303627384118,0.9975675187695576
BIOMD0000000596,model,0.0,0.0,0.0,15,0,0.0,0.0,0.0,0.0,0.0,0.0,0.0,0.0,0.0,0.0
BIOMD0000000596,HP,0.14822041535745514,0.0,1.0,1000,0,0.0,0.0,0.0,0.0,0.0,0.0,0.024443153557254883,0.8531159106130223,0.9848133048108755,0.9998711778424606
BIOMD0000000596,NLRX1,0.11958508499406449,0.0,0.9999999999999999,1000,0,0.0,0.0,0.0,0.0,0.0,0.0,0.0,0.700614783153283,0.9382152927479808,0.9906623650058792
BIOMD0000000596,CytoL,0.17759892376772612,0.0,0.9999999999999999,1000,0,0.0,0.0,0.0,0.0,0.0,0.0,0.4196340722746269,0.8932401751990269,0.9870369416712671,0.998633942535538
BIOMD0000000596,MyD88,0.35594240843072583,0.0,1.0,1000,0,0.0,0.0,0.0,0.0,0.0,0.0,0.9147578728443367,0.9497062444439639,0.9734731638333902,0.9944614939508853
BIOMD0000000596,TRAF6,0.2781020944530352,0.0,1.0,1000,0,0.0,0.0,0.0,0.0,0.0,0.0,0.7482592252590295,0.8615537249091312,0.9274167374770412,0.9887759724159356
BIOMD0000000596,NFkB,0.07497440074629164,0.0,1.0,1000,0,0.0,0.0,0.0,0.0,0.0,0.0,0.0,0.29888387515698145,0.7281396518894623,0.956286335045523
BIOMD0000000596,IFN,0.028450474964512727,0.0,1.0,1000,0,0.0,0.0,0.0,0.0,0.0,0.0,0.0,0.0,0.0,0.9168386357925884
BIOMD0000000596,NOD1,0.31536142964562575,0.0,1.0,1000,0,0.0,0.0,0.0,0.0,0.0,0.0,0.8463288962473153,0.9082838675035281,0.9511392399433676,0.9901054150668074
BIOMD0000000596,RIG,0.21562767090690435,0.0,0.9999999999999999,1000,0,0.0,0.0,0.0,0.0,0.0,0.0,0.6444373392741471,0.9627379586663309,0.9872736010560426,0.9967690531579366
BIOMD0000000596,MAVS,0.0777122356973505,0.0,1.0,1000,0,0.0,0.0,0.0,0.0,0.0,0.0,0.0,0.3247196625449383,0.7464047369103688,0.9744712502700216
BIOMD0000000596,IRF,0.042685633441873524,0.0,1.0,1000,0,0.0,0.0,0.0,0.0,0.0,0.0,0.0,0.0,0.39572348958774756,0.944983956024414
BIOMD0000000596,TFa,0.1484154542869895,0.0,1.0,1000,0,0.0,0.0,0.0,0.0,0.0,0.0,0.19203866550677653,0.7979472423386617,0.9352750167988257,0.992602008672583
BIOMD0000000596,CytoE,0.0621525921748413,0.0,1.0,1000,0,0.0,0.0,0.0,0.0,0.0,0.0,0.0,0.0,0.7309907455961266,0.8477269176283905
BIOMD0000000596,TFi,0.08950922181000963,0.0,1.0,1000,0,0.0,0.0,0.0,0.0,0.0,0.0,0.0,0.4759701653235491,0.851876712366667,0.9205160631487556
BIOMD0000000596,X,0.20301925453329903,0.0,0.9999999999999999,1000,0,0.0,0.0,0.0,0.0,0.0,0.0,0.5859213337983148,0.9569303620987819,0.9727914002897445,0.993882712565614
BIOMD0000000599,model,0.05596127542074051,0.0,0.8394191314714663,30,0,0.0,0.0,0.0,0.0,0.0,0.0,0.0,0.0,0.46168052213290955,0.8394191313784582
BIOMD0000000599,species_2,0.006449638226900204,0.0,1.0,1000,0,0.0,0.0,0.0,0.0,0.0,0.0,0.0,0.0,0.0,0.0017808732069412516
BIOMD0000000599,species_3,0.0063915085183330654,0.0,1.0,1000,0,0.0,0.0,0.0,0.0,0.0,0.0,0.0,0.0,0.0,0.0
BIOMD0000000599,species_4,0.0020453124798558166,0.0,0.613088134158013,999,1,0.0,0.0,0.0,0.0,0.0,0.0,0.0,0.0,0.0,0.0
BIOMD0000000599,species_5,0.0009032235169407157,0.0,0.902320293423775,999,1,0.0,0.0,0.0,0.0,0.0,0.0,0.0,0.0,0.0,0.0
BIOMD0000000599,species_6,0.0,0.0,0.0,999,1,0.0,0.0,0.0,0.0,0.0,0.0,0.0,0.0,0.0,0.0
BIOMD0000000599,species_7,0.00208089505519525,0.0,0.9818616993637491,999,1,0.0,0.0,0.0,0.0,0.0,0.0,0.0,0.0,0.0,0.0
BIOMD0000000599,species_8,0.001934508409628744,0.0,0.7829126122268072,999,1,0.0,0.0,0.0,0.0,0.0,0.0,0.0,0.0,0.0,0.0
BIOMD0000000599,species_9,0.0020061863264447216,0.0,0.9290164982821283,999,1,0.0,0.0,0.0,0.0,0.0,0.0,0.0,0.0,0.0,0.0
BIOMD0000000599,species_10,0.0018194877133845956,0.0,0.9908875132456264,999,1,0.0,0.0,0.0,0.0,0.0,0.0,0.0,0.0,0.0,0.0
BIOMD0000000599,species_11,0.0,0.0,0.0,999,1,0.0,0.0,0.0,0.0,0.0,0.0,0.0,0.0,0.0,0.0
BIOMD0000000599,species_12,0.0,0.0,0.0,999,1,0.0,0.0,0.0,0.0,0.0,0.0,0.0,0.0,0.0,0.0
BIOMD0000000599,species_13,0.012363704005084705,0.0,0.9948513796100646,999,1,0.0,0.0,0.0,0.0,0.0,0.0,0.0,0.0,0.0,0.7214057752480383
BIOMD0000000599,species_14,0.0007306437278119074,0.0,0.7299130840840955,999,1,0.0,0.0,0.0,0.0,0.0,0.0,0.0,0.0,0.0,0.0
BIOMD0000000599,species_15,0.001,0.0,1.0,1000,0,0.0,0.0,0.0,0.0,0.0,0.0,0.0,0.0,0.0,0.0
BIOMD0000000599,species_16,0.001,0.0,1.0,1000,0,0.0,0.0,0.0,0.0,0.0,0.0,0.0,0.0,0.0,0.0
BIOMD0000000599,species_17,0.0,0.0,0.0,999,1,0.0,0.0,0.0,0.0,0.0,0.0,0.0,0.0,0.0,0.0
BIOMD0000000599,species_18,0.057658289273406854,0.0,1.0,1000,0,0.0,0.0,0.0,0.0,0.0,0.0,0.0,0.0,0.7719250719907609,0.990881571974611
BIOMD0000000599,species_19,0.001,0.0,1.0,1000,0,0.0,0.0,0.0,0.0,0.0,0.0,0.0,0.0,0.0,0.0
BIOMD0000000599,species_20,0.001,0.0,1.0,1000,0,0.0,0.0,0.0,0.0,0.0,0.0,0.0,0.0,0.0,0.0
BIOMD0000000599,species_21,0.0,0.0,0.0,999,1,0.0,0.0,0.0,0.0,0.0,0.0,0.0,0.0,0.0,0.0
BIOMD0000000599,species_22,0.0019345084095771176,0.0,0.7829126122124068,999,1,0.0,0.0,0.0,0.0,0.0,0.0,0.0,0.0,0.0,0.0
BIOMD0000000599,species_23,0.912516922252883,0.8200483948388184,1.0,1000,0,0.8297739040455671,0.839419131150749,0.8584712961388681,0.8678794947460557,0.877209932484437,0.9137662023091153,0.9663684529703033,0.9833254853437837,0.9916983676943142,0.9983462432978611
BIOMD0000000599,species_24,0.001,0.0,1.0,1000,0,0.0,0.0,0.0,0.0,0.0,0.0,0.0,0.0,0.0,0.0
BIOMD0000000599,species_25,0.001,0.0,1.0,1000,0,0.0,0.0,0.0,0.0,0.0,0.0,0.0,0.0,0.0,0.0
BIOMD0000000599,species_26,0.017507352962133578,0.0,0.9999999999999999,1000,0,0.0,0.0,0.0,0.0,0.0,0.0,0.0,0.0,0.0,0.7963086477753153
BIOMD0000000599,species_27,0.053057345567786685,0.0,1.0,1000,0,0.0,0.0,0.0,0.0,0.0,0.0,0.0,0.0,0.7665399063888165,0.9827093907750649
BIOMD0000000599,species_28,0.0,0.0,0.0,999,1,0.0,0.0,0.0,0.0,0.0,0.0,0.0,0.0,0.0,0.0
BIOMD0000000599,species_29,0.912516922332003,0.8200483956659935,1.0,1000,0,0.8297739045646626,0.8394191314714663,0.858471296251657,0.8678794948079831,0.8772099325148717,0.9137662023007724,0.9663684529670845,0.983325485342928,0.99169836769409,0.9983462432978579
BIOMD0000000599,species_30,0.026007164773574145,0.0,1.0,1000,0,0.0,0.0,0.0,0.0,0.0,0.0,0.0,0.0,0.0,0.9044673835265589
BIOMD0000000599,species_1,0.13236881050133917,0.0,1.0,1000,0,0.0,0.0,0.0,0.0,0.0,0.0,0.0637084988329145,0.6795756702145931,0.8595148861908661,0.990619877594817
BIOMD0000000607,model,0.07237575750111097,0.0,0.9999999999999998,22,7,0.0,0.0,0.0,0.0,0.0,0.0,0.0,0.0,0.562653331773219,0.9143759996551322
BIOMD0000000607,glycerol_i,0.004011778207913433,0.0,1.0,340,660,0.0,0.0,0.0,0.0,0.0,0.0,0.0,0.0,0.0,0.0
BIOMD0000000607,cin,0.002941176470588235,0.0,0.9999999999999999,340,660,0.0,0.0,0.0,0.0,0.0,0.0,0.0,0.0,0.0,0.0
BIOMD0000000607,glucose_i,0.0029411764705882353,0.0,1.0,340,660,0.0,0.0,0.0,0.0,0.0,0.0,0.0,0.0,0.0,0.0
BIOMD0000000607,G6P,0.0029411764705882353,0.0,1.0,340,660,0.0,0.0,0.0,0.0,0.0,0.0,0.0,0.0,0.0,0.0
BIOMD0000000607,trehalose,,,,0,1000,,,,,,,,,,
BIOMD0000000607,F16DP,0.0029411764705882353,0.0,1.0,340,660,0.0,0.0,0.0,0.0,0.0,0.0,0.0,0.0,0.0,0.0
BIOMD0000000607,F26DP,,,,0,1000,,,,,,,,,,
BIOMD0000000607,trioseP,0.00326797385620915,0.0,0.9999999999999999,306,694,0.0,0.0,0.0,0.0,0.0,0.0,0.0,0.0,0.0,0.0
BIOMD0000000607,Gpd1,0.0034871076327131416,0.0,0.9999999999999999,340,660,0.0,0.0,0.0,0.0,0.0,0.0,0.0,0.0,0.0,0.0
BIOMD0000000607,pyruvate,0.0,0.0,0.0,105,895,0.0,0.0,0.0,0.0,0.0,0.0,0.0,0.0,0.0,0.0
BIOMD0000000607,acetate_i,0.0,0.0,0.0,282,718,0.0,0.0,0.0,0.0,0.0,0.0,0.0,0.0,0.0,0.0
BIOMD0000000607,ethanol_i,0.005597148954122719,0.0,1.0,340,660,0.0,0.0,0.0,0.0,0.0,0.0,0.0,0.0,0.0,0.0
BIOMD0000000607,Hog1,0.00365100084625346,0.0,1.0,340,660,0.0,0.0,0.0,0.0,0.0,0.0,0.0,0.0,0.0,0.0
BIOMD0000000607,Hog1PP,0.0029411764705882353,0.0,1.0,340,660,0.0,0.0,0.0,0.0,0.0,0.0,0.0,0.0,0.0,0.0
BIOMD0000000607,Pfk2627a,0.0,0.0,0.0,339,661,0.0,0.0,0.0,0.0,0.0,0.0,0.0,0.0,0.0,0.0
BIOMD0000000607,Pfk2627i,0.0033045815808469513,0.0,1.0,340,660,0.0,0.0,0.0,0.0,0.0,0.0,0.0,0.0,0.0,0.0
BIOMD0000000607,AOG,,,,0,1000,,,,,,,,,,
BIOMD0000000607,gpd1mRNA,0.0,0.0,0.0,107,893,0.0,0.0,0.0,0.0,0.0,0.0,0.0,0.0,0.0,0.0
BIOMD0000000607,stl1mRNA,0.0029411764705882353,0.0,1.0,340,660,0.0,0.0,0.0,0.0,0.0,0.0,0.0,0.0,0.0,0.0
BIOMD0000000607,Stl1,0.0,0.0,0.0,310,690,0.0,0.0,0.0,0.0,0.0,0.0,0.0,0.0,0.0,0.0
BIOMD0000000607,AOGi,0.012644242024477371,0.0,0.9999999999999999,340,660,0.0,0.0,0.0,0.0,0.0,0.0,0.0,0.0,0.0,0.7163007319089519
BIOMD0000000607,Fps1r,0.9999999999999999,0.9999999999999998,0.9999999999999998,1000,0,0.9999999999999998,0.9999999999999998,0.9999999999999998,0.9999999999999998,0.9999999999999998,0.9999999999999998,0.9999999999999998,0.9999999999999998,0.9999999999999998,0.9999999999999998
BIOMD0000000607,biomass,0.010182717196007076,0.0,0.9999999999999999,340,660,0.0,0.0,0.0,0.0,0.0,0.0,0.0,0.0,0.0,0.3155539129184228
BIOMD0000000607,cellvol,,,,0,1000,,,,,,,,,,
BIOMD0000000607,glycerol_e,,,,0,1000,,,,,,,,,,
BIOMD0000000607,glucose_e,0.7799940780191721,0.54073296631444,1.0,340,660,0.5666822215112519,0.5922666650244415,0.6423758986910287,0.6669179600422342,0.6911297352347371,0.7848423788173919,0.916904886840798,0.9589075475651376,0.9795639812874024,0.9959300075264395
BIOMD0000000607,acetate_e,,,,0,1000,,,,,,,,,,
BIOMD0000000607,ethanol_e,0.014025479812937999,0.0,0.9999999999999999,340,660,0.0,0.0,0.0,0.0,0.0,0.0,0.0,0.0,0.0,0.9171668427994863
BIOMD0000000607,trehalose_e,,,,0,1000,,,,,,,,,,
BIOMD0000000618,model,0.0,0.0,0.0,50,0,0.0,0.0,0.0,0.0,0.0,0.0,0.0,0.0,0.0,0.0
BIOMD0000000618,M,0.12116877071840715,0.0,1.0,1000,0,0.0,0.0,0.0,0.0,0.0,0.0,0.0,0.7918437692477699,0.9126610249309443,0.9981744209808938
BIOMD0000000618,N,0.043846090245628494,0.0,0.9892417117834886,999,1,0.0,0.0,0.0,0.0,0.0,0.0,0.0,0.0,0.4380205707016934,0.911453879140462
BIOMD0000000618,A7,0.04383284293880368,0.0,0.9966372942305969,997,3,0.0,0.0,0.0,0.0,0.0,0.0,0.0,0.0,0.3940635098007311,0.9665196577714431
BIOMD0000000618,A8,0.03982861179546951,0.0,0.9452514097574077,992,8,0.0,0.0,0.0,0.0,0.0,0.0,0.0,0.0,0.33014026341008773,0.9251129618347652
BIOMD0000000618,A9,0.039495708571085544,0.0,0.9508864120711032,986,14,0.0,0.0,0.0,0.0,0.0,0.0,0.0,0.0,0.32243983026184586,0.9246060506793997
BIOMD0000000618,A10,0.045751272321666474,0.0,0.9940650861173629,978,22,0.0,0.0,0.0,0.0,0.0,0.0,0.0,0.0,0.4550323129291545,0.9261567905298088
BIOMD0000000618,A11,0.039875203198362734,0.0,0.9919835288984941,969,31,0.0,0.0,0.0,0.0,0.0,0.0,0.0,0.030241781954719493,0.339586418672358,0.83193368414091
BIOMD0000000618,A12,0.09254332543590846,0.0,0.9935174859898603,960,40,0.0,0.0,0.0,0.0,0.0,0.0,0.0,0.6598921730717121,0.7850537829920454,0.9518862461315953
BIOMD0000000618,A13,0.021180352957256492,0.0,0.4667773740853901,949,51,0.0,0.0,0.0,0.0,0.0,0.0,0.0,0.0,0.21288556650164536,0.4556376871172331
BIOMD0000000618,A14,0.0,0.0,0.0,938,62,0.0,0.0,0.0,0.0,0.0,0.0,0.0,0.0,0.0,0.0
BIOMD0000000618,A15,0.0,0.0,0.0,928,72,0.0,0.0,0.0,0.0,0.0,0.0,0.0,0.0,0.0,0.0
BIOMD0000000618,A16,0.0,0.0,0.0,916,84,0.0,0.0,0.0,0.0,0.0,0.0,0.0,0.0,0.0,0.0
BIOMD0000000618,A17,0.0,0.0,0.0,905,95,0.0,0.0,0.0,0.0,0.0,0.0,0.0,0.0,0.0,0.0
BIOMD0000000618,A18,0.0,0.0,0.0,893,107,0.0,0.0,0.0,0.0,0.0,0.0,0.0,0.0,0.0,0.0
BIOMD0000000618,A19,0.0,0.0,0.0,881,119,0.0,0.0,0.0,0.0,0.0,0.0,0.0,0.0,0.0,0.0
BIOMD0000000618,A20,0.0783087038381257,0.0,0.998618132121199,869,131,0.0,0.0,0.0,0.0,0.0,0.0,0.19879517581844836,0.3424850208617536,0.3695451023825954,0.8009451958214737
BIOMD0000000618,A21,0.00485564705589657,0.0,0.9340225923629111,856,144,0.0,0.0,0.0,0.0,0.0,0.0,0.0,0.0,0.0,0.00984012710227002
BIOMD0000000618,A22,0.001872498325286142,0.0,0.734344800951352,843,157,0.0,0.0,0.0,0.0,0.0,0.0,0.0,0.0,0.0,0.0
BIOMD0000000618,A23,0.0,0.0,0.0,831,169,0.0,0.0,0.0,0.0,0.0,0.0,0.0,0.0,0.0,0.0
BIOMD0000000618,A24,0.0,0.0,0.0,817,183,0.0,0.0,0.0,0.0,0.0,0.0,0.0,0.0,0.0,0.0
BIOMD0000000618,A25,0.0,0.0,0.0,804,196,0.0,0.0,0.0,0.0,0.0,0.0,0.0,0.0,0.0,0.0
BIOMD0000000618,A26,0.0,0.0,0.0,791,209,0.0,0.0,0.0,0.0,0.0,0.0,0.0,0.0,0.0,0.0
BIOMD0000000618,A27,0.0,0.0,0.0,777,223,0.0,0.0,0.0,0.0,0.0,0.0,0.0,0.0,0.0,0.0
BIOMD0000000618,A28,0.0,0.0,0.0,764,236,0.0,0.0,0.0,0.0,0.0,0.0,0.0,0.0,0.0,0.0
BIOMD0000000618,A29,0.0,0.0,0.0,750,250,0.0,0.0,0.0,0.0,0.0,0.0,0.0,0.0,0.0,0.0
BIOMD0000000618,A30,0.0,0.0,0.0,736,264,0.0,0.0,0.0,0.0,0.0,0.0,0.0,0.0,0.0,0.0
BIOMD0000000618,A31,0.0,0.0,0.0,722,278,0.0,0.0,0.0,0.0,0.0,0.0,0.0,0.0,0.0,0.0
BIOMD0000000618,A32,0.0,0.0,0.0,708,292,0.0,0.0,0.0,0.0,0.0,0.0,0.0,0.0,0.0,0.0
BIOMD0000000618,A33,0.0,0.0,0.0,693,307,0.0,0.0,0.0,0.0,0.0,0.0,0.0,0.0,0.0,0.0
BIOMD0000000618,A34,0.0,0.0,0.0,679,321,0.0,0.0,0.0,0.0,0.0,0.0,0.0,0.0,0.0,0.0
BIOMD0000000618,A35,0.0,0.0,0.0,665,335,0.0,0.0,0.0,0.0,0.0,0.0,0.0,0.0,0.0,0.0
BIOMD0000000618,A36,0.0,0.0,0.0,650,350,0.0,0.0,0.0,0.0,0.0,0.0,0.0,0.0,0.0,0.0
BIOMD0000000618,A37,0.0,0.0,0.0,636,364,0.0,0.0,0.0,0.0,0.0,0.0,0.0,0.0,0.0,0.0
BIOMD0000000618,A38,0.0,0.0,0.0,623,377,0.0,0.0,0.0,0.0,0.0,0.0,0.0,0.0,0.0,0.0
BIOMD0000000618,A39,0.0,0.0,0.0,609,391,0.0,0.0,0.0,0.0,0.0,0.0,0.0,0.0,0.0,0.0
BIOMD0000000618,A40,0.0,0.0,0.0,596,404,0.0,0.0,0.0,0.0,0.0,0.0,0.0,0.0,0.0,0.0
BIOMD0000000618,A41,0.0,0.0,0.0,584,416,0.0,0.0,0.0,0.0,0.0,0.0,0.0,0.0,0.0,0.0
BIOMD0000000618,A42,0.0,0.0,0.0,573,427,0.0,0.0,0.0,0.0,0.0,0.0,0.0,0.0,0.0,0.0
BIOMD0000000618,A43,0.0,0.0,0.0,562,438,0.0,0.0,0.0,0.0,0.0,0.0,0.0,0.0,0.0,0.0
BIOMD0000000618,A44,0.0,0.0,0.0,552,448,0.0,0.0,0.0,0.0,0.0,0.0,0.0,0.0,0.0,0.0
BIOMD0000000618,A45,0.0,0.0,0.0,542,458,0.0,0.0,0.0,0.0,0.0,0.0,0.0,0.0,0.0,0.0
BIOMD0000000618,A46,0.0,0.0,0.0,532,468,0.0,0.0,0.0,0.0,0.0,0.0,0.0,0.0,0.0,0.0
BIOMD0000000618,A47,0.0,0.0,0.0,522,478,0.0,0.0,0.0,0.0,0.0,0.0,0.0,0.0,0.0,0.0
BIOMD0000000618,A48,0.0,0.0,0.0,513,487,0.0,0.0,0.0,0.0,0.0,0.0,0.0,0.0,0.0,0.0
BIOMD0000000618,A49,0.0,0.0,0.0,504,496,0.0,0.0,0.0,0.0,0.0,0.0,0.0,0.0,0.0,0.0
BIOMD0000000618,A50,0.0,0.0,0.0,494,506,0.0,0.0,0.0,0.0,0.0,0.0,0.0,0.0,0.0,0.0
BIOMD0000000618,A51,0.0,0.0,0.0,485,515,0.0,0.0,0.0,0.0,0.0,0.0,0.0,0.0,0.0,0.0
BIOMD0000000618,A52,0.0,0.0,0.0,475,525,0.0,0.0,0.0,0.0,0.0,0.0,0.0,0.0,0.0,0.0
BIOMD0000000618,A53,0.0,0.0,0.0,465,535,0.0,0.0,0.0,0.0,0.0,0.0,0.0,0.0,0.0,0.0
BIOMD0000000618,A54,0.0,0.0,0.0,476,524,0.0,0.0,0.0,0.0,0.0,0.0,0.0,0.0,0.0,0.0
BIOMD0000000622,model,0.30584677464453985,0.0,0.8645777201623411,10,0,0.0,0.0,0.0,0.0,0.0,0.05,0.6824748595470181,0.7958363922929137,0.8302070562276274,0.8577035873753984
BIOMD0000000622,Bmi1,0.7756620885268835,0.6129757584512532,1.0,1000,0,0.635149935696774,0.6560439576902506,0.6943127601194888,0.7118359840748747,0.728376661749454,0.7859325798669858,0.8525359408298181,0.8726644053518919,0.8824042267127302,0.9086783898174107
BIOMD0000000622,Bmi1ubd,0.9363275963045085,0.8388275423106052,0.9999999999999998,1000,0,0.8520670656340228,0.8645777201623411,0.8875980936570216,0.8981940863681395,0.9082341719468748,0.9435609859437439,0.9853214839110929,0.9954597471928712,0.9971270885090902,0.9977025183526341
BIOMD0000000622,R1B,0.00232292152708715,0.0,0.9999999999999999,1000,0,0.0,0.0,0.0,0.0,0.0,0.0,0.0,0.0,0.0,0.0
BIOMD0000000622,R1Bubd,0.36705796322152573,0.0,0.9999999999999999,1000,0,0.0,0.0,0.0,0.0,0.0,0.2648222056475585,0.8128886140286768,0.9272767052923245,0.9672266658648462,0.9799365193306144
BIOMD0000000622,Z,0.17115090259773633,0.0,1.0,1000,0,0.0,0.0,0.0,0.0,0.0,0.11224104585739775,0.3648699947732937,0.4248155349623843,0.4562768419868783,0.6430310033082324
BIOMD0000000622,Zub,0.7630297800669961,0.6102456054138097,0.9999999999999999,1000,0,0.6305915037934243,0.6496476016187185,0.6842979334931918,0.7000937352118973,0.7150053123130248,0.7679770100752403,0.8384891103574457,0.8655200493971993,0.8773558649746781,0.9113547974985656
BIOMD0000000622,R1Buba,0.851105765398831,0.7690198149259525,1.0,1000,0,0.7789365649749106,0.7881984669740885,0.8050256375463596,0.8127304630627834,0.8200618614839496,0.8474090018878309,0.8961993100323823,0.9185460113481783,0.9317488923538839,0.974937234245849
BIOMD0000000622,R1Bub,0.030870010887138564,0.0,1.0,1000,0,0.0,0.0,0.0,0.0,0.0,0.0,0.0,0.0,0.25838826173761004,0.6476252899782081
BIOMD0000000622,H2A,0.5,0.0,1.0,2,998,0.05,0.1,0.2,0.25,0.3,0.5,0.8,0.9,0.95,0.99
BIOMD0000000622,H2Auba,0.004329244261416763,0.0,0.9101902098035496,999,1,0.0,0.0,0.0,0.0,0.0,0.0,0.0,0.0,0.0,0.0
BIOMD0000000623,model,0.5578854657351358,0.0,0.9995662654584397,25,0,0.0,0.0,0.0,0.0,0.0,0.9104539661597575,0.9807578748481043,0.988304428328457,0.9957958396610571,0.9989549765849729
BIOMD0000000623,species_0,0.21562327746485632,0.0,0.999903193682721,999,1,0.0,0.0,0.0,0.0,0.0,0.0,0.558248338311791,0.9700474554012266,0.9875891366209475,0.9971671442743909
BIOMD0000000623,species_1,0.003412575727098967,0.0,1.0,1000,0,0.0,0.0,0.0,0.0,0.0,0.0,0.0,0.0,0.0,0.0
BIOMD0000000623,species_2,0.14727825459661023,0.0,0.9996876197296207,999,1,0.0,0.0,0.0,0.0,0.0,0.0,0.19336763221492254,0.795256101225637,0.9725465273449644,0.9953540505882684
BIOMD0000000623,species_3,0.9851281000013989,0.7110562556716897,1.0,1000,0,0.9616477498782263,0.968862289060816,0.9798075234355468,0.9832697796617189,0.986618536465694,0.9899308842355836,0.9930156675737389,0.9956028976089955,0.9972320898102284,0.9986258568592269
BIOMD0000000623,species_4,0.15926141750397707,0.0,0.9989831844452981,999,1,0.0,0.0,0.0,0.0,0.0,0.0,0.0,0.9413689759431421,0.9831337211973847,0.994062059969349
BIOMD0000000623,species_5,0.9931441021353055,0.9765454425743009,0.9999999999999999,1000,0,0.9908475952166816,0.9909022843626406,0.9911083676052267,0.9912530563693088,0.991431761123769,0.9924318125198053,0.9946198207556071,0.9977857020049796,0.9982690646764679,0.9994165210344738
BIOMD0000000623,species_6,0.1561336156001887,0.0,0.999917745598911,999,1,0.0,0.0,0.0,0.0,0.0,0.0,0.24620639310184,0.7959894071164405,0.9903212814960826,0.9976980326008673
BIOMD0000000623,species_7,0.9996665388440527,0.9991383582435599,0.9999999999999999,1000,0,0.9995643261046557,0.9995662654584397,0.999572345707423,0.9995767451087325,0.9995820192632429,0.9996145391299119,0.9997885673991218,0.9998724212107108,0.999933400269218,0.999985605278545
BIOMD0000000623,species_8,0.19861300662275583,0.0,0.9998937627554267,999,1,0.0,0.0,0.0,0.0,0.0,0.0,0.5936995998163017,0.9757841795318323,0.9862938813138468,0.9966588658497922
BIOMD0000000623,species_9,0.9650725017559262,0.9255506733355835,1.0,1000,0,0.9319979297379417,0.9340095725330432,0.9383987334645373,0.9411642212879846,0.9455292764069732,0.9681001416534403,0.9897175671911211,0.9960364223774534,0.9982046849181064,0.9997285778976981
BIOMD0000000623,species_10,0.34083414834375014,0.0,0.9997488561182329,999,1,0.0,0.0,0.0,0.0,0.0,0.0,0.9647040470587908,0.9862907787786759,0.9941748810692209,0.9977623985476268
BIOMD0000000623,species_11,0.9231137361917554,0.8263085756852513,1.0,1000,0,0.910178671943545,0.9104417210325811,0.9113917788417819,0.9121427190197505,0.9130414651508848,0.9163540270306922,0.9382356615369817,0.9566580194736687,0.9732577226790223,0.9987667363332089
BIOMD0000000623,species_12,0.9205498510346357,0.0,0.9756903505899018,997,3,0.9128130534355806,0.9134102765911821,0.9156872221034018,0.9173944878210121,0.9194240076724588,0.9267494116370796,0.9500582529463019,0.9624372407709858,0.9689606942700412,0.9743283790273132
BIOMD0000000623,species_13,0.9898651341457808,0.9842082149931775,1.0,1000,0,0.9842541054385553,0.9844076442771815,0.9851118713600898,0.9856413272728918,0.9862503864676838,0.9891971996961804,0.9942223596686002,0.9959819576542076,0.9988838250687416,0.9999132859583563
BIOMD0000000623,species_14,0.9867252885327182,0.9217090211725403,0.9999859530919524,999,1,0.9699520029476573,0.9734241776113027,0.9803885400925655,0.9830316187506958,0.9834624323487884,0.9867971800361515,0.995540867701003,0.9976475840033908,0.9986841987541754,0.9997158171264576
BIOMD0000000623,species_15,0.6016390031879844,0.0,1.0,1000,0,0.0,0.0,0.0,0.14353049781699972,0.48286974390289367,0.783148816208282,0.8959029782401463,0.9468932309387932,0.9747009664313973,0.9950958445149245
BIOMD0000000623,species_16,0.9249208827964808,0.0,0.9999819622091681,999,1,0.9103011876810213,0.9104539661597575,0.9110896891007821,0.9115706460608829,0.9121618059557189,0.9155661430431115,0.9364249611331558,0.9709468683548106,0.9910241146682726,0.9977099592019363
BIOMD0000000623,species_17,0.9774109986430485,0.9571118905749224,1.0,1000,0,0.95819791284259,0.9594603310696306,0.9625133405503589,0.9643004649681168,0.9662570872156532,0.9756764015264758,0.9934806102485846,0.9987615316959677,0.9998701004927795,0.9999697219328886
BIOMD0000000623,species_18,0.9890328670521754,0.9685911552002566,0.9999784841966919,999,1,0.9787371422005019,0.9792384900405544,0.9811538017509297,0.9824666741525182,0.983954665424755,0.9898664987796859,0.9960502241209122,0.9980020569684612,0.9989946906098176,0.999786739565834
BIOMD0000000623,species_19,0.5448198654272514,0.14502745048416477,0.9999894954768334,999,1,0.1458599875103325,0.14831142101548075,0.15798403438350217,0.16518504555205415,0.1739282329142377,0.46489284587660085,0.9840786450241974,0.990012114249808,0.9947408812644469,0.9988910518784727
BIOMD0000000623,species_20,0.983455766357084,0.7137355805812571,0.9999999999999999,1000,0,0.9786234328578234,0.9806193123416059,0.9807107238186694,0.9807959136503485,0.9809079383664853,0.9817578145676455,0.9917582521544722,0.9957518408652137,0.9975152472751436,0.9995253683401945
BIOMD0000000623,species_21,0.6336526496962049,0.29128965018049524,0.999948031312268,999,1,0.30430908592609823,0.3156975384644185,0.335462293230359,0.34616160050016587,0.3602344105380553,0.5593073626073106,0.9825171318161887,0.9912084935933301,0.9957075693798777,0.9991602428274665
BIOMD0000000623,species_22,0.9977283658263875,0.9766314753006305,0.9999999999999999,1000,0,0.9969724502125032,0.9970192284856613,0.9970856918991741,0.9971072031452511,0.9971221933886386,0.9972472712166665,0.9989069765187816,0.999419787599199,0.9996707513405461,0.9999416171219963
BIOMD0000000623,species_23,0.14079652399452608,0.0,0.9994951773157493,999,1,0.0,0.0,0.0,0.0,0.0,0.0,0.0,0.860048539633393,0.952761683217509,0.9866579329220996
BIOMD0000000623,species_24,0.9888002326978186,0.9779921860449087,0.9999999999999999,1000,0,0.9806934803704718,0.9813121248740976,0.9830832199958071,0.9836476770276262,0.9843287255328584,0.9888265352893668,0.9946159787356758,0.996229384045381,0.9978381347218862,0.999296447832453
BIOMD0000000627,model,0.0465116278854403,0.0,0.9999999999987442,43,18,0.0,0.0,0.0,0.0,0.0,0.0,0.0,0.0,0.0,0.9999999996108508
BIOMD0000000627,species_23,0.005679656129868914,0.0,0.9999999999999999,1000,0,0.0,0.0,0.0,0.0,0.0,0.0,0.0,0.0,0.0,0.0
BIOMD0000000627,species_24,0.0030113106490281265,0.0,1.0,1000,0,0.0,0.0,0.0,0.0,0.0,0.0,0.0,0.0,0.0,0.0
BIOMD0000000627,species_25,0.008448113292853728,0.0,1.0,1000,0,0.0,0.0,0.0,0.0,0.0,0.0,0.0,0.0,0.0,0.18044541309047024
BIOMD0000000627,species_26,0.007832661686777254,0.0,1.0,1000,0,0.0,0.0,0.0,0.0,0.0,0.0,0.0,0.0,0.0,0.0016900718931335385
BIOMD0000000627,dHb,0.0022235447498830654,0.0,1.0,1000,0,0.0,0.0,0.0,0.0,0.0,0.0,0.0,0.0,0.0,0.0
BIOMD0000000627,species_1,0.04938803185641673,0.0,1.0,1000,0,0.0,0.0,0.0,0.0,0.0,0.0,0.0,0.0,0.5472681463573366,0.9952432926523705
BIOMD0000000627,species_2,0.05816506452495491,0.0,1.0,1000,0,0.0,0.0,0.0,0.0,0.0,0.0,0.0,0.0,0.8700627393860008,0.9635104926332639
BIOMD0000000627,species_3,0.04295099806759956,0.0,1.0,1000,0,0.0,0.0,0.0,0.0,0.0,0.0,0.0,0.0,0.27717110581031507,0.9867641622952769
BIOMD0000000627,species_7,0.06317051901237913,0.0,1.0,1000,0,0.0,0.0,0.0,0.0,0.0,0.0,0.0,0.0,0.8735052381818351,0.9682214913387671
BIOMD0000000627,species_9,,,,0,1000,,,,,,,,,,
BIOMD0000000627,species_11,0.023740125120482746,0.0,1.0,1000,0,0.0,0.0,0.0,0.0,0.0,0.0,0.0,0.0,0.0,0.8492609924968165
BIOMD0000000627,species_12,,,,0,1000,,,,,,,,,,
BIOMD0000000627,species_15,0.037697675651089196,0.0,1.0,1000,0,0.0,0.0,0.0,0.0,0.0,0.0,0.0,0.0,0.0,0.9921611414875712
BIOMD0000000627,species_18,0.021165324269225228,0.0,1.0,1000,0,0.0,0.0,0.0,0.0,0.0,0.0,0.0,0.0,0.0,0.9547697195244778
BIOMD0000000627,species_16,0.0024168126718731343,0.0,1.0,1000,0,0.0,0.0,0.0,0.0,0.0,0.0,0.0,0.0,0.0,0.0
BIOMD0000000627,species_21,0.03728077740364208,0.0,1.0,1000,0,0.0,0.0,0.0,0.0,0.0,0.0,0.0,0.0,0.0,0.9957946961573034
BIOMD0000000627,Na__neurons,0.0018058448082115771,0.0,1.0,1000,0,0.0,0.0,0.0,0.0,0.0,0.0,0.0,0.0,0.0,0.0
BIOMD0000000627,GLU_neurons,0.002838367367991051,0.0,1.0,1000,0,0.0,0.0,0.0,0.0,0.0,0.0,0.0,0.0,0.0,0.0
BIOMD0000000627,ADP_neurons,0.014078642289163099,0.0,1.0,1000,0,0.0,0.0,0.0,0.0,0.0,0.0,0.0,0.0,0.0,0.7587853271630997
BIOMD0000000627,AMP_neurons,,,,0,1000,,,,,,,,,,
BIOMD0000000627,Cr_neurons,0.04643926645707753,0.0,1.0,1000,0,0.0,0.0,0.0,0.0,0.0,0.0,0.0,0.0,0.4393756356890688,0.9982979265993738
BIOMD0000000627,NAD_neurons,0.04103022278527605,0.0,1.0,1000,0,0.0,0.0,0.0,0.0,0.0,0.0,0.0,0.0,0.0,0.9878869478003933
BIOMD0000000627,G6L_neurons,,,,0,1000,,,,,,,,,,
BIOMD0000000627,P6G_neurons,,,,0,1000,,,,,,,,,,
BIOMD0000000627,Ru5P_neurons,,,,0,1000,,,,,,,,,,
BIOMD0000000627,X5P_neurons,0.11294234767099355,0.0,1.0,1000,0,0.0,0.0,0.0,0.0,0.0,0.0,0.0,0.9345945166515658,0.9596024036985258,0.9914431702013458
BIOMD0000000627,R5P_neurons,,,,0,1000,,,,,,,,,,
BIOMD0000000627,S7P_neurons,0.11229923556622919,0.0,1.0,1000,0,0.0,0.0,0.0,0.0,0.0,0.0,0.0,0.841238359249452,0.9751190867218842,0.9944345223481408
BIOMD0000000627,E4P_neurons,,,,0,1000,,,,,,,,,,
BIOMD0000000627,NADPH_neurons,0.9999999999992557,0.9999999999987078,0.999999999999997,1000,0,0.9999999999987171,0.9999999999987442,0.9999999999988538,0.999999999999056,0.9999999999993382,0.9999999999993388,0.9999999999993388,0.9999999999996311,0.9999999999998093,0.9999999999999597
BIOMD0000000627,NADP_neurons,,,,0,1000,,,,,,,,,,
BIOMD0000000627,species_4,0.04921572095770417,0.0,1.0,1000,0,0.0,0.0,0.0,0.0,0.0,0.0,0.0,0.0,0.5351934454236694,0.9953442256604811
BIOMD0000000627,species_5,0.005675694357475118,0.0,0.9999999999999999,1000,0,0.0,0.0,0.0,0.0,0.0,0.0,0.0,0.0,0.0,0.0
BIOMD0000000627,species_6,0.006982834548052092,0.0,1.0,1000,0,0.0,0.0,0.0,0.0,0.0,0.0,0.0,0.0,0.0,0.0255691652858864
BIOMD0000000627,species_8,0.006980348562993314,0.0,0.9999999999999999,1000,0,0.0,0.0,0.0,0.0,0.0,0.0,0.0,0.0,0.0,0.02779567150379605
BIOMD0000000627,species_10,,,,0,1000,,,,,,,,,,
BIOMD0000000627,species_13,0.03029713324202946,0.0,1.0,1000,0,0.0,0.0,0.0,0.0,0.0,0.0,0.0,0.0,0.0,0.8984944699280708
BIOMD0000000627,species_14,,,,0,1000,,,,,,,,,,
BIOMD0000000627,species_17,0.03827872145841891,0.0,1.0,1000,0,0.0,0.0,0.0,0.0,0.0,0.0,0.0,0.0,0.0,0.9734859216441749
BIOMD0000000627,species_19,0.024250366055859778,0.0,1.0,1000,0,0.0,0.0,0.0,0.0,0.0,0.0,0.0,0.0,0.0,0.8600295628284655
BIOMD0000000627,species_20,0.0037306655071797767,0.0,0.9999999999999999,1000,0,0.0,0.0,0.0,0.0,0.0,0.0,0.0,0.0,0.0,0.0
BIOMD0000000627,species_22,0.008949585617039003,0.0,1.0,1000,0,0.0,0.0,0.0,0.0,0.0,0.0,0.0,0.0,0.0,0.416534007824911
BIOMD0000000627,Na__astrocytes,0.012598913658887712,0.0,1.0,1000,0,0.0,0.0,0.0,0.0,0.0,0.0,0.0,0.0,0.0,0.7378452258246374
BIOMD0000000627,GLU_astrocytes,,,,0,1000,,,,,,,,,,
BIOMD0000000627,ADP_astrocytes,0.003838536822341817,0.0,1.0,1000,0,0.0,0.0,0.0,0.0,0.0,0.0,0.0,0.0,0.0,0.0
BIOMD0000000627,AMP_astrocytes,0.002841099294873425,0.0,1.0,1000,0,0.0,0.0,0.0,0.0,0.0,0.0,0.0,0.0,0.0,0.0
BIOMD0000000627,Cr_astrocytes,0.02101385652313299,0.0,1.0,1000,0,0.0,0.0,0.0,0.0,0.0,0.0,0.0,0.0,0.0,0.9523873778372075
BIOMD0000000627,NAD_astrocytes,0.037897691691528235,0.0,1.0,1000,0,0.0,0.0,0.0,0.0,0.0,0.0,0.0,0.0,0.0,0.9637104946840372
BIOMD0000000627,G6L_astrocytes,,,,0,1000,,,,,,,,,,
BIOMD0000000627,P6G_astrocytes,,,,0,1000,,,,,,,,,,
BIOMD0000000627,Ru5P_astrocytes,,,,0,1000,,,,,,,,,,
BIOMD0000000627,X5P_astrocytes,0.05882967821287169,0.0,1.0,1000,0,0.0,0.0,0.0,0.0,0.0,0.0,0.0,0.0,0.8819862312660189,0.9869052059981887
BIOMD0000000627,R5P_astrocytes,,,,0,1000,,,,,,,,,,
BIOMD0000000627,S7P_astrocytes,0.07262947510579955,0.0,1.0,1000,0,0.0,0.0,0.0,0.0,0.0,0.0,0.0,0.0,0.9016790031490214,0.9836648847394213
BIOMD0000000627,E4P_astrocytes,,,,0,1000,,,,,,,,,,
BIOMD0000000627,NADP_astrocytes,,,,0,1000,,,,,,,,,,
BIOMD0000000627,NADPH_astrocytes,0.9999999993639094,0.9999999990538009,0.9999999999993033,1000,0,0.9999999990593568,0.9999999990751886,0.9999999991339797,0.9999999991736894,0.9999999992181611,0.9999999994358961,0.9999999994358961,0.9999999995187605,0.9999999997237593,0.9999999999424344
BIOMD0000000627,species_27,0.049387570682628695,0.0,1.0,1000,0,0.0,0.0,0.0,0.0,0.0,0.0,0.0,0.0,0.5472028917170414,0.9952553847854277
BIOMD0000000627,species_28,0.03630436966072958,0.0,1.0,1000,0,0.0,0.0,0.0,0.0,0.0,0.0,0.0,0.0,0.0,0.9236153849571525
BIOMD0000000627,GLU_extracellular_space,0.0,0.0,0.0,105,895,0.0,0.0,0.0,0.0,0.0,0.0,0.0,0.0,0.0,0.0
BIOMD0000000627,venous_balloon,0.011219570435669417,0.0,1.0,1000,0,0.0,0.0,0.0,0.0,0.0,0.0,0.0,0.0,0.0,0.7657326350402383
BIOMD0000000644,model,0.6960675338975095,0.1,0.9975185159545669,3,1,0.1890684085737962,0.2781368171475924,0.45627363429518486,0.545342042868981,0.6344104514427771,0.990684085737962,0.9947847438679249,0.9961516299112458,0.9968350729329064,0.9973818273502347
BIOMD0000000644,A46,0.9970391342996104,0.9779625392894542,1.0,1000,0,0.9948458303116504,0.9975185159545669,0.9975185374622086,0.9975185429377094,0.9975185464610608,0.9975185531879956,0.997518586004134,0.9975433791028394,0.997953504085847,0.9994620744512487
BIOMD0000000644,A88,0.5,0.0,1.0,2,998,0.05,0.1,0.2,0.25,0.3,0.5,0.8,0.9,0.95,0.99
BIOMD0000000644,M,0.9907222787110307,0.9906836323926398,0.9933701640329661,999,1,0.9906838409517662,0.990684085737962,0.9906842598230939,0.9906842888177475,0.9906842898155978,0.9906842931000147,0.9906848617570672,0.9907083649250168,0.9909682979117106,0.9914104230597856
BIOMD0000000644,PKA,,,,0,1000,,,,,,,,,,
BIOMD0000000646,model,0.0,0.0,0.0,11,0,0.0,0.0,0.0,0.0,0.0,0.0,0.0,0.0,0.0,0.0
BIOMD0000000646,CycE,0.01079556370564196,0.0,0.950735742713654,996,4,0.0,0.0,0.0,0.0,0.0,0.0,0.0,0.0,0.0,0.49691446247763277
BIOMD0000000646,CycA,0.0,0.0,0.0,711,289,0.0,0.0,0.0,0.0,0.0,0.0,0.0,0.0,0.0,0.0
BIOMD0000000646,CycEp27,0.03850639937871838,0.0,0.9547898796675712,408,592,0.0,0.0,0.0,0.0,0.0,0.0,0.0,0.0,0.26493765895022753,0.8804107523234057
BIOMD0000000646,CycAp27,0.0,0.0,0.0,79,921,0.0,0.0,0.0,0.0,0.0,0.0,0.0,0.0,0.0,0.0
BIOMD0000000646,Skp2,0.013695611201172542,0.0,0.9918028522327338,996,4,0.0,0.0,0.0,0.0,0.0,0.0,0.0,0.0,0.0,0.7045008965742028
BIOMD0000000646,Cdh1p,0.010600318186417218,0.0,0.9519487916880119,992,8,0.0,0.0,0.0,0.0,0.0,0.0,0.0,0.0,0.0,0.4011184511178326
BIOMD0000000646,Emi1,0.0,0.0,0.0,825,175,0.0,0.0,0.0,0.0,0.0,0.0,0.0,0.0,0.0,0.0
BIOMD0000000646,p27,0.0958172622685524,0.0,0.9939414775933664,344,656,0.0,0.0,0.0,0.0,0.0,0.0,0.0,0.6258961895772377,0.7431977496937521,0.8927046406921494
BIOMD0000000646,Cdh1,0.1833175990446046,0.0,1.0,527,473,0.0,0.0,0.0,0.0,0.0,0.0,0.40171928382462646,0.9243564243399939,0.9919326852240798,0.9967142702289797
BIOMD0000000646,Emi1Cdh1,0.0356364773352093,0.0,0.9917443182266452,995,5,0.0,0.0,0.0,0.0,0.0,0.0,0.0,0.0,0.3183555341803671,0.8797613174234855
BIOMD0000000646,Emi1Cdh1p,0.0005568410091419215,0.0,0.3273404776385376,950,50,0.0,0.0,0.0,0.0,0.0,0.0,0.0,0.0,0.0,0.0
BIOMD0000000647,model,0.7654927879944421,0.0,0.9970441510511683,11,0,0.1656326582287674,0.3312653164575348,0.7715743120341813,0.8096438865005162,0.8477134609668511,0.8747557222800834,0.9340316780300943,0.9799868033191371,0.9885154771851528,0.9953384162779652
BIOMD0000000647,Raf1,0.8718213865641282,0.7479956671813639,1.0,1000,0,0.7545521591155676,0.7715743120341813,0.8186998612351049,0.8412486077132864,0.8601796560639944,0.8979086845201265,0.9106361317194154,0.9122614089654323,0.9129563152374937,0.9891056793272144
BIOMD0000000647,RKIP,0.9409772709926919,0.928947603858485,1.0,1000,0,0.930396463115878,0.9308715820354908,0.9326627491327132,0.9338150050619737,0.9350410571717492,0.9401964552296389,0.946878930118927,0.9479861849781195,0.9481703483761663,0.9925835799126133
BIOMD0000000647,Raf1_RKIP,0.403862741799912,0.0,0.9791100645605979,999,1,0.0,0.0,0.0,0.11555756260645766,0.23780500503136254,0.5216024828064929,0.6272097389475455,0.6364436848659918,0.6394032968978831,0.93322387707582
BIOMD0000000647,Raf1_RKIP_ERKPP,0.9156118659735434,0.8381199174497529,0.937131058683862,998,2,0.8708064146306336,0.8747557222800834,0.8867130257970702,0.8941957463653637,0.9028022434071142,0.9276022363104399,0.9368737560529738,0.9371002644602276,0.9371231920942564,0.9371307172335599
BIOMD0000000647,ERK,0.954006604288665,0.9318843616206889,0.9957751461156583,969,31,0.9324462462081881,0.9340316780300943,0.9395106616283146,0.9428449909659229,0.9462116639833035,0.9575615699274329,0.9654717632714753,0.966626510412581,0.9670533916391781,0.9833083147578078
BIOMD0000000647,RKIPP,0.8983684675920555,0.8433126547560099,0.9257407133905569,963,37,0.8445765282017137,0.8477134609668511,0.8559469065931481,0.8692029079707688,0.8822762943339577,0.9146337898265879,0.9251858864254225,0.9256595928504203,0.9257306624634051,0.9257404360969239
BIOMD0000000647,MEKPP,0.9858099900628389,0.9797016611124679,1.0,1000,0,0.9797733405397364,0.9799868033191371,0.9807781746870285,0.9813304008195054,0.9819530985980627,0.9848017128127049,0.9885995027035714,0.995175864883453,0.9986368121457301,0.9999103949604297
BIOMD0000000647,MEKPP_ERK,0.9344675481114091,0.8842055183724613,0.9692156049036728,970,30,0.9034921186266683,0.9044789841746081,0.9080382917843334,0.9099481113011695,0.9114026895380715,0.9356660845167147,0.960468403083092,0.965385946100413,0.9674169124842047,0.9688727372527265
BIOMD0000000647,ERKPP,0.4598395491616778,0.3095823574531473,1.0,1000,0,0.32049547181353,0.3312653164575348,0.35215550602072343,0.36212028362248494,0.37162014253254555,0.40226710947807404,0.5168541472159587,0.738062055175299,0.8845610101463453,0.9904356572739367
BIOMD0000000647,RP,0.9981539734622574,0.9968906571800255,1.0,1000,0,0.9969310962875672,0.9970441510511683,0.9974170072635095,0.9976324585157995,0.9978415219976198,0.9984019340719895,0.998611881275852,0.998623662294286,0.9990027801435499,0.9999130664473562
BIOMD0000000647,RKIPP_RP,0.8984838854386649,0.8440189076376463,0.9270657876765552,969,31,0.8452664013016685,0.8486986575897153,0.8605799845265245,0.8694374870685753,0.8798320262294417,0.9128961479866501,0.9261816025641108,0.9268834644955262,0.9270179369593491,0.9270616676786553
BIOMD0000000648,model,0.2605951582730408,0.0,1.0,43,10,0.0,0.0,0.0,0.0,0.0,0.0,0.999981642902377,1.0,1.0,1.0
BIOMD0000000648,APC,0.02861564214469221,0.0,1.0,1000,0,0.0,0.0,0.0,0.0,0.0,0.0,0.0,0.0,0.11165293090184163,0.8223337191251182
BIOMD0000000648,APCAxin,,,,0,1000,,,,,,,,,,
BIOMD0000000648,APCAxinGSK3B,,,,0,1000,,,,,,,,,,
BIOMD0000000648,APCBCatenin,0.0015240732576486079,0.0,1.0,1000,0,0.0,0.0,0.0,0.0,0.0,0.0,0.0,0.0,0.0,0.0
BIOMD0000000648,Akt,0.9999998944911551,0.9999937502792301,1.0,1000,0,0.9999997930920493,0.9999999951394786,0.9999999999947838,0.9999999999950713,0.9999999999953548,0.9999999999965068,0.9999999999979723,0.9999999999983542,0.999999999998623,0.9999999999995446
BIOMD0000000648,Axin,,,,0,1000,,,,,,,,,,
BIOMD0000000648,BCatenin,0.01536573064076324,0.0,1.0,1000,0,0.0,0.0,0.0,0.0,0.0,0.0,0.0,0.0,0.0,0.7267177961719328
BIOMD0000000648,BRaf,0.017840640501033456,0.0,1.0,1000,0,0.0,0.0,0.0,0.0,0.0,0.0,0.0,0.0,0.0,0.7798859746620235
BIOMD0000000648,C3G,0.04624842646849727,0.0,1.0,1000,0,0.0,0.0,0.0,0.0,0.0,0.0,0.0,0.0,0.4807167944317096,0.9485519404139267
BIOMD0000000648,Dsha,,,,0,1000,,,,,,,,,,
BIOMD0000000648,Dshi,1.0,1.0,1.0,1000,0,1.0,1.0,1.0,1.0,1.0,1.0,1.0,1.0,1.0,1.0
BIOMD0000000648,EGF,0.2863580907796581,0.0,1.0,10,990,0.0,0.0,0.0,0.0,0.0,0.0,0.919760800693848,0.9566558883151256,0.9783279441575627,0.9956655888315126
BIOMD0000000648,ERK,0.010007436583087106,0.0,1.0,1000,0,0.0,0.0,0.0,0.0,0.0,0.0,0.0,0.0,0.0,0.49931652009428207
BIOMD0000000648,GSK3B,0.0045330641099184735,0.0,1.0,1000,0,0.0,0.0,0.0,0.0,0.0,0.0,0.0,0.0,0.0,0.0
BIOMD0000000648,MEK,0.02461946475804046,0.0,1.0,1000,0,0.0,0.0,0.0,0.0,0.0,0.0,0.0,0.0,0.0,0.8913521216528263
BIOMD0000000648,P90Rsk,0.9999879584487833,0.9999453765656963,1.0,1000,0,0.9999483062744347,0.9999556606412613,0.9999741485273839,0.9999816148942708,0.999987348857022,0.9999975574565494,0.9999997430130252,0.9999998329546402,0.9999998534164302,0.999999863151142
BIOMD0000000648,PI3K,0.0075556909502065995,0.0,1.0,1000,0,0.0,0.0,0.0,0.0,0.0,0.0,0.0,0.0,0.0,0.024812592412803987
BIOMD0000000648,PIP2,0.9999999333224217,0.9999960484539859,1.0,1000,0,0.9999998705712668,0.9999999969595279,0.999999999996704,0.9999999999968857,0.9999999999970651,0.9999999999977937,0.9999999999987198,0.9999999999989624,0.9999999999991291,0.9999999999997229
BIOMD0000000648,PIP3,,,,0,1000,,,,,,,,,,
BIOMD0000000648,PKCD,0.0,0.0,0.0,995,5,0.0,0.0,0.0,0.0,0.0,0.0,0.0,0.0,0.0,0.0
BIOMD0000000648,PP2A,1.0,1.0,1.0,1000,0,1.0,1.0,1.0,1.0,1.0,1.0,1.0,1.0,1.0,1.0
BIOMD0000000648,PTEN,1.0,1.0,1.0,1000,0,1.0,1.0,1.0,1.0,1.0,1.0,1.0,1.0,1.0,1.0
BIOMD0000000648,RKIP,0.005516216965993678,0.0,1.0,395,605,0.0,0.0,0.0,0.0,0.0,0.0,0.0,0.0,0.0,0.0
BIOMD0000000648,Raf1,0.9999989411947815,0.9999638870925838,1.0,1000,0,0.9999989274227112,0.9999989644097874,0.9999990332818093,0.9999990662114144,0.9999990980878491,0.9999992641166342,0.9999997973307487,0.9999999197223581,0.9999999541184176,0.9999999682206061
BIOMD0000000648,RafPPtase,1.0,1.0,1.0,1000,0,1.0,1.0,1.0,1.0,1.0,1.0,1.0,1.0,1.0,1.0
BIOMD0000000648,Rap1,0.01092934871016108,0.0,1.0,1000,0,0.0,0.0,0.0,0.0,0.0,0.0,0.0,0.0,0.0,0.5517281109132978
BIOMD0000000648,Rap1Gap,1.0,1.0,1.0,1000,0,1.0,1.0,1.0,1.0,1.0,1.0,1.0,1.0,1.0,1.0
BIOMD0000000648,Ras,0.636201848675155,0.0,1.0,1000,0,0.0,0.0,0.3040267153562905,0.5192325848687304,0.696337438910741,0.7363151304349947,0.8930266847214878,0.9544259279392725,0.9822749248825435,0.9985818581315847
BIOMD0000000648,RasGap,1.0,1.0,1.0,1000,0,1.0,1.0,1.0,1.0,1.0,1.0,1.0,1.0,1.0,1.0
BIOMD0000000648,SOS,0.6782199622234473,0.3564457315406675,1.0,1000,0,0.3886234078245057,0.42080108213629247,0.48515642402911036,0.5173340917376985,0.5495117581750707,0.6782224710174027,0.8712890497645023,0.9356445553638845,0.9678222701323275,0.9935641739894845
BIOMD0000000648,TCF,0.002322764101439792,0.0,1.0,1000,0,0.0,0.0,0.0,0.0,0.0,0.0,0.0,0.0,0.0,0.0
BIOMD0000000648,TCFBCatenin,0.0030558658924179152,0.0,1.0,1000,0,0.0,0.0,0.0,0.0,0.0,0.0,0.0,0.0,0.0,0.0
BIOMD0000000648,X,0.0013997719427940628,0.0,1.0,1000,0,0.0,0.0,0.0,0.0,0.0,0.0,0.0,0.0,0.0,0.0
BIOMD0000000648,bEGFR,0.0,0.0,0.0,10,990,0.0,0.0,0.0,0.0,0.0,0.0,0.0,0.0,0.0,0.0
BIOMD0000000648,fEGFR,0.001004327070355649,0.0,1.0,1000,0,0.0,0.0,0.0,0.0,0.0,0.0,0.0,0.0,0.0,0.0
BIOMD0000000648,pAPCpAxinGSK3B,0.8601979373032118,0.7805885169001532,1.0,1000,0,0.7816962871946855,0.7848361064544069,0.7966934942252967,0.8049752233016947,0.814207395013129,0.8568618509735557,0.9179244084448452,0.9352427809308933,0.9488247401949541,0.9986850519445069
BIOMD0000000648,pAPCpAxinGSK3BBCatenin,,,,0,1000,,,,,,,,,,
BIOMD0000000648,pAPCpAxinGSK3BpBCatenin,,,,0,1000,,,,,,,,,,
BIOMD0000000648,pAkt,,,,0,1000,,,,,,,,,,
BIOMD0000000648,pBCatenin,0.0010788743111444993,0.0,0.9999999999999999,1000,0,0.0,0.0,0.0,0.0,0.0,0.0,0.0,0.0,0.0,0.0
BIOMD0000000648,pBRaf,0.0,0.0,0.0,65,935,0.0,0.0,0.0,0.0,0.0,0.0,0.0,0.0,0.0,0.0
BIOMD0000000648,pC3G,0.0,0.0,0.0,7,993,0.0,0.0,0.0,0.0,0.0,0.0,0.0,0.0,0.0,0.0
BIOMD0000000648,pERK,0.0,0.0,0.0,996,4,0.0,0.0,0.0,0.0,0.0,0.0,0.0,0.0,0.0,0.0
BIOMD0000000648,pGSK3B,0.001,0.0,1.0,1000,0,0.0,0.0,0.0,0.0,0.0,0.0,0.0,0.0,0.0,0.0
BIOMD0000000648,pMEK,0.0,0.0,0.0,380,620,0.0,0.0,0.0,0.0,0.0,0.0,0.0,0.0,0.0,0.0
BIOMD0000000648,pP90Rsk,,,,0,1000,,,,,,,,,,
BIOMD0000000648,pPI3K,0.029630053166732687,0.0,0.9789172612718787,100,900,0.0,0.0,0.0,0.0,0.0,0.0,0.0,0.0,0.0,0.8456515932393098
BIOMD0000000648,pRKIP,0.002906976744186046,0.0,0.9999999999999999,344,656,0.0,0.0,0.0,0.0,0.0,0.0,0.0,0.0,0.0,0.0
BIOMD0000000648,pRaf1,,,,0,1000,,,,,,,,,,
BIOMD0000000648,pRap1,0.0,0.0,0.0,40,960,0.0,0.0,0.0,0.0,0.0,0.0,0.0,0.0,0.0,0.0
BIOMD0000000648,pRas,0.0,0.0,0.0,6,994,0.0,0.0,0.0,0.0,0.0,0.0,0.0,0.0,0.0,0.0
BIOMD0000000648,pSOS,0.0,0.0,0.0,5,995,0.0,0.0,0.0,0.0,0.0,0.0,0.0,0.0,0.0,0.0
BIOMD0000000648,null,0.001070995025907516,0.0,1.0,1000,0,0.0,0.0,0.0,0.0,0.0,0.0,0.0,0.0,0.0,0.0
BIOMD0000000650,model,0.0,0.0,0.0,3,0,0.0,0.0,0.0,0.0,0.0,0.0,0.0,0.0,0.0,0.0
BIOMD0000000650,l,0.1505956227124163,0.0,1.0,1000,0,0.0,0.0,0.0,0.0,0.0,0.0,0.1398546182269331,0.8198045504058428,0.8968134656525463,0.9784434142086412
BIOMD0000000650,m,0.26250372449364484,0.0,0.9999999999999999,423,577,0.0,0.0,0.0,0.0,0.0,0.0,0.8317175869080757,0.930550763117699,0.9662422114210848,0.9944975615742352
BIOMD0000000650,n,0.18127939887052014,0.0,1.0,1000,0,0.0,0.0,0.0,0.0,0.0,0.0,0.40649096110570293,0.8514735728737427,0.9369964791879771,0.9889145442457526
BIOMD0000000651,model,0.0,0.0,0.0,25,4,0.0,0.0,0.0,0.0,0.0,0.0,0.0,0.0,0.0,0.0
BIOMD0000000651,IRS,0.46403811450733085,0.0,1.0,5,995,0.0,0.0,0.0,0.0,0.13074499785783303,0.6537249892891652,0.7331724665979913,0.8665862332989956,0.9332931166494978,0.9866586233298995
BIOMD0000000651,aIRS,0.02415199582124063,0.0,0.9342050649811148,189,811,0.0,0.0,0.0,0.0,0.0,0.0,0.0,0.0,0.0,0.8377437602726817
BIOMD0000000651,iIRS,0.005563792427628673,0.0,0.9418775951700652,999,1,0.0,0.0,0.0,0.0,0.0,0.0,0.0,0.0,0.0,0.0
BIOMD0000000651,PI3K,0.002203895320439115,0.0,1.0,1000,0,0.0,0.0,0.0,0.0,0.0,0.0,0.0,0.0,0.0,0.0
BIOMD0000000651,aPI3K,0.007939027300096498,0.0,0.9633969059108195,999,1,0.0,0.0,0.0,0.0,0.0,0.0,0.0,0.0,0.0,0.19484778404730713
BIOMD0000000651,Akt,0.001918765970420686,0.0,1.0,1000,0,0.0,0.0,0.0,0.0,0.0,0.0,0.0,0.0,0.0,0.0
BIOMD0000000651,aAkt,0.003863482937216446,0.0,0.8188793900720777,999,1,0.0,0.0,0.0,0.0,0.0,0.0,0.0,0.0,0.0,0.0
BIOMD0000000651,mTORC1,0.001536049486552328,0.0,1.0,1000,0,0.0,0.0,0.0,0.0,0.0,0.0,0.0,0.0,0.0,0.0
BIOMD0000000651,amTORC1,0.0007110760902862555,0.0,0.49100668165358696,999,1,0.0,0.0,0.0,0.0,0.0,0.0,0.0,0.0,0.0,0.0
BIOMD0000000651,S6K,0.0035001239333719123,0.0,1.0,1000,0,0.0,0.0,0.0,0.0,0.0,0.0,0.0,0.0,0.0,0.0
BIOMD0000000651,aS6K,0.0015611192706868307,0.0,0.738672934468714,999,1,0.0,0.0,0.0,0.0,0.0,0.0,0.0,0.0,0.0,0.0
BIOMD0000000651,FOXO,0.0014577036830102288,0.0,1.0,1000,0,0.0,0.0,0.0,0.0,0.0,0.0,0.0,0.0,0.0,0.0
BIOMD0000000651,iFOXO,0.005172253793391479,0.0,0.9665824889488023,999,1,0.0,0.0,0.0,0.0,0.0,0.0,0.0,0.0,0.0,0.0
BIOMD0000000651,RTK,0.0012755102040816326,0.0,1.0,784,216,0.0,0.0,0.0,0.0,0.0,0.0,0.0,0.0,0.0,0.0
BIOMD0000000651,aRTK,0.0025762826382036497,0.0,0.894333615779241,999,1,0.0,0.0,0.0,0.0,0.0,0.0,0.0,0.0,0.0,0.0
BIOMD0000000651,iRTK,0.010129902432688905,0.0,0.989399366486541,999,1,0.0,0.0,0.0,0.0,0.0,0.0,0.0,0.0,0.0,0.5648518028525332
BIOMD0000000651,RasGDP,0.002201286936847177,0.0,0.9999999999999999,1000,0,0.0,0.0,0.0,0.0,0.0,0.0,0.0,0.0,0.0,0.0
BIOMD0000000651,RasGTP,0.007805721723201634,0.0,0.9596740257888086,999,1,0.0,0.0,0.0,0.0,0.0,0.0,0.0,0.0,0.0,0.010166115725053526
BIOMD0000000651,Raf,0.0025551288996001923,0.0,1.0,1000,0,0.0,0.0,0.0,0.0,0.0,0.0,0.0,0.0,0.0,0.0
BIOMD0000000651,aRaf,0.007088736936331753,0.0,0.9609037955188077,917,83,0.0,0.0,0.0,0.0,0.0,0.0,0.0,0.0,0.0,0.146998160998982
BIOMD0000000651,iRaf,0.006341212057504289,0.0,0.8886028247147892,999,1,0.0,0.0,0.0,0.0,0.0,0.0,0.0,0.0,0.0,0.20863277798878863
BIOMD0000000651,MEK,0.0025721358802014735,0.0,1.0,1000,0,0.0,0.0,0.0,0.0,0.0,0.0,0.0,0.0,0.0,0.0
BIOMD0000000651,aMEK,0.0004850368447179659,0.0,0.26988169690313446,999,1,0.0,0.0,0.0,0.0,0.0,0.0,0.0,0.0,0.0,0.0
BIOMD0000000651,ERK,0.001582652768248269,0.0,0.9999999999999999,1000,0,0.0,0.0,0.0,0.0,0.0,0.0,0.0,0.0,0.0,0.0
BIOMD0000000651,aERK,0.003634674573358098,0.0,0.9051936071083437,999,1,0.0,0.0,0.0,0.0,0.0,0.0,0.0,0.0,0.0,0.0
BIOMD0000000651,AktI,,,,0,1000,,,,,,,,,,
BIOMD0000000651,iAkt,,,,0,1000,,,,,,,,,,
BIOMD0000000651,MEKI,,,,0,1000,,,,,,,,,,
BIOMD0000000651,iMEK,,,,0,1000,,,,,,,,,,
BIOMD0000000657,model,0.0,0.0,0.0,3,0,0.0,0.0,0.0,0.0,0.0,0.0,0.0,0.0,0.0,0.0
BIOMD0000000657,Cdk1CycB,0.0046209313283222505,0.0,1.0,1000,0,0.0,0.0,0.0,0.0,0.0,0.0,0.0,0.0,0.0,0.0
BIOMD0000000657,APC,0.0,0.0,0.0,453,547,0.0,0.0,0.0,0.0,0.0,0.0,0.0,0.0,0.0,0.0
BIOMD0000000657,CycB,0.013683527842693732,0.0,1.0,1000,0,0.0,0.0,0.0,0.0,0.0,0.0,0.0,0.0,0.0,0.8519241916703566
BIOMD0000000658,model,0.0,0.0,0.0,9,6,0.0,0.0,0.0,0.0,0.0,0.0,0.0,0.0,0.0,0.0
BIOMD0000000658,Dsh_i,0.012755993587912913,0.0,1.0,1000,0,0.0,0.0,0.0,0.0,0.0,0.0,0.0,0.0,0.0,0.7537101233352418
BIOMD0000000658,Dsh_a,0.0007068150846658427,0.0,0.38874829656621346,550,450,0.0,0.0,0.0,0.0,0.0,0.0,0.0,0.0,0.0,0.0
BIOMD0000000658,APC__axin__GSK3,,,,0,1000,,,,,,,,,,
BIOMD0000000658,APC_axin_GSK3,,,,0,1000,,,,,,,,,,
BIOMD0000000658,GSK3,0.17073811084481305,0.0,1.0,1000,0,0.0,0.0,0.0,0.0,0.0,0.0,0.0,0.9886875879694063,0.9989551102099573,0.99982273163032
BIOMD0000000658,APC_axin,,,,0,1000,,,,,,,,,,
BIOMD0000000658,APC,0.13274546704677528,0.0,1.0,1000,0,0.0,0.0,0.0,0.0,0.0,0.0,0.0,0.9461272558904233,0.9869337200728,0.9961576254480944
BIOMD0000000658,B_catenin_APC__axin__GSK3,,,,0,1000,,,,,,,,,,
BIOMD0000000658,B_catenin__APC__axin__GSK3,,,,0,1000,,,,,,,,,,
BIOMD0000000658,B_catenin,0.013073238028738788,0.0,0.9999999999999999,1000,0,0.0,0.0,0.0,0.0,0.0,0.0,0.0,0.0,0.0,0.6409688439151427
BIOMD0000000658,B_catenin_0,0.049473068173346055,0.0,1.0,1000,0,0.0,0.0,0.0,0.0,0.0,0.0,0.0,0.0,0.6301649692732815,0.9454516683354062
BIOMD0000000658,Axin,,,,0,1000,,,,,,,,,,
BIOMD0000000658,TCF,0.0654432161805693,0.0,1.0,1000,0,0.0,0.0,0.0,0.0,0.0,0.0,0.0,0.0,0.8268973727009321,0.980612649830866
BIOMD0000000658,B_catenin_TCF,0.06354356698290568,0.0,1.0,1000,0,0.0,0.0,0.0,0.0,0.0,0.0,0.0,0.0,0.7989634277577158,0.9768303499882056
BIOMD0000000658,B_catenin_APC,0.03888052837871881,0.0,1.0,1000,0,0.0,0.0,0.0,0.0,0.0,0.0,0.0,0.0,0.3794921607030455,0.8415637269587312
BIOMD0000000660,model,0.13333333333333333,0.0,1.0,15,0,0.0,0.0,0.0,0.0,0.0,0.0,0.0,0.5999999999999996,1.0,1.0
BIOMD0000000660,MrnaP21,0.1709228593923366,0.0,1.0,1000,0,0.0,0.0,0.0,0.0,0.0,0.0,0.4238003566539548,0.8251886469797446,0.964716433285845,0.996720520636279
BIOMD0000000660,MrnaCy,1.0,1.0,1.0,1000,0,1.0,1.0,1.0,1.0,1.0,1.0,1.0,1.0,1.0,1.0
BIOMD0000000660,MrnaP53,1.0,1.0,1.0,1000,0,1.0,1.0,1.0,1.0,1.0,1.0,1.0,1.0,1.0,1.0
BIOMD0000000660,P21,0.37673149921855237,0.0,1.0,56,944,0.0,0.0,0.0,0.0,0.0,0.3301841686809498,0.7808677041436459,0.8913451611649603,0.9559486070478952,0.9990750152195625
BIOMD0000000660,Cy,0.32312483087543425,0.0,1.0,1000,0,0.0,0.0,0.0,0.0,0.0,0.30747862223824124,0.6686751698367751,0.9016525613076095,0.9524157385664785,0.9695265114836643
BIOMD0000000660,CyP21,0.15018820758520474,0.0,0.998458958179213,462,538,0.0,0.0,0.0,0.0,0.0,0.0,0.02844541393559115,0.8367468659874101,0.9314784766405456,0.9605249033520843
BIOMD0000000660,aPcna,0.004614393544684799,0.0,1.0,947,53,0.0,0.0,0.0,0.0,0.0,0.0,0.0,0.0,0.0,0.0
BIOMD0000000660,Rc,0.24114134480841984,0.0,1.0,577,423,0.0,0.0,0.0,0.0,0.0,0.0,0.7675254357708039,0.8834752329446082,0.9299879848373012,0.9923356213852415
BIOMD0000000660,pRc,0.020972464746968206,0.0,0.9895449177997657,484,516,0.0,0.0,0.0,0.0,0.0,0.0,0.0,0.0,0.0,0.7017074408756909
BIOMD0000000660,aRc,0.0,0.0,0.0,401,599,0.0,0.0,0.0,0.0,0.0,0.0,0.0,0.0,0.0,0.0
BIOMD0000000660,iRc,0.0,0.0,0.0,82,918,0.0,0.0,0.0,0.0,0.0,0.0,0.0,0.0,0.0,0.0
BIOMD0000000660,Dna,0.0,0.0,0.0,784,216,0.0,0.0,0.0,0.0,0.0,0.0,0.0,0.0,0.0,0.0
BIOMD0000000660,Dam,0.06498344324527268,0.0,0.9992990064544567,991,9,0.0,0.0,0.0,0.0,0.0,0.0,0.0,0.0,0.7224488863750073,0.9527997022418299
BIOMD0000000660,P53,0.08888306372618085,0.0,0.9987074834307368,999,1,0.0,0.0,0.0,0.0,0.0,0.0,0.0,0.36989872512266714,0.9212097284666391,0.9827292939821153
BIOMD0000000660,iPcna,0.08449547725316355,0.0,0.9942944910501745,737,263,0.0,0.0,0.0,0.0,0.0,0.0,0.0,0.39073446752232577,0.8222186351409774,0.9625866834894172
BIOMD0000000661,model,0.8905962400579749,0.7954980842453148,0.9498141909084886,7,0,0.8204377871942091,0.8453774901431034,0.8811100076015871,0.884829377891524,0.888548748181461,0.8985855757324264,0.9133558122392031,0.9291580738552894,0.9394861323818889,0.9477485792031687
BIOMD0000000661,T,0.9319235207986842,0.8704179179601034,0.9999999999999999,1000,0,0.8818369182367245,0.8910283283747523,0.9007481160486669,0.9050446065871538,0.9088895644503799,0.9289068055397571,0.9627841808112465,0.9741642169256423,0.9957658356953596,0.9988275246652661
BIOMD0000000661,LT,0.9555524881796066,0.8934241292594147,0.9999929378770588,999,1,0.9052112651252346,0.9153873291531565,0.9261487231635576,0.9301454454924071,0.9340711116191519,0.9546470360172089,0.9889441748546899,0.9972817119134341,0.998955027469704,0.9997481214705082
BIOMD0000000661,RT,0.9587113790801143,0.0,1.0,60,940,0.9002717867942865,0.9498141909084886,0.9680356338498834,0.9787529177739349,0.9882045915072984,0.9948080934632322,0.9994238059100874,0.9996839146920742,0.9998219408889361,0.9999242513089484
BIOMD0000000661,m,0.9487170059138926,0.8853784175903905,1.0,1000,0,0.8920019825561742,0.8985855757324264,0.9116303145851956,0.9180956930429305,0.9245277251347481,0.9498402679078308,0.9865967458712983,0.9981391810787246,0.999967486712711,0.9999957054322833
BIOMD0000000661,Lm,0.9310576638290307,0.8652986696775178,0.9999999999999999,1000,0,0.8719934688106854,0.8786304274082958,0.8920445276844208,0.8987900956617941,0.9053116130154049,0.9313509643865978,0.9677443818582143,0.9855983619355281,0.9947060617844949,0.9988624697080759
BIOMD0000000661,Rm,0.9536211080925299,0.0,1.0,60,940,0.8914720927687934,0.9052297445833898,0.9494494461919197,0.9704976504596207,0.973811326842792,0.9864072305752741,0.996379215570305,0.9982655030329344,0.9995957648871834,0.9998527021369431
BIOMD0000000661,SL,0.8441552869036499,0.0,0.9987435480516181,940,60,0.7468344174931271,0.7954980842453148,0.8075678846730723,0.8124436967282297,0.8194589796901686,0.8374189424032998,0.8832825498297608,0.9268109080592943,0.9578362311025654,0.9937505668955543
BIOMD0000000662,model,0.33310176909585554,0.0,0.9993053072875666,3,0,0.0,0.0,0.0,0.0,0.0,0.0,0.5995831843725401,0.7994442458300534,0.8993747765588098,0.9793192011418153
BIOMD0000000662,CML,0.9997316082353074,0.9942455608658031,1.0,1000,0,0.9990998104404849,0.9993053072875666,0.9993904335517093,0.9994322894074166,0.9995462038065164,0.9999276292404127,0.9999975136155198,0.9999993027508712,0.9999996733626457,0.99999985124651
BIOMD0000000662,T_cell_naive,0.6266665067213596,0.0,1.0,1000,0,0.0,0.0,0.0,0.13062619991603605,0.307842592596588,0.8629802067381643,0.9955123790610971,0.9989659464317998,0.9996229614121019,0.9999321173886481
BIOMD0000000662,T_cell_effector,0.3505797413440091,0.0,1.0,380,620,0.0,0.0,0.029830646189514053,0.056375826578623695,0.08972294436918095,0.2717095796002972,0.6773041325236917,0.8490933308331017,0.9353641017201086,0.9923766693685362
BIOMD0000000663,model,0.0,0.0,0.0,3,0,0.0,0.0,0.0,0.0,0.0,0.0,0.0,0.0,0.0,0.0
BIOMD0000000663,x,0.21293172092997506,0.0,1.0,794,206,0.0,0.0,0.0,0.0,0.0,0.042705882806388595,0.39660527009348984,0.6641980215452795,0.8260964105954773,0.962598541782802
BIOMD0000000663,y,0.2986231957109191,0.0,0.9998807922696947,978,22,0.0,0.0,0.0,0.0,0.0,0.0,0.7743205713441818,0.8706392748127978,0.9324718091390661,0.9852249168793229
BIOMD0000000663,v,0.3628608507208505,0.0,0.9999999999999999,1000,0,0.0,0.0,0.0,0.0,0.0,0.10118562241884171,0.8373325964055875,0.9384426073140657,0.9672855123412696,0.989818462208532
BIOMD0000000664,model,0.15786693595351045,0.0,0.9472016157210628,6,0,0.0,0.0,0.0,0.0,0.0,0.0,0.0,0.4736008078605314,0.7104012117907971,0.8998415349350097
BIOMD0000000664,FGFR,0.4418439123144141,0.0,0.9998865063238732,332,668,0.0,0.0,0.0,0.0,0.0,0.4017156828723331,0.9387830065952226,0.9709648815718991,0.98586218659778,0.9992878888284854
BIOMD0000000664,MSH,0.3600931317031383,0.0,0.9991967701886701,637,363,0.0,0.0,0.0,0.0,0.0,0.22978745860847616,0.905835334136314,0.9633864922202883,0.9813006470202592,0.9942518369370068
BIOMD0000000664,B_Raf,0.3927352746603537,0.0,0.9999325828732386,614,386,0.0,0.0,0.0,0.0,0.0,0.2726669681705345,0.9382196884694385,0.9699061682171378,0.9843076605444283,0.9987632725387567
BIOMD0000000664,MAPK,0.40189566784172515,0.0,0.9989146715991956,530,470,0.0,0.0,0.0,0.0,0.0,0.37167699120044223,0.885520392084551,0.9517680374896095,0.9785474552645449,0.995506859973513
BIOMD0000000664,C_Raf_inactive,0.9558977184294238,0.0,0.999987459557779,982,18,0.8971570054158089,0.9472016157210628,0.9636464124160425,0.971002316293844,0.9742709794980249,0.9823374483285272,0.9930719513753219,0.9965306894003458,0.997424620087151,0.9994006711166448
BIOMD0000000664,C_Raf,0.29292840045704416,0.0,0.9959682200638331,642,358,0.0,0.0,0.0,0.0,0.0,0.006832320641304679,0.7506748527540597,0.900393893283306,0.9469122684250287,0.9874612770570002
BIOMD0000000665,model,0.0,0.0,0.0,8,0,0.0,0.0,0.0,0.0,0.0,0.0,0.0,0.0,0.0,0.0
BIOMD0000000665,Rs_0,0.07295181334267116,0.0,1.0,1000,0,0.0,0.0,0.0,0.0,0.0,0.0,0.0,0.04757596394902856,0.8300491206694193,0.9753300481679286
BIOMD0000000665,Cs_0,0.026950263241331065,0.0,1.0,1000,0,0.0,0.0,0.0,0.0,0.0,0.0,0.0,0.0,0.2481363584339075,0.6076108658225228
BIOMD0000000665,Ri_0,0.16209120593140222,0.0,1.0,1000,0,0.0,0.0,0.0,0.0,0.0,0.0,0.27556830843151287,0.8690726542403057,0.9345196781936644,0.9885056444513107
BIOMD0000000665,Ci_0,0.056487799656146705,0.0,1.0,1000,0,0.0,0.0,0.0,0.0,0.0,0.0,0.0,0.0,0.6823333299187112,0.9605948409935817
BIOMD0000000665,Li_0,0.07235410748815638,0.0,0.9994750664907827,999,1,0.0,0.0,0.0,0.0,0.0,0.0,0.0,0.3406076469722173,0.6711088533033694,0.9149857376263589
BIOMD0000000665,Ld_0,0.09377915680779934,0.0,1.0,1000,0,0.0,0.0,0.0,0.0,0.0,0.0,0.0,0.5277032297622166,0.8638174859091725,0.9684847820278608
BIOMD0000000665,L_0,0.1192448820969947,0.0,1.0,1000,0,0.0,0.0,0.0,0.0,0.0,0.0,0.0,0.7712439129618113,0.9494310355241138,0.9790018378400047
BIOMD0000000665,Y_0,0.08937996239797928,0.0,1.0,1000,0,0.0,0.0,0.0,0.0,0.0,0.0,0.0,0.5509400878549076,0.7609371453224651,0.840207570974308
BIOMD0000000667,model,0.0,0.0,0.0,101,2,0.0,0.0,0.0,0.0,0.0,0.0,0.0,0.0,0.0,0.0
BIOMD0000000667,EGF,,,,0,1000,,,,,,,,,,
BIOMD0000000667,EGFR,0.001,0.0,1.0,1000,0,0.0,0.0,0.0,0.0,0.0,0.0,0.0,0.0,0.0,0.0
BIOMD0000000667,EGF_EGFR,1.331526859376891e-05,0.0,0.013301953325175142,999,1,0.0,0.0,0.0,0.0,0.0,0.0,0.0,0.0,0.0,0.0
BIOMD0000000667,_EGF_EGFR_2,3.188626962159992e-05,0.0,0.03185438335197832,999,1,0.0,0.0,0.0,0.0,0.0,0.0,0.0,0.0,0.0,0.0
BIOMD0000000667,_EGF_EGFR__2,0.0011155698742180862,0.0,0.7943154159636651,999,1,0.0,0.0,0.0,0.0,0.0,0.0,0.0,0.0,0.0,0.0
BIOMD0000000667,EGFRi,0.0005950356149507359,0.0,0.45229642075467424,999,1,0.0,0.0,0.0,0.0,0.0,0.0,0.0,0.0,0.0,0.0
BIOMD0000000667,_EGF_EGFR__2_GAP_Grb2_Prot,0.0019704171427784726,0.0,0.9457107047549073,999,1,0.0,0.0,0.0,0.0,0.0,0.0,0.0,0.0,0.0,0.0
BIOMD0000000667,_EGF_EGFRi__2,0.0,0.0,0.0,999,1,0.0,0.0,0.0,0.0,0.0,0.0,0.0,0.0,0.0,0.0
BIOMD0000000667,Proti,,,,0,1000,,,,,,,,,,
BIOMD0000000667,EGF_EGFRi,0.000908889755471118,0.0,0.907980865715647,999,1,0.0,0.0,0.0,0.0,0.0,0.0,0.0,0.0,0.0,0.0
BIOMD0000000667,_EGF_EGFRi_2,0.0,0.0,0.0,999,1,0.0,0.0,0.0,0.0,0.0,0.0,0.0,0.0,0.0,0.0
BIOMD0000000667,Prot,0.012084240166409672,0.0,1.0,1000,0,0.0,0.0,0.0,0.0,0.0,0.0,0.0,0.0,0.0,0.7967036193823736
BIOMD0000000667,EGFideg,0.0,0.0,0.0,987,13,0.0,0.0,0.0,0.0,0.0,0.0,0.0,0.0,0.0,0.0
BIOMD0000000667,GAP,0.006623613664036562,0.0,1.0,1000,0,0.0,0.0,0.0,0.0,0.0,0.0,0.0,0.0,0.0,0.0
BIOMD0000000667,_EGF_EGFR__2_GAP,0.0009230836285030415,0.0,0.7140163372611157,999,1,0.0,0.0,0.0,0.0,0.0,0.0,0.0,0.0,0.0,0.0
BIOMD0000000667,EGFi,0.0028533991887070387,0.0,0.8502882329387651,997,3,0.0,0.0,0.0,0.0,0.0,0.0,0.0,0.0,0.0,0.0
BIOMD0000000667,_EGF_EGFRi__2_GAP,0.0009362654796735551,0.0,0.9261145527262322,999,1,0.0,0.0,0.0,0.0,0.0,0.0,0.0,0.0,0.0,0.0
BIOMD0000000667,_EGF_EGFRi__2_GAP_Grb2,0.0,0.0,0.0,999,1,0.0,0.0,0.0,0.0,0.0,0.0,0.0,0.0,0.0,0.0
BIOMD0000000667,_EGF_EGFRi__2_GAP_Grb2_Sos,0.0009240111255021531,0.0,0.923087114376651,999,1,0.0,0.0,0.0,0.0,0.0,0.0,0.0,0.0,0.0,0.0
BIOMD0000000667,_EGF_EGFRi__2_GAP_Grb2_Sos_Ras_GDP,0.0,0.0,0.0,999,1,0.0,0.0,0.0,0.0,0.0,0.0,0.0,0.0,0.0,0.0
BIOMD0000000667,_EGF_EGFRi__2_GAP_Grb2_Sos_Ras_GTP,0.005373940689616833,0.0,0.8978450591601745,998,2,0.0,0.0,0.0,0.0,0.0,0.0,0.0,0.0,0.0,0.0
BIOMD0000000667,Grb2,0.0015081798860461398,0.0,1.0,1000,0,0.0,0.0,0.0,0.0,0.0,0.0,0.0,0.0,0.0,0.0
BIOMD0000000667,_EGF_EGFR__2_GAP_Grb2,0.0006395451238377137,0.0,0.638905578713876,999,1,0.0,0.0,0.0,0.0,0.0,0.0,0.0,0.0,0.0,0.0
BIOMD0000000667,Sos,0.0028783364472206225,0.0,1.0,1000,0,0.0,0.0,0.0,0.0,0.0,0.0,0.0,0.0,0.0,0.0
BIOMD0000000667,_EGF_EGFR__2_GAP_Grb2_Sos,0.0,0.0,0.0,999,1,0.0,0.0,0.0,0.0,0.0,0.0,0.0,0.0,0.0,0.0
BIOMD0000000667,Ras_GDP,0.005569139069748464,0.0,1.0,1000,0,0.0,0.0,0.0,0.0,0.0,0.0,0.0,0.0,0.0,0.0
BIOMD0000000667,_EGF_EGFR__2_GAP_Grb2_Sos_Ras_GDP,0.0,0.0,0.0,999,1,0.0,0.0,0.0,0.0,0.0,0.0,0.0,0.0,0.0,0.0
BIOMD0000000667,Ras_GTP,0.0006351102265987093,0.0,0.4645977992232587,999,1,0.0,0.0,0.0,0.0,0.0,0.0,0.0,0.0,0.0,0.0
BIOMD0000000667,_EGF_EGFR__2_GAP_Grb2_Sos_Ras_GTP,0.004180409836724155,0.0,0.9469065974728572,999,1,0.0,0.0,0.0,0.0,0.0,0.0,0.0,0.0,0.0,0.0
BIOMD0000000667,Grb2_Sos,0.003600687959787337,0.0,1.0,1000,0,0.0,0.0,0.0,0.0,0.0,0.0,0.0,0.0,0.0,0.0
BIOMD0000000667,Shc,0.0084501965191667,0.0,1.0,1000,0,0.0,0.0,0.0,0.0,0.0,0.0,0.0,0.0,0.0,0.04475958244052011
BIOMD0000000667,_EGF_EGFR__2_GAP_SHC,0.0008865602010781358,0.0,0.6702148013538607,999,1,0.0,0.0,0.0,0.0,0.0,0.0,0.0,0.0,0.0,0.0
BIOMD0000000667,_EGF_EGFR__2_GAP_SHC_0,0.0002612988340243775,0.0,0.2610375351903531,999,1,0.0,0.0,0.0,0.0,0.0,0.0,0.0,0.0,0.0,0.0
BIOMD0000000667,_EGF_EGFR__2_GAP_SHC__Grb2,0.0028704327651840156,0.0,0.8908544707108356,999,1,0.0,0.0,0.0,0.0,0.0,0.0,0.0,0.0,0.0,0.0
BIOMD0000000667,_EGF_EGFR__2_GAP_SHC__Grb2_Sos,0.00072165002236045,0.0,0.7003308682734173,999,1,0.0,0.0,0.0,0.0,0.0,0.0,0.0,0.0,0.0,0.0
BIOMD0000000667,_EGF_EGFR__2_GAP_SHC__Grb2_Sos_Ras_GDP,0.00121361708195071,0.0,0.9520314980009634,999,1,0.0,0.0,0.0,0.0,0.0,0.0,0.0,0.0,0.0,0.0
BIOMD0000000667,_EGF_EGFR__2_GAP_SHC__Grb2_Sos_Ras_GTP,9.792081805587288e-06,0.0,0.0097822897237817,999,1,0.0,0.0,0.0,0.0,0.0,0.0,0.0,0.0,0.0,0.0
BIOMD0000000667,Shc__Grb2_Sos,0.0004035632278098404,0.0,0.40315966458203056,999,1,0.0,0.0,0.0,0.0,0.0,0.0,0.0,0.0,0.0,0.0
BIOMD0000000667,Shc__Grb2,0.0,0.0,0.0,999,1,0.0,0.0,0.0,0.0,0.0,0.0,0.0,0.0,0.0,0.0
BIOMD0000000667,Shc_0,0.0009218231588640878,0.0,0.9209013357052237,999,1,0.0,0.0,0.0,0.0,0.0,0.0,0.0,0.0,0.0,0.0
BIOMD0000000667,Raf,0.005695671238403782,0.0,1.0,1000,0,0.0,0.0,0.0,0.0,0.0,0.0,0.0,0.0,0.0,0.0
BIOMD0000000667,Raf_Ras_GTP,0.001210629197090828,0.0,0.6491518783308968,999,1,0.0,0.0,0.0,0.0,0.0,0.0,0.0,0.0,0.0,0.0
BIOMD0000000667,Ras_GTP_,0.00113470804633925,0.0,0.4595131428720599,999,1,0.0,0.0,0.0,0.0,0.0,0.0,0.0,0.0,0.0,0.0
BIOMD0000000667,Phosphatase1,0.01737536227635786,0.0,1.0,1000,0,0.0,0.0,0.0,0.0,0.0,0.0,0.0,0.0,0.0,0.9697693375664145
BIOMD0000000667,Raf_0,0.0,0.0,0.0,999,1,0.0,0.0,0.0,0.0,0.0,0.0,0.0,0.0,0.0,0.0
BIOMD0000000667,Raf__phosphatase1,0.0,0.0,0.0,999,1,0.0,0.0,0.0,0.0,0.0,0.0,0.0,0.0,0.0,0.0
BIOMD0000000667,MEK,0.01322390415998276,0.0,1.0,1000,0,0.0,0.0,0.0,0.0,0.0,0.0,0.0,0.0,0.0,0.9331202386875919
BIOMD0000000667,MEK_Raf,0.0,0.0,0.0,999,1,0.0,0.0,0.0,0.0,0.0,0.0,0.0,0.0,0.0,0.0
BIOMD0000000667,MEK_P,0.0014178893303422875,0.0,0.9463753924784345,999,1,0.0,0.0,0.0,0.0,0.0,0.0,0.0,0.0,0.0,0.0
BIOMD0000000667,MEK_P_Raf,0.0,0.0,0.0,998,2,0.0,0.0,0.0,0.0,0.0,0.0,0.0,0.0,0.0,0.0
BIOMD0000000667,MEK_PP,0.0,0.0,0.0,997,3,0.0,0.0,0.0,0.0,0.0,0.0,0.0,0.0,0.0,0.0
BIOMD0000000667,MEK_PP_phosphatase2,0.0,0.0,0.0,997,3,0.0,0.0,0.0,0.0,0.0,0.0,0.0,0.0,0.0,0.0
BIOMD0000000667,phosphatse2,0.008246267324018085,0.0,1.0,1000,0,0.0,0.0,0.0,0.0,0.0,0.0,0.0,0.0,0.0,0.003729950709797394
BIOMD0000000667,MEK_P_phosphatase2,0.0,0.0,0.0,999,1,0.0,0.0,0.0,0.0,0.0,0.0,0.0,0.0,0.0,0.0
BIOMD0000000667,ERK,0.006608244557319986,0.0,1.0,1000,0,0.0,0.0,0.0,0.0,0.0,0.0,0.0,0.0,0.0,0.0
BIOMD0000000667,ERK_MEK_PP,0.0,0.0,0.0,998,2,0.0,0.0,0.0,0.0,0.0,0.0,0.0,0.0,0.0,0.0
BIOMD0000000667,ERK_P,0.0,0.0,0.0,998,2,0.0,0.0,0.0,0.0,0.0,0.0,0.0,0.0,0.0,0.0
BIOMD0000000667,ERK_P_MEKPP,0.0,0.0,0.0,994,6,0.0,0.0,0.0,0.0,0.0,0.0,0.0,0.0,0.0,0.0
BIOMD0000000667,ERK_PP,0.0,0.0,0.0,993,7,0.0,0.0,0.0,0.0,0.0,0.0,0.0,0.0,0.0,0.0
BIOMD0000000667,phosphatase3,0.004187061551712828,0.0,1.0,1000,0,0.0,0.0,0.0,0.0,0.0,0.0,0.0,0.0,0.0,0.0
BIOMD0000000667,ERK_PP_phosphatase3,0.0,0.0,0.0,995,5,0.0,0.0,0.0,0.0,0.0,0.0,0.0,0.0,0.0,0.0
BIOMD0000000667,ERK_P_phosphatase3,0.0,0.0,0.0,998,2,0.0,0.0,0.0,0.0,0.0,0.0,0.0,0.0,0.0,0.0
BIOMD0000000667,_EGF_EGFRi__2_GAP_SHC,0.0011031593846630365,0.0,0.7895871703807338,999,1,0.0,0.0,0.0,0.0,0.0,0.0,0.0,0.0,0.0,0.0
BIOMD0000000667,_EGF_EGFRi__2_GAP_SHC_0,0.0,0.0,0.0,999,1,0.0,0.0,0.0,0.0,0.0,0.0,0.0,0.0,0.0,0.0
BIOMD0000000667,_EGF_EGFRi__2_GAP_SHC__Grb2,0.0038469754866649695,0.0,0.9051991891882025,999,1,0.0,0.0,0.0,0.0,0.0,0.0,0.0,0.0,0.0,0.0
BIOMD0000000667,_EGF_EGFRi__2_GAP_SHC__Grb2_Sos,0.0007874872052355713,0.0,0.49538930293959127,999,1,0.0,0.0,0.0,0.0,0.0,0.0,0.0,0.0,0.0,0.0
BIOMD0000000667,_EGF_EGFRi__2_GAP_SHC__Grb2_Sos_Ras_GDP,0.0,0.0,0.0,999,1,0.0,0.0,0.0,0.0,0.0,0.0,0.0,0.0,0.0,0.0
BIOMD0000000667,_EGF_EGFRi__2_GAP_SHC__Grb2_Sos_Ras_GTP,0.0012923356922010592,0.0,0.9832856708771481,999,1,0.0,0.0,0.0,0.0,0.0,0.0,0.0,0.0,0.0,0.0
BIOMD0000000667,Ras_GTPi,0.0,0.0,0.0,999,1,0.0,0.0,0.0,0.0,0.0,0.0,0.0,0.0,0.0,0.0
BIOMD0000000667,Raf_Ras_GTPi,0.00024322575278199962,0.0,0.16093478697262065,999,1,0.0,0.0,0.0,0.0,0.0,0.0,0.0,0.0,0.0,0.0
BIOMD0000000667,Ras_GTPi_0,0.0041562434448606505,0.0,0.9912799910263549,999,1,0.0,0.0,0.0,0.0,0.0,0.0,0.0,0.0,0.0,0.0
BIOMD0000000667,Rafi,0.001536279236020608,0.0,0.8637407513790041,998,2,0.0,0.0,0.0,0.0,0.0,0.0,0.0,0.0,0.0,0.0
BIOMD0000000667,Rafi__phosphatase1,0.0,0.0,0.0,998,2,0.0,0.0,0.0,0.0,0.0,0.0,0.0,0.0,0.0,0.0
BIOMD0000000667,MEK_Rafi,0.0003124481224358249,0.0,0.31213567431338907,999,1,0.0,0.0,0.0,0.0,0.0,0.0,0.0,0.0,0.0,0.0
BIOMD0000000667,MEKi_P,0.0,0.0,0.0,999,1,0.0,0.0,0.0,0.0,0.0,0.0,0.0,0.0,0.0,0.0
BIOMD0000000667,MEK_P_Rafi,0.0,0.0,0.0,994,6,0.0,0.0,0.0,0.0,0.0,0.0,0.0,0.0,0.0,0.0
BIOMD0000000667,MEKi_PP,0.0,0.0,0.0,994,6,0.0,0.0,0.0,0.0,0.0,0.0,0.0,0.0,0.0,0.0
BIOMD0000000667,MEKi_PP_phosphatase2,0.0,0.0,0.0,993,7,0.0,0.0,0.0,0.0,0.0,0.0,0.0,0.0,0.0,0.0
BIOMD0000000667,MEKi_P_phosphatase2,0.0,0.0,0.0,998,2,0.0,0.0,0.0,0.0,0.0,0.0,0.0,0.0,0.0,0.0
BIOMD0000000667,ERKi_P,0.0,0.0,0.0,999,1,0.0,0.0,0.0,0.0,0.0,0.0,0.0,0.0,0.0,0.0
BIOMD0000000667,ERKi_P_MEKi_PP,0.0,0.0,0.0,986,14,0.0,0.0,0.0,0.0,0.0,0.0,0.0,0.0,0.0,0.0
BIOMD0000000667,ERKi_PP,0.0,0.0,0.0,985,15,0.0,0.0,0.0,0.0,0.0,0.0,0.0,0.0,0.0,0.0
BIOMD0000000667,ERKi_PP_phosphatase3,0.0,0.0,0.0,988,12,0.0,0.0,0.0,0.0,0.0,0.0,0.0,0.0,0.0,0.0
BIOMD0000000667,ERKi_P_phosphatase3,0.0,0.0,0.0,999,1,0.0,0.0,0.0,0.0,0.0,0.0,0.0,0.0,0.0,0.0
BIOMD0000000667,EGFRidag,0.0021078933073862016,0.0,0.8928136924453625,999,1,0.0,0.0,0.0,0.0,0.0,0.0,0.0,0.0,0.0,0.0
BIOMD0000000667,_EGF_EGFRi___2deg,0.0009785725703547975,0.0,0.9026415596734058,999,1,0.0,0.0,0.0,0.0,0.0,0.0,0.0,0.0,0.0,0.0
BIOMD0000000667,_EGF_EGFR__2_GAP_Grb2_Sos_Prot,0.00039667252178098744,0.0,0.39627584925920645,999,1,0.0,0.0,0.0,0.0,0.0,0.0,0.0,0.0,0.0,0.0
BIOMD0000000667,_EGF_EGFR__2_GAP_Grb2_Sos_Ras_GDP_Prot,0.0,0.0,0.0,999,1,0.0,0.0,0.0,0.0,0.0,0.0,0.0,0.0,0.0,0.0
BIOMD0000000667,_EGF_EGFR__2_GAP_Grb2_Sos_Ras_GTP_Prot,0.0,0.0,0.0,999,1,0.0,0.0,0.0,0.0,0.0,0.0,0.0,0.0,0.0,0.0
BIOMD0000000667,_EGF_EGFR__2_GAP_Grb2_Sos_ERK_PP,0.0,0.0,0.0,830,170,0.0,0.0,0.0,0.0,0.0,0.0,0.0,0.0,0.0,0.0
BIOMD0000000667,_EGF_EGFRi__2_GAP_Grb2_Sos_ERKi_PP,0.0,0.0,0.0,520,480,0.0,0.0,0.0,0.0,0.0,0.0,0.0,0.0,0.0,0.0
BIOMD0000000667,_EGF_EGFR__2_GAP_SHC__Grb2_Sos_ERK_PP,0.0,0.0,0.0,879,121,0.0,0.0,0.0,0.0,0.0,0.0,0.0,0.0,0.0,0.0
BIOMD0000000667,_EGF_EGFRi__2_GAP_SHC__Grb2_Sos_ERKi_PP,0.0,0.0,0.0,607,393,0.0,0.0,0.0,0.0,0.0,0.0,0.0,0.0,0.0,0.0
BIOMD0000000667,_EGF_EGFR__2_GAP_Grb2_Sos_deg,0.0,0.0,0.0,982,18,0.0,0.0,0.0,0.0,0.0,0.0,0.0,0.0,0.0,0.0
BIOMD0000000667,_EGF_EGFRi__2_GAP_Grb2_Sos_deg,0.0,0.0,0.0,974,26,0.0,0.0,0.0,0.0,0.0,0.0,0.0,0.0,0.0,0.0
BIOMD0000000667,Sos_ERK_PP,0.0,0.0,0.0,989,11,0.0,0.0,0.0,0.0,0.0,0.0,0.0,0.0,0.0,0.0
BIOMD0000000667,Sos_ERKi_PP,0.0,0.0,0.0,813,187,0.0,0.0,0.0,0.0,0.0,0.0,0.0,0.0,0.0,0.0
BIOMD0000000667,Sosi,0.0,0.0,0.0,983,17,0.0,0.0,0.0,0.0,0.0,0.0,0.0,0.0,0.0,0.0
BIOMD0000000667,ERKi_MEKi_PP_0,0.001,0.0,1.0,1000,0,0.0,0.0,0.0,0.0,0.0,0.0,0.0,0.0,0.0,0.0
BIOMD0000000667,_EGF_EGFR__2_GAP_SHC__Grb2_Prot_0,0.00212842716693806,0.0,1.0,1000,0,0.0,0.0,0.0,0.0,0.0,0.0,0.0,0.0,0.0,0.0
BIOMD0000000667,_EGF_EGFR__2_GAP_SHC__Grb2_Sos_Prot_0,0.0009999999999999998,0.0,0.9999999999999999,1000,0,0.0,0.0,0.0,0.0,0.0,0.0,0.0,0.0,0.0,0.0
BIOMD0000000667,_EGF_EGFR__2_GAP_SHC__Grb2_Sos_Ras_GDP_Prot_0,0.001,0.0,1.0,1000,0,0.0,0.0,0.0,0.0,0.0,0.0,0.0,0.0,0.0,0.0
BIOMD0000000667,_EGF_EGFR__2_GAP_SHC__Grb2_Sos_Ras_GTP_Prot_0,0.001340635793966221,0.0,1.0,1000,0,0.0,0.0,0.0,0.0,0.0,0.0,0.0,0.0,0.0,0.0
BIOMD0000000668,model,0.03418510098645992,0.0,0.06837020197291983,2,8,0.003418510098645992,0.006837020197291984,0.013674040394583968,0.01709255049322996,0.02051106059187595,0.03418510098645992,0.05469616157833587,0.06153318177562785,0.06495169187427384,0.06768649995319063
BIOMD0000000668,Sti_g1,,,,0,1000,,,,,,,,,,
BIOMD0000000668,Sti_g2,,,,0,1000,,,,,,,,,,
BIOMD0000000668,Sti_g3,,,,0,1000,,,,,,,,,,
BIOMD0000000668,Sti_g4,,,,0,1000,,,,,,,,,,
BIOMD0000000668,Sti_b1,,,,0,1000,,,,,,,,,,
BIOMD0000000668,Sti_b2,,,,0,1000,,,,,,,,,,
BIOMD0000000668,Sti_b3,,,,0,1000,,,,,,,,,,
BIOMD0000000668,Sti_b4,,,,0,1000,,,,,,,,,,
BIOMD0000000668,Ra,0.3509410753443001,0.0,1.0,1000,0,0.0,0.0,0.0,0.0,0.0,0.018046606935331944,0.8715144419927963,0.9682736566771764,0.9916691501427314,0.9994967529359334
BIOMD0000000668,Rd,0.2547938680571678,0.05633586598818063,1.0,1000,0,0.06198617569296504,0.06837020197291983,0.0838255252617384,0.09320385356258348,0.10394392840523951,0.16667303307703624,0.40450820308208496,0.5999458213774191,0.7589596274808169,0.9423963803674285
BIOMD0000000669,model,0.30355031898705354,0.0,0.7601735712903278,5,0,0.0,0.0,0.0,0.0,0.0,0.0,0.7580971331740175,0.7591353522321727,0.7596544617612503,0.7600697493845123
BIOMD0000000669,G1,0.4134354250851824,0.0,1.0,1000,0,0.0,0.0,0.0,0.0,0.0,0.22295871081894741,0.987223812463103,0.9925430380378577,0.9953810387143847,0.9995995369841282
BIOMD0000000669,S,0.6249513228124496,0.0,1.0,1000,0,0.0,0.0,0.07628658826818951,0.2808883366211352,0.44179292984962204,0.7917658287031525,0.9722591112102976,0.9941359165333146,0.997389516723503,0.999485967105193
BIOMD0000000669,G2,0.3297334617500885,0.0,1.0,1000,0,0.0,0.0,0.0,0.0,0.0,0.0,0.9262054328781817,0.9847180141834598,0.9907718544915549,0.9980008544789586
BIOMD0000000669,R_apo,0.9258900767709247,0.6213616610459731,1.0,1000,0,0.6972157135543152,0.7601735712903278,0.8534232873190966,0.8866090619956695,0.9130341570718441,0.9746783109299899,0.9986186938535789,0.9990852543252152,0.9997433219207024,0.9999963808799104
BIOMD0000000669,R_other,0.920883279485279,0.6254275325398042,0.9999999999999999,1000,0,0.6975217169346274,0.75757802364494,0.8471620216862703,0.879362264402469,0.9052067096415602,0.966981799246001,0.9945701263313884,0.99679108083969,0.9984623671456062,0.9997153479929947
BIOMD0000000670,model,0.9431194385842163,0.9209328334634573,0.978559644375712,3,0,0.9218261339084596,0.9227194343534618,0.9245060352434662,0.9253993356884684,0.9262926361334707,0.9298658379134795,0.959082121790819,0.9688208830832655,0.9736902637294887,0.9775857682464674
BIOMD0000000670,l,0.9535271226026483,0.7293565652829301,1.0,1000,0,0.9238067550183364,0.9298658379134795,0.9330873835754706,0.9358436635333465,0.9373426502517345,0.9492935903882579,0.9781818740752309,0.9889925261991017,0.994611191838707,0.9988380910160557
BIOMD0000000670,n,0.9650287769650929,0.9178035821204092,1.0,1000,0,0.9185842396307203,0.9209328334634573,0.9299967665886604,0.9364972389798322,0.9441933930117196,0.9798283596501094,0.9904494582082747,0.9954204119854734,0.9980217277557136,0.9995172976702271
BIOMD0000000670,m,0.9889341534100854,0.9728819872053643,1.0,1000,0,0.9747699558142814,0.978559644375712,0.9845308850727124,0.98485184546446,0.9853629526781554,0.9889610312233692,0.9958323608025269,0.9978833891548303,0.9989360126382943,0.999809735159728
BIOMD0000000671,model,0.9296711526904674,0.8807904946386014,0.9791680477274257,7,0,0.8863852375547444,0.8919799804708876,0.9048104818836252,0.9128667481704458,0.9209230144572662,0.9374162943183822,0.9452217258364275,0.9599709977658035,0.9695695227466146,0.9772483427312635
BIOMD0000000671,V_exp,0.9890545697534167,0.976603165345725,0.9999999999999999,1000,0,0.9778568386343272,0.9791680477274257,0.9819087167033941,0.9833055210845949,0.9846958751018671,0.9898482421355685,0.9957077670960451,0.9976183295503579,0.9987274172468293,0.999729452102803
BIOMD0000000671,V_mend,0.9773273222288743,0.913931103655088,1.0,1000,0,0.9265719402635383,0.9374167713499155,0.9549571242199064,0.9621280570874775,0.9684511358716562,0.9868920016496032,0.9987727548893841,0.9996919117052884,0.9998279160579503,0.9999471559149585
BIOMD0000000671,V_log,0.9742032152485968,0.8950799855355168,1.0,1000,0,0.9122514171970987,0.9262938586484798,0.947906768865513,0.9564797633356763,0.9639949702318797,0.98625193547487,0.9997113660688494,0.9999477475828117,0.9999707540700823,0.9999937726485072
BIOMD0000000671,V_lin,0.9774839590961962,0.911077729187274,1.0,1000,0,0.9254201078669139,0.9374162943183822,0.9560376621153939,0.9633193650458404,0.9695710142080726,0.9870990550856953,0.9986500717739126,0.9996605238042902,0.9998326650824343,0.9999547227784163
BIOMD0000000671,V_surf,0.9815899842056441,0.9257421022240768,1.0,1000,0,0.9372786529902017,0.9471729644580554,0.9630741333703938,0.9694735495931672,0.975025558245509,0.9904195842348255,0.9992054274942709,0.999802577020466,0.9998895286613138,0.9999669162940569
BIOMD0000000671,V_gomp,0.9550637933479638,0.8188706631547759,1.0,1000,0,0.8536673915058142,0.8807904946386014,0.9185813512083573,0.9318152070721555,0.9425234292070577,0.9709389785207851,0.9951711112190246,0.9986775452564735,0.999466103638233,0.9998872190667951
BIOMD0000000671,V_bert,0.9633967558464119,0.8601230274972751,1.0,1000,0,0.8814508075084055,0.8994396376924116,0.9279300145750888,0.9393922879935177,0.9494353289116636,0.9785914674559126,0.997823274682539,0.9994291641037062,0.9996688880269401,0.9998931403638055
BIOMD0000000672,model,0.0,0.0,0.0,2,0,0.0,0.0,0.0,0.0,0.0,0.0,0.0,0.0,0.0,0.0
BIOMD0000000672,H1,0.22183098943346824,0.0,1.0,261,739,0.0,0.0,0.0933268201753844,0.11035355788176271,0.1293279689870569,0.19767215039040664,0.3265339921189283,0.35568025283354765,0.4850916635298398,0.8922225768201477
BIOMD0000000672,H2,0.19488986836737648,0.0,1.0,364,636,0.0,0.0,0.0,0.0,0.0,0.14590641280135752,0.3268745506587718,0.4071395814217656,0.6325771140668419,0.9522421855797887
BIOMD0000000674,model,0.0,0.0,0.0,46,0,0.0,0.0,0.0,0.0,0.0,0.0,0.0,0.0,0.0,0.0
BIOMD0000000674,b_gly,0.0012674487032883438,0.0,1.0,1000,0,0.0,0.0,0.0,0.0,0.0,0.0,0.0,0.0,0.0,0.0
BIOMD0000000674,b_glu,0.002541847058040035,0.0,1.0,1000,0,0.0,0.0,0.0,0.0,0.0,0.0,0.0,0.0,0.0,0.0
BIOMD0000000674,b_cys,0.005182218109093991,0.0,1.0,1000,0,0.0,0.0,0.0,0.0,0.0,0.0,0.0,0.0,0.0,0.0
BIOMD0000000674,b_gsg,0.019027874371748417,0.0,1.0,1000,0,0.0,0.0,0.0,0.0,0.0,0.0,0.0,0.0,0.0,0.8381427994615799
BIOMD0000000674,b_gsh,0.02532992034237563,0.0,1.0,1000,0,0.0,0.0,0.0,0.0,0.0,0.0,0.0,0.0,0.0,0.975938475264881
BIOMD0000000674,c_thf,0.001675940253019529,0.0,1.0,1000,0,0.0,0.0,0.0,0.0,0.0,0.0,0.0,0.0,0.0,0.0
BIOMD0000000674,c_5mf,0.005374091073066561,0.0,1.0,1000,0,0.0,0.0,0.0,0.0,0.0,0.0,0.0,0.0,0.0,0.0
BIOMD0000000674,c_2cf,0.002852428276863321,0.0,1.0,1000,0,0.0,0.0,0.0,0.0,0.0,0.0,0.0,0.0,0.0,0.0
BIOMD0000000674,c_1cf,0.002366131381424889,0.0,1.0,1000,0,0.0,0.0,0.0,0.0,0.0,0.0,0.0,0.0,0.0,0.0
BIOMD0000000674,c_10f,0.0016189927973182566,0.0,1.0,1000,0,0.0,0.0,0.0,0.0,0.0,0.0,0.0,0.0,0.0,0.0
BIOMD0000000674,c_dhf,0.003156984165926007,0.0,1.0,1000,0,0.0,0.0,0.0,0.0,0.0,0.0,0.0,0.0,0.0,0.0
BIOMD0000000674,aic,0.004952259861168146,0.0,1.0,1000,0,0.0,0.0,0.0,0.0,0.0,0.0,0.0,0.0,0.0,0.0
BIOMD0000000674,c_glu,0.010468645000053832,0.0,1.0,1000,0,0.0,0.0,0.0,0.0,0.0,0.0,0.0,0.0,0.0,0.5561107924301573
BIOMD0000000674,c_cys,0.007995579082023018,0.0,1.0,1000,0,0.0,0.0,0.0,0.0,0.0,0.0,0.0,0.0,0.0,0.024062655127980365
BIOMD0000000674,glc,0.0025644331856776977,0.0,1.0,1000,0,0.0,0.0,0.0,0.0,0.0,0.0,0.0,0.0,0.0,0.0
BIOMD0000000674,c_gly,0.0021035327669600514,0.0,1.0,1000,0,0.0,0.0,0.0,0.0,0.0,0.0,0.0,0.0,0.0,0.0
BIOMD0000000674,c_gsg,0.02555592279687488,0.0,1.0,1000,0,0.0,0.0,0.0,0.0,0.0,0.0,0.0,0.0,0.0,0.9588075877249272
BIOMD0000000674,c_gsh,0.02079177744244261,0.0,1.0,1000,0,0.0,0.0,0.0,0.0,0.0,0.0,0.0,0.0,0.0,0.9859032523154273
BIOMD0000000674,cyt,0.006272232863981482,0.0,1.0,1000,0,0.0,0.0,0.0,0.0,0.0,0.0,0.0,0.0,0.0,0.0
BIOMD0000000674,hcy,0.0022981815064271978,0.0,1.0,1000,0,0.0,0.0,0.0,0.0,0.0,0.0,0.0,0.0,0.0,0.0
BIOMD0000000674,c_ser,0.0022384560793907615,0.0,1.0,1000,0,0.0,0.0,0.0,0.0,0.0,0.0,0.0,0.0,0.0,0.0
BIOMD0000000674,sah,0.003591724538298163,0.0,1.0,1000,0,0.0,0.0,0.0,0.0,0.0,0.0,0.0,0.0,0.0,0.0
BIOMD0000000674,sam,0.0028118128514551533,0.0,1.0,1000,0,0.0,0.0,0.0,0.0,0.0,0.0,0.0,0.0,0.0,0.0
BIOMD0000000674,met,0.0016348108852023485,0.0,1.0,1000,0,0.0,0.0,0.0,0.0,0.0,0.0,0.0,0.0,0.0,0.0
BIOMD0000000674,c_coo,0.001644480749913523,0.0,1.0,1000,0,0.0,0.0,0.0,0.0,0.0,0.0,0.0,0.0,0.0,0.0
BIOMD0000000674,species_1,0.0018450184501845018,0.0,1.0,542,458,0.0,0.0,0.0,0.0,0.0,0.0,0.0,0.0,0.0,0.0
BIOMD0000000674,species_2,0.013405156840860804,0.0,0.9999999999999999,1000,0,0.0,0.0,0.0,0.0,0.0,0.0,0.0,0.0,0.0,0.7998613212534811
BIOMD0000000674,species_3,0.014236929129908123,0.0,1.0,1000,0,0.0,0.0,0.0,0.0,0.0,0.0,0.0,0.0,0.0,0.8390514422791417
BIOMD0000000674,species_4,0.014424143092628523,0.0,1.0,1000,0,0.0,0.0,0.0,0.0,0.0,0.0,0.0,0.0,0.0,0.8224402137204206
BIOMD0000000674,species_5,0.0072296381448711785,0.0,1.0,1000,0,0.0,0.0,0.0,0.0,0.0,0.0,0.0,0.0,0.0,0.24054250914139302
BIOMD0000000674,species_6,0.0146418418277746,0.0,0.9999999999999999,1000,0,0.0,0.0,0.0,0.0,0.0,0.0,0.0,0.0,0.0,0.8234433769420141
BIOMD0000000674,species_8,0.04637833926700069,0.0,1.0,1000,0,0.0,0.0,0.0,0.0,0.0,0.0,0.0,0.0,0.1656496731605468,0.9995152499310815
BIOMD0000000674,species_9,0.0532693937220007,0.0,1.0,1000,0,0.0,0.0,0.0,0.0,0.0,0.0,0.0,0.0,0.7983129866233787,0.9998828344591717
BIOMD0000000674,m_thf,0.009060895403707667,0.0,1.0,1000,0,0.0,0.0,0.0,0.0,0.0,0.0,0.0,0.0,0.0,0.34801999752580703
BIOMD0000000674,m_2cf,0.005486657933041992,0.0,1.0,1000,0,0.0,0.0,0.0,0.0,0.0,0.0,0.0,0.0,0.0,0.0
BIOMD0000000674,m_1cf,0.004855054712697457,0.0,1.0,1000,0,0.0,0.0,0.0,0.0,0.0,0.0,0.0,0.0,0.0,0.0
BIOMD0000000674,m_10f,0.007332241299084968,0.0,0.9999999999999999,1000,0,0.0,0.0,0.0,0.0,0.0,0.0,0.0,0.0,0.0,0.10305867450658557
BIOMD0000000674,m_ser,0.004667423236257182,0.0,1.0,1000,0,0.0,0.0,0.0,0.0,0.0,0.0,0.0,0.0,0.0,0.0
BIOMD0000000674,m_gly,0.0053471051402581736,0.0,1.0,1000,0,0.0,0.0,0.0,0.0,0.0,0.0,0.0,0.0,0.0,0.0
BIOMD0000000674,m_coo,0.0018034633720515228,0.0,1.0,1000,0,0.0,0.0,0.0,0.0,0.0,0.0,0.0,0.0,0.0,0.0
BIOMD0000000674,src,0.006709769336149828,0.0,1.0,1000,0,0.0,0.0,0.0,0.0,0.0,0.0,0.0,0.0,0.0,0.0
BIOMD0000000674,dmg,0.0017855514462498058,0.0,1.0,1000,0,0.0,0.0,0.0,0.0,0.0,0.0,0.0,0.0,0.0,0.0
BIOMD0000000674,parameter_1,0.012235129228770823,0.0,1.0,1000,0,0.0,0.0,0.0,0.0,0.0,0.0,0.0,0.0,0.0,0.6716806061038479
BIOMD0000000674,parameter_2,0.026927970788510298,0.0,1.0,1000,0,0.0,0.0,0.0,0.0,0.0,0.0,0.0,0.0,0.0,0.975772543897876
BIOMD0000000674,parameter_3,0.011805463293415674,0.0,1.0,1000,0,0.0,0.0,0.0,0.0,0.0,0.0,0.0,0.0,0.0,0.654367757132467
BIOMD0000000674,parameter_4,0.04448647071973087,0.0,1.0,1000,0,0.0,0.0,0.0,0.0,0.0,0.0,0.0,0.0,0.0003005475123471588,0.9927633162518693
BIOMD0000000675,model,0.0,0.0,0.0,13,0,0.0,0.0,0.0,0.0,0.0,0.0,0.0,0.0,0.0,0.0
BIOMD0000000675,Cln2,0.0,0.0,0.0,571,429,0.0,0.0,0.0,0.0,0.0,0.0,0.0,0.0,0.0,0.0
BIOMD0000000675,Cdc20,0.0758295706040359,0.0,1.0,916,84,0.0,0.0,0.0,0.0,0.0,0.0,0.0,0.10356662924288013,0.7718429150747745,0.9784761749742068
BIOMD0000000675,Cdc20_T,0.08203133001308126,0.0,1.0,1000,0,0.0,0.0,0.0,0.0,0.0,0.0,0.0,0.11542656505780749,0.8812527132207153,0.9969725641207289
BIOMD0000000675,Hct1,0.09221204943938581,0.0,0.9999999999999999,841,159,0.0,0.0,0.0,0.0,0.0,0.0,0.0,0.6268133388390643,0.8314730975189948,0.9756649140054814
BIOMD0000000675,Clb2_Sic1,0.03317167766619961,0.0,1.0,218,782,0.0,0.0,0.0,0.0,0.0,0.0,0.0,0.0,0.0,0.9317336020314992
BIOMD0000000675,Sic1_T,0.1104044812368107,0.0,1.0,860,140,0.0,0.0,0.0,0.0,0.0,0.0,0.0,0.738591889716143,0.9015707632255425,0.9848058844915558
BIOMD0000000675,Clb5_Sic1,0.050591359073858706,0.0,1.0,641,359,0.0,0.0,0.0,0.0,0.0,0.0,0.0,0.0,0.7152670029734829,0.924600417587943
BIOMD0000000675,Clb5_T,0.05940573757037535,0.0,1.0,1000,0,0.0,0.0,0.0,0.0,0.0,0.0,0.0,0.0,0.6779193245079572,0.9321332269997636
BIOMD0000000675,Clb2_T,0.011491091681479347,0.0,1.0,364,636,0.0,0.0,0.0,0.0,0.0,0.0,0.0,0.0,0.0,0.5330175733861953
BIOMD0000000675,mass,0.0688613704962549,0.0,1.0,1000,0,0.0,0.0,0.0,0.0,0.0,0.0,0.0,0.22042905243592048,0.6982321473267946,0.9527511383739481
BIOMD0000000675,ORI,0.0,0.0,0.0,775,225,0.0,0.0,0.0,0.0,0.0,0.0,0.0,0.0,0.0,0.0
BIOMD0000000675,BUD,0.001981457089844823,0.0,0.8219121024769444,984,16,0.0,0.0,0.0,0.0,0.0,0.0,0.0,0.0,0.0,0.0
BIOMD0000000675,SPN,0.00047510692466537133,0.0,0.21189768840075562,446,554,0.0,0.0,0.0,0.0,0.0,0.0,0.0,0.0,0.0,0.0
BIOMD0000000676,model,0.9598234385523986,0.944754878039294,0.988496176182195,5,8,0.9450167562694843,0.9452786344996746,0.9458023909600551,0.9460642691902454,0.9463566718692228,0.9475262825851319,0.9755197046485403,0.9820079404153677,0.9852520582987813,0.9878473526055123
BIOMD0000000676,Fe3__enos,0.9936153650124826,0.9872115952911755,0.9999999999999999,3,997,0.9878538857366852,0.988496176182195,0.9897807570732143,0.9904230475187241,0.9910653379642338,0.9936344997462726,0.997453799898509,0.9987268999492545,0.9993634499746271,0.9998726899949253
BIOMD0000000676,Fe3__Arg,0.9835869783383612,0.9705210281112764,0.9934262611957032,21,979,0.9713352284172406,0.9722755867651266,0.9746596102194112,0.9761525409619018,0.9778600346187852,0.9856601235383479,0.9918536922984725,0.9929378470491619,0.9932345684243804,0.9933879226414386
BIOMD0000000676,Fe2,,,,0,1000,,,,,,,,,,
BIOMD0000000676,Fe2__Arg,,,,0,1000,,,,,,,,,,
BIOMD0000000676,Fe3__NO,,,,0,1000,,,,,,,,,,
BIOMD0000000676,NO,0.9760663317505869,0.9350861489818737,0.9999883368038279,837,163,0.94069863329493,0.9460642691902454,0.956058109607048,0.9606876214003178,0.9650728738528882,0.9801786358369459,0.9955439921124605,0.9987269051168122,0.9994365128218453,0.9998806803743205
BIOMD0000000676,Fe2__NO,,,,0,1000,,,,,,,,,,
BIOMD0000000676,Fe3__NOHA,,,,0,1000,,,,,,,,,,
BIOMD0000000676,NOHA,0.9625187599412562,0.9394803099674618,0.9816630093988391,411,589,0.9421471267684047,0.944754878039294,0.9497934081953985,0.9522243531050985,0.9545965649065944,0.9634989172629004,0.9750980218917417,0.9784973289404261,0.9801093621408951,0.9813569568525392
BIOMD0000000676,Fe2__NOHA,,,,0,1000,,,,,,,,,,
BIOMD0000000676,Fe3__O2__Arg,,,,0,1000,,,,,,,,,,
BIOMD0000000676,Fe3__O2__NOHA,,,,0,1000,,,,,,,,,,
BIOMD0000000676,Citrulline,0.9770192243834079,0.9366386301050958,0.9999952647125534,841,159,0.942206788089567,0.9475262825851319,0.9574223502228953,0.9620002049022656,0.966331962030436,0.9812047556124712,0.9961629407414064,0.9988859615009329,0.9994350159763266,0.999881555879523
BIOMD0000000677,model,0.9507268408410555,0.9507268408410555,0.9507268408410555,1,0,0.9507268408410555,0.9507268408410555,0.9507268408410555,0.9507268408410555,0.9507268408410555,0.9507268408410555,0.9507268408410555,0.9507268408410555,0.9507268408410555,0.9507268408410555
BIOMD0000000677,L_ce,0.977755008769918,0.940455468598999,1.0,1000,0,0.9447845155760232,0.9507268408410555,0.9613757520625503,0.9670755659136074,0.9737867629620975,0.9850250139465795,0.9876682696723131,0.9927627669817993,0.9961273569806406,0.9992759294724414
BIOMD0000000678,model,0.8381067774840354,0.7917279016060175,0.8844856533620534,2,0,0.7963657891938193,0.8010036767816211,0.8102794519572246,0.8149173395450264,0.8195552271328282,0.8381067774840354,0.8659341030108463,0.8752098781864498,0.8798477657742516,0.8835580758444931
BIOMD0000000678,NFAT_phosphorylated,0.9378245450062709,0.7934186986206839,1.0,1000,0,0.870384869369055,0.8844856533620534,0.9037829709384313,0.9110321002189926,0.9167833719688485,0.9397639988592823,0.9762482489056808,0.9884009031307651,0.9939481445663358,0.9990489526109886
BIOMD0000000678,NFAT_dephosphorylated,0.8846142729074449,0.41705814982699707,0.9999703109793409,999,1,0.7576510750745533,0.7917279016060175,0.8311124612117802,0.8426208020818964,0.8543764604020782,0.8965309492067874,0.9580885494802951,0.9790536975977673,0.9893604744017217,0.9977538111876026
BIOMD0000000679,model,0.8800997765765984,0.8744573902718001,0.8913028319660898,3,0,0.8744655619938106,0.8744737337158212,0.8744900771598422,0.8744982488818527,0.8745064206038631,0.8745391074919051,0.884597342176416,0.8879500870712529,0.8896264595186714,0.8909675574766062
BIOMD0000000679,phi_I,0.9563557079290306,0.8344213320932811,1.0,1000,0,0.8558179095907856,0.8744573902718001,0.9237339734828858,0.9448004252307517,0.9654260384504053,0.9763474541092899,0.9814373163545114,0.9889213185482448,0.9942094967246985,0.9990318834621561
BIOMD0000000679,phi_R,0.9618805022304702,0.858790873583659,1.0,1000,0,0.876507819935398,0.8913028319660898,0.9396991757237882,0.9622160945698328,0.974836845499998,0.9767472822079235,0.9827331520430703,0.9901178464842327,0.9948584309255895,0.998990200940233
BIOMD0000000679,T,0.9553000802408063,0.8283192114354578,1.0,1000,0,0.8561631024900894,0.8745391074919051,0.9161343371221028,0.9406680421159135,0.962417719994054,0.9766466401902265,0.9816845538002746,0.9891354693225604,0.9942645931382426,0.9989971781924843
BIOMD0000000680,model,0.8800997765765984,0.8744573902718001,0.8913028319660898,3,0,0.8744655619938106,0.8744737337158212,0.8744900771598422,0.8744982488818527,0.8745064206038631,0.8745391074919051,0.884597342176416,0.8879500870712529,0.8896264595186714,0.8909675574766062
BIOMD0000000680,phi_I,0.9563557079290306,0.8344213320932811,1.0,1000,0,0.8558179095907856,0.8744573902718001,0.9237339734828858,0.9448004252307517,0.9654260384504053,0.9763474541092899,0.9814373163545114,0.9889213185482448,0.9942094967246985,0.9990318834621561
BIOMD0000000680,phi_R,0.9618805022304702,0.858790873583659,1.0,1000,0,0.876507819935398,0.8913028319660898,0.9396991757237882,0.9622160945698328,0.974836845499998,0.9767472822079235,0.9827331520430703,0.9901178464842327,0.9948584309255895,0.998990200940233
BIOMD0000000680,T,0.9553000802408063,0.8283192114354578,1.0,1000,0,0.8561631024900894,0.8745391074919051,0.9161343371221028,0.9406680421159135,0.962417719994054,0.9766466401902265,0.9816845538002746,0.9891354693225604,0.9942645931382426,0.9989971781924843
BIOMD0000000681,model,0.0,0.0,0.0,3,0,0.0,0.0,0.0,0.0,0.0,0.0,0.0,0.0,0.0,0.0
BIOMD0000000681,phi_I,0.16405912579343837,0.0,1.0,1000,0,0.0,0.0,0.0,0.0,0.0,0.0,0.32396569366623945,0.60697786382866,0.7838278539756239,0.9381539642430431
BIOMD0000000681,phi_R,0.2641321904742321,0.0,0.9999999999999999,1000,0,0.0,0.0,0.0,0.0,0.0,0.10307411377833658,0.6285689809675523,0.7744862884476443,0.8779100803988369,0.9743679726788158
BIOMD0000000681,T,0.16578997877494114,0.0,0.9999999999999999,1000,0,0.0,0.0,0.0,0.0,0.0,0.0,0.32772968102218897,0.6132065441534742,0.7910659265605435,0.9478865102104256
BIOMD0000000682,model,0.17542883620683836,0.0,0.8745711273068836,5,0,0.0,0.0,0.0,0.0,0.0002509635819030675,0.0012548179095153377,0.17596881411561113,0.5252699707112474,0.6999205490090653,0.83964101164732
BIOMD0000000682,ADP,0.3916400608141986,0.0,1.0,1000,0,0.0,0.0,0.0,0.0,0.0,0.27608149544022464,0.8989262151633451,0.9598912485961557,0.9780487646058398,0.9956103532062599
BIOMD0000000682,ATP,0.9303012412658596,0.8719567801803487,1.0,1000,0,0.8728640948877273,0.8745711273068836,0.8816683963408231,0.887012802058651,0.893522627952449,0.9319392166665665,0.9740662770410234,0.9865245234599017,0.9930376303958854,0.9986923796569643
BIOMD0000000682,V_membrane,0.07042760522310655,0.0,1.0,1000,0,0.0,0.0,0.0,0.0,0.0,0.0,0.0,0.2262706571709331,0.6916416665018645,0.9471927145131352
BIOMD0000000682,n,0.004234628658322646,0.0009381963097992996,0.010900268764637122,202,798,0.001165223431170631,0.0012548179095153377,0.0014552537033289072,0.0015909946365838534,0.0018029402477791278,0.003384743276036495,0.007503225975463779,0.008813003780068074,0.01017149047868775,0.010775303801840398
BIOMD0000000682,c,0.6337073193596662,0.0,1.0,1000,0,0.0,0.0013182358177928426,0.3623512756311317,0.48871293469647914,0.5943999428092879,0.7326591893924534,0.8819026124730942,0.9404962820758865,0.9683812468521124,0.9947822132595289
BIOMD0000000683,model,0.350021078789449,0.0,0.6051976667803813,4,0,0.04078925838942051,0.08157851677884102,0.16315703355768207,0.20394629194710254,0.24473555033652303,0.3974433241887073,0.5558540221809193,0.5805258444806504,0.5928617556305158,0.6027304845504082
BIOMD0000000683,w,0.7847398992211089,0.0,0.9997163176755332,978,22,0.5735553405242617,0.6051976667803813,0.676901243723268,0.7121748279591832,0.7443919964647495,0.8394728366571513,0.9028578919256557,0.9422440657807765,0.9697982460125139,0.9940017922517175
BIOMD0000000683,x,0.7828980416594152,0.0,1.0,1000,0,0.18998512470538015,0.5229582591146112,0.631386664984537,0.6716626438578603,0.7117506831568738,0.8582288015122375,0.9815368614536912,0.994598008688922,0.9970159340640229,0.9994019406035638
BIOMD0000000683,y,0.2281527261992558,0.0,0.9999999999999999,1000,0,0.0,0.0,0.0,0.0,0.0,0.0,0.5680758591569943,0.607514300705982,0.6127025165169766,0.8134915607917007
BIOMD0000000683,z,0.7150865298197785,0.0,0.9997090351335206,970,30,0.14792463815154555,0.2719283892628034,0.4789026912986487,0.5656789756309246,0.6326715022053878,0.8230274527029418,0.9446901369974308,0.971630705317331,0.9855275083467531,0.9970307309080505
BIOMD0000000684,model,0.6326677345882331,0.0,0.983240547941355,10,0,0.0,0.0,0.0,0.17078474866138715,0.47819729625188384,0.9165596286988724,0.9445215059553906,0.9489367762056766,0.9660886620735157,0.9798101707677871
BIOMD0000000684,S,0.02817547323989016,0.0,1.0,1000,0,0.0,0.0,0.0,0.0,0.0,0.0,0.0,0.0,0.0,0.9728431950149876
BIOMD0000000684,I_1,0.9585029045360202,0.5590362130433979,0.999934650052839,999,1,0.9202361898589771,0.9376827289438263,0.9525656718046493,0.9538916974719807,0.9555380527263978,0.9643986697295417,0.9660510188721456,0.983873011783867,0.9897731584244307,0.9971151809697577
BIOMD0000000684,I_2,0.5617028337128508,0.0,0.9954180952938391,999,1,0.0,0.0,0.5459041246575729,0.6180185342715367,0.6203414682904933,0.6241067563086826,0.6791089624988205,0.7850369178921998,0.8864381538543363,0.9740002067735564
BIOMD0000000684,I_12,0.9578829872548424,0.0,0.9999345729033075,993,7,0.9371745132816051,0.9443705709410324,0.9534830661419214,0.9550297715971657,0.9567137201557361,0.964073676170861,0.9656619143899506,0.9835820812049053,0.9926513822142238,0.9982607625688933
BIOMD0000000684,I_21,0.7963186870984681,0.0,0.9995098539591355,993,7,0.6818930665298716,0.6831389946455486,0.6864224145824724,0.6882899015167085,0.6909831558638134,0.7687946244405455,0.9189803012323629,0.9556926939824519,0.9788772963663153,0.9948672972926699
BIOMD0000000684,R_1,0.9377503168971988,0.6747081246031097,0.9998230442317406,998,2,0.9248827912547362,0.9250538765267398,0.9256521720223778,0.9260103870872584,0.9263434081821674,0.9273547384140175,0.9565497921007413,0.9680789639975156,0.9743072399226933,0.997771563284403
BIOMD0000000684,R_2,0.5236659425764109,0.0,0.9981104286572228,57,943,0.0,0.0,0.0,0.0,0.0,0.8119833164680612,0.9233951258204817,0.968485145122478,0.9762407283545427,0.9917164770703484
BIOMD0000000684,R_12,0.9873039718379467,0.0,0.9999902797750656,986,14,0.9819296019365904,0.983240547941355,0.9856168847477873,0.9869105355228063,0.9882972753335353,0.9925885252857274,0.9987542768125863,0.9990711443081606,0.9995002433301318,0.9998817689379891
BIOMD0000000684,P_1,0.9645728297870031,0.8849649977218792,1.0,1000,0,0.9396596959961486,0.9451252460128235,0.9548113348865854,0.9557441627789758,0.959639645410041,0.9676778680936575,0.9688899253082885,0.9885024086741814,0.995069631933407,0.9988813254476453
BIOMD0000000684,P_2,0.9498734271617316,0.7354001950336504,1.0,1000,0,0.879898264506005,0.9080653808710051,0.9415898131240544,0.9487382739386077,0.9519560414039077,0.9668511752835625,0.9680281596041892,0.9687326591120445,0.9768097121544077,0.9953761599347676
BIOMD0000000685,model,0.8685422833671191,0.7977842227163793,0.9826023356910709,4,0,0.7993054453277524,0.8008266679391256,0.8038691131618719,0.805390335773245,0.8069115583846183,0.8468912875305132,0.9245550552377242,0.9535786954643976,0.9680905155777342,0.9796999716684035
BIOMD0000000685,T,0.8996178924553885,0.3192689134969121,1.0,1000,0,0.7850343167192491,0.8079257067922003,0.851004216736822,0.8641952017085501,0.8761377444080164,0.9113423316700364,0.9685802866806931,0.9854506781866124,0.9920218645493233,0.9980940477488573
BIOMD0000000685,A,0.9913754322353306,0.9491966981702418,1.0,1000,0,0.9789092589065601,0.9826023356910709,0.9873794823439659,0.9890229157200902,0.9900929505061924,0.9932429958343123,0.9977631402735704,0.9989280606676817,0.9994961855930041,0.9998467688801702
BIOMD0000000685,A_star,0.8962163523126856,0.09275108996558334,1.0,1000,0,0.7501713480005142,0.7977842227163793,0.8452657893591445,0.8627417201828183,0.8789467675981572,0.9245150998465864,0.9692813120466264,0.9857948721281193,0.9939830568587426,0.9992532270841014
BIOMD0000000685,C,0.9293720555635259,0.7434846943863401,1.0,1000,0,0.8722515937119644,0.8858568682688263,0.9022101302791908,0.907795638522541,0.9122482363240912,0.9317810697739874,0.9605661216108579,0.9770614861434428,0.9910911889150492,0.9980047924137517
BIOMD0000000687,model,0.0,0.0,0.0,14,1,0.0,0.0,0.0,0.0,0.0,0.0,0.0,0.0,0.0,0.0
BIOMD0000000687,x_0,0.11272391049692965,0.0,1.0,1000,0,0.0,0.0,0.0,0.0,0.0,0.0,0.0,0.585372239218019,0.8506104817488114,0.9919086400176257
BIOMD0000000687,y_0,0.022069708163090344,0.0,0.9673172253184196,101,899,0.0,0.0,0.0,0.0,0.0,0.0,0.0,0.0,0.0,0.5218466560358763
BIOMD0000000687,y_1,,,,0,1000,,,,,,,,,,
BIOMD0000000687,L_0,0.02524378274839141,0.0,0.9903958662994558,811,189,0.0,0.0,0.0,0.0,0.0,0.0,0.0,0.0,0.0,0.8988588272435459
BIOMD0000000687,v_0,0.533171538295117,0.0,0.9999999999999999,14,986,0.0,0.0,0.0,0.12071363209819938,0.4345690755535177,0.6200844860080981,0.8599807790062638,0.9307508308353584,0.9657802758594831,0.9931560551718965
BIOMD0000000687,z_a,0.013589740742478266,0.0,1.0,1000,0,0.0,0.0,0.0,0.0,0.0,0.0,0.0,0.0,0.0,0.6949510049242917
BIOMD0000000687,m_0_0,0.5301859112065994,0.0,1.0,14,986,0.0,0.0,0.0,0.11324527132814896,0.40768297678133625,0.6081655304971747,0.8635101725128538,0.9308182223711157,0.965626765928013,0.9931253531856026
BIOMD0000000687,m_1_0,0.2886590608118724,0.0,0.8639374999796009,20,980,0.0,0.0,0.0,0.0,0.0,0.0,0.6325721695452167,0.6384069048804744,0.6578299567869883,0.8227159913410781
BIOMD0000000687,m_2_0,0.3303128867670218,0.0,0.9947289969185361,28,972,0.0,0.0,0.0,0.0,0.0,0.11839359972806879,0.7817801147411686,0.8962921955650804,0.9368340695091837,0.9796232378974923
BIOMD0000000687,m_3_0,0.23478136571906696,0.0,0.9524040389759845,35,965,0.0,0.0,0.0,0.0,0.0,0.0,0.5880178741438865,0.7801410207729647,0.8788105787223783,0.9449312110767771
BIOMD0000000687,m_4_0,0.377100477933161,0.0,0.9917684952863772,41,959,0.0,0.0,0.0,0.0,0.0,0.3250948805116316,0.7739120437348499,0.875914503687248,0.9278098227431268,0.9671321098207881
BIOMD0000000687,m_5_0,0.3719368604525772,0.0,0.9956819641661697,49,951,0.0,0.0,0.0,0.0,0.0,0.14119773555715076,0.8199327305775935,0.9065040325160492,0.9484334972524523,0.993734502682939
BIOMD0000000687,m_6_0,0.35568007518973493,0.0,0.9919097143048736,55,945,0.0,0.0,0.0,0.0,0.0,0.0,0.7776353506273183,0.8836007887440007,0.9205074279498859,0.977277990728668
BIOMD0000000687,m_7_0,0.33157872666941063,0.0,0.9941656925244241,63,937,0.0,0.0,0.0,0.0,0.0,0.0,0.804168334136069,0.8772977475665038,0.9236960139732636,0.9846574204582947
BIOMD0000000687,m_8_0,0.3413914032136069,0.0,0.9903082146975372,69,931,0.0,0.0,0.0,0.0,0.0,0.0,0.8410590074845259,0.9066489235433522,0.9597056301467278,0.9869570285134245
BIOMD0000000688,model,0.0,0.0,0.0,6,10,0.0,0.0,0.0,0.0,0.0,0.0,0.0,0.0,0.0,0.0
BIOMD0000000688,x,0.05452238898852555,0.0,1.0,1000,0,0.0,0.0,0.0,0.0,0.0,0.0,0.0,0.0,0.8778757627406619,0.997481730282332
BIOMD0000000688,y_0,0.028480034994615648,0.0,0.7372281506811541,78,922,0.0,0.0,0.0,0.0,0.0,0.0,0.0,0.0,0.05770151579642139,0.6783553437274242
BIOMD0000000688,y_1,,,,0,1000,,,,,,,,,,
BIOMD0000000688,L,0.03109888292277039,0.0,0.9978113667106463,789,211,0.0,0.0,0.0,0.0,0.0,0.0,0.0,0.0,0.0,0.9815633089904051
BIOMD0000000688,v,0.5376208975868728,0.0,1.0,19,981,0.0,0.0,0.0,0.0,0.07974645903318577,0.6620286627510914,0.9867950560132032,0.9935214914233651,0.9986649892372493,0.9997329978474498
BIOMD0000000688,z_a,0.015897803342690572,0.0,1.0,1000,0,0.0,0.0,0.0,0.0,0.0,0.0,0.0,0.0,0.0,0.6748472736597823
BIOMD0000000688,m_0,,,,0,1000,,,,,,,,,,
BIOMD0000000688,m_1,,,,0,1000,,,,,,,,,,
BIOMD0000000688,m_2,,,,0,1000,,,,,,,,,,
BIOMD0000000688,m_3,,,,0,1000,,,,,,,,,,
BIOMD0000000688,m_4,,,,0,1000,,,,,,,,,,
BIOMD0000000688,m_5,,,,0,1000,,,,,,,,,,
BIOMD0000000688,m_6,,,,0,1000,,,,,,,,,,
BIOMD0000000688,m_7,,,,0,1000,,,,,,,,,,
BIOMD0000000688,m_8,,,,0,1000,,,,,,,,,,
BIOMD0000000688,z_i,0.016937430640450224,0.0,1.0,1000,0,0.0,0.0,0.0,0.0,0.0,0.0,0.0,0.0,0.0,0.7255684072440053
BIOMD0000000689,model,,,,0,7,,,,,,,,,,
BIOMD0000000689,H2_HMPt,,,,0,1000,,,,,,,,,,
BIOMD0000000689,H2_HMPterinPP,,,,0,1000,,,,,,,,,,
BIOMD0000000689,p_ABA,,,,0,1000,,,,,,,,,,
BIOMD0000000689,H2_Pteroate,,,,0,1000,,,,,,,,,,
BIOMD0000000689,DHF,,,,0,1000,,,,,,,,,,
BIOMD0000000689,THF,,,,0,1000,,,,,,,,,,
BIOMD0000000689,CH2_THF,,,,0,1000,,,,,,,,,,
BIOMD0000000690,model,,,,0,7,,,,,,,,,,
BIOMD0000000690,H2_HMPt,,,,0,1000,,,,,,,,,,
BIOMD0000000690,H2_HMPterinPP,,,,0,1000,,,,,,,,,,
BIOMD0000000690,p_ABA,,,,0,1000,,,,,,,,,,
BIOMD0000000690,H2_Pteroate,,,,0,1000,,,,,,,,,,
BIOMD0000000690,DHF,,,,0,1000,,,,,,,,,,
BIOMD0000000690,THF,,,,0,1000,,,,,,,,,,
BIOMD0000000690,CH2_THF,,,,0,1000,,,,,,,,,,
BIOMD0000000691,model,0.0,0.0,0.0,13,0,0.0,0.0,0.0,0.0,0.0,0.0,0.0,0.0,0.0,0.0
BIOMD0000000691,S1__Cell_1_,0.014038862841707073,0.0,1.0,1000,0,0.0,0.0,0.0,0.0,0.0,0.0,0.0,0.0,0.0,0.7299808118929563
BIOMD0000000691,S1__Cell_2_,0.011069248805481149,0.0,1.0,1000,0,0.0,0.0,0.0,0.0,0.0,0.0,0.0,0.0,0.0,0.5539712793493674
BIOMD0000000691,S2__Cell_1_,0.0047435104501534495,0.0,0.9999999999999999,1000,0,0.0,0.0,0.0,0.0,0.0,0.0,0.0,0.0,0.0,0.0
BIOMD0000000691,S2__Cell_2_,0.007207513619115538,0.0,0.9999999999999999,1000,0,0.0,0.0,0.0,0.0,0.0,0.0,0.0,0.0,0.0,0.3413208026072533
BIOMD0000000691,S3__Cell_1_,0.008803086920571392,0.0,1.0,1000,0,0.0,0.0,0.0,0.0,0.0,0.0,0.0,0.0,0.0,0.423422582315476
BIOMD0000000691,S3__Cell_2_,0.01039316939531385,0.0,1.0,1000,0,0.0,0.0,0.0,0.0,0.0,0.0,0.0,0.0,0.0,0.5583103066220557
BIOMD0000000691,S4__Cell_1_,0.008789518187296426,0.0,1.0,1000,0,0.0,0.0,0.0,0.0,0.0,0.0,0.0,0.0,0.0,0.3457299089758547
BIOMD0000000691,S4__Cell_2_,0.01127684894227012,0.0,1.0,1000,0,0.0,0.0,0.0,0.0,0.0,0.0,0.0,0.0,0.0,0.5616059205185892
BIOMD0000000691,N2__Cell_1_,0.011980887710517887,0.0,1.0,1000,0,0.0,0.0,0.0,0.0,0.0,0.0,0.0,0.0,0.0,0.6764619805965002
BIOMD0000000691,N2__Cell_2_,0.012633152344549764,0.0,1.0,1000,0,0.0,0.0,0.0,0.0,0.0,0.0,0.0,0.0,0.0,0.6369847371129048
BIOMD0000000691,A3__Cell_1_,0.010164602466598269,0.0,1.0,1000,0,0.0,0.0,0.0,0.0,0.0,0.0,0.0,0.0,0.0,0.42260451823845024
BIOMD0000000691,A3__Cell_2_,0.011271802915253546,0.0,1.0,1000,0,0.0,0.0,0.0,0.0,0.0,0.0,0.0,0.0,0.0,0.516324212560264
BIOMD0000000691,S4_ex,0.036877991187312824,0.0,1.0,1000,0,0.0,0.0,0.0,0.0,0.0,0.0,0.0,0.0,0.24861037012461792,0.917628723635012
BIOMD0000000692,model,0.9981698196676081,0.9940613374827758,0.9999903074136911,8,0,0.995035776888415,0.9960102162940542,0.9973269835751595,0.9977483253918973,0.9980857360146009,0.9986474594679513,0.9996369958742858,0.9999624143360516,0.9999763608748714,0.9999875181059271
BIOMD0000000692,Pi,0.9999774804349615,0.999946852015191,1.0,1000,0,0.9999477684415506,0.9999504601599204,0.9999604931276775,0.9999657989365727,0.9999678537593739,0.9999804011077211,0.9999944919423334,0.999998437041754,0.9999992454055805,0.9999996715435473
BIOMD0000000692,RasGTP,0.9979748544449522,0.9938252542905223,1.0,677,323,0.9938853150260778,0.9940613374827758,0.994861718247532,0.995718025103102,0.9966833594053535,0.9993640431196784,0.9998912365563474,0.9999598011072864,0.9999811162420683,0.9999968561142184
BIOMD0000000692,RasGTP_minus_NF1,0.9978498398232502,0.9793078545345916,0.9999990076797264,199,801,0.9950768831868202,0.9968454500703163,0.9976795584310332,0.9977046281292978,0.9977416371529112,0.9980220566228997,0.9989531823788755,0.9994526645389622,0.9997064430252719,0.9999263874635793
BIOMD0000000692,RasGTP_minus_NF1_star_,0.9991382715213221,0.9779651704883224,0.9999979674232394,727,273,0.9970936556519703,0.9980492838324242,0.9987829979591102,0.9988556846941974,0.998959373413793,0.9995483735622164,0.999795849679903,0.9998927510760863,0.9999468677866238,0.9999877947213853
BIOMD0000000692,RasGDP_minus_NF1_Pi,0.9995573511628519,0.9988096636392676,0.9999998653989373,647,353,0.9988279429919922,0.9988811132817107,0.9990844365658843,0.9992312834997434,0.9993817385109253,0.9996897526171674,0.9999082749315175,0.9999653722658519,0.9999796686811973,0.9999949785388105
BIOMD0000000692,RasGDP_NF1,0.9991914730587217,0.987937191080079,0.9999988248744505,957,43,0.9973942166702138,0.9984138056541919,0.9989788733339381,0.9990379693809971,0.9991332469526052,0.9995071539002004,0.9997346035427553,0.9998605629604637,0.9999288266929653,0.9999844649930483
BIOMD0000000692,RasGDP,0.9995506017324031,0.9949212590121662,0.9999999251028616,939,61,0.9975640138326082,0.9991667994458338,0.9996555019791707,0.9997174003864391,0.9997279645522719,0.9998168152317143,0.9999203365496897,0.9999596985096226,0.9999793871928276,0.9999958374048615
BIOMD0000000692,NF1,0.999995176144268,0.9999866574343994,1.0,1000,0,0.9999876783192846,0.9999903074136911,0.9999922119017254,0.9999929428948295,0.9999938098190233,0.9999958967595346,0.9999981694421969,0.9999990794749042,0.9999995289825857,0.9999999343810007
BIOMD0000000693,model,0.15738109695969216,0.0,0.9973321420272149,9,0,0.0,0.0,0.0,0.0,0.0,0.0,0.16763909224400605,0.5347446128934549,0.7660383774603347,0.9510733891138389
BIOMD0000000693,Vm,0.21713024546699006,0.0,1.0,1000,0,0.0,0.0,0.0,0.0,0.0,0.0,0.560408523914446,0.7975884028112937,0.9118231473936431,0.9791201608747838
BIOMD0000000693,m,0.014520874147740817,0.0,0.9528801000302636,999,1,0.0,0.0,0.0,0.0,0.0,0.0,0.0,0.0,0.0,0.6928946652150292
BIOMD0000000693,h,0.11089854495059066,0.0,1.0,1000,0,0.0,0.0,0.0,0.0,0.0,0.0,0.0,0.5470141651879773,0.8502242160505522,0.9670342000694715
BIOMD0000000693,n,0.032353288499715874,0.0,1.0,1000,0,0.0,0.0,0.0,0.0,0.0,0.0,0.0,0.0,0.2855810758321179,0.8090682840909849
BIOMD0000000693,Vt,0.22854893421955233,0.0,1.0,1000,0,0.0,0.0,0.0,0.0,0.0,0.0,0.5848891836886237,0.8198720029897054,0.9265429955775566,0.9820661176687087
BIOMD0000000693,d,0.055015816741432626,0.0,0.952976084687261,680,320,0.0,0.0,0.0,0.0,0.0,0.0,0.0,0.11859628113376655,0.5550372235663894,0.8996205365295423
BIOMD0000000693,o,0.03442428304084642,0.0,0.9999999999999999,1000,0,0.0,0.0,0.0,0.0,0.0,0.0,0.0,0.0,0.2387862692036594,0.8632032632133697
BIOMD0000000693,c,0.6386364125571926,0.3815124099631154,1.0,1000,0,0.39984482846058106,0.41909773061001476,0.46056866328517226,0.48289657159144694,0.506365198685304,0.6129940920938401,0.820267965152353,0.9052771191339564,0.9513470763045339,0.990054807621312
BIOMD0000000693,cer,0.9984285736615544,0.9971006257653071,1.0,1000,0,0.9972151890060188,0.9973321420272149,0.9975736627694668,0.9976984660497942,0.9978261307043732,0.9983681305184141,0.9992923664741992,0.9996359067198347,0.9998152674219545,0.9999626120358153
BIOMD0000000695,model,0.09085464365512408,0.0,0.9994010802063649,11,1,0.0,0.0,0.0,0.0,0.0,0.0,0.0,0.0,0.49970054010318243,0.8994609721857287
BIOMD0000000695,xFinal_1,0.9997309309337736,0.9990912249183856,1.0,1000,0,0.9992569862114477,0.9994010802063649,0.9996231635925781,0.9996584901088333,0.9996912391674774,0.9997985338462141,0.9998899646578152,0.999902544681614,0.9999054504874103,0.9999062429043968
BIOMD0000000695,xFinal_2,0.013108195221103458,0.0,1.0,1000,0,0.0,0.0,0.0,0.0,0.0,0.0,0.0,0.0,0.0,0.6360490567356125
BIOMD0000000695,xFinal_3,0.0418372973733719,0.0,1.0,1000,0,0.0,0.0,0.0,0.0,0.0,0.0,0.0,0.0,0.3874871746543256,0.8788434456548735
BIOMD0000000695,xFinal_4,0.042235230397802935,0.0,0.9999999999999999,1000,0,0.0,0.0,0.0,0.0,0.0,0.0,0.0,0.0,0.38977143347405585,0.9410858501873878
BIOMD0000000695,xFinal_5,0.048466327361389346,0.0,1.0,1000,0,0.0,0.0,0.0,0.0,0.0,0.0,0.0,0.0,0.541800160022585,0.9709671928619767
BIOMD0000000695,xFinal_6,0.08700616164798403,0.0,1.0,1000,0,0.0,0.0,0.0,0.0,0.0,0.0,0.0,0.40558003163010903,0.8505314726266908,0.9754920841490774
BIOMD0000000695,xFinal_7,0.08349929818828802,0.0,1.0,1000,0,0.0,0.0,0.0,0.0,0.0,0.0,0.0,0.314126093268532,0.8825928910100977,0.9917663452750808
BIOMD0000000695,xFinal_8,0.02989670387620246,0.0,0.9999999999999999,1000,0,0.0,0.0,0.0,0.0,0.0,0.0,0.0,0.0,0.0,0.9165716871443123
BIOMD0000000695,xFinal_9,0.022905949533032818,0.0,1.0,1000,0,0.0,0.0,0.0,0.0,0.0,0.0,0.0,0.0,0.0,0.8743910026301317
BIOMD0000000695,xFinal_10,0.02463300416274029,0.0,1.0,1000,0,0.0,0.0,0.0,0.0,0.0,0.0,0.0,0.0,0.0,0.9192602240735114
BIOMD0000000695,xFinal_11,,,,0,1000,,,,,,,,,,
BIOMD0000000695,xFinal_12,0.034906352200629535,0.0,1.0,1000,0,0.0,0.0,0.0,0.0,0.0,0.0,0.0,0.0,0.0,0.9911615831590717
BIOMD0000000696,model,0.2513963678373799,0.0,0.9942389580953505,11,0,0.0,0.0,0.0,0.0,0.0,0.0,0.4565875706851827,0.9306676745895033,0.9624533163424269,0.9878818297447658
BIOMD0000000696,x1,0.5542317181313309,0.3817710770076027,0.9999999999999999,1000,0,0.38229130295317637,0.3838658428411428,0.39002007387780957,0.394669329370112,0.40033142588169013,0.4551467204848839,0.7685913196163352,0.8932271146904397,0.9346885605204394,0.9571502615290095
BIOMD0000000696,x2,0.6712315885725045,0.43842168932344583,1.0,1000,0,0.44621867322768766,0.4565875706851827,0.48528783348867705,0.503738828959668,0.5249929501411701,0.6382995482477798,0.8706468606695822,0.9413334186046488,0.9734047842981383,0.9978631922757781
BIOMD0000000696,x3,0.0005735260073855324,0.0,0.5729524813781468,999,1,0.0,0.0,0.0,0.0,0.0,0.0,0.0,0.0,0.0,0.0
BIOMD0000000696,x4,0.9508973565746399,0.9300408168499944,0.9991412542310196,999,1,0.9302004633442059,0.9306676745895033,0.9325409274592585,0.9339404155625536,0.9356515613445934,0.9455141393980226,0.9686106408484305,0.9824357232523286,0.9881149772019434,0.9931066317026238
BIOMD0000000696,x5,0.09691697705806175,0.0,0.6236472330594014,998,2,0.0,0.0,0.0,0.0,0.0,0.0,0.1622066662927754,0.5076658604072575,0.5954664615176382,0.6224153743343771
BIOMD0000000696,x6,0.18844356077346516,0.0,0.9924848980062724,993,7,0.0,0.0,0.0,0.0,0.0,0.0,0.49542528421776655,0.6740307220639905,0.7348703045717951,0.8591356981162197
BIOMD0000000696,x7,0.0022869889658799695,0.0,0.4920575971377603,999,1,0.0,0.0,0.0,0.0,0.0,0.0,0.0,0.0,0.0,0.0
BIOMD0000000696,x8,0.006053492980526497,0.0,0.8509490127337074,999,1,0.0,0.0,0.0,0.0,0.0,0.0,0.0,0.0,0.0,0.21085989407218797
BIOMD0000000696,x9,0.9975572864787029,0.9931535575696221,1.0,1000,0,0.9936977630917834,0.9942389580953505,0.9952983004798689,0.9958100699042406,0.9963059260841506,0.9980722434822632,0.9997243154919466,0.9999200309827597,0.9999627372857286,0.9999907563718847
BIOMD0000000696,sum_abs_dx8,0.02826819208388718,0.0,0.9934357727835628,999,1,0.0,0.0,0.0,0.0,0.0,0.0,0.0,0.0,0.0,0.8447316699410319
BIOMD0000000696,P_theta,0.18844356077601426,0.0,0.9924848980991399,993,7,0.0,0.0,0.0,0.0,0.0,0.0,0.4954252842228215,0.6740307220734061,0.7348703045890554,0.8591356981732614
BIOMD0000000697,model,0.002233327492662848,0.0,0.029033257404617024,13,0,0.0,0.0,0.0,0.0,0.0,0.0,0.0,0.0,0.011613302961846768,0.02554926651606295
BIOMD0000000697,PCdk2_CycE,0.47513102419005715,0.0,1.0,17,983,0.0,0.0,0.0,0.0,0.0,0.45991788384128984,0.988114581610622,0.9950269665919935,0.9970920202159286,0.9994184040431857
BIOMD0000000697,Cdk2_CycE,0.5788299913006213,0.0,1.0,23,977,0.0,0.029033257404617024,0.32016000184527066,0.35156566041397946,0.41165782546419816,0.620065113667913,0.9266929144842287,0.966762935856875,0.9951001970016337,0.9995540264965856
BIOMD0000000697,Wee1_a,0.1572607875666118,0.0,1.0,16,984,0.0,0.0,0.0,0.0,0.0,0.0,0.0,0.7580863005328944,0.8199255301078416,0.9639851060215683
BIOMD0000000697,Cdk2_CycErem,0.0,0.0,0.0,601,399,0.0,0.0,0.0,0.0,0.0,0.0,0.0,0.0,0.0,0.0
BIOMD0000000697,PCdk2_CycErem,0.0,0.0,0.0,335,665,0.0,0.0,0.0,0.0,0.0,0.0,0.0,0.0,0.0,0.0
BIOMD0000000697,Deg_a,0.0,0.0,0.0,422,578,0.0,0.0,0.0,0.0,0.0,0.0,0.0,0.0,0.0,0.0
BIOMD0000000697,Xic,0.03886081148090258,0.0,1.0,697,303,0.0,0.0,0.0,0.0,0.0,0.0,0.0,0.0,0.14483088791836016,0.9885173919537454
BIOMD0000000697,Xic_Cdk2_CycE,0.002628654826787544,0.0,0.8969015545287847,556,444,0.0,0.0,0.0,0.0,0.0,0.0,0.0,0.0,0.0,0.0
BIOMD0000000697,Xic_PCdk2_CycE,0.026441460723812333,0.0,0.8981796818701123,433,567,0.0,0.0,0.0,0.0,0.0,0.0,0.0,0.0,0.0,0.8657434330849679
BIOMD0000000697,Xic_Cdk2_CycErem,0.0,0.0,0.0,732,268,0.0,0.0,0.0,0.0,0.0,0.0,0.0,0.0,0.0,0.0
BIOMD0000000697,Xic_PCdk2_CycErem,0.0,0.0,0.0,643,357,0.0,0.0,0.0,0.0,0.0,0.0,0.0,0.0,0.0,0.0
BIOMD0000000697,Xicrem,0.0,0.0,0.0,413,587,0.0,0.0,0.0,0.0,0.0,0.0,0.0,0.0,0.0,0.0
BIOMD0000000697,Kin_a,0.05031171807969082,0.0,1.0,1000,0,0.0,0.0,0.0,0.0,0.0,0.0,0.0,0.0,0.5002590507621645,0.9446586106318825
BIOMD0000000698,model,0.7009147057222659,0.5281619548224781,0.8738564407019931,5,0,0.5596616913821416,0.5911614279418053,0.6541609010611324,0.685660637620796,0.6895354013908388,0.7050344564710103,0.7442593193364403,0.8090578800192166,0.8414571603606048,0.8673765846337155
BIOMD0000000698,Methionine,0.944693750586479,0.6444676364464832,1.0,1000,0,0.8422262681261081,0.8738564407019931,0.9316813079979325,0.9342950231458991,0.9385050655215232,0.9568156870276114,0.9864828970685163,0.9933088974525628,0.9966099326472987,0.9993398586715999
BIOMD0000000698,AdoMet,0.8061870203354101,0.6516681631803218,1.0,1000,0,0.6731317345537674,0.685660637620796,0.7045861382741057,0.7172160797987053,0.7330396302983713,0.8098478968791756,0.9000236370998145,0.9468637326171385,0.9741981031729047,0.9951475638635524
BIOMD0000000698,AdoHcy,0.8431014425404771,0.643261603089268,1.0,1000,0,0.658921320530877,0.7050344564710103,0.745483829705059,0.7646317876680206,0.7875564027107355,0.8455893389945474,0.942636802144345,0.9681896264776159,0.9849322461604403,0.9970737691185785
BIOMD0000000698,Homocysteine,0.7691974074214334,0.42873216239284573,0.9999999999999999,1000,0,0.4545447023420567,0.5281619548224781,0.6481872396344858,0.6704297096865355,0.7008717801118346,0.7793552885916581,0.9128607275912167,0.951835802274486,0.976265065618012,0.9958689690442775
BIOMD0000000698,Cystathionine,0.8927190954557942,0.6644910814160664,0.9999777305534687,999,1,0.6763282647332172,0.711860038995052,0.8274551569594703,0.8426851178756368,0.8547364368716667,0.9295106829330276,0.9780631062311137,0.9831564158711015,0.9886561715788029,0.9979008343284964
BIOMD0000000699,model,,,,0,24,,,,,,,,,,
BIOMD0000000699,SPB_B,,,,0,1000,,,,,,,,,,
BIOMD0000000699,SPB_T,,,,0,1000,,,,,,,,,,
BIOMD0000000699,Bfa1,,,,0,1000,,,,,,,,,,
BIOMD0000000699,Bfa1P4,,,,0,1000,,,,,,,,,,
BIOMD0000000699,Bfa1P5,,,,0,1000,,,,,,,,,,
BIOMD0000000699,Tem1GTP,,,,0,1000,,,,,,,,,,
BIOMD0000000699,Tem1GDP,,,,0,1000,,,,,,,,,,
BIOMD0000000699,B_Bfa1,,,,0,1000,,,,,,,,,,
BIOMD0000000699,B_Bfa1P4,,,,0,1000,,,,,,,,,,
BIOMD0000000699,B_Bfa1P5,,,,0,1000,,,,,,,,,,
BIOMD0000000699,T_Tem1GTP,,,,0,1000,,,,,,,,,,
BIOMD0000000699,T_Tem1GDP,,,,0,1000,,,,,,,,,,
BIOMD0000000699,B_Bfa1_Tem1GTP,,,,0,1000,,,,,,,,,,
BIOMD0000000699,B_Bfa1P4_Tem1GTP,,,,0,1000,,,,,,,,,,
BIOMD0000000699,B_Bfa1P5_Tem1GTP,,,,0,1000,,,,,,,,,,
BIOMD0000000699,B_Bfa1_Tem1GDP,,,,0,1000,,,,,,,,,,
BIOMD0000000699,B_Bfa1P4_Tem1GDP,,,,0,1000,,,,,,,,,,
BIOMD0000000699,B_Bfa1P5_Tem1GDP,,,,0,1000,,,,,,,,,,
BIOMD0000000699,Bfa1_Tem1GTP,,,,0,1000,,,,,,,,,,
BIOMD0000000699,Bfa1P4_Tem1GTP,,,,0,1000,,,,,,,,,,
BIOMD0000000699,Bfa1P5_Tem1GTP,,,,0,1000,,,,,,,,,,
BIOMD0000000699,Bfa1_Tem1GDP,,,,0,1000,,,,,,,,,,
BIOMD0000000699,Bfa1P4_Tem1GDP,,,,0,1000,,,,,,,,,,
BIOMD0000000699,Bfa1P5_Tem1GDP,,,,0,1000,,,,,,,,,,
BIOMD0000000700,model,0.0,0.0,0.0,23,0,0.0,0.0,0.0,0.0,0.0,0.0,0.0,0.0,0.0,0.0
BIOMD0000000700,Rb,0.14706519414881766,0.0,0.9960827033874817,999,1,0.0,0.0,0.0,0.0,0.0,0.0,0.22562086302025264,0.7440998098198094,0.9428695159461803,0.9857444335882759
BIOMD0000000700,pRb,0.5689002797112175,0.0,1.0,1000,0,0.0,0.0,0.0,0.2316221353012968,0.4202087515776753,0.6980559679337881,0.9139822942553445,0.9653492633210105,0.9719713632291499,0.9980930676583228
BIOMD0000000700,E2f,0.13491628988016863,0.0,0.98974117325094,999,1,0.0,0.0,0.0,0.0,0.0,0.0,0.3188901018326138,0.5977499365106558,0.7227044644655192,0.8914264625284453
BIOMD0000000700,RbE2f,0.15640067693392679,0.0,0.9865512314970677,999,1,0.0,0.0,0.0,0.0,0.0,0.0,0.24264915712683324,0.8458528902872405,0.9097912690222554,0.9463556444979668
BIOMD0000000700,E1,0.026643658232438246,0.0,0.9940773779593991,776,224,0.0,0.0,0.0,0.0,0.0,0.0,0.0,0.0,0.043144572233386025,0.751301244627153
BIOMD0000000700,C1,0.1741654886131576,0.0,0.9925784497400031,274,726,0.0,0.0,0.0,0.0,0.0,0.0,0.4025972229746474,0.8465272497442837,0.8996470955260939,0.9720149253216194
BIOMD0000000700,pC1,0.04275591860944284,0.0,1.0,1000,0,0.0,0.0,0.0,0.0,0.0,0.0,0.0,0.0,0.38781666962252476,0.9228121539185214
BIOMD0000000700,E1C1,0.01447062723034077,0.0,0.9885026596945301,974,26,0.0,0.0,0.0,0.0,0.0,0.0,0.0,0.0,0.0,0.6533645259804701
BIOMD0000000700,P21,0.14285714285714285,0.0,1.0,7,993,0.0,0.0,0.0,0.0,0.0,0.0,0.0,0.40000000000000036,0.6999999999999993,0.9399999999999995
BIOMD0000000700,Ce,0.097093810344393,0.0,1.0,1000,0,0.0,0.0,0.0,0.0,0.0,0.0,0.0,0.6709584846941395,0.829528026093296,0.9803766120622592
BIOMD0000000700,Ca,0.03843625234315974,0.0,1.0,868,132,0.0,0.0,0.0,0.0,0.0,0.0,0.0,0.0,0.2939080590936811,0.940749263396124
BIOMD0000000700,CeP21,0.27715615309264846,0.0,0.9992610483800296,263,737,0.0,0.0,0.0,0.0,0.0,0.0,0.8166540642185801,0.9008897826436649,0.980585111476358,0.9918656639553427
BIOMD0000000700,CaP21,0.03766198170231399,0.0,0.9965168664344606,279,721,0.0,0.0,0.0,0.0,0.0,0.0,0.0,0.0,0.0,0.9623789570334016
BIOMD0000000700,aPcna,0.005049956620213105,0.0,1.0,996,4,0.0,0.0,0.0,0.0,0.0,0.0,0.0,0.0,0.0,0.0
BIOMD0000000700,iPcna,0.02649431568540914,0.0,0.9787877045172532,999,1,0.0,0.0,0.0,0.0,0.0,0.0,0.0,0.0,0.0,0.8337632481082919
BIOMD0000000700,Rc,0.05615504209116034,0.0,1.0,657,343,0.0,0.0,0.0,0.0,0.0,0.0,0.0,0.0,0.586666683214871,0.9424096109487217
BIOMD0000000700,pRc,0.020883989301355394,0.0,0.9721329188120501,503,497,0.0,0.0,0.0,0.0,0.0,0.0,0.0,0.0,0.0,0.7863775694487487
BIOMD0000000700,aRc,0.0013157700520713249,0.0,0.5092030101516027,387,613,0.0,0.0,0.0,0.0,0.0,0.0,0.0,0.0,0.0,0.0
BIOMD0000000700,iRc,0.003424253835379575,0.0,0.6967236156349257,307,693,0.0,0.0,0.0,0.0,0.0,0.0,0.0,0.0,0.0,0.0
BIOMD0000000700,Dna,0.00652322998538227,0.0,0.927370671390067,703,297,0.0,0.0,0.0,0.0,0.0,0.0,0.0,0.0,0.0,0.19192770628360745
BIOMD0000000700,P53,0.03570697074507604,0.0,0.9935034306794026,999,1,0.0,0.0,0.0,0.0,0.0,0.0,0.0,0.0,0.09715890529604643,0.929914853734132
BIOMD0000000700,Dam,0.013933606477217435,0.0,0.9706982260758813,991,9,0.0,0.0,0.0,0.0,0.0,0.0,0.0,0.0,0.0,0.6327015895249667
BIOMD0000000700,Pr,0.06718012742643524,0.0,0.9999999999999999,857,143,0.0,0.0,0.0,0.0,0.0,0.0,0.0,0.06687443625039197,0.6929612058530906,0.9814720608543963
BIOMD0000000701,model,,,,0,24,,,,,,,,,,
BIOMD0000000701,SPB_B,,,,0,1000,,,,,,,,,,
BIOMD0000000701,SPB_T,,,,0,1000,,,,,,,,,,
BIOMD0000000701,Bfa1,,,,0,1000,,,,,,,,,,
BIOMD0000000701,Bfa1P4,,,,0,1000,,,,,,,,,,
BIOMD0000000701,Bfa1P5,,,,0,1000,,,,,,,,,,
BIOMD0000000701,Tem1GTP,,,,0,1000,,,,,,,,,,
BIOMD0000000701,Tem1GDP,,,,0,1000,,,,,,,,,,
BIOMD0000000701,B_Bfa1,,,,0,1000,,,,,,,,,,
BIOMD0000000701,B_Bfa1P4,,,,0,1000,,,,,,,,,,
BIOMD0000000701,B_Bfa1P5,,,,0,1000,,,,,,,,,,
BIOMD0000000701,T_Tem1GTP,,,,0,1000,,,,,,,,,,
BIOMD0000000701,T_Tem1GDP,,,,0,1000,,,,,,,,,,
BIOMD0000000701,B_Bfa1_Tem1GTP,,,,0,1000,,,,,,,,,,
BIOMD0000000701,B_Bfa1P4_Tem1GTP,,,,0,1000,,,,,,,,,,
BIOMD0000000701,B_Bfa1P5_Tem1GTP,,,,0,1000,,,,,,,,,,
BIOMD0000000701,B_Bfa1_Tem1GDP,,,,0,1000,,,,,,,,,,
BIOMD0000000701,B_Bfa1P4_Tem1GDP,,,,0,1000,,,,,,,,,,
BIOMD0000000701,B_Bfa1P5_Tem1GDP,,,,0,1000,,,,,,,,,,
BIOMD0000000701,Bfa1_Tem1GTP,,,,0,1000,,,,,,,,,,
BIOMD0000000701,Bfa1P4_Tem1GTP,,,,0,1000,,,,,,,,,,
BIOMD0000000701,Bfa1P5_Tem1GTP,,,,0,1000,,,,,,,,,,
BIOMD0000000701,Bfa1_Tem1GDP,,,,0,1000,,,,,,,,,,
BIOMD0000000701,Bfa1P4_Tem1GDP,,,,0,1000,,,,,,,,,,
BIOMD0000000701,Bfa1P5_Tem1GDP,,,,0,1000,,,,,,,,,,
BIOMD0000000702,model,,,,0,24,,,,,,,,,,
BIOMD0000000702,SPB_B,,,,0,1000,,,,,,,,,,
BIOMD0000000702,SPB_T,,,,0,1000,,,,,,,,,,
BIOMD0000000702,Bfa1,,,,0,1000,,,,,,,,,,
BIOMD0000000702,Bfa1P4,,,,0,1000,,,,,,,,,,
BIOMD0000000702,Bfa1P5,,,,0,1000,,,,,,,,,,
BIOMD0000000702,Tem1GTP,,,,0,1000,,,,,,,,,,
BIOMD0000000702,Tem1GDP,,,,0,1000,,,,,,,,,,
BIOMD0000000702,B_Bfa1,,,,0,1000,,,,,,,,,,
BIOMD0000000702,B_Bfa1P4,,,,0,1000,,,,,,,,,,
BIOMD0000000702,B_Bfa1P5,,,,0,1000,,,,,,,,,,
BIOMD0000000702,T_Tem1GTP,,,,0,1000,,,,,,,,,,
BIOMD0000000702,T_Tem1GDP,,,,0,1000,,,,,,,,,,
BIOMD0000000702,B_Bfa1_Tem1GTP,,,,0,1000,,,,,,,,,,
BIOMD0000000702,B_Bfa1P4_Tem1GTP,,,,0,1000,,,,,,,,,,
BIOMD0000000702,B_Bfa1P5_Tem1GTP,,,,0,1000,,,,,,,,,,
BIOMD0000000702,B_Bfa1_Tem1GDP,,,,0,1000,,,,,,,,,,
BIOMD0000000702,B_Bfa1P4_Tem1GDP,,,,0,1000,,,,,,,,,,
BIOMD0000000702,B_Bfa1P5_Tem1GDP,,,,0,1000,,,,,,,,,,
BIOMD0000000702,Bfa1_Tem1GTP,,,,0,1000,,,,,,,,,,
BIOMD0000000702,Bfa1P4_Tem1GTP,,,,0,1000,,,,,,,,,,
BIOMD0000000702,Bfa1P5_Tem1GTP,,,,0,1000,,,,,,,,,,
BIOMD0000000702,Bfa1_Tem1GDP,,,,0,1000,,,,,,,,,,
BIOMD0000000702,Bfa1P4_Tem1GDP,,,,0,1000,,,,,,,,,,
BIOMD0000000702,Bfa1P5_Tem1GDP,,,,0,1000,,,,,,,,,,
BIOMD0000000703,model,0.026232492067159028,0.0,0.2885574127387493,11,0,0.0,0.0,0.0,0.0,0.0,0.0,0.0,0.0,0.14427870636937465,0.2597016714648745
BIOMD0000000703,U,0.043864524486324385,0.0,1.0,1000,0,0.0,0.0,0.0,0.0,0.0,0.0,0.0,0.0,0.45467634824594666,0.8655670994651268
BIOMD0000000703,A6,0.04356752454843287,0.0,1.0,1000,0,0.0,0.0,0.0,0.0,0.0,0.0,0.0,0.0,0.4293321321565397,0.9573566716281774
BIOMD0000000703,b,0.0461002952599814,0.0,1.0,1000,0,0.0,0.0,0.0,0.0,0.0,0.0,0.0,0.0,0.505170488137203,0.8887325392906659
BIOMD0000000703,Btot,0.41035616110626766,0.28704248700932966,1.0,1000,0,0.2874292930801798,0.2885574127387493,0.29301388375842474,0.2963705404188065,0.30037358449213886,0.3231962023053997,0.46477294140438014,0.7788487880948299,0.9545026447902123,0.9997597337554743
BIOMD0000000703,A4,0.07449249206176177,0.0,1.0,1000,0,0.0,0.0,0.0,0.0,0.0,0.0,0.0,0.0,0.8602137900317414,0.9940949135637412
BIOMD0000000703,c,0.07329833301953703,0.0,1.0,1000,0,0.0,0.0,0.0,0.0,0.0,0.0,0.0,0.23165633125970841,0.789614729918649,0.8844218502951594
BIOMD0000000703,C,0.10685410753129929,0.0,1.0,1000,0,0.0,0.0,0.0,0.0,0.0,0.0,0.0,0.7305990374037309,0.8733481209844003,0.9782438439961068
BIOMD0000000703,g,0.14146629867852886,0.0,1.0,1000,0,0.0,0.0,0.0,0.0,0.0,0.0,0.0,0.9527021105348528,0.9796059733520824,0.9963846543646971
BIOMD0000000703,G,0.04654519351336832,0.0,1.0,1000,0,0.0,0.0,0.0,0.0,0.0,0.0,0.0,0.0,0.43859276433593253,0.8970755291932272
BIOMD0000000703,Ep,0.03430990855927182,0.0,1.0,1000,0,0.0,0.0,0.0,0.0,0.0,0.0,0.0,0.0,0.00019656809970627795,0.949166705343495
BIOMD0000000703,x,0.03962345486646648,0.0,0.9999999999999999,1000,0,0.0,0.0,0.0,0.0,0.0,0.0,0.0,0.0,0.32052467440474725,0.9337287016656469
BIOMD0000000704,model,0.41267907449525737,0.015469166686980706,1.0,9,7,0.02365456765359151,0.031839968620202316,0.040529658761028195,0.04359431853270851,0.07341821841819385,0.2394946056746558,0.9789849034014033,0.9999992891870093,0.9999996445935047,0.9999999289187009
BIOMD0000000704,Cdc25_active,0.9782115618841646,0.5782363590376486,0.9996119689950126,628,372,0.852086214806484,0.9649754313464978,0.9829339869925796,0.987346894184598,0.9912957639779998,0.9982469255304519,0.9993499610683223,0.9994380923387407,0.9994713155893044,0.9994941793593666
BIOMD0000000704,Cdc25Ps216_active,,,,0,1000,,,,,,,,,,
BIOMD0000000704,Cdc25_inactive,0.045902983330055304,0.04357778030815884,0.06002285022879239,96,904,0.04358464820226948,0.04359431853270851,0.04362635433499262,0.04365208980621263,0.0436876318944025,0.0440353678048101,0.047391826509199264,0.05151351941531335,0.05502469898425971,0.05888144223994417
BIOMD0000000704,Cdc25Ps216_inactive,,,,0,1000,,,,,,,,,,
BIOMD0000000704,Chk1P,,,,0,1000,,,,,,,,,,
BIOMD0000000704,protein_14_3_3,0.6496254828509518,0.21239263730328317,1.0,1000,0,0.2505904704760175,0.29649229938278204,0.389233693676798,0.43513553009228934,0.4819750981050684,0.6693333960067078,0.9064847461845602,0.9533008503834512,0.9767089021876105,0.9954353433120253
BIOMD0000000704,Cdc25Ps216_14_3_3_inactive,1.0,1.0,1.0,1,999,1.0,1.0,1.0,1.0,1.0,1.0,1.0,1.0,1.0,1.0
BIOMD0000000704,p53,,,,0,1000,,,,,,,,,,
BIOMD0000000704,p21,0.5609754128022943,0.0035525666409832457,0.9998511344333335,999,1,0.05966311395847219,0.11815406824642187,0.23513598963839455,0.29362700855468504,0.35211990451749103,0.5857044491663824,0.8827501536606142,0.9413010303530813,0.9705761667393059,0.9939961540756138
BIOMD0000000704,MPF,0.6142614505213595,0.0,0.9989780621212562,653,347,0.0,0.2394946056746558,0.3483023753154124,0.4208312156715651,0.4858727871334964,0.6748280687131941,0.8728483521145114,0.9350665521933827,0.9670333279490709,0.9921763171598205
BIOMD0000000704,p21_MPF,,,,0,1000,,,,,,,,,,
BIOMD0000000704,preMPF,0.31901128835151993,0.03593194901239427,0.9996077804618575,995,5,0.03593213192743193,0.03593266910350772,0.03593590832086897,0.0359419542524424,0.035974200576349216,0.21363731729683977,0.6480288038571632,0.8200915443528263,0.9138063382965558,0.9895018261094797
BIOMD0000000704,Wee1,0.03795654164897375,0.015244749793854373,0.5230094332693387,457,543,0.015305561618741036,0.015469166686980706,0.01600224272399191,0.01634413531775758,0.016764912599764915,0.01945095831434962,0.03550574931844717,0.06293682584309784,0.10913013230349315,0.3793546525800723
BIOMD0000000704,Chk1,0.9999995430411281,0.9999990011048935,1.0,1000,0,0.9999990562943268,0.9999991114837616,0.999999221862642,0.9999992770520879,0.9999993322415346,0.9999995529993566,0.9999998841361815,0.9999999449224524,0.9999999724966603,0.9999999945560271
BIOMD0000000704,Rad3_ATM,,,,0,1000,,,,,,,,,,
BIOMD0000000704,Wee1_phosphorylated,,,,0,1000,,,,,,,,,,
BIOMD0000000705,model,0.21739130434723622,0.0,1.0,23,9,0.0,0.0,0.0,0.0,0.0,0.0,0.5999999999968706,0.9999999999958255,0.9999999999995826,1.0
BIOMD0000000705,cytoplasm_Foxo1_Pa0_pUb0,0.002513518813069514,0.0,1.0,1000,0,0.0,0.0,0.0,0.0,0.0,0.0,0.0,0.0,0.0,0.0
BIOMD0000000705,nucleus_Foxo1_Pa0_pUb0,0.003579276734174654,0.0,0.8631920338528973,999,1,0.0,0.0,0.0,0.0,0.0,0.0,0.0,0.0,0.0,0.0
BIOMD0000000705,dnabound_Foxo1_Pa0_pUb0,0.013781953035981502,0.0,0.9999185758848066,999,1,0.0,0.0,0.0,0.0,0.0,0.0,0.0,0.0,0.0,0.8256334296957621
BIOMD0000000705,cytoplasm_Foxo1_Pa0_pUb1,0.0,0.0,0.0,999,1,0.0,0.0,0.0,0.0,0.0,0.0,0.0,0.0,0.0,0.0
BIOMD0000000705,nucleus_Foxo1_Pa0_pUb1,0.01381252031812227,0.0,0.9992642003943363,999,1,0.0,0.0,0.0,0.0,0.0,0.0,0.0,0.0,0.0,0.7975215983715263
BIOMD0000000705,dnabound_Foxo1_Pa0_pUb1,0.0,0.0,0.0,999,1,0.0,0.0,0.0,0.0,0.0,0.0,0.0,0.0,0.0,0.0
BIOMD0000000705,cytoplasm_Foxo1_Pa1_pUb0,0.004540009701236961,0.0,0.9709970377508442,999,1,0.0,0.0,0.0,0.0,0.0,0.0,0.0,0.0,0.0,0.0
BIOMD0000000705,nucleus_Foxo1_Pa1_pUb0,0.007072111844586239,0.0,0.9367129243578907,999,1,0.0,0.0,0.0,0.0,0.0,0.0,0.0,0.0,0.0,0.003256198720181061
BIOMD0000000705,dnabound_Foxo1_Pa1_pUb0,0.007640371952230433,0.0,0.9799914699478518,999,1,0.0,0.0,0.0,0.0,0.0,0.0,0.0,0.0,0.0,0.2346344348410414
BIOMD0000000705,cytoplasm_Foxo1_Pa1_pUb1,0.0053972933250230355,0.0,0.8815094240694729,999,1,0.0,0.0,0.0,0.0,0.0,0.0,0.0,0.0,0.0,0.0
BIOMD0000000705,nucleus_Foxo1_Pa1_pUb1,0.009398535810120727,0.0,0.9851643710106579,999,1,0.0,0.0,0.0,0.0,0.0,0.0,0.0,0.0,0.0,0.4905496038769396
BIOMD0000000705,dnabound_Foxo1_Pa1_pUb1,0.0,0.0,0.0,999,1,0.0,0.0,0.0,0.0,0.0,0.0,0.0,0.0,0.0,0.0
BIOMD0000000705,nucleus_RNA_Inr,0.008191864877569788,0.0,0.8623932586521762,999,1,0.0,0.0,0.0,0.0,0.0,0.0,0.0,0.0,0.0,0.45440558776800705
BIOMD0000000705,cytoplasm_RNA_Inr,0.0,0.0,0.0,999,1,0.0,0.0,0.0,0.0,0.0,0.0,0.0,0.0,0.0,0.0
BIOMD0000000705,cytoplasm_Inr,0.0,0.0,0.0,999,1,0.0,0.0,0.0,0.0,0.0,0.0,0.0,0.0,0.0,0.0
BIOMD0000000705,nucleus_RNA_Sod2,0.00819186487756976,0.0,0.862393258652176,999,1,0.0,0.0,0.0,0.0,0.0,0.0,0.0,0.0,0.0,0.45440558776800405
BIOMD0000000705,cytoplasm_RNA_Sod2,0.0,0.0,0.0,999,1,0.0,0.0,0.0,0.0,0.0,0.0,0.0,0.0,0.0,0.0
BIOMD0000000705,cytoplasm_Sod2,0.0,0.0,0.0,999,1,0.0,0.0,0.0,0.0,0.0,0.0,0.0,0.0,0.0,0.0
BIOMD0000000705,E2F1,0.9999999999971012,0.9999999999942023,0.9999999999999999,1000,0,0.999999999994492,0.999999999994782,0.9999999999953618,0.9999999999956517,0.9999999999959416,0.9999999999971012,0.9999999999988405,0.9999999999994204,0.9999999999997103,0.9999999999999422
BIOMD0000000705,Akt,1.0,1.0,1.0,1000,0,1.0,1.0,1.0,1.0,1.0,1.0,1.0,1.0,1.0,1.0
BIOMD0000000705,SGK,,,,0,1000,,,,,,,,,,
BIOMD0000000705,CDK2,,,,0,1000,,,,,,,,,,
BIOMD0000000705,AMPK,,,,0,1000,,,,,,,,,,
BIOMD0000000705,IKKb,,,,0,1000,,,,,,,,,,
BIOMD0000000705,JNK,,,,0,1000,,,,,,,,,,
BIOMD0000000705,PP2A,1.0,1.0,1.0,1000,0,1.0,1.0,1.0,1.0,1.0,1.0,1.0,1.0,1.0,1.0
BIOMD0000000705,CBPP300,,,,0,1000,,,,,,,,,,
BIOMD0000000705,SIRT1,,,,0,1000,,,,,,,,,,
BIOMD0000000705,E3,,,,0,1000,,,,,,,,,,
BIOMD0000000705,USP7,0.9999999999976807,0.9999999999953617,1.0,1000,0,0.9999999999955936,0.9999999999958255,0.9999999999962893,0.9999999999965212,0.9999999999967532,0.9999999999976809,0.9999999999990723,0.9999999999995361,0.9999999999997681,0.9999999999999535
BIOMD0000000705,SCF,0.9999999999976807,0.9999999999953617,1.0,1000,0,0.9999999999955936,0.9999999999958255,0.9999999999962893,0.9999999999965212,0.9999999999967532,0.9999999999976809,0.9999999999990723,0.9999999999995361,0.9999999999997681,0.9999999999999535
BIOMD0000000705,Proteasome,,,,0,1000,,,,,,,,,,
BIOMD0000000706,model,0.22397514509977443,0.0,1.0,38,7,0.0,0.0,0.0022814375686192032,0.01759458757622867,0.017985263922985998,0.07916033471888415,0.16971504519124528,1.0,1.0,1.0
BIOMD0000000706,degr_Foxo1,0.847802642106216,0.0,0.9995902989380743,999,1,0.5951288806245093,0.6423457210247653,0.7307274105759494,0.7673786340628368,0.7988204983524848,0.8831021721087133,0.9649999039288677,0.9840754753168363,0.9920780118133857,0.9979916403967671
BIOMD0000000706,cytoplasm_Foxo1_Pa0_Ac0_pUb0,0.004477119638999888,0.0,1.0,1000,0,0.0,0.0,0.0,0.0,0.0,0.0,0.0,0.0,0.0,0.0
BIOMD0000000706,nucleus_Foxo1_Pa0_Ac0_pUb0,0.013018840433942115,0.0,0.7295896141613967,999,1,0.0,0.0,0.0,0.0,0.0,0.0,0.0,0.0,0.026748291863538748,0.44821055567017765
BIOMD0000000706,dnabound_Foxo1_Pa0_Ac0_pUb0,0.006893605582367167,0.0,0.9713073981924982,999,1,0.0,0.0,0.0,0.0,0.0,0.0,0.0,0.0,0.0053908575276239105,0.06534592875407697
BIOMD0000000706,cytoplasm_Foxo1_Pa0_Ac0_pUb1,0.049425120119806334,0.0,0.9348495011427167,999,1,0.0,0.0,0.0,0.0,0.0,0.0,0.0,0.06756745535080588,0.4263706688423662,0.9061682579785452
BIOMD0000000706,nucleus_Foxo1_Pa0_Ac0_pUb1,0.014956336534692576,0.0,0.9798535527083867,999,1,0.0,0.0,0.0,0.0,0.0,0.0,0.0,0.0005116727936061117,0.008928949160158269,0.6840074951488949
BIOMD0000000706,dnabound_Foxo1_Pa0_Ac0_pUb1,0.0,0.0,0.0,999,1,0.0,0.0,0.0,0.0,0.0,0.0,0.0,0.0,0.0,0.0
BIOMD0000000706,cytoplasm_Foxo1_Pa0_Ac1_pUb0,0.48732741968372334,0.02866100628011481,0.9945116404091533,999,1,0.03733917930281708,0.11401467662774767,0.1927490216414715,0.2392776266997957,0.2852070317070769,0.4794845394586338,0.7832602504867449,0.8880702530321372,0.9410860253613509,0.9837936287496797
BIOMD0000000706,nucleus_Foxo1_Pa0_Ac1_pUb0,0.5694724660017955,0.0008628603081421993,0.9998113511993313,999,1,0.0013969291298004728,0.109791686019621,0.2651779001781746,0.3322154297668806,0.39976234826351426,0.6369242755943074,0.8544531395847015,0.9272095514459014,0.9635395279780804,0.9925483544633734
BIOMD0000000706,dnabound_Foxo1_Pa0_Ac1_pUb0,0.1027268876418576,5.122557196357569e-05,0.21353312878246744,999,1,8.87050773787923e-05,0.004979489959231102,0.04016715063051937,0.05041627369375484,0.060710314236503034,0.10269629566377336,0.1681695282693808,0.19067695311282323,0.2020611804756713,0.21123169593547214
BIOMD0000000706,cytoplasm_Foxo1_Pa0_Ac1_pUb1,0.4746074620398824,0.0,0.9892907469141388,999,1,0.0057481861683943095,0.026112732126751168,0.18136054372776675,0.23206360458442338,0.28046933231735516,0.47614766779555107,0.7790382003101282,0.8833682963978479,0.9361284586958546,0.9786259468774107
BIOMD0000000706,nucleus_Foxo1_Pa0_Ac1_pUb1,0.02030709979059642,4.4283115249177385e-06,0.0426542527035233,999,1,5.805160172644986e-06,0.00048273597487793503,0.007493348529124045,0.009792426267436649,0.011910792942265802,0.020435013133051072,0.033582069541031226,0.03808479614967184,0.040361030402358805,0.042194237038679444
BIOMD0000000706,dnabound_Foxo1_Pa0_Ac1_pUb1,0.0,0.0,0.0,999,1,0.0,0.0,0.0,0.0,0.0,0.0,0.0,0.0,0.0,0.0
BIOMD0000000706,cytoplasm_Foxo1_Pa1_Ac0_pUb0,0.5447966843117695,0.0,0.9992976476296058,999,1,0.05615743822365563,0.08235267878614705,0.18193255729993296,0.24563742920834547,0.31494285006739664,0.6100682481606455,0.8584570095189823,0.9290044063266533,0.9646411275949791,0.992120669655058
BIOMD0000000706,nucleus_Foxo1_Pa1_Ac0_pUb0,0.5400402078577078,0.0021893217231303552,0.9999301936033744,999,1,0.049878031562955644,0.11743800576850087,0.2520037729337334,0.33248501629184046,0.3812478877997239,0.5588572758547652,0.8256549971260071,0.9132698632238074,0.956720673401459,0.9909242173210754
BIOMD0000000706,dnabound_Foxo1_Pa1_Ac0_pUb0,0.4496295174788705,0.0021657520733413538,0.9548641269970355,999,1,0.013682196209617043,0.05964581345286145,0.1474902638214586,0.1920586039823563,0.2394414831407675,0.4445601003561118,0.7499933233300702,0.8519280392536044,0.9032507721206483,0.9445167155560491
BIOMD0000000706,cytoplasm_Foxo1_Pa1_Ac0_pUb1,0.48724373692806533,0.0,0.9995648701328992,999,1,0.041748752261399305,0.0671680368276242,0.14655376126959235,0.19699430874346413,0.25139208853462297,0.48441962224961976,0.817419176830465,0.925324058863119,0.9721784189598207,0.9939310001024011
BIOMD0000000706,nucleus_Foxo1_Pa1_Ac0_pUb1,0.4755098412848093,0.00515888727741598,0.9995809847076035,999,1,0.02698338284044133,0.06121445730174239,0.13999228965792512,0.1876898976227337,0.24071966253069735,0.4665933736632003,0.8038822345378095,0.9149617528418602,0.970620049197756,0.9940022405700889
BIOMD0000000706,dnabound_Foxo1_Pa1_Ac0_pUb1,0.4381233261486626,0.002597484595782684,0.9472987883201569,999,1,0.01382363333014507,0.04733367196247061,0.12658196443908623,0.170374977424123,0.21747104479556897,0.43287830894663626,0.7427179443345384,0.8446946558596442,0.8958860868585697,0.9369961694853114
BIOMD0000000706,cytoplasm_Foxo1_Pa1_Ac1_pUb0,0.4851736598800755,0.0,0.9989374954916519,999,1,0.0,0.11272490091980769,0.19075070602102687,0.23746380962348085,0.28550874285910105,0.48061968583207504,0.7867459395758462,0.8920224003698386,0.9452741155779522,0.9881717846232559
BIOMD0000000706,nucleus_Foxo1_Pa1_Ac1_pUb0,0.5423457227824428,0.0,0.9989924767684664,999,1,0.12017093701587211,0.17068472385950303,0.2662582591019101,0.31262508907042674,0.3583708352402948,0.5468545383707921,0.818260549111433,0.9069691940944287,0.9538465473600783,0.9893040434923737
BIOMD0000000706,dnabound_Foxo1_Pa1_Ac1_pUb0,0.5148704933699915,0.0,0.9981445935585989,999,1,0.09558751377548648,0.16826052718885864,0.2646308998089961,0.29743471482996464,0.3360566266288882,0.5040530429452788,0.7871412470988752,0.8923672516635416,0.9455903224085557,0.9884638990565842
BIOMD0000000706,cytoplasm_Foxo1_Pa1_Ac1_pUb1,0.5047507708847588,0.0,0.9989026016979062,999,1,0.031858404315134974,0.11597233763455365,0.2334254978812228,0.27937630297514077,0.3263043478575723,0.5089157231215207,0.7866069836039853,0.891950919216995,0.9452237509701825,0.9881341758118759
BIOMD0000000706,nucleus_Foxo1_Pa1_Ac1_pUb1,0.48956568318554194,0.0,0.9979346336056155,999,1,0.046527041625171614,0.12857222063338686,0.19339230896308193,0.23584148220864226,0.28378776177862386,0.4808151906087499,0.7866890436264987,0.8910128787257438,0.9442760928656071,0.987170986104606
BIOMD0000000706,dnabound_Foxo1_Pa1_Ac1_pUb1,0.48056197619432484,0.0,0.9980627418209279,999,1,0.02707899995672418,0.07596799065162124,0.17236922891715487,0.22635559837201552,0.27660669383201686,0.47747785272539345,0.7864663056456181,0.8910092704238999,0.9443465528905998,0.9872886572898669
BIOMD0000000706,nucleus_RNA_Inr,0.4500081048780956,0.00209131179370603,0.9305487905095092,999,1,0.004615044679250724,0.017985263922985998,0.17696020767655515,0.2223054089011317,0.2676484899318355,0.45162816478252854,0.7356356096192748,0.8325253786522313,0.8813947164464206,0.9206951387027363
BIOMD0000000706,cytoplasm_RNA_Inr,0.44621180798883797,0.0021035689329441665,0.9227183230268651,999,1,0.004653115169972322,0.01759458757622866,0.17546390073478696,0.22043340100771058,0.2653952672619312,0.4478273626549042,0.7294452294141741,0.8255197279846425,0.873977855809449,0.9129475847968278
BIOMD0000000706,cytoplasm_Inr,0.4886080714700183,0.0,0.9988457378696456,999,1,0.09627416325482317,0.11651715203646298,0.1911088071865475,0.23484038704978222,0.28024275593398323,0.47172628185677357,0.7818664912254712,0.8894342850801078,0.9444710791270237,0.987713658668929
BIOMD0000000706,nucleus_RNA_Sod2,0.4500081048780962,0.00209131179370603,0.9305487905095444,999,1,0.004615044679250724,0.017985263922985998,0.17696020767655304,0.22230540890112788,0.2676484899318299,0.4516281647825211,0.7356356096192807,0.8325253786522516,0.8813947164464485,0.9206951387027699
BIOMD0000000706,cytoplasm_RNA_Sod2,0.44621180798883564,0.0021035689329441665,0.9227183230268285,999,1,0.004653115169972322,0.017594587576228705,0.17546390073478663,0.22043340100771197,0.26539526726193435,0.4478273626549093,0.7294452294141668,0.8255197279846205,0.8739778558094197,0.9129475847967928
BIOMD0000000706,cytoplasm_Sod2,0.48860807147002755,0.0,0.998845737869677,999,1,0.0962741632548229,0.1165171520364632,0.19110880718654905,0.23484038704978183,0.2802427559339808,0.4717262818567737,0.7818664912254983,0.8894342850801388,0.9444710791270549,0.9877136586689604
BIOMD0000000706,E2F1,,,,0,1000,,,,,,,,,,
BIOMD0000000706,Akt,0.49743498600000546,0.0,1.0,1000,0,0.0,0.10179909999999986,0.2015992000000004,0.25149925000000084,0.30139930000000215,0.5009995000000104,0.8003998000000074,0.9001999000000054,0.9500999500000044,0.9900199900000036
BIOMD0000000706,SGK,,,,0,1000,,,,,,,,,,
BIOMD0000000706,CDK2,,,,0,1000,,,,,,,,,,
BIOMD0000000706,AMPK,,,,0,1000,,,,,,,,,,
BIOMD0000000706,IKKb,,,,0,1000,,,,,,,,,,
BIOMD0000000706,JNK,,,,0,1000,,,,,,,,,,
BIOMD0000000706,PP2A,1.0,1.0,1.0,1000,0,1.0,1.0,1.0,1.0,1.0,1.0,1.0,1.0,1.0,1.0
BIOMD0000000706,CBPP300,1.0,1.0,1.0,1000,0,1.0,1.0,1.0,1.0,1.0,1.0,1.0,1.0,1.0,1.0
BIOMD0000000706,SIRT1,1.0,1.0,1.0,1000,0,1.0,1.0,1.0,1.0,1.0,1.0,1.0,1.0,1.0,1.0
BIOMD0000000706,E3,,,,0,1000,,,,,,,,,,
BIOMD0000000706,USP7,1.0,1.0,1.0,1000,0,1.0,1.0,1.0,1.0,1.0,1.0,1.0,1.0,1.0,1.0
BIOMD0000000706,SCF,1.0,1.0,1.0,1000,0,1.0,1.0,1.0,1.0,1.0,1.0,1.0,1.0,1.0,1.0
BIOMD0000000706,Proteasome,1.0,1.0,1.0,1000,0,1.0,1.0,1.0,1.0,1.0,1.0,1.0,1.0,1.0,1.0
BIOMD0000000707,model,0.0,0.0,0.0,5,0,0.0,0.0,0.0,0.0,0.0,0.0,0.0,0.0,0.0,0.0
BIOMD0000000707,Normal_Th_cells,0.23147215242177627,0.0,1.0,1000,0,0.0,0.0,0.0,0.0,0.0,0.021895710313417915,0.4870030416460414,0.7506970000359966,0.8273456074832256,0.9756475901471837
BIOMD0000000707,Pathogen_Virus,0.1644553617294531,0.0,1.0,1000,0,0.0,0.0,0.0,0.0,0.0,0.0,0.3980829671204581,0.7333970723399701,0.8448254426437117,0.9776802094440363
BIOMD0000000707,Single_Infected_Th_Cells,0.1497216925471185,0.0,1.0,1000,0,0.0,0.0,0.0,0.0,0.0,0.0,0.3111549955656183,0.6894265120127985,0.8540323468107706,0.9756269636746294
BIOMD0000000707,Recombinant_Virus,0.2795442954544227,0.0,1.0,1000,0,0.0,0.0,0.0,0.0,0.0,0.10559673887448218,0.6583307324013061,0.8168700831962763,0.9101312480528024,0.9832011207531791
BIOMD0000000707,Double_Infected_Th_Cells,0.24084535722868963,0.0,0.9965773124547554,937,63,0.0,0.0,0.0,0.0,0.0,0.0,0.5723995883729615,0.7681158355477007,0.8885576053563823,0.9723941714425121
BIOMD0000000709,model,0.12294644316241343,0.0,0.6147322158120672,5,0,0.0,0.0,0.0,0.0,0.0,0.0,0.12294644316241354,0.36883932948724035,0.4917857726496536,0.5901429271795845
BIOMD0000000709,S_a,0.7102205005726145,0.42042187535562303,1.0,1000,0,0.5969955573985143,0.6147322158120672,0.6446579434839561,0.6579182278065265,0.6703297605510038,0.7151127329740585,0.7765184707416978,0.7965389228945249,0.8064244383203593,0.8140812851480854
BIOMD0000000709,I_a,0.0017933479702190727,0.0,1.0,1000,0,0.0,0.0,0.0,0.0,0.0,0.0,0.0,0.0,0.0,0.0
BIOMD0000000709,S_h,0.0833707154116848,0.0,0.9999999999999999,1000,0,0.0,0.0,0.0,0.0,0.0,0.0,0.0,0.3880658670200114,0.7998298086399757,0.9757991506229476
BIOMD0000000709,I_h,0.0,0.0,0.0,999,1,0.0,0.0,0.0,0.0,0.0,0.0,0.0,0.0,0.0,0.0
BIOMD0000000709,R_h,0.0,0.0,0.0,999,1,0.0,0.0,0.0,0.0,0.0,0.0,0.0,0.0,0.0,0.0
BIOMD0000000710,model,0.0,0.0,0.0,7,0,0.0,0.0,0.0,0.0,0.0,0.0,0.0,0.0,0.0,0.0
BIOMD0000000710,U_H,0.0422723736521821,0.0,1.0,1000,0,0.0,0.0,0.0,0.0,0.0,0.0,0.0,0.0,0.28904983333845236,0.975735285515133
BIOMD0000000710,U_E,0.0,0.0,0.0,999,1,0.0,0.0,0.0,0.0,0.0,0.0,0.0,0.0,0.0,0.0
BIOMD0000000710,U_I,0.0,0.0,0.0,999,1,0.0,0.0,0.0,0.0,0.0,0.0,0.0,0.0,0.0,0.0
BIOMD0000000710,U_R,0.0,0.0,0.0,998,2,0.0,0.0,0.0,0.0,0.0,0.0,0.0,0.0,0.0,0.0
BIOMD0000000710,V,0.0,0.0,0.0,972,28,0.0,0.0,0.0,0.0,0.0,0.0,0.0,0.0,0.0,0.0
BIOMD0000000710,IFN,0.0,0.0,0.0,910,90,0.0,0.0,0.0,0.0,0.0,0.0,0.0,0.0,0.0,0.0
BIOMD0000000710,K,0.12871967411389312,0.0,1.0,1000,0,0.0,0.0,0.0,0.0,0.0,0.0,0.0,0.9700471063266846,0.9960800729495638,0.9991759313749776
BIOMD0000000711,model,0.0,0.0,0.0,10,0,0.0,0.0,0.0,0.0,0.0,0.0,0.0,0.0,0.0,0.0
BIOMD0000000711,Viral_Load__V,0.0,0.0,0.0,299,701,0.0,0.0,0.0,0.0,0.0,0.0,0.0,0.0,0.0,0.0
BIOMD0000000711,Healthy_Epithelial_cells__H,0.08120229105893988,0.0,1.0,880,120,0.0,0.0,0.0,0.0,0.0,0.0,0.0,0.0,0.9509764652017709,0.9872157508280935
BIOMD0000000711,Infected_Epithelial_cells__I,0.0,0.0,0.0,228,772,0.0,0.0,0.0,0.0,0.0,0.0,0.0,0.0,0.0,0.0
BIOMD0000000711,APC_cells__M,0.0,0.0,0.0,400,600,0.0,0.0,0.0,0.0,0.0,0.0,0.0,0.0,0.0,0.0
BIOMD0000000711,Interferons__F,0.0,0.0,0.0,993,7,0.0,0.0,0.0,0.0,0.0,0.0,0.0,0.0,0.0,0.0
BIOMD0000000711,Resistant_cells__R,0.0,0.0,0.0,778,222,0.0,0.0,0.0,0.0,0.0,0.0,0.0,0.0,0.0,0.0
BIOMD0000000711,Effector_cells__E,0.00951986972373641,0.0,0.9999999999999999,1000,0,0.0,0.0,0.0,0.0,0.0,0.0,0.0,0.0,0.0,0.4651172338314038
BIOMD0000000711,Plasma_cells__P,0.0009999999999999998,0.0,0.9999999999999999,1000,0,0.0,0.0,0.0,0.0,0.0,0.0,0.0,0.0,0.0,0.0
BIOMD0000000711,Antibodies__A,0.025595190332612983,0.0,1.0,857,143,0.0,0.0,0.0,0.0,0.0,0.0,0.0,0.0,0.0,0.9119331037230173
BIOMD0000000711,Antigenic_compatibility__S,0.06958854513217866,0.0,1.0,1000,0,0.0,0.0,0.0,0.0,0.0,0.0,0.0,0.0,0.9201365086826381,0.9993794953111983
BIOMD0000000712,model,0.2668027457117028,0.0,0.8004082371351084,3,0,0.0,0.0,0.0,0.0,0.0,0.0,0.4802449422810651,0.6403265897080868,0.7203674134215975,0.7844000723924063
BIOMD0000000712,P,0.5881747667607078,0.0,0.9988970516089299,253,747,0.0,0.0,0.0,0.0,0.3754162097362885,0.7759033184000705,0.9001258079299778,0.9465430890793184,0.9722350330913606,0.9921726196081102
BIOMD0000000712,D,0.8372521952251967,0.0,0.9999669370839874,973,27,0.0,0.8004082371351084,0.8163352222066832,0.829866504726136,0.8356802550606512,0.8852173881699155,0.9757800594704069,0.9872449046981253,0.9933121708765649,0.9985069177815619
BIOMD0000000712,I,0.44134080558912697,0.0,0.998084858886151,609,391,0.0,0.0,0.16290948203386715,0.1780055996406087,0.20647271366748637,0.45889111391655424,0.7451647899464173,0.8672165006974021,0.9324712376280078,0.9858731283517255
BIOMD0000000713,model,0.2840284416732855,0.0,0.8520853250198566,3,0,0.0,0.0,0.0,0.0,0.0,0.0,0.5112511950119141,0.6816682600158853,0.7668767925178708,0.8350436185194594
BIOMD0000000713,T,0.9012995528580375,0.0,1.0,1000,0,0.7624990170564071,0.8520853250198566,0.8773249838240854,0.883421219621952,0.8919703309124123,0.9119887999562348,0.9649207094035622,0.9831842453603729,0.992015291317089,0.9983984862928503
BIOMD0000000713,I,0.37594759321504123,0.0,1.0,1000,0,0.0,0.0,0.0,0.0,0.0,0.0,0.8902936572178519,0.9637453238821331,0.9828209591098083,0.996565803788191
BIOMD0000000713,V,0.37598201716328483,0.0,1.0,1000,0,0.0,0.0,0.0,0.0,0.0,0.0,0.891058590112876,0.9636014420233305,0.9828556806656966,0.9966801137740322
BIOMD0000000714,model,0.6213725224807809,0.0,0.9713046775505622,4,0,0.11287392962184237,0.22574785924368473,0.45149571848736947,0.5643696481092118,0.677243577731054,0.7570927061862807,0.8455373999563923,0.9084210387534772,0.9398628581520196,0.9650163136708536
BIOMD0000000714,P,0.6660565426011584,0.0,0.9999999999999999,58,942,0.0,0.0,0.0019370406297138949,0.30380055742850365,0.5576360717927061,0.9338852227231875,0.9630491925062011,0.9803536463018236,0.990258228984578,0.9976116933953268
BIOMD0000000714,Nstar,0.9078116507708723,0.48938839576061277,0.9998498327367884,998,2,0.6389756700939758,0.7616925482269457,0.9091063472024543,0.9117977702494218,0.9150365413345887,0.9351304723426735,0.9721202305572173,0.9858734795045798,0.9927627866404504,0.9986328260576427
BIOMD0000000714,D,0.9186773594444816,0.0,0.9999765199015823,991,9,0.6754910972999675,0.7524928641456157,0.8661374904663923,0.909113831133629,0.9320454975063783,0.9674293429607124,0.9862112095730248,0.9926993394364478,0.9961845047399749,0.9992776152823072
BIOMD0000000714,C_A,0.9819742559448539,0.8685125656532808,1.0,1000,0,0.9573905987776684,0.9713046775505622,0.9769222405803948,0.978086513997219,0.978772674327954,0.9822794063952554,0.9921911611536559,0.9959704435561669,0.9980044394422602,0.9995711403238526
BIOMD0000000715,model,0.9711427367161206,0.9111405567388589,0.9998767917491745,4,0,0.920548176903628,0.9299557970683971,0.9487710373979353,0.9581786575627045,0.9675862777274736,0.9867767991882246,0.9997680610231475,0.999822426386161,0.9998496090676678,0.9998713552128732
BIOMD0000000715,S,0.9997950564012333,0.9917045987414593,1.0,1000,0,0.9987349804286563,0.9998767917491745,0.9999568986370269,0.999957110604248,0.9999571325008634,0.9999571344692226,0.9999571344694036,0.9999571344694507,0.9999571344695152,0.9999822416210753
BIOMD0000000715,E,0.9865730915497481,0.9734076930984907,1.0,109,891,0.9735306528567492,0.9738580245039864,0.9751294458517247,0.975980318057222,0.9772276948674928,0.9882417102881019,0.9964878291028944,0.9980510622103713,0.999261359463692,0.999911033637735
BIOMD0000000715,I,0.9738024496669587,0.8735466195909467,1.0,73,927,0.8925678225781387,0.9111405567388589,0.9459244892006319,0.9615686955728776,0.9755556634800069,0.9927140668779567,0.9975479884134785,0.9985915372311637,0.9994667821362434,0.9998797487623934
BIOMD0000000715,M,0.9998717320615147,0.9987802845005498,1.0,1000,0,0.9993565965892532,0.9996955738724629,0.9999327130058614,0.999932713006096,0.9999327130064136,0.999932713007321,0.9999327212175164,0.9999341987300496,0.9999475223768968,0.9999863315645676
BIOMD0000000716,model,0.0,0.0,0.0,4,0,0.0,0.0,0.0,0.0,0.0,0.0,0.0,0.0,0.0,0.0
BIOMD0000000716,S_b,0.001001001001001001,0.0,1.0,999,1,0.0,0.0,0.0,0.0,0.0,0.0,0.0,0.0,0.0,0.0
BIOMD0000000716,I_b,0.003606640887294465,0.0,1.0,1000,0,0.0,0.0,0.0,0.0,0.0,0.0,0.0,0.0,0.0,0.0
BIOMD0000000716,S_h,0.13838561677285416,0.0,1.0,1000,0,0.0,0.0,0.0,0.0,0.0,0.0,0.2859382490479167,0.6257366348718976,0.8019674633308896,0.9513072376833682
BIOMD0000000716,I_a,0.0,0.0,0.0,999,1,0.0,0.0,0.0,0.0,0.0,0.0,0.0,0.0,0.0,0.0
BIOMD0000000717,model,0.31007328261434985,0.0,0.9302198478430496,3,1,0.0,0.0,0.0,0.0,0.0,0.0,0.5581319087058298,0.7441758782744397,0.8371978630587446,0.9116154508861886
BIOMD0000000717,S_b,0.2923664087684983,0.0,1.0,1000,0,0.0,0.0,0.0,0.0,0.0,0.0,0.8162616189311293,0.9619059908195297,0.9914977028196094,0.9995882415608145
BIOMD0000000717,I_b,0.09454273994394947,0.0,1.0,1000,0,0.0,0.0,0.0,0.0,0.0,0.0,0.0,0.5035754995136311,0.7746413678407639,0.9554262677901528
BIOMD0000000717,S_h,0.9610289355124721,0.9226320312203695,1.0,1000,0,0.9264221913626557,0.9302198478430496,0.9378381110197895,0.9416589529637229,0.9454877618154351,0.9608851453126046,0.9842419894694839,0.992101539898368,0.9960458306126545,0.9992083684438238
BIOMD0000000717,I_a,,,,0,1000,,,,,,,,,,
BIOMD0000000718,model,0.34430828806294794,0.0,0.9999979377457777,12,4,0.0,0.0,0.0,0.0,0.02238902553046753,0.21332930224644037,0.7050876467712726,0.9689789022991387,0.9956114095439604,0.9991206321054142
BIOMD0000000718,CtrA,0.2513041421012703,0.0,1.0,1000,0,0.0,0.0,0.0,0.0,0.0,0.0075130657502565645,0.6303624558273259,0.828215962971103,0.9328890285470576,0.9889480284530423
BIOMD0000000718,GcrA,0.7679389325863054,0.21427037385486447,1.0,1000,0,0.31052152610679673,0.3977135706527882,0.5488562613859816,0.6147381094016766,0.6752645929614649,0.8649792876582568,0.9519283400159403,0.9820460654116121,0.9952725954925704,0.9994689695955484
BIOMD0000000718,DnaA,0.41203083573196736,0.0,1.0,1000,0,0.0,0.0,0.0,0.0,0.0,0.2833663051924959,0.9385836030337007,0.9940208362259849,0.9986337411170614,0.9996215166522091
BIOMD0000000718,Fts,0.3769719069822681,0.0,1.0,275,725,0.0,0.0,0.0,0.0,0.0,0.1111936045870191,0.8987745195141147,0.9685767363208325,0.9881729219082086,0.9982368639683916
BIOMD0000000718,Zring,0.9999962510836667,0.9998730070732361,1.0,1000,0,0.9999881256659197,0.9999979377457777,0.9999988566099068,0.9999988629111543,0.9999988634547597,0.9999988635060376,0.9999988635060425,0.9999988635060425,0.9999988635060425,0.9999988635060426
BIOMD0000000718,DivK,0.7563935534148382,0.37307128260813727,1.0,1000,0,0.42749090999850164,0.479089691165317,0.5743897029512173,0.6184340450626623,0.6602711734944405,0.8027331518208697,0.9183053386465045,0.9604625098283177,0.9822416702437283,0.9972702955342685
BIOMD0000000718,DivK_P,0.42379817023336425,0.0,1.0,965,35,0.0,0.0,0.0,0.0,0.0,0.4184778243671139,0.8540006254568046,0.9565590499743164,0.9882080243084215,0.9996669743040835
BIOMD0000000718,I,0.6894931925010251,0.0,1.0,172,828,0.0,0.11525362540092735,0.3816219872497798,0.48783770624527045,0.5787829427980216,0.8235374251595475,0.9715330547543171,0.9901415417690873,0.9960421665987804,0.9993579061045339
BIOMD0000000718,CcrM,0.7853573609853657,0.0,1.0,239,761,0.0,0.07463008510155848,0.5728654726594765,0.7308445466281959,0.8456527777838553,0.9603905115434488,0.9894710635586743,0.9950423210782382,0.9966747443988051,0.9990352503175031
BIOMD0000000718,hcori,0.9925201871067075,0.9917546319162466,0.9999999999999999,1000,0,0.9918948494943619,0.9920224319242917,0.9922400244286165,0.9922802707273166,0.9923034467638072,0.9924471977713202,0.9926065907273453,0.9929594054435349,0.9931004755638217,0.9962087595312379
BIOMD0000000718,hctrA,,,,0,1000,,,,,,,,,,
BIOMD0000000718,hccrM,,,,0,1000,,,,,,,,,,
BIOMD0000000718,hfts,,,,0,1000,,,,,,,,,,
BIOMD0000000718,Ini,,,,0,1000,,,,,,,,,,
BIOMD0000000718,Elong,0.6230501301235004,0.2921807972730972,1.0,230,770,0.29725516649225087,0.3114049790919534,0.367387017245689,0.4074802316036277,0.4554700753163056,0.6311895552261315,0.8557309926363946,0.9301990573265908,0.9701495953734185,0.9941335699274395
BIOMD0000000718,DNA,0.8581851464070782,0.7491307999412045,1.0,1000,0,0.7523630727393057,0.7615871356727613,0.7911608877806938,0.8073547823037571,0.8221057856863452,0.8612816043678315,0.906410818641412,0.9638989144889949,0.9977108004202173,0.9997040480299374
BIOMD0000000719,model,0.2,0.0,1.0,5,0,0.0,0.0,0.0,0.0,0.0,0.0,0.20000000000000018,0.6000000000000001,0.7999999999999998,0.96
BIOMD0000000719,Cyclin_B1_Cdk1_complex_phosphorylated,0.5616896552858325,0.0,1.0,1000,0,0.0,0.0,0.0,0.15589976376459827,0.3653557165253083,0.6558648205690616,0.937870157450842,0.9700405376171419,0.9843439116187955,0.997236899599213
BIOMD0000000719,Cyclin_B1_Cdk1_complex_unphosphorylated,0.21313964153165216,0.0,0.9991452590756553,999,1,0.0,0.0,0.0,0.0,0.0,0.0,0.5187143555491153,0.7156943404125653,0.8548649413889686,0.9622052639514485
BIOMD0000000719,Plx1_active,0.3946569472035824,0.0,0.9993339939147716,999,1,0.0,0.0,0.0,0.0,0.0,0.37585214385265964,0.8109944990409145,0.9291772016138977,0.9656982451756637,0.995306685079893
BIOMD0000000719,APC_C_active,0.34677746433618556,0.0,1.0,855,145,0.0,0.0,0.0,0.0,0.0,0.24541224189767596,0.7601972629274351,0.9136775916034096,0.9532092134878238,0.9898809780996206
BIOMD0000000719,APC_C_total,1.0,1.0,1.0,1000,0,1.0,1.0,1.0,1.0,1.0,1.0,1.0,1.0,1.0,1.0
BIOMD0000000720,model,0.34134748994449393,0.0,0.7920788018266007,8,0,0.0,0.0,0.0,0.0,0.02524251637531392,0.34068142081391906,0.6584393338146849,0.7818877223572593,0.78698326209193,0.7910596938796666
BIOMD0000000720,E2F,0.2769508904304587,0.0,1.0,1000,0,0.0,0.0,0.0,0.0,0.0,0.09567864093264838,0.6142968392882857,0.7862283779992622,0.8831995272774206,0.9778616278240837
BIOMD0000000720,Myc,0.70355177656612,0.21366625753597435,0.9971610759330428,999,1,0.3854151581494895,0.4289376778746991,0.5370764104471154,0.5844053632056436,0.6140978423284215,0.7187009774505734,0.8771537014649612,0.9407578228315155,0.9670108338696976,0.9932562741480592
BIOMD0000000720,CycD,0.8739340052340002,0.6060052495402202,0.999876576940607,999,1,0.738459901993328,0.7775201168703987,0.8095337599294454,0.8238064507363689,0.8352596159966341,0.8808183071350539,0.9448227280094342,0.971857547067081,0.98661139873434,0.9981369100752534
BIOMD0000000720,RE,0.8900455379623987,0.4497127509441846,0.9999918159642718,999,1,0.6894911931704506,0.7920788018266007,0.8424117136730093,0.8571291565408674,0.8699756720567039,0.9167581189116396,0.9573175718092479,0.9781248491730056,0.9893391613710821,0.9966371387334342
BIOMD0000000720,CycE,0.6403411019917077,0.0,0.999842230582321,999,1,0.12078893697140036,0.25242516375313895,0.43622323829519605,0.5003981599100717,0.5485550074791152,0.6904429893542869,0.8558080797870407,0.9204777081062957,0.958666891473208,0.992035306573658
BIOMD0000000720,RB,0.24071645822259563,0.0,1.0,999,1,0.0,0.0,0.0,0.0,0.0,0.0,0.5389599436244542,0.7562808770119418,0.8779738611115977,0.9832462483049986
BIOMD0000000720,miR449,0.7319851439557805,0.0,0.9995599332154601,999,1,0.37261763481901405,0.4798181592311138,0.6121665122746629,0.649678055655955,0.6740783402286933,0.7637664379397596,0.8871829568474973,0.9424956632541203,0.971422800672364,0.9960118467085441
BIOMD0000000720,PRB,0.6009559926669175,0.0,0.9991426829303838,997,3,0.0,0.0,0.33793932286398265,0.43332005459715217,0.5249180556109673,0.6796703713645049,0.8593240210143124,0.9271969591278205,0.9588127568344389,0.989156967382195
BIOMD0000000721,model,0.39949326449928646,0.0,0.9993354987175523,5,0,0.0,0.0,0.0,0.0,0.0,0.0,0.9983717587666144,0.9988536287420834,0.9990945637298179,0.9992873117200054
BIOMD0000000721,Osteocytes__S,0.9997709192422951,0.9978487932659859,1.0,1000,0,0.9991499568444503,0.9993354987175523,0.9997322526313319,0.999843190350584,0.9999075565148822,0.999909331120854,0.9999340321315379,0.9999613105418788,0.9999799416802816,0.999995918750718
BIOMD0000000721,Pre_Osteoblasts__P,0.3655882684092572,0.0,0.9998266110167818,201,799,0.0,0.0,0.0,0.0,0.0,0.0,0.9800326062372059,0.9901416571856665,0.9951102003456913,0.9970150369595413
BIOMD0000000721,Osteoblasts__B,0.5441647536423032,0.0,0.9999044893114862,999,1,0.0,0.0,0.0,0.0,0.0,0.8408723553082357,0.9617020998108512,0.9851598587490951,0.9943581479527451,0.9984162042526057
BIOMD0000000721,Osteoclasts__C,0.7202715894926153,0.0,0.9996669517579141,734,266,0.0,0.0,0.3930468471415346,0.7051326384734027,0.8369811904578582,0.8708899343790273,0.9685839426437007,0.9858271390526825,0.9939414970695838,0.998529784324659
BIOMD0000000721,Bone_volume__z,0.9991516437976233,0.9967110443648232,1.0,1000,0,0.9980486909458925,0.99813082377888,0.9985777255775157,0.9988713739766149,0.9991304343669498,0.9993596592082012,0.9996360169279848,0.9998046925405646,0.9998974589516311,0.9999786740558634
BIOMD0000000722,model,0.0,0.0,0.0,5,0,0.0,0.0,0.0,0.0,0.0,0.0,0.0,0.0,0.0,0.0
BIOMD0000000722,Active_TGF_beta,0.2816965084679396,0.0,1.0,1000,0,0.0,0.0,0.0,0.0,0.0,0.0,0.8113098975523176,0.9073863028053128,0.9544983021502704,0.9906690950971168
BIOMD0000000722,Macrophages,0.24248533317473506,0.0,1.0,1000,0,0.0,0.0,0.0,0.0,0.0,0.0,0.7418086022752178,0.9698750742383928,0.9832050779751564,0.9940874001576352
BIOMD0000000722,VEGF,0.03460134228929331,0.0,1.0,1000,0,0.0,0.0,0.0,0.0,0.0,0.0,0.0,0.0,0.22870429897762765,0.900966194993879
BIOMD0000000722,LECs,0.016005425509374203,0.0,0.9576623248277121,999,1,0.0,0.0,0.0,0.0,0.0,0.0,0.0,0.0,0.0,0.7933100751094198
BIOMD0000000722,Capillaries,0.2224976842104411,0.0,0.6026069626590896,786,214,0.0,0.0,0.0,0.0,0.0,0.1516652157035855,0.496959776562408,0.5564906097547818,0.5809461775729536,0.5984767383340907
BIOMD0000000723,model,0.04297363158823444,0.0,0.9999989622299489,25,0,0.0,0.0,0.0,0.0,0.0,0.0,0.0,0.0,0.05947346198072957,0.7778412498889782
BIOMD0000000723,ERG,0.7797637439255015,0.0,0.9990726035416179,154,846,0.0,0.07434182747591223,0.687734744703633,0.7425628565543033,0.8071626661242561,0.9429486106362582,0.9863061398736578,0.9921512009273884,0.9948860813167913,0.9983935542877621
BIOMD0000000723,DRG,0.29039440199131694,0.0,0.9988623803379755,899,101,0.0,0.0,0.0,0.0,0.0,0.0,0.82532476455805,0.9368790981978774,0.9684938489583049,0.9908716971574522
BIOMD0000000723,ppRB,0.34649879129222094,0.0,1.0,1000,0,0.0,0.0,0.0,0.0,0.0,0.0,0.8863270255026612,0.9387885850395622,0.9713315805888221,0.9909341468461049
BIOMD0000000723,E2F,0.004077022263037239,0.0,1.0,867,133,0.0,0.0,0.0,0.0,0.0,0.0,0.0,0.0,0.0,0.0
BIOMD0000000723,pE2F,0.0016167825294340075,0.0,1.0,872,128,0.0,0.0,0.0,0.0,0.0,0.0,0.0,0.0,0.0,0.0
BIOMD0000000723,Rb,0.12937685639000995,0.0,1.0,789,211,0.0,0.0,0.0,0.0,0.0,0.0,0.0,0.865635237113034,0.9450699527011869,0.985283935998997
BIOMD0000000723,E2FRB,0.19421711452356644,0.0,1.0,984,16,0.0,0.0,0.0,0.0,0.0,0.0,0.5627642170517323,0.9134888017415146,0.9748987218472056,0.9961789613686566
BIOMD0000000723,pE2FRB,0.18566318221967634,0.0,1.0,816,184,0.0,0.0,0.0,0.0,0.0,0.0,0.4220291747827686,0.9442409926194502,0.9802211761069465,0.9973261781040372
BIOMD0000000723,actCycD,0.2500666553114549,0.0,0.9993788370630765,894,106,0.0,0.0,0.0,0.0,0.0,0.0,0.7730651577562545,0.9089578599475591,0.9425482715953039,0.9913627842600422
BIOMD0000000723,TriD,0.13282723788083275,0.0,0.9814348466986764,205,795,0.0,0.0,0.0,0.0,0.0,0.0,0.2463074422072492,0.5165608499729292,0.6877973151667486,0.9086495287687838
BIOMD0000000723,actCycACdk1,0.005437634753335581,0.0,0.9445509152998809,808,192,0.0,0.0,0.0,0.0,0.0,0.0,0.0,0.0,0.0,0.037574844804849725
BIOMD0000000723,actCycACdk2,0.006073883871226878,0.0,1.0,888,112,0.0,0.0,0.0,0.0,0.0,0.0,0.0,0.0,0.0,0.06294229682545664
BIOMD0000000723,actCycB,0.0,0.0,0.0,678,322,0.0,0.0,0.0,0.0,0.0,0.0,0.0,0.0,0.0,0.0
BIOMD0000000723,actCycE,0.08265560695358905,0.0,0.9999999999999999,879,121,0.0,0.0,0.0,0.0,0.0,0.0,0.0,0.4801106258655563,0.7084514021348872,0.8872548734830485
BIOMD0000000723,cycA,0.007444006969226607,0.0,1.0,1000,0,0.0,0.0,0.0,0.0,0.0,0.0,0.0,0.0,0.0,0.2985968646662152
BIOMD0000000723,cycB,0.012716116421552582,0.0,1.0,1000,0,0.0,0.0,0.0,0.0,0.0,0.0,0.0,0.0,0.0,0.6185331319099187
BIOMD0000000723,cycE,0.18604086196604447,0.0,1.0,989,11,0.0,0.0,0.0,0.0,0.0,0.0,0.5985783548779844,0.8956660605197145,0.9571881302701555,0.9888116493038855
BIOMD0000000723,CKI,0.18611785180246682,0.0,1.0,924,76,0.0,0.0,0.0,0.0,0.0,0.0,0.6297326499585426,0.9383408733676915,0.9754146934022102,0.9954163095317113
BIOMD0000000723,Cdh1,0.6201581006477127,0.0,1.0,200,800,0.0,0.0,0.0,0.31865001759324063,0.3719928482054038,0.8838963878263542,0.9575184044604736,0.9742603380574891,0.9830960774392159,0.9976667167566392
BIOMD0000000723,preMPF,0.007712413358993701,0.0,1.0,1000,0,0.0,0.0,0.0,0.0,0.0,0.0,0.0,0.0,0.0,0.15327032454884262
BIOMD0000000723,TriA,0.2616154414530032,0.0,1.0,898,102,0.0,0.0,0.0,0.0,0.0,0.0,0.7675138082448458,0.9399367123700061,0.9777088222458202,0.9957155194088667
BIOMD0000000723,APCP,0.6046807847576124,0.0,1.0,241,759,0.0,0.0,0.0,0.0,0.35826695819952636,0.8216955297716909,0.9595327063097121,0.9805547530071538,0.9936335860211943,0.9998819058539378
BIOMD0000000723,Cdc20A,0.3397727510077884,0.0,1.0,211,789,0.0,0.0,0.0,0.0,0.0,0.0,0.7981707729273491,0.9302939584480678,0.989769614104979,0.9996220820361486
BIOMD0000000723,Cdc20T,0.17145999350357766,0.0,1.0,452,548,0.0,0.0,0.0,0.0,0.0,0.0,0.535956638748506,0.8065806962442864,0.9243330764402192,0.9987381822590709
BIOMD0000000723,mass,0.9999996655148355,0.9999960701610419,1.0,1000,0,0.999997478582499,0.9999989622299489,0.9999997749163294,0.9999998856918775,0.9999999105083696,0.9999999786493867,0.9999999902764951,0.999999994822209,0.9999999974420574,0.9999999994900413
BIOMD0000000724,model,0.12416541523492398,0.0,0.9974050428057247,28,0,0.0,0.0,0.0,0.0,0.0,0.0,0.0,0.7349295511349647,0.9097815205739108,0.9751995670954486
BIOMD0000000724,LCKi,0.9985587540574709,0.9971166583289606,1.0,1000,0,0.9972608229367125,0.9974050428057247,0.9976935596198843,0.9978378288901887,0.9979820939020133,0.9985590246713789,0.9994238612158932,0.9997119700196856,0.9998559946603056,0.9999712005444716
BIOMD0000000724,LCKyi,0.05550178655371623,0.0,1.0,1000,0,0.0,0.0,0.0,0.0,0.0,0.0,0.0,0.05989249566191931,0.5583244255930561,0.9159453509123584
BIOMD0000000724,LCKya,0.9450025234000624,0.8880622638793959,1.0,1000,0,0.8939404870574434,0.8997881984574679,0.9113926952828301,0.917149783640006,0.9228769660860284,0.9454896209404536,0.9785365652369328,0.9893243082216281,0.9946760899579192,0.9989374409840168
BIOMD0000000724,LCKyiya,0.9511999064668074,0.9070569889226525,1.0,1000,0,0.9110809962873669,0.9151625401750725,0.9235030160215766,0.9277644202500368,0.9320883078641268,0.9500357536784836,0.9790748866635852,0.9893712851384966,0.9946431417523003,0.9989217332212054
BIOMD0000000724,LCKpi,0.0,0.0,0.0,999,1,0.0,0.0,0.0,0.0,0.0,0.0,0.0,0.0,0.0,0.0
BIOMD0000000724,PD1,0.009421436281468982,0.0,1.0,1000,0,0.0,0.0,0.0,0.0,0.0,0.0,0.0,0.0,0.0,0.6105819717609854
BIOMD0000000724,PD1p1,0.02473926626365739,0.0,0.9845670837419234,999,1,0.0,0.0,0.0,0.0,0.0,0.0,0.0,0.07266943217900178,0.17264170209772856,0.5691586165442675
BIOMD0000000724,PD1p2,0.14135165004085404,0.0,0.9983864387729213,999,1,0.0,0.0,0.0,0.0,0.0,0.0,0.2651308437864827,0.6672709765737348,0.8633876098466867,0.9784733783454507
BIOMD0000000724,CP1,0.011087991868103107,0.0,0.9907643134190961,999,1,0.0,0.0,0.0,0.0,0.0,0.0,0.0,0.0,0.0,0.5282538690250302
BIOMD0000000724,SHP2,0.33933169495741994,0.0,1.0,1000,0,0.0,0.0,0.0,0.0,0.0,0.24981970064076064,0.7783944511376243,0.8626460580492135,0.8828229126624391,0.9737930171208179
BIOMD0000000724,CP2,0.05509353668149352,0.0,0.9799893257400593,999,1,0.0,0.0,0.0,0.0,0.0,0.0,0.0,0.12471268434111263,0.5404512714429923,0.836625961804275
BIOMD0000000724,CD28a,0.013250848684637722,0.0,0.9651312362526785,999,1,0.0,0.0,0.0,0.0,0.0,0.0,0.0,0.0,0.0,0.5813286821817649
BIOMD0000000724,CD28i,0.46235072397198584,0.0,1.0,1000,0,0.0,0.0,0.0,0.0,0.07385460734455332,0.5441773016406906,0.8749213963965147,0.9116140383071056,0.9161528087885419,0.9685381160411037
BIOMD0000000724,PI3K,0.8950330789289944,0.3744637156155064,1.0,1000,0,0.5422809508452218,0.664275845139606,0.822109364239341,0.8740646526100853,0.9146102524826387,0.9611909073604084,0.9814754325005213,0.9901276551064485,0.9947522265183493,0.9989662256479985
BIOMD0000000724,PI3Kb,0.04891818643304996,0.0,0.9942235557014945,999,1,0.0,0.0,0.0,0.0,0.0,0.0,0.0,0.0,0.48795445517365943,0.8915704148275656
BIOMD0000000724,CD3a,0.007082479948595792,0.0,0.9468972966310046,999,1,0.0,0.0,0.0,0.0,0.0,0.0,0.0,0.0,0.0,0.24290108270300015
BIOMD0000000724,CD3i,0.009488261842174743,0.0,1.0,1000,0,0.0,0.0,0.0,0.0,0.0,0.0,0.0,0.0,0.0,0.4911026631775689
BIOMD0000000724,ZAP70a1,0.0,0.0,0.0,989,11,0.0,0.0,0.0,0.0,0.0,0.0,0.0,0.0,0.0,0.0
BIOMD0000000724,ZAP70i,0.35222887598845865,0.0,0.9995815637531063,999,1,0.0,0.0,0.0,0.0,0.0,0.0,0.8553164457444083,0.9252806764204037,0.9568478131636818,0.9905770610818743
BIOMD0000000724,ZAP70,0.5187371469048023,0.0,1.0,1000,0,0.0,0.0,0.0,0.0,0.0,0.8027751355982405,0.9861594626165068,0.9906973178042361,0.994558690677972,0.9986705990419827
BIOMD0000000724,ZAP70a2,0.0,0.0,0.0,944,56,0.0,0.0,0.0,0.0,0.0,0.0,0.0,0.0,0.0,0.0
BIOMD0000000724,LATa,0.0,0.0,0.0,960,40,0.0,0.0,0.0,0.0,0.0,0.0,0.0,0.0,0.0,0.0
BIOMD0000000724,LATi,0.32150307073287593,0.0,1.0,1000,0,0.0,0.0,0.0,0.0,0.0,0.0,0.8497121549837973,0.9262523065314701,0.9938185210636744,0.9986425348151713
BIOMD0000000724,GADS,0.36054600072571863,0.0,1.0,1000,0,0.0,0.0,0.0,0.0,0.0,0.0,0.8971768317852902,0.9777835223257637,0.9904133264075596,0.9988019019256589
BIOMD0000000724,SLP76,0.36476278555884845,0.0,1.0,1000,0,0.0,0.0,0.0,0.0,0.0,0.0,0.9103607883207187,0.9855638134403948,0.9917454662688011,0.9988751186122727
BIOMD0000000724,SLP76i,0.007502287638090064,0.0,0.9885064542245473,962,38,0.0,0.0,0.0,0.0,0.0,0.0,0.0,0.0,0.0,0.29726364682053985
BIOMD0000000724,SLP76a,0.000935031298817354,0.0,0.4458731810961748,870,130,0.0,0.0,0.0,0.0,0.0,0.0,0.0,0.0,0.0,0.0
BIOMD0000000724,GADSa,0.010370440238724797,0.0,0.949087919634807,909,91,0.0,0.0,0.0,0.0,0.0,0.0,0.0,0.0,0.0,0.4745372880609749
BIOMD0000000726,model,0.0,0.0,0.0,8,0,0.0,0.0,0.0,0.0,0.0,0.0,0.0,0.0,0.0,0.0
BIOMD0000000726,S_d,0.020060866162016175,0.0,1.0,1000,0,0.0,0.0,0.0,0.0,0.0,0.0,0.0,0.0,0.0,0.9100232989372561
BIOMD0000000726,E_d,0.0021276273774933655,0.0,0.9999999999999999,1000,0,0.0,0.0,0.0,0.0,0.0,0.0,0.0,0.0,0.0,0.0
BIOMD0000000726,I_d,0.004254828583991341,0.0,1.0,1000,0,0.0,0.0,0.0,0.0,0.0,0.0,0.0,0.0,0.0,0.0
BIOMD0000000726,R_d,0.03611361938799139,0.0,1.0,1000,0,0.0,0.0,0.0,0.0,0.0,0.0,0.0,0.0,0.0,0.9967160233783748
BIOMD0000000726,S_h,0.21542168496330075,0.0,1.0,1000,0,0.0,0.0,0.0,0.0,0.0,0.0,0.8567887425512504,0.9997019444812891,0.9999720266416473,0.9999960142235544
BIOMD0000000726,E_h,0.0009999999999999998,0.0,0.9999999999999999,1000,0,0.0,0.0,0.0,0.0,0.0,0.0,0.0,0.0,0.0,0.0
BIOMD0000000726,I_h,0.0022159543547570506,0.0,1.0,1000,0,0.0,0.0,0.0,0.0,0.0,0.0,0.0,0.0,0.0,0.0
BIOMD0000000726,R_h,0.05303255466938805,0.0,1.0,1000,0,0.0,0.0,0.0,0.0,0.0,0.0,0.0,0.0,0.7006388174263537,0.9954465904042967
BIOMD0000000728,model,0.0,0.0,0.0,2,0,0.0,0.0,0.0,0.0,0.0,0.0,0.0,0.0,0.0,0.0
BIOMD0000000728,M,0.383275751181897,0.0,1.0,1000,0,0.0,0.0,0.0,0.0,0.0,0.3885177491035214,0.7331475225602235,0.8647240759814693,0.9394304233771384,0.9911734942662016
BIOMD0000000728,C,0.5201009465327436,0.0,1.0,1000,0,0.0,0.0,0.0,0.12379454315800484,0.43507564647207275,0.614212687396697,0.8184898259145932,0.9005581211663289,0.9517213965552748,0.9862568506812279
BIOMD0000000729,model,0.0,0.0,0.0,3,0,0.0,0.0,0.0,0.0,0.0,0.0,0.0,0.0,0.0,0.0
BIOMD0000000729,C,0.5391097717390736,0.0,0.9991674387931374,997,3,0.0,0.0,0.0639193754895231,0.3228192184803764,0.3627324382198188,0.6448690823254859,0.8297195963292405,0.9237033778656994,0.9746291009514665,0.9943142254489551
BIOMD0000000729,M,0.27417823909982947,0.0,0.9989530868975756,808,192,0.0,0.0,0.0,0.0,0.0,0.20614063481547612,0.5383286889229305,0.7268022914641036,0.8627531217679469,0.9732211155648678
BIOMD0000000729,X,0.29303681317247376,0.0,0.9913438481735223,436,564,0.0,0.0,0.0,0.06897264149203541,0.09464025871623077,0.265200532951658,0.5116230253001344,0.7201552792506327,0.8424962652767883,0.9694415188386605
BIOMD0000000732,model,0.0,0.0,0.0,3,0,0.0,0.0,0.0,0.0,0.0,0.0,0.0,0.0,0.0,0.0
BIOMD0000000732,Tumor,0.13666862852012196,0.0,1.0,1000,0,0.0,0.0,0.0,0.0,0.0,0.0,0.2537703067110617,0.6002566993084884,0.7826920844417846,0.9652821859120706
BIOMD0000000732,IL2,0.36153338434848026,0.0,0.9992955793602283,986,14,0.0,0.0,0.0,0.06691329334961246,0.14014964853519069,0.3197724579288518,0.6650402488500267,0.8255895770762898,0.914290344360879,0.9842190654588574
BIOMD0000000732,Immune_cells,0.4178162358239615,0.0,0.9997721598647387,999,1,0.0,0.0,0.13728527630068604,0.20388316409287066,0.24756705465087206,0.3840922757699754,0.7085193783132354,0.850819554397137,0.9256064869204281,0.9802462343517737
BIOMD0000000733,model,0.5177280474849186,0.0,0.9753106434859746,3,0,0.05778734989687813,0.11557469979375626,0.23114939958751252,0.28893674948439063,0.34672409938126875,0.5778734989687813,0.8163357856790974,0.895823214582536,0.9355669290342552,0.9673619005956308
BIOMD0000000733,naive_Tcells,0.5922622142658038,0.5776941888488903,1.0,1000,0,0.5777750759590301,0.5778734989687813,0.5781385520850332,0.5783149644214012,0.5785287459086342,0.5799269381562286,0.5849834582350348,0.587818228117189,0.5931087951806953,0.9664885943270186
BIOMD0000000733,eff_Tcells,0.25,0.0,1.0,4,996,0.0,0.0,0.0,0.0,0.0,0.0,0.40000000000000036,0.7000000000000002,0.8499999999999996,0.9699999999999998
BIOMD0000000733,tumor_cells,0.9865893976938775,0.9741258306279579,1.0,1000,0,0.9744213788229791,0.9753106434859746,0.9780533624813251,0.9792847011433914,0.9806166825200114,0.9868951964904044,0.9946666090051357,0.9974427078642447,0.9988172029994807,0.9998655926100054
BIOMD0000000734,model,0.9999998113151347,0.9999998101079579,0.9999998125223116,2,20,0.9999998102286756,0.9999998103493932,0.9999998105908287,0.9999998107115463,0.9999998108322641,0.9999998113151347,0.9999998120394409,0.9999998122808763,0.999999812401594,0.999999812498168
BIOMD0000000734,FeDuo,,,,0,1000,,,,,,,,,,
BIOMD0000000734,FeDuo_0,0.9999998415263465,0.9999942666029061,0.9999999998694413,1000,0,0.9999994396601756,0.9999998101079579,0.9999998977032362,0.9999998977037624,0.9999998977049567,0.9999998977593377,0.999999905143987,0.9999999307237852,0.9999999601964568,0.9999999914080081
BIOMD0000000734,FeRBC,,,,0,1000,,,,,,,,,,
BIOMD0000000734,FeRBC_0,0.9999998770700356,0.9999988404403842,0.9999999994889156,1000,0,0.9999995101001151,0.9999998125223116,0.9999999185660271,0.9999999185668348,0.999999918568552,0.9999999186385867,0.999999925885473,0.9999999477755974,0.9999999706010126,0.9999999935577807
BIOMD0000000734,FeSpleen,,,,0,1000,,,,,,,,,,
BIOMD0000000734,FeSpleen_0,,,,0,1000,,,,,,,,,,
BIOMD0000000734,FeLiver,,,,0,1000,,,,,,,,,,
BIOMD0000000734,FeLiver_0,,,,0,1000,,,,,,,,,,
BIOMD0000000734,Fe2Tf,,,,0,1000,,,,,,,,,,
BIOMD0000000734,NTBI,,,,0,1000,,,,,,,,,,
BIOMD0000000734,Tf,,,,0,1000,,,,,,,,,,
BIOMD0000000734,Fe1Tf,,,,0,1000,,,,,,,,,,
BIOMD0000000734,Hepcidin,,,,0,1000,,,,,,,,,,
BIOMD0000000734,Fe2Tf_0,,,,0,1000,,,,,,,,,,
BIOMD0000000734,Fe1Tf_0,,,,0,1000,,,,,,,,,,
BIOMD0000000734,NTBI_0,,,,0,1000,,,,,,,,,,
BIOMD0000000734,Fe2Tf_,,,,0,1000,,,,,,,,,,
BIOMD0000000734,FeRest,,,,0,1000,,,,,,,,,,
BIOMD0000000734,FeOutside,,,,0,1000,,,,,,,,,,
BIOMD0000000734,FeRest_0,,,,0,1000,,,,,,,,,,
BIOMD0000000734,FeBM,,,,0,1000,,,,,,,,,,
BIOMD0000000734,FeBM_0,,,,0,1000,,,,,,,,,,
BIOMD0000000736,model,0.9999999999999994,0.9999999999999992,0.9999999999999997,2,9,0.9999999999999992,0.9999999999999992,0.9999999999999993,0.9999999999999993,0.9999999999999993,0.9999999999999994,0.9999999999999996,0.9999999999999997,0.9999999999999997,0.9999999999999997
BIOMD0000000736,FeDuo,0.9999999999999999,0.9999999999999986,1.0,1000,0,0.9999999999999997,0.9999999999999997,0.9999999999999997,0.9999999999999997,0.9999999999999997,0.9999999999999997,0.9999999999999999,0.9999999999999999,1.0,1.0
BIOMD0000000736,FeRBC,0.9999999999999998,0.9999999999999987,1.0,1000,0,0.9999999999999991,0.9999999999999992,0.9999999999999992,0.9999999999999994,0.9999999999999994,0.9999999999999994,0.9999999999999998,0.9999999999999998,1.0,1.0
BIOMD0000000736,FeSpleen,,,,0,1000,,,,,,,,,,
BIOMD0000000736,FeLiver,,,,0,1000,,,,,,,,,,
BIOMD0000000736,Tf,,,,0,1000,,,,,,,,,,
BIOMD0000000736,Hepcidin,,,,0,1000,,,,,,,,,,
BIOMD0000000736,Fe2Tf,,,,0,1000,,,,,,,,,,
BIOMD0000000736,Fe1Tf,,,,0,1000,,,,,,,,,,
BIOMD0000000736,NTBI,,,,0,1000,,,,,,,,,,
BIOMD0000000736,FeRest,,,,0,1000,,,,,,,,,,
BIOMD0000000736,FeBM,,,,0,1000,,,,,,,,,,
BIOMD0000000737,model,0.485962080596301,0.0,0.971924161192602,2,9,0.04859620805963011,0.09719241611926022,0.19438483223852043,0.2429810402981505,0.2915772483577806,0.485962080596301,0.7775393289540817,0.8747317450733418,0.9233279531329719,0.962204919580676
BIOMD0000000737,FeDuo,0.9874298345935391,0.9655879059646637,1.0,5,995,0.9687560335786328,0.971924161192602,0.9782604164205404,0.9814285440345095,0.9835540018159105,0.9920558329415143,0.9984615120216057,0.9992307560108029,0.9996153780054015,0.9999230756010803
BIOMD0000000737,FeRBC,0.21304025086079822,0.0,1.0,1000,0,0.0,0.0,0.0,0.0,0.0,0.0121029363702721,0.4862278528903086,0.7944766079474366,0.9347389624820734,0.9981600925173876
BIOMD0000000737,FeSpleen,,,,0,1000,,,,,,,,,,
BIOMD0000000737,FeLiver,,,,0,1000,,,,,,,,,,
BIOMD0000000737,Tf,,,,0,1000,,,,,,,,,,
BIOMD0000000737,Hepcidin,,,,0,1000,,,,,,,,,,
BIOMD0000000737,Fe2Tf,,,,0,1000,,,,,,,,,,
BIOMD0000000737,Fe1Tf,,,,0,1000,,,,,,,,,,
BIOMD0000000737,NTBI,,,,0,1000,,,,,,,,,,
BIOMD0000000737,FeRest,,,,0,1000,,,,,,,,,,
BIOMD0000000737,FeBM,,,,0,1000,,,,,,,,,,
BIOMD0000000738,model,0.13646072181950178,0.0,0.27292144363900356,2,9,0.01364607218195018,0.02729214436390036,0.05458428872780072,0.06823036090975089,0.08187643309170106,0.13646072181950178,0.21833715491120287,0.2456292992751032,0.25927537145705337,0.27019222920261354
BIOMD0000000738,FeDuo,0.29858435169735664,0.0,1.0,1000,0,0.0,0.0,0.0,0.0,0.0,0.091758661110452,0.7049459085361587,0.8679254613292209,0.9419813616945175,0.9937426429995362
BIOMD0000000738,FeRBC,0.5247925659206732,0.23964650144304278,1.0,1000,0,0.25563817059792043,0.27292144363900356,0.31183498897689493,0.3337332514586268,0.3574622542583388,0.4744505976054255,0.7444845232046015,0.870259151645464,0.9411960075157485,0.9958716386477376
BIOMD0000000738,FeSpleen,,,,0,1000,,,,,,,,,,
BIOMD0000000738,FeLiver,,,,0,1000,,,,,,,,,,
BIOMD0000000738,Tf,,,,0,1000,,,,,,,,,,
BIOMD0000000738,Hepcidin,,,,0,1000,,,,,,,,,,
BIOMD0000000738,Fe2Tf,,,,0,1000,,,,,,,,,,
BIOMD0000000738,Fe1Tf,,,,0,1000,,,,,,,,,,
BIOMD0000000738,NTBI,,,,0,1000,,,,,,,,,,
BIOMD0000000738,FeRest,,,,0,1000,,,,,,,,,,
BIOMD0000000738,FeBM,,,,0,1000,,,,,,,,,,
BIOMD0000000739,model,,,,0,24,,,,,,,,,,
BIOMD0000000739,APC,,,,0,1000,,,,,,,,,,
BIOMD0000000739,APC_Va,,,,0,1000,,,,,,,,,,
BIOMD0000000739,Va,,,,0,1000,,,,,,,,,,
BIOMD0000000739,Va_i_506,,,,0,1000,,,,,,,,,,
BIOMD0000000739,Va_i_306,,,,0,1000,,,,,,,,,,
BIOMD0000000739,APC_Va_i_506,,,,0,1000,,,,,,,,,,
BIOMD0000000739,APC_Va_i_306,,,,0,1000,,,,,,,,,,
BIOMD0000000739,Va_i_306_506,,,,0,1000,,,,,,,,,,
BIOMD0000000739,Va_1_306_Va_LC,,,,0,1000,,,,,,,,,,
BIOMD0000000739,Va_307_506,,,,0,1000,,,,,,,,,,
BIOMD0000000739,Va_507_679_709,,,,0,1000,,,,,,,,,,
BIOMD0000000739,APC_Va_1_306_Va_LC,,,,0,1000,,,,,,,,,,
BIOMD0000000739,Xa,,,,0,1000,,,,,,,,,,
BIOMD0000000739,Xa_Va,,,,0,1000,,,,,,,,,,
BIOMD0000000739,Xa_Va_i_506,,,,0,1000,,,,,,,,,,
BIOMD0000000739,Xa_Va_i_306_506,,,,0,1000,,,,,,,,,,
BIOMD0000000739,Xa_Va_i_306,,,,0,1000,,,,,,,,,,
BIOMD0000000739,Va_307_679_709,,,,0,1000,,,,,,,,,,
BIOMD0000000739,PT,,,,0,1000,,,,,,,,,,
BIOMD0000000739,Va_PT,,,,0,1000,,,,,,,,,,
BIOMD0000000739,Xa_Va_PT,,,,0,1000,,,,,,,,,,
BIOMD0000000739,Xa_Va_i_506_PT,,,,0,1000,,,,,,,,,,
BIOMD0000000739,Xa_Va_i_306_PT,,,,0,1000,,,,,,,,,,
BIOMD0000000739,Xa_Va_i_306_506_PT,,,,0,1000,,,,,,,,,,
BIOMD0000000740,model,0.6354425958870558,0.0,1.0,19,13,0.0,0.0,0.0,0.14688747226676355,0.3125876658161207,0.8576856777343855,1.0,1.0,1.0,1.0
BIOMD0000000740,alpha2_macroglobulin,1.0,1.0,1.0,1000,0,1.0,1.0,1.0,1.0,1.0,1.0,1.0,1.0,1.0,1.0
BIOMD0000000740,alpha1_antitrypsin,1.0,1.0,1.0,1000,0,1.0,1.0,1.0,1.0,1.0,1.0,1.0,1.0,1.0,1.0
BIOMD0000000740,alpha2_antiplasmin,1.0,1.0,1.0,1000,0,1.0,1.0,1.0,1.0,1.0,1.0,1.0,1.0,1.0,1.0
BIOMD0000000740,heparin_cofactor2,1.0,1.0,1.0,1000,0,1.0,1.0,1.0,1.0,1.0,1.0,1.0,1.0,1.0,1.0
BIOMD0000000740,ProteinC_Inhibitor,1.0,1.0,1.0,1000,0,1.0,1.0,1.0,1.0,1.0,1.0,1.0,1.0,1.0,1.0
BIOMD0000000740,C1_inhibitor,1.0,1.0,1.0,1000,0,1.0,1.0,1.0,1.0,1.0,1.0,1.0,1.0,1.0,1.0
BIOMD0000000740,ProteinS_inhibitor,1.0,1.0,1.0,1000,0,1.0,1.0,1.0,1.0,1.0,1.0,1.0,1.0,1.0,1.0
BIOMD0000000740,Phospholipid,,,,0,1000,,,,,,,,,,
BIOMD0000000740,VIIa_TF,,,,0,1000,,,,,,,,,,
BIOMD0000000740,VII_TF,,,,0,1000,,,,,,,,,,
BIOMD0000000740,TF,,,,0,1000,,,,,,,,,,
BIOMD0000000740,VIIa,0.008841034316078683,0.0,1.0,1000,0,0.0,0.0,0.0,0.0,0.0,0.0,0.0,0.0,0.0,0.4003938918401532
BIOMD0000000740,VII,0.5576748860967953,0.3152401601983137,1.0,1000,0,0.3274020140588066,0.3408067477400111,0.3718236562717936,0.3897045072819898,0.4093673959629976,0.5094316584089801,0.7495124197504798,0.8633601508771083,0.9284116722894548,0.9847914293787859
BIOMD0000000740,IXa,,,,0,1000,,,,,,,,,,
BIOMD0000000740,IX,0.9118591449780277,0.842192102926303,1.0,1000,0,0.8476830017496184,0.8533885139106979,0.8654583640316814,0.8718314209387168,0.8784366138850925,0.9073045914818891,0.9589017992984319,0.9786937751727609,0.989147616135751,0.9977964043522495
BIOMD0000000740,Xa,,,,0,1000,,,,,,,,,,
BIOMD0000000740,X,0.5384390950034456,0.25791961572748745,1.0,1000,0,0.2753299987096131,0.2937749445335271,0.3342336716811621,0.35650785676319086,0.38033909888158046,0.4946970393674557,0.7480241978870559,0.8636501988715027,0.9290045422299974,0.985320742005996
BIOMD0000000740,IIa,,,,0,1000,,,,,,,,,,
BIOMD0000000740,II,0.8548748665255177,0.7913896563530319,1.0,1000,0,0.7928936032178003,0.7948779775632493,0.8004925273525021,0.8042373420127753,0.8086926305441101,0.8351481940206265,0.9116837581176925,0.9511960676253767,0.9743349731353335,0.9946551745711855
BIOMD0000000740,fibrin,0.0,0.0,0.0,999,1,0.0,0.0,0.0,0.0,0.0,0.0,0.0,0.0,0.0,0.0
BIOMD0000000740,fibrinogen,0.0391177470672571,0.0,1.0,1000,0,0.0,0.0,0.0,0.0,0.0,0.0,0.0,0.0,0.25369893887243833,0.9700802099621209
BIOMD0000000740,VIIIa,,,,0,1000,,,,,,,,,,
BIOMD0000000740,VIII,0.0037456400184069883,0.0,1.0,1000,0,0.0,0.0,0.0,0.0,0.0,0.0,0.0,0.0,0.0,0.0
BIOMD0000000740,Va,,,,0,1000,,,,,,,,,,
BIOMD0000000740,V,,,,0,1000,,,,,,,,,,
BIOMD0000000740,XIa,,,,0,1000,,,,,,,,,,
BIOMD0000000740,XI,0.9999992669785288,0.9999989333304614,1.0,1000,0,0.9999989459067908,0.9999989601305774,0.9999989945076941,0.9999990152428324,0.9999990387982511,0.9999991700803461,0.9999995491788441,0.9999997532835561,0.9999998752044686,0.9999999828176273
BIOMD0000000740,AT_III,0.95250634745731,0.9317359008119669,1.0,1000,0,0.9322276092725207,0.9328765002416116,0.9347127514637318,0.935937625985908,0.937394963690623,0.9460496500706028,0.9710934236441634,0.9840256192925648,0.9915998676757881,0.9982519441613755
BIOMD0000000740,TFPI,0.05532076032526345,0.0,1.0,1000,0,0.0,0.0,0.0,0.0,0.0,0.0,0.0,0.10488008308244359,0.5369542449048208,0.9048109577213931
BIOMD0000000740,Xa_TFPI,,,,0,1000,,,,,,,,,,
BIOMD0000000740,APC,,,,0,1000,,,,,,,,,,
BIOMD0000000740,PC,0.9209352074031554,0.8418737264038852,1.0,1000,0,0.8497796945888818,0.8576856777343855,0.873497697402517,0.8814037388766951,0.8893098052805932,0.9209343932610442,0.9683728073957506,0.9841862430001043,0.9920931172922799,0.9984186940975396
BIOMD0000000743,model,0.8696563857396857,0.5480913282590085,0.9988482847543316,4,0,0.6060337407459059,0.6639761532328032,0.779860978206598,0.8378033906934954,0.8957458031803927,0.9658429649727014,0.9979264249659797,0.9983873548601557,0.9986178198072436,0.998802191764914
BIOMD0000000743,M,0.5886397448139323,0.5480648152750843,1.0,1000,0,0.5480747761037013,0.5480913282590085,0.5481638476815606,0.5482385317960814,0.5483626996994438,0.5504290001801391,0.5989542907729392,0.6931232220526826,0.7972521878082102,0.9447577017667244
BIOMD0000000743,Tc,0.9975550575306036,0.9971385739307754,1.0,1000,0,0.9972690158754525,0.9973118517737452,0.9974758012236192,0.9975198965873076,0.997547010718565,0.99758404808526,0.9975894797495468,0.9975896566901558,0.9975896971782839,0.9990043887300241
BIOMD0000000743,N,0.9989157219483064,0.9988019806425616,1.0,1000,0,0.9988226472438329,0.9988482847543316,0.9988832741862584,0.998892599363782,0.9988974207907685,0.9989044673538923,0.9989054632776502,0.9989054920679213,0.9989055020116581,0.9997919537652169
BIOMD0000000743,Tr,0.9415225467835046,0.9343686485231619,1.0,1000,0,0.934370659625281,0.9343740781716576,0.9343888295039248,0.9344037796329236,0.9344287460454113,0.9348404826024472,0.9441772031495049,0.9611145662970136,0.9773874715244434,0.9972199239238321
BIOMD0000000744,model,0.3994210280876139,0.0,0.9999975781480732,5,0,0.0,0.0,0.0,0.0,0.0,0.0,0.9976855654616116,0.9988415718048425,0.9994195749764578,0.9998819775137502
BIOMD0000000744,x,0.4782656444269661,0.0,1.0,1000,0,0.0,0.0,0.0,0.0,0.0,0.6358873726852199,0.8460816754346976,0.8652065052001887,0.8872114967151369,0.9755119563916247
BIOMD0000000744,y,0.020266513555399084,0.0,1.0,1000,0,0.0,0.0,0.0,0.0,0.0,0.0,0.0,0.0,0.0,0.7280202744563282
BIOMD0000000744,z,0.9999979798924745,0.9999858739618025,1.0,1000,0,0.9999933879588426,0.9999975781480732,0.9999976310396876,0.9999976930479315,0.9999977774853951,0.9999982843429451,0.999999306844809,0.9999996547127527,0.9999998295811715,0.9999999663445581
BIOMD0000000744,w,0.027243826740593283,0.0,1.0,1000,0,0.0,0.0,0.0,0.0,0.0,0.0,0.0,0.0,0.060392157459125,0.8197750419206169
BIOMD0000000744,v,0.9989925120431297,0.9957693571982944,1.0,1000,0,0.9964916984220222,0.9971075622899962,0.9980740908175095,0.9984471164416809,0.9987590721376733,0.9995372165257951,0.9998448435408986,0.9998612161949856,0.9998978288338132,0.9999753697705418
BIOMD0000000745,model,0.9999991708356102,0.9999979584341887,0.9999999179551866,5,0,0.9999981065776015,0.9999982547210143,0.99999855100784,0.9999986991512527,0.9999988773946729,0.9999995903683536,0.9999997342062926,0.9999998260807397,0.9999998720179631,0.9999999087677419
BIOMD0000000745,T,0.999999954611914,0.9999998843707179,1.0,1000,0,0.9999999133000625,0.9999999179551866,0.9999999261486677,0.9999999301956335,0.9999999344213405,0.9999999595733163,0.9999999816255611,0.9999999895185457,0.9999999943420392,0.9999999988859763
BIOMD0000000745,I,0.9999995472258613,0.9999976802399954,1.0,1000,0,0.9999982756192447,0.9999986991512527,0.9999994184419115,0.9999995479357167,0.9999995990488681,0.9999997129071427,0.9999998895462969,0.9999999384983059,0.9999999698123897,0.9999999944686898
BIOMD0000000745,V,0.9999988375219571,0.9999977721908097,1.0,1000,0,0.9999978914525953,0.9999979584341887,0.9999982594977462,0.9999983796106956,0.9999984951952234,0.9999988174730641,0.9999994122711587,0.9999997462951395,0.999999878377983,0.999999969152864
BIOMD0000000745,N,0.9999998357611821,0.9999995683880498,1.0,1000,0,0.999999668940815,0.9999996882690692,0.9999997187130074,0.9999997391976662,0.9999997598998107,0.9999998507672141,0.999999942497444,0.9999999660043437,0.9999999831341704,0.9999999966442765
BIOMD0000000745,H,0.9999997529847822,0.9999995213998905,1.0,1000,0,0.9999995534891446,0.9999995903683536,0.999999613061926,0.9999996338417141,0.9999996581402706,0.9999997412987987,0.9999998887742774,0.9999999441104052,0.9999999729176345,0.9999999947761518
BIOMD0000000746,model,0.3333333333333333,0.0,1.0,3,0,0.0,0.0,0.0,0.0,0.0,0.0,0.6000000000000001,0.8,0.8999999999999999,0.98
BIOMD0000000746,C,1.0,1.0,1.0,1,999,1.0,1.0,1.0,1.0,1.0,1.0,1.0,1.0,1.0,1.0
BIOMD0000000746,E,0.037996458599937784,0.0,1.0,1000,0,0.0,0.0,0.0,0.0,0.0,0.0,0.0,0.0,0.0026386238092043915,0.9552834877842558
BIOMD0000000746,B,0.0,0.0,0.0,999,1,0.0,0.0,0.0,0.0,0.0,0.0,0.0,0.0,0.0,0.0
BIOMD0000000747,model,0.0,0.0,0.0,24,9,0.0,0.0,0.0,0.0,0.0,0.0,0.0,0.0,0.0,0.0
BIOMD0000000747,IX,0.013449796158811086,0.0,1.0,1000,0,0.0,0.0,0.0,0.0,0.0,0.0,0.0,0.0,0.0,0.916975551766286
BIOMD0000000747,TF_VIIa_IX,,,,0,1000,,,,,,,,,,
BIOMD0000000747,TF_VIIa,,,,0,1000,,,,,,,,,,
BIOMD0000000747,IXa,0.0,0.0,0.0,991,9,0.0,0.0,0.0,0.0,0.0,0.0,0.0,0.0,0.0,0.0
BIOMD0000000747,TF_VIIa_X,,,,0,1000,,,,,,,,,,
BIOMD0000000747,X,0.014919279237588217,0.0,1.0,1000,0,0.0,0.0,0.0,0.0,0.0,0.0,0.0,0.0,0.0,0.9665184605805595
BIOMD0000000747,Xa,0.0,0.0,0.0,988,12,0.0,0.0,0.0,0.0,0.0,0.0,0.0,0.0,0.0,0.0
BIOMD0000000747,VIII,0.029957021011553984,0.0,1.0,87,913,0.0,0.0,0.0,0.0,0.0,0.0,0.0,0.0,0.0,0.9302938204203188
BIOMD0000000747,Xa_VIII,,,,0,1000,,,,,,,,,,
BIOMD0000000747,VIIIa,0.0,0.0,0.0,950,50,0.0,0.0,0.0,0.0,0.0,0.0,0.0,0.0,0.0,0.0
BIOMD0000000747,IIa,0.0,0.0,0.0,567,433,0.0,0.0,0.0,0.0,0.0,0.0,0.0,0.0,0.0,0.0
BIOMD0000000747,IIa_VIII,0.0,0.0,0.0,22,978,0.0,0.0,0.0,0.0,0.0,0.0,0.0,0.0,0.0,0.0
BIOMD0000000747,VIIIa_IXa,0.0,0.0,0.0,920,80,0.0,0.0,0.0,0.0,0.0,0.0,0.0,0.0,0.0,0.0
BIOMD0000000747,VIIIa_IXa_X,0.0,0.0,0.0,278,722,0.0,0.0,0.0,0.0,0.0,0.0,0.0,0.0,0.0,0.0
BIOMD0000000747,V,0.032671221482714216,0.0,1.0,103,897,0.0,0.0,0.0,0.0,0.0,0.0,0.0,0.0,0.0,0.9685988349933567
BIOMD0000000747,Xa_V,0.0,0.0,0.0,84,916,0.0,0.0,0.0,0.0,0.0,0.0,0.0,0.0,0.0,0.0
BIOMD0000000747,Va,0.0,0.0,0.0,982,18,0.0,0.0,0.0,0.0,0.0,0.0,0.0,0.0,0.0,0.0
BIOMD0000000747,IIa_V,0.0,0.0,0.0,79,921,0.0,0.0,0.0,0.0,0.0,0.0,0.0,0.0,0.0,0.0
BIOMD0000000747,Va_Xa,0.0,0.0,0.0,940,60,0.0,0.0,0.0,0.0,0.0,0.0,0.0,0.0,0.0,0.0
BIOMD0000000747,II,0.030344935459759772,0.0,1.0,145,855,0.0,0.0,0.0,0.0,0.0,0.0,0.0,0.0,0.0,0.9457681378814734
BIOMD0000000747,Va_Xa_II,0.0,0.0,0.0,73,927,0.0,0.0,0.0,0.0,0.0,0.0,0.0,0.0,0.0,0.0
BIOMD0000000747,Fibrinogen,0.019021815808189096,0.0,1.0,89,911,0.0,0.0,0.0,0.0,0.0,0.0,0.0,0.0,0.0,0.7297886140973713
BIOMD0000000747,Fibrinogen_IIa,0.0,0.0,0.0,61,939,0.0,0.0,0.0,0.0,0.0,0.0,0.0,0.0,0.0,0.0
BIOMD0000000747,Fibrin,0.0,0.0,0.0,990,10,0.0,0.0,0.0,0.0,0.0,0.0,0.0,0.0,0.0,0.0
BIOMD0000000747,VIIIa_inact,0.0,0.0,0.0,911,89,0.0,0.0,0.0,0.0,0.0,0.0,0.0,0.0,0.0,0.0
BIOMD0000000747,IXa_inact,0.0,0.0,0.0,886,114,0.0,0.0,0.0,0.0,0.0,0.0,0.0,0.0,0.0,0.0
BIOMD0000000747,Xa_inact,0.0,0.0,0.0,953,47,0.0,0.0,0.0,0.0,0.0,0.0,0.0,0.0,0.0,0.0
BIOMD0000000747,IIa_inact,0.0,0.0,0.0,962,38,0.0,0.0,0.0,0.0,0.0,0.0,0.0,0.0,0.0,0.0
BIOMD0000000747,Xa_Xa_Inhibitor,,,,0,1000,,,,,,,,,,
BIOMD0000000747,Xa_Inhibitor,,,,0,1000,,,,,,,,,,
BIOMD0000000747,Va_Xa_Xa_Inhibitor,,,,0,1000,,,,,,,,,,
BIOMD0000000747,IIa_IIa_Inhibitor,,,,0,1000,,,,,,,,,,
BIOMD0000000747,IIa_Inhibitor,,,,0,1000,,,,,,,,,,
BIOMD0000000748,model,0.0,0.0,0.0,4,0,0.0,0.0,0.0,0.0,0.0,0.0,0.0,0.0,0.0,0.0
BIOMD0000000748,x,0.13024644648656458,0.0,1.0,1000,0,0.0,0.0,0.0,0.0,0.0,0.0,0.0,0.7635554740117718,0.8851646412591639,0.9783013006291532
BIOMD0000000748,y,0.304001073719633,0.0,0.9989603168892873,987,13,0.0,0.0,0.0,0.0,0.0,0.1799100760318727,0.7178315565394837,0.853034322626033,0.9176713058993149,0.9791161540158245
BIOMD0000000748,v,0.3379725200481127,0.0,0.9987913978285344,999,1,0.0,0.0,0.0,0.0,0.0,0.24385516551112552,0.7103075010634277,0.871539841873596,0.9514243579683708,0.9881686702668658
BIOMD0000000748,z,0.3448981203224637,0.0,0.7206192761773669,150,850,0.0,0.0,0.0,0.0,0.0,0.4311444656415693,0.6745491027969537,0.7083804163019535,0.7171992270500851,0.7204030023849397
BIOMD0000000749,model,0.0,0.0,0.0,2,0,0.0,0.0,0.0,0.0,0.0,0.0,0.0,0.0,0.0,0.0
BIOMD0000000749,E,0.35928784961751514,0.0,1.0,1000,0,0.0,0.0,0.0,0.0,0.0,0.25542974765883003,0.7962084578369297,0.9267408512542392,0.9734428924108739,0.9966092456004465
BIOMD0000000749,R,0.14976865325005906,0.0,1.0,1000,0,0.0,0.0,0.0,0.0,0.0,0.0,0.33495026727701704,0.659660738428136,0.8258908381889024,0.9643287427294813
BIOMD0000000750,model,0.0,0.0,0.0,8,0,0.0,0.0,0.0,0.0,0.0,0.0,0.0,0.0,0.0,0.0
BIOMD0000000750,Tp,0.0027939060188059586,0.0,1.0,1000,0,0.0,0.0,0.0,0.0,0.0,0.0,0.0,0.0,0.0,0.0
BIOMD0000000750,Tm,0.004415009840643392,0.0,0.9967651608941173,999,1,0.0,0.0,0.0,0.0,0.0,0.0,0.0,0.0,0.0,0.0
BIOMD0000000750,G,0.0028139835604325146,0.0,0.7664227149872268,999,1,0.0,0.0,0.0,0.0,0.0,0.0,0.0,0.0,0.0,0.0
BIOMD0000000750,A,0.002648372087830172,0.0,0.6236659071154536,999,1,0.0,0.0,0.0,0.0,0.0,0.0,0.0,0.0,0.0,0.0
BIOMD0000000750,S,0.001,0.0,1.0,1000,0,0.0,0.0,0.0,0.0,0.0,0.0,0.0,0.0,0.0,0.0
BIOMD0000000750,P,0.011241578602598447,0.0,1.0,1000,0,0.0,0.0,0.0,0.0,0.0,0.0,0.0,0.0,0.0,0.7379773055934574
BIOMD0000000750,Nn,0.0010141987829614604,0.0,1.0,986,14,0.0,0.0,0.0,0.0,0.0,0.0,0.0,0.0,0.0,0.0
BIOMD0000000750,Na,0.009381317287217854,0.0,1.0,1000,0,0.0,0.0,0.0,0.0,0.0,0.0,0.0,0.0,0.0,0.3934565086364216
BIOMD0000000751,model,0.0,0.0,0.0,2,0,0.0,0.0,0.0,0.0,0.0,0.0,0.0,0.0,0.0,0.0
BIOMD0000000751,C,0.058211793217027866,0.0,0.9999999999999999,1000,0,0.0,0.0,0.0,0.0,0.0,0.0,0.0,0.1307636431070102,0.5533139898494576,0.9239928122359587
BIOMD0000000751,I,0.002549501116856026,0.0,0.9999999999999999,1000,0,0.0,0.0,0.0,0.0,0.0,0.0,0.0,0.0,0.0,0.0
BIOMD0000000752,model,0.06895993231895242,0.0,0.20687979695685726,3,0,0.0,0.0,0.0,0.0,0.0,0.0,0.12412787817411437,0.1655038375654858,0.1861918172611715,0.20274220101772011
BIOMD0000000752,C,0.05611106821974087,0.0,1.0,1000,0,0.0,0.0,0.0,0.0,0.0,0.0,0.0,0.13489029563285643,0.5326302548293207,0.9140056034823113
BIOMD0000000752,I,0.6308298844189888,0.0,1.0,1000,0,0.0,0.20687979695685726,0.4099337676990618,0.48272002132839986,0.5347268097807576,0.7041443024428992,0.8653229161666012,0.9297895161063786,0.96330975515934,0.9945997649740561
BIOMD0000000752,R,0.05560323709983164,0.0,0.9999999999999999,1000,0,0.0,0.0,0.0,0.0,0.0,0.0,0.0,0.14744949367433946,0.5441800981832043,0.9165115773564261
BIOMD0000000753,model,0.9454647738873774,0.9264984782767138,0.9644310694980408,2,0,0.9283951078377802,0.9302917373988465,0.9340849965209792,0.9359816260820456,0.9378782556431119,0.9454647738873774,0.9568445512537754,0.9606378103759081,0.9625344399369744,0.9640517435858276
BIOMD0000000753,T,0.9661647717064841,0.3128569483094388,1.0,1000,0,0.8511513268596133,0.9644310694980408,0.9832522424651629,0.9832522436480352,0.9832522444071157,0.9832522465843678,0.9833019566674311,0.984536147364769,0.9888743581134418,0.9973408275118235
BIOMD0000000753,E,0.9243509977669667,0.8049758018447092,0.9999999999999998,1000,0,0.9209629142268319,0.9264984782767138,0.926525802844805,0.926525813720007,0.9265258149751778,0.926525816849086,0.926525817838665,0.9265258882793718,0.9265261853520111,0.9738990554572802
BIOMD0000000754,model,0.0,0.0,0.0,3,0,0.0,0.0,0.0,0.0,0.0,0.0,0.0,0.0,0.0,0.0
BIOMD0000000754,T,0.39472331716838677,0.0,1.0,1000,0,0.0,0.0,0.0,0.0,0.0,0.38764249441354004,0.7662802035433168,0.8784510827613731,0.9377377964545205,0.9885516886253548
BIOMD0000000754,E,0.6385687729558823,0.0,1.0,1000,0,0.0,0.0,0.38694675913124144,0.4763302192380242,0.5329445300302387,0.7218424240054272,0.9067417421595668,0.9497114028300405,0.9753269821099376,0.9948013409689216
BIOMD0000000754,I,0.6217488853749743,0.0,0.9997189087575148,999,1,0.0,0.0,0.4108076579579013,0.4791399749079916,0.5510275825131785,0.6907505050749351,0.8907898237342441,0.9412814184996714,0.9707689867082232,0.9939098259195627
BIOMD0000000755,model,,,,0,9,,,,,,,,,,
BIOMD0000000755,TF,,,,0,1000,,,,,,,,,,
BIOMD0000000755,X,,,,0,1000,,,,,,,,,,
BIOMD0000000755,Xa_Va,,,,0,1000,,,,,,,,,,
BIOMD0000000755,II,,,,0,1000,,,,,,,,,,
BIOMD0000000755,IIa,,,,0,1000,,,,,,,,,,
BIOMD0000000755,Xa_Va_II,,,,0,1000,,,,,,,,,,
BIOMD0000000755,mIIa,,,,0,1000,,,,,,,,,,
BIOMD0000000755,mIIa_ATIII,,,,0,1000,,,,,,,,,,
BIOMD0000000755,IIa_ATIII,,,,0,1000,,,,,,,,,,
BIOMD0000000756,model,0.0,0.0,0.0,3,1,0.0,0.0,0.0,0.0,0.0,0.0,0.0,0.0,0.0,0.0
BIOMD0000000756,T,0.001,0.0,1.0,1000,0,0.0,0.0,0.0,0.0,0.0,0.0,0.0,0.0,0.0,0.0
BIOMD0000000756,E,0.001,0.0,1.0,1000,0,0.0,0.0,0.0,0.0,0.0,0.0,0.0,0.0,0.0,0.0
BIOMD0000000756,I,0.0010193679918450561,0.0,1.0,981,19,0.0,0.0,0.0,0.0,0.0,0.0,0.0,0.0,0.0,0.0
BIOMD0000000756,S,,,,0,1000,,,,,,,,,,
BIOMD0000000757,model,0.0,0.0,0.0,7,0,0.0,0.0,0.0,0.0,0.0,0.0,0.0,0.0,0.0,0.0
BIOMD0000000757,Tumor,0.001,0.0,1.0,1000,0,0.0,0.0,0.0,0.0,0.0,0.0,0.0,0.0,0.0,0.0
BIOMD0000000757,CancerStemCell,0.001,0.0,1.0,1000,0,0.0,0.0,0.0,0.0,0.0,0.0,0.0,0.0,0.0,0.0
BIOMD0000000757,CytotoxicTcell,0.6190616954472605,0.0,1.0,413,587,0.0,0.0,0.0,0.0,0.16315222543760724,0.8901400621478823,0.9955629905571585,0.9988657248674321,0.9995863570532892,0.9999351317672357
BIOMD0000000757,TGFb,0.07851108000344084,0.0,1.0,1000,0,0.0,0.0,0.0,0.0,0.0,0.0,0.0,0.37548361130521674,0.7517755169879227,0.8835393734613238
BIOMD0000000757,IFNy,0.032592930123147096,0.0,1.0,135,865,0.0,0.0,0.0,0.0,0.0,0.0,0.0,0.0,0.0035650632522593703,0.9031516792103251
BIOMD0000000757,MHC1,0.14780537759535006,0.0,1.0,1000,0,0.0,0.0,0.0,0.0,0.0,0.0,0.16195330743379638,0.7885467913571362,0.8839747353549967,0.9788575944663932
BIOMD0000000757,MHC2,0.02694640300930766,0.0,1.0,405,595,0.0,0.0,0.0,0.0,0.0,0.0,0.0,0.0,0.0,0.8877059919683694
BIOMD0000000758,model,0.0012889124416516629,0.0,0.0025778248833033257,2,0,0.00012889124416516629,0.00025778248833033257,0.0005155649766606651,0.0006444562208258314,0.0007733474649909977,0.0012889124416516629,0.0020622599066426606,0.002320042394972993,0.0024489336391381594,0.0025520466344702924
BIOMD0000000758,T,0.1768575790918329,0.0,0.9999999999999999,1000,0,0.0,0.0,0.0,0.0,0.0,0.0,0.3857817510799442,0.8734640753163172,0.9363209647478836,0.9949304506055214
BIOMD0000000758,I,0.0046977032900337445,0.0025037121907344195,0.009517847716832728,16,984,0.0025058831877922128,0.0025778248833033257,0.002658842709678866,0.0028836178129477696,0.0029687925799923853,0.003867620044233966,0.006887376259506084,0.008100762475631351,0.009178248821442109,0.009449927937754603
BIOMD0000000759,model,0.0,0.0,0.0,6,0,0.0,0.0,0.0,0.0,0.0,0.0,0.0,0.0,0.0,0.0
BIOMD0000000759,Tn,0.009252165979355846,0.0,1.0,1000,0,0.0,0.0,0.0,0.0,0.0,0.0,0.0,0.0,0.0,0.4290344237307698
BIOMD0000000759,Ts,0.03877140366087097,0.0,1.0,1000,0,0.0,0.0,0.0,0.0,0.0,0.0,0.0,0.0,0.3274919879271044,0.8260835631673594
BIOMD0000000759,M1,0.083053431520164,0.0,1.0,749,251,0.0,0.0,0.0,0.0,0.0,0.0,0.0,0.46835373429204497,0.48691563188378867,0.7151859250976272
BIOMD0000000759,M2,0.01318617429120756,0.0,1.0,1000,0,0.0,0.0,0.0,0.0,0.0,0.0,0.0,0.0,0.0,0.8891936950411259
BIOMD0000000759,Th1,0.0,0.0,0.0,999,1,0.0,0.0,0.0,0.0,0.0,0.0,0.0,0.0,0.0,0.0
BIOMD0000000759,Th2,0.0,0.0,0.0,999,1,0.0,0.0,0.0,0.0,0.0,0.0,0.0,0.0,0.0,0.0
BIOMD0000000760,model,0.0,0.0,0.0,2,0,0.0,0.0,0.0,0.0,0.0,0.0,0.0,0.0,0.0,0.0
BIOMD0000000760,T,0.5592546402475281,0.0,1.0,1000,0,0.0,0.0,0.0,0.48234107543603355,0.49167622338535866,0.6713945466007845,0.8540067456303551,0.9437859236886151,0.9752963415833782,0.994374596783782
BIOMD0000000760,N,0.5552660464749419,0.0,1.0,1000,0,0.0,0.0,0.30761019943329265,0.3302078683924913,0.36977226268837565,0.66116444540209,0.8414067401375709,0.922318010845876,0.960504963406029,0.9933609410469599
BIOMD0000000761,model,0.16647742231677745,0.0,0.9988645339006648,6,0,0.0,0.0,0.0,0.0,0.0,0.0,0.0,0.4994322669503324,0.7491484004254986,0.9489213072056317
BIOMD0000000761,U,0.16937183640415143,0.0,0.9497911294723305,999,1,0.0,0.0,0.0,0.0,0.0,0.0,0.49441009514325196,0.7040604022863262,0.7523385379412536,0.7656036748883293
BIOMD0000000761,X,0.03131175824836159,0.0,0.9999999999999999,1000,0,0.0,0.0,0.0,0.0,0.0,0.0,0.0,0.0,0.13981968625232183,0.8688331660294875
BIOMD0000000761,Y,0.19610057940238856,0.0,1.0,1000,0,0.0,0.0,0.027768873369824115,0.07557572236186025,0.10669502528663356,0.17186289388995596,0.24447391392695092,0.2606412628672673,0.7588618034708223,0.9570704812559689
BIOMD0000000761,M,0.3262219969074609,0.0,0.9966314757923986,999,1,0.0,0.0,0.0,0.0,0.0,0.3234099466216859,0.6371900787032792,0.6918106108484198,0.7424115050560663,0.9459068637735021
BIOMD0000000761,P,0.9990791955864692,0.9944113389168665,0.9999969292526298,999,1,0.998842512099263,0.9988645339006648,0.9989163553734165,0.9989461203936101,0.998978033312649,0.9991001418943266,0.999148110952314,0.9992763410916181,0.9994427552069913,0.9998784176018357
BIOMD0000000761,Z,0.28936435194949417,0.0,1.0,1000,0,0.0,0.0,0.0,0.0,0.0,0.0,0.6948824603043834,0.8933589880475618,0.9403487242648497,0.9889252194496027
BIOMD0000000762,model,0.29157945412917763,0.0,0.5831589082583553,2,0,0.029157945412917764,0.05831589082583553,0.11663178165167105,0.14578972706458881,0.17494767247750656,0.29157945412917763,0.4665271266066842,0.5248430174325197,0.5540009628454374,0.5773273191757717
BIOMD0000000762,E,0.8078115592018387,0.4708823112258418,1.0,1000,0,0.5107827631692544,0.5831589082583553,0.6584642241502173,0.6907648328491593,0.7294771446667675,0.8405333881807673,0.9490309461872436,0.9794410164553383,0.98928466751407,0.9923360457352967
BIOMD0000000762,T,0.34375525681125857,0.0,1.0,1000,0,0.0,0.0,0.0,0.0,0.0,0.006284288522145409,0.8232775217150852,0.8994624662784286,0.9481784116216553,0.9899970741973293
BIOMD0000000763,model,0.2944501090267955,0.0,0.8833503270803865,3,0,0.0,0.0,0.0,0.0,0.0,0.0,0.530010196248232,0.7066802616643093,0.7950152943723477,0.8656833205387787
BIOMD0000000763,N_Tumour,0.9151479526301757,0.8820779622521401,0.975524483070048,7,993,0.8827141446662633,0.8833503270803865,0.8862950479071667,0.8894397643190906,0.8925844807310143,0.9058314288336189,0.9404432955428065,0.9579086356473774,0.9667165593587127,0.973762898327781
BIOMD0000000763,T_H,0.04029632958310361,0.0,1.0,1000,0,0.0,0.0,0.0,0.0,0.0,0.0,0.0,0.0,0.2927596538348821,0.9492896166746629
BIOMD0000000763,T_C,0.06487016957107769,0.0,1.0,1000,0,0.0,0.0,0.0,0.0,0.0,0.0,0.0,0.10350989012172053,0.6859528370220817,0.9726986325516941
BIOMD0000000764,model,0.3491632336858743,0.0,0.7572752518534118,4,0,0.0,0.0,0.0,0.0,0.0,0.3196888414450427,0.6865367104754161,0.721905981164414,0.7395906165089128,0.753738324784512
BIOMD0000000764,U,0.7575035232448295,0.0,1.0,353,647,0.0,0.0,0.6151232993716609,0.7418111508303225,0.8220782399696069,0.8962106194310553,0.9585039380343287,0.9795095616740552,0.989529066920461,0.9979037543972274
BIOMD0000000764,I,0.4425565818391588,0.0,0.9992569330361624,999,1,0.0,0.0,0.0,0.0,0.07669874870715084,0.4988299102099204,0.7878917728413346,0.8834337037333369,0.9389931359761765,0.9880192933717065
BIOMD0000000764,V,0.7878221450281863,0.0,1.0,658,342,0.6327462244530596,0.6393776828900855,0.6830880980267136,0.7177333738697992,0.7605285892474352,0.8328956041010253,0.9017276317793907,0.9493532986852997,0.9749310578083294,0.9948725414448418
BIOMD0000000764,C,0.8653382272063355,0.243501327188281,0.9999999999999999,1000,0,0.5829025837359598,0.7572752518534118,0.7858672751532175,0.8127745319392192,0.8449961605973214,0.9024535311201448,0.954481213641911,0.9767110065518088,0.988693434425909,0.9980251727130287
BIOMD0000000765,model,0.5183630996420514,0.0,0.9050773411941981,3,1,0.06500119577319562,0.13000239154639123,0.26000478309278247,0.32500597886597804,0.3900071746391736,0.6500119577319561,0.8030511878093013,0.8540642645017498,0.879570802847974,0.8999760335249533
BIOMD0000000765,C,0.8312248882639153,0.39597816809837305,1.0,1000,0,0.5299422078282036,0.6500119577319561,0.6954819620802127,0.7153272501826891,0.7392680470517092,0.8538126832448834,0.9846698693025921,0.9968885295370905,0.9988743017893065,0.9997824481184302
BIOMD0000000765,A_T,,,,0,1000,,,,,,,,,,
BIOMD0000000765,R,0.600482549650834,0.0,1.0,1000,0,0.0,0.0,0.0,0.5113212748303853,0.6198922845789986,0.7101988857483668,0.8711680960550501,0.9351630106138944,0.9670509139056086,0.9942462754399347
BIOMD0000000765,RC,0.9400370295365715,0.3916055380649479,0.9998524953532684,999,1,0.902101228511402,0.9050773411941981,0.9100950833176102,0.9131851085279967,0.9170290134391401,0.9358251900399461,0.9728101692932479,0.9862180382471633,0.9930365518147257,0.9985739743350579
BIOMD0000000766,model,0.0,0.0,0.0,5,0,0.0,0.0,0.0,0.0,0.0,0.0,0.0,0.0,0.0,0.0
BIOMD0000000766,U,0.09212427322184225,0.0,1.0,811,189,0.0,0.0,0.0,0.0,0.0,0.0,0.0,0.6241062555276331,0.8182649401403631,0.9610862300432476
BIOMD0000000766,I,0.0,0.0,0.0,190,810,0.0,0.0,0.0,0.0,0.0,0.0,0.0,0.0,0.0,0.0
BIOMD0000000766,M,0.001,0.0,1.0,1000,0,0.0,0.0,0.0,0.0,0.0,0.0,0.0,0.0,0.0,0.0
BIOMD0000000766,E,0.013173972475671635,0.0,0.2409975436146483,999,1,0.0,0.0,0.0,0.0,0.0,0.0,0.0,0.0,0.14425895184688853,0.2112280740990447
BIOMD0000000766,V,0.0041841004184100415,0.0,1.0,239,761,0.0,0.0,0.0,0.0,0.0,0.0,0.0,0.0,0.0,0.0
BIOMD0000000767,model,0.3333333333333333,0.0,1.0,3,0,0.0,0.0,0.0,0.0,0.0,0.0,0.6000000000000001,0.8,0.8999999999999999,0.98
BIOMD0000000767,U,0.2952881183543218,0.0,1.0,1000,0,0.0,0.0,0.0,0.0,0.0,0.0,0.7116675091299435,0.8492326987691888,0.8874249557665038,0.8983215924576993
BIOMD0000000767,M,1.0,1.0,1.0,1000,0,1.0,1.0,1.0,1.0,1.0,1.0,1.0,1.0,1.0,1.0
BIOMD0000000767,E,0.2968309537753799,0.0,0.9995961387959511,998,2,0.0,0.0,0.0,0.0,0.0,0.0,0.8692843570170563,0.9610139693206934,0.9780960668298371,0.9951082505474185
BIOMD0000000768,model,0.5020748542848856,0.0,0.8191741515502692,4,1,0.055504233881656616,0.11100846776331323,0.22201693552662646,0.27752116940828303,0.3330254032899396,0.5945626327946366,0.8191278844470452,0.8191510179986572,0.8191625847744631,0.819171838195108
BIOMD0000000768,Th,,,,0,1000,,,,,,,,,,
BIOMD0000000768,T,0.002430314888877326,0.0,1.0,1000,0,0.0,0.0,0.0,0.0,0.0,0.0,0.0,0.0,0.0,0.0
BIOMD0000000768,Cs,0.87473379684537,0.7146992913944471,0.9996908176780275,999,1,0.7982748552787188,0.8190970397115626,0.8338187409492125,0.8420185068272008,0.8454076061653519,0.8682649764045285,0.9070176737813511,0.9536044743952626,0.982714276188893,0.9961928926380925
BIOMD0000000768,Cp,0.5686606990176077,0.0,0.9997004471765957,999,1,0.03414026862428335,0.3700282258777107,0.4686450160960531,0.49211026261572227,0.5107173985735303,0.5881458668295627,0.7041615212134784,0.7847156605597062,0.9126393947478804,0.977701366914589
BIOMD0000000768,C,0.8752338261601366,0.7146944203618572,0.9997790301883193,999,1,0.7983623260592038,0.8191741515502692,0.8344239906806862,0.8427185430956069,0.8461182021362954,0.8692003628060114,0.9064403967634919,0.9527522283895311,0.9827261804249318,0.9962578405706778
BIOMD0000000769,model,0.0,0.0,0.0,5,0,0.0,0.0,0.0,0.0,0.0,0.0,0.0,0.0,0.0,0.0
BIOMD0000000769,T,0.2740180203779588,0.0,1.0,677,323,0.0,0.0,0.0,0.0,0.0,0.0,0.750167287776683,0.8818914255482841,0.9230593326648091,0.9839417744002127
BIOMD0000000769,H1,0.43403295481218557,0.0,0.9987866306405726,999,1,0.0,0.0,0.0,0.0,0.0,0.5130006293551367,0.8669403569517564,0.9260152540177103,0.9586797932094329,0.9909995118431421
BIOMD0000000769,H2,0.023649573055556417,0.0,0.36752984573871217,940,60,0.0,0.0,0.0,0.0,0.0,0.0,0.0,0.0,0.26937026433921046,0.3632361938571818
BIOMD0000000769,M1,0.001,0.0,1.0,1000,0,0.0,0.0,0.0,0.0,0.0,0.0,0.0,0.0,0.0,0.0
BIOMD0000000769,M2,0.03554749184048045,0.0,0.9836961069961209,999,1,0.0,0.0,0.0,0.0,0.0,0.0,0.0,0.0,0.2754566887192294,0.8750500967560176
BIOMD0000000770,model,0.0,0.0,0.0,4,0,0.0,0.0,0.0,0.0,0.0,0.0,0.0,0.0,0.0,0.0
BIOMD0000000770,H1,0.35308917994385186,0.0,0.9995661023835702,999,1,0.0,0.0,0.0,0.0,0.0,0.1933102670042074,0.7549306306975847,0.9218232287822692,0.9539914159127608,0.9905838010604583
BIOMD0000000770,H2,0.1460495111926053,0.0,0.9995786911443548,982,18,0.0,0.0,0.0,0.0,0.0,0.0,0.26225741996193364,0.6465196602694697,0.9175620151763151,0.9835571772265513
BIOMD0000000770,M1,0.25542584511730776,0.0,1.0,1000,0,0.0,0.0,0.0,0.0,0.0,0.0,0.6052927486833768,0.8126681544850352,0.915656119255309,0.9824674308437711
BIOMD0000000770,M2,0.1611538780777772,0.0,0.9973977435259207,999,1,0.0,0.0,0.0,0.0,0.0,0.0,0.43411694943477214,0.5266686683531366,0.6713215192012438,0.9306930220562546
BIOMD0000000771,model,0.7710256870455502,0.5854395504407831,0.8987504745660834,3,0,0.6097842990096832,0.6341290475785832,0.6828185447163835,0.7071632932852836,0.7315080418541836,0.828887036129784,0.8708050991915636,0.8847777868788235,0.8917641307224534,0.8973532057973573
BIOMD0000000771,y_Tumor_Cell,0.9213338415492962,0.8141990030495951,0.9999999999999999,1000,0,0.8226447085662433,0.828887036129784,0.8525590865824826,0.8656115363768189,0.8816445409659522,0.9426282547161609,0.9747808965373098,0.987070307926406,0.9934771468452519,0.998886957941239
BIOMD0000000771,v_Virus,0.9703348186996305,0.6914135229038545,1.0,405,595,0.8219549282360037,0.8987504745660834,0.9692606205749493,0.9834316903870126,0.9907231133327113,0.9941169519011711,0.9974133052648406,0.9993507672351979,0.9996217991917017,0.9999240314202049
BIOMD0000000771,x_Infected_Cell,0.8841983052256777,0.11291089694467737,0.999717207973441,573,427,0.3902258896307751,0.5854395504407831,0.8156015199583373,0.8802232603124738,0.9242671850079629,0.9828919034054777,0.9919943185468918,0.9944645998293488,0.9950401316560008,0.9980454013518023
BIOMD0000000772,model,0.29187790078977177,0.0,0.8756337023693154,3,1,0.0,0.0,0.0,0.0,0.0,0.0,0.5253802214215892,0.7005069618954524,0.7880703321323838,0.858121028321929
BIOMD0000000772,x,0.9386099879029464,0.8152021695525666,1.0,1000,0,0.8321332582844254,0.8756337023693154,0.9064951153650084,0.9103929411985674,0.9161324363533444,0.9500168997452629,0.9798797842865324,0.9899776841458631,0.9952094806147493,0.9990669915126745
BIOMD0000000772,I,,,,0,1000,,,,,,,,,,
BIOMD0000000772,y,0.22826340385523228,0.0,1.0,22,978,0.0,0.0,0.0,0.0,0.0,0.0,0.7545764821474417,0.9081062026984211,0.9554735116772143,0.9911474175873737
BIOMD0000000772,z,0.3238941777337144,0.0,1.0,478,522,0.0,0.0,0.0,0.0,0.0,0.0,0.8916860657614191,0.9281298041434284,0.9586550452784228,0.99076553920727
BIOMD0000000773,model,0.0,0.0,0.0,3,0,0.0,0.0,0.0,0.0,0.0,0.0,0.0,0.0,0.0,0.0
BIOMD0000000773,S,0.1696837898943973,0.0,1.0,1000,0,0.0,0.0,0.0,0.0,0.0,0.0,0.3921237483933875,0.685602459416612,0.8461884603335263,0.9723094632378341
BIOMD0000000773,T,0.19193982420876757,0.0,0.9958981148069647,999,1,0.0,0.0,0.0,0.0,0.0,0.0,0.44530377999796356,0.7086793510339132,0.8540344679454539,0.972368548571494
BIOMD0000000773,D,0.2607166232418501,0.0,0.9969580685219195,994,6,0.0,0.0,0.0,0.0,0.0,0.0,0.7329718283806863,0.8359229049835593,0.9135048964639616,0.9819841939570046
BIOMD0000000774,model,0.0,0.0,0.0,2,0,0.0,0.0,0.0,0.0,0.0,0.0,0.0,0.0,0.0,0.0
BIOMD0000000774,S,0.001,0.0,1.0,1000,0,0.0,0.0,0.0,0.0,0.0,0.0,0.0,0.0,0.0,0.0
BIOMD0000000774,D,0.0005246800095002731,0.0,0.5241553294907728,999,1,0.0,0.0,0.0,0.0,0.0,0.0,0.0,0.0,0.0,0.0
BIOMD0000000775,model,0.9265904017066557,0.9134934523492736,0.9459127090555461,4,0,0.9147746195974306,0.9160557868455876,0.9186181213419016,0.9198992885900587,0.9211804558382156,0.9234777227109016,0.9333176104731081,0.9396151597643272,0.9427639344099367,0.9452829541264243
BIOMD0000000775,G,0.9757968254278744,0.9354273082835715,0.9999999999999999,1000,0,0.9407734924439359,0.9459127090555461,0.9555604877248758,0.9600663602402073,0.964360003287474,0.9794441225950297,0.9958041749242955,0.9990013599926467,0.9998157439853412,0.99996519575533
BIOMD0000000775,C,0.9491543997593682,0.9210682797424382,0.9889073747446642,12,988,0.9229759235393493,0.9249208780848162,0.9292297248776179,0.9315712154449707,0.9340517733986915,0.9455027252831489,0.9684599144024673,0.97807956763789,0.9834421828218219,0.9878143363600957
BIOMD0000000775,N,0.956545077484473,0.900094958614829,1.0,1000,0,0.9068822115886841,0.9134934523492736,0.9261604796794817,0.9322036045434147,0.9380458720296844,0.9593566887996752,0.9863977277647409,0.9953729691103874,0.998536889457462,0.9997455612738152
BIOMD0000000775,Q,0.961884401450798,0.9091133310292151,0.9999967265913692,999,1,0.9156695399403946,0.922034567336987,0.9341605933611742,0.9399070954668687,0.9454338118609471,0.9652577198931461,0.9889035620930927,0.9964477982166668,0.9988115382333799,0.9996998471760006
BIOMD0000000776,model,0.0,0.0,0.0,2,0,0.0,0.0,0.0,0.0,0.0,0.0,0.0,0.0,0.0,0.0
BIOMD0000000776,S,0.03869942338834655,0.0,1.0,1000,0,0.0,0.0,0.0,0.0,0.0,0.0,0.0,0.0,0.08323872148361164,0.9864330197925567
BIOMD0000000776,R,0.4825304120101051,0.0,1.0,1000,0,0.0,0.0,0.0,0.03051359740328019,0.12785809850130694,0.4990732401373275,0.9373161205015467,0.9609287945295535,0.9796048023881239,0.9958247696174773
BIOMD0000000777,model,0.8195850137267776,0.47080896327456795,0.9981245686743138,3,0,0.5227102178702563,0.5746114724659446,0.6784139816573211,0.7303152362530095,0.7822164908486978,0.9898215092314511,0.9948033448971687,0.9964639567857412,0.9972942627300275,0.9979585074854566
BIOMD0000000777,M_Tumor_Cells,0.9939014182190422,0.9894491650944631,1.0,1000,0,0.9896121947314963,0.9898215092314511,0.9903918940456773,0.9907568578966557,0.9911756606133598,0.9933404320458592,0.9975265743896269,0.9991548207454013,0.9998276440443846,0.9999831250060246
BIOMD0000000777,N_CTL,0.790457390333713,0.290610528918826,1.0,1000,0,0.38662330115426874,0.47080896327456795,0.6092012939499116,0.6657571108685327,0.7152215252077783,0.8577878917747699,0.9659249950867775,0.9855226950545815,0.9933180680702122,0.9987431926664443
BIOMD0000000777,Z_THL,0.9990910018543122,0.9978801353093236,1.0,1000,0,0.998002145427933,0.9981245686743138,0.9983713818269803,0.9984961929591798,0.9986222072203726,0.9991381971333688,0.9998324541444071,0.9999546082881997,0.9999838545184436,0.9999970256334823
BIOMD0000000778,model,0.0,0.0,0.0,3,0,0.0,0.0,0.0,0.0,0.0,0.0,0.0,0.0,0.0,0.0
BIOMD0000000778,T,0.001326259946949602,0.0,1.0,754,246,0.0,0.0,0.0,0.0,0.0,0.0,0.0,0.0,0.0,0.0
BIOMD0000000778,I,0.0,0.0,0.0,582,418,0.0,0.0,0.0,0.0,0.0,0.0,0.0,0.0,0.0,0.0
BIOMD0000000778,C,0.0,0.0,0.0,538,462,0.0,0.0,0.0,0.0,0.0,0.0,0.0,0.0,0.0,0.0
BIOMD0000000779,model,0.2,0.0,1.0,5,1,0.0,0.0,0.0,0.0,0.0,0.0,0.20000000000000018,0.6000000000000001,0.7999999999999998,0.96
BIOMD0000000779,T_Tumour_Cells,0.0020692854821011187,0.0,1.0,1000,0,0.0,0.0,0.0,0.0,0.0,0.0,0.0,0.0,0.0,0.0
BIOMD0000000779,N_Natural_Killer_Cells,0.06295178470255308,0.0,1.0,1000,0,0.0,0.0,0.0,0.0,0.0,0.0,0.0,0.0,0.9514480570071817,0.9999636039609141
BIOMD0000000779,L_CD8_T_Cells,0.004398178715146116,0.0,1.0,1000,0,0.0,0.0,0.0,0.0,0.0,0.0,0.0,0.0,0.0,0.0
BIOMD0000000779,C_Lymphocytes,1.0,1.0,1.0,1000,0,1.0,1.0,1.0,1.0,1.0,1.0,1.0,1.0,1.0,1.0
BIOMD0000000779,M_Chemotherapy_Drug,,,,0,1000,,,,,,,,,,
BIOMD0000000779,I_IL_2,0.0035564457746027484,0.0,1.0,1000,0,0.0,0.0,0.0,0.0,0.0,0.0,0.0,0.0,0.0,0.0
BIOMD0000000780,model,0.3216342816616171,0.0,0.9655876823559104,4,0,0.002989875366161506,0.005979750732323012,0.011959501464646024,0.014949376830807527,0.01793925219696903,0.16047472214527905,0.5668452380520532,0.7662164602039818,0.8659020712799459,0.9456505601407174
BIOMD0000000780,S,0.9743758829609187,0.9562279632773436,0.9999999999999999,1000,0,0.9651176387005677,0.9655876823559104,0.965974668082684,0.9662632848461234,0.9666582478558313,0.9699111739174024,0.9846105167648871,0.9922896353510642,0.9961983812487927,0.9995342802040398
BIOMD0000000780,N,0.16681558667984323,0.01766505293829923,1.0,1000,0,0.018658832617749997,0.019932502441076704,0.023661902640016174,0.026355051913569294,0.029821019163193206,0.057472795795889486,0.2597127715748085,0.5159000182315511,0.7579043599309128,0.9867078634296392
BIOMD0000000780,T,0.13790268334316522,0.0,1.0,427,573,0.0,0.0,0.0,0.0,0.0,0.0,0.24178097992144265,0.660472956906589,0.861431573681011,0.9896720095863948
BIOMD0000000780,M,0.43058424271384477,0.18609424876974667,0.4922995556864921,995,5,0.2566027000424918,0.3010169418494814,0.3708507666600068,0.39756130927092254,0.41930423682314016,0.4686001759004228,0.4889777519700765,0.49106460455404494,0.4917618631517916,0.4922028437465525
BIOMD0000000781,model,0.8430277794429403,0.6790236151752514,0.9716666294696502,3,0,0.6989605630261182,0.718897510876985,0.7587714065787186,0.7787083544295853,0.798645302280452,0.8783930936839192,0.9343572151553579,0.953011922312504,0.9623392758910772,0.9698011587539356
BIOMD0000000781,S,0.8902319388185531,0.8783924982980191,1.0,1000,0,0.8783926904838851,0.8783930936839192,0.8783957090481918,0.8783994129914323,0.8784071557479476,0.8786738947554424,0.9001718806591097,0.9197971208146487,0.9260014487518066,0.9950073407545853
BIOMD0000000781,N,0.8670355540114291,0.576802548738423,1.0,243,757,0.6312405662498299,0.6790236151752514,0.7588291468449495,0.7924629930449194,0.8227047048156557,0.9153921651909643,0.9584786949454465,0.9680056759373764,0.9840201209919468,0.9967207604310675
BIOMD0000000781,T,0.9735246688835218,0.9664758977193788,0.9999999999999999,1000,0,0.9716664090845432,0.9716666294696502,0.9716679887902996,0.9716698251365985,0.971673506377754,0.9717763482699446,0.974894036583095,0.9775716777843158,0.9782820803608552,0.9957935292716664
BIOMD0000000782,model,0.9767939385850475,0.971551196022652,0.9820366811474429,2,0,0.9720754702788916,0.9725997445351311,0.9736482930476102,0.9741725673038497,0.9746968415600893,0.9767939385850475,0.9799395841224847,0.9809881326349639,0.9815124068912033,0.981931826296195
BIOMD0000000782,S,0.9821127630371645,0.9307416623198488,1.0,1000,0,0.9481033587964528,0.971551196022652,0.9861361015904356,0.9861782107571031,0.9861782220281919,0.9861782746496585,0.9862082288264632,0.9865640181300624,0.9868618588709722,0.9942220522098912
BIOMD0000000782,N,0.9847639381589117,0.9656708777328583,1.0,1000,0,0.9741008098357294,0.9820366811474429,0.9856156048699142,0.9856156285552576,0.985615635082585,0.9856156511199798,0.9857306080633184,0.9865413398241273,0.9870123567408771,0.9957595074984598
BIOMD0000000783,model,0.8111797286226604,0.6071011773428555,0.9915146600222904,3,0,0.6298833944588534,0.6526656115748514,0.6982300458068473,0.7210122629228453,0.7437944800388432,0.8349233485028349,0.9288781354145081,0.9601963977183993,0.9758555288703448,0.9883828337919013
BIOMD0000000783,x_Tumor_Cells,0.8820766528842412,0.0,1.0,1000,0,0.21959987238044967,0.6071011773428555,0.8542521837835565,0.9054769749406768,0.9400149186080774,0.9910939295821268,0.999490215719458,0.9997895328854981,0.9999082890488422,0.9999852538655467
BIOMD0000000783,y_Effector_Cells,0.9465888170612955,0.004759920586226096,1.0,1000,0,0.7031074893791585,0.8349233485028349,0.9377592466876392,0.9603735808693815,0.9757907185881433,0.995899837261251,0.9987897333994856,0.999051901520107,0.9994172365927756,0.9998519270631875
BIOMD0000000783,z_Helper_T_Cells,0.997040456407849,0.9445765554849838,1.0,1000,0,0.9858565244171853,0.9915146600222904,0.996800780006788,0.9979664569984998,0.9986796773763601,0.9994281840557366,0.9994855642907148,0.9996047026840521,0.9997849533320208,0.9999621653268613
BIOMD0000000784,model,0.6372630021380239,0.14313365242486248,0.9278017875809298,3,0,0.21290564382320418,0.2826776352215459,0.42222161801822927,0.491993609416571,0.5617656008149127,0.8408535664082795,0.8930224991118697,0.9104121433463997,0.9191069654636648,0.9260628231574768
BIOMD0000000784,x_Tumor_Cells,0.958569746638149,0.9129023328019535,0.9999999999999999,1000,0,0.9203004396593595,0.9278017875809298,0.9324944464247962,0.9356748835902708,0.939753949089643,0.9606589941914025,0.9832549799826258,0.9915844107766216,0.9956258297588969,0.9990810784141497
BIOMD0000000784,y_Healthy_Cells,0.7193497654957367,0.0670708469488045,1.0,922,78,0.0868939496682981,0.14313365242486248,0.3271286448151933,0.4420411597299367,0.5587334073529467,0.9440717354360375,0.9894845786318139,0.9937272585395664,0.9967183543846972,0.999284907338979
BIOMD0000000784,z_Effector_Cells,0.9257604476828021,0.8305591959359232,1.0,1000,0,0.8340888678126357,0.8408535664082795,0.8617833172469169,0.8746221539895715,0.8888631833475741,0.9431594110056115,0.978213362283417,0.9882565192387726,0.9939550003198835,0.9988114978761126
BIOMD0000000785,model,0.3657397490746325,0.18501833100641532,0.5464611671428498,2,0,0.20309047281323706,0.22116261462005876,0.25730689823370223,0.27537904004052394,0.29345118184734564,0.3657397490746325,0.4741725999155629,0.5103168835292063,0.528389025336028,0.5428467387814854
BIOMD0000000785,x_Malignant_Cells,0.7810807207041875,0.0,1.0,933,67,0.0,0.18501833100641532,0.6468829228894557,0.7601646925035193,0.8315053723947926,0.938103054012531,0.9557732165724039,0.9689210562837728,0.9822034167497319,0.996840911095809
BIOMD0000000785,y_Lymphocytes,0.8361996753550385,0.0,1.0,1000,0,0.0,0.5464611671428498,0.7854917814707882,0.8489870761811861,0.8942280771656054,0.9523077028898894,0.9616512702973617,0.972352983614408,0.985131867066867,0.9967704816894077
BIOMD0000000786,model,0.10961816097088864,0.0,0.9865634487379977,9,6,0.0,0.0,0.0,0.0,0.0,0.0,0.0,0.19731268974759972,0.5919380692427982,0.9076383728389579
BIOMD0000000786,IKK_neutral,0.0,0.0,0.0,947,53,0.0,0.0,0.0,0.0,0.0,0.0,0.0,0.0,0.0,0.0
BIOMD0000000786,IKK_active,0.0,0.0,0.0,4,996,0.0,0.0,0.0,0.0,0.0,0.0,0.0,0.0,0.0,0.0
BIOMD0000000786,IKK_inact,0.0,0.0,0.0,56,944,0.0,0.0,0.0,0.0,0.0,0.0,0.0,0.0,0.0,0.0
BIOMD0000000786,IKKactive_IkB,,,,0,1000,,,,,,,,,,
BIOMD0000000786,IkB,0.0,0.0,0.0,48,952,0.0,0.0,0.0,0.0,0.0,0.0,0.0,0.0,0.0,0.0
BIOMD0000000786,IKKactive_IkB_NFKB,,,,0,1000,,,,,,,,,,
BIOMD0000000786,IkB_NFKB,0.9563998062253202,0.0,1.0,995,5,0.8693804093099327,0.9865634487379977,0.986650180681065,0.9866501903698245,0.9866501968079313,0.9866502260413901,0.9866502701003085,0.986651386443173,0.9868402357012075,0.9928430895268717
BIOMD0000000786,NFKB,0.0,0.0,0.0,2,998,0.0,0.0,0.0,0.0,0.0,0.0,0.0,0.0,0.0,0.0
BIOMD0000000786,NFKB_nuc,0.0,0.0,0.0,55,945,0.0,0.0,0.0,0.0,0.0,0.0,0.0,0.0,0.0,0.0
BIOMD0000000786,IkB_nuc,0.0,0.0,0.0,4,996,0.0,0.0,0.0,0.0,0.0,0.0,0.0,0.0,0.0,0.0
BIOMD0000000786,IkB_NFKB_nuc,,,,0,1000,,,,,,,,,,
BIOMD0000000786,IkB_mRNA,,,,0,1000,,,,,,,,,,
BIOMD0000000786,A20_mRNA,,,,0,1000,,,,,,,,,,
BIOMD0000000786,A20,0.0,0.0,0.0,55,945,0.0,0.0,0.0,0.0,0.0,0.0,0.0,0.0,0.0,0.0
BIOMD0000000786,cgen_mRNA,,,,0,1000,,,,,,,,,,
BIOMD0000000787,model,0.0,0.0,0.0,2,0,0.0,0.0,0.0,0.0,0.0,0.0,0.0,0.0,0.0,0.0
BIOMD0000000787,V_Tumor_Volume,0.19591678207439428,0.0,1.0,1000,0,0.0,0.0,0.0,0.0,0.0,0.0,0.529786602915198,0.7331395326628479,0.8654064495374253,0.9801696789214135
BIOMD0000000787,C_Cytotoxic_T_Lymphocytes_Coverage,0.1491026157814815,0.0,1.0,715,285,0.0,0.0,0.0,0.0,0.0,0.0,0.35999923274429446,0.5605424451535354,0.7269721225045284,0.9324493539899837
BIOMD0000000788,model,0.016666666666666666,0.0,0.1,6,2,0.0,0.0,0.0,0.0,0.0,0.0,0.0,0.05,0.07500000000000001,0.09500000000000003
BIOMD0000000788,C_free,0.5,0.0,1.0,2,998,0.05,0.1,0.2,0.25,0.3,0.5,0.8,0.9,0.95,0.99
BIOMD0000000788,R_A,0.001095290251916758,0.0,1.0,913,87,0.0,0.0,0.0,0.0,0.0,0.0,0.0,0.0,0.0,0.0
BIOMD0000000788,R_B,0.0017546635928813595,0.0,1.0,1000,0,0.0,0.0,0.0,0.0,0.0,0.0,0.0,0.0,0.0,0.0
BIOMD0000000788,RC_A,,,,0,1000,,,,,,,,,,
BIOMD0000000788,RC_B,0.004080839815782715,0.0,0.24628160437798263,153,847,0.0,0.0,0.0,0.0,0.0,0.0,0.0,0.0,0.0,0.18714561390775444
BIOMD0000000788,RC_AB,0.0008121382087089177,0.0,0.22167321219088099,618,382,0.0,0.0,0.0,0.0,0.0,0.0,0.0,0.0,0.0,0.0
BIOMD0000000788,AP,0.0009620661876073825,0.0,0.2472464491242532,653,347,0.0,0.0,0.0,0.0,0.0,0.0,0.0,0.0,0.0,0.0
BIOMD0000000788,AD,,,,0,1000,,,,,,,,,,
BIOMD0000000789,model,0.8381059108189222,0.8381059108189222,0.8381059108189222,1,2,0.8381059108189222,0.8381059108189222,0.8381059108189222,0.8381059108189222,0.8381059108189222,0.8381059108189222,0.8381059108189222,0.8381059108189222,0.8381059108189222,0.8381059108189222
BIOMD0000000789,V,,,,0,1000,,,,,,,,,,
BIOMD0000000789,S,0.9387217865240184,0.8206784036156336,1.0,1000,0,0.8252195018187827,0.8381059108189222,0.8812898716107319,0.9075790311452137,0.9334348665723309,0.9598618001533128,0.9800362200244227,0.9896795014669457,0.9947678597808483,0.9989893453158659
BIOMD0000000789,I,,,,0,1000,,,,,,,,,,
BIOMD0000000790,model,0.23671580423948427,0.0,0.6419993343914409,4,0,0.0,0.0,0.0,0.0,0.0,0.1524319412832481,0.4397180632964742,0.5408586988439575,0.5914290166176991,0.6318852708366924
BIOMD0000000790,T_1,0.028585388158174622,0.0,1.0,1000,0,0.0,0.0,0.0,0.0,0.0,0.0,0.0,0.0,0.1540795721354181,0.8751248015715213
BIOMD0000000790,T_2,0.05263157894736842,0.0,1.0,19,981,0.0,0.0,0.0,0.0,0.0,0.0,0.0,0.0,0.09999999999999787,0.8200000000000003
BIOMD0000000790,E_1_Innate,0.6569052380875323,0.0,1.0,1000,0,0.5586806471333283,0.6419993343914409,0.6667784957598013,0.6681056594753707,0.6684752522530896,0.6686966442147556,0.6702361941566907,0.6877504038107154,0.7488596191882011,0.9248174336212452
BIOMD0000000790,E_2_Adaptive,0.3920847509084042,0.10750548188403519,0.9829274902268896,999,1,0.25573501489551836,0.3048638825664962,0.3335121456664763,0.33769663296995867,0.3394459907546416,0.3409900910138218,0.4329581703806395,0.6245566540069771,0.7581447415520923,0.9224605384244267
BIOMD0000000791,model,0.45470761773081775,0.0,0.9206597007434302,4,1,0.0,0.0,0.0,0.0,0.0,0.4490853850899204,0.9071663424052766,0.9139130215743534,0.9172863611588917,0.9199850328265224
BIOMD0000000791,T,0.1747431784039736,0.0,1.0,1000,0,0.0,0.0,0.0,0.0,0.0,0.0,0.45494082263934393,0.5637244297176452,0.5909536437898658,0.9685443785135376
BIOMD0000000791,B,0.27490161407993774,0.0,0.792902886601216,968,32,0.0,0.0,0.0,0.0,0.0,0.09271163134152677,0.6440654055644457,0.7273126374200811,0.7618599702043743,0.7869429265036424
BIOMD0000000791,E,0.9192062190992506,0.8977604193308848,1.0,1000,0,0.89786607155696,0.8981707701798408,0.899407844064936,0.9003464658716007,0.9014847141416834,0.9084975875645606,0.9296724282645734,0.970650935109501,0.9864019813542421,0.9971515215872784
BIOMD0000000791,R,0.9444954403286484,0.920508942849123,1.0,1000,0,0.9205474650159352,0.9206597007434302,0.9213367240725956,0.9222435669350706,0.9235101384835241,0.9327932008321136,0.971575113157306,0.9937511655364113,0.9975454832456607,0.9995130658987333
BIOMD0000000791,V,,,,0,1000,,,,,,,,,,
BIOMD0000000792,model,0.25030015005719547,0.0,0.9688303882689746,6,0,0.0,0.0,0.0,0.0,0.0,0.0,0.532970512074198,0.7509004501715864,0.8598654192202805,0.9470373944592358
BIOMD0000000792,x_PCC,0.13880245839510202,0.0,1.0,1000,0,0.0,0.0,0.0,0.0,0.0,0.0,0.038358629762480285,0.7841847697323602,0.8927368587603036,0.9764514242524959
BIOMD0000000792,y_PSC,0.596337276078179,0.0,1.0,1000,0,0.0,0.0,0.0,0.5833260205668156,0.6054645659670481,0.7590214840491984,0.856235348831811,0.8675279835459325,0.8713392548187361,0.9092379079368974
BIOMD0000000792,z_Effector_Cells,0.9892493358443296,0.9662998495725529,1.0,1000,0,0.9673019753713356,0.9688303882689746,0.974118299089167,0.9779617792099768,0.982304417613057,0.995854758162596,0.9998305659424911,0.9999630381086808,0.9999883819258478,0.9999984818432269
BIOMD0000000792,w_TPC,0.0016999375361409616,0.0,1.0,1000,0,0.0,0.0,0.0,0.0,0.0,0.0,0.0,0.0,0.0,0.0
BIOMD0000000792,v_TSC,0.8616692428345408,0.4471209882291174,1.0,1000,0,0.4830057550358047,0.532970512074198,0.6715500973794634,0.7482269054535033,0.8182353571681921,0.9674457677286863,0.9984961254333659,0.9992457399242917,0.9994231876058468,0.9997438007381529
BIOMD0000000792,R_siRNA,0.6614274409973568,0.0,0.9999999999999999,1000,0,0.0,0.0,0.0,0.0,0.2900555584029588,0.9769593794525704,0.9991794322748053,0.999828597301456,0.9999195053561293,0.9999816745898943
BIOMD0000000793,model,0.49874921480408635,0.0,0.9974984296081727,2,0,0.04987492148040864,0.09974984296081728,0.19949968592163456,0.24937460740204317,0.2992495288824518,0.49874921480408635,0.7979987436865382,0.8977485866473555,0.947623508127764,0.9875234453120909
BIOMD0000000793,H,0.998307954737925,0.9974893113153659,1.0,1000,0,0.997492824842162,0.9974984296081727,0.9975213582354605,0.997543393274231,0.9975777368536115,0.9980165775090006,0.9991586776781647,0.9995479711601019,0.9997645999239114,0.9999521027365021
BIOMD0000000793,T,0.7153911101913177,0.0,0.9999891503974727,724,276,0.0,0.0,0.6883738306152335,0.6953758541526679,0.7076495147454036,0.7918147714178488,0.9419387264679651,0.9755700070387279,0.9878576283974135,0.9970835279419299
BIOMD0000000795,model,0.3911600596099914,0.0018353667371030502,0.7804847524828797,2,0,0.040767836024391886,0.07970030531168072,0.1575652438862584,0.19649771317354722,0.23543018246083605,0.3911600596099914,0.6247548753337244,0.7026198139083021,0.7415522831955909,0.772698258625422
BIOMD0000000795,H,0.9087563404366553,0.7768394446413336,1.0,1000,0,0.7781293911437298,0.7804847524828797,0.7920751323910659,0.8044103258691258,0.8236979513650806,0.9468486370606827,0.998081721634404,0.9993883515185131,0.9996345209130293,0.9997553344940567
BIOMD0000000795,T,0.003515155973821951,0.0018237759462352843,0.015048055802432181,631,369,0.0018266948337284372,0.0018353667371030502,0.001868472870302118,0.0018931736295697,0.0019231044930756447,0.0020834225267298834,0.0045751064523386065,0.007979890701274472,0.01087955373106786,0.01408958718749271
BIOMD0000000796,model,0.6687925330685173,0.0,0.9834358092590466,5,0,0.13013804805671395,0.2602760961134279,0.5205521922268558,0.6506902402835697,0.6658912939348487,0.7266955085399647,0.9832000476598134,0.98331792845943,0.9833768688592384,0.983424021179085
BIOMD0000000796,C,0.9890528560028347,0.9822504765227784,1.0,1000,0,0.9826676354463874,0.9831411072600051,0.9842759326509527,0.9849478350432619,0.9856972905163313,0.9887814342092763,0.9922914918916532,0.9989039514060964,0.9996444735942934,0.9999533046639385
BIOMD0000000796,E,0.9897554460729419,0.9821266091393296,1.0,1000,0,0.9827448049861004,0.9834358092590466,0.9850607676832354,0.9860082643854806,0.987055267793145,0.9891029228748875,0.9927243864349667,0.9984610247718204,0.99954075211262,0.999883408610254
BIOMD0000000796,T,0.7928023003966972,0.0,1.0,423,577,0.10356552786734723,0.6506902402835697,0.7482203435330987,0.7574788243107099,0.7707259944024886,0.8383515804501211,0.9416256629614747,0.9825020793593865,0.9940843822522101,0.99763310253415
BIOMD0000000796,P,0.8070157660212992,0.0,0.9996389438329936,434,566,0.2853783322334703,0.7266955085399647,0.7359758993516349,0.7475666963238871,0.7625819986238562,0.8615261047839909,0.9557445516926865,0.9901166266910407,0.9941527551261546,0.9979676842699835
BIOMD0000000796,A,0.5403029513961779,0.0,0.9999860264445406,997,3,0.0,0.0,0.0,0.0,0.0,0.8286081925033815,0.9634669511778345,0.985879207507235,0.9970079138608683,0.999100678595496
BIOMD0000000797,model,0.0,0.0,0.0,4,0,0.0,0.0,0.0,0.0,0.0,0.0,0.0,0.0,0.0,0.0
BIOMD0000000797,x_Tumor_Cells,0.001,0.0,1.0,1000,0,0.0,0.0,0.0,0.0,0.0,0.0,0.0,0.0,0.0,0.0
BIOMD0000000797,y_CD4_T_Cells,0.04586588987154583,0.0,1.0,201,799,0.0,0.0,0.0,0.0,0.0,0.0,0.0,0.0,0.4230796670718857,0.9048732559553269
BIOMD0000000797,z_Cytokine,0.04661844480306134,0.0,1.0,199,801,0.0,0.0,0.0,0.0,0.0,0.0,0.0,0.0,0.4540640247498414,0.828452190976268
BIOMD0000000797,w_Healthy_Tissue,0.17275618847123395,0.0,1.0,1000,0,0.0,0.0,0.0,0.0,0.0,0.0,0.3583696543459382,0.9048179632184826,0.9867805080750043,0.9997966142098562
BIOMD0000000798,model,0.8974968408104551,0.7930610899530985,0.9533284904833532,5,0,0.804576260713185,0.8160914314732715,0.8391217729934444,0.8506369437535308,0.8681178867641561,0.9380416588066572,0.9525985149411793,0.9529635027122663,0.9531459965978097,0.9532919917062446
BIOMD0000000798,S,0.9683606196891015,0.8808087559348825,0.9999999999999999,1000,0,0.9150525719191392,0.9380416588066572,0.9496408213599337,0.9588171110684761,0.962753097550256,0.9729520947198789,0.9890738959393424,0.9943423971533142,0.9972187255552694,0.9994163161953212
BIOMD0000000798,A,0.9673300665262714,0.7680516050441486,0.9999876315765973,986,14,0.8671415058091052,0.9533284904833532,0.958706225452818,0.963071932906439,0.9661161403742814,0.9770298672176039,0.9906633290420133,0.9951912424510807,0.9975168824382064,0.999504703449933
BIOMD0000000798,D,0.9715989122431034,0.7856801434120096,0.9999939306724891,964,36,0.8672258031769899,0.9524160210556358,0.9642237643724334,0.9683510999756921,0.9738650800214594,0.9825135922627912,0.9945748903219308,0.9970516949174254,0.9985817301103971,0.9996918953112591
BIOMD0000000798,L,0.9038550935321301,0.0,1.0,745,255,0.762301642324884,0.7930610899530985,0.8354669166367511,0.8688717880950809,0.9046322536726087,0.967107876354151,0.9865231258269468,0.99287784373875,0.9964575455283904,0.9993823763793613
BIOMD0000000798,T,0.9542965066161384,0.8374989538168653,0.9999328423225826,629,371,0.8408948420318054,0.8506369437535308,0.9080668783551613,0.9401282499575232,0.9467318133648396,0.9845027878152021,0.9932112768589394,0.9964068184033925,0.9981761124574016,0.9996066680318215
BIOMD0000000799,model,0.9974645223689103,0.9974645223689002,0.9974645223689204,2,0,0.9974645223689012,0.9974645223689022,0.9974645223689041,0.9974645223689051,0.9974645223689063,0.9974645223689103,0.9974645223689164,0.9974645223689184,0.9974645223689194,0.9974645223689201
BIOMD0000000799,x_Normal_Hematopoietic_Stem_Cell,0.9986776757390587,0.9972719006434012,1.0,1000,0,0.997322255188977,0.9974645223689204,0.9979856516788526,0.9983251281191166,0.9983847046478038,0.9986848504313004,0.9993891164702943,0.9996868927051448,0.9998454658785259,0.99996991372334
BIOMD0000000799,y_Leukemic_Cell,0.99867767573905,0.9972719006433983,1.0,1000,0,0.9973222551889704,0.9974645223689002,0.9979856516788594,0.9983251281191649,0.9983847046478909,0.9986848504312584,0.9993891164702832,0.9996868927051614,0.999845465878501,0.999969913723304
BIOMD0000000800,model,0.2223763161687248,0.0,0.6671289485061744,3,0,0.0,0.0,0.0,0.0,0.0,0.0,0.4002773691037047,0.5337031588049396,0.600416053655557,0.653786369536051
BIOMD0000000800,x,0.4210207781454837,0.0,1.0,1000,0,0.0,0.0,0.0,0.0,0.0,0.4271439231146323,0.8870274991210932,0.9740133617729567,0.9971851535848969,0.9995026813180213
BIOMD0000000800,y,0.5006883373746633,0.0,1.0,1000,0,0.0,0.0,0.0,0.0,0.0,0.729155971320936,0.9407598960001715,0.9682764368230738,0.9837967704384224,0.9966549151530883
BIOMD0000000800,z,0.8392716141280482,0.6196608181338272,1.0,1000,0,0.6458819189937165,0.6671289485061744,0.7006652404964797,0.7176540839332086,0.73942605929211,0.8847728337773131,0.9493428216577748,0.9738072668436227,0.9865950576622636,0.9974166486659914
BIOMD0000000801,model,0.0,0.0,0.0,1,3,0.0,0.0,0.0,0.0,0.0,0.0,0.0,0.0,0.0,0.0
BIOMD0000000801,T,0.03320315349352649,0.0,1.0,1000,0,0.0,0.0,0.0,0.0,0.0,0.0,0.0,0.0,0.25080847028470826,0.8085714317090364
BIOMD0000000801,B,,,,0,1000,,,,,,,,,,
BIOMD0000000801,I,,,,0,1000,,,,,,,,,,
BIOMD0000000801,S,,,,0,1000,,,,,,,,,,
BIOMD0000000802,model,0.9990342607036209,0.9971994150207936,0.9999961707249042,3,1,0.9974701931552307,0.9977409712896679,0.9982825275585422,0.9985533056929793,0.9988240838274164,0.999907196365165,0.9999605809810085,0.9999783758529563,0.9999872732889303,0.9999943912377094
BIOMD0000000802,A,0.9999483023334121,0.9998969371464166,1.0,1000,0,0.999902067015946,0.999907196365165,0.9999174554659072,0.9999225863931067,0.9999277172436959,0.9999482407966154,0.9999791281242931,0.9999895488417985,0.9999947757308607,0.9999989532762787
BIOMD0000000802,R,,,,0,1000,,,,,,,,,,
BIOMD0000000802,S,0.9999977706261864,0.999995680444186,1.0,1000,0,0.999995930412276,0.9999961707249042,0.9999966251635954,0.9999968409417983,0.9999970477178722,0.9999977866819587,0.9999988221208761,0.9999994002289148,0.9999997617996856,0.9999999825298704
BIOMD0000000802,C,0.9974471926823404,0.5200483278989543,0.99999882732173,999,1,0.9914896569627835,0.9971994150207936,0.9983475815744335,0.9984331841665266,0.9985480600059123,0.9989542560414495,0.9995750715465606,0.9997858758040771,0.9998923154989194,0.9999794587505728
BIOMD0000000804,model,0.6976946499348547,0.49996456703175807,1.0,3,0,0.5092800486058628,0.5185955301799677,0.5372264933281774,0.5465419749022822,0.555857456476387,0.5931193827728063,0.8372477531091226,0.9186238765545612,0.9593119382772806,0.9918623876554561
BIOMD0000000804,C,0.5268536416206668,0.4997396247050446,1.0,1000,0,0.4997985811459276,0.49996456703175807,0.5004774440479751,0.5007516117294708,0.501020480207264,0.5018429374368041,0.5079006476029316,0.5721437040068326,0.6953017817297322,0.9166072546961956
BIOMD0000000804,B,0.7383030101809942,0.5766193585254029,1.0,1000,0,0.5844539591001746,0.5931193827728063,0.6133055135735529,0.6250318873453395,0.6380025202746973,0.7051802896425025,0.87209007059439,0.9477370634857025,0.982385402065975,0.9990726804902393
BIOMD0000000804,T,1.0,1.0,1.0,1000,0,1.0,1.0,1.0,1.0,1.0,1.0,1.0,1.0,1.0,1.0
BIOMD0000000805,model,0.9976707681506598,0.9935846087002254,0.9997074978883111,4,0,0.9942152567613936,0.9948459048225617,0.996107200944898,0.9967378490060662,0.9973684970672344,0.9986954830070511,0.999644221298978,0.9996758595936446,0.9996916787409779,0.9997043340588445
BIOMD0000000805,Hi,0.9987797640809237,0.7424042575238159,1.0,1000,0,0.9969192232527868,0.9977889291080132,0.9989807467823062,0.9993556291657202,0.9995221824190543,0.9995568752542208,0.9997419171277405,0.9998611531787224,0.9999288976952285,0.9999865409423996
BIOMD0000000805,He,0.9964594957478532,0.25259521692029585,1.0,1000,0,0.9910611841807984,0.9935846087002254,0.9970426504093655,0.9981303711443454,0.9986135766412595,0.9987142420726534,0.9992511800098706,0.9995971185882794,0.9997936768380035,0.9999609300924394
BIOMD0000000805,Li,0.9997354163321929,0.9945479847159792,0.9998616340309523,997,3,0.9996949147850592,0.9997074978883111,0.9997163073571828,0.9997211941569645,0.9997259271924691,0.9997463871540037,0.999769121298518,0.9997773410413222,0.9997815725942665,0.9997850041964499
BIOMD0000000805,Le,0.9996062315376181,0.974688690214234,0.9997290298369813,999,1,0.9995972226610628,0.9996020369060892,0.9996117992405827,0.9996167709064879,0.9996217149794532,0.9996414399852919,0.9996627514061793,0.9996772837089297,0.9996885166101518,0.999710026890155
BIOMD0000000806,model,0.0,0.0,0.0,6,0,0.0,0.0,0.0,0.0,0.0,0.0,0.0,0.0,0.0,0.0
BIOMD0000000806,UnInfected_Tumour_Cells_Xu,0.03737585295665126,0.0,1.0,1000,0,0.0,0.0,0.0,0.0,0.0,0.0,0.0,0.2150723790914877,0.3159648815748395,0.34512002042113366
BIOMD0000000806,Infected_Tumour_Cells_Xi,0.2012071901600442,0.0,0.9916825842829365,312,688,0.0,0.0,0.0,0.0,0.0,0.0,0.5259994847639011,0.732132689726397,0.8251076268503846,0.9633254382826519
BIOMD0000000806,Virus_Xv,0.15154968602944882,0.0,0.9905277830449771,360,640,0.0,0.0,0.0,0.0,0.0,0.0,0.2828959146918868,0.6379105220476762,0.6945506890412441,0.912581669905982
BIOMD0000000806,Effector_Cytotoxic_CD8_TCells__Xe,0.05839244990725706,0.0,0.9885133020827731,996,4,0.0,0.0,0.0,0.0,0.0,0.0,0.11824151353925327,0.15845722080470998,0.2830820782080528,0.715827399315597
BIOMD0000000806,M1_Macrophage_Xm1,0.0574002389416965,0.0,0.992892504676063,999,1,0.0,0.0,0.0,0.0,0.0,0.0,0.12352811683811622,0.16518805198724373,0.1957563757765602,0.6977796718813585
BIOMD0000000806,M2_Macrophage_Xm2,0.09532939047220827,0.0,0.9441069758425511,981,19,0.0,0.0,0.0,0.0,0.0,0.0,0.248958002586118,0.4365009542757403,0.46619181708073776,0.4748720489109148
BIOMD0000000807,model,0.9999999999696929,0.9999999999696929,0.9999999999696929,1,2,0.9999999999696929,0.9999999999696929,0.9999999999696929,0.9999999999696929,0.9999999999696929,0.9999999999696929,0.9999999999696929,0.9999999999696929,0.9999999999696929,0.9999999999696929
BIOMD0000000807,normalized_normal_cell_n,0.9999999999404459,0.9999999900303069,0.9999999999943556,1000,0,0.9999999999696929,0.9999999999696929,0.9999999999696929,0.9999999999696929,0.9999999999696929,0.9999999999696929,0.999999999969693,0.9999999999696936,0.9999999999696964,0.9999999999707166
BIOMD0000000807,normalized_pre_cancer_cell_g,,,,0,1000,,,,,,,,,,
BIOMD0000000807,normalized_cancer_cell_a,,,,0,1000,,,,,,,,,,
BIOMD0000000808,model,1.4802973661668753e-16,0.0,8.881784197001252e-16,6,0,0.0,0.0,0.0,0.0,0.0,0.0,0.0,4.440892098500626e-16,6.661338147750939e-16,8.437694987151191e-16
BIOMD0000000808,T,0.02096351363008603,0.0,1.0,273,727,0.0,0.0,0.0,0.0,0.0,0.0,0.0,0.0,0.0,0.9848683337365327
BIOMD0000000808,C,0.004049734453384305,0.0,1.0,475,525,0.0,0.0,0.0,0.0,0.0,0.0,0.0,0.0,0.0,0.0
BIOMD0000000808,F_beta,0.0077915870554972465,0.0,0.9464216172419143,474,526,0.0,0.0,0.0,0.0,0.0,0.0,0.0,0.0,0.0,0.13499294537713083
BIOMD0000000808,F_gamma,0.0020595702154480224,0.0,0.3250425544875717,474,526,0.0,0.0,0.0,0.0,0.0,0.0,0.0,0.0,0.0,0.051594422787744884
BIOMD0000000808,M1,0.040186611367596964,8.881784197001252e-16,0.9962528065857271,473,527,8.881784197001252e-16,8.881784197001252e-16,8.881784197001252e-16,8.881784197001252e-16,8.881784197001252e-16,5.220046617182561e-12,0.0001339864372869707,0.02700969903468181,0.2760197539650995,0.9246924163904898
BIOMD0000000808,M2,0.021722236773846337,0.0,0.9189252570672979,473,527,0.0,0.0,0.0,0.0,0.0,0.0,0.0,0.004384463530462185,0.08410159358756485,0.6410588924918577
BIOMD0000000809,model,0.5206745435469188,0.0,0.9053706211582179,5,0,0.0,0.0,0.0,0.0,0.16385985980773662,0.8192992990386834,0.8840363622617975,0.8947034917100077,0.9000370564341128,0.9043039082133969
BIOMD0000000809,x,0.9581354607678629,0.8698767981543987,1.0,1000,0,0.8721238833542305,0.8787027975376924,0.9023949105620388,0.9177097922531544,0.9340825965459234,0.9896954922066047,0.9952242060208856,0.9974227947969928,0.9987424468510616,0.9997099938484694
BIOMD0000000809,y,0.7345726750918652,0.0,1.0,295,705,0.0,0.0,0.22217646595404916,0.7062994982967575,0.861487949364083,0.9227562018075532,0.9963674663689096,0.9968804813453063,0.998684340464939,0.9999524596713043
BIOMD0000000809,u,0.41489143530235656,0.0,0.9998749702055784,999,1,0.0,0.0,0.0,0.0,0.0,0.06828544145574444,0.9506267197880837,0.972785393727739,0.9860113585299641,0.9933559810200433
BIOMD0000000809,ystar,0.9109734814856176,0.8145655139332516,1.0,1000,0,0.8157785509705934,0.8192992990386834,0.8326531768175235,0.8417949574810423,0.8519427993192425,0.919961881721608,0.9821960627331578,0.9954071342441099,0.997226222112818,0.99955826638093
BIOMD0000000809,R,0.9685556044827645,0.8962177553946127,1.0,1000,0,0.8986127620697646,0.9053706211582179,0.9285317206390544,0.9427971752758557,0.957334662835392,0.9877510922907993,0.9956314393861512,0.9980603148319628,0.998891144045275,0.999470073916638
BIOMD0000000810,model,0.0,0.0,0.0,11,2,0.0,0.0,0.0,0.0,0.0,0.0,0.0,0.0,0.0,0.0
BIOMD0000000810,Cancer_Stem_Cells_S,0.13272190434755793,0.0,0.9999999999999999,1000,0,0.0,0.0,0.0,0.0,0.0,0.0,0.0,0.7945311186789517,0.9322846731314469,0.9965858075589445
BIOMD0000000810,Cancer_Cells_C,0.15019586620761702,0.0,0.9849527705162409,999,1,0.0,0.0,0.0,0.0,0.0,0.0,0.0,0.9683502892519087,0.9801977586902941,0.9847197258688813
BIOMD0000000810,Resistant_Stem_Cells_S_R,,,,0,1000,,,,,,,,,,
BIOMD0000000810,Resistant_Cancer_Cells_C_R,0.0,0.0,0.0,979,21,0.0,0.0,0.0,0.0,0.0,0.0,0.0,0.0,0.0,0.0
BIOMD0000000810,M1_Tumor_Associated_Macrophages,0.001,0.0,1.0,1000,0,0.0,0.0,0.0,0.0,0.0,0.0,0.0,0.0,0.0,0.0
BIOMD0000000810,M2_Tumor_Associated_Macrophages,0.0043186700993477,0.0,1.0,1000,0,0.0,0.0,0.0,0.0,0.0,0.0,0.0,0.0,0.0,0.0
BIOMD0000000810,Type_I_T_helper_Cell_T_H1,0.0028318818228804127,0.0,1.0,727,273,0.0,0.0,0.0,0.0,0.0,0.0,0.0,0.0,0.0,0.0
BIOMD0000000810,Type_II_T_helper_cells_T_H2,0.003786907853010686,0.0,1.0,799,201,0.0,0.0,0.0,0.0,0.0,0.0,0.0,0.0,0.0,0.0
BIOMD0000000810,Cytotoxic_T_Cells_T_C,0.0011933174224343674,0.0,0.9999999999999999,838,162,0.0,0.0,0.0,0.0,0.0,0.0,0.0,0.0,0.0,0.0
BIOMD0000000810,Regulatory_T_Cells_T_reg,0.006020603239341135,0.0,1.0,652,348,0.0,0.0,0.0,0.0,0.0,0.0,0.0,0.0,0.0,0.0
BIOMD0000000810,Interferon_gamma,0.009506060833927982,0.0,0.9999999999999999,769,231,0.0,0.0,0.0,0.0,0.0,0.0,0.0,0.0,0.0,0.41369935793561646
BIOMD0000000810,Cytokine_IL10,,,,0,1000,,,,,,,,,,
BIOMD0000000810,Cytokine_IL2,0.0,0.0,0.0,549,451,0.0,0.0,0.0,0.0,0.0,0.0,0.0,0.0,0.0,0.0
BIOMD0000000811,model,0.09656482380872734,0.0,0.5793889428523641,6,0,0.0,0.0,0.0,0.0,0.0,0.0,0.0,0.28969447142618204,0.4345417071392731,0.550419495709746
BIOMD0000000811,C_PCC,0.003940303003972315,0.0,0.9999999999999999,1000,0,0.0,0.0,0.0,0.0,0.0,0.0,0.0,0.0,0.0,0.0
BIOMD0000000811,P_PSC,0.0014297106738059237,0.0,1.0,1000,0,0.0,0.0,0.0,0.0,0.0,0.0,0.0,0.0,0.0,0.0
BIOMD0000000811,E_CD8,0.06400394343716169,0.0,1.0,1000,0,0.0,0.0,0.0,0.0,0.0,0.0,0.0,0.0,0.7625216774187893,0.9917146319174195
BIOMD0000000811,N_Killer,0.24249323854999816,0.0,0.9999999999999999,1000,0,0.0,0.0,0.0,0.0,0.0,0.0,0.7929169576262945,0.9604700453234114,0.9836071129763388,0.9962088875874432
BIOMD0000000811,H_T_Helper,0.4697455590924478,0.0,1.0,1000,0,0.0,0.0,0.0,0.0,0.0,0.6369992459034993,0.8355436618064409,0.93104403404553,0.9729544924521737,0.9974290843038575
BIOMD0000000811,R_T_Regulatory,0.6990050463761185,0.5709076297031892,1.0,1000,0,0.5731010645823538,0.5793889428523641,0.6018783561322205,0.6164297453741787,0.6325962852352538,0.6991354501150435,0.7820925618294586,0.8033579328993055,0.8147373745799725,0.9576692265948986
BIOMD0000000812,model,0.2911796456511893,0.0,0.873538936953568,3,1,0.0,0.0,0.0,0.0,0.0,0.0,0.5241233621721408,0.6988311495628544,0.7861850432582111,0.8560681582144967
BIOMD0000000812,X_Complex,,,,0,1000,,,,,,,,,,
BIOMD0000000812,P_Perforin,0.19530107729463186,0.0,0.9999999999999998,123,877,0.0,0.0,0.0,0.0,0.0,0.0,0.524964397489343,0.9167439700273928,0.9904145008399378,0.9991689733025063
BIOMD0000000812,C_Cancer_Uncomplexed,0.18520321121268174,0.0,1.0,1000,0,0.0,0.0,0.0,0.009652140395280395,0.034538454001321814,0.13076851618941138,0.26664253043845215,0.45617345050954483,0.7409924789891955,0.9881456196545817
BIOMD0000000812,T_ast,0.948966242982201,0.8414531322105833,1.0,1000,0,0.8580222435718485,0.873538936953568,0.9015304199312844,0.9140594980568231,0.925644838648186,0.9630111351650772,0.9943168509586907,0.9986449856085846,0.999685472353795,0.9999905275084258
BIOMD0000000813,model,0.3134977193295236,0.0,0.9404931579885708,3,0,0.0,0.0,0.0,0.0,0.0,0.0,0.5642958947931426,0.7523945263908567,0.8464438421897136,0.9216832948287994
BIOMD0000000813,x_Tumor_Cells,0.124244146810627,0.0,1.0,1000,0,0.0,0.0,0.0,0.0,0.0,0.0,0.0,0.7540475998816574,0.8927239514820507,0.9627114729636836
BIOMD0000000813,y_CD4_T_Cells,0.9537121669450024,0.9401402407557632,0.999974661951983,999,1,0.9402783520417546,0.9404931579885708,0.9411597341557222,0.9415681376285134,0.9419574147067736,0.9423393551745722,0.974145274426766,0.9903395588261276,0.9947163255564044,0.9988625467959272
BIOMD0000000813,z_Cytokine,0.18730274320882245,0.0,0.9999911117997358,998,2,0.0,0.0,0.0,0.0,0.0,0.0,0.5502734878181577,0.8064977534018878,0.9216962611810667,0.9874931672128336
BIOMD0000000814,model,0.9910267923792991,0.9910267923792991,0.9910267923792991,1,2,0.9910267923792991,0.9910267923792991,0.9910267923792991,0.9910267923792991,0.9910267923792991,0.9910267923792991,0.9910267923792991,0.9910267923792991,0.9910267923792991,0.9910267923792991
BIOMD0000000814,Drug_Concentration_C,,,,0,1000,,,,,,,,,,
BIOMD0000000814,Tumor_Cell_Population_P,0.9944379728647991,0.990853693687834,1.0,1000,0,0.990940038040644,0.9910267923792991,0.9913940068636508,0.9916659287977063,0.9919955657545656,0.9938574183303169,0.997627334884721,0.9988035589025192,0.99940457152492,0.9998769994793758
BIOMD0000000814,Damaged_Tumor_Cells_D,,,,0,1000,,,,,,,,,,
BIOMD0000000815,model,0.08070478564799993,0.0,0.16140957129599987,2,0,0.008070478564799994,0.016140957129599988,0.032281914259199976,0.040352392823999966,0.04842287138879996,0.08070478564799993,0.1291276570367999,0.14526861416639988,0.15333909273119986,0.15979547558303986
BIOMD0000000815,x_Cancer,0.5285750198137019,0.0,0.9988642939359114,832,168,0.0,0.0,0.0,0.0,0.09428593088333183,0.7040942740828344,0.8603295649384219,0.9251261423987762,0.9580930665320941,0.9849610892743526
BIOMD0000000815,y_Immune_System,0.5289185498021032,0.0,0.999947966890932,659,341,0.0,0.16140957129599987,0.2676214242217971,0.37485803611942664,0.48477391048421115,0.5376237649724847,0.7715553916209785,0.8830314503393808,0.9407945157979084,0.9857386700749435
BIOMD0000000816,model,0.9986107745512293,0.9986107745512293,0.9986107745512293,1,5,0.9986107745512293,0.9986107745512293,0.9986107745512293,0.9986107745512293,0.9986107745512293,0.9986107745512293,0.9986107745512293,0.9986107745512293,0.9986107745512293,0.9986107745512293
BIOMD0000000816,Uninfected_Tumor_Cell_U,0.9987971253825624,0.998597133660973,1.0,1000,0,0.9986039513185517,0.9986107745512293,0.9986244680687831,0.9986314574151682,0.998638662164511,0.9986744300989854,0.9988909689431955,0.9992055575121989,0.9995117691413572,0.999886106261598
BIOMD0000000816,Infected_Cancer_Cell_I,,,,0,1000,,,,,,,,,,
BIOMD0000000816,Oncolytic_Adenovirus_V,,,,0,1000,,,,,,,,,,
BIOMD0000000816,Tumor_targeting_T_cells_T,,,,0,1000,,,,,,,,,,
BIOMD0000000816,Naive_T_cells_A,,,,0,1000,,,,,,,,,,
BIOMD0000000816,Dendritic_Cells_D,,,,0,1000,,,,,,,,,,
BIOMD0000000817,model,0.9986107745135268,0.9986107745135268,0.9986107745135268,1,5,0.9986107745135268,0.9986107745135268,0.9986107745135268,0.9986107745135268,0.9986107745135268,0.9986107745135268,0.9986107745135268,0.9986107745135268,0.9986107745135268,0.9986107745135268
BIOMD0000000817,Uninfected_Tumor_Cell_U,0.9987971253487147,0.9985971336232459,1.0,1000,0,0.9986039512808983,0.9986107745135268,0.9986244680310298,0.99863145737741,0.9986386621267715,0.9986744300614829,0.9988909689108973,0.9992055574887982,0.9995117691268406,0.999886106258116
BIOMD0000000817,Infected_Cancer_Cell_I,,,,0,1000,,,,,,,,,,
BIOMD0000000817,Oncolytic_Adenovirus_V,,,,0,1000,,,,,,,,,,
BIOMD0000000817,Tumor_targeting_T_cells_T,,,,0,1000,,,,,,,,,,
BIOMD0000000817,Naive_T_cells_A,,,,0,1000,,,,,,,,,,
BIOMD0000000817,Dendritic_Cells_D,,,,0,1000,,,,,,,,,,
BIOMD0000000818,model,0.3166070406022464,0.0,1.0,10,0,0.0,0.0,0.0,0.0,0.0,0.15184666476732533,0.5760433672146227,0.8665981962214507,0.9332990981107252,0.9866598196221451
BIOMD0000000818,Myc,0.9285328194799053,0.0,0.9999462162544063,933,67,0.8227044026910478,0.8517757735793897,0.8814467445464919,0.8949222936598932,0.9108340159991182,0.9525829188863264,0.9867330579445028,0.9925532500252527,0.9965078083814513,0.999364244360447
BIOMD0000000818,AKT,0.723757293474214,0.0,1.0,801,199,0.45065859539801323,0.5071102656234309,0.5719587339448964,0.5990802815898703,0.6285089224444143,0.7317300133709528,0.8875208288742504,0.9474005862703629,0.9712591632533955,0.9948911481093691
BIOMD0000000818,AKTp,0.30979748997514744,0.0,0.9991219026326458,201,799,0.0,0.0,0.0,0.0,0.0,0.11668922413860416,0.7538633916171046,0.8957840855956564,0.937208264843237,0.9832700432528969
BIOMD0000000818,PI3K,0.14935498707603306,0.0,1.0,1000,0,0.0,0.0,0.0,0.0,0.0,0.0,0.25914110305509386,0.7179738228566374,0.8810917663758783,0.9698072354971006
BIOMD0000000818,GSK3B,0.7229547008664164,0.0,1.0,801,199,0.44851640600919684,0.5034910372849926,0.5680443049105148,0.6011719232197419,0.6304872757099645,0.731783895774141,0.8882604815070387,0.9518322282210632,0.9716355816327781,0.9929748747020652
BIOMD0000000818,GSK3Bp,0.30310308149471604,0.0,0.9918374444939333,203,797,0.0,0.0,0.0,0.0,0.0,0.10587896166432353,0.7537393721348754,0.8951116084974472,0.930171906450933,0.9861714231929175
BIOMD0000000818,ERK,0.4148565651018091,0.0,1.0,1000,0,0.0,0.0,0.0,0.0,0.06323655060533537,0.41640677012219723,0.7918249904587126,0.8977518614655634,0.9582263268407235,0.9908513434994111
BIOMD0000000818,Myc_ser62,0.3902010951252771,0.0,0.998851925582745,998,2,0.0,0.0,0.0,0.0,0.0,0.2715171058812695,0.8039350276873688,0.8831097070299964,0.9580728648794428,0.9870158835007597
BIOMD0000000818,Myc_thr58,0.6677707456786456,0.0,0.999864085434866,873,127,0.0,0.30369332953465067,0.5691474670231158,0.5880768138855679,0.6035576637243527,0.7016586045801944,0.8901001475640242,0.9328801766312437,0.9722606568113867,0.994720251504665
BIOMD0000000818,GF,1.0,1.0,1.0,1000,0,1.0,1.0,1.0,1.0,1.0,1.0,1.0,1.0,1.0,1.0
BIOMD0000000819,model,0.0,0.0,0.0,10,0,0.0,0.0,0.0,0.0,0.0,0.0,0.0,0.0,0.0,0.0
BIOMD0000000819,Cancer_Stem_Cell_S,0.0018294897629546928,0.0,1.0,1000,0,0.0,0.0,0.0,0.0,0.0,0.0,0.0,0.0,0.0,0.0
BIOMD0000000819,IL_6__Cell_bound_IL_6R_complex_on_S,0.0,0.0,0.0,913,87,0.0,0.0,0.0,0.0,0.0,0.0,0.0,0.0,0.0,0.0
BIOMD0000000819,Progenitor_tumor_cell_E,0.0,0.0,0.0,999,1,0.0,0.0,0.0,0.0,0.0,0.0,0.0,0.0,0.0,0.0
BIOMD0000000819,Differentiated_tumor_cell_D,0.0,0.0,0.0,999,1,0.0,0.0,0.0,0.0,0.0,0.0,0.0,0.0,0.0,0.0
BIOMD0000000819,IL_6__Cell_bound_IL_6R_complex_on_E,0.0,0.0,0.0,905,95,0.0,0.0,0.0,0.0,0.0,0.0,0.0,0.0,0.0,0.0
BIOMD0000000819,IL_6__Cell_bound_IL_6R_complex_on_D,0.0,0.0,0.0,905,95,0.0,0.0,0.0,0.0,0.0,0.0,0.0,0.0,0.0,0.0
BIOMD0000000819,IL_6__L,0.0,0.0,0.0,940,60,0.0,0.0,0.0,0.0,0.0,0.0,0.0,0.0,0.0,0.0
BIOMD0000000819,IL_6R_on_S,0.029593516230072607,0.0,1.0,1000,0,0.0,0.0,0.0,0.0,0.0,0.0,0.0,0.0,0.0,0.9775858616304502
BIOMD0000000819,IL_6R_on_E,0.04973334830401244,0.0,0.9999999999999999,1000,0,0.0,0.0,0.0,0.0,0.0,0.0,0.0,0.0,0.5996032665239828,0.9958815981456206
BIOMD0000000819,IL_6R_on_D,0.052175346000773046,0.0,0.9999999999999999,1000,0,0.0,0.0,0.0,0.0,0.0,0.0,0.0,0.0,0.685192713412209,0.9988628851852851
BIOMD0000000820,model,0.3204111086853308,0.0,0.8251186516225277,7,0,0.0,0.0,0.0,0.0,0.0,0.0,0.718139900618218,0.7646355394322716,0.7948770955273996,0.819070340403502
BIOMD0000000820,tumor_at_Exp_Lin_growth,0.28479525956492363,0.0,1.0,1000,0,0.0,0.0,0.0,0.0,0.14371431430293802,0.18616796428347093,0.5606337597726818,0.7607599571811908,0.8557072812275837,0.9262778932710468
BIOMD0000000820,tumor_at_Gen__logistic_growth,0.9232578554472515,0.2723185915209395,1.0,1000,0,0.5332078704759761,0.7243134646387674,0.9318401987183599,0.9541853076378839,0.9582223227786115,0.985869191909309,0.9946450015695896,0.9969642027151583,0.998474106494812,0.9996822570476323
BIOMD0000000820,tumor_at_Gomp__growth,0.46710537933116275,0.0,1.0,1000,0,0.0,0.0,0.0,0.0,0.0,0.4802198915600525,0.9641443676126069,0.9687621437191511,0.9813778540440631,0.9966599337806247
BIOMD0000000820,tumor_at_Power_growth,0.938406809010196,0.7204744086607449,1.0,1000,0,0.7925781384766206,0.8251186516225277,0.8803136714372076,0.9028439270509039,0.9225962877989615,0.9717307165826472,0.9938168685823012,0.9954996537821637,0.9958930554254681,0.9960196193020412
BIOMD0000000820,tumor_at_Von_Bert__growth,0.8998500713126977,0.44630983794062196,1.0,1000,0,0.58029724695172,0.6934456445360202,0.7988393846516199,0.8403890867994454,0.8774742354194588,0.9680434271625271,0.9984281420197727,0.9989775410349573,0.9994507702151251,0.99989090559262
BIOMD0000000820,tumor_at_Exp_growth,0.001,0.0,1.0,1000,0,0.0,0.0,0.0,0.0,0.0,0.0,0.0,0.0,0.0,0.0
BIOMD0000000820,tumor_at_Logistic_growth,0.5487189181572045,0.0,1.0,1000,0,0.0,0.0,0.0,0.008441345621829605,0.18899178514682705,0.7044428128297646,0.9343171304354092,0.9616363153463325,0.9702355111105265,0.9909932323369756
BIOMD0000000821,model,0.0,0.0,0.0,2,1,0.0,0.0,0.0,0.0,0.0,0.0,0.0,0.0,0.0,0.0
BIOMD0000000821,tumor_volume_x_1,0.7396746842683267,0.0,1.0,1000,0,0.0,0.0,0.8095564037968657,0.8128633625639906,0.8216506316898127,0.8704973890857769,0.9448507815055068,0.9717753840131457,0.9862460922467632,0.9971235967580612
BIOMD0000000821,endothelial_volume_x_2,0.7758381852684276,0.0,1.0,1000,0,0.0,0.0,0.8026791648566761,0.8063689674566725,0.8134704310159636,0.8629660347094528,0.9397252264343493,0.9689354395402097,0.9844172468966713,0.9971799187599687
BIOMD0000000821,concentration_of_administrated_inhibitor_x_3,,,,0,1000,,,,,,,,,,
BIOMD0000000822,model,,,,0,8,,,,,,,,,,
BIOMD0000000822,Cytosolic_Rapamycin,,,,0,1000,,,,,,,,,,
BIOMD0000000822,mTOR,,,,0,1000,,,,,,,,,,
BIOMD0000000822,Raptor,,,,0,1000,,,,,,,,,,
BIOMD0000000822,Rictor,,,,0,1000,,,,,,,,,,
BIOMD0000000822,mTORC1,,,,0,1000,,,,,,,,,,
BIOMD0000000822,mTORC2,,,,0,1000,,,,,,,,,,
BIOMD0000000822,mTOR_Rapamycin,,,,0,1000,,,,,,,,,,
BIOMD0000000822,mTORC1_Rapamycin,,,,0,1000,,,,,,,,,,
BIOMD0000000823,model,0.11051161848453886,0.0,0.90790855151242,15,1,0.0,0.0,0.0,0.0,0.0,0.0,0.0,0.4498594354533974,0.7972085734826898,0.8857685559064739
BIOMD0000000823,IR,0.9089556018048104,0.9071120370059216,1.0,1000,0,0.9077585846615365,0.90790855151242,0.9079151229701427,0.9079151283922339,0.9079151285367218,0.9079151285405165,0.9079151285405584,0.9079151285405697,0.907915128540574,0.9504401962084775
BIOMD0000000823,pIR,0.7490214008644036,0.718044341667261,0.7931369218455765,999,1,0.7435564294116843,0.7497657257556628,0.7500550942270164,0.7500553420587214,0.7500553487167222,0.7500553488961148,0.7500553488961744,0.7500553488961971,0.7500553488962082,0.7500553488962147
BIOMD0000000823,IRS,0.01512309918707187,0.0,1.0,1000,0,0.0,0.0,0.0,0.0,0.0,0.0,0.0,0.0,0.0,0.8216145708385912
BIOMD0000000823,pIRS,0.010246459752037996,0.0,0.945316664147772,999,1,0.0,0.0,0.0,0.0,0.0,0.0,0.0,0.0,0.0,0.5503504828141516
BIOMD0000000823,iIRS,0.0010835190934142633,0.0,0.8408531871087194,995,5,0.0,0.0,0.0,0.0,0.0,0.0,0.0,0.0,0.0,0.0
BIOMD0000000823,Akt,0.01823874664888239,0.0,0.9999999999999999,1000,0,0.0,0.0,0.0,0.0,0.0,0.0,0.0,0.0,0.0,0.9121461753283729
BIOMD0000000823,pAkt,0.004219166079415972,0.0,0.944748770382609,999,1,0.0,0.0,0.0,0.0,0.0,0.0,0.0,0.0,0.0,0.019802974888185755
BIOMD0000000823,mTORC1,0.01495413376055646,0.0,1.0,1000,0,0.0,0.0,0.0,0.0,0.0,0.0,0.0,0.0,0.0,0.736140495234979
BIOMD0000000823,pmTORC1,0.0009603337145820484,0.0,0.9574527134383023,997,3,0.0,0.0,0.0,0.0,0.0,0.0,0.0,0.0,0.0,0.0
BIOMD0000000823,mTORC2,0.004862164479886181,0.0,1.0,1000,0,0.0,0.0,0.0,0.0,0.0,0.0,0.0,0.0,0.0,0.0
BIOMD0000000823,pmTORC2,0.4619084188674574,0.0,0.9992563258618313,999,1,0.0,0.0,0.0,0.0,0.0,0.49807704716266454,0.896542606713725,0.9405586971442732,0.9700534133567077,0.9925090013368291
BIOMD0000000823,imTORC2,,,,0,1000,,,,,,,,,,
BIOMD0000000823,mTORC1_DEPTOR,0.013369808401784727,0.0,0.9751911848128341,999,1,0.0,0.0,0.0,0.0,0.0,0.0,0.0,0.0,0.0,0.6941779372940325
BIOMD0000000823,mTORC2_DEPTOR,0.031330524416621756,0.0,0.996213066110773,999,1,0.0,0.0,0.0,0.0,0.0,0.0,0.0,0.0,0.0,0.9099239286749039
BIOMD0000000823,DEPTOR,0.005007585230483735,0.0,1.0,1000,0,0.0,0.0,0.0,0.0,0.0,0.0,0.0,0.0,0.0,0.0
BIOMD0000000823,pDEPTOR,0.0,0.0,0.0,996,4,0.0,0.0,0.0,0.0,0.0,0.0,0.0,0.0,0.0,0.0
BIOMD0000000824,model,0.0,0.0,0.0,1,0,0.0,0.0,0.0,0.0,0.0,0.0,0.0,0.0,0.0,0.0
BIOMD0000000824,N,0.24397025584678658,0.0,1.0,1000,0,0.0,0.0,0.00587959115551453,0.009311232608619102,0.01482620603990471,0.08578454503274358,0.5344680391305944,0.7604579143677276,0.8803492523626908,0.9776180751548198
BIOMD0000000825,model,0.06452693823547313,0.0,0.12905387647094627,2,0,0.0064526938235473135,0.012905387647094627,0.025810775294189254,0.032263469117736567,0.038716162941283876,0.06452693823547313,0.10324310117675702,0.11614848882385165,0.12260118264739894,0.1277633377062368
BIOMD0000000825,Resistant_tumor_R,0.564204369718896,0.0,0.9979146077713763,880,120,0.0,0.0,0.17552012137081296,0.5970989132021245,0.6025137135423022,0.6623977118774882,0.780501801511669,0.8162400714460696,0.8331104898427791,0.9625975312916488
BIOMD0000000825,Sensitive_tumor_S,0.3947794425887393,0.1031233254935392,0.9947122690153377,72,928,0.11513333197575457,0.12905387647094627,0.161839116066836,0.18334456608947305,0.2061746316736377,0.3213119025997477,0.6364450909933719,0.7803285945519888,0.8801442823173035,0.9615677416243887
BIOMD0000000826,model,0.0,0.0,0.0,12,1,0.0,0.0,0.0,0.0,0.0,0.0,0.0,0.0,0.0,0.0
BIOMD0000000826,pEGFR,0.0010133239257600038,0.0,1.0,1000,0,0.0,0.0,0.0,0.0,0.0,0.0,0.0,0.0,0.0,0.0
BIOMD0000000826,EGFRub,0.019059261837618195,0.0,1.0,1000,0,0.0,0.0,0.0,0.0,0.0,0.0,0.0,0.0,0.0,0.9666595414468977
BIOMD0000000826,PYK2m,0.021144196445974282,0.0,1.0,1000,0,0.0,0.0,0.0,0.0,0.0,0.0,0.0,0.0,0.0,0.9052437471687196
BIOMD0000000826,PYK2,0.0027877214029612073,0.0,1.0,1000,0,0.0,0.0,0.0,0.0,0.0,0.0,0.0,0.0,0.0,0.0
BIOMD0000000826,pPYK2,0.007562633836454061,0.0,1.0,1000,0,0.0,0.0,0.0,0.0,0.0,0.0,0.0,0.0,0.0,0.37870866225041694
BIOMD0000000826,pSTAT3,0.0019267090127012096,0.0,1.0,1000,0,0.0,0.0,0.0,0.0,0.0,0.0,0.0,0.0,0.0,0.0
BIOMD0000000826,cMETm,0.0032055201210002726,0.0,1.0,1000,0,0.0,0.0,0.0,0.0,0.0,0.0,0.0,0.0,0.0,0.0
BIOMD0000000826,cMET,0.0047639207165407205,0.0,1.0,1000,0,0.0,0.0,0.0,0.0,0.0,0.0,0.0,0.0,0.0,0.0
BIOMD0000000826,pcMET,0.02598518561477258,0.0,1.0,1000,0,0.0,0.0,0.0,0.0,0.0,0.0,0.0,0.0,0.0,0.9149012862265749
BIOMD0000000826,pCbl,0.005223444958554164,0.0,1.0,1000,0,0.0,0.0,0.0,0.0,0.0,0.0,0.0,0.0,0.0,0.04852056875610615
BIOMD0000000826,aPTP,0.016415964448713214,0.0,1.0,1000,0,0.0,0.0,0.0,0.0,0.0,0.0,0.0,0.0,0.0,0.6512070496209124
BIOMD0000000826,pERK,0.0075305860864611236,0.0,1.0,1000,0,0.0,0.0,0.0,0.0,0.0,0.0,0.0,0.0,0.0,0.3298159988369914
BIOMD0000000826,STAT3uStattic,,,,0,1000,,,,,,,,,,
BIOMD0000000827,model,,,,0,10,,,,,,,,,,
BIOMD0000000827,X_1_EGFR,,,,0,1000,,,,,,,,,,
BIOMD0000000827,X_4_EGFR_EGFR,,,,0,1000,,,,,,,,,,
BIOMD0000000827,X_2_ErbB3,,,,0,1000,,,,,,,,,,
BIOMD0000000827,X_6_ErbB3_ErbB3,,,,0,1000,,,,,,,,,,
BIOMD0000000827,X_5_EGFR_ErbB3,,,,0,1000,,,,,,,,,,
BIOMD0000000827,X_3_MET,,,,0,1000,,,,,,,,,,
BIOMD0000000827,X_7_MET_MET,,,,0,1000,,,,,,,,,,
BIOMD0000000827,X_10_p_MET_MET,,,,0,1000,,,,,,,,,,
BIOMD0000000827,X_8_p_EGFR_ErbB3,,,,0,1000,,,,,,,,,,
BIOMD0000000827,X_9_p_ErbB3_ErbB3,,,,0,1000,,,,,,,,,,
BIOMD0000000828,model,0.9984282680812291,0.993883057893368,0.9999532885247343,5,0,0.9948769370259278,0.9958708161584877,0.9978585744236074,0.9988524535561673,0.998991113069348,0.9995457511220709,0.9999160891527906,0.9999346888387625,0.9999439886817484,0.9999514285561372
BIOMD0000000828,Glucose_G,0.9995527432281577,0.9980667696915718,0.9999668721129623,999,1,0.9995457294962898,0.9995457511220709,0.9995457522457025,0.9995457538829202,0.9995457555679653,0.9995457800970973,0.9995462711372581,0.9995670559823727,0.9996101851434325,0.9997405581179801
BIOMD0000000828,Drug_D,0.9998718660709697,0.9806192024173851,0.9999995829855897,999,1,0.9995415194603448,0.9999532885247343,0.9999532885323366,0.9999532885345257,0.9999532885347923,0.9999532885366991,0.9999532892470374,0.9999535587441765,0.9999583318409235,0.9999876444768918
BIOMD0000000828,miR_451_M,0.9988700980534464,0.6734622144451928,0.9999987767651738,999,1,0.9968519643054297,0.9999067893098047,0.9999068564065009,0.9999068569071904,0.9999068584361126,0.9999068712466158,0.9999069523032037,0.999908315519188,0.999919905373096,0.9999762641334304
BIOMD0000000828,AMPK_A,0.9882376607248485,0.5105992864461997,0.9999236338174069,999,1,0.9465939471083266,0.993883057893368,0.9938830720954545,0.9938830748206967,0.9938830827641368,0.9938831301818827,0.9938831973060421,0.9939148857656541,0.9945236511054937,0.9982111750439113
BIOMD0000000828,mTOR_R,0.9966082962642981,0.5499627599016605,0.999970509422887,999,1,0.9876748085943682,0.9988524535561673,0.9988524539806956,0.998852454030644,0.9988524541200702,0.9988524549495186,0.9988524709128918,0.9988582307363818,0.9989624439376974,0.9996431883261766
BIOMD0000000829,model,0.19706338024331083,0.0,0.635007671544498,9,2,0.0,0.0,0.0,0.0,0.0,0.0,0.5688763797682629,0.5840466167845664,0.6095271441645321,0.6299115660685048
BIOMD0000000829,Glucose_G,,,,0,1000,,,,,,,,,,
BIOMD0000000829,Drug_D,,,,0,1000,,,,,,,,,,
BIOMD0000000829,miR_451_M,0.6679957598921138,0.4627337820707875,0.7418991088676941,999,1,0.6219227150067507,0.635007671544498,0.64990793994766,0.6520636078805133,0.6560062863588537,0.6689502954811807,0.68637298719281,0.701169004528342,0.7148027683783172,0.7331941812678185
BIOMD0000000829,AMPK_A,0.6710722388015641,0.33253062597781635,0.8890571005951857,999,1,0.5288455583013514,0.5672563975507159,0.6163576934617098,0.6289865604183456,0.6412353669890504,0.6724100434959486,0.727776412839505,0.7622599845941889,0.8007941076126331,0.8626439446829344
BIOMD0000000829,mTOR_R,0.6709676124266891,0.33278983346903324,0.8812212576583462,999,1,0.5334841807883821,0.5713063530945834,0.6179393898828238,0.6307043016797679,0.6427830581025107,0.6717298488708734,0.7258436028495574,0.7589086847211198,0.7960224219854132,0.8564602881168386
BIOMD0000000829,Cdh1,0.025572132244311235,0.0,1.0,936,64,0.0,0.0,0.0,0.0,0.0,0.0,0.0,0.0,0.0,0.843379572759024
BIOMD0000000829,CycB,0.04565015677683476,0.0,1.0,1000,0,0.0,0.0,0.0,0.0,0.0,0.0,0.0,0.0,0.41405733999240085,0.9186610434268053
BIOMD0000000829,p55cdc_T,0.06230058919612038,0.0,1.0,1000,0,0.0,0.0,0.0,0.0,0.0,0.0,0.0,0.2013397618467985,0.6005760754170257,0.899370671640682
BIOMD0000000829,mass,0.10183985029083584,0.0,1.0,1000,0,0.0,0.0,0.0,0.0,0.0,0.022044827628520947,0.1868766972446929,0.27669601484870915,0.3480368950072129,0.9244364629586314
BIOMD0000000829,p55cdc_A,0.08054978252877805,0.0,1.0,1000,0,0.0,0.0,0.0,0.0,0.0,0.0,0.0,0.3530932422332295,0.7356713294596358,0.9645761434893564
BIOMD0000000829,Plk1,0.350261355934442,0.0,1.0,1000,0,0.0,0.0,0.0,0.0,0.0,0.27816117464064133,0.760720863030103,0.8843163651629576,0.9506733596419948,0.9866288114167409
BIOMD0000000830,model,0.9917035037384211,0.9823975532176393,0.9994593307264319,6,0,0.9830603148509394,0.9837230764842393,0.9850485997508392,0.9864713672705496,0.9878941347902599,0.9919627546224494,0.9993900294907181,0.999424680108575,0.9994420054175035,0.9994558656646462
BIOMD0000000830,s1,0.9882419609573203,0.9840747100493942,1.0,1000,0,0.9845717001529963,0.9850485997508392,0.9859422950052453,0.9863593613164398,0.986757088577407,0.9881645401486419,0.9900068106914648,0.9911125739224538,0.9925430551479895,0.996672606558436
BIOMD0000000830,s2,0.9906996526576032,0.9803924836402271,1.0,1000,0,0.9814019742869808,0.9823975532176393,0.9843571864145916,0.9853278329046294,0.9862978897174612,0.9903091190970963,0.9979124548888217,0.9994338792046957,0.9996783096275923,0.999931982893324
BIOMD0000000830,s3,0.9972406767717371,0.9917427215294414,1.0,1000,0,0.9924725325148049,0.9931858394152182,0.9945553144723767,0.9952066664382823,0.9958318414619859,0.997993614337044,0.9997579283588338,0.9999142055860094,0.9999518457479437,0.999987496196773
BIOMD0000000830,s4,0.9997741573832724,0.9991735511185186,1.0,1000,0,0.9992875023676642,0.9993900294907181,0.9995629433740773,0.9996344736545905,0.9996968643260309,0.999868299503485,0.9999703983686778,0.9999862349265632,0.999993305677267,0.9999987014699555
BIOMD0000000830,release,0.9995580150579197,0.9994079230346987,0.9996260716406099,976,24,0.9994349325495651,0.9994593307264319,0.9995008718080912,0.9995183118963531,0.9995337348224667,0.9995784067575941,0.9996121144246225,0.999619369658667,0.9996227768697437,0.9996254222973457
BIOMD0000000830,shedding,0.9926297197328778,0.9903042617058847,0.9986880455038148,972,28,0.990524707859514,0.9907396698296805,0.99115440836967,0.9913550605287099,0.9915519773118252,0.9923234060330153,0.9938177487551064,0.9949413283842293,0.9960791986632692,0.997922913421381
BIOMD0000000831,model,0.10376602445513661,0.0,0.3112980733654098,3,0,0.0,0.0,0.0,0.0,0.0,0.0,0.18677884401924594,0.24903845869232788,0.2801682660288688,0.30507211189810163
BIOMD0000000831,R,0.22561555720568158,0.0,1.0,1000,0,0.0,0.0,0.0,0.0,0.0,0.0,0.5787848851413446,0.7655415530492183,0.8776050872674406,0.9701364048992813
BIOMD0000000831,L,0.5316313785933942,0.0,1.0,1000,0,0.0,0.0,0.1751348700462416,0.31516849121866664,0.3688997443129842,0.5977275503273964,0.8353913624280908,0.9352871450264262,0.9708157127341924,0.9948607298557095
BIOMD0000000831,T,0.7051444794066074,0.0,1.0,1000,0,0.08279146349423372,0.3112980733654098,0.5593820547670338,0.5975188825592459,0.6336489678905997,0.7631316659437397,0.9211460802388738,0.9597137808107684,0.9822663673307976,0.999263575247504
BIOMD0000000832,model,0.05263157894736842,0.0,1.0,19,1,0.0,0.0,0.0,0.0,0.0,0.0,0.0,0.0,0.09999999999999787,0.8200000000000003
BIOMD0000000832,Akt,0.2595481865510846,0.0,1.0,109,891,0.0,0.0,0.0,0.0,0.0,0.0,0.8893140427562988,0.9649100820625778,0.9847613179272928,0.9996063711384807
BIOMD0000000832,RASSF1A,0.015559566498047373,0.0,1.0,1000,0,0.0,0.0,0.0,0.0,0.0,0.0,0.0,0.0,0.0,0.6900733346258829
BIOMD0000000832,MST2,1.0,1.0,1.0,1,999,1.0,1.0,1.0,1.0,1.0,1.0,1.0,1.0,1.0,1.0
BIOMD0000000832,dMST2,0.2414539121992339,0.0,1.0,143,857,0.0,0.0,0.0,0.0,0.0,0.0,0.8384639870460922,0.9877456703216166,0.9984591789830053,0.9992356630500276
BIOMD0000000832,aMST2,0.04386046050027791,0.0,0.9999999999999999,573,427,0.0,0.0,0.0,0.0,0.0,0.0,0.0,0.0,0.0,0.9870513483974797
BIOMD0000000832,aMST2uRASSF1A,0.04533508149270947,0.0,0.9999999999999999,985,15,0.0,0.0,0.0,0.0,0.0,0.0,0.0,0.0,0.5533706937249918,0.9835871239004772
BIOMD0000000832,MST2uRASSF1A,0.24308907067896973,0.0,0.9999999999999999,232,768,0.0,0.0,0.0,0.0,0.0,0.0,0.8984638350189961,0.9899947392541993,0.9966517708623541,0.9993506859746545
BIOMD0000000832,iMST2,0.0017399912799761369,0.0,0.9799151590140921,999,1,0.0,0.0,0.0,0.0,0.0,0.0,0.0,0.0,0.0,0.0
BIOMD0000000832,iRaf1uiMST2,0.02917484516130528,0.0,1.0,1000,0,0.0,0.0,0.0,0.0,0.0,0.0,0.0,0.0,0.0,0.9362657227994204
BIOMD0000000832,aLATS1,0.15057104588653542,0.0,1.0,140,860,0.0,0.0,0.0,0.0,0.0,0.0,0.0,0.7634373345470283,0.9221243255017475,0.9954982604294007
BIOMD0000000832,LATS1,0.006389990333387776,0.0,1.0,1000,0,0.0,0.0,0.0,0.0,0.0,0.0,0.0,0.0,0.0,0.04214336135617232
BIOMD0000000832,iRaf1,0.424978385803443,0.0,1.0,23,977,0.0,0.0,0.0,0.0,0.0,0.2546313838803429,0.9697805846714211,0.9934702246367428,0.9961604469272366,0.9991942352739718
BIOMD0000000832,Raf1,0.005665157961240478,0.0,0.8746804301780953,903,97,0.0,0.0,0.0,0.0,0.0,0.0,0.0,0.0,0.0,0.0
BIOMD0000000832,aRaf1,0.008828448076211621,0.0,0.9672898344682261,999,1,0.0,0.0,0.0,0.0,0.0,0.0,0.0,0.0,0.0,0.3687621084423703
BIOMD0000000832,ipRaf1,,,,0,1000,,,,,,,,,,
BIOMD0000000832,RasGDP,0.056378405130549085,0.0,1.0,1000,0,0.0,0.0,0.0,0.0,0.0,0.0,0.0,0.0,0.833810751009916,0.9969300834859118
BIOMD0000000832,RasGTP,0.03223266062906476,0.0,0.995391152418101,999,1,0.0,0.0,0.0,0.0,0.0,0.0,0.0,0.0,0.0,0.9527857925511541
BIOMD0000000832,ERK,0.06111948288787255,0.0,1.0,1000,0,0.0,0.0,0.0,0.0,0.0,0.0,0.0,0.0,0.8577743434062839,0.9978424183993959
BIOMD0000000832,ppERK,0.01188162137281131,0.0,0.9624123562039597,999,1,0.0,0.0,0.0,0.0,0.0,0.0,0.0,0.0,0.0,0.6039041307432529
BIOMD0000000832,pAkt,0.01184399032863884,0.0,0.9855465615966222,999,1,0.0,0.0,0.0,0.0,0.0,0.0,0.0,0.0,0.0,0.6184146381158029
BIOMD0000000833,model,0.21351689862751005,0.0,1.0,61,0,0.0,0.0,0.0,0.0,0.0,0.0,0.642691046712031,0.871313336425602,0.9942048647932062,1.0
BIOMD0000000833,S1,0.9008920467464413,0.8601250908483412,1.0,1000,0,0.8633804458704123,0.871313336425602,0.8817507675273243,0.885045147980129,0.8886152812431838,0.9032543444581818,0.919555370994964,0.9220249923423206,0.9225412514088253,0.9644470956315978
BIOMD0000000833,S2,0.004203860045229458,0.0,1.0,1000,0,0.0,0.0,0.0,0.0,0.0,0.0,0.0,0.0,0.0,0.0
BIOMD0000000833,S3,0.19317679152918674,0.0,0.9999999999999999,1000,0,0.0,0.0,0.0,0.0,0.0,0.0,0.426150203318955,0.7208221971659698,0.9008097663672823,0.9976674528770739
BIOMD0000000833,S4,0.015225759276773903,0.0,1.0,1000,0,0.0,0.0,0.0,0.0,0.0,0.0,0.0,0.0,0.0,0.7630781039845492
BIOMD0000000833,S5,0.4646007719635607,0.2552511749625044,1.0,1000,0,0.32582224998463033,0.32697262407521277,0.3348538786627031,0.34325044028840046,0.3556146934463313,0.4415690574401903,0.5885379343904836,0.6122926200036668,0.6161096493060566,0.9807044607339384
BIOMD0000000833,S6,0.8650471890201159,0.7852602586764428,1.0,1000,0,0.793383653199891,0.8025279780431926,0.8224637279722846,0.8324627934204586,0.8419831645403778,0.8708979557870646,0.8942974936977137,0.9117000486768653,0.9392985779599349,0.9904280834334154
BIOMD0000000833,S7,0.5856340335207204,0.34528534551044965,1.0,1000,0,0.37338991274927313,0.40193512051613545,0.4538372194689737,0.4750252270445637,0.49255162016154486,0.5422287638211449,0.7205243075322347,0.8414589117614844,0.930982883520195,0.9931561083056618
BIOMD0000000833,S8,0.015758093594430117,0.0,1.0,1000,0,0.0,0.0,0.0,0.0,0.0,0.0,0.0,0.0,0.0,0.7104919652735038
BIOMD0000000833,S9,0.08143671837232548,0.0,1.0,1000,0,0.0,0.0,0.0,0.0,0.0,0.0,0.0,0.37348151418946035,0.6806464040792619,0.9331316060378715
BIOMD0000000833,S10,0.13077500501682207,0.0,1.0,1000,0,0.0,0.0,0.0,0.0,0.0,0.0,0.1941439188411349,0.6248609346530484,0.8699522970422744,0.9903834041098302
BIOMD0000000833,S11,0.40228574430782577,0.10576310113137388,1.0,1000,0,0.1095531417300723,0.12045820106557939,0.16266220626913516,0.1928906539406391,0.22762911252038898,0.3916890618598616,0.562597072395152,0.6968841032603266,0.8768433814595296,0.9957335385945788
BIOMD0000000833,S12,0.025681279979602897,0.0,1.0,1000,0,0.0,0.0,0.0,0.0,0.0,0.0,0.0,0.0,0.0,0.9091562421640803
BIOMD0000000833,S13,1.0,1.0,1.0,1000,0,1.0,1.0,1.0,1.0,1.0,1.0,1.0,1.0,1.0,1.0
BIOMD0000000833,S14,0.0022164748475166124,0.0,1.0,1000,0,0.0,0.0,0.0,0.0,0.0,0.0,0.0,0.0,0.0,0.0
BIOMD0000000833,S15,0.009749562050985993,0.0,1.0,1000,0,0.0,0.0,0.0,0.0,0.0,0.0,0.0,0.0,0.0,0.5969711427648874
BIOMD0000000833,S16,0.9237858219042564,0.8404264552768363,1.0,1000,0,0.8414328069584304,0.8444626771521849,0.85604805903972,0.8642984253118484,0.8738706092803603,0.9437261998737445,0.976739938690022,0.9792132282590787,0.9910234323593318,0.9991464783188446
BIOMD0000000833,S17,0.16730687280812237,0.0,1.0,1000,0,0.0,0.0,0.0,0.0,0.0,0.0,0.34978075124701663,0.8782370522964883,0.9315423753691279,0.9931749460480066
BIOMD0000000833,S18,0.8446809416910976,0.628899369151301,1.0,1000,0,0.632359942791531,0.642691046712031,0.6823006590215771,0.7103207558817155,0.7430135323983345,0.8933862378328015,0.963066364465222,0.981150991005861,0.9907645177725856,0.9985589061846463
BIOMD0000000833,S19,0.017352273174864763,0.0,1.0,1000,0,0.0,0.0,0.0,0.0,0.0,0.0,0.0,0.0,0.0,0.9570611918755243
BIOMD0000000833,S20,0.7495816394879949,0.27902817949366343,1.0,1000,0,0.3277518045221631,0.39965149879562917,0.598878152350184,0.714438916020314,0.759379126959396,0.7913756825262974,0.9000694273407673,0.9519923852848429,0.9790673025907509,0.9970505717427002
BIOMD0000000833,S21,0.9919481371525887,0.9867406341665227,1.0,1000,0,0.9870856721445014,0.987448340512771,0.9882333527160508,0.9886629060983287,0.9891235448894291,0.9913644010796021,0.9958197562540222,0.9973221668697518,0.998218719155426,0.9994790429537603
BIOMD0000000833,S22,0.8505692626448249,0.68371058478167,1.0,1000,0,0.6891689144697486,0.7027951159380036,0.7369163539630931,0.7551390362780082,0.776199128283441,0.8549038430323874,0.9657163443089368,0.985660115887223,0.9905722333623221,0.991917789501476
BIOMD0000000833,S23,0.995926899267798,0.9939355768931333,0.9999999999999999,1000,0,0.9940574241258076,0.9942048647932062,0.994546924792805,0.9947278415982802,0.994908589647691,0.995620193657929,0.9972186581119256,0.9981771222547213,0.99889583407762,0.9997192959565016
BIOMD0000000833,S24,0.8981564490740925,0.8114227683607105,1.0,1000,0,0.8122403194972793,0.8146852819175688,0.8239310535974199,0.830383100971283,0.8377293249913332,0.8769816950118379,0.986330820900839,0.9934907310713307,0.9965495439048703,0.9993609667103478
BIOMD0000000833,S25,0.06900881162501842,0.0,1.0,1000,0,0.0,0.0,0.0,0.0,0.0,0.0,0.0,0.16251564293016305,0.7137803436621474,0.9970359558503809
BIOMD0000000833,S26,0.628745301931037,0.44412432990827166,1.0,1000,0,0.44688892163285404,0.45510838720848995,0.4864430899317737,0.5084181584501215,0.5340715974597212,0.6514595419928417,0.7176769352722568,0.7426363042009266,0.8645584210140218,0.9821935946362494
BIOMD0000000833,S27,0.8270495790100972,0.6060851154828782,1.0,1000,0,0.6234780347017687,0.6725313204133865,0.7169272738583077,0.7279967535254448,0.7428364392276329,0.8236029754140377,0.9560896131729775,0.9889061272779531,0.9964484255784316,0.9993364582656092
BIOMD0000000833,S28,1.0,1.0,1.0,1000,0,1.0,1.0,1.0,1.0,1.0,1.0,1.0,1.0,1.0,1.0
BIOMD0000000833,S29,1.0,1.0,1.0,1000,0,1.0,1.0,1.0,1.0,1.0,1.0,1.0,1.0,1.0,1.0
BIOMD0000000833,S30,0.0026345459209588863,0.0,0.9421463690091764,999,1,0.0,0.0,0.0,0.0,0.0,0.0,0.0,0.0,0.0,0.0
BIOMD0000000833,S31,0.9934161816771524,0.9860936524616798,1.0,1000,0,0.9865351596132818,0.9877450227091203,0.990424330255514,0.9916890306543898,0.99291235039522,0.9939224343326496,0.9954044382172237,0.9978556023933834,0.9991894774006121,0.9998268254666781
BIOMD0000000833,S32,0.03221843113753284,0.0,0.98940185323313,999,1,0.0,0.0,0.0,0.0,0.0,0.0,0.0,0.0,0.20622556322929847,0.8432859023778385
BIOMD0000000833,S33,0.0,0.0,0.0,999,1,0.0,0.0,0.0,0.0,0.0,0.0,0.0,0.0,0.0,0.0
BIOMD0000000833,S34,0.0036234257843010933,0.0,0.7837541701763029,999,1,0.0,0.0,0.0,0.0,0.0,0.0,0.0,0.0,0.0,0.0
BIOMD0000000833,S35,0.01789348615048524,0.0,0.9898716212161389,999,1,0.0,0.0,0.0,0.0,0.0,0.0,0.0,0.0,0.0,0.7149454788206162
BIOMD0000000833,S36,0.007316084545931608,0.0,0.9348283715620145,999,1,0.0,0.0,0.0,0.0,0.0,0.0,0.0,0.0,0.0,0.2599781041949653
BIOMD0000000833,S37,0.0034260984981341405,0.0,0.8427989033593111,999,1,0.0,0.0,0.0,0.0,0.0,0.0,0.0,0.0,0.0,0.0
BIOMD0000000833,S38,0.0742150341855388,0.0,0.9962164606342664,999,1,0.0,0.0,0.0,0.0,0.0,0.0,0.0,0.3196575060451701,0.665225828825688,0.9341791042726129
BIOMD0000000833,S39,0.01389579464074324,0.0,0.9871674148634807,999,1,0.0,0.0,0.0,0.0,0.0,0.0,0.0,0.0,0.0,0.7353927788600098
BIOMD0000000833,S40,0.06354377112502975,0.0,0.9853222238952813,999,1,0.0,0.0,0.0,0.0,0.0,0.0,0.10667244968663189,0.26207146108105756,0.29266265468629554,0.7947302379424523
BIOMD0000000833,S41,0.24605703884666685,0.0,0.999500284867634,999,1,0.0,0.0,0.0,0.0,0.0,0.0,0.6941484095349739,0.9404705719490789,0.9773370805481189,0.9946953757956866
BIOMD0000000833,S42,0.253441400911225,0.0,0.9997078820066445,999,1,0.0,0.0,0.0,0.0,0.0,0.0,0.6329262073741874,0.8030418739708987,0.8973867948234585,0.9799491136079117
BIOMD0000000833,S43,0.0,0.0,0.0,999,1,0.0,0.0,0.0,0.0,0.0,0.0,0.0,0.0,0.0,0.0
BIOMD0000000833,S44,0.10352085002742338,0.0,0.9966539203201639,999,1,0.0,0.0,0.0,0.0,0.0,0.0,0.0,0.5470113005816354,0.7602922133643789,0.9439632822548699
BIOMD0000000833,S45,0.012590318794438473,0.0,0.9854154808880358,999,1,0.0,0.0,0.0,0.0,0.0,0.0,0.0,0.0,0.0,0.5657569814217325
BIOMD0000000833,S46,0.0,0.0,0.0,997,3,0.0,0.0,0.0,0.0,0.0,0.0,0.0,0.0,0.0,0.0
BIOMD0000000833,S47,0.025030554650855814,0.0,0.989509581384862,997,3,0.0,0.0,0.0,0.0,0.0,0.0,0.0,0.0,0.0,0.8507886698248243
BIOMD0000000833,S48,0.15556768484747216,0.0,0.9994673452741225,982,18,0.0,0.0,0.0,0.0,0.0,0.0,0.28413100178980466,0.785593092214978,0.8809268543879867,0.97465847988013
BIOMD0000000833,S49,0.008432674366099752,0.0,0.9846624331861298,999,1,0.0,0.0,0.0,0.0,0.0,0.0,0.0,0.0,0.0,0.35347243667297856
BIOMD0000000833,S50,0.01126598766219404,0.0,0.9815725062003999,999,1,0.0,0.0,0.0,0.0,0.0,0.0,0.0,0.0,0.0,0.5921171625863921
BIOMD0000000833,S51,0.022824748088917622,0.0,0.9864209841635264,998,2,0.0,0.0,0.0,0.0,0.0,0.0,0.0,0.0,0.0,0.7666614333013871
BIOMD0000000833,S52,0.0074057797471748996,0.0,0.9751687430867207,999,1,0.0,0.0,0.0,0.0,0.0,0.0,0.0,0.0,0.0,0.27369262249421045
BIOMD0000000833,S53,0.12023342152603156,0.0,0.9820765314298974,999,1,0.0,0.0,0.0,0.0,0.0,0.0,0.16549547989012708,0.6383145492911948,0.7606097995740121,0.796114688082597
BIOMD0000000833,S54,0.0,0.0,0.0,998,2,0.0,0.0,0.0,0.0,0.0,0.0,0.0,0.0,0.0,0.0
BIOMD0000000833,S55,0.1159765054071755,0.0,0.9956380585649068,988,12,0.0,0.0,0.0,0.0,0.0,0.0,0.2410636525396184,0.5434940828817253,0.6134651055680893,0.8975073514771433
BIOMD0000000833,S56,0.006365149310069454,0.0,0.872013048428309,999,1,0.0,0.0,0.0,0.0,0.0,0.0,0.0,0.0,0.0,0.1719589063216616
BIOMD0000000833,S57,0.02576619890114511,0.0,0.9813168757442288,999,1,0.0,0.0,0.0,0.0,0.0,0.0,0.0,0.0,0.019662735168901782,0.7989095928763343
BIOMD0000000833,S58,0.0,0.0,0.0,999,1,0.0,0.0,0.0,0.0,0.0,0.0,0.0,0.0,0.0,0.0
BIOMD0000000833,S59,0.007001536346239933,0.0,0.9130643556815834,999,1,0.0,0.0,0.0,0.0,0.0,0.0,0.0,0.0,0.0,0.2466093278290008
BIOMD0000000833,S60,0.0,0.0,0.0,999,1,0.0,0.0,0.0,0.0,0.0,0.0,0.0,0.0,0.0,0.0
BIOMD0000000833,S61,0.004500631976556096,0.0,0.8653991444311646,999,1,0.0,0.0,0.0,0.0,0.0,0.0,0.0,0.0,0.0,0.0037095863093524564
BIOMD0000000834,model,0.0,0.0,0.0,75,0,0.0,0.0,0.0,0.0,0.0,0.0,0.0,0.0,0.0,0.0
BIOMD0000000834,CaI_1,0.005908770067125014,0.0,1.0,1000,0,0.0,0.0,0.0,0.0,0.0,0.0,0.0,0.0,0.0,0.0
BIOMD0000000834,g_1,0.004740596755521467,0.0,1.0,1000,0,0.0,0.0,0.0,0.0,0.0,0.0,0.0,0.0,0.0,0.0
BIOMD0000000834,IP3_1,0.003108797579078929,0.0,1.0,719,281,0.0,0.0,0.0,0.0,0.0,0.0,0.0,0.0,0.0,0.0
BIOMD0000000834,r_1,0.005191096771870917,0.0,1.0,1000,0,0.0,0.0,0.0,0.0,0.0,0.0,0.0,0.0,0.0,0.0
BIOMD0000000834,CaT_1,0.22360109170621312,0.0,1.0,1000,0,0.0,0.0,0.0,0.0,0.0,0.0,0.6885992529620721,0.8517884640938312,0.964196463863458,0.9963020181587573
BIOMD0000000834,g_2,0.0042237916900506696,0.0,1.0,1000,0,0.0,0.0,0.0,0.0,0.0,0.0,0.0,0.0,0.0,0.0
BIOMD0000000834,r_2,0.0067914015402439,0.0,1.0,1000,0,0.0,0.0,0.0,0.0,0.0,0.0,0.0,0.0,0.0,0.00663604614009109
BIOMD0000000834,CaI_2,0.00518323114584197,0.0,1.0,1000,0,0.0,0.0,0.0,0.0,0.0,0.0,0.0,0.0,0.0,0.0
BIOMD0000000834,IP3_2,0.0029977218706149092,0.0,1.0,719,281,0.0,0.0,0.0,0.0,0.0,0.0,0.0,0.0,0.0,0.0
BIOMD0000000834,CaT_2,0.21739755716374923,0.0,0.9999999999999999,1000,0,0.0,0.0,0.0,0.0,0.0,0.0,0.681355758955212,0.8425209622895254,0.9712997568276865,0.9975102125712526
BIOMD0000000834,CaI_3,0.004899430674122604,0.0,1.0,1000,0,0.0,0.0,0.0,0.0,0.0,0.0,0.0,0.0,0.0,0.0
BIOMD0000000834,IP3_3,0.0031012450967543106,0.0,1.0,719,281,0.0,0.0,0.0,0.0,0.0,0.0,0.0,0.0,0.0,0.0
BIOMD0000000834,g_3,0.004402992776811704,0.0,1.0,1000,0,0.0,0.0,0.0,0.0,0.0,0.0,0.0,0.0,0.0,0.0
BIOMD0000000834,r_3,0.006362241418787641,0.0,1.0,1000,0,0.0,0.0,0.0,0.0,0.0,0.0,0.0,0.0,0.0,0.0
BIOMD0000000834,CaT_3,0.2166342170655503,0.0,1.0,1000,0,0.0,0.0,0.0,0.0,0.0,0.0,0.6838271461541522,0.8422619671568375,0.9753022333880947,0.9973411564473845
BIOMD0000000834,CaI_4,0.004524164262699887,0.0,1.0,1000,0,0.0,0.0,0.0,0.0,0.0,0.0,0.0,0.0,0.0,0.0
BIOMD0000000834,IP3_4,0.0031532462757673236,0.0,1.0,719,281,0.0,0.0,0.0,0.0,0.0,0.0,0.0,0.0,0.0,0.0
BIOMD0000000834,r_4,0.006550111303100385,0.0,1.0,1000,0,0.0,0.0,0.0,0.0,0.0,0.0,0.0,0.0,0.0,0.001634843398268355
BIOMD0000000834,g_4,0.004628230334084996,0.0,1.0,1000,0,0.0,0.0,0.0,0.0,0.0,0.0,0.0,0.0,0.0,0.0
BIOMD0000000834,CaT_4,0.21553644172289452,0.0,1.0,1000,0,0.0,0.0,0.0,0.0,0.0,0.0,0.692085554919426,0.8344608665650832,0.9735982301816271,0.9980762594073133
BIOMD0000000834,r_5,0.006577725065268875,0.0,0.9999999999999999,1000,0,0.0,0.0,0.0,0.0,0.0,0.0,0.0,0.0,0.0,0.0015813860826694697
BIOMD0000000834,IP3_5,0.0031385779237270493,0.0,1.0,719,281,0.0,0.0,0.0,0.0,0.0,0.0,0.0,0.0,0.0,0.0
BIOMD0000000834,g_5,0.005504205595332727,0.0,1.0,1000,0,0.0,0.0,0.0,0.0,0.0,0.0,0.0,0.0,0.0,0.0
BIOMD0000000834,CaI_5,0.004375426127732881,0.0,1.0,1000,0,0.0,0.0,0.0,0.0,0.0,0.0,0.0,0.0,0.0,0.0
BIOMD0000000834,CaT_5,0.21500692481634845,0.0,1.0,1000,0,0.0,0.0,0.0,0.0,0.0,0.0,0.6919444074429032,0.8417815420917238,0.9751794984336457,0.9969069981293133
BIOMD0000000834,CaI_6,0.004834196049793331,0.0,1.0,1000,0,0.0,0.0,0.0,0.0,0.0,0.0,0.0,0.0,0.0,0.0
BIOMD0000000834,g_6,0.004167650182876736,0.0,1.0,1000,0,0.0,0.0,0.0,0.0,0.0,0.0,0.0,0.0,0.0,0.0
BIOMD0000000834,r_6,0.006849598462021959,0.0,1.0,1000,0,0.0,0.0,0.0,0.0,0.0,0.0,0.0,0.0,0.0,0.0013026051981423759
BIOMD0000000834,IP3_6,0.0032444590214444247,0.0,1.0,719,281,0.0,0.0,0.0,0.0,0.0,0.0,0.0,0.0,0.0,0.0
BIOMD0000000834,CaT_6,0.21871037699858564,0.0,1.0,1000,0,0.0,0.0,0.0,0.0,0.0,0.0,0.7037029886140084,0.8483766452234061,0.9669390390668042,0.9962626162313378
BIOMD0000000834,CaI_7,0.004954667030660311,0.0,1.0,1000,0,0.0,0.0,0.0,0.0,0.0,0.0,0.0,0.0,0.0,0.0
BIOMD0000000834,g_7,0.0034289065066783033,0.0,1.0,1000,0,0.0,0.0,0.0,0.0,0.0,0.0,0.0,0.0,0.0,0.0
BIOMD0000000834,r_7,0.006411859692490661,0.0,1.0,1000,0,0.0,0.0,0.0,0.0,0.0,0.0,0.0,0.0,0.0,0.03899897139554112
BIOMD0000000834,IP3_7,0.003447390425106002,0.0,1.0,719,281,0.0,0.0,0.0,0.0,0.0,0.0,0.0,0.0,0.0,0.0
BIOMD0000000834,CaT_7,0.22193507203148152,0.0,1.0,1000,0,0.0,0.0,0.0,0.0,0.0,0.0,0.6970640479037717,0.8436848401815145,0.9741459689856823,0.9984375343716576
BIOMD0000000834,r_8,0.007072312980180712,0.0,1.0,1000,0,0.0,0.0,0.0,0.0,0.0,0.0,0.0,0.0,0.0,0.001010764466350066
BIOMD0000000834,IP3_8,0.0035516930581135408,0.0,1.0,719,281,0.0,0.0,0.0,0.0,0.0,0.0,0.0,0.0,0.0,0.0
BIOMD0000000834,g_8,0.006507751217268233,0.0,1.0,1000,0,0.0,0.0,0.0,0.0,0.0,0.0,0.0,0.0,0.0,0.0
BIOMD0000000834,CaI_8,0.0064216769089276045,0.0,1.0,1000,0,0.0,0.0,0.0,0.0,0.0,0.0,0.0,0.0,0.0,0.0
BIOMD0000000834,CaT_8,0.2224539393566657,0.0,0.9999999999999999,1000,0,0.0,0.0,0.0,0.0,0.0,0.0,0.6799553589610724,0.8533952657881695,0.9704540246180948,0.9990154553686184
BIOMD0000000834,IP3_9,0.003933329984632027,0.0,1.0,719,281,0.0,0.0,0.0,0.0,0.0,0.0,0.0,0.0,0.0,0.0
BIOMD0000000834,CaI_9,0.004874022459551939,0.0,1.0,1000,0,0.0,0.0,0.0,0.0,0.0,0.0,0.0,0.0,0.0,0.0
BIOMD0000000834,r_9,0.005558435817887983,0.0,1.0,1000,0,0.0,0.0,0.0,0.0,0.0,0.0,0.0,0.0,0.0,0.0
BIOMD0000000834,g_9,0.004351952461689704,0.0,0.9999999999999999,1000,0,0.0,0.0,0.0,0.0,0.0,0.0,0.0,0.0,0.0,0.0
BIOMD0000000834,CaT_9,0.22798799116639148,0.0,0.9999999999999999,1000,0,0.0,0.0,0.0,0.0,0.0,0.0,0.6766560419260664,0.8851441353107324,0.9684237020834254,0.9979147263563194
BIOMD0000000834,r_10,0.006633979764524824,0.0,0.9999999999999999,1000,0,0.0,0.0,0.0,0.0,0.0,0.0,0.0,0.0,0.0,0.06778373297214452
BIOMD0000000834,IP3_10,0.0013908205841446453,0.0,1.0,719,281,0.0,0.0,0.0,0.0,0.0,0.0,0.0,0.0,0.0,0.0
BIOMD0000000834,g_10,0.0028813996839078325,0.0,1.0,1000,0,0.0,0.0,0.0,0.0,0.0,0.0,0.0,0.0,0.0,0.0
BIOMD0000000834,CaI_10,0.005080273503180415,0.0,1.0,1000,0,0.0,0.0,0.0,0.0,0.0,0.0,0.0,0.0,0.0,0.0
BIOMD0000000834,CaT_10,0.23093997491460413,0.0,1.0,1000,0,0.0,0.0,0.0,0.0,0.0,0.0,0.6771869020255611,0.8922210017845309,0.9726373429926303,0.9980158335668572
BIOMD0000000834,IP3_11,0.002424408775056693,0.0,1.0,719,281,0.0,0.0,0.0,0.0,0.0,0.0,0.0,0.0,0.0,0.0
BIOMD0000000834,g_11,0.004386707591562757,0.0,1.0,1000,0,0.0,0.0,0.0,0.0,0.0,0.0,0.0,0.0,0.0,0.0
BIOMD0000000834,CaI_11,0.0035439368216546334,0.0,1.0,1000,0,0.0,0.0,0.0,0.0,0.0,0.0,0.0,0.0,0.0,0.0
BIOMD0000000834,r_11,0.006640628243636897,0.0,1.0,1000,0,0.0,0.0,0.0,0.0,0.0,0.0,0.0,0.0,0.0,0.0
BIOMD0000000834,IP3_12,0.0022811620803700906,0.0,1.0,719,281,0.0,0.0,0.0,0.0,0.0,0.0,0.0,0.0,0.0,0.0
BIOMD0000000834,g_12,0.0025650224560532678,0.0,1.0,1000,0,0.0,0.0,0.0,0.0,0.0,0.0,0.0,0.0,0.0,0.0
BIOMD0000000834,CaI_12,0.006650196685593439,0.0,1.0,1000,0,0.0,0.0,0.0,0.0,0.0,0.0,0.0,0.0,0.0,0.0
BIOMD0000000834,r_12,0.006460550396871085,0.0,1.0,1000,0,0.0,0.0,0.0,0.0,0.0,0.0,0.0,0.0,0.0,0.00020967723953017073
BIOMD0000000834,IP3_13,0.002169035206873114,0.0,1.0,719,281,0.0,0.0,0.0,0.0,0.0,0.0,0.0,0.0,0.0,0.0
BIOMD0000000834,g_13,0.0035680248100820803,0.0,1.0,1000,0,0.0,0.0,0.0,0.0,0.0,0.0,0.0,0.0,0.0,0.0
BIOMD0000000834,CaI_13,0.005123883610331676,0.0,1.0,1000,0,0.0,0.0,0.0,0.0,0.0,0.0,0.0,0.0,0.0,0.0
BIOMD0000000834,r_13,0.006115280093217294,0.0,1.0,1000,0,0.0,0.0,0.0,0.0,0.0,0.0,0.0,0.0,0.0,0.0
BIOMD0000000834,IP3_14,0.0013908205841446453,0.0,1.0,719,281,0.0,0.0,0.0,0.0,0.0,0.0,0.0,0.0,0.0,0.0
BIOMD0000000834,g_14,0.0028127390510340705,0.0,1.0,1000,0,0.0,0.0,0.0,0.0,0.0,0.0,0.0,0.0,0.0,0.0
BIOMD0000000834,CaI_14,0.002126863303085788,0.0,1.0,1000,0,0.0,0.0,0.0,0.0,0.0,0.0,0.0,0.0,0.0,0.0
BIOMD0000000834,r_14,0.005295742049805145,0.0,1.0,1000,0,0.0,0.0,0.0,0.0,0.0,0.0,0.0,0.0,0.0,0.0
BIOMD0000000834,IP3_15,0.00188114396884466,0.0,1.0,719,281,0.0,0.0,0.0,0.0,0.0,0.0,0.0,0.0,0.0,0.0
BIOMD0000000834,g_15,0.0026666435379703204,0.0,1.0,1000,0,0.0,0.0,0.0,0.0,0.0,0.0,0.0,0.0,0.0,0.0
BIOMD0000000834,CaI_15,0.002045574896718312,0.0,1.0,1000,0,0.0,0.0,0.0,0.0,0.0,0.0,0.0,0.0,0.0,0.0
BIOMD0000000834,r_15,0.00610437019410878,0.0,1.0,1000,0,0.0,0.0,0.0,0.0,0.0,0.0,0.0,0.0,0.0,0.00032960837643570493
BIOMD0000000834,CaT_11,0.2336762987046735,0.0,0.9999999999999999,1000,0,0.0,0.0,0.0,0.0,0.0,0.0,0.6924765079829136,0.8892564211310033,0.9783202768572208,0.9969681631241458
BIOMD0000000834,CaT_12,0.2329114612627047,0.0,1.0,1000,0,0.0,0.0,0.0,0.0,0.0,0.0,0.6794794961188484,0.8917258411967246,0.9750908892948298,0.9993285232644175
BIOMD0000000834,CaT_13,0.23546682045299774,0.0,1.0,1000,0,0.0,0.0,0.0,0.0,0.0,0.0,0.6940936001466904,0.9068110382584722,0.9809342702910816,0.997978859753973
BIOMD0000000834,CaT_14,0.23730682476575665,0.0,0.9999999999999999,1000,0,0.0,0.0,0.0,0.0,0.0,0.0,0.6955826967339307,0.9202419028946948,0.9831829855801832,0.9984382971804097
BIOMD0000000834,CaT_15,0.23641726655141743,0.0,1.0,1000,0,0.0,0.0,0.0,0.0,0.0,0.0,0.6980742426705397,0.9217966550902338,0.9789972221271014,0.9980924685959109
BIOMD0000000835,model,0.1321982316194841,0.0,0.9999999999808457,31,0,0.0,0.0,0.0,0.0,0.0,0.0,0.13314251198913407,0.5159453319492684,0.7139026251877412,0.9285262512466184
BIOMD0000000835,C16AcylCarCYT,0.44383588477565034,0.0,1.0,1000,0,0.0,0.0,0.0,0.0,0.0,0.35079468777474265,0.9815253580546709,0.9886786931320904,0.9937796970751356,0.9988261374626285
BIOMD0000000835,C14AcylCarCYT,0.5895159668982897,0.0,1.0,998,2,0.0,0.0,0.0,0.5581295120125669,0.6240166595564216,0.7007218617470794,0.8524937941584285,0.8707020418900621,0.9275149834850858,0.9868777561572227
BIOMD0000000835,C12AcylCarCYT,0.44199303287297365,0.0,1.0,1000,0,0.0,0.0,0.0,0.0,0.0,0.6086303430741239,0.8113386842250548,0.9085599300132785,0.9484291397327848,0.9923172006100651
BIOMD0000000835,C10AcylCarCYT,0.7858581596490917,0.0,1.0,1000,0,0.0,0.12506167154799921,0.6256610177761648,0.7778053979103903,0.9010089048139174,0.9294733959037021,0.9781562363205195,0.9877532468576262,0.9924657617186607,0.9985552042153629
BIOMD0000000835,C8AcylCarCYT,0.8867759129576795,0.6357517130360751,1.0,1000,0,0.7578249638416789,0.7617541708667551,0.7820121942673228,0.7971102542255697,0.8153276348124818,0.9121237641502165,0.9737044190213567,0.9863654534539829,0.9931849836702823,0.9984234842229385
BIOMD0000000835,C6AcylCarCYT,0.7869401317097767,0.3065138419808714,1.0,1000,0,0.42638749819299837,0.5159453319492684,0.6045931548131622,0.6204638058192622,0.6374105410058136,0.8483868860288408,0.9737529421378062,0.9861794360049535,0.9932074861375662,0.9986428981305675
BIOMD0000000835,C4AcylCarCYT,0.5480614710873536,0.291753307222789,0.9322456300689994,973,27,0.29350596526965206,0.2985353487903761,0.31570227121201694,0.32723818722740206,0.35906345399767325,0.5541830676681953,0.7377331696186968,0.7932506390638691,0.8471942557734659,0.9106415054901715
BIOMD0000000835,C16AcylCarMAT,0.2979962998137442,0.0,0.9715980842002334,999,1,0.0,0.0,0.0,0.0,0.0,0.0,0.7301917704042534,0.8177921603073961,0.8438680180317281,0.9020843956649306
BIOMD0000000835,C16AcylCoAMAT,0.37332743165898125,0.0,0.9872577197705907,999,1,0.0,0.0,0.0,0.0,0.0,0.0,0.8689857004844879,0.9420418620006241,0.974394371818457,0.986603891510495
BIOMD0000000835,C16EnoylCoAMAT,0.5033895937241037,0.0,0.9771234708164547,841,159,0.0,0.0,0.0,0.0,0.22418625696097372,0.6124008773616032,0.86109214066491,0.9189674468392276,0.9412751303595155,0.9477780851312698
BIOMD0000000835,C14AcylCarMAT,0.4482976609936203,0.0,0.9998903487579951,999,1,0.0,0.0,0.0,0.0,0.0,0.5212236263713835,0.8709370663628503,0.9689212960426262,0.9809407113918295,0.9959686878949511
BIOMD0000000835,C14AcylCoAMAT,0.4490365761325249,0.0,0.9998224613923875,999,1,0.0,0.0,0.0,0.0,0.0,0.46669435650982827,0.9037579361987048,0.9437790158936578,0.9694014742301441,0.9936600233325936
BIOMD0000000835,C14EnoylCoAMAT,0.4802236581314908,0.0,0.9748787280117742,883,117,0.0,0.0,0.0,0.0,0.10902977021208096,0.6110422367522887,0.8006225927419424,0.8491698624833078,0.862123944786812,0.923530959053165
BIOMD0000000835,C12AcylCarMAT,0.519183227659878,0.0,0.9998690143013137,999,1,0.0,0.0,0.0,0.0,0.0,0.6237861326653211,0.9047997084547279,0.9637210988465266,0.9879922481096949,0.9992207832825916
BIOMD0000000835,C12AcylCoAMAT,0.4974469956505703,0.0,0.9953592427045571,999,1,0.0,0.0,0.0,0.0,0.0,0.6628680481465691,0.8526836101957026,0.9498959665456362,0.9820065623238255,0.9947478494558483
BIOMD0000000835,C12EnoylCoAMAT,0.437964651089376,0.0,0.9690797537885758,935,65,0.0,0.0,0.0,0.0,0.0,0.5613109290846686,0.7115632945646423,0.756892117396355,0.7736671820940567,0.8956451871290121
BIOMD0000000835,C10AcylCarMAT,0.5879025587051351,0.0,0.999992212079907,999,1,0.0,0.0,0.0,0.0,0.36690573981905267,0.7762710810184025,0.8925620711866065,0.9355096690666393,0.9807936501450708,0.999048496577103
BIOMD0000000835,C10AcylCoAMAT,0.5259377765219788,0.0,0.9828762361522116,999,1,0.0,0.0,0.0,0.0,0.0,0.7332303137236642,0.8320963829245205,0.8557577714206539,0.8810689563676366,0.9319793761912971
BIOMD0000000835,C10EnoylCoAMAT,0.4956850236222569,0.0,0.9985792432422934,999,1,0.0,0.0,0.0,0.0,0.17283521316271264,0.5898717997710008,0.8415813898179716,0.9013640424887196,0.9583243374988164,0.9967134623483107
BIOMD0000000835,C8AcylCarMAT,0.4371627048080777,0.0,0.9659057179188261,999,1,0.0,0.0,0.0005693057446408238,0.13620269887027114,0.24040968832795068,0.4841953467736785,0.6947258337123093,0.8332348987556439,0.8900681890239253,0.9081938171813244
BIOMD0000000835,C8AcylCoAMAT,0.4511167923903823,0.0,0.9811993332644539,999,1,0.0,0.0,0.0,0.0,0.0955412452803588,0.5380962502129327,0.7683065883326469,0.8470113469405707,0.8695047460329014,0.9313031940200767
BIOMD0000000835,C8EnoylCoAMAT,0.40072948953933507,0.0,0.962376760447384,999,1,0.0,0.0,0.0,0.0,0.0,0.45353074302736285,0.7150912546284895,0.7903833510122261,0.8428765757999588,0.8690937501118496
BIOMD0000000835,C6AcylCarMAT,0.7154857194764912,0.33920193258269327,0.9993845202128953,999,1,0.4073444924599876,0.43276964640145515,0.5079448246151662,0.5408076682740073,0.5595849044918397,0.7593649194242477,0.900942292856477,0.9620791913943129,0.9785116584170753,0.9951484796186256
BIOMD0000000835,C6AcylCoAMAT,0.4873744415563989,0.0,0.9777295507354963,999,1,0.0,0.0,0.0,0.015358484297001262,0.13347262464043252,0.6154436875898948,0.7929676859776102,0.8961296612435555,0.9356965833913715,0.9483130678905991
BIOMD0000000835,C6EnoylCoAMAT,0.5045016944418482,0.0,0.9658391918730147,999,1,0.0,0.0,0.10918898961867299,0.28346926401220546,0.3398269340263846,0.5690404964168492,0.8022329558152093,0.8485966950931446,0.9124573742615412,0.9330672651652778
BIOMD0000000835,C6KetoacylCoAMAT,0.5040013866104918,0.0,0.9658722228451002,999,1,0.0,0.0,0.1078385505503441,0.2849516915658639,0.33960742984902964,0.5689839705554849,0.8009115852054696,0.8485519372435438,0.9123017518241731,0.9329358772704633
BIOMD0000000835,C4AcylCarMAT,0.852358669809706,0.40589971884703846,0.9996679060965306,999,1,0.5825211978024428,0.6660510795087272,0.734934145335641,0.7638472548771126,0.7979957557184785,0.8963107406303896,0.9520049688294281,0.9768212746792482,0.9863013355142065,0.9931008593127145
BIOMD0000000835,C4AcylCoAMAT,0.5939941940341666,0.0,0.9943422289150962,999,1,0.016218062505049934,0.035179511780504394,0.11343425854563968,0.14327780810073482,0.3564229920197164,0.7317026521127916,0.9095520699269001,0.9640033693124747,0.9861260054509426,0.9940688672153472
BIOMD0000000835,C4EnoylCoAMAT,0.6441878783606926,0.0,0.9974994578533386,999,1,0.09479235817077075,0.13314251198913407,0.24787281450356113,0.2880875850350795,0.4247631825343779,0.778897744955385,0.9207509747123002,0.9681718521369522,0.9882070468353669,0.9951513114024131
BIOMD0000000835,C4AcetoacylCoAMAT,0.6424184402620263,0.0,0.9975111772799629,999,1,0.09191331676074212,0.12970590738894128,0.24224398193170255,0.2822773194532807,0.4229707693984895,0.7774734967760994,0.9203203813387745,0.9677936527092024,0.9874852779950022,0.994498708811964
BIOMD0000000835,AcetylCoAMAT,0.9999999999899075,0.9999999999501866,0.9999999999999775,1000,0,0.9999999999771324,0.9999999999808457,0.9999999999876724,0.9999999999877548,0.9999999999879641,0.9999999999898624,0.9999999999953122,0.9999999999975916,0.9999999999988158,0.9999999999997599
BIOMD0000000836,model,0.0,0.0,0.0,2,0,0.0,0.0,0.0,0.0,0.0,0.0,0.0,0.0,0.0,0.0
BIOMD0000000836,S,0.002261337491111472,0.0,0.8169523413827979,999,1,0.0,0.0,0.0,0.0,0.0,0.0,0.0,0.0,0.0,0.0
BIOMD0000000836,P,0.0,0.0,0.0,132,868,0.0,0.0,0.0,0.0,0.0,0.0,0.0,0.0,0.0,0.0
BIOMD0000000837,model,0.1577986275417023,0.0,0.9777915220492919,7,1,0.0,0.0,0.0,0.0,0.0,0.0,0.07770750703666927,0.4434643417078614,0.7106279318785759,0.9243588040151484
BIOMD0000000837,C_m,0.08469513133775576,0.03716087387015721,1.0,1000,0,0.038331859926514375,0.03955264926238354,0.04214734391264905,0.04352186076237197,0.04494680151272372,0.05105198624241242,0.062419638995595245,0.11879756801533459,0.2944217068265948,0.7715339824811271
BIOMD0000000837,C_e,0.004643386477586879,0.0,1.0,1000,0,0.0,0.0,0.0,0.0,0.0,0.0,0.0,0.0,0.0,0.0
BIOMD0000000837,H_m,0.13694464367646622,0.08313032092796391,1.0,1000,0,0.08514416888271448,0.08724622148024067,0.09171200522118497,0.09407087763702154,0.09650682259323924,0.10671858363700037,0.12010850694135705,0.1733341302379458,0.3404306749404222,0.7877645736879969
BIOMD0000000837,H_e,0.005210384565233638,0.0,1.0,1000,0,0.0,0.0,0.0,0.0,0.0,0.0,0.0,0.0,0.0,0.0
BIOMD0000000837,L,0.9888478093491888,0.975067051970955,1.0,1000,0,0.9764241711883916,0.9777915220492919,0.9805567453710987,0.9819545100910523,0.9833622899533706,0.9890918528468029,0.997953423755174,0.9989237310384712,0.999430442160255,0.9998884135159141
BIOMD0000000837,Inflam,0.007421391202707921,0.0,1.0,1000,0,0.0,0.0,0.0,0.0,0.0,0.0,0.0,0.0,0.0,0.08982671580823355
BIOMD0000000837,B,0.023162454007128574,0.0,1.0,1000,0,0.0,0.0,0.0,0.0,0.0,0.0,0.0,0.0,0.0,0.9919960100235641
BIOMD0000000837,D,,,,0,1000,,,,,,,,,,
BIOMD0000000838,model,0.0,0.0,0.0,3,0,0.0,0.0,0.0,0.0,0.0,0.0,0.0,0.0,0.0,0.0
BIOMD0000000838,A,0.008201482913676686,0.0,1.0,1000,0,0.0,0.0,0.0,0.0,0.0,0.0,0.0,0.0,0.0,0.35910824991615675
BIOMD0000000838,T,0.013431511299310033,0.0,1.0,1000,0,0.0,0.0,0.0,0.0,0.0,0.0,0.0,0.0,0.0,0.6971597664601538
BIOMD0000000838,M,0.012261178487169618,0.0,1.0,1000,0,0.0,0.0,0.0,0.0,0.0,0.0,0.0,0.0,0.0,0.6731375114757777
BIOMD0000000839,model,0.053320318383760223,0.0,0.4265625470700818,8,0,0.0,0.0,0.0,0.0,0.0,0.0,0.0,0.12796876412102445,0.27726565559555294,0.3967031687751759
BIOMD0000000839,BMAL1,0.10245591184636448,0.0,1.0,1000,0,0.0,0.0,0.0,0.0,0.0,0.0,0.1323014373589054,0.45094829063991054,0.7012491493450809,0.9424333080463573
BIOMD0000000839,ROR,0.3666075668242293,0.0,1.0,1000,0,0.0,0.0,0.0,0.0,0.053245831083051094,0.3265139617172743,0.7215918764723316,0.8524386140163976,0.9262193362987439,0.9811642914870097
BIOMD0000000839,REV,0.7017777798393199,0.008551876244878076,0.9999999999999999,1000,0,0.2956421961451212,0.4265625470700818,0.5293137218792848,0.5859919932451293,0.6213593787419619,0.7305833446368764,0.8951383412102144,0.9498807807074305,0.9797183447594984,0.9954922997223999
BIOMD0000000839,DBP,0.3558259079850192,0.0,1.0,1000,0,0.0,0.0,0.0,0.0,0.013289497024032744,0.30574817240658986,0.6984209113669538,0.8503254101730634,0.9184364328792155,0.9797272136410584
BIOMD0000000839,E4BP4,0.5180694361744592,0.0,1.0,1000,0,0.0,0.0,0.2000791111424137,0.2782408861164899,0.3509622815123039,0.5639814279525153,0.8356831725626067,0.913413563853879,0.9586128607817247,0.9935047202057911
BIOMD0000000839,CRY,0.2568116573847214,0.0,1.0,1000,0,0.0,0.0,0.0,0.0,0.0,0.07840617343131195,0.5800337529958679,0.7869469602466929,0.9037807244080053,0.9835793811198508
BIOMD0000000839,PER,0.37857352618222123,0.0,1.0,1000,0,0.0,0.0,0.0,0.0,0.021055768593083966,0.3400355241716422,0.7439634291759764,0.8687692369954734,0.9431079325541077,0.9911490650908464
BIOMD0000000839,PERCRY,0.2789581942567066,0.0,0.9997039567366655,999,1,0.0,0.0,0.0,0.0,0.0,0.09447323514836081,0.6229848379450871,0.8328168266313859,0.9113002195591154,0.9884391288319389
BIOMD0000000840,model,0.9501800779672831,0.8928355618123274,0.9797868927949379,5,0,0.9036703006139867,0.9145050394156461,0.9361745170189648,0.9470092558206241,0.9501511044335471,0.962718498885239,0.9707975229776172,0.9752922078862776,0.9775395503406077,0.9793374243040719
BIOMD0000000840,M,0.9140718600601494,0.45878969666577873,1.0,1000,0,0.8435164553733722,0.8928355618123274,0.9027791953061497,0.9098087865490642,0.916830246285616,0.9362796703236267,0.9410550551439274,0.9411149050015127,0.9613292949943099,0.9849728897302247
BIOMD0000000840,C1,0.9862730851195929,0.9539286641894925,1.0,1000,0,0.9672307527049572,0.968550180523287,0.9747301532728505,0.9789337678119796,0.9832788111329133,0.9908262498661056,0.9941111041537547,0.9967731934168181,0.9981825054012304,0.9996383426280154
BIOMD0000000840,C2,0.9733733609388409,0.9419378712353909,1.0,1000,0,0.9432671149247446,0.9470092558206241,0.9553076069148712,0.96018980611342,0.9650866324854691,0.9802364479586906,0.9855700427669951,0.9856141891904728,0.9946617453490698,0.9987444069416366
BIOMD0000000840,A,0.9728687038779189,0.962220868243985,1.0,1000,0,0.9623475177287333,0.962718498885239,0.964057448931547,0.9649552555308055,0.9659182360876559,0.9697358368246223,0.9847687330608699,0.9863030327391434,0.9925698844877963,0.9964072085301842
BIOMD0000000840,T,0.9860399815342419,0.9483884824904701,1.0,1000,0,0.9795533555860209,0.9797868927949379,0.9809169652205388,0.9817719656481213,0.9827371762621734,0.9869002939084697,0.9913097349723021,0.9925757659788361,0.9934784807856638,0.9987175471609347
BIOMD0000000842,model,0.10526315789473682,0.0,1.0,19,1,0.0,0.0,0.0,0.0,0.0,0.0,0.0,0.19999999999999923,0.9999999999999997,0.9999999999999999
BIOMD0000000842,HR,0.6229772834157223,0.0,1.0,8,992,0.0,0.0,0.12594486463486027,0.2361466211903629,0.3593235439109266,0.8621506838465576,0.9726027555670836,0.9815930112210745,0.9907965056105372,0.9981593011221075
BIOMD0000000842,G,0.0152840740593175,0.0,1.0,1000,0,0.0,0.0,0.0,0.0,0.0,0.0,0.0,0.0,0.0,0.8093845703122163
BIOMD0000000842,ERK,0.015400869881297904,0.0,1.0,1000,0,0.0,0.0,0.0,0.0,0.0,0.0,0.0,0.0,0.0,0.8176157935679448
BIOMD0000000842,PIP2,0.002942011303795005,0.0,1.0,1000,0,0.0,0.0,0.0,0.0,0.0,0.0,0.0,0.0,0.0,0.0
BIOMD0000000842,DAG,0.004501242182763082,0.0,0.9732103676496412,999,1,0.0,0.0,0.0,0.0,0.0,0.0,0.0,0.0,0.0,0.0
BIOMD0000000842,PKC,0.024094311646696284,0.0,1.0,1000,0,0.0,0.0,0.0,0.0,0.0,0.0,0.0,0.0,0.0,0.9736937431388246
BIOMD0000000842,PKC_a,0.0039916522243009,0.0,0.9192903420799319,999,1,0.0,0.0,0.0,0.0,0.0,0.0,0.0,0.0,0.0,0.0
BIOMD0000000842,GpERK,0.004461866950782752,0.0,0.9999999999999999,1000,0,0.0,0.0,0.0,0.0,0.0,0.0,0.0,0.0,0.0,0.0
BIOMD0000000842,bpERK,0.0019286729030799728,0.0,1.0,1000,0,0.0,0.0,0.0,0.0,0.0,0.0,0.0,0.0,0.0,0.0
BIOMD0000000842,barr1,0.02621627737071095,0.0,1.0,1000,0,0.0,0.0,0.0,0.0,0.0,0.0,0.0,0.0,0.0,0.9780074442882124
BIOMD0000000842,barr2,0.025826361194960356,0.0,1.0,1000,0,0.0,0.0,0.0,0.0,0.0,0.0,0.0,0.0,0.0,0.9775048800761338
BIOMD0000000842,G_a,0.0021116544389480746,0.0,0.8487400481804448,999,1,0.0,0.0,0.0,0.0,0.0,0.0,0.0,0.0,0.0,0.0
BIOMD0000000842,HRP1,0.30092561721360145,0.0,0.8688365718304144,9,991,0.0,0.0,0.0,0.0,0.0,0.0,0.7632651985471619,0.8363173240995635,0.852576947964989,0.8655846470573293
BIOMD0000000842,Hbarr1RP1,0.004048148727724572,0.0,0.7579113806382349,996,4,0.0,0.0,0.0,0.0,0.0,0.0,0.0,0.0,0.0,0.049894764396486976
BIOMD0000000842,Hbarr2RP1,0.021034248000151714,0.0,0.8459470863075595,138,862,0.0,0.0,0.0,0.0,0.0,0.0,0.0,0.0,0.00523784420483254,0.6963873245108804
BIOMD0000000842,HRP2,0.12536684903766665,0.0,0.9682969388147282,52,948,0.0,0.0,0.0,0.0,0.0,0.0,0.1735190975431783,0.48684387312663546,0.8680071121320245,0.9363426836368869
BIOMD0000000842,HRbarr2,,,,0,1000,,,,,,,,,,
BIOMD0000000842,Hbarr2RP2,0.004805249042860585,0.0,0.9542296626990406,373,627,0.0,0.0,0.0,0.0,0.0,0.0,0.0,0.0,0.0,0.0
BIOMD0000000842,GRK2_3,1.0,1.0,1.0,1000,0,1.0,1.0,1.0,1.0,1.0,1.0,1.0,1.0,1.0,1.0
BIOMD0000000842,GRK5_6,0.9999999999999999,0.9999999999999997,0.9999999999999997,1000,0,0.9999999999999997,0.9999999999999997,0.9999999999999997,0.9999999999999997,0.9999999999999997,0.9999999999999997,0.9999999999999997,0.9999999999999997,0.9999999999999997,0.9999999999999997
BIOMD0000000843,model,0.3061717782456346,0.0,0.9353402671455551,4,6,0.0,0.0,0.0,0.0,0.0,0.14467342291849167,0.5477442143604123,0.7415422407529837,0.838441253949269,0.9159604645062978
BIOMD0000000843,HSP,0.2797065066222277,0.0,1.0,1000,0,0.0,0.0,0.0,0.0,0.0,0.0,0.7770088655953905,0.9576104300461034,0.9945070327487409,0.9996833031567164
BIOMD0000000843,HSF,,,,0,1000,,,,,,,,,,
BIOMD0000000843,S,,,,0,1000,,,,,,,,,,
BIOMD0000000843,HSP_HSF,0.7242637836687302,0.08900351807985385,1.0,1000,0,0.19235537847282663,0.28934684583698334,0.46543126482631103,0.5450696291630673,0.6194399971229503,0.8686067743069281,0.9347741965137221,0.9663401654052144,0.9830955579582302,0.9966543264882386
BIOMD0000000843,HSP_S,0.30962770599069234,0.0,0.9995775815135916,999,1,0.0,0.0,0.0,0.0,0.0,0.0,0.7746466539899131,0.9233890090585687,0.980057077682834,0.9955192334884753
BIOMD0000000843,HSF_3,,,,0,1000,,,,,,,,,,
BIOMD0000000843,HSE,,,,0,1000,,,,,,,,,,
BIOMD0000000843,HSE_HSF_3,,,,0,1000,,,,,,,,,,
BIOMD0000000843,P,0.972776569936858,0.9195951996658794,0.9999999999999998,1000,0,0.9277436001812933,0.9353402671455551,0.9489791273057101,0.9550679282745778,0.9606984161634691,0.9790232319337746,0.9957827927279134,0.9988219962416407,0.9997051964968724,0.9999892340824974
BIOMD0000000843,mRNA,,,,0,1000,,,,,,,,,,
BIOMD0000000844,model,0.0,0.0,0.0,9,0,0.0,0.0,0.0,0.0,0.0,0.0,0.0,0.0,0.0,0.0
BIOMD0000000844,V,0.04066959162042455,0.0,1.0,1000,0,0.0,0.0,0.0,0.0,0.0,0.0,0.0,0.0,0.24355088561793872,0.9528108112791893
BIOMD0000000844,Ca,0.0,0.0,0.0,218,782,0.0,0.0,0.0,0.0,0.0,0.0,0.0,0.0,0.0,0.0
BIOMD0000000844,nK,0.002548664448970453,0.0,1.0,1000,0,0.0,0.0,0.0,0.0,0.0,0.0,0.0,0.0,0.0,0.0
BIOMD0000000844,hNaP,0.010972687348120787,0.0,1.0,809,191,0.0,0.0,0.0,0.0,0.0,0.0,0.0,0.0,0.0,0.4561182787846378
BIOMD0000000844,hH,0.011446355119784979,0.0,1.0,888,112,0.0,0.0,0.0,0.0,0.0,0.0,0.0,0.0,0.0,0.6150511831273812
BIOMD0000000844,mLVA,0.0022715616350650926,0.0,1.0,1000,0,0.0,0.0,0.0,0.0,0.0,0.0,0.0,0.0,0.0,0.0
BIOMD0000000844,hLVA,0.02060876908639206,0.0,1.0,1000,0,0.0,0.0,0.0,0.0,0.0,0.0,0.0,0.0,0.043685503474716315,0.7073385195486079
BIOMD0000000844,mBK,0.02666260868205386,0.0,0.9999999999999999,1000,0,0.0,0.0,0.0,0.0,0.0,0.0,0.0,0.0,0.0,0.8214786167581338
BIOMD0000000844,nHVK,0.05001925301067294,0.0,1.0,1000,0,0.0,0.0,0.0,0.0,0.0,0.0,0.0,0.0,0.5548943030775271,0.9731529707620187
BIOMD0000000845,model,0.0,0.0,0.0,3,0,0.0,0.0,0.0,0.0,0.0,0.0,0.0,0.0,0.0,0.0
BIOMD0000000845,S,0.09285067574326542,0.0,1.0,1000,0,0.0,0.0,0.0,0.0,0.0,0.0,0.0846959869131733,0.37649460995447953,0.6814820625989529,0.9297927928609515
BIOMD0000000845,I,0.06190614669835681,0.0,0.9982117747747685,999,1,0.0,0.0,0.0,0.0,0.0,0.0,0.0,0.20354908690383852,0.47667430677835515,0.9010483422360197
BIOMD0000000845,V_L,0.23651539006022468,0.0,1.0,1000,0,0.0,0.0,0.0,0.0,0.0,0.11165738155403998,0.5158325817687159,0.7691172768534041,0.8794471159107003,0.9768647911851485
BIOMD0000000846,model,0.33019305182040876,0.0,0.9905791554612263,3,0,0.0,0.0,0.0,0.0,0.0,0.0,0.5943474932767359,0.7924633243689811,0.8915212399151036,0.9707675723520017
BIOMD0000000846,S,0.9915924886233273,0.9905781788167406,1.0,1000,0,0.9905785508474888,0.9905791554612263,0.9905817348372482,0.9905843297409234,0.9905885465511346,0.9906540269901833,0.9919846096850924,0.9942916811886937,0.9966040812369894,0.9996192124026217
BIOMD0000000846,C,0.0,0.0,0.0,999,1,0.0,0.0,0.0,0.0,0.0,0.0,0.0,0.0,0.0,0.0
BIOMD0000000846,V_C,0.05615333501070084,0.0,1.0,1000,0,0.0,0.0,0.0,0.0,0.0,0.0,0.0,0.0,0.7146168631309583,0.9947009384985525
BIOMD0000000848,model,0.8595882448609207,0.5871313448256105,0.9860655085723866,9,0,0.6698966735739805,0.7526620023223506,0.8194255126973313,0.8363460766978618,0.840036286403665,0.8458384616053971,0.9519777611294579,0.9783047123272642,0.9821851104498254,0.9852894289478744
BIOMD0000000848,T,0.8985739142486504,0.8407866609683027,1.0,1000,0,0.8421371233219794,0.8458384616053971,0.8577583493432146,0.8646289185295284,0.8718075663985073,0.8968539538401025,0.9342397117933212,0.9630580227919066,0.9770496759159886,0.9937612983932601
BIOMD0000000848,I,0.9742865780894775,0.8482582672651177,0.9995811218651005,63,937,0.9061120541633791,0.935719926371774,0.9743293109958677,0.9772827922742822,0.9793362685489179,0.982307015620054,0.9914598014831558,0.9956251633983368,0.9967795409911719,0.9993906865854484
BIOMD0000000848,F_1,0.9929305893867385,0.9841499514154911,0.9999949382754398,53,947,0.9847625306762121,0.9860655085723866,0.9894797573601946,0.9905465263323872,0.9911558297649498,0.9931268568034205,0.9965694305568202,0.9988514394575045,0.9992597451095484,0.9999250211934793
BIOMD0000000848,F_2,0.9101347089684845,0.8387245559976589,0.9999591061797538,999,1,0.8419330595483733,0.8455716009623698,0.8544340658910242,0.8598893794633229,0.8660581413547875,0.897406130245919,0.9609803552678923,0.9847385629038977,0.9922022447768367,0.9990954385419049
BIOMD0000000848,N,0.9037432966308409,0.8292872069117914,1.0,1000,0,0.8325932474416177,0.8363460766978618,0.8454775057938011,0.8511066343019548,0.8575079425538252,0.8895280499304732,0.9588333948545193,0.9825407987791248,0.9882373216360396,0.9982221022275735
BIOMD0000000848,E,0.9609578172829542,0.9254159299243407,0.9999999999999999,1000,0,0.9271998013572883,0.9292121047503661,0.9340541175318251,0.9369463618134817,0.9401581233210785,0.9581431616797167,0.98605355284311,0.9958284605092184,0.9991719034808906,0.9998605495807925
BIOMD0000000848,R,0.794226958389228,0.5524776759369263,0.9999426632294258,997,3,0.5688995450895806,0.5871313448256105,0.6292308184033992,0.6532704309826608,0.679311731245092,0.7981240902178377,0.9452629552540464,0.980306715004304,0.9935530768712602,0.998246007389028
BIOMD0000000848,V,0.9417801546179485,0.5478725238225577,1.0,78,922,0.6875198501862547,0.7940446666965356,0.9302411354376865,0.9692408689733165,0.9804517880615252,0.9844756704999453,0.9933263218841833,0.9964649052346254,0.9988091638427912,0.999585223004983
BIOMD0000000848,A,0.9889468767483631,0.9712471823407652,1.0,1000,0,0.9748829933216767,0.9763645132659836,0.9795818189381523,0.9813088641930251,0.9831008272363638,0.9905193534298153,0.9973390617714187,0.9991041324621343,0.9997860405698628,0.9999511944468059
BIOMD0000000849,model,0.0,0.0,0.0,12,1,0.0,0.0,0.0,0.0,0.0,0.0,0.0,0.0,0.0,0.0
BIOMD0000000849,K_ECF,0.003867058169977364,0.0,1.0,1000,0,0.0,0.0,0.0,0.0,0.0,0.0,0.0,0.0,0.0,0.0
BIOMD0000000849,K_ICF,0.03709400017558807,0.0,1.0,1000,0,0.0,0.0,0.0,0.0,0.0,0.0,0.0,0.0,0.0,0.9531962244036118
BIOMD0000000849,K_urin,0.00681705191875612,0.0,0.9713859569872061,999,1,0.0,0.0,0.0,0.0,0.0,0.0,0.0,0.0,0.0,0.20086568444761524
BIOMD0000000849,K_tiss,0.06338174011932747,0.0,1.0,1000,0,0.0,0.0,0.0,0.0,0.0,0.0,0.0,0.00018499906747808425,0.705895712704886,0.986789031355022
BIOMD0000000849,K_sal,0.00763539364196386,0.0,1.0,1000,0,0.0,0.0,0.0,0.0,0.0,0.0,0.0,0.0,0.0,0.0008206341455354047
BIOMD0000000849,met_act,0.00795749775117879,0.0,1.0,1000,0,0.0,0.0,0.0,0.0,0.0,0.0,0.0,0.0,0.0,0.2242507327867227
BIOMD0000000849,K_milk,,,,0,1000,,,,,,,,,,
BIOMD0000000849,K_git,0.012391240854638143,0.0,1.0,1000,0,0.0,0.0,0.0,0.0,0.0,0.0,0.0,0.0,0.0,0.767192136838401
BIOMD0000000849,Gluc_b,0.014847186027503843,0.0,1.0,1000,0,0.0,0.0,0.0,0.0,0.0,0.0,0.0,0.0,0.0,0.6300604122942157
BIOMD0000000849,ins_b,0.021079907329384653,0.0,1.0,1000,0,0.0,0.0,0.0,0.0,0.0,0.0,0.0,0.0,0.0,0.7840953095146393
BIOMD0000000849,Gluc_stor,0.09778917303647568,0.0,0.9999999999999999,1000,0,0.0,0.0,0.0,0.0,0.0,0.0,0.0,0.5355989505125435,0.9212817383386641,0.993485694080017
BIOMD0000000849,Gluc_prod,0.005151122951456433,0.0,1.0,1000,0,0.0,0.0,0.0,0.0,0.0,0.0,0.0,0.0,0.0,0.0
BIOMD0000000849,s24,0.010883000465689633,0.0,0.9971603542125299,999,1,0.0,0.0,0.0,0.0,0.0,0.0,0.0,0.0,0.0,0.558198162716906
BIOMD0000000850,model,0.9888947680867367,0.9804231055563547,0.9935355303395383,3,0,0.981653361837151,0.9828836181179472,0.9853441306795397,0.9865743869603361,0.9878046432411323,0.9927256683643173,0.9932115855494499,0.9933735579444941,0.9934545441420163,0.9935193331000339
BIOMD0000000850,U,0.9848387695286888,0.979330780559117,1.0,1000,0,0.9796371970679226,0.9804231055563547,0.9824906644490365,0.9833730851017631,0.9840284174305479,0.9851552383287089,0.9853632701918129,0.9881253457953935,0.9928988985936512,0.9955779850262322
BIOMD0000000850,I,0.9952555688521488,0.9932885035546394,1.0,1000,0,0.9933530597706399,0.9935355303395383,0.9941229525151053,0.9944452530505042,0.994741218350485,0.9954589865438301,0.9957123155421659,0.9964250719398279,0.9980379158881172,0.9986031913355438
BIOMD0000000850,V,0.9943957247285895,0.9924736201860178,1.0,1000,0,0.9925408510195456,0.9927256683643173,0.9933167202548958,0.9936122539868825,0.9938700217580176,0.9946461003988378,0.9949446870154991,0.9953063740600444,0.9966498937856284,0.9973112819252571
BIOMD0000000851,model,0.7594932620328573,0.47340324388363325,0.9857754633348725,5,0,0.4762018119190876,0.479000379954542,0.4845975160254507,0.48739608406090507,0.5722780650321106,0.9118059889169329,0.9484235166413286,0.9670994899881006,0.9764374766614866,0.9839078660001953
BIOMD0000000851,S,0.9564308527326926,0.9106327210015641,1.0,1000,0,0.9109325553335448,0.9118059889169329,0.9152412649537931,0.9187219931142525,0.9248723355062105,0.9584350359559122,0.9958158037973801,0.9991481024604466,0.9997478560096884,0.9999655293019644
BIOMD0000000851,V,0.9676964164196351,0.9384874830560094,1.0,1000,0,0.9386359329895323,0.9390855299679427,0.9408459002618511,0.9435325872222342,0.9471901796356085,0.967906491654705,0.9931857839374875,0.9968407963000531,0.9983571461639965,0.9996493059718905
BIOMD0000000851,V_e,0.9902936742453226,0.9851103693445523,1.0,1000,0,0.9854350851154767,0.9857754633348725,0.9865105327795424,0.9869095625165807,0.9873330602814352,0.9893447342450374,0.9940735298506798,0.9965719436150255,0.9981377972886979,0.9995996378080937
BIOMD0000000851,I,0.7472446741657697,0.41046333789875367,0.9994305741271274,566,434,0.43912958744335584,0.47340324388363325,0.5524868134826391,0.5946069321534594,0.6370211502864769,0.7900698715368055,0.9197411112729696,0.9599822185226207,0.9798958630344319,0.995634334469105
BIOMD0000000851,R,0.5994595420595488,0.4824675457630323,0.7706657032119507,789,211,0.48372795717373596,0.48739608406090507,0.5017834722279559,0.5121128404172436,0.5244516040102413,0.5874428833661012,0.6978485634049316,0.734384339642205,0.7523259433409788,0.7666987547815707
BIOMD0000000852,model,0.2461267557389404,0.0,0.9849762444096514,6,0,0.0,0.0,0.0,0.0,0.0,0.0,0.4917842900239911,0.7383802672168213,0.8616782558132363,0.9603166466903684
BIOMD0000000852,x0,0.021512705347955973,0.0,1.0,1000,0,0.0,0.0,0.0,0.0,0.0,0.0,7.107028393751328e-05,0.008490811568478668,0.07999102435053376,0.6780824069331887
BIOMD0000000852,x1,0.09257003875325469,0.0,1.0,1000,0,0.0,0.0,0.0,0.0,0.00015188713649960658,0.001751288770223458,0.10053649027225865,0.3541151921018848,0.6365982791504211,0.9388337439255385
BIOMD0000000852,y0,0.011010457841415274,0.0,0.02814396205953129,999,1,0.0,0.0,0.0,0.0,0.0,0.0,0.027895690521743722,0.028112788587140457,0.028135393969900967,0.02814284255289905
BIOMD0000000852,y1,0.012975454368818149,0.0,0.9614252826816673,999,1,0.0,0.0,0.0,0.0,0.0,0.0,0.0,0.0002495453048103392,0.012029050253842455,0.4937547377046641
BIOMD0000000852,a,0.8245009924981296,0.0,1.0,1000,0,0.42291768926266277,0.4917842900239911,0.545248974575658,0.6129301262363668,0.7259527996106514,0.9847947902294696,0.9854403205095541,0.9888109522168708,0.993351820231837,0.9986480892389765
BIOMD0000000852,s,0.9902124078688946,0.9849760443951454,0.9999999999999999,1000,0,0.9849760993252001,0.9849762444096514,0.984977639717585,0.9849803127318045,0.984987371405792,0.9855216898244337,0.999284809379417,0.9994006636900814,0.9995661246808484,0.9999032715745648
BIOMD0000000853,model,0.17421000464308584,0.0,0.548940532382873,9,0,0.0,0.0,0.0,0.0,0.018996452596365985,0.06304497356263927,0.3605219494837187,0.47903232688432523,0.5139864296335991,0.5419497118330182
BIOMD0000000853,PP,0.4331297321639023,0.2635342522720906,0.9932986395542321,999,1,0.27886978708689747,0.2931663987997388,0.32336599373450536,0.3365453738705865,0.3447067982699009,0.3908684250105532,0.4963883938339466,0.6256691643362516,0.7841682855972949,0.9776535545634042
BIOMD0000000853,NP,0.22802529146972814,0.0,0.9970215611523812,999,1,0.003042066714615043,0.047491131490914974,0.0834206341917415,0.09160518974243642,0.09827494262613086,0.1460902264230194,0.3392684630496124,0.5355896488565235,0.7758430047067421,0.9789732995801177
BIOMD0000000853,STAB,0.19662316778039157,0.0,0.9946555507346188,999,1,0.0,0.0,0.0,0.0,0.0,0.04429360731854559,0.39019790693623696,0.5823001742994782,0.7782652537481797,0.9782905941050875
BIOMD0000000853,UPS,0.2940467022063279,0.020639686691884318,0.9941414374384175,999,1,0.037732557654989306,0.06304497356263927,0.10591963120500679,0.123031125162198,0.14275660743152302,0.23277056985944689,0.4386821161480238,0.6012552838879508,0.7789029238261346,0.9781630690247662
BIOMD0000000853,EP1,0.3891751671928346,0.0,1.0,625,375,0.0,0.15369173004191825,0.3186102844321377,0.3430841323982621,0.35369577121441387,0.3928960751559528,0.4336694071034327,0.46943089432681456,0.8788339587202786,0.9878845812614194
BIOMD0000000853,EP2,0.16893100909631395,0.0,1.0,1000,0,0.0,0.0,0.0,0.0,0.0,0.08120807965871701,0.21342890313644514,0.5861258966250252,0.8682314809554879,0.9815643788249618
BIOMD0000000853,ED,0.40885002940088955,0.0,0.999945246950593,259,741,0.0,0.0,0.0,0.0,0.02621298848799095,0.3964383734061896,0.8269064336798444,0.8942967641872842,0.9430503036160943,0.9875408982642164
BIOMD0000000853,LP,0.5397416234338278,0.4607767045439283,0.9782087777298938,992,8,0.4610600013391086,0.4615552755096883,0.46423523960935026,0.4677456146891206,0.4717943570446447,0.4942029134014664,0.5826600742435394,0.7240123480997139,0.7903752501517499,0.9154877797304702
BIOMD0000000853,BAS,0.6310950746343676,0.5482789349306096,0.9999999999999999,1000,0,0.54865381332098,0.548940532382873,0.5507806370047518,0.5528541722183761,0.5554678993816409,0.5694741100276483,0.6572410955986626,0.885731947259231,0.9596833415063806,0.9983962279123657
BIOMD0000000854,model,0.9984348501183851,0.9969998287137782,0.9998204556995136,4,0,0.9971817328856858,0.9973636370575932,0.9977274454014082,0.9979093495733158,0.9980912537452232,0.9984595580301241,0.9991521380000575,0.9994862968497855,0.9996533762746496,0.9997870398145408
BIOMD0000000854,Ac,0.999921138598568,0.9997916900385562,1.0,1000,0,0.9998060761745392,0.9998204556995136,0.9998491744936916,0.9998635119901038,0.9998778066496977,0.9999340027786503,0.9999885334577727,0.9999933943405633,0.9999965454698498,0.9999993052564986
BIOMD0000000854,Pc,0.9978471648447056,0.9969248739897256,0.999430726012198,469,531,0.9969593696777899,0.9969998287137782,0.9971010913827052,0.997164180083606,0.9972372745321423,0.9976517270663362,0.998649689962777,0.9990398226030176,0.9992362843218078,0.9993919361917968
BIOMD0000000854,Ap,0.9990372623940152,0.9980504478345732,1.0,94,906,0.9981294084111647,0.9982125231931616,0.9983932945236095,0.9984910517125676,0.9985932255561633,0.9990362194459689,0.9996884904827231,0.9998612075912104,0.9999348897122422,0.9999876536229643
BIOMD0000000854,Pp,0.9991817819782471,0.9985931620985661,0.9997557325749455,102,898,0.9986493732648876,0.9987065928670867,0.9988235911484451,0.9988831194665945,0.9989435937621519,0.9991858267038858,0.9995388663552771,0.9996508458229297,0.9997032571464353,0.9997452688167467
BIOMD0000000855,model,0.5526553467159798,0.0,0.9258809521529003,4,0,0.07600707898622351,0.15201415797244702,0.30402831594489405,0.3800353949311175,0.45604247391734093,0.6423702173555095,0.8371683257428775,0.8815246389478889,0.9037027955503946,0.9214453208323992
BIOMD0000000855,P,0.9117974941964229,0.7153079794505743,1.0,6,994,0.7466672771267182,0.7780265748028622,0.84074517015515,0.864756667246427,0.8887681643377039,0.9585681956650021,0.9975954242428092,0.9987977121214047,0.9993988560607023,0.9998797712121404
BIOMD0000000855,Pt,0.9628915020746707,0.9202312887071789,1.0,287,713,0.9217136079040993,0.9258809521529003,0.9354040821324268,0.9377052285201238,0.9412647247589959,0.965886067185123,0.9912642525201724,0.9953890221865297,0.9976244881123467,0.9995946936220328
BIOMD0000000855,M,0.5846240903323043,0.0,0.9999821363774433,936,64,0.0,0.0,0.09271199197790936,0.18952521667040287,0.29435389666778977,0.7525751938377115,0.9527666881373417,0.9709132025891499,0.9846157653151377,0.9971682710863918
BIOMD0000000855,N,0.8414285056741272,0.478330381608154,1.0,206,794,0.48241556225351767,0.5067138599081566,0.6182457344667864,0.6926425649815132,0.770914686551661,0.9538787911383046,0.9840548509379169,0.9922909550627907,0.996994604817309,0.999378964730166
BIOMD0000000856,model,0.045130498894336145,0.0,0.9026099778867229,20,0,0.0,0.0,0.0,0.0,0.0,0.0,0.0,0.0,0.04513049889433679,0.7311140820882445
BIOMD0000000856,TM,0.1037065142255988,0.0,0.995433501818432,999,1,0.0,0.0,0.0,0.0,0.0,0.0,0.02519122889026969,0.5302134420078642,0.7081831098499812,0.9394284413287709
BIOMD0000000856,GITM,0.1129807345354796,0.0,1.0,1000,0,0.0,0.0,0.0,0.0,0.0,0.0,0.0,0.6001770575451751,0.8426079914604999,0.9591620635174831
BIOMD0000000856,GDTM,0.9508782967360693,0.8722875687521234,1.0,1000,0,0.888484450553736,0.9026099778867229,0.9196765107487479,0.9276145415461059,0.9319623903053963,0.9514570141292378,0.9873210383052443,0.9928892532646586,0.9969722591748791,0.9994320378180438
BIOMD0000000856,CLN3,0.004683131138001397,0.0,0.9232623511808569,522,478,0.0,0.0,0.0,0.0,0.0,0.0,0.0,0.0,0.0,0.016653606360510616
BIOMD0000000856,WHI,0.017578306175157588,0.0,0.9999999999999999,1000,0,0.0,0.0,0.0,0.0,0.0,0.0,0.0,0.0,0.0,0.8750532058677788
BIOMD0000000856,WHIp,0.018991239767271656,0.0,0.9999999999999999,1000,0,0.0,0.0,0.0,0.0,0.0,0.0,0.0,0.0,0.0,0.7277190252853534
BIOMD0000000856,WHISBF,0.09630373040171265,0.0,1.0,925,75,0.0,0.0,0.0,0.0,0.0,0.0,0.0,0.4830309943633858,0.7754090637812181,0.9643969993978186
BIOMD0000000856,WHIn,0.029344657327295482,0.0,0.9200127199205446,253,747,0.0,0.0,0.0,0.0,0.0,0.0,0.0,0.0,0.08884683116309056,0.7959689357275569
BIOMD0000000856,SBFu,0.042139516897467894,0.0,1.0,1000,0,0.0,0.0,0.0,0.0,0.0,0.0,0.0,0.0,0.43401418630803984,0.8044484465978701
BIOMD0000000856,SBFp,0.0,0.0,0.0,354,646,0.0,0.0,0.0,0.0,0.0,0.0,0.0,0.0,0.0,0.0
BIOMD0000000856,CLN,0.021909680465418878,0.0,0.9520180396685067,225,775,0.0,0.0,0.0,0.0,0.0,0.0,0.0,0.0,0.0,0.6764346534489956
BIOMD0000000856,CLB,0.0377661434683774,0.0,0.9418083716330212,216,784,0.0,0.0,0.0,0.0,0.0,0.0,0.0,0.0,0.23959959975470652,0.8416714310176168
BIOMD0000000856,CDHa,0.08700315129753303,0.0,1.0,785,215,0.0,0.0,0.0,0.0,0.0,0.0,0.0,0.41480804838656055,0.7566847414951327,0.9614542143434256
BIOMD0000000856,CDHi,0.02149153099110763,0.0,0.9432593888108656,270,730,0.0,0.0,0.0,0.0,0.0,0.0,0.0,0.0,0.0,0.6752966942300467
BIOMD0000000856,CDCa,0.0,0.0,0.0,63,937,0.0,0.0,0.0,0.0,0.0,0.0,0.0,0.0,0.0,0.0
BIOMD0000000856,CDCi,0.06196019836993375,0.0,1.0,1000,0,0.0,0.0,0.0,0.0,0.0,0.0,0.0,0.0,0.6777273912312735,0.95666344495273
BIOMD0000000856,CLN3WHISBF,0.05126712580069432,0.0,1.0,1000,0,0.0,0.0,0.0,0.0,0.0,0.0,0.0,0.1349332075243802,0.4067047512425197,0.9105127385946994
BIOMD0000000856,WHIpSBF,0.01925324685385714,0.0,1.0,962,38,0.0,0.0,0.0,0.0,0.0,0.0,0.0,0.0,0.0,0.7049298180736568
BIOMD0000000856,mV,0.21026454334172717,0.0,1.0,1000,0,0.0,0.0,0.0,0.0,0.0,0.0,0.5328028650011548,0.766489540239601,0.8654656030108003,0.9601409996610912
BIOMD0000000856,dV,0.05406582771537732,0.0,0.9726537171498739,253,747,0.0,0.0,0.0,0.0,0.0,0.0,0.0,0.0,0.5388845353255373,0.9274693723296082
BIOMD0000000857,model,0.0,0.0,0.0,9,0,0.0,0.0,0.0,0.0,0.0,0.0,0.0,0.0,0.0,0.0
BIOMD0000000857,sucr,0.03485805303045977,0.0,1.0,821,179,0.0,0.0,0.0,0.0,0.0,0.0,0.0,0.0,0.2550282462825876,0.8476569840241109
BIOMD0000000857,EtrioseP,0.06950031976534825,0.0,1.0,1000,0,0.0,0.0,0.0,0.0,0.0,0.0,0.0,0.07255518520707918,0.7809634042069032,0.9660994480385713
BIOMD0000000857,Ephe,0.012324393226665745,0.0,0.9678494944680165,744,256,0.0,0.0,0.0,0.0,0.0,0.0,0.0,0.0,0.0,0.5483295573534835
BIOMD0000000857,N,0.1285077850788455,0.0,1.0,397,603,0.0,0.0,0.0,0.0,0.0,0.0,0.0,0.8458454719850587,0.9791081083432165,0.9952203616037549
BIOMD0000000857,starch,0.0095691735292985,0.0,0.9467110851733085,773,227,0.0,0.0,0.0,0.0,0.0,0.0,0.0,0.0,0.0,0.4289145646108066
BIOMD0000000857,Next,0.24786075072200447,0.0,0.9999999999999999,394,606,0.0,0.0,0.0,0.0,0.0,0.0,0.8431471934606092,0.9969442811308419,0.9991205240490002,0.9998888122666907
BIOMD0000000857,Enitrate,0.03059745900359013,0.0,1.0,1000,0,0.0,0.0,0.0,0.0,0.0,0.0,0.0,0.0,0.0,0.893809357387522
BIOMD0000000857,trioseP,0.00205761316872428,0.0,1.0,486,514,0.0,0.0,0.0,0.0,0.0,0.0,0.0,0.0,0.0,0.0
BIOMD0000000857,Estarch,0.0030664721850983717,0.0,0.7761744909348598,974,26,0.0,0.0,0.0,0.0,0.0,0.0,0.0,0.0,0.0,0.0
BIOMD0000000858,model,0.6175268716753657,0.0,0.9996756345652015,8,0,0.11270398628298134,0.22540797256596268,0.33208270862276545,0.34089511296023184,0.38215092672987216,0.7169360121436528,0.9349162612889761,0.9996568721241061,0.9996662533446539,0.999673758321092
BIOMD0000000858,sucr,0.8763599780110037,0.4976885155088372,1.0,1000,0,0.6479406867019241,0.6968020799157788,0.7754567795783156,0.811769762651721,0.8394085081655671,0.9182605329469714,0.9721144321528841,0.9867576906226327,0.9941103806038132,0.9983278444348571
BIOMD0000000858,EtrioseP,0.9280032380042528,0.7889589323275672,1.0,1000,0,0.7999354767161388,0.8378174066055563,0.8769745526295094,0.893346247186376,0.9043821552664867,0.9404735686140602,0.9844797678676523,0.9913775153433089,0.9954395705245314,0.9991188920453359
BIOMD0000000858,Ephe,0.8584463299473902,0.0,0.999922587346509,998,2,0.5082396711768886,0.7370699443715268,0.8123215027201762,0.8277926779878767,0.8464759522615153,0.9112249708466756,0.9596312315624421,0.9780351570662262,0.9894450183078806,0.9983663684299718
BIOMD0000000858,N,0.9997888483729189,0.9996623901810796,1.0,1000,0,0.9996686941422899,0.9996756345652015,0.9996916883626201,0.9997009504061712,0.9997111476291343,0.9997633262698598,0.9998909199334135,0.9999526529074043,0.999981479231554,0.9999965166383965
BIOMD0000000858,starch,0.7105491314426389,0.0,1.0,1000,0,0.14246647375242327,0.32201138937994667,0.5432949456623509,0.5887818067209141,0.623391064450039,0.7656430964864775,0.9355205414270773,0.9592822478129919,0.9766505743761782,0.9960763578524559
BIOMD0000000858,Enitrate,0.9997627623674086,0.9996356106373288,1.0,1000,0,0.9996419032021588,0.9996488310779225,0.9996648558520473,0.9996741011505449,0.9996842799373694,0.9997363642355794,0.9998637271603565,0.9999253484764274,0.9999609027026304,0.9999919154142335
BIOMD0000000858,trioseP,0.7065790575214653,0.0,0.9992075752722736,507,493,0.17059755605425564,0.3471896874869936,0.5621570978325194,0.6449100393658628,0.6730939952677211,0.77273384481602,0.895712628146127,0.9350287600178503,0.9646957579977329,0.9942821302485798
BIOMD0000000858,Estarch,0.29921800448742153,0.0,1.0,553,447,0.0,0.0,0.0,0.0,0.0,0.1171741861650446,0.6812202001124998,0.835977439753776,0.9227045711138606,0.9892595933914574
BIOMD0000000859,model,0.2061704100259162,0.0,0.9999999940566655,12,0,0.0,0.0,0.0,0.0,2.7782315920155106e-06,0.0006999476719604214,0.35474414227592155,0.9435002046148103,0.999999994038574,0.9999999940530472
BIOMD0000000859,sucr,0.2503922026066727,0.0,0.9997707342257369,999,1,0.0011956129609115632,0.033712311642988914,0.07186012612533821,0.0923664377173139,0.11381028268760808,0.23468334976289595,0.3843261382594454,0.4693966981441693,0.617724649689546,0.9024885870592817
BIOMD0000000859,EtrioseP,0.04636392948065424,0.0,1.0,1000,0,0.0,0.0,0.0,0.0,0.0,0.0,0.0,0.0,0.4115200180823206,0.9388977520441374
BIOMD0000000859,Ephe,0.5843209025102504,0.40432864132974067,1.0,1000,0,0.4221628190442698,0.43500209993415434,0.4659782980121401,0.4826186703596375,0.5004283150345962,0.5849945149474056,0.6710456582163246,0.7255874673953903,0.7965704153416938,0.9624422987600286
BIOMD0000000859,N,0.9999999960273483,0.9999999939940748,1.0,1000,0,0.999999994009755,0.9999999940566655,0.9999999942418095,0.9999999943813417,0.9999999945497158,0.999999995531555,0.9999999978944569,0.9999999989101485,0.9999999994560638,0.999999999915485
BIOMD0000000859,starch,0.04026664979040159,0.0,0.9917855734133539,999,1,0.0008681331528686664,0.0008956983785341377,0.0012342697912442802,0.001643944417553167,0.002521948501252113,0.005206300847500289,0.02104907198017108,0.06713951011585004,0.21082761701047248,0.7735970099345871
BIOMD0000000859,Enitrate,0.9999999959971562,0.9999999939613293,1.0,1000,0,0.9999999939769453,0.9999999940237718,0.9999999942090623,0.999999994347937,0.999999994518459,0.9999999955002271,0.9999999978614367,0.9999999988764703,0.9999999994294507,0.9999999998882385
BIOMD0000000859,trioseP,0.4864113886260242,0.0002175884157645802,0.9993922242951262,294,706,0.0025875517235827094,0.003921364537519967,0.09169846325451117,0.18274069595372316,0.19529409592773678,0.30508022223441233,0.9334867219597954,0.960483977284836,0.979103719985723,0.9950503748771621
BIOMD0000000859,ECO2,0.31690698685702906,0.0,1.0,1000,0,0.0,0.0,0.0,0.0,0.0,0.1147290655556783,0.7424733459778426,0.8714993839207703,0.9254207377512321,0.990604610648075
BIOMD0000000859,Estarch,0.0373917927362162,0.0,1.0,990,10,0.0,0.0,0.0,0.0,0.0,0.0,0.0,0.0,0.30350874129536937,0.9195780980783443
BIOMD0000000859,ETP,2.6356264859167963e-05,8.971520937595123e-06,9.785349903723706e-05,579,421,9.04527565751545e-06,9.26077197338504e-06,1.0226532918555798e-05,1.1055350524313834e-05,1.2263605746820616e-05,2.6906152034045228e-05,3.687600259194568e-05,4.792614230102466e-05,6.02925738057758e-05,8.441058820308772e-05
BIOMD0000000859,M1,0.005852512276895141,0.0005002365489172877,0.5001770678535277,333,667,0.0005022141596770835,0.0005041969653867051,0.0005081781725177148,0.0005101765697665961,0.0005121801687189232,0.002080741882480197,0.004302114014529225,0.00797746356173701,0.015182494631751278,0.06685845457518258
BIOMD0000000859,M2,0.726882413913754,0.0,0.9999999999999999,957,43,0.0,0.0,0.5532418590646552,0.799798578131421,0.8107661118044744,0.8546362466903706,0.9551609582582146,0.9758986312817345,0.9866266653903633,0.9950654136620484
BIOMD0000000860,model,0.0,0.0,0.0,3,0,0.0,0.0,0.0,0.0,0.0,0.0,0.0,0.0,0.0,0.0
BIOMD0000000860,miR,0.0,0.0,0.0,750,250,0.0,0.0,0.0,0.0,0.0,0.0,0.0,0.0,0.0,0.0
BIOMD0000000860,TF1,0.16961990508224645,0.0,0.998768375040795,750,250,0.0,0.0,0.0,0.0,0.0,0.0,0.40048444832607244,0.726361754410934,0.885250794844154,0.9809953485631564
BIOMD0000000860,TF1target_mRNA,0.10652131927017856,0.0,0.9950217225455464,750,250,0.0,0.0,0.0,0.0,0.0,0.0,0.0,0.5824708710826965,0.7903350049451142,0.9482556765699054
BIOMD0000000861,model,0.12105970733160454,0.0,0.9942800188203369,19,7,0.0,0.0,0.0,0.0,0.0,0.0,0.06070959493515056,0.5597388186747275,0.6459994969432721,0.9246239144449242
BIOMD0000000861,EpoRJAK2,0.7111551068138602,0.5939736290116455,1.0,1000,0,0.6006281733191146,0.6073016611791547,0.6206312793868803,0.62740758095135,0.6344314643364639,0.6687224181293219,0.7816590555107895,0.9501452176763444,0.9970090519040047,0.9991134069443609
BIOMD0000000861,EpoRpJAK2,0.7258203411422761,0.5192626235842314,0.9999517793321883,999,1,0.5327459304824553,0.5478481080486207,0.5831622757592927,0.6032507864921124,0.624792190817804,0.7245269027268479,0.8354449291078442,0.9067801532753574,0.9751436618574987,0.9952204816566032
BIOMD0000000861,p1EpoRpJAK2,0.12342607842745892,0.0,0.9994579189796859,990,10,0.0,0.0,0.0,0.0,0.0,0.0,0.05264099625494515,0.6874958913369363,0.9112953666791246,0.9854137002584686
BIOMD0000000861,p2EpoRpJAK2,0.2689462684113922,0.0,0.9995538291708012,994,6,0.0,0.0,0.0,0.0,0.0,0.0009829402381964503,0.6704091356232512,0.9017625946324478,0.9502183166172129,0.9897313263895235
BIOMD0000000861,p12EpoRpJAK2,0.13955514450532724,0.0,0.9991735457394855,985,15,0.0,0.0,0.0,0.0,0.0,0.0,0.0,0.8222637826457978,0.9282076582297615,0.9847468062369937
BIOMD0000000861,EpoRJAK2_CIS,,,,0,1000,,,,,,,,,,
BIOMD0000000861,SHP1,0.9957507631542932,0.9940468173294374,1.0,1000,0,0.9941632695086595,0.9942800188203369,0.9945158745126498,0.9946359750032675,0.99475875737468,0.995321465021519,0.9967919269048441,0.9981180479410613,0.9990406393839781,0.9998096307741304
BIOMD0000000861,SHP1Act,0.0,0.0,0.0,945,55,0.0,0.0,0.0,0.0,0.0,0.0,0.0,0.0,0.0,0.0
BIOMD0000000861,STAT5,0.2783162590278912,0.0,1.0,1000,0,0.0,0.0,0.0,0.0,0.0,0.1108437368210427,0.6172722716035015,0.7138244888635003,0.9261491370092336,0.9952600531596132
BIOMD0000000861,pSTAT5,0.30820697903009614,0.0,0.8046954920244306,996,4,0.0,0.0,0.12673328097673864,0.14900418859338188,0.18408404186638588,0.28707001442212504,0.5151357617128771,0.6085302973433913,0.654942987836531,0.7983902749769951
BIOMD0000000861,npSTAT5,0.21245166441260685,0.0,0.7935062978393501,977,23,0.1478374440878795,0.1485659790813685,0.1490517123697555,0.14972747466890268,0.14995944749381104,0.15046828673749602,0.21099242431721185,0.42708104281871373,0.7028405476131231,0.7901818183237401
BIOMD0000000861,CISnRNA1,0.0,0.0,0.0,983,17,0.0,0.0,0.0,0.0,0.0,0.0,0.0,0.0,0.0,0.0
BIOMD0000000861,CISnRNA2,0.3253089226635501,0.0,0.9990527915373754,967,33,0.0,0.0,0.26978734082584,0.27224979595396154,0.27594271255368286,0.3030668038139678,0.38478852242865635,0.5226723434810149,0.7195126428168077,0.9375921946231733
BIOMD0000000861,CISnRNA3,0.5124309617158538,0.0,0.9991536953642798,947,53,0.0,0.0,0.0,0.2143275617750352,0.6099635940690955,0.6272224843036516,0.7133425095228918,0.8077927166039579,0.8977295487997153,0.9782678907333738
BIOMD0000000861,CISnRNA4,0.1682365478714287,0.0,0.25854022360625095,923,77,0.0,0.0,0.0,0.13268730767747305,0.2108712636185519,0.21467270948651862,0.2289718001283363,0.23939562774554968,0.24839034294196483,0.2564197625046264
BIOMD0000000861,CISnRNA5,0.5272336890967587,0.0,0.8151325297266863,897,103,0.0,0.0,0.0,0.34543448283192846,0.6506275526825746,0.6654332121394668,0.731392687807016,0.7845204581208227,0.8068130101868635,0.8147369894060273
BIOMD0000000861,CISRNA,0.0,0.0,0.0,612,388,0.0,0.0,0.0,0.0,0.0,0.0,0.0,0.0,0.0,0.0
BIOMD0000000861,CIS,0.0,0.0,0.0,735,265,0.0,0.0,0.0,0.0,0.0,0.0,0.0,0.0,0.0,0.0
BIOMD0000000861,SOCS3nRNA1,,,,0,1000,,,,,,,,,,
BIOMD0000000861,SOCS3nRNA2,,,,0,1000,,,,,,,,,,
BIOMD0000000861,SOCS3nRNA3,,,,0,1000,,,,,,,,,,
BIOMD0000000861,SOCS3nRNA4,,,,0,1000,,,,,,,,,,
BIOMD0000000861,SOCS3nRNA5,,,,0,1000,,,,,,,,,,
BIOMD0000000861,SOCS3RNA,0.03314121312002928,0.0,0.111596320388473,626,374,0.0,0.0,0.0,0.0,0.0,0.017698293999833636,0.07384910150775148,0.09251299130616203,0.10199154854184869,0.10966434729536428
BIOMD0000000861,SOCS3,0.10244131613732248,0.0,0.9887281014807944,875,125,0.0,0.0021386721710051847,0.018069399740321204,0.028061729249770462,0.038501756910669704,0.08035435801874724,0.14573537470817452,0.16990798358683018,0.2395042848680809,0.7908317403903927
BIOMD0000000861,Epo,,,,0,1000,,,,,,,,,,
BIOMD0000000862,model,0.12661518977608308,0.0,0.9980586608406511,8,0,0.0,0.0,0.0,0.0,0.0,0.0,0.008917714420808078,0.3098215984098046,0.6539401296252274,0.9292349545975662
BIOMD0000000862,miR,0.08456223962114329,0.0,1.0,1000,0,0.0,0.0,0.0,0.0,0.0,0.0,0.0,0.41170874441308786,0.7057386036767591,0.9411759692713443
BIOMD0000000862,miR_gene,0.019979553512958832,0.0,1.0,148,852,0.0,0.0,0.0,0.0,0.0,0.0,2.777616359139771e-09,9.264658219540006e-05,0.016839156594708297,0.6396878784309858
BIOMD0000000862,miR_gene_TF1,0.0,0.0,0.0,868,132,0.0,0.0,0.0,0.0,0.0,0.0,0.0,0.0,0.0,0.0
BIOMD0000000862,miR_gene_TF2,0.1600386055499814,0.0,0.9973122598039946,999,1,0.0,0.0,0.0,0.0,0.0,0.0,0.0,0.988267774431539,0.9882677745177008,0.9882801040416055
BIOMD0000000862,Signal,0.0,0.0,0.0,125,875,0.0,0.0,0.0,0.0,0.0,0.0,0.0,0.0,0.0,0.0
BIOMD0000000862,TF1,0.03309186581798212,0.0,0.9756215445315379,874,126,0.014476173236058376,0.01486285736801345,0.01630901816842172,0.017246595055856573,0.01830916691036859,0.023104194007976142,0.032010982659934364,0.03540458974632833,0.04967189470840761,0.3252202982164062
BIOMD0000000862,TF1_mRNA,0.0,0.0,0.0,875,125,0.0,0.0,0.0,0.0,0.0,0.0,0.0,0.0,0.0,0.0
BIOMD0000000862,TF2,0.9984280542454486,0.9980585749908711,1.0,1000,0,0.9980585964407122,0.9980586608406511,0.9980589149743199,0.9980591062653739,0.9980593369633834,0.9980621166113355,0.9986943392624799,0.9999767222328536,0.9999767222330223,0.9999767714170981
BIOMD0000000863,model,0.0,0.0,0.0,4,2,0.0,0.0,0.0,0.0,0.0,0.0,0.0,0.0,0.0,0.0
BIOMD0000000863,TV,0.05365798943170167,0.0,1.0,1000,0,0.0,0.0,0.0,0.0,0.0,0.0,0.0,0.32220136422998713,0.3618821125534525,0.7446927104947898
BIOMD0000000863,U,,,,0,1000,,,,,,,,,,
BIOMD0000000863,nTeff,0.0008285464659601876,0.0,0.5718433202387601,999,1,0.0,0.0,0.0,0.0,0.0,0.0,0.0,0.0,0.0,0.0
BIOMD0000000863,dTeff,0.0073367206677892,0.0,0.2778174487963563,998,2,0.0,0.0,0.0,0.0,0.0,0.0,0.0,0.0,0.0,0.2578110676294126
BIOMD0000000863,PDL1,0.009384113795575732,0.0,0.2770830242740906,925,75,0.0,0.0,0.0,0.0,0.0,0.0,0.0,0.0,0.006564655079373587,0.265945654216697
BIOMD0000000863,TVd,,,,0,1000,,,,,,,,,,
BIOMD0000000864,model,0.11240055015325069,0.0,0.6744033009195042,6,0,0.0,0.0,0.0,0.0,0.0,0.0,0.0,0.3372016504597521,0.5058024756896281,0.6406831358735291
BIOMD0000000864,miR,0.0,0.0,0.0,358,642,0.0,0.0,0.0,0.0,0.0,0.0,0.0,0.0,0.0,0.0
BIOMD0000000864,miR_gene,0.7279362970171295,0.3822402390021322,1.0,431,569,0.6743999909539471,0.6744033009195042,0.6744033049980696,0.6744033065569989,0.6744033067677448,0.6744033067836097,0.6744468180666852,1.0,1.0,1.0
BIOMD0000000864,miR_gene_TF1,0.0,0.0,0.0,357,643,0.0,0.0,0.0,0.0,0.0,0.0,0.0,0.0,0.0,0.0
BIOMD0000000864,Signal,0.0,0.0,0.0,357,643,0.0,0.0,0.0,0.0,0.0,0.0,0.0,0.0,0.0,0.0
BIOMD0000000864,TF1,0.0,0.0,0.0,358,642,0.0,0.0,0.0,0.0,0.0,0.0,0.0,0.0,0.0,0.0
BIOMD0000000864,TF1_mRNA,0.0,0.0,0.0,358,642,0.0,0.0,0.0,0.0,0.0,0.0,0.0,0.0,0.0,0.0
BIOMD0000000867,model,0.7752592266284449,0.0,0.9999564283367302,10,0,0.3205811842338057,0.6411623684676115,0.7225019763906133,0.7289721906984572,0.736073871310606,0.8446796727016709,0.9805520179374354,0.9867652137974819,0.9933608210671061,0.9986373068828054
BIOMD0000000867,y1_IL_15,0.9062235595011031,0.6371200344052503,0.9999999999999999,1000,0,0.6930349804671669,0.7408083250520385,0.8165357153765547,0.8464320550369161,0.8721057162199476,0.9447276704178929,0.9952016152724029,0.9963293395344804,0.9966696275365731,0.9992528078252284
BIOMD0000000867,y2_Akt,0.9999753579233898,0.9999537043372032,1.0,1000,0,0.9999544355109662,0.9999564283367302,0.9999622663734016,0.9999653278744486,0.9999682641069387,0.9999779409287667,0.9999870743082883,0.9999890700803611,0.9999899165994798,0.999994321032971
BIOMD0000000867,y3_mTOR,0.9916294657385419,0.9516896397848401,1.0,1000,0,0.9828222925151596,0.9852995232931211,0.9885547790099106,0.9895567049518341,0.9906937355062159,0.9923163727793298,0.9940647471433061,0.9976957954274497,0.9987506528081564,0.9997554373214969
BIOMD0000000867,y4_HIF_1a,0.9594442809073591,0.7982747597614298,1.0,1000,0,0.9197850626974937,0.9203740583894283,0.9234228082548315,0.9258257784187631,0.9298264178371992,0.9717427684111808,0.994203905836594,0.997898128651191,0.9988511589515094,0.9997894427474935
BIOMD0000000867,y5_HIF_1b,0.2857097372134936,0.0,1.0,1000,0,0.0,0.0,0.0,0.0,0.0,0.0,0.8309527857053982,0.9317571425586877,0.9786696842313056,0.997012101315103
BIOMD0000000867,y6_HIF_1_Complex,0.8555283642753618,0.6902863896527842,1.0,1000,0,0.7076807005668306,0.7250268125805968,0.7596727344526659,0.7770079335591706,0.7943591624292963,0.8622966363010696,0.9562704558983347,0.9865991606735035,0.9938217926266453,0.9987499811344257
BIOMD0000000867,y7_NF_KB,0.9279464797337014,0.8418401185495574,1.0,1000,0,0.8472744945002114,0.853024530337366,0.8657464183849686,0.872898135058696,0.8807357607412536,0.9239834230830397,0.991693624198472,0.9962309110253305,0.9980704149583538,0.9990118284661724
BIOMD0000000867,y8_STAT3,0.8698292877910878,0.6536783423734498,1.0,1000,0,0.6837085027564374,0.7124026316306794,0.7653056063810852,0.7892848264729779,0.8114719015822456,0.881281439028156,0.991341427328544,0.9978350504528499,0.9984682196207125,0.9994697751669896
BIOMD0000000867,y9_HIF_1a_mRNA,0.9864691317434324,0.9568782312607118,1.0,1000,0,0.9749577428205454,0.979365141598514,0.9818113242313659,0.9824205757533041,0.9831747466576544,0.9862300554004344,0.9925299582949144,0.9964009835548406,0.9982742125443539,0.9996619938279393
BIOMD0000000867,y10_HIF_1a_aOH,0.9064426804061344,0.7980029427133372,1.0,1000,0,0.8179854472706889,0.8363348150659757,0.8675093787161517,0.8799755651953147,0.8900818589260109,0.8992632407839951,0.9684582122299341,0.9893486678451866,0.9946183263453191,0.9989972806367203
BIOMD0000000872,model,0.4285714285714274,0.0,0.9999999999999997,7,0,0.0,0.0,0.0,0.0,0.0,0.0,0.999999999999996,0.9999999999999974,0.9999999999999986,0.9999999999999994
BIOMD0000000872,s2,0.9999999999999979,0.999999999999995,1.0,1000,0,0.9999999999999953,0.9999999999999959,0.9999999999999966,0.999999999999997,0.9999999999999972,0.9999999999999979,0.9999999999999989,0.9999999999999996,0.9999999999999997,0.9999999999999999
BIOMD0000000872,s3,0.9999999999999979,0.999999999999995,1.0,1000,0,0.9999999999999956,0.999999999999996,0.9999999999999968,0.9999999999999971,0.9999999999999973,0.9999999999999979,0.9999999999999989,0.9999999999999994,0.9999999999999997,1.0
BIOMD0000000872,s4,1.0,0.9999999999999994,1.0,1000,0,0.9999999999999997,0.9999999999999997,0.9999999999999997,0.9999999999999998,0.9999999999999998,0.9999999999999998,0.9999999999999998,1.0,1.0,1.0
BIOMD0000000872,s14,0.0,0.0,0.0,999,1,0.0,0.0,0.0,0.0,0.0,0.0,0.0,0.0,0.0,0.0
BIOMD0000000872,s16,0.0,0.0,0.0,999,1,0.0,0.0,0.0,0.0,0.0,0.0,0.0,0.0,0.0,0.0
BIOMD0000000872,s13,0.0,0.0,0.0,999,1,0.0,0.0,0.0,0.0,0.0,0.0,0.0,0.0,0.0,0.0
BIOMD0000000872,s12,0.0016958470831511634,0.0,1.0,1000,0,0.0,0.0,0.0,0.0,0.0,0.0,0.0,0.0,0.0,0.0
BIOMD0000000873,model,0.12295015110449393,0.0,0.9308430091680533,26,3,0.0,0.0,0.0,0.0,0.0,0.0,0.07552657787092458,0.5776783848937711,0.8464616950289866,0.9268670143381859
BIOMD0000000873,mwf219928e_abba_4c09_9597_5d6910f7e4d9,0.1404424880822977,0.0,1.0,595,405,0.0,0.0,0.0,0.0,0.0,0.0,0.0,0.9125017636625481,0.9429529018160191,0.9869845220289439
BIOMD0000000873,mwd7270399_0429_4c85_920a_de2e0ae74440,0.2978464610250918,0.0,1.0,1000,0,0.0,0.0,0.0,0.0,0.0,0.015694467113123167,0.7454835513147346,0.8871834062595639,0.9409201335057148,0.9867977317570689
BIOMD0000000873,mw6339814d_af4c_4eee_9455_7e20795f6aeb,0.09393885821142983,0.0,1.0,1000,0,0.0,0.0,0.0,0.0,0.0,0.0,0.0,0.48580806158902895,0.9306526304592413,0.9839464854078839
BIOMD0000000873,mwc42127ea_2b78_4381_b230_30e95cd5a9d6,0.15986524006724764,0.0,1.0,1000,0,0.0,0.0,0.0,0.0,0.0,0.0,0.030734966513511812,0.9209084887347678,0.9501283677227352,0.9884069301436363
BIOMD0000000873,mw4fd8b902_e2a2_4910_899c_2a7d3425e0e0,0.12135491998535315,0.0,1.0,1000,0,0.0,0.0,0.0,0.0,0.0,0.0,0.0,0.7236187821435718,0.8890475035701839,0.9732689529559764
BIOMD0000000873,mwf06c0537_577b_4f13_a9a3_521f9d2217fb,0.215948590106174,0.0,1.0,1000,0,0.0,0.0,0.0,0.0,0.0,0.0,0.7095218137569606,0.9052624787370143,0.9220823217975019,0.9688503153361953
BIOMD0000000873,mwbba20281_3d8b_48c3_8e13_dee78e87dfb8,0.31752274770522443,0.0,1.0,1000,0,0.0,0.0,0.0,0.0,0.0,0.0,0.8729475509377788,0.9065108158282541,0.9161772818080428,0.9599909495194613
BIOMD0000000873,mw78198c86_4b16_4117_8592_6a95c3953126,0.5486299739167143,0.0,1.0,1000,0,0.0,0.0,0.0,0.0,0.31803475605184744,0.6975497151240206,0.8468347374952161,0.932793072817583,0.9605325642689909,0.991612261465284
BIOMD0000000873,mw7938fab7_d0c6_497b_8fb6_75922fcc19d5,0.3680433227413592,0.0,1.0,1000,0,0.0,0.0,0.0,0.0,0.0,0.37259289183034955,0.7451098951482152,0.7641195177493816,0.7673018838250868,0.9170741503349203
BIOMD0000000873,mw8675a533_92fb_4fbf_b747_7bca05c5841c,0.5605074315676096,0.0,1.0,1000,0,0.0,0.07552657787092458,0.32189764699384094,0.4066582879953963,0.4710972174178361,0.6100793091058057,0.8141881214438406,0.8285447410896281,0.9115462822015593,0.9961725156043078
BIOMD0000000873,mw869055b5_5d27_4f4a_a390_b3fa48d6780e,0.03789250821970197,0.0,1.0,1000,0,0.0,0.0,0.0,0.0,0.0,0.0,0.0,0.0,0.0,0.9865283049079794
BIOMD0000000873,mwd5f166e6_df0a_45bf_b662_e87b91b79a27,0.006791938798029472,0.00678210446752836,0.006818837595407468,999,1,0.006782446873958681,0.006782824706841883,0.006783710014306621,0.0067842323878496424,0.006784820703127914,0.00678813726723515,0.006799986345739728,0.006808555524450544,0.006813987739731386,0.006818037409570425
BIOMD0000000873,mw9275f30d_c42b_459c_91c5_67b7e08b6486,,,,0,1000,,,,,,,,,,
BIOMD0000000873,mwc84af692_e3fc_4ede_99b6_b0cce3729bf7,0.18624216998091908,0.0,1.0,1000,0,0.0,0.0,0.0,0.0,0.0,0.0,0.47285769142064876,0.9490927062577388,0.9790185913134452,0.9948550866748839
BIOMD0000000873,mwacd53f34_4935_4b6a_8267_024f0d966c8c,0.7646761736144998,0.6347206362298936,1.0,1000,0,0.6376997690559677,0.641029690570195,0.6493082900864994,0.6546467226051813,0.6611408952508903,0.7085210040267259,0.9235189423621682,0.9786807924885841,0.9882684049755965,0.9979409880916672
BIOMD0000000873,mwf26f605f_29e9_4454_834c_7b3edab4bbc2,0.2961285738288567,0.0,1.0,1000,0,0.0,0.0,0.0,0.0,0.0,0.07479915247654384,0.6592106986724601,0.6692693976842151,0.7297104962800061,0.9051761041745938
BIOMD0000000873,mw10b15557_55f5_4525_b19d_161b056f5791,0.5564688662618057,0.0,1.0,1000,0,0.0,0.0,0.0,0.0,0.09348173689893738,0.7900810721415342,0.8967431266157876,0.9468114124515088,0.9733754961505722,0.9946991876174452
BIOMD0000000873,mwb9a40fab_a7c9_4984_805f_045fefc4ff32,0.666662567906971,0.4560453771680728,1.0,1000,0,0.48612078696704525,0.5143270792173472,0.5640934693331437,0.5852404504241037,0.6037962840491614,0.6604821682548851,0.7480253687732984,0.7875294838979874,0.9045156064235955,0.9970227087749922
BIOMD0000000873,mw58370246_a992_4253_8029_12fbb07a417d,0.9671506413611127,0.9194825965569113,1.0,1000,0,0.9252149589901291,0.9308430091680533,0.9416314400465321,0.9467133239724848,0.9515541182884126,0.9695227816528817,0.9934764256946185,0.9960605187155923,0.9983721822828848,0.9999705534799381
BIOMD0000000873,mwba110304_bd9a_4fd0_9b4c_b8bfc975e30b,0.4002725281430644,0.0,1.0,1000,0,0.0,0.0,0.0,0.0,0.0,0.4353184810550803,0.8167076341539381,0.9291164922576896,0.9622141428344579,0.9736410101340544
BIOMD0000000873,mw5607cee0_ee75_4065_9368_d07c3abbe18b,0.4299702196604845,0.0,1.0,1000,0,0.0,0.0,0.0,0.0,0.18273492366233923,0.5213109359199743,0.7296476278534129,0.7971889089394281,0.8179582739974569,0.8797236264911311
BIOMD0000000873,mwbe46ba92_97de_4cc4_970d_2dec54671573,,,,0,1000,,,,,,,,,,
BIOMD0000000873,mw55b6f083_2b28_4a1a_ab90_82a751525d72,0.5265034018611159,0.007831333773221205,1.0,1000,0,0.04709217403655963,0.08790973667483691,0.1757322978856705,0.22347996105568435,0.27425032342806777,0.5107680330092088,0.9057766035336625,0.9914706532556302,0.9954608592524613,0.999760049602766
BIOMD0000000873,mwe3af2471_5087_4796_982a_56fad9a9a972,0.027964673390384956,0.025309373171775063,0.04615173303025888,999,1,0.025318702392643645,0.02534598066005993,0.025453018027852114,0.025596593473880602,0.025808139719031085,0.02669149347574873,0.02854388734282356,0.03344767814592129,0.03828061475486414,0.04422955292481678
BIOMD0000000873,mw364ca1a4_fc56_4138_8031_16341ac865de,0.470669713597937,0.0,1.0,1000,0,0.0,0.0,0.04966579885946443,0.21405568510633843,0.3417232214356888,0.5712398704628102,0.7293702459038838,0.8020142354899006,0.8252348208202465,0.8323932708469206
BIOMD0000000873,mw4fc13b75_10cc_41fb_b9f8_1ce95fccae73,0.3817098306897974,0.0,1.0,1000,0,0.0,0.0,0.0,0.0,0.02769028115687311,0.48410945914472076,0.6472243764296094,0.7680975026563337,0.811845980570132,0.8252219004531075
BIOMD0000000873,mw3d58864c_79c7_4ff2_98fe_1a85b2ccc43d,0.19715433078966124,0.0,1.0,643,357,0.0,0.0,0.0,0.0,0.0,0.0,0.7733542852364778,0.9202127943360866,0.9756027737877471,0.9986913209621106
BIOMD0000000873,mw6949b379_107d_4822_b13e_680a491d2425,,,,0,1000,,,,,,,,,,
BIOMD0000000873,mwcbadb505_1cfb_4903_9975_0e53de2ba877,0.9631746377336546,0.8982493459671524,0.9999430836059392,999,1,0.9065070266645242,0.9149390298485838,0.9323074950762603,0.9412245783124265,0.9502865174710438,0.9765514156742452,0.9851111253299067,0.9921221950266745,0.9959886368653196,0.999176052469284
BIOMD0000000874,model,0.0,0.0,0.0,4,0,0.0,0.0,0.0,0.0,0.0,0.0,0.0,0.0,0.0,0.0
BIOMD0000000874,T,0.10594083360807398,0.0,0.9999999999999999,1000,0,0.0,0.0,0.0,0.0,0.0,0.0,0.0,0.6877277574469248,0.9068482693776614,0.9677313071162744
BIOMD0000000874,T_1,0.0,0.0,0.0,880,120,0.0,0.0,0.0,0.0,0.0,0.0,0.0,0.0,0.0,0.0
BIOMD0000000874,T_2,0.0,0.0,0.0,805,195,0.0,0.0,0.0,0.0,0.0,0.0,0.0,0.0,0.0,0.0
BIOMD0000000874,V,0.0,0.0,0.0,888,112,0.0,0.0,0.0,0.0,0.0,0.0,0.0,0.0,0.0,0.0
BIOMD0000000875,model,0.8176604808395325,0.7320934231474849,0.9979810728933898,4,0,0.7377087577457573,0.7433240923440295,0.7545547615405741,0.7601700961388465,0.7657854307371188,0.7702837136586276,0.8618154932661289,0.9298982830797594,0.9639396779865744,0.9911727939120267
BIOMD0000000875,T,0.9993042490008045,0.9968875055176248,1.0,1000,0,0.9974843889012566,0.9979810728933898,0.9987165094863889,0.9989768604275301,0.9991799878475002,0.9996230179317458,0.9999621556236401,0.9999798845682621,0.9999922342391002,0.9999984200644766
BIOMD0000000875,T_i,0.9192315348650429,0.49020324320093855,1.0,1000,0,0.6287433367342623,0.7320934231474849,0.8635412968405484,0.9029390829548897,0.9303916170176944,0.9742808572377784,0.9958632491898038,0.998047467662075,0.9992070261431291,0.999818537081374
BIOMD0000000875,V_I,0.930498558182669,0.5611655951828338,1.0,1000,0,0.6816287654394507,0.7710384401812883,0.8836863820708265,0.9169929698412718,0.9399537522367682,0.9761310087286941,0.9971092850922421,0.9986484221819261,0.9996626828832045,0.9999458690359881
BIOMD0000000875,V_NI,0.9300796459463385,0.5589596589588932,0.9999899196182891,999,1,0.6797853899298605,0.769528987135967,0.8827476070662997,0.9162903172136228,0.9394558981242903,0.9761808240938228,0.9966305992960793,0.998308383891812,0.9994317095339772,0.9999291287738005
BIOMD0000000876,model,0.11170267325684284,0.0,0.44681069302737136,4,0,0.0,0.0,0.0,0.0,0.0,0.0,0.17872427721094872,0.31276748511916,0.3797890890732655,0.4334063722365501
BIOMD0000000876,C_Uninfected_CD4,0.5465069593330519,0.3231118621036486,1.0,1000,0,0.4083542133976856,0.44681069302737136,0.4979704296899365,0.5168474997609913,0.5265613777894819,0.557325512102241,0.577315472406626,0.5898187408304123,0.6438573587846238,0.9119713676858929
BIOMD0000000876,I_Infected_CD4,0.3108227490697624,0.0,1.0,747,253,0.0,0.0,0.0,0.0,0.0,0.13348535253368365,0.7383787168955341,0.889121764378018,0.9523207208574044,0.9945820857717083
BIOMD0000000876,F_CTL,0.019642822082241534,0.0,1.0,1000,0,0.0,0.0,0.0,0.0,0.0,0.0,0.0,0.0,0.0,0.7296325931974315
BIOMD0000000876,V_Virus,0.2734725011431547,0.0,1.0,839,161,0.0,0.0,0.0,0.0,0.0,0.0,0.6915018092405132,0.873636955969884,0.9411707878378011,0.9862266261095836
BIOMD0000000877,model,0.9154957343180301,0.7475303050330371,0.9998375681133208,4,0,0.7777984184952649,0.8080665319574927,0.8686027588819483,0.898870872344176,0.9291389858064037,0.9573075320628812,0.9791134288520525,0.9894754984826867,0.9946565332980037,0.9988013611502574
BIOMD0000000877,U,0.9313769911342824,0.27775853223880975,1.0,1000,0,0.5624994982167029,0.7475303050330371,0.9396262666537771,0.9750271164999464,0.9757721385025488,0.9858865459466686,0.9993440682696195,0.9997639032704463,0.9998927861089579,0.9999664763997846
BIOMD0000000877,I,0.9793633011525251,0.9643151256314555,1.0,292,708,0.9645752379452232,0.9652973360112069,0.967760150209346,0.9693532695450067,0.9710093433543355,0.9783058751606912,0.9871911468069492,0.9995046694097937,0.9997875197704209,0.9999652149778636
BIOMD0000000877,V,0.9784077756128489,0.9468890218423915,1.0,690,310,0.9473485735876955,0.9493177281145556,0.9582036100897077,0.9632680007966112,0.9681795941646139,0.9836680032031495,0.9954882093071623,0.9976916828407876,0.9988394739664983,0.9997135713554713
BIOMD0000000877,C,0.9998676778167064,0.9941572706666704,1.0,1000,0,0.9995724339283935,0.9998375681133208,0.9998680277824347,0.9998864464193868,0.9999082789762029,0.9999506017093398,0.9999716065163737,0.9999847906780035,0.9999923933705025,0.9999985814520685
BIOMD0000000878,model,0.0,0.0,0.0,3,0,0.0,0.0,0.0,0.0,0.0,0.0,0.0,0.0,0.0,0.0
BIOMD0000000878,x,0.06293932910487525,0.0,1.0,1000,0,0.0,0.0,0.0,0.0,0.0,0.0,0.0,0.03991122388238544,0.6743958966010076,0.9386912105474826
BIOMD0000000878,y,0.012684515180736827,0.0,1.0,1000,0,0.0,0.0,0.0,0.0,0.0,0.0,0.0,0.0,0.0,0.6302325644421933
BIOMD0000000878,z,0.05672176908471885,0.0,1.0,999,1,0.0,0.0,0.0,0.0,0.0,0.0,0.0,0.0,0.6403792542437248,0.9601085858006919
BIOMD0000000879,model,0.0,0.0,0.0,3,0,0.0,0.0,0.0,0.0,0.0,0.0,0.0,0.0,0.0,0.0
BIOMD0000000879,N,0.004309096380005253,0.0,1.0,1000,0,0.0,0.0,0.0,0.0,0.0,0.0,0.0,0.0,0.0,0.19332567365670594
BIOMD0000000879,I,0.007788656929126881,0.0,1.0,1000,0,0.0,0.0,0.0,0.0,0.0,0.0,0.0,0.0,0.0,0.3502077053092718
BIOMD0000000879,Q,0.0,0.0,0.0,5,995,0.0,0.0,0.0,0.0,0.0,0.0,0.0,0.0,0.0,0.0
BIOMD0000000880,model,0.24948659490283323,0.0,0.9979463796113329,4,0,0.0,0.0,0.0,0.0,0.0,0.0,0.39917855184453355,0.6985624657279332,0.8482544226696327,0.9680079882229927
BIOMD0000000880,T_Tumor_Cells,0.007638838311582443,0.0,1.0,1000,0,0.0,0.0,0.0,0.0,0.0,0.0,0.0,0.0,0.0,0.2840061813004487
BIOMD0000000880,L_CD8_T_Cells,0.25144029353223957,0.0,1.0,837,163,0.0,0.0,0.0,0.0,0.0,0.0,0.8004343541568194,0.9446251168975255,0.9774027911486868,0.9960157168322095
BIOMD0000000880,D_Dendritic_Cells,0.09996836505549246,0.0,1.0,1000,0,0.0,0.0,0.0,0.0,0.0,0.0,0.0,0.5351630336498061,0.7274567429608693,0.9428530381205159
BIOMD0000000880,H_CD4_T_Cells,0.9985330735872644,0.9979186063897887,1.0,1000,0,0.9979255725294522,0.9979463796113329,0.9980212642148043,0.9980723360800082,0.9981293979990083,0.99839694221603,0.9989576219265502,0.9994624679905116,0.9997273788420588,0.9999448655488925
BIOMD0000000882,model,0.9992344295801211,0.9971237923684433,0.9999997861674462,4,0,0.9975406836429899,0.9979575749175364,0.9987913574666296,0.9992082487411762,0.9996251400157229,0.9999070698922974,0.999946557818483,0.9999731719929646,0.9999864790802054,0.999997124749998
BIOMD0000000882,S,0.9999998876245113,0.9999996666131007,1.0,1000,0,0.9999997061118578,0.9999997861674462,0.9999998581639971,0.9999998620623224,0.9999998692332099,0.9999998912397532,0.9999999516578025,0.9999999756801548,0.9999999878414558,0.9999999974801274
BIOMD0000000882,I,0.9999495738705654,0.9995210772409014,0.9999999241418015,999,1,0.9998702227570375,0.9999030675320872,0.999940439068459,0.9999424882774739,0.9999456552014812,0.9999557197355099,0.9999802792486374,0.9999900430220244,0.9999949014218871,0.9999989951007549
BIOMD0000000882,Z,0.9985972172934057,0.9969780088068141,1.0,1000,0,0.9970149204436682,0.9971237923684433,0.9975360575293429,0.9977973545755372,0.998000483435298,0.9985854546240926,0.9996837594231138,0.9998712821350878,0.99995952162084,0.9999896035580913
BIOMD0000000882,R,0.9999557081697472,0.9995358203746215,0.999999961509866,999,1,0.9998780326214197,0.9999110722525075,0.9999484898823613,0.999953461217521,0.9999554746930737,0.9999630614488412,0.9999835489518047,0.9999916056198321,0.9999958610169672,0.9999990570862479
BIOMD0000000883,model,0.1603174603174603,0.0,1.0,63,0,0.0,0.0,0.0,0.0,0.0,0.0,0.0,1.0,1.0,1.0
BIOMD0000000883,species_0,0.005173389561884008,0.0,0.8138956029390242,999,1,0.0,0.0,0.0,0.0,0.0,0.0,0.0,0.0,0.0,0.03387304845559981
BIOMD0000000883,species_1,1.0,1.0,1.0,1,999,1.0,1.0,1.0,1.0,1.0,1.0,1.0,1.0,1.0,1.0
BIOMD0000000883,species_2,0.009352135032419783,0.0,0.9981388967059197,999,1,0.0,0.0,0.0,0.0,0.0,0.0,0.0,0.0,0.0,0.5822715970576062
BIOMD0000000883,species_3,0.0037781391209068265,0.0,1.0,1000,0,0.0,0.0,0.0,0.0,0.0,0.0,0.0,0.0,0.0,0.0
BIOMD0000000883,species_4,0.015235995808968747,0.0,0.9998774853687227,999,1,0.0,0.0,0.0,0.0,0.0,0.0,0.0,0.0,0.0,0.9166375639126251
BIOMD0000000883,species_5,0.010612851368048008,0.0,1.0,1000,0,0.0,0.0,0.0,0.0,0.0,0.0,0.0,0.0,0.0,0.7187702026193631
BIOMD0000000883,species_6,0.0074253382701299,0.0,0.9544054558800852,999,1,0.0,0.0,0.0,0.0,0.0,0.0,0.0,0.0,0.0,0.42641701460484066
BIOMD0000000883,species_7,0.017215230277323423,0.0,1.0,1000,0,0.0,0.0,0.0,0.0,0.0,0.0,0.0,0.0,0.0,0.8693725731938102
BIOMD0000000883,species_8,0.007258538221115893,0.0,0.9327112589485452,999,1,0.0,0.0,0.0,0.0,0.0,0.0,0.0,0.0,0.0,0.22103548515487004
BIOMD0000000883,species_9,0.01585856097486667,0.0,1.0,1000,0,0.0,0.0,0.0,0.0,0.0,0.0,0.0,0.0,0.0,0.8483799151148586
BIOMD0000000883,species_10,0.0011846448751792705,0.0,0.4909724905795745,999,1,0.0,0.0,0.0,0.0,0.0,0.0,0.0,0.0,0.0,0.0
BIOMD0000000883,species_11,0.0024723926931104257,0.0,1.0,1000,0,0.0,0.0,0.0,0.0,0.0,0.0,0.0,0.0,0.0,0.0
BIOMD0000000883,species_14,0.007470784347278036,0.0,0.9889371521933522,999,1,0.0,0.0,0.0,0.0,0.0,0.0,0.0,0.0,0.0,0.33051996739075873
BIOMD0000000883,species_15,0.001104694769193784,0.0,1.0,1000,0,0.0,0.0,0.0,0.0,0.0,0.0,0.0,0.0,0.0,0.0
BIOMD0000000883,species_16,0.006935552412540079,0.0,0.9425790453338444,999,1,0.0,0.0,0.0,0.0,0.0,0.0,0.0,0.0,0.0,0.2537733020118085
BIOMD0000000883,species_17,0.001,0.0,1.0,1000,0,0.0,0.0,0.0,0.0,0.0,0.0,0.0,0.0,0.0,0.0
BIOMD0000000883,PIP3Active,0.01179184263816315,0.0,0.9792228749335188,999,1,0.0,0.0,0.0,0.0,0.0,0.0,0.0,0.0,0.0,0.7000154165044344
BIOMD0000000883,PIP3Inactive,0.017254363080710947,0.0,1.0,1000,0,0.0,0.0,0.0,0.0,0.0,0.0,0.0,0.0,0.0,0.8846353550720303
BIOMD0000000883,PDK1Inactive,0.01710347644502226,0.0,1.0,1000,0,0.0,0.0,0.0,0.0,0.0,0.0,0.0,0.0,0.0,0.8998484330920465
BIOMD0000000883,PDK1Active,0.01220018323613947,0.0,0.9842531301011435,999,1,0.0,0.0,0.0,0.0,0.0,0.0,0.0,0.0,0.0,0.6990264584149658
BIOMD0000000883,mTORC2Active,0.00921815643418645,0.0,0.9704822360076072,999,1,0.0,0.0,0.0,0.0,0.0,0.0,0.0,0.0,0.0,0.6052776839623036
BIOMD0000000883,mTORC1Active,0.014283295341475398,0.0,0.9917695196442474,999,1,0.0,0.0,0.0,0.0,0.0,0.0,0.0,0.0,0.0,0.8273886879195742
BIOMD0000000883,mTORC1Inactive,0.005876508174428352,0.0,1.0,1000,0,0.0,0.0,0.0,0.0,0.0,0.0,0.0,0.0,0.0,0.0
BIOMD0000000883,bRafMutated,0.001,0.0,1.0,1000,0,0.0,0.0,0.0,0.0,0.0,0.0,0.0,0.0,0.0,0.0
BIOMD0000000883,PLX4032,0.11539762004031752,0.0,0.9999999999999999,1000,0,0.0,0.0,0.0,0.0,0.0,0.0,0.0,0.9795344333868483,0.9978132579109696,0.9995621751467748
BIOMD0000000883,Grb2Active,0.006577186740293639,0.0,0.9358765558925852,999,1,0.0,0.0,0.0,0.0,0.0,0.0,0.0,0.0,0.0,0.21404515039760533
BIOMD0000000883,Grb2Inactive,0.0013906990406062033,0.0,1.0,1000,0,0.0,0.0,0.0,0.0,0.0,0.0,0.0,0.0,0.0,0.0
BIOMD0000000883,freeFGFR,1.0,1.0,1.0,1,999,1.0,1.0,1.0,1.0,1.0,1.0,1.0,1.0,1.0,1.0
BIOMD0000000883,pFGFR,0.005173389561882939,0.0,0.8138956029384001,999,1,0.0,0.0,0.0,0.0,0.0,0.0,0.0,0.0,0.0,0.033873048455337285
BIOMD0000000883,freeTNFR1,1.0,1.0,1.0,1,999,1.0,1.0,1.0,1.0,1.0,1.0,1.0,1.0,1.0,1.0
BIOMD0000000883,pTNFR1,0.0051733895618833025,0.0,0.8138956029386102,999,1,0.0,0.0,0.0,0.0,0.0,0.0,0.0,0.0,0.0,0.03387304845543778
BIOMD0000000883,freeTNFR2,1.0,1.0,1.0,1,999,1.0,1.0,1.0,1.0,1.0,1.0,1.0,1.0,1.0,1.0
BIOMD0000000883,pTNFR2,0.0051733895618828,0.0,0.8138956029383174,999,1,0.0,0.0,0.0,0.0,0.0,0.0,0.0,0.0,0.0,0.033873048455298725
BIOMD0000000883,TRADD_TRAF2_TRAF5_RIP1_Active,0.00621352053692142,0.0,0.9006474734415428,999,1,0.0,0.0,0.0,0.0,0.0,0.0,0.0,0.0,0.0,0.2092068947358727
BIOMD0000000883,TRADD_TRAF2_TRAF5_RIP1_Inactive,0.0072405008503002456,0.0,1.0,1000,0,0.0,0.0,0.0,0.0,0.0,0.0,0.0,0.0,0.0,0.2699900271899494
BIOMD0000000883,TRAF1_TRAF2_TRAF3_Active,0.0062135205369214155,0.0,0.9006474734414658,999,1,0.0,0.0,0.0,0.0,0.0,0.0,0.0,0.0,0.0,0.20920689473584378
BIOMD0000000883,TRAF1_TRAF2_TRAF3_Inactive,0.0072405008503002456,0.0,1.0,1000,0,0.0,0.0,0.0,0.0,0.0,0.0,0.0,0.0,0.0,0.26999002718994847
BIOMD0000000883,NIKActive,0.009628081025874747,0.0,0.9788197317461353,999,1,0.0,0.0,0.0,0.0,0.0,0.0,0.0,0.0,0.0,0.6440215135912829
BIOMD0000000883,NIKInactive,0.011067536171119408,0.0,1.0,1000,0,0.0,0.0,0.0,0.0,0.0,0.0,0.0,0.0,0.0,0.7073598346365928
BIOMD0000000883,IKKbeta_IKKalfa_IKKgamma_Active,0.012510528621712511,0.0,0.9867999427470987,999,1,0.0,0.0,0.0,0.0,0.0,0.0,0.0,0.0,0.0,0.7583065761516724
BIOMD0000000883,IKKbeta_IKKalfa_IKKgamma_Inactive,0.002014823590646871,0.0,1.0,1000,0,0.0,0.0,0.0,0.0,0.0,0.0,0.0,0.0,0.0,0.0
BIOMD0000000883,TAB1_TAB2_TAB3_TAK1_Active,0.009628081025874745,0.0,0.9788197317461236,999,1,0.0,0.0,0.0,0.0,0.0,0.0,0.0,0.0,0.0,0.6440215135913169
BIOMD0000000883,TAB1_TAB2_TAB3_TAK1_Inactive,0.011067536171119415,0.0,1.0,1000,0,0.0,0.0,0.0,0.0,0.0,0.0,0.0,0.0,0.0,0.7073598346365967
BIOMD0000000883,Tpl2_NF_kB_Active,0.030193771432969706,0.0,0.8443375325955629,187,813,0.0,0.0,0.0,0.0,0.0,0.0,0.0,0.0,0.011032660725648711,0.8095682208390823
BIOMD0000000883,Tpl2_NF_kB_Inactive,1.0,1.0,1.0,1,999,1.0,1.0,1.0,1.0,1.0,1.0,1.0,1.0,1.0,1.0
BIOMD0000000883,bRafMutatedInactive,0.0058093100040773294,0.0,0.873537720346502,999,1,0.0,0.0,0.0,0.0,0.0,0.0,0.0,0.0,0.0,0.17873675172455897
BIOMD0000000883,TRADD_TRAF2_TRAF5_RIP1_bRafINH_Active,0.0291777035238022,0.0,0.7861061694505991,123,877,0.0,0.0,0.0,0.0,0.0,0.0,0.0,0.0,0.0,0.6953128991857135
BIOMD0000000883,TRADD_TRAF2_TRAF5_RIP1_bRafINH_Inactive,1.0,1.0,1.0,1,999,1.0,1.0,1.0,1.0,1.0,1.0,1.0,1.0,1.0,1.0
BIOMD0000000883,TAB1_TAB2_TAB3_TAK1_bRafINH_Inactive,1.0,1.0,1.0,1,999,1.0,1.0,1.0,1.0,1.0,1.0,1.0,1.0,1.0,1.0
BIOMD0000000883,TAB1_TAB2_TAB3_TAK1_bRafINH_Active,0.02917719506860504,0.0,0.7861081231265455,123,877,0.0,0.0,0.0,0.0,0.0,0.0,0.0,0.0,0.0,0.6953097530528326
BIOMD0000000883,NIK_bRafINH_Active,0.029177195068605437,0.0,0.7861081231265589,123,877,0.0,0.0,0.0,0.0,0.0,0.0,0.0,0.0,0.0,0.6953097530528021
BIOMD0000000883,NIK_bRafINH_Inactive,1.0,1.0,1.0,1,999,1.0,1.0,1.0,1.0,1.0,1.0,1.0,1.0,1.0,1.0
BIOMD0000000883,IKKbeta_IKKalfa_IKKgamma_bRafINH_Active,0.029177196351060322,0.0,0.7861081181990337,123,877,0.0,0.0,0.0,0.0,0.0,0.0,0.0,0.0,0.0,0.6953097609878798
BIOMD0000000883,IKKbeta_IKKalfa_IKKgamma_bRafINH_Inactive,1.0,1.0,1.0,1,999,1.0,1.0,1.0,1.0,1.0,1.0,1.0,1.0,1.0,1.0
BIOMD0000000883,Tpl2_NF_kB_bRafINH_Active,0.0,0.0,0.0,78,922,0.0,0.0,0.0,0.0,0.0,0.0,0.0,0.0,0.0,0.0
BIOMD0000000883,Tpl2_NF_kB_bRafINH_Inactive,0.01164342553920258,0.0,0.9999999999999999,1000,0,0.0,0.0,0.0,0.0,0.0,0.0,0.0,0.0,0.0,0.6241427790700778
BIOMD0000000883,TRAF1_TRAF2_TRAF3_bRafINH_Active,0.0052778963832143195,0.0,0.9710046760278457,999,1,0.0,0.0,0.0,0.0,0.0,0.0,0.0,0.0,0.0,0.03241677770117655
BIOMD0000000883,TRAF1_TRAF2_TRAF3_bRafINH_Inactive,1.0,1.0,1.0,1,999,1.0,1.0,1.0,1.0,1.0,1.0,1.0,1.0,1.0,1.0
BIOMD0000000883,Tpl2_NF_kB_RasINH_Active,0.006066242259467467,0.0,0.9994439377732469,999,1,0.0,0.0,0.0,0.0,0.0,0.0,0.0,0.0,0.0,0.07348517046641125
BIOMD0000000883,Tpl2_NF_kB_RasINH_Inactive,0.014010458288507934,0.0,1.0,1000,0,0.0,0.0,0.0,0.0,0.0,0.0,0.0,0.0,0.0,0.7741880789600449
BIOMD0000000883,mTORC2Inactive,0.5,0.0,1.0,2,998,0.05,0.1,0.2,0.25,0.3,0.5,0.8,0.9,0.95,0.99
BIOMD0000000883,MAP3K8_inhibitor,0.021291307978008094,0.0,1.0,1000,0,0.0,0.0,0.0,0.0,0.0,0.0,0.0,0.0,0.0,0.9524837692646988
BIOMD0000000883,MAP3K8_NF_kB_inhibited,0.006993461247885076,0.0,0.9215469290439019,999,1,0.0,0.0,0.0,0.0,0.0,0.0,0.0,0.0,0.0,0.23791233134967182
BIOMD0000000884,model,0.0,0.0,0.0,3,0,0.0,0.0,0.0,0.0,0.0,0.0,0.0,0.0,0.0,0.0
BIOMD0000000884,L,0.673673837362413,0.0,1.0,1000,0,0.0,0.0,0.5663082458898206,0.6438553706806969,0.6949541065345924,0.7609445731616924,0.8927724761043593,0.945915098172572,0.9729322916558071,0.9945076794467653
BIOMD0000000884,U,0.4684508942168045,0.0,1.0,269,731,0.0,0.0,0.0,0.0,0.0,0.6091095902008357,0.8452637289372437,0.9234533754171221,0.9624140264383344,0.9919998048196588
BIOMD0000000884,V,0.5847422426519792,0.0,0.9995229207651599,999,1,0.0,0.0,0.10546429042949966,0.2428630837939787,0.39705707152356423,0.7603881679214035,0.8786267306130808,0.9375047908279327,0.9691112946223972,0.9932355728604269
BIOMD0000000885,model,0.9999968761494848,0.9999884148770891,1.0,4,0,0.9999900176461345,0.99999162041518,0.9999948259532707,0.9999964287223161,0.9999980314913615,0.9999995448604251,0.999999993830075,0.9999999969150375,0.9999999984575187,0.9999999996915038
BIOMD0000000885,B,0.9999995000016716,0.9999990000050094,1.0,1000,0,0.9999990500045215,0.9999991000040584,0.9999992000032073,0.9999992500028193,0.9999993000024562,0.9999995000012536,0.9999998000002014,0.9999999000000506,0.9999999500000127,0.9999999900000005
BIOMD0000000885,P,0.9999999937508055,0.9999999890340396,1.0,1000,0,0.9999999893639353,0.9999999897167916,0.9999999904913851,0.9999999909131218,0.9999999913578176,0.9999999933661896,0.9999999970706092,0.9999999984891251,0.9999999992330046,0.9999999998447441
BIOMD0000000885,A,0.999992152532468,0.9999882932553465,1.0,1000,0,0.9999883237738088,0.9999884148770891,0.9999887762676869,0.9999890127457187,0.9999893121218788,0.999991133533999,0.9999957198570599,0.9999977388812648,0.9999988388793777,0.9999997620433126
BIOMD0000000885,T,1.0,1.0,1.0,1,999,1.0,1.0,1.0,1.0,1.0,1.0,1.0,1.0,1.0,1.0
BIOMD0000000886,model,0.0,0.0,0.0,5,0,0.0,0.0,0.0,0.0,0.0,0.0,0.0,0.0,0.0,0.0
BIOMD0000000886,T,0.44505041694282593,0.0,1.0,105,895,0.0,0.0,0.0,0.0,0.2230768191356974,0.4719238213467415,0.7898512813960097,0.8955305459937437,0.9588828537167052,0.9911950438551895
BIOMD0000000886,Th,0.3367685383876569,0.0,1.0,1000,0,0.0,0.0,0.0,0.0,0.0,0.0,0.8985935077203622,0.9433773401095175,0.9712153166959927,0.9950370508774339
BIOMD0000000886,Tc,0.5947267433208865,0.0,1.0,1000,0,0.0,0.0,0.022710847888836427,0.1674890419734658,0.3029219227986711,0.7478112622877887,0.9720799825264917,0.9840703218074248,0.9919598944768182,0.9983885330175526
BIOMD0000000886,B,0.6075186792754231,0.0,0.9999999999999999,1000,0,0.0,0.0,0.0,0.0671702012338346,0.5665384319540252,0.7468403954694809,0.9470107629535249,0.9861873531369278,0.9919953392810991,0.9983294476146699
BIOMD0000000886,A,0.5865269503100001,0.0,1.0,1000,0,0.0,0.0,0.0,0.0,0.27236019158424263,0.7668411443117211,0.9372140889124295,0.9731447396923641,0.9827135291924692,0.9857553551360488
BIOMD0000000887,model,0.12307828796542611,0.0,0.49231315186170443,4,0,0.0,0.0,0.0,0.0,0.0,0.0,0.19692526074468195,0.3446192063031932,0.4184661790824486,0.4775437573058532
BIOMD0000000887,x,0.5528655708461871,0.4547225235272151,1.0,1000,0,0.465354382431962,0.49231315186170443,0.5287609371041632,0.5296414824102489,0.5307381668672374,0.5312649898287284,0.542384420808554,0.5690019715591653,0.8059496745269993,0.9867647950757539
BIOMD0000000887,u,0.004004245157741247,0.0,1.0,1000,0,0.0,0.0,0.0,0.0,0.0,0.0,0.0,0.0,0.0,0.0
BIOMD0000000887,y,0.001367354467022058,0.0,1.0,1000,0,0.0,0.0,0.0,0.0,0.0,0.0,0.0,0.0,0.0,0.0
BIOMD0000000887,z,0.004140691862564576,0.0,1.0,1000,0,0.0,0.0,0.0,0.0,0.0,0.0,0.0,0.0,0.0,0.0
BIOMD0000000888,model,0.29117027679075946,0.0,0.9989619628723005,4,0,0.0,0.0,0.0,0.0,0.0,0.0828595721453686,0.4990162717233628,0.7489891172978317,0.8739755400850657,0.9739646783148534
BIOMD0000000888,T,0.38136791112039675,0.0,1.0,486,514,0.0,0.0,0.0,0.0,0.0,0.09451470678923424,0.8487070846955967,0.8709401190556147,0.9289585413418614,0.9859986959351473
BIOMD0000000888,N,0.9994856562405989,0.9983411407436988,1.0,1000,0,0.9989101745245365,0.9989619628723005,0.9991040501672639,0.9991970520543986,0.9992416927643307,0.9995746661214511,0.9998181484833201,0.999907274913126,0.9999533624892074,0.9999907227142916
BIOMD0000000888,D,0.49789902055096436,0.16367949639011858,0.9999999999999999,1000,0,0.16419761338551095,0.1657191442907372,0.17157033985027284,0.1757358630804519,0.18806691543380297,0.37398496124544967,0.9243945719742266,0.9544342227072073,0.9766967248794332,0.9954337430204763
BIOMD0000000888,L,0.2597275943506988,0.0,1.0,1000,0,0.0,0.0,0.0,0.0,0.0,0.0,0.8832028821623247,0.9444842615420566,0.9694605223287444,0.9938883816440911
BIOMD0000000889,model,0.40990807216349956,0.0,0.9998910322605981,12,0,0.0,0.0,0.0,0.0,0.0,0.41842808384127017,0.9087868361069533,0.9995684636514035,0.9997136655037672,0.9998555589092318
BIOMD0000000889,IFNBm,0.8289941316938169,0.11622438861079565,1.0,1000,0,0.27783867730159006,0.41893252448847773,0.645688678009308,0.7335716923789487,0.8050626506958306,0.9608548047672729,0.9940667578300231,0.9977279656760897,0.9993502360542829,0.9999623933602599
BIOMD0000000889,IFNBenv,0.9997602772738193,0.9995206310111509,1.0,1000,0,0.9995445885559849,0.9995685472481783,0.9996164680749716,0.9996404302097364,0.9996643934921897,0.9997602581005371,0.9999040894577285,0.9999520424313432,0.9999760206412499,0.9999952040363385
BIOMD0000000889,STATP2n,0.35718491982809236,0.0,1.0,465,535,0.0,0.0,0.0,0.0,0.0,0.0,0.9270437790574982,0.9864513165021449,0.9966551880362899,0.9997167680640826
BIOMD0000000889,SOCSm,0.4191175962369767,0.0,0.9999999999999999,384,616,0.0,0.0,0.0,0.0,0.0,0.2381414191206238,0.9580499764315001,0.9920153639302145,0.997955153486776,0.999811902636383
BIOMD0000000889,IRF7m,0.22192531455790926,0.0,0.9999999999999999,833,167,0.0,0.0,0.0,0.0,0.0,0.0,0.676700434826159,0.9371356517327721,0.985949645661376,0.9994262739339966
BIOMD0000000889,IRF7Pn,0.7749679133576947,0.4944562663181089,0.9999999999999999,1000,0,0.5145684995187879,0.5373500720772043,0.5905255407693524,0.6205187379831592,0.6523515646617832,0.7876136944978178,0.9602742859908922,0.9910221850511538,0.9951111288506677,0.9961169798065325
BIOMD0000000889,IFNam,0.8381296257660293,0.3151283305793584,1.0,1000,0,0.44477353489048516,0.545663335413044,0.7021106310716941,0.751980026334108,0.7890240456008067,0.9455697456498375,0.9704363516073438,0.9847074011328537,0.9923622514572216,0.9985162499042076
BIOMD0000000889,IFNaenv,0.9997598224372268,0.9995196996757945,1.0,1000,0,0.9995437048973446,0.9995677112804303,0.9996157275308908,0.9996397373971431,0.9996637484220214,0.99975980403244,0.9999039213702754,0.9999519685815651,0.9999759921066218,0.9999952029823036
BIOMD0000000889,TNFam,0.6523773379091924,0.0,1.0,1000,0,0.0,0.0,0.016904720931270305,0.2594386066767025,0.4506698518293592,0.8685124276710562,0.9972662767013026,0.9987789442018373,0.9996162522938362,0.9999785393648934
BIOMD0000000889,TFNenv,0.9999393749814189,0.9998805497348592,1.0,1000,0,0.9998856609155602,0.9998910322605981,0.9999023903414314,0.9999083046968235,0.9999143338194534,0.9999390958335799,0.9999762540386378,0.9999882693871014,0.9999941730340204,0.9999988409746532
BIOMD0000000889,STATm,0.2216966698539592,0.0,1.0,836,164,0.0,0.0,0.0,0.0,0.0,0.0,0.6754052559876099,0.9364974247315911,0.9857642501876386,0.9994243358539915
BIOMD0000000889,STAT,0.7347577177359104,0.331997326898845,1.0,1000,0,0.3745838839901264,0.4179236431940626,0.5063700663786641,0.5511187718419441,0.5958981677056457,0.7685095282625835,0.9585311058132998,0.9892863955323445,0.9973915588297204,0.9997579627990385
BIOMD0000000890,model,0.9997986348089527,0.9997986348089527,0.9997986348089527,1,2,0.9997986348089527,0.9997986348089527,0.9997986348089527,0.9997986348089527,0.9997986348089527,0.9997986348089527,0.9997986348089527,0.9997986348089527,0.9997986348089527,0.9997986348089527
BIOMD0000000890,m,,,,0,1000,,,,,,,,,,
BIOMD0000000890,h,,,,0,1000,,,,,,,,,,
BIOMD0000000890,c,0.999926344400405,0.9996825989381071,1.0,26,974,0.9997482986226532,0.9997986348089527,0.999868839216621,0.9998930469033198,0.9999129441870028,0.9999633773718846,0.9999953243833962,0.999997624429339,0.9999982873264519,0.999999595176768
BIOMD0000000891,model,0.7779417711414309,0.4695102598798505,0.9847499980946937,3,0,0.5105157394368403,0.5515212189938301,0.6335321781078097,0.6745376576647995,0.7155431372217893,0.8795650554497485,0.9426760210367156,0.9637130095657046,0.9742315038301992,0.9826462992417948
BIOMD0000000891,u,0.7338678230050201,0.0,1.0,719,281,0.0,0.4695102598798505,0.5534055563129169,0.6129185879864256,0.65892242608956,0.8519611877229366,0.9491733757614607,0.9579963820486769,0.9602090793158505,0.9607620169435664
BIOMD0000000891,v,0.9910046522801383,0.9799859752370589,1.0,1000,0,0.9815729233735219,0.9847499980946937,0.987711480858365,0.9884092499529576,0.9891373026950836,0.9916610130995482,0.9942683552193432,0.9959481259581161,0.9978761274697109,0.9995389090713598
BIOMD0000000891,w,0.9413960325039912,0.832012639417212,1.0,1000,0,0.8484428155080443,0.8795650554497485,0.9226580170529128,0.9262091495720549,0.9310796727500644,0.9544838661303992,0.969434037882265,0.9713711712118022,0.9776670949129133,0.995184650675238
BIOMD0000000892,model,0.10290467490583927,0.0,0.41161869962335706,4,0,0.0,0.0,0.0,0.0,0.0,0.0,0.16464747984934297,0.28813308973635,0.34987589467985336,0.39927013863465627
BIOMD0000000892,T,0.6290935836897756,0.0,0.9999999999999999,1000,0,0.40486363931931507,0.41161869962335706,0.4435736628543602,0.4674054639211619,0.4957546659500623,0.6365105359493042,0.8073097027490774,0.8686824603112838,0.887869965350999,0.9118258190194156
BIOMD0000000892,I,0.15919826852326838,0.0,0.9999999999999999,1000,0,0.0,0.0,0.0,0.0,0.0,0.007577963629353757,0.363677641166937,0.5484538013802824,0.6294492428926103,0.9328161766322353
BIOMD0000000892,VI,0.16419589679827168,0.0,1.0,1000,0,0.0,0.0,0.0,0.0,0.0,0.013132587643316873,0.37044819036120336,0.5543449199162773,0.6343057836274392,0.9821424756449507
BIOMD0000000892,VNI,0.1617017210018476,0.0,1.0,1000,0,0.0,0.0,0.0,0.0,0.0,0.009447225964482442,0.3664644482526242,0.5509648886591233,0.6300541157156199,0.9816111497364831
BIOMD0000000893,model,0.0,0.0,0.0,3,0,0.0,0.0,0.0,0.0,0.0,0.0,0.0,0.0,0.0,0.0
BIOMD0000000893,x,0.2114555364830576,0.0,0.9996953838777668,230,770,0.0,0.0,0.0,0.0,0.04880166152848104,0.12706806051244074,0.35695144219563807,0.5891079272388448,0.8408800696281303,0.988345533519855
BIOMD0000000893,y,0.4898486741236216,0.0,0.9993855894613933,977,23,0.0,0.0,0.0067398418961850445,0.17936728810748037,0.29141919498862656,0.5494382265832607,0.8045739129926688,0.9018561108809158,0.9540835444777787,0.992127315018546
BIOMD0000000893,z,0.2063799165227311,0.0,0.829230525974207,644,356,0.0,0.0,0.06986624437379077,0.11545076465878684,0.1505538106383006,0.2269746166388662,0.2994258281118975,0.3492710461829973,0.40040136704807605,0.5977869261126294
BIOMD0000000894,model,0.3309916021979587,0.0,0.49945878301777025,3,0,0.04935160235761058,0.09870320471522116,0.19740640943044233,0.2467580117880529,0.2961096141456635,0.4935160235761058,0.49708167924110447,0.49827023112943736,0.4988645070736038,0.49933992782893694
BIOMD0000000894,x,0.7395506625013241,0.0,0.9997026046614849,975,25,0.4449959323815306,0.4935160235761058,0.5667478991515708,0.5897782607990856,0.6236414485726672,0.7666863665995718,0.9213705484479702,0.9569865540738224,0.9770019017109113,0.9958376429552027
BIOMD0000000894,y,0.6607792098058091,0.0,0.9997962449494222,939,61,0.0,0.0,0.0,0.6964741834121378,0.7140609281764921,0.8048150441378283,0.9350905338026481,0.9676563562486225,0.9838777593136206,0.996641620198106
BIOMD0000000894,z,0.7446190111219005,0.0,0.9993639731834418,968,32,0.4522897874734863,0.49945878301777025,0.5689555889260438,0.5920074992723718,0.6316710254727782,0.7704125503991186,0.9220573624218804,0.9580193146740347,0.9778952797925661,0.9951466417711629
BIOMD0000000895,model,0.0,0.0,0.0,9,0,0.0,0.0,0.0,0.0,0.0,0.0,0.0,0.0,0.0,0.0
BIOMD0000000895,CD4,0.021176852206236958,0.0,1.0,1000,0,0.0,0.0,0.0,0.0,0.0,0.0,0.0,0.0,0.0,0.8465657558469828
BIOMD0000000895,CD8,0.07016269784345562,0.0,1.0,1000,0,0.0,0.0,0.0,0.0,0.0,0.0,0.0,0.14483251840253974,0.7552024560480874,0.9926610907899324
BIOMD0000000895,Mr,0.027077516707206446,0.0,1.0,1000,0,0.0,0.0,0.0,0.0,0.0,0.0,0.0,0.0,0.08143559316665248,0.7917485771826643
BIOMD0000000895,Ma,0.04305388266772507,0.0,0.9973058349564291,999,1,0.0,0.0,0.0,0.0,0.0,0.0,0.0,0.0,0.3527007269565314,0.9195772016580088
BIOMD0000000895,Mi,0.0021944607707417704,0.0,1.0,1000,0,0.0,0.0,0.0,0.0,0.0,0.0,0.0,0.0,0.0,0.06099658784293309
BIOMD0000000895,Se,0.0029338608784239065,0.0,1.0,1000,0,0.0,0.0,0.0,0.0,0.0,0.0,0.0,0.0,0.0,0.0
BIOMD0000000895,Si,0.004150797944331904,0.0,1.0,1000,0,0.0,0.0,0.0,0.0,0.0,0.0,0.0,0.0,0.0,0.0
BIOMD0000000895,CD4rec,0.16666666666666666,0.0,1.0,6,994,0.0,0.0,0.0,0.0,0.0,0.0,0.0,0.5,0.75,0.9500000000000002
BIOMD0000000895,Mrrec,0.02178193794806881,0.0,1.0,1000,0,0.0,0.0,0.0,0.0,0.0,0.0,0.0,0.0,0.0,0.961143106131767
BIOMD0000000896,model,0.0,0.0,0.0,9,0,0.0,0.0,0.0,0.0,0.0,0.0,0.0,0.0,0.0,0.0
BIOMD0000000896,Hsp70,0.03324073543082463,0.0,1.0,1000,0,0.0,0.0,0.0,0.0,0.0,0.0,0.0,0.0,0.2825064080639181,0.8764139235047029
BIOMD0000000896,HSF,0.020351530289170024,0.0,1.0,1000,0,0.0,0.0,0.0,0.0,0.0,0.0,0.0,0.0,0.0,0.7224764257177123
BIOMD0000000896,S,0.031119808359416645,0.0,0.9906706772069843,999,1,0.0,0.0,0.0,0.0,0.0,0.0,0.0,0.0,0.17685803467154823,0.866802769218874
BIOMD0000000896,Hsp70_HSF,0.10860177076429861,0.0,0.9999999999999998,1000,0,0.0,0.0,0.0,0.0,0.0,0.0,0.0,0.5648870601689042,0.7995045369184418,0.99585796350752
BIOMD0000000896,Hsp70_S,0.10092002013323702,0.0,0.9987473419883242,999,1,0.0,0.0,0.0,0.0,0.0,0.0,0.0009137277897873409,0.47661417166083114,0.7412730351799472,0.9355142568531588
BIOMD0000000896,HSF_3,0.02948998524176039,0.0,1.0,1000,0,0.0,0.0,0.0,0.0,0.0,0.0,0.0,0.0,0.0645213692536031,0.8603387321984597
BIOMD0000000896,HSE,0.09693058598677658,0.0,1.0,1000,0,0.0,0.0,0.0,0.0,0.0,0.0,0.0,0.4948809183596725,0.7930876404796778,0.9854379249289827
BIOMD0000000896,HSF_3_HSE,0.05594358914795442,0.0,1.0,1000,0,0.0,0.0,0.0,0.0,0.0,0.0,0.0,0.02656396200301177,0.5663485397188619,0.9094320785983094
BIOMD0000000896,mRNA,0.07698869477845711,0.0,1.0,1000,0,0.0,0.0,0.0,0.0,0.0,0.0,0.0,0.29719991299785886,0.7407789172343123,0.9783146804268437
BIOMD0000000897,model,0.9966631586139508,0.9944630482109338,0.9988632690169679,2,0,0.9946830592512355,0.9949030702915372,0.9953430923721406,0.9955631034124424,0.995783114452744,0.9966631586139508,0.9979832248557611,0.9984232469363644,0.9986432579766662,0.9988192668089075
BIOMD0000000897,E,0.9995459022421765,0.9984650285059976,1.0,1000,0,0.9986489303354711,0.9988632690169679,0.9992655473105766,0.9993112364527437,0.9994035388189733,0.9996449653997528,0.9999265551258362,0.9999617563675374,0.9999727412939532,0.9999944858496703
BIOMD0000000897,T,0.99749413095882,0.9915519163729573,0.9999999999999999,1000,0,0.9927923868718991,0.9944630482109338,0.9959186404511555,0.9964306353427437,0.9967097443472812,0.9981787172399479,0.9992896484995911,0.9996077384123312,0.9997307570302624,0.9999470766213934
BIOMD0000000898,model,0.051511229003425016,0.0,0.2575561450171251,5,0,0.0,0.0,0.0,0.0,0.0,0.0,0.051511229003425064,0.1545336870102751,0.20604491601370004,0.2472538992164401
BIOMD0000000898,S_HSC,0.7490318090472973,0.0,1.0,324,676,0.077170468666281,0.2575561450171251,0.564768394219341,0.6925155165061365,0.8036658100644172,0.8555195335264412,0.9335123924618517,0.9652669546687294,0.98160230121577,0.999103391988402
BIOMD0000000898,A_PC,0.6015305852356243,0.0,0.9996034391479691,566,434,0.0,0.0,0.0,0.0,0.0,0.8628352662691399,0.9739919268059138,0.9865163569403981,0.9936006812442489,0.9983143732533538
BIOMD0000000898,D_TDSC,0.5774553391026083,0.0,0.9997390137313809,629,371,0.0,0.0,0.0,0.0,0.0,0.864998136408958,0.9825009586961833,0.9898804340781596,0.9935096961947675,0.9988818758243047
BIOMD0000000898,L_LSC,0.7036270252544432,0.0,1.0,1000,0,0.0,0.0,0.3145135751459401,0.6559538963182601,0.7762608206883289,0.8599543121171473,0.956738087684053,0.9782696713317716,0.9890753549678978,0.998025604612075
BIOMD0000000898,T_TDLC,0.748242302877659,0.0,0.9998770867503828,999,1,0.0,0.0,0.6323723567214733,0.7722327346090935,0.7832983523918504,0.881684205553309,0.9636967154701592,0.9819829140262903,0.9910338620569606,0.9983209047635566
BIOMD0000000899,model,0.6582551101013214,0.0,0.9999999999999999,10,2,0.0,0.0,0.025108525401107987,0.22788955111659775,0.5815965609739805,0.8917736656198927,0.998290182521647,0.9997596031478077,0.9998798015739038,0.9999759603147806
BIOMD0000000899,s1,0.4753131958755019,0.0,1.0,16,984,0.0,0.0,0.0,0.0,0.0,0.485520704205409,0.9797989655965139,0.9895991477569964,0.997538109717964,0.9995076219435928
BIOMD0000000899,s2,0.9985760868714606,0.9286299572281514,0.9999999938455588,999,1,0.997970498159667,0.999732892386453,0.9997789313388746,0.9997928882779189,0.9998066109000928,0.9998615959038155,0.9999445985257304,0.9999724175036816,0.9999860598769054,0.9999972660278691
BIOMD0000000899,s3,0.9850118391797095,0.4747224497863599,1.0,1000,0,0.9612181429956496,0.9979295050554455,0.9989584958563567,0.9989827065734657,0.9990086297108348,0.9991148570614463,0.999276860990157,0.9993310057533099,0.9993586340594173,0.9996334256485194
BIOMD0000000899,s4,0.26526955290763754,0.0,0.9960270174011944,60,940,0.0,0.0,0.0,0.0,0.0,0.08801611381733238,0.6155538964244374,0.8795486035370698,0.9697576987304924,0.9956197085796181
BIOMD0000000899,s5,0.9063331972429859,0.7871589760816309,0.9987947959851311,999,1,0.7993747089664976,0.817401234212236,0.851403400371465,0.8659873922255051,0.8793624129879649,0.9208925089910287,0.9584991247095017,0.966723758042773,0.9702188001415142,0.9727612225972794
BIOMD0000000899,s6,,,,0,1000,,,,,,,,,,
BIOMD0000000899,s7,0.9352802644399145,0.8689573330027125,0.9990604887378393,999,1,0.8737152082465041,0.8826584724458137,0.9009437371715372,0.9092174896637718,0.9168699188937879,0.9425353892884365,0.967983703601177,0.974208547777612,0.9769092216028992,0.9789469105613475
BIOMD0000000899,s8,0.9999999999999999,0.9999999999999999,0.9999999999999999,1000,0,0.9999999999999999,0.9999999999999999,0.9999999999999999,0.9999999999999999,0.9999999999999999,0.9999999999999999,0.9999999999999999,0.9999999999999999,0.9999999999999999,0.9999999999999999
BIOMD0000000899,s9,0.9481522911468943,0.8883009262977714,0.9999999999999999,1000,0,0.8920600614002875,0.9008888587939717,0.9183790697903347,0.9261856370564052,0.9332258544826806,0.9554337298645289,0.9761386039577679,0.9807007337802027,0.9827091605352862,0.9841792855330604
BIOMD0000000899,s10,0.974043004948985,0.9467232791856574,1.0,1000,0,0.9485749162621913,0.9525544813679091,0.9605914794058885,0.9642011929444072,0.9674196179723565,0.9775346124671198,0.9865772446588345,0.9885516407084459,0.9893905893414321,0.9900111687979334
BIOMD0000000899,s13,,,,0,1000,,,,,,,,,,
BIOMD0000000899,s16,0.07387539486558527,0.012048604181066125,0.5107040096224431,994,6,0.02960094727797995,0.03138565675138498,0.0373549874696244,0.040734518375168866,0.044500542866465466,0.06311806029402578,0.10687896746632539,0.12720771557471597,0.13878092463723563,0.23430972560255833
BIOMD0000000900,model,0.0,0.0,0.0,3,0,0.0,0.0,0.0,0.0,0.0,0.0,0.0,0.0,0.0,0.0
BIOMD0000000900,C,0.20542601672336044,0.0,1.0,854,146,0.0,0.0,0.0,0.0,0.0,0.0,0.39403620798322364,0.6241334717227047,0.8202586028392653,0.9685943232475841
BIOMD0000000900,B,0.2936986765577087,0.0,1.0,309,691,0.0,0.0,0.05122292961197295,0.08120303645714533,0.0926510355026562,0.18546186413153087,0.5540565356847106,0.8064615612212064,0.9131098976274772,0.986253106468296
BIOMD0000000900,T,0.2635561965572055,0.0,0.9999999999999999,219,781,0.0,0.0,0.0,0.06226755201481893,0.06664032112778095,0.14405119437738945,0.5184423307076936,0.7257676082755435,0.883627573279273,0.9870977134009434
BIOMD0000000902,model,0.29187790078977177,0.0,0.8756337023693154,3,1,0.0,0.0,0.0,0.0,0.0,0.0,0.5253802214215892,0.7005069618954524,0.7880703321323838,0.858121028321929
BIOMD0000000902,x,0.9386099879029464,0.8152021695525666,1.0,1000,0,0.8321332582844254,0.8756337023693154,0.9064951153650084,0.9103929411985674,0.9161324363533444,0.9500168997452629,0.9798797842865324,0.9899776841458631,0.9952094806147493,0.9990669915126745
BIOMD0000000902,I,,,,0,1000,,,,,,,,,,
BIOMD0000000902,y,0.22826340385523228,0.0,1.0,22,978,0.0,0.0,0.0,0.0,0.0,0.0,0.7545764821474417,0.9081062026984211,0.9554735116772143,0.9911474175873737
BIOMD0000000902,z,0.3238941777337144,0.0,1.0,478,522,0.0,0.0,0.0,0.0,0.0,0.0,0.8916860657614191,0.9281298041434284,0.9586550452784228,0.99076553920727
BIOMD0000000903,model,0.0,0.0,0.0,5,0,0.0,0.0,0.0,0.0,0.0,0.0,0.0,0.0,0.0,0.0
BIOMD0000000903,C,0.10967124329662686,0.0,1.0,1000,0,0.0,0.0,0.0,0.0,0.0,0.0,0.0,0.6179798535874723,0.7949284818398055,0.9811320335595203
BIOMD0000000903,T,0.24032159336920347,0.0,1.0,1000,0,0.0,0.0,0.0,0.0,0.0,0.0,0.694043782032976,0.9447573842330353,0.9952007335327635,0.9994686017788161
BIOMD0000000903,H,0.1032452842271285,0.0,1.0,1000,0,0.0,0.0,0.0,0.0,0.0,0.0,0.0,0.60752085582988,0.923929300779526,0.9973676266438252
BIOMD0000000903,I,0.06621326999522192,0.0,0.8506992696425729,999,1,0.0,0.0,0.0,0.0,0.0,0.0,0.0,0.28033984157831804,0.6471058203604128,0.8239203456975167
BIOMD0000000903,E,0.5482473165800259,0.0,0.9999198966538279,999,1,0.0,0.0,0.0,0.10127714849440778,0.25176177925391213,0.6595468899368083,0.9405922058454023,0.9861540887057269,0.9922933562368474,0.9983166657981484
BIOMD0000000904,model,0.7815933837913104,0.6855812774986656,0.9735366110155689,3,1,0.6855893760347687,0.6855974745708718,0.6856136716430781,0.6856217701791811,0.6856298687152842,0.6856622628596967,0.85838687175322,0.9159617413843945,0.9447491761999817,0.9677791240524515
BIOMD0000000904,Ti,0.829090799799118,0.5574866140219725,1.0,1000,0,0.5928422817044041,0.6855812774986656,0.7370715608750908,0.7462043370858016,0.759484676728395,0.8374562646716168,0.9397451794870669,0.9706342638086471,0.9865171242961073,0.9975669194923902
BIOMD0000000904,Tm,0.8291347071488717,0.5575143077116583,1.0,1000,0,0.592903928131463,0.6856622628596967,0.7370764423869547,0.746209013622646,0.7594894723054225,0.8374644451607385,0.9397468881535684,0.970654375763111,0.9865284628893644,0.9975441352204498
BIOMD0000000904,I,0.9852898033254114,0.971816350234061,1.0,1000,0,0.9722553617308847,0.9735366110155689,0.9783711818801496,0.9802444244315115,0.9824764505420477,0.984743651777941,0.9927130641783021,0.996355004265191,0.9982819491885079,0.9996557117455943
BIOMD0000000904,u,,,,0,1000,,,,,,,,,,
BIOMD0000000905,model,0.7840948613866768,0.0,0.999980372153419,5,0,0.19178616816717114,0.3835723363343423,0.7671446726686846,0.9589308408358557,0.9607081308348995,0.9678172908310747,0.9949927169211115,0.9974865445372653,0.9987334583453421,0.9997309893918036
BIOMD0000000905,P,0.9784094161706628,0.9561438728469787,0.9999999999999999,1000,0,0.957459866409235,0.9589308408358557,0.9624051783525895,0.9644452924332186,0.9667135659881597,0.9784517217682567,0.9941010104393999,0.9960198322053444,0.9965197518769043,0.9989256694217022
BIOMD0000000905,I,0.5552926787586225,0.0,1.0,54,946,0.0,0.0,0.0,0.0,0.0,0.7598525392053112,0.9645168965416197,0.9814988240704662,0.9888874394130219,0.9996427602883858
BIOMD0000000905,M,0.9854309515896604,0.9638627416261634,1.0,1000,0,0.9657634814330291,0.9678172908310747,0.9723803440822262,0.9748767031978198,0.9774951442456071,0.9885028036633077,0.9965152748260411,0.9973091996544046,0.9984549999821952,0.9997104527181603
BIOMD0000000905,T,0.9999891508792962,0.9999647093629479,1.0,1000,0,0.9999795352609607,0.999980372153419,0.9999823127933165,0.9999834444431355,0.9999846923580098,0.9999890035382426,0.9999966260926487,0.9999986428371774,0.99999920185277,0.9999993652050002
BIOMD0000000905,U,0.996577149452988,0.9450533859517981,1.0,1000,0,0.9932580166746003,0.9937458031130346,0.9947545084910235,0.9952926127711338,0.9958426052278687,0.998026278075659,0.9996820711163618,0.9999117464705775,0.9999504710673333,0.999989684638532
BIOMD0000000906,model,0.8880060011686894,0.816008614825666,0.9493753459326788,3,0,0.8242711576178717,0.8325337004100776,0.849058785994489,0.8573213287866948,0.8655838715789006,0.8986340427477236,0.9290788246586967,0.9392270852956878,0.9443012156141832,0.9483605198689797
BIOMD0000000906,P,0.953716991625698,0.8545319742243767,1.0,1000,0,0.8667109455176844,0.8986340427477236,0.9149150294156438,0.9244196718638025,0.9351520372152715,0.9641989505843211,0.9913756520809494,0.9958100997548732,0.9978775744620529,0.9995581989098208
BIOMD0000000906,I,0.9244321716201389,0.49284623265881555,1.0,1000,0,0.6870556716535517,0.816008614825666,0.8790329253653368,0.8901406157455999,0.9067765933224741,0.9746130411147416,0.9900351097811277,0.9944228824713549,0.9970966803990895,0.9994356054525646
BIOMD0000000906,M,0.972585304438484,0.9007529242992054,1.0,1000,0,0.9447233918127149,0.9493753459326788,0.9623822042839241,0.9633636291074862,0.9650012828353927,0.9750962980534394,0.9885607727379495,0.993609087204829,0.9961106371967688,0.9988780194910727
BIOMD0000000907,model,0.47980121703138906,0.0,1.0,14,11,0.0,0.0,0.0,0.0,0.0,0.4510249172802664,0.9997504068356882,0.9999999999999999,1.0,1.0
BIOMD0000000907,X1_0,1.0,1.0,1.0,1000,0,1.0,1.0,1.0,1.0,1.0,1.0,1.0,1.0,1.0,1.0
BIOMD0000000907,X1_1,,,,0,1000,,,,,,,,,,
BIOMD0000000907,X2_0,0.9998260733736054,0.999496783270681,1.0,1000,0,0.9995411325694192,0.9995840113928137,0.9996650392877805,0.9997030267756446,0.9997392194625997,0.9998642824161506,0.9999824862671058,0.9999978518086354,0.9999987617146463,0.9999998869354476
BIOMD0000000907,X2_1,,,,0,1000,,,,,,,,,,
BIOMD0000000907,X2_2,,,,0,1000,,,,,,,,,,
BIOMD0000000907,X4_0,1.0,1.0,1.0,1000,0,1.0,1.0,1.0,1.0,1.0,1.0,1.0,1.0,1.0,1.0
BIOMD0000000907,X4_1,,,,0,1000,,,,,,,,,,
BIOMD0000000907,X5_0,0.9999999999999999,0.9999999999999998,0.9999999999999998,1000,0,0.9999999999999998,0.9999999999999998,0.9999999999999998,0.9999999999999998,0.9999999999999998,0.9999999999999998,0.9999999999999998,0.9999999999999998,0.9999999999999998,0.9999999999999998
BIOMD0000000907,X5_1,,,,0,1000,,,,,,,,,,
BIOMD0000000907,X8_0,0.03283897530069297,0.0,0.7523608901891048,976,24,0.0,0.0,0.0,0.0,0.0,0.0,0.0,0.0,0.3194421630859313,0.6652293399610975
BIOMD0000000907,X8_1,0.23232122627369955,0.0,1.0,989,11,0.0,0.0,0.0,0.0,0.0,0.0,0.8328644782426301,0.8891771247415167,0.9400149578027941,0.9877327151796942
BIOMD0000000907,X8_2,0.0,0.0,0.0,674,326,0.0,0.0,0.0,0.0,0.0,0.0,0.0,0.0,0.0,0.0
BIOMD0000000907,X8_3,,,,0,1000,,,,,,,,,,
BIOMD0000000907,X9_0,0.6455674746145255,0.16655252317108515,1.0,1000,0,0.21611883267596144,0.2661279003403069,0.3671406715946368,0.41795837146126436,0.46883800367279616,0.669768253383055,0.9263913046401505,0.978790549392253,0.9939868204535356,0.9996910696355085
BIOMD0000000907,X9_2,0.05248159150227991,0.0,1.0,1000,0,0.0,0.0,0.0,0.0,0.0,0.0,0.0,0.0,0.538458647933985,0.9515076831079708
BIOMD0000000907,X10_0,0.2900604026608178,0.2615645543445112,0.3835753790998092,596,404,0.26168072926920005,0.2620159373520527,0.26335471804533306,0.2643603341723565,0.26558814887007387,0.27275195004017627,0.3199335156770121,0.34799481312941827,0.36476781704818906,0.3796428332748339
BIOMD0000000907,X10_1,0.8321217265076671,0.561787921420285,1.0,1000,0,0.5999065628460709,0.6359219342202258,0.7019440955453081,0.7321013415979825,0.7604552776581177,0.8572533470283987,0.9588668978690816,0.9821434760068672,0.9917717400419608,0.9984518746964063
BIOMD0000000907,X10_2,,,,0,1000,,,,,,,,,,
BIOMD0000000907,X10_3,,,,0,1000,,,,,,,,,,
BIOMD0000000907,X11_0,0.9548839506893696,0.8488082195949291,1.0,1000,0,0.8777860099890394,0.9055276722781995,0.9382870477831519,0.939543246384534,0.9416160865963177,0.9565599655315562,0.9895435164844173,0.9944616429981921,0.9969771789869174,0.9993904738206542
BIOMD0000000907,X11_1,,,,0,1000,,,,,,,,,,
BIOMD0000000907,X11_2,,,,0,1000,,,,,,,,,,
BIOMD0000000907,X11_3,,,,0,1000,,,,,,,,,,
BIOMD0000000907,X12_0,0.8457352235645629,0.3758998314177169,1.0,1000,0,0.5187726689675879,0.6480395828558487,0.8174877151091007,0.8200490343679738,0.8248697459896601,0.8635834651207379,0.9535919804851231,0.9823669042762764,0.9939306994831255,0.9996363710044865
BIOMD0000000907,X12_1,0.4086012225249926,0.0,1.0,1000,0,0.0,0.0,0.12132226435444837,0.13722890638584515,0.16185096417597905,0.3379093587099123,0.7516568597577727,0.8969151454078027,0.9618436708153397,0.996947546374996
BIOMD0000000908,model,0.16666666666666666,0.0,1.0,6,1,0.0,0.0,0.0,0.0,0.0,0.0,0.0,0.5,0.75,0.9500000000000002
BIOMD0000000908,T,0.003494665499462222,0.0,1.0,1000,0,0.0,0.0,0.0,0.0,0.0,0.0,0.0,0.0,0.0,0.0
BIOMD0000000908,N,0.08367495645625257,0.0,1.0,1000,0,0.0,0.0,0.0,0.0,0.0,0.0,0.0,0.31995129662693855,0.8795049145247303,0.9949383778312172
BIOMD0000000908,L,0.009831847336034875,0.0,1.0,1000,0,0.0,0.0,0.0,0.0,0.0,0.0,0.0,0.0,0.0,0.47238822909350947
BIOMD0000000908,R,0.03512025058161659,0.0,1.0,1000,0,0.0,0.0,0.0,0.0,0.0,0.0,0.0,0.0,0.006460846430662311,0.9668818734871917
BIOMD0000000908,C,1.0,1.0,1.0,1000,0,1.0,1.0,1.0,1.0,1.0,1.0,1.0,1.0,1.0,1.0
BIOMD0000000908,I,0.001,0.0,1.0,1000,0,0.0,0.0,0.0,0.0,0.0,0.0,0.0,0.0,0.0,0.0
BIOMD0000000908,S,,,,0,1000,,,,,,,,,,
BIOMD0000000909,model,0.9598957274427171,0.9572909357558821,0.9620486943262655,3,1,0.9575965974048942,0.9579022590539065,0.9585135823519307,0.9588192440009429,0.9591249056499551,0.9603475522460038,0.9613682374941608,0.9617084659102132,0.9618785801182393,0.9620146714846602
BIOMD0000000909,N,0.9802346600000635,0.9584265343472314,1.0,1000,0,0.9589148878893915,0.9603475522460038,0.9656898777640602,0.9694280806459011,0.9736982836255523,0.9814714623495278,0.9927514886738628,0.9967368579553084,0.9986652694312889,0.9997313113278559
BIOMD0000000909,T,0.979301482733231,0.9590050769627909,1.0,1000,0,0.9615912483859749,0.9620486943262655,0.9647049987354466,0.9666834325015411,0.9690167799221959,0.9809849055737416,0.9924087653074986,0.996533555730586,0.9984686201198615,0.9996784369653451
BIOMD0000000909,I,0.9772274350941739,0.9550796859613111,1.0,1000,0,0.9556446054979697,0.9572909357558821,0.9634791954219393,0.9677441628469702,0.9700297438493936,0.9772103521340461,0.9905790867930995,0.9954974826718952,0.997750558391232,0.9995689794814362
BIOMD0000000909,u,,,,0,1000,,,,,,,,,,
BIOMD0000000910,model,0.1822294562015303,0.0,0.5466883686045909,3,0,0.0,0.0,0.0,0.0,0.0,0.0,0.3280130211627546,0.43735069488367273,0.49201953174413177,0.5357546012324991
BIOMD0000000910,L,0.14397081738182727,0.0,1.0,1000,0,0.0,0.0,0.0,0.0,0.0,0.0,0.24028919145857447,0.6524147781058008,0.7870106313840503,0.900310882974697
BIOMD0000000910,T,0.05732000975070288,0.0,1.0,1000,0,0.0,0.0,0.0,0.0,0.0,0.0,0.0,0.23411941072498438,0.5079993300505473,0.8153259280665823
BIOMD0000000910,I2,0.7566172713644039,0.4718427747495294,1.0,1000,0,0.5047962543213117,0.5466883686045909,0.5850319628254015,0.6152040803771294,0.6487266981207104,0.7425710742368059,0.9351934119110482,0.9587643504753015,0.9758105918494379,0.9976228186108125
BIOMD0000000911,model,0.9622079764845246,0.9356636429869634,0.9909484690122242,3,0,0.9380984604337057,0.9405332778804479,0.9454029127739325,0.9478377302206749,0.9502725476674171,0.9600118174543862,0.978573808389089,0.9847611387006566,0.9878548038564404,0.9903297359810674
BIOMD0000000911,M,0.9956118205886408,0.9331531713435636,1.0,1000,0,0.9902140111394829,0.9909484690122242,0.992714556596579,0.9935876474720444,0.9946260043023,0.9964700983511785,0.9980629564754038,0.9989820738145696,0.9994895375726806,0.9998848251128081
BIOMD0000000911,N,0.98124307224176,0.9473174455872764,1.0,1000,0,0.9585433780012108,0.9600118174543862,0.9659825224155209,0.9705696483194227,0.9753741973493195,0.9861241582503724,0.9922121969125909,0.9958761786641271,0.9979833008837046,0.999614290222885
BIOMD0000000911,Z,0.9714633212141149,0.9272845637311852,1.0,1000,0,0.9295194463589284,0.9356636429869634,0.9561928022716797,0.9681540878320798,0.9692514088945975,0.9738780579442198,0.9892364849202748,0.9945102055277749,0.9971760731506141,0.9994277504664001
BIOMD0000000912,model,0.0,0.0,0.0,3,0,0.0,0.0,0.0,0.0,0.0,0.0,0.0,0.0,0.0,0.0
BIOMD0000000912,T,0.025229258056425955,0.0,1.0,716,284,0.0,0.0,0.0,0.0,0.0,0.0,0.007381237488880865,0.0436538571616667,0.0803808268601951,0.7137441196382744
BIOMD0000000912,E,0.24667921317133737,0.0,1.0,1000,0,0.0,0.0,0.0,0.015018686669775683,0.03145618957722185,0.0704601722163179,0.5772601610630187,0.8250455965836452,0.9266820623650657,0.9826968278849859
BIOMD0000000912,I,0.04467326097742078,0.0,1.0,719,281,0.0,0.0,0.0,0.0,0.0,0.0,0.05345462355002281,0.07080327158598133,0.21752031948993078,0.8308399182811096
BIOMD0000000913,model,0.3085066954309431,0.0,0.9999613639965803,5,1,0.01866535463671024,0.03733070927342048,0.07466141854684095,0.09332677318355119,0.11309274421980814,0.19215662836483596,0.4056632420871147,0.7028123030418476,0.8513868335192137,0.970246457901107
BIOMD0000000913,T,0.38353882619967217,0.2543297103019051,1.0,1000,0,0.25502016472170985,0.25708871160974817,0.2651073400529078,0.27088865122616,0.2777407512663235,0.31360609380611965,0.46315398799573804,0.676676684551801,0.8240567199135963,0.962658770756993
BIOMD0000000913,L,0.3669571573495632,0.07085852986703989,0.9999999999999999,1000,0,0.08132276921655282,0.09332677318355119,0.1228825031156933,0.14098153728701318,0.16172331031660064,0.27940311185985234,0.6239689645229182,0.8063599337752307,0.9090353883009272,0.9747830274449152
BIOMD0000000913,N,0.019923574212705717,0.0,1.0,1000,0,0.0,0.0,0.0,0.0,0.0,0.0,0.0,0.0,0.0,0.7535199153275222
BIOMD0000000913,C,0.9999795577270616,0.9999567342958231,1.0,1000,0,0.9999590451280732,0.9999613639965803,0.99996602211172,0.9999683586591184,0.9999706976814301,0.999980015361411,0.9999931480959319,0.9999968795293508,0.9999985196315223,0.9999997117792128
BIOMD0000000913,I,0.5221397538500041,0.14591274502608376,1.0,1000,0,0.16745176360227337,0.19215662836483596,0.2529666720175164,0.2901918865512274,0.33283930041803084,0.49425589752218496,0.7895769889656317,0.8996628651603427,0.9515956115360136,0.9912872499354604
BIOMD0000000913,M,,,,0,1000,,,,,,,,,,
BIOMD0000000914,model,0.9946758703609863,0.986806671365185,0.999899023749831,5,0,0.9868251695734059,0.9868436677816269,0.9868806641980687,0.9868991624062897,0.9894951748961024,0.999879224855353,0.9998960202925844,0.9998975220212077,0.9998982728855194,0.9998988735769686
BIOMD0000000914,VAC,0.9999342037139307,0.9998651469888501,0.9999999999999999,508,492,0.9998722006796787,0.999879224855353,0.9998932870405767,0.9999003613937826,0.9999073796156203,0.9999358095609172,0.9999744923050665,0.9999872343772365,0.9999936172592709,0.9999987234215018
BIOMD0000000914,TRAN,0.9999080952659373,0.9998978260379935,0.9999215106380874,711,289,0.9998984082173393,0.999899023749831,0.9999003807353042,0.9999011388534629,0.9999019668296323,0.9999063395767259,0.9999169028320748,0.9999190804873432,0.9999202844212016,0.9999212539576904
BIOMD0000000914,SVAC,0.9999077587844274,0.9998930638072061,0.9999226183508271,875,125,0.999894135414038,0.9998952694282728,0.9998977681703378,0.9998991427059669,0.9999006175886329,0.9999077311272005,0.9999176534840176,0.9999195158891339,0.9999213518461558,0.9999225501783238
BIOMD0000000914,Ts,0.9940716108380139,0.9374220689540199,1.0,1000,0,0.9597664541068215,0.9868991624062897,0.9942462527523798,0.9963952220362133,0.9970145214952365,0.9979892079568333,0.9997607199112845,0.999946374409056,0.9999854749764384,0.9999965747957897
BIOMD0000000914,REG,0.9948036425422744,0.9398736020576699,0.9999999885467764,997,3,0.9674745410941237,0.986806671365185,0.9969700148212317,0.9973418995000423,0.9979639464803398,0.9984321353337439,0.9992959239956446,0.999506046529879,0.999573105216714,0.9999157518783321
BIOMD0000000915,model,0.9999909987435939,0.9999909987435939,0.9999909987435939,1,8,0.9999909987435939,0.9999909987435939,0.9999909987435939,0.9999909987435939,0.9999909987435939,0.9999909987435939,0.9999909987435939,0.9999909987435939,0.9999909987435939,0.9999909987435939
BIOMD0000000915,p_0,0.9999949994825408,0.9999899984489964,0.9999999999999999,1000,0,0.9999904986001694,0.9999909987435939,0.999991999007197,0.9999924991273759,0.9999929992398061,0.9999949996119633,0.999997999937703,0.9999989999843174,0.9999994999960308,0.9999998999998209
BIOMD0000000915,p_1,,,,0,1000,,,,,,,,,,
BIOMD0000000915,p_2,,,,0,1000,,,,,,,,,,
BIOMD0000000915,p_3,,,,0,1000,,,,,,,,,,
BIOMD0000000915,p_4,,,,0,1000,,,,,,,,,,
BIOMD0000000915,p_5,,,,0,1000,,,,,,,,,,
BIOMD0000000915,p_6,,,,0,1000,,,,,,,,,,
BIOMD0000000915,p_7,,,,0,1000,,,,,,,,,,
BIOMD0000000915,p_8,,,,0,1000,,,,,,,,,,
BIOMD0000000916,model,0.9979847573781593,0.9908077979098605,0.9999905808972414,5,0,0.9924819387381073,0.9941560795663542,0.9975043612228479,0.9991785020510947,0.9993349609849028,0.9999607967201353,0.9999870036294195,0.9999887922633304,0.9999896865802859,0.9999904020338503
BIOMD0000000916,The_FOD_in_the_circulation__X1,0.99680079381488,0.9867121443823581,1.0,58,942,0.9889202146345659,0.9908077979098605,0.9937819420326567,0.9949375997112719,0.9959116881352699,0.9984411479777636,0.9998353932667118,0.9999647928924876,0.9999923478907774,0.9999996749531671
BIOMD0000000916,The_FOD_in_the_metabolizing_tissues__X4,0.9995149943224119,0.9991648707806073,0.9999975276366114,490,510,0.9991682536315504,0.9991785020510947,0.9992197741674982,0.9992497183274286,0.9992866709960461,0.9994930301587558,0.9997867024889238,0.999886611556914,0.9999416433989582,0.9999869486367117
BIOMD0000000916,The_cumulative_FOD_excreted_in_the_non_urinary_pool__X3,0.9999953829205876,0.9999182539827008,0.99999997883859,942,58,0.999971681749351,0.9999905808972414,0.999997730068947,0.9999978317917866,0.9999979961856417,0.9999987904205914,0.9999995481189105,0.9999996772334994,0.9999997266706269,0.9999997607105606
BIOMD0000000916,The_FOD_in_the_gallbladder___intestinal_lumen__X5,0.999973624093616,0.9998104357101224,0.9999999814757258,627,373,0.9999354005662824,0.9999607967201353,0.9999663607433948,0.9999676013554339,0.9999693061199223,0.9999776831034313,0.9999911654545717,0.9999956951380625,0.9999978711741695,0.9999995670454145
BIOMD0000000916,The_cumulative_FOD_excreted_in_the_urine__X2,0.9999900959894361,0.9997869783651547,0.9999999995847157,994,6,0.99996343499058,0.999986109312464,0.9999900635672574,0.9999924750328808,0.9999945097821861,0.9999983242912339,0.9999990281288144,0.9999994759483408,0.9999997309392112,0.9999999448572191
BIOMD0000000917,model,0.24507510096306126,0.0,0.7352253028891838,3,0,0.0,0.0,0.0,0.0,0.0,0.0,0.4411351817335103,0.588180242311347,0.6617027726002653,0.7205207968314
BIOMD0000000917,Monoaminergic__MA__voltage,0.1361651924913659,0.0,1.0,999,1,0.0,0.0,0.0,0.0,0.0,0.0,0.3806857755662542,0.5641784440784248,0.748393428481875,0.9380274744152354
BIOMD0000000917,Ventrolateral_preopticarea__VLPO__voltage,0.48947857277018386,0.0,1.0,1000,0,0.0,0.0,0.0,0.11639254730209139,0.3343025659080486,0.524112641274618,0.8279170832873549,0.926098331536212,0.9618065437167445,0.9836998935454793
BIOMD0000000917,Somnogen_level_H,0.8822396405472458,0.6634274618798331,1.0,1000,0,0.702869475240698,0.7352253028891838,0.8023159233315528,0.8324736737301761,0.858373065864589,0.9018763642984843,0.9627153998840314,0.984155337155063,0.9935990941141126,0.9985710579141348
BIOMD0000000918,model,0.13166826557458342,0.0,0.9216778590220839,7,1,0.0,0.0,0.0,0.0,0.0,0.0,0.0,0.36867114360883385,0.6451745013154581,0.8663771874807584
BIOMD0000000918,Myc,,,,0,1000,,,,,,,,,,
BIOMD0000000918,E2F,0.0,0.0,0.0,547,453,0.0,0.0,0.0,0.0,0.0,0.0,0.0,0.0,0.0,0.0
BIOMD0000000918,CycD,0.2830631316740268,0.0,0.9982380629284489,604,396,0.0,0.0,0.0,0.0,0.0,0.0,0.7312773634360881,0.8008198909206984,0.8253326341240954,0.9185887419984176
BIOMD0000000918,CycE,0.0,0.0,0.0,539,461,0.0,0.0,0.0,0.0,0.0,0.0,0.0,0.0,0.0,0.0
BIOMD0000000918,Rb,0.39199908577729214,0.0,1.0,530,470,0.0,0.0,0.0,0.0,0.0,0.0,0.9853096995873293,0.9901413748823932,0.9947812247071299,0.9993667706258571
BIOMD0000000918,Phosphorylated_Rb,0.16537744870757667,0.0,0.9989730913594241,997,3,0.0,0.0,0.0,0.0,0.0,0.0,0.3795817178862278,0.8315319359134743,0.9262300545674356,0.9848000034721494
BIOMD0000000918,Rb_E2F_complex,0.9535384876939941,0.9196978026148486,0.9999945727439429,999,1,0.9201934902286044,0.9216778590220839,0.9276560545241301,0.9322266034094859,0.9380233185439,0.9490668604576569,0.9806090575383035,0.9913840287366399,0.9954312501705922,0.9991207316604214
BIOMD0000000918,serum,0.3276827246771851,0.0,1.0,500,500,0.0,0.0,0.0,0.0,0.0,0.09722792031547867,0.7945458801737854,0.9096780674410574,0.9541477666483265,0.9703210370616312
BIOMD0000000920,model,0.9623691593122263,0.9327169078055801,0.9970553017281281,4,0,0.9361829329899152,0.9396489581742502,0.9465810085429203,0.9500470337272553,0.9535130589115903,0.9598522138575987,0.9771505318996815,0.9871029168139047,0.9920791092710164,0.9960600632367057
BIOMD0000000920,anti_inflammatory__A,0.9817749442011167,0.9603493181644072,1.0,1000,0,0.9624533933953011,0.9638806853473837,0.968326110949946,0.9710825966314629,0.9740015385785333,0.982477179317966,0.994197178032984,0.9971275072560805,0.9985002654582488,0.9996941003592819
BIOMD0000000920,inflammation__I,0.9624891346528227,0.32798981192435217,1.0,1000,0,0.7703372803461025,0.9327169078055801,0.9779983570224883,0.9822765704303812,0.9839292678476355,0.988432851570274,0.9942790803963292,0.9954715687651124,0.9977060725956095,0.9995564937069934
BIOMD0000000920,bacterial_infection__B,0.9739270433479419,0.7873482829488707,1.0,1000,0,0.9481165335036481,0.9558237423678136,0.9675154040398991,0.9690349126842327,0.970609479086695,0.9782122385099983,0.9911137242881165,0.9955626285418744,0.9978141705136089,0.9995700303653147
BIOMD0000000920,pro_inflammatory__P,0.9986281978552765,0.9959131064873166,0.9999999999999999,1000,0,0.9969630757198964,0.9970553017281281,0.9973718844841453,0.997607559273477,0.9978653592626603,0.9989050312693111,0.999705205067547,0.9998606038113766,0.9999337068940696,0.9999874955954601
BIOMD0000000921,model,0.5988253165099445,0.0,0.9987083063063215,5,0,0.0,0.0,0.0,0.0,0.199532019642625,0.9976600982131253,0.997948203685485,0.9983282549959033,0.9985182806511124,0.9986703011752797
BIOMD0000000921,G,0.9988588968933797,0.9974552913557407,1.0,1000,0,0.9976125564035627,0.9977581780302759,0.9980296177420002,0.9981620189138644,0.9982957888601088,0.9988725604669948,0.9997353966592063,0.9999087402029725,0.9999633040510865,0.9999977680574709
BIOMD0000000921,M,0.001,0.0,1.0,1000,0,0.0,0.0,0.0,0.0,0.0,0.0,0.0,0.0,0.0,0.0
BIOMD0000000921,C_T,0.49390805867277393,0.0,1.0,1000,0,0.0,0.0,0.0,0.0,0.08826978352655888,0.5870453313577679,0.8915879128182069,0.9492358857158372,0.9751191663752014,0.9950746744730005
BIOMD0000000921,T_beta,0.9988392568294729,0.9701048434577668,1.0,1000,0,0.9987059295317298,0.9987083063063215,0.9987229439986478,0.9987352242722145,0.9987501901607909,0.9988460259672379,0.9992392933939841,0.9993284277691229,0.9993523111704304,0.9993595092189719
BIOMD0000000921,I_gamma,0.999300866766906,0.9956677444919287,1.0,1000,0,0.9968154171829593,0.9976600982131253,0.9987391635262154,0.9990755059596488,0.9993226572566893,0.9998067230323854,0.9999728380737906,0.9999895729915582,0.9999954042110771,0.9999991626329944
BIOMD0000000923,model,0.0,0.0,0.0,4,0,0.0,0.0,0.0,0.0,0.0,0.0,0.0,0.0,0.0,0.0
BIOMD0000000923,Bone_Density__z,0.11124383682689525,0.0,1.0,1000,0,0.0,0.0,0.0,0.0,0.0,0.0,0.14744745997190006,0.509920196459667,0.7682296692005499,0.9643508077075371
BIOMD0000000923,Osteoblasts__O_b,0.018147260857061746,0.0,1.0,1000,0,0.0,0.0,0.0,0.0,0.0,0.0,0.0,0.0,0.0,0.8497542164881381
BIOMD0000000923,Osteoclasts__O_c,0.023750472249381052,0.0,1.0,327,673,0.0,0.0,0.0,0.0,0.0,0.0,0.0,0.0,0.0,0.9056984312305485
BIOMD0000000923,B,0.21403409852615898,0.0,1.0,665,335,0.0,0.0,0.0,0.0,0.0,0.0,0.596370147647133,0.8295219868796104,0.9201827944878886,0.9847226693467311
BIOMD0000000924,model,0.0,0.0,0.0,6,0,0.0,0.0,0.0,0.0,0.0,0.0,0.0,0.0,0.0,0.0
BIOMD0000000924,P,0.001,0.0,1.0,1000,0,0.0,0.0,0.0,0.0,0.0,0.0,0.0,0.0,0.0,0.0
BIOMD0000000924,E_U,0.30504718018089316,0.0,1.0,261,739,0.0,0.0,0.0,0.0,0.0,0.0,0.9028578726058696,0.9509313232412462,0.974806748445413,0.9948271641091474
BIOMD0000000924,E_A,0.062220478052736804,0.0,0.9992291864350725,999,1,0.0,0.0,0.0,0.0,0.0,0.0,0.0,0.14498634859122703,0.5756009412808941,0.8973791555237078
BIOMD0000000924,C,0.0,0.0,0.0,999,1,0.0,0.0,0.0,0.0,0.0,0.0,0.0,0.0,0.0,0.0
BIOMD0000000924,N,0.0,0.0,0.0,999,1,0.0,0.0,0.0,0.0,0.0,0.0,0.0,0.0,0.0,0.0
BIOMD0000000924,D,0.0,0.0,0.0,998,2,0.0,0.0,0.0,0.0,0.0,0.0,0.0,0.0,0.0,0.0
BIOMD0000000925,model,0.15,0.0,1.0,14,0,0.0,0.0,0.0,0.0,0.0,0.0,0.040000000000000036,0.7300000000000009,1.0,1.0
BIOMD0000000925,Fibrinogen,1.0,1.0,1.0,1,999,1.0,1.0,1.0,1.0,1.0,1.0,1.0,1.0,1.0,1.0
BIOMD0000000925,Fibrin,0.00023246048573916895,0.0,0.22392556886276505,999,1,0.0,0.0,0.0,0.0,0.0,0.0,0.0,0.0,0.0,0.0
BIOMD0000000925,PC,0.04628936640932555,0.0,1.0,1000,0,0.0,0.0,0.0,0.0,0.0,0.0,0.0,0.0,0.2810196772204684,0.9911051426817061
BIOMD0000000925,APC,0.0005760487116471116,0.0,0.32052915432006013,999,1,0.0,0.0,0.0,0.0,0.0,0.0,0.0,0.0,0.0,0.0
BIOMD0000000925,APC_inactive,0.006282507835960336,0.0,0.9754592113091429,999,1,0.0,0.0,0.0,0.0,0.0,0.0,0.0,0.0,0.0,0.0385191016688138
BIOMD0000000925,Xa,0.0,0.0,0.0,60,940,0.0,0.0,0.0,0.0,0.0,0.0,0.0,0.0,0.0,0.0
BIOMD0000000925,Va,0.0,0.0,0.0,5,995,0.0,0.0,0.0,0.0,0.0,0.0,0.0,0.0,0.0,0.0
BIOMD0000000925,Va_Xa,0.20303322404239382,0.0,0.9013687474894119,20,980,0.0,0.0,0.0,0.0,0.0,0.0,0.49610921771626854,0.6808296086446622,0.7750401753310577,0.8761030330577408
BIOMD0000000925,IIa,0.0,0.0,0.0,11,989,0.0,0.0,0.0,0.0,0.0,0.0,0.0,0.0,0.0,0.0
BIOMD0000000925,V,1.0,1.0,1.0,1,999,1.0,1.0,1.0,1.0,1.0,1.0,1.0,1.0,1.0,1.0
BIOMD0000000925,II,0.5,0.0,1.0,2,998,0.05,0.1,0.2,0.25,0.3,0.5,0.8,0.9,0.95,0.99
BIOMD0000000925,Xa_ATIII,0.0018900293029909022,0.0,0.9869312074883414,999,1,0.0,0.0,0.0,0.0,0.0,0.0,0.0,0.0,0.0,0.0
BIOMD0000000925,Va_inactive,0.0013419568022263874,0.0,0.651547390633051,999,1,0.0,0.0,0.0,0.0,0.0,0.0,0.0,0.0,0.0,0.0
BIOMD0000000925,IIa_ATIII,0.0026748272998841074,0.0,0.7513358349748438,999,1,0.0,0.0,0.0,0.0,0.0,0.0,0.0,0.0,0.0,0.0
BIOMD0000000926,model,0.0,0.0,0.0,8,0,0.0,0.0,0.0,0.0,0.0,0.0,0.0,0.0,0.0,0.0
BIOMD0000000926,Tumor_Cell_u_1,0.0034303204119064397,0.0,1.0,1000,0,0.0,0.0,0.0,0.0,0.0,0.0,0.0,0.0,0.0,0.0
BIOMD0000000926,TE_immune_Cell_y_1,0.003419603875759036,0.0,0.7572211276843497,999,1,0.0,0.0,0.0,0.0,0.0,0.0,0.0,0.0,0.0,0.0
BIOMD0000000926,CT_immune_Cell_x_1,0.053557890341700665,0.0,1.0,1000,0,0.0,0.0,0.0,0.0,0.0,0.0,0.0,0.0,0.7253722309465336,0.998466380250779
BIOMD0000000926,Tumor_Cell_u_2,0.0,0.0,0.0,249,751,0.0,0.0,0.0,0.0,0.0,0.0,0.0,0.0,0.0,0.0
BIOMD0000000926,CT_immune_Cell_x_2,0.06614479617486077,0.0,1.0,1000,0,0.0,0.0,0.0,0.0,0.0,0.0,0.0,0.0,0.9217182359101763,0.9998824868541635
BIOMD0000000926,TE_immune_Cell_y_2,0.0,0.0,0.0,942,58,0.0,0.0,0.0,0.0,0.0,0.0,0.0,0.0,0.0,0.0
BIOMD0000000926,Necrotic_Cell_v_1,0.0010010553808181368,0.0,0.577805814515775,999,1,0.0,0.0,0.0,0.0,0.0,0.0,0.0,0.0,0.0,0.0
BIOMD0000000926,Necrotic_Cell_v_2,0.0,0.0,0.0,356,644,0.0,0.0,0.0,0.0,0.0,0.0,0.0,0.0,0.0,0.0
BIOMD0000000928,model,0.753115615918869,0.589469175448296,0.87303151841241,4,0,0.6150333727128494,0.6405975699774029,0.6917259645065097,0.7172901617710631,0.7428543590356165,0.7749808849073851,0.8232513749266348,0.8481414466695224,0.8605864825409661,0.8705425112381212
BIOMD0000000928,solution0,0.871611522261893,0.695572876713856,1.0,1000,0,0.7288177697546347,0.7598971572119855,0.789304081106809,0.8032525761580047,0.8222080723083475,0.8840356554944919,0.9484999749417489,0.972720259986094,0.9870053730639808,0.9977276457986167
BIOMD0000000928,solution1,0.9393580986624195,0.7790200682788991,1.0,1000,0,0.8353133891664197,0.87303151841241,0.9040517693130449,0.9111361954810724,0.9198283911972978,0.9498036219929842,0.9835885724374616,0.9926662927422314,0.9965344814764301,0.9992645750080227
BIOMD0000000928,solution2,0.8145378996742004,0.47081949172659854,1.0,1000,0,0.5218660717354958,0.589469175448296,0.6940719125807047,0.7197661137267296,0.7427085182699451,0.8498640232804325,0.9417854792415702,0.9712893780890918,0.9883593916720177,0.9972357409185609
BIOMD0000000928,solution3,0.9022865294391101,0.7273671732577675,1.0,1000,0,0.7530321529365933,0.7900646126027847,0.8368203131848496,0.8482231750487068,0.8619930753480539,0.9164463667579792,0.9718811437662326,0.9865894908954084,0.9950374664217949,0.9991471968771107
BIOMD0000000929,model,0.1260406449338274,0.0,0.630203224669137,5,0,0.0,0.0,0.0,0.0,0.0,0.0,0.12604064493382752,0.37812193480148226,0.5041625797353095,0.6049950956823715
BIOMD0000000929,Pancreatic_cancer_cells__C,0.5214477795237912,0.0,1.0,1000,0,0.0,0.0,0.2957972498626857,0.5396124194216457,0.5424469495142866,0.5702460090698052,0.7440948476578545,0.8295463033388728,0.8579745120802095,0.867509902169519
BIOMD0000000929,Pancreatic_stellate_cells__P,0.7064735106986499,0.05669785978452291,1.0,1000,0,0.6301316698264521,0.630203224669137,0.6305506314977389,0.6309381413296211,0.631613668708162,0.6439502383424904,0.8146205508183526,0.9168548226115448,0.956131225763942,0.9701074610878933
BIOMD0000000929,CD8__T_cells__T,0.21212749436570497,0.0,1.0,1000,0,0.0,0.0,0.0,0.0,0.0,0.0,0.7746563590518789,0.9432905947653328,0.9688669835154846,0.9941552165319639
BIOMD0000000929,NK_cells__N,0.24582472312165934,0.0,1.0,1000,0,0.0,0.0,0.0,0.0,0.0,0.0,0.7083932343717768,0.8704977327309185,0.9195963387591861,0.9716091393704139
BIOMD0000000929,helper_T_cells__H,0.2322754888192894,0.0,1.0,1000,0,0.0,0.0,0.0,0.0,0.0,0.0,0.7197884119751538,0.9730137931238347,0.9884524147805733,0.9982308374695322
BIOMD0000000930,model,0.0,0.0,0.0,4,0,0.0,0.0,0.0,0.0,0.0,0.0,0.0,0.0,0.0,0.0
BIOMD0000000930,Tumor_Cell_Population__T,0.008389990731283124,0.0,1.0,1000,0,0.0,0.0,0.0,0.0,0.0,0.0,0.0,0.0,0.0,0.2706049680029868
BIOMD0000000930,Effector_immune_cell_population__N,0.019124894316303355,0.0,1.0,1000,0,0.0,0.0,0.0,0.0,0.0,0.0,0.0,0.0,0.0,0.7701429839789704
BIOMD0000000930,Circulating_lymphocyte_population__C,0.05229227957523487,0.0,1.0,1000,0,0.0,0.0,0.0,0.0,0.0,0.0,0.0,0.0,0.6052658984188508,0.989097390036444
BIOMD0000000930,Chemotherapeutic_drug_concentration__M,0.034036312254855275,0.0,0.9999999999999999,1000,0,0.0,0.0,0.0,0.0,0.0,0.0,0.0,0.0,0.23565629678522199,0.866044683223183
BIOMD0000000932,model,0.0,0.0,0.0,4,0,0.0,0.0,0.0,0.0,0.0,0.0,0.0,0.0,0.0,0.0
BIOMD0000000932,Gp,0.1875628744490513,0.0,1.0,1000,0,0.0,0.0,0.0,0.0,0.0,0.0,0.46849806652618553,0.6623542654823438,0.8204205485371795,0.9579410191744352
BIOMD0000000932,Gi,0.3365001388038892,0.0,1.0,1000,0,0.0,0.0,0.0,0.0,0.0,0.2657842174121627,0.7200584637698386,0.8595345488251536,0.9233407051578766,0.9882454128458992
BIOMD0000000932,A,0.40577488047471394,0.0,1.0,1000,0,0.0,0.0,0.0,0.0,0.0,0.4334739075078917,0.7988941742827351,0.8979973860882797,0.9490223812043577,0.9904960415964938
BIOMD0000000932,B,0.001,0.0,1.0,1000,0,0.0,0.0,0.0,0.0,0.0,0.0,0.0,0.0,0.0,0.0
BIOMD0000000933,model,0.22089284457379285,0.0,0.6626785337213785,3,0,0.0,0.0,0.0,0.0,0.0,0.0,0.3976071202328272,0.5301428269771029,0.5964106803492406,0.649424963046951
BIOMD0000000933,C,0.8360084247221032,0.5058074833358419,1.0,1000,0,0.615993178601754,0.6626785337213785,0.7738803327924795,0.7880353431910144,0.804313229221547,0.8518983966480275,0.9253521756720086,0.960772719449297,0.9805224786062549,0.9970639389020283
BIOMD0000000933,M,0.5295705073462578,0.0,0.9982791402557941,909,91,0.0,0.0,0.12043644548333698,0.26723820946016585,0.37097762886288466,0.5936932256808333,0.8742041245880391,0.9256257539511081,0.9587448393534599,0.9890853040657086
BIOMD0000000933,X,0.5358572028271024,0.0,0.999924851811767,632,368,0.0,0.0,0.0,0.26893401296685837,0.4065919847385476,0.6023001056361222,0.8550643285938476,0.9251620682145792,0.9693520642742846,0.9956116298408316
BIOMD0000000934,model,0.19120364264872605,0.0,0.8010493018928414,13,0,0.0,0.0,0.0,0.0,0.0,0.0,0.4710567607502011,0.6924182570206118,0.7378966787483563,0.7884187772639443
BIOMD0000000934,Sic1,0.42205685891180966,0.0,1.0,1000,0,0.0,0.0,0.0,0.0,0.0,0.0,0.9833551718425024,0.9991250002247928,0.9995458850572797,0.9999042918325312
BIOMD0000000934,Cdk1_Clb5or6,0.5747892182628555,0.0,0.9999961042820711,952,48,0.0,0.15061700326052613,0.24802842261289215,0.30811777287012865,0.35479247890008986,0.6515054095328578,0.8719086178074366,0.9309632715434824,0.9661321321798718,0.991434288063216
BIOMD0000000934,Cdk1_Clb5or6_Sic1,0.4498674521861785,0.0,0.999973249245589,997,3,0.0,0.0,0.0,0.0,0.0,0.518781066453712,0.9548278372434679,0.9886400694068229,0.9952626840129795,0.9989621648441869
BIOMD0000000934,Clb5or6_degraded,0.853407693943758,0.5615484874067829,0.9996816535428816,966,34,0.59522758945539,0.6789115651615925,0.8019153536910713,0.8164044692929529,0.8192806323990692,0.8756531183136441,0.9341851591373728,0.9755501782531557,0.9868406938029173,0.9969182395282838
BIOMD0000000934,Cdk1_Clb3or4,0.4677804224865886,0.0,0.9994831741219043,791,209,0.0,0.0,0.0,0.17949868149146986,0.19247415536605905,0.46907263807227617,0.8449430301636727,0.9122070566463399,0.9547716250614073,0.9911527654407598
BIOMD0000000934,Cdk1_Clb3or4_Sic1,0.5008200087591779,0.0,0.9998699623503593,986,14,0.0,0.0,0.0,0.0,0.0,0.6501161057511655,0.910270872735699,0.9702992092565497,0.9854889435719394,0.9965753628652217
BIOMD0000000934,Clb3or4_degraded,0.582687122447688,0.0,0.9994771043188633,901,99,0.0,0.0,0.0,0.207277206628242,0.43570816181616623,0.7014364316122814,0.8902758044457051,0.9516826724441881,0.9741578599499933,0.9943160723639181
BIOMD0000000934,Cdk1_Clb1or2,0.5100539519234946,0.0,0.999940675319689,686,314,0.0,0.0,0.22378233387681623,0.24736299991584285,0.28610879664007405,0.5688718676389047,0.8452806408066906,0.9509581661183493,0.9825883432050917,0.9973986538289478
BIOMD0000000934,Cdk1_Clb1or2_Sic1,0.48824268309188396,0.0,0.9999794680229944,935,65,0.0,0.0,0.0,0.046299936276138876,0.09558471278689368,0.5552591879555533,0.9167359351453973,0.9491020576452197,0.9659061189496803,0.990969440183118
BIOMD0000000934,Clb1or2_degraded,0.47718331544652587,0.0,0.9996603245006953,800,200,0.0,0.0,0.0,0.0,0.0,0.5483771345148369,0.8820351314111432,0.9338355670742092,0.9662320924405317,0.9927872057935299
BIOMD0000000934,Sic1_degraded_re14,0.6328026468986524,0.0,0.9993064985195146,821,179,0.0,0.1592745541331122,0.31613350698386233,0.447235325385401,0.5882939116840825,0.745506296117496,0.8455552792429735,0.9189446977776241,0.958615782506328,0.9915352113950974
BIOMD0000000934,Sic1_degraded_re18,0.8439365922327345,0.603865110892285,0.9993338497563506,913,87,0.6290499523411679,0.6957949299853665,0.7617784239273228,0.7728277438909819,0.7873105409439205,0.8618600883758099,0.9431976207181221,0.9665540861956405,0.9833151577573924,0.9966407499148854
BIOMD0000000934,Sic1_degraded_re5,0.9191826548193824,0.7889112702004967,0.9999078972685568,965,35,0.7920419978645885,0.8010493018928414,0.8351119449828579,0.8585101116566398,0.8841780624527725,0.9391594702549513,0.986683326221774,0.9950843033347814,0.9975331670571443,0.9994385829348553
BIOMD0000000935,model,0.8575205036543327,0.8357900314886811,0.8792509758199842,2,0,0.8379630787052463,0.8401361259218114,0.8444822203549418,0.8466552675715069,0.8488283147880721,0.8575205036543327,0.8705587869537236,0.874904881386854,0.877077928603419,0.8788163663766712
BIOMD0000000935,CDK1_active,0.9437232079649738,0.8258610020457551,0.9997594716924939,996,4,0.8637818118405867,0.8792509758199842,0.9172174480145079,0.9354086107152415,0.9389284267637896,0.9546480220315974,0.9700455469350732,0.9744046647362341,0.9871398071693486,0.9971336397858777
BIOMD0000000935,APC_active,0.8917493243491966,0.0,0.999693200056768,883,117,0.6389959412822372,0.8357900314886811,0.8630847021514323,0.8918500921850794,0.9239127278048805,0.9544926744547166,0.9790297649821462,0.9817057741336672,0.9841569510183689,0.9964551008570132
BIOMD0000000936,model,0.8527386883348473,0.8527386883348473,0.8527386883348473,1,0,0.8527386883348473,0.8527386883348473,0.8527386883348473,0.8527386883348473,0.8527386883348473,0.8527386883348473,0.8527386883348473,0.8527386883348473,0.8527386883348473,0.8527386883348473
BIOMD0000000936,CDK1_active,0.933043941847609,0.5699410619862679,0.9999928624843774,995,5,0.7764380897744452,0.8527386883348473,0.8892476234159996,0.912739024460181,0.9360572553742337,0.9617890029639757,0.977665479749846,0.9879489334755415,0.9938977995602503,0.9986677007166173
BIOMD0000000937,model,0.0,0.0,0.0,3,0,0.0,0.0,0.0,0.0,0.0,0.0,0.0,0.0,0.0,0.0
BIOMD0000000937,CDK1_active,0.41539900578510586,0.0,0.9995769031676441,996,4,0.0,0.0,0.0,0.06270347243003002,0.20431421437649233,0.47217139878941594,0.6956212605406412,0.8375556277795817,0.9191197670514116,0.9826560778767554
BIOMD0000000937,APC_active,0.15753219213958727,0.0,0.999308564712253,815,185,0.0,0.0,0.0,0.0,0.0,0.0,0.3272309695755742,0.6312992445144348,0.8125789433707964,0.9504322237444325
BIOMD0000000937,Plk1_active,0.22760519225007197,0.0,0.9997825481914989,883,117,0.0,0.0,0.0,0.0,0.0,0.08769437193635865,0.49267928184968296,0.7385690955099271,0.8617717969196377,0.9680828446144668
BIOMD0000000938,model,0.0,0.0,0.0,3,0,0.0,0.0,0.0,0.0,0.0,0.0,0.0,0.0,0.0,0.0
BIOMD0000000938,Cdk,0.5014586041721488,0.0,1.0,1000,0,0.0,0.0,0.0,0.23451186855134692,0.3508633727533634,0.568457282448178,0.8175215446839988,0.8986835303862855,0.9497858123802753,0.9887650156015882
BIOMD0000000938,Anaphase_promoting_complex_Phosphorylated,0.37863785485742846,0.0,0.9950897392426427,957,43,0.0,0.0,0.0,0.0,0.0,0.37324535602740494,0.70885953669412,0.8312344617493687,0.9092082036464952,0.9793817831229618
BIOMD0000000938,Securin,0.4616288167516954,0.0,1.0,861,139,0.0,0.0,0.0,0.0,0.2900230792103553,0.4902097664693309,0.7930262572051231,0.8998442551421132,0.9487227504334159,0.9902538334698294
BIOMD0000000939,model,0.0425531914893617,0.0,1.0,47,7,0.0,0.0,0.0,0.0,0.0,0.0,0.0,0.0,0.0,1.0
BIOMD0000000939,Cyclin_D,0.0037526201210661947,0.0,0.9999999999999999,1000,0,0.0,0.0,0.0,0.0,0.0,0.0,0.0,0.0,0.0,0.0
BIOMD0000000939,Cdk4,0.04875259766699533,0.0,1.0,1000,0,0.0,0.0,0.0,0.0,0.0,0.0,0.0,0.0,0.5487480379315082,0.9590493371958007
BIOMD0000000939,Cyclin_D_Cdk4,0.020833897341111917,0.0,1.0,1000,0,0.0,0.0,0.0,0.0,0.0,0.0,0.0,0.0,0.0,0.8167278151724298
BIOMD0000000939,Cyclin_E,0.0,0.0,0.0,603,397,0.0,0.0,0.0,0.0,0.0,0.0,0.0,0.0,0.0,0.0
BIOMD0000000939,E2F,0.0,0.0,0.0,570,430,0.0,0.0,0.0,0.0,0.0,0.0,0.0,0.0,0.0,0.0
BIOMD0000000939,Cdk2,0.00806697123915096,0.0,1.0,1000,0,0.0,0.0,0.0,0.0,0.0,0.0,0.0,0.0,0.0,0.0020098165761035297
BIOMD0000000939,Cyclin_E_Cdk2_inactive_phosphorylated,0.0,0.0,0.0,593,407,0.0,0.0,0.0,0.0,0.0,0.0,0.0,0.0,0.0,0.0
BIOMD0000000939,Cyclin_A,0.0,0.0,0.0,533,467,0.0,0.0,0.0,0.0,0.0,0.0,0.0,0.0,0.0,0.0
BIOMD0000000939,B_Myb_active,0.0,0.0,0.0,598,402,0.0,0.0,0.0,0.0,0.0,0.0,0.0,0.0,0.0,0.0
BIOMD0000000939,Cyclin_A_Cdk2_inactive,0.0,0.0,0.0,494,506,0.0,0.0,0.0,0.0,0.0,0.0,0.0,0.0,0.0,0.0
BIOMD0000000939,Cyclin_A_Cdk2_active,0.0,0.0,0.0,507,493,0.0,0.0,0.0,0.0,0.0,0.0,0.0,0.0,0.0,0.0
BIOMD0000000939,APC_Ccdc20_active,0.004246849103842827,0.0,1.0,372,628,0.0,0.0,0.0,0.0,0.0,0.0,0.0,0.0,0.0,0.0
BIOMD0000000939,APC_Ccdh1_active,0.0174307961428819,0.0,1.0,1000,0,0.0,0.0,0.0,0.0,0.0,0.0,0.0,0.0,0.0,0.8884003497441478
BIOMD0000000939,Cyclin_E_Cdk2_active_unphosphorylated,0.0,0.0,0.0,669,331,0.0,0.0,0.0,0.0,0.0,0.0,0.0,0.0,0.0,0.0
BIOMD0000000939,p21,0.0,0.0,0.0,504,496,0.0,0.0,0.0,0.0,0.0,0.0,0.0,0.0,0.0,0.0
BIOMD0000000939,p21_CyclinD_Cdk4,,,,0,1000,,,,,,,,,,
BIOMD0000000939,p27,0.007425246561540535,0.0,1.0,800,200,0.0,0.0,0.0,0.0,0.0,0.0,0.0,0.0,0.0,0.000880721557161815
BIOMD0000000939,p27_CyclinD_Cdk4,0.01362008307448605,0.0,0.884357916997724,999,1,0.0,0.0,0.0,0.0,0.0,0.0,0.0,0.0,0.0,0.5929418893822765
BIOMD0000000939,Cdc25A_active,0.0,0.0,0.0,751,249,0.0,0.0,0.0,0.0,0.0,0.0,0.0,0.0,0.0,0.0
BIOMD0000000939,p27_CyclinE_Cdk2,0.003828531662972792,0.0,1.0,1000,0,0.0,0.0,0.0,0.0,0.0,0.0,0.0,0.0,0.0,0.0
BIOMD0000000939,p21_CyclinE_Cdk2,0.0,0.0,0.0,627,373,0.0,0.0,0.0,0.0,0.0,0.0,0.0,0.0,0.0,0.0
BIOMD0000000939,p27_CyclinA_Cdk2,0.0,0.0,0.0,401,599,0.0,0.0,0.0,0.0,0.0,0.0,0.0,0.0,0.0,0.0
BIOMD0000000939,p21_CyclinA_Cdk2,0.0,0.0,0.0,368,632,0.0,0.0,0.0,0.0,0.0,0.0,0.0,0.0,0.0,0.0
BIOMD0000000939,p53,0.01211981209841951,0.0,0.9999999999999999,1000,0,0.0,0.0,0.0,0.0,0.0,0.0,0.0,0.0,0.0,0.5394338385080297
BIOMD0000000939,p16,0.011363858443443753,0.0,0.9733422143584106,999,1,0.0,0.0,0.0,0.0,0.0,0.0,0.0,0.0,0.0,0.5401975262666907
BIOMD0000000939,Rb,0.03608063134087054,0.0,1.0,1000,0,0.0,0.0,0.0,0.0,0.0,0.0,0.0,0.0,0.08738353216037598,0.8676260544281528
BIOMD0000000939,Rb_E2F,0.21646733083374373,0.0,1.0,51,949,0.0,0.0,0.0,0.0,0.0,0.0,0.6755383708188694,0.9592537860451051,0.9762872548436168,0.9985646781043132
BIOMD0000000939,Rb_PP_E2F,0.0057149635565048856,0.0,0.7133943058335936,383,617,0.0,0.0,0.0,0.0,0.0,0.0,0.0,0.0,0.0,0.12152396768467008
BIOMD0000000939,Rb_PPP,0.0,0.0,0.0,999,1,0.0,0.0,0.0,0.0,0.0,0.0,0.0,0.0,0.0,0.0
BIOMD0000000939,ATM_ATR,,,,0,1000,,,,,,,,,,
BIOMD0000000939,Mdm2,0.014637877064995228,0.0,0.9927629879656833,998,2,0.0,0.0,0.0,0.0,0.0,0.0,0.0,0.0,0.0,0.6945814958081893
BIOMD0000000939,Intermediate,,,,0,1000,,,,,,,,,,
BIOMD0000000939,NF_Y,0.0,0.0,0.0,469,531,0.0,0.0,0.0,0.0,0.0,0.0,0.0,0.0,0.0,0.0
BIOMD0000000939,Cdc25A_inactive,0.0,0.0,0.0,975,25,0.0,0.0,0.0,0.0,0.0,0.0,0.0,0.0,0.0,0.0
BIOMD0000000939,Chk1_active,,,,0,1000,,,,,,,,,,
BIOMD0000000939,Chk1_inactive,0.06012407922835342,0.0,0.9999999999999999,1000,0,0.0,0.0,0.0,0.0,0.0,0.0,0.0,0.0,0.9129551955665834,0.9410351154790098
BIOMD0000000939,Cyclin_B,0.0,0.0,0.0,431,569,0.0,0.0,0.0,0.0,0.0,0.0,0.0,0.0,0.0,0.0
BIOMD0000000939,Cdk1,0.029971189057162298,0.0,1.0,1000,0,0.0,0.0,0.0,0.0,0.0,0.0,0.0,0.0,0.0,0.9316216824591911
BIOMD0000000939,Cyclin_B_Cdk1_inactive_unphosphorylated_cytoplasm,0.0,0.0,0.0,428,572,0.0,0.0,0.0,0.0,0.0,0.0,0.0,0.0,0.0,0.0
BIOMD0000000939,Cyclin_B_Cdk1_active_phosphorylated_cytoplasm,0.0,0.0,0.0,308,692,0.0,0.0,0.0,0.0,0.0,0.0,0.0,0.0,0.0,0.0
BIOMD0000000939,Cdc25C_active,0.0,0.0,0.0,306,694,0.0,0.0,0.0,0.0,0.0,0.0,0.0,0.0,0.0,0.0
BIOMD0000000939,_14_3_3_sigma,0.0020674848111502655,0.0,1.0,1000,0,0.0,0.0,0.0,0.0,0.0,0.0,0.0,0.0,0.0,0.0
BIOMD0000000939,Cdc25C_Ps216_phosphorylated_active,,,,0,1000,,,,,,,,,,
BIOMD0000000939,Wee1,0.0,0.0,0.0,949,51,0.0,0.0,0.0,0.0,0.0,0.0,0.0,0.0,0.0,0.0
BIOMD0000000939,Wee1_phosphorylated,,,,0,1000,,,,,,,,,,
BIOMD0000000939,Cyclin_B_Cdk1_nuclear,0.0,0.0,0.0,183,817,0.0,0.0,0.0,0.0,0.0,0.0,0.0,0.0,0.0,0.0
BIOMD0000000939,p21_CyclinB_Cdk1,0.0,0.0,0.0,245,755,0.0,0.0,0.0,0.0,0.0,0.0,0.0,0.0,0.0,0.0
BIOMD0000000939,B_Myb_inactive,0.0,0.0,0.0,581,419,0.0,0.0,0.0,0.0,0.0,0.0,0.0,0.0,0.0,0.0
BIOMD0000000939,Cdc25C_inactive,0.0,0.0,0.0,531,469,0.0,0.0,0.0,0.0,0.0,0.0,0.0,0.0,0.0,0.0
BIOMD0000000939,Cdc25C_Ps216_phosphorylated_inactive,1.0,1.0,1.0,1,999,1.0,1.0,1.0,1.0,1.0,1.0,1.0,1.0,1.0,1.0
BIOMD0000000939,_14_3_3_sigma_iCdc25C_PS216_phosphorylated,1.0,1.0,1.0,1,999,1.0,1.0,1.0,1.0,1.0,1.0,1.0,1.0,1.0,1.0
BIOMD0000000939,APC_Ccdc20_inactive,0.008930019658737454,0.0,1.0,1000,0,0.0,0.0,0.0,0.0,0.0,0.0,0.0,0.0,0.0,0.4206881604002255
BIOMD0000000939,APC_Ccdh1_inactive,0.012753913635077723,0.0,0.9999999999999999,577,423,0.0,0.0,0.0,0.0,0.0,0.0,0.0,0.0,0.0,0.8698299107181274
BIOMD0000000939,Cyclin_B_Cdk1_nuclear_inactive,,,,0,1000,,,,,,,,,,
BIOMD0000000940,model,0.1052186714330261,0.0,0.6291972163425392,20,0,0.0,0.0,0.0,0.0,0.0,0.0,0.1819536712106685,0.44935786831848473,0.4719193599810786,0.5977416450702469
BIOMD0000000940,PKN1,0.47730321042588286,0.0,0.9998764543689496,999,1,0.0,0.0,0.0,0.015805218691644474,0.09432835034206861,0.47160866230635146,0.9558795242428949,0.9821909175167556,0.9893149513844595,0.997485875819321
BIOMD0000000940,ZAK,0.08896732336566479,0.0,0.9477280131713246,999,1,0.0,0.0,0.0,0.0,0.0,0.0,0.0,0.4443674570203385,0.7557291849041573,0.9260986177232744
BIOMD0000000940,MAP2K3,0.5492309409423888,0.0,0.9999771631473134,999,1,0.0,0.0,0.0,0.09883703628662183,0.21108336821645382,0.6375982415289332,0.979632876077276,0.9897002627579721,0.9945335677026408,0.9992269392915967
BIOMD0000000940,MAPK14,0.2984286141932221,0.13551900158587593,0.9901677327761508,999,1,0.1370692909903218,0.14155745029435787,0.15938005586116066,0.17251815501579404,0.18834491580438842,0.27275280513232325,0.41451856082808847,0.4779123760174855,0.5120258668761142,0.8561237393427124
BIOMD0000000940,MAP2K4,0.5018881485390462,0.0,0.999834718543188,998,2,0.0,0.0,0.0,0.051047032620280014,0.137972137281021,0.5325818131715399,0.9445417550175199,0.9629184480609685,0.9772220583997465,0.9952932833405183
BIOMD0000000940,TP53,0.46994942192527,0.0,0.9987786284775179,999,1,0.0,0.0,0.0,0.049701231334047524,0.12555255362608908,0.5406446839202494,0.8332295557953848,0.9231326154928335,0.9664165241612478,0.9912487758145533
BIOMD0000000940,ATM,0.25568088622557544,0.0,0.9999999999999999,1000,0,0.0,0.0,0.0,0.0,0.010649450822119226,0.16147803867628086,0.5258845074285947,0.672784667279489,0.7576533583965346,0.9487255877522259
BIOMD0000000940,MAPK13,0.6159211701697854,0.0,1.0,1000,0,0.020816950604490722,0.07866783962289418,0.2198182294422333,0.2998099014797592,0.3871811793025067,0.7545252420625094,0.9226341929461757,0.9601026848160226,0.9793592722557132,0.9960903664888291
BIOMD0000000940,PRKACA,0.663110281308195,0.0,0.9999999999999999,1000,0,0.19068686531832413,0.3435385548759099,0.5862000366015252,0.5898929017111196,0.5977671306393997,0.6627210407179265,0.8539206128142605,0.93890542879927,0.9745986016528373,0.9937926603125198
BIOMD0000000940,SRC,0.7275052509111406,0.0,0.9999999999999999,1000,0,0.4291764397375948,0.4477707894575033,0.5017242111862575,0.5312965803124022,0.568494308459479,0.7590059616476971,0.9318742262024711,0.964261271733597,0.9821140659581729,0.9966430134052043
BIOMD0000000940,BAD,0.09660403890414335,0.0,1.0,1000,0,0.0,0.0,0.0,0.0,0.0,0.0,0.0,0.4936767942559229,0.7915541955488041,0.9694495829187789
BIOMD0000000940,PTEN,0.501825463783357,0.0,1.0,1000,0,0.0,0.0,0.07503338639288949,0.14995466383993064,0.23736334519313884,0.6076590409237161,0.8283897361988053,0.9265283841818753,0.9731810027998089,0.9953320853519333
BIOMD0000000940,SHC1,0.2658108512420209,0.0,1.0,1000,0,0.0,0.0,0.0,0.0,0.0,0.0,0.6964474166604999,0.8455788702427556,0.9233761482687767,0.9854006172224742
BIOMD0000000940,PIK3R1,0.22998930240461804,0.0,1.0,1000,0,0.0,0.0,0.0,0.0,0.0,0.0,0.6028210551270609,0.7996526240226333,0.8984672955498457,0.980845808891196
BIOMD0000000940,PARP1,0.4810511183330542,0.0,1.0,1000,0,0.0,0.0,0.0,0.026248458800771896,0.10415741238027813,0.478349118025484,0.9572808365366401,0.9830116293072165,0.9901183085877083,0.9979307341430561
BIOMD0000000940,AURKB,0.43940999781205364,0.0,1.0,1000,0,0.0,0.0,0.0,0.0,0.0,0.39204700147556076,0.9307830302087271,0.9907249065729553,0.9965253425315296,0.9991874214532751
BIOMD0000000940,BRCA1,0.15379732604462315,0.0,1.0,1000,0,0.0,0.0,0.0,0.0,0.0,0.0,0.4435502245948662,0.6006230006811074,0.6469871684548003,0.7268361250919446
BIOMD0000000940,YWHAZ,0.7930788957094905,0.3709447765025774,1.0,1000,0,0.41437654842782484,0.4636415780673174,0.5770560243858595,0.6393029778572876,0.7035891921135641,0.8999835737304975,0.9494444183586865,0.9742005300460213,0.987362461273648,0.9973938787975442
BIOMD0000000940,TGFBR1,0.7040481613885791,0.6276204411398268,0.9999999999999999,1000,0,0.6280171883615461,0.6291972163425392,0.6338767147870427,0.6385331970194077,0.6473406078828017,0.6973476093666258,0.7695442661550504,0.7847650443050321,0.7886462182644517,0.8658820066475196
BIOMD0000000940,CSF1R,0.3546877530464128,0.0,1.0,1000,0,0.0,0.0,0.11125215342994407,0.15009892630317814,0.1576752822497811,0.24801433673583834,0.6639889657319049,0.8304042756978979,0.9140334018653083,0.984054451176135
BIOMD0000000941,model,0.4593711803249198,0.0,1.0,8,0,0.0,0.0,0.0,0.0,0.0,0.41593391688566883,0.9372406435312084,1.0,1.0,1.0
BIOMD0000000941,cyclin_D_Cdk4_6,0.9312493445466823,0.8259563355442614,1.0,1000,0,0.8316464133665834,0.8431016088280209,0.8906834790525799,0.897406400623147,0.9007015198869941,0.9354373385641617,0.9888031373809943,0.9935285237926124,0.9967887007342409,0.9994172225344037
BIOMD0000000941,transcription_factor_E2F_active,0.7454293034579653,0.0,1.0,708,292,0.0,0.0,0.6059404836917117,0.7222593233143346,0.783322088022856,0.8751172486509056,0.9583606732562149,0.9818707607413855,0.9892954462905903,0.9978128088381385
BIOMD0000000941,cyclin_E_Cdk2,0.5998617731542364,0.0,1.0,683,317,0.0,0.0,0.0987733096373219,0.3448391120443163,0.5499784051729963,0.7142187335550338,0.9100114647183198,0.9563346141019725,0.9788633119278531,0.9957314411608886
BIOMD0000000941,cyclin_A_Cdk2,0.6591892176780174,0.0,1.0,968,32,0.0,0.0,0.0,0.32041222392862917,0.5733647439475027,0.8647470718144293,0.967248645748361,0.987293750220341,0.9943757632269001,0.9991363968344369
BIOMD0000000941,cyclin_B_Cdk1,0.6922694560893564,0.0,0.9999999999999999,762,238,0.0,0.0,0.3137781662733785,0.5906636152676541,0.6769323641175938,0.8640844192882559,0.9565399526778355,0.9768444012322137,0.9892963122703524,0.9972238390154297
BIOMD0000000941,Cdc20_active,0.9251437193501627,0.739645290844585,0.9999999999999999,1000,0,0.8032602261974771,0.8318678337713377,0.8670349357953271,0.8869688285240593,0.9020438948772534,0.9425832000506631,0.9803918784098145,0.9915389312845113,0.9961057015713228,0.998899542998421
BIOMD0000000941,E2F_total,1.0,1.0,1.0,1000,0,1.0,1.0,1.0,1.0,1.0,1.0,1.0,1.0,1.0,1.0
BIOMD0000000941,Cdc20_total,1.0,1.0,1.0,1000,0,1.0,1.0,1.0,1.0,1.0,1.0,1.0,1.0,1.0,1.0
BIOMD0000000942,model,0.10751364696292617,0.0,0.7525955287404832,7,0,0.0,0.0,0.0,0.0,0.0,0.0,0.0,0.30103821149619353,0.5268168701183377,0.7074397970160539
BIOMD0000000942,Cdc25_phosphorylated,0.6868140566015758,0.0,0.9997389364027626,985,15,0.0,0.0,0.49506384333603876,0.5190103387061092,0.5784900844395553,0.8355652205913718,0.9428262280240104,0.9664226135778816,0.9821498805420034,0.9962912929012882
BIOMD0000000942,Cyclin_Cdk1_MPF,0.25128663231235504,0.0,0.9994299357840206,998,2,0.0,0.0,0.0,0.0,0.0,0.05453506437594885,0.5861468358678521,0.7736993565608524,0.8725760628182709,0.9649021322339826
BIOMD0000000942,Cyclin_Cdk1_preMPF,0.29244574491600495,0.0,0.9989171897530461,997,3,0.0,0.0,0.0,0.0,0.0,0.16682528428925936,0.6340878555444154,0.7774597734433529,0.8873252575218222,0.9755504760188282
BIOMD0000000942,Wee1_phosphorylated,0.6868140566015674,0.0,0.9997389364027243,985,15,0.0,0.0,0.4950638433359807,0.5190103387060621,0.5784900844395112,0.8355652205913946,0.9428262280240303,0.9664226135778947,0.9821498805419812,0.9962912929012875
BIOMD0000000942,Cyclin,0.8748482717694644,0.6814157308012846,0.9998896277199378,999,1,0.7289032353896128,0.7525955287404832,0.7921575499528188,0.8129607161933126,0.8281387779453333,0.8811294162497418,0.9639732429770508,0.9823440964510503,0.9894645292372436,0.9978995354483547
BIOMD0000000942,IE_phosphorylated,0.29216983330709556,0.0,1.0,581,419,0.0,0.0,0.0,0.0,0.0,0.09369278560206684,0.6696944513494144,0.8488637586337058,0.9334173627294209,0.9914340469755161
BIOMD0000000942,APC_active,0.36376276243259426,0.0,1.0,1000,0,0.0,0.0,0.0,0.0,0.0,0.3117748408901701,0.7577587892130937,0.9355392457486666,0.9746898632766714,0.9984637290011171
BIOMD0000000943,model,0.0,0.0,0.0,28,5,0.0,0.0,0.0,0.0,0.0,0.0,0.0,0.0,0.0,0.0
BIOMD0000000943,DNA_double_strand_break,,,,0,1000,,,,,,,,,,
BIOMD0000000943,ATM_phosphorylated,,,,0,1000,,,,,,,,,,
BIOMD0000000943,SIAH1_0,0.0036900369003690036,0.0,1.0,271,729,0.0,0.0,0.0,0.0,0.0,0.0,0.0,0.0,0.0,0.0
BIOMD0000000943,HIPK2,0.0,0.0,0.0,270,730,0.0,0.0,0.0,0.0,0.0,0.0,0.0,0.0,0.0,0.0
BIOMD0000000943,p53_0phosphorylated,0.0,0.0,0.0,270,730,0.0,0.0,0.0,0.0,0.0,0.0,0.0,0.0,0.0,0.0
BIOMD0000000943,p53_arrester,,,,0,1000,,,,,,,,,,
BIOMD0000000943,p53_S46phosphorylated,0.0,0.0,0.0,270,730,0.0,0.0,0.0,0.0,0.0,0.0,0.0,0.0,0.0,0.0
BIOMD0000000943,Mdm2_nuc_S166S186phosphorylated,0.0,0.0,0.0,270,730,0.0,0.0,0.0,0.0,0.0,0.0,0.0,0.0,0.0,0.0
BIOMD0000000943,Wip1,0.0,0.0,0.0,270,730,0.0,0.0,0.0,0.0,0.0,0.0,0.0,0.0,0.0,0.0
BIOMD0000000943,p53_killer,,,,0,1000,,,,,,,,,,
BIOMD0000000943,Mdm2_mRNA,0.0,0.0,0.0,270,730,0.0,0.0,0.0,0.0,0.0,0.0,0.0,0.0,0.0,0.0
BIOMD0000000943,Mdm2_cyt_0phosphorylated,0.0,0.0,0.0,270,730,0.0,0.0,0.0,0.0,0.0,0.0,0.0,0.0,0.0,0.0
BIOMD0000000943,Mdm2_cyt_S166S186phosphorylated,0.0,0.0,0.0,270,730,0.0,0.0,0.0,0.0,0.0,0.0,0.0,0.0,0.0,0.0
BIOMD0000000943,AKT_phosphorylated,0.0,0.0,0.0,270,730,0.0,0.0,0.0,0.0,0.0,0.0,0.0,0.0,0.0,0.0
BIOMD0000000943,Mdm2_nuc_S166S186p_S395p,,,,0,1000,,,,,,,,,,
BIOMD0000000943,Wip1_mRNA,0.0,0.0,0.0,270,730,0.0,0.0,0.0,0.0,0.0,0.0,0.0,0.0,0.0,0.0
BIOMD0000000943,PTEN_mRNA,0.0,0.0,0.0,270,730,0.0,0.0,0.0,0.0,0.0,0.0,0.0,0.0,0.0,0.0
BIOMD0000000943,PTEN,0.0,0.0,0.0,270,730,0.0,0.0,0.0,0.0,0.0,0.0,0.0,0.0,0.0,0.0
BIOMD0000000943,PIP3,0.0,0.0,0.0,270,730,0.0,0.0,0.0,0.0,0.0,0.0,0.0,0.0,0.0,0.0
BIOMD0000000943,p21_mRNA,0.0,0.0,0.0,270,730,0.0,0.0,0.0,0.0,0.0,0.0,0.0,0.0,0.0,0.0
BIOMD0000000943,p21__free,0.0,0.0,0.0,270,730,0.0,0.0,0.0,0.0,0.0,0.0,0.0,0.0,0.0,0.0
BIOMD0000000943,Cyclin_E__free,0.0,0.0,0.0,270,730,0.0,0.0,0.0,0.0,0.0,0.0,0.0,0.0,0.0,0.0
BIOMD0000000943,Cyclin_E_p21_complex,0.0,0.0,0.0,270,730,0.0,0.0,0.0,0.0,0.0,0.0,0.0,0.0,0.0,0.0
BIOMD0000000943,Rb1_0__free,0.0036900369003690036,0.0,1.0,271,729,0.0,0.0,0.0,0.0,0.0,0.0,0.0,0.0,0.0,0.0
BIOMD0000000943,Rb1_0_E2F1_complex,0.0,0.0,0.0,270,730,0.0,0.0,0.0,0.0,0.0,0.0,0.0,0.0,0.0,0.0
BIOMD0000000943,Bax_mRNA,0.0,0.0,0.0,270,730,0.0,0.0,0.0,0.0,0.0,0.0,0.0,0.0,0.0,0.0
BIOMD0000000943,Bax__free,0.0,0.0,0.0,270,730,0.0,0.0,0.0,0.0,0.0,0.0,0.0,0.0,0.0,0.0
BIOMD0000000943,BclXL__free,0.0036900369003690036,0.0,1.0,271,729,0.0,0.0,0.0,0.0,0.0,0.0,0.0,0.0,0.0,0.0
BIOMD0000000943,Bax_BclXL_complex,0.0,0.0,0.0,270,730,0.0,0.0,0.0,0.0,0.0,0.0,0.0,0.0,0.0,0.0
BIOMD0000000943,Bad_0__free,0.0036900369003690036,0.0,1.0,271,729,0.0,0.0,0.0,0.0,0.0,0.0,0.0,0.0,0.0,0.0
BIOMD0000000943,Bad_phosphorylated__free,0.0,0.0,0.0,268,732,0.0,0.0,0.0,0.0,0.0,0.0,0.0,0.0,0.0,0.0
BIOMD0000000943,proCaspase,0.0,0.0,0.0,270,730,0.0,0.0,0.0,0.0,0.0,0.0,0.0,0.0,0.0,0.0
BIOMD0000000943,Caspase,0.0,0.0,0.0,264,736,0.0,0.0,0.0,0.0,0.0,0.0,0.0,0.0,0.0,0.0
BIOMD0000000944,model,0.05702140387223517,0.0,0.1710642116167055,3,0,0.0,0.0,0.0,0.0,0.0,0.0,0.10263852697002332,0.13685136929336442,0.15395779045503494,0.1676429273843714
BIOMD0000000944,Cyclin,0.6579034127393075,0.0,0.9997035781422245,999,1,0.0,0.1710642116167055,0.4353766705901018,0.49774292379088897,0.5600309224368557,0.7443406656484921,0.909240896044182,0.9517962545412574,0.9748913714713345,0.9943941465169747
BIOMD0000000944,Active_Cdc2_kinase,0.2690969722430566,0.0,0.9952360291670603,711,289,0.0,0.0,0.0,0.0,0.0,0.1795774331890999,0.5485161476817779,0.7447595128364008,0.8599430555806018,0.9686514367166319
BIOMD0000000944,Active_APC,0.2124056343401703,0.0,0.9929019909746839,379,621,0.0,0.0,0.0,0.0,0.0,0.06304136650477354,0.4217574866238924,0.6202473641815462,0.814091635853425,0.9627726447954386
BIOMD0000000945,model,0.9953944355216322,0.9901457993393276,0.9986918135445886,3,2,0.9908657887734929,0.9915857782076581,0.9930257570759886,0.9937457465101539,0.9944657359443192,0.9973456936809802,0.9981533655991452,0.9984225895718669,0.9985572015582277,0.9986648911473164
BIOMD0000000945,L_m,0.9987486983361461,0.9968663262235893,1.0,1000,0,0.997110869783471,0.9973456936809802,0.9977868117872246,0.9979934159729872,0.9981909312569187,0.9988929933619758,0.9996952372765951,0.9998918445327966,0.999965591812707,0.9999982224541796
BIOMD0000000945,H_m,0.9992163687515856,0.9985816972396602,0.9999949210790968,998,2,0.9986360793553476,0.9986918135445886,0.9988073679583591,0.9988672059088591,0.998928433256605,0.9991875931516271,0.9996251320291666,0.999792447998343,0.9998862806225602,0.9999713782691663
BIOMD0000000945,L_c,0.9914307307381922,0.9897109170621372,0.9926539243553175,959,41,0.9899329418472897,0.9901457993393276,0.9905463373929078,0.9907349968956152,0.9909153743730762,0.991556264210749,0.9922929533050885,0.9924878931956027,0.992575488741441,0.9926402435541645
BIOMD0000000945,H_c,,,,0,1000,,,,,,,,,,
BIOMD0000000945,L_n,,,,0,1000,,,,,,,,,,
BIOMD0000000946,model,0.38446050829756684,0.0,0.9386506419556399,7,0,0.0,0.0,0.0,0.0,0.0,0.28302359488854856,0.8501100142780719,0.9316604068125718,0.9351555243841058,0.937951618441333
BIOMD0000000946,L_m,0.9656248736589161,0.9320889501897267,1.0,1000,0,0.9353631812539093,0.9386506419556399,0.9452649264949042,0.9485915844611736,0.9519311404577979,0.965416618926489,0.9860168275989994,0.9929799305842989,0.9964799245514954,0.999293010458678
BIOMD0000000946,H_m,0.0,0.0,0.0,985,15,0.0,0.0,0.0,0.0,0.0,0.0,0.0,0.0,0.0,0.0
BIOMD0000000946,L_e,0.9493782595985207,0.9231428355384641,0.9999934633242332,999,1,0.9250841608159781,0.9270002500505263,0.9307963348754722,0.9327043765214351,0.9346447659818778,0.9433645605602017,0.9665456699673809,0.984931815184321,0.9963276418940725,0.9997892663395852
BIOMD0000000946,H_e,0.37310077671636244,0.12736917900986733,0.485605175030803,977,23,0.27429113234835173,0.28302359488854856,0.301993724672612,0.31206386936510055,0.3226896191169174,0.37060846868540387,0.4523775991395867,0.4754316839752446,0.4828336504060751,0.48547813606220075
BIOMD0000000946,L_c,0.6850365937743791,0.5097989960846571,0.9120488067050008,996,4,0.5193158638437143,0.5425490711882527,0.596041895837372,0.618802962282893,0.6390547441168044,0.7042951194243746,0.7659250989857669,0.779487944893914,0.7852079549481559,0.8887591813539214
BIOMD0000000946,H_c,0.0,0.0,0.0,851,149,0.0,0.0,0.0,0.0,0.0,0.0,0.0,0.0,0.0,0.0
BIOMD0000000946,L_n,0.03487125136552789,0.0,0.07328723028243733,989,11,0.0,0.0,0.0,0.0,0.0,0.040952188421735314,0.06683552509575896,0.07059786414637857,0.07205106336921285,0.07305540605941971
BIOMD0000000947,model,0.9924281854617765,0.9734745019691018,0.9988674457015909,9,0,0.9803845875719875,0.9872946731748733,0.9916224960299469,0.992204349399034,0.9929935055082659,0.9942762596467233,0.9965007132279938,0.9970126106938637,0.9979400281977273,0.9986819622008182
BIOMD0000000947,C_para_Apical,0.9993257570930694,0.9971171933381736,1.0,1000,0,0.9987914385501159,0.9988674457015909,0.9989994289558987,0.9990423451613748,0.9991028254924559,0.9993286697126511,0.9997240101675818,0.9998567107858805,0.999929159156917,0.9999879269702638
BIOMD0000000947,C_para_Caco_2,0.9919743551275685,0.3086389478239522,0.9999858483916176,999,1,0.9930901350709971,0.9950866674304749,0.9959748520017441,0.9961418014100665,0.9963778535562554,0.9971730604294062,0.998689467329945,0.9993363624876174,0.9996567874114645,0.9999338083991576
BIOMD0000000947,C_para__Basolateral___HepG2_,0.9846580123619671,0.8582664269076503,1.0,1000,0,0.9576534656667428,0.9734745019691018,0.9830914471639196,0.9841292678762068,0.9848326521625774,0.9875842194573048,0.99463629878563,0.9972600072575789,0.9986569879976667,0.9997137745002742
BIOMD0000000947,C_sulf_Apical,0.9929193735238461,0.7793433672767378,0.9999973242971049,999,1,0.9783208054382626,0.992204349399034,0.9970642455230186,0.9977475858309004,0.9982398072574377,0.9990112520876736,0.9996860624039562,0.9998471420896375,0.9999240069842208,0.9999823662410651
BIOMD0000000947,C_sulf_Caco_2,0.9939236877651311,0.37271097627412997,0.9999996850201966,999,1,0.9959013790262476,0.9965489019419319,0.9980920286944333,0.9984238699680275,0.9985337146173282,0.9992112029702868,0.9996689210245878,0.9998259563802819,0.9999111933322544,0.9999814074708403
BIOMD0000000947,C_sulf__Basolateral___HepG2_,0.9948992998680043,0.7022220355379167,0.9999951368825787,999,1,0.9710074653597217,0.9941772396721139,0.9979810388369451,0.9983565078624276,0.998531961200513,0.9990093650890041,0.9995247407807957,0.9997621939018879,0.9998883557859067,0.9999756793706471
BIOMD0000000947,C_glu_Apical,0.9915468458936055,0.7277947694255571,0.9999997189773686,999,1,0.9723980494127198,0.9907497159763161,0.9968523696499,0.9975663049037224,0.9982284864910796,0.9990272819531154,0.9996908570747464,0.9998477586862253,0.9999268195588763,0.9999860780786375
BIOMD0000000947,C_glu_Caco_2,0.9938475397645937,0.35304741963266484,0.9999994144776803,999,1,0.9957603584904442,0.9964685874187018,0.9981917848557825,0.9984230754320358,0.9985572271929564,0.9991560466224346,0.9996087290532957,0.9997885907092016,0.9998930940706537,0.9999772077125051
BIOMD0000000947,C_glu__Basolateral___HepG2_,0.9953180363716505,0.7019993564328917,0.9999984567694584,999,1,0.9724897579367279,0.9942762596467233,0.9980778895344825,0.998390087074918,0.9985487886703721,0.9990157701685294,0.9995212290998883,0.9997667475102529,0.999885367297124,0.9999748386261303
BIOMD0000000948,model,0.35626546892340427,0.0,0.8454790257436853,4,0,0.04214911972891373,0.08429823945782745,0.16859647891565493,0.2107455986445686,0.2528947183734823,0.2897914249749659,0.5173448413517785,0.6814119335477319,0.7634454796457083,0.8290723165240897
BIOMD0000000948,AR_A1,0.700122045094876,0.0,0.999625700724416,964,36,0.230023577098377,0.29858871842384027,0.5181423645261213,0.5489087662730386,0.6020020551061194,0.7611827317314916,0.904007075420298,0.9256630700696846,0.9614712780783613,0.9926119299573257
BIOMD0000000948,AR_A2,0.5066211030907708,0.0,0.9997345498939887,812,188,0.0,0.0,0.09884074412218546,0.15303953402063553,0.22440121970948176,0.5626782938345041,0.9009803937689526,0.9243182836742745,0.9590804706575327,0.9920556771800269
BIOMD0000000948,AR_Central,0.6930071743155303,0.0,0.9995374950153093,999,1,0.23457702126141358,0.2809941315260915,0.5296193298630705,0.5892303906003654,0.6070675591557521,0.741728460610054,0.9392348612954834,0.9768224765476162,0.9822620777244552,0.9964038761402452
BIOMD0000000948,AR_Dose,0.9346075180011824,0.8195462570047827,1.0,1000,0,0.8263086400622045,0.8454790257436853,0.8613727128450248,0.8752137677273103,0.8918674037392325,0.9620818549106215,0.9904855504831338,0.9963359302523098,0.9979450516868092,0.9995576530460087
BIOMD0000000949,model,0.0,0.0,0.0,7,0,0.0,0.0,0.0,0.0,0.0,0.0,0.0,0.0,0.0,0.0
BIOMD0000000949,Susceptible_Human,0.37879446409755346,0.0,1.0,1000,0,0.0,0.0,0.0,0.0,0.0,0.0,0.8329313597814837,0.9138552833325296,0.961081602355544,0.9978798957716372
BIOMD0000000949,Exposed_Human,0.001,0.0,1.0,1000,0,0.0,0.0,0.0,0.0,0.0,0.0,0.0,0.0,0.0,0.0
BIOMD0000000949,Infected_Human,0.020368851805339053,0.0,1.0,1000,0,0.0,0.0,0.0,0.0,0.0,0.0,0.0,0.0,0.0,0.7407302338588199
BIOMD0000000949,Recovered,0.076180470439856,0.0,0.8180411618786277,999,1,0.0,0.0,0.0,0.0,0.0,0.0,0.0,0.3977499299894123,0.7147608579838781,0.813348061399201
BIOMD0000000949,Susceptible_Mosquito,0.06352561737444941,0.0,1.0,1000,0,0.0,0.0,0.0,0.0,0.0,0.0,0.012617900468073089,0.23413710820325512,0.48969703927411756,0.8310133429177432
BIOMD0000000949,Exposed_Mosquito,0.001,0.0,1.0,1000,0,0.0,0.0,0.0,0.0,0.0,0.0,0.0,0.0,0.0,0.0
BIOMD0000000949,Infected_Mosquito,0.0423715126756523,0.0,1.0,1000,0,0.0,0.0,0.0,0.0,0.0,0.0,0.0,0.0,0.39839331727827204,0.8819581094676265
BIOMD0000000950,model,0.0,0.0,0.0,7,0,0.0,0.0,0.0,0.0,0.0,0.0,0.0,0.0,0.0,0.0
BIOMD0000000950,S_h,0.015486882200344165,0.0,1.0,1000,0,0.0,0.0,0.0,0.0,0.0,0.0,0.0,0.0,0.0,0.891500563751265
BIOMD0000000950,A_h,0.0,0.0,0.0,974,26,0.0,0.0,0.0,0.0,0.0,0.0,0.0,0.0,0.0,0.0
BIOMD0000000950,I_h,0.0,0.0,0.0,992,8,0.0,0.0,0.0,0.0,0.0,0.0,0.0,0.0,0.0,0.0
BIOMD0000000950,R_h,0.0,0.0,0.0,999,1,0.0,0.0,0.0,0.0,0.0,0.0,0.0,0.0,0.0,0.0
BIOMD0000000950,S_v,0.025167680775371827,0.0,1.0,1000,0,0.0,0.0,0.0,0.0,0.0,0.0,0.0,0.0,0.0,0.97428831720269
BIOMD0000000950,E_v,0.0,0.0,0.0,999,1,0.0,0.0,0.0,0.0,0.0,0.0,0.0,0.0,0.0,0.0
BIOMD0000000950,I_v,0.0011871204474264967,0.0,1.0,1000,0,0.0,0.0,0.0,0.0,0.0,0.0,0.0,0.0,0.0,0.0
BIOMD0000000951,model,,,,0,34,,,,,,,,,,
BIOMD0000000951,TF,,,,0,1000,,,,,,,,,,
BIOMD0000000951,TF_VII,,,,0,1000,,,,,,,,,,
BIOMD0000000951,VII,,,,0,1000,,,,,,,,,,
BIOMD0000000951,TF_VIIa,,,,0,1000,,,,,,,,,,
BIOMD0000000951,VIIa,,,,0,1000,,,,,,,,,,
BIOMD0000000951,Xa,,,,0,1000,,,,,,,,,,
BIOMD0000000951,IIa,,,,0,1000,,,,,,,,,,
BIOMD0000000951,TF_VIIa_X,,,,0,1000,,,,,,,,,,
BIOMD0000000951,X,,,,0,1000,,,,,,,,,,
BIOMD0000000951,TF_VIIa_Xa,,,,0,1000,,,,,,,,,,
BIOMD0000000951,IX,,,,0,1000,,,,,,,,,,
BIOMD0000000951,TF_VIIa_IX,,,,0,1000,,,,,,,,,,
BIOMD0000000951,IXa,,,,0,1000,,,,,,,,,,
BIOMD0000000951,II,,,,0,1000,,,,,,,,,,
BIOMD0000000951,VIII,,,,0,1000,,,,,,,,,,
BIOMD0000000951,VIIIa,,,,0,1000,,,,,,,,,,
BIOMD0000000951,IXa_VIIIa,,,,0,1000,,,,,,,,,,
BIOMD0000000951,IXa_VIIIa_X,,,,0,1000,,,,,,,,,,
BIOMD0000000951,VIIIa1_L,,,,0,1000,,,,,,,,,,
BIOMD0000000951,VIIIa2,,,,0,1000,,,,,,,,,,
BIOMD0000000951,V,,,,0,1000,,,,,,,,,,
BIOMD0000000951,Va,,,,0,1000,,,,,,,,,,
BIOMD0000000951,Xa_Va,,,,0,1000,,,,,,,,,,
BIOMD0000000951,Xa_Va_II,,,,0,1000,,,,,,,,,,
BIOMD0000000951,mIIa,,,,0,1000,,,,,,,,,,
BIOMD0000000951,TFPI,,,,0,1000,,,,,,,,,,
BIOMD0000000951,Xa_TFPI,,,,0,1000,,,,,,,,,,
BIOMD0000000951,TF_VIIa_Xa_TFPI,,,,0,1000,,,,,,,,,,
BIOMD0000000951,ATIII,,,,0,1000,,,,,,,,,,
BIOMD0000000951,Xa_ATIII,,,,0,1000,,,,,,,,,,
BIOMD0000000951,mIIa_ATIII,,,,0,1000,,,,,,,,,,
BIOMD0000000951,IXa_ATIII,,,,0,1000,,,,,,,,,,
BIOMD0000000951,IIa_ATIII,,,,0,1000,,,,,,,,,,
BIOMD0000000951,TF_VIIa_ATIII,,,,0,1000,,,,,,,,,,
BIOMD0000000952,model,0.4183035212104297,0.0,1.0,11,0,0.0,0.0,0.0,0.0,0.0,0.5263384911116652,0.5538920630631732,0.9769574797372854,0.9884787398686428,0.9976957479737285
BIOMD0000000952,Cyclin_B1_Cdk1_complex_phosphorylated,0.5859466309463359,0.0,1.0,1000,0,0.0,0.0,0.2739846796051543,0.3811091878330702,0.5065065356555134,0.6777310646157706,0.8462886388603256,0.9221329477317628,0.96316235190777,0.9935462318488897
BIOMD0000000952,Cyclin_B1_Cdk1_complex_unphosphorylated,0.5090667336619507,0.0,0.9997044434852993,999,1,0.0,0.0,0.12725219020270076,0.22630279489541866,0.34950990210515587,0.5335525833471877,0.8231917308466962,0.8944452372667725,0.9520175293474815,0.9899493508864595
BIOMD0000000952,Plx1_active,0.3583722941007826,0.0,0.9984734899155919,999,1,0.0,0.0,0.0,0.0,0.0,0.30850990694264047,0.7636834763009775,0.8885618961237696,0.9507513586802585,0.9892076319494312
BIOMD0000000952,APC_C_active,0.3314268201431449,0.0,0.9991804154487353,998,2,0.0,0.0,0.0,0.0,0.0,0.20705941044935594,0.7532717946111811,0.8525012200901455,0.9226071086165075,0.9811988838721496
BIOMD0000000952,APC_C_total,1.0,1.0,1.0,1000,0,1.0,1.0,1.0,1.0,1.0,1.0,1.0,1.0,1.0,1.0
BIOMD0000000952,SCdk1,0.7843129933002299,0.0,0.9998797727231019,999,1,0.36409665298788674,0.5538778478136726,0.6669308530604231,0.7359597021312141,0.7596158772747986,0.8431255794396789,0.9272881427799657,0.9707420447270766,0.9857055934037483,0.9954071507612304
BIOMD0000000952,S,0.7269141248496768,0.0,1.0,1000,0,0.21187502127588037,0.43638078852616935,0.5579213007563281,0.5986479529177857,0.6453222387250622,0.7938216737728463,0.9210390372487391,0.9685561305147029,0.9848783546904426,0.9953992405319904
BIOMD0000000952,SP,0.774558422406598,0.0,0.9994468320693045,999,1,0.3368866083325531,0.5263384911116652,0.6501728494689776,0.7251750202533673,0.7496906066729239,0.8364828875255385,0.9253796375615849,0.9699762578830446,0.9847423979637655,0.9948668157863635
BIOMD0000000952,PP2A,0.9893768392708384,0.9593196091484945,1.0,1000,0,0.9702373145316978,0.9769574797372854,0.9839681515638292,0.9854497562243145,0.9865291646856498,0.9917280548345981,0.9964996950589019,0.99861517289161,0.9993517893268544,0.99982097462136
BIOMD0000000952,SPPP2A,0.7843505440876953,0.0,0.9999004264371848,999,1,0.3640753702665086,0.5538920630627605,0.6670598277265989,0.7360484152898792,0.7596713998669176,0.84311130529013,0.9273126963534944,0.9708611064459148,0.9856886818253394,0.9952977260459653
BIOMD0000000952,Q,0.7843505440882746,0.0,0.9999004264371161,999,1,0.36407537026692693,0.5538920630631732,0.6670598277268656,0.7360484152915477,0.7596713998680001,0.8431113052915747,0.9273126963537275,0.9708611064476651,0.9856886818237776,0.9952977260440473
BIOMD0000000953,model,0.3756983669466015,0.0,1.0,13,0,0.0,0.0,0.0,0.0,0.0,0.29436451154350607,0.7118977810176838,0.8718110493406028,0.9450683781401146,0.9890136756280229
BIOMD0000000953,clb2,0.6423744399980628,0.0,0.9999999999999999,1000,0,0.0,0.0,0.0,0.0,0.4298078356108226,0.8881544599031298,0.9633023316158126,0.9863700428953784,0.9965732596051118,0.9997394510816396
BIOMD0000000953,cdc20,0.787809515036286,0.0,0.999261551846444,685,315,0.45230430935206456,0.6290713474272795,0.7409982339485747,0.7606366338409637,0.7688882833875903,0.8224070259768465,0.923475024617181,0.9665754314677237,0.9805164342419709,0.994859809488567
BIOMD0000000953,cdh1,0.6778513356440146,0.0,0.9998785001050524,463,537,0.0,0.0,0.0,0.637084748169725,0.6977306314918537,0.8782443396093061,0.9434084544599165,0.9666749053767276,0.9812738036855705,0.995010782615916
BIOMD0000000953,securin_total,0.9618434762644053,0.8525739902473404,1.0,1000,0,0.884536891863302,0.9084472969001912,0.9359880216214522,0.9427506316812129,0.9488569606997702,0.9720042407638422,0.9924603182896092,0.9977785593223568,0.9990403397519602,0.9997644774004855
BIOMD0000000953,separase_total,1.0,1.0,1.0,1000,0,1.0,1.0,1.0,1.0,1.0,1.0,1.0,1.0,1.0,1.0
BIOMD0000000953,securin_separase,0.9138635005773315,0.6546125145660908,1.0,1000,0,0.6851333483190996,0.7252660591022487,0.860455955387763,0.8756558055615115,0.9062598835538033,0.9599579511583628,0.9837900222440715,0.9925295842925578,0.9966311720335137,0.999430321537889
BIOMD0000000953,net1,0.7748635069633801,0.0,0.9999999999999999,471,529,0.0,0.0,0.7742095192312891,0.789050048218087,0.8126851631603269,0.8972671984851014,0.9592619141399319,0.9740360589477961,0.985934009047838,0.9971432593856979
BIOMD0000000953,net1cdc14,0.5796511268125909,0.0,0.9999999999999999,1000,0,0.0,0.0,0.0,0.0,0.0,0.7968124909389285,0.9626110862511723,0.9808994294694351,0.9903970956000614,0.9985261602759862
BIOMD0000000953,polo_total,0.8615907270292141,0.0619484717101515,0.9999999999999999,1000,0,0.4130928297960608,0.6350841914417571,0.8063158143228886,0.8603091457214825,0.8856243235104553,0.9291350313279514,0.974534928041624,0.9928971877327978,0.999030548716169,0.9998234069788494
BIOMD0000000953,men,0.6221463213599744,0.0,0.9993227729050476,475,525,0.0,0.0,0.3100537665043566,0.5580136981360326,0.6969830591665302,0.7420233368430293,0.8299901858657627,0.9065089064922902,0.9517551371299754,0.9876790547292489
BIOMD0000000953,polo,0.8181505904643382,0.0,1.0,845,155,0.07827411453073073,0.29436451154350607,0.8169044614001918,0.8620804126170922,0.8742705172993529,0.9146537701601221,0.9716170280361329,0.99256575524288,0.9992381547764683,0.999838713653247
BIOMD0000000953,tem1,0.618492032036811,0.0,1.0,560,440,0.0,0.0,0.23892501049292145,0.39284407507076713,0.5750820713069836,0.7563903526408997,0.8613138845249819,0.9435901976843628,0.9680536630293849,0.9931116954931388
BIOMD0000000953,cdc15,0.9158524559105538,0.43700023705436986,1.0,1000,0,0.5527681701736904,0.6918453638908362,0.8872435426041299,0.9252198559281023,0.9506530558142944,0.9686464344816113,0.992739468676249,0.9950554461474865,0.9973876058754134,0.9993754855418866
BIOMD0000000954,model,0.0,0.0,0.0,18,0,0.0,0.0,0.0,0.0,0.0,0.0,0.0,0.0,0.0,0.0
BIOMD0000000954,Myc,0.08212394164965565,0.0,0.9998401627660835,999,1,0.0,0.0,0.0,0.0,0.0,0.0,0.0,0.0,0.9635354126880135,0.994637404170252
BIOMD0000000954,CycDT,0.12259406156681393,0.0,0.9997232661067915,998,2,0.0,0.0,0.0,0.0,0.0,0.0,0.0,0.9172681545769847,0.9912890537549486,0.9963651283132581
BIOMD0000000954,CycET,0.03648148546576964,0.0,1.0,1000,0,0.0,0.0,0.0,0.0,0.0,0.0,0.0,0.0,0.0,0.9347010690587176
BIOMD0000000954,CycAT,0.0,0.0,0.0,915,85,0.0,0.0,0.0,0.0,0.0,0.0,0.0,0.0,0.0,0.0
BIOMD0000000954,E2FT,0.04108661175769162,0.0,1.0,1000,0,0.0,0.0,0.0,0.0,0.0,0.0,0.0,0.0,0.2576236708033858,0.9504133499668951
BIOMD0000000954,Comp1,0.6485838121023795,0.0,0.9999999999999999,51,949,0.0,0.0,0.0,0.0,0.283058432136867,0.9575694858412116,0.9875449437697924,0.9982490290303953,0.9990739336084236,0.9996605702914771
BIOMD0000000954,Comp2,0.02551617427397882,0.0,0.9276029330220639,116,884,0.0,0.0,0.0,0.0,0.0,0.0,0.0,0.0,0.018164055028288495,0.7786245732887649
BIOMD0000000954,Rbp,0.03364211929424989,0.0,0.7401266244734976,22,978,0.0,0.0,0.0,0.0,0.0,0.0,0.0,0.0,0.0,0.5847000333340625
BIOMD0000000954,CkiT,0.048014690165098156,0.0,1.0,1000,0,0.0,0.0,0.0,0.0,0.0,0.0,0.0,0.0,0.761359757191577,0.9858772934210246
BIOMD0000000954,CycECki,0.07282257161750202,0.0,1.0,623,377,0.0,0.0,0.0,0.0,0.0,0.0,0.0,0.0,0.9009109038107056,0.974576102916898
BIOMD0000000954,CycDCki,0.047939186972318415,0.0,0.9970943691314141,997,3,0.0,0.0,0.0,0.0,0.0,0.0,0.0,0.0,0.4960502043884513,0.9511571773719489
BIOMD0000000954,CycACki,0.0,0.0,0.0,484,516,0.0,0.0,0.0,0.0,0.0,0.0,0.0,0.0,0.0,0.0
BIOMD0000000954,Cdh1dp,0.054230877932470535,0.0,1.0,1000,0,0.0,0.0,0.0,0.0,0.0,0.0,0.0,0.0,0.7792012150005798,0.9946256124568955
BIOMD0000000954,Emi1T,0.0,0.0,0.0,955,45,0.0,0.0,0.0,0.0,0.0,0.0,0.0,0.0,0.0,0.0
BIOMD0000000954,EmiC,0.0,0.0,0.0,955,45,0.0,0.0,0.0,0.0,0.0,0.0,0.0,0.0,0.0,0.0
BIOMD0000000954,Cdh1,0.06084503785070841,0.0,1.0,491,509,0.0,0.0,0.0,0.0,0.0,0.0,0.0,0.0,0.6927691152149391,0.9784922040534252
BIOMD0000000954,UbI,0.012985048243170969,0.0,1.0,1000,0,0.0,0.0,0.0,0.0,0.0,0.0,0.0,0.0,0.0,0.7538909434092504
BIOMD0000000954,Rbpp,0.0012246007387660054,0.0,0.8737634858686899,982,18,0.0,0.0,0.0,0.0,0.0,0.0,0.0,0.0,0.0,0.0
BIOMD0000000955,model,0.9938443389573756,0.9938443389573756,0.9938443389573756,1,7,0.9938443389573756,0.9938443389573756,0.9938443389573756,0.9938443389573756,0.9938443389573756,0.9938443389573756,0.9938443389573756,0.9938443389573756,0.9938443389573756,0.9938443389573756
BIOMD0000000955,Susceptible,0.9949891198750385,0.9938261094420786,1.0,1000,0,0.9938322723527587,0.9938443389573756,0.993883846564773,0.9939119654608859,0.993950026720899,0.9942231050801775,0.9957425138532936,0.9975860503433237,0.9996899487038187,0.9999871811796125
BIOMD0000000955,Infected,,,,0,1000,,,,,,,,,,
BIOMD0000000955,Diagnosed,,,,0,1000,,,,,,,,,,
BIOMD0000000955,Ailing,,,,0,1000,,,,,,,,,,
BIOMD0000000955,Recognized,,,,0,1000,,,,,,,,,,
BIOMD0000000955,Threatened,,,,0,1000,,,,,,,,,,
BIOMD0000000955,Healed,,,,0,1000,,,,,,,,,,
BIOMD0000000955,Extinct,,,,0,1000,,,,,,,,,,
BIOMD0000000956,model,0.0,0.0,0.0,3,0,0.0,0.0,0.0,0.0,0.0,0.0,0.0,0.0,0.0,0.0
BIOMD0000000956,Infected,0.39220828630341276,0.0,0.9921704975058413,277,723,0.0,0.0,0.0,0.0,0.0452848205104541,0.3989273900377315,0.6902977350066561,0.8408342856906252,0.9138140198800305,0.9782512197143063
BIOMD0000000956,Recovered,0.7135384928863749,0.0,0.9992364425282122,769,231,0.0,0.0,0.5768655998612793,0.6442131052506226,0.7143312920785061,0.8257485396999219,0.906905039332436,0.9264135837181249,0.962478869469099,0.9919995661953355
BIOMD0000000956,Susceptible,0.39360840364098865,0.0,0.9999999999999999,1000,0,0.0,0.0,0.0,0.0,0.0,0.3944562702799107,0.8418229766847652,0.9524089164710402,0.9781199386945402,0.9958620214295174
BIOMD0000000957,model,0.10227832484456378,0.0,0.40911329937825514,4,0,0.0,0.0,0.0,0.0,0.0,0.0,0.1636453197513022,0.28637930956477864,0.3477463044715167,0.39683990039690736
BIOMD0000000957,Susceptible,0.6412281642795783,0.4073660849793016,1.0,1000,0,0.40815523618852667,0.40911329937825514,0.4115338935007984,0.41305257761851827,0.41496138781684144,0.46407767694306884,0.992648799584022,0.9994828315607106,0.9999704306895848,0.9999909308094985
BIOMD0000000957,Infected,0.006704738360329028,0.0,1.0,1000,0,0.0,0.0,0.0,0.0,0.0,0.0,0.0,0.0,0.0,0.2176941778647828
BIOMD0000000957,Recovered,0.03754360869274121,0.0,0.9934267870261616,999,1,0.0,0.0,0.0,0.0,0.0,0.0,0.0,0.0,0.306897215131657,0.8462104954173596
BIOMD0000000957,Confirmed,0.037543608692740926,0.0,0.9934267870261295,999,1,0.0,0.0,0.0,0.0,0.0,0.0,0.0,0.0,0.3068972151316385,0.846210495417393
BIOMD0000000958,model,0.0027440893382201376,0.0,0.0219527147057611,8,0,0.0,0.0,0.0,0.0,0.0,0.0,0.0,0.0065858144117283265,0.014269264558744704,0.02041602467635782
BIOMD0000000958,Susceptible,0.0733277598241087,0.0,1.0,1000,0,0.0,0.0,0.0,0.0,0.0,0.0,0.0,0.030176920935839364,0.835320814061579,0.9954101525390443
BIOMD0000000958,Exposed,0.0,0.0,0.0,999,1,0.0,0.0,0.0,0.0,0.0,0.0,0.0,0.0,0.0,0.0
BIOMD0000000958,Infectious,0.0016308750152156867,0.0,1.0,1000,0,0.0,0.0,0.0,0.0,0.0,0.0,0.0,0.0,0.0,0.0
BIOMD0000000958,Super_spreaders,0.2561139885999349,0.0,1.0,661,339,0.0,0.0219527147057611,0.025459228500872455,0.02994609876647114,0.036606974410736015,0.10391644488225549,0.5285885651515877,0.7851780533804935,0.9158765786389543,0.9902705522467949
BIOMD0000000958,Asymptomatic,0.00033758486232271924,0.0,0.3181893470349403,999,1,0.0,0.0,0.0,0.0,0.0,0.0,0.0,0.0,0.0,0.0
BIOMD0000000958,Hospitalised,0.00491175230984368,0.0,0.9850479286045583,999,1,0.0,0.0,0.0,0.0,0.0,0.0,0.0,0.0,0.0,0.0
BIOMD0000000958,Recovered,0.0012793191017729433,0.0,0.7358622714809926,999,1,0.0,0.0,0.0,0.0,0.0,0.0,0.0,0.0,0.0,0.0
BIOMD0000000958,Fatalities,0.015382872739479707,0.0,0.9178613643336198,999,1,0.0,0.0,0.0,0.0,0.0,0.0,0.0,0.0,0.0,0.6011642135334101
BIOMD0000000959,model,0.0,0.0,0.0,41,0,0.0,0.0,0.0,0.0,0.0,0.0,0.0,0.0,0.0,0.0
BIOMD0000000959,Rec,0.006490094564846041,0.0,1.0,1000,0,0.0,0.0,0.0,0.0,0.0,0.0,0.0,0.0,0.0,0.0
BIOMD0000000959,SOCS1,0.011507029400901508,0.0,1.0,1000,0,0.0,0.0,0.0,0.0,0.0,0.0,0.0,0.0,0.0,0.7777185441102665
BIOMD0000000959,IFN,0.012396519748574166,0.0,1.0,1000,0,0.0,0.0,0.0,0.0,0.0,0.0,0.0,0.0,0.0,0.8712243332137584
BIOMD0000000959,aRecIFN,0.10183257195724008,0.0,0.6961701905513273,11,989,0.0,0.0,0.0,0.0,0.0,0.0,0.0,0.42398810097831363,0.5600791457648204,0.668951981594026
BIOMD0000000959,USP18,0.010978822916535095,0.0,1.0,1000,0,0.0,0.0,0.0,0.0,0.0,0.0,0.0,0.0,0.0,0.7140382591368281
BIOMD0000000959,STAT1c,0.006778969368772166,0.0,1.0,1000,0,0.0,0.0,0.0,0.0,0.0,0.0,0.0,0.0,0.0,0.0
BIOMD0000000959,STAT2c,0.0010676864199027933,0.0,0.9999999999999999,1000,0,0.0,0.0,0.0,0.0,0.0,0.0,0.0,0.0,0.0,0.0
BIOMD0000000959,pSTAT1pSTAT2c,0.0023503293500688103,0.0,0.8429350358313241,999,1,0.0,0.0,0.0,0.0,0.0,0.0,0.0,0.0,0.0,0.0
BIOMD0000000959,pSTAT1pSTAT2n,0.003060903926899715,0.0,0.9945237846931958,999,1,0.0,0.0,0.0,0.0,0.0,0.0,0.0,0.0,0.0,0.0
BIOMD0000000959,STAT1n,0.009804107037075413,0.0,1.0,1000,0,0.0,0.0,0.0,0.0,0.0,0.0,0.0,0.0,0.0,0.4615540050992134
BIOMD0000000959,STAT2n,0.006762158265067037,0.0,1.0,1000,0,0.0,0.0,0.0,0.0,0.0,0.0,0.0,0.0,0.0,0.0
BIOMD0000000959,ISGF3c,0.0009957852053726285,0.0,0.9947894201672558,999,1,0.0,0.0,0.0,0.0,0.0,0.0,0.0,0.0,0.0,0.0
BIOMD0000000959,ISGF3n,0.002195489328837796,0.0,0.7783512111060187,999,1,0.0,0.0,0.0,0.0,0.0,0.0,0.0,0.0,0.0,0.0
BIOMD0000000959,IRF9n,0.0018504217390336016,0.0,1.0,1000,0,0.0,0.0,0.0,0.0,0.0,0.0,0.0,0.0,0.0,0.0
BIOMD0000000959,pSTAT1dimc,0.0033915232178520793,0.0,0.9953457158071178,999,1,0.0,0.0,0.0,0.0,0.0,0.0,0.0,0.0,0.0,0.0
BIOMD0000000959,pSTAT1dimn,0.0025202030785881403,0.0,0.8844374682947491,999,1,0.0,0.0,0.0,0.0,0.0,0.0,0.0,0.0,0.0,0.0
BIOMD0000000959,OccGAS_ISREbs,0.001809241418283494,0.0,0.7427554056344727,994,6,0.0,0.0,0.0,0.0,0.0,0.0,0.0,0.0,0.0,0.0
BIOMD0000000959,OccGASbs,0.0024694066164404702,0.0,0.8786723022318877,999,1,0.0,0.0,0.0,0.0,0.0,0.0,0.0,0.0,0.0,0.0
BIOMD0000000959,IRF9c,0.00187182979348143,0.0,1.0,1000,0,0.0,0.0,0.0,0.0,0.0,0.0,0.0,0.0,0.0,0.0
BIOMD0000000959,SOCS3,0.006484337601941606,0.0,1.0,1000,0,0.0,0.0,0.0,0.0,0.0,0.0,0.0,0.0,0.0,0.0
BIOMD0000000959,STAT1mRNA,0.007865982104096083,0.0,1.0,1000,0,0.0,0.0,0.0,0.0,0.0,0.0,0.0,0.0,0.0,0.0
BIOMD0000000959,STAT2mRNA,0.012249464351897452,0.0,1.0,1000,0,0.0,0.0,0.0,0.0,0.0,0.0,0.0,0.0,0.0,0.9151192284419092
BIOMD0000000959,IRF9mRNA,0.005663802918357371,0.0,1.0,1000,0,0.0,0.0,0.0,0.0,0.0,0.0,0.0,0.0,0.0,0.0
BIOMD0000000959,IRF2mRNA,0.013201807889278248,0.0,1.0,1000,0,0.0,0.0,0.0,0.0,0.0,0.0,0.0,0.0,0.0,0.9077669689087815
BIOMD0000000959,IRF2,0.02053440295648048,0.0,1.0,1000,0,0.0,0.0,0.0,0.0,0.0,0.0,0.0,0.0,0.0,0.9868514752288932
BIOMD0000000959,USP18mRNA,0.011830419185554301,0.0,1.0,1000,0,0.0,0.0,0.0,0.0,0.0,0.0,0.0,0.0,0.0,0.8438906939951041
BIOMD0000000959,SOCS1mRNA,0.0026052454807479883,0.0,1.0,1000,0,0.0,0.0,0.0,0.0,0.0,0.0,0.0,0.0,0.0,0.0
BIOMD0000000959,SOCS3mRNA,0.006527262057984999,0.0,1.0,1000,0,0.0,0.0,0.0,0.0,0.0,0.0,0.0,0.0,0.0,0.0
BIOMD0000000959,STAT1_LC_1,0.008619717543637441,0.0,1.0,1000,0,0.0,0.0,0.0,0.0,0.0,0.0,0.0,0.0,0.0,0.0036188523939617674
BIOMD0000000959,STAT1_LC_2,0.014177471863356704,0.0,0.9999999999999999,1000,0,0.0,0.0,0.0,0.0,0.0,0.0,0.0,0.0,0.0,0.9539568562148365
BIOMD0000000959,STAT1_LC_3,0.01954470022439792,0.0,1.0,1000,0,0.0,0.0,0.0,0.0,0.0,0.0,0.0,0.0,0.0,0.9944990790726161
BIOMD0000000959,STAT2_LC_1,0.014644653948895605,0.0,1.0,1000,0,0.0,0.0,0.0,0.0,0.0,0.0,0.0,0.0,0.0,0.9396855530121496
BIOMD0000000959,STAT2_LC_2,0.010781721616297516,0.0,1.0,1000,0,0.0,0.0,0.0,0.0,0.0,0.0,0.0,0.0,0.0,0.6937766858927276
BIOMD0000000959,STAT2_LC_3,0.014266193124328464,0.0,1.0,1000,0,0.0,0.0,0.0,0.0,0.0,0.0,0.0,0.0,0.0,0.865436518010463
BIOMD0000000959,STAT2_LC_4,0.009847196894330959,0.0,1.0,1000,0,0.0,0.0,0.0,0.0,0.0,0.0,0.0,0.0,0.0,0.44953940009390664
BIOMD0000000959,STAT2_LC_5,0.01587443711544048,0.0,1.0,1000,0,0.0,0.0,0.0,0.0,0.0,0.0,0.0,0.0,0.0,0.9250160275306639
BIOMD0000000959,IRF9_LC_1,0.007274454743559173,0.0,1.0,1000,0,0.0,0.0,0.0,0.0,0.0,0.0,0.0,0.0,0.0,0.0023880628999839166
BIOMD0000000959,IRF9_LC_2,0.011826911639002048,0.0,1.0,1000,0,0.0,0.0,0.0,0.0,0.0,0.0,0.0,0.0,0.0,0.7814533565713558
BIOMD0000000959,USP18_LC_1,0.011178297570106093,0.0,1.0,1000,0,0.0,0.0,0.0,0.0,0.0,0.0,0.0,0.0,0.0,0.7413228659114156
BIOMD0000000959,USP18_LC_2,0.011510727224433286,0.0,1.0,1000,0,0.0,0.0,0.0,0.0,0.0,0.0,0.0,0.0,0.0,0.8022593962384358
BIOMD0000000959,SOCS1_LC_1,0.013369274014575635,0.0,1.0,1000,0,0.0,0.0,0.0,0.0,0.0,0.0,0.0,0.0,0.0,0.8454247718835401
BIOMD0000000960,model,0.09988023010337034,0.0,0.7990418408269627,8,0,0.0,0.0,0.0,0.0,0.0,0.0,0.0,0.23971255224808868,0.5193771965375253,0.7431089119690751
BIOMD0000000960,Susceptible,0.8696569717758287,0.7879510191775929,1.0,1000,0,0.7920534492510409,0.7990418408269627,0.8116829035834082,0.814250752032514,0.8166546552966372,0.8622681317714083,0.9620648937189206,0.98316224628792,0.9914146674156605,0.9982244916416959
BIOMD0000000960,Exposed,0.1183595999127106,0.0,1.0,1000,0,0.0,0.0,0.0,0.0,0.0,0.0,0.1531064247223678,0.5627248059061681,0.7716761111427795,0.9564820030829225
BIOMD0000000960,Infectious,0.13465728809065075,0.0,1.0,1000,0,0.0,0.0,0.0,0.0,0.0,0.0,0.23361472381639659,0.638720661041029,0.8147921725215592,0.9665428335575553
BIOMD0000000960,Asymptomatic,0.12409818629877088,0.0,1.0,1000,0,0.0,0.0,0.0,0.0,0.0,0.0,0.1925220428673474,0.5811476712157008,0.7805315420473038,0.9496931673630051
BIOMD0000000960,Hospitalized,0.10993277500022448,0.0,0.9979423574728187,999,1,0.0,0.0,0.0,0.0,0.0,0.0,0.12614378173925636,0.48510607351391494,0.7472599639660786,0.9565097775490853
BIOMD0000000960,Recovered,0.2153790828757935,0.0,0.9968757495133334,999,1,0.0,0.0,0.0,0.0014551080394521465,0.015309671567930656,0.1841008710005786,0.3186226478418592,0.5702758806443657,0.7719087649554313,0.9532157726976865
BIOMD0000000960,Deceased,0.2688012216331016,0.0,0.9971302025049037,999,1,0.0,0.0,0.004911960727445499,0.0386177215585472,0.08526981754591964,0.22412288210694464,0.4582673836628965,0.6999585167966995,0.85469437533379,0.9762501548857927
BIOMD0000000960,Cumulative_Cases,0.19926074764487053,0.0,0.9975820021393687,999,1,0.0,0.0,0.0,0.0,0.0,0.15742665063923056,0.29111212442329476,0.5322990014058064,0.7465273471768399,0.9434141959054049
BIOMD0000000961,model,0.1255802760048519,0.0,1.0,38,4,0.0,0.0,0.0,0.0,0.0,0.0,0.0,0.8404353417290606,1.0,1.0
BIOMD0000000961,s1,0.0,0.0,0.0,68,932,0.0,0.0,0.0,0.0,0.0,0.0,0.0,0.0,0.0,0.0
BIOMD0000000961,s2,0.023921480095136293,0.0,0.8160300395259422,68,932,0.0,0.0,0.0,0.0,0.0,0.0,0.0,0.0,0.0,0.8124124196955891
BIOMD0000000961,s7,0.013987151727617489,0.0,0.9511263174779893,68,932,0.0,0.0,0.0,0.0,0.0,0.0,0.0,0.0,0.0,0.31387168476773486
BIOMD0000000961,s8,0.013987151726605213,0.0,0.9511263174091545,68,932,0.0,0.0,0.0,0.0,0.0,0.0,0.0,0.0,0.0,0.31387168474501936
BIOMD0000000961,s24,0.04291515616992359,0.0,1.0,69,931,0.0,0.0,0.0,0.0,0.0,0.0,0.0,0.0,0.0,0.9998324465295725
BIOMD0000000961,s25,0.013987151726272047,0.0,0.9511263173864992,68,932,0.0,0.0,0.0,0.0,0.0,0.0,0.0,0.0,0.0,0.3138716847375431
BIOMD0000000961,s26,0.0433604750299819,0.0,1.0,69,931,0.0,0.0,0.0,0.0,0.0,0.0,0.0,0.0,0.0,0.9999650907811469
BIOMD0000000961,s27,0.013987151715954755,0.0,0.9511263166849233,68,932,0.0,0.0,0.0,0.0,0.0,0.0,0.0,0.0,0.0,0.3138716845060231
BIOMD0000000961,s28,0.014366413977639537,0.0,0.9769161504794885,68,932,0.0,0.0,0.0,0.0,0.0,0.0,0.0,0.0,0.0,0.32238232965822955
BIOMD0000000961,s29,0.014366413977242427,0.0,0.976916150452485,68,932,0.0,0.0,0.0,0.0,0.0,0.0,0.0,0.0,0.0,0.3223823296493184
BIOMD0000000961,s30,0.014705882352941175,0.0,0.9999999999999999,68,932,0.0,0.0,0.0,0.0,0.0,0.0,0.0,0.0,0.0,0.32999999999999824
BIOMD0000000961,s31,0.0,0.0,0.0,47,953,0.0,0.0,0.0,0.0,0.0,0.0,0.0,0.0,0.0,0.0
BIOMD0000000961,s32,0.014492753623188406,0.0,1.0,69,931,0.0,0.0,0.0,0.0,0.0,0.0,0.0,0.0,0.0,0.3199999999999932
BIOMD0000000961,s33,0.014492753623188406,0.0,1.0,69,931,0.0,0.0,0.0,0.0,0.0,0.0,0.0,0.0,0.0,0.3199999999999932
BIOMD0000000961,s34,0.0,0.0,0.0,67,933,0.0,0.0,0.0,0.0,0.0,0.0,0.0,0.0,0.0,0.0
BIOMD0000000961,s35,,,,0,1000,,,,,,,,,,
BIOMD0000000961,s36,0.014492753623188406,0.0,1.0,69,931,0.0,0.0,0.0,0.0,0.0,0.0,0.0,0.0,0.0,0.3199999999999932
BIOMD0000000961,s38,0.014705882352941176,0.0,1.0,68,932,0.0,0.0,0.0,0.0,0.0,0.0,0.0,0.0,0.0,0.3299999999999983
BIOMD0000000961,s52,0.014705882352941176,0.0,1.0,68,932,0.0,0.0,0.0,0.0,0.0,0.0,0.0,0.0,0.0,0.3299999999999983
BIOMD0000000961,s57,0.02325388884476747,0.0,1.0,69,931,0.0,0.0,0.0,0.0,0.0,0.0,0.0,0.0,0.0,0.7310724645964871
BIOMD0000000961,s58,0.023647475300997887,0.0,1.0,69,931,0.0,0.0,0.0,0.0,0.0,0.0,0.0,0.0,0.0,0.7495395411228183
BIOMD0000000961,s59,,,,0,1000,,,,,,,,,,
BIOMD0000000961,s60,0.11791854672493955,0.0,1.0,21,979,0.0,0.0,0.0,0.0,0.0,0.0,0.0,0.42596742910780505,0.6246281791036435,0.924925635820729
BIOMD0000000961,s64,0.0433395969158459,0.0,0.9960418339820882,68,932,0.0,0.0,0.0,0.0,0.0,0.0,0.0,0.0,0.0,0.9841635339985301
BIOMD0000000961,s66,0.00949590885092603,0.0,0.64572180186297,68,932,0.0,0.0,0.0,0.0,0.0,0.0,0.0,0.0,0.0,0.21308819461477901
BIOMD0000000961,s67,1.0,1.0,1.0,1,999,1.0,1.0,1.0,1.0,1.0,1.0,1.0,1.0,1.0,1.0
BIOMD0000000961,s68,,,,0,1000,,,,,,,,,,
BIOMD0000000961,s69,0.04124211359272907,0.0,1.0,69,931,0.0,0.0,0.0,0.0,0.0,0.0,0.0,0.0,0.1358669577096983,0.974180753988015
BIOMD0000000961,s70,0.026643358514153937,0.0,0.9338746895381077,68,932,0.0,0.0,0.0,0.0,0.0,0.0,0.0,0.0,0.0,0.731858575378148
BIOMD0000000961,s71,0.0,0.0,0.0,68,932,0.0,0.0,0.0,0.0,0.0,0.0,0.0,0.0,0.0,0.0
BIOMD0000000961,s72,1.0,1.0,1.0,1,999,1.0,1.0,1.0,1.0,1.0,1.0,1.0,1.0,1.0,1.0
BIOMD0000000961,s73,0.8518171663707319,0.7682669806032196,1.0,3,997,0.7701587343937953,0.7720504881843709,0.7758339957655223,0.777725749556098,0.7796175033466737,0.7871845185089763,0.9148738074035906,0.9574369037017952,0.9787184518508976,0.9957436903701795
BIOMD0000000961,s74,0.057133589667941874,0.0,1.0,69,931,0.0,0.0,0.0,0.0,0.0,0.0,0.0,0.0,0.5829500754785191,0.9913529123209924
BIOMD0000000961,s75,0.05360480449228498,0.0,1.0,69,931,0.0,0.0,0.0,0.0,0.0,0.0,0.0,0.0,0.5033321753130396,0.9701528084384707
BIOMD0000000961,s76,0.03269901453474081,0.0,0.9388457547471546,68,932,0.0,0.0,0.0,0.0,0.0,0.0,0.0,0.0,0.0,0.8250767272678313
BIOMD0000000961,s77,1.0,1.0,1.0,1000,0,1.0,1.0,1.0,1.0,1.0,1.0,1.0,1.0,1.0,1.0
BIOMD0000000961,s61,1.0,1.0,1.0,1,999,1.0,1.0,1.0,1.0,1.0,1.0,1.0,1.0,1.0,1.0
BIOMD0000000961,s79,,,,0,1000,,,,,,,,,,
BIOMD0000000961,s82,0.031796579645461176,0.0,0.9999999999999998,69,931,0.0,0.0,0.0,0.0,0.0,0.0,0.0,0.0,0.0,0.7627168456568122
BIOMD0000000961,s83,0.0,0.0,0.0,49,951,0.0,0.0,0.0,0.0,0.0,0.0,0.0,0.0,0.0,0.0
BIOMD0000000961,s84,0.03552018196463783,0.0,0.9999999999999999,69,931,0.0,0.0,0.0,0.0,0.0,0.0,0.0,0.0,0.04527358857562444,0.8981565014916992
BIOMD0000000961,s65,0.1061484503542999,0.0,1.0,20,980,0.0,0.0,0.0,0.0,0.0,0.0,0.0,0.5313481074552987,0.6191972487199932,0.9238394497439981
BIOMD0000000962,model,0.0,0.0,0.0,4,0,0.0,0.0,0.0,0.0,0.0,0.0,0.0,0.0,0.0,0.0
BIOMD0000000962,Susceptible,0.09860181845352434,0.0,1.0,1000,0,0.0,0.0,0.0,0.0,0.0,0.0,0.0,0.621139257820535,0.8137260166898108,0.9750184520670857
BIOMD0000000962,Unquarantined_Infected,0.0800880904178787,0.0,1.0,777,223,0.0,0.0,0.0,0.0,0.0,0.0,0.0,0.5127066717824221,0.6221826210113767,0.7709723573981921
BIOMD0000000962,Quarantined_Infected,0.0860313485063279,0.0,0.9944499817138961,987,13,0.0,0.0,0.0,0.0,0.0,0.0,0.0,0.5629110368193427,0.672252639511022,0.8564262427173651
BIOMD0000000962,Confirmed_Infected,0.7839050391507031,0.0,0.9994376135246978,999,1,0.0,0.0,0.7325861307218465,0.7864252755704716,0.8416512817028617,0.9009837552962658,0.9605957126592113,0.9743766045418985,0.9859211747722388,0.9969966569294775
BIOMD0000000963,model,0.0,0.0,0.0,3,0,0.0,0.0,0.0,0.0,0.0,0.0,0.0,0.0,0.0,0.0
BIOMD0000000963,Susceptible,0.4678780580279179,0.0,1.0,1000,0,0.0,0.0,0.0,0.0,0.06021712197149146,0.5069351411945219,0.8693176594200669,0.9373242941816075,0.9712044003723059,0.9947489630500238
BIOMD0000000963,Infected,0.3905340131116875,0.0,0.9987218528294546,440,560,0.0,0.0,0.0,0.0,0.0,0.5295570196281038,0.7481509545011517,0.8665751778943297,0.9339675019403874,0.9848887718348028
BIOMD0000000963,Recovered,0.7881762732898046,0.0,0.9997805832388252,907,93,0.0,0.0,0.826629366737579,0.8315498843916287,0.8390735611002412,0.8875537195876706,0.9508035295039245,0.9747548779327871,0.9872521410486615,0.9976136612483373
BIOMD0000000964,model,0.11729066235842761,0.0,0.7037439741505657,6,0,0.0,0.0,0.0,0.0,0.0,0.0,0.0,0.35187198707528283,0.5278079806129242,0.6685567754430375
BIOMD0000000964,Susceptible,0.1827809501091587,0.0,1.0,1000,0,0.0,0.0,0.0,0.0,0.0,0.0,0.4652874456161444,0.9246780616404732,0.9866626809107192,0.9989544390118198
BIOMD0000000964,Exposed,0.3670481939400287,0.0,0.9999999999999999,1000,0,0.0,0.0,0.0,0.0,0.0,0.0,0.9392830601662626,0.9696620463172643,0.9839318685556682,0.9958457336427806
BIOMD0000000964,Infected_Symptomatic,0.5452220615704437,0.0,1.0,1000,0,0.0,0.0,0.0,0.0,0.05704298349746801,0.7240786559752682,0.949892094512091,0.9632122638512638,0.9668360626201782,0.9682876661415287
BIOMD0000000964,Infected_Asymptomatic,0.4953078274257471,0.0,1.0,1000,0,0.0,0.0,0.0,0.0,0.0,0.6275954655297165,0.9444748830871692,0.9599463598709002,0.9640550344669685,0.9655638748760378
BIOMD0000000964,Recovered,0.859618829250603,0.0,0.9999525500748522,999,1,0.670656705200447,0.7037439741505657,0.7644166718786843,0.7923817472442025,0.8185715464584209,0.9016497658211248,0.9679960178791054,0.9815586038758313,0.9898631017754362,0.9977500204635289
BIOMD0000000964,Pathogen_0,0.6117292273421535,0.0,1.0,1000,0,0.0,0.0,0.0,0.15178251477049584,0.37004518551856813,0.8227927497144918,0.9604952236547883,0.9776850702224412,0.9874987378058839,0.9973102708293576
BIOMD0000000965,model,0.34254665832758086,0.0,0.9999999999999846,5,0,0.0012236460176628936,0.0024472920353257872,0.0048945840706515744,0.006118230088314467,0.010609599672634796,0.02857507800991611,0.7424319868317484,0.8712159934158664,0.9356079967079254,0.9871215993415727
BIOMD0000000965,O,0.6195729391399754,0.0,0.9989748296690736,965,35,0.0,0.006118230088314467,0.3825187998992808,0.4729771847116425,0.5515228685873091,0.700126680238671,0.8695927535608191,0.9315592367354958,0.9566894878089676,0.9886176343311142
BIOMD0000000965,I1,0.6205250401286047,0.0,0.999529615805681,960,40,0.0,0.02857507800991611,0.3865553405860454,0.4729749505146187,0.551465589890304,0.7002251600906744,0.8698772705699823,0.9291689983756601,0.955034358583943,0.986953258672861
BIOMD0000000965,I2,0.8384339326549586,0.5930886386796008,0.9999999999999999,1000,0,0.6498644303603931,0.6780399835396892,0.7577245743076654,0.7885126368312229,0.8017474919666902,0.842697997512841,0.9355920971842182,0.9732460593087031,0.9938475995399024,0.9996884870572419
BIOMD0000000965,c,0.26704439804100016,0.0,0.999873829501,999,1,0.0,0.0,0.0,0.0,0.0,0.10877263987417363,0.5616294153208643,0.7938780227662225,0.8864065430140823,0.9755927907912669
BIOMD0000000965,T,0.9999999999999913,0.9999999999999805,1.0,999,1,0.999999999999983,0.9999999999999846,0.9999999999999891,0.9999999999999897,0.99999999999999,0.9999999999999927,0.9999999999999934,0.999999999999996,0.9999999999999978,0.9999999999999997
BIOMD0000000966,model,0.9570337789834831,0.8219918948332136,0.9997705812236423,7,0,0.8482884182214304,0.8745849416096474,0.9228754833324612,0.9427182491402479,0.9625610149480348,0.9934945116277397,0.9992734744418963,0.9994731135474951,0.9996218473855687,0.9997408344560276
BIOMD0000000966,Py,0.8832327672793192,0.1843522914804191,0.9999999999999999,1000,0,0.8079635465212942,0.8219918948332136,0.8478997239593451,0.8597791430371491,0.8707213481557642,0.9077789554826845,0.9424274866066579,0.9485185351425192,0.95735051252012,0.9932433344390722
BIOMD0000000966,Py1,0.999145926763419,0.8863572419145744,0.9999991496247399,999,1,0.9980852059377199,0.9992681651558933,0.9993004671532985,0.9993289777934862,0.9993627791759266,0.9995254011737534,0.9998061330647677,0.9999025471893411,0.9999507912708223,0.9999897393002588
BIOMD0000000966,Dw,0.9284157456762605,0.0,1.0,1000,0,0.8522718608021469,0.9096469727939366,0.9231161554942324,0.9292355061919286,0.9349141791280836,0.9526526314485566,0.965306389131932,0.9665013333585531,0.9667769436232385,0.9668598413795164
BIOMD0000000966,Rw,0.9998243746183357,0.99822808429706,1.0,1000,0,0.9995414795681693,0.9997705812236423,0.9997859433348693,0.9997992061067109,0.9998154575162304,0.9998782700659435,0.9999508770771403,0.9999754401002533,0.9999877129529818,0.9999976447327179
BIOMD0000000966,Qw1,0.9819432558318063,0.8301335505789031,0.9999802132836819,999,1,0.9506663251298889,0.9757895254865594,0.9773998138622578,0.9788271986058734,0.9804984838302305,0.9871476774745844,0.9947972902188444,0.9973780114846316,0.9986615899994441,0.9997325201186332
BIOMD0000000966,Qw2,0.9942449963498668,0.0,0.9999952537311104,999,1,0.9926046545350702,0.9934945116277397,0.9951896578363842,0.9959970310736993,0.9960906773570309,0.9969002546548128,0.9987142768156153,0.9993566417578154,0.9996744954047757,0.9999343601319403
BIOMD0000000966,Zn_2,0.9995555340807768,0.9988616855961663,1.0,1000,0,0.9990088749135675,0.999274801763397,0.9994420741320513,0.999450850342438,0.9994619619453446,0.9995341347168529,0.9997677579255887,0.9998850969218217,0.999943269399782,0.9999906788189389
BIOMD0000000967,model,0.0269107260615326,0.0,0.1076429042461304,4,0,0.0,0.0,0.0,0.0,0.0,0.0,0.0430571616984522,0.0753500329722913,0.0914964686092108,0.10441361711874647
BIOMD0000000967,R,0.5400002341674601,0.06939633495036757,1.0,1000,0,0.08461657698081614,0.1076429042461304,0.18545434849018627,0.24123625231615453,0.30566590066938504,0.5752006481326724,0.8539789456526264,0.9222125923666253,0.9618101813132975,0.9925478393690266
BIOMD0000000967,L,0.23321147189206612,0.0,1.0,1000,0,0.0,0.0,0.0,0.0,0.0,0.0,0.4980996616538796,0.8587301895413854,0.9691173959843954,0.9968053097932362
BIOMD0000000967,E,0.1399811974981644,0.0,0.9937130835818955,999,1,0.0,0.0,0.0,0.0,0.0,0.0,0.3812449735934638,0.5915708988138575,0.6240992522104768,0.9116865458559751
BIOMD0000000967,V,0.1475361305779218,0.0,1.0,1000,0,0.0,0.0,0.0,0.0,0.0,0.0,0.39254473748687474,0.6042576367824218,0.7086280003650084,0.9691553028969045
BIOMD0000000968,model,0.8724022674847609,0.6862345328000932,0.9938326106247294,9,1,0.7047863558881098,0.7233381789761264,0.7432257688574714,0.7503002210823625,0.7844134056821532,0.9300476690327428,0.9774772549750574,0.9842206077526541,0.9890266091886918,0.9928714103375219
BIOMD0000000968,IL7,0.9599801327198069,0.8310691761753807,1.0,630,370,0.8875424400695291,0.9300476690327428,0.935875158733451,0.9405672242538419,0.9467569618862121,0.9655003139402982,0.9894331117651705,0.9942337974110947,0.9971557105875393,0.9993683691548636
BIOMD0000000968,pJAK1,,,,0,1000,,,,,,,,,,
BIOMD0000000968,STAT5,0.9862385113191845,0.9713617398039093,1.0,1000,0,0.9728253405598024,0.9745836869353388,0.9793098503325193,0.9805386127106919,0.9813055575094826,0.9862718562518159,0.9944692860511471,0.9987334193951972,0.9996300385807246,0.9999416460822197
BIOMD0000000968,pSTAT5,0.8975529474136636,0.575024821291929,0.9916746745159315,980,20,0.6679652911353913,0.7326140905201347,0.8061933591042215,0.8292272610087754,0.8501485287311962,0.9467720084215423,0.988318491905098,0.9905028678794826,0.991125384758215,0.9916274379284872
BIOMD0000000968,SOCS1,0.984035175810097,0.8483322183470828,0.9999748785781267,949,51,0.93509865666081,0.9818176070346353,0.986289652486511,0.9866493806491643,0.9867069066919739,0.9888138371937127,0.9950634419529422,0.9965808891286324,0.9969894710088746,0.9981577724361493
BIOMD0000000968,IL7IL7RJAK1,0.902914251614703,0.5558580593876975,0.9999969832953044,996,4,0.6243368107259721,0.6862345328000932,0.7920901398970981,0.8360574804845974,0.8742446538778315,0.9801474823488161,0.9945297426118919,0.9970063602908408,0.9984553814148921,0.9996417752694952
BIOMD0000000968,IL7RJAK1,0.9965547646222704,0.9871766872399299,1.0,1000,0,0.9933905369106841,0.9938326106247294,0.9947504471932898,0.9951453625261917,0.9953089090451973,0.9964336569948363,0.9991133412735209,0.9996426461807784,0.9998036994689282,0.9999649725160865
BIOMD0000000968,IL7IL7RpJAK1,0.9118533834908211,0.5890002423373318,0.9997273279973092,469,531,0.6621284154070346,0.7503002210823625,0.8881544148276578,0.8957206487223542,0.903880519056668,0.9539402298202305,0.9766946834740076,0.9877904494763272,0.9938697543696435,0.998430783966445
BIOMD0000000968,IL7IL7RpJAK1STAT5,0.9527131551640412,0.8194071073905853,0.9998902029525516,573,427,0.8231812593848387,0.8355831825818393,0.9242023908905884,0.9362540644658487,0.9414744972102093,0.978869449855063,0.9964910162766119,0.9982805867271751,0.9989098939562889,0.9996293452884083
BIOMD0000000968,IL7IL7RpJAK1SOCS1,0.9848749827022292,0.509393663902217,0.9999717963208172,905,95,0.9312497475431832,0.9666068067509727,0.9928786676500987,0.9937040536195112,0.9938549700847307,0.9951413358982814,0.9968067775517471,0.9983665105938021,0.99918358036024,0.9997746022746254
BIOMD0000000969,model,0.13193556642172094,0.0,0.9892077539039985,28,0,0.0,0.0,0.0,0.0,0.0,0.0,0.0,0.8649064848552404,0.9362184319686909,0.9828076780750433
BIOMD0000000969,Susceptible_Counties_with_airports,0.9172420658280914,0.8479230026985478,1.0,1000,0,0.8523474940662861,0.857652959724195,0.8708534830704476,0.8782665019909346,0.8856986441892076,0.9109235510979472,0.967360768753235,0.9890717733355836,0.9961407923828275,0.9994738928694245
BIOMD0000000969,Infected_Counties_with_airports,0.007130698906050485,0.0,1.0,1000,0,0.0,0.0,0.0,0.0,0.0,0.0,0.0,0.0,0.0,0.15410472365449723
BIOMD0000000969,Hospitalised_Counties_with_airports,0.0,0.0,0.0,999,1,0.0,0.0,0.0,0.0,0.0,0.0,0.0,0.0,0.0,0.0
BIOMD0000000969,ICU_Counties_with_airports,0.009221427773239609,0.0,0.9915042471158515,992,8,0.0,0.0,0.0,0.0,0.0,0.0,0.0,0.0,0.0,0.44654157475263784
BIOMD0000000969,Deceased_Counties_with_airports,0.0008781578829885333,0.0,0.8772797251055447,999,1,0.0,0.0,0.0,0.0,0.0,0.0,0.0,0.0,0.0,0.0
BIOMD0000000969,Recovered_Counties_with_airports,0.0007731659204810209,0.0,0.7572262919245331,999,1,0.0,0.0,0.0,0.0,0.0,0.0,0.0,0.0,0.0,0.0
BIOMD0000000969,Discharged_Counties_with_airports,0.0,0.0,0.0,994,6,0.0,0.0,0.0,0.0,0.0,0.0,0.0,0.0,0.0,0.0
BIOMD0000000969,Susceptible_Counties_neighbouring_counties_with_airports,0.934619814785922,0.8705148980954089,1.0,1000,0,0.8759704385588739,0.8818313768276796,0.8946476096550818,0.9013487112368832,0.9080045498197254,0.932456574060816,0.9766863733213553,0.9911228380216714,0.9963310648737939,0.9993800946165906
BIOMD0000000969,Infected_Counties_neighbouring_counties_with_airports,0.001,0.0,1.0,1000,0,0.0,0.0,0.0,0.0,0.0,0.0,0.0,0.0,0.0,0.0
BIOMD0000000969,Hospitalised_Counties_neighbouring_counties_with_airports,0.0,0.0,0.0,999,1,0.0,0.0,0.0,0.0,0.0,0.0,0.0,0.0,0.0,0.0
BIOMD0000000969,ICU_Counties_neighbouring_counties_with_airports,0.0,0.0,0.0,994,6,0.0,0.0,0.0,0.0,0.0,0.0,0.0,0.0,0.0,0.0
BIOMD0000000969,Deceased_Counties_neighbouring_counties_with_airports,0.0009253903239207611,0.0,0.9244649335968403,999,1,0.0,0.0,0.0,0.0,0.0,0.0,0.0,0.0,0.0,0.0
BIOMD0000000969,Recovered_Counties_neighbouring_counties_with_airports,0.001419037094505577,0.0,0.9592563228274611,999,1,0.0,0.0,0.0,0.0,0.0,0.0,0.0,0.0,0.0,0.0
BIOMD0000000969,Discharged_Counties_neighbouring_counties_with_airports,0.0,0.0,0.0,995,5,0.0,0.0,0.0,0.0,0.0,0.0,0.0,0.0,0.0,0.0
BIOMD0000000969,Susceptible_Counties_with_highways,0.9820017463614954,0.9619162483389311,1.0,1000,0,0.9636272552506501,0.9655037693523126,0.9696348011762442,0.971770593691325,0.9738637566903413,0.9814985369478539,0.99545005792545,0.9989212713048801,0.9997527954704218,0.9999905027117598
BIOMD0000000969,Infected_Counties_with_highways,0.028010841373208882,0.0,1.0,1000,0,0.0,0.0,0.0,0.0,0.0,0.0,0.0,0.0,0.04485776517389507,0.8497207401734966
BIOMD0000000969,Hospitalised_Counties_with_highways,0.0007268788180724623,0.0,0.4949916575385376,999,1,0.0,0.0,0.0,0.0,0.0,0.0,0.0,0.0,0.0,0.0
BIOMD0000000969,ICU_Counties_with_highways,0.0,0.0,0.0,988,12,0.0,0.0,0.0,0.0,0.0,0.0,0.0,0.0,0.0,0.0
BIOMD0000000969,Deceased_Counties_with_highways,0.013193633705398215,0.0,0.935957143056011,998,2,0.0,0.0,0.0,0.0,0.0,0.0,0.0,0.0,0.0,0.6832652750942545
BIOMD0000000969,Recovered_Counties_with_highways,0.00036095442189537023,0.0,0.3532281010816193,999,1,0.0,0.0,0.0,0.0,0.0,0.0,0.0,0.0,0.0,0.0
BIOMD0000000969,Discharged_Counties_with_highways,0.0,0.0,0.0,991,9,0.0,0.0,0.0,0.0,0.0,0.0,0.0,0.0,0.0,0.0
BIOMD0000000969,Susceptible_Low_risk_counties,0.994546899785307,0.9879017864387283,1.0,1000,0,0.9885350017502512,0.9892077539039985,0.9906239415514537,0.9913303087466692,0.9920118752001116,0.9944975089957276,0.9988230807737315,0.9997489409543175,0.9999471822205264,0.999998159760735
BIOMD0000000969,Infected_Low_risk_counties,0.011159697789370454,0.0,1.0,1000,0,0.0,0.0,0.0,0.0,0.0,0.0,0.0,0.0,0.0,0.6177290449189905
BIOMD0000000969,Hospitalised_Low_risk_counties,0.015317859530159765,0.0,0.8976873386937001,999,1,0.0,0.0,0.0,0.0,0.0,0.0,0.0,0.0,0.0,0.7516693951986246
BIOMD0000000969,ICU_Low_risk_counties,0.012283131512630689,0.0,0.9693927729706621,991,9,0.0,0.0,0.0,0.0,0.0,0.0,0.0,0.0,0.0,0.5711742061951436
BIOMD0000000969,Deceased_Low_risk_counties,0.0,0.0,0.0,997,3,0.0,0.0,0.0,0.0,0.0,0.0,0.0,0.0,0.0,0.0
BIOMD0000000969,Recovered_Low_risk_counties,0.014922580638334284,0.0,0.8654171865080253,999,1,0.0,0.0,0.0,0.0,0.0,0.0,0.0,0.0,0.0,0.721450372302014
BIOMD0000000969,Discharged_Low_risk_counties,0.004049556456188315,0.0,0.2361393340709923,992,8,0.0,0.0,0.0,0.0,0.0,0.0,0.0,0.0,0.0,0.19529929818323533
BIOMD0000000970,model,0.0,0.0,0.0,4,0,0.0,0.0,0.0,0.0,0.0,0.0,0.0,0.0,0.0,0.0
BIOMD0000000970,Susceptible,0.1712798238416511,0.0,1.0,1000,0,0.0,0.0,0.0,0.0,0.0,0.0,0.5519347266493551,0.783859667314097,0.9138402277918879,0.9876987143997895
BIOMD0000000970,Exposed,0.09262304638240723,0.0,1.0,1000,0,0.0,0.0,0.0,0.0,0.0,0.0,0.0,0.4727738724319134,0.5619701599496985,0.820479603985988
BIOMD0000000970,Infected,0.1713082516551702,0.0,0.9999999999999999,1000,0,0.0,0.0,0.0,0.0,0.0,0.0,0.5237593183892532,0.6527352209844238,0.7398526119149983,0.9357098379681673
BIOMD0000000970,Recovered,0.6218361251576329,0.0,1.0,1000,0,0.0,0.0,0.0,0.16600739466209144,0.709000946992903,0.8109731210132072,0.9109290126204245,0.9560498762031864,0.9780562632606857,0.9956382534100636
BIOMD0000000971,model,0.0,0.0,0.0,8,0,0.0,0.0,0.0,0.0,0.0,0.0,0.0,0.0,0.0,0.0
BIOMD0000000971,Susceptible,0.11978807256361727,0.0,1.0,1000,0,0.0,0.0,0.0,0.0,0.0,0.0,0.0,0.7023135393539905,0.9319797122340927,0.9955299891237799
BIOMD0000000971,Exposed,0.001,0.0,1.0,1000,0,0.0,0.0,0.0,0.0,0.0,0.0,0.0,0.0,0.0,0.0
BIOMD0000000971,Infected,0.0031570148809810365,0.0,1.0,1000,0,0.0,0.0,0.0,0.0,0.0,0.0,0.0,0.0,0.0,0.0
BIOMD0000000971,Asymptomatic,0.015635175221207692,0.0,1.0,1000,0,0.0,0.0,0.0,0.0,0.0,0.0,0.0,0.0,0.0,0.8025535942033534
BIOMD0000000971,Susceptible_quarantined,0.001,0.0,1.0,1000,0,0.0,0.0,0.0,0.0,0.0,0.0,0.0,0.0,0.0,0.0
BIOMD0000000971,Exposed_quarantined,0.04301351953746453,0.0,1.0,1000,0,0.0,0.0,0.0,0.0,0.0,0.0,0.0,0.0,0.4232318578598536,0.8998794818630017
BIOMD0000000971,Hospitalised,0.004551653390425524,0.0,1.0,1000,0,0.0,0.0,0.0,0.0,0.0,0.0,0.0,0.0,0.0,0.0
BIOMD0000000971,Recovered,0.002679798466535649,0.0,1.0,1000,0,0.0,0.0,0.0,0.0,0.0,0.0,0.0,0.0,0.0,0.0
BIOMD0000000972,model,0.0,0.0,0.0,8,0,0.0,0.0,0.0,0.0,0.0,0.0,0.0,0.0,0.0,0.0
BIOMD0000000972,Susceptible,0.0015855878923967614,0.0,1.0,987,13,0.0,0.0,0.0,0.0,0.0,0.0,0.0,0.0,0.0,0.0
BIOMD0000000972,Exposed,0.0016988465000400278,0.0,1.0,987,13,0.0,0.0,0.0,0.0,0.0,0.0,0.0,0.0,0.0,0.0
BIOMD0000000972,Infected,0.0010131712259371835,0.0,1.0,987,13,0.0,0.0,0.0,0.0,0.0,0.0,0.0,0.0,0.0,0.0
BIOMD0000000972,Asymptomatic,0.005199072742197057,0.0,1.0,987,13,0.0,0.0,0.0,0.0,0.0,0.0,0.0,0.0,0.0,0.0
BIOMD0000000972,Susceptible_quarantined,0.0010131712259371835,0.0,1.0,987,13,0.0,0.0,0.0,0.0,0.0,0.0,0.0,0.0,0.0,0.0
BIOMD0000000972,Exposed_quarantined,0.0010121457489878543,0.0,1.0,988,12,0.0,0.0,0.0,0.0,0.0,0.0,0.0,0.0,0.0,0.0
BIOMD0000000972,Hospitalised,0.0010131712259371835,0.0,1.0,987,13,0.0,0.0,0.0,0.0,0.0,0.0,0.0,0.0,0.0,0.0
BIOMD0000000972,Recovered,0.003090714344613804,0.0,1.0,987,13,0.0,0.0,0.0,0.0,0.0,0.0,0.0,0.0,0.0,0.0
BIOMD0000000973,model,0.5639319361043408,0.44346627480864376,0.6843975974000378,2,0,0.4555128409382135,0.46755940706778315,0.49165253932692254,0.5036991054564923,0.515745671586062,0.5639319361043408,0.636211332881759,0.6603044651408984,0.6723510312704681,0.6819882841741238
BIOMD0000000973,P,0.8482710798047497,0.5604821956094339,1.0,1000,0,0.6225330443890085,0.6843975974000378,0.7945880310485156,0.7974842704311726,0.8039919109200461,0.8539823341000357,0.9494701286335254,0.9731353073662314,0.9866050243517503,0.9976378222926893
BIOMD0000000973,N,0.769616078286147,0.17100315257502097,0.9999781847673422,999,1,0.31050616621191296,0.44346627480864376,0.6884537453639076,0.7337760354652787,0.7394437308353647,0.8009000495329983,0.940367327864061,0.9659995641308624,0.9827720950950581,0.9964824701574915
BIOMD0000000974,model,0.16666666666666666,0.0,1.0,6,0,0.0,0.0,0.0,0.0,0.0,0.0,0.0,0.5,0.75,0.9500000000000002
BIOMD0000000974,Susceptible,0.26950363678078837,0.0,1.0,1000,0,0.0,0.0,0.0,0.0,0.0,0.0,0.7468215118435086,0.8967341622560545,0.9591462434656268,0.9940960805487895
BIOMD0000000974,Exposed,0.16233166730601525,0.0,1.0,1000,0,0.0,0.0,0.0,0.0,0.0,0.0,0.4994236182611449,0.6303146835143951,0.6751666025298254,0.9254668000491184
BIOMD0000000974,Infected,0.21714680581601137,0.0,0.9999999999999999,1000,0,0.0,0.0,0.0,0.0,0.0,0.0,0.6279646129383023,0.6612732879977417,0.7913727123018771,0.9556198483132006
BIOMD0000000974,Recovered,0.6037323987629724,0.0,0.999970748605979,999,1,0.0,0.0,0.0,0.0,0.44348574079831043,0.7883300968696323,0.9219393594925678,0.9597356589679913,0.9796780783983955,0.9959877791800258
BIOMD0000000974,Deceased,0.607587197456201,0.0,0.9999157763802027,999,1,0.0,0.0,0.0,0.0,0.09534147414037236,0.8635646166476387,0.9427832631564003,0.9721202419465467,0.9859804152818419,0.9969905476742519
BIOMD0000000974,Total_population,1.0,1.0,1.0,1000,0,1.0,1.0,1.0,1.0,1.0,1.0,1.0,1.0,1.0,1.0
BIOMD0000000975,model,0.23010961270614017,0.0,0.8252915569657977,32,0,0.0,0.0,0.0,0.0,0.0,0.13972508875099957,0.3692507938721569,0.8120949170212307,0.8193012634346,0.8252915569657936
BIOMD0000000975,MP_0,0.6476549177636418,0.0,1.0,958,42,0.0,0.1560049401927158,0.4142135327237724,0.47127368047512697,0.5217186086504021,0.723131150098466,0.9247705762040875,0.963193779309087,0.9758759480029212,0.9955946517357855
BIOMD0000000975,MC_0,0.6547379851122568,0.0,1.0,933,67,0.0,0.12344523730905355,0.422661959318488,0.47639678684037157,0.5446993711418924,0.7431873106705429,0.9197757733559719,0.9597453389737803,0.9813094393611226,0.9964439580996971
BIOMD0000000975,MB_0,0.6145865592609527,0.0,1.0,1000,0,0.0,0.0,0.16799588904042972,0.2658926479206684,0.39940683944833005,0.7984732440756466,0.9219719211587658,0.9520289827120321,0.9743167825790822,0.9951387054389217
BIOMD0000000975,PC_0,0.6685911657420701,0.0,1.0,916,84,0.0,0.0,0.2516514310520659,0.4655110261513501,0.6472594146827204,0.8253169240391894,0.9380882159972759,0.968583965988604,0.9891056105927436,0.9982426370429187
BIOMD0000000975,CC_0,0.6146508648252661,0.0,1.0,1000,0,0.0,0.2175877914540235,0.4766527816535474,0.5142777941515304,0.5349947859510478,0.6628763064713619,0.8212663431040031,0.8912220951131236,0.9471521505438251,0.9953144077681283
BIOMD0000000975,PCP_0,0.6888101102448763,0.0,1.0,941,59,0.0,0.16729850369545696,0.3798738247579986,0.5268532081262092,0.6097743341782704,0.8130084580304642,0.9385922460542819,0.9765007588944485,0.991143827209662,0.9983657133257289
BIOMD0000000975,CCP_0,0.9019137207237796,0.7232703155522515,1.0,1000,0,0.7812929752210086,0.8144001141811369,0.8528452116479286,0.8639242441536021,0.872494598187965,0.9058877303710071,0.9579212813794954,0.9765331807434255,0.9904853672871997,0.9983486975172385
BIOMD0000000975,PCC_0,0.47811555942030753,0.0,0.9999999999999999,795,205,0.0,0.0,0.07794149072326845,0.19500172091156776,0.27305813457085765,0.5088327433037425,0.8002843861161365,0.893872792434465,0.9570304835505091,0.9953096755940114
BIOMD0000000975,PCN_0,0.4028966577109324,0.0,1.0,576,424,0.0,0.0,0.0,0.0,0.09357755961872122,0.4218967830170607,0.7157775018792025,0.8501919482463435,0.9530034178746709,0.9963942847621531
BIOMD0000000975,PCNP_0,0.511382965630599,0.0,0.9999999999999999,662,338,0.0,0.0,0.10604393446281564,0.2573344204983984,0.31562779962711074,0.5507215145754217,0.8512405703357192,0.9641916009111997,0.9904267388599733,0.9987717465699433
BIOMD0000000975,PCCP_0,0.5981287267727208,0.0,1.0,841,159,0.0,0.21712672304572778,0.3403337338934477,0.38302318765285726,0.43708132221640583,0.6378317011712897,0.8617074282407559,0.935123703498016,0.9689378581333349,0.9984520084258461
BIOMD0000000975,BC_0,0.6380534642954288,0.0,1.0,1000,0,0.0,0.0,0.2418017752253856,0.34981403871135186,0.44929365851430286,0.7606705949351044,0.9774687794907126,0.9896949592471337,0.9947082813325238,0.9990811057207202
BIOMD0000000975,BCP_0,0.9003606285203454,0.714304389616819,1.0,1000,0,0.7631943925034165,0.7913481425820634,0.8397402077308056,0.853304503570551,0.8669499931115893,0.9060386570711882,0.9718614676795106,0.9876392416230798,0.9928376145276124,0.9986368895781532
BIOMD0000000975,BN_0,0.5430973448715857,0.0,1.0,1000,0,0.0,0.0,0.0,0.1137183091955968,0.2920303157242088,0.6302373375143759,0.9140505904528489,0.9597255836525375,0.9764834392836161,0.9952366580638
BIOMD0000000975,BNP_0,0.8880315649943202,0.7825418198869909,1.0,1000,0,0.8065398337732324,0.8252915569657846,0.8329236485450463,0.8375570363948004,0.8412224867217148,0.8867390140044944,0.9396993108798564,0.963789859984593,0.9916245005563104,0.998758521066513
BIOMD0000000975,IN_0,0.7079570494803165,0.0,1.0,490,510,0.23936016802218063,0.36925079387140847,0.4955391372840855,0.5395584515503837,0.592335493731845,0.7370552961593018,0.9420092296464905,0.9790731331053016,0.9901023710222495,0.9972631731534349
BIOMD0000000975,MP,0.6476549177633144,0.0,1.0,958,42,0.0,0.1560049401932125,0.4142135327256985,0.4712736804753985,0.5217186086531873,0.7231311500965047,0.9247705762024201,0.9631937793122732,0.9758759480050465,0.9955946517349177
BIOMD0000000975,MC,0.654737985112303,0.0,1.0,933,67,0.0,0.12344523730928332,0.422661959318558,0.4763967868404707,0.5446993711417468,0.7431873106698028,0.9197757733561134,0.9597453389742239,0.9813094393615046,0.9964439580995423
BIOMD0000000975,MB,0.6145865592608477,0.0,1.0,1000,0,0.0,0.0,0.16799588903998205,0.2658926479203465,0.3994068394483939,0.7984732440757281,0.921971921158554,0.9520289827124729,0.9743167825790948,0.9951387054389242
BIOMD0000000975,PC,0.6685911657422043,0.0,1.0,916,84,0.0,0.0,0.25165143105376186,0.4655110261561497,0.6472594146834283,0.8253169240371061,0.9380882159964437,0.9685839659897357,0.9891056105932876,0.9982426370447898
BIOMD0000000975,CC,0.6146508648247001,0.0,1.0,1000,0,0.0,0.21758779145178037,0.47665278165096603,0.514277794150299,0.5349947859479769,0.6628763064698275,0.8212663431054587,0.8912220951145031,0.947152150551377,0.9953144077681382
BIOMD0000000975,PCP,0.6888101102455839,0.0,1.0,941,59,0.0,0.16729850369588528,0.3798738247607697,0.5268532081185348,0.6097743341785404,0.8130084580345959,0.9385922460552153,0.9765007588954631,0.991143827211955,0.9983657133230213
BIOMD0000000975,CCP,0.9019137207230665,0.7232703155507447,1.0,1000,0,0.7812929752190549,0.8144001141818126,0.8528452116483518,0.8639242441531494,0.8724945981878024,0.9058877303690699,0.9579212813775464,0.9765331807434063,0.9904853672872644,0.9983486975172534
BIOMD0000000975,PCC,0.47811555941938333,0.0,1.0,795,205,0.0,0.0,0.07794149071851329,0.19500172091029305,0.27305813456959094,0.5088327433048114,0.8002843861151352,0.893872792433403,0.9570304835507777,0.9953096755948448
BIOMD0000000975,PCN,0.40289665771003025,0.0,1.0,576,424,0.0,0.0,0.0,0.0,0.09357755961517655,0.4218967830166583,0.7157775018797047,0.850191948246414,0.953003417871747,0.9963942847621543
BIOMD0000000975,PCCP,0.5981287267691844,0.0,0.9999999999999999,841,159,0.0,0.21712672304692415,0.34033373387673094,0.3830231876537725,0.4370813222023996,0.637831701178363,0.8617074282406763,0.9351237034851579,0.9689378581340571,0.998452008425847
BIOMD0000000975,PCNP,0.5113829656295326,0.0,1.0,662,338,0.0,0.0,0.10604393445920457,0.2573344204958392,0.31562779962547083,0.5507215145734596,0.8512405703354563,0.9641916009118146,0.9904267388599716,0.9987717465720849
BIOMD0000000975,BC,0.6380534642953937,0.0,0.9999999999999999,1000,0,0.0,0.0,0.24180177522762006,0.3498140387099199,0.44929365851385616,0.7606705949397523,0.9774687794880764,0.98969495924527,0.9947082813353336,0.9990811057187486
BIOMD0000000975,BCP,0.9003606285203793,0.714304389616923,1.0,1000,0,0.7631943925034236,0.7913481425820748,0.8397402077308315,0.8533045035706329,0.8669499931116167,0.9060386570711367,0.9718614676795874,0.9876392416231531,0.9928376145277198,0.9986368895782621
BIOMD0000000975,BN,0.5430973448718294,0.0,0.9999999999999999,1000,0,0.0,0.0,0.0,0.1137183091959274,0.2920303157454539,0.6302373375145232,0.9140505904535929,0.9597255836526596,0.9764834392836527,0.9952366580638075
BIOMD0000000975,BNP,0.8880315649943376,0.7825418198870115,1.0,1000,0,0.8065398337732406,0.8252915569657977,0.8329236485450585,0.8375570363948208,0.8412224867217324,0.8867390140045106,0.9396993108798828,0.9637898599846064,0.9916245005562806,0.9987585210665094
BIOMD0000000975,IN,0.7079570494797883,0.0,1.0,490,510,0.2393601680237188,0.36925079387234405,0.4955391372813023,0.5395584515508558,0.5923354937313351,0.7370552961572792,0.9420092296465246,0.9790731331049374,0.9901023710233557,0.9972631731561955
BIOMD0000000976,model,0.27035958854726216,0.0,0.997937676948404,4,0,0.0,0.0,0.0,0.0,0.0,0.041750338620322396,0.44927547712374877,0.7236065770360764,0.8607721269922397,0.9705045669571709
BIOMD0000000976,Susceptible,0.998902741548374,0.997343362066883,1.0,1000,0,0.997649142653373,0.997937676948404,0.9984231855454851,0.9986022878143757,0.9987339483688216,0.9989439781813306,0.9993099220524423,0.9998217071356353,0.9999448700975477,0.9999935314286569
BIOMD0000000976,Infected_strong_immune_system,0.21218727063433018,0.0,1.0,1000,0,0.0,0.0,0.0,0.0,0.0,0.08821218043852186,0.4708282050046389,0.532260939807358,0.7085994878878947,0.9499997932056105
BIOMD0000000976,Infected_weak_immune_system,0.2084354066901577,0.0,1.0,1000,0,0.0,0.0,0.0,0.0,0.0,0.10033148989109819,0.44167111368236917,0.48957389085874103,0.7277422680807768,0.9537427275336842
BIOMD0000000976,Recovered,0.2831779101774431,0.07289850394940078,1.0,1000,0,0.07564101376737882,0.08350067724064479,0.11184352853039348,0.12776839787316507,0.13809509048951063,0.1776404372604331,0.4264377274874408,0.7807155413932694,0.9316154133539546,0.9966233349103085
BIOMD0000000977,model,0.0,0.0,0.0,6,0,0.0,0.0,0.0,0.0,0.0,0.0,0.0,0.0,0.0,0.0
BIOMD0000000977,Susceptible,0.21356434965936702,0.0,0.9999999999999999,1000,0,0.0,0.0,0.0,0.0,0.0,0.0,0.6745869427147781,0.9580844110815977,0.9914582077241646,0.9993354805179393
BIOMD0000000977,Infected,0.006172828676486377,0.0,1.0,1000,0,0.0,0.0,0.0,0.0,0.0,0.0,0.0,0.0,0.0,0.0008507085268242954
BIOMD0000000977,Asymptomatic,0.002322402425655714,0.0,1.0,1000,0,0.0,0.0,0.0,0.0,0.0,0.0,0.0,0.0,0.0,0.0
BIOMD0000000977,Susceptible_quarantined,0.12786893289364434,0.0,1.0,1000,0,0.0,0.0,0.0,0.0,0.0,0.0,0.0,0.8076697620319819,0.9662022437719122,0.9976426693322862
BIOMD0000000977,Exposed_quarantined,0.0,0.0,0.0,999,1,0.0,0.0,0.0,0.0,0.0,0.0,0.0,0.0,0.0,0.0
BIOMD0000000977,Recovered,0.0015015641242821255,0.0,0.5237311885476001,999,1,0.0,0.0,0.0,0.0,0.0,0.0,0.0,0.0,0.0,0.0
BIOMD0000000978,model,0.6501083413571775,0.3725314634266958,0.9999782088052125,4,0,0.3968319542833459,0.42113244513999604,0.4697334268532962,0.4940339177099463,0.5183344085665964,0.6139618465984009,0.8160246579575483,0.9080014333813804,0.9539898210932963,0.9907805312628292
BIOMD0000000978,Susceptible,0.9999937578747938,0.999955446981005,1.0,1000,0,0.9999688413865027,0.9999782088052125,0.9999893407596472,0.9999925443040454,0.999994784532735,0.9999987486264869,0.9999998503679649,0.9999999290517322,0.9999999592013463,0.9999999897875932
BIOMD0000000978,Exposed,0.6021529696994121,0.1692340925627971,0.6907004104265833,999,1,0.2703341740308204,0.3725314634266958,0.5261810652023823,0.5747749218356243,0.6093776095866398,0.6714639608677861,0.6889124216360608,0.6900984138040857,0.6904463059153194,0.6906552514511765
BIOMD0000000978,Infected,0.7588192505234959,0.6625878700829644,0.9999999999999999,1000,0,0.6928984654760539,0.6933889573924387,0.6950915914556044,0.6965059692208044,0.6984405220467197,0.7168474130136195,0.8295505917235916,0.9074726540212162,0.9524004599645303,0.989786264277824
BIOMD0000000978,Recovered,0.6473340821511122,0.3373782559715781,0.6912342001540875,999,1,0.45140685505465117,0.5345347358043632,0.6236312686070737,0.6458586049440967,0.660406120190079,0.6843330241375513,0.690641743707942,0.6910461616234786,0.691157748284285,0.6912210603449852
BIOMD0000000979,model,0.8640094279042966,0.7814476414571289,1.0,5,0,0.7911852765031036,0.8009229115490781,0.8203981816410274,0.8301358166870021,0.831599753737603,0.8374555019400065,0.8968065435498764,0.9484032717749382,0.9742016358874691,0.9948403271774938
BIOMD0000000979,Susceptible,0.9204186442035186,0.7938968802486217,1.0,1000,0,0.8164580009024744,0.8374555019400065,0.8605141910961109,0.8731384073062716,0.8862076774966623,0.9377125911409682,0.9769384559572,0.9875004425993156,0.9936564377054617,0.9984990713416451
BIOMD0000000979,Exposed,0.8955662938286912,0.0,1.0,1000,0,0.6832506940635232,0.8301358166870021,0.9019190567737568,0.9101037526649447,0.9182914245182139,0.9368090854621482,0.9594081587351845,0.9784322427675528,0.9889519979437135,0.9979465551214503
BIOMD0000000979,Infected,0.9060650967093481,0.1121162534971003,1.0,1000,0,0.49807810367738264,0.8710081794373455,0.9243990608095778,0.9329315781937065,0.9364017711568103,0.9490301899176232,0.9705334840386174,0.9843668742840214,0.9919972103557836,0.9982585398828858
BIOMD0000000979,Recovered,0.9223626284517782,0.0,0.9999593627554417,999,1,0.485954943743989,0.7814476414571289,0.9496976179017473,0.9541213343315478,0.9577089894858969,0.9716518929372252,0.986934534868246,0.991383560580097,0.9946133573726845,0.9988390989542117
BIOMD0000000979,Total_population,1.0,1.0,1.0,1000,0,1.0,1.0,1.0,1.0,1.0,1.0,1.0,1.0,1.0,1.0
BIOMD0000000980,model,0.8640094279042966,0.7814476414571289,1.0,5,0,0.7911852765031036,0.8009229115490781,0.8203981816410274,0.8301358166870021,0.831599753737603,0.8374555019400065,0.8968065435498764,0.9484032717749382,0.9742016358874691,0.9948403271774938
BIOMD0000000980,Susceptible,0.9204186442035186,0.7938968802486217,1.0,1000,0,0.8164580009024744,0.8374555019400065,0.8605141910961109,0.8731384073062716,0.8862076774966623,0.9377125911409682,0.9769384559572,0.9875004425993156,0.9936564377054617,0.9984990713416451
BIOMD0000000980,Exposed,0.8955662938286912,0.0,1.0,1000,0,0.6832506940635232,0.8301358166870021,0.9019190567737568,0.9101037526649447,0.9182914245182139,0.9368090854621482,0.9594081587351845,0.9784322427675528,0.9889519979437135,0.9979465551214503
BIOMD0000000980,Infected,0.9060650967093481,0.1121162534971003,1.0,1000,0,0.49807810367738264,0.8710081794373455,0.9243990608095778,0.9329315781937065,0.9364017711568103,0.9490301899176232,0.9705334840386174,0.9843668742840214,0.9919972103557836,0.9982585398828858
BIOMD0000000980,Recovered,0.9223626284517782,0.0,0.9999593627554417,999,1,0.485954943743989,0.7814476414571289,0.9496976179017473,0.9541213343315478,0.9577089894858969,0.9716518929372252,0.986934534868246,0.991383560580097,0.9946133573726845,0.9988390989542117
BIOMD0000000980,Total_population,1.0,1.0,1.0,1000,0,1.0,1.0,1.0,1.0,1.0,1.0,1.0,1.0,1.0,1.0
BIOMD0000000981,model,0.10305927075051893,0.0,0.9999693071682086,10,1,0.0,0.0,0.0,0.0,0.0,0.0,0.006124680067396125,0.12755799102010307,0.563763649094155,0.9127281755533982
BIOMD0000000981,Susceptible,0.9999776746212121,0.9999682624962111,1.0,1000,0,0.9999685381350673,0.9999693071682086,0.9999717787007214,0.9999731775103835,0.9999745141314583,0.9999783081896234,0.9999802175543978,0.9999829479683451,0.9999926265450162,0.9999984482691165
BIOMD0000000981,Exposed,0.11769126846496172,0.0,1.0,1000,0,0.0,0.0,0.0,0.0,0.0,0.0,0.18593235003897335,0.49023249413058984,0.7242159099981668,0.9436721446996424
BIOMD0000000981,Infected,0.001,0.0,1.0,1000,0,0.0,0.0,0.0,0.0,0.0,0.0,0.0,0.0,0.0,0.0
BIOMD0000000981,Asymptomatic,0.15981575072221724,0.0,1.0,1000,0,0.0,0.0,0.0,0.0,0.0,0.0,0.3226314682346154,0.6289535148546972,0.8225527296716704,0.9698902767654408
BIOMD0000000981,Susceptible_isolated,0.17182308950053427,0.0,0.8702742025627916,999,1,0.0,0.0,0.0,0.0,0.014324038924593321,0.08534832580825014,0.31914612836120226,0.5198377281571079,0.6693642113279287,0.8221890989649686
BIOMD0000000981,Quarantined,,,,0,1000,,,,,,,,,,
BIOMD0000000981,Hospitalised,0.018403629541698406,0.0,1.0,1000,0,0.0,0.0,0.0,0.0,0.0,0.015030647289729915,0.02267704574558085,0.023652571168510807,0.023877883624725087,0.17887484773857257
BIOMD0000000981,Recovered,0.08489116571532998,0.029209919445567722,1.0,1000,0,0.029593524919918773,0.030623400336980598,0.03324388373387377,0.03430659944601697,0.03511164090479639,0.03657528786611536,0.037873184988162126,0.14458703809572887,0.466127975992794,0.868903544713248
BIOMD0000000981,Deceased,0.0,0.0,0.0,984,16,0.0,0.0,0.0,0.0,0.0,0.0,0.0,0.0,0.0,0.0
BIOMD0000000981,Recovered_from_hospitals,0.0,0.0,0.0,998,2,0.0,0.0,0.0,0.0,0.0,0.0,0.0,0.0,0.0,0.0
BIOMD0000000981,Total_reported_cases,0.011611902025034745,0.0,1.0,1000,0,0.0,0.0,0.0,0.0,0.0,0.0,0.0,0.0,0.0,0.522405667782366
BIOMD0000000982,model,0.37032199336719734,0.0,0.9998197878497423,3,0,0.011114619225184976,0.02222923845036995,0.0444584769007399,0.05557309612592488,0.06668771535110984,0.11114619225184975,0.6443503496105853,0.8220850687301638,0.910952428289953,0.9820463159377845
BIOMD0000000982,Susceptible,0.9998884540059412,0.9998122730055431,1.0,1000,0,0.9998158130684005,0.9998197878497423,0.9998292791295721,0.9998349375469457,0.999841312115087,0.9998756024083209,0.9999532071232576,0.9999794234009779,0.999990638351495,0.9999982926574763
BIOMD0000000982,Infected,0.1565778909994697,0.0,1.0,1000,0,0.0,0.0,0.0,0.0,0.0,0.04349500027065395,0.2921739627209538,0.511166575428583,0.7023970843273815,0.9288067532241405
BIOMD0000000982,Removed,0.34774385783154843,0.08603409321085653,0.9999999999999999,1000,0,0.09826953899617819,0.11114619225184975,0.13923740999824014,0.1547573112773477,0.17154957460843137,0.2590110399012545,0.5516095544388592,0.7580783652514439,0.8923904015930967,0.9911223436617864
BIOMD0000000983,model,0.0,0.0,0.0,7,0,0.0,0.0,0.0,0.0,0.0,0.0,0.0,0.0,0.0,0.0
BIOMD0000000983,S_c,0.18226708842267547,0.0,0.9979819514579402,832,168,0.0,0.0,0.0,0.0,0.0,0.0,0.5651640628222956,0.7251459699432105,0.8523219268037253,0.9705680082370108
BIOMD0000000983,S_u,0.24099173454902975,0.0,0.9999999999999999,1000,0,0.0,0.0,0.0,0.0,0.0,0.0,0.8659051247020573,0.9545764648772891,0.9824617888842491,0.9971583986118366
BIOMD0000000983,E,0.1568875738648335,0.0,1.0,1000,0,0.0,0.0,0.0,0.0,0.0,0.0,0.3051080848115295,0.5892440356114883,0.7871786225470965,0.9593757682468839
BIOMD0000000983,I_r,0.21055995643792277,0.0,1.0,1000,0,0.0,0.0,0.0,0.0,0.0,0.0,0.43413466801573813,0.7018081228193895,0.8558516655383693,0.9770369150385854
BIOMD0000000983,I_u,0.18239912685336804,0.0,1.0,1000,0,0.0,0.0,0.0,0.0,0.0,0.0,0.3709095782434912,0.6607716396906742,0.8372654209684017,0.9758154410451254
BIOMD0000000983,R,0.29041208486215725,0.0,0.9972360868810317,999,1,0.0,0.0,0.0,0.0,0.0,0.26078053919430555,0.5817522531072634,0.782402118530781,0.8877177347965224,0.969405079307239
BIOMD0000000983,Q,0.18627435450454072,0.0,1.0,1000,0,0.0,0.0,0.0,0.0,0.0,0.0,0.3830258510654303,0.6570873992194752,0.8223454090165094,0.9660505090011668
BIOMD0000000984,model,0.2,0.0,1.0,5,0,0.0,0.0,0.0,0.0,0.0,0.0,0.20000000000000018,0.6000000000000001,0.7999999999999998,0.96
BIOMD0000000984,Susceptible,0.22241054903350974,0.0,1.0,1000,0,0.0,0.0,0.0,0.0,0.0,0.0,0.5981602323618511,0.8314581818177003,0.9410297974801072,0.9924995936815744
BIOMD0000000984,Exposed,0.029552784054161743,0.0,0.9868851188454087,999,1,0.0,0.0,0.0,0.0,0.0,0.0,0.0,0.0,0.17262728517696427,0.8007764678259538
BIOMD0000000984,Infected,0.05185075853666679,0.0,1.0,1000,0,0.0,0.0,0.0,0.0,0.0,0.0,0.0,0.12343357303495112,0.4532570602291408,0.8838140045855313
BIOMD0000000984,Recovered,0.4470399000503848,0.0,0.9954542687737493,999,1,0.0,0.0,0.0,0.0,0.0,0.5679516311514372,0.7466985185278274,0.7813228217304614,0.7900652763879633,0.9257605041910896
BIOMD0000000984,Total_population,1.0,1.0,1.0,1000,0,1.0,1.0,1.0,1.0,1.0,1.0,1.0,1.0,1.0,1.0
BIOMD0000000985,model,0.6201341946507732,0.06360381982632143,1.0,5,2,0.14456275453610887,0.2255216892458963,0.38743955866547114,0.4683984933752586,0.4884525268805252,0.5686686609015918,0.9999999993205554,0.9999999996602777,0.9999999998301389,0.9999999999660277
BIOMD0000000985,Ligand_EGF,0.9999999994822116,0.9999999991354298,1.0,1000,0,0.9999999991393475,0.9999999991506943,0.9999999991943759,0.999999999225258,0.9999999992608378,0.99999999943791,0.9999999997764509,0.9999999999089947,0.9999999999673268,0.9999999999938949
BIOMD0000000985,Surface_Receptor_External,1.0,1.0,1.0,1,999,1.0,1.0,1.0,1.0,1.0,1.0,1.0,1.0,1.0,1.0
BIOMD0000000985,Receptor_Ligand_Complex,0.5541220527656502,0.00045319120887821196,0.9997758113519734,999,1,0.026045118525921965,0.06360381982632143,0.18180811691191545,0.25595428429069905,0.33380780113661834,0.6343151090892953,0.8679314112561719,0.9340387127316828,0.9668982497933759,0.9931958216146625
BIOMD0000000985,Internalised_receptors,0.7425030411187,0.560239722615526,1.0,1000,0,0.5623599862822379,0.5686686609015918,0.5926903353804318,0.6093374861596058,0.6287685487296842,0.7247404935546157,0.8929015322636237,0.9503121346220202,0.9784038399541163,0.9970187917208769
BIOMD0000000985,Receptor_Ligand_Pit_Protein_complex,,,,0,1000,,,,,,,,,,
BIOMD0000000985,Free_pit_proteins,,,,0,1000,,,,,,,,,,
BIOMD0000000985,Internalised_Ligand,0.703142732003635,0.10762048124175161,0.9994313698780259,999,1,0.45544708986056787,0.4683984933752586,0.5139207904909041,0.542497686101783,0.5740031132190272,0.7028088957301337,0.8854502598035673,0.942945915212584,0.9712887165131208,0.9941684904833628
BIOMD0000000986,model,0.9220699723365597,0.7726930453107091,0.999988071938723,6,0,0.7924020588514892,0.8121110723922693,0.8515290994738294,0.8657364659789897,0.8799438324841499,0.9541378340091764,0.999933949277744,0.9999610106082335,0.9999745412734782,0.999985365805674
BIOMD0000000986,FITC_Dextran_three_compartment_model_compartment_1,0.9999884189718723,0.9999879402089441,0.9999893602392738,999,1,0.9999879638934913,0.999988071938723,0.9999882433829687,0.9999882926229655,0.9999883218215171,0.9999883542299935,0.99998855406197,0.9999889340029078,0.9999891362859268,0.9999893154499404
BIOMD0000000986,FITC_Dextran_three_compartment_model_compartment_2,0.9999449847573232,0.9999337024361967,0.9999795421995166,998,2,0.9999337964341125,0.999933949277744,0.9999343338519797,0.9999346479618525,0.9999350787958254,0.9999387932077655,0.9999566945671645,0.9999668361444866,0.9999728957979581,0.9999780227483727
BIOMD0000000986,FITC_Dextran_three_compartment_model_compartment_3,0.9999338733217202,0.999916314023219,0.9999815822908765,992,8,0.9999166590660773,0.9999171025238823,0.999918342580693,0.9999192273385716,0.9999203364464485,0.9999278546831069,0.999950065909461,0.9999613895262596,0.9999678536184916,0.9999743322795959
BIOMD0000000986,Pyranine_three_compartment_model_compartment_1,0.923844100167115,0.0,0.9998894457150885,640,360,0.9046106705156576,0.9083585654944704,0.9177070970405432,0.9216009376110941,0.9269914202001496,0.9490618865668503,0.976570442678884,0.9880012181247659,0.9940131477678138,0.9987326975250552
BIOMD0000000986,Pyranine_three_compartment_model_compartment_2,0.9042824335319298,0.0,0.9999437931832074,639,361,0.21038189645677605,0.8515290994738294,0.9410999288644571,0.9452611004505413,0.9510343029480322,0.9701134286381955,0.9889023035014223,0.9943034760065389,0.9971386554702236,0.9993339142726637
BIOMD0000000986,Pyranine_three_compartment_model_compartment_3,0.917404376002342,0.0,0.9999722776316918,632,368,0.5917578248739764,0.7726930453107091,0.9583135362417878,0.9590815606829504,0.9609769315759523,0.9752061434725269,0.9870589117080945,0.9905223619353468,0.9937492521634222,0.9986897880070571
BIOMD0000000987,model,0.9972445389981175,0.9951944112233542,0.9980558202810581,9,0,0.995383018579497,0.9955716259356399,0.9966502160865353,0.9973064070684179,0.9974281907586166,0.9977603862388784,0.997910682365358,0.9979652633032827,0.9980105417921704,0.9980467645832806
BIOMD0000000987,FITC_Dextran_three_compartment_model_compartment_1,0.9969349875092369,0.995112753492841,0.9999990775989007,999,1,0.9951471294050974,0.9951944112233542,0.9953406089572276,0.9954456007904924,0.9955748293406163,0.9963437818835543,0.9989020753017555,0.9999243827519533,0.9999478086581751,0.9999870700504783
BIOMD0000000987,FITC_Dextran_three_compartment_model_compartment_2,0.9988071483019548,0.9978222959420406,0.9999998618030151,998,2,0.9978393462227131,0.9978893879030373,0.9980737258212107,0.9981966213069576,0.9983324222702336,0.9988617619058455,0.9993180711099016,0.9998400070346471,0.9999642613831984,0.9999974654291888
BIOMD0000000987,FITC_Dextran_three_compartment_model_compartment_3,0.996980101276169,0.9956379005572009,0.9991582044996464,994,6,0.9956501526287067,0.9956659296137113,0.9957159884684393,0.9957578387959133,0.9958194891641087,0.9964914387387123,0.9985800263875475,0.9990125780303583,0.9991215030869299,0.999156581986578
BIOMD0000000987,FITC_Dextran_nine_compartment_model_compartment_4,0.998796593132264,0.9960263229650289,0.999995877492112,984,16,0.997805914989964,0.9980558202810581,0.998112095063674,0.998155857733648,0.998215950826798,0.9986710514003356,0.9997061795204094,0.9999205758441352,0.9999766797797356,0.9999950531741282
BIOMD0000000987,FITC_Dextran_nine_compartment_model_compartment_5,0.9987160163130033,0.9969019239126616,0.9998596596346762,969,31,0.9977244342983529,0.9977603862388784,0.9978713122450629,0.9979538908162112,0.9980555344431745,0.9986624859362343,0.9996294155769522,0.999800816328244,0.9998446263236664,0.9998590150225145
BIOMD0000000987,FITC_Dextran_nine_compartment_model_compartment_6,0.9989377773747575,0.9976492170286304,0.9999999315381238,951,49,0.997703271531575,0.9977750183018466,0.9979893406688914,0.9981263787170112,0.9982786331493749,0.999009616343068,0.9999040485326678,0.9999379959530299,0.9999674616950573,0.9999933768783351
BIOMD0000000987,FITC_Dextran_nine_compartment_model_compartment_7,0.9987572794906002,0.9974319407369682,0.9997402446814192,930,70,0.9975108349342096,0.9976108662939145,0.9978860500782285,0.9980449079669288,0.9982039220587102,0.9988681314398673,0.9995916099301813,0.9997028047047111,0.9997306696467452,0.9997398401088776
BIOMD0000000987,FITC_Dextran_nine_compartment_model_compartment_8,0.9982544533882394,0.997101667060436,0.9990524743263419,906,94,0.9972008705852236,0.9973064070684179,0.9975436866793977,0.9976766160696718,0.9978132289956941,0.9983582049444193,0.9989338733160118,0.9990225831055959,0.9990450339709728,0.9990521723685285
BIOMD0000000987,FITC_Dextran_nine_compartment_model_compartment_9,0.9988005258054831,0.9976990385232197,0.9994827629574619,883,117,0.9978219725918678,0.9979426240588389,0.9981860403744064,0.9983111635575468,0.9984398281765466,0.998914310707117,0.9993874967069344,0.9994588131583162,0.9994766286868458,0.9994824990529847
BIOMD0000000988,model,0.0,0.0,0.0,11,0,0.0,0.0,0.0,0.0,0.0,0.0,0.0,0.0,0.0,0.0
BIOMD0000000988,infected_nontested_0,0.001,0.0,1.0,1000,0,0.0,0.0,0.0,0.0,0.0,0.0,0.0,0.0,0.0,0.0
BIOMD0000000988,infected_tested_0,0.0009999999999999998,0.0,0.9999999999999999,1000,0,0.0,0.0,0.0,0.0,0.0,0.0,0.0,0.0,0.0,0.0
BIOMD0000000988,uninfected_nontested_0,0.007735777967595369,0.0,1.0,1000,0,0.0,0.0,0.0,0.0,0.0,0.0,0.0,0.0,0.0,0.13510173588111996
BIOMD0000000988,uninfected_tested_0,0.0,0.0,0.0,999,1,0.0,0.0,0.0,0.0,0.0,0.0,0.0,0.0,0.0,0.0
BIOMD0000000988,symptoms_tested_0,0.0,0.0,0.0,999,1,0.0,0.0,0.0,0.0,0.0,0.0,0.0,0.0,0.0,0.0
BIOMD0000000988,symptoms_nontested_0,0.0,0.0,0.0,981,19,0.0,0.0,0.0,0.0,0.0,0.0,0.0,0.0,0.0,0.0
BIOMD0000000988,recovered_tested_0,0.0007450516717425054,0.0,0.7435615683990204,998,2,0.0,0.0,0.0,0.0,0.0,0.0,0.0,0.0,0.0,0.0
BIOMD0000000988,recovered_nontested_0,0.0,0.0,0.0,967,33,0.0,0.0,0.0,0.0,0.0,0.0,0.0,0.0,0.0,0.0
BIOMD0000000988,dead_corona_tested_0,0.0002952535570975122,0.0,0.2928915286407321,992,8,0.0,0.0,0.0,0.0,0.0,0.0,0.0,0.0,0.0,0.0
BIOMD0000000988,dead_corona_nontested_0,0.0,0.0,0.0,994,6,0.0,0.0,0.0,0.0,0.0,0.0,0.0,0.0,0.0,0.0
BIOMD0000000988,dead_noncorona_0,0.01535144021059163,0.0,0.9166303851453641,999,1,0.0,0.0,0.0,0.0,0.0,0.0,0.0,0.0,0.0,0.6183367586172338
BIOMD0000000989,model,0.0,0.0,0.0,23,0,0.0,0.0,0.0,0.0,0.0,0.0,0.0,0.0,0.0,0.0
BIOMD0000000989,TGFb_R1_surface,0.001004016064257028,0.0,1.0,996,4,0.0,0.0,0.0,0.0,0.0,0.0,0.0,0.0,0.0,0.0
BIOMD0000000989,TGFb_R2_surface,0.001004016064257028,0.0,1.0,996,4,0.0,0.0,0.0,0.0,0.0,0.0,0.0,0.0,0.0,0.0
BIOMD0000000989,TGFb_R1_endo,0.0017991661013125918,0.0,1.0,996,4,0.0,0.0,0.0,0.0,0.0,0.0,0.0,0.0,0.0,0.0
BIOMD0000000989,TGFb_R2_endo,0.001778953399050518,0.0,1.0,997,3,0.0,0.0,0.0,0.0,0.0,0.0,0.0,0.0,0.0,0.0
BIOMD0000000989,TGFb,0.0076676316670900215,0.0,1.0,996,4,0.0,0.0,0.0,0.0,0.0,0.0,0.0,0.0,0.0,0.0
BIOMD0000000989,TGFb_In,0.0,0.0,0.0,938,62,0.0,0.0,0.0,0.0,0.0,0.0,0.0,0.0,0.0,0.0
BIOMD0000000989,Active_R2,0.0003678806808464151,0.0,0.36640915812302943,996,4,0.0,0.0,0.0,0.0,0.0,0.0,0.0,0.0,0.0,0.0
BIOMD0000000989,Active_Rec,0.0,0.0,0.0,996,4,0.0,0.0,0.0,0.0,0.0,0.0,0.0,0.0,0.0,0.0
BIOMD0000000989,Active_Rec_endo,0.0005773803734115544,0.0,0.5744934715444967,995,5,0.0,0.0,0.0,0.0,0.0,0.0,0.0,0.0,0.0,0.0
BIOMD0000000989,Inactive_Rec,0.0,0.0,0.0,995,5,0.0,0.0,0.0,0.0,0.0,0.0,0.0,0.0,0.0,0.0
BIOMD0000000989,pS2_c,0.0,0.0,0.0,996,4,0.0,0.0,0.0,0.0,0.0,0.0,0.0,0.0,0.0,0.0
BIOMD0000000989,S2_c,0.002073799846757577,0.0,1.0,997,3,0.0,0.0,0.0,0.0,0.0,0.0,0.0,0.0,0.0,0.0
BIOMD0000000989,S4_c,0.0022941101528970768,0.0,1.0,997,3,0.0,0.0,0.0,0.0,0.0,0.0,0.0,0.0,0.0,0.0
BIOMD0000000989,pS2_pS2_S4_c,0.0,0.0,0.0,995,5,0.0,0.0,0.0,0.0,0.0,0.0,0.0,0.0,0.0,0.0
BIOMD0000000989,pS2_pS2_pS2_c,0.0001636152018058198,0.0,0.16263351059498488,994,6,0.0,0.0,0.0,0.0,0.0,0.0,0.0,0.0,0.0,0.0
BIOMD0000000989,Smad7mRNA,0.001048598928062012,0.0,1.0,996,4,0.0,0.0,0.0,0.0,0.0,0.0,0.0,0.0,0.0,0.0
BIOMD0000000989,S7,0.001004016064257028,0.0,1.0,996,4,0.0,0.0,0.0,0.0,0.0,0.0,0.0,0.0,0.0,0.0
BIOMD0000000989,Smad7mRNA1,0.001004016064257028,0.0,1.0,996,4,0.0,0.0,0.0,0.0,0.0,0.0,0.0,0.0,0.0,0.0
BIOMD0000000989,pS2_n,0.0,0.0,0.0,995,5,0.0,0.0,0.0,0.0,0.0,0.0,0.0,0.0,0.0,0.0
BIOMD0000000989,pS2_pS2_S4_n,0.0,0.0,0.0,995,5,0.0,0.0,0.0,0.0,0.0,0.0,0.0,0.0,0.0,0.0
BIOMD0000000989,pS2_pS2_pS2_n,0.0,0.0,0.0,994,6,0.0,0.0,0.0,0.0,0.0,0.0,0.0,0.0,0.0,0.0
BIOMD0000000989,S2_n,0.0021316413156934086,0.0,1.0,996,4,0.0,0.0,0.0,0.0,0.0,0.0,0.0,0.0,0.0,0.0
BIOMD0000000989,S4_n,0.002483808796338768,0.0,1.0,996,4,0.0,0.0,0.0,0.0,0.0,0.0,0.0,0.0,0.0,0.0
BIOMD0000000990,model,0.0,0.0,0.0,23,0,0.0,0.0,0.0,0.0,0.0,0.0,0.0,0.0,0.0,0.0
BIOMD0000000990,TGFb_R1_surface,0.001004016064257028,0.0,1.0,996,4,0.0,0.0,0.0,0.0,0.0,0.0,0.0,0.0,0.0,0.0
BIOMD0000000990,TGFb_R2_surface,0.001004016064257028,0.0,1.0,996,4,0.0,0.0,0.0,0.0,0.0,0.0,0.0,0.0,0.0,0.0
BIOMD0000000990,TGFb_R1_endo,0.0017991661013125918,0.0,1.0,996,4,0.0,0.0,0.0,0.0,0.0,0.0,0.0,0.0,0.0,0.0
BIOMD0000000990,TGFb_R2_endo,0.001778953399050518,0.0,1.0,997,3,0.0,0.0,0.0,0.0,0.0,0.0,0.0,0.0,0.0,0.0
BIOMD0000000990,TGFb,0.0076676316670900215,0.0,1.0,996,4,0.0,0.0,0.0,0.0,0.0,0.0,0.0,0.0,0.0,0.0
BIOMD0000000990,TGFb_In,0.0,0.0,0.0,938,62,0.0,0.0,0.0,0.0,0.0,0.0,0.0,0.0,0.0,0.0
BIOMD0000000990,Active_R2,0.0003678806808464151,0.0,0.36640915812302943,996,4,0.0,0.0,0.0,0.0,0.0,0.0,0.0,0.0,0.0,0.0
BIOMD0000000990,Active_Rec,0.0,0.0,0.0,996,4,0.0,0.0,0.0,0.0,0.0,0.0,0.0,0.0,0.0,0.0
BIOMD0000000990,Active_Rec_endo,0.0005773803734115544,0.0,0.5744934715444967,995,5,0.0,0.0,0.0,0.0,0.0,0.0,0.0,0.0,0.0,0.0
BIOMD0000000990,Inactive_Rec,0.0,0.0,0.0,995,5,0.0,0.0,0.0,0.0,0.0,0.0,0.0,0.0,0.0,0.0
BIOMD0000000990,pS2_c,0.0,0.0,0.0,996,4,0.0,0.0,0.0,0.0,0.0,0.0,0.0,0.0,0.0,0.0
BIOMD0000000990,S2_c,0.002073799846757577,0.0,1.0,997,3,0.0,0.0,0.0,0.0,0.0,0.0,0.0,0.0,0.0,0.0
BIOMD0000000990,S4_c,0.0022941101528970768,0.0,1.0,997,3,0.0,0.0,0.0,0.0,0.0,0.0,0.0,0.0,0.0,0.0
BIOMD0000000990,pS2_pS2_S4_c,0.0,0.0,0.0,995,5,0.0,0.0,0.0,0.0,0.0,0.0,0.0,0.0,0.0,0.0
BIOMD0000000990,pS2_pS2_pS2_c,0.0001636152018058198,0.0,0.16263351059498488,994,6,0.0,0.0,0.0,0.0,0.0,0.0,0.0,0.0,0.0,0.0
BIOMD0000000990,Smad7mRNA,0.001048598928062012,0.0,1.0,996,4,0.0,0.0,0.0,0.0,0.0,0.0,0.0,0.0,0.0,0.0
BIOMD0000000990,S7,0.001004016064257028,0.0,1.0,996,4,0.0,0.0,0.0,0.0,0.0,0.0,0.0,0.0,0.0,0.0
BIOMD0000000990,Smad7mRNA1,0.001004016064257028,0.0,1.0,996,4,0.0,0.0,0.0,0.0,0.0,0.0,0.0,0.0,0.0,0.0
BIOMD0000000990,pS2_n,0.0,0.0,0.0,995,5,0.0,0.0,0.0,0.0,0.0,0.0,0.0,0.0,0.0,0.0
BIOMD0000000990,pS2_pS2_S4_n,0.0,0.0,0.0,995,5,0.0,0.0,0.0,0.0,0.0,0.0,0.0,0.0,0.0,0.0
BIOMD0000000990,pS2_pS2_pS2_n,0.0,0.0,0.0,994,6,0.0,0.0,0.0,0.0,0.0,0.0,0.0,0.0,0.0,0.0
BIOMD0000000990,S2_n,0.0021316413156934086,0.0,1.0,996,4,0.0,0.0,0.0,0.0,0.0,0.0,0.0,0.0,0.0,0.0
BIOMD0000000990,S4_n,0.002483808796338768,0.0,1.0,996,4,0.0,0.0,0.0,0.0,0.0,0.0,0.0,0.0,0.0,0.0
BIOMD0000000991,model,0.0,0.0,0.0,8,0,0.0,0.0,0.0,0.0,0.0,0.0,0.0,0.0,0.0,0.0
BIOMD0000000991,susceptible,0.13175530209379138,0.0,1.0,1000,0,0.0,0.0,0.0,0.0,0.0,0.0,0.0,0.7566216869032987,0.9477912689525463,0.9972006469333702
BIOMD0000000991,exposed,0.001287629350958477,0.0,1.0,1000,0,0.0,0.0,0.0,0.0,0.0,0.0,0.0,0.0,0.0,0.0
BIOMD0000000991,asymptomatic,0.004200140582000202,0.0,1.0,1000,0,0.0,0.0,0.0,0.0,0.0,0.0,0.0,0.0,0.0,0.0
BIOMD0000000991,symptomatic,0.0029154090634250706,0.0,1.0,1000,0,0.0,0.0,0.0,0.0,0.0,0.0,0.0,0.0,0.0,0.0
BIOMD0000000991,detected,0.0024717965911234515,0.0,1.0,1000,0,0.0,0.0,0.0,0.0,0.0,0.0,0.0,0.0,0.0,0.0
BIOMD0000000991,recovered,0.0013787381965986805,0.0,0.7118374988281553,999,1,0.0,0.0,0.0,0.0,0.0,0.0,0.0,0.0,0.0,0.0
BIOMD0000000991,deceased,0.0014278490575006094,0.0,0.9268427323399011,999,1,0.0,0.0,0.0,0.0,0.0,0.0,0.0,0.0,0.0,0.0
BIOMD0000000991,detected_cumulative,0.002041200757138386,0.0,1.0,1000,0,0.0,0.0,0.0,0.0,0.0,0.0,0.0,0.0,0.0,0.0
BIOMD0000000994,model,0.9999999999999993,0.9999999999999972,0.9999999999999999,11,12,0.9999999999999972,0.9999999999999972,0.9999999999999996,0.9999999999999996,0.9999999999999996,0.9999999999999998,0.9999999999999999,0.9999999999999999,0.9999999999999999,0.9999999999999999
BIOMD0000000994,TGFb_R1_surface,1.0,0.9999999999999996,1.0,1000,0,0.9999999999999996,0.9999999999999996,0.9999999999999996,0.9999999999999996,0.9999999999999996,0.9999999999999998,1.0,1.0,1.0,1.0
BIOMD0000000994,TGFb_R2_surface,0.9999999999999984,0.9999999999999968,1.0,1000,0,0.999999999999997,0.9999999999999972,0.9999999999999974,0.9999999999999976,0.9999999999999978,0.9999999999999984,0.9999999999999993,0.9999999999999998,0.9999999999999999,1.0
BIOMD0000000994,TGFb_R1_endo,1.0,0.9999999999999998,1.0,1000,0,0.9999999999999998,0.9999999999999998,0.9999999999999998,0.9999999999999998,0.9999999999999998,1.0,1.0,1.0,1.0,1.0
BIOMD0000000994,TGFb_R2_endo,0.9999999999999984,0.9999999999999968,1.0,1000,0,0.9999999999999971,0.9999999999999972,0.9999999999999974,0.9999999999999977,0.9999999999999979,0.9999999999999983,0.9999999999999993,0.9999999999999997,0.9999999999999999,1.0
BIOMD0000000994,TGFb,,,,0,1000,,,,,,,,,,
BIOMD0000000994,TGFb_In,,,,0,1000,,,,,,,,,,
BIOMD0000000994,Active_R2,,,,0,1000,,,,,,,,,,
BIOMD0000000994,Active_Rec,,,,0,1000,,,,,,,,,,
BIOMD0000000994,Active_Rec_endo,,,,0,1000,,,,,,,,,,
BIOMD0000000994,Inactive_Rec,,,,0,1000,,,,,,,,,,
BIOMD0000000994,pS2_c,,,,0,1000,,,,,,,,,,
BIOMD0000000994,S2_c,1.0,0.9999999999999998,1.0,1000,0,0.9999999999999998,0.9999999999999998,0.9999999999999998,1.0,1.0,1.0,1.0,1.0,1.0,1.0
BIOMD0000000994,S4_c,0.9999999999999999,0.9999999999999999,0.9999999999999999,1000,0,0.9999999999999999,0.9999999999999999,0.9999999999999999,0.9999999999999999,0.9999999999999999,0.9999999999999999,0.9999999999999999,0.9999999999999999,0.9999999999999999,0.9999999999999999
BIOMD0000000994,pS2_pS2_S4_c,,,,0,1000,,,,,,,,,,
BIOMD0000000994,pS2_pS2_pS2_c,,,,0,1000,,,,,,,,,,
BIOMD0000000994,Smad7mRNA,1.0,0.9999999999999999,1.0,1000,0,0.9999999999999999,0.9999999999999999,0.9999999999999999,0.9999999999999999,0.9999999999999999,0.9999999999999999,1.0,1.0,1.0,1.0
BIOMD0000000994,S7,0.9999999999999999,0.9999999999999997,0.9999999999999999,1000,0,0.9999999999999997,0.9999999999999997,0.9999999999999997,0.9999999999999999,0.9999999999999999,0.9999999999999999,0.9999999999999999,0.9999999999999999,0.9999999999999999,0.9999999999999999
BIOMD0000000994,Smad7mRNA1,0.9999999999999999,0.9999999999999996,0.9999999999999997,1000,0,0.9999999999999996,0.9999999999999996,0.9999999999999997,0.9999999999999997,0.9999999999999997,0.9999999999999997,0.9999999999999997,0.9999999999999997,0.9999999999999997,0.9999999999999997
BIOMD0000000994,pS2_n,,,,0,1000,,,,,,,,,,
BIOMD0000000994,pS2_pS2_S4_n,,,,0,1000,,,,,,,,,,
BIOMD0000000994,pS2_pS2_pS2_n,,,,0,1000,,,,,,,,,,
BIOMD0000000994,S2_n,1.0,0.9999999999999998,1.0,1000,0,0.9999999999999999,0.9999999999999999,0.9999999999999999,1.0,1.0,1.0,1.0,1.0,1.0,1.0
BIOMD0000000994,S4_n,1.0,0.9999999999999997,1.0,1000,0,0.9999999999999998,0.9999999999999998,0.9999999999999998,0.9999999999999998,0.9999999999999998,0.9999999999999998,1.0,1.0,1.0,1.0
BIOMD0000000995,model,0.9999999999999993,0.999999999999997,0.9999999999999999,11,12,0.9999999999999971,0.9999999999999972,0.9999999999999996,0.9999999999999996,0.9999999999999997,0.9999999999999998,0.9999999999999999,0.9999999999999999,0.9999999999999999,0.9999999999999999
BIOMD0000000995,TGFb_R1_surface,1.0,0.9999999999999996,1.0,1000,0,0.9999999999999998,0.9999999999999998,0.9999999999999998,0.9999999999999998,0.9999999999999998,0.9999999999999998,0.9999999999999998,1.0,1.0,1.0
BIOMD0000000995,TGFb_R2_surface,0.9999999999999984,0.9999999999999967,1.0,1000,0,0.9999999999999969,0.999999999999997,0.9999999999999974,0.9999999999999976,0.9999999999999977,0.9999999999999983,0.9999999999999993,0.9999999999999998,0.9999999999999999,1.0
BIOMD0000000995,TGFb_R1_endo,1.0,0.9999999999999998,1.0,1000,0,0.9999999999999998,0.9999999999999998,0.9999999999999998,0.9999999999999998,0.9999999999999998,0.9999999999999998,0.9999999999999998,0.9999999999999998,1.0,1.0
BIOMD0000000995,TGFb_R2_endo,0.9999999999999984,0.9999999999999967,1.0,1000,0,0.9999999999999971,0.9999999999999972,0.9999999999999974,0.9999999999999977,0.9999999999999979,0.9999999999999984,0.9999999999999993,0.9999999999999997,0.9999999999999999,1.0
BIOMD0000000995,TGFb,,,,0,1000,,,,,,,,,,
BIOMD0000000995,TGFb_In,,,,0,1000,,,,,,,,,,
BIOMD0000000995,Active_R2,,,,0,1000,,,,,,,,,,
BIOMD0000000995,Active_Rec,,,,0,1000,,,,,,,,,,
BIOMD0000000995,Active_Rec_endo,,,,0,1000,,,,,,,,,,
BIOMD0000000995,Inactive_Rec,,,,0,1000,,,,,,,,,,
BIOMD0000000995,pS2_c,,,,0,1000,,,,,,,,,,
BIOMD0000000995,S2_c,1.0,0.9999999999999998,1.0,1000,0,0.9999999999999998,0.9999999999999998,1.0,1.0,1.0,1.0,1.0,1.0,1.0,1.0
BIOMD0000000995,S4_c,1.0,0.9999999999999999,1.0,1000,0,0.9999999999999999,0.9999999999999999,0.9999999999999999,0.9999999999999999,0.9999999999999999,0.9999999999999999,0.9999999999999999,1.0,1.0,1.0
BIOMD0000000995,pS2_pS2_S4_c,,,,0,1000,,,,,,,,,,
BIOMD0000000995,pS2_pS2_pS2_c,,,,0,1000,,,,,,,,,,
BIOMD0000000995,Smad7mRNA,1.0,0.9999999999999999,1.0,1000,0,0.9999999999999999,0.9999999999999999,0.9999999999999999,0.9999999999999999,0.9999999999999999,0.9999999999999999,1.0,1.0,1.0,1.0
BIOMD0000000995,S7,0.9999999999999999,0.9999999999999997,0.9999999999999999,1000,0,0.9999999999999997,0.9999999999999997,0.9999999999999997,0.9999999999999997,0.9999999999999997,0.9999999999999999,0.9999999999999999,0.9999999999999999,0.9999999999999999,0.9999999999999999
BIOMD0000000995,Smad7mRNA1,0.9999999999999999,0.9999999999999996,0.9999999999999997,1000,0,0.9999999999999996,0.9999999999999996,0.9999999999999997,0.9999999999999997,0.9999999999999997,0.9999999999999997,0.9999999999999997,0.9999999999999997,0.9999999999999997,0.9999999999999997
BIOMD0000000995,pS2_n,,,,0,1000,,,,,,,,,,
BIOMD0000000995,pS2_pS2_S4_n,,,,0,1000,,,,,,,,,,
BIOMD0000000995,pS2_pS2_pS2_n,,,,0,1000,,,,,,,,,,
BIOMD0000000995,S2_n,1.0,0.9999999999999998,1.0,1000,0,0.9999999999999999,0.9999999999999999,0.9999999999999999,0.9999999999999999,0.9999999999999999,0.9999999999999999,0.9999999999999999,0.9999999999999999,0.9999999999999999,1.0
BIOMD0000000995,S4_n,1.0,0.9999999999999997,1.0,1000,0,0.9999999999999997,0.9999999999999997,0.9999999999999998,0.9999999999999998,0.9999999999999998,0.9999999999999998,1.0,1.0,1.0,1.0
BIOMD0000000996,model,0.9999999999999996,0.9999999999999982,0.9999999999999999,11,12,0.9999999999999982,0.9999999999999982,0.9999999999999997,0.9999999999999998,0.9999999999999998,0.9999999999999998,0.9999999999999999,0.9999999999999999,0.9999999999999999,0.9999999999999999
BIOMD0000000996,TGFb_R1_surface,0.9999999999999999,0.9999999999999998,1.0,1000,0,0.9999999999999998,0.9999999999999998,0.9999999999999998,0.9999999999999998,0.9999999999999998,0.9999999999999998,0.9999999999999998,0.9999999999999998,0.9999999999999998,1.0
BIOMD0000000996,TGFb_R2_surface,0.9999999999999991,0.9999999999999976,1.0,1000,0,0.999999999999998,0.9999999999999982,0.9999999999999987,0.9999999999999987,0.9999999999999989,0.9999999999999991,0.9999999999999994,0.9999999999999997,0.9999999999999999,1.0
BIOMD0000000996,TGFb_R1_endo,1.0,0.9999999999999998,1.0,1000,0,0.9999999999999998,0.9999999999999998,0.9999999999999998,0.9999999999999998,0.9999999999999998,0.9999999999999998,1.0,1.0,1.0,1.0
BIOMD0000000996,TGFb_R2_endo,0.9999999999999991,0.9999999999999974,1.0,1000,0,0.9999999999999979,0.9999999999999982,0.9999999999999988,0.9999999999999989,0.9999999999999989,0.9999999999999991,0.9999999999999997,0.9999999999999998,0.9999999999999999,1.0
BIOMD0000000996,TGFb,,,,0,1000,,,,,,,,,,
BIOMD0000000996,TGFb_In,,,,0,1000,,,,,,,,,,
BIOMD0000000996,Active_R2,,,,0,1000,,,,,,,,,,
BIOMD0000000996,Active_Rec,,,,0,1000,,,,,,,,,,
BIOMD0000000996,Active_Rec_endo,,,,0,1000,,,,,,,,,,
BIOMD0000000996,Inactive_Rec,,,,0,1000,,,,,,,,,,
BIOMD0000000996,pS2_c,,,,0,1000,,,,,,,,,,
BIOMD0000000996,S2_c,0.9999999999999999,0.9999999999999998,0.9999999999999998,1000,0,0.9999999999999998,0.9999999999999998,0.9999999999999998,0.9999999999999998,0.9999999999999998,0.9999999999999998,0.9999999999999998,0.9999999999999998,0.9999999999999998,0.9999999999999998
BIOMD0000000996,S4_c,1.0,0.9999999999999998,1.0,1000,0,0.9999999999999998,0.9999999999999999,0.9999999999999999,0.9999999999999999,0.9999999999999999,0.9999999999999999,1.0,1.0,1.0,1.0
BIOMD0000000996,pS2_pS2_S4_c,,,,0,1000,,,,,,,,,,
BIOMD0000000996,pS2_pS2_pS2_c,,,,0,1000,,,,,,,,,,
BIOMD0000000996,Smad7mRNA,1.0,0.9999999999999999,1.0,1000,0,0.9999999999999999,0.9999999999999999,0.9999999999999999,0.9999999999999999,0.9999999999999999,0.9999999999999999,1.0,1.0,1.0,1.0
BIOMD0000000996,S7,0.9999999999999999,0.9999999999999999,0.9999999999999999,1000,0,0.9999999999999999,0.9999999999999999,0.9999999999999999,0.9999999999999999,0.9999999999999999,0.9999999999999999,0.9999999999999999,0.9999999999999999,0.9999999999999999,0.9999999999999999
BIOMD0000000996,Smad7mRNA1,0.9999999999999999,0.9999999999999997,0.9999999999999997,1000,0,0.9999999999999997,0.9999999999999997,0.9999999999999997,0.9999999999999997,0.9999999999999997,0.9999999999999997,0.9999999999999997,0.9999999999999997,0.9999999999999997,0.9999999999999997
BIOMD0000000996,pS2_n,,,,0,1000,,,,,,,,,,
BIOMD0000000996,pS2_pS2_S4_n,,,,0,1000,,,,,,,,,,
BIOMD0000000996,pS2_pS2_pS2_n,,,,0,1000,,,,,,,,,,
BIOMD0000000996,S2_n,1.0,0.9999999999999998,1.0,1000,0,0.9999999999999999,0.9999999999999999,0.9999999999999999,0.9999999999999999,0.9999999999999999,0.9999999999999999,0.9999999999999999,1.0,1.0,1.0
BIOMD0000000996,S4_n,1.0,0.9999999999999998,1.0,1000,0,0.9999999999999998,0.9999999999999998,1.0,1.0,1.0,1.0,1.0,1.0,1.0,1.0
BIOMD0000000997,model,0.0,0.0,0.0,23,0,0.0,0.0,0.0,0.0,0.0,0.0,0.0,0.0,0.0,0.0
BIOMD0000000997,TGFb_R1_surface,0.002418210214342007,0.0,1.0,1000,0,0.0,0.0,0.0,0.0,0.0,0.0,0.0,0.0,0.0,0.0
BIOMD0000000997,TGFb_R2_surface,0.001,0.0,1.0,1000,0,0.0,0.0,0.0,0.0,0.0,0.0,0.0,0.0,0.0,0.0
BIOMD0000000997,TGFb_R1_endo,0.04424235155883702,0.0,1.0,1000,0,0.0,0.0,0.0,0.0,0.0,0.0,0.0,0.0,0.3810165883487851,0.9783987459904694
BIOMD0000000997,TGFb_R2_endo,0.02420792962825512,0.0,0.9999999999999999,1000,0,0.0,0.0,0.0,0.0,0.0,0.0,0.0,0.0,0.0,0.9579344739294152
BIOMD0000000997,TGFb,0.12526484178714584,0.0,1.0,1000,0,0.0,0.0,0.0,0.0,0.0,0.0,0.0,0.9153963637773675,0.9945646876827241,0.9991977591959983
BIOMD0000000997,TGFb_In,0.002150081690820162,0.0,0.7646798133882532,996,4,0.0,0.0,0.0,0.0,0.0,0.0,0.0,0.0,0.0,0.0
BIOMD0000000997,Active_R2,0.003749142514014508,0.0,0.7892147022723566,999,1,0.0,0.0,0.0,0.0,0.0,0.0,0.0,0.0,0.0,0.0
BIOMD0000000997,Active_Rec,0.0030547965108670343,0.0,0.704778300410272,999,1,0.0,0.0,0.0,0.0,0.0,0.0,0.0,0.0,0.0,0.0
BIOMD0000000997,Active_Rec_endo,0.007375706040871104,0.0,0.9841749618453193,999,1,0.0,0.0,0.0,0.0,0.0,0.0,0.0,0.0,0.0,0.3373619225046754
BIOMD0000000997,Inactive_Rec,0.002291980041879882,0.0,0.8857982056540945,999,1,0.0,0.0,0.0,0.0,0.0,0.0,0.0,0.0,0.0,0.0
BIOMD0000000997,pS2_c,0.006675930033084797,0.0,0.9701549278881071,999,1,0.0,0.0,0.0,0.0,0.0,0.0,0.0,0.0,0.0,0.21808168616992368
BIOMD0000000997,S2_c,0.042427673051688514,0.0,1.0,1000,0,0.0,0.0,0.0,0.0,0.0,0.0,0.0,0.0,0.19562308014389712,0.9823517014483149
BIOMD0000000997,S4_c,0.06657930769914307,0.0,1.0,1000,0,0.0,0.0,0.0,0.0,0.0,0.0,0.0,0.0,0.7605354851168463,0.9743124978882023
BIOMD0000000997,pS2_pS2_S4_c,0.014717393194510677,0.0,0.940029529124259,999,1,0.0,0.0,0.0,0.0,0.0,0.0,0.0,0.0,0.0,0.5819268648033814
BIOMD0000000997,pS2_pS2_pS2_c,0.007156594053336718,0.0,0.9794377225924765,993,7,0.0,0.0,0.0,0.0,0.0,0.0,0.0,0.0,0.0,0.2543837042964178
BIOMD0000000997,Smad7mRNA,0.01042365003370194,0.0,1.0,1000,0,0.0,0.0,0.0,0.0,0.0,0.0,0.0,0.0,0.0,0.5417290666406059
BIOMD0000000997,S7,0.0030004781932764396,0.0,1.0,1000,0,0.0,0.0,0.0,0.0,0.0,0.0,0.0,0.0,0.0,0.0
BIOMD0000000997,Smad7mRNA1,0.005056862889901783,0.0,1.0,1000,0,0.0,0.0,0.0,0.0,0.0,0.0,0.0,0.0,0.0,0.0
BIOMD0000000997,pS2_n,0.0006921121139241484,0.0,0.24440714002678232,998,2,0.0,0.0,0.0,0.0,0.0,0.0,0.0,0.0,0.0,0.0
BIOMD0000000997,pS2_pS2_S4_n,0.009647876752851314,0.0,0.9699428579840732,998,2,0.0,0.0,0.0,0.0,0.0,0.0,0.0,0.0,0.0,0.5517784805446874
BIOMD0000000997,pS2_pS2_pS2_n,0.007507126500540294,0.0,0.9945505583556858,991,9,0.0,0.0,0.0,0.0,0.0,0.0,0.0,0.0,0.0,0.27264462913800724
BIOMD0000000997,S2_n,0.04265609538152823,0.0,0.9999999999999999,1000,0,0.0,0.0,0.0,0.0,0.0,0.0,0.0,0.0,0.3085596154866165,0.9876284646206924
BIOMD0000000997,S4_n,0.04612029547608554,0.0,1.0,1000,0,0.0,0.0,0.0,0.0,0.0,0.0,0.0,0.0,0.539743842911433,0.9742879512720501
BIOMD0000000998,model,0.0,0.0,0.0,23,0,0.0,0.0,0.0,0.0,0.0,0.0,0.0,0.0,0.0,0.0
BIOMD0000000998,TGFb_R1_surface,0.001629895814413031,0.0,1.0,1000,0,0.0,0.0,0.0,0.0,0.0,0.0,0.0,0.0,0.0,0.0
BIOMD0000000998,TGFb_R2_surface,0.0009999999999999998,0.0,0.9999999999999999,1000,0,0.0,0.0,0.0,0.0,0.0,0.0,0.0,0.0,0.0,0.0
BIOMD0000000998,TGFb_R1_endo,0.00360802568050339,0.0,1.0,1000,0,0.0,0.0,0.0,0.0,0.0,0.0,0.0,0.0,0.0,0.0
BIOMD0000000998,TGFb_R2_endo,0.003910970718460916,0.0,0.9999999999999999,1000,0,0.0,0.0,0.0,0.0,0.0,0.0,0.0,0.0,0.0,0.0
BIOMD0000000998,TGFb,0.019036528095960393,0.0,1.0,1000,0,0.0,0.0,0.0,0.0,0.0,0.0,0.0,0.0,0.0,0.9970615557625839
BIOMD0000000998,TGFb_In,0.0,0.0,0.0,996,4,0.0,0.0,0.0,0.0,0.0,0.0,0.0,0.0,0.0,0.0
BIOMD0000000998,Active_R2,0.0,0.0,0.0,999,1,0.0,0.0,0.0,0.0,0.0,0.0,0.0,0.0,0.0,0.0
BIOMD0000000998,Active_Rec,0.0005017408603046884,0.0,0.5012391194443837,999,1,0.0,0.0,0.0,0.0,0.0,0.0,0.0,0.0,0.0,0.0
BIOMD0000000998,Active_Rec_endo,0.000182542590806388,0.0,0.09176090612676369,999,1,0.0,0.0,0.0,0.0,0.0,0.0,0.0,0.0,0.0,0.0
BIOMD0000000998,Inactive_Rec,0.0006106485619336681,0.0,0.6100379133717344,999,1,0.0,0.0,0.0,0.0,0.0,0.0,0.0,0.0,0.0,0.0
BIOMD0000000998,pS2_c,2.3744751601922112e-06,0.0,0.002372100685032019,999,1,0.0,0.0,0.0,0.0,0.0,0.0,0.0,0.0,0.0,0.0
BIOMD0000000998,S2_c,0.0075234778555310225,0.0,1.0,1000,0,0.0,0.0,0.0,0.0,0.0,0.0,0.0,0.0,0.0,0.0
BIOMD0000000998,S4_c,0.008146693921494788,0.0,1.0,1000,0,0.0,0.0,0.0,0.0,0.0,0.0,0.0,0.0,0.0,0.002444549500355638
BIOMD0000000998,pS2_pS2_S4_c,0.00032333307063022327,0.0,0.32300973755959306,999,1,0.0,0.0,0.0,0.0,0.0,0.0,0.0,0.0,0.0,0.0
BIOMD0000000998,pS2_pS2_pS2_c,0.0,0.0,0.0,996,4,0.0,0.0,0.0,0.0,0.0,0.0,0.0,0.0,0.0,0.0
BIOMD0000000998,Smad7mRNA,0.004236185474676305,0.0,1.0,1000,0,0.0,0.0,0.0,0.0,0.0,0.0,0.0,0.0,0.0,0.0
BIOMD0000000998,Smad7mRNA1,0.002585690219746053,0.0,1.0,1000,0,0.0,0.0,0.0,0.0,0.0,0.0,0.0,0.0,0.0,0.0
BIOMD0000000998,S7,0.0029694970806664342,0.0,1.0,1000,0,0.0,0.0,0.0,0.0,0.0,0.0,0.0,0.0,0.0,0.0
BIOMD0000000998,pS2_n,0.00044739901101858797,0.0,0.4469516120075694,999,1,0.0,0.0,0.0,0.0,0.0,0.0,0.0,0.0,0.0,0.0
BIOMD0000000998,pS2_pS2_S4_n,0.00017027553836908722,0.0,0.17010526283071814,999,1,0.0,0.0,0.0,0.0,0.0,0.0,0.0,0.0,0.0,0.0
BIOMD0000000998,pS2_pS2_pS2_n,0.0,0.0,0.0,996,4,0.0,0.0,0.0,0.0,0.0,0.0,0.0,0.0,0.0,0.0
BIOMD0000000998,S2_n,0.007458265295632718,0.0,1.0,1000,0,0.0,0.0,0.0,0.0,0.0,0.0,0.0,0.0,0.0,0.0
BIOMD0000000998,S4_n,0.007237414152474981,0.0,1.0,1000,0,0.0,0.0,0.0,0.0,0.0,0.0,0.0,0.0,0.0,0.0
BIOMD0000000999,model,0.0,0.0,0.0,23,0,0.0,0.0,0.0,0.0,0.0,0.0,0.0,0.0,0.0,0.0
BIOMD0000000999,TGFb_R1_surface,0.001,0.0,1.0,1000,0,0.0,0.0,0.0,0.0,0.0,0.0,0.0,0.0,0.0,0.0
BIOMD0000000999,TGFb_R2_surface,0.001,0.0,1.0,1000,0,0.0,0.0,0.0,0.0,0.0,0.0,0.0,0.0,0.0,0.0
BIOMD0000000999,TGFb_R1_endo,0.0027571890391753524,0.0,1.0,1000,0,0.0,0.0,0.0,0.0,0.0,0.0,0.0,0.0,0.0,0.0
BIOMD0000000999,TGFb_R2_endo,0.001,0.0,1.0,1000,0,0.0,0.0,0.0,0.0,0.0,0.0,0.0,0.0,0.0,0.0
BIOMD0000000999,TGFb,0.03402048895478635,0.0,1.0,1000,0,0.0,0.0,0.0,0.0,0.0,0.0,0.0,0.0,0.0,0.9948849912105031
BIOMD0000000999,TGFb_In,0.0,0.0,0.0,999,1,0.0,0.0,0.0,0.0,0.0,0.0,0.0,0.0,0.0,0.0
BIOMD0000000999,Active_R2,0.0,0.0,0.0,999,1,0.0,0.0,0.0,0.0,0.0,0.0,0.0,0.0,0.0,0.0
BIOMD0000000999,Active_Rec,0.0,0.0,0.0,999,1,0.0,0.0,0.0,0.0,0.0,0.0,0.0,0.0,0.0,0.0
BIOMD0000000999,Active_Rec_endo,0.0009080291945287402,0.0,0.9071211653342115,999,1,0.0,0.0,0.0,0.0,0.0,0.0,0.0,0.0,0.0,0.0
BIOMD0000000999,Inactive_Rec,0.0,0.0,0.0,999,1,0.0,0.0,0.0,0.0,0.0,0.0,0.0,0.0,0.0,0.0
BIOMD0000000999,pS2_c,0.0,0.0,0.0,999,1,0.0,0.0,0.0,0.0,0.0,0.0,0.0,0.0,0.0,0.0
BIOMD0000000999,S2_c,0.002901780629891672,0.0,0.9999999999999998,1000,0,0.0,0.0,0.0,0.0,0.0,0.0,0.0,0.0,0.0,0.0
BIOMD0000000999,S4_c,0.0028572588068665273,0.0,1.0,1000,0,0.0,0.0,0.0,0.0,0.0,0.0,0.0,0.0,0.0,0.0
BIOMD0000000999,pS2_pS2_S4_c,0.00020830830778716247,0.0,0.2080999994793753,999,1,0.0,0.0,0.0,0.0,0.0,0.0,0.0,0.0,0.0,0.0
BIOMD0000000999,pS2_pS2_pS2_c,0.0,0.0,0.0,999,1,0.0,0.0,0.0,0.0,0.0,0.0,0.0,0.0,0.0,0.0
BIOMD0000000999,Smad7mRNA,0.001,0.0,1.0,1000,0,0.0,0.0,0.0,0.0,0.0,0.0,0.0,0.0,0.0,0.0
BIOMD0000000999,Smad7mRNA1,0.001,0.0,1.0,1000,0,0.0,0.0,0.0,0.0,0.0,0.0,0.0,0.0,0.0,0.0
BIOMD0000000999,S7,0.001,0.0,1.0,1000,0,0.0,0.0,0.0,0.0,0.0,0.0,0.0,0.0,0.0,0.0
BIOMD0000000999,pS2_n,0.0014855034181914402,0.0,0.7974697545735827,999,1,0.0,0.0,0.0,0.0,0.0,0.0,0.0,0.0,0.0,0.0
BIOMD0000000999,pS2_pS2_S4_n,0.0,0.0,0.0,999,1,0.0,0.0,0.0,0.0,0.0,0.0,0.0,0.0,0.0,0.0
BIOMD0000000999,pS2_pS2_pS2_n,0.0,0.0,0.0,998,2,0.0,0.0,0.0,0.0,0.0,0.0,0.0,0.0,0.0,0.0
BIOMD0000000999,S2_n,0.0031398526822663023,0.0,1.0,1000,0,0.0,0.0,0.0,0.0,0.0,0.0,0.0,0.0,0.0,0.0
BIOMD0000000999,S4_n,0.005598999816626707,0.0,1.0,1000,0,0.0,0.0,0.0,0.0,0.0,0.0,0.0,0.0,0.0,0.0
BIOMD0000001001,model,0.0,0.0,0.0,23,0,0.0,0.0,0.0,0.0,0.0,0.0,0.0,0.0,0.0,0.0
BIOMD0000001001,TGFb_R1_surface,0.001087617562927949,0.0,1.0,1000,0,0.0,0.0,0.0,0.0,0.0,0.0,0.0,0.0,0.0,0.0
BIOMD0000001001,TGFb_R2_surface,0.0009999999999999998,0.0,0.9999999999999999,1000,0,0.0,0.0,0.0,0.0,0.0,0.0,0.0,0.0,0.0,0.0
BIOMD0000001001,TGFb_R1_endo,0.0036880563615600847,0.0,1.0,1000,0,0.0,0.0,0.0,0.0,0.0,0.0,0.0,0.0,0.0,0.0
BIOMD0000001001,TGFb_R2_endo,0.009349543564730332,0.0,1.0,1000,0,0.0,0.0,0.0,0.0,0.0,0.0,0.0,0.0,0.0,0.3070794786697126
BIOMD0000001001,TGFb,0.03396813281858235,0.0,1.0,1000,0,0.0,0.0,0.0,0.0,0.0,0.0,0.0,0.0,0.0,0.9951588958569771
BIOMD0000001001,TGFb_In,0.014574471994935868,0.0,0.6905983539586291,65,935,0.0,0.0,0.0,0.0,0.0,0.0,0.0,0.0,0.0,0.41293049588091574
BIOMD0000001001,Active_R2,0.0008672599500770403,0.0,0.8663926901269632,999,1,0.0,0.0,0.0,0.0,0.0,0.0,0.0,0.0,0.0,0.0
BIOMD0000001001,Active_Rec,0.0008934197087436401,0.0,0.8925262890348964,999,1,0.0,0.0,0.0,0.0,0.0,0.0,0.0,0.0,0.0,0.0
BIOMD0000001001,Active_Rec_endo,0.0,0.0,0.0,999,1,0.0,0.0,0.0,0.0,0.0,0.0,0.0,0.0,0.0,0.0
BIOMD0000001001,Inactive_Rec,0.0009663547754336297,0.0,0.9653884206581961,999,1,0.0,0.0,0.0,0.0,0.0,0.0,0.0,0.0,0.0,0.0
BIOMD0000001001,pS2_c,0.000197200944473598,0.0,0.12272635085425287,999,1,0.0,0.0,0.0,0.0,0.0,0.0,0.0,0.0,0.0,0.0
BIOMD0000001001,S2_c,0.006004853753616181,0.0,1.0,1000,0,0.0,0.0,0.0,0.0,0.0,0.0,0.0,0.0,0.0,0.0
BIOMD0000001001,S4_c,0.004727752877297797,0.0,1.0,1000,0,0.0,0.0,0.0,0.0,0.0,0.0,0.0,0.0,0.0,0.0
BIOMD0000001001,pS2_pS2_S4_c,0.0013979825093390222,0.0,0.8946533090121199,999,1,0.0,0.0,0.0,0.0,0.0,0.0,0.0,0.0,0.0,0.0
BIOMD0000001001,pS2_pS2_pS2_c,0.0,0.0,0.0,999,1,0.0,0.0,0.0,0.0,0.0,0.0,0.0,0.0,0.0,0.0
BIOMD0000001001,Smad7mRNA,0.001,0.0,1.0,1000,0,0.0,0.0,0.0,0.0,0.0,0.0,0.0,0.0,0.0,0.0
BIOMD0000001001,Smad7mRNA1,0.002275838527149103,0.0,1.0,1000,0,0.0,0.0,0.0,0.0,0.0,0.0,0.0,0.0,0.0,0.0
BIOMD0000001001,S7,0.0019891466412567476,0.0,1.0,1000,0,0.0,0.0,0.0,0.0,0.0,0.0,0.0,0.0,0.0,0.0
BIOMD0000001001,pS2_n,0.0015010822135667738,0.0,0.7543547436157031,999,1,0.0,0.0,0.0,0.0,0.0,0.0,0.0,0.0,0.0,0.0
BIOMD0000001001,pS2_pS2_S4_n,0.0015263473342005294,0.0,0.9420154861127081,999,1,0.0,0.0,0.0,0.0,0.0,0.0,0.0,0.0,0.0,0.0
BIOMD0000001001,pS2_pS2_pS2_n,0.0,0.0,0.0,998,2,0.0,0.0,0.0,0.0,0.0,0.0,0.0,0.0,0.0,0.0
BIOMD0000001001,S2_n,0.00537816339631315,0.0,1.0,1000,0,0.0,0.0,0.0,0.0,0.0,0.0,0.0,0.0,0.0,0.0
BIOMD0000001001,S4_n,0.0065134618823207546,0.0,1.0,1000,0,0.0,0.0,0.0,0.0,0.0,0.0,0.0,0.0,0.0,0.0
BIOMD0000001002,model,0.0,0.0,0.0,23,0,0.0,0.0,0.0,0.0,0.0,0.0,0.0,0.0,0.0,0.0
BIOMD0000001002,TGFb_R1_surface,0.0010582010582010583,0.0,1.0,945,55,0.0,0.0,0.0,0.0,0.0,0.0,0.0,0.0,0.0,0.0
BIOMD0000001002,TGFb_R2_surface,0.0010582010582010583,0.0,1.0,945,55,0.0,0.0,0.0,0.0,0.0,0.0,0.0,0.0,0.0,0.0
BIOMD0000001002,TGFb_R1_endo,0.0019513370208373605,0.0,0.9999999999999999,945,55,0.0,0.0,0.0,0.0,0.0,0.0,0.0,0.0,0.0,0.0
BIOMD0000001002,TGFb_R2_endo,0.0017069358389161047,0.0,1.0,945,55,0.0,0.0,0.0,0.0,0.0,0.0,0.0,0.0,0.0,0.0
BIOMD0000001002,TGFb,0.008432948279505421,0.0,1.0,945,55,0.0,0.0,0.0,0.0,0.0,0.0,0.0,0.0,0.0,0.0
BIOMD0000001002,TGFb_In,0.0,0.0,0.0,944,56,0.0,0.0,0.0,0.0,0.0,0.0,0.0,0.0,0.0,0.0
BIOMD0000001002,Active_R2,0.0,0.0,0.0,944,56,0.0,0.0,0.0,0.0,0.0,0.0,0.0,0.0,0.0,0.0
BIOMD0000001002,Active_Rec,0.0,0.0,0.0,944,56,0.0,0.0,0.0,0.0,0.0,0.0,0.0,0.0,0.0,0.0
BIOMD0000001002,Active_Rec_endo,0.0,0.0,0.0,944,56,0.0,0.0,0.0,0.0,0.0,0.0,0.0,0.0,0.0,0.0
BIOMD0000001002,Inactive_Rec,0.0,0.0,0.0,943,57,0.0,0.0,0.0,0.0,0.0,0.0,0.0,0.0,0.0,0.0
BIOMD0000001002,pS2_c,0.0,0.0,0.0,944,56,0.0,0.0,0.0,0.0,0.0,0.0,0.0,0.0,0.0,0.0
BIOMD0000001002,S2_c,0.0016646184899937152,0.0,1.0,945,55,0.0,0.0,0.0,0.0,0.0,0.0,0.0,0.0,0.0,0.0
BIOMD0000001002,S4_c,0.0017658447407148017,0.0,1.0,945,55,0.0,0.0,0.0,0.0,0.0,0.0,0.0,0.0,0.0,0.0
BIOMD0000001002,pS2_pS2_S4_c,0.0,0.0,0.0,944,56,0.0,0.0,0.0,0.0,0.0,0.0,0.0,0.0,0.0,0.0
BIOMD0000001002,pS2_pS2_pS2_c,0.0,0.0,0.0,944,56,0.0,0.0,0.0,0.0,0.0,0.0,0.0,0.0,0.0,0.0
BIOMD0000001002,Smad7mRNA,0.002932766930051686,0.0,1.0,945,55,0.0,0.0,0.0,0.0,0.0,0.0,0.0,0.0,0.0,0.0
BIOMD0000001002,Smad7mRNA1,0.0017121174160767286,0.0,0.9999999999999999,945,55,0.0,0.0,0.0,0.0,0.0,0.0,0.0,0.0,0.0,0.0
BIOMD0000001002,S7,0.0010582010582010583,0.0,1.0,945,55,0.0,0.0,0.0,0.0,0.0,0.0,0.0,0.0,0.0,0.0
BIOMD0000001002,pS2_n,0.0,0.0,0.0,944,56,0.0,0.0,0.0,0.0,0.0,0.0,0.0,0.0,0.0,0.0
BIOMD0000001002,pS2_pS2_S4_n,0.0,0.0,0.0,944,56,0.0,0.0,0.0,0.0,0.0,0.0,0.0,0.0,0.0,0.0
BIOMD0000001002,pS2_pS2_pS2_n,0.0,0.0,0.0,943,57,0.0,0.0,0.0,0.0,0.0,0.0,0.0,0.0,0.0,0.0
BIOMD0000001002,S2_n,0.0016709448151191707,0.0,1.0,945,55,0.0,0.0,0.0,0.0,0.0,0.0,0.0,0.0,0.0,0.0
BIOMD0000001002,S4_n,0.003951411146055313,0.0,1.0,945,55,0.0,0.0,0.0,0.0,0.0,0.0,0.0,0.0,0.0,0.0
BIOMD0000001003,model,0.0,0.0,0.0,23,0,0.0,0.0,0.0,0.0,0.0,0.0,0.0,0.0,0.0,0.0
BIOMD0000001003,TGFb_R1_surface,0.001,0.0,1.0,1000,0,0.0,0.0,0.0,0.0,0.0,0.0,0.0,0.0,0.0,0.0
BIOMD0000001003,TGFb_R2_surface,0.001,0.0,1.0,1000,0,0.0,0.0,0.0,0.0,0.0,0.0,0.0,0.0,0.0,0.0
BIOMD0000001003,TGFb_R1_endo,0.0022150688744932714,0.0,1.0,1000,0,0.0,0.0,0.0,0.0,0.0,0.0,0.0,0.0,0.0,0.0
BIOMD0000001003,TGFb_R2_endo,0.00797757392317185,0.0,1.0,1000,0,0.0,0.0,0.0,0.0,0.0,0.0,0.0,0.0,0.0,0.004837609747679325
BIOMD0000001003,TGFb,0.021159920977953106,0.0,1.0,1000,0,0.0,0.0,0.0,0.0,0.0,0.0,0.0,0.0,0.0,0.9959246778899821
BIOMD0000001003,TGFb_In,0.0,0.0,0.0,999,1,0.0,0.0,0.0,0.0,0.0,0.0,0.0,0.0,0.0,0.0
BIOMD0000001003,Active_R2,0.0,0.0,0.0,999,1,0.0,0.0,0.0,0.0,0.0,0.0,0.0,0.0,0.0,0.0
BIOMD0000001003,Active_Rec,0.0,0.0,0.0,999,1,0.0,0.0,0.0,0.0,0.0,0.0,0.0,0.0,0.0,0.0
BIOMD0000001003,Active_Rec_endo,0.0,0.0,0.0,999,1,0.0,0.0,0.0,0.0,0.0,0.0,0.0,0.0,0.0,0.0
BIOMD0000001003,Inactive_Rec,0.0,0.0,0.0,999,1,0.0,0.0,0.0,0.0,0.0,0.0,0.0,0.0,0.0,0.0
BIOMD0000001003,pS2_c,0.0,0.0,0.0,999,1,0.0,0.0,0.0,0.0,0.0,0.0,0.0,0.0,0.0,0.0
BIOMD0000001003,S2_c,0.006702678175191168,0.0,1.0,1000,0,0.0,0.0,0.0,0.0,0.0,0.0,0.0,0.0,0.0,0.0030829174730325278
BIOMD0000001003,S4_c,0.0036927219213966004,0.0,1.0,1000,0,0.0,0.0,0.0,0.0,0.0,0.0,0.0,0.0,0.0,0.0
BIOMD0000001003,pS2_pS2_S4_c,0.00011791562727334557,0.0,0.11779771164607222,999,1,0.0,0.0,0.0,0.0,0.0,0.0,0.0,0.0,0.0,0.0
BIOMD0000001003,pS2_pS2_pS2_c,0.0033183246146252622,0.0,0.9127106071934794,999,1,0.0,0.0,0.0,0.0,0.0,0.0,0.0,0.0,0.0,0.0
BIOMD0000001003,Smad7mRNA,0.003524676069313185,0.0,1.0,1000,0,0.0,0.0,0.0,0.0,0.0,0.0,0.0,0.0,0.0,0.0
BIOMD0000001003,Smad7mRNA1,0.0014715984071973164,0.0,1.0,1000,0,0.0,0.0,0.0,0.0,0.0,0.0,0.0,0.0,0.0,0.0
BIOMD0000001003,S7,0.001,0.0,1.0,1000,0,0.0,0.0,0.0,0.0,0.0,0.0,0.0,0.0,0.0,0.0
BIOMD0000001003,pS2_n,0.003235335626566691,0.0,0.8397165657298977,999,1,0.0,0.0,0.0,0.0,0.0,0.0,0.0,0.0,0.0,0.0
BIOMD0000001003,pS2_pS2_S4_n,0.0,0.0,0.0,999,1,0.0,0.0,0.0,0.0,0.0,0.0,0.0,0.0,0.0,0.0
BIOMD0000001003,pS2_pS2_pS2_n,0.0,0.0,0.0,999,1,0.0,0.0,0.0,0.0,0.0,0.0,0.0,0.0,0.0,0.0
BIOMD0000001003,S2_n,0.00575498075218498,0.0,0.9999999999999999,1000,0,0.0,0.0,0.0,0.0,0.0,0.0,0.0,0.0,0.0,0.0
BIOMD0000001003,S4_n,0.0035492446139583932,0.0,1.0,1000,0,0.0,0.0,0.0,0.0,0.0,0.0,0.0,0.0,0.0,0.0
BIOMD0000001004,model,0.8861476433276095,0.0,0.9989496209152497,10,0,0.42592216970635904,0.8518443394127181,0.9510041149372789,0.9602653470923229,0.9749058829559858,0.9940287852901735,0.9969801340961714,0.9987976503979831,0.9988736356566165,0.998934423863523
BIOMD0000001004,IL6ext,0.9819911239652045,0.9164190365698921,1.0,1000,0,0.9331009031922612,0.9464937104585757,0.96588175592849,0.9728148436168071,0.9783829754947941,0.9916274069126529,0.9985259066497568,0.9994224522797583,0.9997428229925245,0.999952947768207
BIOMD0000001004,IL6int,0.9989505838807543,0.998947442895423,0.9989520228605618,997,3,0.9989495431475027,0.9989496209152497,0.9989498181533575,0.9989499520795565,0.998950170693675,0.9989505039933041,0.9989512563660192,0.9989517097555719,0.9989519287323895,0.998952007375913
BIOMD0000001004,STAT3mRNA,0.9994979759382416,0.9889678547071948,1.0,1000,0,0.9973166882822908,0.9987807647849535,0.9996847077177745,0.9996967017986274,0.9997172226697476,0.9997955074370672,0.9998328128785864,0.9998366174749578,0.9998379188487204,0.9999601522501463
BIOMD0000001004,STAT3prot_star,0.9979747039687458,0.9709967150107666,0.9999879451518081,997,3,0.9926403380653431,0.9958668338576123,0.997195639371442,0.997470818834938,0.9978082765502134,0.9988540592267645,0.9996208345878675,0.9997311313468302,0.9997704087845768,0.9997961336381203
BIOMD0000001004,STAT3prot,0.9856922066005886,0.9440110948680177,1.0,90,910,0.9464242930042033,0.9521317160569547,0.9719988385644546,0.9809014260094131,0.9834896676343058,0.9956556904243459,0.9990629111487872,0.9996667872152127,0.9997689706522336,0.9998572628783547
BIOMD0000001004,TGFbext,0.25,0.0,1.0,4,996,0.0,0.0,0.0,0.0,0.0,0.0,0.40000000000000036,0.7000000000000002,0.8499999999999996,0.9699999999999998
BIOMD0000001004,TGFbint,0.9974440436147194,0.642482728720811,0.9999990415598895,999,1,0.9903021207931252,0.9949650720980521,0.998162031758437,0.9983534561252446,0.9986143479485723,0.9993969179838452,0.9996977172025636,0.9998419603786843,0.9999193019238577,0.9999838701146506
BIOMD0000001004,RORgtmRNA,0.9931290876185511,0.8268853605473159,0.9999993472341251,977,23,0.9732320312291136,0.9846662401984276,0.9948318528322141,0.9956473020374262,0.9962985787025611,0.9987483548028773,0.999770797741648,0.9998794129244117,0.9999385807506951,0.9999870594760997
BIOMD0000001004,FOXP3prot_star,0.9970537077384622,0.9926115985044842,1.0,50,950,0.9927487949283738,0.9930924984822947,0.9940875467781685,0.9948468691533134,0.9955754609755985,0.9982491342647605,0.9992476730704304,0.9995086621963067,0.9997065388287087,0.9999935108969404
BIOMD0000001004,FOXP3mRNA,0.9976226996291271,0.9711801011467417,1.0,1000,0,0.992994559798081,0.9965299764239759,0.9970924050029941,0.997401305690691,0.997692146248903,0.9984496756545511,0.9990212362838633,0.9990995763953263,0.9991283730171925,0.9991472949524642
BIOMD0000001005,model,0.0,0.0,0.0,41,0,0.0,0.0,0.0,0.0,0.0,0.0,0.0,0.0,0.0,0.0
BIOMD0000001005,CRH,0.005868644344253312,0.0,1.0,1000,0,0.0,0.0,0.0,0.0,0.0,0.0,0.0,0.0,0.0,0.0
BIOMD0000001005,ACTH,0.010162115136894046,0.0,0.9999999999999999,959,41,0.0,0.0,0.0,0.0,0.0,0.0,0.0,0.0,0.0,0.5572939421328712
BIOMD0000001005,F_HPA,0.025175381108425657,0.0,1.0,1000,0,0.0,0.0,0.0,0.0,0.0,0.0,0.0,0.0,0.0,0.9711708285474377
BIOMD0000001005,F_Cell,0.02309771964063193,0.0,1.0,1000,0,0.0,0.0,0.0,0.0,0.0,0.0,0.0,0.0,0.0,0.888955120430006
BIOMD0000001005,y1,0.005818967794402449,0.0,0.9999999999999999,1000,0,0.0,0.0,0.0,0.0,0.0,0.0,0.0,0.0,0.0,0.0012700908510411453
BIOMD0000001005,y2,0.008215097554598512,0.0,1.0,1000,0,0.0,0.0,0.0,0.0,0.0,0.0,0.0,0.0,0.0,0.13465680104801706
BIOMD0000001005,y3,0.017684747144445394,0.0,1.0,1000,0,0.0,0.0,0.0,0.0,0.0,0.0,0.0,0.0,0.0,0.658344378805691
BIOMD0000001005,y4,0.01034800339088494,0.0,1.0,1000,0,0.0,0.0,0.0,0.0,0.0,0.0,0.0,0.0,0.0,0.5854183463899607
BIOMD0000001005,y5,0.01729415638184638,0.0,1.0,1000,0,0.0,0.0,0.0,0.0,0.0,0.0,0.0,0.0,0.0,0.9362290612070046
BIOMD0000001005,y6,0.013914651823713606,0.0,1.0,869,131,0.0,0.0,0.0,0.0,0.0,0.0,0.0,0.0,0.0,0.6209133025564829
BIOMD0000001005,y7,0.015586095371924475,0.0,1.0,1000,0,0.0,0.0,0.0,0.0,0.0,0.0,0.0,0.0,0.0,0.7843131859762861
BIOMD0000001005,NAD,0.005260345538004394,0.0,1.0,1000,0,0.0,0.0,0.0,0.0,0.0,0.0,0.0,0.0,0.0,0.0
BIOMD0000001005,NMN,0.0014285714285714286,0.0,1.0,700,300,0.0,0.0,0.0,0.0,0.0,0.0,0.0,0.0,0.0,0.0
BIOMD0000001005,NAM,0.002625614762884833,0.0,1.0,1000,0,0.0,0.0,0.0,0.0,0.0,0.0,0.0,0.0,0.0,0.0
BIOMD0000001005,EntF,0.005730349709761108,0.0,1.0,1000,0,0.0,0.0,0.0,0.0,0.0,0.0,0.0,0.0,0.0,0.0
BIOMD0000001005,SIRT1,0.013946084115773114,0.0,1.0,1000,0,0.0,0.0,0.0,0.0,0.0,0.0,0.0,0.0,0.0,0.546069701772759
BIOMD0000001005,y8,0.014992995160155993,0.0,1.0,1000,0,0.0,0.0,0.0,0.0,0.0,0.0,0.0,0.0,0.0,0.7016565875083521
BIOMD0000001005,NAMPT,0.018912648031041708,0.0,1.0,1000,0,0.0,0.0,0.0,0.0,0.0,0.0,0.0,0.0,0.0,0.8661025205132993
BIOMD0000001005,feed2,0.0021395045355823536,0.0,1.0,1000,0,0.0,0.0,0.0,0.0,0.0,0.0,0.0,0.0,0.0,0.0
BIOMD0000001005,feed3,0.004405642201063966,0.0,1.0,1000,0,0.0,0.0,0.0,0.0,0.0,0.0,0.0,0.0,0.0,0.0
BIOMD0000001005,PGC1amRNA,0.02466907318035367,0.0,1.0,1000,0,0.0,0.0,0.0,0.0,0.0,0.0,0.0,0.0,0.0,0.9645606104040044
BIOMD0000001005,PGC1a,0.01268044837678164,0.0,1.0,1000,0,0.0,0.0,0.0,0.0,0.0,0.0,0.0,0.0,0.0,0.6383230191933432
BIOMD0000001005,PGC1aN,0.031208907157252188,0.0,1.0,1000,0,0.0,0.0,0.0,0.0,0.0,0.0,0.0,0.0,0.0,0.934507885085995
BIOMD0000001005,PGC1aNact,0.016041332250396154,0.0,1.0,1000,0,0.0,0.0,0.0,0.0,0.0,0.0,0.0,0.0,0.0,0.7358366242737193
BIOMD0000001005,FOXO1,0.009565882797276149,0.0,1.0,1000,0,0.0,0.0,0.0,0.0,0.0,0.0,0.0,0.0,0.0,0.32158399721718256
BIOMD0000001005,PckG6p,0.001,0.0,1.0,1000,0,0.0,0.0,0.0,0.0,0.0,0.0,0.0,0.0,0.0,0.0
BIOMD0000001005,Phpa,0.018172722636952156,0.0,1.0,1000,0,0.0,0.0,0.0,0.0,0.0,0.0,0.0,0.0,0.0,0.7723526124872727
BIOMD0000001005,MR,0.0013209402345209097,0.0,1.0,1000,0,0.0,0.0,0.0,0.0,0.0,0.0,0.0,0.0,0.0,0.0
BIOMD0000001005,GR_Cell,0.007702882108829188,0.0,1.0,1000,0,0.0,0.0,0.0,0.0,0.0,0.0,0.0,0.0,0.0,0.2410431765834719
BIOMD0000001005,FGR_Cell,0.0219792410213721,0.0,1.0,1000,0,0.0,0.0,0.0,0.0,0.0,0.0,0.0,0.0,0.0,0.8302757987256331
BIOMD0000001005,FMR,0.01849975396078803,0.0,0.9999999999999999,1000,0,0.0,0.0,0.0,0.0,0.0,0.0,0.0,0.0,0.0,0.7340168129565836
BIOMD0000001005,FMRN,0.024048691839971922,0.0,1.0,1000,0,0.0,0.0,0.0,0.0,0.0,0.0,0.0,0.0,0.0,0.9065817022871646
BIOMD0000001005,FGRN_Cell,0.02317298432163351,0.0,1.0,1000,0,0.0,0.0,0.0,0.0,0.0,0.0,0.0,0.0,0.0,0.7928318253639469
BIOMD0000001005,P,0.013699701713426769,0.0,0.9999999999999999,1000,0,0.0,0.0,0.0,0.0,0.0,0.0,0.0,0.0,0.0,0.6880142392571543
BIOMD0000001005,mRNAP,0.019028158127902834,0.0,1.0,1000,0,0.0,0.0,0.0,0.0,0.0,0.0,0.0,0.0,0.0,0.9300901593813284
BIOMD0000001005,mRNARP,0.02103423557460976,0.0,1.0,1000,0,0.0,0.0,0.0,0.0,0.0,0.0,0.0,0.0,0.0,0.9799053273258421
BIOMD0000001005,Rp,0.02602596259745462,0.0,1.0,1000,0,0.0,0.0,0.0,0.0,0.0,0.0,0.0,0.0,0.0,0.9782900829843144
BIOMD0000001005,PR,0.0051666978810915015,0.0,1.0,1000,0,0.0,0.0,0.0,0.0,0.0,0.0,0.0,0.0,0.0,0.0012803597376737743
BIOMD0000001005,GR_HPA,0.007349019544904017,0.0,1.0,1000,0,0.0,0.0,0.0,0.0,0.0,0.0,0.0,0.0,0.0,0.33623019967652534
BIOMD0000001005,FGR_HPA,0.022394634438960816,0.0,1.0,1000,0,0.0,0.0,0.0,0.0,0.0,0.0,0.0,0.0,0.0,0.8441125731367669
BIOMD0000001005,FGRN_HPA,0.021722635497563623,0.0,1.0,1000,0,0.0,0.0,0.0,0.0,0.0,0.0,0.0,0.0,0.0,0.7720794928643928
BIOMD0000001006,model,0.0,0.0,0.0,7,0,0.0,0.0,0.0,0.0,0.0,0.0,0.0,0.0,0.0,0.0
BIOMD0000001006,DNA_damage,0.0,0.0,0.0,989,11,0.0,0.0,0.0,0.0,0.0,0.0,0.0,0.0,0.0,0.0
BIOMD0000001006,p53_total,0.00353841324867813,0.0,1.0,1000,0,0.0,0.0,0.0,0.0,0.0,0.0,0.0,0.0,0.0,0.0
BIOMD0000001006,p53_ub,0.00298542557103615,0.0,1.0,887,113,0.0,0.0,0.0,0.0,0.0,0.0,0.0,0.0,0.0,0.0
BIOMD0000001006,p53_ub_ub,0.0,0.0,0.0,34,966,0.0,0.0,0.0,0.0,0.0,0.0,0.0,0.0,0.0,0.0
BIOMD0000001006,Mdm2_cyt,0.007745855574908348,0.0,0.9999999999999999,1000,0,0.0,0.0,0.0,0.0,0.0,0.0,0.0,0.0,0.0,0.11037268284394
BIOMD0000001006,Mdm2_p_cyt,0.008084911711952029,0.0,1.0,641,359,0.0,0.0,0.0,0.0,0.0,0.0,0.0,0.0,0.0,0.37737754373943694
BIOMD0000001006,Mdm2_p_nuc,0.005750194401576421,0.0,0.9999999999999998,1000,0,0.0,0.0,0.0,0.0,0.0,0.0,0.0,0.0,0.0,0.0
BIOMD0000001007,model,0.235312175144497,0.0,0.48890248575381706,3,0,0.021703403967967397,0.043406807935934794,0.08681361587186959,0.10851701983983698,0.13022042380780438,0.21703403967967397,0.38015510732415986,0.43452879653898846,0.46171564114640273,0.4834651168323342
BIOMD0000001007,p53,0.6032777638882094,0.0,1.0,1000,0,0.15780494186639948,0.21703403967967397,0.3212936093942825,0.3765886269422143,0.4321308107414958,0.6300214753052585,0.8849104687662397,0.956324282755002,0.9865998070159814,0.9969558942569349
BIOMD0000001007,MDM2cyt,0.43470525441460167,0.0,1.0,1000,0,0.0,0.0,0.0,0.04583288616038886,0.10944450825857409,0.41209837200379806,0.8669239905168485,0.9317984984904428,0.9655646308015923,0.9942324165528915
BIOMD0000001007,MDM2nuc,0.8103896977625648,0.0734324600295122,1.0,1000,0,0.4362233030683457,0.48890248575381706,0.5786963846127903,0.6620802429803871,0.7527548700006248,0.922766285190814,0.9690313113384966,0.9839786308454982,0.9914459334076724,0.9981467402662794
BIOMD0000001008,model,,,,0,2,,,,,,,,,,
BIOMD0000001008,Agonist_1,,,,0,1000,,,,,,,,,,
BIOMD0000001008,Agonist_2,,,,0,1000,,,,,,,,,,
BIOMD0000001009,model,0.4612236396493071,0.0,0.735158687760415,4,0,0.07689561283431809,0.15379122566863618,0.30758245133727236,0.3844780641715904,0.4613736770059085,0.5548679354184067,0.6523225462689818,0.6937406170146985,0.7144496523875566,0.7310168806858434
BIOMD0000001009,MDM2cyt,0.7647618568423558,0.30060353093755976,1.0,1000,0,0.4479982744588406,0.5126374188954539,0.6422752671447705,0.6725176631970887,0.6999534491169518,0.7913238268015426,0.9100840700814257,0.9635471997567335,0.9799877473265121,0.9953206930130203
BIOMD0000001009,MDM2nuc,0.8668104458656469,0.38446547468467174,1.0,1000,0,0.7061659474698192,0.735158687760415,0.7853050807688056,0.8039913887767516,0.824950482261658,0.8878995986211368,0.9625477050295047,0.9803405410399858,0.9909489371293395,0.9981068551780768
BIOMD0000001009,p53_inact,0.7775930935620127,0.0,1.0,1000,0,0.0,0.5970984519413596,0.6993308545072549,0.7295292106433541,0.782606623999609,0.8569803583406812,0.9427958993340326,0.9723536185437008,0.9844490309673685,0.9962116808635914
BIOMD0000001009,p53_act,0.17952638088397915,0.0,0.995319546082239,999,1,0.0,0.0,0.0,0.0,0.0,0.0,0.43907663777857703,0.6824517416013304,0.8144563165423266,0.9614075310974491
BIOMD0000001010,model,0.24582973607517283,0.0,0.49165947215034567,2,0,0.024582973607517284,0.04916594721503457,0.09833189443006914,0.12291486803758642,0.14749784164510368,0.24582973607517283,0.39332757772027654,0.44249352493531113,0.46707649854282834,0.4867428774288422
BIOMD0000001010,p53,0.7523793410428127,0.4571507443886347,1.0,1000,0,0.4828339925579913,0.49165947215034567,0.5296836306970811,0.5572787864812878,0.5883742935617339,0.785391895448679,0.9494643008771705,0.9660874908319583,0.9881379229047359,0.9981964448186502
BIOMD0000001010,MDM2,0.6693062179546044,0.0,1.0,1000,0,0.0,0.0,0.6362670508623843,0.6565769838264447,0.6697667311729109,0.7872660595845609,0.9047398865466325,0.9684523762876078,0.9880686960314375,0.9977955704908684
BIOMD0000001011,model,0.0,0.0,0.0,3,0,0.0,0.0,0.0,0.0,0.0,0.0,0.0,0.0,0.0,0.0
BIOMD0000001011,CAR_T_cells,0.5925407647680658,0.0,1.0,1000,0,0.0,0.0,0.28234207597253236,0.3339652279262414,0.39940589322609676,0.6573132537974702,0.876078869842884,0.9347571889520429,0.9673961781892038,0.9932370121164286
BIOMD0000001011,Leukaemic_B_cells,0.16575767951526685,0.0,1.0,1000,0,0.0,0.0,0.0,0.0,0.0,0.0,0.0,0.9102308811716596,0.9440704866781447,0.9885589479000025
BIOMD0000001011,B_cells_healthy,0.16683591132582665,0.0,1.0,1000,0,0.0,0.0,0.0,0.0,0.0,0.0,0.0,0.9266970596218713,0.9593264340133959,0.9902252981129176
BIOMD0000001013,model,0.35941380127787603,0.0,0.7188276025557521,2,0,0.0359413801277876,0.0718827602555752,0.1437655205111504,0.17970690063893802,0.21564828076672563,0.35941380127787603,0.5750620820446017,0.6469448423001769,0.6828862224279644,0.7116393265301946
BIOMD0000001013,CAR_T_cells,0.6519264890804757,0.0,1.0,1000,0,0.0,0.0,0.0,0.3412168522347837,0.6613036067280147,0.8154256150087664,0.9481850897338333,0.9721617768834263,0.9859105176934393,0.9973874411695907
BIOMD0000001013,Tumour_cells,0.8822074731936674,0.6880353975569005,1.0,1000,0,0.6960771234522262,0.7188276025557521,0.8000928999361355,0.8522267600474431,0.87537817603508,0.8998562803951258,0.9629712909361912,0.9815997201496509,0.9900645875832195,0.9981559865848293
BIOMD0000001014,model,0.0,0.0,0.0,4,0,0.0,0.0,0.0,0.0,0.0,0.0,0.0,0.0,0.0,0.0
BIOMD0000001014,CAR_T_cells_on_tumour,0.12533086224898635,0.0,0.9911039581050691,593,407,0.0,0.0,0.0,0.0,0.0,0.0,0.0,0.8257191777836547,0.8569889425001836,0.9309079404517809
BIOMD0000001014,Tumour_cells,0.018317151985268378,0.0,1.0,999,1,0.0,0.0,0.0,0.0,0.0,0.0,0.0,0.0,0.0,0.8075353371203916
BIOMD0000001014,CAR_T_cells_off_tumour,0.19128359633438674,0.0,1.0,317,683,0.0,0.0,0.0,0.0,0.0,0.0,0.5769881750266044,0.8366090218218312,0.9557241973483839,0.9925039121759194
BIOMD0000001014,B_cells,0.09683516486686025,0.0,1.0,1000,0,0.0,0.0,0.0,0.0,0.0,0.0,0.0,0.46242925452895284,0.8280675062971409,0.9793486725486018
BIOMD0000001015,model,0.0,0.0,0.0,6,0,0.0,0.0,0.0,0.0,0.0,0.0,0.0,0.0,0.0,0.0
BIOMD0000001015,H,0.0,0.0,0.0,998,2,0.0,0.0,0.0,0.0,0.0,0.0,0.0,0.0,0.0,0.0
BIOMD0000001015,D,0.020157455425960594,0.0,0.7358591632237155,999,1,0.0,0.0,0.0,0.0,0.0,0.0,0.0,0.0,0.10738105517411052,0.5137903435667521
BIOMD0000001015,M,0.00130692967076428,0.0,1.0,1000,0,0.0,0.0,0.0,0.0,0.0,0.0,0.0,0.0,0.0,0.0
BIOMD0000001015,C,0.0016923266080323851,0.0,1.0,1000,0,0.0,0.0,0.0,0.0,0.0,0.0,0.0,0.0,0.0,0.0
BIOMD0000001015,N,0.0964042963903721,0.0,1.0,1000,0,0.0,0.0,0.0,0.0,0.0,0.0,0.0,0.5666533810312796,0.8856011608943629,0.9850982455202968
BIOMD0000001015,R,0.0,0.0,0.0,994,6,0.0,0.0,0.0,0.0,0.0,0.0,0.0,0.0,0.0,0.0
BIOMD0000001016,model,0.125,0.0,1.0,8,0,0.0,0.0,0.0,0.0,0.0,0.0,0.0,0.2999999999999998,0.6499999999999995,0.9299999999999997
BIOMD0000001016,C3,0.058874279100053814,0.0,1.0,687,313,0.0,0.0,0.0,0.0,0.0,0.0,0.0,0.0,0.6884213549395288,0.9952639354016654
BIOMD0000001016,C3b,0.028335742814757262,0.0,0.9726220179249407,970,30,0.0,0.0,0.0,0.0,0.0,0.0,0.0,0.0,0.16669274367650228,0.8163097068943488
BIOMD0000001016,C3bB_closed,0.03654441848406457,0.0,0.97325255359926,386,614,0.0,0.0,0.0,0.0,0.0,0.0,0.0,0.0,0.2912897586034857,0.8329081648109347
BIOMD0000001016,C3bB_open,0.14741028577871157,0.0,0.9783422676722241,41,959,0.0,0.0,0.0,0.0,0.0,0.0,0.30946881085796196,0.5749655379171053,0.7797062544181567,0.9191171141618921
BIOMD0000001016,C3bBb,0.07127560180289082,0.0,0.9928695186331582,367,633,0.0,0.0,0.0,0.0,0.0,0.0,0.0,0.2786012497135402,0.6262069401563837,0.9090926673490595
BIOMD0000001016,Bb,0.14749540489669283,0.0,0.9988515441638773,937,63,0.0,0.0,0.0,0.0,0.0,0.0,0.21049662712879325,0.7556289470701885,0.8793380511688832,0.9845144954973002
BIOMD0000001016,Factor_B,0.17181803911988067,0.0,1.0,466,534,0.0,0.0,0.0,0.0,0.0,0.0,0.45049123823033277,0.8064387493091113,0.9631207880123048,0.9983706407601054
BIOMD0000001016,Factor_D,1.0,1.0,1.0,1000,0,1.0,1.0,1.0,1.0,1.0,1.0,1.0,1.0,1.0,1.0
BIOMD0000001017,model,0.640331307266058,0.0,1.0,6,7,0.0,0.0,0.0,0.2135621147306254,0.4271242294612508,0.9209939217981741,0.9999999999999999,1.0,1.0,1.0
BIOMD0000001017,C3,0.10466853034835008,0.0,1.0,1000,0,0.0,0.0,0.0,0.0,0.0,0.0,0.04500823923041881,0.5192272490029775,0.7583143832215469,0.9513901564879478
BIOMD0000001017,C3b,,,,0,1000,,,,,,,,,,
BIOMD0000001017,C3bB_closed,,,,0,1000,,,,,,,,,,
BIOMD0000001017,C3bB_open,,,,0,1000,,,,,,,,,,
BIOMD0000001017,C3bBb,,,,0,1000,,,,,,,,,,
BIOMD0000001017,C3bBbH,,,,0,1000,,,,,,,,,,
BIOMD0000001017,Bb,,,,0,1000,,,,,,,,,,
BIOMD0000001017,Factor_H,0.9917133065677953,0.9872770699797885,1.0,1000,0,0.9874971965645178,0.9877393846738466,0.9882990797984754,0.9886217346751971,0.9889767996439786,0.9907921099181336,0.9952324065263168,0.9973854446459253,0.9986297154366425,0.9997164245940457
BIOMD0000001017,Factor_B,0.8913851824570187,0.8517312011606555,1.0,1000,0,0.8528975759548506,0.8542484589225016,0.8576290629384452,0.8597347758950773,0.8621791592691207,0.8766499098255647,0.9253098298652539,0.9559072656295877,0.9758760897084287,0.9947947281231753
BIOMD0000001017,C3bH,,,,0,1000,,,,,,,,,,
BIOMD0000001017,Factor_I,0.9999999999999999,0.9999999999999999,0.9999999999999999,1000,0,0.9999999999999999,0.9999999999999999,0.9999999999999999,0.9999999999999999,0.9999999999999999,0.9999999999999999,0.9999999999999999,0.9999999999999999,0.9999999999999999,0.9999999999999999
BIOMD0000001017,iC3b,0.0,0.0,0.0,998,2,0.0,0.0,0.0,0.0,0.0,0.0,0.0,0.0,0.0,0.0
BIOMD0000001017,Factor_D,1.0,1.0,1.0,1000,0,1.0,1.0,1.0,1.0,1.0,1.0,1.0,1.0,1.0,1.0
BIOMD0000001018,model,0.573686731395456,0.0,1.0,8,10,0.0,0.0,0.0,0.0,0.07540386832609652,0.8008768384516188,0.995096069704164,0.9999999999999999,1.0,1.0
BIOMD0000001018,C3,0.04222173129551669,0.0,0.9999999999999999,1000,0,0.0,0.0,0.0,0.0,0.0,0.0,0.0,0.0,0.3872764647163547,0.9284020340833754
BIOMD0000001018,C3b,,,,0,1000,,,,,,,,,,
BIOMD0000001018,C3bB_closed,,,,0,1000,,,,,,,,,,
BIOMD0000001018,C3bB_open,,,,0,1000,,,,,,,,,,
BIOMD0000001018,C3bBb,,,,0,1000,,,,,,,,,,
BIOMD0000001018,C3bBbH,,,,0,1000,,,,,,,,,,
BIOMD0000001018,Bb,0.0,0.0,0.0,561,439,0.0,0.0,0.0,0.0,0.0,0.0,0.0,0.0,0.0,0.0
BIOMD0000001018,Factor_H,0.9917152700833133,0.9872777579975782,1.0,1000,0,0.9874979342777359,0.98774017426041,0.9882999661383542,0.9886226690165467,0.9889777871364818,0.990793374535941,0.9952344737241665,0.9973891888904045,0.9986397587919615,0.9997220657131929
BIOMD0000001018,Factor_B,0.8863935785388003,0.845144840196854,0.9999999999999999,1000,0,0.8463340584474625,0.8477149936422731,0.8511829283751601,0.8533498644133158,0.855870632017718,0.8708715950364331,0.921810654279454,0.9540300046303275,0.9748872094089135,0.9944808153647494
BIOMD0000001018,C3bH,,,,0,1000,,,,,,,,,,
BIOMD0000001018,Factor_I,0.9999999999999999,0.9999999999999999,0.9999999999999999,1000,0,0.9999999999999999,0.9999999999999999,0.9999999999999999,0.9999999999999999,0.9999999999999999,0.9999999999999999,0.9999999999999999,0.9999999999999999,0.9999999999999999,0.9999999999999999
BIOMD0000001018,iC3b,0.0,0.0,0.0,998,2,0.0,0.0,0.0,0.0,0.0,0.0,0.0,0.0,0.0,0.0
BIOMD0000001018,Factor_D,1.0,1.0,1.0,1000,0,1.0,1.0,1.0,1.0,1.0,1.0,1.0,1.0,1.0,1.0
BIOMD0000001018,Properdin,0.8322145573272463,0.7444632004606947,1.0,1000,0,0.7490550236943255,0.7540386832609646,0.7653418095401231,0.7717541141663627,0.778745563802974,0.813905765666677,0.9004000674688746,0.9442460788400301,0.9705490359044775,0.9938753819873338
BIOMD0000001018,C3bBP_closed,,,,0,1000,,,,,,,,,,
BIOMD0000001018,C3bBP_open,,,,0,1000,,,,,,,,,,
BIOMD0000001018,C3bBbP,,,,0,1000,,,,,,,,,,
BIOMD0000001018,C3bP,,,,0,1000,,,,,,,,,,
BIOMD0000001019,model,0.04183563552078378,0.0,0.12550690656235133,3,0,0.0,0.0,0.0,0.0,0.0,0.0,0.0753041439374108,0.10040552524988107,0.1129562159061162,0.12299676843110431
BIOMD0000001019,Cm,0.485212608581309,0.0,0.9999803450398059,910,90,0.10547413493558332,0.12550690656235133,0.19392225724805695,0.22926636818790752,0.27506483664749537,0.5719581593371842,0.7003300866899798,0.8882624469116376,0.9319338914998652,0.9667121386550418
BIOMD0000001019,Ct,0.05158695082333999,0.0,0.9940923561463295,909,91,0.0,0.0,0.0,0.0,0.0,0.0,0.0,0.08510728188587761,0.45661009385179646,0.8776757255110526
BIOMD0000001019,T,0.09342309130328359,0.0,0.9999999999999999,355,645,0.0,0.0,0.0,0.0,0.0,0.0,0.019040095166328132,0.41764809724594515,0.7614818321099273,0.9750841694058278
BIOMD0000001020,model,0.0,0.0,0.0,3,0,0.0,0.0,0.0,0.0,0.0,0.0,0.0,0.0,0.0,0.0
BIOMD0000001020,Cm,0.0,0.0,0.0,492,508,0.0,0.0,0.0,0.0,0.0,0.0,0.0,0.0,0.0,0.0
BIOMD0000001020,Ct,0.0,0.0,0.0,533,467,0.0,0.0,0.0,0.0,0.0,0.0,0.0,0.0,0.0,0.0
BIOMD0000001020,T,0.08942115054969017,0.0,1.0,1000,0,0.0,0.0,0.0,0.0,0.0,0.0,0.0,0.2858946987966779,0.9411816190806171,0.9888800540872563
BIOMD0000001021,model,0.0,0.0,0.0,6,0,0.0,0.0,0.0,0.0,0.0,0.0,0.0,0.0,0.0,0.0
BIOMD0000001021,Target_cells,0.40318861715558674,0.0,1.0,1000,0,0.0,0.0,0.0,0.0,0.0,0.4650272518828071,0.7917579635004924,0.9255848431304503,0.9779677263379891,0.9985336185728217
BIOMD0000001021,Infected_cells,0.15485980397409707,0.0,0.9944161291702469,999,1,0.0,0.0,0.0,0.0,0.0,0.0,0.32853361341290604,0.6409455911882761,0.8135225424416673,0.9645359742397566
BIOMD0000001021,Infected_cells_antiviral,0.1147082389444542,0.0,0.9988721295685231,993,7,0.0,0.0,0.0,0.0,0.0,0.0,0.23879941075581218,0.43326427809759904,0.4968793285282055,0.8651976956543973
BIOMD0000001021,Refractory_cells,0.3457630413442547,0.0,0.9992059474984193,995,5,0.0,0.0,0.0,0.0,0.0,0.49249273395538484,0.6083950287701213,0.7979412077403479,0.8989177083841454,0.9781493894698459
BIOMD0000001021,Virions,0.17434667458506925,0.0,1.0,1000,0,0.0,0.0,0.0,0.0,0.0,0.0,0.35601737328215455,0.708845393901277,0.883420056245145,0.9665520227515705
BIOMD0000001021,IFN,0.14943211913996543,0.0,0.9896355134223678,999,1,0.0,0.0,0.0,0.0,0.0,0.0,0.32658953481069447,0.4979279819442062,0.5759187360473108,0.9112390098622825
BIOMD0000001022,model,0.22469587423485374,0.0,0.893965514385391,4,0,0.0,0.0,0.0,0.0,0.0,0.0024089912770120015,0.36047699528657107,0.627221254835981,0.7605933846106856,0.8672910884304498
BIOMD0000001022,T,0.1799826988985985,0.0,0.9999999999999999,224,776,0.0,0.0,0.0,0.0,0.0,0.0,0.5186534828106426,0.6275027921841517,0.6528068899725106,0.660006992598839
BIOMD0000001022,I,0.030604564217637836,0.0,0.9853089047694722,994,6,0.0030179301349861007,0.004817982554024003,0.0052054454482753035,0.00541970223819957,0.005650547812767392,0.006833463942295559,0.013205985904207235,0.0383120060467175,0.11720655128942292,0.6421020459572325
BIOMD0000001022,S,0.0,0.0,0.0,995,5,0.0,0.0,0.0,0.0,0.0,0.0,0.0,0.0,0.0,0.0
BIOMD0000001022,N,0.9093818122932871,0.8939348015007762,1.0,1000,0,0.8939497290539913,0.893965514385391,0.8939998583761741,0.8940185242759024,0.8940382627693662,0.8941292297211102,0.9074663072804146,0.9786972994451769,0.9986060071274306,0.9999916885413392
BIOMD0000001023,model,0.7299540146432294,0.2540428476460791,0.9712309577064381,3,0,0.3250973867391883,0.3961519258322975,0.5382610040185158,0.6093155431116251,0.6803700822047343,0.9645882385771711,0.9685738700547313,0.9699024138805847,0.9705666857935114,0.9710981033238527
BIOMD0000001023,Normal_cells,0.6568377278466416,0.22972270154744368,1.0,96,904,0.2381779827111422,0.2540428476460791,0.3255132290507743,0.38329540751107416,0.42893852445746233,0.6900358689659934,0.9529019755976903,0.9753985766273878,0.9874827505401788,0.9977487685500257
BIOMD0000001023,Tumor_cells,0.9859978304546158,0.9568933837502659,1.0,1000,0,0.9683607996885651,0.9712309577064381,0.9738850224975207,0.9759473494859487,0.9783957599092806,0.9895969516161864,0.9957717008107982,0.997809830803261,0.9988716225126201,0.9998044558453311
BIOMD0000001023,Immune_cells,0.984876107758952,0.9614274920098167,1.0,1000,0,0.9631278823932193,0.9645882385771711,0.9702045689292432,0.9737931613327925,0.9777919089780692,0.9918800773242948,0.9951866160962389,0.997415518314074,0.9987081651557629,0.9997586289999205
BIOMD0000001024,model,0.0,0.0,0.0,2,0,0.0,0.0,0.0,0.0,0.0,0.0,0.0,0.0,0.0,0.0
BIOMD0000001024,Expanding_CAR_T_cells,0.03181924555354851,0.0,1.0,907,93,0.0,0.0,0.0,0.0,0.0,0.0,0.0,0.0,0.09161538905723662,0.8754225608281335
BIOMD0000001024,Tumor_cells,0.018949932250223584,0.0,1.0,751,249,0.0,0.0,0.0,0.0,0.0,0.0,0.0,0.0,0.0,0.7808027701471068
BIOMD0000001025,model,0.0,0.0,0.0,3,0,0.0,0.0,0.0,0.0,0.0,0.0,0.0,0.0,0.0,0.0
BIOMD0000001025,Tumor_cells,0.10883036915573717,0.0,1.0,205,795,0.0,0.0,0.0,0.0,0.0,0.0,0.0,0.5559762093318792,0.864724397962172,0.9623328291753929
BIOMD0000001025,Expanding_CAR_T_cells,0.11456428931148098,0.0,1.0,278,722,0.0,0.0,0.0,0.0,0.0,0.0,0.0,0.7943091945046543,0.8678391414184805,0.9709520345923064
BIOMD0000001025,Persistent_CAR_T_cells,0.0,0.0,0.0,974,26,0.0,0.0,0.0,0.0,0.0,0.0,0.0,0.0,0.0,0.0
BIOMD0000001026,model,0.30041085967970743,0.30041085967970743,0.30041085967970743,1,0,0.30041085967970743,0.30041085967970743,0.30041085967970743,0.30041085967970743,0.30041085967970743,0.30041085967970743,0.30041085967970743,0.30041085967970743,0.30041085967970743,0.30041085967970743
BIOMD0000001026,Mrbc,0.5721762780513694,0.0,0.9990144518080017,999,1,0.14849979064925242,0.30041085967970743,0.38055375539174,0.39797165868810735,0.421749003095984,0.5534331377429929,0.8115924552684449,0.904093832810035,0.9524994408014933,0.989754087056369
BIOMD0000001027,model,0.0,0.0,0.0,20,0,0.0,0.0,0.0,0.0,0.0,0.0,0.0,0.0,0.0,0.0
BIOMD0000001027,mLiver,0.0022593863487181003,0.0,0.9297613332445486,623,377,0.0,0.0,0.0,0.0,0.0,0.0,0.0,0.0,0.0,0.0
BIOMD0000001027,mKidneyPlasma,0.002265256567775819,0.0,0.6253188440252104,522,478,0.0,0.0,0.0,0.0,0.0,0.0,0.0,0.0,0.0,0.0
BIOMD0000001027,mRemainder,0.005718288490244083,0.0,0.9556811872288791,529,471,0.0,0.0,0.0,0.0,0.0,0.0,0.0,0.0,0.0,0.0
BIOMD0000001027,mPlasmaVenous,0.0030006427196506177,0.0,0.9489648286277353,539,461,0.0,0.0,0.0,0.0,0.0,0.0,0.0,0.0,0.0,0.0
BIOMD0000001027,mHeart,0.0,0.0,0.0,583,417,0.0,0.0,0.0,0.0,0.0,0.0,0.0,0.0,0.0,0.0
BIOMD0000001027,mMuscle,0.0,0.0,0.0,617,383,0.0,0.0,0.0,0.0,0.0,0.0,0.0,0.0,0.0,0.0
BIOMD0000001027,mAdipose,0.0,0.0,0.0,535,465,0.0,0.0,0.0,0.0,0.0,0.0,0.0,0.0,0.0,0.0
BIOMD0000001027,mBrain,0.003794418184272666,0.0,0.9328118225098139,528,472,0.0,0.0,0.0,0.0,0.0,0.0,0.0,0.0,0.0,0.0
BIOMD0000001027,mFeces,0.005184081388507621,0.0,0.9812697183209915,643,357,0.0,0.0,0.0,0.0,0.0,0.0,0.0,0.0,0.0,0.0
BIOMD0000001027,mUrine,0.0,0.0,0.0,642,358,0.0,0.0,0.0,0.0,0.0,0.0,0.0,0.0,0.0,0.0
BIOMD0000001027,mIntestineLumen,0.008517620649782046,0.0,0.9333885200116009,635,365,0.0,0.0,0.0,0.0,0.0,0.0,0.0,0.0,0.0,0.2511906463343345
BIOMD0000001027,mPlasmaArterial,0.0029316151042351685,0.0,0.9194267657413258,539,461,0.0,0.0,0.0,0.0,0.0,0.0,0.0,0.0,0.0,0.0
BIOMD0000001027,mLung,0.0005614053426776891,0.0,0.15857424315980495,591,409,0.0,0.0,0.0,0.0,0.0,0.0,0.0,0.0,0.0,0.0
BIOMD0000001027,mPortalVein,0.002906299578487843,0.0,0.8766880964782827,541,459,0.0,0.0,0.0,0.0,0.0,0.0,0.0,0.0,0.0,0.0
BIOMD0000001027,mStomach,0.001231309101387878,0.0,0.7326289153257874,595,405,0.0,0.0,0.0,0.0,0.0,0.0,0.0,0.0,0.0,0.0
BIOMD0000001027,mIntestineEnterocytes,0.004413952741589414,0.0,0.8714570288470983,643,357,0.0,0.0,0.0,0.0,0.0,0.0,0.0,0.0,0.0,0.0
BIOMD0000001027,mKidneyTissue,0.0,0.0,0.0,597,403,0.0,0.0,0.0,0.0,0.0,0.0,0.0,0.0,0.0,0.0
BIOMD0000001027,mIntestineVascular,0.002650485150903227,0.0,0.9204742719684847,615,385,0.0,0.0,0.0,0.0,0.0,0.0,0.0,0.0,0.0,0.0
BIOMD0000001027,mStomachLumen,0.017523904799408248,0.0,0.8620269360431607,62,938,0.0,0.0,0.0,0.0,0.0,0.0,0.0,0.0,0.0,0.47310815358412495
BIOMD0000001027,mKidneyTubular,0.0017984672854776747,0.0,0.9214257045526782,643,357,0.0,0.0,0.0,0.0,0.0,0.0,0.0,0.0,0.0,0.0
BIOMD0000001028,model,0.0,0.0,0.0,21,0,0.0,0.0,0.0,0.0,0.0,0.0,0.0,0.0,0.0,0.0
BIOMD0000001028,mLiver,0.07002046220519394,0.0,0.9993607531011267,999,1,0.0,0.0,0.0,0.0,0.0,0.0,0.0,0.0,0.8932752626024111,0.9866933867884138
BIOMD0000001028,mKidneyPlasma,0.04865014778051597,0.0,0.9926460977688649,998,2,0.0,0.0,0.0,0.0,0.0,0.0,0.0,0.0,0.6216824482483994,0.8836229394706567
BIOMD0000001028,mRemainder,0.08761950709595573,0.0,0.9981562539884066,995,5,0.0,0.0,0.0,0.0,0.0,0.0,0.0,0.31915893090362374,0.9368346975307981,0.9853834425055835
BIOMD0000001028,mPlasmaVenous,0.05776579232664704,0.0,0.9914252203933563,998,2,0.0,0.0,0.0,0.0,0.0,0.0,0.0,0.0,0.7705586110623246,0.9274565419699532
BIOMD0000001028,mHeart,0.07344853506459763,0.0,0.9979308394743874,997,3,0.0,0.0,0.0,0.0,0.0,0.0,0.0,0.0,0.9235574658367597,0.9882985415699236
BIOMD0000001028,mMuscle,0.10673030056292708,0.0,0.9999766024966205,995,5,0.0,0.0,0.0,0.0,0.0,0.0,0.0,0.7972332169744694,0.9773893503468828,0.9977781856945678
BIOMD0000001028,mAdipose,0.09444546277424769,0.0,0.9996384612196966,994,6,0.0,0.0,0.0,0.0,0.0,0.0,0.0,0.54905283263046,0.9515899631350947,0.9869641260740878
BIOMD0000001028,mBrain,0.04378741867379403,0.0,0.9640578168659125,997,3,0.0,0.0,0.0,0.0,0.0,0.0,0.0,0.0,0.568057617565019,0.7566394926115327
BIOMD0000001028,mFeces,0.09119813777070102,0.0,0.9997999829249318,999,1,0.0,0.0,0.0,0.0,0.0,0.0,0.0,0.4096916057614087,0.9546931861811822,0.9858600667829915
BIOMD0000001028,mUrineExternal,0.1261354902504815,0.0,0.9962501952126197,993,7,0.0,0.0,0.0,0.0,0.0,0.0,0.0,0.8832870349805565,0.9542061818703599,0.9722890057128032
BIOMD0000001028,mIntestineLumen,0.05226457103790978,0.0,0.9829762947789745,999,1,0.0,0.0,0.0,0.0,0.0,0.0,0.0,0.0,0.7450396664726794,0.9605409955422968
BIOMD0000001028,mPlasmaArterial,0.05158131526895569,0.0,0.9677225566767139,997,3,0.0,0.0,0.0,0.0,0.0,0.0,0.0,0.0,0.697368591948115,0.8626566813513723
BIOMD0000001028,mLung,0.05135074794275398,0.0,0.9924072131861665,998,2,0.0,0.0,0.0,0.0,0.0,0.0,0.0,0.0,0.6512034819980458,0.8992380639144322
BIOMD0000001028,mPortalVein,0.04972334118984032,0.0,0.9976217552312874,999,1,0.0,0.0,0.0,0.0,0.0,0.0,0.0,0.0,0.6477517214293632,0.9539207883434444
BIOMD0000001028,mStomach,0.06921905377215294,0.0,0.9841028248046608,997,3,0.0,0.0,0.0,0.0,0.0,0.0,0.0,0.0,0.8760879469424547,0.9457946272407144
BIOMD0000001028,mEnterocytes,0.04936184102022372,0.0,0.9698685236425079,999,1,0.0,0.0,0.0,0.0,0.0,0.0,0.0,0.0,0.646059827737393,0.9321212663885787
BIOMD0000001028,mKidneyTissue,0.06202201151793814,0.0,0.9935800523601459,998,2,0.0,0.0,0.0,0.0,0.0,0.0,0.0,0.0,0.8105057200533078,0.9429754342672972
BIOMD0000001028,mIntestineVascular,0.04866082710275013,0.0,0.9993798310608788,999,1,0.0,0.0,0.0,0.0,0.0,0.0,0.0,0.0,0.6327972043231669,0.9521296544605231
BIOMD0000001028,mStomachLumen,0.006896976900016526,0.0,0.6266898497855312,455,545,0.0,0.0,0.0,0.0,0.0,0.0,0.0,0.0,0.0,0.35816171631874866
BIOMD0000001028,mRBC,0.08484581401778442,0.0,0.9908367400010096,985,15,0.0,0.0,0.0,0.0,0.0,0.0,0.0,0.6089840180243197,0.757776230893743,0.8902569407581866
BIOMD0000001028,mKidneyTubular,0.09442210577883713,0.0,0.9960125441087877,998,2,0.0,0.0,0.0,0.0,0.0,0.0,0.0,0.5000160061233675,0.9411065465458035,0.9723808777109434
BIOMD0000001029,model,0.0,0.0,0.0,21,0,0.0,0.0,0.0,0.0,0.0,0.0,0.0,0.0,0.0,0.0
BIOMD0000001029,mLiver,0.0,0.0,0.0,999,1,0.0,0.0,0.0,0.0,0.0,0.0,0.0,0.0,0.0,0.0
BIOMD0000001029,mKidneyPlasma,0.0,0.0,0.0,999,1,0.0,0.0,0.0,0.0,0.0,0.0,0.0,0.0,0.0,0.0
BIOMD0000001029,mRemainder,0.00012848013561123463,0.0,0.12822317534001215,998,2,0.0,0.0,0.0,0.0,0.0,0.0,0.0,0.0,0.0,0.0
BIOMD0000001029,mPlasmaVenous,0.0,0.0,0.0,999,1,0.0,0.0,0.0,0.0,0.0,0.0,0.0,0.0,0.0,0.0
BIOMD0000001029,mHeart,0.0002268495883277406,0.0,0.22662273873941285,999,1,0.0,0.0,0.0,0.0,0.0,0.0,0.0,0.0,0.0,0.0
BIOMD0000001029,mMuscle,0.0006290183320520929,0.0,0.5453604188686985,998,2,0.0,0.0,0.0,0.0,0.0,0.0,0.0,0.0,0.0,0.0
BIOMD0000001029,mAdipose,0.0005050659199882818,0.0,0.4590427178172164,998,2,0.0,0.0,0.0,0.0,0.0,0.0,0.0,0.0,0.0,0.0
BIOMD0000001029,mBrain,0.0,0.0,0.0,999,1,0.0,0.0,0.0,0.0,0.0,0.0,0.0,0.0,0.0,0.0
BIOMD0000001029,mFeces,0.0,0.0,0.0,999,1,0.0,0.0,0.0,0.0,0.0,0.0,0.0,0.0,0.0,0.0
BIOMD0000001029,mUrineExternal,0.0009681173000279634,0.0,0.5053444200850294,998,2,0.0,0.0,0.0,0.0,0.0,0.0,0.0,0.0,0.0,0.0
BIOMD0000001029,mIntestineLumen,0.0,0.0,0.0,999,1,0.0,0.0,0.0,0.0,0.0,0.0,0.0,0.0,0.0,0.0
BIOMD0000001029,mPlasmaArterial,0.0,0.0,0.0,999,1,0.0,0.0,0.0,0.0,0.0,0.0,0.0,0.0,0.0,0.0
BIOMD0000001029,mLung,0.0,0.0,0.0,999,1,0.0,0.0,0.0,0.0,0.0,0.0,0.0,0.0,0.0,0.0
BIOMD0000001029,mPortalVein,0.0,0.0,0.0,999,1,0.0,0.0,0.0,0.0,0.0,0.0,0.0,0.0,0.0,0.0
BIOMD0000001029,mStomach,0.00018278454093082166,0.0,0.18260175638989085,999,1,0.0,0.0,0.0,0.0,0.0,0.0,0.0,0.0,0.0,0.0
BIOMD0000001029,mEnterocytes,0.0,0.0,0.0,999,1,0.0,0.0,0.0,0.0,0.0,0.0,0.0,0.0,0.0,0.0
BIOMD0000001029,mKidneyTissue,0.0,0.0,0.0,999,1,0.0,0.0,0.0,0.0,0.0,0.0,0.0,0.0,0.0,0.0
BIOMD0000001029,mIntestineVascular,0.0,0.0,0.0,999,1,0.0,0.0,0.0,0.0,0.0,0.0,0.0,0.0,0.0,0.0
BIOMD0000001029,mStomachLumen,0.005609575343015768,0.0,0.8722729026912429,975,25,0.0,0.0,0.0,0.0,0.0,0.0,0.0,0.0,0.0,0.15645848341486282
BIOMD0000001029,mRBC,0.0047481206214372955,0.0,0.9316917023898549,995,5,0.0,0.0,0.0,0.0,0.0,0.0,0.0,0.0,0.0,0.0
BIOMD0000001029,mKidneyTubular,0.0011122364191770262,0.0,0.9008942470227733,999,1,0.0,0.0,0.0,0.0,0.0,0.0,0.0,0.0,0.0,0.0
BIOMD0000001030,model,1.0,1.0,1.0,2,0,1.0,1.0,1.0,1.0,1.0,1.0,1.0,1.0,1.0,1.0
BIOMD0000001030,Regulatory_cells,1.0,1.0,1.0,1000,0,1.0,1.0,1.0,1.0,1.0,1.0,1.0,1.0,1.0,1.0
BIOMD0000001030,Effector_cells,1.0,1.0,1.0,1000,0,1.0,1.0,1.0,1.0,1.0,1.0,1.0,1.0,1.0,1.0
BIOMD0000001031,model,0.9519666849399228,0.9070975648031915,0.9973909130708578,3,0,0.9115289660174443,0.915960367231697,0.9248231696602026,0.9292545708744553,0.9336859720887081,0.9514115769457192,0.9789991786208023,0.9881950458458301,0.992792979458344,0.996471326348355
BIOMD0000001031,uninfected_cancer_cells,0.9705327991679271,0.8417663544151,1.0,74,926,0.8746911866586644,0.9070975648031915,0.965094167159488,0.9729922480088664,0.9744535085925692,0.9864909191852106,0.9956645944788308,0.9977212166587788,0.9984595137025236,0.999961952148179
BIOMD0000001031,infected_cancer_cells,0.9791178119138156,0.9492388284654957,0.9994839643582546,75,925,0.9498711177555744,0.9514115769457192,0.9594484322141532,0.9654443033612226,0.9728113262022906,0.9849530893874973,0.9924475240451793,0.9958758668585256,0.9982127265299138,0.9993276125466318
BIOMD0000001031,free_virus,0.9984672854277851,0.9967100499802146,1.0,333,667,0.9969655696727291,0.9973909130708578,0.9976576530625869,0.9977587138942353,0.9978648961499662,0.9984223965340547,0.9993885287363962,0.9996976403061538,0.9998660634507003,0.9999706460550636
BIOMD0000001032,model,0.6601967357864816,0.20324371615508785,0.9149638622819415,3,1,0.26915760743182066,0.33507149870855346,0.4668992812620191,0.5328131725387519,0.5987270638154847,0.8623826289224159,0.8939313689381313,0.9044476156100364,0.9097057389459889,0.9139122376147509
BIOMD0000001032,uninfected_cancer_cells,0.9278330470723937,0.5600926034872473,1.0,452,548,0.8435881058497143,0.8623826289224159,0.8819513190653675,0.8867157281258999,0.8933368922818025,0.9301423850032975,0.9832661260250406,0.9925664171957861,0.99587256740916,0.9991892366118662
BIOMD0000001032,infected_cancer_cells,0.9495598505717908,0.8137406182728245,0.9996647257187681,163,837,0.8848618220774734,0.9149638622819415,0.9243505741858621,0.9318984068653909,0.9416558866586056,0.9519325219481097,0.9785056586440263,0.9892480232088326,0.994237813733817,0.9992017427822038
BIOMD0000001032,free_virus,0.7585505887497844,0.0,1.0,445,555,0.001187600396416916,0.20324371615508785,0.5023542464426283,0.6111286385470813,0.7001722568887931,0.9268819667651355,0.9913120028609439,0.9949708853042775,0.9975644916739473,0.9996799441435433
BIOMD0000001032,damaged_cancer_cells,,,,0,1000,,,,,,,,,,
BIOMD0000001033,model,0.0,0.0,0.0,3,3,0.0,0.0,0.0,0.0,0.0,0.0,0.0,0.0,0.0,0.0
BIOMD0000001033,Uninfected_tumour_cells,0.12427632887264779,0.0,0.9808980361339851,535,465,0.0,0.0,0.0,0.0,0.0,0.0,0.299358403306545,0.38051660689881595,0.4181242090124809,0.6635059312454681
BIOMD0000001033,Infected_tumour_cells,1.0402291395582451e-05,0.0,9.362062256024206e-05,9,991,0.0,0.0,0.0,0.0,0.0,0.0,0.0,1.872412451204843e-05,5.61723735361452e-05,8.613097275542268e-05
BIOMD0000001033,M1_macrophages,,,,0,1000,,,,,,,,,,
BIOMD0000001033,Uninfected_M2_macrophages,,,,0,1000,,,,,,,,,,
BIOMD0000001033,Infected_M2_macrophages,,,,0,1000,,,,,,,,,,
BIOMD0000001033,Oncolytic_viruses,0.10700906039911556,0.0,0.3648209108121532,52,948,0.0,0.0,0.0,0.0,0.0,0.06147675220687038,0.22789773497075586,0.29782058990012705,0.3348752603460587,0.3594924822597516
BIOMD0000001034,model,0.8657512754652757,0.7608053779180818,0.9796868767204463,4,0,0.7689669372931056,0.7771284966681294,0.793451615418177,0.8016131747932008,0.8097747341682247,0.8612564236112875,0.9362529947707793,0.9579699357456127,0.9688284062330295,0.9775151826229629
BIOMD0000001034,BCG,0.9902379037997134,0.9780638972292038,0.9999858466258726,999,1,0.9784792945013092,0.9796868767204463,0.9834987281837687,0.984359575822191,0.9857165607433265,0.9909662595288342,0.9975839325702601,0.9990119510194954,0.9996550431978637,0.9999006749171067
BIOMD0000001034,Effector_cells,0.9608075707319981,0.9007229353356216,1.0,1000,0,0.9025275493172161,0.9072970734710012,0.9239050725539554,0.9350086289045222,0.9472506875162836,0.9720440182221053,0.9880838525879737,0.9952872423986109,0.997690116742258,0.9994915584156624
BIOMD0000001034,Tumor_infected_cells,0.8881066248104601,0.5347196698581609,0.9998400778320603,986,14,0.6495214586772302,0.7608053779180818,0.822141585453408,0.8355920541702272,0.8530680536309461,0.91891011931512,0.967370095144733,0.982841494889437,0.9915291380914045,0.998002087754387
BIOMD0000001034,Tumor_uninfected_cells,0.9370425146236583,0.8032637167725313,1.0,781,219,0.8063356313888309,0.8152157737515738,0.8486903079463111,0.8722552518157107,0.8993751638491359,0.9735254973416031,0.9948783934496871,0.9974396832112635,0.9989055421636732,0.999734817744438
BIOMD0000001035,model,0.809881867560806,0.7649774836194247,0.8703144259623969,4,0,0.7654352939039099,0.7658931041883951,0.7668087247573654,0.7672665350418505,0.7677243453263357,0.8021177803307011,0.8498493754722047,0.8600819007173008,0.8651981633398489,0.8692911734378873
BIOMD0000001035,uninfected_cancer_cells,0.9126405880505342,0.8674115156219363,1.0,1000,0,0.8681448291039465,0.8703144259623969,0.8782111321001884,0.8835605545531383,0.8894346363572054,0.912309375323499,0.9422698036521636,0.9517629396319752,0.9552523930739655,0.9981652482556018
BIOMD0000001035,infected_cancer_cells,0.8286853594652417,0.30643970943248944,0.9256206009498225,940,60,0.7663585109838359,0.7680295521826591,0.7769507128335065,0.7841235189360952,0.7925995175022632,0.8324751468698632,0.8922140377602721,0.9105874184978556,0.9189289962407083,0.92471370748511
BIOMD0000001035,free_virus,0.7930813998624155,0.021160673794467177,0.9215662164388985,982,18,0.42074062013457336,0.7649774836194247,0.7704542959868511,0.7760962455927045,0.7836345019108139,0.8232348064434789,0.8854449603777395,0.9041516799766871,0.9120163766621103,0.9193493862811981
BIOMD0000001035,immune_cells,0.8879090606909124,0.8343774844641052,0.999790055071726,163,837,0.8348567346415406,0.8362060084787433,0.8402372467870128,0.8415468040727592,0.842308757441697,0.8732222533694696,0.9385825405955223,0.9684766274441032,0.9841982675321238,0.9960239920602012
BIOMD0000001036,model,,,,0,3,,,,,,,,,,
BIOMD0000001036,Effector_cells,,,,0,1000,,,,,,,,,,
BIOMD0000001036,Tumor_cells,,,,0,1000,,,,,,,,,,
BIOMD0000001036,IL_2,,,,0,1000,,,,,,,,,,
BIOMD0000001037,model,0.5144237516830731,0.048661800561226876,0.9801857028049193,2,0,0.09523799567341151,0.14181419078559615,0.2349665810099654,0.28154277612215,0.32811897123433464,0.5144237516830731,0.7938809223561809,0.8870333125805501,0.9336095076927347,0.9708704637824824
BIOMD0000001037,Normal_cells,0.6522884293455851,0.0,1.0,88,912,0.0,0.048661800561226876,0.41466634453411166,0.4369356626495414,0.484876178072362,0.7120046367762716,0.9531965262991464,0.9726130447019598,0.9848179266238881,0.9971904394698873
BIOMD0000001037,Tumor_cells,0.9945415372544463,0.949121191252311,1.0,1000,0,0.9697555445017659,0.9801857028049193,0.9903145498641112,0.9927252546500572,0.9951617083374171,0.9997214952295996,0.9999566330623028,0.9999715818674286,0.9999845390559573,0.9999970321491292
BIOMD0000001038,model,0.3333171281177127,0.0,0.999951384353138,3,0,0.0,0.0,0.0,0.0,0.0,0.0,0.5999708306118829,0.7999611074825105,0.8999562459178241,0.9799523566660753
BIOMD0000001038,Normal_cells,0.3104853602221178,0.0,1.0,1000,0,0.0,0.0,0.0,0.0,0.0,0.10646152737725645,0.7645054474981351,0.8770468419952652,0.9365574801983658,0.9867035555722722
BIOMD0000001038,Tumor_cells,0.6120797679228575,0.0,1.0,1000,0,0.0,0.0,0.32424632019738503,0.38837475502004526,0.4851456315496932,0.6873773318470993,0.9018540945304598,0.9494733459102662,0.9739933741346878,0.9943951221072991
BIOMD0000001038,Vitamins,0.999982338420545,0.9999179193527522,1.0,1000,0,0.9999280678335455,0.999951384353138,0.9999839695392024,0.9999885613971378,0.9999900595896353,0.9999906502965149,0.9999906563899107,0.9999906564041292,0.9999906564046855,0.9999906564048086
BIOMD0000001039,model,0.0,0.0,0.0,19,1,0.0,0.0,0.0,0.0,0.0,0.0,0.0,0.0,0.0,0.0
BIOMD0000001039,mLiver,0.007619687768423167,0.0,0.6362643358565839,493,507,0.0,0.0,0.0,0.0,0.0,0.0,0.0,0.0,0.0,0.4173260261539486
BIOMD0000001039,mKidneyPlasma,0.006911292843151387,0.0,0.5806975445023701,395,605,0.0,0.0,0.0,0.0,0.0,0.0,0.0,0.0,0.0,0.37766157030569214
BIOMD0000001039,mRemainder,0.005638626053397773,0.0,0.5412221004503819,402,598,0.0,0.0,0.0,0.0,0.0,0.0,0.0,0.0,0.0,0.28070236580781177
BIOMD0000001039,mPlasmaVenous,0.002421307506053269,0.0,1.0,413,587,0.0,0.0,0.0,0.0,0.0,0.0,0.0,0.0,0.0,0.0
BIOMD0000001039,mHeart,0.005809045567369545,0.0,0.5820253902422354,454,546,0.0,0.0,0.0,0.0,0.0,0.0,0.0,0.0,0.0,0.2749266680978498
BIOMD0000001039,mMuscle,0.03251833289731836,0.0,0.8821451690724569,488,512,0.0,0.0,0.0,0.0,0.0,0.0,0.0,0.0,0.0045187361192107894,0.7972346394225225
BIOMD0000001039,mAdipose,0.039269881737735664,0.0,0.883602410705419,410,590,0.0,0.0,0.0,0.0,0.0,0.0,0.0,0.0,0.4575627509311604,0.8142627088656518
BIOMD0000001039,mBrain,0.00564847104280242,0.0,0.5550106782315026,402,598,0.0,0.0,0.0,0.0,0.0,0.0,0.0,0.0,0.0,0.24850903614332007
BIOMD0000001039,mFeces,0.024183643513126355,0.0,0.9427399940642756,999,1,0.0,0.0,0.0,0.0,0.0,0.0,0.0,0.0,0.0,0.9021439160461273
BIOMD0000001039,mUrine,0.013465833932265756,0.0,0.8219785176652219,999,1,0.0,0.0,0.0,0.0,0.0,0.0,0.0,0.0,0.0,0.6487401505794957
BIOMD0000001039,mIntestineLumen,0.0527737167898449,0.0,0.9403307570657462,492,508,0.0,0.0,0.0,0.0,0.0,0.0,0.0,0.0,0.7324163722455314,0.9090086539752501
BIOMD0000001039,mPlasmaArterial,0.00711732533369897,0.0,0.5970501415091689,412,588,0.0,0.0,0.0,0.0,0.0,0.0,0.0,0.0,0.0,0.37209921049027944
BIOMD0000001039,mLung,0.006360673401331874,0.0,0.5974900802042398,462,538,0.0,0.0,0.0,0.0,0.0,0.0,0.0,0.0,0.0,0.28379945359504716
BIOMD0000001039,mPortalVein,0.005865475344220792,0.0,0.555141193858264,413,587,0.0,0.0,0.0,0.0,0.0,0.0,0.0,0.0,0.0,0.32243114602122047
BIOMD0000001039,mStomach,0.005265774586230968,0.0,0.5491902679412568,466,534,0.0,0.0,0.0,0.0,0.0,0.0,0.0,0.0,0.0,0.2450967551067587
BIOMD0000001039,mIntestineEnterocytes,0.06314969039792764,0.0,0.9749658800456465,606,394,0.0,0.0,0.0,0.0,0.0,0.0,0.0,0.0,0.8742811036614669,0.9673350303842413
BIOMD0000001039,mKidneyTissue,0.014695677300955324,0.0,0.7217906324849463,468,532,0.0,0.0,0.0,0.0,0.0,0.0,0.0,0.0,0.0,0.5892249103272807
BIOMD0000001039,mIntestineVascular,0.004769415157338118,0.0,0.5419377279922235,484,516,0.0,0.0,0.0,0.0,0.0,0.0,0.0,0.0,0.0,0.18862571109568949
BIOMD0000001039,mStomachLumen,,,,0,1000,,,,,,,,,,
BIOMD0000001039,mKidneyTubular,0.022452159152491966,0.0,0.9428420506707119,584,416,0.0,0.0,0.0,0.0,0.0,0.0,0.0,0.0,0.0,0.8569689544877398
BIOMD0000001040,model,0.2162561472073437,0.2162561472073437,0.2162561472073437,1,0,0.2162561472073437,0.2162561472073437,0.2162561472073437,0.2162561472073437,0.2162561472073437,0.2162561472073437,0.2162561472073437,0.2162561472073437,0.2162561472073437,0.2162561472073437
BIOMD0000001040,Mrbc,0.5228065908668006,0.0,0.9994726803030062,999,1,0.032761576647785985,0.2162561472073437,0.3165308094053354,0.3340176865039201,0.3577038159096714,0.49745433148439944,0.7846908051361274,0.8906997428532832,0.9443041211083961,0.9893211224388881
BIOMD0000001041,model,0.2940822341509901,0.0,0.8822467024529703,3,0,0.0,0.0,0.0,0.0,0.0,0.0,0.5293480214717823,0.7057973619623763,0.7940220322076732,0.8646017684039109
BIOMD0000001041,Normal_T_cells,0.9587921211082319,0.6472190045425009,1.0,1000,0,0.8663006816624921,0.8822467024529703,0.9462100329900884,0.9724288588300878,0.9804653040695595,0.9805463661995022,0.9841886668154486,0.9902360105865528,0.9947813975259855,0.9989020777410202
BIOMD0000001041,CAR_T_cells,0.13985035521128947,0.0,1.0,997,3,0.0,0.0,0.0,0.0,0.0,0.0,0.2708534265513258,0.6633941006800178,0.8235158138384829,0.9667058599413136
BIOMD0000001041,Antigen_presenting_tumour_cells,0.2899714683416139,0.0,1.0,56,944,0.0,0.0,0.0,0.0,0.0,0.0,0.8821523636387643,0.9428357162011729,0.9703213655745084,0.994831406309249
BIOMD0000001042,model,0.1666666514106547,0.0,0.9999999084639282,6,0,0.0,0.0,0.0,0.0,0.0,0.0,0.0,0.4999999542319641,0.7499999313479462,0.949999913040732
BIOMD0000001042,Tumor_cells,0.021336770719480567,0.0,1.0,103,897,0.0,0.0,0.0,0.0,0.0,0.0,0.0,0.0,0.0,0.6406948007642771
BIOMD0000001042,NK_cells,0.001,0.0,1.0,1000,0,0.0,0.0,0.0,0.0,0.0,0.0,0.0,0.0,0.0,0.0
BIOMD0000001042,CD8_T_cells,0.0014005602240896356,0.0,0.9999999999999999,714,286,0.0,0.0,0.0,0.0,0.0,0.0,0.0,0.0,0.0,0.0
BIOMD0000001042,CD4_T_cells,0.0015389511975122114,0.0,1.0,1000,0,0.0,0.0,0.0,0.0,0.0,0.0,0.0,0.0,0.0,0.0
BIOMD0000001042,Circulating_lymphocytes,0.9999999426565394,0.999999902880706,1.0,1000,0,0.9999999055955058,0.9999999084639282,0.9999999146979783,0.9999999180827839,0.9999999216627081,0.9999999381596165,0.9999999709870402,0.9999999846087894,0.9999999930934012,0.9999999994938742
BIOMD0000001042,IL_2,0.007407407407407408,0.0,1.0,135,865,0.0,0.0,0.0,0.0,0.0,0.0,0.0,0.0,0.0,0.0
BIOMD0000001043,model,0.0,0.0,0.0,2,1,0.0,0.0,0.0,0.0,0.0,0.0,0.0,0.0,0.0,0.0
BIOMD0000001043,uninfected_tumor_cells,0.19062427152593422,0.0,0.9973165474871395,219,781,0.0,0.0,0.0,0.0,0.0,0.0,0.3923060631791177,0.651262115056727,0.8373449402587381,0.9556912018120071
BIOMD0000001043,infected_tumor_cells,0.13100244316460158,0.0,0.9954169232807323,684,316,0.0,0.0,0.0,0.0,0.0,0.0,0.322735069562481,0.3837718002084746,0.5148707151313187,0.889466130931503
BIOMD0000001043,virus_specific_CTLs,,,,0,1000,,,,,,,,,,
BIOMD0000001044,model,0.0,0.0,0.0,12,2,0.0,0.0,0.0,0.0,0.0,0.0,0.0,0.0,0.0,0.0
BIOMD0000001044,APCP,0.05697693100893703,0.0,1.0,282,718,0.0,0.0,0.0,0.0,0.0,0.0,0.0,0.13956791749847666,0.6051309559754415,0.8310062415125459
BIOMD0000001044,BCKI,,,,0,1000,,,,,,,,,,
BIOMD0000001044,Cdc20A,0.14244533327553982,0.0,1.0,119,881,0.0,0.0,0.0,0.0,0.0,0.0,0.12208124554225472,0.7740778850383357,0.8897788246285837,0.9846375747784404
BIOMD0000001044,Cdc20i,0.0650228154949089,0.0,1.0,745,255,0.0,0.0,0.0,0.0,0.0,0.0,0.0,0.19488635711280586,0.634664466335487,0.9221911469874505
BIOMD0000001044,Cdh1,0.02145292557953624,0.0,1.0,660,340,0.0,0.0,0.0,0.0,0.0,0.0,0.0,0.0,8.781343899751166e-05,0.7511355489248744
BIOMD0000001044,CKI,0.006304489739593716,0.0,1.0,1000,0,0.0,0.0,0.0,0.0,0.0,0.0,0.0,0.0,0.0,0.237836958387586
BIOMD0000001044,CycA,0.05584296604992974,0.0,0.9878172160178664,683,317,0.0,0.0,0.0,0.0,0.0,0.0,0.0,0.0,0.5409719952628438,0.8364130932674884
BIOMD0000001044,CycB,0.035406970862186554,0.0,1.0,522,478,0.0,0.0,0.0,0.0,0.0,0.0,0.0,0.0,0.30212937923314676,0.7159221669896225
BIOMD0000001044,CycE,0.03707320992796183,0.0,1.0,1000,0,0.0,0.0,0.0,0.0,0.0,0.0,0.0,0.003935816564984844,0.3068615993066373,0.7850025480244309
BIOMD0000001044,Mass,0.10000971675223315,0.0,1.0,1000,0,0.0,0.0,0.0,0.0,0.0,0.0,0.0,0.47729790453359555,0.7293680899224091,0.9379450394196909
BIOMD0000001044,pB,0.0,0.0,0.0,227,773,0.0,0.0,0.0,0.0,0.0,0.0,0.0,0.0,0.0,0.0
BIOMD0000001044,pBCKI,,,,0,1000,,,,,,,,,,
BIOMD0000001044,TriA,0.040836845945123434,0.0,1.0,872,128,0.0,0.0,0.0,0.0,0.0,0.0,0.0,0.0,0.407723826603158,0.9155112386745913
BIOMD0000001044,TriE,0.04324373449415878,0.0,1.0,842,158,0.0,0.0,0.0,0.0,0.0,0.0,0.0,0.0,0.4601128050123651,0.8735552548780404
BIOMD0000001045,model,0.0,0.0,0.0,3,0,0.0,0.0,0.0,0.0,0.0,0.0,0.0,0.0,0.0,0.0
BIOMD0000001045,Infected,3.4145064404996594e-06,0.0,3.971365504484847e-05,311,689,0.0,0.0,0.0,0.0,0.0,0.0,3.4826670388676817e-06,1.3595609054561919e-05,2.3634805096706124e-05,3.587114567150659e-05
BIOMD0000001045,Recovered,0.00013324039339821975,0.0,0.0016743611764512556,650,350,0.0,0.0,4.231087182993144e-06,7.888344048190277e-06,1.1429884545688383e-05,2.4636755603713034e-05,0.00011992950908736875,0.00041293911844707563,0.0008257877424659102,0.0014532706797468617
BIOMD0000001045,Susceptible,0.5105990621868849,0.0,1.0,1000,0,0.0,0.0,0.0,0.0,0.0,0.6335326940515316,0.9995787586500569,0.9999691888351921,0.9999944026216501,0.9999995873663664
BIOMD0000001047,model,0.3988641035144891,0.0,0.7295922250578807,4,0,0.027870092555294133,0.055740185110588265,0.11148037022117653,0.13935046277647065,0.16722055533176475,0.43293209450003783,0.6998750332020212,0.714733629129951,0.7221629270939158,0.7281063654650877
BIOMD0000001047,delta1,0.6807549117805339,0.0,1.0,1000,0,0.0,0.0,0.0728078342846648,0.415575103233075,0.6208333551114218,0.9283564761499761,0.971689551802269,0.9926049889849838,0.9988794576233195,0.9997654493123225
BIOMD0000001047,delta2,0.8397515605178633,0.39021469070770476,1.0,1000,0,0.7021208466668335,0.7295922250578807,0.7601393135158232,0.7772324340793986,0.7974050816526322,0.8285741816223007,0.9410983484646854,0.9905133476019603,0.9959522680523616,0.9993873464896885
BIOMD0000001047,notch1,0.6759864717232386,0.0,1.0,1000,0,0.029592114339476193,0.18580061703529419,0.5473211492991269,0.6099183734420366,0.6406349779883846,0.7141605624335206,0.9187247706946154,0.9641893832832138,0.9802645860875074,0.9956069808252477
BIOMD0000001047,notch2,0.8820507833849003,0.5860741322299491,1.0,1000,0,0.6653712470509364,0.6800635719647815,0.7476438221065173,0.7890291832495891,0.8310569279869723,0.9533263821625222,0.979988085072183,0.9894295613289978,0.9946952940422582,0.9990226693811729
BIOMD0000001048,model,0.0,0.0,0.0,3,0,0.0,0.0,0.0,0.0,0.0,0.0,0.0,0.0,0.0,0.0
BIOMD0000001048,Ttum,0.440813439515935,0.0,1.0,1000,0,0.0,0.0,0.0,0.005573589594033784,0.10465416968710722,0.4512325965169499,0.8322677033097223,0.9254571255487399,0.9664145135487561,0.9961867176007456
BIOMD0000001048,Tplas,0.07301070663821253,0.0,1.0,1000,0,0.0,0.0,0.0,0.0,0.0,0.0,0.01388493032667007,0.30982576631977127,0.45388382024308976,0.9701855594057888
BIOMD0000001048,Tnew,0.0,0.0,0.0,999,1,0.0,0.0,0.0,0.0,0.0,0.0,0.0,0.0,0.0,0.0
BIOMD0000001052,model,0.8763959618704917,0.6536741876014911,0.9885715173855347,3,0,0.687000986903787,0.7203277862060827,0.7869813848106745,0.8203081841129702,0.8536349834152661,0.9869421806244495,0.9879197826811006,0.9882456500333177,0.9884085837094262,0.9885389306503131
BIOMD0000001052,I,0.9915554046604067,0.9808711365243656,1.0,1000,0,0.9868146338209373,0.9869421806244495,0.9876844719895468,0.9879640496567133,0.9883869631717456,0.9908857855357944,0.9959833307335804,0.9979192008334605,0.9988613064679502,0.9996723419673017
BIOMD0000001052,N,0.784546973887343,0.0,1.0,82,918,0.3301611423956272,0.6536741876014911,0.6680572123138535,0.6834043349499592,0.7012864585830728,0.8192804359013163,0.9737747887261249,0.984630153119815,0.9929588222914101,0.999543211619214
BIOMD0000001052,T,0.9921914019728928,0.9757421942832236,1.0,1000,0,0.9830033077652324,0.9885715173855347,0.9906115000867086,0.9906958480270106,0.9908566152755562,0.992071628455174,0.9951703498449079,0.9975436103869693,0.9987432560658254,0.9997469102454157
BIOMD0000001053,model,0.5983346340550196,0.0,0.8829240659239069,6,0,0.0751601659162682,0.1503203318325364,0.3006406636650728,0.4119946525789817,0.5233486414928905,0.7870618901380244,0.832319294465089,0.857621680194498,0.8702728730592024,0.880393827350966
BIOMD0000001053,Gp,0.6043408031045543,0.0,0.9999999999999999,1000,0,0.0,0.0,0.22692496135052512,0.38009107277490295,0.4873563246265103,0.7217217141433054,0.8918956110305778,0.9463973289833043,0.9714632009031282,0.9944686979899608
BIOMD0000001053,Ai,0.9230223105688518,0.7832011641954999,1.0,1000,0,0.8084375636585748,0.832319294465089,0.872119685744968,0.8855141941611839,0.8981903732767976,0.9370567268994809,0.9764479569241672,0.9874887277866704,0.9938748507990357,0.9989396143531485
BIOMD0000001053,Am,0.9222901212382617,0.7898796043109321,1.0,1000,0,0.8083884346337525,0.8280671609553405,0.8661730071121201,0.8797212155083336,0.8947770223045167,0.9363922873842677,0.9779898881338961,0.9877686423532236,0.9944117178031683,0.9987599255105173
BIOMD0000001053,Ap,0.9423692708236514,0.8525198249927426,1.0,1000,0,0.8680372076131203,0.8829240659239069,0.9032556826797336,0.9109017776360855,0.9200244277373306,0.9494984963837745,0.9810782079323687,0.9910989082993045,0.9954833535345438,0.9992540279806952
BIOMD0000001053,Gm,0.712363227678764,0.0,1.0,1000,0,0.015759023507171455,0.3006406636650728,0.5226498691378217,0.6080407818762064,0.6635225577753845,0.8023542284701186,0.9222945755405874,0.9579010064689143,0.9835969302073965,0.9976060455315664
BIOMD0000001053,Gi,0.8936624974306574,0.6595143009119229,1.0,1000,0,0.7000380045630545,0.7460566193207083,0.8254331773465172,0.8470882487858449,0.8642733025280439,0.9175399014381314,0.9714463088199272,0.9874517205656637,0.9948181396719223,0.9992820362003425
BIOMD0000001054,model,0.08985417090867702,0.0,0.4492708545433851,5,2,0.0,0.0,0.0,0.0,0.0,0.0,0.0898541709086771,0.2695625127260311,0.359416683634708,0.4313000203616497
BIOMD0000001054,Fbna,0.003826825693489231,0.0,0.924355056971496,999,1,0.0,0.0,0.0,0.0,0.0,0.0,0.0,0.0,0.0,0.0
BIOMD0000001054,FM,0.006937336280977256,0.0,1.0,1000,0,0.0,0.0,0.0,0.0,0.0,0.0,0.0,0.0,0.0,0.00048418985474826077
BIOMD0000001054,Thb,0.6465094314559183,0.39606678463811706,1.0,1000,0,0.4226406578568303,0.4492708545433851,0.499977264398684,0.5254538244582377,0.5513335066769246,0.6484125515303925,0.7870771947083544,0.8293198755465313,0.8661273082806792,0.9910080500824653
BIOMD0000001054,Fbni,0.05104284099792544,0.0,0.9999999999999998,1000,0,0.0,0.0,0.0,0.0,0.0,0.0,0.0,0.0,0.5260654609520591,0.9778303200954116
BIOMD0000001054,C0,,,,0,1000,,,,,,,,,,
BIOMD0000001054,C1,,,,0,1000,,,,,,,,,,
BIOMD0000001054,C2,0.0,0.0,0.0,711,289,0.0,0.0,0.0,0.0,0.0,0.0,0.0,0.0,0.0,0.0
BIOMD0000001055,model,0.9957351988862191,0.9640653753142557,1.0,15,4,0.9813394957352988,0.9887765426287357,0.9965355469282123,0.9988743443252392,0.9992860987726361,0.9994833348671688,0.9997491075014147,0.9999278564994125,1.0,1.0
BIOMD0000001055,Glucose,0.9996682017515296,0.9903642700105297,0.9999992498209054,999,1,0.9995192953604161,0.999542704409358,0.9995877900383736,0.9996102246874836,0.9996312887477226,0.9997086438492553,0.9998623901829636,0.9999020666492173,0.9999122332000167,0.999995418038922
BIOMD0000001055,Fructose_6_Phosphate,0.9994275829049158,0.9275890134053939,0.9999996945548614,996,4,0.9994486289119986,0.9994833348671688,0.9995523191199573,0.9995858472897091,0.9996186690871948,0.9997655318810785,0.9999122180099138,0.9999228801535252,0.9999653541256507,0.9999911214842171
BIOMD0000001055,Fructose_1_6_Bisphosphate,0.9995423667012864,0.8899688582595053,0.9999999271627997,999,1,0.9996189796855642,0.9996386284539301,0.9996777844062881,0.9996981632006461,0.9997191872763256,0.9998045762216845,0.999899745118417,0.9999390527435409,0.9999805666242151,0.9999972245383071
BIOMD0000001055,_3_Phosphoglycerate,0.9995479908158325,0.9345746243524378,0.9999984757274321,999,1,0.9996828272212887,0.999697611461493,0.9997275025918023,0.9997421595240348,0.9997565141479351,0.9998085863927078,0.9999164700296564,0.9999453682342994,0.9999533352948292,0.9999814327176738
BIOMD0000001055,Phosphoenolpyruvate,0.9980196637799055,0.6926021737037429,0.9999980565171035,999,1,0.9990275354406777,0.9994443607196474,0.9994708301626376,0.999486482692346,0.9995019497282447,0.9995312674921012,0.9996200371612647,0.9998873999245953,0.9999300073028626,0.9999865132966702
BIOMD0000001055,Pyruvate,0.9990191894039948,0.9498531698198555,0.9999984852376692,991,9,0.9983752921031638,0.9984626033428531,0.9986374587532991,0.9987250899346027,0.998811063724072,0.9991660656290889,0.999632731731604,0.9997580447967417,0.9998579911630134,0.999908818818147
BIOMD0000001055,Oxaloacetate,,,,0,1000,,,,,,,,,,
BIOMD0000001055,Metabolic_outcome_of_Pentose_Phosphate_Shunt,0.9925644392048627,0.9328562605381803,0.9971644358017354,999,1,0.9880222372488084,0.98874269020146,0.9901616302308845,0.9908435263817951,0.9915248311787114,0.9939868048493142,0.9966021748727273,0.9970229864203936,0.9971289775037803,0.9971629094199875
BIOMD0000001055,Metabolic_outcome_of_Serine_Biosynthesis_Flux,0.9944812751761416,0.9871780407821059,0.9997920082779904,999,1,0.9880181436473063,0.9888273212696493,0.9903968519303336,0.9911730105977709,0.9919510171201047,0.9949030611572146,0.9985810440877191,0.9993827619806969,0.9996214672484397,0.9997777666235423
BIOMD0000001055,Metabolic_outcome_of_Glycolytic_Flux,0.9743414887336257,0.916858047091515,0.9985774215126958,999,1,0.962430501116506,0.9640653753142557,0.967258144970701,0.9688107111003565,0.9703412819729426,0.9760857854851258,0.9828629607169117,0.9842159401451055,0.9846117701824519,0.9847341469723998
BIOMD0000001055,Phosphofructokinase_1,0.9995585308732134,0.9992189882859869,1.0,1000,0,0.9992525615954324,0.9992861526326787,0.9993534004994212,0.9993870867449615,0.999420836490748,0.9995561939206024,0.9997580961516843,0.9998267710774806,0.9998797604817059,0.999963725966805
BIOMD0000001055,Fructose_1_6_Bisphosphatase,1.0,1.0,1.0,1000,0,1.0,1.0,1.0,1.0,1.0,1.0,1.0,1.0,1.0,1.0
BIOMD0000001055,Large_sized_enzyme_clusters,,,,0,1000,,,,,,,,,,
BIOMD0000001055,Medium_sized_enzyme_clusters,,,,0,1000,,,,,,,,,,
BIOMD0000001055,Small_sized_enzyme_clusters,,,,0,1000,,,,,,,,,,
BIOMD0000001055,Pyruvate_Kinase_M2_dimers,0.999857040640461,0.999697884921174,1.0,1000,0,0.9997144791275858,0.9997314740646356,0.9997671316511839,0.999786081826425,0.999805974728721,0.9998922554220542,0.9999216145187104,0.9999373485485069,0.9999775968296643,0.9999950172555867
BIOMD0000001055,Phosphoenolpyruvate_Carboxykinase_1,1.0,1.0,1.0,1000,0,1.0,1.0,1.0,1.0,1.0,1.0,1.0,1.0,1.0,1.0
BIOMD0000001055,Glycosylated_Phosphofructokinase,0.9995381970455065,0.9992189882404453,0.9997739675334846,999,1,0.9992525279344059,0.9992860853076254,0.9993532655685238,0.9993869175967179,0.9994206326701417,0.9995544643776246,0.9997256109329978,0.9997614949018875,0.9997707348128317,0.9997738237735125
BIOMD0000001055,Pyruvate_Kinase_M2_tetramers,0.9998856314116742,0.9954629414300252,1.0,1000,0,0.9998091858045959,0.9998196412485312,0.9998416214650604,0.9998526635920936,0.9998643858292897,0.9999143281140899,0.9999459026686959,0.9999506443335483,0.9999809320522011,0.9999965125030832
BIOMD0000001056,model,0.516640185059149,0.19711814800014146,0.6802442840124538,3,0,0.24466214551661247,0.2922061430330835,0.38729413806602553,0.43483813558249657,0.4823821330989676,0.6725581231648516,0.6771698196734129,0.6787070518429335,0.6794756679276936,0.6800905607955018
BIOMD0000001056,C1,0.7129501752362182,0.0,1.0,1000,0,0.11213997917452939,0.19711814800014146,0.5544276901161577,0.5890482120243192,0.6371770651013132,0.8179462757538989,0.9371936691742855,0.9670324742287235,0.9827365833951763,0.9967997568992791
BIOMD0000001056,C2,0.8691642239753714,0.0,0.9998985956021276,999,1,0.6186208679825365,0.6802442840124538,0.8601321519501915,0.8875251199708205,0.8957334207461954,0.9346765088458608,0.9744928029011013,0.9854537063352641,0.9922374343354138,0.998747458428708
BIOMD0000001056,C3,0.8655999962061235,0.0,0.9999333551962634,999,1,0.28828648614380964,0.6725581231648516,0.8564238465450681,0.8881019391618651,0.8951987941067747,0.9344770318221399,0.9744593096579846,0.9857578031854767,0.9925580690720872,0.9984778509441831
BIOMD0000001057,model,0.49675760793432605,0.0,0.9935152158686521,2,0,0.04967576079343261,0.09935152158686522,0.19870304317373044,0.24837880396716303,0.2980545647605956,0.49675760793432605,0.7948121726949218,0.8941636942817869,0.9438394550752195,0.9835800637099655
BIOMD0000001057,TFp53,0.07070450240427317,0.0,0.9640414483396224,999,1,0.0,0.0,0.0,0.0,0.0,0.0,0.0,0.2831908263143323,0.6685770068928406,0.9213997474099418
BIOMD0000001057,miR34a,0.9932356718686137,0.8255663731470196,0.9990697524306588,999,1,0.9928326799942792,0.9935152158686521,0.9938168057566449,0.9938600369482352,0.9938822911009162,0.9939056952272102,0.9939079224135425,0.9939079691468371,0.9939079782508303,0.9939079795630665
BIOMD0000001058,model,0.056709873256300024,0.0,0.5670987325630003,10,0,0.0,0.0,0.0,0.0,0.0,0.0,0.0,0.05670987325629982,0.31190430290964954,0.5160598466323303
BIOMD0000001058,Cln,0.5366523274612531,0.0,1.0,1000,0,0.0,0.0,0.0,0.0,0.10251998977586603,0.7302644574369772,0.9065070003956088,0.9595967947968916,0.9838051434689875,0.994225540642546
BIOMD0000001058,ClbSt,0.6696011982055261,0.0,1.0,1000,0,0.0,0.0,0.49674794563840113,0.63813190834622,0.7038382163530567,0.7884543684200014,0.9178487096180925,0.9811971029796224,0.9933316122240733,0.9985269285145427
BIOMD0000001058,MBF,0.5638736718522135,0.0,1.0,1000,0,0.0,0.0,0.0296416658099716,0.29920531858341337,0.5273488938240659,0.6755248493603974,0.8578649150497885,0.9140673125116647,0.9569195705810473,0.9938733005934152
BIOMD0000001058,Nrm1t,0.8187207571278592,0.2312636238162762,1.0,1000,0,0.4313364165936409,0.5670987325630003,0.7069913962611056,0.7409558605572462,0.762086893841857,0.8812949565212919,0.9687120838277918,0.982448727309031,0.9905010934843934,0.998127677300362
BIOMD0000001058,ClbMt,0.5540950932230136,0.0,1.0,972,28,0.0,0.0,0.0,0.1318192467123513,0.37663974991832017,0.6924833323960238,0.9139610584641091,0.9498016614625021,0.9737205045483497,0.9947576142325126
BIOMD0000001058,Polo,0.5554695079617784,0.0,0.9999999999999999,702,298,0.0,0.0,0.09806615983705781,0.2174886651304863,0.37288449558492837,0.6892025625027773,0.8808282315746718,0.9384046591567603,0.9690624075972799,0.9939558472463937
BIOMD0000001058,Sic1t,0.23238763071856822,0.0,0.9980209750113455,906,94,0.0,0.0,0.0,0.0,0.0,0.0,0.5804549106154737,0.7670276549060421,0.8707021769860521,0.9747646747363486
BIOMD0000001058,SBF,0.4852410194944025,0.0,1.0,1000,0,0.0,0.0,0.0,0.0,0.0,0.6233541164925378,0.9094956461412432,0.9682840480115366,0.9794339078134104,0.9961793862928866
BIOMD0000001058,Cdh1,0.4541347356770997,0.0,0.998167961521081,297,703,0.0,0.0,0.0,0.2109468569521621,0.36577568202600425,0.4669042811676807,0.8280761908677166,0.8907116447539927,0.9143612494578245,0.981684734405365
BIOMD0000001058,Cdc14,0.21139376163001034,0.0,1.0,390,610,0.0,0.0,0.0,0.0,0.0,0.0,0.46616002703748943,0.7071484116984151,0.8436864407356321,0.9788480306761325
BIOMD0000001059,model,0.6763200129124871,0.0,0.9999999999999998,6,4,0.12544378835823378,0.25088757671646755,0.5017751534329351,0.5688414838574896,0.635907814282044,0.7780724620209941,0.9999999999999998,0.9999999999999998,0.9999999999999998,0.9999999999999998
BIOMD0000001059,pc3,0.9999999999999999,0.9999999999999998,0.9999999999999999,1000,0,0.9999999999999998,0.9999999999999998,0.9999999999999998,0.9999999999999998,0.9999999999999998,0.9999999999999998,0.9999999999999998,0.9999999999999998,0.9999999999999998,0.9999999999999998
BIOMD0000001059,c3,0.5097459566054784,0.5001966920038763,1.0,1000,0,0.5017120313665138,0.5017751534329351,0.5018525423901391,0.5019272393818002,0.5020425355173984,0.5031824382912938,0.5069055277649956,0.5076648796033496,0.5138961655772023,0.7010186547029822
BIOMD0000001059,iap,0.7756696219306813,0.6702828297201937,1.0,1000,0,0.770020605568016,0.770040475131153,0.7701023730142365,0.7701481033401735,0.7702068879304693,0.7707120200013506,0.7833322187568919,0.8022750273731869,0.8112600962299872,0.8143822985634012
BIOMD0000001059,survivin,,,,0,1000,,,,,,,,,,
BIOMD0000001059,cascade,0.0,0.0,0.0,901,99,0.0,0.0,0.0,0.0,0.0,0.0,0.0,0.0,0.0,0.0
BIOMD0000001059,iapc3,0.8047742567441968,0.78607866026751,1.0,1000,0,0.7860878598492892,0.7861044489108352,0.7861808845544935,0.7862587173335274,0.7863827704765247,0.7880154683274162,0.8095436702652116,0.8468770600471264,0.8938496358841884,0.974534100344884
BIOMD0000001059,iapsmac,,,,0,1000,,,,,,,,,,
BIOMD0000001059,sursmac,,,,0,1000,,,,,,,,,,
BIOMD0000001059,smacmit,0.9999999999999999,0.9999999999999998,0.9999999999999998,1000,0,0.9999999999999998,0.9999999999999998,0.9999999999999998,0.9999999999999998,0.9999999999999998,0.9999999999999998,0.9999999999999998,0.9999999999999998,0.9999999999999998,0.9999999999999998
BIOMD0000001059,smac,,,,0,1000,,,,,,,,,,
BIOMD0000001060,model,0.4460570826932308,0.14673361098824275,0.7453805543982188,2,0,0.17666595815874156,0.20659830532924037,0.26646299967023795,0.29639534684073676,0.32632769401123557,0.4460570826932308,0.6256511657162236,0.6855158600572212,0.71544820722772,0.7393940849641191
BIOMD0000001060,x1,0.8771458338684606,0.7157098416440166,1.0,1000,0,0.7243130322027576,0.7453805543982188,0.8047889931070764,0.8252165295552004,0.834855907890376,0.884388949697513,0.958726210008706,0.9816341423560222,0.991821615209608,0.9980508727358314
BIOMD0000001060,x2,0.6678580327554136,0.0,1.0,1000,0,0.03819847007279044,0.14673361098824275,0.383508879934849,0.5053856939655064,0.6270244394478258,0.7606111822464499,0.9151280065032357,0.9611362197876071,0.9756104019453645,0.9938714321615703
