system_id,aggregation_type,mean,min,max,count,invalid_count,p05,p10,p20,p25,p30,p50,p80,p90,p95,p99,perturbation,fraction_species_perturbable
BIOMD0000000599,model,0.0559660794587767,0.0,0.8394911920420028,30,0,0.0,0.0,0.0,0.0,0.0,0.0,0.0,0.0,0.4617201554467129,0.8394911919489992,-0.5,1.0
BIOMD0000000599,model,0.0559626828226519,0.0,0.8394402425001348,30,0,0.0,0.0,0.0,0.0,0.0,0.0,0.0,0.0,0.4616921331986804,0.8394402424071286,-0.2,1.0
BIOMD0000000599,model,0.0559619230765853,0.0,0.8394288463091371,30,0,0.0,0.0,0.0,0.0,0.0,0.0,0.0,0.0,0.4616858652936305,0.8394288462161301,-0.1,1.0
BIOMD0000000599,model,0.0559615869472436,0.0,0.8394238043690176,30,0,0.0,0.0,0.0,0.0,0.0,0.0,0.0,0.0,0.461683092226558,0.8394238042760072,-0.05,1.0
BIOMD0000000599,model,0.0559612754207405,0.0,0.8394191314714663,30,0,0.0,0.0,0.0,0.0,0.0,0.0,0.0,0.0,0.4616805221329095,0.8394191313784582,0.0,1.0
BIOMD0000000599,model,0.055960985742759,0.0,0.8394147863017447,30,0,0.0,0.0,0.0,0.0,0.0,0.0,0.0,0.0,0.4616781322895616,0.8394147862087361,0.05,1.0
BIOMD0000000599,model,0.0559607155670119,0.0,0.8394107336655402,30,0,0.0,0.0,0.0,0.0,0.0,0.0,0.0,0.0,0.4616759033396475,0.8394107335725307,0.1,1.0
BIOMD0000000599,model,0.0559602259576354,0.0,0.839403389524895,30,0,0.0,0.0,0.0,0.0,0.0,0.0,0.0,0.0,0.4616718640622903,0.8394033894318843,0.2,1.0
BIOMD0000000599,model,0.0559590628592991,0.0,0.8393859430498551,30,0,0.0,0.0,0.0,0.0,0.0,0.0,0.0,0.0,0.4616622685010133,0.8393859429568418,0.5,1.0
BIOMD0000000005,model,0.0,0.0,0.0,4,2,0.0,0.0,0.0,0.0,0.0,0.0,0.0,0.0,0.0,0.0,-0.5,1.0
BIOMD0000000005,model,0.0,0.0,0.0,4,2,0.0,0.0,0.0,0.0,0.0,0.0,0.0,0.0,0.0,0.0,-0.2,1.0
BIOMD0000000005,model,0.0,0.0,0.0,4,2,0.0,0.0,0.0,0.0,0.0,0.0,0.0,0.0,0.0,0.0,-0.1,1.0
BIOMD0000000005,model,0.0,0.0,0.0,4,2,0.0,0.0,0.0,0.0,0.0,0.0,0.0,0.0,0.0,0.0,-0.05,1.0
BIOMD0000000005,model,0.0,0.0,0.0,4,2,0.0,0.0,0.0,0.0,0.0,0.0,0.0,0.0,0.0,0.0,0.0,1.0
BIOMD0000000005,model,0.0,0.0,0.0,4,2,0.0,0.0,0.0,0.0,0.0,0.0,0.0,0.0,0.0,0.0,0.05,1.0
BIOMD0000000005,model,0.0,0.0,0.0,4,2,0.0,0.0,0.0,0.0,0.0,0.0,0.0,0.0,0.0,0.0,0.1,1.0
BIOMD0000000005,model,0.0,0.0,0.0,4,2,0.0,0.0,0.0,0.0,0.0,0.0,0.0,0.0,0.0,0.0,0.2,1.0
BIOMD0000000005,model,0.0,0.0,0.0,4,2,0.0,0.0,0.0,0.0,0.0,0.0,0.0,0.0,0.0,0.0,0.5,1.0
BIOMD0000000042,model,0.0,0.0,0.0,15,0,0.0,0.0,0.0,0.0,0.0,0.0,0.0,0.0,0.0,0.0,-0.5,1.0
BIOMD0000000042,model,0.0,0.0,0.0,15,0,0.0,0.0,0.0,0.0,0.0,0.0,0.0,0.0,0.0,0.0,-0.2,1.0
BIOMD0000000042,model,0.0,0.0,0.0,15,0,0.0,0.0,0.0,0.0,0.0,0.0,0.0,0.0,0.0,0.0,-0.1,1.0
BIOMD0000000042,model,0.0,0.0,0.0,15,0,0.0,0.0,0.0,0.0,0.0,0.0,0.0,0.0,0.0,0.0,-0.05,1.0
BIOMD0000000042,model,0.0,0.0,0.0,15,0,0.0,0.0,0.0,0.0,0.0,0.0,0.0,0.0,0.0,0.0,0.0,1.0
BIOMD0000000042,model,0.0,0.0,0.0,15,0,0.0,0.0,0.0,0.0,0.0,0.0,0.0,0.0,0.0,0.0,0.05,1.0
BIOMD0000000042,model,0.0,0.0,0.0,15,0,0.0,0.0,0.0,0.0,0.0,0.0,0.0,0.0,0.0,0.0,0.1,1.0
BIOMD0000000042,model,0.0,0.0,0.0,15,0,0.0,0.0,0.0,0.0,0.0,0.0,0.0,0.0,0.0,0.0,0.2,1.0
BIOMD0000000042,model,0.0,0.0,0.0,15,0,0.0,0.0,0.0,0.0,0.0,0.0,0.0,0.0,0.0,0.0,0.5,1.0
BIOMD0000000297,model,0.0,0.0,0.0,14,5,0.0,0.0,0.0,0.0,0.0,0.0,0.0,0.0,0.0,0.0,-0.5,1.0
BIOMD0000000297,model,0.0431276513967356,0.0,0.7762977251412425,18,1,0.0,0.0,0.0,0.0,0.0,0.0,0.0,0.0,0.1164446587711852,0.64432711186723,-0.2,1.0
BIOMD0000000297,model,0.0499058472079592,0.0,0.8983052497432656,18,1,0.0,0.0,0.0,0.0,0.0,0.0,0.0,0.0,0.1347457874614885,0.7455933572869089,-0.1,1.0
BIOMD0000000297,model,0.0524513114553628,0.0,0.944123606196532,18,1,0.0,0.0,0.0,0.0,0.0,0.0,0.0,0.0,0.1416185409294784,0.7836225931431199,-0.05,1.0
BIOMD0000000297,model,0.0543106696450076,0.0,0.9775920536101383,18,1,0.0,0.0,0.0,0.0,0.0,0.0,0.0,0.0,0.1466388080415193,0.8114014044964132,0.0,1.0
BIOMD0000000297,model,0.1318344212448728,0.0,0.9908491266453212,16,3,0.0,0.0,0.0,0.0,0.0,0.0,0.0149318172092155,0.5464922147964552,0.9396284864782036,0.9806049986118976,0.05,1.0
BIOMD0000000297,model,0.1264036682038541,0.0,0.9888346270130498,16,3,0.0,0.0,0.0,0.0,0.0,0.0,0.0,0.5168120321243083,0.8987686451761603,0.9708214306456718,0.1,1.0
BIOMD0000000297,model,0.11948349532338,0.0,0.983669087408252,16,3,0.0,0.0,0.0,0.0,0.0,0.0,0.0,0.4640334188829143,0.8268538908836089,0.9523060481033234,0.2,1.0
BIOMD0000000297,model,0.1111352762580186,0.0,0.802072198788693,16,3,0.0,0.0,0.0,0.0,0.0,0.0,0.1174167464971652,0.4293377374212204,0.6260831924231998,0.7668743975155943,0.5,1.0
BIOMD0000000459,model,0.3333273950437371,0.0,0.9999807765704716,3,0,1.4085607399572098e-07,2.8171214799144196e-07,5.634242959828839e-07,7.042803699786049e-07,8.451364439743259e-07,1.4085607399572098e-06,0.599989029366579,0.7999849029685253,0.8999828397694983,0.9799811892102768,-0.5,1.0
BIOMD0000000459,model,0.3333273950437371,0.0,0.9999807765704716,3,0,1.4085607399572098e-07,2.8171214799144196e-07,5.634242959828839e-07,7.042803699786049e-07,8.451364439743259e-07,1.4085607399572098e-06,0.599989029366579,0.7999849029685253,0.8999828397694983,0.9799811892102768,-0.2,1.0
BIOMD0000000459,model,0.3333273950437371,0.0,0.9999807765704716,3,0,1.4085607399572098e-07,2.8171214799144196e-07,5.634242959828839e-07,7.042803699786049e-07,8.451364439743259e-07,1.4085607399572098e-06,0.599989029366579,0.7999849029685253,0.8999828397694983,0.9799811892102768,-0.1,1.0
BIOMD0000000459,model,0.3333273950437371,0.0,0.9999807765704716,3,0,1.4085607399572098e-07,2.8171214799144196e-07,5.634242959828839e-07,7.042803699786049e-07,8.451364439743259e-07,1.4085607399572098e-06,0.599989029366579,0.7999849029685253,0.8999828397694983,0.9799811892102768,-0.05,1.0
BIOMD0000000459,model,0.3333273950437371,0.0,0.9999807765704716,3,0,1.4085607399572098e-07,2.8171214799144196e-07,5.634242959828839e-07,7.042803699786049e-07,8.451364439743259e-07,1.4085607399572098e-06,0.599989029366579,0.7999849029685253,0.8999828397694983,0.9799811892102768,0.0,1.0
BIOMD0000000459,model,0.3333273950437371,0.0,0.9999807765704716,3,0,1.4085607399572098e-07,2.8171214799144196e-07,5.634242959828839e-07,7.042803699786049e-07,8.451364439743259e-07,1.4085607399572098e-06,0.599989029366579,0.7999849029685253,0.8999828397694983,0.9799811892102768,0.05,1.0
BIOMD0000000459,model,0.3333273950437371,0.0,0.9999807765704716,3,0,1.4085607399572098e-07,2.8171214799144196e-07,5.634242959828839e-07,7.042803699786049e-07,8.451364439743259e-07,1.4085607399572098e-06,0.599989029366579,0.7999849029685253,0.8999828397694983,0.9799811892102768,0.1,1.0
BIOMD0000000459,model,0.3333273950437371,0.0,0.9999807765704716,3,0,1.4085607399572098e-07,2.8171214799144196e-07,5.634242959828839e-07,7.042803699786049e-07,8.451364439743259e-07,1.4085607399572098e-06,0.599989029366579,0.7999849029685253,0.8999828397694983,0.9799811892102768,0.2,1.0
BIOMD0000000459,model,0.3333273950437371,0.0,0.9999807765704716,3,0,1.4085607399572098e-07,2.8171214799144196e-07,5.634242959828839e-07,7.042803699786049e-07,8.451364439743259e-07,1.4085607399572098e-06,0.599989029366579,0.7999849029685253,0.8999828397694983,0.9799811892102768,0.5,1.0
BIOMD0000000460,model,0.0,0.0,0.0,3,0,0.0,0.0,0.0,0.0,0.0,0.0,0.0,0.0,0.0,0.0,-0.5,1.0
BIOMD0000000460,model,0.0,0.0,0.0,3,0,0.0,0.0,0.0,0.0,0.0,0.0,0.0,0.0,0.0,0.0,-0.2,1.0
BIOMD0000000460,model,0.0,0.0,0.0,3,0,0.0,0.0,0.0,0.0,0.0,0.0,0.0,0.0,0.0,0.0,-0.1,1.0
BIOMD0000000460,model,0.0,0.0,0.0,3,0,0.0,0.0,0.0,0.0,0.0,0.0,0.0,0.0,0.0,0.0,-0.05,1.0
BIOMD0000000460,model,0.0,0.0,0.0,3,0,0.0,0.0,0.0,0.0,0.0,0.0,0.0,0.0,0.0,0.0,0.0,1.0
BIOMD0000000460,model,0.0,0.0,0.0,3,0,0.0,0.0,0.0,0.0,0.0,0.0,0.0,0.0,0.0,0.0,0.05,1.0
BIOMD0000000460,model,0.0,0.0,0.0,3,0,0.0,0.0,0.0,0.0,0.0,0.0,0.0,0.0,0.0,0.0,0.1,1.0
BIOMD0000000460,model,0.0,0.0,0.0,3,0,0.0,0.0,0.0,0.0,0.0,0.0,0.0,0.0,0.0,0.0,0.2,1.0
BIOMD0000000460,model,0.0,0.0,0.0,3,0,0.0,0.0,0.0,0.0,0.0,0.0,0.0,0.0,0.0,0.0,0.5,1.0
BIOMD0000000461,model,0.5722664480124338,0.3385083869112357,0.9941906399858012,3,0,0.3430675799341386,0.3476267729570415,0.3567451590028471,0.36130435202575,0.3658635450486528,0.3841003171402642,0.7501545108475864,0.8721725754166938,0.9331816077012474,0.9819888335288904,-0.5,1.0
BIOMD0000000461,model,0.5722664480124338,0.3385083869112357,0.9941906399858012,3,0,0.3430675799341386,0.3476267729570415,0.3567451590028471,0.36130435202575,0.3658635450486528,0.3841003171402642,0.7501545108475864,0.8721725754166938,0.9331816077012474,0.9819888335288904,-0.2,1.0
BIOMD0000000461,model,0.5722664480124338,0.3385083869112357,0.9941906399858012,3,0,0.3430675799341386,0.3476267729570415,0.3567451590028471,0.36130435202575,0.3658635450486528,0.3841003171402642,0.7501545108475864,0.8721725754166938,0.9331816077012474,0.9819888335288904,-0.1,1.0
BIOMD0000000461,model,0.5722664480124338,0.3385083869112357,0.9941906399858012,3,0,0.3430675799341386,0.3476267729570415,0.3567451590028471,0.36130435202575,0.3658635450486528,0.3841003171402642,0.7501545108475864,0.8721725754166938,0.9331816077012474,0.9819888335288904,-0.05,1.0
BIOMD0000000461,model,0.5722664480124338,0.3385083869112357,0.9941906399858012,3,0,0.3430675799341386,0.3476267729570415,0.3567451590028471,0.36130435202575,0.3658635450486528,0.3841003171402642,0.7501545108475864,0.8721725754166938,0.9331816077012474,0.9819888335288904,0.0,1.0
BIOMD0000000461,model,0.5722664480124338,0.3385083869112357,0.9941906399858012,3,0,0.3430675799341386,0.3476267729570415,0.3567451590028471,0.36130435202575,0.3658635450486528,0.3841003171402642,0.7501545108475864,0.8721725754166938,0.9331816077012474,0.9819888335288904,0.05,1.0
BIOMD0000000461,model,0.5722664480124338,0.3385083869112357,0.9941906399858012,3,0,0.3430675799341386,0.3476267729570415,0.3567451590028471,0.36130435202575,0.3658635450486528,0.3841003171402642,0.7501545108475864,0.8721725754166938,0.9331816077012474,0.9819888335288904,0.1,1.0
BIOMD0000000461,model,0.5722664480124338,0.3385083869112357,0.9941906399858012,3,0,0.3430675799341386,0.3476267729570415,0.3567451590028471,0.36130435202575,0.3658635450486528,0.3841003171402642,0.7501545108475864,0.8721725754166938,0.9331816077012474,0.9819888335288904,0.2,1.0
BIOMD0000000461,model,0.5722664480124338,0.3385083869112357,0.9941906399858012,3,0,0.3430675799341386,0.3476267729570415,0.3567451590028471,0.36130435202575,0.3658635450486528,0.3841003171402642,0.7501545108475864,0.8721725754166938,0.9331816077012474,0.9819888335288904,0.5,1.0
BIOMD0000000477,model,0.3192982509598981,0.0,0.9452390493619396,43,0,0.0,0.0,0.0,0.0,0.0,0.0,0.7715122215353823,0.7956613756312565,0.8923412022876193,0.94233939028932,-0.5,1.0
BIOMD0000000477,model,0.4169541212736273,0.0,0.9791665479769738,43,0,0.0,0.0,0.0,0.0,0.0,0.3345409955401267,0.8708105263610656,0.9086682787044326,0.9564892530715756,0.9731785814174536,-0.2,1.0
BIOMD0000000477,model,0.4616890667620927,0.0,0.9795212515841704,43,0,0.0,0.0,0.0,0.0042189900918274,0.1035352045961433,0.3309030935667411,0.9139325538971363,0.9528189227808194,0.9556336632135952,0.9732076295995504,-0.1,1.0
BIOMD0000000477,model,0.5207864498082743,0.0,0.9843356855953708,43,0,0.0,0.0,0.0,0.1374418727206638,0.225480518728655,0.6240984126954032,0.9411778509851002,0.9647865966916088,0.9756271203688306,0.9810098336299196,-0.05,1.0
BIOMD0000000477,model,0.5686960701158862,0.0,0.9994625963662228,43,0,0.0,0.0,0.0916929235118188,0.1705391250943602,0.3716304649269019,0.6758002447105667,0.9489213635864916,0.9864001814091136,0.9890965880967256,0.995777050449068,0.0,1.0
BIOMD0000000477,model,0.5918254221712828,0.0,0.9871414914710106,43,0,0.0,0.0,0.1384478299571563,0.2799279487418351,0.4438615734434099,0.6953692854788236,0.9319799784003444,0.9607641425841588,0.9692023617491612,0.9843145489282292,0.05,1.0
BIOMD0000000477,model,0.5750524784162674,0.0,0.9817736241639315,43,0,0.0,0.0,0.1678569666464103,0.3256684796757128,0.3574742310265184,0.6829103331673467,0.9074783658847934,0.9386206749813422,0.956882504427621,0.9812958313478396,0.1,1.0
BIOMD0000000477,model,0.5096407399229875,0.0,0.981412873468458,43,0,0.0,0.0,0.0354628896002133,0.2203885959747468,0.3047680554388707,0.5694996368937356,0.8424341447393509,0.896467644128822,0.9292921440872336,0.9739150425110336,0.2,1.0
BIOMD0000000477,model,0.3803633814010271,0.0,0.9093318322051254,43,0,0.0,0.0,0.0,0.0235829585724407,0.11903067699844,0.2562117952820466,0.7385104277193063,0.8313453262395847,0.8874324768839985,0.9050563230713214,0.5,1.0
BIOMD0000000539,model,0.0373845217987857,0.0,0.2243071307927147,6,0,0.0,0.0,0.0,0.0,0.0,0.0,0.0,0.1121535653963573,0.168230348094536,0.213091774253079,-0.5,1.0
BIOMD0000000539,model,0.0,0.0,0.0,6,0,0.0,0.0,0.0,0.0,0.0,0.0,0.0,0.0,0.0,0.0,-0.2,1.0
BIOMD0000000539,model,0.0,0.0,0.0,6,0,0.0,0.0,0.0,0.0,0.0,0.0,0.0,0.0,0.0,0.0,-0.1,1.0
BIOMD0000000539,model,0.0,0.0,0.0,6,0,0.0,0.0,0.0,0.0,0.0,0.0,0.0,0.0,0.0,0.0,-0.05,1.0
BIOMD0000000539,model,0.0,0.0,0.0,6,0,0.0,0.0,0.0,0.0,0.0,0.0,0.0,0.0,0.0,0.0,0.0,1.0
BIOMD0000000539,model,0.0,0.0,0.0,6,0,0.0,0.0,0.0,0.0,0.0,0.0,0.0,0.0,0.0,0.0,0.05,1.0
BIOMD0000000539,model,0.0,0.0,0.0,6,0,0.0,0.0,0.0,0.0,0.0,0.0,0.0,0.0,0.0,0.0,0.1,1.0
BIOMD0000000539,model,0.0,0.0,0.0,6,0,0.0,0.0,0.0,0.0,0.0,0.0,0.0,0.0,0.0,0.0,0.2,1.0
BIOMD0000000539,model,0.018085356167892,0.0,0.1085121370073524,6,0,0.0,0.0,0.0,0.0,0.0,0.0,0.0,0.0542560685036762,0.0813841027555143,0.1030865301569848,0.5,1.0
BIOMD0000000546,model,0.0,0.0,0.0,3,0,0.0,0.0,0.0,0.0,0.0,0.0,0.0,0.0,0.0,0.0,-0.5,1.0
BIOMD0000000546,model,0.0,0.0,0.0,3,0,0.0,0.0,0.0,0.0,0.0,0.0,0.0,0.0,0.0,0.0,-0.2,1.0
BIOMD0000000546,model,0.0,0.0,0.0,3,0,0.0,0.0,0.0,0.0,0.0,0.0,0.0,0.0,0.0,0.0,-0.1,1.0
BIOMD0000000546,model,0.0,0.0,0.0,3,0,0.0,0.0,0.0,0.0,0.0,0.0,0.0,0.0,0.0,0.0,-0.05,1.0
BIOMD0000000546,model,0.0,0.0,0.0,3,0,0.0,0.0,0.0,0.0,0.0,0.0,0.0,0.0,0.0,0.0,0.0,1.0
BIOMD0000000546,model,0.0,0.0,0.0,3,0,0.0,0.0,0.0,0.0,0.0,0.0,0.0,0.0,0.0,0.0,0.05,1.0
BIOMD0000000546,model,0.0,0.0,0.0,3,0,0.0,0.0,0.0,0.0,0.0,0.0,0.0,0.0,0.0,0.0,0.1,1.0
BIOMD0000000546,model,0.0,0.0,0.0,3,0,0.0,0.0,0.0,0.0,0.0,0.0,0.0,0.0,0.0,0.0,0.2,1.0
BIOMD0000000546,model,0.0,0.0,0.0,3,0,0.0,0.0,0.0,0.0,0.0,0.0,0.0,0.0,0.0,0.0,0.5,1.0
BIOMD0000000558,model,0.0,0.0,0.0,2,0,0.0,0.0,0.0,0.0,0.0,0.0,0.0,0.0,0.0,0.0,-0.5,1.0
BIOMD0000000558,model,0.0,0.0,0.0,2,0,0.0,0.0,0.0,0.0,0.0,0.0,0.0,0.0,0.0,0.0,-0.2,1.0
BIOMD0000000558,model,0.0,0.0,0.0,2,0,0.0,0.0,0.0,0.0,0.0,0.0,0.0,0.0,0.0,0.0,-0.1,1.0
BIOMD0000000558,model,0.0,0.0,0.0,2,0,0.0,0.0,0.0,0.0,0.0,0.0,0.0,0.0,0.0,0.0,-0.05,1.0
BIOMD0000000558,model,0.0,0.0,0.0,2,0,0.0,0.0,0.0,0.0,0.0,0.0,0.0,0.0,0.0,0.0,0.0,1.0
BIOMD0000000558,model,0.0,0.0,0.0,2,0,0.0,0.0,0.0,0.0,0.0,0.0,0.0,0.0,0.0,0.0,0.05,1.0
BIOMD0000000558,model,0.0,0.0,0.0,2,0,0.0,0.0,0.0,0.0,0.0,0.0,0.0,0.0,0.0,0.0,0.1,1.0
BIOMD0000000558,model,0.0,0.0,0.0,2,0,0.0,0.0,0.0,0.0,0.0,0.0,0.0,0.0,0.0,0.0,0.2,1.0
BIOMD0000000558,model,0.0,0.0,0.0,2,0,0.0,0.0,0.0,0.0,0.0,0.0,0.0,0.0,0.0,0.0,0.5,1.0
BIOMD0000000559,model,0.0,0.0,0.0,56,33,0.0,0.0,0.0,0.0,0.0,0.0,0.0,0.0,0.0,0.0,-0.5,1.0
BIOMD0000000559,model,0.0,0.0,0.0,60,29,0.0,0.0,0.0,0.0,0.0,0.0,0.0,0.0,0.0,0.0,-0.2,1.0
BIOMD0000000559,model,0.0,0.0,0.0,60,29,0.0,0.0,0.0,0.0,0.0,0.0,0.0,0.0,0.0,0.0,-0.1,1.0
BIOMD0000000559,model,0.0,0.0,0.0,61,28,0.0,0.0,0.0,0.0,0.0,0.0,0.0,0.0,0.0,0.0,-0.05,1.0
BIOMD0000000559,model,0.0,0.0,0.0,62,27,0.0,0.0,0.0,0.0,0.0,0.0,0.0,0.0,0.0,0.0,0.0,1.0
BIOMD0000000559,model,0.0,0.0,0.0,62,27,0.0,0.0,0.0,0.0,0.0,0.0,0.0,0.0,0.0,0.0,0.05,1.0
BIOMD0000000559,model,0.0,0.0,0.0,62,27,0.0,0.0,0.0,0.0,0.0,0.0,0.0,0.0,0.0,0.0,0.1,1.0
BIOMD0000000559,model,0.0,0.0,0.0,63,26,0.0,0.0,0.0,0.0,0.0,0.0,0.0,0.0,0.0,0.0,0.2,1.0
BIOMD0000000559,model,0.0,0.0,0.0,66,23,0.0,0.0,0.0,0.0,0.0,0.0,0.0,0.0,0.0,0.0,0.5,1.0
BIOMD0000000568,model,0.0,0.0,0.0,18,6,0.0,0.0,0.0,0.0,0.0,0.0,0.0,0.0,0.0,0.0,-0.5,1.0
BIOMD0000000568,model,0.0,0.0,0.0,18,6,0.0,0.0,0.0,0.0,0.0,0.0,0.0,0.0,0.0,0.0,-0.2,1.0
BIOMD0000000568,model,0.0,0.0,0.0,18,6,0.0,0.0,0.0,0.0,0.0,0.0,0.0,0.0,0.0,0.0,-0.1,1.0
BIOMD0000000568,model,0.0,0.0,0.0,18,6,0.0,0.0,0.0,0.0,0.0,0.0,0.0,0.0,0.0,0.0,-0.05,1.0
BIOMD0000000568,model,0.0,0.0,0.0,18,6,0.0,0.0,0.0,0.0,0.0,0.0,0.0,0.0,0.0,0.0,0.0,1.0
BIOMD0000000568,model,0.0,0.0,0.0,18,6,0.0,0.0,0.0,0.0,0.0,0.0,0.0,0.0,0.0,0.0,0.05,1.0
BIOMD0000000568,model,0.0,0.0,0.0,18,6,0.0,0.0,0.0,0.0,0.0,0.0,0.0,0.0,0.0,0.0,0.1,1.0
BIOMD0000000568,model,0.0,0.0,0.0,18,6,0.0,0.0,0.0,0.0,0.0,0.0,0.0,0.0,0.0,0.0,0.2,1.0
BIOMD0000000568,model,0.0,0.0,0.0,18,6,0.0,0.0,0.0,0.0,0.0,0.0,0.0,0.0,0.0,0.0,0.5,1.0
BIOMD0000000596,model,0.0,0.0,0.0,15,0,0.0,0.0,0.0,0.0,0.0,0.0,0.0,0.0,0.0,0.0,-0.5,1.0
BIOMD0000000596,model,0.0,0.0,0.0,15,0,0.0,0.0,0.0,0.0,0.0,0.0,0.0,0.0,0.0,0.0,-0.2,1.0
BIOMD0000000596,model,0.0,0.0,0.0,15,0,0.0,0.0,0.0,0.0,0.0,0.0,0.0,0.0,0.0,0.0,-0.1,1.0
BIOMD0000000596,model,0.0,0.0,0.0,15,0,0.0,0.0,0.0,0.0,0.0,0.0,0.0,0.0,0.0,0.0,-0.05,1.0
BIOMD0000000596,model,0.0,0.0,0.0,15,0,0.0,0.0,0.0,0.0,0.0,0.0,0.0,0.0,0.0,0.0,0.0,1.0
BIOMD0000000596,model,0.0,0.0,0.0,15,0,0.0,0.0,0.0,0.0,0.0,0.0,0.0,0.0,0.0,0.0,0.05,1.0
BIOMD0000000596,model,0.0,0.0,0.0,15,0,0.0,0.0,0.0,0.0,0.0,0.0,0.0,0.0,0.0,0.0,0.1,1.0
BIOMD0000000596,model,0.0,0.0,0.0,15,0,0.0,0.0,0.0,0.0,0.0,0.0,0.0,0.0,0.0,0.0,0.2,1.0
BIOMD0000000596,model,0.0,0.0,0.0,15,0,0.0,0.0,0.0,0.0,0.0,0.0,0.0,0.0,0.0,0.0,0.5,1.0
BIOMD0000000607,model,0.0266287049620986,0.0,0.5858315091661689,22,7,0.0,0.0,0.0,0.0,0.0,0.0,0.0,0.0,3.1641356201816943e-16,0.4628068922412729,-0.5,1.0
BIOMD0000000607,model,0.0608990717109481,0.0,0.7500000000000004,22,7,0.0,0.0,0.0,0.0,0.0,0.0,0.0,0.0,0.5602905987588152,0.7163537113045805,-0.2,1.0
BIOMD0000000607,model,0.0672693595443024,0.0,0.8888888888888892,22,7,0.0,0.0,0.0,0.0,0.0,0.0,0.0,0.0,0.5614851700314766,0.8263399966502329,-0.1,1.0
BIOMD0000000607,model,0.0699556220274079,0.0,0.9473684210526316,22,7,0.0,0.0,0.0,0.0,0.0,0.0,0.0,0.0,0.5620725003728246,0.8726686579771507,-0.05,1.0
BIOMD0000000607,model,0.0723757575011109,0.0,0.9999999999999998,22,7,0.0,0.0,0.0,0.0,0.0,0.0,0.0,0.0,0.562653331773219,0.9143759996551322,0.0,1.0
BIOMD0000000607,model,0.0702387402517335,0.0,0.9523809523809524,22,7,0.0,0.0,0.0,0.0,0.0,0.0,0.0,0.0,0.5632277664993268,0.8768839323439612,0.05,1.0
BIOMD0000000607,model,0.0682981946460716,0.0,0.909090909090909,22,7,0.0,0.0,0.0,0.0,0.0,0.0,0.0,0.0,0.5637959044665328,0.8428103865375778,0.1,1.0
BIOMD0000000607,model,0.0679990149488567,0.0,0.8333333333333333,21,8,0.0,0.0,0.0,0.0,0.0,0.0,0.0,0.0,0.5946459805926587,0.7855958627851986,0.2,1.0
BIOMD0000000607,model,0.0602235132911911,0.0,0.6666666666666665,21,8,0.0,0.0,0.0,0.0,0.0,0.0,0.0,0.0,0.5980271124483472,0.6529387558230026,0.5,1.0
BIOMD0000000623,model,0.421795323724336,0.0,0.9995046893849944,25,0,0.0,0.0,0.0,0.0,0.0,0.1720042314245123,0.943001743226989,0.9724293046905996,0.9760156597614632,0.9939232395812814,-0.5,1.0
BIOMD0000000623,model,0.4745251715326531,0.0,0.999551844031092,25,0,0.0,0.0,0.0,0.0,0.0,0.3149059443174493,0.9743290306817898,0.981655445229277,0.987835793828432,0.997090945534286,-0.2,1.0
BIOMD0000000623,model,0.5220025101520323,0.0,0.9995595544101814,25,0,0.0,0.0,0.0,0.0,0.0,0.7077298190294492,0.9774519811147028,0.9868160429426884,0.991037500800236,0.9975347785986428,-0.1,1.0
BIOMD0000000623,model,0.5445316025602751,0.0,0.9995623421039116,25,0,0.0,0.0,0.0,0.0,0.0,0.8659084955239801,0.9793018145163676,0.988555779805824,0.9942661891759283,0.9984984731220926,-0.05,1.0
BIOMD0000000623,model,0.5578854657351358,0.0,0.9995662654584396,25,0,0.0,0.0,0.0,0.0,0.0,0.9104539661597576,0.9807578748481044,0.988304428328457,0.9957958396610572,0.9989549765849728,0.0,1.0
BIOMD0000000623,model,0.5417078918622835,0.0,0.9995658354996566,25,0,0.0,0.0,0.0,0.0,0.0,0.8103288651907956,0.9784842620804176,0.9868249805464172,0.9957794637464042,0.9989457085942004,0.05,1.0
BIOMD0000000623,model,0.5124304888142376,0.0,0.9995668577255268,25,0,0.0,0.0,0.0,0.0,0.0,0.6101167134065719,0.9734678939087226,0.992582641126832,0.9938284373992152,0.998201639027248,0.1,1.0
BIOMD0000000623,model,0.4601482888652219,0.0,0.9995562916480644,25,0,0.0,0.0,0.0,0.0,0.0,0.3758052754991404,0.9715595387312465,0.9828130379105612,0.9902861526871198,0.9975235305841956,0.2,1.0
BIOMD0000000623,model,0.4121110336368695,0.0,0.9994445759951648,25,0,0.0,0.0,0.0,0.0,0.0,0.3831468165314869,0.9232816328576022,0.9719321065697686,0.987583286472365,0.99745860966837,0.5,1.0
BIOMD0000000647,model,0.5657196682782755,0.0,0.9928798340312432,11,0,0.1015348558642634,0.2030697117285268,0.3123864040129083,0.4305782803076106,0.5487701566023129,0.5869968687813523,0.8234011396083887,0.9406879752625568,0.9667839046469,0.9876606481543746,-0.5,1.0
BIOMD0000000647,model,0.7457238417929722,0.0,0.9959900071908088,11,0,0.1403849637454213,0.2807699274908427,0.7573690406154195,0.7588410925136801,0.7603131444119409,0.8566175620905373,0.9686777766336582,0.9738936791525682,0.9849418431716884,0.9937803743869849,-0.2,1.0
BIOMD0000000647,model,0.7705358278332671,0.0,0.996607905569111,11,0,0.153049252840814,0.3060985056816281,0.8080007105424551,0.8243567058993482,0.8407127012562411,0.875765592663186,0.9529894715683438,0.9748043627797758,0.9857061341744434,0.9944275512901776,-0.1,1.0
BIOMD0000000647,model,0.7716430097409798,0.0,0.9968444526719668,11,0,0.1593501245036096,0.3187002490072192,0.8240167800021169,0.8263538966739995,0.8286910133458821,0.8756509364004322,0.975434722650218,0.9774957265475716,0.9871700896097692,0.9949095800595272,-0.05,1.0
BIOMD0000000647,model,0.7654927879944421,0.0,0.9970441510511684,11,0,0.1656326582287674,0.3312653164575348,0.7715743120341813,0.8096438865005162,0.8477134609668511,0.8747557222800834,0.9340316780300943,0.9799868033191372,0.9885154771851528,0.9953384162779652,0.0,1.0
BIOMD0000000647,model,0.7564847088844151,0.0,0.9972132815446,11,0,0.1719006517609529,0.3438013035219059,0.7188817209720101,0.7608098195073767,0.8027379180427434,0.8844978397503376,0.9216483151023204,0.9822899057861724,0.9897515936653862,0.9957209439687572,0.05,1.0
BIOMD0000000647,model,0.7462364203892601,0.0,0.9973633156427688,11,0,0.1781555812845638,0.3563111625691276,0.6656647290381007,0.7107155700611291,0.7557664110841574,0.8695946682575465,0.9345078181700144,0.9844324436377504,0.9908978796402595,0.9960702284422672,0.1,1.0
BIOMD0000000647,model,0.7239270879027525,0.0,0.9976131541637864,11,0,0.1906331103510391,0.3812662207020783,0.5581853904583518,0.609043277060981,0.6599011636636104,0.8753406686960701,0.9531231197675448,0.9883017214706492,0.9929574378172178,0.9966820108944728,0.2,1.0
BIOMD0000000647,model,0.6447810705981739,0.0,0.9980689298667084,11,0,0.1192889775073656,0.2385779550147313,0.3675409411297803,0.4116611717392587,0.4557814023487371,0.803189995915836,0.9277969163364512,0.9929138151877678,0.995491372527238,0.9975534183988142,0.5,1.0
BIOMD0000000651,model,0.0,0.0,0.0,25,4,0.0,0.0,0.0,0.0,0.0,0.0,0.0,0.0,0.0,0.0,-0.5,1.0
BIOMD0000000651,model,0.0,0.0,0.0,25,4,0.0,0.0,0.0,0.0,0.0,0.0,0.0,0.0,0.0,0.0,-0.2,1.0
BIOMD0000000651,model,0.0,0.0,0.0,25,4,0.0,0.0,0.0,0.0,0.0,0.0,0.0,0.0,0.0,0.0,-0.1,1.0
BIOMD0000000651,model,0.0,0.0,0.0,25,4,0.0,0.0,0.0,0.0,0.0,0.0,0.0,0.0,0.0,0.0,-0.05,1.0
BIOMD0000000651,model,0.0,0.0,0.0,25,4,0.0,0.0,0.0,0.0,0.0,0.0,0.0,0.0,0.0,0.0,0.0,1.0
BIOMD0000000651,model,0.0,0.0,0.0,25,4,0.0,0.0,0.0,0.0,0.0,0.0,0.0,0.0,0.0,0.0,0.05,1.0
BIOMD0000000651,model,0.0,0.0,0.0,25,4,0.0,0.0,0.0,0.0,0.0,0.0,0.0,0.0,0.0,0.0,0.1,1.0
BIOMD0000000651,model,0.0,0.0,0.0,25,4,0.0,0.0,0.0,0.0,0.0,0.0,0.0,0.0,0.0,0.0,0.2,1.0
BIOMD0000000651,model,0.0,0.0,0.0,25,4,0.0,0.0,0.0,0.0,0.0,0.0,0.0,0.0,0.0,0.0,0.5,1.0
BIOMD0000000661,model,0.6386803159005535,0.3784364939405957,0.9225072197199358,7,0,0.4113809536847896,0.4443254134289834,0.4919169444883967,0.4974153215891288,0.502913698689861,0.6863397414239512,0.7524259899589137,0.8236992552386614,0.8731032374792984,0.9126264232718082,-0.5,1.0
BIOMD0000000661,model,0.7961653197619277,0.6027526329202821,0.9211557321174828,7,0,0.6427415878616616,0.682730542803041,0.7423291663451042,0.75174919177544,0.7611692172057758,0.8090720925049011,0.8920018393991768,0.91312845279818,0.9171420924578316,0.9203530041855524,-0.2,1.0
BIOMD0000000661,model,0.8517399466871973,0.7286421210310301,0.9578610274957012,7,0,0.7412729398375618,0.7539037586440936,0.782269172850372,0.7995556565467261,0.8168421402430802,0.8634000247174151,0.9087535663996468,0.9292649493033708,0.943562988399536,0.9550014196764682,-0.1,1.0
BIOMD0000000661,model,0.8763395791706371,0.7841774165603704,0.9605300002482998,7,0,0.7903471597318399,0.7965169029033093,0.8175026309351354,0.8366417366399356,0.8557808423447357,0.8835321879562785,0.9258523222618802,0.9434935271312724,0.952011763689786,0.958826352936597,-0.05,1.0
BIOMD0000000661,model,0.8905962400579749,0.7954980842453148,0.9498141909084886,7,0,0.8204377871942091,0.8453774901431034,0.8811100076015871,0.884829377891524,0.888548748181461,0.8985855757324264,0.9133558122392031,0.9291580738552894,0.9394861323818888,0.9477485792031688,0.0,1.0
BIOMD0000000661,model,0.8940345025087922,0.8050778559407054,0.9462421758505776,7,0,0.8103227983592763,0.8155677407778474,0.8373610449727521,0.8595611164279671,0.8817611878831821,0.9225752802403326,0.937881695207664,0.943333771013096,0.9447879734318368,0.9459513353668294,0.05,1.0
BIOMD0000000661,model,0.8609532024321125,0.766491554528699,0.9353113885752724,7,0,0.7776463313578245,0.7888011081869498,0.805644286383655,0.8085995000204619,0.8115547136572687,0.8809176509383037,0.9246204897197275,0.9333944805615184,0.9343529345683954,0.9351196977738968,0.1,1.0
BIOMD0000000661,model,0.7748622499624743,0.5151775199871791,0.9159744520874415,7,0,0.5562292555828662,0.5972809911785533,0.6662157034322541,0.687514300621431,0.7088128978106081,0.8269578211157633,0.8981012271354226,0.9063115369095844,0.9111429944985132,0.915008160569656,0.2,1.0
BIOMD0000000661,model,0.5275691101143758,0.0,0.8809433706556971,7,0,0.0,0.0,0.0624252116506554,0.1560630291266384,0.2497008466026213,0.8085557166622963,0.8497237874949811,0.8638294107113877,0.8723863906835424,0.8792319746612661,0.5,1.0
BIOMD0000000662,model,0.3268639300108786,0.0,0.980591790032636,3,0,0.0,0.0,0.0,0.0,0.0,0.0,0.5883550740195815,0.7844734320261088,0.8825326110293722,0.9609799542319832,-0.5,1.0
BIOMD0000000662,model,0.3324545205696556,0.0,0.9973635617089668,3,0,0.0,0.0,0.0,0.0,0.0,0.0,0.5984181370253802,0.7978908493671735,0.8976272055380701,0.9774162904747874,-0.2,1.0
BIOMD0000000662,model,0.3331435383191761,0.0,0.9994306149575284,3,0,0.0,0.0,0.0,0.0,0.0,0.0,0.5996583689745172,0.7995444919660228,0.8994875534617756,0.979442002658378,-0.1,1.0
BIOMD0000000662,model,0.3331394728503412,0.0,0.9994184185510238,3,0,0.0,0.0,0.0,0.0,0.0,0.0,0.5996510511306143,0.799534734840819,0.8994765766959213,0.9794300501800032,-0.05,1.0
BIOMD0000000662,model,0.3331017690958555,0.0,0.9993053072875666,3,0,0.0,0.0,0.0,0.0,0.0,0.0,0.5995831843725401,0.7994442458300534,0.8993747765588098,0.9793192011418153,0.0,1.0
BIOMD0000000662,model,0.3377187132522635,0.0,0.9992501353046712,3,0,0.0013906004452119,0.0027812008904239,0.0055624017808478,0.0069530022260597,0.0083436026712717,0.0139060044521195,0.6051124829636505,0.8021813091341609,0.9007157222194159,0.97954325268762,0.05,1.0
BIOMD0000000662,model,0.3418587619393971,0.0,0.9992343355507624,3,0,0.0026341950267428,0.0052683900534857,0.0105367801069715,0.0131709751337144,0.0158051701604573,0.0263419502674288,0.6100773814374291,0.8046558584940957,0.901945097022429,0.9797764878450956,0.1,1.0
BIOMD0000000662,model,0.3330943037406819,0.0,0.9992829112220456,3,0,0.0,0.0,0.0,0.0,0.0,0.0,0.5995697467332275,0.7994263289776365,0.8993546200998409,0.9792972529976046,0.2,1.0
BIOMD0000000662,model,0.3319002146362992,0.0,0.9957006439088976,3,0,0.0,0.0,0.0,0.0,0.0,0.0,0.5974203863453387,0.7965605151271182,0.8961305795180078,0.9757866310307196,0.5,1.0
BIOMD0000000663,model,0.0,0.0,0.0,3,0,0.0,0.0,0.0,0.0,0.0,0.0,0.0,0.0,0.0,0.0,-0.5,1.0
BIOMD0000000663,model,0.0,0.0,0.0,3,0,0.0,0.0,0.0,0.0,0.0,0.0,0.0,0.0,0.0,0.0,-0.2,1.0
BIOMD0000000663,model,0.0,0.0,0.0,3,0,0.0,0.0,0.0,0.0,0.0,0.0,0.0,0.0,0.0,0.0,-0.1,1.0
BIOMD0000000663,model,0.0,0.0,0.0,3,0,0.0,0.0,0.0,0.0,0.0,0.0,0.0,0.0,0.0,0.0,-0.05,1.0
BIOMD0000000663,model,0.0,0.0,0.0,3,0,0.0,0.0,0.0,0.0,0.0,0.0,0.0,0.0,0.0,0.0,0.0,1.0
BIOMD0000000663,model,0.0,0.0,0.0,3,0,0.0,0.0,0.0,0.0,0.0,0.0,0.0,0.0,0.0,0.0,0.05,1.0
BIOMD0000000663,model,0.0,0.0,0.0,3,0,0.0,0.0,0.0,0.0,0.0,0.0,0.0,0.0,0.0,0.0,0.1,1.0
BIOMD0000000663,model,0.0,0.0,0.0,3,0,0.0,0.0,0.0,0.0,0.0,0.0,0.0,0.0,0.0,0.0,0.2,1.0
BIOMD0000000663,model,0.0175895677662704,0.0,0.0527687032988112,3,0,0.0,0.0,0.0,0.0,0.0,0.0,0.0316612219792867,0.042214962639049,0.0474918329689301,0.051713329232835,0.5,1.0
BIOMD0000000664,model,0.1578669359535104,0.0,0.9472016157210628,6,0,0.0,0.0,0.0,0.0,0.0,0.0,0.0,0.4736008078605314,0.7104012117907971,0.8998415349350097,-0.5,1.0
BIOMD0000000664,model,0.1578669359535104,0.0,0.9472016157210628,6,0,0.0,0.0,0.0,0.0,0.0,0.0,0.0,0.4736008078605314,0.7104012117907971,0.8998415349350097,-0.2,1.0
BIOMD0000000664,model,0.1578669359535104,0.0,0.9472016157210628,6,0,0.0,0.0,0.0,0.0,0.0,0.0,0.0,0.4736008078605314,0.7104012117907971,0.8998415349350097,-0.1,1.0
BIOMD0000000664,model,0.1578669359535104,0.0,0.9472016157210628,6,0,0.0,0.0,0.0,0.0,0.0,0.0,0.0,0.4736008078605314,0.7104012117907971,0.8998415349350097,-0.05,1.0
BIOMD0000000664,model,0.1578669359535104,0.0,0.9472016157210628,6,0,0.0,0.0,0.0,0.0,0.0,0.0,0.0,0.4736008078605314,0.7104012117907971,0.8998415349350097,0.0,1.0
BIOMD0000000664,model,0.1578669359535104,0.0,0.9472016157210628,6,0,0.0,0.0,0.0,0.0,0.0,0.0,0.0,0.4736008078605314,0.7104012117907971,0.8998415349350097,0.05,1.0
BIOMD0000000664,model,0.1578669359535104,0.0,0.9472016157210628,6,0,0.0,0.0,0.0,0.0,0.0,0.0,0.0,0.4736008078605314,0.7104012117907971,0.8998415349350097,0.1,1.0
BIOMD0000000664,model,0.1578669359535104,0.0,0.9472016157210628,6,0,0.0,0.0,0.0,0.0,0.0,0.0,0.0,0.4736008078605314,0.7104012117907971,0.8998415349350097,0.2,1.0
BIOMD0000000664,model,0.1578669359535104,0.0,0.9472016157210628,6,0,0.0,0.0,0.0,0.0,0.0,0.0,0.0,0.4736008078605314,0.7104012117907971,0.8998415349350097,0.5,1.0
BIOMD0000000676,model,0.9668086418713776,0.9660207164484712,0.9675965672942836,2,11,0.9660995089907618,0.9661783015330524,0.9663358866176336,0.9664146791599244,0.9664934717022148,0.9668086418713776,0.9672813971251212,0.9674389822097024,0.9675177747519932,0.9675808087858256,-0.5,1.0
BIOMD0000000676,model,0.9617291777129872,0.9488049171409932,0.9946535672713964,4,9,0.9491328144593356,0.9494607117776778,0.9501165064143624,0.9504444037327046,0.9507723010510468,0.9517291132197796,0.9693418232143292,0.9819976952428628,0.9883256312571296,0.993387980068543,-0.2,1.0
BIOMD0000000676,model,0.9597365904700524,0.9465383328503442,0.9944410575537652,4,9,0.9467945842122464,0.9470508355741484,0.9475633382979528,0.947819589659855,0.9480758410217572,0.94898348573805,0.9676086007493508,0.981024829151558,0.9877329433526616,0.9930994347135444,-0.1,1.0
BIOMD0000000676,model,0.9619343306478207,0.945595538776822,0.9886860406100044,5,8,0.9458961885237824,0.946196838270743,0.946798137764664,0.9470987875116244,0.947389835398679,0.9485540269468974,0.9815270156370048,0.9851065281235044,0.9868962843667544,0.9883280893613544,-0.05,1.0
BIOMD0000000676,model,0.9598234385523986,0.944754878039294,0.988496176182195,5,8,0.9450167562694844,0.9452786344996746,0.9458023909600553,0.9460642691902454,0.9463566718692228,0.947526282585132,0.9755197046485404,0.9820079404153677,0.9852520582987812,0.9878473526055124,0.0,1.0
BIOMD0000000676,model,0.9587913738096612,0.9439951097347936,0.9883243940802524,5,8,0.9442235631484024,0.944452016562011,0.9449089233892284,0.9451373768028372,0.9454262624272892,0.9465818049250968,0.9735994256203112,0.980961909850282,0.9846431519652672,0.9875881456572552,0.05,1.0
BIOMD0000000676,model,0.9568028765585016,0.9433118967622152,0.9819783187635116,5,8,0.9435076475519174,0.9437033983416196,0.9440948999210242,0.9442906507107264,0.9445786116216524,0.9457304552653564,0.971358112785261,0.9766682157743862,0.9793232672689488,0.9814473084645988,0.1,1.0
BIOMD0000000676,model,0.9554865376912286,0.942108564902032,0.981490717089292,5,8,0.9422500316380832,0.9423914983741346,0.9426744318462372,0.9428158985822884,0.94310222359163,0.944247523628997,0.9697141308206848,0.9756024239549884,0.9785465705221404,0.9809018877758616,0.2,1.0
BIOMD0000000676,model,0.9108560973859764,0.7149884138490711,0.9731161613129898,6,7,0.7711112450033946,0.8272340761577182,0.9394797384663652,0.9395114223727178,0.9395431062790705,0.9403065314946508,0.9569392076981308,0.9650276845055604,0.969071922909275,0.9723073136322468,0.5,1.0
BIOMD0000000683,model,0.0,0.0,0.0,4,0,0.0,0.0,0.0,0.0,0.0,0.0,0.0,0.0,0.0,0.0,-0.5,1.0
BIOMD0000000683,model,0.2058704992936092,0.0,0.327246048438051,4,0,0.0263952446045596,0.0527904892091193,0.1055809784182386,0.1319762230227983,0.1583714676273579,0.2481179743681929,0.3230590101988133,0.3251525293184321,0.3261992888782415,0.3270366965260891,-0.2,1.0
BIOMD0000000683,model,0.3069840703635429,0.0,0.4862732204133346,4,0,0.047421600169742,0.0948432003394841,0.1896864006789682,0.2371080008487103,0.2845296010184523,0.3708315305204185,0.4498207241108679,0.4680469722621013,0.4771600963377179,0.4844505955982113,-0.1,1.0
BIOMD0000000683,model,0.3344303463714111,0.0,0.5214482508005086,4,0,0.0445455975750029,0.0890911951500058,0.1781823903000117,0.2227279878750146,0.2672735854500175,0.4081365673425678,0.5201607908312732,0.5208045208158909,0.5211263858081997,0.5213838778020469,-0.05,1.0
BIOMD0000000683,model,0.350021078789449,0.0,0.6051976667803813,4,0,0.0407892583894205,0.081578516778841,0.163157033557682,0.2039462919471025,0.244735550336523,0.3974433241887073,0.5558540221809193,0.5805258444806504,0.5928617556305158,0.6027304845504082,0.0,1.0
BIOMD0000000683,model,0.3525571262571118,0.0,0.6591927877682248,4,0,0.0361396356925,0.0722792713850001,0.1445585427700003,0.1806981784625003,0.2168378141550003,0.3755178586301112,0.5697400026934232,0.6144663952308239,0.6368295914995243,0.6547201485144847,0.05,1.0
BIOMD0000000683,model,0.3374942274071252,0.0,0.6536833305586419,4,0,0.0310614920910872,0.0621229841821744,0.1242459683643489,0.155307460455436,0.1863689525465233,0.3481467895349295,0.5550035113010233,0.6043434209298326,0.6290133757442372,0.648749339595761,0.1,1.0
BIOMD0000000683,model,0.2954311671544971,0.0,0.6005435580302039,4,0,0.0213173511904245,0.042634702380849,0.0852694047616981,0.1065867559521226,0.1279041071425472,0.2905905552938923,0.5036566848030543,0.552100121416629,0.5763218397234164,0.5956992143688463,0.2,1.0
BIOMD0000000683,model,0.1618752262100323,0.0,0.3692213917783637,4,0,0.0,0.0,0.0,0.0,0.0,0.1391397565308828,0.3146562645484049,0.3419388281633843,0.355580109970874,0.3664931354168658,0.5,1.0
BIOMD0000000687,model,0.0,0.0,0.0,14,1,0.0,0.0,0.0,0.0,0.0,0.0,0.0,0.0,0.0,0.0,-0.5,1.0
BIOMD0000000687,model,0.0,0.0,0.0,14,1,0.0,0.0,0.0,0.0,0.0,0.0,0.0,0.0,0.0,0.0,-0.2,1.0
BIOMD0000000687,model,0.0,0.0,0.0,14,1,0.0,0.0,0.0,0.0,0.0,0.0,0.0,0.0,0.0,0.0,-0.1,1.0
BIOMD0000000687,model,0.0,0.0,0.0,14,1,0.0,0.0,0.0,0.0,0.0,0.0,0.0,0.0,0.0,0.0,-0.05,1.0
BIOMD0000000687,model,0.0,0.0,0.0,14,1,0.0,0.0,0.0,0.0,0.0,0.0,0.0,0.0,0.0,0.0,0.0,1.0
BIOMD0000000687,model,0.0,0.0,0.0,14,1,0.0,0.0,0.0,0.0,0.0,0.0,0.0,0.0,0.0,0.0,0.05,1.0
BIOMD0000000687,model,0.0,0.0,0.0,14,1,0.0,0.0,0.0,0.0,0.0,0.0,0.0,0.0,0.0,0.0,0.1,1.0
BIOMD0000000687,model,0.0,0.0,0.0,14,1,0.0,0.0,0.0,0.0,0.0,0.0,0.0,0.0,0.0,0.0,0.2,1.0
BIOMD0000000687,model,0.0,0.0,0.0,14,1,0.0,0.0,0.0,0.0,0.0,0.0,0.0,0.0,0.0,0.0,0.5,1.0
BIOMD0000000688,model,0.0,0.0,0.0,6,10,0.0,0.0,0.0,0.0,0.0,0.0,0.0,0.0,0.0,0.0,-0.5,1.0
BIOMD0000000688,model,0.0,0.0,0.0,6,10,0.0,0.0,0.0,0.0,0.0,0.0,0.0,0.0,0.0,0.0,-0.2,1.0
BIOMD0000000688,model,0.0,0.0,0.0,6,10,0.0,0.0,0.0,0.0,0.0,0.0,0.0,0.0,0.0,0.0,-0.1,1.0
BIOMD0000000688,model,0.0324026356788217,0.0,0.1944158140729307,6,10,0.0,0.0,0.0,0.0,0.0,0.0,0.0,0.0972079070364653,0.145811860554698,0.1846950233692842,-0.05,1.0
BIOMD0000000688,model,0.0,0.0,0.0,6,10,0.0,0.0,0.0,0.0,0.0,0.0,0.0,0.0,0.0,0.0,0.0,1.0
BIOMD0000000688,model,0.0,0.0,0.0,6,10,0.0,0.0,0.0,0.0,0.0,0.0,0.0,0.0,0.0,0.0,0.05,1.0
BIOMD0000000688,model,0.0,0.0,0.0,6,10,0.0,0.0,0.0,0.0,0.0,0.0,0.0,0.0,0.0,0.0,0.1,1.0
BIOMD0000000688,model,0.0,0.0,0.0,6,10,0.0,0.0,0.0,0.0,0.0,0.0,0.0,0.0,0.0,0.0,0.2,1.0
BIOMD0000000688,model,0.0,0.0,0.0,6,10,0.0,0.0,0.0,0.0,0.0,0.0,0.0,0.0,0.0,0.0,0.5,1.0
BIOMD0000000695,model,0.0811735651572009,0.0,0.8929092167292103,11,1,0.0,0.0,0.0,0.0,0.0,0.0,0.0,0.0,0.4464546083646051,0.8036182950562896,-0.5,1.0
BIOMD0000000695,model,0.0897986392652911,0.0,0.9877850319182028,11,1,0.0,0.0,0.0,0.0,0.0,0.0,0.0,0.0,0.4938925159591014,0.8890065287263829,-0.2,1.0
BIOMD0000000695,model,0.0905105320149467,0.0,0.9956158521644144,11,1,0.0,0.0,0.0,0.0,0.0,0.0,0.0,0.0,0.4978079260822071,0.8960542669479732,-0.1,1.0
BIOMD0000000695,model,0.0907473438709855,0.0,0.998220782580841,11,1,0.0,0.0,0.0,0.0,0.0,0.0,0.0,0.0,0.4991103912904205,0.8983987043227573,-0.05,1.0
BIOMD0000000695,model,0.090854643655124,0.0,0.9994010802063648,11,1,0.0,0.0,0.0,0.0,0.0,0.0,0.0,0.0,0.4997005401031824,0.8994609721857287,0.0,1.0
BIOMD0000000695,model,0.0907319308235766,0.0,0.9980512390593432,11,1,0.0,0.0,0.0,0.0,0.0,0.0,0.0,0.0,0.4990256195296716,0.8982461151534094,0.05,1.0
BIOMD0000000695,model,0.0906120657389053,0.0,0.996732723127959,11,1,0.0,0.0,0.0,0.0,0.0,0.0,0.0,0.0,0.4983663615639795,0.8970594508151635,0.1,1.0
BIOMD0000000695,model,0.0904345668528341,0.0,0.9947802353811752,11,1,0.0,0.0,0.0,0.0,0.0,0.0,0.0,0.0,0.4973901176905875,0.8953022118430579,0.2,1.0
BIOMD0000000695,model,0.0901585474228637,0.0,0.9917440216515016,11,1,0.0,0.0,0.0,0.0,0.0,0.0,0.0,0.0,0.4958720108257508,0.8925696194863518,0.5,1.0
BIOMD0000000697,model,0.0,0.0,0.0,13,0,0.0,0.0,0.0,0.0,0.0,0.0,0.0,0.0,0.0,0.0,-0.5,1.0
BIOMD0000000697,model,0.0,0.0,0.0,13,0,0.0,0.0,0.0,0.0,0.0,0.0,0.0,0.0,0.0,0.0,-0.2,1.0
BIOMD0000000697,model,0.0,0.0,0.0,13,0,0.0,0.0,0.0,0.0,0.0,0.0,0.0,0.0,0.0,0.0,-0.1,1.0
BIOMD0000000697,model,0.0,0.0,0.0,13,0,0.0,0.0,0.0,0.0,0.0,0.0,0.0,0.0,0.0,0.0,-0.05,1.0
BIOMD0000000697,model,0.0022333274926628,0.0,0.029033257404617,13,0,0.0,0.0,0.0,0.0,0.0,0.0,0.0,0.0,0.0116133029618467,0.0255492665160629,0.0,1.0
BIOMD0000000697,model,0.0,0.0,0.0,13,0,0.0,0.0,0.0,0.0,0.0,0.0,0.0,0.0,0.0,0.0,0.05,1.0
BIOMD0000000697,model,0.0,0.0,0.0,13,0,0.0,0.0,0.0,0.0,0.0,0.0,0.0,0.0,0.0,0.0,0.1,1.0
BIOMD0000000697,model,0.0,0.0,0.0,13,0,0.0,0.0,0.0,0.0,0.0,0.0,0.0,0.0,0.0,0.0,0.2,1.0
BIOMD0000000697,model,0.0,0.0,0.0,13,0,0.0,0.0,0.0,0.0,0.0,0.0,0.0,0.0,0.0,0.0,0.5,1.0
BIOMD0000000698,model,0.0641118418604599,0.0,0.3205592093022995,5,0,0.0,0.0,0.0,0.0,0.0,0.0,0.0641118418604599,0.1923355255813797,0.2564473674418395,0.3077368409302075,-0.5,1.0
BIOMD0000000698,model,0.2071039852329878,0.0,0.7211935979912228,5,0,0.0,0.0,0.0,0.0,0.0213558141744165,0.1067790708720827,0.3102765254395516,0.5157350617153873,0.6184643298533049,0.7006477443636393,-0.2,1.0
BIOMD0000000698,model,0.5618438243350958,0.2507119634530059,0.8313448839245015,5,0,0.3018498370240284,0.3529877105950509,0.4552634577370959,0.5064013313081184,0.5124596413910009,0.5366928817225307,0.7135234257987585,0.7724341548616299,0.8018895193930656,0.8254538110182142,-0.1,1.0
BIOMD0000000698,model,0.7090681000724366,0.4818053177806524,0.8723945041308634,5,0,0.5163012477193402,0.5507971776580279,0.6197890375354034,0.6542849674740912,0.6593601748594751,0.6796610044010108,0.8602346660866251,0.8663145851087443,0.8693545446198039,0.8717865122286514,-0.05,1.0
BIOMD0000000698,model,0.7009147057222659,0.5281619548224781,0.8738564407019931,5,0,0.5596616913821416,0.5911614279418053,0.6541609010611324,0.685660637620796,0.6895354013908388,0.7050344564710103,0.7442593193364403,0.8090578800192166,0.8414571603606048,0.8673765846337155,0.0,1.0
BIOMD0000000698,model,0.5767289710231933,0.4430556702701567,0.8444009666116871,5,0,0.4444802787285385,0.4459048871869204,0.4487541041036842,0.4501787125620661,0.4699663221728597,0.549116760616034,0.6463943893671559,0.7453976779894215,0.7948993223005543,0.8345006377494605,0.05,1.0
BIOMD0000000698,model,0.4129208308603643,0.2066838472740655,0.7638958200395486,5,0,0.2155343546845407,0.2243848620950159,0.2420858769159664,0.2509363843264416,0.2790374615386036,0.3914417703872514,0.5140962298275213,0.6389960249335349,0.7014459224865417,0.7514058405289472,0.1,1.0
BIOMD0000000698,model,0.1609874359817164,0.0,0.6315192200252578,5,0,0.0,0.0,0.0,0.0,0.0043704364577279,0.0218521822886395,0.2475564660807996,0.4395378430530288,0.5355285315391431,0.612321082328035,0.2,1.0
BIOMD0000000698,model,0.0505645823711326,0.0,0.2528229118556634,5,0,0.0,0.0,0.0,0.0,0.0,0.0,0.0505645823711327,0.1516937471133981,0.2022583294845307,0.2427099953814369,0.5,1.0
BIOMD0000000700,model,0.0043478260869565,0.0,0.1,23,0,0.0,0.0,0.0,0.0,0.0,0.0,0.0,0.0,0.0,0.0780000000000001,-0.5,1.0
BIOMD0000000700,model,0.0,0.0,0.0,23,0,0.0,0.0,0.0,0.0,0.0,0.0,0.0,0.0,0.0,0.0,-0.2,1.0
BIOMD0000000700,model,0.0,0.0,0.0,23,0,0.0,0.0,0.0,0.0,0.0,0.0,0.0,0.0,0.0,0.0,-0.1,1.0
BIOMD0000000700,model,0.0,0.0,0.0,23,0,0.0,0.0,0.0,0.0,0.0,0.0,0.0,0.0,0.0,0.0,-0.05,1.0
BIOMD0000000700,model,0.0,0.0,0.0,23,0,0.0,0.0,0.0,0.0,0.0,0.0,0.0,0.0,0.0,0.0,0.0,1.0
BIOMD0000000700,model,0.0,0.0,0.0,23,0,0.0,0.0,0.0,0.0,0.0,0.0,0.0,0.0,0.0,0.0,0.05,1.0
BIOMD0000000700,model,0.0,0.0,0.0,23,0,0.0,0.0,0.0,0.0,0.0,0.0,0.0,0.0,0.0,0.0,0.1,1.0
BIOMD0000000700,model,0.0043478260869565,0.0,0.1,23,0,0.0,0.0,0.0,0.0,0.0,0.0,0.0,0.0,0.0,0.0780000000000001,0.2,1.0
BIOMD0000000700,model,0.0372596603864382,0.0,0.7530667014665863,22,1,0.0,0.0,0.0,0.0,0.0,0.0,0.0,0.0,0.0633135356833018,0.6089183178359641,0.5,1.0
BIOMD0000000707,model,0.0,0.0,0.0,5,0,0.0,0.0,0.0,0.0,0.0,0.0,0.0,0.0,0.0,0.0,-0.5,1.0
BIOMD0000000707,model,0.0,0.0,0.0,5,0,0.0,0.0,0.0,0.0,0.0,0.0,0.0,0.0,0.0,0.0,-0.2,1.0
BIOMD0000000707,model,0.0,0.0,0.0,5,0,0.0,0.0,0.0,0.0,0.0,0.0,0.0,0.0,0.0,0.0,-0.1,1.0
BIOMD0000000707,model,0.0,0.0,0.0,5,0,0.0,0.0,0.0,0.0,0.0,0.0,0.0,0.0,0.0,0.0,-0.05,1.0
BIOMD0000000707,model,0.0,0.0,0.0,5,0,0.0,0.0,0.0,0.0,0.0,0.0,0.0,0.0,0.0,0.0,0.0,1.0
BIOMD0000000707,model,0.0,0.0,0.0,5,0,0.0,0.0,0.0,0.0,0.0,0.0,0.0,0.0,0.0,0.0,0.05,1.0
BIOMD0000000707,model,0.0,0.0,0.0,5,0,0.0,0.0,0.0,0.0,0.0,0.0,0.0,0.0,0.0,0.0,0.1,1.0
BIOMD0000000707,model,0.0,0.0,0.0,5,0,0.0,0.0,0.0,0.0,0.0,0.0,0.0,0.0,0.0,0.0,0.2,1.0
BIOMD0000000707,model,0.0,0.0,0.0,5,0,0.0,0.0,0.0,0.0,0.0,0.0,0.0,0.0,0.0,0.0,0.5,1.0
BIOMD0000000710,model,0.0,0.0,0.0,7,0,0.0,0.0,0.0,0.0,0.0,0.0,0.0,0.0,0.0,0.0,-0.5,1.0
BIOMD0000000710,model,0.0,0.0,0.0,7,0,0.0,0.0,0.0,0.0,0.0,0.0,0.0,0.0,0.0,0.0,-0.2,1.0
BIOMD0000000710,model,0.0,0.0,0.0,7,0,0.0,0.0,0.0,0.0,0.0,0.0,0.0,0.0,0.0,0.0,-0.1,1.0
BIOMD0000000710,model,0.0,0.0,0.0,7,0,0.0,0.0,0.0,0.0,0.0,0.0,0.0,0.0,0.0,0.0,-0.05,1.0
BIOMD0000000710,model,0.0,0.0,0.0,7,0,0.0,0.0,0.0,0.0,0.0,0.0,0.0,0.0,0.0,0.0,0.0,1.0
BIOMD0000000710,model,0.0,0.0,0.0,7,0,0.0,0.0,0.0,0.0,0.0,0.0,0.0,0.0,0.0,0.0,0.05,1.0
BIOMD0000000710,model,0.0,0.0,0.0,7,0,0.0,0.0,0.0,0.0,0.0,0.0,0.0,0.0,0.0,0.0,0.1,1.0
BIOMD0000000710,model,0.0,0.0,0.0,7,0,0.0,0.0,0.0,0.0,0.0,0.0,0.0,0.0,0.0,0.0,0.2,1.0
BIOMD0000000710,model,0.0,0.0,0.0,7,0,0.0,0.0,0.0,0.0,0.0,0.0,0.0,0.0,0.0,0.0,0.5,1.0
BIOMD0000000714,model,0.0,0.0,0.0,4,0,0.0,0.0,0.0,0.0,0.0,0.0,0.0,0.0,0.0,0.0,-0.5,1.0
BIOMD0000000714,model,0.1819598931156113,0.0,0.7278395724624455,4,0,0.0,0.0,0.0,0.0,0.0,0.0,0.2911358289849784,0.509487700723712,0.6186636365930784,0.7060043852885719,-0.2,1.0
BIOMD0000000714,model,0.216329649426864,0.0,0.8653185977074563,4,0,0.0,0.0,0.0,0.0,0.0,0.0,0.3461274390829828,0.6057230183952196,0.7355208080513376,0.8393590397762324,-0.1,1.0
BIOMD0000000714,model,0.23222586571544,0.0,0.92890346286176,4,0,0.0,0.0,0.0,0.0,0.0,0.0,0.3715613851447043,0.6502324240032321,0.7895679434324956,0.901036358975907,-0.05,1.0
BIOMD0000000714,model,0.6213725224807809,0.0,0.9713046775505622,4,0,0.1128739296218423,0.2257478592436847,0.4514957184873694,0.5643696481092118,0.677243577731054,0.7570927061862807,0.8455373999563923,0.9084210387534772,0.9398628581520196,0.9650163136708536,0.0,1.0
BIOMD0000000714,model,0.2789029965801273,0.0,0.9009760259266764,4,0,0.0081961107232398,0.0163922214464796,0.0327844428929592,0.040980553616199,0.0491766643394388,0.1073179801969163,0.4563875437140113,0.6786817848203439,0.7898289053735098,0.878746601816043,0.05,1.0
BIOMD0000000714,model,0.4355975182455815,0.0333618954871579,0.8967296491114124,4,0,0.0438332277304963,0.0543045599738346,0.0752472244605114,0.0857185567038498,0.0961898889471882,0.4061492641918779,0.7841685104091703,0.8404490797602914,0.8685893644358518,0.8911015921763003,0.1,1.0
BIOMD0000000714,model,0.2540205653821411,0.0,0.8936814156922495,4,0,0.004411245270008,0.008822490540016,0.017644981080032,0.02205622635004,0.026467471620048,0.0612004229181575,0.4132680926986571,0.6534747541954533,0.773578084943851,0.8696607495425697,0.2,1.0
BIOMD0000000714,model,0.2457098782276773,0.0,0.8817748126213386,4,0,0.0031696480494689,0.0063392960989378,0.0126785921978756,0.0158482402473445,0.0190178882968134,0.0505323501446853,0.4006701530242825,0.6412224828228106,0.7614986477220742,0.8577195796414856,0.5,1.0
BIOMD0000000715,model,0.9357207936358533,0.8709690213296952,0.9992188765461056,4,0,0.8715828035531159,0.8721965857765367,0.8734241502233782,0.8740379324467988,0.8746517146702195,0.936347638333806,0.9982681749275096,0.9987435257368076,0.9989812011414564,0.9991713414651756,-0.5,1.0
BIOMD0000000715,model,0.968256299168557,0.9063814622897044,0.9997408868664912,4,0,0.9156527846223044,0.924924106954904,0.9434667516201036,0.9527380739527034,0.9620093962853032,0.9834514237590162,0.999123896553194,0.9994323917098428,0.999586639288167,0.9997100373508264,-0.2,1.0
BIOMD0000000715,model,0.9731424216044854,0.9098345651573024,0.9999312206965107,4,0,0.9209141759432404,0.931993786729178,0.9541530083010537,0.9652326190869912,0.976312229872929,0.991401950282064,0.9994356463789488,0.9996834335377296,0.9998073271171202,0.9999064419806326,-0.1,1.0
BIOMD0000000715,model,0.9729454855724994,0.9106938347868876,0.999950337941165,4,0,0.9213676455793192,0.9320414563717504,0.9533890779566132,0.9640628887490448,0.974736699541476,0.9905688847809724,0.9995512528717748,0.9997507954064698,0.9998505666738174,0.9999303836876956,-0.05,1.0
BIOMD0000000715,model,0.9711427367161206,0.9111405567388589,0.9998767917491744,4,0,0.920548176903628,0.9299557970683971,0.9487710373979352,0.9581786575627044,0.9675862777274736,0.9867767991882246,0.9997680610231476,0.999822426386161,0.9998496090676678,0.9998713552128732,0.0,1.0
BIOMD0000000715,model,0.969252836801171,0.911258683358932,0.999755080173769,4,0,0.9195108848508928,0.9277630863428536,0.944267489326775,0.9525196908187356,0.9607718923106964,0.9829987918359916,0.9997365662894956,0.9997458232316322,0.9997504517027006,0.9997541544795552,0.05,1.0
BIOMD0000000715,model,0.9674167751948496,0.9111129909873084,0.999807814827826,4,0,0.9183081780828808,0.9255033651784532,0.9398937393695984,0.947088926465171,0.9542841135607434,0.9793731474821324,0.999722359935014,0.99976508738142,0.999786451104623,0.9998035420831854,0.1,1.0
BIOMD0000000715,model,0.9648977725806518,0.9149905962700862,0.9997751338210304,4,0,0.9195564758819096,0.924122355493733,0.9332541147173798,0.9378199943292032,0.9423858739410268,0.9724126801157452,0.9995473934579612,0.9996612636394956,0.9997181987302632,0.9997637468028768,0.2,1.0
BIOMD0000000715,model,0.9561443703810386,0.908093290962022,0.9986133461255032,4,0,0.9098385310852038,0.9115837712083856,0.9150742514547492,0.916819491577931,0.9185647317011127,0.9589354222183144,0.9983309100422384,0.9984721280838708,0.9985427371046868,0.99859922432134,0.5,1.0
BIOMD0000000720,model,0.1963691226429118,0.0,0.63516951728971,8,0,0.0,0.0,0.0,0.0,0.0,0.0633825418595024,0.4450312742835992,0.6155345829910978,0.625352050140404,0.6332060238598488,-0.5,1.0
BIOMD0000000720,model,0.3596967020871479,0.0,0.7943190437222081,8,0,0.0,0.0,0.0,0.0,0.0333142713979806,0.3887683337388045,0.6768656457777237,0.7793204056423829,0.7868197246822954,0.7928191799142256,-0.2,1.0
BIOMD0000000720,model,0.362215295758979,0.0,0.806834688717054,8,0,0.0,0.0,0.0,0.0,0.0325939663727226,0.3919141437088944,0.6794080035084339,0.7900952729828485,0.7984649808499513,0.8051607471436334,-0.1,1.0
BIOMD0000000720,model,0.3546281042663108,0.0,0.801267952692138,8,0,0.0,0.0,0.0,0.0,0.0296244068734381,0.3727639175167514,0.6724732675442087,0.7877161572455865,0.7944920549688622,0.7999127731474829,-0.05,1.0
BIOMD0000000720,model,0.3413474899444939,0.0,0.7920788018266007,8,0,0.0,0.0,0.0,0.0,0.0252425163753139,0.340681420813919,0.6584393338146849,0.7818877223572593,0.78698326209193,0.7910596938796666,0.0,1.0
BIOMD0000000720,model,0.3264479753888734,0.0,0.7751119832395891,8,0,0.0,0.0,0.0,0.0,0.021581520207027,0.3137562317255561,0.6370794772396957,0.7697686663224103,0.7724403247809997,0.7745776515478712,0.05,1.0
BIOMD0000000720,model,0.3089743407713629,0.0,0.7505313962372138,8,0,0.0,0.0,0.0,0.0,0.0177771751708374,0.2839358136676612,0.6103334666005444,0.7465781683353555,0.7485547822862846,0.7501360734470279,0.1,1.0
BIOMD0000000720,model,0.2601913711652768,0.0,0.6941919715453259,8,0,0.0,0.0,0.0,0.0,0.0077523459325346,0.1774835066603171,0.5515951962137527,0.6935199999729752,0.6938559857591505,0.6941247743880908,0.2,1.0
BIOMD0000000720,model,0.1218599735824528,0.0,0.5177106176285104,8,0,0.0,0.0,0.0,0.0,0.0,0.0,0.2743015026186676,0.4753316050103317,0.496521111319421,0.5134727163666926,0.5,1.0
BIOMD0000000722,model,0.0,0.0,0.0,5,0,0.0,0.0,0.0,0.0,0.0,0.0,0.0,0.0,0.0,0.0,-0.5,1.0
BIOMD0000000722,model,0.0,0.0,0.0,5,0,0.0,0.0,0.0,0.0,0.0,0.0,0.0,0.0,0.0,0.0,-0.2,1.0
BIOMD0000000722,model,0.0,0.0,0.0,5,0,0.0,0.0,0.0,0.0,0.0,0.0,0.0,0.0,0.0,0.0,-0.1,1.0
BIOMD0000000722,model,0.0,0.0,0.0,5,0,0.0,0.0,0.0,0.0,0.0,0.0,0.0,0.0,0.0,0.0,-0.05,1.0
BIOMD0000000722,model,0.0,0.0,0.0,5,0,0.0,0.0,0.0,0.0,0.0,0.0,0.0,0.0,0.0,0.0,0.0,1.0
BIOMD0000000722,model,0.0,0.0,0.0,5,0,0.0,0.0,0.0,0.0,0.0,0.0,0.0,0.0,0.0,0.0,0.05,1.0
BIOMD0000000722,model,0.0,0.0,0.0,5,0,0.0,0.0,0.0,0.0,0.0,0.0,0.0,0.0,0.0,0.0,0.1,1.0
BIOMD0000000722,model,0.0,0.0,0.0,5,0,0.0,0.0,0.0,0.0,0.0,0.0,0.0,0.0,0.0,0.0,0.2,1.0
BIOMD0000000722,model,0.0,0.0,0.0,5,0,0.0,0.0,0.0,0.0,0.0,0.0,0.0,0.0,0.0,0.0,0.5,1.0
BIOMD0000000723,model,0.0703932540505024,0.0,0.9999933474609888,25,0,0.0,0.0,0.0,0.0,0.0,0.0,0.0,0.2123404105328148,0.3955299925084433,0.8574199007696018,-0.5,1.0
BIOMD0000000723,model,0.1032563544092848,0.0,0.9999980504186766,25,0,0.0,0.0,0.0,0.0,0.0,0.0,0.0,0.495009980458787,0.5859479419433506,0.9046989754001818,-0.2,1.0
BIOMD0000000723,model,0.0868312577259412,0.0,0.9999986802384072,25,0,0.0,0.0,0.0,0.0,0.0,0.0,0.0,0.3528473334434336,0.4443015828042412,0.8719524678861599,-0.1,1.0
BIOMD0000000723,model,0.0555145645615291,0.0,0.9999988823124538,25,0,0.0,0.0,0.0,0.0,0.0,0.0,0.0,0.1056598274328008,0.2046323579478189,0.810822875198529,-0.05,1.0
BIOMD0000000723,model,0.0429736315882344,0.0,0.9999989622299488,25,0,0.0,0.0,0.0,0.0,0.0,0.0,0.0,0.0,0.0594734619807295,0.7778412498889782,0.0,1.0
BIOMD0000000723,model,0.039999958085301,0.0,0.999998952132526,25,0,0.0,0.0,0.0,0.0,0.0,0.0,0.0,0.0,0.0,0.7599992036207178,0.05,1.0
BIOMD0000000723,model,0.0399999561092146,0.0,0.9999989027303672,25,0,0.0,0.0,0.0,0.0,0.0,0.0,0.0,0.0,0.0,0.759999166075077,0.1,1.0
BIOMD0000000723,model,0.3514630256681962,0.0,1.0,24,1,0.0,0.0,0.0,0.0,0.0,0.0,1.0,1.0,1.0,1.0,0.2,1.0
BIOMD0000000723,model,0.3499366511251781,0.0,1.0,24,1,0.0,0.0,0.0,0.0,0.0,0.0,1.0,1.0,1.0,1.0,0.5,1.0
BIOMD0000000724,model,0.1241221175905715,0.0,0.997405044564882,28,0,0.0,0.0,0.0,0.0,0.0,0.0,0.0,0.7340813186875957,0.909781155517189,0.9751994764353316,-0.5,1.0
BIOMD0000000724,model,0.1241525430639621,0.0,0.9974050432454268,28,0,0.0,0.0,0.0,0.0,0.0,0.0,0.0,0.7346773569273714,0.9097814293118002,0.9751995444308454,-0.2,1.0
BIOMD0000000724,model,0.1241594495405487,0.0,0.9974050430011548,28,0,0.0,0.0,0.0,0.0,0.0,0.0,0.0,0.7348126681215154,0.9097814800136004,0.975199557022448,-0.1,1.0
BIOMD0000000724,model,0.1241625354139451,0.0,0.997405042898196,28,0,0.0,0.0,0.0,0.0,0.0,0.0,0.0,0.7348731277692592,0.9097815013603694,0.9751995623237708,-0.05,1.0
BIOMD0000000724,model,0.1241654152349239,0.0,0.9974050428057248,28,0,0.0,0.0,0.0,0.0,0.0,0.0,0.0,0.7349295511349647,0.9097815205739108,0.9751995670954486,0.0,1.0
BIOMD0000000724,model,0.1241681119442575,0.0,0.9974050427218925,28,0,0.0,0.0,0.0,0.0,0.0,0.0,0.0,0.7349823875167848,0.9097815379645612,0.9751995714141866,0.05,1.0
BIOMD0000000724,model,0.1241706450907371,0.0,0.9974050426458354,28,0,0.0,0.0,0.0,0.0,0.0,0.0,0.0,0.7350320198200229,0.9097815537605146,0.9751995753372172,0.1,1.0
BIOMD0000000724,model,0.124175283162928,0.0,0.997405042512588,28,0,0.0,0.0,0.0,0.0,0.0,0.0,0.0,0.7351228956248927,0.9097815814184376,0.9751995822059184,0.2,1.0
BIOMD0000000724,model,0.1241865744784941,0.0,0.9974050422192274,28,0,0.0,0.0,0.0,0.0,0.0,0.0,0.0,0.7353441385149831,0.9097816422595352,0.975199597315424,0.5,1.0
BIOMD0000000726,model,0.0,0.0,0.0,8,0,0.0,0.0,0.0,0.0,0.0,0.0,0.0,0.0,0.0,0.0,-0.5,1.0
BIOMD0000000726,model,0.0,0.0,0.0,8,0,0.0,0.0,0.0,0.0,0.0,0.0,0.0,0.0,0.0,0.0,-0.2,1.0
BIOMD0000000726,model,0.0,0.0,0.0,8,0,0.0,0.0,0.0,0.0,0.0,0.0,0.0,0.0,0.0,0.0,-0.1,1.0
BIOMD0000000726,model,0.0,0.0,0.0,8,0,0.0,0.0,0.0,0.0,0.0,0.0,0.0,0.0,0.0,0.0,-0.05,1.0
BIOMD0000000726,model,0.0,0.0,0.0,8,0,0.0,0.0,0.0,0.0,0.0,0.0,0.0,0.0,0.0,0.0,0.0,1.0
BIOMD0000000726,model,0.0,0.0,0.0,8,0,0.0,0.0,0.0,0.0,0.0,0.0,0.0,0.0,0.0,0.0,0.05,1.0
BIOMD0000000726,model,0.0,0.0,0.0,8,0,0.0,0.0,0.0,0.0,0.0,0.0,0.0,0.0,0.0,0.0,0.1,1.0
BIOMD0000000726,model,0.0,0.0,0.0,8,0,0.0,0.0,0.0,0.0,0.0,0.0,0.0,0.0,0.0,0.0,0.2,1.0
BIOMD0000000726,model,0.0,0.0,0.0,8,0,0.0,0.0,0.0,0.0,0.0,0.0,0.0,0.0,0.0,0.0,0.5,1.0
BIOMD0000000729,model,0.0,0.0,0.0,3,0,0.0,0.0,0.0,0.0,0.0,0.0,0.0,0.0,0.0,0.0,-0.5,1.0
BIOMD0000000729,model,0.0,0.0,0.0,3,0,0.0,0.0,0.0,0.0,0.0,0.0,0.0,0.0,0.0,0.0,-0.2,1.0
BIOMD0000000729,model,0.0,0.0,0.0,3,0,0.0,0.0,0.0,0.0,0.0,0.0,0.0,0.0,0.0,0.0,-0.1,1.0
BIOMD0000000729,model,0.0,0.0,0.0,3,0,0.0,0.0,0.0,0.0,0.0,0.0,0.0,0.0,0.0,0.0,-0.05,1.0
BIOMD0000000729,model,0.0,0.0,0.0,3,0,0.0,0.0,0.0,0.0,0.0,0.0,0.0,0.0,0.0,0.0,0.0,1.0
BIOMD0000000729,model,0.0,0.0,0.0,3,0,0.0,0.0,0.0,0.0,0.0,0.0,0.0,0.0,0.0,0.0,0.05,1.0
BIOMD0000000729,model,0.0,0.0,0.0,3,0,0.0,0.0,0.0,0.0,0.0,0.0,0.0,0.0,0.0,0.0,0.1,1.0
BIOMD0000000729,model,0.0,0.0,0.0,3,0,0.0,0.0,0.0,0.0,0.0,0.0,0.0,0.0,0.0,0.0,0.2,1.0
BIOMD0000000729,model,0.0,0.0,0.0,3,0,0.0,0.0,0.0,0.0,0.0,0.0,0.0,0.0,0.0,0.0,0.5,1.0
BIOMD0000000732,model,0.0,0.0,0.0,3,0,0.0,0.0,0.0,0.0,0.0,0.0,0.0,0.0,0.0,0.0,-0.5,1.0
BIOMD0000000732,model,0.0,0.0,0.0,3,0,0.0,0.0,0.0,0.0,0.0,0.0,0.0,0.0,0.0,0.0,-0.2,1.0
BIOMD0000000732,model,0.0,0.0,0.0,3,0,0.0,0.0,0.0,0.0,0.0,0.0,0.0,0.0,0.0,0.0,-0.1,1.0
BIOMD0000000732,model,0.0,0.0,0.0,3,0,0.0,0.0,0.0,0.0,0.0,0.0,0.0,0.0,0.0,0.0,-0.05,1.0
BIOMD0000000732,model,0.0,0.0,0.0,3,0,0.0,0.0,0.0,0.0,0.0,0.0,0.0,0.0,0.0,0.0,0.0,1.0
BIOMD0000000732,model,0.0,0.0,0.0,3,0,0.0,0.0,0.0,0.0,0.0,0.0,0.0,0.0,0.0,0.0,0.05,1.0
BIOMD0000000732,model,0.0,0.0,0.0,3,0,0.0,0.0,0.0,0.0,0.0,0.0,0.0,0.0,0.0,0.0,0.1,1.0
BIOMD0000000732,model,0.0,0.0,0.0,3,0,0.0,0.0,0.0,0.0,0.0,0.0,0.0,0.0,0.0,0.0,0.2,1.0
BIOMD0000000732,model,0.0,0.0,0.0,3,0,0.0,0.0,0.0,0.0,0.0,0.0,0.0,0.0,0.0,0.0,0.5,1.0
BIOMD0000000733,model,0.5160365059213537,0.0,0.9705883537230552,3,0,0.0577521164041006,0.1155042328082012,0.2310084656164024,0.2887605820205031,0.3465126984246037,0.5775211640410062,0.8133614778502356,0.8919749157866453,0.9312816347548502,0.962727009929414,-0.5,1.0
BIOMD0000000733,model,0.5163890489413632,0.0,0.9714066120174992,3,0,0.057776053480659,0.115552106961318,0.2311042139226361,0.2888802674032952,0.3466563208839542,0.5777605348065904,0.8139481811331357,0.8926773965753174,0.9320420042964082,0.963533690473281,-0.2,1.0
BIOMD0000000733,model,0.5169379723257126,0.0,0.9729936612088376,3,0,0.05778202557683,0.11556405115366,0.23112810230732,0.28891012788415,0.34669215346098,0.5778202557683001,0.8149242990326226,0.8939589801207302,0.933476320664784,0.965090193100027,-0.1,1.0
BIOMD0000000733,model,0.517313872000328,0.0,0.9740940612819868,3,0,0.0577847554718997,0.1155695109437994,0.2311390218875989,0.2889237773594986,0.3467085328313983,0.5778475547189973,0.815595458656791,0.8948447599693888,0.9344694106256878,0.9661691311507268,-0.05,1.0
BIOMD0000000733,model,0.5177280474849186,0.0,0.9753106434859746,3,0,0.0577873498968781,0.1155746997937562,0.2311493995875125,0.2889367494843906,0.3467240993812687,0.5778734989687813,0.8163357856790974,0.895823214582536,0.9355669290342552,0.9673619005956308,0.0,1.0
BIOMD0000000733,model,0.5181634424761042,0.0,0.9765922223119144,3,0,0.0577898105116398,0.1155796210232797,0.2311592420465594,0.2889490525581992,0.3467388630698391,0.5778981051163985,0.817114575433708,0.8968533988728111,0.9367228105923628,0.968618339968004,0.05,1.0
BIOMD0000000733,model,0.5186070695656243,0.0,0.9778995949841076,3,0,0.0577921613712765,0.115584322742553,0.2311686454851061,0.2889608068563826,0.3467529682276591,0.5779216137127653,0.8179084024755707,0.8979039987298392,0.9379017968569734,0.9699000353586807,0.1,1.0
BIOMD0000000733,model,0.517980673599102,0.0,0.9759765209561662,3,0,0.057796549984114,0.115593099968228,0.231186199936456,0.28898274992057,0.346779299904684,0.57796549984114,0.8167721125101557,0.8963743167331609,0.9361754188446636,0.9680163005338656,0.2,1.0
BIOMD0000000733,model,0.5062131509398177,0.0,0.9405618196308948,3,0,0.0578077633188558,0.1156155266377116,0.2312310532754232,0.289038816594279,0.3468465799131348,0.5780776331885581,0.7955681450539601,0.8680649823424275,0.9043134009866612,0.933312135902048,0.5,1.0
BIOMD0000000737,model,0.0,0.0,0.0,1,10,0.0,0.0,0.0,0.0,0.0,0.0,0.0,0.0,0.0,0.0,-0.5,1.0
BIOMD0000000737,model,0.0,0.0,0.0,1,10,0.0,0.0,0.0,0.0,0.0,0.0,0.0,0.0,0.0,0.0,-0.2,1.0
BIOMD0000000737,model,0.4970198241320731,0.0,0.9940396482641464,2,9,0.0497019824132073,0.0994039648264146,0.1988079296528292,0.2485099120660365,0.2982118944792438,0.4970198241320731,0.795231718611317,0.8946356834377317,0.9443376658509388,0.9840992517815048,-0.1,1.0
BIOMD0000000737,model,0.4892046011563459,0.0,0.978409202312692,2,9,0.0489204601156346,0.0978409202312692,0.1956818404625384,0.2446023005781729,0.2935227606938075,0.4892046011563459,0.7827273618501536,0.8805682820814227,0.9294887421970572,0.968625110289565,-0.05,1.0
BIOMD0000000737,model,0.485962080596301,0.0,0.971924161192602,2,9,0.0485962080596301,0.0971924161192602,0.1943848322385204,0.2429810402981505,0.2915772483577806,0.485962080596301,0.7775393289540817,0.8747317450733418,0.923327953132972,0.962204919580676,0.0,1.0
BIOMD0000000737,model,0.4722652082794696,0.0,0.9445304165589392,2,9,0.0472265208279469,0.0944530416558939,0.1889060833117878,0.2361326041397348,0.2833591249676818,0.4722652082794696,0.7556243332471515,0.8500773749030455,0.8973038957309923,0.93508511239335,0.05,1.0
BIOMD0000000737,model,0.4661321080762899,0.0,0.9322642161525798,2,9,0.0466132108076289,0.0932264216152579,0.1864528432305159,0.2330660540381449,0.2796792648457739,0.4661321080762899,0.7458113729220639,0.8390377945373219,0.8856510053449508,0.922941573991054,0.1,1.0
BIOMD0000000737,model,0.4309816312535484,0.0,0.8619632625070968,2,9,0.0430981631253548,0.0861963262507096,0.1723926525014193,0.2154908156267742,0.258588978752129,0.4309816312535484,0.6895706100056774,0.7757669362563872,0.8188650993817419,0.8533436298820258,0.2,1.0
BIOMD0000000737,model,0.2255467891509073,0.0,0.4510935783018147,2,9,0.0225546789150907,0.0451093578301814,0.0902187156603629,0.1127733945754536,0.1353280734905444,0.2255467891509073,0.3608748626414517,0.4059842204716332,0.4285388993867239,0.4465826425187965,0.5,1.0
BIOMD0000000738,model,0.39734003370326,0.2192284251957334,0.5754516422107865,2,9,0.2370395860464861,0.2548507468972387,0.290473068598744,0.3082842294494967,0.3260953903002493,0.39734003370326,0.5042069988077759,0.5398293205092812,0.5576404813600339,0.571889410040636,-0.5,1.0
BIOMD0000000738,model,0.1285026911308024,0.0,0.2570053822616048,2,9,0.0128502691130802,0.0257005382261604,0.0514010764523209,0.0642513455654012,0.0771016146784814,0.1285026911308024,0.2056043058092839,0.2313048440354443,0.2441551131485246,0.2544353284389888,-0.2,1.0
BIOMD0000000738,model,0.1327919077376224,0.0,0.2655838154752448,2,9,0.0132791907737622,0.0265583815475244,0.0531167630950489,0.0663959538688112,0.0796751446425734,0.1327919077376224,0.2124670523801958,0.2390254339277203,0.2523046247014825,0.2629279773204923,-0.1,1.0
BIOMD0000000738,model,0.1346946500939453,0.0,0.2693893001878907,2,9,0.0134694650093945,0.026938930018789,0.0538778600375781,0.0673473250469726,0.0808167900563672,0.1346946500939453,0.2155114401503126,0.2424503701691016,0.2559198351784962,0.2666954071860118,-0.05,1.0
BIOMD0000000738,model,0.1364607218195017,0.0,0.2729214436390035,2,9,0.0136460721819501,0.0272921443639003,0.0545842887278007,0.0682303609097508,0.081876433091701,0.1364607218195017,0.2183371549112028,0.2456292992751032,0.2592753714570533,0.2701922292026135,0.0,1.0
BIOMD0000000738,model,0.1381053256997726,0.0,0.2762106513995453,2,9,0.0138105325699772,0.0276210651399545,0.055242130279909,0.0690526628498863,0.0828631954198635,0.1381053256997726,0.2209685211196362,0.2485895862595908,0.262400118829568,0.2734485448855498,0.05,1.0
BIOMD0000000738,model,0.1396413828572352,0.0,0.2792827657144705,2,9,0.0139641382857235,0.027928276571447,0.0558565531428941,0.0698206914286176,0.0837848297143411,0.1396413828572352,0.2234262125715764,0.2513544891430235,0.265318627428747,0.2764899380573258,0.1,1.0
BIOMD0000000738,model,0.1424311951417763,0.0,0.2848623902835527,2,9,0.0142431195141776,0.0284862390283552,0.0569724780567105,0.0712155975708881,0.0854587170850658,0.1424311951417763,0.2278899122268421,0.2563761512551974,0.270619270769375,0.2820137663807172,0.2,1.0
BIOMD0000000738,model,0.0994047424897478,0.0,0.2982142274692434,3,8,0.0,0.0,0.0,0.0,0.0,0.0,0.178928536481546,0.2385713819753947,0.2683928047223191,0.2922499429198585,0.5,1.0
BIOMD0000000744,model,0.3980035155711321,0.0,0.9983297752712884,5,0,0.0,0.0,0.0,0.0,0.0,0.0,0.9930161971217556,0.995672986196522,0.9970013807339052,0.9980640963638115,-0.5,1.0
BIOMD0000000744,model,0.3990645477886637,0.0,0.99957677301839,5,0,0.0,0.0,0.0,0.0,0.0,0.0,0.996512127343621,0.9980444501810056,0.998810611599698,0.9994235407346516,-0.2,1.0
BIOMD0000000744,model,0.3992624732327408,0.0,0.9998102747519612,5,0,0.0,0.0,0.0,0.0,0.0,0.0,0.9971637280797864,0.998487001415874,0.9991486380839176,0.9996779474183524,-0.1,1.0
BIOMD0000000744,model,0.399345895673482,0.0,0.999908921794241,5,0,0.0,0.0,0.0,0.0,0.0,0.0,0.9974382296173838,0.9986735757058124,0.9992912487500266,0.999785387185398,-0.05,1.0
BIOMD0000000744,model,0.3994210280876139,0.0,0.9999975781480732,5,0,0.0,0.0,0.0,0.0,0.0,0.0,0.9976855654616116,0.9988415718048425,0.9994195749764578,0.9998819775137502,0.0,1.0
BIOMD0000000744,model,0.3994577307231378,0.0,0.9999217259247788,5,0,0.0,0.0,0.0,0.0,0.0,0.0,0.997877887337684,0.9988998066312316,0.9994107662780052,0.999819533995424,0.05,1.0
BIOMD0000000744,model,0.3994903975479102,0.0,0.9998486938838194,5,0,0.0,0.0,0.0,0.0,0.0,0.0,0.9980523738613496,0.9989505338725844,0.999399613878202,0.999758877882696,0.1,1.0
BIOMD0000000744,model,0.3995472078646068,0.0,0.9997200853158006,5,0,0.0,0.0,0.0,0.0,0.0,0.0,0.9983567802689468,0.9990384327923736,0.9993792590540872,0.999651920063458,0.2,1.0
BIOMD0000000744,model,0.3996721345890917,0.0,0.9994367251940964,5,0,0.0,0.0,0.0,0.0,0.0,0.0,0.9990265032399088,0.9992316142170026,0.9993341697055494,0.9994162140963868,0.5,1.0
BIOMD0000000745,model,0.4616871650020894,0.0,0.6824841741256366,5,0,0.0904480373064257,0.1808960746128514,0.3617921492257028,0.4522401865321285,0.4711805322330894,0.5469419150369332,0.6379124742777265,0.6601983242016815,0.671341249163659,0.680255589133241,-0.5,1.0
BIOMD0000000745,model,0.8319842773368415,0.6336495207927078,0.924399938763349,5,0,0.6769341829423167,0.7202188450919257,0.8067881693911436,0.8500728315407525,0.8536679816830921,0.8680485822524504,0.8918803984206283,0.9081401685919888,0.9162700536776688,0.922773961746213,-0.2,1.0
BIOMD0000000745,model,0.9228469378497428,0.8330594969575559,0.9670651907591152,5,0,0.8516874688329604,0.870315440708365,0.9075713844591742,0.9261993563345788,0.9294194671062233,0.9422999101928008,0.9499016261555536,0.9584834084573344,0.9627742996082248,0.9662070125289371,-0.1,1.0
BIOMD0000000745,model,0.9628521814084066,0.9200108517269624,0.9845236911086308,5,0,0.928645954649025,0.9372810575710876,0.9545512634152128,0.9631863663372754,0.9651302018350552,0.9729055438261748,0.9758123014561174,0.9801679962823742,0.9823458436955024,0.9840881216260052,-0.05,1.0
BIOMD0000000745,model,0.9999991708356102,0.9999979584341888,0.9999999179551866,5,0,0.9999981065776016,0.9999982547210144,0.99999855100784,0.9999986991512528,0.9999988773946727,0.9999995903683536,0.9999997342062926,0.9999998260807396,0.9999998720179633,0.999999908767742,0.0,1.0
BIOMD0000000745,model,0.965249368060252,0.926075584075459,0.9860551074443162,5,0,0.933473634516922,0.9408716849583852,0.9556677858413114,0.9630658362827744,0.965475640910769,0.9751148594227466,0.9779593839496336,0.9820072456969748,0.9840311765706456,0.985650321269582,0.05,1.0
BIOMD0000000745,model,0.932459886131217,0.8574721926941952,0.97299796416889,5,0,0.8711323931996245,0.8847925937050539,0.9121129947159128,0.9257731952213422,0.9309288842199464,0.951551640214364,0.9582031435196132,0.9656005538442516,0.9692992590065708,0.9722582231364262,0.1,1.0
BIOMD0000000745,model,0.8713911207437907,0.7338290716019178,0.9475233877408756,5,0,0.7569443892415966,0.7800597068812752,0.8262903421606327,0.8494056598003115,0.8611088022511472,0.90792137205449,0.9241255675652624,0.9358244776530688,0.9416739326969722,0.9463534967320948,0.2,1.0
BIOMD0000000745,model,0.7117658543749762,0.441669660659444,0.8718852133144385,5,0,0.4732754468139424,0.5048812329684408,0.5680928052774374,0.5996985914319358,0.639432405536758,0.7983676619560467,0.8521435582733003,0.8620143857938695,0.866949799554154,0.8708981305623815,0.5,1.0
BIOMD0000000747,model,0.0,0.0,0.0,23,10,0.0,0.0,0.0,0.0,0.0,0.0,0.0,0.0,0.0,0.0,-0.5,1.0
BIOMD0000000747,model,0.0,0.0,0.0,23,10,0.0,0.0,0.0,0.0,0.0,0.0,0.0,0.0,0.0,0.0,-0.2,1.0
BIOMD0000000747,model,0.0,0.0,0.0,24,9,0.0,0.0,0.0,0.0,0.0,0.0,0.0,0.0,0.0,0.0,-0.1,1.0
BIOMD0000000747,model,0.0,0.0,0.0,24,9,0.0,0.0,0.0,0.0,0.0,0.0,0.0,0.0,0.0,0.0,-0.05,1.0
BIOMD0000000747,model,0.0,0.0,0.0,24,9,0.0,0.0,0.0,0.0,0.0,0.0,0.0,0.0,0.0,0.0,0.0,1.0
BIOMD0000000747,model,0.0,0.0,0.0,24,9,0.0,0.0,0.0,0.0,0.0,0.0,0.0,0.0,0.0,0.0,0.05,1.0
BIOMD0000000747,model,0.0,0.0,0.0,24,9,0.0,0.0,0.0,0.0,0.0,0.0,0.0,0.0,0.0,0.0,0.1,1.0
BIOMD0000000747,model,0.0,0.0,0.0,24,9,0.0,0.0,0.0,0.0,0.0,0.0,0.0,0.0,0.0,0.0,0.2,1.0
BIOMD0000000747,model,0.0,0.0,0.0,24,9,0.0,0.0,0.0,0.0,0.0,0.0,0.0,0.0,0.0,0.0,0.5,1.0
BIOMD0000000748,model,0.0,0.0,0.0,3,1,0.0,0.0,0.0,0.0,0.0,0.0,0.0,0.0,0.0,0.0,-0.5,1.0
BIOMD0000000748,model,0.0,0.0,0.0,3,1,0.0,0.0,0.0,0.0,0.0,0.0,0.0,0.0,0.0,0.0,-0.2,1.0
BIOMD0000000748,model,0.1118572025940243,0.0,0.4474288103760975,4,0,0.0,0.0,0.0,0.0,0.0,0.0,0.1789715241504391,0.3132001672632684,0.3803144888196827,0.4340059460648145,-0.1,1.0
BIOMD0000000748,model,0.1094906883818259,0.0,0.4379627535273037,4,0,0.0,0.0,0.0,0.0,0.0,0.0,0.1751851014109216,0.3065739274691126,0.372268340498208,0.4248238709214844,-0.05,1.0
BIOMD0000000748,model,0.0,0.0,0.0,4,0,0.0,0.0,0.0,0.0,0.0,0.0,0.0,0.0,0.0,0.0,0.0,1.0
BIOMD0000000748,model,0.0,0.0,0.0,4,0,0.0,0.0,0.0,0.0,0.0,0.0,0.0,0.0,0.0,0.0,0.05,1.0
BIOMD0000000748,model,0.0,0.0,0.0,4,0,0.0,0.0,0.0,0.0,0.0,0.0,0.0,0.0,0.0,0.0,0.1,1.0
BIOMD0000000748,model,0.0,0.0,0.0,4,0,0.0,0.0,0.0,0.0,0.0,0.0,0.0,0.0,0.0,0.0,0.2,1.0
BIOMD0000000748,model,0.0,0.0,0.0,4,0,0.0,0.0,0.0,0.0,0.0,0.0,0.0,0.0,0.0,0.0,0.5,1.0
BIOMD0000000750,model,0.0,0.0,0.0,8,0,0.0,0.0,0.0,0.0,0.0,0.0,0.0,0.0,0.0,0.0,-0.5,1.0
BIOMD0000000750,model,0.0,0.0,0.0,8,0,0.0,0.0,0.0,0.0,0.0,0.0,0.0,0.0,0.0,0.0,-0.2,1.0
BIOMD0000000750,model,0.0,0.0,0.0,8,0,0.0,0.0,0.0,0.0,0.0,0.0,0.0,0.0,0.0,0.0,-0.1,1.0
BIOMD0000000750,model,0.0,0.0,0.0,8,0,0.0,0.0,0.0,0.0,0.0,0.0,0.0,0.0,0.0,0.0,-0.05,1.0
BIOMD0000000750,model,0.0,0.0,0.0,8,0,0.0,0.0,0.0,0.0,0.0,0.0,0.0,0.0,0.0,0.0,0.0,1.0
BIOMD0000000750,model,0.0,0.0,0.0,8,0,0.0,0.0,0.0,0.0,0.0,0.0,0.0,0.0,0.0,0.0,0.05,1.0
BIOMD0000000750,model,0.0,0.0,0.0,8,0,0.0,0.0,0.0,0.0,0.0,0.0,0.0,0.0,0.0,0.0,0.1,1.0
BIOMD0000000750,model,0.0,0.0,0.0,8,0,0.0,0.0,0.0,0.0,0.0,0.0,0.0,0.0,0.0,0.0,0.2,1.0
BIOMD0000000750,model,0.0,0.0,0.0,8,0,0.0,0.0,0.0,0.0,0.0,0.0,0.0,0.0,0.0,0.0,0.5,1.0
BIOMD0000000753,model,0.9503973418737796,0.9265014505322128,0.9742932332153464,2,0,0.9288910396663694,0.931280628800526,0.9360598070688396,0.9384493962029962,0.9408389853371528,0.9503973418737796,0.9647348766787196,0.969514054947033,0.9719036440811896,0.973815315388515,-0.5,1.0
BIOMD0000000753,model,0.9482505089432832,0.9265033218828744,0.9699976960036923,2,0,0.9286780405889152,0.930852759294956,0.935202196707038,0.9373769154130788,0.9395516341191198,0.9482505089432832,0.9612988211795288,0.9656482585916106,0.9678229772976517,0.9695627522624842,-0.2,1.0
BIOMD0000000753,model,0.9480001041432824,0.9265055998639844,0.9694946084225804,2,0,0.928655050291914,0.930804500719844,0.9351034015757036,0.9372528520036332,0.9394023024315632,0.9480001041432824,0.9608968067108612,0.9651957075667208,0.9673451579946504,0.9690647183369944,-0.1,1.0
BIOMD0000000753,model,0.946786454766851,0.9265065150774806,0.9670663944562212,2,0,0.9285345090464177,0.9305625030153548,0.9346184909532288,0.9366464849221656,0.9386744788911028,0.946786454766851,0.9589544185804731,0.9630104065183472,0.9650384004872842,0.9666607956624338,-0.05,1.0
BIOMD0000000753,model,0.9454647738873774,0.9264984782767138,0.9644310694980408,2,0,0.9283951078377802,0.9302917373988464,0.9340849965209792,0.9359816260820456,0.937878255643112,0.9454647738873774,0.9568445512537754,0.960637810375908,0.9625344399369744,0.9640517435858276,0.0,1.0
BIOMD0000000753,model,0.9440245401819416,0.9264853148111554,0.9615637655527278,2,0,0.928239237348234,0.9299931598853126,0.93350100495947,0.9352549274965484,0.9370088500336272,0.9440245401819416,0.9545480754044132,0.9580559204785706,0.9598098430156492,0.961212981045312,0.05,1.0
BIOMD0000000753,model,0.9452753992292938,0.9264700336491272,0.9640807648094604,2,0,0.9283505702071438,0.9302311067651604,0.933992179881194,0.9358727164392104,0.9377532529972272,0.9452753992292938,0.9565586185773938,0.9603196916934272,0.9622002282514438,0.9637046574978572,0.1,1.0
BIOMD0000000753,model,0.94430293286148,0.9264443927009394,0.9621614730220208,2,0,0.9282302467169934,0.9300161007330476,0.9335878087651556,0.9353736627812096,0.9371595167972638,0.94430293286148,0.9550180569578044,0.9585897649899128,0.9603756190059668,0.96180430221881,0.2,1.0
BIOMD0000000753,model,0.9403982168319532,0.9263446380453266,0.9544517956185796,2,0,0.9277499959239892,0.929155353802652,0.9319660695599772,0.93337142743864,0.9347767853173026,0.9403982168319532,0.9488303641039292,0.9516410798612543,0.9530464377399168,0.9541707240428472,0.5,1.0
BIOMD0000000754,model,0.0,0.0,0.0,3,0,0.0,0.0,0.0,0.0,0.0,0.0,0.0,0.0,0.0,0.0,-0.5,1.0
BIOMD0000000754,model,0.0,0.0,0.0,3,0,0.0,0.0,0.0,0.0,0.0,0.0,0.0,0.0,0.0,0.0,-0.2,1.0
BIOMD0000000754,model,0.0,0.0,0.0,3,0,0.0,0.0,0.0,0.0,0.0,0.0,0.0,0.0,0.0,0.0,-0.1,1.0
BIOMD0000000754,model,0.0,0.0,0.0,3,0,0.0,0.0,0.0,0.0,0.0,0.0,0.0,0.0,0.0,0.0,-0.05,1.0
BIOMD0000000754,model,0.0,0.0,0.0,3,0,0.0,0.0,0.0,0.0,0.0,0.0,0.0,0.0,0.0,0.0,0.0,1.0
BIOMD0000000754,model,0.0,0.0,0.0,3,0,0.0,0.0,0.0,0.0,0.0,0.0,0.0,0.0,0.0,0.0,0.05,1.0
BIOMD0000000754,model,0.0,0.0,0.0,3,0,0.0,0.0,0.0,0.0,0.0,0.0,0.0,0.0,0.0,0.0,0.1,1.0
BIOMD0000000754,model,0.0129610113197081,0.0,0.0388830339591244,3,0,0.0,0.0,0.0,0.0,0.0,0.0,0.0233298203754746,0.0311064271672995,0.034994730563212,0.038105373279942,0.2,1.0
BIOMD0000000754,model,0.0468503806219109,0.0,0.1405511418657327,3,0,0.0,0.0,0.0,0.0,0.0,0.0,0.0843306851194396,0.1124409134925861,0.1264960276791594,0.137740119028418,0.5,1.0
BIOMD0000000756,model,0.0,0.0,0.0,3,1,0.0,0.0,0.0,0.0,0.0,0.0,0.0,0.0,0.0,0.0,-0.5,1.0
BIOMD0000000756,model,0.0,0.0,0.0,3,1,0.0,0.0,0.0,0.0,0.0,0.0,0.0,0.0,0.0,0.0,-0.2,1.0
BIOMD0000000756,model,0.0,0.0,0.0,3,1,0.0,0.0,0.0,0.0,0.0,0.0,0.0,0.0,0.0,0.0,-0.1,1.0
BIOMD0000000756,model,0.0,0.0,0.0,3,1,0.0,0.0,0.0,0.0,0.0,0.0,0.0,0.0,0.0,0.0,-0.05,1.0
BIOMD0000000756,model,0.0,0.0,0.0,3,1,0.0,0.0,0.0,0.0,0.0,0.0,0.0,0.0,0.0,0.0,0.0,1.0
BIOMD0000000756,model,0.0,0.0,0.0,3,1,0.0,0.0,0.0,0.0,0.0,0.0,0.0,0.0,0.0,0.0,0.05,1.0
BIOMD0000000756,model,0.0,0.0,0.0,3,1,0.0,0.0,0.0,0.0,0.0,0.0,0.0,0.0,0.0,0.0,0.1,1.0
BIOMD0000000756,model,0.0,0.0,0.0,3,1,0.0,0.0,0.0,0.0,0.0,0.0,0.0,0.0,0.0,0.0,0.2,1.0
BIOMD0000000756,model,0.0,0.0,0.0,3,1,0.0,0.0,0.0,0.0,0.0,0.0,0.0,0.0,0.0,0.0,0.5,1.0
BIOMD0000000757,model,0.0,0.0,0.0,7,0,0.0,0.0,0.0,0.0,0.0,0.0,0.0,0.0,0.0,0.0,-0.5,1.0
BIOMD0000000757,model,0.0,0.0,0.0,7,0,0.0,0.0,0.0,0.0,0.0,0.0,0.0,0.0,0.0,0.0,-0.2,1.0
BIOMD0000000757,model,0.0,0.0,0.0,7,0,0.0,0.0,0.0,0.0,0.0,0.0,0.0,0.0,0.0,0.0,-0.1,1.0
BIOMD0000000757,model,0.0,0.0,0.0,7,0,0.0,0.0,0.0,0.0,0.0,0.0,0.0,0.0,0.0,0.0,-0.05,1.0
BIOMD0000000757,model,0.0,0.0,0.0,7,0,0.0,0.0,0.0,0.0,0.0,0.0,0.0,0.0,0.0,0.0,0.0,1.0
BIOMD0000000757,model,0.0,0.0,0.0,7,0,0.0,0.0,0.0,0.0,0.0,0.0,0.0,0.0,0.0,0.0,0.05,1.0
BIOMD0000000757,model,0.0,0.0,0.0,7,0,0.0,0.0,0.0,0.0,0.0,0.0,0.0,0.0,0.0,0.0,0.1,1.0
BIOMD0000000757,model,0.0,0.0,0.0,7,0,0.0,0.0,0.0,0.0,0.0,0.0,0.0,0.0,0.0,0.0,0.2,1.0
BIOMD0000000757,model,0.0,0.0,0.0,7,0,0.0,0.0,0.0,0.0,0.0,0.0,0.0,0.0,0.0,0.0,0.5,1.0
BIOMD0000000758,model,0.0066546917200554,0.0,0.0133093834401109,2,0,0.0006654691720055,0.001330938344011,0.0026618766880221,0.0033273458600277,0.0039928150320332,0.0066546917200554,0.0106475067520887,0.0119784450960998,0.0126439142681053,0.0131762896057098,-0.5,1.0
BIOMD0000000758,model,0.0068499230350269,0.0,0.0136998460700538,2,0,0.0006849923035026,0.0013699846070053,0.0027399692140107,0.0034249615175134,0.0041099538210161,0.0068499230350269,0.0109598768560431,0.0123298614630484,0.0130148537665511,0.0135628476093533,-0.2,1.0
BIOMD0000000758,model,0.0016783716987892,0.0,0.0033567433975784,2,0,0.0001678371698789,0.0003356743397578,0.0006713486795156,0.0008391858493946,0.0010070230192735,0.0016783716987892,0.0026853947180627,0.0030210690578206,0.0031889062276995,0.0033231759636026,-0.1,1.0
BIOMD0000000758,model,0.0056184569455421,0.0,0.0112369138910842,2,0,0.0005618456945542,0.0011236913891084,0.0022473827782168,0.002809228472771,0.0033710741673252,0.0056184569455421,0.0089895311128673,0.0101132225019758,0.01067506819653,0.0111245447521733,-0.05,1.0
BIOMD0000000758,model,0.0012889124416516,0.0,0.0025778248833033,2,0,0.0001288912441651,0.0002577824883303,0.0005155649766606,0.0006444562208258,0.0007733474649909,0.0012889124416516,0.0020622599066426,0.0023200423949729,0.0024489336391381,0.0025520466344702,0.0,1.0
BIOMD0000000758,model,0.0007198253231911,0.0,0.0014396506463822,2,0,7.198253231911478e-05,0.0001439650646382,0.0002879301292764,0.0003599126615955,0.0004318951939146,0.0007198253231911,0.0011517205171058,0.001295685581744,0.0013676681140631,0.0014252541399184,0.05,1.0
BIOMD0000000758,model,0.0,0.0,0.0,1,1,0.0,0.0,0.0,0.0,0.0,0.0,0.0,0.0,0.0,0.0,0.1,1.0
BIOMD0000000758,model,0.000777459998932,0.0,0.0015549199978641,2,0,7.774599989320841e-05,0.0001554919997864,0.0003109839995728,0.000388729999466,0.0004664759993592,0.000777459998932,0.0012439359982913,0.0013994279980777,0.0014771739979709,0.0015393707978855,0.2,1.0
BIOMD0000000758,model,0.000929030802376,0.0,0.0018580616047521,2,0,9.290308023760964e-05,0.0001858061604752,0.0003716123209504,0.000464515401188,0.0005574184814256,0.000929030802376,0.0014864492838017,0.0016722554442769,0.0017651585245145,0.0018394809887046,0.5,1.0
BIOMD0000000759,model,0.0,0.0,0.0,6,0,0.0,0.0,0.0,0.0,0.0,0.0,0.0,0.0,0.0,0.0,-0.5,1.0
BIOMD0000000759,model,0.0,0.0,0.0,6,0,0.0,0.0,0.0,0.0,0.0,0.0,0.0,0.0,0.0,0.0,-0.2,1.0
BIOMD0000000759,model,0.0,0.0,0.0,6,0,0.0,0.0,0.0,0.0,0.0,0.0,0.0,0.0,0.0,0.0,-0.1,1.0
BIOMD0000000759,model,0.0,0.0,0.0,6,0,0.0,0.0,0.0,0.0,0.0,0.0,0.0,0.0,0.0,0.0,-0.05,1.0
BIOMD0000000759,model,0.0,0.0,0.0,6,0,0.0,0.0,0.0,0.0,0.0,0.0,0.0,0.0,0.0,0.0,0.0,1.0
BIOMD0000000759,model,0.0,0.0,0.0,6,0,0.0,0.0,0.0,0.0,0.0,0.0,0.0,0.0,0.0,0.0,0.05,1.0
BIOMD0000000759,model,0.0,0.0,0.0,6,0,0.0,0.0,0.0,0.0,0.0,0.0,0.0,0.0,0.0,0.0,0.1,1.0
BIOMD0000000759,model,0.0,0.0,0.0,6,0,0.0,0.0,0.0,0.0,0.0,0.0,0.0,0.0,0.0,0.0,0.2,1.0
BIOMD0000000759,model,0.0,0.0,0.0,6,0,0.0,0.0,0.0,0.0,0.0,0.0,0.0,0.0,0.0,0.0,0.5,1.0
BIOMD0000000761,model,0.1664772728436829,0.0,0.9988636370620976,6,0,0.0,0.0,0.0,0.0,0.0,0.0,0.0,0.4994318185310488,0.7491477277965732,0.9489204552089928,-0.5,1.0
BIOMD0000000761,model,0.1664780533299391,0.0,0.9988683199796348,6,0,0.0,0.0,0.0,0.0,0.0,0.0,0.0,0.4994341599898173,0.749151239984726,0.9489249039806532,-0.2,1.0
BIOMD0000000761,model,0.1664777778685643,0.0,0.998866667211386,6,0,0.0,0.0,0.0,0.0,0.0,0.0,0.0,0.499433333605693,0.7491500004085394,0.9489233338508168,-0.1,1.0
BIOMD0000000761,model,0.1664775519748898,0.0,0.9988653118493392,6,0,0.0,0.0,0.0,0.0,0.0,0.0,0.0,0.4994326559246695,0.7491489838870043,0.9489220462568724,-0.05,1.0
BIOMD0000000761,model,0.1664774223167774,0.0,0.9988645339006648,6,0,0.0,0.0,0.0,0.0,0.0,0.0,0.0,0.4994322669503324,0.7491484004254986,0.9489213072056316,0.0,1.0
BIOMD0000000761,model,0.1664772306057393,0.0,0.9988633836344362,6,0,0.0,0.0,0.0,0.0,0.0,0.0,0.0,0.4994316918172181,0.7491475377258271,0.9489202144527146,0.05,1.0
BIOMD0000000761,model,0.1664771298110738,0.0,0.998862778866443,6,0,0.0,0.0,0.0,0.0,0.0,0.0,0.0,0.4994313894332215,0.7491470841498322,0.948919639923121,0.1,1.0
BIOMD0000000761,model,0.16647681292483,0.0,0.9988608775489802,6,0,0.0,0.0,0.0,0.0,0.0,0.0,0.0,0.4994304387744901,0.7491456581617352,0.9489178336715314,0.2,1.0
BIOMD0000000761,model,0.1664753087987492,0.0,0.9988518527924954,6,0,0.0,0.0,0.0,0.0,0.0,0.0,0.0,0.4994259263962477,0.7491388895943716,0.9489092601528708,0.5,1.0
BIOMD0000000765,model,0.0,0.0,0.0,3,1,0.0,0.0,0.0,0.0,0.0,0.0,0.0,0.0,0.0,0.0,-0.5,1.0
BIOMD0000000765,model,0.1375602871180659,0.0,0.2181198858190014,3,1,0.0194560975535196,0.0389121951070392,0.0778243902140785,0.0972804877675982,0.1167365853211178,0.1945609755351964,0.2086963217054794,0.2134081037622404,0.2157639947906209,0.2176487076133253,-0.2,1.0
BIOMD0000000765,model,0.3787161110004877,0.0,0.6861594566013547,3,1,0.0449988876400108,0.0899977752800216,0.1799955505600433,0.2249944382000541,0.2699933258400649,0.4499888764001082,0.5916912245208561,0.6389253405611054,0.66254239858123,0.6814360449973298,-0.1,1.0
BIOMD0000000765,model,0.4761047463335261,0.0,0.8725525324526626,3,1,0.0555761706547915,0.1111523413095831,0.2223046826191663,0.2778808532739579,0.3334570239287494,0.5557617065479158,0.745836202090764,0.8091943672717132,0.8408734498621879,0.8662167159345677,-0.05,1.0
BIOMD0000000765,model,0.5183630996420514,0.0,0.905077341194198,3,1,0.0650011957731956,0.1300023915463912,0.2600047830927824,0.325005978865978,0.3900071746391736,0.6500119577319561,0.8030511878093013,0.8540642645017498,0.879570802847974,0.8999760335249533,0.0,1.0
BIOMD0000000765,model,0.4883825297300195,0.0,0.8133598073336813,3,1,0.0651787781856377,0.1303575563712754,0.2607151127425509,0.3258938909281886,0.3910726691138263,0.6517877818563772,0.7487309971427597,0.7810454022382205,0.7972026047859508,0.8101283668241352,0.05,1.0
BIOMD0000000765,model,0.4471205390585604,0.0,0.7055334128549455,3,1,0.0635828204320735,0.1271656408641471,0.2543312817282943,0.3179141021603678,0.3814969225924414,0.6358282043207357,0.6776513294412616,0.6915923711481036,0.6985628920015245,0.7041393086842613,0.1,1.0
BIOMD0000000765,model,0.36308711765459,0.0,0.58991295364616,3,1,0.0499348399317609,0.0998696798635219,0.1997393597270439,0.2496741996588049,0.2996090395905659,0.4993483993176099,0.5536871319147401,0.57180004278045,0.580856498213305,0.5881016625595891,0.2,1.0
BIOMD0000000765,model,0.1969262961987255,0.0,0.4666172729610842,3,1,0.0124161615635092,0.0248323231270184,0.0496646462540369,0.0620808078175461,0.0744969693810554,0.1241616156350923,0.3296350100306875,0.3981261414958858,0.4323717072284849,0.4597681598145643,0.5,1.0
BIOMD0000000766,model,0.0,0.0,0.0,5,0,0.0,0.0,0.0,0.0,0.0,0.0,0.0,0.0,0.0,0.0,-0.5,1.0
BIOMD0000000766,model,0.0,0.0,0.0,5,0,0.0,0.0,0.0,0.0,0.0,0.0,0.0,0.0,0.0,0.0,-0.2,1.0
BIOMD0000000766,model,0.0,0.0,0.0,5,0,0.0,0.0,0.0,0.0,0.0,0.0,0.0,0.0,0.0,0.0,-0.1,1.0
BIOMD0000000766,model,0.0,0.0,0.0,5,0,0.0,0.0,0.0,0.0,0.0,0.0,0.0,0.0,0.0,0.0,-0.05,1.0
BIOMD0000000766,model,0.0,0.0,0.0,5,0,0.0,0.0,0.0,0.0,0.0,0.0,0.0,0.0,0.0,0.0,0.0,1.0
BIOMD0000000766,model,0.0,0.0,0.0,5,0,0.0,0.0,0.0,0.0,0.0,0.0,0.0,0.0,0.0,0.0,0.05,1.0
BIOMD0000000766,model,0.0,0.0,0.0,5,0,0.0,0.0,0.0,0.0,0.0,0.0,0.0,0.0,0.0,0.0,0.1,1.0
BIOMD0000000766,model,0.0,0.0,0.0,5,0,0.0,0.0,0.0,0.0,0.0,0.0,0.0,0.0,0.0,0.0,0.2,1.0
BIOMD0000000766,model,0.0,0.0,0.0,5,0,0.0,0.0,0.0,0.0,0.0,0.0,0.0,0.0,0.0,0.0,0.5,1.0
BIOMD0000000768,model,0.4118978625937564,0.0,0.8241307498207132,4,1,0.0,0.0,0.0,0.0,0.0,0.4117303502771562,0.8237287202608727,0.823929735040793,0.8240302424307531,0.8241106483427212,-0.5,1.0
BIOMD0000000768,model,0.4661764810017111,0.0,0.8200823962456283,4,1,0.0337052317592345,0.067410463518469,0.134820927036938,0.1685261587961724,0.2022313905554069,0.5223117638806081,0.819986148118043,0.8200342721818357,0.820058334213732,0.820077583839249,-0.2,1.0
BIOMD0000000768,model,0.5016083564285099,0.0,0.8193159924535022,4,1,0.0551757904110067,0.1103515808220135,0.220703161644027,0.2758789520550337,0.3310547424660404,0.5935587166302686,0.8192936952936962,0.8193048438735991,0.8193104181635507,0.8193148775955119,-0.1,1.0
BIOMD0000000768,model,0.5017141361174178,0.0,0.8192269909976393,4,1,0.0552692836131907,0.1105385672263814,0.2210771344527628,0.2763464180659535,0.3316157016791441,0.5938147767360159,0.819191394029512,0.8192091925135756,0.8192180917556074,0.819225211149233,-0.05,1.0
BIOMD0000000768,model,0.5020748542848856,0.0,0.8191741515502692,4,1,0.0555042338816566,0.1110084677633132,0.2220169355266264,0.277521169408283,0.3330254032899396,0.5945626327946366,0.8191278844470452,0.8191510179986572,0.8191625847744631,0.819171838195108,0.0,1.0
BIOMD0000000768,model,0.502637654603252,0.0,0.8190187882306059,4,1,0.0559110034719579,0.1118220069439158,0.2236440138878316,0.2795550173597895,0.3354660208317474,0.5957659150912011,0.8188825995138521,0.818950693872229,0.8189847410514175,0.8190119787947683,0.05,1.0
BIOMD0000000768,model,0.5035718935223287,0.0,0.8188068460310926,4,1,0.0565433831656724,0.1130867663313449,0.2261735326626898,0.2827169158283623,0.3392602989940347,0.597740364029111,0.8186376425846804,0.8187222443078865,0.8187645451694895,0.818798385858772,0.1,1.0
BIOMD0000000768,model,0.5063545681844928,0.0,0.8184601621056742,4,1,0.0583037062678817,0.1166074125357634,0.2332148250715268,0.2915185313394085,0.3498222376072902,0.6034790553161483,0.8183441061501209,0.8184021341278975,0.8184311481167859,0.8184543593078966,0.2,1.0
BIOMD0000000768,model,0.5241333041004246,0.0,0.8182203418167888,4,1,0.0690451465550214,0.1380902931100429,0.276180586220086,0.3452257327751074,0.4142708793301288,0.6391564372924546,0.8180952752575752,0.818157808537182,0.8181890751769854,0.8182140884888282,0.5,1.0
BIOMD0000000769,model,0.0,0.0,0.0,5,0,0.0,0.0,0.0,0.0,0.0,0.0,0.0,0.0,0.0,0.0,-0.5,1.0
BIOMD0000000769,model,0.0,0.0,0.0,5,0,0.0,0.0,0.0,0.0,0.0,0.0,0.0,0.0,0.0,0.0,-0.2,1.0
BIOMD0000000769,model,0.0,0.0,0.0,5,0,0.0,0.0,0.0,0.0,0.0,0.0,0.0,0.0,0.0,0.0,-0.1,1.0
BIOMD0000000769,model,0.0,0.0,0.0,5,0,0.0,0.0,0.0,0.0,0.0,0.0,0.0,0.0,0.0,0.0,-0.05,1.0
BIOMD0000000769,model,0.0,0.0,0.0,5,0,0.0,0.0,0.0,0.0,0.0,0.0,0.0,0.0,0.0,0.0,0.0,1.0
BIOMD0000000769,model,0.0,0.0,0.0,5,0,0.0,0.0,0.0,0.0,0.0,0.0,0.0,0.0,0.0,0.0,0.05,1.0
BIOMD0000000769,model,0.0,0.0,0.0,5,0,0.0,0.0,0.0,0.0,0.0,0.0,0.0,0.0,0.0,0.0,0.1,1.0
BIOMD0000000769,model,0.0,0.0,0.0,5,0,0.0,0.0,0.0,0.0,0.0,0.0,0.0,0.0,0.0,0.0,0.2,1.0
BIOMD0000000769,model,0.0,0.0,0.0,5,0,0.0,0.0,0.0,0.0,0.0,0.0,0.0,0.0,0.0,0.0,0.5,1.0
BIOMD0000000770,model,0.0,0.0,0.0,4,0,0.0,0.0,0.0,0.0,0.0,0.0,0.0,0.0,0.0,0.0,-0.5,1.0
BIOMD0000000770,model,0.0,0.0,0.0,4,0,0.0,0.0,0.0,0.0,0.0,0.0,0.0,0.0,0.0,0.0,-0.2,1.0
BIOMD0000000770,model,0.0,0.0,0.0,4,0,0.0,0.0,0.0,0.0,0.0,0.0,0.0,0.0,0.0,0.0,-0.1,1.0
BIOMD0000000770,model,0.0,0.0,0.0,4,0,0.0,0.0,0.0,0.0,0.0,0.0,0.0,0.0,0.0,0.0,-0.05,1.0
BIOMD0000000770,model,0.0,0.0,0.0,4,0,0.0,0.0,0.0,0.0,0.0,0.0,0.0,0.0,0.0,0.0,0.0,1.0
BIOMD0000000770,model,0.0,0.0,0.0,4,0,0.0,0.0,0.0,0.0,0.0,0.0,0.0,0.0,0.0,0.0,0.05,1.0
BIOMD0000000770,model,0.0,0.0,0.0,4,0,0.0,0.0,0.0,0.0,0.0,0.0,0.0,0.0,0.0,0.0,0.1,1.0
BIOMD0000000770,model,0.0,0.0,0.0,4,0,0.0,0.0,0.0,0.0,0.0,0.0,0.0,0.0,0.0,0.0,0.2,1.0
BIOMD0000000770,model,0.0,0.0,0.0,4,0,0.0,0.0,0.0,0.0,0.0,0.0,0.0,0.0,0.0,0.0,0.5,1.0
BIOMD0000000771,model,0.2997508471678248,0.0,0.7726894237337776,3,0,0.0126563117769696,0.0253126235539393,0.0506252471078787,0.0632815588848484,0.0759378706618181,0.1265631177696969,0.5142389013481454,0.6434641625409615,0.7080767931373695,0.759766897614496,-0.5,1.0
BIOMD0000000771,model,0.5683796339026447,0.4077652696906991,0.8260206457925536,3,0,0.4141240413440973,0.4204828129974955,0.4332003563042919,0.4395591279576901,0.4459178996110883,0.4713529862246811,0.6841535819654047,0.7550871138789792,0.7905538798357663,0.8189272926011961,-0.2,1.0
BIOMD0000000771,model,0.6854469606005719,0.526437018372065,0.8592942135552235,3,0,0.5408542815223012,0.5552715446725375,0.5841060709730099,0.5985233341232461,0.6129405972734824,0.6706096498744273,0.783820388082905,0.8215573008190643,0.8404257571871439,0.8555205222816076,-0.1,1.0
BIOMD0000000771,model,0.7332997598935992,0.554639442034584,0.8786918484707773,3,0,0.5758322967486693,0.5970251514627545,0.639410860890925,0.6606037156050102,0.6817965703190954,0.7665679891754363,0.8338423047526409,0.8562670766117091,0.8674794625412432,0.8764493712848704,-0.05,1.0
BIOMD0000000771,model,0.7710256870455502,0.5854395504407831,0.8987504745660834,3,0,0.6097842990096832,0.6341290475785832,0.6828185447163835,0.7071632932852836,0.7315080418541836,0.828887036129784,0.8708050991915636,0.8847777868788235,0.8917641307224534,0.8973532057973573,0.0,1.0
BIOMD0000000771,model,0.75623336064523,0.6093680582666786,0.925214344988291,3,0,0.6218430203080828,0.6343179823494869,0.6592679064322952,0.6717428684736994,0.6842178305151035,0.7341176786807201,0.8487756784652627,0.8869950117267769,0.906104678357534,0.9213924116621396,0.05,1.0
BIOMD0000000771,model,0.7276053220129343,0.5925321199735031,0.9545582774821822,3,0,0.5968514648344645,0.6011708096954259,0.6098094994173489,0.6141288442783103,0.6184481891392717,0.6357255685831175,0.8270251939225564,0.8907917357023694,0.9226750065922756,0.948181623304201,0.1,1.0
BIOMD0000000771,model,0.6537072356437462,0.320293315786781,0.9530259912191724,3,0,0.3570442242006314,0.3937951326144818,0.4672969494421827,0.5040478578560332,0.5407987662698837,0.6878023999252854,0.8469365547016177,0.899981272960395,0.9265036320897836,0.9477215193932946,0.2,1.0
BIOMD0000000771,model,0.4726141176575675,0.0,0.7168566202802086,3,0,0.0700985732692494,0.1401971465384988,0.2803942930769976,0.350492866346247,0.4205914396154964,0.7009857326924941,0.7105082652451228,0.7136824427626657,0.7152695315214371,0.7165392025284543,0.5,1.0
BIOMD0000000772,model,0.0,0.0,0.0,3,1,0.0,0.0,0.0,0.0,0.0,0.0,0.0,0.0,0.0,0.0,-0.5,1.0
BIOMD0000000772,model,0.2024465271039015,0.0,0.6073395813117047,3,1,0.0,0.0,0.0,0.0,0.0,0.0,0.3644037487870228,0.4858716650493638,0.5466056231805342,0.5951927896854706,-0.2,1.0
BIOMD0000000772,model,0.25247465268953,0.0,0.7574239580685901,3,1,0.0,0.0,0.0,0.0,0.0,0.0,0.4544543748411541,0.6059391664548721,0.681681562261731,0.7422754789072182,-0.1,1.0
BIOMD0000000772,model,0.2733449418566012,0.0,0.8200348255698037,3,1,0.0,0.0,0.0,0.0,0.0,0.0,0.4920208953418822,0.6560278604558429,0.7380313430128232,0.8036341290584076,-0.05,1.0
BIOMD0000000772,model,0.2918779007897717,0.0,0.8756337023693154,3,1,0.0,0.0,0.0,0.0,0.0,0.0,0.5253802214215892,0.7005069618954524,0.7880703321323838,0.858121028321929,0.0,1.0
BIOMD0000000772,model,0.2987762356897588,0.0,0.8963287070692766,3,1,0.0,0.0,0.0,0.0,0.0,0.0,0.5377972242415661,0.7170629656554213,0.8066958363623489,0.878402132927891,0.05,1.0
BIOMD0000000772,model,0.2970294962553501,0.0,0.8910884887660504,3,1,0.0,0.0,0.0,0.0,0.0,0.0,0.5346530932596303,0.7128707910128403,0.8019796398894453,0.8732667189907294,0.1,1.0
BIOMD0000000772,model,0.2911093129763391,0.0,0.8733279389290174,3,1,0.0,0.0,0.0,0.0,0.0,0.0,0.5239967633574105,0.698662351143214,0.7859951450361156,0.855861380150437,0.2,1.0
BIOMD0000000772,model,0.2472936189756304,0.0,0.7418808569268914,3,1,0.0,0.0,0.0,0.0,0.0,0.0,0.4451285141561349,0.5935046855415131,0.6676927712342022,0.7270432397883536,0.5,1.0
BIOMD0000000775,model,0.6214761064175077,0.4610016392258803,0.9080931695552787,3,1,0.4644348263504286,0.467868013474977,0.4747343877240738,0.4781675748486222,0.4816007619731706,0.4953335104713641,0.742989305921713,0.8255412377384959,0.8668172036468873,0.8998379763736004,-0.5,1.0
BIOMD0000000775,model,0.803437536918581,0.737621396090922,0.9070404876275744,3,1,0.7404243291855546,0.743227262280187,0.7488331284694519,0.7516360615640845,0.7544389946587169,0.7656507270372468,0.8504845833914434,0.8787625355095089,0.8929015115685416,0.9042126924157678,-0.2,1.0
BIOMD0000000775,model,0.864122668049761,0.8298279817139896,0.9067631247773246,3,1,0.8324228733083876,0.8350177649027855,0.8402075480915813,0.8428024396859792,0.8453973312803772,0.8557768976579688,0.8863686339295823,0.8965658793534534,0.901664502065389,0.9057434002349376,-0.1,1.0
BIOMD0000000775,model,0.8944699861202564,0.8759312745255214,0.9066350675281049,3,1,0.8784225087036835,0.8809137428818458,0.88589621123817,0.8883874454163321,0.8908786795944943,0.9008436163071428,0.90431848703972,0.9054767772839124,0.9060559224060084,0.9065192385036857,-0.05,1.0
BIOMD0000000775,model,0.9265904017066556,0.9134934523492736,0.945912709055546,4,0,0.9147746195974306,0.9160557868455876,0.9186181213419016,0.9198992885900588,0.9211804558382156,0.9234777227109016,0.933317610473108,0.9396151597643272,0.9427639344099368,0.9452829541264244,0.0,1.0
BIOMD0000000775,model,0.948949433208844,0.9027482634113684,0.9772257819902236,4,0,0.9103952610107442,0.91804225861012,0.9333362538088716,0.9409832514082472,0.948630249007623,0.957911843716892,0.9681475768120356,0.9726866794011296,0.9749562306956766,0.9767718717313142,0.05,1.0
BIOMD0000000775,model,0.9061296129154452,0.8825860121520859,0.9406413544820534,4,0,0.8848061291293736,0.8870262461066614,0.8914664800612369,0.8936865970385246,0.8959067140158123,0.900645542513821,0.918599117609004,0.9296202360455288,0.9351307952637912,0.9395392426384008,0.1,1.0
BIOMD0000000775,model,0.8073775083130437,0.6710447337986436,0.8952456668158018,4,0,0.6910264813688567,0.7110082289390698,0.750971724079496,0.7709534716497091,0.7909352192199222,0.8316098163188648,0.8734762157489199,0.8843609412823608,0.8898033040490813,0.8941571942624577,0.2,1.0
BIOMD0000000775,model,0.5017384110611464,0.0,0.903639228230844,4,0,0.0757968986919237,0.1515937973838474,0.3031875947676949,0.3789844934596186,0.4547813921515422,0.5516572080068709,0.7202567461328879,0.8119479871818659,0.8577936077063547,0.894470104125946,0.5,1.0
BIOMD0000000776,model,0.0,0.0,0.0,2,0,0.0,0.0,0.0,0.0,0.0,0.0,0.0,0.0,0.0,0.0,-0.5,1.0
BIOMD0000000776,model,0.0,0.0,0.0,2,0,0.0,0.0,0.0,0.0,0.0,0.0,0.0,0.0,0.0,0.0,-0.2,1.0
BIOMD0000000776,model,0.0,0.0,0.0,2,0,0.0,0.0,0.0,0.0,0.0,0.0,0.0,0.0,0.0,0.0,-0.1,1.0
BIOMD0000000776,model,0.0,0.0,0.0,2,0,0.0,0.0,0.0,0.0,0.0,0.0,0.0,0.0,0.0,0.0,-0.05,1.0
BIOMD0000000776,model,0.0,0.0,0.0,2,0,0.0,0.0,0.0,0.0,0.0,0.0,0.0,0.0,0.0,0.0,0.0,1.0
BIOMD0000000776,model,0.0,0.0,0.0,2,0,0.0,0.0,0.0,0.0,0.0,0.0,0.0,0.0,0.0,0.0,0.05,1.0
BIOMD0000000776,model,0.0,0.0,0.0,2,0,0.0,0.0,0.0,0.0,0.0,0.0,0.0,0.0,0.0,0.0,0.1,1.0
BIOMD0000000776,model,0.0,0.0,0.0,2,0,0.0,0.0,0.0,0.0,0.0,0.0,0.0,0.0,0.0,0.0,0.2,1.0
BIOMD0000000776,model,0.0,0.0,0.0,2,0,0.0,0.0,0.0,0.0,0.0,0.0,0.0,0.0,0.0,0.0,0.5,1.0
BIOMD0000000777,model,0.5178168417738704,0.0,0.7907821273697186,3,0,0.0762668397951892,0.1525336795903785,0.305067359180757,0.3813341989759463,0.4576010387711355,0.7626683979518926,0.7795366356025882,0.7851593814861534,0.7879707544279361,0.7902198527813621,-0.5,1.0
BIOMD0000000777,model,0.7459667131475523,0.3266844696307623,0.9577233040503648,3,0,0.389365259243839,0.4520460488569157,0.5774076280830691,0.6400884176961459,0.7027692073092227,0.9534923657615294,0.9560309287348306,0.9568771163925978,0.9573002102214814,0.9576386852845882,-0.2,1.0
BIOMD0000000777,model,0.7896988167582344,0.4067037624490602,0.9816365901519878,3,0,0.4641089959715196,0.5215142294939792,0.6363246965388981,0.6937299300613576,0.751135163583817,0.980756097673655,0.9812843931606546,0.9814604916563212,0.9815485409041546,0.9816189803024212,-0.1,1.0
BIOMD0000000777,model,0.806463052812899,0.4404342034019409,0.9907530402963936,3,0,0.495210974535783,0.5499877456696252,0.6595412879373095,0.7143180590711518,0.7690948302049939,0.9882019147403626,0.9897325900739812,0.9902428151851874,0.9904979277407906,0.990702017785273,-0.05,1.0
BIOMD0000000777,model,0.8195850137267776,0.4708089632745679,0.9981245686743138,3,0,0.5227102178702563,0.5746114724659446,0.6784139816573211,0.7303152362530095,0.7822164908486978,0.9898215092314512,0.9948033448971688,0.9964639567857412,0.9972942627300276,0.9979585074854566,0.0,1.0
BIOMD0000000777,model,0.8280242624019326,0.4983053949954399,0.9943308310715904,3,0,0.5476185116097727,0.5969316282241055,0.6955578614527711,0.7448709780671038,0.7941840946814366,0.9914365611387675,0.9931731230984612,0.9937519770850258,0.994041404078308,0.994272945672934,0.05,1.0
BIOMD0000000777,model,0.8344782994471235,0.5233169878622245,0.9908489527575102,3,0,0.5699121848481656,0.6165073818341068,0.709697775805989,0.7562929727919302,0.8028881697778714,0.989268957721636,0.9902169547431604,0.9905329537503352,0.9906909532539228,0.9908173528567928,0.1,1.0
BIOMD0000000777,model,0.844455231756497,0.5671140047806452,0.9836575256977612,3,0,0.6086620207816891,0.650210036782733,0.7333060687848209,0.7748540847858647,0.8164021007869087,0.9825941647910844,0.9832321813350904,0.983444853516426,0.9835511896070936,0.9836362584796275,0.2,1.0
BIOMD0000000777,model,0.8717071554009334,0.6635770684426577,0.9820293342046704,3,0,0.6941708679539392,0.7247646674652206,0.7859522664877836,0.816546065999065,0.8471398655103464,0.9695150635554722,0.977023625944991,0.9795264800748308,0.9807779071397504,0.9817790487916864,0.5,1.0
BIOMD0000000778,model,0.0,0.0,0.0,3,0,0.0,0.0,0.0,0.0,0.0,0.0,0.0,0.0,0.0,0.0,-0.5,1.0
BIOMD0000000778,model,0.0,0.0,0.0,3,0,0.0,0.0,0.0,0.0,0.0,0.0,0.0,0.0,0.0,0.0,-0.2,1.0
BIOMD0000000778,model,0.0,0.0,0.0,3,0,0.0,0.0,0.0,0.0,0.0,0.0,0.0,0.0,0.0,0.0,-0.1,1.0
BIOMD0000000778,model,0.0,0.0,0.0,3,0,0.0,0.0,0.0,0.0,0.0,0.0,0.0,0.0,0.0,0.0,-0.05,1.0
BIOMD0000000778,model,0.0,0.0,0.0,3,0,0.0,0.0,0.0,0.0,0.0,0.0,0.0,0.0,0.0,0.0,0.0,1.0
BIOMD0000000778,model,0.0,0.0,0.0,3,0,0.0,0.0,0.0,0.0,0.0,0.0,0.0,0.0,0.0,0.0,0.05,1.0
BIOMD0000000778,model,0.0,0.0,0.0,3,0,0.0,0.0,0.0,0.0,0.0,0.0,0.0,0.0,0.0,0.0,0.1,1.0
BIOMD0000000778,model,0.0,0.0,0.0,3,0,0.0,0.0,0.0,0.0,0.0,0.0,0.0,0.0,0.0,0.0,0.2,1.0
BIOMD0000000778,model,0.0,0.0,0.0,3,0,0.0,0.0,0.0,0.0,0.0,0.0,0.0,0.0,0.0,0.0,0.5,1.0
BIOMD0000000780,model,0.3195151212345226,0.0,0.9655080524472114,4,0,0.0029572904407687,0.0059145808815375,0.0118291617630751,0.0147864522038439,0.0177437426446127,0.1562762162454396,0.5619055187103372,0.7637067855787742,0.8646074190129925,0.9453279257603676,-0.5,1.0
BIOMD0000000780,model,0.3210426164437626,0.0,0.9655707109395578,4,0,0.0029765108919686,0.0059530217839373,0.0119060435678746,0.0148825544598432,0.0178590653518119,0.1592998774177463,0.5654820937092444,0.7655264023244012,0.8655485566319792,0.945566280078042,-0.2,1.0
BIOMD0000000780,model,0.321370017521208,0.0,0.9655828267582842,4,0,0.0029831605656131,0.0059663211312262,0.0119326422624524,0.0149158028280655,0.0178989633936786,0.1599486216632739,0.5662388344367901,0.7659108305975372,0.8657468286779104,0.9456156271422094,-0.1,1.0
BIOMD0000000780,model,0.3215086911834677,0.0,0.9655837692336956,4,0,0.0029865111131032,0.0059730222262065,0.0119460444524131,0.0149325555655164,0.0179190666786197,0.1602254977500877,0.5665580605411705,0.766070914887433,0.865827342060564,0.9456324837990692,-0.05,1.0
BIOMD0000000780,model,0.3216342816616171,0.0,0.9655876823559104,4,0,0.0029898753661615,0.005979750732323,0.011959501464646,0.0149493768308075,0.017939252196969,0.160474722145279,0.5668452380520532,0.7662164602039818,0.8659020712799459,0.9456505601407174,0.0,1.0
BIOMD0000000780,model,0.3217465012899296,0.0,0.965589086177863,4,0,0.0029932516610747,0.0059865033221495,0.011973006644299,0.0149662583053738,0.0179595099664486,0.1606984594909276,0.5671007792159595,0.7663449326969113,0.8659670094373868,0.9456646708297676,0.05,1.0
BIOMD0000000780,model,0.3218472772694108,0.0,0.9655907488913442,4,0,0.0029966387713365,0.005993277542673,0.0119865550853461,0.0149831938566826,0.0179798326280191,0.1608991800931496,0.5673287605829713,0.7664597547371578,0.8660252518142507,0.9456776494759254,0.1,1.0
BIOMD0000000780,model,0.3220132567624898,0.0,0.9655773951465751,4,0,0.0030034396336894,0.0060068792673788,0.0120137585347576,0.015017198168447,0.0180206378021365,0.161237815951692,0.5677025786659031,0.766639986906239,0.8661086910264069,0.9456836543225412,0.2,1.0
BIOMD0000000780,model,0.3226659600379074,0.0,0.965540989600256,4,0,0.0030239968348708,0.0060479936697416,0.0120959873394833,0.0151199841743541,0.018143981009225,0.1625614252756867,0.5691941188314433,0.7673675542158497,0.8664542719080526,0.9457236460618152,0.5,1.0
BIOMD0000000781,model,0.5615867347374953,0.0042370710117732,0.8544125134184833,3,0,0.0864244258888189,0.1686117807658645,0.3329864905199557,0.4151738453970013,0.4973612002740469,0.8261106197822294,0.8430917559639818,0.8487521346912326,0.8515823240548579,0.8538464755457582,-0.5,1.0
BIOMD0000000781,model,0.8512247054812986,0.7565666067720364,0.9187149440422138,3,0,0.7687492026577973,0.7809317985435582,0.8052969903150801,0.817479586200841,0.829662182086602,0.8783925656296457,0.9025859926771864,0.9106504683597002,0.9146827062009568,0.9179084964739624,-0.2,1.0
BIOMD0000000781,model,0.8847886761023105,0.8278302369006787,0.9481430736480684,3,0,0.8328864849864293,0.8379427330721798,0.848055229243681,0.8531114773294316,0.8581677254151822,0.8783927177581845,0.9202429312921148,0.9341930024700916,0.94116803805908,0.9467480665302708,-0.1,1.0
BIOMD0000000781,model,0.8641024600157262,0.7508459840693734,0.9630684374574708,3,0,0.7636006815144695,0.7763553789595656,0.8018647738497579,0.8146194712948539,0.82737416873995,0.8783929585203344,0.9291982458826162,0.9461333416700436,0.9546008895637572,0.961374927878728,-0.05,1.0
BIOMD0000000781,model,0.8430277794429403,0.6790236151752514,0.9716666294696502,3,0,0.6989605630261182,0.718897510876985,0.7587714065787186,0.7787083544295853,0.798645302280452,0.8783930936839192,0.934357215155358,0.953011922312504,0.9623392758910772,0.9698011587539356,0.0,1.0
BIOMD0000000781,model,0.8206079502931032,0.6117639595081681,0.9716667644415868,3,0,0.6384268762503068,0.6650897929924454,0.7184156264767227,0.7450785432188615,0.7717414599610002,0.8783931269295548,0.934357309436774,0.9530120369391804,0.9623394006903836,0.969801291691346,0.05,1.0
BIOMD0000000781,model,0.7995361657455923,0.5485487180197407,0.971666619652102,3,0,0.5815331621742601,0.6145176063287794,0.6804864946378182,0.7134709387923375,0.7464553829468568,0.8783931595649342,0.9343572356172348,0.9530119276346686,0.9623392736433852,0.9698011504503588,0.1,1.0
BIOMD0000000781,model,0.7598115667415467,0.4325786349559849,0.9684628417287064,3,0,0.4771600938143813,0.5217415526727777,0.6109044703895705,0.6554859292479669,0.7000673881063633,0.8783932235399488,0.9324349944532032,0.9504489180909548,0.9594558799098308,0.9666614493649311,0.2,1.0
BIOMD0000000781,model,0.6420650239248383,0.158265955953453,0.8895364506631821,3,0,0.2302786268738957,0.3022912977943384,0.4463166396352238,0.5183293105556666,0.5903419814761093,0.8783926651578801,0.8850789364610613,0.8873076935621217,0.8884220721126519,0.8893135749530761,0.5,1.0
BIOMD0000000782,model,0.9511460119910464,0.940117270908004,0.9621747530740886,2,0,0.9412201450163082,0.9423230191246124,0.9445287673412208,0.9456316414495252,0.9467345155578294,0.9511460119910464,0.9577632566408716,0.9599690048574802,0.9610718789657844,0.9619541782524278,-0.5,1.0
BIOMD0000000782,model,0.965525930200808,0.9567044188858984,0.9743474415157176,2,0,0.9575865700173892,0.9584687211488804,0.9602330234118622,0.9611151745433532,0.961997325674844,0.965525930200808,0.9708188369897538,0.9725831392527358,0.9734652903842268,0.9741710112894196,-0.2,1.0
BIOMD0000000782,model,0.9708892597692936,0.9639335628052744,0.9778449567333132,2,0,0.9646291325016764,0.9653247021980784,0.9667158415908822,0.967411411287284,0.968106980983686,0.9708892597692936,0.9750626779477054,0.9764538173405092,0.9771493870369112,0.9777058427940328,-0.1,1.0
BIOMD0000000782,model,0.9737712798307512,0.9675002395136614,0.9800423201478408,2,0,0.9681273435453704,0.9687544475770792,0.9700086556404972,0.9706357596722062,0.9712628637039152,0.9737712798307512,0.9775339040210048,0.9787881120844228,0.9794152161161318,0.979916899341499,-0.05,1.0
BIOMD0000000782,model,0.9767939385850476,0.971551196022652,0.9820366811474428,2,0,0.9720754702788916,0.9725997445351312,0.9736482930476102,0.9741725673038496,0.9746968415600892,0.9767939385850476,0.9799395841224848,0.980988132634964,0.9815124068912032,0.981931826296195,0.0,1.0
BIOMD0000000782,model,0.9791789143824166,0.9738613680738004,0.9844964606910326,2,0,0.974393122704662,0.9749248773355236,0.9759883865972468,0.9765201412281084,0.97705189585897,0.9791789143824166,0.982369442167586,0.9834329514293094,0.983964706060171,0.9843901097648604,0.05,1.0
BIOMD0000000782,model,0.978830688911724,0.9732807813272228,0.984380596496225,2,0,0.973835772085673,0.9743907628441232,0.9755007443610232,0.9760557351194734,0.9766107258779236,0.978830688911724,0.9821606334624244,0.9832706149793248,0.9838256057377748,0.984269598344535,0.1,1.0
BIOMD0000000782,model,0.9780355735724118,0.972112838828955,0.9839583083158684,2,0,0.9727051123033008,0.9732973857776464,0.9744819327263378,0.9750742062006834,0.9756664796750292,0.9780355735724118,0.9815892144184858,0.9827737613671772,0.9833660348415229,0.9838398536209992,0.2,1.0
BIOMD0000000782,model,0.9768785371432266,0.9703808735116262,0.983376200774827,2,0,0.9710306398747862,0.9716804062379464,0.9729799389642664,0.9736297053274264,0.9742794716905864,0.9768785371432266,0.9807771353221868,0.9820766680485068,0.982726434411667,0.983246247502195,0.5,1.0
BIOMD0000000783,model,0.6897335451145002,0.3358906957597717,0.9866995411469588,3,0,0.3769626660274716,0.4180346362951714,0.5001785768305711,0.5412505470982709,0.5823225173659708,0.7466103984367702,0.8906638840628834,0.9386817126049212,0.96269062687594,0.9818977582927552,-0.5,1.0
BIOMD0000000783,model,0.7680400624389421,0.5094317757154777,0.990354872981394,3,0,0.5389219520059254,0.568412128296373,0.6273924808772684,0.656882657167716,0.6863728334581637,0.8043335386199544,0.9159463392368182,0.9531506061091062,0.97175273954525,0.9866344462941652,-0.2,1.0
BIOMD0000000783,model,0.7884324560374328,0.5584918565832174,0.9906022900894788,3,0,0.5842629930688559,0.6100341295544944,0.6615764025257713,0.6873475390114099,0.7131186754970483,0.8162032214396022,0.9208426626295282,0.9557224763595036,0.9731623832244912,0.9871143087164812,-0.1,1.0
BIOMD0000000783,model,0.799830121551195,0.5851309855806096,0.9910557943743268,3,0,0.6089482454924136,0.6327655054042175,0.6804000252278254,0.7042172851396293,0.7280345450514333,0.8233035846986491,0.9239549105040556,0.9575053524391912,0.9742805734067588,0.9877007501808132,-0.05,1.0
BIOMD0000000783,model,0.8111797286226604,0.6071011773428555,0.9915146600222904,3,0,0.6298833944588534,0.6526656115748514,0.6982300458068473,0.7210122629228453,0.7437944800388432,0.8349233485028349,0.928878135414508,0.9601963977183992,0.9758555288703448,0.9883828337919012,0.0,1.0
BIOMD0000000783,model,0.8154061870679891,0.6156003406558165,0.992073006565644,3,0,0.6378948279884855,0.6601893153211545,0.7047782899864927,0.7270727773191616,0.7493672646518308,0.8385452139825069,0.9306618895323892,0.9613674480490164,0.9767202273073302,0.9890024507139812,0.05,1.0
BIOMD0000000783,model,0.8155034958675733,0.6156413854825795,0.992110292841804,3,0,0.6379531278621552,0.6602648702417309,0.7048883550008823,0.727200097380458,0.7495118397600337,0.8387588092783365,0.9307696994164172,0.9614399961291106,0.9767751444854572,0.9890432631705348,0.1,1.0
BIOMD0000000783,model,0.8245729965828379,0.6291929479537636,0.9927275160217064,3,0,0.6514535057356916,0.6737140635176196,0.7182351790814756,0.7404957368634036,0.7627562946453317,0.8517985257730437,0.9363559199222412,0.9645417179719736,0.97863461699684,0.989908936216733,0.2,1.0
BIOMD0000000783,model,0.8525892761646229,0.688853448351819,0.9939426014435424,3,0,0.7074652813864879,0.7260771144211567,0.7633007804904943,0.7819126135251632,0.800524446559832,0.8749717786985073,0.9463542723455284,0.9701484368945352,0.9820455191690388,0.9915631849886416,0.5,1.0
BIOMD0000000784,model,0.0,0.0,0.0,3,0,0.0,0.0,0.0,0.0,0.0,0.0,0.0,0.0,0.0,0.0,-0.5,1.0
BIOMD0000000784,model,0.0535493343484993,0.0,0.160648003045498,3,0,0.0,0.0,0.0,0.0,0.0,0.0,0.0963888018272988,0.1285184024363984,0.1445832027409481,0.157435042984588,-0.2,1.0
BIOMD0000000784,model,0.2174025252975931,0.0,0.5664825521152501,3,0,0.0085725023777529,0.0171450047555058,0.0342900095110117,0.0428625118887646,0.0514350142665176,0.0857250237775293,0.3741795407801618,0.4703310464477059,0.518406799281478,0.5568674015484957,-0.1,1.0
BIOMD0000000784,model,0.6228194670878388,0.5149478537001426,0.7880130378703678,3,0,0.5200028192994289,0.5250577848987152,0.535167716097288,0.5402226816965743,0.5452776472958606,0.5654975096930059,0.699006826599423,0.7435099322348955,0.7657614850526316,0.7835627273068205,-0.05,1.0
BIOMD0000000784,model,0.6372630021380239,0.1431336524248624,0.9278017875809298,3,0,0.2129056438232041,0.2826776352215459,0.4222216180182292,0.491993609416571,0.5617656008149127,0.8408535664082795,0.8930224991118697,0.9104121433463996,0.9191069654636648,0.9260628231574768,0.0,1.0
BIOMD0000000784,model,0.4440519669099441,0.0,0.7310437311030898,3,0,0.0601112169626742,0.1202224339253484,0.2404448678506969,0.3005560848133712,0.3606673017760454,0.6011121696267424,0.6790711065125509,0.7050574188078204,0.7180505749554551,0.7284450998735629,0.05,1.0
BIOMD0000000784,model,0.2513231987178787,0.0,0.5222546618944166,3,0,0.0231714934259219,0.0463429868518439,0.0926859737036878,0.1158574671296097,0.1390289605555316,0.2317149342592195,0.4060387708403378,0.4641467163673772,0.4932006891308969,0.5164438673417127,0.1,1.0
BIOMD0000000784,model,0.0027878483598665,0.0,0.0083635450795995,3,0,0.0,0.0,0.0,0.0,0.0,0.0,0.0050181270477597,0.0066908360636796,0.0075271905716395,0.0081962741780075,0.2,1.0
BIOMD0000000784,model,0.0,0.0,0.0,3,0,0.0,0.0,0.0,0.0,0.0,0.0,0.0,0.0,0.0,0.0,0.5,1.0
BIOMD0000000791,model,0.392515947435928,0.0,0.8392910077621585,4,1,0.0,0.0,0.0,0.0,0.0,0.3653863909907768,0.7741800722937957,0.8067355400279771,0.8230132738950677,0.8360354609887403,-0.5,1.0
BIOMD0000000791,model,0.4621861042696468,0.0,0.9401737133544572,4,1,0.0,0.0,0.0,0.0,0.0,0.4542853518620651,0.921211907576261,0.930692810465359,0.935433261909908,0.9392256230655472,-0.2,1.0
BIOMD0000000791,model,0.4602323483967131,0.0,0.9335642050051544,4,1,0.0,0.0,0.0,0.0,0.0,0.453682594290849,0.9178447951510806,0.9257045000781176,0.929634352541636,0.9327782345124508,-0.1,1.0
BIOMD0000000791,model,0.4578341507201945,0.0,0.9277494139089216,4,1,0.0,0.0,0.0,0.0,0.0,0.4517935944859284,0.9132520789466828,0.920500746427802,0.9241250801683618,0.9270245471608096,-0.05,1.0
BIOMD0000000791,model,0.4547076177308177,0.0,0.9206597007434302,4,1,0.0,0.0,0.0,0.0,0.0,0.4490853850899204,0.9071663424052766,0.9139130215743534,0.9172863611588916,0.9199850328265224,0.0,1.0
BIOMD0000000791,model,0.4510171256656981,0.0,0.9125823503895502,4,1,0.0,0.0,0.0,0.0,0.0,0.4457430761366212,0.8999246315197654,0.9062534909546578,0.909417920672104,0.911949464446061,0.05,1.0
BIOMD0000000791,model,0.4468203958030937,0.0,0.9036439810588524,4,1,0.0,0.0,0.0,0.0,0.0,0.4418188010767613,0.8916401537156545,0.8976420673872535,0.900643024223053,0.9030437896916924,0.1,1.0
BIOMD0000000791,model,0.4373367954401234,0.0,0.8839378487584194,4,1,0.0,0.0,0.0,0.0,0.0,0.4327046665010371,0.8728207393046123,0.8783792940315158,0.8811585713949677,0.8833819932857291,0.2,1.0
BIOMD0000000791,model,0.4045785982048783,0.0,0.8181437602416791,4,1,0.0,0.0,0.0,0.0,0.0,0.400085316288917,0.8073598836433721,0.8127518219425256,0.8154477910921023,0.8176045664117637,0.5,1.0
BIOMD0000000792,model,0.2390506964949058,0.0,0.9668591008631304,6,0,0.0,0.0,0.0,0.0,0.0,0.0,0.4674450781063046,0.7171520894847175,0.8420055951739239,0.9418883997252891,-0.5,1.0
BIOMD0000000792,model,0.2461436104971772,0.0,0.9680710831380736,6,0,0.0,0.0,0.0,0.0,0.0,0.0,0.50879057984499,0.7384308314915318,0.8532509573148026,0.9451070579734194,-0.2,1.0
BIOMD0000000792,model,0.2482733179317797,0.0,0.968455291742857,6,0,0.0,0.0,0.0,0.0,0.0,0.0,0.5211846158478215,0.7448199537953393,0.8566376227690982,0.9460917579481054,-0.1,1.0
BIOMD0000000792,model,0.2492993346178233,0.0,0.9686442977087149,6,0,0.0,0.0,0.0,0.0,0.0,0.0,0.5271517099982252,0.7478980038534699,0.8582711507810924,0.9465696683231904,-0.05,1.0
BIOMD0000000792,model,0.2503001500571954,0.0,0.9688303882689746,6,0,0.0,0.0,0.0,0.0,0.0,0.0,0.532970512074198,0.7509004501715864,0.8598654192202805,0.9470373944592358,0.0,1.0
BIOMD0000000792,model,0.2512777982906182,0.0,0.969015402251943,6,0,0.0,0.0,0.0,0.0,0.0,0.0,0.5386513874917663,0.7538333948718547,0.8614243985618989,0.9474972015139342,0.05,1.0
BIOMD0000000792,model,0.2522312662197029,0.0,0.9691964170989068,6,0,0.0,0.0,0.0,0.0,0.0,0.0,0.5441911802193109,0.7566937986591088,0.8629451078790078,0.947946155254927,0.1,1.0
BIOMD0000000792,model,0.2540756190409798,0.0,0.9695573908896054,6,0,0.0,0.0,0.0,0.0,0.0,0.0,0.5548963233562733,0.7622268571229394,0.8658921240062724,0.9488243375129388,0.2,1.0
BIOMD0000000792,model,0.2591266420115918,0.0,0.9705816348719536,6,0,0.0,0.0,0.0,0.0,0.0,0.0,0.5841782171975977,0.7773799260347756,0.8739807804533646,0.9512614639882356,0.5,1.0
BIOMD0000000793,model,0.4611001380826361,0.0,0.9222002761652724,2,0,0.0461100138082636,0.0922200276165272,0.1844400552330544,0.230550069041318,0.2766600828495817,0.4611001380826361,0.7377602209322179,0.8299802485487451,0.8760902623570087,0.9129782734036196,-0.5,1.0
BIOMD0000000793,model,0.4979280187009369,0.0,0.9958560374018738,2,0,0.0497928018700936,0.0995856037401873,0.1991712074803747,0.2489640093504684,0.2987568112205621,0.4979280187009369,0.796684829921499,0.8962704336616865,0.94606323553178,0.985897477027855,-0.2,1.0
BIOMD0000000793,model,0.4987452154107519,0.0,0.997490430821504,2,0,0.0498745215410752,0.0997490430821504,0.1994980861643008,0.2493726077053759,0.2992471292464511,0.4987452154107519,0.7979923446572031,0.8977413877393535,0.9476159092804288,0.9875155265132888,-0.1,1.0
BIOMD0000000793,model,0.4987473573811418,0.0,0.9974947147622836,2,0,0.0498747357381141,0.0997494714762283,0.1994989429524567,0.2493736786905709,0.299248414428685,0.4987473573811418,0.797995771809827,0.8977452432860552,0.9476199790241694,0.9875197676146608,-0.05,1.0
BIOMD0000000793,model,0.4987492148040863,0.0,0.9974984296081728,2,0,0.0498749214804086,0.0997498429608172,0.1994996859216345,0.2493746074020431,0.2992495288824518,0.4987492148040863,0.7979987436865382,0.8977485866473555,0.947623508127764,0.9875234453120908,0.0,1.0
BIOMD0000000793,model,0.5107158303979646,0.02393662531154,0.9974950354843892,2,0,0.0726145458201825,0.1212924663288249,0.2186483073461099,0.2673262278547523,0.3160041483633948,0.5107158303979646,0.8027833534498195,0.9001391944671044,0.9488171149757468,0.9877594513826607,0.05,1.0
BIOMD0000000793,model,0.685308363352755,0.3736325739649404,0.9969841527405696,2,0,0.4048001529037218,0.4359677318425033,0.4983028897200662,0.5294704686588476,0.5606380475976291,0.685308363352755,0.8723138369854438,0.9346489948630068,0.965816573801788,0.9907506369528132,0.1,1.0
BIOMD0000000793,model,0.7446148823250651,0.498666113728808,0.9905636509213224,2,0,0.5232609905884338,0.5478558674480595,0.5970456211673109,0.6216404980269365,0.6462353748865624,0.7446148823250651,0.8921841434828195,0.9413738972020708,0.9659687740616966,0.9856446755493972,0.2,1.0
BIOMD0000000793,model,0.4801595585795467,0.0,0.9603191171590936,2,0,0.0480159558579546,0.0960319117159093,0.1920638234318187,0.2400797792897733,0.288095735147728,0.4801595585795467,0.7682552937272749,0.8642872054431842,0.9123031613011388,0.9507159259875024,0.5,1.0
BIOMD0000000795,model,0.3926080460954846,0.0009683915921715,0.7842477005987977,2,0,0.0401323570425028,0.0792963224928341,0.1576242533934967,0.196788218843828,0.2359521842941593,0.3926080460954846,0.6275918387974725,0.7059197696981351,0.7450837351484664,0.7764149075087314,-0.5,1.0
BIOMD0000000795,model,0.3914844203275524,0.0014938452012121,0.7814749954538927,2,0,0.0404929027138461,0.0794919602264802,0.1574900752517482,0.1964891327643823,0.2354881902770163,0.3914844203275524,0.6254787654033566,0.7034768804286247,0.7424759379412585,0.7736751839513658,-0.2,1.0
BIOMD0000000795,model,0.391295466955051,0.001665329097294,0.7809256048128079,2,0,0.0406283428830697,0.0795913566688454,0.1575173842403968,0.1964803980261725,0.2354434118119482,0.391295466955051,0.6250735496697052,0.7029995772412565,0.7419625910270322,0.7731330020556528,-0.1,1.0
BIOMD0000000795,model,0.3912215112996156,0.0017504297592591,0.7806925928399722,2,0,0.0406975379132947,0.0796446460673304,0.1575388623754017,0.1964859705294374,0.235433078683473,0.3912215112996156,0.6249041602238296,0.7027983765319009,0.7417454846859365,0.7729031712091651,-0.05,1.0
BIOMD0000000795,model,0.3911600596099914,0.001835366737103,0.7804847524828797,2,0,0.0407678360243918,0.0797003053116807,0.1575652438862584,0.1964977131735472,0.235430182460836,0.3911600596099914,0.6247548753337244,0.7026198139083021,0.7415522831955909,0.772698258625422,0.0,1.0
BIOMD0000000795,model,0.391105734930616,0.0019197041343372,0.7802917657268948,2,0,0.0408383072139651,0.079756910293593,0.1575941164528487,0.1965127195324766,0.2354313226121044,0.391105734930616,0.6246173534083834,0.7024545595676391,0.7413731626472669,0.7725080451109693,0.05,1.0
BIOMD0000000795,model,0.3910644891166617,0.0020040124614563,0.780124965771867,2,0,0.0409100601269769,0.0798161077924974,0.1576282031235385,0.196534250789059,0.2354402984545795,0.3910644891166617,0.6245007751097849,0.7023128704408259,0.7412189181063464,0.7723437562387628,0.1,1.0
BIOMD0000000795,model,0.3909977347283,0.0021713950649935,0.7798240743916065,2,0,0.0410540290313241,0.0799366629976548,0.1577019309303161,0.1965845648966467,0.2354671988629774,0.3909977347283,0.624293538526284,0.7020588064589453,0.7409414404252759,0.7720475475983404,0.2,1.0
BIOMD0000000795,model,0.3909228233981068,0.0026675360082638,0.7791781107879497,2,0,0.0414930647472481,0.0803185934862324,0.157969650964201,0.1967951797031853,0.2356207084421696,0.3909228233981068,0.6238759958320126,0.7015270533099811,0.7403525820489654,0.7714130050401529,0.5,1.0
BIOMD0000000796,model,0.1995017298272779,0.0,0.4992772906304176,5,0,0.0,0.0,0.0,0.0,0.0,0.0,0.4984405449308612,0.4988589177806394,0.4990681042055285,0.4992354533454398,-0.5,1.0
BIOMD0000000796,model,0.3186955654658148,0.0,0.7982132452269335,5,0,0.0,0.0,0.0,0.0,0.0,0.0,0.7958543147270992,0.7970337799770164,0.797623512601975,0.7980952987019417,-0.2,1.0
BIOMD0000000796,model,0.3586430235157798,0.0,0.8983787287802489,5,0,0.0,0.0,0.0,0.0,0.0,0.0,0.8955448567949699,0.8969617927876095,0.8976702607839292,0.898237035180985,-0.1,1.0
BIOMD0000000796,model,0.3790735372176705,0.0,0.9494294239931568,5,0,0.0,0.0,0.0,0.0,0.0,0.0,0.946636494474788,0.9480329592339723,0.9487311916135646,0.9492897775172382,-0.05,1.0
BIOMD0000000796,model,0.6687925330685173,0.0,0.9834358092590466,5,0,0.1301380480567139,0.2602760961134279,0.5205521922268558,0.6506902402835697,0.6658912939348487,0.7266955085399647,0.9832000476598134,0.98331792845943,0.9833768688592384,0.983424021179085,0.0,1.0
BIOMD0000000796,model,0.0420861465122063,0.0,0.1686516189049669,5,0,0.0,0.0,0.0,0.0,0.0,0.0,0.0671536147058451,0.117902616805406,0.1432771178551864,0.1635767186950108,0.05,1.0
BIOMD0000000796,model,0.0255425375203952,0.0,0.0839440087418993,5,0,0.0,0.0,0.0,0.0,0.0,0.0,0.0518037448364412,0.0678738767891702,0.0759089427655347,0.0823369955466264,0.1,1.0
BIOMD0000000796,model,0.0095559707045914,0.0,0.047779853522957,5,0,0.0,0.0,0.0,0.0,0.0,0.0,0.0095559707045914,0.0286679121137742,0.0382238828183656,0.0458686593820387,0.2,1.0
BIOMD0000000796,model,0.0119449721438885,0.0,0.0597248607194429,5,0,0.0,0.0,0.0,0.0,0.0,0.0,0.0119449721438886,0.0358349164316657,0.0477798885755543,0.0573358662906652,0.5,1.0
BIOMD0000000798,model,0.7054292855261386,0.4763804134549936,0.7921664216322467,4,1,0.5212812377454761,0.5661820620359584,0.6559837106169232,0.7008845349074054,0.7457853591978878,0.776585153508657,0.7833372076283615,0.7877518146303041,0.7899591181312754,0.7917249609320525,-0.5,1.0
BIOMD0000000798,model,0.6426970148128155,0.0,0.8958485191296184,5,0,0.1232753074385538,0.2465506148771077,0.4931012297542154,0.6163765371927693,0.6618751387956395,0.8438695452071204,0.8650820818535793,0.8804653004915988,0.8881569098106086,0.8943101972658164,-0.2,1.0
BIOMD0000000798,model,0.6765308211834652,0.0,0.9292604918955736,5,0,0.1303033216456205,0.2606066432912411,0.5212132865824822,0.6515166082281028,0.7002964719942227,0.8954159270587029,0.911020961367072,0.9201407266313228,0.9247006092634482,0.9283485153691484,-0.1,1.0
BIOMD0000000798,model,0.8675254115367353,0.6436287508943141,0.9474256120904536,5,0,0.6880920141424178,0.7325552773905215,0.821481803886729,0.8659450671348327,0.8799295920644773,0.9358676917830556,0.9452930710429068,0.9463593415666802,0.9468924768285668,0.9473189850380764,-0.05,1.0
BIOMD0000000798,model,0.8974968408104551,0.7930610899530985,0.9533284904833532,5,0,0.804576260713185,0.8160914314732715,0.8391217729934444,0.8506369437535308,0.8681178867641561,0.9380416588066572,0.9525985149411792,0.9529635027122664,0.9531459965978096,0.9532919917062446,0.0,1.0
BIOMD0000000798,model,0.7826930663924514,0.5633129395830915,0.9223992856506956,5,0,0.5744708134459869,0.5856286873088825,0.6079444350346735,0.619102308897569,0.6749505068319791,0.8983432985696196,0.9127258565391636,0.9175625710949296,0.9199809283728128,0.9219156141951192,0.05,1.0
BIOMD0000000798,model,0.7079131411968365,0.4478212294001835,0.9064206869472228,5,0,0.4548639879172453,0.4619067464343072,0.4759922634684309,0.4830350219854927,0.5553276399135453,0.8444981116257556,0.8675166622098668,0.8869686745785448,0.8966946807628838,0.9044754857103552,0.1,1.0
BIOMD0000000798,model,0.6084865080989583,0.3124630779110836,0.8738061762183895,5,0,0.3172126985655875,0.3219623192200915,0.3314615605290994,0.3362111811836034,0.4194221936812938,0.7522662436720555,0.788909924451406,0.8313580503348977,0.8525821132766436,0.8695613636300403,0.2,1.0
BIOMD0000000798,model,0.4960317963226819,0.2807678447567431,0.7635806309250593,5,0,0.2900507295830835,0.2993336144094239,0.3178993840621048,0.3271822688884452,0.3705819629180721,0.5441807390365795,0.6042741245902777,0.6839273777576685,0.7237540043413639,0.7556153056083202,0.5,1.0
BIOMD0000000799,model,0.9834907008522304,0.9834907008521796,0.9834907008522812,2,0,0.9834907008521848,0.9834907008521898,0.9834907008522,0.983490700852205,0.98349070085221,0.9834907008522304,0.983490700852261,0.9834907008522712,0.9834907008522762,0.9834907008522804,-0.5,1.0
BIOMD0000000799,model,0.9975585010454996,0.997558501045498,0.997558501045501,2,0,0.9975585010454984,0.9975585010454984,0.9975585010454988,0.9975585010454988,0.997558501045499,0.9975585010454996,0.9975585010455004,0.9975585010455008,0.9975585010455008,0.997558501045501,-0.2,1.0
BIOMD0000000799,model,0.9971288878447624,0.997128887844752,0.9971288878447724,2,0,0.9971288878447532,0.997128887844754,0.9971288878447562,0.9971288878447572,0.9971288878447582,0.9971288878447624,0.9971288878447684,0.9971288878447704,0.9971288878447716,0.9971288878447724,-0.1,1.0
BIOMD0000000799,model,0.9972500204448368,0.9972500204448338,0.9972500204448396,2,0,0.997250020444834,0.9972500204448344,0.9972500204448348,0.9972500204448352,0.9972500204448356,0.9972500204448368,0.9972500204448383,0.997250020444839,0.9972500204448392,0.9972500204448396,-0.05,1.0
BIOMD0000000799,model,0.9974645223689104,0.9974645223689002,0.9974645223689204,2,0,0.9974645223689012,0.9974645223689022,0.997464522368904,0.9974645223689051,0.9974645223689064,0.9974645223689104,0.9974645223689164,0.9974645223689184,0.9974645223689194,0.99746452236892,0.0,1.0
BIOMD0000000799,model,0.9975908330473734,0.9975908330473662,0.9975908330473806,2,0,0.9975908330473668,0.9975908330473676,0.9975908330473692,0.9975908330473696,0.9975908330473704,0.9975908330473734,0.9975908330473776,0.9975908330473792,0.9975908330473798,0.9975908330473804,0.05,1.0
BIOMD0000000799,model,0.9971992361112624,0.9971992361112352,0.9971992361112896,2,0,0.997199236111238,0.9971992361112408,0.9971992361112462,0.9971992361112488,0.9971992361112516,0.9971992361112624,0.9971992361112788,0.997199236111284,0.9971992361112868,0.997199236111289,0.1,1.0
BIOMD0000000799,model,0.9939280556110952,0.9939280556110848,0.9939280556111056,2,0,0.9939280556110855,0.9939280556110868,0.9939280556110888,0.99392805561109,0.9939280556110908,0.9939280556110952,0.9939280556111012,0.9939280556111034,0.9939280556111044,0.9939280556111052,0.2,1.0
BIOMD0000000799,model,0.9816506977210312,0.9816506977209836,0.981650697721079,2,0,0.9816506977209885,0.9816506977209932,0.9816506977210028,0.9816506977210074,0.9816506977210122,0.9816506977210312,0.98165069772106,0.9816506977210696,0.9816506977210744,0.981650697721078,0.5,1.0
BIOMD0000000800,model,0.0,0.0,0.0,3,0,0.0,0.0,0.0,0.0,0.0,0.0,0.0,0.0,0.0,0.0,-0.5,1.0
BIOMD0000000800,model,0.0,0.0,0.0,3,0,0.0,0.0,0.0,0.0,0.0,0.0,0.0,0.0,0.0,0.0,-0.2,1.0
BIOMD0000000800,model,0.0571691044951404,0.0,0.1715073134854212,3,0,0.0,0.0,0.0,0.0,0.0,0.0,0.1029043880912527,0.137205850788337,0.154356582136879,0.1680771672157128,-0.1,1.0
BIOMD0000000800,model,0.1858403919555875,0.0,0.5575211758667625,3,0,0.0,0.0,0.0,0.0,0.0,0.0,0.3345127055200576,0.44601694069341,0.5017690582800862,0.5463707523494272,-0.05,1.0
BIOMD0000000800,model,0.2223763161687248,0.0,0.6671289485061744,3,0,0.0,0.0,0.0,0.0,0.0,0.0,0.4002773691037047,0.5337031588049396,0.600416053655557,0.653786369536051,0.0,1.0
BIOMD0000000800,model,0.1945586432542352,0.0,0.5836759297627058,3,0,0.0,0.0,0.0,0.0,0.0,0.0,0.3502055578576235,0.4669407438101646,0.5253083367864352,0.5720024111674517,0.05,1.0
BIOMD0000000800,model,0.0780393060773169,0.0,0.2341179182319507,3,0,0.0,0.0,0.0,0.0,0.0,0.0,0.1404707509391704,0.1872943345855605,0.2107061264087556,0.2294355598673117,0.1,1.0
BIOMD0000000800,model,0.0,0.0,0.0,3,0,0.0,0.0,0.0,0.0,0.0,0.0,0.0,0.0,0.0,0.0,0.2,1.0
BIOMD0000000800,model,0.0,0.0,0.0,3,0,0.0,0.0,0.0,0.0,0.0,0.0,0.0,0.0,0.0,0.0,0.5,1.0
BIOMD0000000802,model,0.9962488118993648,0.9943117131640108,0.99956085675227,3,1,0.9943679284257912,0.9944241436875714,0.994536574211132,0.9945927894729124,0.9946490047346924,0.9948738657818136,0.9976860603640876,0.9986234585581788,0.9990921576552244,0.9994671169328608,-0.5,1.0
BIOMD0000000802,model,0.9982966272069672,0.997396090563196,0.999768709822656,3,1,0.9974289896303814,0.9974618886975668,0.9975276868319376,0.9975605858991228,0.9975934849663082,0.9977250812350495,0.9989512583876132,0.9993599841051346,0.9995643469638952,0.9997278372509038,-0.2,1.0
BIOMD0000000802,model,0.9986666700012266,0.9972979085494366,0.999837958792427,3,1,0.9974545319606744,0.9976111553719124,0.9979244021943884,0.9980810256056264,0.9982376490168642,0.998864142661816,0.9994484323401824,0.9996431955663048,0.9997405771793658,0.9998184824698148,-0.1,1.0
BIOMD0000000802,model,0.998851730475014,0.997248704613264,0.9998725791401056,3,1,0.9974672249191048,0.9976857452249456,0.9981227858366272,0.998341306142468,0.9985598264483088,0.999433907671672,0.9996971105527322,0.9997848448464188,0.9998287119932624,0.999863805710737,-0.05,1.0
BIOMD0000000802,model,0.9990342607036208,0.9971994150207936,0.9999961707249042,3,1,0.9974701931552308,0.997740971289668,0.9982825275585422,0.9985533056929792,0.9988240838274164,0.999907196365165,0.9999605809810084,0.9999783758529563,0.9999872732889304,0.9999943912377094,0.0,1.0
BIOMD0000000802,model,0.9988393121494972,0.9971500419150832,0.999941806878024,3,1,0.9973776464891132,0.9976052510631434,0.9980604602112034,0.9982880647852336,0.9985156693592634,0.9994260876553837,0.999735519188968,0.999838663033496,0.99989023495576,0.9999314924935714,0.05,1.0
BIOMD0000000802,model,0.9986375387549536,0.9971005905915088,0.9999561751836712,3,1,0.997276116581326,0.9974516425711432,0.9978026945507776,0.9979782205405948,0.9981537465304118,0.9988558504896804,0.999516045306075,0.9997361102448732,0.9998461427142722,0.9999341686897916,0.1,1.0
BIOMD0000000802,model,0.9979012444584208,0.9960968996370966,0.9998919312378084,3,1,0.9962586999234226,0.9964205002097488,0.9967441007824008,0.9969059010687268,0.9970677013550528,0.997714902500357,0.9990211197428278,0.9994565254903182,0.9996742283640632,0.9998483906630594,0.2,1.0
BIOMD0000000802,model,0.9955111812336236,0.9925543475158202,0.9996909105886616,3,1,0.9927277413238772,0.992901135131934,0.993247922748048,0.9934213165561048,0.9935947103641616,0.9942882855963892,0.9975298605917526,0.9986103855902072,0.9991506480894344,0.999582858088816,0.5,1.0
BIOMD0000000806,model,0.0,0.0,0.0,6,0,0.0,0.0,0.0,0.0,0.0,0.0,0.0,0.0,0.0,0.0,-0.5,1.0
BIOMD0000000806,model,0.0,0.0,0.0,6,0,0.0,0.0,0.0,0.0,0.0,0.0,0.0,0.0,0.0,0.0,-0.2,1.0
BIOMD0000000806,model,0.0,0.0,0.0,6,0,0.0,0.0,0.0,0.0,0.0,0.0,0.0,0.0,0.0,0.0,-0.1,1.0
BIOMD0000000806,model,0.0,0.0,0.0,6,0,0.0,0.0,0.0,0.0,0.0,0.0,0.0,0.0,0.0,0.0,-0.05,1.0
BIOMD0000000806,model,0.0,0.0,0.0,6,0,0.0,0.0,0.0,0.0,0.0,0.0,0.0,0.0,0.0,0.0,0.0,1.0
BIOMD0000000806,model,0.0,0.0,0.0,6,0,0.0,0.0,0.0,0.0,0.0,0.0,0.0,0.0,0.0,0.0,0.05,1.0
BIOMD0000000806,model,0.0,0.0,0.0,6,0,0.0,0.0,0.0,0.0,0.0,0.0,0.0,0.0,0.0,0.0,0.1,1.0
BIOMD0000000806,model,0.0,0.0,0.0,6,0,0.0,0.0,0.0,0.0,0.0,0.0,0.0,0.0,0.0,0.0,0.2,1.0
BIOMD0000000806,model,0.0,0.0,0.0,6,0,0.0,0.0,0.0,0.0,0.0,0.0,0.0,0.0,0.0,0.0,0.5,1.0
BIOMD0000000811,model,0.1096069910037604,0.0,0.6576419460225627,6,0,0.0,0.0,0.0,0.0,0.0,0.0,0.0,0.3288209730112813,0.493231459516922,0.6247598487214346,-0.5,1.0
BIOMD0000000811,model,0.0998697064744328,0.0,0.5992182388465971,6,0,0.0,0.0,0.0,0.0,0.0,0.0,0.0,0.2996091194232985,0.4494136791349478,0.5692573269042673,-0.2,1.0
BIOMD0000000811,model,0.097980501075277,0.0,0.5878830064516624,6,0,0.0,0.0,0.0,0.0,0.0,0.0,0.0,0.2939415032258312,0.4409122548387467,0.5584888561290794,-0.1,1.0
BIOMD0000000811,model,0.0972202839934927,0.0,0.5833217039609564,6,0,0.0,0.0,0.0,0.0,0.0,0.0,0.0,0.2916608519804782,0.4374912779707173,0.5541556187629086,-0.05,1.0
BIOMD0000000811,model,0.0965648238087273,0.0,0.5793889428523641,6,0,0.0,0.0,0.0,0.0,0.0,0.0,0.0,0.289694471426182,0.4345417071392731,0.550419495709746,0.0,1.0
BIOMD0000000811,model,0.0960056092186179,0.0,0.5760336553117079,6,0,0.0,0.0,0.0,0.0,0.0,0.0,0.0,0.2880168276558539,0.4320252414837809,0.5472319725461227,0.05,1.0
BIOMD0000000811,model,0.0955147335038275,0.0,0.573088401022965,6,0,0.0,0.0,0.0,0.0,0.0,0.0,0.0,0.2865442005114825,0.4298163007672237,0.5444339809718168,0.1,1.0
BIOMD0000000811,model,0.0947650164986749,0.0,0.5685900989920497,6,0,0.0,0.0,0.0,0.0,0.0,0.0,0.0,0.2842950494960248,0.4264425742440373,0.5401605940424473,0.2,1.0
BIOMD0000000811,model,0.0939183216854963,0.0,0.5635099301129781,6,0,0.0,0.0,0.0,0.0,0.0,0.0,0.0,0.281754965056489,0.4226324475847336,0.5353344336073294,0.5,1.0
BIOMD0000000812,model,0.1329980451037017,0.0,0.398994135311105,3,1,0.0,0.0,0.0,0.0,0.0,0.0,0.239396481186663,0.3191953082488841,0.3590947217799945,0.3910142526048829,-0.5,1.0
BIOMD0000000812,model,0.3120311263018266,0.0,0.9360933789054798,3,1,0.0,0.0,0.0,0.0,0.0,0.0,0.561656027343288,0.7488747031243839,0.8424840410149318,0.9173715113273704,-0.2,1.0
BIOMD0000000812,model,0.3370802803228365,0.0,0.9574770135160522,3,1,0.0053763827452457,0.0107527654904914,0.0215055309809829,0.0268819137262286,0.0322582964714743,0.0537638274524572,0.5959917390906142,0.7767343763033332,0.8671056949096926,0.9394027497947802,-0.1,1.0
BIOMD0000000812,model,0.3058094673690256,0.0,0.913483129546555,3,1,0.0003945272560521,0.0007890545121043,0.0015781090242087,0.0019726362802608,0.002367163536313,0.0039452725605217,0.5496679867521418,0.7315755581493484,0.8225293438479516,0.8952923724068342,-0.05,1.0
BIOMD0000000812,model,0.2911796456511893,0.0,0.873538936953568,3,1,0.0,0.0,0.0,0.0,0.0,0.0,0.5241233621721408,0.6988311495628544,0.7861850432582111,0.8560681582144967,0.0,1.0
BIOMD0000000812,model,0.2790219694051425,0.0,0.8370659082154277,3,1,0.0,0.0,0.0,0.0,0.0,0.0,0.5022395449292567,0.6696527265723422,0.7533593173938848,0.8203245900511191,0.05,1.0
BIOMD0000000812,model,0.2678635675294256,0.0,0.8035907025882767,3,1,0.0,0.0,0.0,0.0,0.0,0.0,0.482154421552966,0.6428725620706214,0.723231632329449,0.7875188885365112,0.1,1.0
BIOMD0000000812,model,0.2480449506484583,0.0,0.7441348519453749,3,1,0.0,0.0,0.0,0.0,0.0,0.0,0.446480911167225,0.5953078815563,0.6697213667508373,0.7292521549064673,0.2,1.0
BIOMD0000000812,model,0.20257894189759,0.0,0.6077368256927702,3,1,0.0,0.0,0.0,0.0,0.0,0.0,0.3646420954156621,0.4861894605542162,0.5469631431234931,0.5955820891789148,0.5,1.0
BIOMD0000000813,model,0.3126072423913744,0.0,0.9378217271741234,3,0,0.0,0.0,0.0,0.0,0.0,0.0,0.5626930363044741,0.7502573817392988,0.844039554456711,0.9190652926306409,-0.5,1.0
BIOMD0000000813,model,0.3133935394787419,0.0,0.9401806184362256,3,0,0.0,0.0,0.0,0.0,0.0,0.0,0.5641083710617355,0.7521444947489806,0.846162556592603,0.9213770060675012,-0.2,1.0
BIOMD0000000813,model,0.3134952414061711,0.0,0.9404857242185132,3,0,0.0,0.0,0.0,0.0,0.0,0.0,0.564291434531108,0.7523885793748106,0.8464371517966618,0.9216760097341428,-0.1,1.0
BIOMD0000000813,model,0.3134963224099396,0.0,0.9404889672298188,3,0,0.0,0.0,0.0,0.0,0.0,0.0,0.5642933803378913,0.7523911737838551,0.8464400705068368,0.9216791878852224,-0.05,1.0
BIOMD0000000813,model,0.3134977193295236,0.0,0.9404931579885708,3,0,0.0,0.0,0.0,0.0,0.0,0.0,0.5642958947931426,0.7523945263908567,0.8464438421897136,0.9216832948287994,0.0,1.0
BIOMD0000000813,model,0.3134996856711259,0.0,0.940499057013378,3,0,0.0,0.0,0.0,0.0,0.0,0.0,0.5642994342080268,0.7523992456107024,0.84644915131204,0.9216890758731104,0.05,1.0
BIOMD0000000813,model,0.3135019525623974,0.0,0.9405058576871924,3,0,0.0,0.0,0.0,0.0,0.0,0.0,0.5643035146123154,0.7524046861497539,0.846455271918473,0.9216957405334484,0.1,1.0
BIOMD0000000813,model,0.3135083016343906,0.0,0.9405249049031718,3,0,0.0,0.0,0.0,0.0,0.0,0.0,0.5643149429419032,0.7524199239225374,0.8464724144128545,0.9217144068051084,0.2,1.0
BIOMD0000000813,model,0.3135578628347442,0.0,0.9406735885042328,3,0,0.0,0.0,0.0,0.0,0.0,0.0,0.5644041531025398,0.7525388708033862,0.8466062296538094,0.921860116734148,0.5,1.0
BIOMD0000000816,model,0.9973363264521348,0.9973363264521348,0.9973363264521348,1,5,0.9973363264521348,0.9973363264521348,0.9973363264521348,0.9973363264521348,0.9973363264521348,0.9973363264521348,0.9973363264521348,0.9973363264521348,0.9973363264521348,0.9973363264521348,-0.5,1.0
BIOMD0000000816,model,0.9982921625261124,0.9982921625261124,0.9982921625261124,1,5,0.9982921625261124,0.9982921625261124,0.9982921625261124,0.9982921625261124,0.9982921625261124,0.9982921625261124,0.9982921625261124,0.9982921625261124,0.9982921625261124,0.9982921625261124,-0.2,1.0
BIOMD0000000816,model,0.9984691692067986,0.9984691692067986,0.9984691692067986,1,5,0.9984691692067986,0.9984691692067986,0.9984691692067986,0.9984691692067986,0.9984691692067986,0.9984691692067986,0.9984691692067986,0.9984691692067986,0.9984691692067986,0.9984691692067986,-0.1,1.0
BIOMD0000000816,model,0.9985436983358048,0.9985436983358048,0.9985436983358048,1,5,0.9985436983358048,0.9985436983358048,0.9985436983358048,0.9985436983358048,0.9985436983358048,0.9985436983358048,0.9985436983358048,0.9985436983358048,0.9985436983358048,0.9985436983358048,-0.05,1.0
BIOMD0000000816,model,0.9986107745512292,0.9986107745512292,0.9986107745512292,1,5,0.9986107745512292,0.9986107745512292,0.9986107745512292,0.9986107745512292,0.9986107745512292,0.9986107745512292,0.9986107745512292,0.9986107745512292,0.9986107745512292,0.9986107745512292,0.0,1.0
BIOMD0000000816,model,0.9986714625562744,0.9986714625562744,0.9986714625562744,1,5,0.9986714625562744,0.9986714625562744,0.9986714625562744,0.9986714625562744,0.9986714625562744,0.9986714625562744,0.9986714625562744,0.9986714625562744,0.9986714625562744,0.9986714625562744,0.05,1.0
BIOMD0000000816,model,0.9987266334700028,0.9987266334700028,0.9987266334700028,1,5,0.9987266334700028,0.9987266334700028,0.9987266334700028,0.9987266334700028,0.9987266334700028,0.9987266334700028,0.9987266334700028,0.9987266334700028,0.9987266334700028,0.9987266334700028,0.1,1.0
BIOMD0000000816,model,0.9988231825678232,0.9988231825678232,0.9988231825678232,1,5,0.9988231825678232,0.9988231825678232,0.9988231825678232,0.9988231825678232,0.9988231825678232,0.9988231825678232,0.9988231825678232,0.9988231825678232,0.9988231825678232,0.9988231825678232,0.2,1.0
BIOMD0000000816,model,0.9990355905843517,0.9990355905843517,0.9990355905843517,1,5,0.9990355905843517,0.9990355905843517,0.9990355905843517,0.9990355905843517,0.9990355905843517,0.9990355905843517,0.9990355905843517,0.9990355905843517,0.9990355905843517,0.9990355905843517,0.5,1.0
BIOMD0000000817,model,0.9973363263764656,0.9973363263764656,0.9973363263764656,1,5,0.9973363263764656,0.9973363263764656,0.9973363263764656,0.9973363263764656,0.9973363263764656,0.9973363263764656,0.9973363263764656,0.9973363263764656,0.9973363263764656,0.9973363263764656,-0.5,1.0
BIOMD0000000817,model,0.998292162478716,0.998292162478716,0.998292162478716,1,5,0.998292162478716,0.998292162478716,0.998292162478716,0.998292162478716,0.998292162478716,0.998292162478716,0.998292162478716,0.998292162478716,0.998292162478716,0.998292162478716,-0.2,1.0
BIOMD0000000817,model,0.9984691691639512,0.9984691691639512,0.9984691691639512,1,5,0.9984691691639512,0.9984691691639512,0.9984691691639512,0.9984691691639512,0.9984691691639512,0.9984691691639512,0.9984691691639512,0.9984691691639512,0.9984691691639512,0.9984691691639512,-0.1,1.0
BIOMD0000000817,model,0.9985436982952158,0.9985436982952158,0.9985436982952158,1,5,0.9985436982952158,0.9985436982952158,0.9985436982952158,0.9985436982952158,0.9985436982952158,0.9985436982952158,0.9985436982952158,0.9985436982952158,0.9985436982952158,0.9985436982952158,-0.05,1.0
BIOMD0000000817,model,0.9986107745135268,0.9986107745135268,0.9986107745135268,1,5,0.9986107745135268,0.9986107745135268,0.9986107745135268,0.9986107745135268,0.9986107745135268,0.9986107745135268,0.9986107745135268,0.9986107745135268,0.9986107745135268,0.9986107745135268,0.0,1.0
BIOMD0000000817,model,0.99867146251983,0.99867146251983,0.99867146251983,1,5,0.99867146251983,0.99867146251983,0.99867146251983,0.99867146251983,0.99867146251983,0.99867146251983,0.99867146251983,0.99867146251983,0.99867146251983,0.99867146251983,0.05,1.0
BIOMD0000000817,model,0.9987266334346836,0.9987266334346836,0.9987266334346836,1,5,0.9987266334346836,0.9987266334346836,0.9987266334346836,0.9987266334346836,0.9987266334346836,0.9987266334346836,0.9987266334346836,0.9987266334346836,0.9987266334346836,0.9987266334346836,0.1,1.0
BIOMD0000000817,model,0.9988231825358904,0.9988231825358904,0.9988231825358904,1,5,0.9988231825358904,0.9988231825358904,0.9988231825358904,0.9988231825358904,0.9988231825358904,0.9988231825358904,0.9988231825358904,0.9988231825358904,0.9988231825358904,0.9988231825358904,0.2,1.0
BIOMD0000000817,model,0.9990355905589386,0.9990355905589386,0.9990355905589386,1,5,0.9990355905589386,0.9990355905589386,0.9990355905589386,0.9990355905589386,0.9990355905589386,0.9990355905589386,0.9990355905589386,0.9990355905589386,0.9990355905589386,0.9990355905589386,0.5,1.0
BIOMD0000000818,model,0.0701624024888601,0.0,0.4621311923926163,10,0,0.0,0.0,0.0,0.0,0.0,0.0,0.1186470572450895,0.1556339323668094,0.3088825623797125,0.4314814663900357,-0.5,1.0
BIOMD0000000818,model,0.3081319957702072,0.0,0.75,10,0,0.0,0.0,0.0,0.0,0.0,0.2783909604857789,0.5670128842366539,0.7211267833692396,0.7355633916846198,0.747112678336924,-0.2,1.0
BIOMD0000000818,model,0.3275704484934724,0.0,0.888888888888889,10,0,0.0,0.0,0.0,0.0,0.0,0.2691596851322195,0.5783061663156202,0.8155997421332977,0.8522443155110933,0.8815599742133299,-0.1,1.0
BIOMD0000000818,model,0.3116791991451124,0.0,0.9473684210526316,10,0,0.0,0.0,0.0,0.0,0.0,0.1565599039651636,0.5776050853617095,0.8421972484758656,0.8947828347642485,0.936851303794955,-0.05,1.0
BIOMD0000000818,model,0.3166070406022464,0.0,1.0,10,0,0.0,0.0,0.0,0.0,0.0,0.1518466647673253,0.5760433672146227,0.8665981962214507,0.9332990981107252,0.9866598196221452,0.0,1.0
BIOMD0000000818,model,0.3084375878989485,0.0,0.9523809523809524,10,0,0.0,0.0,0.0,0.0,0.0,0.1427079025580057,0.569024313945298,0.8600438974013326,0.9062124248911424,0.9431472468829905,0.05,1.0
BIOMD0000000818,model,0.2987460311449741,0.0,0.9090909090909092,10,0,0.0,0.0,0.0,0.0,0.0,0.1402931108360637,0.5529801720636089,0.839705688696223,0.874398298893566,0.9021523870514404,0.1,1.0
BIOMD0000000818,model,0.2791538960966867,0.0,0.8333333333333334,10,0,0.0,0.0,0.0,0.0,0.0,0.1270279278253843,0.5237610037034415,0.7976286181283929,0.8154809757308631,0.8297628618128393,0.2,1.0
BIOMD0000000818,model,0.2356392512982485,0.0,0.7142422473464366,10,0,0.0,0.0,0.0,0.0,0.0,0.1002881625886467,0.443804525136042,0.6714242247346437,0.6928332360405401,0.7099604450852574,0.5,1.0
BIOMD0000000819,model,0.0,0.0,0.0,10,0,0.0,0.0,0.0,0.0,0.0,0.0,0.0,0.0,0.0,0.0,-0.5,1.0
BIOMD0000000819,model,0.0,0.0,0.0,10,0,0.0,0.0,0.0,0.0,0.0,0.0,0.0,0.0,0.0,0.0,-0.2,1.0
BIOMD0000000819,model,0.0,0.0,0.0,10,0,0.0,0.0,0.0,0.0,0.0,0.0,0.0,0.0,0.0,0.0,-0.1,1.0
BIOMD0000000819,model,0.0,0.0,0.0,10,0,0.0,0.0,0.0,0.0,0.0,0.0,0.0,0.0,0.0,0.0,-0.05,1.0
BIOMD0000000819,model,0.0,0.0,0.0,10,0,0.0,0.0,0.0,0.0,0.0,0.0,0.0,0.0,0.0,0.0,0.0,1.0
BIOMD0000000819,model,0.0,0.0,0.0,10,0,0.0,0.0,0.0,0.0,0.0,0.0,0.0,0.0,0.0,0.0,0.05,1.0
BIOMD0000000819,model,0.0,0.0,0.0,10,0,0.0,0.0,0.0,0.0,0.0,0.0,0.0,0.0,0.0,0.0,0.1,1.0
BIOMD0000000819,model,0.0,0.0,0.0,10,0,0.0,0.0,0.0,0.0,0.0,0.0,0.0,0.0,0.0,0.0,0.2,1.0
BIOMD0000000819,model,0.0,0.0,0.0,10,0,0.0,0.0,0.0,0.0,0.0,0.0,0.0,0.0,0.0,0.0,0.5,1.0
BIOMD0000000820,model,0.2630863277809158,0.0,0.7771920534805636,7,0,0.0,0.0,0.0,0.0,0.0,0.0,0.5922903399599261,0.6902847131549821,0.7337383833177727,0.7685013194480054,-0.5,1.0
BIOMD0000000820,model,0.3209744877207647,0.0,0.8149847778659497,7,0,0.0,0.0,0.0,0.0,0.0,0.0,0.7252447786430927,0.7648713625535919,0.7899280702097707,0.8099734363347139,-0.2,1.0
BIOMD0000000820,model,0.3207987108830269,0.0,0.8205159073755348,7,0,0.0,0.0,0.0,0.0,0.0,0.0,0.7218542847460179,0.7650456339351009,0.7927807706553178,0.8149688800314914,-0.1,1.0
BIOMD0000000820,model,0.320650488103833,0.0,0.8230749020471481,7,0,0.0,0.0,0.0,0.0,0.0,0.0,0.720032687514387,0.7649669453973096,0.7940209237222288,0.8172641063821642,-0.05,1.0
BIOMD0000000820,model,0.3204111086853308,0.0,0.8251186516225277,7,0,0.0,0.0,0.0,0.0,0.0,0.0,0.718139900618218,0.7646355394322716,0.7948770955273996,0.819070340403502,0.0,1.0
BIOMD0000000820,model,0.3201543728052254,0.0,0.8271509440359085,7,0,0.0,0.0,0.0,0.0,0.0,0.0,0.7161837569338246,0.764258201428054,0.7957045727319811,0.820861669775123,0.05,1.0
BIOMD0000000820,model,0.3198192079201687,0.0,0.8287333738468303,7,0,0.0,0.0,0.0,0.0,0.0,0.0,0.7141709158654944,0.7636640490853563,0.7961987114660932,0.8222264413706829,0.1,1.0
BIOMD0000000820,model,0.3191242185313306,0.0,0.8319869325481029,7,0,0.0,0.0,0.0,0.0,0.0,0.0,0.7099970803740348,0.7624153339590336,0.7972011332535681,0.8250297726891959,0.2,1.0
BIOMD0000000820,model,0.316596939673819,0.0,0.8402675487544655,7,0,0.0,0.0,0.0,0.0,0.0,0.0,0.6965736049256607,0.7574984186349933,0.7988829836947293,0.8319906357425182,0.5,1.0
BIOMD0000000821,model,0.0,0.0,0.0,2,1,0.0,0.0,0.0,0.0,0.0,0.0,0.0,0.0,0.0,0.0,-0.5,1.0
BIOMD0000000821,model,0.0,0.0,0.0,2,1,0.0,0.0,0.0,0.0,0.0,0.0,0.0,0.0,0.0,0.0,-0.2,1.0
BIOMD0000000821,model,0.0,0.0,0.0,2,1,0.0,0.0,0.0,0.0,0.0,0.0,0.0,0.0,0.0,0.0,-0.1,1.0
BIOMD0000000821,model,0.0,0.0,0.0,2,1,0.0,0.0,0.0,0.0,0.0,0.0,0.0,0.0,0.0,0.0,-0.05,1.0
BIOMD0000000821,model,0.0,0.0,0.0,2,1,0.0,0.0,0.0,0.0,0.0,0.0,0.0,0.0,0.0,0.0,0.0,1.0
BIOMD0000000821,model,0.0,0.0,0.0,2,1,0.0,0.0,0.0,0.0,0.0,0.0,0.0,0.0,0.0,0.0,0.05,1.0
BIOMD0000000821,model,0.0,0.0,0.0,2,1,0.0,0.0,0.0,0.0,0.0,0.0,0.0,0.0,0.0,0.0,0.1,1.0
BIOMD0000000821,model,0.0,0.0,0.0,2,1,0.0,0.0,0.0,0.0,0.0,0.0,0.0,0.0,0.0,0.0,0.2,1.0
BIOMD0000000821,model,0.0232889627558899,0.0,0.0465779255117799,2,1,0.0023288962755889,0.0046577925511779,0.0093155851023559,0.0116444813779449,0.0139733776535339,0.0232889627558899,0.0372623404094239,0.0419201329606019,0.0442490292361909,0.0461121462566621,0.5,1.0
BIOMD0000000823,model,0.140679106075836,0.0,0.9079151285255616,15,1,0.0,0.0,0.0,0.0,0.0,0.0,0.0904432227544732,0.6309196548127142,0.7974132827453987,0.885814759369529,-0.5,1.0
BIOMD0000000823,model,0.1427485777890099,0.0,0.9079151284634775,15,1,0.0,0.0,0.0,0.0,0.0,0.0,0.0966520956979737,0.6433360273250295,0.7974116804563067,0.8858144388620435,-0.2,1.0
BIOMD0000000823,model,0.1105261504006496,0.0,0.9079145760704592,15,1,0.0,0.0,0.0,0.0,0.0,0.0,0.0,0.449986607963571,0.7973587487786374,0.8858034106120948,-0.1,1.0
BIOMD0000000823,model,0.1105200238404863,0.0,0.9079126978423728,15,1,0.0,0.0,0.0,0.0,0.0,0.0,0.0,0.4499325958589528,0.797295171188157,0.8857891925115295,-0.05,1.0
BIOMD0000000823,model,0.1105116184845388,0.0,0.90790855151242,15,1,0.0,0.0,0.0,0.0,0.0,0.0,0.0,0.4498594354533974,0.7972085734826898,0.8857685559064739,0.0,1.0
BIOMD0000000823,model,0.1104989125215354,0.0,0.9079017770383052,15,1,0.0,0.0,0.0,0.0,0.0,0.0,0.0,0.4497491464708361,0.7970778706608005,0.8857369957628042,0.05,1.0
BIOMD0000000823,model,0.1104862426048236,0.0,0.907891142779247,15,1,0.0,0.0,0.0,0.0,0.0,0.0,0.0,0.4496414977758642,0.7969490902389492,0.8857027322711873,0.1,1.0
BIOMD0000000823,model,0.1104551563844779,0.0,0.9078544543116064,15,1,0.0,0.0,0.0,0.0,0.0,0.0,0.0,0.4493837348733369,0.7966373603123751,0.8856110355117601,0.2,1.0
BIOMD0000000823,model,0.1401786590090553,0.0,0.907591617842404,15,1,0.0,0.0,0.0,0.0,0.0,0.0,0.0896047345355572,0.6274482258404988,0.7952227015836707,0.8851178345906572,0.5,1.0
BIOMD0000000826,model,0.0,0.0,0.0,12,1,0.0,0.0,0.0,0.0,0.0,0.0,0.0,0.0,0.0,0.0,-0.5,1.0
BIOMD0000000826,model,0.0,0.0,0.0,12,1,0.0,0.0,0.0,0.0,0.0,0.0,0.0,0.0,0.0,0.0,-0.2,1.0
BIOMD0000000826,model,0.0,0.0,0.0,12,1,0.0,0.0,0.0,0.0,0.0,0.0,0.0,0.0,0.0,0.0,-0.1,1.0
BIOMD0000000826,model,0.0,0.0,0.0,12,1,0.0,0.0,0.0,0.0,0.0,0.0,0.0,0.0,0.0,0.0,-0.05,1.0
BIOMD0000000826,model,0.0,0.0,0.0,12,1,0.0,0.0,0.0,0.0,0.0,0.0,0.0,0.0,0.0,0.0,0.0,1.0
BIOMD0000000826,model,0.0,0.0,0.0,12,1,0.0,0.0,0.0,0.0,0.0,0.0,0.0,0.0,0.0,0.0,0.05,1.0
BIOMD0000000826,model,0.0,0.0,0.0,12,1,0.0,0.0,0.0,0.0,0.0,0.0,0.0,0.0,0.0,0.0,0.1,1.0
BIOMD0000000826,model,0.0,0.0,0.0,12,1,0.0,0.0,0.0,0.0,0.0,0.0,0.0,0.0,0.0,0.0,0.2,1.0
BIOMD0000000826,model,0.0,0.0,0.0,12,1,0.0,0.0,0.0,0.0,0.0,0.0,0.0,0.0,0.0,0.0,0.5,1.0
BIOMD0000000828,model,0.9984278739086924,0.9938829544382276,0.9999532885274276,5,0,0.9948768525345244,0.9958707506308208,0.997858546823414,0.9988524449197108,0.9989910285550332,0.999545363096323,0.9999149125549038,0.9999341005411658,0.9999436945342968,0.9999513697288016,-0.5,1.0
BIOMD0000000828,model,0.9984279483874658,0.9938826825584328,0.9999532884991228,5,0,0.994876636167911,0.9958705897773892,0.9978584969963452,0.9988524506058232,0.9989910859768516,0.9995456274609648,0.9999152119502124,0.9999342502246676,0.9999437693618952,0.9999513846716772,-0.2,1.0
BIOMD0000000828,model,0.9984277997630284,0.9938824689751672,0.9999532884816142,5,0,0.9948764650175738,0.9958704610599804,0.9978584531447934,0.9988524491872,0.9989910641975462,0.9995455242389312,0.9999148720421064,0.9999340802618604,0.9999436843717372,0.9999513676596388,-0.1,1.0
BIOMD0000000828,model,0.9984278164283412,0.9938821107136656,0.9999532882435196,5,0,0.9948761781608336,0.9958702456080016,0.997858380502338,0.998852447949506,0.9989910487541148,0.9995454519725506,0.9999152842586756,0.9999342862510976,0.9999437872473088,0.9999513880442776,-0.05,1.0
BIOMD0000000828,model,0.9984282680812292,0.993883057893368,0.9999532885247344,5,0,0.9948769370259278,0.9958708161584876,0.9978585744236074,0.9988524535561673,0.998991113069348,0.9995457511220708,0.9999160891527906,0.9999346888387624,0.9999439886817484,0.9999514285561372,0.0,1.0
BIOMD0000000828,model,0.998427617061668,0.9938825380187528,0.9999532869828875,5,0,0.9948765179707388,0.995870497922725,0.9978584578266972,0.9988524377786834,0.9989910228524684,0.9995453631476086,0.9999142249009036,0.9999337559418956,0.9999435214623916,0.9999513338787884,0.05,1.0
BIOMD0000000828,model,0.9984280921852624,0.9938828123063728,0.999953288531799,5,0,0.9948767402455928,0.9958706681848128,0.9978585240632528,0.9988524520024726,0.9989910995388585,0.999545689684402,0.9999156324273726,0.9999344604795858,0.9999438745056924,0.9999514057265776,0.1,1.0
BIOMD0000000828,model,0.9984282055133052,0.9938830369051082,0.9999532858262864,5,0,0.9948769201748454,0.9958708034445826,0.997858569984057,0.9988524532537942,0.9989910996181948,0.9995456850757964,0.9999159103696904,0.9999345980979883,0.9999439419621372,0.9999514170534564,0.2,1.0
BIOMD0000000828,model,0.9984281880655864,0.9938830740352153,0.9999532885325708,5,0,0.9948769491950636,0.9958708243549124,0.9978585746746094,0.998852449834458,0.9989910731166004,0.9995455662451708,0.9999159070509293,0.99993459779175,0.9999439431621604,0.9999514194584886,0.5,1.0
BIOMD0000000830,model,0.708614506562718,0.5097463654939289,0.9918920466363572,6,0,0.5124923681207488,0.5152383707475687,0.5207303760012086,0.525036282927799,0.5293421898543894,0.6300895508432054,0.969139149558403,0.98051559809738,0.9862038223668684,0.9907544017824594,-0.5,1.0
BIOMD0000000830,model,0.8864592299147311,0.7988376677043995,0.9975674705359444,6,0,0.8001674690480551,0.8014972703917107,0.804156873079022,0.8077481310655292,0.8113393890520365,0.8632708692710711,0.9916516296268788,0.9946095500814116,0.996088510308678,0.9972716784904913,-0.2,1.0
BIOMD0000000830,model,0.9401484967068784,0.8925752361218973,0.9986187820139422,6,0,0.8930066824383242,0.893438128754751,0.8943010213876048,0.8972306176310383,0.9001602138744718,0.929730028641626,0.9959358834345744,0.9972773327242584,0.9979480573691002,0.9984846370849738,-0.1,1.0
BIOMD0000000830,model,0.9661756209186444,0.9386007494999148,0.999061131751007,6,0,0.9386926715653704,0.9387845936308258,0.9389684377617368,0.9414059411647508,0.9438434445677648,0.961336266741674,0.9977508730158596,0.9984060023834334,0.9987335670672202,0.9989956188142496,-0.05,1.0
BIOMD0000000830,model,0.9917035037384212,0.9823975532176392,0.999459330726432,6,0,0.9830603148509394,0.9837230764842392,0.9850485997508392,0.9864713672705496,0.98789413479026,0.9919627546224494,0.999390029490718,0.999424680108575,0.9994420054175036,0.9994558656646462,0.0,1.0
BIOMD0000000830,model,0.9828914491309986,0.9679008771066928,0.999615012871918,6,0,0.968141280780502,0.9683816844543108,0.9688624918019292,0.9699219775994676,0.9709814633970058,0.9809240184225324,0.999122276160387,0.9993686445161524,0.9994918286940352,0.9995903760363416,0.05,1.0
BIOMD0000000830,model,0.9585962198489288,0.9237189895104672,0.9996187371624023,6,0,0.924586089571364,0.9254531896322604,0.9271873897540536,0.9282761982734528,0.9293650067928522,0.95164311190033,0.9977659788659884,0.9986923580141952,0.9991555475882988,0.9995260992475816,0.1,1.0
BIOMD0000000830,model,0.910641067878264,0.8337032285965438,0.9992796936311482,6,0,0.837095496711939,0.8404877648273341,0.8472723010581243,0.8473639157760864,0.8474555304940485,0.8941037983619049,0.9953835872599568,0.9973316404455524,0.9983056670383504,0.9990848883125888,0.2,1.0
BIOMD0000000830,model,0.7753703308022549,0.5707142873678618,0.9980189284473672,6,0,0.5794084548871197,0.5881026224063777,0.6054909574448936,0.6098784403514133,0.6142659232579328,0.7439477749711503,0.9901022616111066,0.9940605950292368,0.996039761738302,0.997623095105554,0.5,1.0
BIOMD0000000832,model,0.0526315789473684,0.0,1.0,19,1,0.0,0.0,0.0,0.0,0.0,0.0,0.0,0.0,0.0999999999999978,0.8200000000000003,-0.5,1.0
BIOMD0000000832,model,0.0526315789473684,0.0,1.0,19,1,0.0,0.0,0.0,0.0,0.0,0.0,0.0,0.0,0.0999999999999978,0.8200000000000003,-0.2,1.0
BIOMD0000000832,model,0.0526315789473684,0.0,1.0,19,1,0.0,0.0,0.0,0.0,0.0,0.0,0.0,0.0,0.0999999999999978,0.8200000000000003,-0.1,1.0
BIOMD0000000832,model,0.0526315789473684,0.0,1.0,19,1,0.0,0.0,0.0,0.0,0.0,0.0,0.0,0.0,0.0999999999999978,0.8200000000000003,-0.05,1.0
BIOMD0000000832,model,0.0526315789473684,0.0,1.0,19,1,0.0,0.0,0.0,0.0,0.0,0.0,0.0,0.0,0.0999999999999978,0.8200000000000003,0.0,1.0
BIOMD0000000832,model,0.0526315789473684,0.0,1.0,19,1,0.0,0.0,0.0,0.0,0.0,0.0,0.0,0.0,0.0999999999999978,0.8200000000000003,0.05,1.0
BIOMD0000000832,model,0.0526315789473684,0.0,1.0,19,1,0.0,0.0,0.0,0.0,0.0,0.0,0.0,0.0,0.0999999999999978,0.8200000000000003,0.1,1.0
BIOMD0000000832,model,0.0526315789473684,0.0,1.0,19,1,0.0,0.0,0.0,0.0,0.0,0.0,0.0,0.0,0.0999999999999978,0.8200000000000002,0.2,1.0
BIOMD0000000832,model,0.0526315789473684,0.0,1.0,19,1,0.0,0.0,0.0,0.0,0.0,0.0,0.0,0.0,0.0999999999999978,0.8200000000000003,0.5,1.0
BIOMD0000000833,model,0.1598477047380103,0.0,0.994209855826886,61,0,0.0,0.0,0.0,0.0,0.0,0.0,0.3354343986880002,0.7963672120159954,0.8653729518386551,0.9901563586656772,-0.5,1.0
BIOMD0000000833,model,0.1990959429717858,0.0,0.994206127126975,61,0,0.0,0.0,0.0,0.0,0.0,0.0,0.6243452596082998,0.8001157808420928,0.8696383543321377,0.9901515516562678,-0.2,1.0
BIOMD0000000833,model,0.2068919985084715,0.0,0.9942054305117144,61,0,0.0,0.0,0.0,0.0,0.0,0.0,0.6330668787114269,0.8705065982253662,0.888888888888889,0.9901511104950436,-0.1,1.0
BIOMD0000000833,model,0.2103048697750353,0.0,0.9942051350251816,61,0,0.0,0.0,0.0,0.0,0.0,0.0,0.6377452035132076,0.8709163135426982,0.9473684210526316,0.9901918839705184,-0.05,1.0
BIOMD0000000833,model,0.21351689862751,0.0,1.0,61,0,0.0,0.0,0.0,0.0,0.0,0.0,0.642691046712031,0.871313336425602,0.9942048647932062,1.0,0.0,1.0
BIOMD0000000833,model,0.2118225011030975,0.0,0.9942046162713508,61,0,0.0,0.0,0.0,0.0,0.0,0.0,0.647934302656383,0.8716989173575311,0.9523809523809524,0.9901509986439304,0.05,1.0
BIOMD0000000833,model,0.2103869076289334,0.0,0.9942043867986412,61,0,0.0,0.0,0.0,0.0,0.0,0.0,0.653500602962519,0.8720739366283051,0.9090909090909092,0.9901511179228452,0.1,1.0
BIOMD0000000833,model,0.2084269065087611,0.0,0.9942039767009302,61,0,0.0,0.0,0.0,0.0,0.0,0.0,0.665692598804867,0.8333333333333334,0.8727949394704964,0.990151518073345,0.2,1.0
BIOMD0000000833,model,0.1922695114418874,0.0,0.994203033937199,61,0,0.0,0.0,0.0,0.0,0.0,0.0,0.6594367193822056,0.8085355250594631,0.8747595142751824,0.9901533101385712,0.5,1.0
BIOMD0000000834,model,0.0,0.0,0.0,75,0,0.0,0.0,0.0,0.0,0.0,0.0,0.0,0.0,0.0,0.0,-0.5,1.0
BIOMD0000000834,model,0.0,0.0,0.0,75,0,0.0,0.0,0.0,0.0,0.0,0.0,0.0,0.0,0.0,0.0,-0.2,1.0
BIOMD0000000834,model,0.0,0.0,0.0,75,0,0.0,0.0,0.0,0.0,0.0,0.0,0.0,0.0,0.0,0.0,-0.1,1.0
BIOMD0000000834,model,0.0,0.0,0.0,75,0,0.0,0.0,0.0,0.0,0.0,0.0,0.0,0.0,0.0,0.0,-0.05,1.0
BIOMD0000000834,model,0.0,0.0,0.0,75,0,0.0,0.0,0.0,0.0,0.0,0.0,0.0,0.0,0.0,0.0,0.0,1.0
BIOMD0000000834,model,0.0,0.0,0.0,75,0,0.0,0.0,0.0,0.0,0.0,0.0,0.0,0.0,0.0,0.0,0.05,1.0
BIOMD0000000834,model,0.0,0.0,0.0,75,0,0.0,0.0,0.0,0.0,0.0,0.0,0.0,0.0,0.0,0.0,0.1,1.0
BIOMD0000000834,model,0.0,0.0,0.0,75,0,0.0,0.0,0.0,0.0,0.0,0.0,0.0,0.0,0.0,0.0,0.2,1.0
BIOMD0000000834,model,0.0,0.0,0.0,75,0,0.0,0.0,0.0,0.0,0.0,0.0,0.0,0.0,0.0,0.0,0.5,1.0
BIOMD0000000835,model,0.0838652837777756,0.0,0.9999999999784228,31,0,0.0,0.0,0.0,0.0,0.0,0.0,0.0,0.2940303746890116,0.4770927644216279,0.8820405472464304,-0.5,1.0
BIOMD0000000835,model,0.1207252796751268,0.0,0.9999999999800596,31,0,0.0,0.0,0.0,0.0,0.0,0.0,0.1755320212073331,0.4322244191709571,0.6457420148735262,0.9367541408179678,-0.2,1.0
BIOMD0000000835,model,0.1282218768501151,0.0,0.9999999999804884,31,0,0.0,0.0,0.0,0.0,0.0,0.0,0.1496181477287103,0.5094706354787036,0.6721272024181353,0.9463738739195856,-0.1,1.0
BIOMD0000000835,model,0.1304447145654208,0.0,0.9999999999806664,31,0,0.0,0.0,0.0,0.0,0.0,0.0,0.1371720580289894,0.5127902607055831,0.688911683042652,0.9374280067413584,-0.05,1.0
BIOMD0000000835,model,0.1321982316194841,0.0,0.9999999999808457,31,0,0.0,0.0,0.0,0.0,0.0,0.0,0.133142511989134,0.5159453319492684,0.7139026251877412,0.9285262512466184,0.0,1.0
BIOMD0000000835,model,0.1309316832886255,0.0,0.9999999999810256,31,0,0.0,0.0,0.0,0.0,0.0,0.0,0.1296049690069547,0.5189431922387128,0.7108888824721056,0.9207322795759664,0.05,1.0
BIOMD0000000835,model,0.1287153939457392,0.0,0.9999999999812066,31,0,0.0,0.0,0.0,0.0,0.0,0.0,0.1166312126689854,0.5217896442471858,0.7070167846641733,0.9136306014508564,0.1,1.0
BIOMD0000000835,model,0.1235076851985267,0.0,0.9999999999815702,31,0,0.0,0.0,0.0,0.0,0.0,0.0,0.0857331269236883,0.5270584413328957,0.6929461743764558,0.917178389255988,0.2,1.0
BIOMD0000000835,model,0.1060592713393814,0.0,0.9999999999826732,31,0,0.0,0.0,0.0,0.0,0.0,0.0,0.0214507555106368,0.5267599890670439,0.584143163929242,0.8899067476469191,0.5,1.0
BIOMD0000000836,model,0.0,0.0,0.0,1,1,0.0,0.0,0.0,0.0,0.0,0.0,0.0,0.0,0.0,0.0,-0.5,1.0
BIOMD0000000836,model,0.0,0.0,0.0,2,0,0.0,0.0,0.0,0.0,0.0,0.0,0.0,0.0,0.0,0.0,-0.2,1.0
BIOMD0000000836,model,0.0,0.0,0.0,2,0,0.0,0.0,0.0,0.0,0.0,0.0,0.0,0.0,0.0,0.0,-0.1,1.0
BIOMD0000000836,model,0.0,0.0,0.0,2,0,0.0,0.0,0.0,0.0,0.0,0.0,0.0,0.0,0.0,0.0,-0.05,1.0
BIOMD0000000836,model,0.0,0.0,0.0,2,0,0.0,0.0,0.0,0.0,0.0,0.0,0.0,0.0,0.0,0.0,0.0,1.0
BIOMD0000000836,model,0.0,0.0,0.0,2,0,0.0,0.0,0.0,0.0,0.0,0.0,0.0,0.0,0.0,0.0,0.05,1.0
BIOMD0000000836,model,0.0,0.0,0.0,2,0,0.0,0.0,0.0,0.0,0.0,0.0,0.0,0.0,0.0,0.0,0.1,1.0
BIOMD0000000836,model,0.0,0.0,0.0,2,0,0.0,0.0,0.0,0.0,0.0,0.0,0.0,0.0,0.0,0.0,0.2,1.0
BIOMD0000000836,model,0.0,0.0,0.0,2,0,0.0,0.0,0.0,0.0,0.0,0.0,0.0,0.0,0.0,0.0,0.5,1.0
BIOMD0000000837,model,0.089947829874446,0.0,0.5498719461587566,7,1,0.0,0.0,0.0,0.0,0.0,0.0,0.0507571298825086,0.2547533357535382,0.402312640956147,0.5203600851182345,-0.5,1.0
BIOMD0000000837,model,0.1452067927810551,0.0,0.8903733795683678,7,1,0.0,0.0,0.0,0.0,0.0,0.0,0.0786560714718492,0.4095905893193931,0.6499819844438797,0.8422951005434699,-0.2,1.0
BIOMD0000000837,model,0.1560528281628835,0.0,0.9619417908278556,7,1,0.0,0.0,0.0,0.0,0.0,0.0,0.0806402951577647,0.4393314102264413,0.7006366005271476,0.9096807527677137,-0.1,1.0
BIOMD0000000837,model,0.1569606173713035,0.0,0.970219510586745,7,1,0.0,0.0,0.0,0.0,0.0,0.0,0.0790898849523808,0.4414767269846031,0.7058481187856733,0.9173452322265304,-0.05,1.0
BIOMD0000000837,model,0.1577986275417023,0.0,0.977791522049292,7,1,0.0,0.0,0.0,0.0,0.0,0.0,0.0777075070366692,0.4434643417078614,0.7106279318785759,0.9243588040151484,0.0,1.0
BIOMD0000000837,model,0.1585768898085826,0.0,0.9847443821798424,7,1,0.0,0.0,0.0,0.0,0.0,0.0,0.07647830459553,0.44531728817142,0.7150308351756304,0.9308016727789996,0.05,1.0
BIOMD0000000837,model,0.1593035002127427,0.0,0.991151048691734,7,1,0.0,0.0,0.0,0.0,0.0,0.0,0.0753881204282132,0.447053849345414,0.7191024490185731,0.9367413287571014,0.1,1.0
BIOMD0000000837,model,0.1597099520310148,0.0,0.9961377698850682,7,1,0.0,0.0,0.0,0.0,0.0,0.0,0.0735774072818452,0.4476661363694657,0.7219019531272661,0.9412906065335076,0.2,1.0
BIOMD0000000837,model,0.1557147061093416,0.0,0.97138191058457,7,1,0.0,0.0,0.0,0.0,0.0,0.0,0.0704326906337632,0.4352612484314273,0.7033215795079979,0.9177698443692552,0.5,1.0
BIOMD0000000839,model,0.0,0.0,0.0,8,0,0.0,0.0,0.0,0.0,0.0,0.0,0.0,0.0,0.0,0.0,-0.5,1.0
BIOMD0000000839,model,0.0,0.0,0.0,8,0,0.0,0.0,0.0,0.0,0.0,0.0,0.0,0.0,0.0,0.0,-0.2,1.0
BIOMD0000000839,model,0.0,0.0,0.0,8,0,0.0,0.0,0.0,0.0,0.0,0.0,0.0,0.0,0.0,0.0,-0.1,1.0
BIOMD0000000839,model,0.0,0.0,0.0,8,0,0.0,0.0,0.0,0.0,0.0,0.0,0.0,0.0,0.0,0.0,-0.05,1.0
BIOMD0000000839,model,0.0533203183837602,0.0,0.4265625470700818,8,0,0.0,0.0,0.0,0.0,0.0,0.0,0.0,0.1279687641210244,0.2772656555955529,0.3967031687751759,0.0,1.0
BIOMD0000000839,model,0.0,0.0,0.0,8,0,0.0,0.0,0.0,0.0,0.0,0.0,0.0,0.0,0.0,0.0,0.05,1.0
BIOMD0000000839,model,0.0,0.0,0.0,8,0,0.0,0.0,0.0,0.0,0.0,0.0,0.0,0.0,0.0,0.0,0.1,1.0
BIOMD0000000839,model,0.0,0.0,0.0,8,0,0.0,0.0,0.0,0.0,0.0,0.0,0.0,0.0,0.0,0.0,0.2,1.0
BIOMD0000000839,model,0.0,0.0,0.0,8,0,0.0,0.0,0.0,0.0,0.0,0.0,0.0,0.0,0.0,0.0,0.5,1.0
BIOMD0000000840,model,0.9576860537747868,0.9014186926192498,0.9876769503538544,5,0,0.9123613756045252,0.9233040585898008,0.9451894245603518,0.9561321075456274,0.9587814839146718,0.9693789893908492,0.9765942132422548,0.9821355817980544,0.9849062660759544,0.9871228134982742,-0.5,1.0
BIOMD0000000840,model,0.9497528999628876,0.8972125641881711,0.977195036801896,5,0,0.9064504254194328,0.9156882866506948,0.9341640091132184,0.9434018703444804,0.9468511177261968,0.9606481072530628,0.9716845443418414,0.9744397905718686,0.9758174136868822,0.9769195121788932,-0.2,1.0
BIOMD0000000840,model,0.95065493961963,0.8960478420401823,0.9782504640337316,5,0,0.9061098852800106,0.916171928519839,0.9362960149994956,0.946358058239324,0.9493832537841947,0.9614840359636788,0.9725575310637324,0.975403997548732,0.9768272307912318,0.9779658173852316,-0.1,1.0
BIOMD0000000840,model,0.950571985335743,0.8946305950168767,0.978988290227063,5,0,0.9050485802400556,0.9154665654632348,0.9363025359095928,0.9467205211327716,0.9497920052970278,0.9620779419540522,0.9721517207237736,0.9755700054754184,0.9772791478512408,0.9786464617518984,-0.05,1.0
BIOMD0000000840,model,0.9501800779672832,0.8928355618123274,0.979786892794938,5,0,0.9036703006139868,0.914505039415646,0.9361745170189648,0.947009255820624,0.9501511044335472,0.962718498885239,0.9707975229776172,0.9752922078862776,0.9775395503406076,0.979337424304072,0.0,1.0
BIOMD0000000840,model,0.9490876718494672,0.8907662977104915,0.9805812073136816,5,0,0.9016775433781308,0.9125887890457698,0.934411280381048,0.9453225260486872,0.948931453814188,0.96336716487619,0.9684371721013652,0.9745091897075232,0.9775451985106024,0.9799740055530656,0.05,1.0
BIOMD0000000840,model,0.9480566817801522,0.8885385521804309,0.981363260753043,5,0,0.8995065436988152,0.9104745352171996,0.9324105182539684,0.9433785097723528,0.9473005612653332,0.9629887672372556,0.9674841073167516,0.9744236840348972,0.9778934723939702,0.9806693030812283,0.1,1.0
BIOMD0000000840,model,0.939985495540912,0.8826342330180126,0.9828418053052816,5,0,0.8928494358329544,0.9030646386478962,0.9234950442777798,0.9337102470927215,0.9340715256426289,0.9355166398422576,0.968748003018086,0.9757949041616836,0.9793183547334826,0.9821371151909216,0.2,1.0
BIOMD0000000840,model,0.8471489377464116,0.7092277187580648,0.969985359519656,5,0,0.7205788601513453,0.7319300015446257,0.7546322843311867,0.7659834257244672,0.7772777094475459,0.8224548443398607,0.968471744215939,0.9692285518677975,0.9696069556937268,0.9699096787544704,0.5,1.0
BIOMD0000000842,model,0.033086130959747,0.0,0.529378095355953,16,4,0.0,0.0,0.0,0.0,0.0,0.0,0.0,0.0,0.1323445238389882,0.4499713810525599,-0.5,1.0
BIOMD0000000842,model,0.0833333333333333,0.0,0.75,18,2,0.0,0.0,0.0,0.0,0.0,0.0,0.0,0.2250000000000004,0.7499999999999997,0.7499999999999999,-0.2,1.0
BIOMD0000000842,model,0.0935672514619882,0.0,0.8888888888888888,19,1,0.0,0.0,0.0,0.0,0.0,0.0,0.0,0.1777777777777771,0.8888888888888886,0.8888888888888888,-0.1,1.0
BIOMD0000000842,model,0.0997229916897506,0.0,0.9473684210526316,19,1,0.0,0.0,0.0,0.0,0.0,0.0,0.0,0.1894736842105255,0.9473684210526312,0.9473684210526314,-0.05,1.0
BIOMD0000000842,model,0.1052631578947368,0.0,1.0,19,1,0.0,0.0,0.0,0.0,0.0,0.0,0.0,0.1999999999999992,0.9999999999999996,1.0,0.0,1.0
BIOMD0000000842,model,0.100250626566416,0.0,0.9523809523809528,19,1,0.0,0.0,0.0,0.0,0.0,0.0,0.0,0.1904761904761898,0.9523809523809524,0.9523809523809526,0.05,1.0
BIOMD0000000842,model,0.0956937799043062,0.0,0.9090909090909094,19,1,0.0,0.0,0.0,0.0,0.0,0.0,0.0,0.1818181818181811,0.9090909090909092,0.9090909090909092,0.1,1.0
BIOMD0000000842,model,0.087719298245614,0.0,0.8333333333333335,19,1,0.0,0.0,0.0,0.0,0.0,0.0,0.0,0.166666666666666,0.8333333333333333,0.8333333333333335,0.2,1.0
BIOMD0000000842,model,0.0701754385964912,0.0,0.6666666666666669,19,1,0.0,0.0,0.0,0.0,0.0,0.0,0.0,0.1333333333333329,0.6666666666666667,0.6666666666666669,0.5,1.0
BIOMD0000000843,model,0.3117748267488956,0.0,0.9353244802466868,3,7,0.0,0.0,0.0,0.0,0.0,0.0,0.5611946881480121,0.7482595841973495,0.841792032222018,0.9166179906417532,-0.5,1.0
BIOMD0000000843,model,0.2970409631117033,0.0,0.9353362231751244,4,6,0.0,0.0,0.0,0.0,0.0,0.1264138146358444,0.5258310668330634,0.7305836450040939,0.8329599340896089,0.9148609653580212,-0.2,1.0
BIOMD0000000843,model,0.302026498831515,0.0,0.9353384571933614,4,6,0.0,0.0,0.0,0.0,0.0,0.1363837690663494,0.5377959057569641,0.7365671814751628,0.8359528193342618,0.9154613296215414,-0.1,1.0
BIOMD0000000843,model,0.3041899839645918,0.0,0.9353394035365652,4,6,0.0,0.0,0.0,0.0,0.0,0.140710266160901,0.5429880808077077,0.7391637421721364,0.8372515728543506,0.9157218374001224,-0.05,1.0
BIOMD0000000843,model,0.3061717782456346,0.0,0.9353402671455552,4,6,0.0,0.0,0.0,0.0,0.0,0.1446734229184916,0.5477442143604123,0.7415422407529837,0.838441253949269,0.9159604645062978,0.0,1.0
BIOMD0000000843,model,0.3079942836827151,0.0,0.9353410387137384,4,6,0.0,0.0,0.0,0.0,0.0,0.148318048008561,0.5521180730957689,0.7437295559047536,0.8395352973092458,0.9161798904328398,0.05,1.0
BIOMD0000000843,model,0.3096764161360739,0.0,0.9353417454032632,4,6,0.0,0.0,0.0,0.0,0.0,0.1516819595705162,0.5561550496459251,0.7457483975245941,0.8405450714639284,0.9163824106153962,0.1,1.0
BIOMD0000000843,model,0.2501449057619007,0.0,0.9353429937366216,5,5,0.0,0.0,0.0,0.0,0.0,0.0,0.4393738268056301,0.6873584102711259,0.8113507020038736,0.910544535390072,0.2,1.0
BIOMD0000000843,model,0.255674085500982,0.0,0.9353457720424369,5,5,0.0,0.0,0.0,0.0,0.0,0.0,0.4614888787784662,0.6984173254104514,0.816881548726444,0.9116529273792382,0.5,1.0
BIOMD0000000848,model,0.2749109269231807,0.0,0.9260489789964018,9,0,0.0,0.0,0.0,0.0,0.0,0.2405510922295406,0.4490669051728665,0.5462077612103707,0.736128370103386,0.8880648572177987,-0.5,1.0
BIOMD0000000848,model,0.6594105777965634,0.0,0.955309446672335,9,0,0.2592121748570813,0.5184243497141626,0.6580801667628159,0.6647799865095577,0.6685045764403036,0.7132109861298761,0.7684247756173348,0.8336373530498515,0.8944733998610932,0.9431422373100866,-0.2,1.0
BIOMD0000000848,model,0.789413618083753,0.2615863677589485,0.965249486097878,9,0,0.4745765617460068,0.6875667557330651,0.8005444411738278,0.8048661668053169,0.8061058575391534,0.8447202344769782,0.8838640330137296,0.9194992130800614,0.9423743495889696,0.9606744587960964,-0.1,1.0
BIOMD0000000848,model,0.8337350252075423,0.4307605382349788,0.9705524618650334,9,0,0.584621542048252,0.7384825458615252,0.8214343193862481,0.8254485004649723,0.8339203253564413,0.8518081946890944,0.9237600380844252,0.93880281709796,0.9546776394814966,0.967377497388326,-0.05,1.0
BIOMD0000000848,model,0.8595882448609207,0.5871313448256105,0.9860655085723866,9,0,0.6698966735739805,0.7526620023223506,0.8194255126973313,0.8363460766978618,0.840036286403665,0.8458384616053971,0.951977761129458,0.9783047123272642,0.9821851104498254,0.9852894289478744,0.0,1.0
BIOMD0000000848,model,0.8580509686160139,0.7320838090682901,0.9801112936769464,9,0,0.732649092439864,0.733214375811438,0.7868812267304013,0.8224706995525187,0.8363941451888228,0.8616225057103233,0.9339392654455736,0.9475431830548176,0.963827238365882,0.9768544826147334,0.05,1.0
BIOMD0000000848,model,0.838271827691433,0.6489792600629559,0.9834865698381692,9,0,0.6931635194243256,0.7373477787856952,0.7740341809677965,0.7837636959687407,0.8069164662617827,0.8596260009100563,0.8957338442187484,0.941238638185443,0.962362604011806,0.9792617766728964,0.1,1.0
BIOMD0000000848,model,0.7133990969532098,0.4801567065634132,0.9810222814597552,9,0,0.5131022933214959,0.5460478800795786,0.6185863561498233,0.6559634779439588,0.6670242903005971,0.7101895290118512,0.7961111271189089,0.8911618004158257,0.9360920409377904,0.9720362333553624,0.2,1.0
BIOMD0000000848,model,0.36215259444341,0.0,0.9494519256857604,9,0,0.0,0.0,0.0998807102403807,0.1664678504006345,0.1822125440978086,0.3761089081927778,0.5414718901978797,0.7701717506821091,0.8598118381839346,0.9315239081853952,0.5,1.0
BIOMD0000000849,model,0.0,0.0,0.0,12,1,0.0,0.0,0.0,0.0,0.0,0.0,0.0,0.0,0.0,0.0,-0.5,1.0
BIOMD0000000849,model,0.0,0.0,0.0,12,1,0.0,0.0,0.0,0.0,0.0,0.0,0.0,0.0,0.0,0.0,-0.2,1.0
BIOMD0000000849,model,0.0,0.0,0.0,12,1,0.0,0.0,0.0,0.0,0.0,0.0,0.0,0.0,0.0,0.0,-0.1,1.0
BIOMD0000000849,model,0.0,0.0,0.0,12,1,0.0,0.0,0.0,0.0,0.0,0.0,0.0,0.0,0.0,0.0,-0.05,1.0
BIOMD0000000849,model,0.0,0.0,0.0,12,1,0.0,0.0,0.0,0.0,0.0,0.0,0.0,0.0,0.0,0.0,0.0,1.0
BIOMD0000000849,model,0.0,0.0,0.0,12,1,0.0,0.0,0.0,0.0,0.0,0.0,0.0,0.0,0.0,0.0,0.05,1.0
BIOMD0000000849,model,0.0,0.0,0.0,12,1,0.0,0.0,0.0,0.0,0.0,0.0,0.0,0.0,0.0,0.0,0.1,1.0
BIOMD0000000849,model,0.0,0.0,0.0,12,1,0.0,0.0,0.0,0.0,0.0,0.0,0.0,0.0,0.0,0.0,0.2,1.0
BIOMD0000000849,model,0.0,0.0,0.0,12,1,0.0,0.0,0.0,0.0,0.0,0.0,0.0,0.0,0.0,0.0,0.5,1.0
BIOMD0000000850,model,0.8248525017805871,0.8085593016002363,0.8370101419363821,3,0,0.810602177620727,0.8126450536412176,0.816730805682199,0.8187736817026896,0.8208165577231803,0.8289880618051431,0.8338013098838865,0.8354057259101343,0.8362079339232582,0.8368497003337574,-0.5,1.0
BIOMD0000000850,model,0.9351131545103684,0.9183733011435103,0.9449407221813784,3,0,0.920738515049781,0.9231037289560516,0.9278341567685928,0.9301993706748636,0.9325645845811342,0.9420254402062168,0.9437746093913136,0.944357665786346,0.9446491939838622,0.944882416541875,-0.2,1.0
BIOMD0000000850,model,0.9655291459421876,0.9533945604954795,0.9725460904914852,3,0,0.9551197831298914,0.9568450057643032,0.960295451033127,0.9620206736675389,0.9637458963019504,0.9706467868395978,0.9717863690307302,0.9721662297611076,0.9723561601262964,0.9725081044184474,-0.1,1.0
BIOMD0000000850,model,0.9798276699874864,0.9703954083852546,0.9852742132544562,3,0,0.971737206379004,0.9730790043727534,0.9757626003602522,0.9771043983540016,0.978446196347751,0.9838133883227486,0.9846898832817732,0.9849820482681146,0.9851281307612856,0.985244996755822,-0.05,1.0
BIOMD0000000850,model,0.9888947680867368,0.9804231055563548,0.9935355303395385,3,0,0.981653361837151,0.9828836181179472,0.9853441306795396,0.986574386960336,0.9878046432411324,0.9927256683643172,0.99321158554945,0.993373557944494,0.9934545441420164,0.993519333100034,0.0,1.0
BIOMD0000000850,model,0.988016075744575,0.981620196961722,0.9918003453031692,3,0,0.9825209457624332,0.9834216945631442,0.9852231921645668,0.9861239409652778,0.987024689765989,0.9906276849688338,0.9913312811694348,0.991565813236302,0.9916830792697356,0.9917768920964825,0.05,1.0
BIOMD0000000850,model,0.978877211027358,0.9768627307308992,0.980338161830144,3,0,0.9771195317099124,0.9773763326889257,0.977889934646952,0.9781467356259652,0.9784035366049784,0.9794307405210314,0.9799751933064988,0.9801566775683214,0.9802474196992328,0.9803200134039616,0.1,1.0
BIOMD0000000850,model,0.95344294932641,0.9430478582548822,0.958957250196894,3,0,0.9445754463821394,0.9461030345093964,0.9491582107639108,0.950685798891168,0.9522133870184252,0.9583237395274536,0.9587038459291178,0.958830548063006,0.95889389912995,0.9589445799835052,0.2,1.0
BIOMD0000000850,model,0.8828808925651151,0.8428811450232505,0.903409299610444,3,0,0.8488282538270906,0.8547753626309306,0.8666695802386107,0.8726166890424507,0.8785637978462908,0.902352233061651,0.9029864729909268,0.9031978863006852,0.9033035929555646,0.903388158279468,0.5,1.0
BIOMD0000000851,model,0.5523691405133678,0.4293931436499512,0.6889569945665183,3,2,0.4403295576173195,0.4512659715846878,0.4731387995194244,0.4840752134867928,0.4950116274541611,0.5387572833236344,0.6288771100693648,0.6589170523179415,0.6739370234422298,0.6859530003416606,-0.5,1.0
BIOMD0000000851,model,0.5555458818176046,0.0,0.816553983372561,4,1,0.1020848182179397,0.2041696364358795,0.408339272871759,0.5104240910896987,0.6125089093076383,0.7028147719489286,0.7616600468159798,0.7891070150942704,0.8028304992334157,0.813809286544732,-0.2,1.0
BIOMD0000000851,model,0.6087863735454446,0.0,0.9026501736241423,4,1,0.1134312497266328,0.2268624994532657,0.4537249989065314,0.5671562486331642,0.6805874983597969,0.7662476602788182,0.8268322628777075,0.8647412182509249,0.8836956959375336,0.8988592780868205,-0.1,1.0
BIOMD0000000851,model,0.520105639723502,0.0,0.9445744971845784,5,0,0.0,0.0,0.0,0.0,0.1621772157237331,0.8108860786186659,0.8649689976883284,0.9047717474364534,0.924673122310516,0.940594222209766,-0.05,1.0
BIOMD0000000851,model,0.7594932620328573,0.4734032438836332,0.9857754633348724,5,0,0.4762018119190876,0.479000379954542,0.4845975160254507,0.487396084060905,0.5722780650321106,0.9118059889169328,0.9484235166413286,0.9670994899881006,0.9764374766614866,0.9839078660001952,0.0,1.0
BIOMD0000000851,model,0.9042942315257694,0.823992926087965,0.9737283377959244,5,0,0.8260811335355107,0.8281693409830563,0.8323457558781475,0.8344339633256932,0.8563871315002047,0.9441998041982508,0.950838568535996,0.9622834531659604,0.9680058954809424,0.972583849332928,0.05,1.0
BIOMD0000000851,model,0.7075042325738516,0.4769088624405259,0.9339189855331438,5,0,0.4897678082574665,0.5026267540744072,0.5283446457082884,0.5412035915252291,0.5869305164952703,0.769838216375435,0.8393050027025679,0.8866119941178559,0.9102654898254998,0.929188286391615,0.1,1.0
BIOMD0000000851,model,0.3627640647420914,0.0,0.8562920728443746,5,0,0.0205508197886817,0.0411016395773635,0.0822032791547271,0.1027540989434089,0.148701332762932,0.3324902680410248,0.5890855216741941,0.7226887972592844,0.7894904350518295,0.8429317452858656,0.2,1.0
BIOMD0000000851,model,0.1276413694171566,0.0,0.638206847085783,5,0,0.0,0.0,0.0,0.0,0.0,0.0,0.1276413694171567,0.3829241082514699,0.5105654776686264,0.6126785732023516,0.5,1.0
BIOMD0000000852,model,0.164158453707498,0.0,0.4924881106525909,6,0,0.0,0.0,0.0,0.0,0.0,0.0,0.4924626115923974,0.4924753611224942,0.4924817358875425,0.4924868356995813,-0.5,1.0
BIOMD0000000852,model,0.2622616399744727,0.0,0.7879809899822848,6,0,0.0,0.0,0.0,0.0,0.0,0.0,0.7855888498645515,0.7867849199234181,0.7873829549528515,0.7878613829763982,-0.2,1.0
BIOMD0000000852,model,0.2543981192497884,0.0,0.8864786170635075,6,0,0.0,0.0,0.0,0.0,0.0,0.0,0.6399100984352234,0.7631943577493654,0.8248364874064364,0.8741501911320934,-0.1,1.0
BIOMD0000000852,model,0.2501491290074605,0.0,0.935727430694648,6,0,0.0,0.0,0.0,0.0,0.0,0.0,0.565167343350115,0.7504473870223816,0.8430874088585149,0.9171994263274216,-0.05,1.0
BIOMD0000000852,model,0.2461267557389404,0.0,0.9849762444096514,6,0,0.0,0.0,0.0,0.0,0.0,0.0,0.4917842900239911,0.7383802672168213,0.8616782558132363,0.9603166466903684,0.0,1.0
BIOMD0000000852,model,0.2278576712182255,0.0,0.9493363836322654,6,0,0.0,0.0,0.0,0.0,0.0,0.0,0.4178096436770875,0.6835730136546765,0.8164546986434709,0.9227600466345066,0.05,1.0
BIOMD0000000852,model,0.2070910214577683,0.0,0.8993381115153782,6,0,0.0,0.0,0.0,0.0,0.0,0.0,0.343208017231232,0.6212730643733051,0.7603055879443417,0.871531606801171,0.1,1.0
BIOMD0000000852,model,0.166053256607527,0.0,0.799321678926879,6,0,0.0,0.0,0.0,0.0,0.0,0.0,0.196997860718283,0.498159769822581,0.6487407243747301,0.7692054880164493,0.2,1.0
BIOMD0000000852,model,0.0832064797243548,0.0,0.4992388783461292,6,0,0.0,0.0,0.0,0.0,0.0,0.0,0.0,0.2496194391730646,0.3744291587595968,0.4742769344288228,0.5,1.0
BIOMD0000000853,model,0.1550174844174892,0.0,0.6252278319634283,9,0,0.0,0.0,0.0,0.0,0.0,0.0021454548137116,0.2887370676329759,0.5023872730904916,0.5638075525269599,0.6129437760761347,-0.5,1.0
BIOMD0000000853,model,0.1715054916018098,0.0,0.5683963394204905,9,0,0.0,0.0,0.0,0.0,0.0043739886485289,0.0382663481343405,0.3261517672958901,0.4850193479991616,0.5267078437098259,0.5600586402783576,-0.2,1.0
BIOMD0000000853,model,0.1721065771054876,0.0,0.5575809996588541,9,0,0.0,0.0,0.0,0.0,0.011656109010339,0.0507073436610639,0.3413700640531324,0.4817696650419933,0.5196753323504237,0.549999866197168,-0.1,1.0
BIOMD0000000853,model,0.1739441082566862,0.0,0.5530285237185643,9,0,0.0,0.0,0.0,0.0,0.0154091077431611,0.0568701035902598,0.3509355239497885,0.4803306887409405,0.5166796062297524,0.5457587402208018,-0.05,1.0
BIOMD0000000853,model,0.1742100046430858,0.0,0.548940532382873,9,0,0.0,0.0,0.0,0.0,0.0189964525963659,0.0630449735626392,0.3605219494837187,0.4790323268843252,0.5139864296335991,0.5419497118330182,0.0,1.0
BIOMD0000000853,model,0.1714290223455538,0.0,0.5453030736329665,9,0,0.0,0.0,0.0,0.0,0.022689085435382,0.0692110110992222,0.3701441952983206,0.4778650437346685,0.5115840586838174,0.5385592706431367,0.05,1.0
BIOMD0000000853,model,0.1697975327442364,0.0,0.5420136555434207,9,0,0.0,0.0,0.0,0.0,0.0233768402140421,0.0659385849720905,0.3797609782673914,0.4767857353262397,0.5093996954348302,0.5354908635217026,0.1,1.0
BIOMD0000000853,model,0.1712605882147973,0.0,0.5362682129653815,9,0,0.0,0.0,0.0,0.0,0.0069862082610272,0.0818551764026306,0.3990473518193002,0.4749022395145825,0.505585226239982,0.5301316156203016,0.2,1.0
BIOMD0000000853,model,0.187222706372229,0.0,0.5236324210236672,9,0,0.0,0.0,0.0,0.0,0.0,0.1224446258907179,0.4572288129399801,0.4708354006835857,0.4972339108536264,0.5183527189896591,0.5,1.0
BIOMD0000000854,model,0.9996434335914678,0.9994663970319156,0.99982047015102,2,2,0.9994841006878707,0.999501804343826,0.9995372116557364,0.9995549153116916,0.9995726189676468,0.9996434335914678,0.9997496555271992,0.9997850628391096,0.9998027664950648,0.9998169294198288,-0.5,1.0
BIOMD0000000854,model,0.9989946199742386,0.99828846585454,0.9998204708827692,4,0,0.9983634421474152,0.9984384184402906,0.9985883710260413,0.9986633473189166,0.9987383236117918,0.9989347715798226,0.9993769295646696,0.9995987002237192,0.9997095855532442,0.999798293816864,-0.2,1.0
BIOMD0000000854,model,0.9987342371763392,0.997721924296946,0.99982047154375,4,0,0.997838901889628,0.99795587948231,0.998189834667674,0.9983068122603558,0.9984237898530376,0.9986972764323304,0.9992638553874008,0.9995421634655756,0.9996813175046628,0.9997926407359324,-0.1,1.0
BIOMD0000000854,model,0.9986002763052289,0.9974122616367624,0.9998204528766036,4,0,0.9975558289936464,0.99769939635053,0.9979865310642976,0.9981300984211814,0.9982736657780652,0.9985841953537744,0.9992075891655782,0.999514021021091,0.9996672369488472,0.9997898096910524,-0.05,1.0
BIOMD0000000854,model,0.9984348501183852,0.9969998287137782,0.9998204556995136,4,0,0.9971817328856858,0.9973636370575932,0.9977274454014082,0.9979093495733158,0.9980912537452232,0.998459558030124,0.9991521380000576,0.9994862968497856,0.9996533762746496,0.9997870398145408,0.0,1.0
BIOMD0000000854,model,0.9982975032112924,0.996695931778247,0.9998204726641488,4,0,0.9969001843201016,0.9971044368619564,0.997512941945666,0.9977171944875208,0.9979214470293756,0.9983368042013868,0.9990977848729564,0.9994591287685528,0.9996398007163508,0.9997843382745892,0.05,1.0
BIOMD0000000854,model,0.998233484813957,0.9966960240500118,0.9998204709354254,4,0,0.9968748674004468,0.9970537107508818,0.997411397451752,0.9975902408021868,0.997769084152622,0.9982087221351952,0.9990456671046574,0.9994330690200414,0.9996267699777334,0.999781730743887,0.1,1.0
BIOMD0000000854,model,0.9980988018859256,0.996696347074716,0.9998204697849374,4,0,0.9968234198886764,0.9969504927026366,0.9972046383305572,0.9973317111445176,0.997458783958478,0.9979391953420242,0.9989291228237333,0.9993747963043352,0.9995976330446364,0.9997759024368772,0.2,1.0
BIOMD0000000854,model,0.997679035226886,0.9966187121087768,0.9998204704622424,4,0,0.9966304005379094,0.996642088967042,0.9966654658253074,0.99667715425444,0.9966888426835726,0.9971384791682624,0.9984763822050154,0.999148426333629,0.9994844483979358,0.9997532660493812,0.5,1.0
BIOMD0000000855,model,0.5860468253576095,0.0,0.8497912257538005,4,0,0.1102403684142723,0.2204807368285447,0.4409614736570894,0.5512018420713617,0.661442210485634,0.747198037838319,0.7955926620504136,0.822691943902107,0.8362415848279537,0.8470812975686312,-0.5,1.0
BIOMD0000000855,model,0.5752672384575002,0.0881380503772643,0.8489122306043805,4,0,0.1699132135008968,0.2516883766245293,0.4152387028717943,0.4970138659954267,0.5787890291190592,0.6820093364241779,0.7779926132298771,0.8134524219171289,0.8311823262607546,0.8453662497356553,-0.2,1.0
BIOMD0000000855,model,0.6242275998938576,0.2760114764228324,0.8932883294977209,4,0,0.3204491160686964,0.3648867557145604,0.4537620350062883,0.4981996746521523,0.5426373142980162,0.6638052968274385,0.8105242435548592,0.8519062865262901,0.8725973080120054,0.8891501252005778,-0.1,1.0
BIOMD0000000855,model,0.5829314212134795,0.1063081731578335,0.9167217126408924,4,0,0.1716244085063444,0.2369406438548553,0.367573114551877,0.4328893499003879,0.4982055852488987,0.6543478995275961,0.8268563192007287,0.8717890159208106,0.8942553642808514,0.9122284429688842,-0.05,1.0
BIOMD0000000855,model,0.5526553467159798,0.0,0.9258809521529004,4,0,0.0760070789862235,0.152014157972447,0.304028315944894,0.3800353949311175,0.4560424739173409,0.6423702173555095,0.8371683257428775,0.8815246389478889,0.9037027955503946,0.9214453208323992,0.0,1.0
BIOMD0000000855,model,0.5387889154920742,0.0,0.8925442179198138,4,0,0.0710953840977662,0.1421907681955325,0.284381536391065,0.3554769204888313,0.4265723045865975,0.6313057220242414,0.8302030172059502,0.861373617562882,0.8769589177413478,0.8894271578841205,0.05,1.0
BIOMD0000000855,model,0.5243395077792351,0.0,0.8585199937131671,4,0,0.0660178801814827,0.1320357603629654,0.2640715207259309,0.3300894009074135,0.3961072810888962,0.6194190187018865,0.8226392992016,0.8405796464573835,0.8495498200852752,0.8567259589875887,0.1,1.0
BIOMD0000000855,model,0.4642024065763716,0.0,0.7882404124413617,4,0,0.0558295788564603,0.1116591577129207,0.2233183154258414,0.2791478942823018,0.3349774731387621,0.5342846069320623,0.733119377869178,0.7606798951552698,0.7744601537983157,0.7854843607127525,0.2,1.0
BIOMD0000000855,model,0.3631365131215172,0.0,0.7391738548618281,4,0,0.0229974012945332,0.0459948025890664,0.0919896051781329,0.1149870064726661,0.1379844077671994,0.3566860988121203,0.6317032553411428,0.6854385551014854,0.7123062049816566,0.7338003248857937,0.5,1.0
BIOMD0000000861,model,0.1512015548843889,0.0,0.995759959482396,19,7,0.0,0.0,0.0,0.0,0.0,0.0,0.2616726723167208,0.5412741573118742,0.6761252950361961,0.9318330265931564,-0.5,1.0
BIOMD0000000861,model,0.1223340343536888,0.0,0.9947703892205928,19,7,0.0,0.0,0.0,0.0,0.0,0.0,0.1055325741633625,0.5067348943153516,0.6542257704504826,0.9266614654665708,-0.2,1.0
BIOMD0000000861,model,0.1204794810707301,0.0,0.9945133591683678,19,7,0.0,0.0,0.0,0.0,0.0,0.0,0.0637327464779679,0.5423580203666014,0.6497134170006269,0.92555337073482,-0.1,1.0
BIOMD0000000861,model,0.1208731421483857,0.0,0.9943940522852404,19,7,0.0,0.0,0.0,0.0,0.0,0.0,0.0620772888968458,0.5529503608427209,0.6477698641693878,0.92506921466207,-0.05,1.0
BIOMD0000000861,model,0.1210597073316045,0.0,0.9942800188203368,19,7,0.0,0.0,0.0,0.0,0.0,0.0,0.0607095949351505,0.5597388186747275,0.6459994969432721,0.9246239144449242,0.0,1.0
BIOMD0000000861,model,0.1210535631761217,0.0,0.9941706967124718,19,7,0.0,0.0,0.0,0.0,0.0,0.0,0.059422904156012,0.5633085732776378,0.6443818675576403,0.9242129308815058,0.05,1.0
BIOMD0000000861,model,0.1209029467395966,0.0,0.994065617617412,19,7,0.0,0.0,0.0,0.0,0.0,0.0,0.0583901266244578,0.5641303560271458,0.6428990124047539,0.9238322965748808,0.1,1.0
BIOMD0000000861,model,0.1242667168107629,0.0,0.9938666376049649,19,7,0.0,0.0,0.0,0.0,0.0,0.0,0.1018101175415475,0.5590045599635011,0.6402778040445255,0.9231488708928772,0.2,1.0
BIOMD0000000861,model,0.1277591774927443,0.0,0.9933397259528456,19,7,0.0,0.0,0.0,0.0,0.0,0.0,0.1676932127198605,0.5066410393467216,0.6343995306668876,0.9215516868956544,0.5,1.0
BIOMD0000000863,model,0.0,0.0,0.0,4,2,0.0,0.0,0.0,0.0,0.0,0.0,0.0,0.0,0.0,0.0,-0.5,1.0
BIOMD0000000863,model,0.0,0.0,0.0,4,2,0.0,0.0,0.0,0.0,0.0,0.0,0.0,0.0,0.0,0.0,-0.2,1.0
BIOMD0000000863,model,0.0,0.0,0.0,4,2,0.0,0.0,0.0,0.0,0.0,0.0,0.0,0.0,0.0,0.0,-0.1,1.0
BIOMD0000000863,model,0.0,0.0,0.0,4,2,0.0,0.0,0.0,0.0,0.0,0.0,0.0,0.0,0.0,0.0,-0.05,1.0
BIOMD0000000863,model,0.0,0.0,0.0,4,2,0.0,0.0,0.0,0.0,0.0,0.0,0.0,0.0,0.0,0.0,0.0,1.0
BIOMD0000000863,model,0.0,0.0,0.0,4,2,0.0,0.0,0.0,0.0,0.0,0.0,0.0,0.0,0.0,0.0,0.05,1.0
BIOMD0000000863,model,0.0,0.0,0.0,4,2,0.0,0.0,0.0,0.0,0.0,0.0,0.0,0.0,0.0,0.0,0.1,1.0
BIOMD0000000863,model,0.0,0.0,0.0,4,2,0.0,0.0,0.0,0.0,0.0,0.0,0.0,0.0,0.0,0.0,0.2,1.0
BIOMD0000000863,model,0.0,0.0,0.0,4,2,0.0,0.0,0.0,0.0,0.0,0.0,0.0,0.0,0.0,0.0,0.5,1.0
BIOMD0000000867,model,0.4553787698831918,0.0,0.7408063256152285,10,0,0.1472978281083744,0.2945956562167489,0.3561108090325779,0.3797717345739893,0.4094093645922442,0.4911829359083313,0.5798428931072805,0.6205876653258016,0.6806969954705149,0.7287844595862858,-0.5,1.0
BIOMD0000000867,model,0.6813452844466704,0.0,0.874470456243112,10,0,0.2612342753503102,0.5224685507006204,0.6568316104101571,0.683734810475483,0.697820621258809,0.7459083552002467,0.832819549143847,0.8584642558747522,0.8664673560589321,0.872869836206276,-0.2,1.0
BIOMD0000000867,model,0.7389088568460552,0.0,0.9368377794255508,10,0,0.2937616906487094,0.5875233812974189,0.7232110576074001,0.7447382548462287,0.7518039246014996,0.8133866762255847,0.90422713615692,0.9227759752833804,0.9298068773544657,0.9354315990113335,-0.1,1.0
BIOMD0000000867,model,0.7608623306446957,0.0,0.9673309700759434,10,0,0.3100153692408255,0.6200307384816511,0.730434874909891,0.743216106391815,0.7475419985906527,0.8376333349295099,0.9327648229872328,0.9517121283184912,0.9595215491972172,0.9657690859001982,-0.05,1.0
BIOMD0000000867,model,0.7752592266284449,0.0,0.9999564283367302,10,0,0.3205811842338057,0.6411623684676115,0.7225019763906133,0.7289721906984572,0.736073871310606,0.8446796727016709,0.9805520179374354,0.986765213797482,0.993360821067106,0.9986373068828054,0.0,1.0
BIOMD0000000867,model,0.7619471533647257,0.0,0.9615380630323608,10,0,0.3041773649467225,0.6083547298934451,0.7278403005825614,0.7458891880543922,0.7550264151882575,0.8374353227020237,0.937339097523994,0.9511650134796468,0.9563515382560038,0.9605007580770892,0.05,1.0
BIOMD0000000867,model,0.7401512293712115,0.0,0.9347085850318138,10,0,0.2884384991510241,0.5768769983020483,0.720845211251913,0.7418814467202631,0.7438048246509567,0.8199037585034615,0.9024857097041896,0.91460746937389,0.9246580272028518,0.9326984734660214,0.1,1.0
BIOMD0000000867,model,0.6842274896947991,0.0,0.8699921007295812,10,0,0.2587993851672636,0.5175987703345272,0.6256594761826608,0.6495211679218471,0.6697248339374487,0.7683694256631121,0.8693671074987256,0.8696611481875878,0.8698266244585845,0.8699590054753819,0.2,1.0
BIOMD0000000867,model,0.4693535786298709,0.0,0.740812766993643,10,0,0.0719978100257106,0.1439956200514212,0.2916789346050079,0.3447210061384149,0.3809390243520046,0.5143737396023836,0.6791816907964762,0.7073202741069347,0.7240665205502888,0.7374635177049721,0.5,1.0
BIOMD0000000873,model,0.1306535319701196,0.0,0.9324275283343236,26,3,0.0,0.0,0.0,0.0,0.0,0.0,0.2469264651344145,0.5072933249719905,0.6134935792546856,0.8596125487902639,-0.5,1.0
BIOMD0000000873,model,0.1166582051534373,0.0,0.9312263242665908,26,3,0.0,0.0,0.0,0.0,0.0,0.0,0.074832610224196,0.5795620896369094,0.7115544574081148,0.8821825481303844,-0.2,1.0
BIOMD0000000873,model,0.1197315342507063,0.0,0.9310113268485324,26,3,0.0,0.0,0.0,0.0,0.0,0.0,0.0752474781495017,0.5784939854610337,0.7789806272303766,0.9044982862991214,-0.1,1.0
BIOMD0000000873,model,0.121327370456002,0.0,0.930922238723915,26,3,0.0,0.0,0.0,0.0,0.0,0.0,0.0754017497108807,0.5780595823789848,0.8127158553905719,0.9156772183817974,-0.05,1.0
BIOMD0000000873,model,0.1229501511044939,0.0,0.9308430091680532,26,3,0.0,0.0,0.0,0.0,0.0,0.0,0.0755265778709245,0.5776783848937711,0.8464616950289866,0.926867014338186,0.0,1.0
BIOMD0000000873,model,0.1233484271933687,0.0,0.9307722582776042,26,3,0.0,0.0,0.0,0.0,0.0,0.0,0.0756254892337803,0.5773428851722269,0.8559276084643704,0.9299698029487572,0.05,1.0
BIOMD0000000873,model,0.1213504202468777,0.0,0.9307088606984756,26,3,0.0,0.0,0.0,0.0,0.0,0.0,0.0757014384442024,0.5770469737493229,0.818345583529013,0.917395410664701,0.1,1.0
BIOMD0000000873,model,0.1173901718946215,0.0,0.9306005663595996,26,3,0.0,0.0,0.0,0.0,0.0,0.0,0.0757940100709286,0.5765546830431336,0.74314551363618,0.8922483706507417,0.2,1.0
BIOMD0000000873,model,0.1056930669668221,0.0,0.930381214733466,26,3,0.0,0.0,0.0,0.0,0.0,0.0,0.072766216119832,0.4933570534591542,0.6083147807191135,0.8580318403936735,0.5,1.0
BIOMD0000000875,model,0.0,0.0,0.0,4,0,0.0,0.0,0.0,0.0,0.0,0.0,0.0,0.0,0.0,0.0,-0.5,1.0
BIOMD0000000875,model,0.1773798901776784,0.0,0.7095195607107138,4,0,0.0,0.0,0.0,0.0,0.0,0.0,0.2838078242842857,0.4966636924974997,0.6030916266041064,0.6882339738893921,-0.2,1.0
BIOMD0000000875,model,0.2174301019619499,0.0,0.8697204078477999,4,0,0.0,0.0,0.0,0.0,0.0,0.0,0.3478881631391203,0.6088042854934601,0.7392623466706296,0.8436287956123657,-0.1,1.0
BIOMD0000000875,model,0.2346771772067609,0.0,0.9387087088270436,4,0,0.0,0.0,0.0,0.0,0.0,0.0,0.3754834835308178,0.6570960961789307,0.7979024025029868,0.9105474475622322,-0.05,1.0
BIOMD0000000875,model,0.8176604808395325,0.7320934231474849,0.9979810728933898,4,0,0.7377087577457573,0.7433240923440295,0.7545547615405741,0.7601700961388465,0.7657854307371188,0.7702837136586276,0.8618154932661289,0.9298982830797594,0.9639396779865744,0.9911727939120268,0.0,1.0
BIOMD0000000875,model,0.2348293331004828,0.0,0.9393173324019312,4,0,0.0,0.0,0.0,0.0,0.0,0.0,0.3757269329607728,0.657522132681352,0.7984197325416411,0.911137812429873,0.05,1.0
BIOMD0000000875,model,0.2211041404825457,0.0,0.884416561930183,4,0,0.0,0.0,0.0,0.0,0.0,0.0,0.3537666247720735,0.6190915933511283,0.7517540776406553,0.8578840650722773,0.1,1.0
BIOMD0000000875,model,0.1957211974133566,0.0,0.7828847896534264,4,0,0.0,0.0,0.0,0.0,0.0,0.0,0.3131539158613708,0.5480193527573987,0.6654520712054122,0.7593982459638234,0.2,1.0
BIOMD0000000875,model,0.124804798983446,0.0,0.499219195933784,4,0,0.0,0.0,0.0,0.0,0.0,0.0,0.1996876783735137,0.3494534371536488,0.4243363165437162,0.4842426200557703,0.5,1.0
BIOMD0000000877,model,0.8186239665955359,0.3688149311135636,0.9999287689217302,4,0,0.4554303507241637,0.5420457703347639,0.7152766095559642,0.8018920291665643,0.8885074487771644,0.952876083173425,0.9756721702662634,0.9878004695939968,0.9938646192578636,0.9987159389889568,-0.5,1.0
BIOMD0000000877,model,0.8894308563830381,0.6449055315440806,0.9998808229549208,4,0,0.6908930937650137,0.7368806559859469,0.8288557804278132,0.8748433426487462,0.9208309048696792,0.9564685355165754,0.976821003991678,0.9883509134732994,0.99411586821411,0.9987278320067589,-0.2,1.0
BIOMD0000000877,model,0.903628162423708,0.7007470469874907,0.9998528006983596,4,0,0.7381643609108558,0.7755816748342209,0.8504163026809511,0.8878336166043163,0.9252509305276811,0.9569564010044908,0.978171317598778,0.9890120591485688,0.994432429923464,0.9987687265433804,-0.1,1.0
BIOMD0000000877,model,0.9097941850702896,0.7250891348688108,0.9998490668268832,4,0,0.7587774484970683,0.7924657621253257,0.8598423893818408,0.8935307030100982,0.9272190166383556,0.957119269292732,0.9786760144477152,0.9892625406372992,0.9945558037320912,0.9987904142079248,-0.05,1.0
BIOMD0000000877,model,0.91549573431803,0.7475303050330371,0.9998375681133208,4,0,0.7777984184952649,0.8080665319574927,0.8686027588819483,0.898870872344176,0.9291389858064036,0.9573075320628812,0.9791134288520524,0.9894754984826868,0.9946565332980036,0.9988013611502574,0.0,1.0
BIOMD0000000877,model,0.920734362447826,0.7683328689240189,0.9998365322087756,4,0,0.7954178646641675,0.8225028604043163,0.8766728518846137,0.9037578476247624,0.9308428433649112,0.9573840243292552,0.9794557377636102,0.9896461349861928,0.9947413335974842,0.9988174924865172,0.05,1.0
BIOMD0000000877,model,0.9256250948445326,0.7877186482314028,0.9998215873684896,4,0,0.8118488749100343,0.8359791015886658,0.8842395549459289,0.9083697816245604,0.932500008303192,0.957480071889119,0.9797526255609708,0.98978710646473,0.9948043469166098,0.9988181392781136,0.1,1.0
BIOMD0000000877,model,0.9344800875610804,0.8229728201288594,0.9998032677324912,4,0,0.8417403373706636,0.8605078546124677,0.898042889096076,0.91681040633788,0.9355779235796842,0.9575721311914852,0.9801541034782464,0.9899786856053688,0.99489097666893,0.998820809519779,0.2,1.0
BIOMD0000000877,model,0.955906054863721,0.90899258548593,0.999738921757852,4,0,0.9147430838077556,0.9204935821295808,0.9319945787732318,0.9377450770950572,0.9434955754168828,0.9574463561055512,0.9804336514509424,0.9900862866043972,0.9949126041811246,0.9987736582425064,0.5,1.0
BIOMD0000000880,model,0.2488450339250296,0.0,0.9953801357001184,4,0,0.0,0.0,0.0,0.0,0.0,0.0,0.3981520542800477,0.6967660949900831,0.8460731153451003,0.9655187316291146,-0.5,1.0
BIOMD0000000880,model,0.2494298195035013,0.0,0.9977192780140052,4,0,0.0,0.0,0.0,0.0,0.0,0.0,0.3990877112056025,0.6984034946098039,0.8480613863119042,0.9677876996735848,-0.2,1.0
BIOMD0000000880,model,0.2494714117945931,0.0,0.9978856471783724,4,0,0.0,0.0,0.0,0.0,0.0,0.0,0.3991542588713493,0.6985199530248609,0.8482028001016162,0.9679490777630212,-0.1,1.0
BIOMD0000000880,model,0.249481650474508,0.0,0.997926601898032,4,0,0.0,0.0,0.0,0.0,0.0,0.0,0.3991706407592131,0.6985486213286225,0.8482376116133268,0.9679888038410908,-0.05,1.0
BIOMD0000000880,model,0.2494865949028332,0.0,0.9979463796113328,4,0,0.0,0.0,0.0,0.0,0.0,0.0,0.3991785518445335,0.6985624657279332,0.8482544226696327,0.9680079882229928,0.0,1.0
BIOMD0000000880,model,0.2494871040372915,0.0,0.9979484161491662,4,0,0.0,0.0,0.0,0.0,0.0,0.0,0.3991793664596668,0.6985638913044165,0.8482561537267909,0.9680099636646908,0.05,1.0
BIOMD0000000880,model,0.2494841063153206,0.0,0.9979364252612823,4,0,0.0,0.0,0.0,0.0,0.0,0.0,0.3991745701045133,0.6985554976828978,0.8482459614720896,0.9679983325034436,0.1,1.0
BIOMD0000000880,model,0.2494694341015618,0.0,0.9978777364062472,4,0,0.0,0.0,0.0,0.0,0.0,0.0,0.3991510945624992,0.6985144154843732,0.8481960759453098,0.9679414043140596,0.2,1.0
BIOMD0000000880,model,0.2493797354623986,0.0,0.9975189418495946,4,0,0.0,0.0,0.0,0.0,0.0,0.0,0.3990075767398381,0.6982632592947164,0.847891100572155,0.9675933735941064,0.5,1.0
BIOMD0000000887,model,0.1098217908610091,0.0,0.4392871634440364,4,0,0.0,0.0,0.0,0.0,0.0,0.0,0.1757148653776147,0.3075010144108255,0.3733940889274307,0.4261085485407152,-0.5,1.0
BIOMD0000000887,model,0.1180567956338373,0.0,0.4722271825353494,4,0,0.0,0.0,0.0,0.0,0.0,0.0,0.1888908730141399,0.3305590277747446,0.4013931051550468,0.4580603670592888,-0.2,1.0
BIOMD0000000887,model,0.1206262597407833,0.0,0.4825050389631334,4,0,0.0,0.0,0.0,0.0,0.0,0.0,0.1930020155852535,0.3377535272741935,0.4101292831186632,0.4680298877942392,-0.1,1.0
BIOMD0000000887,model,0.1218943745208489,0.0,0.4875774980833959,4,0,0.0,0.0,0.0,0.0,0.0,0.0,0.1950309992333585,0.3413042486583772,0.4144408733708863,0.4729501731408939,-0.05,1.0
BIOMD0000000887,model,0.1230782879654261,0.0,0.4923131518617044,4,0,0.0,0.0,0.0,0.0,0.0,0.0,0.1969252607446819,0.3446192063031932,0.4184661790824486,0.4775437573058532,0.0,1.0
BIOMD0000000887,model,0.1242486981713024,0.0,0.4969947926852097,4,0,0.0,0.0,0.0,0.0,0.0,0.0,0.198797917074084,0.3478963548796469,0.4224455737824281,0.4820849489046533,0.05,1.0
BIOMD0000000887,model,0.1254063634634219,0.0,0.5016254538536876,4,0,0.0,0.0,0.0,0.0,0.0,0.0,0.2006501815414752,0.3511378176975814,0.4263816357756343,0.4865766902380768,0.1,1.0
BIOMD0000000887,model,0.1276169812768242,0.0,0.5104679251072971,4,0,0.0,0.0,0.0,0.0,0.0,0.0,0.204187170042919,0.3573275475751081,0.4338977363412024,0.495153887354078,0.2,1.0
BIOMD0000000887,model,0.1324106217718254,0.0,0.5296424870873018,4,0,0.0,0.0,0.0,0.0,0.0,0.0,0.2118569948349209,0.3707497409611113,0.4501961140242063,0.5137532124746826,0.5,1.0
BIOMD0000000888,model,0.2944602177643817,0.0,0.9984531779246092,4,0,0.0,0.0,0.0,0.0,0.0,0.0896938465664587,0.5070138870495945,0.7527335324871018,0.8755933552058551,0.9738812133808582,-0.5,1.0
BIOMD0000000888,model,0.2925773744900686,0.0,0.9990051624471984,4,0,0.0,0.0,0.0,0.0,0.0,0.0856521677565381,0.5023846662867254,0.7506949143669619,0.8748500384070796,0.9741741376391744,-0.2,1.0
BIOMD0000000888,model,0.2918813435643367,0.0,0.9989839651808254,4,0,0.0,0.0,0.0,0.0,0.0,0.0842707045382606,0.5007184315182434,0.7498511983495344,0.8744175817651796,0.974070688497696,-0.1,1.0
BIOMD0000000888,model,0.2915217768091665,0.0,0.9989730648663772,4,0,0.0,0.0,0.0,0.0,0.0,0.0835570211851444,0.4998576513687245,0.7494153581175509,0.8741942114919636,0.9740172941914944,-0.05,1.0
BIOMD0000000888,model,0.2911702767907594,0.0,0.9989619628723004,4,0,0.0,0.0,0.0,0.0,0.0,0.0828595721453686,0.4990162717233628,0.7489891172978317,0.8739755400850657,0.9739646783148534,0.0,1.0
BIOMD0000000888,model,0.2908086901783588,0.0,0.9989506441761792,4,0,0.0,0.0,0.0,0.0,0.0,0.0821420582686281,0.4981507275928258,0.7485506858845025,0.8737506650303405,0.9739106483470112,0.05,1.0
BIOMD0000000888,model,0.2904381788891265,0.0,0.9989006984799134,4,0,0.0,0.0,0.0,0.0,0.0,0.0814260085382963,0.4972714896379213,0.7480860940589174,0.8734933962694149,0.9738192380378136,0.1,1.0
BIOMD0000000888,model,0.2896962554540643,0.0,0.9988405721729398,4,0,0.0,0.0,0.0,0.0,0.0,0.0799722248216586,0.4955028986551666,0.7471717354140532,0.8730061537934961,0.9736736884970508,0.2,1.0
BIOMD0000000888,model,0.2871789971901215,0.0,0.9977386956813248,4,0,0.0,0.0,0.0,0.0,0.0,0.0754886465395806,0.489681854120027,0.7437102749006759,0.870724485291,0.9723358536032596,0.5,1.0
BIOMD0000000889,model,0.4108838116984101,0.0,0.9991391822488204,12,0,0.0,0.0,0.0,0.0,0.0,0.4250908581870264,0.908330926225212,0.9991174162408908,0.9991373488261124,0.9991388155642787,-0.5,1.0
BIOMD0000000889,model,0.4101535268641255,0.0,0.9996531850931388,12,0,0.0,0.0,0.0,0.0,0.0,0.4201044975456389,0.9087096918118538,0.9994608803892364,0.9995474892911564,0.9996320459327424,-0.2,1.0
BIOMD0000000889,model,0.4100172886741181,0.0,0.9997850699223852,12,0,0.0,0.0,0.0,0.0,0.0,0.4191740456199364,0.908752547131034,0.999520634054872,0.9996396869388904,0.9997559933256862,-0.1,1.0
BIOMD0000000889,model,0.4099598313560084,0.0,0.9998407888449412,12,0,0.0,0.0,0.0,0.0,0.0,0.4187816117687751,0.9087705934376636,0.9995458045707778,0.9996785984312192,0.9998083507621968,-0.05,1.0
BIOMD0000000889,model,0.4099080721634995,0.0,0.999891032260598,12,0,0.0,0.0,0.0,0.0,0.0,0.4184280838412701,0.9087868361069532,0.9995684636514036,0.9997136655037672,0.9998555589092318,0.0,1.0
BIOMD0000000889,model,0.4098612035334066,0.0,0.9999365697412635,12,0,0.0,0.0,0.0,0.0,0.0,0.4181079493898166,0.9088015326670854,0.9995889693109572,0.9997454312143756,0.999898342035886,0.05,1.0
BIOMD0000000889,model,0.4098185636150643,0.0,0.9999780330564226,12,0,0.0,0.0,0.0,0.0,0.0,0.4178166903846213,0.9088148938451576,0.9996076146021368,0.9997743409158394,0.999937294628306,0.1,1.0
BIOMD0000000889,model,0.4097354126878882,0.0,0.9999492548445672,12,0,0.0,0.0,0.0,0.0,0.0,0.4173064646037798,0.908838277439848,0.9996402525336172,0.9997793355194142,0.9999152709795368,0.2,1.0
BIOMD0000000889,model,0.409543982086578,0.0,0.999788602988669,12,0,0.0,0.0,0.0,0.0,0.0,0.4161816212689908,0.9088897282187784,0.9997120948614644,0.9997465439746512,0.9997801911858656,0.5,1.0
BIOMD0000000891,model,0.8355937702119691,0.5959204061455986,0.9832422106193178,3,0,0.6290902349181379,0.662260063690677,0.7285997212357556,0.7617695500082947,0.7949393787808339,0.9276186938709908,0.960992803919987,0.9721175072696524,0.9776798589444852,0.9821297402843512,-0.5,1.0
BIOMD0000000891,model,0.7729488721000973,0.4356984643357516,0.9690953251367508,3,0,0.4835339005849554,0.5313693368341592,0.6270402093325667,0.6748756455817705,0.7227110818309742,0.9140528268277892,0.9470783258131664,0.9580868254749586,0.9635910753058547,0.9679944751705716,-0.2,1.0
BIOMD0000000891,model,0.7561126215009799,0.3966868137647143,0.9754530746136236,3,0,0.446637930000703,0.4965890462366918,0.5964912787086694,0.646442394944658,0.6963935111806469,0.8961979761246018,0.9437510352180148,0.9596020549158192,0.9675275647647212,0.9738679726438432,-0.1,1.0
BIOMD0000000891,model,0.7657968163511435,0.4251567592747415,0.9802005309324529,3,0,0.471844399231891,0.5185320391890406,0.6119073191033395,0.6585949590604889,0.7052825990176385,0.8920331588462364,0.9449335820979662,0.9625670565152096,0.9713837937238312,0.9784371834907284,-0.05,1.0
BIOMD0000000891,model,0.7779417711414309,0.4695102598798505,0.9847499980946935,3,0,0.5105157394368403,0.5515212189938301,0.6335321781078097,0.6745376576647995,0.7155431372217893,0.8795650554497485,0.9426760210367156,0.9637130095657046,0.9742315038301992,0.9826462992417948,0.0,1.0
BIOMD0000000891,model,0.6977211003900825,0.2594874812432226,0.985042338890166,3,0,0.3184020812225863,0.3773166812019499,0.4951458811606771,0.5540604811400407,0.6129750811194044,0.8486334810368589,0.9304787957488432,0.9577605673195048,0.9714014531048354,0.9823141617331,0.05,1.0
BIOMD0000000891,model,0.5990611283953972,0.0223043043314865,0.9809615702183712,3,0,0.0994656249619712,0.176626945592456,0.3309495868534254,0.4081109074839101,0.4852722281143948,0.7939175106363338,0.9061439463855562,0.9435527583019636,0.9622571642601674,0.9772206890267304,0.1,1.0
BIOMD0000000891,model,0.5281024651563224,0.0,0.9675277596770514,3,0,0.0616779635791916,0.1233559271583832,0.2467118543167664,0.308389817895958,0.3700677814751495,0.616779635791916,0.8272285101229973,0.8973781349000243,0.9324529472885378,0.9605127971993488,0.2,1.0
BIOMD0000000891,model,0.3141003522584179,0.0,0.9423010567752538,3,0,0.0,0.0,0.0,0.0,0.0,0.0,0.5653806340651524,0.753840845420203,0.8480709510977283,0.9234550356397488,0.5,1.0
BIOMD0000000892,model,0.0929131142650397,0.0,0.371652457060159,4,0,0.0,0.0,0.0,0.0,0.0,0.0,0.1486609828240637,0.2601567199421113,0.315904588501135,0.3605028833483541,-0.5,1.0
BIOMD0000000892,model,0.1002413179144818,0.0,0.4009652716579272,4,0,0.0,0.0,0.0,0.0,0.0,0.0,0.160386108663171,0.2806756901605491,0.340820480909238,0.3889363135081893,-0.2,1.0
BIOMD0000000892,model,0.1016787433458953,0.0,0.4067149733835812,4,0,0.0,0.0,0.0,0.0,0.0,0.0,0.1626859893534326,0.2847004813685069,0.3457077273760439,0.3945135241820737,-0.1,1.0
BIOMD0000000892,model,0.1023470887599609,0.0,0.4093883550398439,4,0,0.0,0.0,0.0,0.0,0.0,0.0,0.1637553420159377,0.2865718485278908,0.3479801017838672,0.3971067043886485,-0.05,1.0
BIOMD0000000892,model,0.1029046749058392,0.0,0.411618699623357,4,0,0.0,0.0,0.0,0.0,0.0,0.0,0.1646474798493429,0.28813308973635,0.3498758946798533,0.3992701386346562,0.0,1.0
BIOMD0000000892,model,0.1034135947167819,0.0,0.4136543788671276,4,0,0.0,0.0,0.0,0.0,0.0,0.0,0.1654617515468512,0.2895580652069894,0.3516062220370583,0.4012447475011137,0.05,1.0
BIOMD0000000892,model,0.1039661666789536,0.0,0.4158646667158145,4,0,0.0,0.0,0.0,0.0,0.0,0.0,0.1663458666863259,0.2911052667010702,0.3534849667084422,0.4033887267143399,0.1,1.0
BIOMD0000000892,model,0.1049224061211416,0.0,0.4196896244845664,4,0,0.0,0.0,0.0,0.0,0.0,0.0,0.1678758497938267,0.2937827371391965,0.3567361808118813,0.4070989357500293,0.2,1.0
BIOMD0000000892,model,0.1068233614043702,0.0,0.4272934456174808,4,0,0.0,0.0,0.0,0.0,0.0,0.0,0.1709173782469924,0.2991054119322366,0.3631994287748585,0.4144746422489562,0.5,1.0
BIOMD0000000893,model,0.0,0.0,0.0,3,0,0.0,0.0,0.0,0.0,0.0,0.0,0.0,0.0,0.0,0.0,-0.5,1.0
BIOMD0000000893,model,0.0,0.0,0.0,3,0,0.0,0.0,0.0,0.0,0.0,0.0,0.0,0.0,0.0,0.0,-0.2,1.0
BIOMD0000000893,model,0.0,0.0,0.0,3,0,0.0,0.0,0.0,0.0,0.0,0.0,0.0,0.0,0.0,0.0,-0.1,1.0
BIOMD0000000893,model,0.0,0.0,0.0,3,0,0.0,0.0,0.0,0.0,0.0,0.0,0.0,0.0,0.0,0.0,-0.05,1.0
BIOMD0000000893,model,0.0,0.0,0.0,3,0,0.0,0.0,0.0,0.0,0.0,0.0,0.0,0.0,0.0,0.0,0.0,1.0
BIOMD0000000893,model,0.0,0.0,0.0,3,0,0.0,0.0,0.0,0.0,0.0,0.0,0.0,0.0,0.0,0.0,0.05,1.0
BIOMD0000000893,model,0.0,0.0,0.0,3,0,0.0,0.0,0.0,0.0,0.0,0.0,0.0,0.0,0.0,0.0,0.1,1.0
BIOMD0000000893,model,0.0,0.0,0.0,3,0,0.0,0.0,0.0,0.0,0.0,0.0,0.0,0.0,0.0,0.0,0.2,1.0
BIOMD0000000893,model,0.0,0.0,0.0,3,0,0.0,0.0,0.0,0.0,0.0,0.0,0.0,0.0,0.0,0.0,0.5,1.0
BIOMD0000000894,model,0.37982638206145,0.0,0.5701702699176524,3,0,0.0569308876266697,0.1138617752533395,0.2277235505066791,0.2846544381333489,0.3415853257600186,0.5693088762666978,0.5698257124572705,0.5699979911874615,0.5700841305525569,0.5701530420446334,-0.5,1.0
BIOMD0000000894,model,0.3421974170200765,0.0,0.5176707075644773,3,0,0.0508921543495752,0.1017843086991504,0.2035686173983009,0.2544607717478761,0.3053529260974513,0.5089215434957522,0.5141710419369873,0.5159208747507323,0.5167957911576048,0.5174957242831028,-0.2,1.0
BIOMD0000000894,model,0.3354886787337712,0.0,0.5058798377559399,3,0,0.0500586198445373,0.1001172396890747,0.2002344793781494,0.2502930992226868,0.3003517190672242,0.5005861984453737,0.5037623820317134,0.5048211098938267,0.5053504738248833,0.5057739649697286,-0.1,1.0
BIOMD0000000894,model,0.3322827862206244,0.0,0.5018909272112502,3,0,0.0494957431450623,0.0989914862901246,0.1979829725802493,0.2474787157253116,0.2969744588703739,0.4949574314506232,0.4991175289069994,0.5005042280591248,0.5011975776351875,0.5017522572960377,-0.05,1.0
BIOMD0000000894,model,0.3309916021979587,0.0,0.4994587830177702,3,0,0.0493516023576105,0.0987032047152211,0.1974064094304423,0.2467580117880529,0.2961096141456635,0.4935160235761058,0.4970816792411044,0.4982702311294373,0.4988645070736038,0.4993399278289369,0.0,1.0
BIOMD0000000894,model,0.3288353331638189,0.0,0.4975550995602111,3,0,0.0488950899931245,0.0977901799862491,0.1955803599724982,0.2444754499656227,0.2933705399587473,0.4889508999312455,0.4941134197086249,0.495834259634418,0.4966946795973146,0.4973830155676318,0.05,1.0
BIOMD0000000894,model,0.3264599717437781,0.0,0.4938290122351338,3,0,0.04855509029962,0.09711018059924,0.1942203611984801,0.2427754514981002,0.2913305417977203,0.4855509029962004,0.4905177685395605,0.4921733903873471,0.4930012013112405,0.4936634500503551,0.1,1.0
BIOMD0000000894,model,0.3233478959254776,0.0,0.4885210929254908,3,0,0.0481522594850941,0.0963045189701883,0.1926090379403767,0.2407612974254709,0.2889135569105651,0.4815225948509418,0.4857216936956712,0.487121393310581,0.4878212431180359,0.4883811229639999,0.2,1.0
BIOMD0000000894,model,0.3195347488937538,0.0,0.4808717133371939,3,0,0.0477732533344067,0.0955465066688135,0.191093013337627,0.2388662666720337,0.2866395200064404,0.4777325333440674,0.4796160413399433,0.4802438773385686,0.4805577953378813,0.4808089297373314,0.5,1.0
BIOMD0000000896,model,0.0,0.0,0.0,9,0,0.0,0.0,0.0,0.0,0.0,0.0,0.0,0.0,0.0,0.0,-0.5,1.0
BIOMD0000000896,model,0.0,0.0,0.0,9,0,0.0,0.0,0.0,0.0,0.0,0.0,0.0,0.0,0.0,0.0,-0.2,1.0
BIOMD0000000896,model,0.0,0.0,0.0,9,0,0.0,0.0,0.0,0.0,0.0,0.0,0.0,0.0,0.0,0.0,-0.1,1.0
BIOMD0000000896,model,0.0,0.0,0.0,9,0,0.0,0.0,0.0,0.0,0.0,0.0,0.0,0.0,0.0,0.0,-0.05,1.0
BIOMD0000000896,model,0.0,0.0,0.0,9,0,0.0,0.0,0.0,0.0,0.0,0.0,0.0,0.0,0.0,0.0,0.0,1.0
BIOMD0000000896,model,0.0,0.0,0.0,9,0,0.0,0.0,0.0,0.0,0.0,0.0,0.0,0.0,0.0,0.0,0.05,1.0
BIOMD0000000896,model,0.0,0.0,0.0,9,0,0.0,0.0,0.0,0.0,0.0,0.0,0.0,0.0,0.0,0.0,0.1,1.0
BIOMD0000000896,model,0.0,0.0,0.0,9,0,0.0,0.0,0.0,0.0,0.0,0.0,0.0,0.0,0.0,0.0,0.2,1.0
BIOMD0000000896,model,0.0,0.0,0.0,9,0,0.0,0.0,0.0,0.0,0.0,0.0,0.0,0.0,0.0,0.0,0.5,1.0
BIOMD0000000898,model,0.0800817054177771,0.0,0.4004085270888858,5,0,0.0,0.0,0.0,0.0,0.0,0.0,0.0800817054177772,0.2402451162533315,0.3203268216711086,0.3843921860053304,-0.5,1.0
BIOMD0000000898,model,0.118369159137847,0.0,0.5918457956892351,5,0,0.0,0.0,0.0,0.0,0.0,0.0,0.1183691591378471,0.3551074774135411,0.473476636551388,0.5681719638616657,-0.2,1.0
BIOMD0000000898,model,0.0858713780706911,0.0,0.4293568903534558,5,0,0.0,0.0,0.0,0.0,0.0,0.0,0.0858713780706912,0.2576141342120735,0.3434855122827646,0.4121826147393175,-0.1,1.0
BIOMD0000000898,model,0.0678346826284096,0.0,0.3391734131420482,5,0,0.0,0.0,0.0,0.0,0.0,0.0,0.0678346826284096,0.2035040478852289,0.2713387305136385,0.3256064766163662,-0.05,1.0
BIOMD0000000898,model,0.051511229003425,0.0,0.2575561450171251,5,0,0.0,0.0,0.0,0.0,0.0,0.0,0.051511229003425,0.1545336870102751,0.2060449160137,0.2472538992164401,0.0,1.0
BIOMD0000000898,model,0.0418107961783261,0.0,0.1759826129727135,5,0,0.0,0.0,0.0,0.0,0.0,0.0,0.0616536169296764,0.1188181149511949,0.1474003639619542,0.1702661631705616,0.05,1.0
BIOMD0000000898,model,0.0687685398419709,0.0,0.2493949256728607,5,0,0.0,0.0,0.0,0.0,0.0,0.0,0.1254372039641672,0.1874160648185139,0.2184054952456873,0.243197039587426,0.1,1.0
BIOMD0000000898,model,0.0,0.0,0.0,5,0,0.0,0.0,0.0,0.0,0.0,0.0,0.0,0.0,0.0,0.0,0.2,1.0
BIOMD0000000898,model,0.0,0.0,0.0,5,0,0.0,0.0,0.0,0.0,0.0,0.0,0.0,0.0,0.0,0.0,0.5,1.0
BIOMD0000000899,model,0.5344616832982925,0.0,0.9997328923864348,10,2,0.0,0.0,0.0,0.0154767835625098,0.0433349939750274,0.7351082898467156,0.9661846214456552,0.9989002858212952,0.9993165891038652,0.9996496317299208,-0.5,1.0
BIOMD0000000899,model,0.6395429614099236,0.0,0.999732892386431,10,2,0.0,0.0,0.0311041577372058,0.2166601478786304,0.5366640591514519,0.8769519346285726,0.9420896692981522,0.9985560460313772,0.9991444692089042,0.9996152077509256,-0.2,1.0
BIOMD0000000899,model,0.6527815791628246,0.0,0.99973289238645,10,2,0.0,0.0,0.0276774811683476,0.2406836858112972,0.6116399876428497,0.8918007528658041,0.9529129317809292,0.9982257686510416,0.998979330518746,0.9995821800129092,-0.1,1.0
BIOMD0000000899,model,0.655842419176816,0.0,0.9997328923864288,10,2,0.0,0.0,0.0263045452202364,0.2386209615072748,0.6089534654748372,0.8886167837218217,0.9574984234465258,0.9981658475571936,0.9989493699718112,0.9995761879035054,-0.05,1.0
BIOMD0000000899,model,0.6582551101013214,0.0,1.0,10,2,0.0,0.0,0.0251085254011079,0.2278895511165977,0.5815965609739805,0.8917736656198927,0.998290182521647,0.9997596031478077,0.9998798015739038,0.9999759603147806,0.0,1.0
BIOMD0000000899,model,0.6505249194397031,0.0,0.99973289238643,10,2,0.0,0.0,0.024063003122211,0.2172138138929393,0.5540569218752552,0.8946607171717017,0.9653701487291036,0.9980574671690052,0.9988951797777176,0.9995653498646876,0.05,1.0
BIOMD0000000899,model,0.6431607473352987,0.0,0.9997328923864272,10,2,0.0,0.0,0.023135464423258,0.2066547505136817,0.5265785064859781,0.8973371311886059,0.968773233234008,0.9980083215898587,0.998870606988143,0.9995604353067704,0.1,1.0
BIOMD0000000899,model,0.6294036765571706,0.0,0.999732892386428,10,2,0.0,0.0,0.0215745126809679,0.1859583324014063,0.4721406771917597,0.8578176203387418,0.9747353672139892,0.9979188422772454,0.9988258673318366,0.9995514873755096,0.2,1.0
BIOMD0000000899,model,0.5824213513155867,0.0,0.9997328923864246,10,2,0.0,0.0,0.0184260228311885,0.12529265824931,0.3093608917278939,0.7626221652740925,0.9749406054633424,0.9977047084899971,0.9987188004382108,0.9995300739967818,0.5,1.0
BIOMD0000000902,model,0.0,0.0,0.0,3,1,0.0,0.0,0.0,0.0,0.0,0.0,0.0,0.0,0.0,0.0,-0.5,1.0
BIOMD0000000902,model,0.2024465271039015,0.0,0.6073395813117047,3,1,0.0,0.0,0.0,0.0,0.0,0.0,0.3644037487870228,0.4858716650493638,0.5466056231805342,0.5951927896854706,-0.2,1.0
BIOMD0000000902,model,0.25247465268953,0.0,0.7574239580685901,3,1,0.0,0.0,0.0,0.0,0.0,0.0,0.4544543748411541,0.6059391664548721,0.681681562261731,0.7422754789072182,-0.1,1.0
BIOMD0000000902,model,0.2733449418566012,0.0,0.8200348255698037,3,1,0.0,0.0,0.0,0.0,0.0,0.0,0.4920208953418822,0.6560278604558429,0.7380313430128232,0.8036341290584076,-0.05,1.0
BIOMD0000000902,model,0.2918779007897717,0.0,0.8756337023693154,3,1,0.0,0.0,0.0,0.0,0.0,0.0,0.5253802214215892,0.7005069618954524,0.7880703321323838,0.858121028321929,0.0,1.0
BIOMD0000000902,model,0.2987762356897588,0.0,0.8963287070692766,3,1,0.0,0.0,0.0,0.0,0.0,0.0,0.5377972242415661,0.7170629656554213,0.8066958363623489,0.878402132927891,0.05,1.0
BIOMD0000000902,model,0.2970294962553501,0.0,0.8910884887660504,3,1,0.0,0.0,0.0,0.0,0.0,0.0,0.5346530932596303,0.7128707910128403,0.8019796398894453,0.8732667189907294,0.1,1.0
BIOMD0000000902,model,0.2911093129763391,0.0,0.8733279389290174,3,1,0.0,0.0,0.0,0.0,0.0,0.0,0.5239967633574105,0.698662351143214,0.7859951450361156,0.855861380150437,0.2,1.0
BIOMD0000000902,model,0.2472936189756304,0.0,0.7418808569268914,3,1,0.0,0.0,0.0,0.0,0.0,0.0,0.4451285141561349,0.5935046855415131,0.6676927712342022,0.7270432397883536,0.5,1.0
BIOMD0000000903,model,0.0,0.0,0.0,5,0,0.0,0.0,0.0,0.0,0.0,0.0,0.0,0.0,0.0,0.0,-0.5,1.0
BIOMD0000000903,model,0.0,0.0,0.0,5,0,0.0,0.0,0.0,0.0,0.0,0.0,0.0,0.0,0.0,0.0,-0.2,1.0
BIOMD0000000903,model,0.0,0.0,0.0,5,0,0.0,0.0,0.0,0.0,0.0,0.0,0.0,0.0,0.0,0.0,-0.1,1.0
BIOMD0000000903,model,0.0,0.0,0.0,5,0,0.0,0.0,0.0,0.0,0.0,0.0,0.0,0.0,0.0,0.0,-0.05,1.0
BIOMD0000000903,model,0.0,0.0,0.0,5,0,0.0,0.0,0.0,0.0,0.0,0.0,0.0,0.0,0.0,0.0,0.0,1.0
BIOMD0000000903,model,0.0,0.0,0.0,5,0,0.0,0.0,0.0,0.0,0.0,0.0,0.0,0.0,0.0,0.0,0.05,1.0
BIOMD0000000903,model,0.0,0.0,0.0,5,0,0.0,0.0,0.0,0.0,0.0,0.0,0.0,0.0,0.0,0.0,0.1,1.0
BIOMD0000000903,model,0.0,0.0,0.0,5,0,0.0,0.0,0.0,0.0,0.0,0.0,0.0,0.0,0.0,0.0,0.2,1.0
BIOMD0000000903,model,0.0,0.0,0.0,5,0,0.0,0.0,0.0,0.0,0.0,0.0,0.0,0.0,0.0,0.0,0.5,1.0
BIOMD0000000904,model,0.7348183559134659,0.6305514927555762,0.9433501177865607,3,1,0.6305516891998446,0.630551885644113,0.63055227853265,0.6305524749769184,0.6305526714211868,0.6305534571982605,0.8182314535512407,0.8807907856689008,0.9120704517277308,0.9370941845747948,-0.5,1.0
BIOMD0000000904,model,0.7845711005378225,0.6889947289446092,0.9756495704636592,3,1,0.6890021562706682,0.6890095835967273,0.6890244382488453,0.6890318655749043,0.6890392929009632,0.6890690022051993,0.8610173431602752,0.9183334568119672,0.9469915136378132,0.96991795909849,-0.2,1.0
BIOMD0000000904,model,0.7867599578125412,0.6898905810638114,0.9804868031164518,3,1,0.6898917718831663,0.6898929627025212,0.6898953443412309,0.6898965351605858,0.6898977259799407,0.6899024892573602,0.8642530775728151,0.9223699403446336,0.9514283717305426,0.97467511683927,-0.1,1.0
BIOMD0000000904,model,0.7853291856975243,0.6896341256935237,0.9767056834224938,3,1,0.6896354879218268,0.68963685015013,0.6896395746067364,0.6896409368350396,0.6896422990633427,0.6896477479765555,0.8618825092441185,0.919294096333306,0.9479998898778998,0.970964524713575,-0.05,1.0
BIOMD0000000904,model,0.7815933837913104,0.6855812774986656,0.9735366110155688,3,1,0.6855893760347687,0.6855974745708718,0.6856136716430781,0.6856217701791811,0.6856298687152842,0.6856622628596967,0.85838687175322,0.9159617413843943,0.9447491761999816,0.9677791240524516,0.0,1.0
BIOMD0000000904,model,0.7702809736070058,0.6705475574001484,0.9697410554843,3,1,0.6705482324537905,0.6705489075074325,0.6705502576147165,0.6705509326683586,0.6705516077220007,0.6705543079365689,0.8500663564652076,0.9099037059747536,0.9398223807295268,0.9637573205333452,0.05,1.0
BIOMD0000000904,model,0.7255158873064796,0.6050124358602103,0.9665163546680752,3,1,0.6050130794133046,0.6050137229663989,0.6050150100725875,0.6050156536256819,0.6050162971787761,0.6050188713911534,0.8219173613573065,0.8942168580126909,0.930366606340383,0.9592864050025368,0.1,1.0
BIOMD0000000904,model,0.6282077976666163,0.4613525474418599,0.9619044771870487,3,1,0.4613539295347679,0.4613553116276759,0.461358075813492,0.4613594579064,0.461360839999308,0.46136636837094,0.7616892336606054,0.8617968554238271,0.911850666305438,0.9518937150107268,0.2,1.0
BIOMD0000000904,model,0.3192579784373884,0.0,0.9577739353121651,3,1,0.0,0.0,0.0,0.0,0.0,0.0,0.5746643611872992,0.7662191482497321,0.8619965417809485,0.9386184566059218,0.5,1.0
BIOMD0000000905,model,0.7226254048539055,0.0,0.9999748681795048,5,0,0.1536955489555514,0.3073910979111028,0.6147821958222056,0.768477744777757,0.786463473675435,0.858406389266147,0.989009391272796,0.9944921297261504,0.9972334989528276,0.9994265943341696,-0.5,1.0
BIOMD0000000905,model,0.9029204102896772,0.6193818419318163,0.9999801323370984,5,0,0.684617182740651,0.7498525235494855,0.8803232051671548,0.9455585459759892,0.9477727260849718,0.9566294465209014,0.9944376942134844,0.9972089132752914,0.998594522806195,0.9997030104309178,-0.2,1.0
BIOMD0000000905,model,0.7871999851099033,0.0182625072385579,0.9999805716967912,5,0,0.206187167264028,0.3941118272894982,0.7699611473404384,0.9578858073659086,0.9595035524636556,0.965974532854644,0.99511331945425,0.9975469455755206,0.998763758636156,0.999737209084664,-0.1,1.0
BIOMD0000000905,model,0.7841290984799769,0.0,0.999980453601144,5,0,0.1917895634505655,0.383579126901131,0.7671582538022621,0.9589478172528276,0.960747947004716,0.9679484660122694,0.9950110951471436,0.9974957743741438,0.998738113987644,0.999731985678444,-0.05,1.0
BIOMD0000000905,model,0.7840948613866768,0.0,0.999980372153419,5,0,0.1917861681671711,0.3835723363343423,0.7671446726686846,0.9589308408358556,0.9607081308348996,0.9678172908310748,0.9949927169211116,0.9974865445372652,0.998733458345342,0.9997309893918036,0.0,1.0
BIOMD0000000905,model,0.7840611790070107,0.0,0.9999802742396724,5,0,0.1917827728865945,0.3835655457731891,0.7671310915463782,0.9589138644329728,0.9606700567644832,0.9676948260905254,0.9949695990654408,0.9974749366525564,0.9987276054461144,0.9997297404809607,0.05,1.0
BIOMD0000000905,model,0.7840313381735573,0.0,0.9999801947442778,5,0,0.1917793776173527,0.3835587552347054,0.7671175104694109,0.9588968880867637,0.9606336549215893,0.967580722260892,0.9949551475695376,0.9974676711569078,0.9987239329505928,0.9997289423855408,0.1,1.0
BIOMD0000000905,model,0.7828328443641023,0.0,0.9999800377379288,5,0,0.1914031234637224,0.3828062469274448,0.7656124938548896,0.957015617318612,0.9583236248264598,0.9635556548578512,0.9948863370724812,0.997433187405205,0.9987066125715668,0.9997253527046563,0.2,1.0
BIOMD0000000905,model,0.7740375747422437,0.0,0.9999796015184088,5,0,0.1866388326067613,0.3732776652135226,0.7465553304270452,0.9331941630338064,0.936748632381235,0.9509665097709488,0.9888339998141252,0.9944068006662672,0.997193201092338,0.9994223214331948,0.5,1.0
BIOMD0000000906,model,0.5812212906867584,0.0,0.89334231959756,3,0,0.0850321552462715,0.170064310492543,0.3401286209850861,0.4251607762313577,0.5101929314776292,0.8503215524627153,0.8761340127436221,0.8847381661705911,0.8890402428840756,0.8924819042548632,-0.5,1.0
BIOMD0000000906,model,0.8173552745739056,0.6245060843017339,0.9403600757552676,3,0,0.6507754422380321,0.6770448001743302,0.7295835160469265,0.7558528739832246,0.7821222319195228,0.8871996636647154,0.9190959109190466,0.929727993337157,0.9350440345462122,0.9392968675134564,-0.2,1.0
BIOMD0000000906,model,0.8568618538135002,0.7347169422035894,0.944271935230962,3,0,0.7504049163838253,0.7660928905640613,0.7974688389245332,0.8131568131047692,0.8288447872850051,0.8915966840059489,0.9232018347409569,0.9337368849859594,0.9390044101084608,0.9432184302064618,-0.1,1.0
BIOMD0000000906,model,0.873550076766664,0.7795161034193385,0.946515615198548,3,0,0.7910263442456152,0.802536585071892,0.8255570667244454,0.837067307550722,0.8485775483769987,0.8946185116821056,0.925756773791971,0.9361361944952594,0.9413259048469036,0.9454776731282192,-0.05,1.0
BIOMD0000000906,model,0.8880060011686894,0.816008614825666,0.9493753459326788,3,0,0.8242711576178717,0.8325337004100776,0.849058785994489,0.8573213287866948,0.8655838715789006,0.8986340427477236,0.9290788246586968,0.9392270852956878,0.9443012156141832,0.9483605198689796,0.0,1.0
BIOMD0000000906,model,0.8962502505270834,0.8342966365835262,0.9524975145594066,3,0,0.8410626329690053,0.8478286293544846,0.8613606221254428,0.868126618510922,0.8748926148964012,0.901956600438318,0.9322811489109712,0.9423893317351888,0.9474434231472976,0.9514866962769848,0.05,1.0
BIOMD0000000906,model,0.896001708831764,0.8339918066172449,0.9551792656407014,3,0,0.840476031379255,0.846960256141265,0.8599287056652852,0.8664129304272953,0.8728971551893053,0.8988340542373456,0.9326411810793592,0.9439102233600304,0.949544744500366,0.9540523614126344,0.1,1.0
BIOMD0000000906,model,0.8952581611667149,0.8434281022548926,0.9499771095745644,3,0,0.8483222191964721,0.8532163361380516,0.8630045700212106,0.86789868696279,0.8727928039043694,0.8923692716706874,0.9269339744130136,0.9384555419937892,0.9442163257841768,0.9488249528164868,0.2,1.0
BIOMD0000000906,model,0.8851726105922134,0.85119090333022,0.9276307302650418,3,0,0.8537414328153358,0.8562919623004517,0.8613930212706833,0.8639435507557991,0.866494080240915,0.8766961981813783,0.9072569174315764,0.9174438238483092,0.9225372770566754,0.9266120396233686,0.5,1.0
BIOMD0000000908,model,0.0489709450303512,0.0,0.2938256701821075,6,1,0.0,0.0,0.0,0.0,0.0,0.0,0.0,0.1469128350910537,0.2203692526365806,0.2791343866730022,-0.5,1.0
BIOMD0000000908,model,0.1335992180898483,0.0,0.8015953085390902,6,1,0.0,0.0,0.0,0.0,0.0,0.0,0.0,0.4007976542695451,0.6011964814043177,0.7615155431121359,-0.2,1.0
BIOMD0000000908,model,0.1516251015625544,0.0,0.9097506093753264,6,1,0.0,0.0,0.0,0.0,0.0,0.0,0.0,0.4548753046876632,0.6823129570314949,0.8642630789065603,-0.1,1.0
BIOMD0000000908,model,0.1594706043534755,0.0,0.9568236261208534,6,1,0.0,0.0,0.0,0.0,0.0,0.0,0.0,0.4784118130604267,0.71761771959064,0.9089824448148108,-0.05,1.0
BIOMD0000000908,model,0.1666666666666666,0.0,1.0,6,1,0.0,0.0,0.0,0.0,0.0,0.0,0.0,0.5,0.75,0.9500000000000002,0.0,1.0
BIOMD0000000908,model,0.1600426100300918,0.0,0.9602556601805508,6,1,0.0,0.0,0.0,0.0,0.0,0.0,0.0,0.4801278300902754,0.7201917451354131,0.9122428771715234,0.05,1.0
BIOMD0000000908,model,0.1539249640954736,0.0,0.923549784572842,6,1,0.0,0.0,0.0,0.0,0.0,0.0,0.0,0.461774892286421,0.6926623384296315,0.8773722953442,0.1,1.0
BIOMD0000000908,model,0.1429931104557949,0.0,0.8579586627347697,6,1,0.0,0.0,0.0,0.0,0.0,0.0,0.0,0.4289793313673848,0.6434689970510773,0.8150607295980314,0.2,1.0
BIOMD0000000908,model,0.1178778263599815,0.0,0.7072669581598889,6,1,0.0,0.0,0.0,0.0,0.0,0.0,0.0,0.3536334790799444,0.5304502186199167,0.6719036102518946,0.5,1.0
BIOMD0000000909,model,0.924464240317664,0.9229883808695488,0.9254648762236484,3,1,0.9231834891685736,0.923378597467598,0.9237688140656471,0.9239639223646718,0.9241590306636964,0.9249394638597946,0.9252547112781068,0.9253597937508776,0.9254123349872628,0.9254543679763712,-0.5,1.0
BIOMD0000000909,model,0.9479046878581956,0.944660825425607,0.9509902496196851,3,1,0.9450010417359758,0.9453412580463444,0.946021690667082,0.9463619069774508,0.9467021232878194,0.9480629885292944,0.949819345183529,0.9504047974016072,0.9506975235106462,0.9509317043978774,-0.2,1.0
BIOMD0000000909,model,0.95434986446718,0.9511833180621608,0.9574840604789544,3,1,0.9515032077419874,0.9518230974218136,0.9524628767814663,0.9527827664612928,0.9531026561411192,0.9543822148604248,0.9562433222315424,0.9568636913552484,0.9571738759171016,0.9574220235665838,-0.1,1.0
BIOMD0000000909,model,0.957436316158088,0.9544133436129116,0.9604940360106154,3,1,0.954712166136694,0.9550109886604768,0.9556086337080418,0.9559074562318244,0.956206278755607,0.9574015688507374,0.9592570491466642,0.9598755425786398,0.9601847892946276,0.960432186667418,-0.05,1.0
BIOMD0000000909,model,0.9598957274427172,0.957290935755882,0.9620486943262656,3,1,0.9575965974048942,0.9579022590539064,0.9585135823519308,0.9588192440009428,0.9591249056499552,0.9603475522460038,0.9613682374941608,0.9617084659102132,0.9618785801182392,0.9620146714846602,0.0,1.0
BIOMD0000000909,model,0.9612991239059806,0.960144554952614,0.9631906861476044,3,1,0.960186312519125,0.960228070085636,0.960311585218658,0.9603533427851688,0.96039510035168,0.9605621306177238,0.9621392639356522,0.9626649750416284,0.9629278305946164,0.9631381150370067,0.05,1.0
BIOMD0000000909,model,0.9590009327865876,0.9499851107458956,0.9659476195922018,3,1,0.9510936064734729,0.9522021022010496,0.9544190936562038,0.9555275893837808,0.956636085111358,0.961070068021666,0.9639965989639876,0.9649721092780946,0.9654598644351482,0.965850068560791,0.1,1.0
BIOMD0000000909,model,0.9472427843584764,0.928650727447866,0.9615209903233084,3,1,0.930941318233505,0.9332319090191438,0.9378130905904214,0.9401036813760604,0.9423942721616992,0.9515566353042544,0.9575352483156868,0.9595281193194976,0.9605245548214028,0.9613217032229272,0.2,1.0
BIOMD0000000909,model,0.902757657573396,0.862014544754648,0.9291829845822848,3,1,0.8675206346175087,0.8730267244803694,0.884038904206091,0.8895449940689517,0.8950510839318124,0.9170754433832554,0.924339968102673,0.926761476342479,0.927972230462382,0.9289408337583044,0.5,1.0
BIOMD0000000910,model,0.0,0.0,0.0,3,0,0.0,0.0,0.0,0.0,0.0,0.0,0.0,0.0,0.0,0.0,-0.5,1.0
BIOMD0000000910,model,0.170492279190294,0.0,0.5114768375708821,3,0,0.0,0.0,0.0,0.0,0.0,0.0,0.3068861025425293,0.4091814700567057,0.4603291538137938,0.5012473008194644,-0.2,1.0
BIOMD0000000910,model,0.1789457739201272,0.0,0.5368373217603816,3,0,0.0,0.0,0.0,0.0,0.0,0.0,0.322102393056229,0.4294698574083053,0.4831535895843433,0.526100575325174,-0.1,1.0
BIOMD0000000910,model,0.1807705791167015,0.0,0.5423117373501046,3,0,0.0,0.0,0.0,0.0,0.0,0.0,0.3253870424100628,0.4338493898800837,0.4880805636150941,0.5314655026031025,-0.05,1.0
BIOMD0000000910,model,0.1822294562015303,0.0,0.5466883686045909,3,0,0.0,0.0,0.0,0.0,0.0,0.0,0.3280130211627546,0.4373506948836727,0.4920195317441317,0.5357546012324991,0.0,1.0
BIOMD0000000910,model,0.1834959135453033,0.0,0.5504877406359101,3,0,0.0,0.0,0.0,0.0,0.0,0.0,0.3302926443815461,0.4403901925087281,0.495438966572319,0.5394779858231918,0.05,1.0
BIOMD0000000910,model,0.1845630640225633,0.0,0.55368919206769,3,0,0.0,0.0,0.0,0.0,0.0,0.0,0.332213515240614,0.442951353654152,0.4983202728609209,0.5426154082263361,0.1,1.0
BIOMD0000000910,model,0.1840104232500686,0.0,0.5520312697502059,3,0,0.0,0.0,0.0,0.0,0.0,0.0,0.3312187618501235,0.4416250158001647,0.4968281427751853,0.5409906443552017,0.2,1.0
BIOMD0000000910,model,0.1793314421866486,0.0,0.5379943265599458,3,0,0.0,0.0,0.0,0.0,0.0,0.0,0.3227965959359675,0.4303954612479567,0.4841948939039512,0.5272344400287469,0.5,1.0
BIOMD0000000911,model,0.8398322199263881,0.6459606976806467,0.9780850631990812,3,0,0.6709097178025256,0.6958587379244047,0.7457567781681627,0.7707057982900416,0.7956548184119205,0.8954508988994365,0.9450313974792232,0.9615582303391522,0.9698216467691168,0.9764323799130884,-0.5,1.0
BIOMD0000000911,model,0.9345183437504196,0.9033002514397632,0.9860616863198082,3,0,0.9043895356449556,0.905478819850148,0.9076573882605328,0.9087466724657254,0.9098359566709178,0.9141930934916874,0.95731424918856,0.971687967754184,0.978874827036996,0.9846243144632456,-0.2,1.0
BIOMD0000000911,model,0.9520165306378652,0.9196413850868052,0.9879954234394102,3,0,0.9225185249168628,0.92539566474692,0.931149944407035,0.9340270842370926,0.93690422406715,0.9484127833873798,0.972162367418598,0.980078895429004,0.9840371594342072,0.9872037706383696,-0.1,1.0
BIOMD0000000911,model,0.95700584342044,0.927006070093224,0.9893442301198442,3,0,0.9297721860887268,0.9325383020842296,0.9380705340752352,0.940836650070738,0.9436027660662408,0.9546672300482516,0.9754734300912072,0.9824088301055256,0.985876530112685,0.9886506901184124,-0.05,1.0
BIOMD0000000911,model,0.9622079764845246,0.9356636429869634,0.9909484690122242,3,0,0.9380984604337056,0.940533277880448,0.9454029127739324,0.9478377302206747,0.9502725476674172,0.9600118174543862,0.978573808389089,0.9847611387006566,0.9878548038564404,0.9903297359810674,0.0,1.0
BIOMD0000000911,model,0.9604970810379418,0.9448542552927868,0.9914303103743098,3,0,0.9448894975081812,0.9449247397235752,0.9449952241543635,0.9450304663697576,0.945065708585152,0.9452066774467286,0.9729408572032774,0.9821855837887936,0.9868079470815516,0.9905058377157582,0.05,1.0
BIOMD0000000911,model,0.9445951497042956,0.9065829685722288,0.9857785625459784,3,0,0.910067063514474,0.9135511584567192,0.9205193483412092,0.9240034432834544,0.9274875382256996,0.94142391799468,0.968036704725459,0.9769076336357186,0.9813430980908484,0.9848914696549524,0.1,1.0
BIOMD0000000911,model,0.9025255467779576,0.8464537983816132,0.9739842596312788,3,0,0.8505222767755499,0.8545907551694867,0.8627277119573602,0.8667961903512968,0.8708646687452336,0.8871385823209806,0.9392459887071596,0.956615124169219,0.9652996919002488,0.9722473460850728,0.2,1.0
BIOMD0000000911,model,0.771610566164142,0.6858784796386703,0.9413045791886216,3,0,0.6860554956413167,0.686232511643963,0.6865865436492559,0.6867635596519022,0.6869405756545486,0.6876486396651341,0.8398422033792267,0.8905733912839242,0.9159389852362728,0.936231460398152,0.5,1.0
BIOMD0000000912,model,0.0,0.0,0.0,3,0,0.0,0.0,0.0,0.0,0.0,0.0,0.0,0.0,0.0,0.0,-0.5,1.0
BIOMD0000000912,model,0.0,0.0,0.0,3,0,0.0,0.0,0.0,0.0,0.0,0.0,0.0,0.0,0.0,0.0,-0.2,1.0
BIOMD0000000912,model,0.0,0.0,0.0,3,0,0.0,0.0,0.0,0.0,0.0,0.0,0.0,0.0,0.0,0.0,-0.1,1.0
BIOMD0000000912,model,0.0,0.0,0.0,3,0,0.0,0.0,0.0,0.0,0.0,0.0,0.0,0.0,0.0,0.0,-0.05,1.0
BIOMD0000000912,model,0.0,0.0,0.0,3,0,0.0,0.0,0.0,0.0,0.0,0.0,0.0,0.0,0.0,0.0,0.0,1.0
BIOMD0000000912,model,0.0,0.0,0.0,3,0,0.0,0.0,0.0,0.0,0.0,0.0,0.0,0.0,0.0,0.0,0.05,1.0
BIOMD0000000912,model,0.0,0.0,0.0,3,0,0.0,0.0,0.0,0.0,0.0,0.0,0.0,0.0,0.0,0.0,0.1,1.0
BIOMD0000000912,model,0.0,0.0,0.0,3,0,0.0,0.0,0.0,0.0,0.0,0.0,0.0,0.0,0.0,0.0,0.2,1.0
BIOMD0000000912,model,0.0,0.0,0.0,3,0,0.0,0.0,0.0,0.0,0.0,0.0,0.0,0.0,0.0,0.0,0.5,1.0
BIOMD0000000913,model,0.2960925097915323,0.0,0.9501301251297408,5,1,0.018064157073357,0.036128314146714,0.0722566282934281,0.0903207853667851,0.1105803985624388,0.1916188513450535,0.3887402547188138,0.6694351899242774,0.8097826575270091,0.9220606316091946,-0.5,1.0
BIOMD0000000913,model,0.3054185250598564,0.0,0.9870763299375704,5,1,0.0185240318134859,0.0370480636269719,0.0740961272539439,0.0926201590674299,0.1126344510908719,0.1926916191846399,0.4011788796752277,0.6941276048063991,0.8406019673719846,0.9577814574244532,-0.2,1.0
BIOMD0000000913,model,0.3071597273878456,0.0,0.9942358250219652,5,1,0.0186040540753458,0.0372081081506916,0.0744162163013833,0.0930202703767291,0.1129150939139698,0.1924943880629323,0.4036856877864742,0.6989607564042196,0.8465982907130922,0.9647083181601904,-0.1,1.0
BIOMD0000000913,model,0.3078745707852557,0.0,0.997281515838136,5,1,0.0186366593446466,0.0372733186892932,0.0745466373785865,0.0931832967232331,0.1130146531083963,0.1923400786490491,0.4047106733403156,0.7009960945892258,0.8491388052136808,0.967652973713245,-0.05,1.0
BIOMD0000000913,model,0.3085066954309431,0.0,0.9999613639965804,5,1,0.0186653546367102,0.0373307092734204,0.0746614185468409,0.0933267731835511,0.1130927442198081,0.1921566283648359,0.4056632420871147,0.7028123030418476,0.8513868335192137,0.970246457901107,0.0,1.0
BIOMD0000000913,model,0.3080746444296623,0.0,0.9974536575965656,5,1,0.0186907386404632,0.0373814772809265,0.0747629545618531,0.0934536932023163,0.1131526956050174,0.1919487052158215,0.4055044644261996,0.7014790610113826,0.849466359303974,0.9678561979380472,0.05,1.0
BIOMD0000000913,model,0.3076699945713357,0.0,0.9951629859057968,5,1,0.0187133041542536,0.0374266083085072,0.0748532166170146,0.0935665207712682,0.1131972460445315,0.1917201471375847,0.4053528524147826,0.7002579191602896,0.847710452533043,0.965672479231246,0.1,1.0
BIOMD0000000913,model,0.3069292117817567,0.0,0.9911290214249346,5,1,0.0187515465054421,0.0375030930108843,0.0750061860217686,0.0937577325272108,0.1132488490424018,0.1912133151031657,0.4050625961677649,0.6980958087963498,0.844612415110642,0.961825700162076,0.2,1.0
BIOMD0000000913,model,0.3051071620309719,0.0,0.9821392741145456,5,1,0.0188297691038334,0.0376595382076669,0.0753190764153339,0.0941488455191673,0.1132067856041372,0.1894385459440167,0.4042751704846129,0.6932072222995793,0.8376732482070623,0.9532460689330492,0.5,1.0
BIOMD0000000916,model,0.7648649390708123,0.1481502892779618,0.9684746799337528,5,0,0.2795371868064187,0.4109240843348756,0.6736978793917895,0.8050847769202464,0.8336543157355109,0.947932470996569,0.957440918567176,0.9629577992504644,0.9657162395921086,0.967922991865424,-0.5,1.0
BIOMD0000000916,model,0.9073142899792432,0.6617535420323739,0.9921006710620958,5,0,0.7131012682218473,0.7644489944113207,0.8671444467902676,0.918492172979741,0.9299663349201106,0.9758629826815894,0.9891097991247522,0.990605235093424,0.9913529530777598,0.9919511274652286,-0.2,1.0
BIOMD0000000916,model,0.9526434076752146,0.8309630417435986,0.9964844195472032,5,0,0.8554371606544454,0.8799112795652922,0.928859517386986,0.9533336362978329,0.9601947325435692,0.9876391175265145,0.9951343425181798,0.9958093810326916,0.9961469002899472,0.996416915695752,-0.1,1.0
BIOMD0000000916,model,0.9752555627752466,0.915206574316944,0.9983301651045744,5,0,0.9264523946554742,0.9376982149940049,0.9601898556710656,0.971435676009596,0.9759033264363092,0.9937739281431625,0.9976912092624796,0.9980106871835268,0.9981704261440506,0.9982982173124696,-0.05,1.0
BIOMD0000000916,model,0.9979847573781592,0.9908077979098604,0.9999905808972414,5,0,0.9924819387381072,0.9941560795663542,0.997504361222848,0.9991785020510948,0.9993349609849028,0.9999607967201352,0.9999870036294196,0.9999887922633304,0.999989686580286,0.9999904020338504,0.0,1.0
BIOMD0000000916,model,0.9795594715782778,0.9168920883368532,0.9985056836368644,5,0,0.9316992270671668,0.9465063657974808,0.9761206432581084,0.9909277819884222,0.9914885182152858,0.9937314631227404,0.9978934093725804,0.9981995465047224,0.9983526150707936,0.9984750699236504,0.05,1.0
BIOMD0000000916,model,0.9574281446066316,0.8331659406702359,0.9971368444254576,5,0,0.861288630276848,0.88941131988346,0.9456566990966842,0.9737793887032964,0.9764996050830116,0.987380470601872,0.9959698317909288,0.9965533381081932,0.9968450912668252,0.997078493793731,0.1,1.0
BIOMD0000000916,model,0.9137236104437644,0.6678364534654772,0.9947439374397488,5,0,0.722151942207402,0.7764674309493268,0.8850984084331764,0.9394138971751012,0.9464451336450572,0.9745700795248812,0.9925917351788404,0.9936678363092946,0.9942058868745216,0.9946363273267034,0.2,1.0
BIOMD0000000916,model,0.7850099853650139,0.1803830806673419,0.9894794998727028,5,0,0.3114602809344781,0.4425374812016142,0.7046918817358865,0.8357690820030226,0.8557079766882243,0.935463555429031,0.985059667056917,0.98726958346481,0.9883745416687564,0.9892585082319136,0.5,1.0
BIOMD0000000917,model,0.1589945046885117,0.0,0.4769835140655351,3,0,0.0,0.0,0.0,0.0,0.0,0.0,0.2861901084393211,0.3815868112524281,0.4292851626589815,0.4674438437842244,-0.5,1.0
BIOMD0000000917,model,0.239686667099276,0.0,0.719060001297828,3,0,0.0,0.0,0.0,0.0,0.0,0.0,0.4314360007786968,0.5752480010382625,0.6471540011680451,0.7046788012718714,-0.2,1.0
BIOMD0000000917,model,0.2574032975899834,0.0,0.7722098927699502,3,0,0.0,0.0,0.0,0.0,0.0,0.0,0.4633259356619702,0.6177679142159602,0.6949889034929552,0.7567656949145513,-0.1,1.0
BIOMD0000000917,model,0.2607816168551539,0.0,0.7823448505654619,3,0,0.0,0.0,0.0,0.0,0.0,0.0,0.4694069103392772,0.6258758804523695,0.7041103655089156,0.7666979535541526,-0.05,1.0
BIOMD0000000917,model,0.2616703553394547,0.0,0.7850110660183641,3,0,0.0,0.0,0.0,0.0,0.0,0.0,0.4710066396110185,0.6280088528146913,0.7065099594165276,0.7693108446979968,0.0,1.0
BIOMD0000000917,model,0.2610185651548641,0.0,0.7830556954645925,3,0,0.0,0.0,0.0,0.0,0.0,0.0,0.4698334172787556,0.6264445563716741,0.7047501259181332,0.7673945815553007,0.05,1.0
BIOMD0000000917,model,0.2591811556765044,0.0,0.7775434670295132,3,0,0.0,0.0,0.0,0.0,0.0,0.0,0.466526080217708,0.6220347736236106,0.6997891203265618,0.7619925976889229,0.1,1.0
BIOMD0000000917,model,0.2542196695018106,0.0,0.7626590085054318,3,0,0.0,0.0,0.0,0.0,0.0,0.0,0.4575954051032591,0.6101272068043455,0.6863931076548886,0.7474058283353231,0.2,1.0
BIOMD0000000917,model,0.1885968962622591,0.0,0.5657906887867775,3,0,0.0,0.0,0.0,0.0,0.0,0.0,0.3394744132720665,0.452632551029422,0.5092116199080997,0.554474875011042,0.5,1.0
BIOMD0000000918,model,0.0,0.0,0.0,7,1,0.0,0.0,0.0,0.0,0.0,0.0,0.0,0.0,0.0,0.0,-0.5,1.0
BIOMD0000000918,model,0.0767581437710534,0.0,0.5373070063973743,7,1,0.0,0.0,0.0,0.0,0.0,0.0,0.0,0.2149228025589499,0.3761149044781616,0.5050685860135316,-0.2,1.0
BIOMD0000000918,model,0.1121682227555833,0.0,0.7851775592890836,7,1,0.0,0.0,0.0,0.0,0.0,0.0,0.0,0.3140710237156337,0.5496242915023579,0.7380669057317382,-0.1,1.0
BIOMD0000000918,model,0.1277610729474407,0.0,0.8943275106320852,7,1,0.0,0.0,0.0,0.0,0.0,0.0,0.0,0.3577310042528344,0.626029257442459,0.8406678599941596,-0.05,1.0
BIOMD0000000918,model,0.1316682655745834,0.0,0.921677859022084,7,1,0.0,0.0,0.0,0.0,0.0,0.0,0.0,0.3686711436088338,0.6451745013154581,0.8663771874807584,0.0,1.0
BIOMD0000000918,model,0.1191453170304546,0.0,0.8340172192131827,7,1,0.0,0.0,0.0,0.0,0.0,0.0,0.0,0.3336068876852734,0.5838120534492273,0.7839761860603913,0.05,1.0
BIOMD0000000918,model,0.1016474428626844,0.0,0.7115321000387912,7,1,0.0,0.0,0.0,0.0,0.0,0.0,0.0,0.2846128400155167,0.4980724700271533,0.6688401740364633,0.1,1.0
BIOMD0000000918,model,0.0661900504453889,0.0,0.4633303531177224,7,1,0.0,0.0,0.0,0.0,0.0,0.0,0.0,0.1853321412470891,0.3243312471824054,0.4355305319306589,0.2,1.0
BIOMD0000000918,model,0.0,0.0,0.0,5,3,0.0,0.0,0.0,0.0,0.0,0.0,0.0,0.0,0.0,0.0,0.5,1.0
BIOMD0000000920,model,0.7040690576653706,0.2068719692760493,0.9433312947234022,4,0,0.2916490649056554,0.3764261605352615,0.5459803517944737,0.6307574474240798,0.7155345430536858,0.8330364833310155,0.9137447338025256,0.928538014262964,0.935934654493183,0.9418519666773584,-0.5,1.0
BIOMD0000000920,model,0.848799208433357,0.5626093468728314,0.9689723078621744,4,0,0.6138263792947533,0.6650434117166752,0.767477476560519,0.8186945089824409,0.8699115414043628,0.931807589499211,0.9633242927325366,0.9661483002973554,0.9675603040797648,0.9686899071056924,-0.2,1.0
BIOMD0000000920,model,0.917778658643534,0.7858350239811946,0.98575943160179,4,0,0.8085834496978495,0.8313318754145043,0.8768287268478139,0.8995771525644686,0.9223255782811234,0.9497600894955756,0.9715211627800708,0.9786402971909304,0.9821998643963604,0.985047518160704,-0.1,1.0
BIOMD0000000920,model,0.951454184433904,0.896483804680396,0.9937925544838332,4,0,0.9048965548886712,0.9133093050969462,0.9301348055134964,0.9385475557217716,0.9469603059300464,0.9577701892856932,0.9752999652950272,0.98454625988943,0.9891694071866316,0.9928679250243928,-0.05,1.0
BIOMD0000000920,model,0.9623691593122264,0.93271690780558,0.997055301728128,4,0,0.9361829329899152,0.9396489581742502,0.9465810085429204,0.9500470337272552,0.9535130589115904,0.9598522138575988,0.9771505318996816,0.9871029168139048,0.9920791092710164,0.9960600632367056,0.0,1.0
BIOMD0000000920,model,0.9421763963262116,0.8635295421224907,0.994997921389564,4,0,0.8758253802344391,0.8881212183463877,0.9127128945702846,0.9250087326822332,0.9373045707941816,0.9550890608963956,0.976804963910212,0.985901442649888,0.990449682019726,0.9940882735155964,0.05,1.0
BIOMD0000000920,model,0.9136243141886016,0.756603477260069,0.9911805105319766,4,0,0.7843092691739636,0.8120150610878581,0.8674266449156472,0.8951324368295418,0.9228382287434364,0.95335663448118,0.9757149115785873,0.983447711055282,0.9873141107936292,0.9904072305843072,0.1,1.0
BIOMD0000000920,model,0.848302506440761,0.5582370942981406,0.98246950270946,4,0,0.6077260940906358,0.6572150938831309,0.7561930934681214,0.8056820932606165,0.8551710930531117,0.9262517143777216,0.971591602588185,0.9770305526488224,0.9797500276791412,0.9819256077033962,0.2,1.0
BIOMD0000000920,model,0.6499824984148191,0.0,0.9657783350046464,4,0,0.1037046445167039,0.2074092890334078,0.4148185780668157,0.5185232225835196,0.6222278671002235,0.817075829327315,0.951983751127821,0.9588810430662336,0.96232968903544,0.9650886058108052,0.5,1.0
BIOMD0000000921,model,0.5815547519715756,0.0,0.9965842673947342,5,0,0.0,0.0,0.0,0.0,0.1831897644474705,0.915948822237353,0.9955093896595792,0.9960468285271566,0.9963155479609452,0.9965305235079764,-0.5,1.0
BIOMD0000000921,model,0.5954282345092516,0.0,0.9978600041974348,5,0,0.0,0.0,0.0,0.0,0.1964495571801875,0.9822477859009378,0.9971987067977954,0.9975293554976152,0.997694679847525,0.9978269393274528,-0.2,1.0
BIOMD0000000921,model,0.5974488084117054,0.0,0.9982842679162722,5,0,0.0,0.0,0.0,0.0,0.1983193621581628,0.9915968107908144,0.997547224264407,0.9979157460903396,0.998100007003306,0.9982474157336788,-0.1,1.0
BIOMD0000000921,model,0.5981985136406331,0.0,0.9984962524241804,5,0,0.0,0.0,0.0,0.0,0.1990026074778131,0.995013037389066,0.9976858731967716,0.998091062810476,0.998293657617328,0.99845573346281,-0.05,1.0
BIOMD0000000921,model,0.5988253165099445,0.0,0.9987083063063216,5,0,0.0,0.0,0.0,0.0,0.199532019642625,0.9976600982131252,0.997948203685485,0.9983282549959032,0.9985182806511124,0.9986703011752796,0.0,1.0
BIOMD0000000921,model,0.5991752892639577,0.0,0.9992654035413858,5,0,0.0,0.0,0.0,0.0,0.1995381565331178,0.9976907826655896,0.9989892887985272,0.9991273461699566,0.9991963748556713,0.9992515978042428,0.05,1.0
BIOMD0000000921,model,0.5989687160636586,0.0,0.9991320346812136,5,0,0.0,0.0,0.0,0.0,0.1995663951629741,0.9978319758148706,0.9981300627940098,0.9986310487376118,0.9988815417094128,0.9990819360868534,0.1,1.0
BIOMD0000000921,model,0.5986404381282527,0.0,0.9995555601469494,5,0,0.0,0.0,0.0,0.0,0.1991293333930287,0.9956466669651438,0.9983110828527264,0.9989333214998378,0.9992444408233936,0.9994933362822382,0.2,1.0
BIOMD0000000921,model,0.5981266730469319,0.0,0.9983883169648996,5,0,0.0,0.0,0.0,0.0,0.1987953650029083,0.9939768250145417,0.9982922419971544,0.998340279481027,0.9983642982229632,0.9983835132165124,0.5,1.0
BIOMD0000000928,model,0.1850280412812259,0.0,0.2722797348344857,4,0,0.0331530530122218,0.0663061060244436,0.1326122120488874,0.1657652650611092,0.198918318073331,0.233916215145209,0.2569991400591578,0.2646394374468218,0.2684595861406537,0.2715157050957194,-0.5,1.0
BIOMD0000000928,model,0.6577621595559138,0.4561496379050033,0.8072636526998823,4,0,0.4862041427235172,0.5162586475420311,0.5763676571790588,0.6064221619975727,0.6364766668160866,0.6838176738093846,0.749578867634157,0.7784212601670197,0.792842456433451,0.804379413446596,-0.2,1.0
BIOMD0000000928,model,0.7405820169051576,0.5970766734098593,0.8487764791968015,4,0,0.6179567068261947,0.6388367402425302,0.6805968070752012,0.7014768404915367,0.7223568739078722,0.7582374575069847,0.8076294029758447,0.8282029410863232,0.8384897101415624,0.8467191253857537,-0.1,1.0
BIOMD0000000928,model,0.7656265539358178,0.6253139789622472,0.8699773011032581,4,0,0.6460231212987516,0.666732263635256,0.7081505483082648,0.7288596906447692,0.7495688329812736,0.7836074678388829,0.8302949251245968,0.8501361131139274,0.8600567071085927,0.867993182304325,-0.05,1.0
BIOMD0000000928,model,0.753115615918869,0.589469175448296,0.87303151841241,4,0,0.6150333727128494,0.6405975699774029,0.6917259645065097,0.7172901617710631,0.7428543590356165,0.7749808849073851,0.8232513749266348,0.8481414466695224,0.8605864825409661,0.8705425112381212,0.0,1.0
BIOMD0000000928,model,0.6867139301422972,0.4865347606275572,0.8208537357531944,4,0,0.5209700030804729,0.5554052455333885,0.6242757304392199,0.6587109728921356,0.6931462153450513,0.7197336120942185,0.762360002626143,0.7916068691896687,0.8062303024714315,0.8179290490968418,0.05,1.0
BIOMD0000000928,model,0.5764402725214144,0.315738544608213,0.741177071604616,4,0,0.3614323270420856,0.4071261094759582,0.4985136743437033,0.5442074567775759,0.5899012392114484,0.6244227369364141,0.6735598564651253,0.7073684640348706,0.7242727678197433,0.7377962108476415,0.1,1.0
BIOMD0000000928,model,0.309926042511185,0.0,0.5227119521287782,4,0,0.0512843070028558,0.1025686140057117,0.2051372280114235,0.2564215350142794,0.3077058420171353,0.358496108957981,0.434142883589665,0.4784274178592216,0.5005696849939998,0.5182834987018224,0.2,1.0
BIOMD0000000928,model,0.0,0.0,0.0,4,0,0.0,0.0,0.0,0.0,0.0,0.0,0.0,0.0,0.0,0.0,0.5,1.0
BIOMD0000000929,model,0.1260193727318468,0.0,0.6300968636592345,5,0,0.0,0.0,0.0,0.0,0.0,0.0,0.126019372731847,0.3780581181955407,0.5040774909273875,0.604892989112865,-0.5,1.0
BIOMD0000000929,model,0.126031616415253,0.0,0.630158082076265,5,0,0.0,0.0,0.0,0.0,0.0,0.0,0.1260316164152531,0.378094849245759,0.5041264656610118,0.6049517587932144,-0.2,1.0
BIOMD0000000929,model,0.1260351790215997,0.0,0.6301758951079988,5,0,0.0,0.0,0.0,0.0,0.0,0.0,0.1260351790215998,0.3781055370647993,0.5041407160863989,0.6049688593036788,-0.1,1.0
BIOMD0000000929,model,0.1260374947099647,0.0,0.6301874735498236,5,0,0.0,0.0,0.0,0.0,0.0,0.0,0.1260374947099648,0.3781124841298942,0.5041499788398588,0.6049799746078307,-0.05,1.0
BIOMD0000000929,model,0.1260406449338274,0.0,0.630203224669137,5,0,0.0,0.0,0.0,0.0,0.0,0.0,0.1260406449338275,0.3781219348014822,0.5041625797353095,0.6049950956823715,0.0,1.0
BIOMD0000000929,model,0.1570358899293456,0.0,0.6302243062827917,5,0,0.0,0.0,0.0,0.0,0.0,0.0,0.2500089759477077,0.4401166411152497,0.5351704736990206,0.6112135397660374,0.05,1.0
BIOMD0000000929,model,0.208314014050416,0.0,0.6302315236234715,5,0,0.0,0.0,0.0,0.0,0.0,0.0,0.4551171420275813,0.5426743328255264,0.5864529282244989,0.6214758045436769,0.1,1.0
BIOMD0000000929,model,0.2096769504110226,0.0,0.6302453978995731,5,0,0.0,0.0,0.0,0.0,0.0,0.0,0.4605605629043466,0.5454029804019599,0.5878241891507664,0.6217611561498118,0.2,1.0
BIOMD0000000929,model,0.1260571143786809,0.0,0.6302855718934044,5,0,0.0,0.0,0.0,0.0,0.0,0.0,0.126057114378681,0.3781713431360426,0.5042284575147233,0.6050741490176682,0.5,1.0
BIOMD0000000930,model,0.0,0.0,0.0,4,0,0.0,0.0,0.0,0.0,0.0,0.0,0.0,0.0,0.0,0.0,-0.5,1.0
BIOMD0000000930,model,0.0,0.0,0.0,4,0,0.0,0.0,0.0,0.0,0.0,0.0,0.0,0.0,0.0,0.0,-0.2,1.0
BIOMD0000000930,model,0.0,0.0,0.0,4,0,0.0,0.0,0.0,0.0,0.0,0.0,0.0,0.0,0.0,0.0,-0.1,1.0
BIOMD0000000930,model,0.0,0.0,0.0,4,0,0.0,0.0,0.0,0.0,0.0,0.0,0.0,0.0,0.0,0.0,-0.05,1.0
BIOMD0000000930,model,0.0,0.0,0.0,4,0,0.0,0.0,0.0,0.0,0.0,0.0,0.0,0.0,0.0,0.0,0.0,1.0
BIOMD0000000930,model,0.0,0.0,0.0,4,0,0.0,0.0,0.0,0.0,0.0,0.0,0.0,0.0,0.0,0.0,0.05,1.0
BIOMD0000000930,model,0.0,0.0,0.0,4,0,0.0,0.0,0.0,0.0,0.0,0.0,0.0,0.0,0.0,0.0,0.1,1.0
BIOMD0000000930,model,0.0,0.0,0.0,4,0,0.0,0.0,0.0,0.0,0.0,0.0,0.0,0.0,0.0,0.0,0.2,1.0
BIOMD0000000930,model,0.0,0.0,0.0,4,0,0.0,0.0,0.0,0.0,0.0,0.0,0.0,0.0,0.0,0.0,0.5,1.0
BIOMD0000000932,model,0.0310021079671529,0.0,0.1240084318686117,4,0,0.0,0.0,0.0,0.0,0.0,0.0,0.0496033727474447,0.0868059023080282,0.1054071670883199,0.1202881789125533,-0.5,1.0
BIOMD0000000932,model,0.0,0.0,0.0,4,0,0.0,0.0,0.0,0.0,0.0,0.0,0.0,0.0,0.0,0.0,-0.2,1.0
BIOMD0000000932,model,0.0,0.0,0.0,4,0,0.0,0.0,0.0,0.0,0.0,0.0,0.0,0.0,0.0,0.0,-0.1,1.0
BIOMD0000000932,model,0.0,0.0,0.0,4,0,0.0,0.0,0.0,0.0,0.0,0.0,0.0,0.0,0.0,0.0,-0.05,1.0
BIOMD0000000932,model,0.0,0.0,0.0,4,0,0.0,0.0,0.0,0.0,0.0,0.0,0.0,0.0,0.0,0.0,0.0,1.0
BIOMD0000000932,model,0.0,0.0,0.0,4,0,0.0,0.0,0.0,0.0,0.0,0.0,0.0,0.0,0.0,0.0,0.05,1.0
BIOMD0000000932,model,0.0,0.0,0.0,4,0,0.0,0.0,0.0,0.0,0.0,0.0,0.0,0.0,0.0,0.0,0.1,1.0
BIOMD0000000932,model,0.0,0.0,0.0,4,0,0.0,0.0,0.0,0.0,0.0,0.0,0.0,0.0,0.0,0.0,0.2,1.0
BIOMD0000000932,model,0.0,0.0,0.0,4,0,0.0,0.0,0.0,0.0,0.0,0.0,0.0,0.0,0.0,0.0,0.5,1.0
BIOMD0000000933,model,0.1792565714483108,0.0,0.5377697143449326,3,0,0.0,0.0,0.0,0.0,0.0,0.0,0.3226618286069596,0.4302157714759461,0.4839927429104392,0.527014320058034,-0.5,1.0
BIOMD0000000933,model,0.2074831623725511,0.0,0.6224494871176535,3,0,0.0,0.0,0.0,0.0,0.0,0.0,0.3734696922705921,0.4979595896941228,0.560204538405888,0.6100004973753004,-0.2,1.0
BIOMD0000000933,model,0.2152659158785462,0.0,0.6457977476356388,3,0,0.0,0.0,0.0,0.0,0.0,0.0,0.3874786485813833,0.5166381981085111,0.5812179728720749,0.632881792682926,-0.1,1.0
BIOMD0000000933,model,0.2178559929914681,0.0,0.6535679789744044,3,0,0.0,0.0,0.0,0.0,0.0,0.0,0.3921407873846427,0.5228543831795236,0.5882111810769639,0.6404966193949163,-0.05,1.0
BIOMD0000000933,model,0.2208928445737928,0.0,0.6626785337213785,3,0,0.0,0.0,0.0,0.0,0.0,0.0,0.3976071202328272,0.5301428269771029,0.5964106803492406,0.649424963046951,0.0,1.0
BIOMD0000000933,model,0.2251780561122549,0.0,0.6755341683367649,3,0,0.0,0.0,0.0,0.0,0.0,0.0,0.405320501002059,0.540427334669412,0.6079807515030884,0.6620234849700296,0.05,1.0
BIOMD0000000933,model,0.2306232865216868,0.0,0.6918698595650606,3,0,0.0,0.0,0.0,0.0,0.0,0.0,0.4151219157390364,0.5534958876520486,0.6226828736085546,0.6780324623737595,0.1,1.0
BIOMD0000000933,model,0.2444453941010713,0.0,0.7333361823032141,3,0,0.0,0.0,0.0,0.0,0.0,0.0,0.4400017093819285,0.5866689458425713,0.6600025640728926,0.7186694586571498,0.2,1.0
BIOMD0000000933,model,0.2339227106939816,0.0,0.701768132081945,3,0,0.0,0.0,0.0,0.0,0.0,0.0,0.4210608792491671,0.5614145056655561,0.6315913188737504,0.687732769440306,0.5,1.0
BIOMD0000000934,model,0.0,0.0,0.0,13,0,0.0,0.0,0.0,0.0,0.0,0.0,0.0,0.0,0.0,0.0,-0.5,1.0
BIOMD0000000934,model,0.0,0.0,0.0,13,0,0.0,0.0,0.0,0.0,0.0,0.0,0.0,0.0,0.0,0.0,-0.2,1.0
BIOMD0000000934,model,0.0,0.0,0.0,13,0,0.0,0.0,0.0,0.0,0.0,0.0,0.0,0.0,0.0,0.0,-0.1,1.0
BIOMD0000000934,model,0.0,0.0,0.0,13,0,0.0,0.0,0.0,0.0,0.0,0.0,0.0,0.0,0.0,0.0,-0.05,1.0
BIOMD0000000934,model,0.191203642648726,0.0,0.8010493018928414,13,0,0.0,0.0,0.0,0.0,0.0,0.0,0.4710567607502011,0.6924182570206118,0.7378966787483563,0.7884187772639443,0.0,1.0
BIOMD0000000934,model,0.0,0.0,0.0,13,0,0.0,0.0,0.0,0.0,0.0,0.0,0.0,0.0,0.0,0.0,0.05,1.0
BIOMD0000000934,model,0.0,0.0,0.0,13,0,0.0,0.0,0.0,0.0,0.0,0.0,0.0,0.0,0.0,0.0,0.1,1.0
BIOMD0000000934,model,0.0,0.0,0.0,13,0,0.0,0.0,0.0,0.0,0.0,0.0,0.0,0.0,0.0,0.0,0.2,1.0
BIOMD0000000934,model,0.0,0.0,0.0,13,0,0.0,0.0,0.0,0.0,0.0,0.0,0.0,0.0,0.0,0.0,0.5,1.0
BIOMD0000000935,model,0.8575205036543327,0.8357900314886811,0.8792509758199842,2,0,0.8379630787052463,0.8401361259218114,0.8444822203549418,0.8466552675715069,0.8488283147880721,0.8575205036543327,0.8705587869537236,0.874904881386854,0.877077928603419,0.8788163663766712,-0.5,1.0
BIOMD0000000935,model,0.8575205036543327,0.8357900314886811,0.8792509758199842,2,0,0.8379630787052463,0.8401361259218114,0.8444822203549418,0.8466552675715069,0.8488283147880721,0.8575205036543327,0.8705587869537236,0.874904881386854,0.877077928603419,0.8788163663766712,-0.2,1.0
BIOMD0000000935,model,0.8575205036543327,0.8357900314886811,0.8792509758199842,2,0,0.8379630787052463,0.8401361259218114,0.8444822203549418,0.8466552675715069,0.8488283147880721,0.8575205036543327,0.8705587869537236,0.874904881386854,0.877077928603419,0.8788163663766712,-0.1,1.0
BIOMD0000000935,model,0.8575205036543327,0.8357900314886811,0.8792509758199842,2,0,0.8379630787052463,0.8401361259218114,0.8444822203549418,0.8466552675715069,0.8488283147880721,0.8575205036543327,0.8705587869537236,0.874904881386854,0.877077928603419,0.8788163663766712,-0.05,1.0
BIOMD0000000935,model,0.8575205036543327,0.8357900314886811,0.8792509758199842,2,0,0.8379630787052463,0.8401361259218114,0.8444822203549418,0.8466552675715069,0.8488283147880721,0.8575205036543327,0.8705587869537236,0.874904881386854,0.877077928603419,0.8788163663766712,0.0,1.0
BIOMD0000000935,model,0.8575205036543327,0.8357900314886811,0.8792509758199842,2,0,0.8379630787052463,0.8401361259218114,0.8444822203549418,0.8466552675715069,0.8488283147880721,0.8575205036543327,0.8705587869537236,0.874904881386854,0.877077928603419,0.8788163663766712,0.05,1.0
BIOMD0000000935,model,0.8575205036543327,0.8357900314886811,0.8792509758199842,2,0,0.8379630787052463,0.8401361259218114,0.8444822203549418,0.8466552675715069,0.8488283147880721,0.8575205036543327,0.8705587869537236,0.874904881386854,0.877077928603419,0.8788163663766712,0.1,1.0
BIOMD0000000935,model,0.8575205036543327,0.8357900314886811,0.8792509758199842,2,0,0.8379630787052463,0.8401361259218114,0.8444822203549418,0.8466552675715069,0.8488283147880721,0.8575205036543327,0.8705587869537236,0.874904881386854,0.877077928603419,0.8788163663766712,0.2,1.0
BIOMD0000000935,model,0.8575205036543327,0.8357900314886811,0.8792509758199842,2,0,0.8379630787052463,0.8401361259218114,0.8444822203549418,0.8466552675715069,0.8488283147880721,0.8575205036543327,0.8705587869537236,0.874904881386854,0.877077928603419,0.8788163663766712,0.5,1.0
BIOMD0000000937,model,0.0,0.0,0.0,3,0,0.0,0.0,0.0,0.0,0.0,0.0,0.0,0.0,0.0,0.0,-0.5,1.0
BIOMD0000000937,model,0.0,0.0,0.0,3,0,0.0,0.0,0.0,0.0,0.0,0.0,0.0,0.0,0.0,0.0,-0.2,1.0
BIOMD0000000937,model,0.0,0.0,0.0,3,0,0.0,0.0,0.0,0.0,0.0,0.0,0.0,0.0,0.0,0.0,-0.1,1.0
BIOMD0000000937,model,0.0,0.0,0.0,3,0,0.0,0.0,0.0,0.0,0.0,0.0,0.0,0.0,0.0,0.0,-0.05,1.0
BIOMD0000000937,model,0.0,0.0,0.0,3,0,0.0,0.0,0.0,0.0,0.0,0.0,0.0,0.0,0.0,0.0,0.0,1.0
BIOMD0000000937,model,0.0,0.0,0.0,3,0,0.0,0.0,0.0,0.0,0.0,0.0,0.0,0.0,0.0,0.0,0.05,1.0
BIOMD0000000937,model,0.0,0.0,0.0,3,0,0.0,0.0,0.0,0.0,0.0,0.0,0.0,0.0,0.0,0.0,0.1,1.0
BIOMD0000000937,model,0.0,0.0,0.0,3,0,0.0,0.0,0.0,0.0,0.0,0.0,0.0,0.0,0.0,0.0,0.2,1.0
BIOMD0000000937,model,0.0,0.0,0.0,3,0,0.0,0.0,0.0,0.0,0.0,0.0,0.0,0.0,0.0,0.0,0.5,1.0
BIOMD0000000938,model,0.0,0.0,0.0,3,0,0.0,0.0,0.0,0.0,0.0,0.0,0.0,0.0,0.0,0.0,-0.5,1.0
BIOMD0000000938,model,0.0,0.0,0.0,3,0,0.0,0.0,0.0,0.0,0.0,0.0,0.0,0.0,0.0,0.0,-0.2,1.0
BIOMD0000000938,model,0.0,0.0,0.0,3,0,0.0,0.0,0.0,0.0,0.0,0.0,0.0,0.0,0.0,0.0,-0.1,1.0
BIOMD0000000938,model,0.0,0.0,0.0,3,0,0.0,0.0,0.0,0.0,0.0,0.0,0.0,0.0,0.0,0.0,-0.05,1.0
BIOMD0000000938,model,0.0,0.0,0.0,3,0,0.0,0.0,0.0,0.0,0.0,0.0,0.0,0.0,0.0,0.0,0.0,1.0
BIOMD0000000938,model,0.0,0.0,0.0,3,0,0.0,0.0,0.0,0.0,0.0,0.0,0.0,0.0,0.0,0.0,0.05,1.0
BIOMD0000000938,model,0.0,0.0,0.0,3,0,0.0,0.0,0.0,0.0,0.0,0.0,0.0,0.0,0.0,0.0,0.1,1.0
BIOMD0000000938,model,0.0,0.0,0.0,3,0,0.0,0.0,0.0,0.0,0.0,0.0,0.0,0.0,0.0,0.0,0.2,1.0
BIOMD0000000938,model,0.0,0.0,0.0,3,0,0.0,0.0,0.0,0.0,0.0,0.0,0.0,0.0,0.0,0.0,0.5,1.0
BIOMD0000000940,model,0.1045080339063697,0.0,0.6455367861636204,20,0,0.0,0.0,0.0,0.0,0.0,0.0,0.1749509608607318,0.4592367015289165,0.4817622068695638,0.6127818703048089,-0.5,1.0
BIOMD0000000940,model,0.1060249747393922,0.0,0.6355870546877218,20,0,0.0,0.0,0.0,0.0,0.0,0.0,0.1767868796485316,0.4483693003864784,0.4758484472632595,0.6036393332028291,-0.2,1.0
BIOMD0000000940,model,0.1042209049276034,0.0,0.6323465368645479,20,0,0.0,0.0,0.0,0.0,0.0,0.0,0.1802894020156761,0.4449839112492741,0.4738818675205832,0.6006536029957548,-0.1,1.0
BIOMD0000000940,model,0.1049522158035118,0.0,0.6308175922794175,20,0,0.0,0.0,0.0,0.0,0.0,0.0,0.1817680607073085,0.445689884190585,0.4729012127096963,0.599234316365473,-0.05,1.0
BIOMD0000000940,model,0.1052186714330261,0.0,0.6291972163425392,20,0,0.0,0.0,0.0,0.0,0.0,0.0,0.1819536712106685,0.4493578683184847,0.4719193599810786,0.5977416450702469,0.0,1.0
BIOMD0000000940,model,0.1048527109143571,0.0,0.6275279881680403,20,0,0.0,0.0,0.0,0.0,0.0,0.0,0.1821649713522135,0.4450114897452219,0.470932211218486,0.5962088327781292,0.05,1.0
BIOMD0000000940,model,0.1033375960612434,0.0,0.6257058522766726,20,0,0.0,0.0,0.0,0.0,0.0,0.0,0.1786986732761288,0.4389256360161713,0.4699388737312445,0.5945524565675868,0.1,1.0
BIOMD0000000940,model,0.1020564819160803,0.0,0.6215606657496322,20,0,0.0,0.0,0.0,0.0,0.0,0.0,0.1731661114877829,0.430367950958728,0.467926158699849,0.5908337643396754,0.2,1.0
BIOMD0000000940,model,0.0937617113446509,0.0,0.6108203305027349,20,0,0.0,0.0,0.0,0.0,0.0,0.0,0.1010790922795854,0.409083683941297,0.4619726503659146,0.5810507944753706,0.5,1.0
BIOMD0000000941,model,0.1012276275930219,0.0,0.8098210207441756,8,0,0.0,0.0,0.0,0.0,0.0,0.0,0.0,0.2429463062232525,0.5263836634837138,0.7531335492920831,-0.5,1.0
BIOMD0000000941,model,0.29315432483426,0.0,0.8452345986740802,8,0,0.0,0.0,0.0,0.0,0.0,0.0,0.75,0.7785703796022241,0.8119024891381521,0.8385681767668945,-0.2,1.0
BIOMD0000000941,model,0.3623250663935649,0.0,0.888888888888889,8,0,0.0,0.0,0.0,0.0,0.0,0.1386622153606848,0.8707326623930821,0.8888888888888888,0.888888888888889,0.888888888888889,-0.1,1.0
BIOMD0000000941,model,0.4194895964585032,0.0,0.9473684210526316,8,0,0.0,0.0,0.0,0.0,0.0,0.3102738386894017,0.9046739535051626,0.9473684210526316,0.9473684210526316,0.9473684210526316,-0.05,1.0
BIOMD0000000941,model,0.4593711803249198,0.0,1.0,8,0,0.0,0.0,0.0,0.0,0.0,0.4159339168856688,0.9372406435312084,1.0,1.0,1.0,0.0,1.0
BIOMD0000000941,model,0.4361836836611675,0.0,0.9523809523809524,8,0,0.0,0.0,0.0,0.0,0.0,0.3696347325942217,0.9096038111641684,0.9523809523809524,0.9523809523809524,0.9523809523809524,0.05,1.0
BIOMD0000000941,model,0.4050091837267362,0.0,0.9090909090909092,8,0,0.0,0.0,0.0,0.0,0.0,0.2866945115019796,0.8848555969057904,0.9090909090909092,0.9090909090909092,0.9090909090909092,0.1,1.0
BIOMD0000000941,model,0.3493285964922342,0.0,0.8578331640833379,8,0,0.0,0.0,0.0,0.0,0.0,0.1350644705939345,0.8333333333333334,0.8406832825583347,0.8492582233208363,0.8561181759308375,0.2,1.0
BIOMD0000000941,model,0.2677091013356598,0.0,0.8083394773519454,8,0,0.0,0.0,0.0,0.0,0.0,0.0,0.6666666666666667,0.7091685098722503,0.7587539936120978,0.7984223806039759,0.5,1.0
BIOMD0000000942,model,0.2285406535369396,0.0,0.7902638841915786,7,0,0.0,0.0,0.0,0.0,0.0,0.0,0.4047603452835049,0.5589617608467368,0.6746128225191573,0.7671336718570941,-0.5,1.0
BIOMD0000000942,model,0.1106710948262482,0.0,0.7545357195827883,7,0,0.0,0.0,0.0,0.0,0.0,0.0,0.0100809721004759,0.3078628710934016,0.5311992953380943,0.7098684347338492,-0.2,1.0
BIOMD0000000942,model,0.1074852846914448,0.0,0.7523969928401136,7,0,0.0,0.0,0.0,0.0,0.0,0.0,0.0,0.3009587971360457,0.526677894988079,0.7072531732697065,-0.1,1.0
BIOMD0000000942,model,0.107878825618068,0.0,0.7551517793264761,7,0,0.0,0.0,0.0,0.0,0.0,0.0,0.0,0.3020607117305907,0.5286062455285327,0.7098426725668872,-0.05,1.0
BIOMD0000000942,model,0.1075136469629261,0.0,0.7525955287404832,7,0,0.0,0.0,0.0,0.0,0.0,0.0,0.0,0.3010382114961935,0.5268168701183377,0.7074397970160539,0.0,1.0
BIOMD0000000942,model,0.1072750127427313,0.0,0.7509250891991192,7,0,0.0,0.0,0.0,0.0,0.0,0.0,0.0,0.3003700356796479,0.5256475624393828,0.7058695838471716,0.05,1.0
BIOMD0000000942,model,0.0,0.0,0.0,5,2,0.0,0.0,0.0,0.0,0.0,0.0,0.0,0.0,0.0,0.0,0.1,1.0
BIOMD0000000942,model,0.0,0.0,0.0,7,0,0.0,0.0,0.0,0.0,0.0,0.0,0.0,0.0,0.0,0.0,0.2,1.0
BIOMD0000000942,model,0.0,0.0,0.0,7,0,0.0,0.0,0.0,0.0,0.0,0.0,0.0,0.0,0.0,0.0,0.5,1.0
BIOMD0000000944,model,0.0590972121096213,0.0,0.177291636328864,3,0,0.0,0.0,0.0,0.0,0.0,0.0,0.1063749817973184,0.1418333090630912,0.1595624726959776,0.1737458036022867,-0.5,1.0
BIOMD0000000944,model,0.05686076366389,0.0,0.17058229099167,3,0,0.0,0.0,0.0,0.0,0.0,0.0,0.102349374595002,0.136465832793336,0.153524061892503,0.1671706451718366,-0.2,1.0
BIOMD0000000944,model,0.0572334482745168,0.0,0.1717003448235505,3,0,0.0,0.0,0.0,0.0,0.0,0.0,0.1030202068941303,0.1373602758588404,0.1545303103411955,0.1682663379270795,-0.1,1.0
BIOMD0000000944,model,0.0577074830591438,0.0,0.1731224491774316,3,0,0.0,0.0,0.0,0.0,0.0,0.0,0.1038734695064589,0.1384979593419453,0.1558102042596884,0.1696600001938829,-0.05,1.0
BIOMD0000000944,model,0.0570214038722351,0.0,0.1710642116167055,3,0,0.0,0.0,0.0,0.0,0.0,0.0,0.1026385269700233,0.1368513692933644,0.1539577904550349,0.1676429273843714,0.0,1.0
BIOMD0000000944,model,0.0560030580440095,0.0,0.1680091741320287,3,0,0.0,0.0,0.0,0.0,0.0,0.0,0.1008055044792172,0.1344073393056229,0.1512082567188258,0.1646489906493881,0.05,1.0
BIOMD0000000944,model,0.0554921707465954,0.0,0.1664765122397864,3,0,0.0,0.0,0.0,0.0,0.0,0.0,0.0998859073438718,0.1331812097918291,0.1498288610158077,0.1631469819949906,0.1,1.0
BIOMD0000000944,model,0.0550062426059442,0.0,0.1650187278178326,3,0,0.0,0.0,0.0,0.0,0.0,0.0,0.0990112366906995,0.1320149822542661,0.1485168550360493,0.1617183532614759,0.2,1.0
BIOMD0000000944,model,0.0550242571081718,0.0,0.1650727713245155,3,0,0.0,0.0,0.0,0.0,0.0,0.0,0.0990436627947093,0.1320582170596124,0.1485654941920639,0.1617713158980251,0.5,1.0
BIOMD0000000948,model,0.1871151392862792,0.0,0.3750595563190578,4,0,0.0,0.0,0.0,0.0,0.0,0.1867005004130295,0.3740644230232586,0.3745619896711582,0.374810772995108,0.3750097996542678,-0.5,1.0
BIOMD0000000948,model,0.3775398052073619,0.0,0.8175372549028661,4,0,0.0501121533852264,0.1002243067704528,0.2004486135409057,0.2505607669261321,0.3006729203113585,0.3463109829632907,0.5421394679761897,0.6798383614395279,0.7486878081711968,0.8037673655565322,-0.2,1.0
BIOMD0000000948,model,0.3803186974046914,0.0,0.8331712388015748,4,0,0.0459739787280034,0.0919479574560069,0.1838959149120139,0.2298698936400174,0.2758438723680209,0.3440517754085953,0.5622347110989305,0.6977029749502527,0.7654371068759136,0.8196244124164425,-0.1,1.0
BIOMD0000000948,model,0.3676741797341015,0.0,0.8398389865278137,4,0,0.0438459405622693,0.0876918811245386,0.1753837622490772,0.2192297028113465,0.2630756433736158,0.3154288662042961,0.5390664718072038,0.6894527291675088,0.764645857847661,0.8248003607917831,-0.05,1.0
BIOMD0000000948,model,0.3562654689234042,0.0,0.8454790257436853,4,0,0.0421491197289137,0.0842982394578274,0.1685964789156549,0.2107455986445686,0.2528947183734823,0.2897914249749659,0.5173448413517785,0.6814119335477319,0.7634454796457083,0.8290723165240897,0.0,1.0
BIOMD0000000948,model,0.3401344758951586,0.0,0.8323781221208401,4,0,0.0389269931206546,0.0778539862413092,0.1557079724826185,0.1946349656032731,0.2335619587239277,0.2640798907298973,0.4941391452415945,0.6632586336812173,0.7478183779010285,0.8154661732768776,0.05,1.0
BIOMD0000000948,model,0.3298160078902921,0.0094490202662701,0.829910883823615,4,0,0.0417750081420523,0.0741009960178345,0.1387529717693989,0.1710789596451811,0.2034049475209633,0.2399520637356415,0.4849334663493252,0.65742217508647,0.7436665294550423,0.8126620129499004,0.1,1.0
BIOMD0000000948,model,0.3000985258750458,0.0,0.8029166537632568,4,0,0.024417367447251,0.048834734894502,0.0976694697890041,0.1220868372362552,0.1465042046835062,0.1987387248684632,0.4619836615584547,0.6324501576608558,0.717683405712056,0.7858700041530166,0.2,1.0
BIOMD0000000948,model,0.2306080662029864,0.0,0.7213786027241879,4,0,0.0022866505708257,0.0045733011416514,0.0091466022833028,0.0114332528541285,0.0137199034249542,0.1005268310438789,0.4000370360590273,0.5607078193916075,0.6410432110578974,0.7053115243909297,0.5,1.0
BIOMD0000000952,model,0.3017939089491495,0.0,0.9735365260803917,11,0,0.0,0.0,0.0,0.0607149328051745,0.1214298656103491,0.2018109619589601,0.5343071100171181,0.5343071100183023,0.753921818049347,0.9296135844741829,-0.5,1.0
BIOMD0000000952,model,0.3879862954650662,0.0,0.977139216483711,11,0,0.0,0.0,0.0,0.0526124131942953,0.1052248263885907,0.4852042618957881,0.5080195507309792,0.75,0.8635696082418556,0.95442529483534,-0.2,1.0
BIOMD0000000952,model,0.4042984699379388,0.0,0.9775567124634448,11,0,0.0,0.0,0.0,0.0118181250882921,0.0236362501765843,0.5097612419453283,0.5409321788314291,0.888888888888889,0.9332228006761668,0.9686899301059892,-0.1,1.0
BIOMD0000000952,model,0.4112983427992112,0.0,0.9772431958244608,11,0,0.0,0.0,0.0,0.0,0.0,0.520979572204181,0.5505894109983996,0.9473684210526316,0.962305808438546,0.974255718347278,-0.05,1.0
BIOMD0000000952,model,0.4183035212104297,0.0,1.0,11,0,0.0,0.0,0.0,0.0,0.0,0.5263384911116652,0.5538920630631732,0.9769574797372854,0.9884787398686428,0.9976957479737284,0.0,1.0
BIOMD0000000952,model,0.4156897515082045,0.0,0.9769104181719922,11,0,0.0,0.0,0.0,0.0,0.0,0.529056509449836,0.5557520363018998,0.9523809523809524,0.9646456852764722,0.9744574715928882,0.05,1.0
BIOMD0000000952,model,0.4106960033771166,0.0,0.9765361766073956,11,0,0.0,0.0,0.0,0.0,0.0,0.5046818810062916,0.5635287211447877,0.9090909090909092,0.9428135428491524,0.969791649855747,0.1,1.0
BIOMD0000000952,model,0.3986546329650558,0.0,0.9767806639302689,11,0,0.0,0.0,0.0,0.0,0.0,0.4620671546232494,0.5670116653303389,0.8333333333333334,0.9050569986318012,0.9624359308705752,0.2,1.0
BIOMD0000000952,model,0.3563887900912893,0.0,0.9771422884576076,11,0,0.0,0.0,0.0,0.0,0.0,0.4150861825413045,0.5969664029835713,0.6666666666666667,0.8219044775621371,0.9460947262785137,0.5,1.0
BIOMD0000000953,model,0.0032361403977674,0.0,0.0388336847732096,12,1,0.0,0.0,0.0,0.0,0.0,0.0,0.0,0.0,0.0174751581479443,0.0345619794481566,-0.5,1.0
BIOMD0000000953,model,0.0630131193700717,0.0,0.7561574324408608,12,1,0.0,0.0,0.0,0.0,0.0,0.0,0.0,0.0,0.3402708445983868,0.6729801148723665,-0.2,1.0
BIOMD0000000953,model,0.0734271078306353,0.0,0.8913281301671097,13,0,0.0,0.0,0.0,0.0,0.0,0.0,0.0,0.0505794173049195,0.3944658150455323,0.7919556671427936,-0.1,1.0
BIOMD0000000953,model,0.2123787981090484,0.0,0.9484643052510824,13,0,0.0,0.0,0.0,0.0,0.0,0.0,0.481268438485268,0.5289288366632049,0.7001260698521866,0.898796658171303,-0.05,1.0
BIOMD0000000953,model,0.3756983669466015,0.0,1.0,13,0,0.0,0.0,0.0,0.0,0.0,0.294364511543506,0.7118977810176838,0.8718110493406028,0.9450683781401146,0.9890136756280228,0.0,1.0
BIOMD0000000953,model,0.2964986770239183,0.0,0.95327981921917,13,0,0.0,0.0,0.0,0.0,0.0,0.0,0.7216890241789778,0.7782408258317989,0.8548073089777416,0.9335853171708842,0.05,1.0
BIOMD0000000953,model,0.1773447936572121,0.0,0.910730333412608,13,0,0.0,0.0,0.0,0.0,0.0,0.0,0.4353974550290482,0.5201824783970153,0.6856350418752561,0.8657112751051375,0.1,1.0
BIOMD0000000953,model,0.0680952383214729,0.0,0.8360926236990153,13,0,0.0,0.0,0.0,0.0,0.0,0.0,0.0,0.0393163795841068,0.3639243341676851,0.7416589657927487,0.2,1.0
BIOMD0000000953,model,0.0516227844783989,0.0,0.6710961982191858,13,0,0.0,0.0,0.0,0.0,0.0,0.0,0.0,0.0,0.2684384792876733,0.5905646544328828,0.5,1.0
BIOMD0000000954,model,0.0,0.0,0.0,18,0,0.0,0.0,0.0,0.0,0.0,0.0,0.0,0.0,0.0,0.0,-0.5,1.0
BIOMD0000000954,model,0.0,0.0,0.0,18,0,0.0,0.0,0.0,0.0,0.0,0.0,0.0,0.0,0.0,0.0,-0.2,1.0
BIOMD0000000954,model,0.0,0.0,0.0,18,0,0.0,0.0,0.0,0.0,0.0,0.0,0.0,0.0,0.0,0.0,-0.1,1.0
BIOMD0000000954,model,0.0,0.0,0.0,18,0,0.0,0.0,0.0,0.0,0.0,0.0,0.0,0.0,0.0,0.0,-0.05,1.0
BIOMD0000000954,model,0.0,0.0,0.0,18,0,0.0,0.0,0.0,0.0,0.0,0.0,0.0,0.0,0.0,0.0,0.0,1.0
BIOMD0000000954,model,0.0,0.0,0.0,17,1,0.0,0.0,0.0,0.0,0.0,0.0,0.0,0.0,0.0,0.0,0.05,1.0
BIOMD0000000954,model,0.0,0.0,0.0,17,1,0.0,0.0,0.0,0.0,0.0,0.0,0.0,0.0,0.0,0.0,0.1,1.0
BIOMD0000000954,model,0.0,0.0,0.0,17,1,0.0,0.0,0.0,0.0,0.0,0.0,0.0,0.0,0.0,0.0,0.2,1.0
BIOMD0000000954,model,0.0,0.0,0.0,18,0,0.0,0.0,0.0,0.0,0.0,0.0,0.0,0.0,0.0,0.0,0.5,1.0
BIOMD0000000955,model,0.9999728371860036,0.9999728371860036,0.9999728371860036,1,7,0.9999728371860036,0.9999728371860036,0.9999728371860036,0.9999728371860036,0.9999728371860036,0.9999728371860036,0.9999728371860036,0.9999728371860036,0.9999728371860036,0.9999728371860036,-0.5,1.0
BIOMD0000000955,model,0.999634340318518,0.999634340318518,0.999634340318518,1,7,0.999634340318518,0.999634340318518,0.999634340318518,0.999634340318518,0.999634340318518,0.999634340318518,0.999634340318518,0.999634340318518,0.999634340318518,0.999634340318518,-0.2,1.0
BIOMD0000000955,model,0.998641607515734,0.998641607515734,0.998641607515734,1,7,0.998641607515734,0.998641607515734,0.998641607515734,0.998641607515734,0.998641607515734,0.998641607515734,0.998641607515734,0.998641607515734,0.998641607515734,0.998641607515734,-0.1,1.0
BIOMD0000000955,model,0.9971836322481564,0.9971836322481564,0.9971836322481564,1,7,0.9971836322481564,0.9971836322481564,0.9971836322481564,0.9971836322481564,0.9971836322481564,0.9971836322481564,0.9971836322481564,0.9971836322481564,0.9971836322481564,0.9971836322481564,-0.05,1.0
BIOMD0000000955,model,0.9938443389573756,0.9938443389573756,0.9938443389573756,1,7,0.9938443389573756,0.9938443389573756,0.9938443389573756,0.9938443389573756,0.9938443389573756,0.9938443389573756,0.9938443389573756,0.9938443389573756,0.9938443389573756,0.9938443389573756,0.0,1.0
BIOMD0000000955,model,0.4928803171754907,0.0,0.9857606343509814,2,6,0.049288031717549,0.0985760634350981,0.1971521268701963,0.2464401585877453,0.2957281903052944,0.4928803171754907,0.7886085074807851,0.8871845709158832,0.9364726026334322,0.9759030280074716,0.05,1.0
BIOMD0000000955,model,0.4828082609985087,0.0,0.9656165219970176,2,6,0.0482808260998508,0.0965616521997017,0.1931233043994035,0.2414041304992543,0.2896849565991052,0.4828082609985087,0.772493217597614,0.8690548697973158,0.9173356958971666,0.9559603567770474,0.1,1.0
BIOMD0000000955,model,0.1666709471118589,0.0,0.833354735559295,5,3,0.0,0.0,0.0,0.0,0.0,0.0,0.1666709471118591,0.5000128413355771,0.6666837884474358,0.8000205461369231,0.2,1.0
BIOMD0000000955,model,0.0,0.0,0.0,8,0,0.0,0.0,0.0,0.0,0.0,0.0,0.0,0.0,0.0,0.0,0.5,1.0
BIOMD0000000957,model,0.2436238786435824,0.0,0.9744955145743298,4,0,0.0,0.0,0.0,0.0,0.0,0.0,0.3897982058297323,0.6821468602020311,0.82832118738818,0.9452606491370996,-0.5,1.0
BIOMD0000000957,model,0.2458542410995531,0.0,0.9834169643982124,4,0,0.0,0.0,0.0,0.0,0.0,0.0,0.3933667857592853,0.6883918750787488,0.8359044197384802,0.9539144554662656,-0.2,1.0
BIOMD0000000957,model,0.1857435494256722,0.0,0.742974197702689,4,0,0.0,0.0,0.0,0.0,0.0,0.0,0.2971896790810758,0.5200819383918824,0.6315280680472855,0.7206849717716082,-0.1,1.0
BIOMD0000000957,model,0.1435121372224042,0.0,0.574048548889617,4,0,0.0,0.0,0.0,0.0,0.0,0.0,0.229619419555847,0.401833984222732,0.4879412665561742,0.5568270924229284,-0.05,1.0
BIOMD0000000957,model,0.1022783248445637,0.0,0.4091132993782551,4,0,0.0,0.0,0.0,0.0,0.0,0.0,0.1636453197513022,0.2863793095647786,0.3477463044715167,0.3968399003969073,0.0,1.0
BIOMD0000000957,model,0.0578493683594433,0.0,0.2313974734377732,4,0,0.0,0.0,0.0,0.0,0.0,0.0,0.0925589893751093,0.1619782314064413,0.1966878524221071,0.2244555492346399,0.05,1.0
BIOMD0000000957,model,0.0099074757970019,0.0,0.0396299031880077,4,0,0.0,0.0,0.0,0.0,0.0,0.0,0.0158519612752031,0.0277409322316054,0.0336854177098065,0.0384410060923674,0.1,1.0
BIOMD0000000957,model,0.0,0.0,0.0,4,0,0.0,0.0,0.0,0.0,0.0,0.0,0.0,0.0,0.0,0.0,0.2,1.0
BIOMD0000000957,model,0.0,0.0,0.0,4,0,0.0,0.0,0.0,0.0,0.0,0.0,0.0,0.0,0.0,0.0,0.5,1.0
BIOMD0000000959,model,0.0,0.0,0.0,41,0,0.0,0.0,0.0,0.0,0.0,0.0,0.0,0.0,0.0,0.0,-0.5,1.0
BIOMD0000000959,model,0.0,0.0,0.0,41,0,0.0,0.0,0.0,0.0,0.0,0.0,0.0,0.0,0.0,0.0,-0.2,1.0
BIOMD0000000959,model,0.0,0.0,0.0,41,0,0.0,0.0,0.0,0.0,0.0,0.0,0.0,0.0,0.0,0.0,-0.1,1.0
BIOMD0000000959,model,0.0,0.0,0.0,41,0,0.0,0.0,0.0,0.0,0.0,0.0,0.0,0.0,0.0,0.0,-0.05,1.0
BIOMD0000000959,model,0.0,0.0,0.0,41,0,0.0,0.0,0.0,0.0,0.0,0.0,0.0,0.0,0.0,0.0,0.0,1.0
BIOMD0000000959,model,0.0,0.0,0.0,41,0,0.0,0.0,0.0,0.0,0.0,0.0,0.0,0.0,0.0,0.0,0.05,1.0
BIOMD0000000959,model,0.0,0.0,0.0,41,0,0.0,0.0,0.0,0.0,0.0,0.0,0.0,0.0,0.0,0.0,0.1,1.0
BIOMD0000000959,model,0.0,0.0,0.0,41,0,0.0,0.0,0.0,0.0,0.0,0.0,0.0,0.0,0.0,0.0,0.2,1.0
BIOMD0000000959,model,0.0,0.0,0.0,41,0,0.0,0.0,0.0,0.0,0.0,0.0,0.0,0.0,0.0,0.0,0.5,1.0
BIOMD0000000961,model,0.081081081081081,0.0,1.0,37,5,0.0,0.0,0.0,0.0,0.0,0.0,0.0,0.0,1.0,1.0,-0.5,1.0
BIOMD0000000961,model,0.1052467076455484,0.0,1.0,38,4,0.0,0.0,0.0,0.0,0.0,0.0,0.0,0.3995624233715904,1.0,1.0,-0.2,1.0
BIOMD0000000961,model,0.1262437502758208,0.0,1.0,38,4,0.0,0.0,0.0,0.0,0.0,0.0,0.0,0.8947343086999134,1.0,1.0,-0.1,1.0
BIOMD0000000961,model,0.1281927848793645,0.0,1.0,38,4,0.0,0.0,0.0,0.0,0.0,0.0,0.0,0.9309807093700444,1.0,1.0,-0.05,1.0
BIOMD0000000961,model,0.1255802760048519,0.0,1.0,38,4,0.0,0.0,0.0,0.0,0.0,0.0,0.0,0.8404353417290606,1.0,1.0,0.0,1.0
BIOMD0000000961,model,0.1211175248048173,0.0,1.0,38,4,0.0,0.0,0.0,0.0,0.0,0.0,0.0,0.7407737788557605,1.0,1.0,0.05,1.0
BIOMD0000000961,model,0.11557154276752,0.0,1.0,38,4,0.0,0.0,0.0,0.0,0.0,0.0,0.0,0.6105666739796728,1.0,1.0,0.1,1.0
BIOMD0000000961,model,0.1042985477611644,0.0,1.0,38,4,0.0,0.0,0.0,0.0,0.0,0.0,0.0,0.3410080371136441,1.0,1.0,0.2,1.0
BIOMD0000000961,model,0.1111111111111111,0.0,1.0,39,3,0.0,0.0,0.0,0.0,0.0,0.0,0.0,0.6666666666666667,1.0,1.0,0.5,1.0
BIOMD0000000963,model,0.0,0.0,0.0,3,0,0.0,0.0,0.0,0.0,0.0,0.0,0.0,0.0,0.0,0.0,-0.5,1.0
BIOMD0000000963,model,0.0,0.0,0.0,3,0,0.0,0.0,0.0,0.0,0.0,0.0,0.0,0.0,0.0,0.0,-0.2,1.0
BIOMD0000000963,model,0.0,0.0,0.0,3,0,0.0,0.0,0.0,0.0,0.0,0.0,0.0,0.0,0.0,0.0,-0.1,1.0
BIOMD0000000963,model,0.0,0.0,0.0,3,0,0.0,0.0,0.0,0.0,0.0,0.0,0.0,0.0,0.0,0.0,-0.05,1.0
BIOMD0000000963,model,0.0,0.0,0.0,3,0,0.0,0.0,0.0,0.0,0.0,0.0,0.0,0.0,0.0,0.0,0.0,1.0
BIOMD0000000963,model,0.1025518321796354,0.0,0.3076554965389063,3,0,0.0,0.0,0.0,0.0,0.0,0.0,0.1845932979233438,0.246124397231125,0.2768899468850156,0.3015023866081282,0.05,1.0
BIOMD0000000963,model,0.2007207182423303,0.0,0.602162154726991,3,0,0.0,0.0,0.0,0.0,0.0,0.0,0.3612972928361946,0.4817297237815928,0.5419459392542918,0.5901189116324511,0.1,1.0
BIOMD0000000963,model,0.2131528695924293,0.0,0.6394586087772879,3,0,0.0,0.0,0.0,0.0,0.0,0.0,0.3836751652663728,0.5115668870218304,0.5755127478995591,0.6266694366017421,0.2,1.0
BIOMD0000000963,model,0.1490941393572319,0.0,0.4472824180716957,3,0,0.0,0.0,0.0,0.0,0.0,0.0,0.2683694508430174,0.3578259344573566,0.4025541762645261,0.4383367697102618,0.5,1.0
BIOMD0000000964,model,0.0,0.0,0.0,6,0,0.0,0.0,0.0,0.0,0.0,0.0,0.0,0.0,0.0,0.0,-0.5,1.0
BIOMD0000000964,model,0.0,0.0,0.0,6,0,0.0,0.0,0.0,0.0,0.0,0.0,0.0,0.0,0.0,0.0,-0.2,1.0
BIOMD0000000964,model,0.0,0.0,0.0,6,0,0.0,0.0,0.0,0.0,0.0,0.0,0.0,0.0,0.0,0.0,-0.1,1.0
BIOMD0000000964,model,0.0280137673995481,0.0,0.1680826043972891,6,0,0.0,0.0,0.0,0.0,0.0,0.0,0.0,0.0840413021986445,0.1260619532979668,0.1596784741774247,-0.05,1.0
BIOMD0000000964,model,0.1172906623584276,0.0,0.7037439741505657,6,0,0.0,0.0,0.0,0.0,0.0,0.0,0.0,0.3518719870752828,0.5278079806129242,0.6685567754430375,0.0,1.0
BIOMD0000000964,model,0.0057920967781813,0.0,0.0347525806690879,6,0,0.0,0.0,0.0,0.0,0.0,0.0,0.0,0.0173762903345439,0.0260644355018159,0.0330149516356335,0.05,1.0
BIOMD0000000964,model,0.0,0.0,0.0,6,0,0.0,0.0,0.0,0.0,0.0,0.0,0.0,0.0,0.0,0.0,0.1,1.0
BIOMD0000000964,model,0.0,0.0,0.0,6,0,0.0,0.0,0.0,0.0,0.0,0.0,0.0,0.0,0.0,0.0,0.2,1.0
BIOMD0000000964,model,0.0,0.0,0.0,6,0,0.0,0.0,0.0,0.0,0.0,0.0,0.0,0.0,0.0,0.0,0.5,1.0
BIOMD0000000966,model,0.8868081425076129,0.5365645110220579,0.9991580439305696,7,0,0.6209940107460973,0.7054235104701366,0.835311758990018,0.8612851323217613,0.8872585056535046,0.9591197578663534,0.9956987717300132,0.9973131052840838,0.9982355746073268,0.998973550065921,-0.5,1.0
BIOMD0000000966,model,0.9426848371908466,0.82088841175522,0.9996420422643127,7,0,0.8250183457800037,0.8291482798047874,0.860087580791134,0.8982366642210864,0.9363857476510388,0.984979909146992,0.9986580333307408,0.9991528164910202,0.9993974293776664,0.9995931196869836,-0.2,1.0
BIOMD0000000966,model,0.9589386641635466,0.82149846891244,0.999716426955202,7,0,0.8552228112721562,0.8889471536318722,0.9411157545808476,0.9519199712848788,0.9627241879889102,0.989717787995072,0.9990141928023604,0.99934115904197,0.999528792998586,0.9996789001638788,-0.1,1.0
BIOMD0000000966,model,0.9637173956554176,0.8217576022702042,0.9997454591385646,7,0,0.8636939914531034,0.9056303806360028,0.9638504224250062,0.9673077067427128,0.9707649910604196,0.9916986017369884,0.9991559762676184,0.9994132213316964,0.9995793402351306,0.9997122353578778,-0.05,1.0
BIOMD0000000966,model,0.9570337789834832,0.8219918948332136,0.9997705812236424,7,0,0.8482884182214304,0.8745849416096474,0.9228754833324612,0.942718249140248,0.9625610149480348,0.9934945116277396,0.9992734744418964,0.9994731135474952,0.9996218473855688,0.9997408344560276,0.0,1.0
BIOMD0000000966,model,0.9501348218097184,0.822204910743413,0.9997930305571032,7,0,0.8329289962772845,0.8436530818111561,0.8820001561088507,0.9180725964876498,0.9541450368664488,0.9945469060514188,0.9991837809408234,0.9994502506955056,0.9996216406263044,0.9997587525709434,0.05,1.0
BIOMD0000000966,model,0.9427794630190346,0.8058136585592839,0.9998133576730438,7,0,0.8107893542157409,0.8157650498721979,0.853993147892805,0.9013839036108016,0.948774659328798,0.9932112715663524,0.9989929147527196,0.9993482285993448,0.9995807931361944,0.999766844765674,0.1,1.0
BIOMD0000000966,model,0.9264751739932274,0.7012213375499671,0.9997370893151952,7,0,0.7376773521135223,0.7741333666770773,0.8529345661506669,0.8982243362339408,0.9435141063172148,0.9907770519076132,0.9986598248658516,0.9991262472495428,0.999431668282369,0.99967600510863,0.2,1.0
BIOMD0000000966,model,0.8764130072048195,0.3881286665703012,0.9994095411738516,7,0,0.5187407103779071,0.649352754185513,0.8473827934816388,0.8832037648106159,0.9190247361395928,0.9853739676002036,0.9979264435095953,0.998575990885506,0.9989927660296788,0.999326186145017,0.5,1.0
BIOMD0000000967,model,0.0183111721312355,0.0,0.0732446885249421,4,0,0.0,0.0,0.0,0.0,0.0,0.0,0.0292978754099768,0.0512712819674594,0.0622579852462007,0.0710473478691938,-0.5,1.0
BIOMD0000000967,model,0.0234614511851065,0.0,0.093845804740426,4,0,0.0,0.0,0.0,0.0,0.0,0.0,0.0375383218961704,0.0656920633182982,0.079768934029362,0.0910304305982132,-0.2,1.0
BIOMD0000000967,model,0.0251849810704899,0.0,0.1007399242819599,4,0,0.0,0.0,0.0,0.0,0.0,0.0,0.040295969712784,0.0705179469973719,0.0856289356396658,0.0977177265535011,-0.1,1.0
BIOMD0000000967,model,0.0260475946400051,0.0,0.1041903785600207,4,0,0.0,0.0,0.0,0.0,0.0,0.0,0.0416761514240083,0.0729332649920145,0.0885618217760176,0.1010646672032201,-0.05,1.0
BIOMD0000000967,model,0.0269107260615326,0.0,0.1076429042461304,4,0,0.0,0.0,0.0,0.0,0.0,0.0,0.0430571616984522,0.0753500329722913,0.0914964686092108,0.1044136171187464,0.0,1.0
BIOMD0000000967,model,0.0277741229702609,0.0,0.1110964918810438,4,0,0.0,0.0,0.0,0.0,0.0,0.0,0.0444385967524175,0.0777675443167306,0.0944320180988871,0.1077635971246124,0.05,1.0
BIOMD0000000967,model,0.0286379797998419,0.0,0.1145519191993678,4,0,0.0,0.0,0.0,0.0,0.0,0.0,0.0458207676797471,0.0801863434395575,0.0973691313194626,0.1111153616233867,0.1,1.0
BIOMD0000000967,model,0.030366442056933,0.0,0.121465768227732,4,0,0.0,0.0,0.0,0.0,0.0,0.0,0.0485863072910928,0.0850260377594124,0.1032459029935722,0.1178217951809,0.2,1.0
BIOMD0000000967,model,0.0355564936349682,0.0,0.1422259745398731,4,0,0.0,0.0,0.0,0.0,0.0,0.0,0.0568903898159493,0.0995581821779112,0.1208920783588921,0.1379591953036769,0.5,1.0
BIOMD0000000969,model,0.1321301561070224,0.0,0.9894103702487872,28,0,0.0,0.0,0.0,0.0,0.0,0.0,0.0,0.8674072271301204,0.9372715376003188,0.983158228625688,-0.5,1.0
BIOMD0000000969,model,0.1321187678009512,0.0,0.9893987922155796,28,0,0.0,0.0,0.0,0.0,0.0,0.0,0.0,0.8672595061689368,0.9372109650112048,0.9831381808715924,-0.2,1.0
BIOMD0000000969,model,0.1320887604275061,0.0,0.9893686080413856,28,0,0.0,0.0,0.0,0.0,0.0,0.0,0.0,0.8668703514650011,0.9370511056926232,0.9830856829606562,-0.1,1.0
BIOMD0000000969,model,0.1320433059322796,0.0,0.9893216316921316,28,0,0.0,0.0,0.0,0.0,0.0,0.0,0.0,0.8662850774142831,0.9368059111665324,0.9830043184886912,-0.05,1.0
BIOMD0000000969,model,0.1319355664217209,0.0,0.9892077539039984,28,0,0.0,0.0,0.0,0.0,0.0,0.0,0.0,0.8649064848552404,0.9362184319686908,0.9828076780750432,0.0,1.0
BIOMD0000000969,model,0.1316681871602277,0.0,0.9889190411882331,28,0,0.0,0.0,0.0,0.0,0.0,0.0,0.0,0.8615067035070303,0.934744727114775,0.98231038848327,0.05,1.0
BIOMD0000000969,model,0.1309843845649762,0.0,0.9881659394819688,28,0,0.0,0.0,0.0,0.0,0.0,0.0,0.0,0.8528663559333268,0.9309356057053092,0.9810155263122368,0.1,1.0
BIOMD0000000969,model,0.1248570787479498,0.0,0.981192444062286,28,0,0.0,0.0,0.0,0.0,0.0,0.0,0.0,0.7764100268431546,0.8960638425507035,0.969019914160245,0.2,1.0
BIOMD0000000969,model,0.0368427728300146,0.0,0.806532094221011,28,0,0.0,0.0,0.0,0.0,0.0,0.0,0.0,0.0,0.1462926042626086,0.6495361259365758,0.5,1.0
BIOMD0000000971,model,0.0,0.0,0.0,8,0,0.0,0.0,0.0,0.0,0.0,0.0,0.0,0.0,0.0,0.0,-0.5,1.0
BIOMD0000000971,model,0.0,0.0,0.0,8,0,0.0,0.0,0.0,0.0,0.0,0.0,0.0,0.0,0.0,0.0,-0.2,1.0
BIOMD0000000971,model,0.0,0.0,0.0,8,0,0.0,0.0,0.0,0.0,0.0,0.0,0.0,0.0,0.0,0.0,-0.1,1.0
BIOMD0000000971,model,0.0,0.0,0.0,8,0,0.0,0.0,0.0,0.0,0.0,0.0,0.0,0.0,0.0,0.0,-0.05,1.0
BIOMD0000000971,model,0.0,0.0,0.0,8,0,0.0,0.0,0.0,0.0,0.0,0.0,0.0,0.0,0.0,0.0,0.0,1.0
BIOMD0000000971,model,0.0,0.0,0.0,8,0,0.0,0.0,0.0,0.0,0.0,0.0,0.0,0.0,0.0,0.0,0.05,1.0
BIOMD0000000971,model,0.0,0.0,0.0,8,0,0.0,0.0,0.0,0.0,0.0,0.0,0.0,0.0,0.0,0.0,0.1,1.0
BIOMD0000000971,model,0.0,0.0,0.0,8,0,0.0,0.0,0.0,0.0,0.0,0.0,0.0,0.0,0.0,0.0,0.2,1.0
BIOMD0000000971,model,0.0,0.0,0.0,8,0,0.0,0.0,0.0,0.0,0.0,0.0,0.0,0.0,0.0,0.0,0.5,1.0
BIOMD0000000972,model,0.0,0.0,0.0,8,0,0.0,0.0,0.0,0.0,0.0,0.0,0.0,0.0,0.0,0.0,-0.5,1.0
BIOMD0000000972,model,0.0,0.0,0.0,8,0,0.0,0.0,0.0,0.0,0.0,0.0,0.0,0.0,0.0,0.0,-0.2,1.0
BIOMD0000000972,model,0.0,0.0,0.0,8,0,0.0,0.0,0.0,0.0,0.0,0.0,0.0,0.0,0.0,0.0,-0.1,1.0
BIOMD0000000972,model,0.0,0.0,0.0,8,0,0.0,0.0,0.0,0.0,0.0,0.0,0.0,0.0,0.0,0.0,-0.05,1.0
BIOMD0000000972,model,0.0,0.0,0.0,8,0,0.0,0.0,0.0,0.0,0.0,0.0,0.0,0.0,0.0,0.0,0.0,1.0
BIOMD0000000972,model,0.0,0.0,0.0,8,0,0.0,0.0,0.0,0.0,0.0,0.0,0.0,0.0,0.0,0.0,0.05,1.0
BIOMD0000000972,model,0.0,0.0,0.0,8,0,0.0,0.0,0.0,0.0,0.0,0.0,0.0,0.0,0.0,0.0,0.1,1.0
BIOMD0000000972,model,0.0,0.0,0.0,8,0,0.0,0.0,0.0,0.0,0.0,0.0,0.0,0.0,0.0,0.0,0.2,1.0
BIOMD0000000972,model,0.0,0.0,0.0,8,0,0.0,0.0,0.0,0.0,0.0,0.0,0.0,0.0,0.0,0.0,0.5,1.0
BIOMD0000000973,model,0.3781963010707183,0.1874055801573739,0.5689870219840626,2,0,0.2064846522487084,0.2255637243400428,0.2637218685227117,0.2828009406140461,0.3018800127053805,0.3781963010707183,0.4926707336187249,0.5308288778013938,0.5499079498927282,0.5651712075657958,-0.5,1.0
BIOMD0000000973,model,0.5195813681775473,0.3831817317426135,0.6559810046124811,2,0,0.3968216953861069,0.4104616590296003,0.437741586316587,0.4513815499600804,0.4650215136035738,0.5195813681775473,0.6014211500385076,0.6287010773254944,0.6423410409689877,0.6532530118837824,-0.2,1.0
BIOMD0000000973,model,0.544389715242235,0.4169591766515645,0.6718202538329054,2,0,0.4297022305106315,0.4424452843696986,0.4679313920878327,0.4806744459468997,0.4934174998059668,0.544389715242235,0.6208480383966373,0.6463341461147714,0.6590771999738384,0.669271643061092,-0.1,1.0
BIOMD0000000973,model,0.5547091474785525,0.4309677936280449,0.67845050132906,2,0,0.4433419290130957,0.4557160643981464,0.4804643351682479,0.4928384705532987,0.5052126059383495,0.5547091474785525,0.628953959788857,0.6537022305589585,0.6660763659440093,0.6759756742520499,-0.05,1.0
BIOMD0000000973,model,0.5639319361043408,0.4434662748086437,0.6843975974000378,2,0,0.4555128409382135,0.4675594070677831,0.4916525393269225,0.5036991054564923,0.515745671586062,0.5639319361043408,0.636211332881759,0.6603044651408984,0.6723510312704681,0.6819882841741238,0.0,1.0
BIOMD0000000973,model,0.5722076747065465,0.4546631107426682,0.6897522386704249,2,0,0.466417567139056,0.4781720235354438,0.5016809363282195,0.5134353927246074,0.5251898491209952,0.5722076747065465,0.6427344130848736,0.6662433258776492,0.6779977822740371,0.6874013473911473,0.05,1.0
BIOMD0000000973,model,0.5796823062386542,0.4647606086592962,0.6946040038180123,2,0,0.476252778417232,0.4877449481751678,0.5107292876910394,0.5222214574489753,0.5337136272069111,0.5796823062386542,0.6486353247862692,0.6716196643021407,0.6831118340600766,0.6923055698664252,0.1,1.0
BIOMD0000000973,model,0.5926194259026236,0.4822026283784102,0.703036223426837,2,0,0.4932443081308315,0.5042859878832529,0.5263693473880956,0.5374110271405169,0.5484527068929382,0.5926194259026236,0.6588695044171516,0.6809528639219944,0.6919945436744157,0.7008278874763527,0.2,1.0
BIOMD0000000973,model,0.6203220101413081,0.5193781710313295,0.7212658492512865,2,0,0.5294725549423274,0.5395669388533253,0.5597557066753209,0.5698500905863187,0.5799444744973166,0.6203220101413081,0.6808883136072951,0.7010770814292908,0.7111714653402886,0.7192469724690869,0.5,1.0
BIOMD0000000976,model,0.3083830130242569,0.0,0.9996901343622344,4,0,0.0,0.0,0.0,0.0,0.0,0.1169209588673966,0.54018120438577,0.7699356693740023,0.884812901868118,0.976714687863411,-0.5,1.0
BIOMD0000000976,model,0.2828832839830791,0.0,0.9993751260913316,4,0,0.0,0.0,0.0,0.0,0.0,0.0660790049204924,0.4790448563411238,0.7392099912162277,0.8692925586537792,0.9733586126038208,-0.2,1.0
BIOMD0000000976,model,0.2761780287986249,0.0,0.9988791961113423,4,0,0.0,0.0,0.0,0.0,0.0,0.0529164595415786,0.4630514298944317,0.730965313002887,0.8649222545571142,0.9720878078004964,-0.1,1.0
BIOMD0000000976,model,0.2731446172684427,0.0,0.9984861505569068,4,0,0.0,0.0,0.0,0.0,0.0,0.047046159258432,0.4558498513328815,0.7271680009448942,0.8628270757509001,0.9713543355957052,-0.05,1.0
BIOMD0000000976,model,0.2703595885472621,0.0,0.997937676948404,4,0,0.0,0.0,0.0,0.0,0.0,0.0417503386203223,0.4492754771237487,0.7236065770360764,0.8607721269922397,0.9705045669571708,0.0,1.0
BIOMD0000000976,model,0.2677137553075798,0.0,0.9971628704807424,4,0,0.0,0.0,0.0,0.0,0.0,0.0368460753747884,0.4430804386420435,0.720121654561393,0.8586422625210673,0.9694587488888072,0.05,1.0
BIOMD0000000976,model,0.2652078032827191,0.0,0.9960563421342112,4,0,0.0,0.0,0.0,0.0,0.0,0.0323874354983326,0.437287459451684,0.7166719007929476,0.856364121463579,0.9681178980000846,0.1,1.0
BIOMD0000000976,model,0.2594029491133979,0.0,0.9921430816570672,4,0,0.0,0.0,0.0,0.0,0.0,0.0227343573982622,0.4241384615407419,0.7081407715989045,0.8501419266279855,0.9637428506512508,0.2,1.0
BIOMD0000000976,model,0.2335459985633026,0.0,0.9257212443701076,4,0,0.0,0.0,0.0,0.0,0.0,0.0042313749415514,0.3753661476779051,0.6505436960240065,0.7881324701970567,0.8982034895354973,0.5,1.0
BIOMD0000000977,model,0.0,0.0,0.0,6,0,0.0,0.0,0.0,0.0,0.0,0.0,0.0,0.0,0.0,0.0,-0.5,1.0
BIOMD0000000977,model,0.0,0.0,0.0,6,0,0.0,0.0,0.0,0.0,0.0,0.0,0.0,0.0,0.0,0.0,-0.2,1.0
BIOMD0000000977,model,0.0,0.0,0.0,6,0,0.0,0.0,0.0,0.0,0.0,0.0,0.0,0.0,0.0,0.0,-0.1,1.0
BIOMD0000000977,model,0.0,0.0,0.0,6,0,0.0,0.0,0.0,0.0,0.0,0.0,0.0,0.0,0.0,0.0,-0.05,1.0
BIOMD0000000977,model,0.0,0.0,0.0,6,0,0.0,0.0,0.0,0.0,0.0,0.0,0.0,0.0,0.0,0.0,0.0,1.0
BIOMD0000000977,model,0.0,0.0,0.0,6,0,0.0,0.0,0.0,0.0,0.0,0.0,0.0,0.0,0.0,0.0,0.05,1.0
BIOMD0000000977,model,0.0,0.0,0.0,6,0,0.0,0.0,0.0,0.0,0.0,0.0,0.0,0.0,0.0,0.0,0.1,1.0
BIOMD0000000977,model,0.0,0.0,0.0,6,0,0.0,0.0,0.0,0.0,0.0,0.0,0.0,0.0,0.0,0.0,0.2,1.0
BIOMD0000000977,model,0.0,0.0,0.0,6,0,0.0,0.0,0.0,0.0,0.0,0.0,0.0,0.0,0.0,0.0,0.5,1.0
BIOMD0000000982,model,0.3703159945828014,0.0,0.9998197846076492,3,0,0.0111128199140755,0.022225639828151,0.044451279656302,0.0555640995703775,0.066676919484453,0.111128199140755,0.6443431504208916,0.8220814675142705,0.9109506260609598,0.9820459528983114,-0.5,1.0
BIOMD0000000982,model,0.3703204936711093,0.0,0.9998197870392614,3,0,0.0111141693974066,0.0222283387948133,0.0444566775896266,0.0555708469870333,0.06668501638444,0.1111416939740666,0.6443485498131836,0.8220841684262226,0.910951977732742,0.9820462251779576,-0.2,1.0
BIOMD0000000982,model,0.3703213268356395,0.0,0.9998197874896207,3,0,0.0111144193017297,0.0222288386034595,0.0444576772069191,0.0555720965086488,0.0666865158103786,0.1111441930172977,0.6443495497006917,0.8220846685951563,0.9109522280423884,0.9820462756001744,-0.1,1.0
BIOMD0000000982,model,0.3703216776417559,0.0,0.9998197876792488,3,0,0.0111145245246019,0.0222290490492038,0.0444580980984076,0.0555726226230095,0.0666871471476115,0.1111452452460191,0.644349970705957,0.8220848791926029,0.9109523334359256,0.982046296830584,-0.05,1.0
BIOMD0000000982,model,0.3703219933671973,0.0,0.9998197878497423,3,0,0.0111146192251849,0.0222292384503699,0.0444584769007399,0.0555730961259248,0.0666877153511098,0.1111461922518497,0.6443503496105853,0.8220850687301638,0.910952428289953,0.9820463159377844,0.0,1.0
BIOMD0000000982,model,0.3703222790235957,0.0,0.999819788004156,3,0,0.0111147049066631,0.0222294098133262,0.0444588196266524,0.0555735245333155,0.0666882294399786,0.1111470490666311,0.6443506924291462,0.8220852402166511,0.9109525141104036,0.9820463332254056,0.05,1.0
BIOMD0000000982,model,0.3703225387112541,0.0,0.9998197881445384,3,0,0.0111147827989223,0.0222295655978447,0.0444591311956895,0.0555739139946119,0.0666886967935343,0.1111478279892238,0.6443510040824125,0.8220853961134754,0.9109525921290068,0.982046348941432,0.1,1.0
BIOMD0000000982,model,0.3703229931646312,0.0,0.9998197883902032,3,0,0.011114919110369,0.022229838220738,0.0444596764414761,0.0555745955518451,0.0666895146622142,0.1111491911036903,0.644351549475598,0.8220856689329006,0.9109527286615516,0.9820463764444728,0.2,1.0
BIOMD0000000982,model,0.3703239929620293,0.0,0.9998197889305532,3,0,0.0111152189955534,0.0222304379911069,0.0444608759822139,0.0555760949777673,0.0666913139733208,0.1111521899555347,0.6443527493405459,0.8220862691355495,0.9109530290330512,0.9820464369510528,0.5,1.0
BIOMD0000000983,model,0.0,0.0,0.0,7,0,0.0,0.0,0.0,0.0,0.0,0.0,0.0,0.0,0.0,0.0,-0.5,1.0
BIOMD0000000983,model,0.0,0.0,0.0,7,0,0.0,0.0,0.0,0.0,0.0,0.0,0.0,0.0,0.0,0.0,-0.2,1.0
BIOMD0000000983,model,0.0,0.0,0.0,7,0,0.0,0.0,0.0,0.0,0.0,0.0,0.0,0.0,0.0,0.0,-0.1,1.0
BIOMD0000000983,model,0.0,0.0,0.0,7,0,0.0,0.0,0.0,0.0,0.0,0.0,0.0,0.0,0.0,0.0,-0.05,1.0
BIOMD0000000983,model,0.0,0.0,0.0,7,0,0.0,0.0,0.0,0.0,0.0,0.0,0.0,0.0,0.0,0.0,0.0,1.0
BIOMD0000000983,model,0.0,0.0,0.0,7,0,0.0,0.0,0.0,0.0,0.0,0.0,0.0,0.0,0.0,0.0,0.05,1.0
BIOMD0000000983,model,0.0,0.0,0.0,7,0,0.0,0.0,0.0,0.0,0.0,0.0,0.0,0.0,0.0,0.0,0.1,1.0
BIOMD0000000983,model,0.0,0.0,0.0,7,0,0.0,0.0,0.0,0.0,0.0,0.0,0.0,0.0,0.0,0.0,0.2,1.0
BIOMD0000000983,model,0.0013999106562788,0.0,0.0097993745939522,7,0,0.0,0.0,0.0,0.0,0.0,0.0,0.0,0.0039197498375809,0.0068595622157665,0.0092114121183151,0.5,1.0
BIOMD0000000985,model,0.6201340446597723,0.0636039271965141,1.0,5,2,0.1445627077221984,0.2255214882478828,0.3874390492992514,0.4683978298249358,0.4884519572852921,0.5686684671267175,0.9999999993205552,0.9999999996602776,0.9999999998301388,0.9999999999660276,-0.5,1.0
BIOMD0000000985,model,0.6201330484395672,0.0636043125271924,1.0,5,2,0.1445622624577046,0.2255202123882167,0.3874361122492409,0.468394062179753,0.4884486234118462,0.5686668683402192,0.999999999320537,0.9999999996602684,0.9999999998301342,0.9999999999660268,-0.2,1.0
BIOMD0000000985,model,0.6201338965643872,0.063603739294622,1.0,5,2,0.1445624931096131,0.2255212469246043,0.3874387545545865,0.4683975083695775,0.488451653897073,0.568668236007055,0.9999999993205452,0.9999999996602724,0.9999999998301364,0.9999999999660272,-0.1,1.0
BIOMD0000000985,model,0.6201339861709847,0.0636041037654046,1.0,5,2,0.144562808730757,0.2255215136961094,0.3874389236268142,0.4683976285921665,0.4884517427430662,0.5686681993466647,0.99999999932055,0.9999999996602752,0.9999999998301377,0.9999999999660276,-0.05,1.0
BIOMD0000000985,model,0.6201341946507732,0.0636038198263214,1.0,5,2,0.1445627545361088,0.2255216892458963,0.3874395586654711,0.4683984933752586,0.4884525268805252,0.5686686609015918,0.9999999993205554,0.9999999996602776,0.9999999998301388,0.9999999999660276,0.0,1.0
BIOMD0000000985,model,0.6201341965481051,0.063603819769316,1.0,5,2,0.1445627557992867,0.2255216918292573,0.3874395638891987,0.4683984999191694,0.4884525327156043,0.5686686639013443,0.9999999993205568,0.9999999996602784,0.9999999998301392,0.9999999999660278,0.05,1.0
BIOMD0000000985,model,0.6201341978478647,0.0636038197380932,0.9999999999999998,5,2,0.1445627566689904,0.2255216935998876,0.387439567461682,0.4683985043925792,0.4884525367056588,0.5686686659579774,0.9999999993205386,0.9999999996602692,0.9999999998301344,0.9999999999660268,0.1,1.0
BIOMD0000000985,model,0.6201341989120506,0.0636038197451326,1.0,5,2,0.1445627574007481,0.2255216950563636,0.3874395703675947,0.4683985080232102,0.4884525399468133,0.5686686676412259,0.999999999320547,0.9999999996602736,0.9999999998301368,0.9999999999660274,0.2,1.0
BIOMD0000000985,model,0.6201341928499281,0.0636038201820284,1.0,5,2,0.1445627535226001,0.2255216868631718,0.3874395535443153,0.468398486884887,0.4884525211143177,0.5686686580320405,0.9999999993205476,0.9999999996602738,0.9999999998301368,0.9999999999660272,0.5,1.0
BIOMD0000000986,model,0.9220699723365596,0.7726930453107091,0.999988071938723,6,0,0.7924020588514892,0.8121110723922693,0.8515290994738294,0.8657364659789897,0.8799438324841499,0.9541378340091764,0.999933949277744,0.9999610106082336,0.9999745412734782,0.999985365805674,-0.5,1.0
BIOMD0000000986,model,0.9220699723365596,0.7726930453107091,0.999988071938723,6,0,0.7924020588514892,0.8121110723922693,0.8515290994738294,0.8657364659789897,0.8799438324841499,0.9541378340091764,0.999933949277744,0.9999610106082336,0.9999745412734782,0.999985365805674,-0.2,1.0
BIOMD0000000986,model,0.9220699723365596,0.7726930453107091,0.999988071938723,6,0,0.7924020588514892,0.8121110723922693,0.8515290994738294,0.8657364659789897,0.8799438324841499,0.9541378340091764,0.999933949277744,0.9999610106082336,0.9999745412734782,0.999985365805674,-0.1,1.0
BIOMD0000000986,model,0.9220699723365596,0.7726930453107091,0.999988071938723,6,0,0.7924020588514892,0.8121110723922693,0.8515290994738294,0.8657364659789897,0.8799438324841499,0.9541378340091764,0.999933949277744,0.9999610106082336,0.9999745412734782,0.999985365805674,-0.05,1.0
BIOMD0000000986,model,0.9220699723365596,0.7726930453107091,0.999988071938723,6,0,0.7924020588514892,0.8121110723922693,0.8515290994738294,0.8657364659789897,0.8799438324841499,0.9541378340091764,0.999933949277744,0.9999610106082336,0.9999745412734782,0.999985365805674,0.0,1.0
BIOMD0000000986,model,0.9220699723365596,0.7726930453107091,0.999988071938723,6,0,0.7924020588514892,0.8121110723922693,0.8515290994738294,0.8657364659789897,0.8799438324841499,0.9541378340091764,0.999933949277744,0.9999610106082336,0.9999745412734782,0.999985365805674,0.05,1.0
BIOMD0000000986,model,0.9220699723365596,0.7726930453107091,0.999988071938723,6,0,0.7924020588514892,0.8121110723922693,0.8515290994738294,0.8657364659789897,0.8799438324841499,0.9541378340091764,0.999933949277744,0.9999610106082336,0.9999745412734782,0.999985365805674,0.1,1.0
BIOMD0000000986,model,0.9220699723365596,0.7726930453107091,0.999988071938723,6,0,0.7924020588514892,0.8121110723922693,0.8515290994738294,0.8657364659789897,0.8799438324841499,0.9541378340091764,0.999933949277744,0.9999610106082336,0.9999745412734782,0.999985365805674,0.2,1.0
BIOMD0000000986,model,0.9220699723365596,0.7726930453107091,0.999988071938723,6,0,0.7924020588514892,0.8121110723922693,0.8515290994738294,0.8657364659789897,0.8799438324841499,0.9541378340091764,0.999933949277744,0.9999610106082336,0.9999745412734782,0.999985365805674,0.5,1.0
BIOMD0000000987,model,0.9972445389981176,0.9951944112233542,0.998055820281058,9,0,0.995383018579497,0.99557162593564,0.9966502160865351,0.997306407068418,0.9974281907586166,0.9977603862388784,0.997910682365358,0.9979652633032828,0.9980105417921704,0.9980467645832806,-0.5,1.0
BIOMD0000000987,model,0.9972445389981176,0.9951944112233542,0.998055820281058,9,0,0.995383018579497,0.99557162593564,0.9966502160865351,0.997306407068418,0.9974281907586166,0.9977603862388784,0.997910682365358,0.9979652633032828,0.9980105417921704,0.9980467645832806,-0.2,1.0
BIOMD0000000987,model,0.9972445389981176,0.9951944112233542,0.998055820281058,9,0,0.995383018579497,0.99557162593564,0.9966502160865351,0.997306407068418,0.9974281907586166,0.9977603862388784,0.997910682365358,0.9979652633032828,0.9980105417921704,0.9980467645832806,-0.1,1.0
BIOMD0000000987,model,0.9972445389981176,0.9951944112233542,0.998055820281058,9,0,0.995383018579497,0.99557162593564,0.9966502160865351,0.997306407068418,0.9974281907586166,0.9977603862388784,0.997910682365358,0.9979652633032828,0.9980105417921704,0.9980467645832806,-0.05,1.0
BIOMD0000000987,model,0.9972445389981176,0.9951944112233542,0.998055820281058,9,0,0.995383018579497,0.99557162593564,0.9966502160865351,0.997306407068418,0.9974281907586166,0.9977603862388784,0.997910682365358,0.9979652633032828,0.9980105417921704,0.9980467645832806,0.0,1.0
BIOMD0000000987,model,0.9972445389981176,0.9951944112233542,0.998055820281058,9,0,0.995383018579497,0.99557162593564,0.9966502160865351,0.997306407068418,0.9974281907586166,0.9977603862388784,0.997910682365358,0.9979652633032828,0.9980105417921704,0.9980467645832806,0.05,1.0
BIOMD0000000987,model,0.9972445389981176,0.9951944112233542,0.998055820281058,9,0,0.995383018579497,0.99557162593564,0.9966502160865351,0.997306407068418,0.9974281907586166,0.9977603862388784,0.997910682365358,0.9979652633032828,0.9980105417921704,0.9980467645832806,0.1,1.0
BIOMD0000000987,model,0.9972445389981176,0.9951944112233542,0.998055820281058,9,0,0.995383018579497,0.99557162593564,0.9966502160865351,0.997306407068418,0.9974281907586166,0.9977603862388784,0.997910682365358,0.9979652633032828,0.9980105417921704,0.9980467645832806,0.2,1.0
BIOMD0000000987,model,0.9972445389981176,0.9951944112233542,0.998055820281058,9,0,0.995383018579497,0.99557162593564,0.9966502160865351,0.997306407068418,0.9974281907586166,0.9977603862388784,0.997910682365358,0.9979652633032828,0.9980105417921704,0.9980467645832806,0.5,1.0
BIOMD0000000988,model,0.0,0.0,0.0,9,2,0.0,0.0,0.0,0.0,0.0,0.0,0.0,0.0,0.0,0.0,-0.5,1.0
BIOMD0000000988,model,0.0,0.0,0.0,11,0,0.0,0.0,0.0,0.0,0.0,0.0,0.0,0.0,0.0,0.0,-0.2,1.0
BIOMD0000000988,model,0.0,0.0,0.0,11,0,0.0,0.0,0.0,0.0,0.0,0.0,0.0,0.0,0.0,0.0,-0.1,1.0
BIOMD0000000988,model,0.0,0.0,0.0,11,0,0.0,0.0,0.0,0.0,0.0,0.0,0.0,0.0,0.0,0.0,-0.05,1.0
BIOMD0000000988,model,0.0,0.0,0.0,11,0,0.0,0.0,0.0,0.0,0.0,0.0,0.0,0.0,0.0,0.0,0.0,1.0
BIOMD0000000988,model,0.0,0.0,0.0,11,0,0.0,0.0,0.0,0.0,0.0,0.0,0.0,0.0,0.0,0.0,0.05,1.0
BIOMD0000000988,model,0.0,0.0,0.0,11,0,0.0,0.0,0.0,0.0,0.0,0.0,0.0,0.0,0.0,0.0,0.1,1.0
BIOMD0000000988,model,0.0,0.0,0.0,11,0,0.0,0.0,0.0,0.0,0.0,0.0,0.0,0.0,0.0,0.0,0.2,1.0
BIOMD0000000988,model,0.0,0.0,0.0,11,0,0.0,0.0,0.0,0.0,0.0,0.0,0.0,0.0,0.0,0.0,0.5,1.0
BIOMD0000001005,model,0.0,0.0,0.0,41,0,0.0,0.0,0.0,0.0,0.0,0.0,0.0,0.0,0.0,0.0,-0.5,1.0
BIOMD0000001005,model,0.0,0.0,0.0,41,0,0.0,0.0,0.0,0.0,0.0,0.0,0.0,0.0,0.0,0.0,-0.2,1.0
BIOMD0000001005,model,0.0,0.0,0.0,41,0,0.0,0.0,0.0,0.0,0.0,0.0,0.0,0.0,0.0,0.0,-0.1,1.0
BIOMD0000001005,model,0.0,0.0,0.0,41,0,0.0,0.0,0.0,0.0,0.0,0.0,0.0,0.0,0.0,0.0,-0.05,1.0
BIOMD0000001005,model,0.0,0.0,0.0,41,0,0.0,0.0,0.0,0.0,0.0,0.0,0.0,0.0,0.0,0.0,0.0,1.0
BIOMD0000001005,model,0.0,0.0,0.0,41,0,0.0,0.0,0.0,0.0,0.0,0.0,0.0,0.0,0.0,0.0,0.05,1.0
BIOMD0000001005,model,0.0,0.0,0.0,41,0,0.0,0.0,0.0,0.0,0.0,0.0,0.0,0.0,0.0,0.0,0.1,1.0
BIOMD0000001005,model,0.0,0.0,0.0,41,0,0.0,0.0,0.0,0.0,0.0,0.0,0.0,0.0,0.0,0.0,0.2,1.0
BIOMD0000001005,model,0.0,0.0,0.0,41,0,0.0,0.0,0.0,0.0,0.0,0.0,0.0,0.0,0.0,0.0,0.5,1.0
BIOMD0000001006,model,0.0,0.0,0.0,7,0,0.0,0.0,0.0,0.0,0.0,0.0,0.0,0.0,0.0,0.0,-0.5,1.0
BIOMD0000001006,model,0.0,0.0,0.0,7,0,0.0,0.0,0.0,0.0,0.0,0.0,0.0,0.0,0.0,0.0,-0.2,1.0
BIOMD0000001006,model,0.0,0.0,0.0,7,0,0.0,0.0,0.0,0.0,0.0,0.0,0.0,0.0,0.0,0.0,-0.1,1.0
BIOMD0000001006,model,0.0,0.0,0.0,7,0,0.0,0.0,0.0,0.0,0.0,0.0,0.0,0.0,0.0,0.0,-0.05,1.0
BIOMD0000001006,model,0.0,0.0,0.0,7,0,0.0,0.0,0.0,0.0,0.0,0.0,0.0,0.0,0.0,0.0,0.0,1.0
BIOMD0000001006,model,0.0,0.0,0.0,7,0,0.0,0.0,0.0,0.0,0.0,0.0,0.0,0.0,0.0,0.0,0.05,1.0
BIOMD0000001006,model,0.0,0.0,0.0,7,0,0.0,0.0,0.0,0.0,0.0,0.0,0.0,0.0,0.0,0.0,0.1,1.0
BIOMD0000001006,model,0.0,0.0,0.0,7,0,0.0,0.0,0.0,0.0,0.0,0.0,0.0,0.0,0.0,0.0,0.2,1.0
BIOMD0000001006,model,0.0,0.0,0.0,7,0,0.0,0.0,0.0,0.0,0.0,0.0,0.0,0.0,0.0,0.0,0.5,1.0
BIOMD0000001007,model,0.0596459078316652,0.0,0.1789377234949956,3,0,0.0,0.0,0.0,0.0,0.0,0.0,0.1073626340969973,0.1431501787959964,0.161043951145496,0.1753589690250956,-0.5,1.0
BIOMD0000001007,model,0.2831160235416759,0.1204474105607954,0.4248339109095409,3,0,0.138809344420185,0.1571712782795746,0.1938951459983538,0.2122570798577434,0.230619013717133,0.3040667491546914,0.3765270462076011,0.400680478558571,0.412757194734056,0.4224185676744439,-0.2,1.0
BIOMD0000001007,model,0.3339620782562485,0.180818834026094,0.4655143391429778,3,0,0.198292256783452,0.21576567954081,0.250712525055526,0.2681859478128839,0.2856593705702419,0.3555530615996738,0.4215298281256562,0.443522083634317,0.4545182113886474,0.4633151135921117,-0.1,1.0
BIOMD0000001007,model,0.2815911407161752,0.0194229304563113,0.4771354577897407,3,0,0.0523021408009275,0.0851813511455437,0.1509397718347762,0.1838189821793924,0.2166981925240086,0.3482150339024736,0.4255672882348338,0.4513513730122873,0.464243415401014,0.4745570493119954,-0.05,1.0
BIOMD0000001007,model,0.235312175144497,0.0,0.488902485753817,3,0,0.0217034039679673,0.0434068079359347,0.0868136158718695,0.1085170198398369,0.1302204238078043,0.2170340396796739,0.3801551073241598,0.4345287965389884,0.4617156411464027,0.4834651168323342,0.0,1.0
BIOMD0000001007,model,0.1919714520748457,0.0,0.4835346644592106,3,0,0.0092379691765326,0.0184759383530653,0.0369518767061306,0.0461898458826633,0.0554278150591959,0.0923796917653266,0.3270726753816571,0.4053036699204339,0.4444191671898222,0.4757115650053329,0.05,1.0
BIOMD0000001007,model,0.1603680483949096,0.0,0.481104145184729,3,0,0.0,0.0,0.0,0.0,0.0,0.0,0.2886624871108374,0.3848833161477832,0.432993730666256,0.4714820622810344,0.1,1.0
BIOMD0000001007,model,0.1090221465730328,0.0,0.3270664397190986,3,0,0.0,0.0,0.0,0.0,0.0,0.0,0.1962398638314592,0.2616531517752789,0.2943597957471887,0.3205251109247167,0.2,1.0
BIOMD0000001007,model,0.0,0.0,0.0,3,0,0.0,0.0,0.0,0.0,0.0,0.0,0.0,0.0,0.0,0.0,0.5,1.0
BIOMD0000001009,model,0.0,0.0,0.0,4,0,0.0,0.0,0.0,0.0,0.0,0.0,0.0,0.0,0.0,0.0,-0.5,1.0
BIOMD0000001009,model,0.0,0.0,0.0,4,0,0.0,0.0,0.0,0.0,0.0,0.0,0.0,0.0,0.0,0.0,-0.2,1.0
BIOMD0000001009,model,0.1616859268021127,0.0,0.4410734486213084,4,0,0.0,0.0,0.0,0.0,0.0,0.1028351292935713,0.2998315346008091,0.3704524916110587,0.4057629701161835,0.4340113529202834,-0.1,1.0
BIOMD0000001009,model,0.3532934039773779,0.0,0.6833997767327834,4,0,0.0363176783947894,0.0726353567895789,0.1452707135791578,0.1815883919739472,0.2179060703687367,0.3648869195883641,0.5659535006199925,0.624676638676388,0.6540382077045857,0.6775274629271438,-0.05,1.0
BIOMD0000001009,model,0.4612236396493071,0.0,0.735158687760415,4,0,0.076895612834318,0.1537912256686361,0.3075824513372723,0.3844780641715904,0.4613736770059085,0.5548679354184067,0.6523225462689818,0.6937406170146985,0.7144496523875566,0.7310168806858434,0.0,1.0
BIOMD0000001009,model,0.3383819464585545,0.0,0.5776761348732181,4,0,0.0355453290952461,0.0710906581904922,0.1421813163809845,0.1777266454762306,0.2132719745714767,0.3879258254805,0.5544001281449028,0.5660381315090605,0.5718571331911393,0.5765123345368023,0.05,1.0
BIOMD0000001009,model,0.1728090418206565,0.0,0.3786468090766453,4,0,0.0,0.0,0.0,0.0,0.0,0.1562946791029904,0.3390123385542467,0.358829573815446,0.3687381914460456,0.3766650855505253,0.1,1.0
BIOMD0000001009,model,0.0,0.0,0.0,4,0,0.0,0.0,0.0,0.0,0.0,0.0,0.0,0.0,0.0,0.0,0.2,1.0
BIOMD0000001009,model,0.0,0.0,0.0,4,0,0.0,0.0,0.0,0.0,0.0,0.0,0.0,0.0,0.0,0.0,0.5,1.0
BIOMD0000001010,model,0.0,0.0,0.0,2,0,0.0,0.0,0.0,0.0,0.0,0.0,0.0,0.0,0.0,0.0,-0.5,1.0
BIOMD0000001010,model,0.1662581799766229,0.0,0.3325163599532458,2,0,0.0166258179976622,0.0332516359953245,0.0665032719906491,0.0831290899883114,0.0997549079859737,0.1662581799766229,0.2660130879625967,0.2992647239579212,0.3158905419555835,0.3291911963537134,-0.2,1.0
BIOMD0000001010,model,0.1872908862665621,0.0,0.3745817725331243,2,0,0.0187290886266562,0.0374581772533124,0.0749163545066248,0.093645443133281,0.1123745317599373,0.1872908862665621,0.2996654180264995,0.3371235952798119,0.355852683906468,0.3708359548077931,-0.1,1.0
BIOMD0000001010,model,0.2223527652387102,0.0,0.4447055304774204,2,0,0.022235276523871,0.044470553047742,0.0889411060954841,0.1111763826193551,0.1334116591432261,0.2223527652387102,0.3557644243819364,0.4002349774296784,0.4224702539535494,0.4402584751726462,-0.05,1.0
BIOMD0000001010,model,0.2458297360751728,0.0,0.4916594721503456,2,0,0.0245829736075172,0.0491659472150345,0.0983318944300691,0.1229148680375864,0.1474978416451036,0.2458297360751728,0.3933275777202765,0.4424935249353111,0.4670764985428283,0.4867428774288422,0.0,1.0
BIOMD0000001010,model,0.2488676131111274,0.0,0.4977352262222548,2,0,0.0248867613111127,0.0497735226222254,0.0995470452444509,0.1244338065555637,0.1493205678666764,0.2488676131111274,0.3981881809778038,0.4479617036000293,0.472848464911142,0.4927578739600322,0.05,1.0
BIOMD0000001010,model,0.245470393280541,0.0,0.490940786561082,2,0,0.0245470393280541,0.0490940786561082,0.0981881573122164,0.1227351966402705,0.1472822359683246,0.245470393280541,0.3927526292488656,0.4418467079049738,0.4663937472330279,0.4860313786954712,0.1,1.0
BIOMD0000001010,model,0.2408736405217079,0.0,0.4817472810434158,2,0,0.0240873640521707,0.0481747281043415,0.0963494562086831,0.1204368202608539,0.1445241843130247,0.2408736405217079,0.3853978248347326,0.4335725529390742,0.457659916991245,0.4769298082329816,0.2,1.0
BIOMD0000001010,model,0.0267859042380422,0.0,0.0535718084760845,2,0,0.0026785904238042,0.0053571808476084,0.0107143616952169,0.0133929521190211,0.0160715425428253,0.0267859042380422,0.0428574467808676,0.0482146276284761,0.0508932180522803,0.0530360903913237,0.5,1.0
BIOMD0000001013,model,0.1845485797938591,0.0,0.3690971595877182,2,0,0.0184548579793859,0.0369097159587718,0.0738194319175436,0.0922742898969295,0.1107291478763154,0.1845485797938591,0.2952777276701746,0.3321874436289464,0.3506423016083322,0.365406187991841,-0.5,1.0
BIOMD0000001013,model,0.2805996031922155,0.0,0.561199206384431,2,0,0.0280599603192215,0.0561199206384431,0.1122398412768862,0.1402998015961077,0.1683597619153292,0.2805996031922155,0.4489593651075448,0.5050792857459879,0.5331392460652095,0.5555872143205867,-0.2,1.0
BIOMD0000001013,model,0.320804317679241,0.0,0.641608635358482,2,0,0.0320804317679241,0.0641608635358482,0.1283217270716964,0.1604021588396205,0.1924825906075446,0.320804317679241,0.5132869082867857,0.5774477718226338,0.6095282035905579,0.6351925490048972,-0.1,1.0
BIOMD0000001013,model,0.340626714524794,0.0,0.6812534290495881,2,0,0.0340626714524794,0.0681253429049588,0.1362506858099176,0.170313357262397,0.2043760287148764,0.340626714524794,0.5450027432396705,0.6131280861446293,0.6471907575971086,0.6744408947590922,-0.05,1.0
BIOMD0000001013,model,0.359413801277876,0.0,0.7188276025557521,2,0,0.0359413801277876,0.0718827602555752,0.1437655205111504,0.179706900638938,0.2156482807667256,0.359413801277876,0.5750620820446017,0.6469448423001769,0.6828862224279644,0.7116393265301946,0.0,1.0
BIOMD0000001013,model,0.3771225561968847,0.0,0.7542451123937693,2,0,0.0377122556196884,0.0754245112393769,0.1508490224787538,0.1885612780984423,0.2262735337181308,0.3771225561968847,0.6033960899150155,0.6788206011543925,0.7165328567740809,0.7467026612698316,0.05,1.0
BIOMD0000001013,model,0.3332088339469422,0.0,0.6664176678938843,2,0,0.0333208833946942,0.0666417667893884,0.1332835335787768,0.1666044169734711,0.1999253003681653,0.3332088339469422,0.5331341343151075,0.599775901104496,0.6330967844991902,0.6597534912149455,0.1,1.0
BIOMD0000001013,model,0.2083868654246895,0.0,0.4167737308493791,2,0,0.0208386865424689,0.0416773730849379,0.0833547461698758,0.1041934327123447,0.1250321192548137,0.2083868654246895,0.3334189846795032,0.3750963577644411,0.3959350443069101,0.4126059935408853,0.2,1.0
BIOMD0000001013,model,0.0,0.0,0.0,2,0,0.0,0.0,0.0,0.0,0.0,0.0,0.0,0.0,0.0,0.0,0.5,1.0
BIOMD0000001014,model,0.0,0.0,0.0,4,0,0.0,0.0,0.0,0.0,0.0,0.0,0.0,0.0,0.0,0.0,-0.5,1.0
BIOMD0000001014,model,0.0,0.0,0.0,4,0,0.0,0.0,0.0,0.0,0.0,0.0,0.0,0.0,0.0,0.0,-0.2,1.0
BIOMD0000001014,model,0.0,0.0,0.0,4,0,0.0,0.0,0.0,0.0,0.0,0.0,0.0,0.0,0.0,0.0,-0.1,1.0
BIOMD0000001014,model,0.0,0.0,0.0,4,0,0.0,0.0,0.0,0.0,0.0,0.0,0.0,0.0,0.0,0.0,-0.05,1.0
BIOMD0000001014,model,0.0,0.0,0.0,4,0,0.0,0.0,0.0,0.0,0.0,0.0,0.0,0.0,0.0,0.0,0.0,1.0
BIOMD0000001014,model,0.0,0.0,0.0,4,0,0.0,0.0,0.0,0.0,0.0,0.0,0.0,0.0,0.0,0.0,0.05,1.0
BIOMD0000001014,model,0.0,0.0,0.0,4,0,0.0,0.0,0.0,0.0,0.0,0.0,0.0,0.0,0.0,0.0,0.1,1.0
BIOMD0000001014,model,0.0,0.0,0.0,4,0,0.0,0.0,0.0,0.0,0.0,0.0,0.0,0.0,0.0,0.0,0.2,1.0
BIOMD0000001014,model,0.0,0.0,0.0,4,0,0.0,0.0,0.0,0.0,0.0,0.0,0.0,0.0,0.0,0.0,0.5,1.0
BIOMD0000001015,model,0.0,0.0,0.0,6,0,0.0,0.0,0.0,0.0,0.0,0.0,0.0,0.0,0.0,0.0,-0.5,1.0
BIOMD0000001015,model,0.0,0.0,0.0,6,0,0.0,0.0,0.0,0.0,0.0,0.0,0.0,0.0,0.0,0.0,-0.2,1.0
BIOMD0000001015,model,0.0,0.0,0.0,6,0,0.0,0.0,0.0,0.0,0.0,0.0,0.0,0.0,0.0,0.0,-0.1,1.0
BIOMD0000001015,model,0.0,0.0,0.0,6,0,0.0,0.0,0.0,0.0,0.0,0.0,0.0,0.0,0.0,0.0,-0.05,1.0
BIOMD0000001015,model,0.0,0.0,0.0,6,0,0.0,0.0,0.0,0.0,0.0,0.0,0.0,0.0,0.0,0.0,0.0,1.0
BIOMD0000001015,model,0.0,0.0,0.0,6,0,0.0,0.0,0.0,0.0,0.0,0.0,0.0,0.0,0.0,0.0,0.05,1.0
BIOMD0000001015,model,0.0,0.0,0.0,6,0,0.0,0.0,0.0,0.0,0.0,0.0,0.0,0.0,0.0,0.0,0.1,1.0
BIOMD0000001015,model,0.0,0.0,0.0,6,0,0.0,0.0,0.0,0.0,0.0,0.0,0.0,0.0,0.0,0.0,0.2,1.0
BIOMD0000001015,model,0.0,0.0,0.0,6,0,0.0,0.0,0.0,0.0,0.0,0.0,0.0,0.0,0.0,0.0,0.5,1.0
BIOMD0000001016,model,0.0,0.0,0.0,7,1,0.0,0.0,0.0,0.0,0.0,0.0,0.0,0.0,0.0,0.0,-0.5,1.0
BIOMD0000001016,model,0.09375,0.0,0.75,8,0,0.0,0.0,0.0,0.0,0.0,0.0,0.0,0.2249999999999998,0.4874999999999996,0.6974999999999998,-0.2,1.0
BIOMD0000001016,model,0.1111111111111111,0.0,0.888888888888889,8,0,0.0,0.0,0.0,0.0,0.0,0.0,0.0,0.2666666666666665,0.5777777777777773,0.8266666666666664,-0.1,1.0
BIOMD0000001016,model,0.1184210526315789,0.0,0.9473684210526316,8,0,0.0,0.0,0.0,0.0,0.0,0.0,0.0,0.2842105263157893,0.61578947368421,0.8810526315789471,-0.05,1.0
BIOMD0000001016,model,0.125,0.0,1.0,8,0,0.0,0.0,0.0,0.0,0.0,0.0,0.0,0.2999999999999998,0.6499999999999995,0.9299999999999996,0.0,1.0
BIOMD0000001016,model,0.119047619047619,0.0,0.9523809523809524,8,0,0.0,0.0,0.0,0.0,0.0,0.0,0.0,0.2857142857142855,0.6190476190476185,0.8857142857142855,0.05,1.0
BIOMD0000001016,model,0.1136363636363636,0.0,0.9090909090909092,8,0,0.0,0.0,0.0,0.0,0.0,0.0,0.0,0.2727272727272726,0.5909090909090905,0.8454545454545452,0.1,1.0
BIOMD0000001016,model,0.1041666666666666,0.0,0.8333333333333334,8,0,0.0,0.0,0.0,0.0,0.0,0.0,0.0,0.2499999999999998,0.5416666666666663,0.7749999999999998,0.2,1.0
BIOMD0000001016,model,0.0833333333333333,0.0,0.6666666666666667,8,0,0.0,0.0,0.0,0.0,0.0,0.0,0.0,0.1999999999999999,0.433333333333333,0.6199999999999999,0.5,1.0
BIOMD0000001020,model,0.0,0.0,0.0,3,0,0.0,0.0,0.0,0.0,0.0,0.0,0.0,0.0,0.0,0.0,-0.5,1.0
BIOMD0000001020,model,0.0,0.0,0.0,3,0,0.0,0.0,0.0,0.0,0.0,0.0,0.0,0.0,0.0,0.0,-0.2,1.0
BIOMD0000001020,model,0.0,0.0,0.0,3,0,0.0,0.0,0.0,0.0,0.0,0.0,0.0,0.0,0.0,0.0,-0.1,1.0
BIOMD0000001020,model,0.0,0.0,0.0,3,0,0.0,0.0,0.0,0.0,0.0,0.0,0.0,0.0,0.0,0.0,-0.05,1.0
BIOMD0000001020,model,0.0,0.0,0.0,3,0,0.0,0.0,0.0,0.0,0.0,0.0,0.0,0.0,0.0,0.0,0.0,1.0
BIOMD0000001020,model,0.0,0.0,0.0,3,0,0.0,0.0,0.0,0.0,0.0,0.0,0.0,0.0,0.0,0.0,0.05,1.0
BIOMD0000001020,model,0.0,0.0,0.0,3,0,0.0,0.0,0.0,0.0,0.0,0.0,0.0,0.0,0.0,0.0,0.1,1.0
BIOMD0000001020,model,0.0,0.0,0.0,3,0,0.0,0.0,0.0,0.0,0.0,0.0,0.0,0.0,0.0,0.0,0.2,1.0
BIOMD0000001020,model,0.0,0.0,0.0,3,0,0.0,0.0,0.0,0.0,0.0,0.0,0.0,0.0,0.0,0.0,0.5,1.0
BIOMD0000001021,model,0.0,0.0,0.0,6,0,0.0,0.0,0.0,0.0,0.0,0.0,0.0,0.0,0.0,0.0,-0.5,1.0
BIOMD0000001021,model,0.0,0.0,0.0,6,0,0.0,0.0,0.0,0.0,0.0,0.0,0.0,0.0,0.0,0.0,-0.2,1.0
BIOMD0000001021,model,0.0,0.0,0.0,6,0,0.0,0.0,0.0,0.0,0.0,0.0,0.0,0.0,0.0,0.0,-0.1,1.0
BIOMD0000001021,model,0.0,0.0,0.0,6,0,0.0,0.0,0.0,0.0,0.0,0.0,0.0,0.0,0.0,0.0,-0.05,1.0
BIOMD0000001021,model,0.0,0.0,0.0,6,0,0.0,0.0,0.0,0.0,0.0,0.0,0.0,0.0,0.0,0.0,0.0,1.0
BIOMD0000001021,model,0.0,0.0,0.0,6,0,0.0,0.0,0.0,0.0,0.0,0.0,0.0,0.0,0.0,0.0,0.05,1.0
BIOMD0000001021,model,0.0,0.0,0.0,6,0,0.0,0.0,0.0,0.0,0.0,0.0,0.0,0.0,0.0,0.0,0.1,1.0
BIOMD0000001021,model,0.0,0.0,0.0,6,0,0.0,0.0,0.0,0.0,0.0,0.0,0.0,0.0,0.0,0.0,0.2,1.0
BIOMD0000001021,model,0.0,0.0,0.0,6,0,0.0,0.0,0.0,0.0,0.0,0.0,0.0,0.0,0.0,0.0,0.5,1.0
BIOMD0000001022,model,0.0362622945624669,0.0,0.1422760798399915,4,0,8.201723969827491e-05,0.0001640344793965,0.000328068958793,0.0004100861984913,0.0004921034381896,0.0013865492049381,0.0582462220231293,0.1002611509315604,0.1212686153857759,0.1380745869491484,-0.5,1.0
BIOMD0000001022,model,0.0375323645182859,0.0,0.1475317659208903,4,0,0.0001783028772832,0.0003566057545665,0.000713211509133,0.0008915143864162,0.0010698172636995,0.0012988460761268,0.0598581101505753,0.1036949380357328,0.1256133519783115,0.1431480831323745,-0.2,1.0
BIOMD0000001022,model,0.0381609357182733,0.0,0.1513851324975704,4,0,0.0,0.0,0.0,0.0,0.0,0.0006293051877614,0.0613092192243419,0.1063471758609562,0.1288661541792632,0.1468813368339089,-0.1,1.0
BIOMD0000001022,model,0.2138021761697581,0.0,0.851449368121958,4,0,0.0,0.0,0.0,0.0,0.0,0.0018796682785372,0.3428353491830282,0.5971423586524931,0.7242958633872252,0.8260186671750113,-0.05,1.0
BIOMD0000001022,model,0.2246958742348537,0.0,0.893965514385391,4,0,0.0,0.0,0.0,0.0,0.0,0.002408991277012,0.360476995286571,0.627221254835981,0.7605933846106856,0.8672910884304498,0.0,1.0
BIOMD0000001022,model,0.2300817789138362,0.0,0.9147285561753244,4,0,0.0,0.0,0.0,0.0,0.0,0.0027992797400102,0.3692505581581424,0.6419895571667333,0.7783590566710284,0.887454656274465,0.05,1.0
BIOMD0000001022,model,0.2335789654450386,0.0,0.928054013800993,4,0,0.0,0.0,0.0,0.0,0.0,0.0031309239895808,0.3749787143078945,0.6515163640544437,0.7897851889277179,0.9004002488263377,0.1,1.0
BIOMD0000001022,model,0.2380896983763389,0.0,0.9449640865958444,4,0,0.0,0.0,0.0,0.0,0.0,0.0036973534547556,0.3824224587840449,0.6636932726899447,0.8043286796428941,0.916837005205254,0.2,1.0
BIOMD0000001022,model,0.2446819623364651,0.0,0.9685723231767248,4,0,0.0,0.0,0.0,0.0,0.0,0.0050777630845679,0.3935222449721717,0.6810472840744484,0.8248098036255861,0.9398198192664968,0.5,1.0
BIOMD0000001023,model,0.0,0.0,0.0,3,0,0.0,0.0,0.0,0.0,0.0,0.0,0.0,0.0,0.0,0.0,-0.5,1.0
BIOMD0000001023,model,0.1347877744210666,0.0,0.2743704165928451,3,0,0.0129992906670354,0.0259985813340709,0.0519971626681419,0.0649964533351774,0.0779957440022129,0.1299929066703548,0.216619412623849,0.245494914608347,0.2599326656005961,0.2714828663943953,-0.2,1.0
BIOMD0000001023,model,0.3984584770857791,0.0,0.6343699991180866,3,0,0.056100543213925,0.1122010864278501,0.2244021728557003,0.2805027160696253,0.3366032592835504,0.5610054321392507,0.6050241723265523,0.6196970857223194,0.6270335424202029,0.6329027077785099,-0.1,1.0
BIOMD0000001023,model,0.5302680305372864,0.0,0.8141742786178637,3,0,0.0776629812993995,0.1553259625987991,0.3106519251975982,0.3883149064969977,0.4659778877963972,0.7766298129939955,0.7991564923683164,0.8066653854930901,0.8104198320554769,0.8134233893053864,-0.05,1.0
BIOMD0000001023,model,0.7299540146432294,0.2540428476460791,0.971230957706438,3,0,0.3250973867391883,0.3961519258322975,0.5382610040185158,0.6093155431116251,0.6803700822047343,0.9645882385771712,0.9685738700547312,0.9699024138805848,0.9705666857935114,0.9710981033238528,0.0,1.0
BIOMD0000001023,model,0.5335030495278575,0.0,0.8265168452723664,3,0,0.0773992303311206,0.1547984606622412,0.3095969213244825,0.3869961516556031,0.4643953819867237,0.7739923033112063,0.8055070284879023,0.8160119368801343,0.8212643910762504,0.8254663544331432,0.05,1.0
BIOMD0000001023,model,0.4077113032650032,0.0,0.6469858923674653,3,0,0.0576148017427544,0.1152296034855088,0.2304592069710177,0.2880740087137721,0.3456888104565265,0.5761480174275443,0.6186507423914969,0.6328183173794811,0.6399021048734732,0.6455691348686668,0.1,1.0
BIOMD0000001023,model,0.1441899094833963,0.0,0.2881218421635422,3,0,0.0144447886286646,0.0288895772573293,0.0577791545146587,0.0722239431433233,0.086668731771988,0.1444478862866467,0.230652259812784,0.2593870509881631,0.2737544465758527,0.2852483630460043,0.2,1.0
BIOMD0000001023,model,0.0,0.0,0.0,3,0,0.0,0.0,0.0,0.0,0.0,0.0,0.0,0.0,0.0,0.0,0.5,1.0
BIOMD0000001031,model,0.2996772551445836,0.0133412834994626,0.7076014478927728,3,0,0.0298160585536679,0.0462908336078731,0.0792403837162837,0.095715158770489,0.1121899338246943,0.1780890340415155,0.4957964823522699,0.6016989651225214,0.654650206507647,0.6970111996157476,-0.5,1.0
BIOMD0000001031,model,0.6143998924618028,0.2594715054817436,0.92048093872295,3,0,0.2998490782516407,0.3402266510215378,0.4209817965613321,0.4613593693312292,0.5017369421011264,0.6632472331807149,0.8175874565060559,0.8690341976145028,0.8947575681687263,0.9153362646121052,-0.2,1.0
BIOMD0000001031,model,0.7749243016516468,0.5140477361468909,0.9654009740708066,3,0,0.5471753820059262,0.5803030278649614,0.6465583195830318,0.679685965442067,0.7128136113011022,0.8453241947372431,0.9173702623373812,0.941385618204094,0.9533932961374504,0.9629994384841354,-0.1,1.0
BIOMD0000001031,model,0.8721378487443464,0.6906089808716338,0.9833231049655295,3,0,0.715796228824058,0.7409834767764822,0.7913579726813307,0.8165452206337549,0.8417324685861791,0.942481460395876,0.966986447137668,0.9751547760515988,0.9792389405085642,0.9825062720741364,-0.05,1.0
BIOMD0000001031,model,0.9519666849399228,0.9070975648031916,0.9973909130708578,3,0,0.9115289660174444,0.915960367231697,0.9248231696602026,0.9292545708744552,0.933685972088708,0.9514115769457192,0.9789991786208024,0.98819504584583,0.992792979458344,0.996471326348355,0.0,1.0
BIOMD0000001031,model,0.8763886135901876,0.8038565178273304,0.985206143863863,3,0,0.8074811839525343,0.8111058500777383,0.8183551823281461,0.82197984845335,0.825604514578554,0.8401031790793697,0.9271649579500656,0.9561855509069644,0.9706958473854136,0.9823040845681732,0.05,1.0
BIOMD0000001031,model,0.7553300872459214,0.5680870464231035,0.9723893229190876,3,0,0.5838297310203505,0.5995724156175974,0.6310577848120914,0.6468004694093384,0.6625431540065855,0.7255138923955734,0.8736391507096819,0.9230142368143848,0.947701779866736,0.9674518143086172,0.1,1.0
BIOMD0000001031,model,0.4789348991220277,0.0,0.950729153091748,3,0,0.0486075544274335,0.097215108854867,0.194430217709734,0.2430377721371675,0.291645326564601,0.4860755442743351,0.7648677095647829,0.8577984313282655,0.9042637922100067,0.9414360809154,0.2,1.0
BIOMD0000001031,model,0.3020769997576059,0.0,0.9062309992728176,3,0,0.0,0.0,0.0,0.0,0.0,0.0,0.5437385995636907,0.7249847994182542,0.8156078993455358,0.8881063792873614,0.5,1.0
BIOMD0000001032,model,0.1277296454016282,0.0,0.2561492261341551,3,1,0.0127039710070729,0.0254079420141459,0.0508158840282918,0.0635198550353648,0.0762238260424377,0.1270397100707296,0.2045054197087849,0.23032732292147,0.2432382745278125,0.2535670358128866,-0.5,1.0
BIOMD0000001032,model,0.5427728356327242,0.410507337874494,0.6279871170966356,3,1,0.4284390092797489,0.4463706806850038,0.4822340234955136,0.5001656949007685,0.5180973663060233,0.5898240519270429,0.6127218910287985,0.6203545040627171,0.6241708105796763,0.6272238557932437,-0.2,1.0
BIOMD0000001032,model,0.5981156130590976,0.39845224965686,0.7962037709793729,3,1,0.4185761065452799,0.4386999634336999,0.4789476772105398,0.4990715340989597,0.5191953909873797,0.5996908185410595,0.7175985900040476,0.7569011804917103,0.7765524757355415,0.7922735119306066,-0.1,1.0
BIOMD0000001032,model,0.6299594953562148,0.3044084240757388,0.8657873557186031,3,1,0.3459358522955952,0.3874632805154515,0.4705181369551643,0.5120455651750206,0.553572993394877,0.7196827062743025,0.8073454959408829,0.8365664258297429,0.851176890774173,0.8628652627297171,-0.05,1.0
BIOMD0000001032,model,0.6601967357864816,0.2032437161550878,0.9149638622819416,3,1,0.2691576074318206,0.3350714987085534,0.4668992812620191,0.5328131725387519,0.5987270638154847,0.8623826289224159,0.8939313689381313,0.9044476156100364,0.9097057389459888,0.9139122376147508,0.0,1.0
BIOMD0000001032,model,0.552311589906229,0.1023275249075223,0.8648327551514934,3,1,0.1610722213827372,0.2198169178579521,0.3373063108083819,0.3960510072835968,0.4547957037588117,0.6897744896596713,0.7948094489547646,0.829821102053129,0.8473269286023112,0.8613315898416569,0.05,1.0
BIOMD0000001032,model,0.4196464796381057,0.002969983546187,0.8033334551332278,3,1,0.0479365852150585,0.09290318688393,0.1828363902216731,0.2278029918905446,0.2727695935594161,0.4526360002349022,0.6630544731738977,0.7331939641535627,0.7682637096433953,0.7963195060352614,0.1,1.0
BIOMD0000001032,model,0.2309653183046703,0.0,0.692895954914011,3,1,0.0,0.0,0.0,0.0,0.0,0.0,0.4157375729484067,0.5543167639312089,0.6236063594226099,0.6790380358157307,0.2,1.0
BIOMD0000001032,model,0.0966235990376999,0.0,0.2898707971130997,3,1,0.0,0.0,0.0,0.0,0.0,0.0,0.1739224782678599,0.2318966376904798,0.2608837174017898,0.2840733811708377,0.5,1.0
BIOMD0000001033,model,0.0,0.0,0.0,3,3,0.0,0.0,0.0,0.0,0.0,0.0,0.0,0.0,0.0,0.0,-0.5,1.0
BIOMD0000001033,model,0.0,0.0,0.0,3,3,0.0,0.0,0.0,0.0,0.0,0.0,0.0,0.0,0.0,0.0,-0.2,1.0
BIOMD0000001033,model,0.0,0.0,0.0,3,3,0.0,0.0,0.0,0.0,0.0,0.0,0.0,0.0,0.0,0.0,-0.1,1.0
BIOMD0000001033,model,0.0,0.0,0.0,3,3,0.0,0.0,0.0,0.0,0.0,0.0,0.0,0.0,0.0,0.0,-0.05,1.0
BIOMD0000001033,model,0.0,0.0,0.0,3,3,0.0,0.0,0.0,0.0,0.0,0.0,0.0,0.0,0.0,0.0,0.0,1.0
BIOMD0000001033,model,0.0,0.0,0.0,3,3,0.0,0.0,0.0,0.0,0.0,0.0,0.0,0.0,0.0,0.0,0.05,1.0
BIOMD0000001033,model,0.0,0.0,0.0,3,3,0.0,0.0,0.0,0.0,0.0,0.0,0.0,0.0,0.0,0.0,0.1,1.0
BIOMD0000001033,model,0.0,0.0,0.0,3,3,0.0,0.0,0.0,0.0,0.0,0.0,0.0,0.0,0.0,0.0,0.2,1.0
BIOMD0000001033,model,0.0007889171068361,0.0,0.0021004802549884,3,3,2.6627106552005467e-05,5.3254213104010934e-05,0.000106508426208,0.00013313553276,0.000159762639312,0.00026627106552,0.001366796579201,0.0017336384170947,0.0019170593360415,0.002063796071199,0.5,1.0
BIOMD0000001034,model,0.5223584869372995,0.2326425051121613,0.9702825147423706,4,0,0.2339843612486043,0.2353262173850472,0.2380099296579332,0.2393517857943761,0.2406936419308191,0.4432544639473331,0.7750654350206794,0.872673974881525,0.9214782448119476,0.960521660756286,-0.5,1.0
BIOMD0000001034,model,0.7620166808470741,0.5626964471562159,0.9833572335258792,4,0,0.5729125543554259,0.5831286615546358,0.6035608759530557,0.6137769831522657,0.6239930903514757,0.7510065213531005,0.916068421943503,0.9497128277346912,0.9665350306302852,0.9799927929467604,-0.2,1.0
BIOMD0000001034,model,0.8240565242018408,0.6628695341944881,0.9827013032715642,4,0,0.6729161426377676,0.6829627510810471,0.7030559679676059,0.7131025764108854,0.7231491848541649,0.8253276296706555,0.9455655226236016,0.9641334129475828,0.9734173581095736,0.980844514239166,-0.1,1.0
BIOMD0000001034,model,0.8453093636573698,0.7119337205254587,0.9814042257662292,4,0,0.7212545129495295,0.7305753053736003,0.7492168902217418,0.7585376826458126,0.7678584750698834,0.8439497541688955,0.940857993297608,0.9611311095319186,0.971267667649074,0.979376914142798,-0.05,1.0
BIOMD0000001034,model,0.8657512754652757,0.7608053779180818,0.9796868767204464,4,0,0.7689669372931056,0.7771284966681294,0.793451615418177,0.8016131747932008,0.8097747341682247,0.8612564236112875,0.9362529947707792,0.9579699357456128,0.9688284062330296,0.9775151826229628,0.0,1.0
BIOMD0000001034,model,0.8785140073470904,0.7841120727343702,0.977562869409509,4,0,0.7945745896764557,0.8050371066185411,0.825962140502712,0.8364246574447974,0.8468871743868829,0.8761905436222412,0.9301364887015292,0.9538496790555192,0.965706274232514,0.97519155037411,0.05,1.0
BIOMD0000001034,model,0.8794990340004754,0.7646178073578046,0.9742462190903566,4,0,0.7832860924524598,0.8019543775471151,0.8392909477364254,0.8579592328310807,0.8766275179257359,0.88956605477687,0.923733928575083,0.9489900738327198,0.961618146461538,0.9717206045645927,0.1,1.0
BIOMD0000001034,model,0.8599619723958997,0.7459670878078198,0.962296428284332,4,0,0.7637941864762975,0.7816212851447751,0.8172754824817304,0.8351025811502081,0.8529296798186857,0.8657921867457233,0.9049805480499984,0.9336384881671652,0.9479674582257483,0.9594306342726152,0.2,1.0
BIOMD0000001034,model,0.7800607562836479,0.6596958423807352,0.9101182065978448,4,0,0.6724620530458247,0.6852282637109142,0.7107606850410932,0.7235268957061827,0.7362931063712722,0.7752144880780056,0.8474223202439457,0.8787702634208953,0.89444423500937,0.9069834122801498,0.5,1.0
BIOMD0000001035,model,0.0,0.0,0.0,3,1,0.0,0.0,0.0,0.0,0.0,0.0,0.0,0.0,0.0,0.0,-0.5,1.0
BIOMD0000001035,model,0.0040652943013833,0.0,0.0162611772055334,4,0,0.0,0.0,0.0,0.0,0.0,0.0,0.0065044708822133,0.0113828240438734,0.0138220006247034,0.0157733418893674,-0.2,1.0
BIOMD0000001035,model,0.1965006937433879,0.0,0.4127432716399584,4,0,0.0,0.0,0.0,0.0,0.0,0.1866297516667967,0.3890530106561394,0.4008981411480489,0.4068207063940037,0.4115587585907674,-0.1,1.0
BIOMD0000001035,model,0.4738711015132758,0.3190442696371078,0.6281337512849818,4,0,0.3201633846008747,0.3212824995646415,0.3235207294921752,0.3246398444559421,0.3257589594197089,0.4741531925655068,0.6243343099552688,0.6262340306201253,0.6271838909525536,0.6279437792184962,-0.05,1.0
BIOMD0000001035,model,0.809881867560806,0.7649774836194247,0.8703144259623969,4,0,0.7654352939039099,0.7658931041883951,0.7668087247573654,0.7672665350418505,0.7677243453263357,0.8021177803307011,0.8498493754722047,0.8600819007173008,0.8651981633398489,0.8692911734378873,0.0,1.0
BIOMD0000001035,model,0.7850634497231743,0.715535285735776,0.8657969268302879,4,0,0.7157316752346373,0.7159280647334986,0.7163208437312212,0.7165172332300825,0.7167136227289439,0.7794607931633168,0.8515649930911845,0.8586809599607361,0.862238943395512,0.8650853301433327,0.05,1.0
BIOMD0000001035,model,0.4870745083831742,0.2970618292753624,0.7076737413102359,4,0,0.2997625820109323,0.3024633347465022,0.3078648402176419,0.3105655929532118,0.3132663456887816,0.4717812314735493,0.6601668657848566,0.6839203035475463,0.695797022428891,0.7052983975339668,0.1,1.0
BIOMD0000001035,model,0.0872162434520317,0.0,0.212950275809277,4,0,0.0,0.0,0.0,0.0,0.0,0.0679573489994248,0.1667289291230207,0.1898396024661489,0.2013949391377129,0.2106392084749642,0.2,1.0
BIOMD0000001035,model,0.0,0.0,0.0,4,0,0.0,0.0,0.0,0.0,0.0,0.0,0.0,0.0,0.0,0.0,0.5,1.0
BIOMD0000001036,model,,,,0,3,,,,,,,,,,,-0.5,1.0
BIOMD0000001036,model,,,,0,3,,,,,,,,,,,-0.2,1.0
BIOMD0000001036,model,,,,0,3,,,,,,,,,,,-0.1,1.0
BIOMD0000001036,model,,,,0,3,,,,,,,,,,,-0.05,1.0
BIOMD0000001036,model,,,,0,3,,,,,,,,,,,0.0,1.0
BIOMD0000001036,model,,,,0,3,,,,,,,,,,,0.05,1.0
BIOMD0000001036,model,,,,0,3,,,,,,,,,,,0.1,1.0
BIOMD0000001036,model,,,,0,3,,,,,,,,,,,0.2,1.0
BIOMD0000001036,model,,,,0,3,,,,,,,,,,,0.5,1.0
BIOMD0000001037,model,0.4581641817628578,0.0,0.9163283635257156,2,0,0.0458164181762857,0.0916328363525715,0.1832656727051431,0.2290820908814289,0.2748985090577147,0.4581641817628578,0.7330626908205725,0.824695527173144,0.8705119453494298,0.9071650798904584,-0.5,1.0
BIOMD0000001037,model,0.4898299174339991,0.0,0.9796598348679982,2,0,0.0489829917433999,0.0979659834867998,0.1959319669735996,0.2449149587169995,0.2938979504603994,0.4898299174339991,0.7837278678943986,0.8816938513811985,0.9306768431245984,0.9698632365193184,-0.2,1.0
BIOMD0000001037,model,0.5460275868244115,0.1111351154667298,0.9809200581820932,2,0,0.154624362602498,0.1981136097382662,0.2850921040098025,0.3285813511455707,0.3720705982813389,0.5460275868244115,0.8069630696390206,0.8939415639105569,0.9374308110463252,0.9722222087549396,-0.1,1.0
BIOMD0000001037,model,0.6278181826501936,0.2746485402379405,0.9809878250624467,2,0,0.3099655044791659,0.3452824687203912,0.4159163972028418,0.4512333614440671,0.4865503256852924,0.6278181826501936,0.8397199680975456,0.910353896579996,0.9456708608212214,0.9739244322142016,-0.05,1.0
BIOMD0000001037,model,0.5144237516830731,0.0486618005612268,0.9801857028049192,2,0,0.0952379956734115,0.1418141907855961,0.2349665810099654,0.28154277612215,0.3281189712343346,0.5144237516830731,0.7938809223561809,0.8870333125805501,0.9336095076927348,0.9708704637824824,0.0,1.0
BIOMD0000001037,model,0.4893660328085979,0.0,0.9787320656171958,2,0,0.0489366032808597,0.0978732065617195,0.1957464131234391,0.2446830164042989,0.2936196196851587,0.4893660328085979,0.7829856524937567,0.8808588590554762,0.929795462336336,0.968944744961024,0.05,1.0
BIOMD0000001037,model,0.488848940242281,0.0,0.977697880484562,2,0,0.0488848940242281,0.0977697880484562,0.1955395760969124,0.2444244701211405,0.2933093641453686,0.488848940242281,0.7821583043876497,0.8799280924361059,0.928812986460334,0.9679209016797164,0.1,1.0
BIOMD0000001037,model,0.4871261957066828,0.0,0.9742523914133656,2,0,0.0487126195706682,0.0974252391413365,0.1948504782826731,0.2435630978533414,0.2922757174240097,0.4871261957066828,0.7794019131306926,0.8768271522720292,0.9255397718426974,0.964509867499232,0.2,1.0
BIOMD0000001037,model,0.4775954910948684,0.0,0.9551909821897367,2,0,0.0477595491094868,0.0955190982189737,0.1910381964379474,0.2387977455474342,0.286557294656921,0.4775954910948684,0.7641527857517896,0.8596718839707632,0.90743143308025,0.9456390723678396,0.5,1.0
BIOMD0000001038,model,0.4756696242556467,0.0,0.9999723497015808,3,0,0.0427036523065359,0.0854073046130718,0.1708146092261437,0.2135182615326797,0.2562219138392156,0.4270365230653594,0.7707980190470922,0.8853851843743364,0.9426787670379584,0.9885136331688562,-0.5,1.0
BIOMD0000001038,model,0.3827103920649048,0.0,0.9999588289535531,3,0,0.0148172347241161,0.0296344694482322,0.0592689388964645,0.0740861736205807,0.0889034083446968,0.1481723472411614,0.6592442362685966,0.8296015326110748,0.914780180782314,0.9829230993193052,-0.2,1.0
BIOMD0000001038,model,0.3431497771486871,0.0,0.9999550658849576,3,0,0.0029494265561103,0.0058988531122207,0.0117977062244415,0.0147471327805519,0.0176965593366623,0.0294942655611039,0.6117707457554162,0.8058629058201869,0.9029089858525722,0.9805458498784806,-0.1,1.0
BIOMD0000001038,model,0.3333177207511113,0.0,0.999953162253334,3,0,0.0,0.0,0.0,0.0,0.0,0.0,0.5999718973520005,0.7999625298026672,0.8999578460280004,0.9799540990082672,-0.05,1.0
BIOMD0000001038,model,0.3333171281177127,0.0,0.999951384353138,3,0,0.0,0.0,0.0,0.0,0.0,0.0,0.5999708306118829,0.7999611074825105,0.8999562459178241,0.9799523566660752,0.0,1.0
BIOMD0000001038,model,0.3333165370861915,0.0,0.9999496112585744,3,0,0.0,0.0,0.0,0.0,0.0,0.0,0.5999697667551448,0.7999596890068597,0.8999546501327169,0.979950619033403,0.05,1.0
BIOMD0000001038,model,0.3333160275852601,0.0,0.9999480827557804,3,0,0.0,0.0,0.0,0.0,0.0,0.0,0.5999688496534683,0.7999584662046244,0.8999532744802022,0.9799491211006648,0.1,1.0
BIOMD0000001038,model,0.3333149740954371,0.0,0.9999449222863116,3,0,0.0,0.0,0.0,0.0,0.0,0.0,0.599966953371787,0.7999559378290493,0.8999504300576803,0.9799460238405852,0.2,1.0
BIOMD0000001038,model,0.3333119542639436,0.0,0.9999358627918308,3,0,0.0,0.0,0.0,0.0,0.0,0.0,0.5999615176750986,0.7999486902334647,0.8999422765126477,0.9799371455359942,0.5,1.0
BIOMD0000001041,model,0.3077575770233324,0.0,0.9232727310699974,3,0,0.0,0.0,0.0,0.0,0.0,0.0,0.5539636386419986,0.738618184855998,0.8309454579629976,0.9048072764485976,-0.5,1.0
BIOMD0000001041,model,0.2979765783772457,0.0,0.8939297351317371,3,0,0.0,0.0,0.0,0.0,0.0,0.0,0.5363578410790424,0.7151437881053897,0.8045367616185634,0.8760511404291024,-0.2,1.0
BIOMD0000001041,model,0.2961085401878732,0.0,0.8883256205636197,3,0,0.0,0.0,0.0,0.0,0.0,0.0,0.532995372338172,0.7106604964508958,0.7994930585072577,0.8705591081523474,-0.1,1.0
BIOMD0000001041,model,0.2949404936960801,0.0,0.8848214810882405,3,0,0.0,0.0,0.0,0.0,0.0,0.0,0.5308928886529445,0.7078571848705925,0.7963393329794164,0.8671250514664757,-0.05,1.0
BIOMD0000001041,model,0.2940822341509901,0.0,0.8822467024529703,3,0,0.0,0.0,0.0,0.0,0.0,0.0,0.5293480214717823,0.7057973619623763,0.7940220322076732,0.8646017684039109,0.0,1.0
BIOMD0000001041,model,0.2940456041465872,0.0,0.8821368124397618,3,0,0.0,0.0,0.0,0.0,0.0,0.0,0.5292820874638572,0.7057094499518095,0.7939231311957856,0.8644940761909666,0.05,1.0
BIOMD0000001041,model,0.2973971284303464,0.0,0.8921913852910394,3,0,0.0,0.0,0.0,0.0,0.0,0.0,0.5353148311746236,0.7137531082328316,0.8029722467619353,0.8743475575852185,0.1,1.0
BIOMD0000001041,model,0.2907872115571117,0.0,0.872361634671335,3,0,0.0,0.0,0.0,0.0,0.0,0.0,0.5234169808028011,0.697889307737068,0.7851254712042014,0.8549144019779082,0.2,1.0
BIOMD0000001041,model,0.2670467128536989,0.0,0.8011401385610969,3,0,0.0,0.0,0.0,0.0,0.0,0.0,0.4806840831366582,0.6409121108488776,0.7210261247049872,0.785117335789875,0.5,1.0
BIOMD0000001045,model,0.999987123337166,0.999987123337166,0.999987123337166,1,2,0.999987123337166,0.999987123337166,0.999987123337166,0.999987123337166,0.999987123337166,0.999987123337166,0.999987123337166,0.999987123337166,0.999987123337166,0.999987123337166,-0.5,1.0
BIOMD0000001045,model,0.4779670275778262,0.0,0.9559340551556524,2,1,0.0477967027577826,0.0955934055155652,0.1911868110311305,0.2389835137889131,0.2867802165466957,0.4779670275778262,0.764747244124522,0.8603406496400872,0.9081373523978696,0.946374714604096,-0.2,1.0
BIOMD0000001045,model,0.0517499569228549,0.0,0.1552498707685649,3,0,0.0,0.0,0.0,0.0,0.0,0.0,0.0931499224611389,0.1241998966148519,0.1397248836917083,0.1521448733531936,-0.1,1.0
BIOMD0000001045,model,0.0,0.0,0.0,3,0,0.0,0.0,0.0,0.0,0.0,0.0,0.0,0.0,0.0,0.0,-0.05,1.0
BIOMD0000001045,model,0.0,0.0,0.0,3,0,0.0,0.0,0.0,0.0,0.0,0.0,0.0,0.0,0.0,0.0,0.0,1.0
BIOMD0000001045,model,0.0,0.0,0.0,3,0,0.0,0.0,0.0,0.0,0.0,0.0,0.0,0.0,0.0,0.0,0.05,1.0
BIOMD0000001045,model,0.0,0.0,0.0,3,0,0.0,0.0,0.0,0.0,0.0,0.0,0.0,0.0,0.0,0.0,0.1,1.0
BIOMD0000001045,model,0.0,0.0,0.0,3,0,0.0,0.0,0.0,0.0,0.0,0.0,0.0,0.0,0.0,0.0,0.2,1.0
BIOMD0000001045,model,1.697105011248349e-06,0.0,5.091315033745047e-06,3,0,0.0,0.0,0.0,0.0,0.0,0.0,3.0547890202470286e-06,4.073052026996038e-06,4.582183530370542e-06,4.989488733070146e-06,0.5,1.0
BIOMD0000001047,model,0.1130471936496352,0.0,0.3740670525305037,4,0,0.0,0.0,0.0,0.0,0.0,0.0390608610340186,0.196499854253024,0.2852834533917638,0.3296752529611336,0.3651886926166296,-0.5,1.0
BIOMD0000001047,model,0.4427843806368658,0.0,0.7094998245411365,4,0,0.0740552728298746,0.1481105456597493,0.2962210913194987,0.3702763641493732,0.4443316369792479,0.5308188490031636,0.6245614573007523,0.6670306409209444,0.6882652327310403,0.7052529061791172,-0.2,1.0
BIOMD0000001047,model,0.4406414318799165,0.0,0.7449223168345617,4,0,0.0599617716868934,0.1199235433737869,0.2398470867475738,0.2998088584344672,0.3597706301213607,0.5088217053425523,0.6687078863973138,0.7068151016159377,0.7258687092252496,0.7411115953126992,-0.1,1.0
BIOMD0000001047,model,0.424251862840642,0.0,0.7539782596125777,4,0,0.0442121764382289,0.0884243528764578,0.1768487057529157,0.2210608821911446,0.2652730586293734,0.4715145958749953,0.6905601131421097,0.7222691863773437,0.7381237229949607,0.7508073522890543,-0.05,1.0
BIOMD0000001047,model,0.3988641035144891,0.0,0.7295922250578807,4,0,0.0278700925552941,0.0557401851105882,0.1114803702211765,0.1393504627764706,0.1672205553317647,0.4329320945000378,0.6998750332020212,0.714733629129951,0.7221629270939158,0.7281063654650877,0.0,1.0
BIOMD0000001047,model,0.3669197134508768,0.0,0.7123883481566531,4,0,0.0091662976432335,0.0183325952864671,0.0366651905729342,0.0458314882161677,0.0549977858594012,0.3776452528234272,0.7014644520778397,0.7069264001172464,0.7096573741369497,0.7118421533527124,0.05,1.0
BIOMD0000001047,model,0.3493647424892492,0.0,0.7448524520849232,4,0,0.0,0.0,0.0,0.0,0.0,0.3263032589360368,0.6895048915572135,0.7171786718210684,0.7310155619529958,0.7420850740585377,0.1,1.0
BIOMD0000001047,model,0.345487039888412,0.0,0.8104875033616131,4,0,0.0107450528512335,0.0214901057024671,0.0429802114049343,0.0537252642561679,0.0644703171074014,0.2857303280960174,0.624091183654932,0.7172893435082726,0.7638884234349427,0.801167687376279,0.2,1.0
BIOMD0000001047,model,0.1929549118880158,0.0,0.7718196475520633,4,0,0.0,0.0,0.0,0.0,0.0,0.0,0.3087278590208256,0.5402737532864444,0.6560467004192536,0.7486650581255012,0.5,1.0
BIOMD0000001048,model,0.0,0.0,0.0,3,0,0.0,0.0,0.0,0.0,0.0,0.0,0.0,0.0,0.0,0.0,-0.5,1.0
BIOMD0000001048,model,0.0,0.0,0.0,3,0,0.0,0.0,0.0,0.0,0.0,0.0,0.0,0.0,0.0,0.0,-0.2,1.0
BIOMD0000001048,model,0.0,0.0,0.0,3,0,0.0,0.0,0.0,0.0,0.0,0.0,0.0,0.0,0.0,0.0,-0.1,1.0
BIOMD0000001048,model,0.0,0.0,0.0,3,0,0.0,0.0,0.0,0.0,0.0,0.0,0.0,0.0,0.0,0.0,-0.05,1.0
BIOMD0000001048,model,0.0,0.0,0.0,3,0,0.0,0.0,0.0,0.0,0.0,0.0,0.0,0.0,0.0,0.0,0.0,1.0
BIOMD0000001048,model,0.0,0.0,0.0,3,0,0.0,0.0,0.0,0.0,0.0,0.0,0.0,0.0,0.0,0.0,0.05,1.0
BIOMD0000001048,model,0.0,0.0,0.0,3,0,0.0,0.0,0.0,0.0,0.0,0.0,0.0,0.0,0.0,0.0,0.1,1.0
BIOMD0000001048,model,0.0,0.0,0.0,3,0,0.0,0.0,0.0,0.0,0.0,0.0,0.0,0.0,0.0,0.0,0.2,1.0
BIOMD0000001048,model,0.0,0.0,0.0,3,0,0.0,0.0,0.0,0.0,0.0,0.0,0.0,0.0,0.0,0.0,0.5,1.0
BIOMD0000001052,model,0.18457492690088,0.0,0.4391358997561604,3,0,0.0114588880946479,0.0229177761892959,0.0458355523785919,0.0572944404732398,0.0687533285678878,0.1145888809464797,0.3093170922322882,0.3742264959942243,0.4066811978751923,0.4326449593799668,-0.5,1.0
BIOMD0000001052,model,0.4775523228759464,0.0,0.7983065671062315,3,0,0.0634350401521607,0.1268700803043215,0.2537401606086431,0.3171752007608039,0.3806102409129647,0.6343504015216078,0.732724100872382,0.7655153339893067,0.7819109505477692,0.795027443794539,-0.2,1.0
BIOMD0000001052,model,0.5736056545082507,0.0,0.9015426121065976,3,0,0.0819274351418154,0.1638548702836308,0.3277097405672617,0.4096371757090772,0.4915646108508926,0.8192743514181544,0.8686353078312203,0.885088959968909,0.8933157860377534,0.8998972468928288,-0.1,1.0
BIOMD0000001052,model,0.6211342349835264,0.0,0.9495504814223208,3,0,0.0913852223528258,0.1827704447056516,0.3655408894113033,0.4569261117641291,0.548311334116955,0.9138522235282582,0.935271178264696,0.9424108298435084,0.9459806556329148,0.9488365162644395,-0.05,1.0
BIOMD0000001052,model,0.8763959618704917,0.6536741876014911,0.9885715173855348,3,0,0.687000986903787,0.7203277862060827,0.7869813848106745,0.8203081841129702,0.8536349834152661,0.9869421806244496,0.9879197826811006,0.9882456500333175,0.9884085837094262,0.9885389306503132,0.0,1.0
BIOMD0000001052,model,0.6129100181171349,0.0,0.943228040979993,3,0,0.0895502013371411,0.1791004026742823,0.3582008053485647,0.4477510066857058,0.537301208022847,0.8955020133714117,0.9241376299365603,0.9336828354582768,0.9384554382191348,0.9422735204278214,0.05,1.0
BIOMD0000001052,model,0.5644339846636987,0.0,0.8944105664612334,3,0,0.0798891387529862,0.1597782775059725,0.319556555011945,0.3994456937649313,0.4793348325179175,0.7988913875298626,0.8562028948886851,0.8753067306749592,0.8848586485680963,0.892500182882606,0.1,1.0
BIOMD0000001052,model,0.467000423060927,0.0,0.797416767332018,3,0,0.0603584501850762,0.1207169003701525,0.2414338007403051,0.3017922509253813,0.3621507011104576,0.6035845018507627,0.719883861139516,0.758650314235767,0.7780335407838925,0.793540122022393,0.2,1.0
BIOMD0000001052,model,0.1719178618309816,0.0,0.511705283989288,3,0,0.0004048301503657,0.0008096603007314,0.0016193206014628,0.0020241507518285,0.0024289809021942,0.004048301503657,0.3086424909950356,0.4101738874921619,0.4609395857407249,0.5015521443395754,0.5,1.0
BIOMD0000001053,model,0.0,0.0,0.0,6,0,0.0,0.0,0.0,0.0,0.0,0.0,0.0,0.0,0.0,0.0,-0.5,1.0
BIOMD0000001053,model,0.3498337538351893,0.0,0.6741837565106039,6,0,0.0,0.0,0.0,0.0830241242266588,0.1660482484533177,0.434107170421547,0.5566044256574378,0.6153940910840209,0.6447889237973123,0.6683047899679456,-0.2,1.0
BIOMD0000001053,model,0.5002584113031379,0.0,0.8362191976708687,6,0,0.0,0.0,0.0,0.159506826063442,0.3190136521268841,0.7003488189303823,0.7646336322871938,0.8004264149790312,0.81832280632495,0.832639919401685,-0.1,1.0
BIOMD0000001053,model,0.5368657465571042,0.0,0.8728729655543946,6,0,0.0044919759275456,0.0089839518550913,0.0179679037101827,0.1883349271156803,0.3587019505211779,0.7573307811040024,0.8156920478700428,0.8442825067122187,0.8585777361333067,0.870013919670177,-0.05,1.0
BIOMD0000001053,model,0.5983346340550196,0.0,0.8829240659239069,6,0,0.0751601659162682,0.1503203318325364,0.3006406636650728,0.4119946525789817,0.5233486414928905,0.7870618901380244,0.832319294465089,0.857621680194498,0.8702728730592024,0.880393827350966,0.0,1.0
BIOMD0000001053,model,0.6183402022033918,0.0445673681958588,0.8692244957941901,6,0,0.1260883699952683,0.2076093717946778,0.3706513753934968,0.4706617683496322,0.5706721613057676,0.7989988936685611,0.8276001864996829,0.8484123411469365,0.8588184184705634,0.8671432803294647,0.05,1.0
BIOMD0000001053,model,0.599086449083981,0.0357199039134551,0.8495975142162124,6,0,0.1154390187482295,0.1951581335830039,0.3545963632525527,0.4523590462325939,0.5501217292126352,0.7723143274035649,0.8099762583145357,0.8297868862653741,0.8396922002407933,0.8476164514211286,0.1,1.0
BIOMD0000001053,model,0.5373811300394163,0.0,0.8003880773485256,6,0,0.0521299266586148,0.1042598533172297,0.2085197066344595,0.3331273842900332,0.4577350619456068,0.7276796170891267,0.7600197620752593,0.7802039197118924,0.790295998530209,0.7983696615848622,0.2,1.0
BIOMD0000001053,model,0.153608070023119,0.0,0.4461711813028153,6,0,0.0,0.0,0.0,0.0,0.0,0.1002081169681196,0.2750610048996598,0.3606160931012375,0.4033936372020264,0.4376156724826575,0.5,1.0
BIOMD0000001054,model,0.1166912599745159,0.0,0.4667650398980636,4,3,0.0,0.0,0.0,0.0,0.0,0.0,0.1867060159592256,0.3267355279286447,0.396750283913354,0.4527620887011216,-0.5,1.0
BIOMD0000001054,model,0.1141638894551249,0.0,0.4566555578204999,4,3,0.0,0.0,0.0,0.0,0.0,0.0,0.1826622231282001,0.31965889047435,0.3881572241474248,0.4429558910858848,-0.2,1.0
BIOMD0000001054,model,0.090600551856417,0.0,0.4530027592820851,5,2,0.0,0.0,0.0,0.0,0.0,0.0,0.0906005518564171,0.271801655569251,0.362402207425668,0.4348826489108017,-0.1,1.0
BIOMD0000001054,model,0.0902291042630025,0.0,0.4511455213150129,5,2,0.0,0.0,0.0,0.0,0.0,0.0,0.0902291042630026,0.2706873127890078,0.3609164170520102,0.4330997004624123,-0.05,1.0
BIOMD0000001054,model,0.089854170908677,0.0,0.4492708545433851,5,2,0.0,0.0,0.0,0.0,0.0,0.0,0.0898541709086771,0.2695625127260311,0.359416683634708,0.4313000203616497,0.0,1.0
BIOMD0000001054,model,0.089476098283941,0.0,0.4473804914197054,5,2,0.0,0.0,0.0,0.0,0.0,0.0,0.0894760982839411,0.2684282948518233,0.3579043931357643,0.4294852717629172,0.05,1.0
BIOMD0000001054,model,0.0890951639853554,0.0,0.445475819926777,5,2,0.0,0.0,0.0,0.0,0.0,0.0,0.0890951639853554,0.2672854919560662,0.3563806559414215,0.4276567871297059,0.1,1.0
BIOMD0000001054,model,0.0883255802043297,0.0,0.4416279010216486,5,2,0.0,0.0,0.0,0.0,0.0,0.0,0.0883255802043298,0.2649767406129892,0.3533023208173188,0.4239627849807826,0.2,1.0
BIOMD0000001054,model,0.0859660339860139,0.0,0.4298301699300695,5,2,0.0,0.0,0.0,0.0,0.0,0.0,0.0859660339860139,0.2578981019580417,0.3438641359440555,0.4126369631328667,0.5,1.0
BIOMD0000001055,model,0.539135439792825,0.0,0.9996080108655584,16,3,0.0,0.1428791257482378,0.2880318641786505,0.4100882849340524,0.454413244340251,0.4961782114191267,0.9930344033308132,0.9972391430227736,0.9995808081979134,0.9996025703320292,-0.5,1.0
BIOMD0000001055,model,0.8271034397767887,0.6599710072193634,0.9993678463009976,16,3,0.6628998372948036,0.7069380569933086,0.75,0.7649483654721352,0.7747419995737028,0.7977593036896182,0.9981595345511216,0.9990393139142888,0.9993574563400934,0.9993657683088168,-0.2,1.0
BIOMD0000001055,model,0.9138206071129722,0.8188437322520328,0.99935911743698,16,3,0.8222682026948668,0.8511902982396018,0.8888888888888888,0.8888888888888888,0.8891365259688857,0.8988399721777741,0.9990424902336328,0.9993218894465608,0.9993312212916744,0.9993535382079188,-0.1,1.0
BIOMD0000001055,model,0.9566162558434682,0.9048264200109936,0.9996014944732196,16,3,0.9084058034977625,0.9217081633951278,0.9391185318924022,0.943250518118716,0.945998133956726,0.9494398834758287,0.9993030368007016,0.999355076471706,0.9994556606031192,0.9995723276991996,-0.05,1.0
BIOMD0000001055,model,0.9957351988862192,0.9640653753142556,1.0,15,4,0.9813394957352988,0.9887765426287356,0.9965355469282124,0.9988743443252392,0.999286098772636,0.9994833348671688,0.9997491075014148,0.9999278564994124,1.0,1.0,0.0,1.0
BIOMD0000001055,model,0.9609506559190556,0.9046600105933884,1.0,16,3,0.9165310566846354,0.9323023885311296,0.9461921080436894,0.947875380582216,0.9488901460553008,0.9523809523809524,0.9992708427825416,0.9997989324531452,0.9998574985919207,0.9999714997183842,0.05,1.0
BIOMD0000001055,model,0.9243984575682188,0.805562397924942,1.0,16,3,0.8585799099995584,0.882315302079174,0.8910016868862976,0.8957552280652095,0.8981764691871166,0.906064456019495,0.9992569496131186,0.9995750513799536,0.999718524801282,0.9999437049602564,0.1,1.0
BIOMD0000001055,model,0.8517174806934864,0.5945157618407995,1.0,16,3,0.7310167616725345,0.7781902903660728,0.7872534445189959,0.7931139904207185,0.7966788444828263,0.8148818289859016,0.9992325207370732,0.9992565884664776,0.999460492101602,0.9998920984203205,0.2,1.0
BIOMD0000001055,model,0.6432296373704767,0.0,1.0,16,3,0.3289273939499473,0.4409678611130823,0.4877919973249315,0.4937722091260095,0.4983666855176918,0.5447404717155193,0.9984910603151732,0.9991799152900998,0.9993849371222884,0.9998769874244576,0.5,1.0
BIOMD0000001056,model,0.5066168466130704,0.192058418086478,0.6665787244936867,3,0,0.2389739160037348,0.2858894139209917,0.3797204097555054,0.4266359076727622,0.473551405590019,0.6612133972590465,0.6644325935998306,0.6655056590467586,0.6660421917702227,0.6664714179489939,-0.5,1.0
BIOMD0000001056,model,0.5134066818397849,0.1963286863407343,0.675486402724435,3,0,0.2435363133520794,0.2907439403634245,0.3851591943861147,0.4323668213974597,0.4795744484088048,0.6684049564541852,0.6726538242163351,0.674070113470385,0.6747782580974101,0.67534477379903,-0.2,1.0
BIOMD0000001056,model,0.5150033204787596,0.1967513509685076,0.6787470731230105,3,0,0.2440273696061329,0.2913033882437582,0.3858554255190088,0.4331314441566342,0.4804074627942595,0.6695115373447608,0.6750528588117106,0.6768999659673606,0.6778235195451855,0.6785623624074455,-0.1,1.0
BIOMD0000001056,model,0.5160815051782569,0.1969359489005878,0.6788138798911887,3,0,0.2444918226848284,0.2920476964690691,0.3871594440375504,0.434715317821791,0.4822711916060317,0.6724946867429944,0.676286202631911,0.6775500412615498,0.6781819605763693,0.6786874960282248,-0.05,1.0
BIOMD0000001056,model,0.516640185059149,0.1971181480001414,0.6802442840124538,3,0,0.2446621455166124,0.2922061430330835,0.3872941380660255,0.4348381355824965,0.4823821330989676,0.6725581231648516,0.6771698196734129,0.6787070518429335,0.6794756679276936,0.6800905607955018,0.0,1.0
BIOMD0000001056,model,0.5169646655302449,0.1972913089725758,0.6803411196545304,3,0,0.244888334871681,0.2924853607707863,0.3876794125689968,0.4352764384681021,0.4828734643672073,0.6732615679636283,0.6775092989781696,0.6789252093163499,0.6796331644854402,0.6801995286207123,0.05,1.0
BIOMD0000001056,model,0.5184901544541037,0.2011764753287827,0.6804335863764323,3,0,0.2484448679616141,0.2957132605944454,0.3902500458601081,0.4375184384929394,0.4847868311257707,0.673860401657096,0.6778043124886978,0.679118949432565,0.6797762679044986,0.6803021226820455,0.1,1.0
BIOMD0000001056,model,0.5203229544197666,0.2006976667474242,0.683461831405383,3,0,0.2483088365833311,0.295920006419238,0.3911423460910517,0.4387535159269585,0.4863646857628654,0.6768093651064929,0.6808008448858269,0.682131338145605,0.682796584775494,0.6833287820794052,0.2,1.0
BIOMD0000001056,model,0.5240965617995722,0.2054708942723466,0.6882355356174059,3,0,0.2527821303960083,0.30009336651967,0.3947158387669935,0.4420270748906552,0.4893383110143169,0.6785832555089638,0.6843746235740291,0.6863050795957175,0.6872703076065617,0.6880424900152371,0.5,1.0
BIOMD0000001057,model,0.496757607934326,0.0,0.993515215868652,2,0,0.0496757607934326,0.0993515215868652,0.1987030431737304,0.248378803967163,0.2980545647605956,0.496757607934326,0.7948121726949218,0.8941636942817869,0.9438394550752196,0.9835800637099656,-0.5,1.0
BIOMD0000001057,model,0.496757607934326,0.0,0.993515215868652,2,0,0.0496757607934326,0.0993515215868652,0.1987030431737304,0.248378803967163,0.2980545647605956,0.496757607934326,0.7948121726949218,0.8941636942817869,0.9438394550752196,0.9835800637099656,-0.2,1.0
BIOMD0000001057,model,0.496757607934326,0.0,0.993515215868652,2,0,0.0496757607934326,0.0993515215868652,0.1987030431737304,0.248378803967163,0.2980545647605956,0.496757607934326,0.7948121726949218,0.8941636942817869,0.9438394550752196,0.9835800637099656,-0.1,1.0
BIOMD0000001057,model,0.496757607934326,0.0,0.993515215868652,2,0,0.0496757607934326,0.0993515215868652,0.1987030431737304,0.248378803967163,0.2980545647605956,0.496757607934326,0.7948121726949218,0.8941636942817869,0.9438394550752196,0.9835800637099656,-0.05,1.0
BIOMD0000001057,model,0.496757607934326,0.0,0.993515215868652,2,0,0.0496757607934326,0.0993515215868652,0.1987030431737304,0.248378803967163,0.2980545647605956,0.496757607934326,0.7948121726949218,0.8941636942817869,0.9438394550752196,0.9835800637099656,0.0,1.0
BIOMD0000001057,model,0.496757607934326,0.0,0.993515215868652,2,0,0.0496757607934326,0.0993515215868652,0.1987030431737304,0.248378803967163,0.2980545647605956,0.496757607934326,0.7948121726949218,0.8941636942817869,0.9438394550752196,0.9835800637099656,0.05,1.0
BIOMD0000001057,model,0.496757607934326,0.0,0.993515215868652,2,0,0.0496757607934326,0.0993515215868652,0.1987030431737304,0.248378803967163,0.2980545647605956,0.496757607934326,0.7948121726949218,0.8941636942817869,0.9438394550752196,0.9835800637099656,0.1,1.0
BIOMD0000001057,model,0.496757607934326,0.0,0.993515215868652,2,0,0.0496757607934326,0.0993515215868652,0.1987030431737304,0.248378803967163,0.2980545647605956,0.496757607934326,0.7948121726949218,0.8941636942817869,0.9438394550752196,0.9835800637099656,0.2,1.0
BIOMD0000001057,model,0.496757607934326,0.0,0.993515215868652,2,0,0.0496757607934326,0.0993515215868652,0.1987030431737304,0.248378803967163,0.2980545647605956,0.496757607934326,0.7948121726949218,0.8941636942817869,0.9438394550752196,0.9835800637099656,0.5,1.0
BIOMD0000001058,model,0.0,0.0,0.0,10,0,0.0,0.0,0.0,0.0,0.0,0.0,0.0,0.0,0.0,0.0,-0.5,1.0
BIOMD0000001058,model,0.024989378356519,0.0,0.2498937835651903,10,0,0.0,0.0,0.0,0.0,0.0,0.0,0.0,0.0249893783565189,0.1374415809608544,0.2274033430443232,-0.2,1.0
BIOMD0000001058,model,0.0655299590348885,0.0,0.6552995903488851,10,0,0.0,0.0,0.0,0.0,0.0,0.0,0.0,0.0655299590348882,0.3604147746918861,0.5963226272174855,-0.1,1.0
BIOMD0000001058,model,0.0605814289279585,0.0,0.6058142892795856,10,0,0.0,0.0,0.0,0.0,0.0,0.0,0.0,0.0605814289279583,0.3331978591037714,0.5512910032444229,-0.05,1.0
BIOMD0000001058,model,0.0567098732563,0.0,0.5670987325630003,10,0,0.0,0.0,0.0,0.0,0.0,0.0,0.0,0.0567098732562998,0.3119043029096495,0.5160598466323303,0.0,1.0
BIOMD0000001058,model,0.0433443286083908,0.0,0.4334432860839086,10,0,0.0,0.0,0.0,0.0,0.0,0.0,0.0,0.0433443286083907,0.2383938073461492,0.3944333903363569,0.05,1.0
BIOMD0000001058,model,0.0318394182990216,0.0,0.318394182990216,10,0,0.0,0.0,0.0,0.0,0.0,0.0,0.0,0.0318394182990214,0.1751168006446185,0.2897387065210966,0.1,1.0
BIOMD0000001058,model,0.0076419708160943,0.0,0.0764197081609439,10,0,0.0,0.0,0.0,0.0,0.0,0.0,0.0,0.0076419708160943,0.042030839488519,0.0695419344264589,0.2,1.0
BIOMD0000001058,model,0.0,0.0,0.0,10,0,0.0,0.0,0.0,0.0,0.0,0.0,0.0,0.0,0.0,0.0,0.5,1.0
BIOMD0000001060,model,0.4027321904372283,0.0,0.8054643808744566,2,0,0.04027321904372283,0.08054643808744566,0.16109287617489132,0.20136609521861415,0.24163931426233698,0.4027321904372283,0.6443715046995653,0.7249179427870109,0.7651911618307338,0.797409737065712,-0.5,1.0
BIOMD0000001060,model,0.4873054596245356,0.2625150030976726,0.7120959161513986,2,0,0.28499404875035894,0.3074730944030452,0.3524311857084178,0.37491023136110413,0.3973892770137904,0.4873054596245356,0.6221797335406534,0.667137824846026,0.6896168704987122,0.7076001070208613,-0.2,1.0
BIOMD0000001060,model,0.49978641949323327,0.2987285080940242,0.7008443308924424,2,0,0.3188342992339451,0.338940090373866,0.3791516726537078,0.3992574637936287,0.41936325493354965,0.49978641949323327,0.6204211663327588,0.6606327486126006,0.6807385397525214,0.6968231726644581,-0.1,1.0
BIOMD0000001060,model,0.4752092824672637,0.22926691915225694,0.7211516457822704,2,0,0.2538611554837576,0.2784553918152583,0.32764386447825966,0.3522381008097603,0.37683233714126096,0.4752092824672637,0.6227747004562677,0.6719631731192691,0.6965574094507697,0.7162327985159703,-0.05,1.0
BIOMD0000001060,model,0.4460570826932308,0.14673361098824275,0.7453805543982188,2,0,0.17666595815874156,0.20659830532924037,0.26646299967023795,0.29639534684073676,0.32632769401123557,0.4460570826932308,0.6256511657162236,0.6855158600572212,0.71544820722772,0.7393940849641191,0.0,1.0
BIOMD0000001060,model,0.4141722352932198,0.056847467229111326,0.7714970033573283,2,0,0.09257994403552218,0.12831242084193303,0.19977737445475474,0.23550985126116558,0.2712423280675764,0.4141722352932198,0.6285670961316849,0.7000320497445066,0.7357645265509174,0.7643505079960461,0.05,1.0
BIOMD0000001060,model,0.3961742833958281,0.0,0.7923485667916562,2,0,0.039617428339582816,0.07923485667916563,0.15846971335833127,0.19808714169791405,0.23770457003749684,0.3961742833958281,0.6338788534333251,0.7131137101124906,0.7527311384520734,0.7844250811237397,0.1,1.0
BIOMD0000001060,model,0.3930590215641106,0.0,0.7861180431282212,2,0,0.03930590215641106,0.07861180431282212,0.15722360862564425,0.1965295107820553,0.23583541293846635,0.3930590215641106,0.628894434502577,0.7075062388153991,0.7468121409718101,0.778256862696939,0.2,1.0
BIOMD0000001060,model,0.3406885908884684,0.0,0.6813771817769368,2,0,0.034068859088846846,0.06813771817769369,0.13627543635538739,0.1703442954442342,0.20441315453308104,0.3406885908884684,0.5451017454215495,0.6132394635992432,0.64730832268809,0.6745634099591675,0.5,1.0
