system_id,aggregation_type,mean,min,max,count,invalid_count,p05,p10,p20,p25,p30,p50,p80,p90,p95,p99,perturbation,fraction_species_perturbable,threshold
BIOMD0000000005,model,0.0,0.0,0.0,4,2,0.0,0.0,0.0,0.0,0.0,0.0,0.0,0.0,0.0,0.0,-0.5,1.0,0.001
BIOMD0000000005,model,0.0,0.0,0.0,4,2,0.0,0.0,0.0,0.0,0.0,0.0,0.0,0.0,0.0,0.0,-0.2,1.0,0.001
BIOMD0000000005,model,0.0,0.0,0.0,4,2,0.0,0.0,0.0,0.0,0.0,0.0,0.0,0.0,0.0,0.0,-0.1,1.0,0.001
BIOMD0000000005,model,0.0,0.0,0.0,4,2,0.0,0.0,0.0,0.0,0.0,0.0,0.0,0.0,0.0,0.0,-0.05,1.0,0.001
BIOMD0000000005,model,0.0,0.0,0.0,4,2,0.0,0.0,0.0,0.0,0.0,0.0,0.0,0.0,0.0,0.0,0.0,1.0,0.001
BIOMD0000000005,model,0.0,0.0,0.0,4,2,0.0,0.0,0.0,0.0,0.0,0.0,0.0,0.0,0.0,0.0,0.05,1.0,0.001
BIOMD0000000005,model,0.0,0.0,0.0,4,2,0.0,0.0,0.0,0.0,0.0,0.0,0.0,0.0,0.0,0.0,0.1,1.0,0.001
BIOMD0000000005,model,0.0,0.0,0.0,4,2,0.0,0.0,0.0,0.0,0.0,0.0,0.0,0.0,0.0,0.0,0.2,1.0,0.001
BIOMD0000000005,model,0.0,0.0,0.0,4,2,0.0,0.0,0.0,0.0,0.0,0.0,0.0,0.0,0.0,0.0,0.5,1.0,0.001
BIOMD0000000010,model,0.0,0.0,0.0,8,0,0.0,0.0,0.0,0.0,0.0,0.0,0.0,0.0,0.0,0.0,-0.5,1.0,0.001
BIOMD0000000010,model,0.0,0.0,0.0,8,0,0.0,0.0,0.0,0.0,0.0,0.0,0.0,0.0,0.0,0.0,-0.2,1.0,0.001
BIOMD0000000010,model,0.0,0.0,0.0,8,0,0.0,0.0,0.0,0.0,0.0,0.0,0.0,0.0,0.0,0.0,-0.1,1.0,0.001
BIOMD0000000010,model,0.0,0.0,0.0,8,0,0.0,0.0,0.0,0.0,0.0,0.0,0.0,0.0,0.0,0.0,-0.05,1.0,0.001
BIOMD0000000010,model,0.0,0.0,0.0,8,0,0.0,0.0,0.0,0.0,0.0,0.0,0.0,0.0,0.0,0.0,0.0,1.0,0.001
BIOMD0000000010,model,0.0,0.0,0.0,8,0,0.0,0.0,0.0,0.0,0.0,0.0,0.0,0.0,0.0,0.0,0.05,1.0,0.001
BIOMD0000000010,model,0.0,0.0,0.0,8,0,0.0,0.0,0.0,0.0,0.0,0.0,0.0,0.0,0.0,0.0,0.1,1.0,0.001
BIOMD0000000010,model,0.0,0.0,0.0,8,0,0.0,0.0,0.0,0.0,0.0,0.0,0.0,0.0,0.0,0.0,0.2,1.0,0.001
BIOMD0000000010,model,0.0,0.0,0.0,8,0,0.0,0.0,0.0,0.0,0.0,0.0,0.0,0.0,0.0,0.0,0.5,1.0,0.001
BIOMD0000000042,model,0.0,0.0,0.0,15,0,0.0,0.0,0.0,0.0,0.0,0.0,0.0,0.0,0.0,0.0,-0.5,1.0,0.001
BIOMD0000000042,model,0.0,0.0,0.0,15,0,0.0,0.0,0.0,0.0,0.0,0.0,0.0,0.0,0.0,0.0,-0.2,1.0,0.001
BIOMD0000000042,model,0.0,0.0,0.0,15,0,0.0,0.0,0.0,0.0,0.0,0.0,0.0,0.0,0.0,0.0,-0.1,1.0,0.001
BIOMD0000000042,model,0.0,0.0,0.0,15,0,0.0,0.0,0.0,0.0,0.0,0.0,0.0,0.0,0.0,0.0,-0.05,1.0,0.001
BIOMD0000000042,model,0.0,0.0,0.0,15,0,0.0,0.0,0.0,0.0,0.0,0.0,0.0,0.0,0.0,0.0,0.0,1.0,0.001
BIOMD0000000042,model,0.0,0.0,0.0,15,0,0.0,0.0,0.0,0.0,0.0,0.0,0.0,0.0,0.0,0.0,0.05,1.0,0.001
BIOMD0000000042,model,0.0,0.0,0.0,15,0,0.0,0.0,0.0,0.0,0.0,0.0,0.0,0.0,0.0,0.0,0.1,1.0,0.001
BIOMD0000000042,model,0.0,0.0,0.0,15,0,0.0,0.0,0.0,0.0,0.0,0.0,0.0,0.0,0.0,0.0,0.2,1.0,0.001
BIOMD0000000042,model,0.0,0.0,0.0,15,0,0.0,0.0,0.0,0.0,0.0,0.0,0.0,0.0,0.0,0.0,0.5,1.0,0.001
BIOMD0000000234,model,0.0689869469224408,0.0,0.1379738938448817,2,0,0.006898694692244,0.0137973893844881,0.0275947787689763,0.0344934734612204,0.0413921681534645,0.0689869469224408,0.1103791150759053,0.1241765044603935,0.1310751991526376,0.1365941549064329,-0.5,1.0,0.001
BIOMD0000000234,model,0.0689869469224408,0.0,0.1379738938448817,2,0,0.006898694692244,0.0137973893844881,0.0275947787689763,0.0344934734612204,0.0413921681534645,0.0689869469224408,0.1103791150759053,0.1241765044603935,0.1310751991526376,0.1365941549064329,-0.2,1.0,0.001
BIOMD0000000234,model,0.0689869469224408,0.0,0.1379738938448817,2,0,0.006898694692244,0.0137973893844881,0.0275947787689763,0.0344934734612204,0.0413921681534645,0.0689869469224408,0.1103791150759053,0.1241765044603935,0.1310751991526376,0.1365941549064329,-0.1,1.0,0.001
BIOMD0000000234,model,0.0689869469224408,0.0,0.1379738938448817,2,0,0.006898694692244,0.0137973893844881,0.0275947787689763,0.0344934734612204,0.0413921681534645,0.0689869469224408,0.1103791150759053,0.1241765044603935,0.1310751991526376,0.1365941549064329,-0.05,1.0,0.001
BIOMD0000000234,model,0.0689869469224408,0.0,0.1379738938448817,2,0,0.006898694692244,0.0137973893844881,0.0275947787689763,0.0344934734612204,0.0413921681534645,0.0689869469224408,0.1103791150759053,0.1241765044603935,0.1310751991526376,0.1365941549064329,0.0,1.0,0.001
BIOMD0000000234,model,0.0689869469224408,0.0,0.1379738938448817,2,0,0.006898694692244,0.0137973893844881,0.0275947787689763,0.0344934734612204,0.0413921681534645,0.0689869469224408,0.1103791150759053,0.1241765044603935,0.1310751991526376,0.1365941549064329,0.05,1.0,0.001
BIOMD0000000234,model,0.0689869469224408,0.0,0.1379738938448817,2,0,0.006898694692244,0.0137973893844881,0.0275947787689763,0.0344934734612204,0.0413921681534645,0.0689869469224408,0.1103791150759053,0.1241765044603935,0.1310751991526376,0.1365941549064329,0.1,1.0,0.001
BIOMD0000000234,model,0.0689869469224408,0.0,0.1379738938448817,2,0,0.006898694692244,0.0137973893844881,0.0275947787689763,0.0344934734612204,0.0413921681534645,0.0689869469224408,0.1103791150759053,0.1241765044603935,0.1310751991526376,0.1365941549064329,0.2,1.0,0.001
BIOMD0000000234,model,0.0689869469224408,0.0,0.1379738938448817,2,0,0.006898694692244,0.0137973893844881,0.0275947787689763,0.0344934734612204,0.0413921681534645,0.0689869469224408,0.1103791150759053,0.1241765044603935,0.1310751991526376,0.1365941549064329,0.5,1.0,0.001
BIOMD0000000278,model,,,,0,3,,,,,,,,,,,-0.5,1.0,0.001
BIOMD0000000278,model,,,,0,3,,,,,,,,,,,-0.2,1.0,0.001
BIOMD0000000278,model,,,,0,3,,,,,,,,,,,-0.1,1.0,0.001
BIOMD0000000278,model,,,,0,3,,,,,,,,,,,-0.05,1.0,0.001
BIOMD0000000278,model,,,,0,3,,,,,,,,,,,0.0,1.0,0.001
BIOMD0000000278,model,,,,0,3,,,,,,,,,,,0.05,1.0,0.001
BIOMD0000000278,model,,,,0,3,,,,,,,,,,,0.1,1.0,0.001
BIOMD0000000278,model,,,,0,3,,,,,,,,,,,0.2,1.0,0.001
BIOMD0000000278,model,,,,0,3,,,,,,,,,,,0.5,1.0,0.001
BIOMD0000000279,model,0.5987733918649556,0.3715653916858148,0.9248712326113588,3,0,0.3843972076470027,0.3972290236081905,0.4228926555305661,0.435724471491754,0.4485562874529418,0.4998835512976931,0.7548761600858925,0.8398736963486256,0.8823724644799922,0.9163714789850854,-0.5,1.0,0.001
BIOMD0000000279,model,0.8345371906049834,0.7195029190049268,0.9841262679614696,3,0,0.7275508655892895,0.7355988121736522,0.7516947053423776,0.7597426519267403,0.7677905985111031,0.7999823848485539,0.9104687147163032,0.9472974913388864,0.965711879650178,0.9804433902992112,-0.2,1.0,0.001
BIOMD0000000279,model,0.9160673155678009,0.8549769061607504,0.9932249762309164,3,0,0.8594792219758489,0.8639815377909474,0.8729861694211445,0.877488485236243,0.8819908010513416,0.9000000643117357,0.955935011463244,0.9745799938470802,0.9839024850389982,0.9913604779925328,-0.1,1.0,0.001
BIOMD0000000279,model,0.9577297164357006,0.9263353997390944,0.9968509100265284,3,0,0.9287021437193328,0.9310688876995714,0.9358023756600484,0.9381691196402868,0.9405358636205252,0.9500028395414792,0.9781116818325089,0.9874812959295186,0.9921661029780234,0.9959139486168274,-0.05,1.0,0.001
BIOMD0000000279,model,0.999999800047231,0.9999994961317488,0.9999999966688636,3,0,0.999999537252682,0.9999995783736152,0.9999996606154814,0.9999997017364146,0.9999997428573476,0.9999999073410804,0.9999999609377505,0.999999978803307,0.9999999877360854,0.999999994882308,0.0,1.0,0.001
BIOMD0000000279,model,0.9563907714289788,0.9239723023732976,0.9951897181696266,3,0,0.9265761015103692,0.9291799006474406,0.9343874989215836,0.936991298058655,0.9395950971957264,0.9500102937440122,0.9771179483993808,0.9861538332845038,0.9906717757270652,0.9942861296811144,0.05,1.0,0.001
BIOMD0000000279,model,0.9121475814310804,0.8456608884911724,0.990754704170162,3,0,0.8510975148052459,0.8565341411193194,0.8674073937474662,0.8728440200615397,0.8782806463756132,0.900027151631907,0.95446368315486,0.972609193662511,0.9816819489163364,0.9889401531193968,0.1,1.0,0.001
BIOMD0000000279,model,0.821640542924779,0.6819991593047021,0.9828304137715562,3,0,0.6938084489440397,0.7056177385833774,0.7292363178620527,0.7410456075013903,0.752854897140728,0.8000920556980785,0.9097350705421652,0.9462827421568608,0.9645565779642084,0.9791756466100868,0.2,1.0,0.001
BIOMD0000000279,model,0.5338020982874496,0.1362705304352618,0.9645017899477673,3,0,0.1727068748396676,0.2091432192440734,0.282015908052885,0.3184522524572908,0.3548885968616966,0.5006339744793198,0.7789546637603884,0.8717282268540778,0.9181150084009224,0.9552244336383984,0.5,1.0,0.001
BIOMD0000000297,model,0.0,0.0,0.0,14,5,0.0,0.0,0.0,0.0,0.0,0.0,0.0,0.0,0.0,0.0,-0.5,1.0,0.001
BIOMD0000000297,model,0.0431276513967356,0.0,0.7762977251412425,18,1,0.0,0.0,0.0,0.0,0.0,0.0,0.0,0.0,0.1164446587711852,0.64432711186723,-0.2,1.0,0.001
BIOMD0000000297,model,0.0499058472079592,0.0,0.8983052497432656,18,1,0.0,0.0,0.0,0.0,0.0,0.0,0.0,0.0,0.1347457874614885,0.7455933572869089,-0.1,1.0,0.001
BIOMD0000000297,model,0.0524513114553628,0.0,0.944123606196532,18,1,0.0,0.0,0.0,0.0,0.0,0.0,0.0,0.0,0.1416185409294784,0.7836225931431199,-0.05,1.0,0.001
BIOMD0000000297,model,0.0543106696450076,0.0,0.9775920536101383,18,1,0.0,0.0,0.0,0.0,0.0,0.0,0.0,0.0,0.1466388080415193,0.8114014044964132,0.0,1.0,0.001
BIOMD0000000297,model,0.1318344212448728,0.0,0.9908491266453212,16,3,0.0,0.0,0.0,0.0,0.0,0.0,0.0149318172092155,0.5464922147964552,0.9396284864782036,0.9806049986118976,0.05,1.0,0.001
BIOMD0000000297,model,0.1264036682038541,0.0,0.9888346270130498,16,3,0.0,0.0,0.0,0.0,0.0,0.0,0.0,0.5168120321243083,0.8987686451761603,0.9708214306456718,0.1,1.0,0.001
BIOMD0000000297,model,0.11948349532338,0.0,0.983669087408252,16,3,0.0,0.0,0.0,0.0,0.0,0.0,0.0,0.4640334188829143,0.8268538908836089,0.9523060481033234,0.2,1.0,0.001
BIOMD0000000297,model,0.1111352762580186,0.0,0.802072198788693,16,3,0.0,0.0,0.0,0.0,0.0,0.0,0.1174167464971652,0.4293377374212204,0.6260831924231998,0.7668743975155943,0.5,1.0,0.001
BIOMD0000000338,model,0.0023809523809523,0.0,0.1,42,12,0.0,0.0,0.0,0.0,0.0,0.0,0.0,0.0,0.0,0.0589999999999996,-0.5,0.6078431372549019,0.001
BIOMD0000000338,model,0.0023255813953488,0.0,0.1,43,11,0.0,0.0,0.0,0.0,0.0,0.0,0.0,0.0,0.0,0.0579999999999998,-0.2,0.6078431372549019,0.001
BIOMD0000000338,model,0.0023255813953488,0.0,0.1,43,11,0.0,0.0,0.0,0.0,0.0,0.0,0.0,0.0,0.0,0.0579999999999998,-0.1,0.6078431372549019,0.001
BIOMD0000000338,model,0.0023255813953488,0.0,0.1,43,11,0.0,0.0,0.0,0.0,0.0,0.0,0.0,0.0,0.0,0.0579999999999998,-0.05,0.6078431372549019,0.001
BIOMD0000000338,model,0.0232558139534883,0.0,1.0,43,11,0.0,0.0,0.0,0.0,0.0,0.0,0.0,0.0,0.0,0.5799999999999983,0.0,0.6078431372549019,0.001
BIOMD0000000338,model,0.0232558139534883,0.0,1.0,43,11,0.0,0.0,0.0,0.0,0.0,0.0,0.0,0.0,0.0,0.5799999999999983,0.05,0.6078431372549019,0.001
BIOMD0000000338,model,0.0232558139534883,0.0,1.0,43,11,0.0,0.0,0.0,0.0,0.0,0.0,0.0,0.0,0.0,0.5799999999999983,0.1,0.6078431372549019,0.001
BIOMD0000000338,model,0.0232558139534883,0.0,1.0,43,11,0.0,0.0,0.0,0.0,0.0,0.0,0.0,0.0,0.0,0.5799999999999983,0.2,0.6078431372549019,0.001
BIOMD0000000338,model,0.0232558139534883,0.0,1.0,43,11,0.0,0.0,0.0,0.0,0.0,0.0,0.0,0.0,0.0,0.5799999999999983,0.5,0.6078431372549019,0.001
BIOMD0000000342,model,0.7210538044045735,0.1816866142822988,0.9999973275042956,8,11,0.2137605072148332,0.2458344001473676,0.3997487591139803,0.5103684035103655,0.6028564832457444,0.8620363296947889,0.999983421936228,0.9999900483797588,0.9999936879420273,0.999996599591842,-0.5,0.7894736842105263,0.001
BIOMD0000000342,model,0.9189377311270148,0.7804641463488444,0.999997327053634,8,11,0.7864562872852495,0.7924484282216547,0.8258386727557101,0.8505610310207047,0.8719299825110124,0.9526354345196312,0.9999834249890576,0.999990046701645,0.9999936868776396,0.9999965990184352,-0.2,0.7894736842105263,0.001
BIOMD0000000342,model,0.9627594921978776,0.901089334022511,0.9999973269978408,8,11,0.9035408030928151,0.9059922721631192,0.9201291010955372,0.9306602246086748,0.93984405536559,0.9773740999820552,0.9999834210727176,0.9999900464938976,0.9999936867458692,0.9999965989474464,-0.1,0.7894736842105263,0.001
BIOMD0000000342,model,0.982095872992228,0.9528752565160162,0.9999973268850544,8,11,0.9539918394136782,0.95510842231134,0.9616460514530648,0.9665290397788278,0.9708049161266464,0.988923462062512,0.9999834229301816,0.999990046073921,0.9999936864794876,0.999996598803941,-0.05,0.7894736842105263,0.001
BIOMD0000000342,model,0.9999890187008138,0.9999497491758672,1.0,8,11,0.9999596943604128,0.999969639544958,0.9999816633139168,0.9999847252233468,0.9999879534853878,0.9999986620701397,0.9999999999999996,0.9999999999999996,0.9999999999999998,1.0,0.0,0.7894736842105263,0.001
BIOMD0000000342,model,0.9833762901290404,0.9569341560999374,0.99999732733605,8,11,0.9578722689271968,0.9588103817544562,0.9644544173680712,0.9686893639095396,0.972426412545656,0.9893924709896622,0.9999834221578568,0.9999900477532716,0.9999936875446608,0.9999965993777722,0.05,0.7894736842105263,0.001
BIOMD0000000342,model,0.967904063533476,0.9174245201809834,0.9999973270180754,8,11,0.9191533720376952,0.9208822238944072,0.9314124305431016,0.9393297224681753,0.9463411169507993,0.9792482709484788,0.9999834217838804,0.9999900465692396,0.9999936867936574,0.9999965989731918,0.1,0.7894736842105263,0.001
BIOMD0000000342,model,0.9399221147056752,0.8474461742841304,0.9999973270285112,8,11,0.8504102779216889,0.8533743815592473,0.871831882364996,0.8857591178418572,0.8981760682767708,0.9601730708189624,0.9999834211625264,0.999990046608103,0.9999936868183072,0.9999965989864704,0.2,0.7894736842105263,0.001
BIOMD0000000342,model,0.8737632163718321,0.6896362971389026,0.9999973269855348,8,11,0.6945946290104299,0.6995529608819573,0.7320975576235178,0.7568553308687378,0.7793069949044722,0.9110823018489574,0.9999834208067454,0.999990046448068,0.9999936867168012,0.999996598931788,0.5,0.7894736842105263,0.001
BIOMD0000000343,model,0.5015956952143619,0.0,0.998999065496564,9,1,0.0,0.0,0.0848075939097058,0.1413459898495096,0.1816445532847264,0.3236988566417785,0.94348351340678,0.9567582641687898,0.9778786648326768,0.9947749853637868,-0.5,1.0,0.001
BIOMD0000000343,model,0.584929028532288,0.0,0.9989990654963844,9,1,0.0565383959393301,0.1130767918786602,0.2017938349392184,0.2420923983331473,0.2747349816591959,0.75,0.9434835133960344,0.9567582641702684,0.9778786648333264,0.994774985363773,-0.2,1.0,0.001
BIOMD0000000343,model,0.6003611272925505,0.0,0.9989990654963286,9,1,0.0565383959391707,0.1130767918783415,0.2017938349180341,0.2420923982981054,0.274734981639039,0.888888888888889,0.9434835133924276,0.9567582641707632,0.977878664833546,0.994774985363772,-0.1,1.0,0.001
BIOMD0000000343,model,0.6068588530860413,0.0,0.9989990654962982,9,1,0.0565383959390917,0.1130767918781834,0.2017938349078973,0.2420923982813427,0.2747349816293906,0.9203530695138932,0.9466662067248562,0.9576945499413648,0.9783468077188316,0.994868613940805,-0.05,1.0,0.001
BIOMD0000000343,model,0.6127068062997789,0.0,1.0,9,1,0.0565383959390105,0.113076791878021,0.2017938348970949,0.242092398263474,0.2747349816191275,0.9203530695100582,0.9673184645025104,0.9991992523970136,0.9995996261985068,0.9999199252397014,0.0,1.0,0.001
BIOMD0000000343,model,0.6074158010063444,0.0,0.9989990654962396,9,1,0.0565383959389356,0.1130767918778713,0.2017938348871463,0.2420923982470177,0.2747349816096472,0.9203530695066304,0.9486712192565564,0.96170457500401,0.9803518202501248,0.9952696164470168,0.05,1.0,0.001
BIOMD0000000343,model,0.6026057961937035,0.0,0.9989990654962088,9,1,0.0565383959388548,0.1130767918777096,0.2017938348763282,0.2420923982291224,0.2747349815993539,0.9090909090909092,0.9434835133853112,0.9567582641717348,0.9778786648339718,0.9947749853637614,0.1,1.0,0.001
BIOMD0000000343,model,0.5941882877712179,0.0,0.9989990654961528,9,1,0.0565383959387009,0.1130767918774018,0.2017938348559427,0.2420923981954029,0.2747349815799565,0.8333333333333334,0.9434835133818286,0.9567582641722104,0.9778786648341816,0.9947749853637584,0.2,1.0,0.001
BIOMD0000000343,model,0.5756697692371361,0.0,0.9989990654959732,9,1,0.0565383959382219,0.1130767918764439,0.201793834792115,0.2420923980898217,0.2747349815192271,0.6666666666666667,0.9434835133710008,0.9567582641737026,0.977878664834838,0.994774985363746,0.5,1.0,0.001
BIOMD0000000373,model,0.0299340590156336,0.0,0.1234244975017438,7,0,0.0,0.0,0.0,0.0,0.0,0.0,0.0688911324861531,0.1010381483653123,0.1122313229335281,0.1211858625881007,-0.5,1.0,0.001
BIOMD0000000373,model,0.0276104748140331,0.0,0.193273323698232,7,0,0.0,0.0,0.0,0.0,0.0,0.0,0.0,0.0773093294792928,0.1352913265887622,0.1816769242763379,-0.2,1.0,0.001
BIOMD0000000373,model,0.0325089121514242,0.0,0.2275623850599695,7,0,0.0,0.0,0.0,0.0,0.0,0.0,0.0,0.0910249540239878,0.1592936695419785,0.2139086419563712,-0.1,1.0,0.001
BIOMD0000000373,model,0.0313801331812246,0.0,0.2196609322685726,7,0,0.0,0.0,0.0,0.0,0.0,0.0,0.0,0.0878643729074291,0.1537626525880007,0.2064812763324581,-0.05,1.0,0.001
BIOMD0000000373,model,0.0008569620019529,0.0,0.0059987340136706,7,0,0.0,0.0,0.0,0.0,0.0,0.0,0.0,0.0023994936054682,0.0041991138095694,0.0056388099728504,0.0,1.0,0.001
BIOMD0000000373,model,0.0,0.0,0.0,7,0,0.0,0.0,0.0,0.0,0.0,0.0,0.0,0.0,0.0,0.0,0.05,1.0,0.001
BIOMD0000000373,model,0.0196674053534715,0.0,0.1376718374743006,7,0,0.0,0.0,0.0,0.0,0.0,0.0,0.0,0.0550687349897203,0.0963702862320103,0.1294115272258425,0.1,1.0,0.001
BIOMD0000000373,model,0.0421072895225973,0.0,0.2947510266581816,7,0,0.0,0.0,0.0,0.0,0.0,0.0,0.0,0.1179004106632727,0.2063257186607269,0.2770659650586906,0.2,1.0,0.001
BIOMD0000000373,model,0.0024495074049318,0.0,0.017146551834523,7,0,0.0,0.0,0.0,0.0,0.0,0.0,0.0,0.0068586207338092,0.0120025862841661,0.0161177587244516,0.5,1.0,0.001
BIOMD0000000374,model,0.321923839255296,0.0008032191798053,0.7796580227985025,5,0,0.0350488256440502,0.069294432108295,0.1377856450367847,0.1720312515010295,0.1996696834222475,0.3102234111071195,0.4334542379117189,0.6065561303551107,0.6931070765768065,0.7623478335541632,-0.5,1.0,0.001
BIOMD0000000374,model,0.5372529957914317,0.0008957021853359,0.9554640883398252,5,0,0.0920384995109475,0.1831812968365592,0.3654668914877825,0.4566096888133941,0.4642558079064073,0.49484028427846,0.8138569899400795,0.8846605391399524,0.9200623137398888,0.948383733419838,-0.2,1.0,0.001
BIOMD0000000374,model,0.4537156529202731,0.0,0.9865548654192292,5,0,0.0002440569339114,0.0004881138678229,0.0009762277356458,0.0012202846695573,0.0979730953032404,0.4849843378379726,0.8339659944235309,0.91026042992138,0.9484076476703046,0.9789254218694444,-0.1,1.0,0.001
BIOMD0000000374,model,0.4407831753510369,0.0,0.9911130651668772,5,0,0.0002343441651715,0.000468688330343,0.0009373766606861,0.0011717208258577,0.1003688542307427,0.4971573878502829,0.769801575363109,0.8804573202649931,0.9357851927159352,0.9800474906766888,-0.05,1.0,0.001
BIOMD0000000374,model,0.4264004480697451,0.0,0.9797530088220316,5,0,0.0003088922089016,0.0006177844178033,0.0012355688356067,0.0015444610445084,0.1031172676498773,0.509408494071353,0.7089876228930723,0.844370315857552,0.9120616623397916,0.9662147395255836,0.0,1.0,0.001
BIOMD0000000374,model,0.4128980580268198,0.0,0.9619489314474858,5,0,0.000820551576857,0.0016411031537141,0.0032822063074283,0.0041027578842854,0.1079217188838551,0.5231975628821344,0.6525826166256521,0.807265774036569,0.8846073527420273,0.946480615706394,0.05,1.0,0.001
BIOMD0000000374,model,0.4005555779697289,0.0,0.9468488083877956,5,0,0.0002329359853529,0.0004658719707058,0.0009317439414116,0.0011646799267645,0.1020827542275498,0.5057550514306909,0.6285772417602736,0.7877130250740347,0.8672809167309151,0.9309352300564196,0.1,1.0,0.001
BIOMD0000000374,model,0.4099132564186945,0.0,0.9228529207410512,5,0,0.0002592759330653,0.0005185518661306,0.0010371037322613,0.0012963796653267,0.0907676118535435,0.4486525406064108,0.7259821370127575,0.8244175288769042,0.8736352248089776,0.9130093815546364,0.2,1.0,0.001
BIOMD0000000374,model,0.3707791690479723,0.0,0.8632378584567185,4,1,0.0085831355433967,0.0171662710867935,0.034332542173587,0.0429156777169838,0.0514988132603806,0.3099394088675854,0.682889891850203,0.7730638751534608,0.8181508668050895,0.8542204601263926,0.5,1.0,0.001
BIOMD0000000375,model,0.0766875080934379,0.0,0.3224058091145364,5,0,0.0,0.0,0.0,0.0,0.0001815917103409,0.0009079585517047,0.1125801800636661,0.2174929945891012,0.2699494018518187,0.3119145276619929,-0.5,1.0,0.001
BIOMD0000000375,model,0.134589874831731,0.0,0.5746893176268534,5,0,0.0,0.0,0.0,0.0,0.0002253256155643,0.0011266280778216,0.1926446062885548,0.3836669619577041,0.4791781397922786,0.5555870820599385,-0.2,1.0,0.001
BIOMD0000000375,model,0.15359632259572,0.0,0.6564647666768996,5,0,0.0,0.0,0.0,0.0,0.000281228744634,0.0014061437231703,0.2193815153982042,0.4379231410375519,0.5471939538572256,0.6346106041129648,-0.1,1.0,0.001
BIOMD0000000375,model,0.1606638503532063,0.0,0.6835166990427038,5,0,0.0,0.0,0.0,0.0,0.0003220121118053,0.0016100605590269,0.2312573335399816,0.4573870162913427,0.5704518576670232,0.6609037307675677,-0.05,1.0,0.001
BIOMD0000000375,model,0.1589135483606245,0.0,0.6652188068488707,5,0,0.0,0.0,0.0,0.0,0.0003089106755816,0.0015445533779083,0.2352872666308491,0.4502530367398599,0.5577359217943652,0.6437222298379696,0.0,1.0,0.001
BIOMD0000000375,model,0.1539516036085377,0.0,0.629316989067064,5,0,0.0,0.0,0.0,0.0,0.0004532721145116,0.0022663605725583,0.2364031325358658,0.4328600608014649,0.5310885249342644,0.6096712962405041,0.05,1.0,0.001
BIOMD0000000375,model,0.1451944917709133,0.0,0.5885425779014423,5,0,0.0,0.0,0.0,0.0,0.0003225131427564,0.0016125657137824,0.2263623677717621,0.4074524728366021,0.4979975253690221,0.5704335673949582,0.1,1.0,0.001
BIOMD0000000375,model,0.1005725611523094,0.0,0.5011485343205252,5,0,0.0,0.0,0.0,0.0,0.0,0.0,0.1016011240169229,0.301374829168724,0.4012616817446245,0.4811711638053451,0.2,1.0,0.001
BIOMD0000000375,model,0.0440776369431759,0.0,0.2185903567349021,5,0,0.0,0.0,0.0,0.0,0.0,0.0,0.0451563337317624,0.1318733452333322,0.1752318509841172,0.2099186555847451,0.5,1.0,0.001
BIOMD0000000376,model,0.1230547875942548,0.0,0.5567728047044064,11,0,0.0,0.0,0.0,0.0,0.0,0.0,0.3704206052162347,0.4264092536161622,0.4915910291602843,0.543736449595582,-0.5,1.0,0.001
BIOMD0000000376,model,0.1934635692594165,0.0,0.8607475529296562,11,0,0.0,0.0,0.0,0.0,0.0,0.0,0.566140583524784,0.7012111253991419,0.7809793391643991,0.8447939101766049,-0.2,1.0,0.001
BIOMD0000000376,model,0.2166694983283086,0.0,0.9431848091093442,11,0,0.0,0.0,0.0,0.0,0.0,0.0,0.6315166104240418,0.8086630620780089,0.8759239355936765,0.9297326344062108,-0.1,1.0,0.001
BIOMD0000000376,model,0.3303657038197374,0.0,0.9489578982280372,11,0,0.0,0.0,0.0,0.0,0.0,0.0,0.7133118438878969,0.9292632141808363,0.9391105562044368,0.9469884298233172,-0.05,1.0,0.001
BIOMD0000000376,model,0.3467606712409953,0.0,0.9829148765645072,11,0,0.0,0.0,0.0,0.0,0.0,0.0,0.7309724522037352,0.9824924766600373,0.9827036766122722,0.9828726365740602,0.0,1.0,0.001
BIOMD0000000376,model,0.228416257060125,0.0,0.9193454783994992,11,0,0.0,0.0,0.0,0.0,0.0,0.0,0.7222535676658381,0.8709797815960376,0.8951626299977684,0.914508908719153,0.05,1.0,0.001
BIOMD0000000376,model,0.2162247757185664,0.0,0.8641925426576297,11,0,0.0,0.0,0.0,0.0,0.0,0.0,0.7364756488659008,0.7778043413807004,0.820998442019165,0.8555537225299368,0.1,1.0,0.001
BIOMD0000000376,model,0.1941553791431258,0.0,0.758794508438497,11,0,0.0,0.0,0.0,0.0,0.0,0.0,0.6268781177424366,0.7500365443934504,0.7544155264159738,0.7579187120339924,0.2,1.0,0.001
BIOMD0000000376,model,0.1005889108717469,0.0,0.446311712540641,11,0,0.0,0.0,0.0,0.0,0.0,0.0,0.2287427281396612,0.4314235789089137,0.4388676457247774,0.4448228991774683,0.5,1.0,0.001
BIOMD0000000377,model,0.1671204093575196,0.0,0.6684816374300785,4,0,0.0,0.0,0.0,0.0,0.0,0.0,0.2673926549720316,0.4679371462010551,0.5682093918155665,0.6484271883071759,-0.5,1.0,0.001
BIOMD0000000377,model,0.2242790838050153,0.0,0.8971163352200614,4,0,0.0,0.0,0.0,0.0,0.0,0.0,0.3588465340880248,0.6279814346540431,0.7625488849370519,0.8702028451634594,-0.2,1.0,0.001
BIOMD0000000377,model,0.2376965728099179,0.0,0.9507862912396716,4,0,0.0,0.0,0.0,0.0,0.0,0.0,0.380314516495869,0.6655504038677704,0.8081683475537207,0.9222627025024812,-0.1,1.0,0.001
BIOMD0000000377,model,0.2442451239286362,0.0,0.9769804957145448,4,0,0.0,0.0,0.0,0.0,0.0,0.0,0.3907921982858183,0.6838863470001815,0.8304334213573628,0.9476710808431082,-0.05,1.0,0.001
BIOMD0000000377,model,0.2484231309232795,0.0,0.993692523693118,4,0,0.0,0.0,0.0,0.0,0.0,0.0,0.3974770094772475,0.6955847665851828,0.8446386451391499,0.9638817479823242,0.0,1.0,0.001
BIOMD0000000377,model,0.2440927884847791,0.0,0.9763711539391166,4,0,0.0,0.0,0.0,0.0,0.0,0.0,0.390548461575647,0.6834598077573817,0.8299154808482487,0.9470800193209428,0.05,1.0,0.001
BIOMD0000000377,model,0.2389720203864082,0.0,0.9558880815456332,4,0,0.0,0.0,0.0,0.0,0.0,0.0,0.3823552326182536,0.6691216570819434,0.8125048693137877,0.9272114390992638,0.1,1.0,0.001
BIOMD0000000377,model,0.2292967545075825,0.0,0.91718701803033,4,0,0.0,0.0,0.0,0.0,0.0,0.0,0.3668748072121323,0.6420309126212311,0.7796089653257802,0.8896714074894199,0.2,1.0,0.001
BIOMD0000000377,model,0.2025026205657646,0.0,0.8100104822630584,4,0,0.0,0.0,0.0,0.0,0.0,0.0,0.3240041929052236,0.567007337584141,0.6885089099235994,0.7857101677951664,0.5,1.0,0.001
BIOMD0000000459,model,0.3333273950437371,0.0,0.9999807765704716,3,0,1.4085607399572098e-07,2.8171214799144196e-07,5.634242959828839e-07,7.042803699786049e-07,8.451364439743259e-07,1.4085607399572098e-06,0.599989029366579,0.7999849029685253,0.8999828397694983,0.9799811892102768,-0.5,1.0,0.001
BIOMD0000000459,model,0.3333273950437371,0.0,0.9999807765704716,3,0,1.4085607399572098e-07,2.8171214799144196e-07,5.634242959828839e-07,7.042803699786049e-07,8.451364439743259e-07,1.4085607399572098e-06,0.599989029366579,0.7999849029685253,0.8999828397694983,0.9799811892102768,-0.2,1.0,0.001
BIOMD0000000459,model,0.3333273950437371,0.0,0.9999807765704716,3,0,1.4085607399572098e-07,2.8171214799144196e-07,5.634242959828839e-07,7.042803699786049e-07,8.451364439743259e-07,1.4085607399572098e-06,0.599989029366579,0.7999849029685253,0.8999828397694983,0.9799811892102768,-0.1,1.0,0.001
BIOMD0000000459,model,0.3333273950437371,0.0,0.9999807765704716,3,0,1.4085607399572098e-07,2.8171214799144196e-07,5.634242959828839e-07,7.042803699786049e-07,8.451364439743259e-07,1.4085607399572098e-06,0.599989029366579,0.7999849029685253,0.8999828397694983,0.9799811892102768,-0.05,1.0,0.001
BIOMD0000000459,model,0.3333273950437371,0.0,0.9999807765704716,3,0,1.4085607399572098e-07,2.8171214799144196e-07,5.634242959828839e-07,7.042803699786049e-07,8.451364439743259e-07,1.4085607399572098e-06,0.599989029366579,0.7999849029685253,0.8999828397694983,0.9799811892102768,0.0,1.0,0.001
BIOMD0000000459,model,0.3333273950437371,0.0,0.9999807765704716,3,0,1.4085607399572098e-07,2.8171214799144196e-07,5.634242959828839e-07,7.042803699786049e-07,8.451364439743259e-07,1.4085607399572098e-06,0.599989029366579,0.7999849029685253,0.8999828397694983,0.9799811892102768,0.05,1.0,0.001
BIOMD0000000459,model,0.3333273950437371,0.0,0.9999807765704716,3,0,1.4085607399572098e-07,2.8171214799144196e-07,5.634242959828839e-07,7.042803699786049e-07,8.451364439743259e-07,1.4085607399572098e-06,0.599989029366579,0.7999849029685253,0.8999828397694983,0.9799811892102768,0.1,1.0,0.001
BIOMD0000000459,model,0.3333273950437371,0.0,0.9999807765704716,3,0,1.4085607399572098e-07,2.8171214799144196e-07,5.634242959828839e-07,7.042803699786049e-07,8.451364439743259e-07,1.4085607399572098e-06,0.599989029366579,0.7999849029685253,0.8999828397694983,0.9799811892102768,0.2,1.0,0.001
BIOMD0000000459,model,0.3333273950437371,0.0,0.9999807765704716,3,0,1.4085607399572098e-07,2.8171214799144196e-07,5.634242959828839e-07,7.042803699786049e-07,8.451364439743259e-07,1.4085607399572098e-06,0.599989029366579,0.7999849029685253,0.8999828397694983,0.9799811892102768,0.5,1.0,0.001
BIOMD0000000460,model,0.0,0.0,0.0,3,0,0.0,0.0,0.0,0.0,0.0,0.0,0.0,0.0,0.0,0.0,-0.5,1.0,0.001
BIOMD0000000460,model,0.0,0.0,0.0,3,0,0.0,0.0,0.0,0.0,0.0,0.0,0.0,0.0,0.0,0.0,-0.2,1.0,0.001
BIOMD0000000460,model,0.0,0.0,0.0,3,0,0.0,0.0,0.0,0.0,0.0,0.0,0.0,0.0,0.0,0.0,-0.1,1.0,0.001
BIOMD0000000460,model,0.0,0.0,0.0,3,0,0.0,0.0,0.0,0.0,0.0,0.0,0.0,0.0,0.0,0.0,-0.05,1.0,0.001
BIOMD0000000460,model,0.0,0.0,0.0,3,0,0.0,0.0,0.0,0.0,0.0,0.0,0.0,0.0,0.0,0.0,0.0,1.0,0.001
BIOMD0000000460,model,0.0,0.0,0.0,3,0,0.0,0.0,0.0,0.0,0.0,0.0,0.0,0.0,0.0,0.0,0.05,1.0,0.001
BIOMD0000000460,model,0.0,0.0,0.0,3,0,0.0,0.0,0.0,0.0,0.0,0.0,0.0,0.0,0.0,0.0,0.1,1.0,0.001
BIOMD0000000460,model,0.0,0.0,0.0,3,0,0.0,0.0,0.0,0.0,0.0,0.0,0.0,0.0,0.0,0.0,0.2,1.0,0.001
BIOMD0000000460,model,0.0,0.0,0.0,3,0,0.0,0.0,0.0,0.0,0.0,0.0,0.0,0.0,0.0,0.0,0.5,1.0,0.001
BIOMD0000000461,model,0.5722664480124338,0.3385083869112357,0.9941906399858012,3,0,0.3430675799341386,0.3476267729570415,0.3567451590028471,0.36130435202575,0.3658635450486528,0.3841003171402642,0.7501545108475864,0.8721725754166938,0.9331816077012474,0.9819888335288904,-0.5,1.0,0.001
BIOMD0000000461,model,0.5722664480124338,0.3385083869112357,0.9941906399858012,3,0,0.3430675799341386,0.3476267729570415,0.3567451590028471,0.36130435202575,0.3658635450486528,0.3841003171402642,0.7501545108475864,0.8721725754166938,0.9331816077012474,0.9819888335288904,-0.2,1.0,0.001
BIOMD0000000461,model,0.5722664480124338,0.3385083869112357,0.9941906399858012,3,0,0.3430675799341386,0.3476267729570415,0.3567451590028471,0.36130435202575,0.3658635450486528,0.3841003171402642,0.7501545108475864,0.8721725754166938,0.9331816077012474,0.9819888335288904,-0.1,1.0,0.001
BIOMD0000000461,model,0.5722664480124338,0.3385083869112357,0.9941906399858012,3,0,0.3430675799341386,0.3476267729570415,0.3567451590028471,0.36130435202575,0.3658635450486528,0.3841003171402642,0.7501545108475864,0.8721725754166938,0.9331816077012474,0.9819888335288904,-0.05,1.0,0.001
BIOMD0000000461,model,0.5722664480124338,0.3385083869112357,0.9941906399858012,3,0,0.3430675799341386,0.3476267729570415,0.3567451590028471,0.36130435202575,0.3658635450486528,0.3841003171402642,0.7501545108475864,0.8721725754166938,0.9331816077012474,0.9819888335288904,0.0,1.0,0.001
BIOMD0000000461,model,0.5722664480124338,0.3385083869112357,0.9941906399858012,3,0,0.3430675799341386,0.3476267729570415,0.3567451590028471,0.36130435202575,0.3658635450486528,0.3841003171402642,0.7501545108475864,0.8721725754166938,0.9331816077012474,0.9819888335288904,0.05,1.0,0.001
BIOMD0000000461,model,0.5722664480124338,0.3385083869112357,0.9941906399858012,3,0,0.3430675799341386,0.3476267729570415,0.3567451590028471,0.36130435202575,0.3658635450486528,0.3841003171402642,0.7501545108475864,0.8721725754166938,0.9331816077012474,0.9819888335288904,0.1,1.0,0.001
BIOMD0000000461,model,0.5722664480124338,0.3385083869112357,0.9941906399858012,3,0,0.3430675799341386,0.3476267729570415,0.3567451590028471,0.36130435202575,0.3658635450486528,0.3841003171402642,0.7501545108475864,0.8721725754166938,0.9331816077012474,0.9819888335288904,0.2,1.0,0.001
BIOMD0000000461,model,0.5722664480124338,0.3385083869112357,0.9941906399858012,3,0,0.3430675799341386,0.3476267729570415,0.3567451590028471,0.36130435202575,0.3658635450486528,0.3841003171402642,0.7501545108475864,0.8721725754166938,0.9331816077012474,0.9819888335288904,0.5,1.0,0.001
BIOMD0000000468,model,0.0348360281616675,0.0,0.9999969755223822,73,6,0.0,0.0,0.0,0.0,0.0,0.0,0.0,0.0,0.1325608742836685,0.8890945574987588,-0.5,1.0,0.001
BIOMD0000000468,model,0.079723788634748,0.0,0.9999981097027518,73,6,0.0,0.0,0.0,0.0,0.0,0.0,0.0,0.3538238782997014,0.75,0.926430531365799,-0.2,1.0,0.001
BIOMD0000000468,model,0.0882786091848673,0.0,0.9999983197532074,73,6,0.0,0.0,0.0,0.0,0.0,0.0,0.0,0.3771980562977332,0.8888888888888888,0.9338525222537954,-0.1,1.0,0.001
BIOMD0000000468,model,0.089462071471877,0.0,0.9999984085218668,75,4,0.0,0.0,0.0,0.0,0.0,0.0,0.0,0.2909942281565403,0.9473684210526316,0.961052217794633,-0.05,1.0,0.001
BIOMD0000000468,model,0.07432616941568,0.0,1.0,77,2,0.0,0.0,0.0,0.0,0.0,0.0,0.0,0.0315876024651704,0.8282012188425772,1.0,0.0,1.0,0.001
BIOMD0000000468,model,0.058278798395209,0.0,0.9523809523809524,77,2,0.0,0.0,0.0,0.0,0.0,0.0,0.0,2.881360874740241e-06,0.5984774458070995,0.9523809523809524,0.05,1.0,0.001
BIOMD0000000468,model,0.056056402728415,0.0,0.9090909090909092,77,2,0.0,0.0,0.0,0.0,0.0,0.0,0.0,2.6330501446114746e-06,0.5991136366310942,0.9090909090909092,0.1,1.0,0.001
BIOMD0000000468,model,0.0522527022971551,0.0,0.8333333333333335,77,2,0.0,0.0,0.0,0.0,0.0,0.0,0.0,2.2734141992986203e-06,0.6012885122611398,0.8333333333333334,0.2,1.0,0.001
BIOMD0000000468,model,0.0440734951492098,0.0,0.6666666666666667,77,2,0.0,0.0,0.0,0.0,0.0,0.0,0.0,1.6125903567299029e-06,0.6116463390548589,0.6666666666666667,0.5,1.0,0.001
BIOMD0000000474,model,0.2555887503717038,0.0,1.0,90,14,0.0,0.0,0.0,0.0,0.0,0.0167882275164419,0.7674686003361484,0.9999908584963484,1.0,1.0,-0.5,1.0,0.001
BIOMD0000000474,model,0.2830075390280899,0.0,1.0,90,14,0.0,0.0,0.0,0.0,0.0,0.0464493493190069,0.9003941712618116,0.9999908584962548,1.0,1.0,-0.2,1.0,0.001
BIOMD0000000474,model,0.2905078796715851,0.0,1.0,90,14,0.0,0.0,0.0,0.0,0.0,0.0588768110887421,0.941122326509524,0.999990868641348,1.0,1.0,-0.1,1.0,0.001
BIOMD0000000474,model,0.294142955497874,0.0,1.0,90,14,0.0,0.0,0.0,0.0,0.0,0.0655154815001232,0.9590291506850832,0.9999908686410564,1.0,1.0,-0.05,1.0,0.001
BIOMD0000000474,model,0.2976902828094219,0.0,1.0,90,14,0.0,0.0,0.0,0.0,0.0,0.0720477769107048,0.9747176338222858,0.9999935097528504,1.0,1.0,0.0,1.0,0.001
BIOMD0000000474,model,0.2998642614322019,0.0,1.0,90,14,0.0,0.0,0.0,0.0,0.0,0.0786949825067741,0.9709712083754536,0.9999908686413268,1.0,1.0,0.05,1.0,0.001
BIOMD0000000474,model,0.3017769182315996,0.0,1.0,90,14,0.0,0.0,0.0,0.0,0.0,0.0856707089208319,0.9599581015982038,0.9999908686413508,1.0,1.0,0.1,1.0,0.001
BIOMD0000000474,model,0.3051613685468059,0.0,1.0,90,14,0.0,0.0,0.0,0.0,0.0,0.0973055017948672,0.9200920224126988,0.9999908686410444,1.0,1.0,0.2,1.0,0.001
BIOMD0000000474,model,0.2873298588070184,0.0,1.0,90,14,0.0,0.0,0.0,0.0,0.0,0.0206365989298036,0.9242135945290848,0.9999908686410428,1.0,1.0,0.5,1.0,0.001
BIOMD0000000477,model,0.3192982509598981,0.0,0.9452390493619396,43,0,0.0,0.0,0.0,0.0,0.0,0.0,0.7715122215353823,0.7956613756312565,0.8923412022876193,0.94233939028932,-0.5,1.0,0.001
BIOMD0000000477,model,0.4169541212736273,0.0,0.9791665479769738,43,0,0.0,0.0,0.0,0.0,0.0,0.3345409955401267,0.8708105263610656,0.9086682787044326,0.9564892530715756,0.9731785814174536,-0.2,1.0,0.001
BIOMD0000000477,model,0.4616890667620927,0.0,0.9795212515841704,43,0,0.0,0.0,0.0,0.0042189900918274,0.1035352045961433,0.3309030935667411,0.9139325538971363,0.9528189227808194,0.9556336632135952,0.9732076295995504,-0.1,1.0,0.001
BIOMD0000000477,model,0.5207864498082743,0.0,0.9843356855953708,43,0,0.0,0.0,0.0,0.1374418727206638,0.225480518728655,0.6240984126954032,0.9411778509851002,0.9647865966916088,0.9756271203688306,0.9810098336299196,-0.05,1.0,0.001
BIOMD0000000477,model,0.5686960701158862,0.0,0.9994625963662228,43,0,0.0,0.0,0.0916929235118188,0.1705391250943602,0.3716304649269019,0.6758002447105667,0.9489213635864916,0.9864001814091136,0.9890965880967256,0.995777050449068,0.0,1.0,0.001
BIOMD0000000477,model,0.5918254221712828,0.0,0.9871414914710106,43,0,0.0,0.0,0.1384478299571563,0.2799279487418351,0.4438615734434099,0.6953692854788236,0.9319799784003444,0.9607641425841588,0.9692023617491612,0.9843145489282292,0.05,1.0,0.001
BIOMD0000000477,model,0.5750524784162674,0.0,0.9817736241639315,43,0,0.0,0.0,0.1678569666464103,0.3256684796757128,0.3574742310265184,0.6829103331673467,0.9074783658847934,0.9386206749813422,0.956882504427621,0.9812958313478396,0.1,1.0,0.001
BIOMD0000000477,model,0.5096407399229875,0.0,0.981412873468458,43,0,0.0,0.0,0.0354628896002133,0.2203885959747468,0.3047680554388707,0.5694996368937356,0.8424341447393509,0.896467644128822,0.9292921440872336,0.9739150425110336,0.2,1.0,0.001
BIOMD0000000477,model,0.3803633814010271,0.0,0.9093318322051254,43,0,0.0,0.0,0.0,0.0235829585724407,0.11903067699844,0.2562117952820466,0.7385104277193063,0.8313453262395847,0.8874324768839985,0.9050563230713214,0.5,1.0,0.001
BIOMD0000000533,model,0.5424865342561425,0.0,0.8258994025819262,9,0,0.0,0.0,0.1478699098941395,0.2464498498235658,0.4235113025320027,0.7147148745846463,0.8039852026356746,0.8197307596297293,0.8228150811058277,0.8252825382867065,-0.5,0.0,0.001
BIOMD0000000533,model,0.5424865342561425,0.0,0.8258994025819262,9,0,0.0,0.0,0.1478699098941395,0.2464498498235658,0.4235113025320027,0.7147148745846463,0.8039852026356746,0.8197307596297293,0.8228150811058277,0.8252825382867065,-0.2,0.0,0.001
BIOMD0000000533,model,0.5424865342561425,0.0,0.8258994025819262,9,0,0.0,0.0,0.1478699098941395,0.2464498498235658,0.4235113025320027,0.7147148745846463,0.8039852026356746,0.8197307596297293,0.8228150811058277,0.8252825382867065,-0.1,0.0,0.001
BIOMD0000000533,model,0.5424865342561425,0.0,0.8258994025819262,9,0,0.0,0.0,0.1478699098941395,0.2464498498235658,0.4235113025320027,0.7147148745846463,0.8039852026356746,0.8197307596297293,0.8228150811058277,0.8252825382867065,-0.05,0.0,0.001
BIOMD0000000533,model,0.5424865342561425,0.0,0.8258994025819262,9,0,0.0,0.0,0.1478699098941395,0.2464498498235658,0.4235113025320027,0.7147148745846463,0.8039852026356746,0.8197307596297293,0.8228150811058277,0.8252825382867065,0.0,0.0,0.001
BIOMD0000000533,model,0.5424865342561425,0.0,0.8258994025819262,9,0,0.0,0.0,0.1478699098941395,0.2464498498235658,0.4235113025320027,0.7147148745846463,0.8039852026356746,0.8197307596297293,0.8228150811058277,0.8252825382867065,0.05,0.0,0.001
BIOMD0000000533,model,0.5424865342561425,0.0,0.8258994025819262,9,0,0.0,0.0,0.1478699098941395,0.2464498498235658,0.4235113025320027,0.7147148745846463,0.8039852026356746,0.8197307596297293,0.8228150811058277,0.8252825382867065,0.1,0.0,0.001
BIOMD0000000533,model,0.5424865342561425,0.0,0.8258994025819262,9,0,0.0,0.0,0.1478699098941395,0.2464498498235658,0.4235113025320027,0.7147148745846463,0.8039852026356746,0.8197307596297293,0.8228150811058277,0.8252825382867065,0.2,0.0,0.001
BIOMD0000000533,model,0.5424865342561425,0.0,0.8258994025819262,9,0,0.0,0.0,0.1478699098941395,0.2464498498235658,0.4235113025320027,0.7147148745846463,0.8039852026356746,0.8197307596297293,0.8228150811058277,0.8252825382867065,0.5,0.0,0.001
BIOMD0000000538,model,0.9997333575416428,0.999607601742721,0.9998591133405648,2,0,0.9996201773226132,0.9996327529025054,0.9996579040622896,0.999670479642182,0.999683055222074,0.9997333575416428,0.999808811020996,0.9998339621807804,0.9998465377606726,0.9998565982245864,-0.5,0.0,0.001
BIOMD0000000538,model,0.9997333575416428,0.999607601742721,0.9998591133405648,2,0,0.9996201773226132,0.9996327529025054,0.9996579040622896,0.999670479642182,0.999683055222074,0.9997333575416428,0.999808811020996,0.9998339621807804,0.9998465377606726,0.9998565982245864,-0.2,0.0,0.001
BIOMD0000000538,model,0.9997333575416428,0.999607601742721,0.9998591133405648,2,0,0.9996201773226132,0.9996327529025054,0.9996579040622896,0.999670479642182,0.999683055222074,0.9997333575416428,0.999808811020996,0.9998339621807804,0.9998465377606726,0.9998565982245864,-0.1,0.0,0.001
BIOMD0000000538,model,0.9997333575416428,0.999607601742721,0.9998591133405648,2,0,0.9996201773226132,0.9996327529025054,0.9996579040622896,0.999670479642182,0.999683055222074,0.9997333575416428,0.999808811020996,0.9998339621807804,0.9998465377606726,0.9998565982245864,-0.05,0.0,0.001
BIOMD0000000538,model,0.9997333575416428,0.999607601742721,0.9998591133405648,2,0,0.9996201773226132,0.9996327529025054,0.9996579040622896,0.999670479642182,0.999683055222074,0.9997333575416428,0.999808811020996,0.9998339621807804,0.9998465377606726,0.9998565982245864,0.0,0.0,0.001
BIOMD0000000538,model,0.9997333575416428,0.999607601742721,0.9998591133405648,2,0,0.9996201773226132,0.9996327529025054,0.9996579040622896,0.999670479642182,0.999683055222074,0.9997333575416428,0.999808811020996,0.9998339621807804,0.9998465377606726,0.9998565982245864,0.05,0.0,0.001
BIOMD0000000538,model,0.9997333575416428,0.999607601742721,0.9998591133405648,2,0,0.9996201773226132,0.9996327529025054,0.9996579040622896,0.999670479642182,0.999683055222074,0.9997333575416428,0.999808811020996,0.9998339621807804,0.9998465377606726,0.9998565982245864,0.1,0.0,0.001
BIOMD0000000538,model,0.9997333575416428,0.999607601742721,0.9998591133405648,2,0,0.9996201773226132,0.9996327529025054,0.9996579040622896,0.999670479642182,0.999683055222074,0.9997333575416428,0.999808811020996,0.9998339621807804,0.9998465377606726,0.9998565982245864,0.2,0.0,0.001
BIOMD0000000538,model,0.9997333575416428,0.999607601742721,0.9998591133405648,2,0,0.9996201773226132,0.9996327529025054,0.9996579040622896,0.999670479642182,0.999683055222074,0.9997333575416428,0.999808811020996,0.9998339621807804,0.9998465377606726,0.9998565982245864,0.5,0.0,0.001
BIOMD0000000539,model,0.0373845217987857,0.0,0.2243071307927147,6,0,0.0,0.0,0.0,0.0,0.0,0.0,0.0,0.1121535653963573,0.168230348094536,0.213091774253079,-0.5,1.0,0.001
BIOMD0000000539,model,0.0,0.0,0.0,6,0,0.0,0.0,0.0,0.0,0.0,0.0,0.0,0.0,0.0,0.0,-0.2,1.0,0.001
BIOMD0000000539,model,0.0,0.0,0.0,6,0,0.0,0.0,0.0,0.0,0.0,0.0,0.0,0.0,0.0,0.0,-0.1,1.0,0.001
BIOMD0000000539,model,0.0,0.0,0.0,6,0,0.0,0.0,0.0,0.0,0.0,0.0,0.0,0.0,0.0,0.0,-0.05,1.0,0.001
BIOMD0000000539,model,0.0,0.0,0.0,6,0,0.0,0.0,0.0,0.0,0.0,0.0,0.0,0.0,0.0,0.0,0.0,1.0,0.001
BIOMD0000000539,model,0.0,0.0,0.0,6,0,0.0,0.0,0.0,0.0,0.0,0.0,0.0,0.0,0.0,0.0,0.05,1.0,0.001
BIOMD0000000539,model,0.0,0.0,0.0,6,0,0.0,0.0,0.0,0.0,0.0,0.0,0.0,0.0,0.0,0.0,0.1,1.0,0.001
BIOMD0000000539,model,0.0,0.0,0.0,6,0,0.0,0.0,0.0,0.0,0.0,0.0,0.0,0.0,0.0,0.0,0.2,1.0,0.001
BIOMD0000000539,model,0.018085356167892,0.0,0.1085121370073524,6,0,0.0,0.0,0.0,0.0,0.0,0.0,0.0,0.0542560685036762,0.0813841027555143,0.1030865301569848,0.5,1.0,0.001
BIOMD0000000542,model,0.1665913289686559,0.0,1.0,24,21,0.0,0.0,0.0,0.0,0.0,0.0,0.0,0.9994207514282594,0.9999861935702262,1.0,-0.5,1.0,0.001
BIOMD0000000542,model,0.1599020093413001,0.0,1.0,25,20,0.0,0.0,0.0,0.0,0.0,0.0,0.0,0.9989606295777144,0.9999405361647132,1.0,-0.2,1.0,0.001
BIOMD0000000542,model,0.1598933576723119,0.0,1.0,25,20,0.0,0.0,0.0,0.0,0.0,0.0,0.0,0.9988563920692516,0.9999228153461328,1.0,-0.1,1.0,0.001
BIOMD0000000542,model,0.1598890900317698,0.0,1.0,25,20,0.0,0.0,0.0,0.0,0.0,0.0,0.0,0.9988042866543142,0.9999133863366156,1.0,-0.05,1.0,0.001
BIOMD0000000542,model,0.159884885625763,0.0,1.0,25,20,0.0,0.0,0.0,0.0,0.0,0.0,0.0,0.9987524985112244,0.9999036422535942,1.0,0.0,1.0,0.001
BIOMD0000000542,model,0.1598807590580915,0.0,1.0,25,20,0.0,0.0,0.0,0.0,0.0,0.0,0.0,0.9987012235489622,0.9998936329680465,1.0,0.05,1.0,0.001
BIOMD0000000542,model,0.1598767171617061,0.0,1.0,25,20,0.0,0.0,0.0,0.0,0.0,0.0,0.0,0.998650578832728,0.9998834072156668,1.0,0.1,1.0,0.001
BIOMD0000000542,model,0.1598688903023319,0.0,1.0,25,20,0.0,0.0,0.0,0.0,0.0,0.0,0.0,0.9985513915026676,0.999862488479348,1.0,0.2,1.0,0.001
BIOMD0000000542,model,0.159846996456759,0.0,1.0,25,20,0.0,0.0,0.0,0.0,0.0,0.0,0.0,0.998268410016932,0.9997984454493418,1.0,0.5,1.0,0.001
BIOMD0000000546,model,0.0,0.0,0.0,3,0,0.0,0.0,0.0,0.0,0.0,0.0,0.0,0.0,0.0,0.0,-0.5,1.0,0.001
BIOMD0000000546,model,0.0,0.0,0.0,3,0,0.0,0.0,0.0,0.0,0.0,0.0,0.0,0.0,0.0,0.0,-0.2,1.0,0.001
BIOMD0000000546,model,0.0,0.0,0.0,3,0,0.0,0.0,0.0,0.0,0.0,0.0,0.0,0.0,0.0,0.0,-0.1,1.0,0.001
BIOMD0000000546,model,0.0,0.0,0.0,3,0,0.0,0.0,0.0,0.0,0.0,0.0,0.0,0.0,0.0,0.0,-0.05,1.0,0.001
BIOMD0000000546,model,0.0,0.0,0.0,3,0,0.0,0.0,0.0,0.0,0.0,0.0,0.0,0.0,0.0,0.0,0.0,1.0,0.001
BIOMD0000000546,model,0.0,0.0,0.0,3,0,0.0,0.0,0.0,0.0,0.0,0.0,0.0,0.0,0.0,0.0,0.05,1.0,0.001
BIOMD0000000546,model,0.0,0.0,0.0,3,0,0.0,0.0,0.0,0.0,0.0,0.0,0.0,0.0,0.0,0.0,0.1,1.0,0.001
BIOMD0000000546,model,0.0,0.0,0.0,3,0,0.0,0.0,0.0,0.0,0.0,0.0,0.0,0.0,0.0,0.0,0.2,1.0,0.001
BIOMD0000000546,model,0.0,0.0,0.0,3,0,0.0,0.0,0.0,0.0,0.0,0.0,0.0,0.0,0.0,0.0,0.5,1.0,0.001
BIOMD0000000548,model,0.0,0.0,0.0,3,0,0.0,0.0,0.0,0.0,0.0,0.0,0.0,0.0,0.0,0.0,-0.5,0.0,0.001
BIOMD0000000548,model,0.0,0.0,0.0,3,0,0.0,0.0,0.0,0.0,0.0,0.0,0.0,0.0,0.0,0.0,-0.2,0.0,0.001
BIOMD0000000548,model,0.0,0.0,0.0,3,0,0.0,0.0,0.0,0.0,0.0,0.0,0.0,0.0,0.0,0.0,-0.1,0.0,0.001
BIOMD0000000548,model,0.0,0.0,0.0,3,0,0.0,0.0,0.0,0.0,0.0,0.0,0.0,0.0,0.0,0.0,-0.05,0.0,0.001
BIOMD0000000548,model,0.0,0.0,0.0,3,0,0.0,0.0,0.0,0.0,0.0,0.0,0.0,0.0,0.0,0.0,0.0,0.0,0.001
BIOMD0000000548,model,0.0,0.0,0.0,3,0,0.0,0.0,0.0,0.0,0.0,0.0,0.0,0.0,0.0,0.0,0.05,0.0,0.001
BIOMD0000000548,model,0.0,0.0,0.0,3,0,0.0,0.0,0.0,0.0,0.0,0.0,0.0,0.0,0.0,0.0,0.1,0.0,0.001
BIOMD0000000548,model,0.0,0.0,0.0,3,0,0.0,0.0,0.0,0.0,0.0,0.0,0.0,0.0,0.0,0.0,0.2,0.0,0.001
BIOMD0000000548,model,0.0,0.0,0.0,3,0,0.0,0.0,0.0,0.0,0.0,0.0,0.0,0.0,0.0,0.0,0.5,0.0,0.001
BIOMD0000000551,model,0.3840969484385566,0.0229808466985334,0.914533755230097,3,0,0.042160386367384,0.0613399260362346,0.0996990053739357,0.1188785450427863,0.1380580847116369,0.2147762433870392,0.6346307504928739,0.7745822528614854,0.8445580040457912,0.9005386049932358,-0.5,0.0,0.001
BIOMD0000000551,model,0.3840969484385566,0.0229808466985334,0.914533755230097,3,0,0.042160386367384,0.0613399260362346,0.0996990053739357,0.1188785450427863,0.1380580847116369,0.2147762433870392,0.6346307504928739,0.7745822528614854,0.8445580040457912,0.9005386049932358,-0.2,0.0,0.001
BIOMD0000000551,model,0.3840969484385566,0.0229808466985334,0.914533755230097,3,0,0.042160386367384,0.0613399260362346,0.0996990053739357,0.1188785450427863,0.1380580847116369,0.2147762433870392,0.6346307504928739,0.7745822528614854,0.8445580040457912,0.9005386049932358,-0.1,0.0,0.001
BIOMD0000000551,model,0.3840969484385566,0.0229808466985334,0.914533755230097,3,0,0.042160386367384,0.0613399260362346,0.0996990053739357,0.1188785450427863,0.1380580847116369,0.2147762433870392,0.6346307504928739,0.7745822528614854,0.8445580040457912,0.9005386049932358,-0.05,0.0,0.001
BIOMD0000000551,model,0.3840969484385566,0.0229808466985334,0.914533755230097,3,0,0.042160386367384,0.0613399260362346,0.0996990053739357,0.1188785450427863,0.1380580847116369,0.2147762433870392,0.6346307504928739,0.7745822528614854,0.8445580040457912,0.9005386049932358,0.0,0.0,0.001
BIOMD0000000551,model,0.3840969484385566,0.0229808466985334,0.914533755230097,3,0,0.042160386367384,0.0613399260362346,0.0996990053739357,0.1188785450427863,0.1380580847116369,0.2147762433870392,0.6346307504928739,0.7745822528614854,0.8445580040457912,0.9005386049932358,0.05,0.0,0.001
BIOMD0000000551,model,0.3840969484385566,0.0229808466985334,0.914533755230097,3,0,0.042160386367384,0.0613399260362346,0.0996990053739357,0.1188785450427863,0.1380580847116369,0.2147762433870392,0.6346307504928739,0.7745822528614854,0.8445580040457912,0.9005386049932358,0.1,0.0,0.001
BIOMD0000000551,model,0.3840969484385566,0.0229808466985334,0.914533755230097,3,0,0.042160386367384,0.0613399260362346,0.0996990053739357,0.1188785450427863,0.1380580847116369,0.2147762433870392,0.6346307504928739,0.7745822528614854,0.8445580040457912,0.9005386049932358,0.2,0.0,0.001
BIOMD0000000551,model,0.3840969484385566,0.0229808466985334,0.914533755230097,3,0,0.042160386367384,0.0613399260362346,0.0996990053739357,0.1188785450427863,0.1380580847116369,0.2147762433870392,0.6346307504928739,0.7745822528614854,0.8445580040457912,0.9005386049932358,0.5,0.0,0.001
BIOMD0000000552,model,0.3560490095150012,0.0,0.7120980190300024,2,0,0.0356049009515001,0.0712098019030002,0.1424196038060004,0.1780245047575006,0.2136294057090007,0.3560490095150012,0.569678415224002,0.6408882171270022,0.6764931180785022,0.7049770388397023,-0.5,1.0,0.001
BIOMD0000000552,model,0.4411331658427424,0.0,0.8822663316854849,2,0,0.0441133165842742,0.0882266331685485,0.176453266337097,0.2205665829213712,0.2646798995056454,0.4411331658427424,0.705813065348388,0.7940396985169363,0.8381530151012105,0.87344366836863,-0.2,1.0,0.001
BIOMD0000000552,model,0.4415831862381496,0.0,0.8831663724762993,2,0,0.0441583186238149,0.0883166372476299,0.1766332744952598,0.2207915931190748,0.2649499117428898,0.4415831862381496,0.7065330979810395,0.7948497352286693,0.8390080538524842,0.8743347087515363,-0.1,1.0,0.001
BIOMD0000000552,model,0.4405880885303356,0.0,0.8811761770606713,2,0,0.0440588088530335,0.0881176177060671,0.1762352354121342,0.2202940442651678,0.2643528531182014,0.4405880885303356,0.704940941648537,0.7930585593546042,0.8371173682076377,0.8723644152900646,-0.05,1.0,0.001
BIOMD0000000552,model,0.4386192094849183,0.0,0.8772384189698366,2,0,0.0438619209484918,0.0877238418969836,0.1754476837939673,0.2193096047424591,0.263171525690951,0.4386192094849183,0.7017907351758693,0.7895145770728529,0.8333764980213447,0.8684660347801382,0.0,1.0,0.001
BIOMD0000000552,model,0.4356124010685523,0.0,0.8712248021371046,2,0,0.0435612401068552,0.0871224802137104,0.1742449604274209,0.2178062005342761,0.2613674406411314,0.4356124010685523,0.6969798417096837,0.7841023219233942,0.8276635620302494,0.8625125541157336,0.05,1.0,0.001
BIOMD0000000552,model,0.4310940154552703,0.0,0.8621880309105406,2,0,0.043109401545527,0.086218803091054,0.1724376061821081,0.2155470077276351,0.2586564092731622,0.4310940154552703,0.6897504247284325,0.7759692278194866,0.8190786293650135,0.8535661506014353,0.1,1.0,0.001
BIOMD0000000552,model,0.4154475757657308,0.0,0.8308951515314617,2,0,0.041544757576573,0.0830895151531461,0.1661790303062923,0.2077237878828654,0.2492685454594385,0.4154475757657308,0.6647161212251693,0.7478056363783155,0.7893503939548885,0.822586200016147,0.2,1.0,0.001
BIOMD0000000552,model,0.0,0.0,0.0,2,0,0.0,0.0,0.0,0.0,0.0,0.0,0.0,0.0,0.0,0.0,0.5,1.0,0.001
BIOMD0000000553,model,0.3560490095150012,0.0,0.7120980190300024,2,0,0.0356049009515001,0.0712098019030002,0.1424196038060004,0.1780245047575006,0.2136294057090007,0.3560490095150012,0.569678415224002,0.6408882171270022,0.6764931180785022,0.7049770388397023,-0.5,1.0,0.001
BIOMD0000000553,model,0.4411331658427424,0.0,0.8822663316854849,2,0,0.0441133165842742,0.0882266331685485,0.176453266337097,0.2205665829213712,0.2646798995056454,0.4411331658427424,0.705813065348388,0.7940396985169363,0.8381530151012105,0.87344366836863,-0.2,1.0,0.001
BIOMD0000000553,model,0.4415831862381496,0.0,0.8831663724762993,2,0,0.0441583186238149,0.0883166372476299,0.1766332744952598,0.2207915931190748,0.2649499117428898,0.4415831862381496,0.7065330979810395,0.7948497352286693,0.8390080538524842,0.8743347087515363,-0.1,1.0,0.001
BIOMD0000000553,model,0.4405880885303356,0.0,0.8811761770606713,2,0,0.0440588088530335,0.0881176177060671,0.1762352354121342,0.2202940442651678,0.2643528531182014,0.4405880885303356,0.704940941648537,0.7930585593546042,0.8371173682076377,0.8723644152900646,-0.05,1.0,0.001
BIOMD0000000553,model,0.4386192094849183,0.0,0.8772384189698366,2,0,0.0438619209484918,0.0877238418969836,0.1754476837939673,0.2193096047424591,0.263171525690951,0.4386192094849183,0.7017907351758693,0.7895145770728529,0.8333764980213447,0.8684660347801382,0.0,1.0,0.001
BIOMD0000000553,model,0.4356124010685523,0.0,0.8712248021371046,2,0,0.0435612401068552,0.0871224802137104,0.1742449604274209,0.2178062005342761,0.2613674406411314,0.4356124010685523,0.6969798417096837,0.7841023219233942,0.8276635620302494,0.8625125541157336,0.05,1.0,0.001
BIOMD0000000553,model,0.4310940154552703,0.0,0.8621880309105406,2,0,0.043109401545527,0.086218803091054,0.1724376061821081,0.2155470077276351,0.2586564092731622,0.4310940154552703,0.6897504247284325,0.7759692278194866,0.8190786293650135,0.8535661506014353,0.1,1.0,0.001
BIOMD0000000553,model,0.4154475757657308,0.0,0.8308951515314617,2,0,0.041544757576573,0.0830895151531461,0.1661790303062923,0.2077237878828654,0.2492685454594385,0.4154475757657308,0.6647161212251693,0.7478056363783155,0.7893503939548885,0.822586200016147,0.2,1.0,0.001
BIOMD0000000553,model,0.0,0.0,0.0,2,0,0.0,0.0,0.0,0.0,0.0,0.0,0.0,0.0,0.0,0.0,0.5,1.0,0.001
BIOMD0000000554,model,0.0,0.0,0.0,34,2,0.0,0.0,0.0,0.0,0.0,0.0,0.0,0.0,0.0,0.0,-0.5,0.0,0.001
BIOMD0000000554,model,0.0,0.0,0.0,34,2,0.0,0.0,0.0,0.0,0.0,0.0,0.0,0.0,0.0,0.0,-0.2,0.0,0.001
BIOMD0000000554,model,0.0,0.0,0.0,34,2,0.0,0.0,0.0,0.0,0.0,0.0,0.0,0.0,0.0,0.0,-0.1,0.0,0.001
BIOMD0000000554,model,0.0,0.0,0.0,34,2,0.0,0.0,0.0,0.0,0.0,0.0,0.0,0.0,0.0,0.0,-0.05,0.0,0.001
BIOMD0000000554,model,0.0,0.0,0.0,34,2,0.0,0.0,0.0,0.0,0.0,0.0,0.0,0.0,0.0,0.0,0.0,0.0,0.001
BIOMD0000000554,model,0.0,0.0,0.0,34,2,0.0,0.0,0.0,0.0,0.0,0.0,0.0,0.0,0.0,0.0,0.05,0.0,0.001
BIOMD0000000554,model,0.0,0.0,0.0,34,2,0.0,0.0,0.0,0.0,0.0,0.0,0.0,0.0,0.0,0.0,0.1,0.0,0.001
BIOMD0000000554,model,0.0,0.0,0.0,34,2,0.0,0.0,0.0,0.0,0.0,0.0,0.0,0.0,0.0,0.0,0.2,0.0,0.001
BIOMD0000000554,model,0.0,0.0,0.0,34,2,0.0,0.0,0.0,0.0,0.0,0.0,0.0,0.0,0.0,0.0,0.5,0.0,0.001
BIOMD0000000556,model,0.3975439995819458,0.0,0.9949495571773006,5,0,0.0,0.0,0.0,0.0,0.0,0.0,0.993206264021403,0.9940779105993518,0.9945137338883262,0.9948623925195056,-0.5,0.0,0.001
BIOMD0000000556,model,0.3975439995819458,0.0,0.9949495571773006,5,0,0.0,0.0,0.0,0.0,0.0,0.0,0.993206264021403,0.9940779105993518,0.9945137338883262,0.9948623925195056,-0.2,0.0,0.001
BIOMD0000000556,model,0.3975439995819458,0.0,0.9949495571773006,5,0,0.0,0.0,0.0,0.0,0.0,0.0,0.993206264021403,0.9940779105993518,0.9945137338883262,0.9948623925195056,-0.1,0.0,0.001
BIOMD0000000556,model,0.3975439995819458,0.0,0.9949495571773006,5,0,0.0,0.0,0.0,0.0,0.0,0.0,0.993206264021403,0.9940779105993518,0.9945137338883262,0.9948623925195056,-0.05,0.0,0.001
BIOMD0000000556,model,0.3975439995819458,0.0,0.9949495571773006,5,0,0.0,0.0,0.0,0.0,0.0,0.0,0.993206264021403,0.9940779105993518,0.9945137338883262,0.9948623925195056,0.0,0.0,0.001
BIOMD0000000556,model,0.3975439995819458,0.0,0.9949495571773006,5,0,0.0,0.0,0.0,0.0,0.0,0.0,0.993206264021403,0.9940779105993518,0.9945137338883262,0.9948623925195056,0.05,0.0,0.001
BIOMD0000000556,model,0.3975439995819458,0.0,0.9949495571773006,5,0,0.0,0.0,0.0,0.0,0.0,0.0,0.993206264021403,0.9940779105993518,0.9945137338883262,0.9948623925195056,0.1,0.0,0.001
BIOMD0000000556,model,0.3975439995819458,0.0,0.9949495571773006,5,0,0.0,0.0,0.0,0.0,0.0,0.0,0.993206264021403,0.9940779105993518,0.9945137338883262,0.9948623925195056,0.2,0.0,0.001
BIOMD0000000556,model,0.3975439995819458,0.0,0.9949495571773006,5,0,0.0,0.0,0.0,0.0,0.0,0.0,0.993206264021403,0.9940779105993518,0.9945137338883262,0.9948623925195056,0.5,0.0,0.001
BIOMD0000000558,model,0.0,0.0,0.0,2,0,0.0,0.0,0.0,0.0,0.0,0.0,0.0,0.0,0.0,0.0,-0.5,1.0,0.001
BIOMD0000000558,model,0.0,0.0,0.0,2,0,0.0,0.0,0.0,0.0,0.0,0.0,0.0,0.0,0.0,0.0,-0.2,1.0,0.001
BIOMD0000000558,model,0.0,0.0,0.0,2,0,0.0,0.0,0.0,0.0,0.0,0.0,0.0,0.0,0.0,0.0,-0.1,1.0,0.001
BIOMD0000000558,model,0.0,0.0,0.0,2,0,0.0,0.0,0.0,0.0,0.0,0.0,0.0,0.0,0.0,0.0,-0.05,1.0,0.001
BIOMD0000000558,model,0.0,0.0,0.0,2,0,0.0,0.0,0.0,0.0,0.0,0.0,0.0,0.0,0.0,0.0,0.0,1.0,0.001
BIOMD0000000558,model,0.0,0.0,0.0,2,0,0.0,0.0,0.0,0.0,0.0,0.0,0.0,0.0,0.0,0.0,0.05,1.0,0.001
BIOMD0000000558,model,0.0,0.0,0.0,2,0,0.0,0.0,0.0,0.0,0.0,0.0,0.0,0.0,0.0,0.0,0.1,1.0,0.001
BIOMD0000000558,model,0.0,0.0,0.0,2,0,0.0,0.0,0.0,0.0,0.0,0.0,0.0,0.0,0.0,0.0,0.2,1.0,0.001
BIOMD0000000558,model,0.0,0.0,0.0,2,0,0.0,0.0,0.0,0.0,0.0,0.0,0.0,0.0,0.0,0.0,0.5,1.0,0.001
BIOMD0000000559,model,0.0,0.0,0.0,56,33,0.0,0.0,0.0,0.0,0.0,0.0,0.0,0.0,0.0,0.0,-0.5,1.0,0.001
BIOMD0000000559,model,0.0,0.0,0.0,60,29,0.0,0.0,0.0,0.0,0.0,0.0,0.0,0.0,0.0,0.0,-0.2,1.0,0.001
BIOMD0000000559,model,0.0,0.0,0.0,60,29,0.0,0.0,0.0,0.0,0.0,0.0,0.0,0.0,0.0,0.0,-0.1,1.0,0.001
BIOMD0000000559,model,0.0,0.0,0.0,61,28,0.0,0.0,0.0,0.0,0.0,0.0,0.0,0.0,0.0,0.0,-0.05,1.0,0.001
BIOMD0000000559,model,0.0,0.0,0.0,62,27,0.0,0.0,0.0,0.0,0.0,0.0,0.0,0.0,0.0,0.0,0.0,1.0,0.001
BIOMD0000000559,model,0.0,0.0,0.0,62,27,0.0,0.0,0.0,0.0,0.0,0.0,0.0,0.0,0.0,0.0,0.05,1.0,0.001
BIOMD0000000559,model,0.0,0.0,0.0,62,27,0.0,0.0,0.0,0.0,0.0,0.0,0.0,0.0,0.0,0.0,0.1,1.0,0.001
BIOMD0000000559,model,0.0,0.0,0.0,63,26,0.0,0.0,0.0,0.0,0.0,0.0,0.0,0.0,0.0,0.0,0.2,1.0,0.001
BIOMD0000000559,model,0.0,0.0,0.0,66,23,0.0,0.0,0.0,0.0,0.0,0.0,0.0,0.0,0.0,0.0,0.5,1.0,0.001
BIOMD0000000568,model,0.0,0.0,0.0,18,6,0.0,0.0,0.0,0.0,0.0,0.0,0.0,0.0,0.0,0.0,-0.5,1.0,0.001
BIOMD0000000568,model,0.0,0.0,0.0,18,6,0.0,0.0,0.0,0.0,0.0,0.0,0.0,0.0,0.0,0.0,-0.2,1.0,0.001
BIOMD0000000568,model,0.0,0.0,0.0,18,6,0.0,0.0,0.0,0.0,0.0,0.0,0.0,0.0,0.0,0.0,-0.1,1.0,0.001
BIOMD0000000568,model,0.0,0.0,0.0,18,6,0.0,0.0,0.0,0.0,0.0,0.0,0.0,0.0,0.0,0.0,-0.05,1.0,0.001
BIOMD0000000568,model,0.0,0.0,0.0,18,6,0.0,0.0,0.0,0.0,0.0,0.0,0.0,0.0,0.0,0.0,0.0,1.0,0.001
BIOMD0000000568,model,0.0,0.0,0.0,18,6,0.0,0.0,0.0,0.0,0.0,0.0,0.0,0.0,0.0,0.0,0.05,1.0,0.001
BIOMD0000000568,model,0.0,0.0,0.0,18,6,0.0,0.0,0.0,0.0,0.0,0.0,0.0,0.0,0.0,0.0,0.1,1.0,0.001
BIOMD0000000568,model,0.0,0.0,0.0,18,6,0.0,0.0,0.0,0.0,0.0,0.0,0.0,0.0,0.0,0.0,0.2,1.0,0.001
BIOMD0000000568,model,0.0,0.0,0.0,18,6,0.0,0.0,0.0,0.0,0.0,0.0,0.0,0.0,0.0,0.0,0.5,1.0,0.001
BIOMD0000000569,model,,,,0,21,,,,,,,,,,,-0.5,1.0,0.001
BIOMD0000000569,model,,,,0,21,,,,,,,,,,,-0.2,1.0,0.001
BIOMD0000000569,model,,,,0,21,,,,,,,,,,,-0.1,1.0,0.001
BIOMD0000000569,model,,,,0,21,,,,,,,,,,,-0.05,1.0,0.001
BIOMD0000000569,model,,,,0,21,,,,,,,,,,,0.0,1.0,0.001
BIOMD0000000569,model,,,,0,21,,,,,,,,,,,0.05,1.0,0.001
BIOMD0000000569,model,,,,0,21,,,,,,,,,,,0.1,1.0,0.001
BIOMD0000000569,model,,,,0,21,,,,,,,,,,,0.2,1.0,0.001
BIOMD0000000569,model,,,,0,21,,,,,,,,,,,0.5,1.0,0.001
BIOMD0000000571,model,,,,0,58,,,,,,,,,,,-0.5,1.0,0.001
BIOMD0000000571,model,,,,0,58,,,,,,,,,,,-0.2,1.0,0.001
BIOMD0000000571,model,,,,0,58,,,,,,,,,,,-0.1,1.0,0.001
BIOMD0000000571,model,,,,0,58,,,,,,,,,,,-0.05,1.0,0.001
BIOMD0000000571,model,,,,0,58,,,,,,,,,,,0.0,1.0,0.001
BIOMD0000000571,model,,,,0,58,,,,,,,,,,,0.05,1.0,0.001
BIOMD0000000571,model,,,,0,58,,,,,,,,,,,0.1,1.0,0.001
BIOMD0000000571,model,,,,0,58,,,,,,,,,,,0.2,1.0,0.001
BIOMD0000000571,model,,,,0,58,,,,,,,,,,,0.5,1.0,0.001
BIOMD0000000573,model,0.0,0.0,0.0,2,0,0.0,0.0,0.0,0.0,0.0,0.0,0.0,0.0,0.0,0.0,-0.5,1.0,0.001
BIOMD0000000573,model,0.0,0.0,0.0,2,0,0.0,0.0,0.0,0.0,0.0,0.0,0.0,0.0,0.0,0.0,-0.2,1.0,0.001
BIOMD0000000573,model,0.0,0.0,0.0,2,0,0.0,0.0,0.0,0.0,0.0,0.0,0.0,0.0,0.0,0.0,-0.1,1.0,0.001
BIOMD0000000573,model,0.0,0.0,0.0,2,0,0.0,0.0,0.0,0.0,0.0,0.0,0.0,0.0,0.0,0.0,-0.05,1.0,0.001
BIOMD0000000573,model,0.0,0.0,0.0,2,0,0.0,0.0,0.0,0.0,0.0,0.0,0.0,0.0,0.0,0.0,0.0,1.0,0.001
BIOMD0000000573,model,0.0,0.0,0.0,2,0,0.0,0.0,0.0,0.0,0.0,0.0,0.0,0.0,0.0,0.0,0.05,1.0,0.001
BIOMD0000000573,model,0.0,0.0,0.0,2,0,0.0,0.0,0.0,0.0,0.0,0.0,0.0,0.0,0.0,0.0,0.1,1.0,0.001
BIOMD0000000573,model,0.0,0.0,0.0,2,0,0.0,0.0,0.0,0.0,0.0,0.0,0.0,0.0,0.0,0.0,0.2,1.0,0.001
BIOMD0000000573,model,0.0,0.0,0.0,2,0,0.0,0.0,0.0,0.0,0.0,0.0,0.0,0.0,0.0,0.0,0.5,1.0,0.001
BIOMD0000000575,model,0.4124786413664448,0.0,0.9934432743937908,47,2,0.0,0.0,0.0,0.0,0.035957350837748,0.4181145248215271,0.7849474831704503,0.8681837039970502,0.9115054778355768,0.9622168906236248,-0.5,1.0,0.001
BIOMD0000000575,model,0.5432663783505257,0.0,0.9958919457257608,48,1,0.0,0.0,0.0,0.0590438667335195,0.1657099437325632,0.720211883085029,0.880738098712987,0.912835929668921,0.9505615638591756,0.9954403450853888,-0.2,1.0,0.001
BIOMD0000000575,model,0.5751281303552634,0.0,0.9963467286630556,48,1,0.0,0.0,0.0,0.0272861411267628,0.2145854186404508,0.8092826781140798,0.9103175479695828,0.9338953568929588,0.9668645365312916,0.9911033047563994,-0.1,1.0,0.001
BIOMD0000000575,model,0.5874254156071851,0.0,0.9965383405027428,48,1,0.0,0.0,0.0,0.053385485903777,0.2273655581588476,0.8410797028467842,0.915894563683584,0.9366253093642504,0.954062072520338,0.9838807728090736,-0.05,1.0,0.001
BIOMD0000000575,model,0.5957499543099914,0.0,0.9967108541824068,48,1,0.0,0.0,0.0143288531480497,0.0824294497764027,0.2151723112668906,0.859903781147823,0.9135372188874544,0.9385505126653756,0.9587126654411664,0.99334285008417,0.0,1.0,0.001
BIOMD0000000575,model,0.6034613184415606,0.0,0.9968669894627848,49,0,0.0,0.0,0.044528929770132,0.1070179149857634,0.24517412646565,0.8461150907232501,0.924854703270974,0.9521173510422428,0.9758467596622996,0.996680513953938,0.05,1.0,0.001
BIOMD0000000575,model,0.5916560953287414,0.0,0.9970089730817484,49,0,0.0,0.0,0.0501424081959341,0.1123660228904343,0.2538371377225945,0.8243630196149939,0.9125927723518747,0.9409198561451564,0.9720346366947148,0.9958560260168328,0.1,1.0,0.001
BIOMD0000000575,model,0.5768767616920261,0.0,0.9972575417609948,49,0,0.0,0.0,0.1054626645048304,0.1902578532009289,0.3733599933120421,0.7203238346668636,0.8875579499562516,0.940277542480744,0.9676342303421224,0.9898317455055262,0.2,1.0,0.001
BIOMD0000000575,model,0.4785953863765155,0.0,0.9978048293759072,49,0,0.0,0.0,0.0,0.0634820307007917,0.2767537328448656,0.5225187942678607,0.7859413561241101,0.9212337226790824,0.949967495762314,0.9814771424185468,0.5,1.0,0.001
BIOMD0000000585,model,0.1406691036407252,0.0,0.9997137044092784,15,5,0.0,0.0,0.0,0.0,0.0,0.0,0.2942921775087501,0.4293004532826621,0.6498061522230254,0.9297321939720278,-0.5,0.0,0.001
BIOMD0000000585,model,0.1406691036407252,0.0,0.9997137044092784,15,5,0.0,0.0,0.0,0.0,0.0,0.0,0.2942921775087501,0.4293004532826621,0.6498061522230254,0.9297321939720278,-0.2,0.0,0.001
BIOMD0000000585,model,0.1406691036407252,0.0,0.9997137044092784,15,5,0.0,0.0,0.0,0.0,0.0,0.0,0.2942921775087501,0.4293004532826621,0.6498061522230254,0.9297321939720278,-0.1,0.0,0.001
BIOMD0000000585,model,0.1406691036407252,0.0,0.9997137044092784,15,5,0.0,0.0,0.0,0.0,0.0,0.0,0.2942921775087501,0.4293004532826621,0.6498061522230254,0.9297321939720278,-0.05,0.0,0.001
BIOMD0000000585,model,0.1406691036407252,0.0,0.9997137044092784,15,5,0.0,0.0,0.0,0.0,0.0,0.0,0.2942921775087501,0.4293004532826621,0.6498061522230254,0.9297321939720278,0.0,0.0,0.001
BIOMD0000000585,model,0.1406691036407252,0.0,0.9997137044092784,15,5,0.0,0.0,0.0,0.0,0.0,0.0,0.2942921775087501,0.4293004532826621,0.6498061522230254,0.9297321939720278,0.05,0.0,0.001
BIOMD0000000585,model,0.1406691036407252,0.0,0.9997137044092784,15,5,0.0,0.0,0.0,0.0,0.0,0.0,0.2942921775087501,0.4293004532826621,0.6498061522230254,0.9297321939720278,0.1,0.0,0.001
BIOMD0000000585,model,0.1406691036407252,0.0,0.9997137044092784,15,5,0.0,0.0,0.0,0.0,0.0,0.0,0.2942921775087501,0.4293004532826621,0.6498061522230254,0.9297321939720278,0.2,0.0,0.001
BIOMD0000000585,model,0.1406691036407252,0.0,0.9997137044092784,15,5,0.0,0.0,0.0,0.0,0.0,0.0,0.2942921775087501,0.4293004532826621,0.6498061522230254,0.9297321939720278,0.5,0.0,0.001
BIOMD0000000591,model,0.7584376458286947,0.4796699770615051,0.9038173695121252,6,2,0.552114254044128,0.6245585310267507,0.7694470849919962,0.7720409548890872,0.7746348247861781,0.7829366633875061,0.8318181166315289,0.867817743071827,0.8858175562919761,0.9002174068680954,-0.5,0.75,0.001
BIOMD0000000591,model,0.8305447654973296,0.5628252043954098,0.9661395174871802,6,2,0.6114742790187596,0.6601233536421094,0.7574215028888088,0.7790359925362935,0.8006504821837782,0.8693100891767073,0.958262189859164,0.962200853673172,0.9641701855801762,0.9657456511057794,-0.2,0.75,0.001
BIOMD0000000591,model,0.8277609780740551,0.5904421171245575,0.977347340264776,6,2,0.6318771995204567,0.673312281916356,0.7561824467081543,0.7777288019439146,0.7992751571796748,0.8489638050867065,0.9446663541734304,0.9610068472191032,0.9691770937419396,0.9757132909602086,-0.1,0.75,0.001
BIOMD0000000591,model,0.8231732380050554,0.6022200894305054,0.9736531178975466,6,2,0.6406506517522819,0.6790812140740584,0.7559423387176114,0.7743455411801425,0.7927487436426737,0.8349825298392535,0.9372588223061616,0.955455970101854,0.9645545439997004,0.9718334031179774,-0.05,0.75,0.001
BIOMD0000000591,model,0.8190321309221495,0.6136820081487663,0.9696716563984632,6,2,0.649235280293644,0.6847885524385218,0.7558950967282771,0.7689983001431624,0.7821015035580476,0.8225411901200811,0.9298616440172288,0.949766650207846,0.9597191533031548,0.9676811557794016,0.0,0.75,0.001
BIOMD0000000591,model,0.8135818221491448,0.624847658750244,0.9659855577607286,6,2,0.657669794214017,0.69049192967779,0.756136200605336,0.7616657482366842,0.7671952958680324,0.8057233361147071,0.9230748435491456,0.944530200654937,0.9552578792078328,0.9638400220501494,0.05,0.75,0.001
BIOMD0000000591,model,0.808834275968728,0.6382347801387046,0.9625374964288408,6,2,0.6658648831589076,0.6934949861791107,0.7487551922195167,0.7509299012315869,0.7531046102436569,0.7933509141759206,0.9167763586734649,0.9396569275511528,0.9510972119899967,0.960249439541072,0.1,0.75,0.001
BIOMD0000000591,model,0.7990473904258321,0.660239770339515,0.9562829537983226,6,2,0.6681347617915333,0.6760297532435516,0.6918197361475883,0.7089712518956217,0.7261227676436551,0.7902961557668642,0.9053495707358384,0.9308162622670804,0.9435496080327016,0.9537362846451984,0.2,0.75,0.001
BIOMD0000000591,model,0.7715417248578986,0.5308679922138257,0.9408472113778183,6,2,0.5785984324366029,0.6263288726593801,0.7217897531049345,0.7337368518399194,0.7456839505749042,0.7785662845618053,0.8786128233272027,0.9097300173525106,0.9252886143651644,0.9377354919752876,0.5,0.75,0.001
BIOMD0000000596,model,0.0,0.0,0.0,15,0,0.0,0.0,0.0,0.0,0.0,0.0,0.0,0.0,0.0,0.0,-0.5,1.0,0.001
BIOMD0000000596,model,0.0,0.0,0.0,15,0,0.0,0.0,0.0,0.0,0.0,0.0,0.0,0.0,0.0,0.0,-0.2,1.0,0.001
BIOMD0000000596,model,0.0,0.0,0.0,15,0,0.0,0.0,0.0,0.0,0.0,0.0,0.0,0.0,0.0,0.0,-0.1,1.0,0.001
BIOMD0000000596,model,0.0,0.0,0.0,15,0,0.0,0.0,0.0,0.0,0.0,0.0,0.0,0.0,0.0,0.0,-0.05,1.0,0.001
BIOMD0000000596,model,0.0,0.0,0.0,15,0,0.0,0.0,0.0,0.0,0.0,0.0,0.0,0.0,0.0,0.0,0.0,1.0,0.001
BIOMD0000000596,model,0.0,0.0,0.0,15,0,0.0,0.0,0.0,0.0,0.0,0.0,0.0,0.0,0.0,0.0,0.05,1.0,0.001
BIOMD0000000596,model,0.0,0.0,0.0,15,0,0.0,0.0,0.0,0.0,0.0,0.0,0.0,0.0,0.0,0.0,0.1,1.0,0.001
BIOMD0000000596,model,0.0,0.0,0.0,15,0,0.0,0.0,0.0,0.0,0.0,0.0,0.0,0.0,0.0,0.0,0.2,1.0,0.001
BIOMD0000000596,model,0.0,0.0,0.0,15,0,0.0,0.0,0.0,0.0,0.0,0.0,0.0,0.0,0.0,0.0,0.5,1.0,0.001
BIOMD0000000599,model,0.0559660794587767,0.0,0.8394911920420028,30,0,0.0,0.0,0.0,0.0,0.0,0.0,0.0,0.0,0.4617201554467129,0.8394911919489992,-0.5,1.0,0.001
BIOMD0000000599,model,0.0559626828226519,0.0,0.8394402425001348,30,0,0.0,0.0,0.0,0.0,0.0,0.0,0.0,0.0,0.4616921331986804,0.8394402424071286,-0.2,1.0,0.001
BIOMD0000000599,model,0.0559619230765853,0.0,0.8394288463091371,30,0,0.0,0.0,0.0,0.0,0.0,0.0,0.0,0.0,0.4616858652936305,0.8394288462161301,-0.1,1.0,0.001
BIOMD0000000599,model,0.0559615869472436,0.0,0.8394238043690176,30,0,0.0,0.0,0.0,0.0,0.0,0.0,0.0,0.0,0.461683092226558,0.8394238042760072,-0.05,1.0,0.001
BIOMD0000000599,model,0.0559612754207405,0.0,0.8394191314714663,30,0,0.0,0.0,0.0,0.0,0.0,0.0,0.0,0.0,0.4616805221329095,0.8394191313784582,0.0,1.0,0.001
BIOMD0000000599,model,0.055960985742759,0.0,0.8394147863017447,30,0,0.0,0.0,0.0,0.0,0.0,0.0,0.0,0.0,0.4616781322895616,0.8394147862087361,0.05,1.0,0.001
BIOMD0000000599,model,0.0559607155670119,0.0,0.8394107336655402,30,0,0.0,0.0,0.0,0.0,0.0,0.0,0.0,0.0,0.4616759033396475,0.8394107335725307,0.1,1.0,0.001
BIOMD0000000599,model,0.0559602259576354,0.0,0.839403389524895,30,0,0.0,0.0,0.0,0.0,0.0,0.0,0.0,0.0,0.4616718640622903,0.8394033894318843,0.2,1.0,0.001
BIOMD0000000599,model,0.0559590628592991,0.0,0.8393859430498551,30,0,0.0,0.0,0.0,0.0,0.0,0.0,0.0,0.0,0.4616622685010133,0.8393859429568418,0.5,1.0,0.001
BIOMD0000000607,model,0.0266287049620986,0.0,0.5858315091661689,22,7,0.0,0.0,0.0,0.0,0.0,0.0,0.0,0.0,3.1641356201816943e-16,0.4628068922412729,-0.5,1.0,0.001
BIOMD0000000607,model,0.0608990717109481,0.0,0.7500000000000004,22,7,0.0,0.0,0.0,0.0,0.0,0.0,0.0,0.0,0.5602905987588152,0.7163537113045805,-0.2,1.0,0.001
BIOMD0000000607,model,0.0672693595443024,0.0,0.8888888888888892,22,7,0.0,0.0,0.0,0.0,0.0,0.0,0.0,0.0,0.5614851700314766,0.8263399966502329,-0.1,1.0,0.001
BIOMD0000000607,model,0.0699556220274079,0.0,0.9473684210526316,22,7,0.0,0.0,0.0,0.0,0.0,0.0,0.0,0.0,0.5620725003728246,0.8726686579771507,-0.05,1.0,0.001
BIOMD0000000607,model,0.0723757575011109,0.0,0.9999999999999998,22,7,0.0,0.0,0.0,0.0,0.0,0.0,0.0,0.0,0.562653331773219,0.9143759996551322,0.0,1.0,0.001
BIOMD0000000607,model,0.0702387402517335,0.0,0.9523809523809524,22,7,0.0,0.0,0.0,0.0,0.0,0.0,0.0,0.0,0.5632277664993268,0.8768839323439612,0.05,1.0,0.001
BIOMD0000000607,model,0.0682981946460716,0.0,0.909090909090909,22,7,0.0,0.0,0.0,0.0,0.0,0.0,0.0,0.0,0.5637959044665328,0.8428103865375778,0.1,1.0,0.001
BIOMD0000000607,model,0.0679990149488567,0.0,0.8333333333333333,21,8,0.0,0.0,0.0,0.0,0.0,0.0,0.0,0.0,0.5946459805926587,0.7855958627851986,0.2,1.0,0.001
BIOMD0000000607,model,0.0602235132911911,0.0,0.6666666666666665,21,8,0.0,0.0,0.0,0.0,0.0,0.0,0.0,0.0,0.5980271124483472,0.6529387558230026,0.5,1.0,0.001
BIOMD0000000618,model,0.0,0.0,0.0,50,0,0.0,0.0,0.0,0.0,0.0,0.0,0.0,0.0,0.0,0.0,-0.5,0.0,0.001
BIOMD0000000618,model,0.0,0.0,0.0,50,0,0.0,0.0,0.0,0.0,0.0,0.0,0.0,0.0,0.0,0.0,-0.2,0.0,0.001
BIOMD0000000618,model,0.0,0.0,0.0,50,0,0.0,0.0,0.0,0.0,0.0,0.0,0.0,0.0,0.0,0.0,-0.1,0.0,0.001
BIOMD0000000618,model,0.0,0.0,0.0,50,0,0.0,0.0,0.0,0.0,0.0,0.0,0.0,0.0,0.0,0.0,-0.05,0.0,0.001
BIOMD0000000618,model,0.0,0.0,0.0,50,0,0.0,0.0,0.0,0.0,0.0,0.0,0.0,0.0,0.0,0.0,0.0,0.0,0.001
BIOMD0000000618,model,0.0,0.0,0.0,50,0,0.0,0.0,0.0,0.0,0.0,0.0,0.0,0.0,0.0,0.0,0.05,0.0,0.001
BIOMD0000000618,model,0.0,0.0,0.0,50,0,0.0,0.0,0.0,0.0,0.0,0.0,0.0,0.0,0.0,0.0,0.1,0.0,0.001
BIOMD0000000618,model,0.0,0.0,0.0,50,0,0.0,0.0,0.0,0.0,0.0,0.0,0.0,0.0,0.0,0.0,0.2,0.0,0.001
BIOMD0000000618,model,0.0,0.0,0.0,50,0,0.0,0.0,0.0,0.0,0.0,0.0,0.0,0.0,0.0,0.0,0.5,0.0,0.001
BIOMD0000000622,model,0.2647661943723919,0.0,0.8254317953675746,10,0,0.0,0.0,0.0,0.0,0.0,0.1308287683972505,0.5327565685573742,0.6450751685028574,0.7352534819352158,0.8073961326811029,-0.5,1.0,0.001
BIOMD0000000622,model,0.2831333748841372,0.0,0.8509119254898757,10,0,0.0,0.0,0.0,0.0,0.0,0.0678635628022488,0.6439966687080434,0.6655804950004185,0.7582462102451469,0.83237878244093,-0.2,1.0,0.001
BIOMD0000000622,model,0.3036310891834574,0.0,0.8567034917879883,10,0,0.0,0.0,0.0,0.0,0.0,0.1407229397408624,0.665673602865244,0.7479475175217454,0.8023255046548667,0.8458278943613641,-0.1,1.0,0.001
BIOMD0000000622,model,0.2660021807427369,0.0,0.8661039600006585,10,0,0.0,0.0,0.0,0.0,0.0,0.05,0.6115026632567204,0.677986202303688,0.7720450811521731,0.8472921842309614,-0.05,1.0,0.001
BIOMD0000000622,model,0.3058467746445398,0.0,0.8645777201623411,10,0,0.0,0.0,0.0,0.0,0.0,0.05,0.6824748595470181,0.7958363922929137,0.8302070562276274,0.8577035873753984,0.0,1.0,0.001
BIOMD0000000622,model,0.3262199428866525,0.0,0.8848975359043398,10,0,0.0,0.0,0.0,0.0,0.0,0.05,0.7794323315597708,0.8656755936658362,0.875286564785088,0.8829753416804895,0.05,1.0,0.001
BIOMD0000000622,model,0.3392583608536036,0.0,0.9469617648388584,10,0,0.0,0.0,0.0,0.0,0.0,0.05,0.8350177692148525,0.8711386701026016,0.90905021747073,0.9393794553652328,0.1,1.0,0.001
BIOMD0000000622,model,0.3468823547984213,0.0,0.9413698320990675,10,0,0.0,0.0,0.0,0.0,0.0,0.0499999999999999,0.8715419384051802,0.9150222504916372,0.9281960412953524,0.9387350739383246,0.2,1.0,0.001
BIOMD0000000622,model,0.3352750974294559,0.0,0.8900862224700705,10,0,0.0,0.0,0.0,0.0,0.0,0.05,0.8530650659936589,0.861927009077069,0.8760066157735698,0.8872703011307703,0.5,1.0,0.001
BIOMD0000000623,model,0.421795323724336,0.0,0.9995046893849944,25,0,0.0,0.0,0.0,0.0,0.0,0.1720042314245123,0.943001743226989,0.9724293046905996,0.9760156597614632,0.9939232395812814,-0.5,1.0,0.001
BIOMD0000000623,model,0.4745251715326531,0.0,0.999551844031092,25,0,0.0,0.0,0.0,0.0,0.0,0.3149059443174493,0.9743290306817898,0.981655445229277,0.987835793828432,0.997090945534286,-0.2,1.0,0.001
BIOMD0000000623,model,0.5220025101520323,0.0,0.9995595544101814,25,0,0.0,0.0,0.0,0.0,0.0,0.7077298190294492,0.9774519811147028,0.9868160429426884,0.991037500800236,0.9975347785986428,-0.1,1.0,0.001
BIOMD0000000623,model,0.5445316025602751,0.0,0.9995623421039116,25,0,0.0,0.0,0.0,0.0,0.0,0.8659084955239801,0.9793018145163676,0.988555779805824,0.9942661891759283,0.9984984731220926,-0.05,1.0,0.001
BIOMD0000000623,model,0.5578854657351358,0.0,0.9995662654584396,25,0,0.0,0.0,0.0,0.0,0.0,0.9104539661597576,0.9807578748481044,0.988304428328457,0.9957958396610572,0.9989549765849728,0.0,1.0,0.001
BIOMD0000000623,model,0.5417078918622835,0.0,0.9995658354996566,25,0,0.0,0.0,0.0,0.0,0.0,0.8103288651907956,0.9784842620804176,0.9868249805464172,0.9957794637464042,0.9989457085942004,0.05,1.0,0.001
BIOMD0000000623,model,0.5124304888142376,0.0,0.9995668577255268,25,0,0.0,0.0,0.0,0.0,0.0,0.6101167134065719,0.9734678939087226,0.992582641126832,0.9938284373992152,0.998201639027248,0.1,1.0,0.001
BIOMD0000000623,model,0.4601482888652219,0.0,0.9995562916480644,25,0,0.0,0.0,0.0,0.0,0.0,0.3758052754991404,0.9715595387312465,0.9828130379105612,0.9902861526871198,0.9975235305841956,0.2,1.0,0.001
BIOMD0000000623,model,0.4121110336368695,0.0,0.9994445759951648,25,0,0.0,0.0,0.0,0.0,0.0,0.3831468165314869,0.9232816328576022,0.9719321065697686,0.987583286472365,0.99745860966837,0.5,1.0,0.001
BIOMD0000000644,model,0.6960675338975095,0.1,0.9975185159545668,3,1,0.1890684085737962,0.2781368171475924,0.4562736342951848,0.545342042868981,0.6344104514427771,0.990684085737962,0.9947847438679248,0.9961516299112458,0.9968350729329064,0.9973818273502348,-0.5,0.0,0.001
BIOMD0000000644,model,0.6960675338975095,0.1,0.9975185159545668,3,1,0.1890684085737962,0.2781368171475924,0.4562736342951848,0.545342042868981,0.6344104514427771,0.990684085737962,0.9947847438679248,0.9961516299112458,0.9968350729329064,0.9973818273502348,-0.2,0.0,0.001
BIOMD0000000644,model,0.6960675338975095,0.1,0.9975185159545668,3,1,0.1890684085737962,0.2781368171475924,0.4562736342951848,0.545342042868981,0.6344104514427771,0.990684085737962,0.9947847438679248,0.9961516299112458,0.9968350729329064,0.9973818273502348,-0.1,0.0,0.001
BIOMD0000000644,model,0.6960675338975095,0.1,0.9975185159545668,3,1,0.1890684085737962,0.2781368171475924,0.4562736342951848,0.545342042868981,0.6344104514427771,0.990684085737962,0.9947847438679248,0.9961516299112458,0.9968350729329064,0.9973818273502348,-0.05,0.0,0.001
BIOMD0000000644,model,0.6960675338975095,0.1,0.9975185159545668,3,1,0.1890684085737962,0.2781368171475924,0.4562736342951848,0.545342042868981,0.6344104514427771,0.990684085737962,0.9947847438679248,0.9961516299112458,0.9968350729329064,0.9973818273502348,0.0,0.0,0.001
BIOMD0000000644,model,0.6960675338975095,0.1,0.9975185159545668,3,1,0.1890684085737962,0.2781368171475924,0.4562736342951848,0.545342042868981,0.6344104514427771,0.990684085737962,0.9947847438679248,0.9961516299112458,0.9968350729329064,0.9973818273502348,0.05,0.0,0.001
BIOMD0000000644,model,0.6960675338975095,0.1,0.9975185159545668,3,1,0.1890684085737962,0.2781368171475924,0.4562736342951848,0.545342042868981,0.6344104514427771,0.990684085737962,0.9947847438679248,0.9961516299112458,0.9968350729329064,0.9973818273502348,0.1,0.0,0.001
BIOMD0000000644,model,0.6960675338975095,0.1,0.9975185159545668,3,1,0.1890684085737962,0.2781368171475924,0.4562736342951848,0.545342042868981,0.6344104514427771,0.990684085737962,0.9947847438679248,0.9961516299112458,0.9968350729329064,0.9973818273502348,0.2,0.0,0.001
BIOMD0000000644,model,0.6960675338975095,0.1,0.9975185159545668,3,1,0.1890684085737962,0.2781368171475924,0.4562736342951848,0.545342042868981,0.6344104514427771,0.990684085737962,0.9947847438679248,0.9961516299112458,0.9968350729329064,0.9973818273502348,0.5,0.0,0.001
BIOMD0000000646,model,0.0,0.0,0.0,11,0,0.0,0.0,0.0,0.0,0.0,0.0,0.0,0.0,0.0,0.0,-0.5,1.0,0.001
BIOMD0000000646,model,0.0,0.0,0.0,11,0,0.0,0.0,0.0,0.0,0.0,0.0,0.0,0.0,0.0,0.0,-0.2,1.0,0.001
BIOMD0000000646,model,0.0,0.0,0.0,11,0,0.0,0.0,0.0,0.0,0.0,0.0,0.0,0.0,0.0,0.0,-0.1,1.0,0.001
BIOMD0000000646,model,0.0,0.0,0.0,11,0,0.0,0.0,0.0,0.0,0.0,0.0,0.0,0.0,0.0,0.0,-0.05,1.0,0.001
BIOMD0000000646,model,0.0,0.0,0.0,11,0,0.0,0.0,0.0,0.0,0.0,0.0,0.0,0.0,0.0,0.0,0.0,1.0,0.001
BIOMD0000000646,model,0.0,0.0,0.0,11,0,0.0,0.0,0.0,0.0,0.0,0.0,0.0,0.0,0.0,0.0,0.05,1.0,0.001
BIOMD0000000646,model,0.0,0.0,0.0,11,0,0.0,0.0,0.0,0.0,0.0,0.0,0.0,0.0,0.0,0.0,0.1,1.0,0.001
BIOMD0000000646,model,0.0,0.0,0.0,10,1,0.0,0.0,0.0,0.0,0.0,0.0,0.0,0.0,0.0,0.0,0.2,1.0,0.001
BIOMD0000000646,model,0.0,0.0,0.0,10,1,0.0,0.0,0.0,0.0,0.0,0.0,0.0,0.0,0.0,0.0,0.5,1.0,0.001
BIOMD0000000647,model,0.5657196682782755,0.0,0.9928798340312432,11,0,0.1015348558642634,0.2030697117285268,0.3123864040129083,0.4305782803076106,0.5487701566023129,0.5869968687813523,0.8234011396083887,0.9406879752625568,0.9667839046469,0.9876606481543746,-0.5,1.0,0.001
BIOMD0000000647,model,0.7457238417929722,0.0,0.9959900071908088,11,0,0.1403849637454213,0.2807699274908427,0.7573690406154195,0.7588410925136801,0.7603131444119409,0.8566175620905373,0.9686777766336582,0.9738936791525682,0.9849418431716884,0.9937803743869849,-0.2,1.0,0.001
BIOMD0000000647,model,0.7705358278332671,0.0,0.996607905569111,11,0,0.153049252840814,0.3060985056816281,0.8080007105424551,0.8243567058993482,0.8407127012562411,0.875765592663186,0.9529894715683438,0.9748043627797758,0.9857061341744434,0.9944275512901776,-0.1,1.0,0.001
BIOMD0000000647,model,0.7716430097409798,0.0,0.9968444526719668,11,0,0.1593501245036096,0.3187002490072192,0.8240167800021169,0.8263538966739995,0.8286910133458821,0.8756509364004322,0.975434722650218,0.9774957265475716,0.9871700896097692,0.9949095800595272,-0.05,1.0,0.001
BIOMD0000000647,model,0.7654927879944421,0.0,0.9970441510511684,11,0,0.1656326582287674,0.3312653164575348,0.7715743120341813,0.8096438865005162,0.8477134609668511,0.8747557222800834,0.9340316780300943,0.9799868033191372,0.9885154771851528,0.9953384162779652,0.0,1.0,0.001
BIOMD0000000647,model,0.7564847088844151,0.0,0.9972132815446,11,0,0.1719006517609529,0.3438013035219059,0.7188817209720101,0.7608098195073767,0.8027379180427434,0.8844978397503376,0.9216483151023204,0.9822899057861724,0.9897515936653862,0.9957209439687572,0.05,1.0,0.001
BIOMD0000000647,model,0.7462364203892601,0.0,0.9973633156427688,11,0,0.1781555812845638,0.3563111625691276,0.6656647290381007,0.7107155700611291,0.7557664110841574,0.8695946682575465,0.9345078181700144,0.9844324436377504,0.9908978796402595,0.9960702284422672,0.1,1.0,0.001
BIOMD0000000647,model,0.7239270879027525,0.0,0.9976131541637864,11,0,0.1906331103510391,0.3812662207020783,0.5581853904583518,0.609043277060981,0.6599011636636104,0.8753406686960701,0.9531231197675448,0.9883017214706492,0.9929574378172178,0.9966820108944728,0.2,1.0,0.001
BIOMD0000000647,model,0.6447810705981739,0.0,0.9980689298667084,11,0,0.1192889775073656,0.2385779550147313,0.3675409411297803,0.4116611717392587,0.4557814023487371,0.803189995915836,0.9277969163364512,0.9929138151877678,0.995491372527238,0.9975534183988142,0.5,1.0,0.001
BIOMD0000000648,model,0.1052566379441871,0.0,0.9999999968438844,42,11,0.0,0.0,0.0,0.0,0.0,0.0,0.0,0.3787170648678571,0.9999930276554052,0.9999999965865808,-0.5,1.0,0.001
BIOMD0000000648,model,0.2259616684056086,0.0,0.9999999969116848,43,10,0.0,0.0,0.0,0.0,0.0,0.0,0.75,0.7864627890212161,0.999995475786366,0.999999996294762,-0.2,1.0,0.001
BIOMD0000000648,model,0.2441574702859174,0.0,0.9999999969355516,43,10,0.0,0.0,0.0,0.0,0.0,0.0,0.8888888888888888,0.888888888888889,0.9999952612824824,0.9999999962385964,-0.1,1.0,0.001
BIOMD0000000648,model,0.2528614727256599,0.0,0.9999999969475312,43,10,0.0,0.0,0.0,0.0,0.0,0.0,0.9473684210526316,0.9473684210526316,0.999994999158186,0.9999999962154332,-0.05,1.0,0.001
BIOMD0000000648,model,0.2605951582730408,0.0,1.0,43,10,0.0,0.0,0.0,0.0,0.0,0.0,0.999981642902377,1.0,1.0,1.0,0.0,1.0,0.001
BIOMD0000000648,model,0.2542197285734935,0.0,0.9999999969715468,43,10,0.0,0.0,0.0,0.0,0.0,0.0,0.9523809523809524,0.9523809523809524,0.9999942184151602,0.999999996177346,0.05,1.0,0.001
BIOMD0000000648,model,0.2483548788417068,0.0,0.9999999969835393,43,10,0.0,0.0,0.0,0.0,0.0,0.0,0.9090909090909092,0.9090909090909092,0.9999937190854368,0.9999999961618568,0.1,1.0,0.001
BIOMD0000000648,model,0.2379442324175503,0.0,0.999999997007472,43,10,0.0,0.0,0.0,0.0,0.0,0.0,0.8333333333333334,0.8333333333333334,0.9999926008290604,0.9999999961369018,0.2,1.0,0.001
BIOMD0000000648,model,0.2244821540226908,0.0,0.9999999970784396,45,8,0.0,0.0,0.0,0.0,0.0,0.0,0.6666666666666667,0.8481050805835473,0.9999772453632124,0.9999999960520366,0.5,1.0,0.001
BIOMD0000000650,model,0.0,0.0,0.0,3,0,0.0,0.0,0.0,0.0,0.0,0.0,0.0,0.0,0.0,0.0,-0.5,0.0,0.001
BIOMD0000000650,model,0.0,0.0,0.0,3,0,0.0,0.0,0.0,0.0,0.0,0.0,0.0,0.0,0.0,0.0,-0.2,0.0,0.001
BIOMD0000000650,model,0.0,0.0,0.0,3,0,0.0,0.0,0.0,0.0,0.0,0.0,0.0,0.0,0.0,0.0,-0.1,0.0,0.001
BIOMD0000000650,model,0.0,0.0,0.0,3,0,0.0,0.0,0.0,0.0,0.0,0.0,0.0,0.0,0.0,0.0,-0.05,0.0,0.001
BIOMD0000000650,model,0.0,0.0,0.0,3,0,0.0,0.0,0.0,0.0,0.0,0.0,0.0,0.0,0.0,0.0,0.0,0.0,0.001
BIOMD0000000650,model,0.0,0.0,0.0,3,0,0.0,0.0,0.0,0.0,0.0,0.0,0.0,0.0,0.0,0.0,0.05,0.0,0.001
BIOMD0000000650,model,0.0,0.0,0.0,3,0,0.0,0.0,0.0,0.0,0.0,0.0,0.0,0.0,0.0,0.0,0.1,0.0,0.001
BIOMD0000000650,model,0.0,0.0,0.0,3,0,0.0,0.0,0.0,0.0,0.0,0.0,0.0,0.0,0.0,0.0,0.2,0.0,0.001
BIOMD0000000650,model,0.0,0.0,0.0,3,0,0.0,0.0,0.0,0.0,0.0,0.0,0.0,0.0,0.0,0.0,0.5,0.0,0.001
BIOMD0000000651,model,0.0,0.0,0.0,25,4,0.0,0.0,0.0,0.0,0.0,0.0,0.0,0.0,0.0,0.0,-0.5,1.0,0.001
BIOMD0000000651,model,0.0,0.0,0.0,25,4,0.0,0.0,0.0,0.0,0.0,0.0,0.0,0.0,0.0,0.0,-0.2,1.0,0.001
BIOMD0000000651,model,0.0,0.0,0.0,25,4,0.0,0.0,0.0,0.0,0.0,0.0,0.0,0.0,0.0,0.0,-0.1,1.0,0.001
BIOMD0000000651,model,0.0,0.0,0.0,25,4,0.0,0.0,0.0,0.0,0.0,0.0,0.0,0.0,0.0,0.0,-0.05,1.0,0.001
BIOMD0000000651,model,0.0,0.0,0.0,25,4,0.0,0.0,0.0,0.0,0.0,0.0,0.0,0.0,0.0,0.0,0.0,1.0,0.001
BIOMD0000000651,model,0.0,0.0,0.0,25,4,0.0,0.0,0.0,0.0,0.0,0.0,0.0,0.0,0.0,0.0,0.05,1.0,0.001
BIOMD0000000651,model,0.0,0.0,0.0,25,4,0.0,0.0,0.0,0.0,0.0,0.0,0.0,0.0,0.0,0.0,0.1,1.0,0.001
BIOMD0000000651,model,0.0,0.0,0.0,25,4,0.0,0.0,0.0,0.0,0.0,0.0,0.0,0.0,0.0,0.0,0.2,1.0,0.001
BIOMD0000000651,model,0.0,0.0,0.0,25,4,0.0,0.0,0.0,0.0,0.0,0.0,0.0,0.0,0.0,0.0,0.5,1.0,0.001
BIOMD0000000657,model,0.0,0.0,0.0,3,0,0.0,0.0,0.0,0.0,0.0,0.0,0.0,0.0,0.0,0.0,-0.5,1.0,0.001
BIOMD0000000657,model,0.0,0.0,0.0,3,0,0.0,0.0,0.0,0.0,0.0,0.0,0.0,0.0,0.0,0.0,-0.2,1.0,0.001
BIOMD0000000657,model,0.0,0.0,0.0,3,0,0.0,0.0,0.0,0.0,0.0,0.0,0.0,0.0,0.0,0.0,-0.1,1.0,0.001
BIOMD0000000657,model,0.0,0.0,0.0,3,0,0.0,0.0,0.0,0.0,0.0,0.0,0.0,0.0,0.0,0.0,-0.05,1.0,0.001
BIOMD0000000657,model,0.0,0.0,0.0,3,0,0.0,0.0,0.0,0.0,0.0,0.0,0.0,0.0,0.0,0.0,0.0,1.0,0.001
BIOMD0000000657,model,0.0,0.0,0.0,3,0,0.0,0.0,0.0,0.0,0.0,0.0,0.0,0.0,0.0,0.0,0.05,1.0,0.001
BIOMD0000000657,model,0.0,0.0,0.0,3,0,0.0,0.0,0.0,0.0,0.0,0.0,0.0,0.0,0.0,0.0,0.1,1.0,0.001
BIOMD0000000657,model,0.0,0.0,0.0,3,0,0.0,0.0,0.0,0.0,0.0,0.0,0.0,0.0,0.0,0.0,0.2,1.0,0.001
BIOMD0000000657,model,0.0,0.0,0.0,3,0,0.0,0.0,0.0,0.0,0.0,0.0,0.0,0.0,0.0,0.0,0.5,1.0,0.001
BIOMD0000000658,model,0.0,0.0,0.0,9,6,0.0,0.0,0.0,0.0,0.0,0.0,0.0,0.0,0.0,0.0,-0.5,0.9333333333333332,0.001
BIOMD0000000658,model,0.0,0.0,0.0,9,6,0.0,0.0,0.0,0.0,0.0,0.0,0.0,0.0,0.0,0.0,-0.2,0.9333333333333332,0.001
BIOMD0000000658,model,0.0,0.0,0.0,9,6,0.0,0.0,0.0,0.0,0.0,0.0,0.0,0.0,0.0,0.0,-0.1,0.9333333333333332,0.001
BIOMD0000000658,model,0.0,0.0,0.0,9,6,0.0,0.0,0.0,0.0,0.0,0.0,0.0,0.0,0.0,0.0,-0.05,0.9333333333333332,0.001
BIOMD0000000658,model,0.0,0.0,0.0,9,6,0.0,0.0,0.0,0.0,0.0,0.0,0.0,0.0,0.0,0.0,0.0,0.9333333333333332,0.001
BIOMD0000000658,model,0.0,0.0,0.0,10,5,0.0,0.0,0.0,0.0,0.0,0.0,0.0,0.0,0.0,0.0,0.05,0.9333333333333332,0.001
BIOMD0000000658,model,0.0,0.0,0.0,10,5,0.0,0.0,0.0,0.0,0.0,0.0,0.0,0.0,0.0,0.0,0.1,0.9333333333333332,0.001
BIOMD0000000658,model,0.0,0.0,0.0,10,5,0.0,0.0,0.0,0.0,0.0,0.0,0.0,0.0,0.0,0.0,0.2,0.9333333333333332,0.001
BIOMD0000000658,model,0.0,0.0,0.0,10,5,0.0,0.0,0.0,0.0,0.0,0.0,0.0,0.0,0.0,0.0,0.5,0.9333333333333332,0.001
BIOMD0000000660,model,0.1269979205262674,0.0,0.952484403947006,15,0,0.0,0.0,0.0,0.0,0.0,0.0,0.0,0.5714906423682032,0.952484403947006,0.952484403947006,-0.5,1.0,0.001
BIOMD0000000660,model,0.1308694170370762,0.0,0.9815206277780716,15,0,0.0,0.0,0.0,0.0,0.0,0.0,0.0,0.5889123766668425,0.9815206277780716,0.9815206277780716,-0.2,1.0,0.001
BIOMD0000000660,model,0.1321126546184496,0.0,0.9908449096383724,15,0,0.0,0.0,0.0,0.0,0.0,0.0,0.0,0.5945069457830231,0.9908449096383724,0.9908449096383724,-0.1,1.0,0.001
BIOMD0000000660,model,0.1327257751902726,0.0,0.9954433139270444,15,0,0.0,0.0,0.0,0.0,0.0,0.0,0.0,0.5972659883562264,0.9954433139270444,0.9954433139270444,-0.05,1.0,0.001
BIOMD0000000660,model,0.1333333333333333,0.0,1.0,15,0,0.0,0.0,0.0,0.0,0.0,0.0,0.0,0.5999999999999996,1.0,1.0,0.0,1.0,0.001
BIOMD0000000660,model,0.1327312623270758,0.0,0.995484467453069,15,0,0.0,0.0,0.0,0.0,0.0,0.0,0.0,0.597290680471841,0.995484467453069,0.995484467453069,0.05,1.0,0.001
BIOMD0000000660,model,0.1321346045933239,0.0,0.9910095344499292,15,0,0.0,0.0,0.0,0.0,0.0,0.0,0.0,0.5946057206699572,0.9910095344499292,0.9910095344499292,0.1,1.0,0.001
BIOMD0000000660,model,0.1309572390204567,0.0,0.9821792926534256,15,0,0.0,0.0,0.0,0.0,0.0,0.0,0.0,0.5893075755920549,0.9821792926534256,0.9821792926534256,0.2,1.0,0.001
BIOMD0000000660,model,0.1275477599131363,0.0,0.9566081993485224,15,0,0.0,0.0,0.0,0.0,0.0,0.0,0.0,0.5739649196091132,0.9566081993485224,0.9566081993485224,0.5,1.0,0.001
BIOMD0000000661,model,0.6386803159005535,0.3784364939405957,0.9225072197199358,7,0,0.4113809536847896,0.4443254134289834,0.4919169444883967,0.4974153215891288,0.502913698689861,0.6863397414239512,0.7524259899589137,0.8236992552386614,0.8731032374792984,0.9126264232718082,-0.5,1.0,0.001
BIOMD0000000661,model,0.7961653197619277,0.6027526329202821,0.9211557321174828,7,0,0.6427415878616616,0.682730542803041,0.7423291663451042,0.75174919177544,0.7611692172057758,0.8090720925049011,0.8920018393991768,0.91312845279818,0.9171420924578316,0.9203530041855524,-0.2,1.0,0.001
BIOMD0000000661,model,0.8517399466871973,0.7286421210310301,0.9578610274957012,7,0,0.7412729398375618,0.7539037586440936,0.782269172850372,0.7995556565467261,0.8168421402430802,0.8634000247174151,0.9087535663996468,0.9292649493033708,0.943562988399536,0.9550014196764682,-0.1,1.0,0.001
BIOMD0000000661,model,0.8763395791706371,0.7841774165603704,0.9605300002482998,7,0,0.7903471597318399,0.7965169029033093,0.8175026309351354,0.8366417366399356,0.8557808423447357,0.8835321879562785,0.9258523222618802,0.9434935271312724,0.952011763689786,0.958826352936597,-0.05,1.0,0.001
BIOMD0000000661,model,0.8905962400579749,0.7954980842453148,0.9498141909084886,7,0,0.8204377871942091,0.8453774901431034,0.8811100076015871,0.884829377891524,0.888548748181461,0.8985855757324264,0.9133558122392031,0.9291580738552894,0.9394861323818888,0.9477485792031688,0.0,1.0,0.001
BIOMD0000000661,model,0.8940345025087922,0.8050778559407054,0.9462421758505776,7,0,0.8103227983592763,0.8155677407778474,0.8373610449727521,0.8595611164279671,0.8817611878831821,0.9225752802403326,0.937881695207664,0.943333771013096,0.9447879734318368,0.9459513353668294,0.05,1.0,0.001
BIOMD0000000661,model,0.8609532024321125,0.766491554528699,0.9353113885752724,7,0,0.7776463313578245,0.7888011081869498,0.805644286383655,0.8085995000204619,0.8115547136572687,0.8809176509383037,0.9246204897197275,0.9333944805615184,0.9343529345683954,0.9351196977738968,0.1,1.0,0.001
BIOMD0000000661,model,0.7748622499624743,0.5151775199871791,0.9159744520874415,7,0,0.5562292555828662,0.5972809911785533,0.6662157034322541,0.687514300621431,0.7088128978106081,0.8269578211157633,0.8981012271354226,0.9063115369095844,0.9111429944985132,0.915008160569656,0.2,1.0,0.001
BIOMD0000000661,model,0.5275691101143758,0.0,0.8809433706556971,7,0,0.0,0.0,0.0624252116506554,0.1560630291266384,0.2497008466026213,0.8085557166622963,0.8497237874949811,0.8638294107113877,0.8723863906835424,0.8792319746612661,0.5,1.0,0.001
BIOMD0000000662,model,0.3268639300108786,0.0,0.980591790032636,3,0,0.0,0.0,0.0,0.0,0.0,0.0,0.5883550740195815,0.7844734320261088,0.8825326110293722,0.9609799542319832,-0.5,1.0,0.001
BIOMD0000000662,model,0.3324545205696556,0.0,0.9973635617089668,3,0,0.0,0.0,0.0,0.0,0.0,0.0,0.5984181370253802,0.7978908493671735,0.8976272055380701,0.9774162904747874,-0.2,1.0,0.001
BIOMD0000000662,model,0.3331435383191761,0.0,0.9994306149575284,3,0,0.0,0.0,0.0,0.0,0.0,0.0,0.5996583689745172,0.7995444919660228,0.8994875534617756,0.979442002658378,-0.1,1.0,0.001
BIOMD0000000662,model,0.3331394728503412,0.0,0.9994184185510238,3,0,0.0,0.0,0.0,0.0,0.0,0.0,0.5996510511306143,0.799534734840819,0.8994765766959213,0.9794300501800032,-0.05,1.0,0.001
BIOMD0000000662,model,0.3331017690958555,0.0,0.9993053072875666,3,0,0.0,0.0,0.0,0.0,0.0,0.0,0.5995831843725401,0.7994442458300534,0.8993747765588098,0.9793192011418153,0.0,1.0,0.001
BIOMD0000000662,model,0.3377187132522635,0.0,0.9992501353046712,3,0,0.0013906004452119,0.0027812008904239,0.0055624017808478,0.0069530022260597,0.0083436026712717,0.0139060044521195,0.6051124829636505,0.8021813091341609,0.9007157222194159,0.97954325268762,0.05,1.0,0.001
BIOMD0000000662,model,0.3418587619393971,0.0,0.9992343355507624,3,0,0.0026341950267428,0.0052683900534857,0.0105367801069715,0.0131709751337144,0.0158051701604573,0.0263419502674288,0.6100773814374291,0.8046558584940957,0.901945097022429,0.9797764878450956,0.1,1.0,0.001
BIOMD0000000662,model,0.3330943037406819,0.0,0.9992829112220456,3,0,0.0,0.0,0.0,0.0,0.0,0.0,0.5995697467332275,0.7994263289776365,0.8993546200998409,0.9792972529976046,0.2,1.0,0.001
BIOMD0000000662,model,0.3319002146362992,0.0,0.9957006439088976,3,0,0.0,0.0,0.0,0.0,0.0,0.0,0.5974203863453387,0.7965605151271182,0.8961305795180078,0.9757866310307196,0.5,1.0,0.001
BIOMD0000000663,model,0.0,0.0,0.0,3,0,0.0,0.0,0.0,0.0,0.0,0.0,0.0,0.0,0.0,0.0,-0.5,1.0,0.001
BIOMD0000000663,model,0.0,0.0,0.0,3,0,0.0,0.0,0.0,0.0,0.0,0.0,0.0,0.0,0.0,0.0,-0.2,1.0,0.001
BIOMD0000000663,model,0.0,0.0,0.0,3,0,0.0,0.0,0.0,0.0,0.0,0.0,0.0,0.0,0.0,0.0,-0.1,1.0,0.001
BIOMD0000000663,model,0.0,0.0,0.0,3,0,0.0,0.0,0.0,0.0,0.0,0.0,0.0,0.0,0.0,0.0,-0.05,1.0,0.001
BIOMD0000000663,model,0.0,0.0,0.0,3,0,0.0,0.0,0.0,0.0,0.0,0.0,0.0,0.0,0.0,0.0,0.0,1.0,0.001
BIOMD0000000663,model,0.0,0.0,0.0,3,0,0.0,0.0,0.0,0.0,0.0,0.0,0.0,0.0,0.0,0.0,0.05,1.0,0.001
BIOMD0000000663,model,0.0,0.0,0.0,3,0,0.0,0.0,0.0,0.0,0.0,0.0,0.0,0.0,0.0,0.0,0.1,1.0,0.001
BIOMD0000000663,model,0.0,0.0,0.0,3,0,0.0,0.0,0.0,0.0,0.0,0.0,0.0,0.0,0.0,0.0,0.2,1.0,0.001
BIOMD0000000663,model,0.0175895677662704,0.0,0.0527687032988112,3,0,0.0,0.0,0.0,0.0,0.0,0.0,0.0316612219792867,0.042214962639049,0.0474918329689301,0.051713329232835,0.5,1.0,0.001
BIOMD0000000664,model,0.1578669359535104,0.0,0.9472016157210628,6,0,0.0,0.0,0.0,0.0,0.0,0.0,0.0,0.4736008078605314,0.7104012117907971,0.8998415349350097,-0.5,1.0,0.001
BIOMD0000000664,model,0.1578669359535104,0.0,0.9472016157210628,6,0,0.0,0.0,0.0,0.0,0.0,0.0,0.0,0.4736008078605314,0.7104012117907971,0.8998415349350097,-0.2,1.0,0.001
BIOMD0000000664,model,0.1578669359535104,0.0,0.9472016157210628,6,0,0.0,0.0,0.0,0.0,0.0,0.0,0.0,0.4736008078605314,0.7104012117907971,0.8998415349350097,-0.1,1.0,0.001
BIOMD0000000664,model,0.1578669359535104,0.0,0.9472016157210628,6,0,0.0,0.0,0.0,0.0,0.0,0.0,0.0,0.4736008078605314,0.7104012117907971,0.8998415349350097,-0.05,1.0,0.001
BIOMD0000000664,model,0.1578669359535104,0.0,0.9472016157210628,6,0,0.0,0.0,0.0,0.0,0.0,0.0,0.0,0.4736008078605314,0.7104012117907971,0.8998415349350097,0.0,1.0,0.001
BIOMD0000000664,model,0.1578669359535104,0.0,0.9472016157210628,6,0,0.0,0.0,0.0,0.0,0.0,0.0,0.0,0.4736008078605314,0.7104012117907971,0.8998415349350097,0.05,1.0,0.001
BIOMD0000000664,model,0.1578669359535104,0.0,0.9472016157210628,6,0,0.0,0.0,0.0,0.0,0.0,0.0,0.0,0.4736008078605314,0.7104012117907971,0.8998415349350097,0.1,1.0,0.001
BIOMD0000000664,model,0.1578669359535104,0.0,0.9472016157210628,6,0,0.0,0.0,0.0,0.0,0.0,0.0,0.0,0.4736008078605314,0.7104012117907971,0.8998415349350097,0.2,1.0,0.001
BIOMD0000000664,model,0.1578669359535104,0.0,0.9472016157210628,6,0,0.0,0.0,0.0,0.0,0.0,0.0,0.0,0.4736008078605314,0.7104012117907971,0.8998415349350097,0.5,1.0,0.001
BIOMD0000000665,model,0.0,0.0,0.0,8,0,0.0,0.0,0.0,0.0,0.0,0.0,0.0,0.0,0.0,0.0,-0.5,1.0,0.001
BIOMD0000000665,model,0.0,0.0,0.0,8,0,0.0,0.0,0.0,0.0,0.0,0.0,0.0,0.0,0.0,0.0,-0.2,1.0,0.001
BIOMD0000000665,model,0.0,0.0,0.0,8,0,0.0,0.0,0.0,0.0,0.0,0.0,0.0,0.0,0.0,0.0,-0.1,1.0,0.001
BIOMD0000000665,model,0.0,0.0,0.0,8,0,0.0,0.0,0.0,0.0,0.0,0.0,0.0,0.0,0.0,0.0,-0.05,1.0,0.001
BIOMD0000000665,model,0.0,0.0,0.0,8,0,0.0,0.0,0.0,0.0,0.0,0.0,0.0,0.0,0.0,0.0,0.0,1.0,0.001
BIOMD0000000665,model,0.0,0.0,0.0,8,0,0.0,0.0,0.0,0.0,0.0,0.0,0.0,0.0,0.0,0.0,0.05,1.0,0.001
BIOMD0000000665,model,0.0,0.0,0.0,8,0,0.0,0.0,0.0,0.0,0.0,0.0,0.0,0.0,0.0,0.0,0.1,1.0,0.001
BIOMD0000000665,model,0.0,0.0,0.0,8,0,0.0,0.0,0.0,0.0,0.0,0.0,0.0,0.0,0.0,0.0,0.2,1.0,0.001
BIOMD0000000665,model,0.0,0.0,0.0,8,0,0.0,0.0,0.0,0.0,0.0,0.0,0.0,0.0,0.0,0.0,0.5,1.0,0.001
BIOMD0000000667,model,0.0,0.0,0.0,101,2,0.0,0.0,0.0,0.0,0.0,0.0,0.0,0.0,0.0,0.0,-0.5,1.0,0.001
BIOMD0000000667,model,0.0,0.0,0.0,101,2,0.0,0.0,0.0,0.0,0.0,0.0,0.0,0.0,0.0,0.0,-0.2,1.0,0.001
BIOMD0000000667,model,0.0,0.0,0.0,101,2,0.0,0.0,0.0,0.0,0.0,0.0,0.0,0.0,0.0,0.0,-0.1,1.0,0.001
BIOMD0000000667,model,0.0,0.0,0.0,101,2,0.0,0.0,0.0,0.0,0.0,0.0,0.0,0.0,0.0,0.0,-0.05,1.0,0.001
BIOMD0000000667,model,0.0,0.0,0.0,101,2,0.0,0.0,0.0,0.0,0.0,0.0,0.0,0.0,0.0,0.0,0.0,1.0,0.001
BIOMD0000000667,model,0.0,0.0,0.0,101,2,0.0,0.0,0.0,0.0,0.0,0.0,0.0,0.0,0.0,0.0,0.05,1.0,0.001
BIOMD0000000667,model,0.0,0.0,0.0,101,2,0.0,0.0,0.0,0.0,0.0,0.0,0.0,0.0,0.0,0.0,0.1,1.0,0.001
BIOMD0000000667,model,0.0,0.0,0.0,101,2,0.0,0.0,0.0,0.0,0.0,0.0,0.0,0.0,0.0,0.0,0.2,1.0,0.001
BIOMD0000000667,model,0.0,0.0,0.0,101,2,0.0,0.0,0.0,0.0,0.0,0.0,0.0,0.0,0.0,0.0,0.5,1.0,0.001
BIOMD0000000668,model,0.0341851009864599,0.0,0.0683702019729198,2,8,0.0034185100986459,0.0068370201972919,0.0136740403945839,0.0170925504932299,0.0205110605918759,0.0341851009864599,0.0546961615783358,0.0615331817756278,0.0649516918742738,0.0676864999531906,-0.5,1.0,0.001
BIOMD0000000668,model,0.0341851009864599,0.0,0.0683702019729198,2,8,0.0034185100986459,0.0068370201972919,0.0136740403945839,0.0170925504932299,0.0205110605918759,0.0341851009864599,0.0546961615783358,0.0615331817756278,0.0649516918742738,0.0676864999531906,-0.2,1.0,0.001
BIOMD0000000668,model,0.0341851009864599,0.0,0.0683702019729198,2,8,0.0034185100986459,0.0068370201972919,0.0136740403945839,0.0170925504932299,0.0205110605918759,0.0341851009864599,0.0546961615783358,0.0615331817756278,0.0649516918742738,0.0676864999531906,-0.1,1.0,0.001
BIOMD0000000668,model,0.0341851009864599,0.0,0.0683702019729198,2,8,0.0034185100986459,0.0068370201972919,0.0136740403945839,0.0170925504932299,0.0205110605918759,0.0341851009864599,0.0546961615783358,0.0615331817756278,0.0649516918742738,0.0676864999531906,-0.05,1.0,0.001
BIOMD0000000668,model,0.0341851009864599,0.0,0.0683702019729198,2,8,0.0034185100986459,0.0068370201972919,0.0136740403945839,0.0170925504932299,0.0205110605918759,0.0341851009864599,0.0546961615783358,0.0615331817756278,0.0649516918742738,0.0676864999531906,0.0,1.0,0.001
BIOMD0000000668,model,0.0341851009864599,0.0,0.0683702019729198,2,8,0.0034185100986459,0.0068370201972919,0.0136740403945839,0.0170925504932299,0.0205110605918759,0.0341851009864599,0.0546961615783358,0.0615331817756278,0.0649516918742738,0.0676864999531906,0.05,1.0,0.001
BIOMD0000000668,model,0.0341851009864599,0.0,0.0683702019729198,2,8,0.0034185100986459,0.0068370201972919,0.0136740403945839,0.0170925504932299,0.0205110605918759,0.0341851009864599,0.0546961615783358,0.0615331817756278,0.0649516918742738,0.0676864999531906,0.1,1.0,0.001
BIOMD0000000668,model,0.0341851009864599,0.0,0.0683702019729198,2,8,0.0034185100986459,0.0068370201972919,0.0136740403945839,0.0170925504932299,0.0205110605918759,0.0341851009864599,0.0546961615783358,0.0615331817756278,0.0649516918742738,0.0676864999531906,0.2,1.0,0.001
BIOMD0000000668,model,0.0341851009864599,0.0,0.0683702019729198,2,8,0.0034185100986459,0.0068370201972919,0.0136740403945839,0.0170925504932299,0.0205110605918759,0.0341851009864599,0.0546961615783358,0.0615331817756278,0.0649516918742738,0.0676864999531906,0.5,1.0,0.001
BIOMD0000000669,model,0.3035503189870535,0.0,0.7601735712903278,5,0,0.0,0.0,0.0,0.0,0.0,0.0,0.7580971331740175,0.7591353522321727,0.7596544617612503,0.7600697493845123,-0.5,0.0,0.001
BIOMD0000000669,model,0.3035503189870535,0.0,0.7601735712903278,5,0,0.0,0.0,0.0,0.0,0.0,0.0,0.7580971331740175,0.7591353522321727,0.7596544617612503,0.7600697493845123,-0.2,0.0,0.001
BIOMD0000000669,model,0.3035503189870535,0.0,0.7601735712903278,5,0,0.0,0.0,0.0,0.0,0.0,0.0,0.7580971331740175,0.7591353522321727,0.7596544617612503,0.7600697493845123,-0.1,0.0,0.001
BIOMD0000000669,model,0.3035503189870535,0.0,0.7601735712903278,5,0,0.0,0.0,0.0,0.0,0.0,0.0,0.7580971331740175,0.7591353522321727,0.7596544617612503,0.7600697493845123,-0.05,0.0,0.001
BIOMD0000000669,model,0.3035503189870535,0.0,0.7601735712903278,5,0,0.0,0.0,0.0,0.0,0.0,0.0,0.7580971331740175,0.7591353522321727,0.7596544617612503,0.7600697493845123,0.0,0.0,0.001
BIOMD0000000669,model,0.3035503189870535,0.0,0.7601735712903278,5,0,0.0,0.0,0.0,0.0,0.0,0.0,0.7580971331740175,0.7591353522321727,0.7596544617612503,0.7600697493845123,0.05,0.0,0.001
BIOMD0000000669,model,0.3035503189870535,0.0,0.7601735712903278,5,0,0.0,0.0,0.0,0.0,0.0,0.0,0.7580971331740175,0.7591353522321727,0.7596544617612503,0.7600697493845123,0.1,0.0,0.001
BIOMD0000000669,model,0.3035503189870535,0.0,0.7601735712903278,5,0,0.0,0.0,0.0,0.0,0.0,0.0,0.7580971331740175,0.7591353522321727,0.7596544617612503,0.7600697493845123,0.2,0.0,0.001
BIOMD0000000669,model,0.3035503189870535,0.0,0.7601735712903278,5,0,0.0,0.0,0.0,0.0,0.0,0.0,0.7580971331740175,0.7591353522321727,0.7596544617612503,0.7600697493845123,0.5,0.0,0.001
BIOMD0000000670,model,0.9431194385842164,0.9209328334634572,0.978559644375712,3,0,0.9218261339084596,0.9227194343534618,0.9245060352434662,0.9253993356884684,0.9262926361334708,0.9298658379134797,0.959082121790819,0.9688208830832656,0.9736902637294887,0.9775857682464674,-0.5,0.0,0.001
BIOMD0000000670,model,0.9431194385842164,0.9209328334634572,0.978559644375712,3,0,0.9218261339084596,0.9227194343534618,0.9245060352434662,0.9253993356884684,0.9262926361334708,0.9298658379134797,0.959082121790819,0.9688208830832656,0.9736902637294887,0.9775857682464674,-0.2,0.0,0.001
BIOMD0000000670,model,0.9431194385842164,0.9209328334634572,0.978559644375712,3,0,0.9218261339084596,0.9227194343534618,0.9245060352434662,0.9253993356884684,0.9262926361334708,0.9298658379134797,0.959082121790819,0.9688208830832656,0.9736902637294887,0.9775857682464674,-0.1,0.0,0.001
BIOMD0000000670,model,0.9431194385842164,0.9209328334634572,0.978559644375712,3,0,0.9218261339084596,0.9227194343534618,0.9245060352434662,0.9253993356884684,0.9262926361334708,0.9298658379134797,0.959082121790819,0.9688208830832656,0.9736902637294887,0.9775857682464674,-0.05,0.0,0.001
BIOMD0000000670,model,0.9431194385842164,0.9209328334634572,0.978559644375712,3,0,0.9218261339084596,0.9227194343534618,0.9245060352434662,0.9253993356884684,0.9262926361334708,0.9298658379134797,0.959082121790819,0.9688208830832656,0.9736902637294887,0.9775857682464674,0.0,0.0,0.001
BIOMD0000000670,model,0.9431194385842164,0.9209328334634572,0.978559644375712,3,0,0.9218261339084596,0.9227194343534618,0.9245060352434662,0.9253993356884684,0.9262926361334708,0.9298658379134797,0.959082121790819,0.9688208830832656,0.9736902637294887,0.9775857682464674,0.05,0.0,0.001
BIOMD0000000670,model,0.9431194385842164,0.9209328334634572,0.978559644375712,3,0,0.9218261339084596,0.9227194343534618,0.9245060352434662,0.9253993356884684,0.9262926361334708,0.9298658379134797,0.959082121790819,0.9688208830832656,0.9736902637294887,0.9775857682464674,0.1,0.0,0.001
BIOMD0000000670,model,0.9431194385842164,0.9209328334634572,0.978559644375712,3,0,0.9218261339084596,0.9227194343534618,0.9245060352434662,0.9253993356884684,0.9262926361334708,0.9298658379134797,0.959082121790819,0.9688208830832656,0.9736902637294887,0.9775857682464674,0.2,0.0,0.001
BIOMD0000000670,model,0.9431194385842164,0.9209328334634572,0.978559644375712,3,0,0.9218261339084596,0.9227194343534618,0.9245060352434662,0.9253993356884684,0.9262926361334708,0.9298658379134797,0.959082121790819,0.9688208830832656,0.9736902637294887,0.9775857682464674,0.5,0.0,0.001
BIOMD0000000671,model,0.9296711526904674,0.8807904946386014,0.9791680477274256,7,0,0.8863852375547444,0.8919799804708876,0.9048104818836252,0.9128667481704458,0.9209230144572662,0.9374162943183822,0.9452217258364276,0.9599709977658036,0.9695695227466146,0.9772483427312636,-0.5,0.0,0.001
BIOMD0000000671,model,0.9296711526904674,0.8807904946386014,0.9791680477274256,7,0,0.8863852375547444,0.8919799804708876,0.9048104818836252,0.9128667481704458,0.9209230144572662,0.9374162943183822,0.9452217258364276,0.9599709977658036,0.9695695227466146,0.9772483427312636,-0.2,0.0,0.001
BIOMD0000000671,model,0.9296711526904674,0.8807904946386014,0.9791680477274256,7,0,0.8863852375547444,0.8919799804708876,0.9048104818836252,0.9128667481704458,0.9209230144572662,0.9374162943183822,0.9452217258364276,0.9599709977658036,0.9695695227466146,0.9772483427312636,-0.1,0.0,0.001
BIOMD0000000671,model,0.9296711526904674,0.8807904946386014,0.9791680477274256,7,0,0.8863852375547444,0.8919799804708876,0.9048104818836252,0.9128667481704458,0.9209230144572662,0.9374162943183822,0.9452217258364276,0.9599709977658036,0.9695695227466146,0.9772483427312636,-0.05,0.0,0.001
BIOMD0000000671,model,0.9296711526904674,0.8807904946386014,0.9791680477274256,7,0,0.8863852375547444,0.8919799804708876,0.9048104818836252,0.9128667481704458,0.9209230144572662,0.9374162943183822,0.9452217258364276,0.9599709977658036,0.9695695227466146,0.9772483427312636,0.0,0.0,0.001
BIOMD0000000671,model,0.9296711526904674,0.8807904946386014,0.9791680477274256,7,0,0.8863852375547444,0.8919799804708876,0.9048104818836252,0.9128667481704458,0.9209230144572662,0.9374162943183822,0.9452217258364276,0.9599709977658036,0.9695695227466146,0.9772483427312636,0.05,0.0,0.001
BIOMD0000000671,model,0.9296711526904674,0.8807904946386014,0.9791680477274256,7,0,0.8863852375547444,0.8919799804708876,0.9048104818836252,0.9128667481704458,0.9209230144572662,0.9374162943183822,0.9452217258364276,0.9599709977658036,0.9695695227466146,0.9772483427312636,0.1,0.0,0.001
BIOMD0000000671,model,0.9296711526904674,0.8807904946386014,0.9791680477274256,7,0,0.8863852375547444,0.8919799804708876,0.9048104818836252,0.9128667481704458,0.9209230144572662,0.9374162943183822,0.9452217258364276,0.9599709977658036,0.9695695227466146,0.9772483427312636,0.2,0.0,0.001
BIOMD0000000671,model,0.9296711526904674,0.8807904946386014,0.9791680477274256,7,0,0.8863852375547444,0.8919799804708876,0.9048104818836252,0.9128667481704458,0.9209230144572662,0.9374162943183822,0.9452217258364276,0.9599709977658036,0.9695695227466146,0.9772483427312636,0.5,0.0,0.001
BIOMD0000000672,model,0.0,0.0,0.0,2,0,0.0,0.0,0.0,0.0,0.0,0.0,0.0,0.0,0.0,0.0,-0.5,0.0,0.001
BIOMD0000000672,model,0.0,0.0,0.0,2,0,0.0,0.0,0.0,0.0,0.0,0.0,0.0,0.0,0.0,0.0,-0.2,0.0,0.001
BIOMD0000000672,model,0.0,0.0,0.0,2,0,0.0,0.0,0.0,0.0,0.0,0.0,0.0,0.0,0.0,0.0,-0.1,0.0,0.001
BIOMD0000000672,model,0.0,0.0,0.0,2,0,0.0,0.0,0.0,0.0,0.0,0.0,0.0,0.0,0.0,0.0,-0.05,0.0,0.001
BIOMD0000000672,model,0.0,0.0,0.0,2,0,0.0,0.0,0.0,0.0,0.0,0.0,0.0,0.0,0.0,0.0,0.0,0.0,0.001
BIOMD0000000672,model,0.0,0.0,0.0,2,0,0.0,0.0,0.0,0.0,0.0,0.0,0.0,0.0,0.0,0.0,0.05,0.0,0.001
BIOMD0000000672,model,0.0,0.0,0.0,2,0,0.0,0.0,0.0,0.0,0.0,0.0,0.0,0.0,0.0,0.0,0.1,0.0,0.001
BIOMD0000000672,model,0.0,0.0,0.0,2,0,0.0,0.0,0.0,0.0,0.0,0.0,0.0,0.0,0.0,0.0,0.2,0.0,0.001
BIOMD0000000672,model,0.0,0.0,0.0,2,0,0.0,0.0,0.0,0.0,0.0,0.0,0.0,0.0,0.0,0.0,0.5,0.0,0.001
BIOMD0000000674,model,0.0,0.0,0.0,46,0,0.0,0.0,0.0,0.0,0.0,0.0,0.0,0.0,0.0,0.0,-0.5,0.9523809523809524,0.001
BIOMD0000000674,model,0.0,0.0,0.0,46,0,0.0,0.0,0.0,0.0,0.0,0.0,0.0,0.0,0.0,0.0,-0.2,0.9523809523809524,0.001
BIOMD0000000674,model,0.0,0.0,0.0,46,0,0.0,0.0,0.0,0.0,0.0,0.0,0.0,0.0,0.0,0.0,-0.1,0.9523809523809524,0.001
BIOMD0000000674,model,0.0,0.0,0.0,46,0,0.0,0.0,0.0,0.0,0.0,0.0,0.0,0.0,0.0,0.0,-0.05,0.9523809523809524,0.001
BIOMD0000000674,model,0.0,0.0,0.0,46,0,0.0,0.0,0.0,0.0,0.0,0.0,0.0,0.0,0.0,0.0,0.0,0.9523809523809524,0.001
BIOMD0000000674,model,0.0,0.0,0.0,46,0,0.0,0.0,0.0,0.0,0.0,0.0,0.0,0.0,0.0,0.0,0.05,0.9523809523809524,0.001
BIOMD0000000674,model,0.0,0.0,0.0,46,0,0.0,0.0,0.0,0.0,0.0,0.0,0.0,0.0,0.0,0.0,0.1,0.9523809523809524,0.001
BIOMD0000000674,model,0.0,0.0,0.0,46,0,0.0,0.0,0.0,0.0,0.0,0.0,0.0,0.0,0.0,0.0,0.2,0.9523809523809524,0.001
BIOMD0000000674,model,0.0,0.0,0.0,46,0,0.0,0.0,0.0,0.0,0.0,0.0,0.0,0.0,0.0,0.0,0.5,0.9523809523809524,0.001
BIOMD0000000675,model,0.0,0.0,0.0,13,0,0.0,0.0,0.0,0.0,0.0,0.0,0.0,0.0,0.0,0.0,-0.5,0.0,0.001
BIOMD0000000675,model,0.0,0.0,0.0,13,0,0.0,0.0,0.0,0.0,0.0,0.0,0.0,0.0,0.0,0.0,-0.2,0.0,0.001
BIOMD0000000675,model,0.0,0.0,0.0,13,0,0.0,0.0,0.0,0.0,0.0,0.0,0.0,0.0,0.0,0.0,-0.1,0.0,0.001
BIOMD0000000675,model,0.0,0.0,0.0,13,0,0.0,0.0,0.0,0.0,0.0,0.0,0.0,0.0,0.0,0.0,-0.05,0.0,0.001
BIOMD0000000675,model,0.0,0.0,0.0,13,0,0.0,0.0,0.0,0.0,0.0,0.0,0.0,0.0,0.0,0.0,0.0,0.0,0.001
BIOMD0000000675,model,0.0,0.0,0.0,13,0,0.0,0.0,0.0,0.0,0.0,0.0,0.0,0.0,0.0,0.0,0.05,0.0,0.001
BIOMD0000000675,model,0.0,0.0,0.0,13,0,0.0,0.0,0.0,0.0,0.0,0.0,0.0,0.0,0.0,0.0,0.1,0.0,0.001
BIOMD0000000675,model,0.0,0.0,0.0,13,0,0.0,0.0,0.0,0.0,0.0,0.0,0.0,0.0,0.0,0.0,0.2,0.0,0.001
BIOMD0000000675,model,0.0,0.0,0.0,13,0,0.0,0.0,0.0,0.0,0.0,0.0,0.0,0.0,0.0,0.0,0.5,0.0,0.001
BIOMD0000000676,model,0.9668086418713776,0.9660207164484712,0.9675965672942836,2,11,0.9660995089907618,0.9661783015330524,0.9663358866176336,0.9664146791599244,0.9664934717022148,0.9668086418713776,0.9672813971251212,0.9674389822097024,0.9675177747519932,0.9675808087858256,-0.5,1.0,0.001
BIOMD0000000676,model,0.9617291777129872,0.9488049171409932,0.9946535672713964,4,9,0.9491328144593356,0.9494607117776778,0.9501165064143624,0.9504444037327046,0.9507723010510468,0.9517291132197796,0.9693418232143292,0.9819976952428628,0.9883256312571296,0.993387980068543,-0.2,1.0,0.001
BIOMD0000000676,model,0.9597365904700524,0.9465383328503442,0.9944410575537652,4,9,0.9467945842122464,0.9470508355741484,0.9475633382979528,0.947819589659855,0.9480758410217572,0.94898348573805,0.9676086007493508,0.981024829151558,0.9877329433526616,0.9930994347135444,-0.1,1.0,0.001
BIOMD0000000676,model,0.9619343306478207,0.945595538776822,0.9886860406100044,5,8,0.9458961885237824,0.946196838270743,0.946798137764664,0.9470987875116244,0.947389835398679,0.9485540269468974,0.9815270156370048,0.9851065281235044,0.9868962843667544,0.9883280893613544,-0.05,1.0,0.001
BIOMD0000000676,model,0.9598234385523986,0.944754878039294,0.988496176182195,5,8,0.9450167562694844,0.9452786344996746,0.9458023909600553,0.9460642691902454,0.9463566718692228,0.947526282585132,0.9755197046485404,0.9820079404153677,0.9852520582987812,0.9878473526055124,0.0,1.0,0.001
BIOMD0000000676,model,0.9587913738096612,0.9439951097347936,0.9883243940802524,5,8,0.9442235631484024,0.944452016562011,0.9449089233892284,0.9451373768028372,0.9454262624272892,0.9465818049250968,0.9735994256203112,0.980961909850282,0.9846431519652672,0.9875881456572552,0.05,1.0,0.001
BIOMD0000000676,model,0.9568028765585016,0.9433118967622152,0.9819783187635116,5,8,0.9435076475519174,0.9437033983416196,0.9440948999210242,0.9442906507107264,0.9445786116216524,0.9457304552653564,0.971358112785261,0.9766682157743862,0.9793232672689488,0.9814473084645988,0.1,1.0,0.001
BIOMD0000000676,model,0.9554865376912286,0.942108564902032,0.981490717089292,5,8,0.9422500316380832,0.9423914983741346,0.9426744318462372,0.9428158985822884,0.94310222359163,0.944247523628997,0.9697141308206848,0.9756024239549884,0.9785465705221404,0.9809018877758616,0.2,1.0,0.001
BIOMD0000000676,model,0.9108560973859764,0.7149884138490711,0.9731161613129898,6,7,0.7711112450033946,0.8272340761577182,0.9394797384663652,0.9395114223727178,0.9395431062790705,0.9403065314946508,0.9569392076981308,0.9650276845055604,0.969071922909275,0.9723073136322468,0.5,1.0,0.001
BIOMD0000000677,model,0.9507268408410556,0.9507268408410556,0.9507268408410556,1,0,0.9507268408410556,0.9507268408410556,0.9507268408410556,0.9507268408410556,0.9507268408410556,0.9507268408410556,0.9507268408410556,0.9507268408410556,0.9507268408410556,0.9507268408410556,-0.5,0.0,0.001
BIOMD0000000677,model,0.9507268408410556,0.9507268408410556,0.9507268408410556,1,0,0.9507268408410556,0.9507268408410556,0.9507268408410556,0.9507268408410556,0.9507268408410556,0.9507268408410556,0.9507268408410556,0.9507268408410556,0.9507268408410556,0.9507268408410556,-0.2,0.0,0.001
BIOMD0000000677,model,0.9507268408410556,0.9507268408410556,0.9507268408410556,1,0,0.9507268408410556,0.9507268408410556,0.9507268408410556,0.9507268408410556,0.9507268408410556,0.9507268408410556,0.9507268408410556,0.9507268408410556,0.9507268408410556,0.9507268408410556,-0.1,0.0,0.001
BIOMD0000000677,model,0.9507268408410556,0.9507268408410556,0.9507268408410556,1,0,0.9507268408410556,0.9507268408410556,0.9507268408410556,0.9507268408410556,0.9507268408410556,0.9507268408410556,0.9507268408410556,0.9507268408410556,0.9507268408410556,0.9507268408410556,-0.05,0.0,0.001
BIOMD0000000677,model,0.9507268408410556,0.9507268408410556,0.9507268408410556,1,0,0.9507268408410556,0.9507268408410556,0.9507268408410556,0.9507268408410556,0.9507268408410556,0.9507268408410556,0.9507268408410556,0.9507268408410556,0.9507268408410556,0.9507268408410556,0.0,0.0,0.001
BIOMD0000000677,model,0.9507268408410556,0.9507268408410556,0.9507268408410556,1,0,0.9507268408410556,0.9507268408410556,0.9507268408410556,0.9507268408410556,0.9507268408410556,0.9507268408410556,0.9507268408410556,0.9507268408410556,0.9507268408410556,0.9507268408410556,0.05,0.0,0.001
BIOMD0000000677,model,0.9507268408410556,0.9507268408410556,0.9507268408410556,1,0,0.9507268408410556,0.9507268408410556,0.9507268408410556,0.9507268408410556,0.9507268408410556,0.9507268408410556,0.9507268408410556,0.9507268408410556,0.9507268408410556,0.9507268408410556,0.1,0.0,0.001
BIOMD0000000677,model,0.9507268408410556,0.9507268408410556,0.9507268408410556,1,0,0.9507268408410556,0.9507268408410556,0.9507268408410556,0.9507268408410556,0.9507268408410556,0.9507268408410556,0.9507268408410556,0.9507268408410556,0.9507268408410556,0.9507268408410556,0.2,0.0,0.001
BIOMD0000000677,model,0.9507268408410556,0.9507268408410556,0.9507268408410556,1,0,0.9507268408410556,0.9507268408410556,0.9507268408410556,0.9507268408410556,0.9507268408410556,0.9507268408410556,0.9507268408410556,0.9507268408410556,0.9507268408410556,0.9507268408410556,0.5,0.0,0.001
BIOMD0000000678,model,0.8307354819643393,0.799081413711922,0.8623895502167568,2,0,0.8022468205371637,0.8054122273624055,0.811743041012889,0.8149084478381307,0.8180738546633725,0.8307354819643393,0.8497279229157898,0.8560587365662733,0.8592241433915151,0.8617564688517084,-0.5,1.0,0.001
BIOMD0000000678,model,0.84001144823516,0.7952938465718112,0.8847290498985089,2,0,0.7997656067381461,0.804237366904481,0.8131808872371508,0.8176526474034856,0.8221244075698205,0.84001144823516,0.8668420092331693,0.8757855295658391,0.880257289732174,0.8838346978652419,-0.2,1.0,0.001
BIOMD0000000678,model,0.8399812882667759,0.794361480155308,0.8856010963782438,2,0,0.7989234609664548,0.8034854417776016,0.8126094033998952,0.817171384211042,0.8217333650221887,0.8399812882667759,0.8673531731336567,0.8764771347559502,0.881039115567097,0.8846887002160144,-0.1,1.0,0.001
BIOMD0000000678,model,0.8392385781087068,0.7932194406858321,0.8852577155315815,2,0,0.7978213544281195,0.802423268170407,0.8116270956549819,0.8162290093972694,0.8208309231395569,0.8392385781087068,0.8668500605624316,0.8760538880470066,0.880655801789294,0.884337332783124,-0.05,1.0,0.001
BIOMD0000000678,model,0.8381067774840354,0.7917279016060175,0.8844856533620534,2,0,0.7963657891938193,0.8010036767816211,0.8102794519572246,0.8149173395450264,0.8195552271328282,0.8381067774840354,0.8659341030108463,0.8752098781864498,0.8798477657742516,0.8835580758444931,0.0,1.0,0.001
BIOMD0000000678,model,0.837430379522742,0.7916788203220344,0.8831819387234497,2,0,0.7962539762421051,0.8008291321621759,0.8099794440023175,0.8145545999223882,0.8191297558424591,0.837430379522742,0.8648813150431667,0.8740316268833083,0.878606782803379,0.8822669075394356,0.05,1.0,0.001
BIOMD0000000678,model,0.8362118232441337,0.7905652752761617,0.8818583712121056,2,0,0.795129930072959,0.7996945848697561,0.8088238944633505,0.8133885492601477,0.8179532040569449,0.8362118232441337,0.8635997520249169,0.8727290616185113,0.8772937164153084,0.8809454402527462,0.1,1.0,0.001
BIOMD0000000678,model,0.8353986729957945,0.7908140130148459,0.8799833329767431,2,0,0.7952724790129407,0.7997309450110356,0.8086478770072253,0.8131063430053203,0.8175648090034151,0.8353986729957945,0.8621494689843637,0.8710664009805534,0.8755248669786483,0.8790916397771241,0.2,1.0,0.001
BIOMD0000000678,model,0.8281290827859008,0.7850603032669475,0.8711978623048541,2,0,0.7893671812188429,0.7936740591707382,0.8022878150745288,0.8065946930264242,0.8109015709783195,0.8281290827859008,0.8539703504972728,0.8625841064010634,0.8668909843529587,0.870336486714475,0.5,1.0,0.001
BIOMD0000000679,model,0.8800997765765984,0.8744573902718001,0.8913028319660898,3,0,0.8744655619938106,0.8744737337158212,0.8744900771598422,0.8744982488818527,0.8745064206038631,0.8745391074919051,0.884597342176416,0.8879500870712529,0.8896264595186714,0.8909675574766062,-0.5,0.0,0.001
BIOMD0000000679,model,0.8800997765765984,0.8744573902718001,0.8913028319660898,3,0,0.8744655619938106,0.8744737337158212,0.8744900771598422,0.8744982488818527,0.8745064206038631,0.8745391074919051,0.884597342176416,0.8879500870712529,0.8896264595186714,0.8909675574766062,-0.2,0.0,0.001
BIOMD0000000679,model,0.8800997765765984,0.8744573902718001,0.8913028319660898,3,0,0.8744655619938106,0.8744737337158212,0.8744900771598422,0.8744982488818527,0.8745064206038631,0.8745391074919051,0.884597342176416,0.8879500870712529,0.8896264595186714,0.8909675574766062,-0.1,0.0,0.001
BIOMD0000000679,model,0.8800997765765984,0.8744573902718001,0.8913028319660898,3,0,0.8744655619938106,0.8744737337158212,0.8744900771598422,0.8744982488818527,0.8745064206038631,0.8745391074919051,0.884597342176416,0.8879500870712529,0.8896264595186714,0.8909675574766062,-0.05,0.0,0.001
BIOMD0000000679,model,0.8800997765765984,0.8744573902718001,0.8913028319660898,3,0,0.8744655619938106,0.8744737337158212,0.8744900771598422,0.8744982488818527,0.8745064206038631,0.8745391074919051,0.884597342176416,0.8879500870712529,0.8896264595186714,0.8909675574766062,0.0,0.0,0.001
BIOMD0000000679,model,0.8800997765765984,0.8744573902718001,0.8913028319660898,3,0,0.8744655619938106,0.8744737337158212,0.8744900771598422,0.8744982488818527,0.8745064206038631,0.8745391074919051,0.884597342176416,0.8879500870712529,0.8896264595186714,0.8909675574766062,0.05,0.0,0.001
BIOMD0000000679,model,0.8800997765765984,0.8744573902718001,0.8913028319660898,3,0,0.8744655619938106,0.8744737337158212,0.8744900771598422,0.8744982488818527,0.8745064206038631,0.8745391074919051,0.884597342176416,0.8879500870712529,0.8896264595186714,0.8909675574766062,0.1,0.0,0.001
BIOMD0000000679,model,0.8800997765765984,0.8744573902718001,0.8913028319660898,3,0,0.8744655619938106,0.8744737337158212,0.8744900771598422,0.8744982488818527,0.8745064206038631,0.8745391074919051,0.884597342176416,0.8879500870712529,0.8896264595186714,0.8909675574766062,0.2,0.0,0.001
BIOMD0000000679,model,0.8800997765765984,0.8744573902718001,0.8913028319660898,3,0,0.8744655619938106,0.8744737337158212,0.8744900771598422,0.8744982488818527,0.8745064206038631,0.8745391074919051,0.884597342176416,0.8879500870712529,0.8896264595186714,0.8909675574766062,0.5,0.0,0.001
BIOMD0000000680,model,0.8800997765765984,0.8744573902718001,0.8913028319660898,3,0,0.8744655619938106,0.8744737337158212,0.8744900771598422,0.8744982488818527,0.8745064206038631,0.8745391074919051,0.884597342176416,0.8879500870712529,0.8896264595186714,0.8909675574766062,-0.5,0.0,0.001
BIOMD0000000680,model,0.8800997765765984,0.8744573902718001,0.8913028319660898,3,0,0.8744655619938106,0.8744737337158212,0.8744900771598422,0.8744982488818527,0.8745064206038631,0.8745391074919051,0.884597342176416,0.8879500870712529,0.8896264595186714,0.8909675574766062,-0.2,0.0,0.001
BIOMD0000000680,model,0.8800997765765984,0.8744573902718001,0.8913028319660898,3,0,0.8744655619938106,0.8744737337158212,0.8744900771598422,0.8744982488818527,0.8745064206038631,0.8745391074919051,0.884597342176416,0.8879500870712529,0.8896264595186714,0.8909675574766062,-0.1,0.0,0.001
BIOMD0000000680,model,0.8800997765765984,0.8744573902718001,0.8913028319660898,3,0,0.8744655619938106,0.8744737337158212,0.8744900771598422,0.8744982488818527,0.8745064206038631,0.8745391074919051,0.884597342176416,0.8879500870712529,0.8896264595186714,0.8909675574766062,-0.05,0.0,0.001
BIOMD0000000680,model,0.8800997765765984,0.8744573902718001,0.8913028319660898,3,0,0.8744655619938106,0.8744737337158212,0.8744900771598422,0.8744982488818527,0.8745064206038631,0.8745391074919051,0.884597342176416,0.8879500870712529,0.8896264595186714,0.8909675574766062,0.0,0.0,0.001
BIOMD0000000680,model,0.8800997765765984,0.8744573902718001,0.8913028319660898,3,0,0.8744655619938106,0.8744737337158212,0.8744900771598422,0.8744982488818527,0.8745064206038631,0.8745391074919051,0.884597342176416,0.8879500870712529,0.8896264595186714,0.8909675574766062,0.05,0.0,0.001
BIOMD0000000680,model,0.8800997765765984,0.8744573902718001,0.8913028319660898,3,0,0.8744655619938106,0.8744737337158212,0.8744900771598422,0.8744982488818527,0.8745064206038631,0.8745391074919051,0.884597342176416,0.8879500870712529,0.8896264595186714,0.8909675574766062,0.1,0.0,0.001
BIOMD0000000680,model,0.8800997765765984,0.8744573902718001,0.8913028319660898,3,0,0.8744655619938106,0.8744737337158212,0.8744900771598422,0.8744982488818527,0.8745064206038631,0.8745391074919051,0.884597342176416,0.8879500870712529,0.8896264595186714,0.8909675574766062,0.2,0.0,0.001
BIOMD0000000680,model,0.8800997765765984,0.8744573902718001,0.8913028319660898,3,0,0.8744655619938106,0.8744737337158212,0.8744900771598422,0.8744982488818527,0.8745064206038631,0.8745391074919051,0.884597342176416,0.8879500870712529,0.8896264595186714,0.8909675574766062,0.5,0.0,0.001
BIOMD0000000681,model,0.0,0.0,0.0,3,0,0.0,0.0,0.0,0.0,0.0,0.0,0.0,0.0,0.0,0.0,-0.5,0.0,0.001
BIOMD0000000681,model,0.0,0.0,0.0,3,0,0.0,0.0,0.0,0.0,0.0,0.0,0.0,0.0,0.0,0.0,-0.2,0.0,0.001
BIOMD0000000681,model,0.0,0.0,0.0,3,0,0.0,0.0,0.0,0.0,0.0,0.0,0.0,0.0,0.0,0.0,-0.1,0.0,0.001
BIOMD0000000681,model,0.0,0.0,0.0,3,0,0.0,0.0,0.0,0.0,0.0,0.0,0.0,0.0,0.0,0.0,-0.05,0.0,0.001
BIOMD0000000681,model,0.0,0.0,0.0,3,0,0.0,0.0,0.0,0.0,0.0,0.0,0.0,0.0,0.0,0.0,0.0,0.0,0.001
BIOMD0000000681,model,0.0,0.0,0.0,3,0,0.0,0.0,0.0,0.0,0.0,0.0,0.0,0.0,0.0,0.0,0.05,0.0,0.001
BIOMD0000000681,model,0.0,0.0,0.0,3,0,0.0,0.0,0.0,0.0,0.0,0.0,0.0,0.0,0.0,0.0,0.1,0.0,0.001
BIOMD0000000681,model,0.0,0.0,0.0,3,0,0.0,0.0,0.0,0.0,0.0,0.0,0.0,0.0,0.0,0.0,0.2,0.0,0.001
BIOMD0000000681,model,0.0,0.0,0.0,3,0,0.0,0.0,0.0,0.0,0.0,0.0,0.0,0.0,0.0,0.0,0.5,0.0,0.001
BIOMD0000000682,model,0.1754288362068383,0.0,0.8745711273068836,5,0,0.0,0.0,0.0,0.0,0.000250963581903,0.0012548179095153,0.1759688141156111,0.5252699707112474,0.6999205490090653,0.83964101164732,-0.5,0.0,0.001
BIOMD0000000682,model,0.1754288362068383,0.0,0.8745711273068836,5,0,0.0,0.0,0.0,0.0,0.000250963581903,0.0012548179095153,0.1759688141156111,0.5252699707112474,0.6999205490090653,0.83964101164732,-0.2,0.0,0.001
BIOMD0000000682,model,0.1754288362068383,0.0,0.8745711273068836,5,0,0.0,0.0,0.0,0.0,0.000250963581903,0.0012548179095153,0.1759688141156111,0.5252699707112474,0.6999205490090653,0.83964101164732,-0.1,0.0,0.001
BIOMD0000000682,model,0.1754288362068383,0.0,0.8745711273068836,5,0,0.0,0.0,0.0,0.0,0.000250963581903,0.0012548179095153,0.1759688141156111,0.5252699707112474,0.6999205490090653,0.83964101164732,-0.05,0.0,0.001
BIOMD0000000682,model,0.1754288362068383,0.0,0.8745711273068836,5,0,0.0,0.0,0.0,0.0,0.000250963581903,0.0012548179095153,0.1759688141156111,0.5252699707112474,0.6999205490090653,0.83964101164732,0.0,0.0,0.001
BIOMD0000000682,model,0.1754288362068383,0.0,0.8745711273068836,5,0,0.0,0.0,0.0,0.0,0.000250963581903,0.0012548179095153,0.1759688141156111,0.5252699707112474,0.6999205490090653,0.83964101164732,0.05,0.0,0.001
BIOMD0000000682,model,0.1754288362068383,0.0,0.8745711273068836,5,0,0.0,0.0,0.0,0.0,0.000250963581903,0.0012548179095153,0.1759688141156111,0.5252699707112474,0.6999205490090653,0.83964101164732,0.1,0.0,0.001
BIOMD0000000682,model,0.1754288362068383,0.0,0.8745711273068836,5,0,0.0,0.0,0.0,0.0,0.000250963581903,0.0012548179095153,0.1759688141156111,0.5252699707112474,0.6999205490090653,0.83964101164732,0.2,0.0,0.001
BIOMD0000000682,model,0.1754288362068383,0.0,0.8745711273068836,5,0,0.0,0.0,0.0,0.0,0.000250963581903,0.0012548179095153,0.1759688141156111,0.5252699707112474,0.6999205490090653,0.83964101164732,0.5,0.0,0.001
BIOMD0000000683,model,0.0,0.0,0.0,4,0,0.0,0.0,0.0,0.0,0.0,0.0,0.0,0.0,0.0,0.0,-0.5,1.0,0.001
BIOMD0000000683,model,0.2058704992936092,0.0,0.327246048438051,4,0,0.0263952446045596,0.0527904892091193,0.1055809784182386,0.1319762230227983,0.1583714676273579,0.2481179743681929,0.3230590101988133,0.3251525293184321,0.3261992888782415,0.3270366965260891,-0.2,1.0,0.001
BIOMD0000000683,model,0.3069840703635429,0.0,0.4862732204133346,4,0,0.047421600169742,0.0948432003394841,0.1896864006789682,0.2371080008487103,0.2845296010184523,0.3708315305204185,0.4498207241108679,0.4680469722621013,0.4771600963377179,0.4844505955982113,-0.1,1.0,0.001
BIOMD0000000683,model,0.3344303463714111,0.0,0.5214482508005086,4,0,0.0445455975750029,0.0890911951500058,0.1781823903000117,0.2227279878750146,0.2672735854500175,0.4081365673425678,0.5201607908312732,0.5208045208158909,0.5211263858081997,0.5213838778020469,-0.05,1.0,0.001
BIOMD0000000683,model,0.350021078789449,0.0,0.6051976667803813,4,0,0.0407892583894205,0.081578516778841,0.163157033557682,0.2039462919471025,0.244735550336523,0.3974433241887073,0.5558540221809193,0.5805258444806504,0.5928617556305158,0.6027304845504082,0.0,1.0,0.001
BIOMD0000000683,model,0.3525571262571118,0.0,0.6591927877682248,4,0,0.0361396356925,0.0722792713850001,0.1445585427700003,0.1806981784625003,0.2168378141550003,0.3755178586301112,0.5697400026934232,0.6144663952308239,0.6368295914995243,0.6547201485144847,0.05,1.0,0.001
BIOMD0000000683,model,0.3374942274071252,0.0,0.6536833305586419,4,0,0.0310614920910872,0.0621229841821744,0.1242459683643489,0.155307460455436,0.1863689525465233,0.3481467895349295,0.5550035113010233,0.6043434209298326,0.6290133757442372,0.648749339595761,0.1,1.0,0.001
BIOMD0000000683,model,0.2954311671544971,0.0,0.6005435580302039,4,0,0.0213173511904245,0.042634702380849,0.0852694047616981,0.1065867559521226,0.1279041071425472,0.2905905552938923,0.5036566848030543,0.552100121416629,0.5763218397234164,0.5956992143688463,0.2,1.0,0.001
BIOMD0000000683,model,0.1618752262100323,0.0,0.3692213917783637,4,0,0.0,0.0,0.0,0.0,0.0,0.1391397565308828,0.3146562645484049,0.3419388281633843,0.355580109970874,0.3664931354168658,0.5,1.0,0.001
BIOMD0000000684,model,0.6326677345882331,0.0,0.983240547941355,10,0,0.0,0.0,0.0,0.1707847486613871,0.4781972962518838,0.9165596286988724,0.9445215059553906,0.9489367762056766,0.9660886620735156,0.9798101707677872,-0.5,0.0,0.001
BIOMD0000000684,model,0.6326677345882331,0.0,0.983240547941355,10,0,0.0,0.0,0.0,0.1707847486613871,0.4781972962518838,0.9165596286988724,0.9445215059553906,0.9489367762056766,0.9660886620735156,0.9798101707677872,-0.2,0.0,0.001
BIOMD0000000684,model,0.6326677345882331,0.0,0.983240547941355,10,0,0.0,0.0,0.0,0.1707847486613871,0.4781972962518838,0.9165596286988724,0.9445215059553906,0.9489367762056766,0.9660886620735156,0.9798101707677872,-0.1,0.0,0.001
BIOMD0000000684,model,0.6326677345882331,0.0,0.983240547941355,10,0,0.0,0.0,0.0,0.1707847486613871,0.4781972962518838,0.9165596286988724,0.9445215059553906,0.9489367762056766,0.9660886620735156,0.9798101707677872,-0.05,0.0,0.001
BIOMD0000000684,model,0.6326677345882331,0.0,0.983240547941355,10,0,0.0,0.0,0.0,0.1707847486613871,0.4781972962518838,0.9165596286988724,0.9445215059553906,0.9489367762056766,0.9660886620735156,0.9798101707677872,0.0,0.0,0.001
BIOMD0000000684,model,0.6326677345882331,0.0,0.983240547941355,10,0,0.0,0.0,0.0,0.1707847486613871,0.4781972962518838,0.9165596286988724,0.9445215059553906,0.9489367762056766,0.9660886620735156,0.9798101707677872,0.05,0.0,0.001
BIOMD0000000684,model,0.6326677345882331,0.0,0.983240547941355,10,0,0.0,0.0,0.0,0.1707847486613871,0.4781972962518838,0.9165596286988724,0.9445215059553906,0.9489367762056766,0.9660886620735156,0.9798101707677872,0.1,0.0,0.001
BIOMD0000000684,model,0.6326677345882331,0.0,0.983240547941355,10,0,0.0,0.0,0.0,0.1707847486613871,0.4781972962518838,0.9165596286988724,0.9445215059553906,0.9489367762056766,0.9660886620735156,0.9798101707677872,0.2,0.0,0.001
BIOMD0000000684,model,0.6326677345882331,0.0,0.983240547941355,10,0,0.0,0.0,0.0,0.1707847486613871,0.4781972962518838,0.9165596286988724,0.9445215059553906,0.9489367762056766,0.9660886620735156,0.9798101707677872,0.5,0.0,0.001
BIOMD0000000685,model,0.8685422833671191,0.7977842227163793,0.9826023356910708,4,0,0.7993054453277524,0.8008266679391256,0.8038691131618719,0.805390335773245,0.8069115583846183,0.8468912875305132,0.9245550552377242,0.9535786954643976,0.9680905155777342,0.9796999716684036,-0.5,0.0,0.001
BIOMD0000000685,model,0.8685422833671191,0.7977842227163793,0.9826023356910708,4,0,0.7993054453277524,0.8008266679391256,0.8038691131618719,0.805390335773245,0.8069115583846183,0.8468912875305132,0.9245550552377242,0.9535786954643976,0.9680905155777342,0.9796999716684036,-0.2,0.0,0.001
BIOMD0000000685,model,0.8685422833671191,0.7977842227163793,0.9826023356910708,4,0,0.7993054453277524,0.8008266679391256,0.8038691131618719,0.805390335773245,0.8069115583846183,0.8468912875305132,0.9245550552377242,0.9535786954643976,0.9680905155777342,0.9796999716684036,-0.1,0.0,0.001
BIOMD0000000685,model,0.8685422833671191,0.7977842227163793,0.9826023356910708,4,0,0.7993054453277524,0.8008266679391256,0.8038691131618719,0.805390335773245,0.8069115583846183,0.8468912875305132,0.9245550552377242,0.9535786954643976,0.9680905155777342,0.9796999716684036,-0.05,0.0,0.001
BIOMD0000000685,model,0.8685422833671191,0.7977842227163793,0.9826023356910708,4,0,0.7993054453277524,0.8008266679391256,0.8038691131618719,0.805390335773245,0.8069115583846183,0.8468912875305132,0.9245550552377242,0.9535786954643976,0.9680905155777342,0.9796999716684036,0.0,0.0,0.001
BIOMD0000000685,model,0.8685422833671191,0.7977842227163793,0.9826023356910708,4,0,0.7993054453277524,0.8008266679391256,0.8038691131618719,0.805390335773245,0.8069115583846183,0.8468912875305132,0.9245550552377242,0.9535786954643976,0.9680905155777342,0.9796999716684036,0.05,0.0,0.001
BIOMD0000000685,model,0.8685422833671191,0.7977842227163793,0.9826023356910708,4,0,0.7993054453277524,0.8008266679391256,0.8038691131618719,0.805390335773245,0.8069115583846183,0.8468912875305132,0.9245550552377242,0.9535786954643976,0.9680905155777342,0.9796999716684036,0.1,0.0,0.001
BIOMD0000000685,model,0.8685422833671191,0.7977842227163793,0.9826023356910708,4,0,0.7993054453277524,0.8008266679391256,0.8038691131618719,0.805390335773245,0.8069115583846183,0.8468912875305132,0.9245550552377242,0.9535786954643976,0.9680905155777342,0.9796999716684036,0.2,0.0,0.001
BIOMD0000000685,model,0.8685422833671191,0.7977842227163793,0.9826023356910708,4,0,0.7993054453277524,0.8008266679391256,0.8038691131618719,0.805390335773245,0.8069115583846183,0.8468912875305132,0.9245550552377242,0.9535786954643976,0.9680905155777342,0.9796999716684036,0.5,0.0,0.001
BIOMD0000000687,model,0.0,0.0,0.0,14,1,0.0,0.0,0.0,0.0,0.0,0.0,0.0,0.0,0.0,0.0,-0.5,1.0,0.001
BIOMD0000000687,model,0.0,0.0,0.0,14,1,0.0,0.0,0.0,0.0,0.0,0.0,0.0,0.0,0.0,0.0,-0.2,1.0,0.001
BIOMD0000000687,model,0.0,0.0,0.0,14,1,0.0,0.0,0.0,0.0,0.0,0.0,0.0,0.0,0.0,0.0,-0.1,1.0,0.001
BIOMD0000000687,model,0.0,0.0,0.0,14,1,0.0,0.0,0.0,0.0,0.0,0.0,0.0,0.0,0.0,0.0,-0.05,1.0,0.001
BIOMD0000000687,model,0.0,0.0,0.0,14,1,0.0,0.0,0.0,0.0,0.0,0.0,0.0,0.0,0.0,0.0,0.0,1.0,0.001
BIOMD0000000687,model,0.0,0.0,0.0,14,1,0.0,0.0,0.0,0.0,0.0,0.0,0.0,0.0,0.0,0.0,0.05,1.0,0.001
BIOMD0000000687,model,0.0,0.0,0.0,14,1,0.0,0.0,0.0,0.0,0.0,0.0,0.0,0.0,0.0,0.0,0.1,1.0,0.001
BIOMD0000000687,model,0.0,0.0,0.0,14,1,0.0,0.0,0.0,0.0,0.0,0.0,0.0,0.0,0.0,0.0,0.2,1.0,0.001
BIOMD0000000687,model,0.0,0.0,0.0,14,1,0.0,0.0,0.0,0.0,0.0,0.0,0.0,0.0,0.0,0.0,0.5,1.0,0.001
BIOMD0000000688,model,0.0,0.0,0.0,6,10,0.0,0.0,0.0,0.0,0.0,0.0,0.0,0.0,0.0,0.0,-0.5,1.0,0.001
BIOMD0000000688,model,0.0,0.0,0.0,6,10,0.0,0.0,0.0,0.0,0.0,0.0,0.0,0.0,0.0,0.0,-0.2,1.0,0.001
BIOMD0000000688,model,0.0,0.0,0.0,6,10,0.0,0.0,0.0,0.0,0.0,0.0,0.0,0.0,0.0,0.0,-0.1,1.0,0.001
BIOMD0000000688,model,0.0324026356788217,0.0,0.1944158140729307,6,10,0.0,0.0,0.0,0.0,0.0,0.0,0.0,0.0972079070364653,0.145811860554698,0.1846950233692842,-0.05,1.0,0.001
BIOMD0000000688,model,0.0,0.0,0.0,6,10,0.0,0.0,0.0,0.0,0.0,0.0,0.0,0.0,0.0,0.0,0.0,1.0,0.001
BIOMD0000000688,model,0.0,0.0,0.0,6,10,0.0,0.0,0.0,0.0,0.0,0.0,0.0,0.0,0.0,0.0,0.05,1.0,0.001
BIOMD0000000688,model,0.0,0.0,0.0,6,10,0.0,0.0,0.0,0.0,0.0,0.0,0.0,0.0,0.0,0.0,0.1,1.0,0.001
BIOMD0000000688,model,0.0,0.0,0.0,6,10,0.0,0.0,0.0,0.0,0.0,0.0,0.0,0.0,0.0,0.0,0.2,1.0,0.001
BIOMD0000000688,model,0.0,0.0,0.0,6,10,0.0,0.0,0.0,0.0,0.0,0.0,0.0,0.0,0.0,0.0,0.5,1.0,0.001
BIOMD0000000689,model,,,,0,7,,,,,,,,,,,-0.5,1.0,0.001
BIOMD0000000689,model,,,,0,7,,,,,,,,,,,-0.2,1.0,0.001
BIOMD0000000689,model,,,,0,7,,,,,,,,,,,-0.1,1.0,0.001
BIOMD0000000689,model,,,,0,7,,,,,,,,,,,-0.05,1.0,0.001
BIOMD0000000689,model,,,,0,7,,,,,,,,,,,0.0,1.0,0.001
BIOMD0000000689,model,,,,0,7,,,,,,,,,,,0.05,1.0,0.001
BIOMD0000000689,model,,,,0,7,,,,,,,,,,,0.1,1.0,0.001
BIOMD0000000689,model,,,,0,7,,,,,,,,,,,0.2,1.0,0.001
BIOMD0000000689,model,,,,0,7,,,,,,,,,,,0.5,1.0,0.001
BIOMD0000000690,model,,,,0,7,,,,,,,,,,,-0.5,1.0,0.001
BIOMD0000000690,model,,,,0,7,,,,,,,,,,,-0.2,1.0,0.001
BIOMD0000000690,model,,,,0,7,,,,,,,,,,,-0.1,1.0,0.001
BIOMD0000000690,model,,,,0,7,,,,,,,,,,,-0.05,1.0,0.001
BIOMD0000000690,model,,,,0,7,,,,,,,,,,,0.0,1.0,0.001
BIOMD0000000690,model,,,,0,7,,,,,,,,,,,0.05,1.0,0.001
BIOMD0000000690,model,,,,0,7,,,,,,,,,,,0.1,1.0,0.001
BIOMD0000000690,model,,,,0,7,,,,,,,,,,,0.2,1.0,0.001
BIOMD0000000690,model,,,,0,7,,,,,,,,,,,0.5,1.0,0.001
BIOMD0000000691,model,0.0,0.0,0.0,13,0,0.0,0.0,0.0,0.0,0.0,0.0,0.0,0.0,0.0,0.0,-0.5,1.0,0.001
BIOMD0000000691,model,0.0,0.0,0.0,13,0,0.0,0.0,0.0,0.0,0.0,0.0,0.0,0.0,0.0,0.0,-0.2,1.0,0.001
BIOMD0000000691,model,0.0,0.0,0.0,13,0,0.0,0.0,0.0,0.0,0.0,0.0,0.0,0.0,0.0,0.0,-0.1,1.0,0.001
BIOMD0000000691,model,0.0,0.0,0.0,13,0,0.0,0.0,0.0,0.0,0.0,0.0,0.0,0.0,0.0,0.0,-0.05,1.0,0.001
BIOMD0000000691,model,0.0,0.0,0.0,13,0,0.0,0.0,0.0,0.0,0.0,0.0,0.0,0.0,0.0,0.0,0.0,1.0,0.001
BIOMD0000000691,model,0.0,0.0,0.0,13,0,0.0,0.0,0.0,0.0,0.0,0.0,0.0,0.0,0.0,0.0,0.05,1.0,0.001
BIOMD0000000691,model,0.0,0.0,0.0,13,0,0.0,0.0,0.0,0.0,0.0,0.0,0.0,0.0,0.0,0.0,0.1,1.0,0.001
BIOMD0000000691,model,0.0,0.0,0.0,13,0,0.0,0.0,0.0,0.0,0.0,0.0,0.0,0.0,0.0,0.0,0.2,1.0,0.001
BIOMD0000000691,model,0.0,0.0,0.0,13,0,0.0,0.0,0.0,0.0,0.0,0.0,0.0,0.0,0.0,0.0,0.5,1.0,0.001
BIOMD0000000692,model,0.4224844235427804,0.0561365545434778,0.9827613175823052,7,1,0.0902716364527946,0.1244067183621114,0.1729822444689877,0.1775753698106685,0.1821684951523493,0.3050900788875681,0.7656337973401259,0.9070878695400928,0.944924593561199,0.975193972778084,-0.5,1.0,0.001
BIOMD0000000692,model,0.7585635372733117,0.3884816370973303,0.9940632783668524,8,0,0.4638172745313053,0.5391529119652803,0.6483987552537444,0.6874871400556692,0.7210800052869127,0.7822928741435362,0.9124612088997408,0.968691749001838,0.9813775136843452,0.9915261254303508,-0.2,1.0,0.001
BIOMD0000000692,model,0.8763316780715598,0.6508943664587074,0.9971698761932872,8,0,0.7000928158704957,0.7492912652822838,0.8154705210776716,0.8364785328397947,0.8564494741213703,0.9043364118524504,0.960506336533718,0.9855641076513622,0.9913669919223248,0.9960092993390948,-0.1,1.0,0.001
BIOMD0000000692,model,0.937539167909758,0.8163371914644033,0.9986166267796664,8,0,0.8435666010341579,0.8707960106039125,0.9061153680956096,0.9165977487235288,0.9269728394782492,0.9548388447017064,0.9811166247966212,0.9930475401093032,0.9958320834444848,0.99805971811263,-0.05,1.0,0.001
BIOMD0000000692,model,0.998169819667608,0.9940613374827758,0.9999903074136912,8,0,0.995035776888415,0.9960102162940542,0.9973269835751596,0.9977483253918972,0.9980857360146008,0.9986474594679512,0.9996369958742858,0.9999624143360516,0.9999763608748714,0.9999875181059272,0.0,1.0,0.001
BIOMD0000000692,model,0.9339383396167248,0.77889859863764,0.9986637829488924,8,0,0.8164376803627824,0.8539767620879247,0.9008681354365808,0.913743775822798,0.9266505527931188,0.9615490212256788,0.9829703414128006,0.9935418113065978,0.9961027971277452,0.9981515857846628,0.05,1.0,0.001
BIOMD0000000692,model,0.8656025308160704,0.5386002655056978,0.9973864766008405,8,0,0.6192593364366477,0.6999184073675975,0.7986496689653487,0.8245452196651686,0.8511706191121062,0.9250853343642176,0.9672826216666008,0.987512662505161,0.9924495695530008,0.9963990951912725,0.1,1.0,0.001
BIOMD0000000692,model,0.7230782188485869,0.0,0.9949884452967758,8,0,0.1836457532484305,0.3672915064968611,0.5862257110988487,0.6400588251892648,0.6967385760173046,0.8611452218983456,0.9393899069226216,0.9765740837939976,0.9857812645453866,0.993147009146498,0.2,1.0,0.001
BIOMD0000000692,model,0.5391841538887061,0.0,0.9888022967606712,8,0,0.0,0.0,0.0639707010781485,0.1199450645215285,0.2159089365181068,0.7200087904849165,0.8767477219295501,0.9506404748243444,0.9697213857925078,0.9849861145670386,0.5,1.0,0.001
BIOMD0000000693,model,0.1573810969596921,0.0,0.9973321420272148,9,0,0.0,0.0,0.0,0.0,0.0,0.0,0.167639092244006,0.5347446128934549,0.7660383774603347,0.9510733891138388,-0.5,0.0,0.001
BIOMD0000000693,model,0.1573810969596921,0.0,0.9973321420272148,9,0,0.0,0.0,0.0,0.0,0.0,0.0,0.167639092244006,0.5347446128934549,0.7660383774603347,0.9510733891138388,-0.2,0.0,0.001
BIOMD0000000693,model,0.1573810969596921,0.0,0.9973321420272148,9,0,0.0,0.0,0.0,0.0,0.0,0.0,0.167639092244006,0.5347446128934549,0.7660383774603347,0.9510733891138388,-0.1,0.0,0.001
BIOMD0000000693,model,0.1573810969596921,0.0,0.9973321420272148,9,0,0.0,0.0,0.0,0.0,0.0,0.0,0.167639092244006,0.5347446128934549,0.7660383774603347,0.9510733891138388,-0.05,0.0,0.001
BIOMD0000000693,model,0.1573810969596921,0.0,0.9973321420272148,9,0,0.0,0.0,0.0,0.0,0.0,0.0,0.167639092244006,0.5347446128934549,0.7660383774603347,0.9510733891138388,0.0,0.0,0.001
BIOMD0000000693,model,0.1573810969596921,0.0,0.9973321420272148,9,0,0.0,0.0,0.0,0.0,0.0,0.0,0.167639092244006,0.5347446128934549,0.7660383774603347,0.9510733891138388,0.05,0.0,0.001
BIOMD0000000693,model,0.1573810969596921,0.0,0.9973321420272148,9,0,0.0,0.0,0.0,0.0,0.0,0.0,0.167639092244006,0.5347446128934549,0.7660383774603347,0.9510733891138388,0.1,0.0,0.001
BIOMD0000000693,model,0.1573810969596921,0.0,0.9973321420272148,9,0,0.0,0.0,0.0,0.0,0.0,0.0,0.167639092244006,0.5347446128934549,0.7660383774603347,0.9510733891138388,0.2,0.0,0.001
BIOMD0000000693,model,0.1573810969596921,0.0,0.9973321420272148,9,0,0.0,0.0,0.0,0.0,0.0,0.0,0.167639092244006,0.5347446128934549,0.7660383774603347,0.9510733891138388,0.5,0.0,0.001
BIOMD0000000695,model,0.0811735651572009,0.0,0.8929092167292103,11,1,0.0,0.0,0.0,0.0,0.0,0.0,0.0,0.0,0.4464546083646051,0.8036182950562896,-0.5,1.0,0.001
BIOMD0000000695,model,0.0897986392652911,0.0,0.9877850319182028,11,1,0.0,0.0,0.0,0.0,0.0,0.0,0.0,0.0,0.4938925159591014,0.8890065287263829,-0.2,1.0,0.001
BIOMD0000000695,model,0.0905105320149467,0.0,0.9956158521644144,11,1,0.0,0.0,0.0,0.0,0.0,0.0,0.0,0.0,0.4978079260822071,0.8960542669479732,-0.1,1.0,0.001
BIOMD0000000695,model,0.0907473438709855,0.0,0.998220782580841,11,1,0.0,0.0,0.0,0.0,0.0,0.0,0.0,0.0,0.4991103912904205,0.8983987043227573,-0.05,1.0,0.001
BIOMD0000000695,model,0.090854643655124,0.0,0.9994010802063648,11,1,0.0,0.0,0.0,0.0,0.0,0.0,0.0,0.0,0.4997005401031824,0.8994609721857287,0.0,1.0,0.001
BIOMD0000000695,model,0.0907319308235766,0.0,0.9980512390593432,11,1,0.0,0.0,0.0,0.0,0.0,0.0,0.0,0.0,0.4990256195296716,0.8982461151534094,0.05,1.0,0.001
BIOMD0000000695,model,0.0906120657389053,0.0,0.996732723127959,11,1,0.0,0.0,0.0,0.0,0.0,0.0,0.0,0.0,0.4983663615639795,0.8970594508151635,0.1,1.0,0.001
BIOMD0000000695,model,0.0904345668528341,0.0,0.9947802353811752,11,1,0.0,0.0,0.0,0.0,0.0,0.0,0.0,0.0,0.4973901176905875,0.8953022118430579,0.2,1.0,0.001
BIOMD0000000695,model,0.0901585474228637,0.0,0.9917440216515016,11,1,0.0,0.0,0.0,0.0,0.0,0.0,0.0,0.0,0.4958720108257508,0.8925696194863518,0.5,1.0,0.001
BIOMD0000000696,model,0.2186384176488145,0.0,0.9713708640061754,11,0,0.0,0.0,0.0,0.0,0.0,0.0,0.2622599099022417,0.9105774674202964,0.940974165713236,0.9652915243475876,-0.5,0.6666666666666666,0.001
BIOMD0000000696,model,0.2388717433728778,0.0,0.9885219269726828,11,0,0.0,0.0,0.0,0.0,0.0,0.0,0.3787929056054792,0.9254607908169892,0.956991358894836,0.9822158133571134,-0.2,0.6666666666666666,0.001
BIOMD0000000696,model,0.2451862226951847,0.0,0.9916980589888854,11,0,0.0,0.0,0.0,0.0,0.0,0.0,0.4176796147806487,0.9283318333773842,0.9600149461831348,0.9853614364277352,-0.1,0.6666666666666666,0.001
BIOMD0000000696,model,0.2483031012159329,0.0,0.993035495076388,11,0,0.0,0.0,0.0,0.0,0.0,0.0,0.4371308413234518,0.9295543263076812,0.9612949106920348,0.9866873781995176,-0.05,0.6666666666666666,0.001
BIOMD0000000696,model,0.2513963678373799,0.0,0.9942389580953503,11,0,0.0,0.0,0.0,0.0,0.0,0.0,0.4565875706851827,0.9306676745895032,0.9624533163424268,0.9878818297447658,0.0,0.6666666666666666,0.001
BIOMD0000000696,model,0.2544693821448125,0.0,0.9953279069625744,11,0,0.0,0.0,0.0,0.0,0.0,0.0,0.4760495363754098,0.9316818292859682,0.9635048681242712,0.9889632991949138,0.05,0.6666666666666666,0.001
BIOMD0000000696,model,0.2575242038407807,0.0,0.9963178711630998,11,0,0.0,0.0,0.0,0.0,0.0,0.0,0.4955167852772711,0.9326097743098216,0.9644638227364608,0.989947061477772,0.1,0.6666666666666666,0.001
BIOMD0000000696,model,0.2635967061467099,0.0,0.9980502977873048,11,0,0.0,0.0,0.0,0.0,0.0,0.0,0.5344672704823069,0.934258642593562,0.9661544701904334,0.9916711322679306,0.2,0.6666666666666666,0.001
BIOMD0000000696,model,0.2812379241529923,0.0,0.9981383584277284,11,0,0.0,0.0,0.0,0.0,0.0,0.0,0.6514464451276752,0.9379748141437216,0.968056586285725,0.9921220039993276,0.5,0.6666666666666666,0.001
BIOMD0000000697,model,0.0,0.0,0.0,13,0,0.0,0.0,0.0,0.0,0.0,0.0,0.0,0.0,0.0,0.0,-0.5,1.0,0.001
BIOMD0000000697,model,0.0,0.0,0.0,13,0,0.0,0.0,0.0,0.0,0.0,0.0,0.0,0.0,0.0,0.0,-0.2,1.0,0.001
BIOMD0000000697,model,0.0,0.0,0.0,13,0,0.0,0.0,0.0,0.0,0.0,0.0,0.0,0.0,0.0,0.0,-0.1,1.0,0.001
BIOMD0000000697,model,0.0,0.0,0.0,13,0,0.0,0.0,0.0,0.0,0.0,0.0,0.0,0.0,0.0,0.0,-0.05,1.0,0.001
BIOMD0000000697,model,0.0022333274926628,0.0,0.029033257404617,13,0,0.0,0.0,0.0,0.0,0.0,0.0,0.0,0.0,0.0116133029618467,0.0255492665160629,0.0,1.0,0.001
BIOMD0000000697,model,0.0,0.0,0.0,13,0,0.0,0.0,0.0,0.0,0.0,0.0,0.0,0.0,0.0,0.0,0.05,1.0,0.001
BIOMD0000000697,model,0.0,0.0,0.0,13,0,0.0,0.0,0.0,0.0,0.0,0.0,0.0,0.0,0.0,0.0,0.1,1.0,0.001
BIOMD0000000697,model,0.0,0.0,0.0,13,0,0.0,0.0,0.0,0.0,0.0,0.0,0.0,0.0,0.0,0.0,0.2,1.0,0.001
BIOMD0000000697,model,0.0,0.0,0.0,13,0,0.0,0.0,0.0,0.0,0.0,0.0,0.0,0.0,0.0,0.0,0.5,1.0,0.001
BIOMD0000000698,model,0.0641118418604599,0.0,0.3205592093022995,5,0,0.0,0.0,0.0,0.0,0.0,0.0,0.0641118418604599,0.1923355255813797,0.2564473674418395,0.3077368409302075,-0.5,1.0,0.001
BIOMD0000000698,model,0.2071039852329878,0.0,0.7211935979912228,5,0,0.0,0.0,0.0,0.0,0.0213558141744165,0.1067790708720827,0.3102765254395516,0.5157350617153873,0.6184643298533049,0.7006477443636393,-0.2,1.0,0.001
BIOMD0000000698,model,0.5618438243350958,0.2507119634530059,0.8313448839245015,5,0,0.3018498370240284,0.3529877105950509,0.4552634577370959,0.5064013313081184,0.5124596413910009,0.5366928817225307,0.7135234257987585,0.7724341548616299,0.8018895193930656,0.8254538110182142,-0.1,1.0,0.001
BIOMD0000000698,model,0.7090681000724366,0.4818053177806524,0.8723945041308634,5,0,0.5163012477193402,0.5507971776580279,0.6197890375354034,0.6542849674740912,0.6593601748594751,0.6796610044010108,0.8602346660866251,0.8663145851087443,0.8693545446198039,0.8717865122286514,-0.05,1.0,0.001
BIOMD0000000698,model,0.7009147057222659,0.5281619548224781,0.8738564407019931,5,0,0.5596616913821416,0.5911614279418053,0.6541609010611324,0.685660637620796,0.6895354013908388,0.7050344564710103,0.7442593193364403,0.8090578800192166,0.8414571603606048,0.8673765846337155,0.0,1.0,0.001
BIOMD0000000698,model,0.5767289710231933,0.4430556702701567,0.8444009666116871,5,0,0.4444802787285385,0.4459048871869204,0.4487541041036842,0.4501787125620661,0.4699663221728597,0.549116760616034,0.6463943893671559,0.7453976779894215,0.7948993223005543,0.8345006377494605,0.05,1.0,0.001
BIOMD0000000698,model,0.4129208308603643,0.2066838472740655,0.7638958200395486,5,0,0.2155343546845407,0.2243848620950159,0.2420858769159664,0.2509363843264416,0.2790374615386036,0.3914417703872514,0.5140962298275213,0.6389960249335349,0.7014459224865417,0.7514058405289472,0.1,1.0,0.001
BIOMD0000000698,model,0.1609874359817164,0.0,0.6315192200252578,5,0,0.0,0.0,0.0,0.0,0.0043704364577279,0.0218521822886395,0.2475564660807996,0.4395378430530288,0.5355285315391431,0.612321082328035,0.2,1.0,0.001
BIOMD0000000698,model,0.0505645823711326,0.0,0.2528229118556634,5,0,0.0,0.0,0.0,0.0,0.0,0.0,0.0505645823711327,0.1516937471133981,0.2022583294845307,0.2427099953814369,0.5,1.0,0.001
BIOMD0000000699,model,,,,0,24,,,,,,,,,,,-0.5,1.0,0.001
BIOMD0000000699,model,,,,0,24,,,,,,,,,,,-0.2,1.0,0.001
BIOMD0000000699,model,,,,0,24,,,,,,,,,,,-0.1,1.0,0.001
BIOMD0000000699,model,,,,0,24,,,,,,,,,,,-0.05,1.0,0.001
BIOMD0000000699,model,,,,0,24,,,,,,,,,,,0.0,1.0,0.001
BIOMD0000000699,model,,,,0,24,,,,,,,,,,,0.05,1.0,0.001
BIOMD0000000699,model,,,,0,24,,,,,,,,,,,0.1,1.0,0.001
BIOMD0000000699,model,,,,0,24,,,,,,,,,,,0.2,1.0,0.001
BIOMD0000000699,model,,,,0,24,,,,,,,,,,,0.5,1.0,0.001
BIOMD0000000700,model,0.0043478260869565,0.0,0.1,23,0,0.0,0.0,0.0,0.0,0.0,0.0,0.0,0.0,0.0,0.0780000000000001,-0.5,1.0,0.001
BIOMD0000000700,model,0.0,0.0,0.0,23,0,0.0,0.0,0.0,0.0,0.0,0.0,0.0,0.0,0.0,0.0,-0.2,1.0,0.001
BIOMD0000000700,model,0.0,0.0,0.0,23,0,0.0,0.0,0.0,0.0,0.0,0.0,0.0,0.0,0.0,0.0,-0.1,1.0,0.001
BIOMD0000000700,model,0.0,0.0,0.0,23,0,0.0,0.0,0.0,0.0,0.0,0.0,0.0,0.0,0.0,0.0,-0.05,1.0,0.001
BIOMD0000000700,model,0.0,0.0,0.0,23,0,0.0,0.0,0.0,0.0,0.0,0.0,0.0,0.0,0.0,0.0,0.0,1.0,0.001
BIOMD0000000700,model,0.0,0.0,0.0,23,0,0.0,0.0,0.0,0.0,0.0,0.0,0.0,0.0,0.0,0.0,0.05,1.0,0.001
BIOMD0000000700,model,0.0,0.0,0.0,23,0,0.0,0.0,0.0,0.0,0.0,0.0,0.0,0.0,0.0,0.0,0.1,1.0,0.001
BIOMD0000000700,model,0.0043478260869565,0.0,0.1,23,0,0.0,0.0,0.0,0.0,0.0,0.0,0.0,0.0,0.0,0.0780000000000001,0.2,1.0,0.001
BIOMD0000000700,model,0.0372596603864382,0.0,0.7530667014665863,22,1,0.0,0.0,0.0,0.0,0.0,0.0,0.0,0.0,0.0633135356833018,0.6089183178359641,0.5,1.0,0.001
BIOMD0000000701,model,,,,0,24,,,,,,,,,,,-0.5,1.0,0.001
BIOMD0000000701,model,,,,0,24,,,,,,,,,,,-0.2,1.0,0.001
BIOMD0000000701,model,,,,0,24,,,,,,,,,,,-0.1,1.0,0.001
BIOMD0000000701,model,,,,0,24,,,,,,,,,,,-0.05,1.0,0.001
BIOMD0000000701,model,,,,0,24,,,,,,,,,,,0.0,1.0,0.001
BIOMD0000000701,model,,,,0,24,,,,,,,,,,,0.05,1.0,0.001
BIOMD0000000701,model,,,,0,24,,,,,,,,,,,0.1,1.0,0.001
BIOMD0000000701,model,,,,0,24,,,,,,,,,,,0.2,1.0,0.001
BIOMD0000000701,model,,,,0,24,,,,,,,,,,,0.5,1.0,0.001
BIOMD0000000702,model,,,,0,24,,,,,,,,,,,-0.5,1.0,0.001
BIOMD0000000702,model,,,,0,24,,,,,,,,,,,-0.2,1.0,0.001
BIOMD0000000702,model,,,,0,24,,,,,,,,,,,-0.1,1.0,0.001
BIOMD0000000702,model,,,,0,24,,,,,,,,,,,-0.05,1.0,0.001
BIOMD0000000702,model,,,,0,24,,,,,,,,,,,0.0,1.0,0.001
BIOMD0000000702,model,,,,0,24,,,,,,,,,,,0.05,1.0,0.001
BIOMD0000000702,model,,,,0,24,,,,,,,,,,,0.1,1.0,0.001
BIOMD0000000702,model,,,,0,24,,,,,,,,,,,0.2,1.0,0.001
BIOMD0000000702,model,,,,0,24,,,,,,,,,,,0.5,1.0,0.001
BIOMD0000000703,model,0.0108325997683592,0.0,0.1191585974519512,11,0,0.0,0.0,0.0,0.0,0.0,0.0,0.0,0.0,0.0595792987259756,0.1072427377067561,-0.5,0.0,0.001
BIOMD0000000703,model,0.0191956610854437,0.0,0.2111522719398816,11,0,0.0,0.0,0.0,0.0,0.0,0.0,0.0,0.0,0.1055761359699408,0.1900370447458935,-0.2,0.0,0.001
BIOMD0000000703,model,0.0226046691469227,0.0,0.2486513606161505,11,0,0.0,0.0,0.0,0.0,0.0,0.0,0.0,0.0,0.1243256803080752,0.2237862245545356,-0.1,0.0,0.001
BIOMD0000000703,model,0.0243927175456264,0.0,0.2683198930018912,11,0,0.0,0.0,0.0,0.0,0.0,0.0,0.0,0.0,0.1341599465009456,0.2414879037017021,-0.05,0.0,0.001
BIOMD0000000703,model,0.026232492067159,0.0,0.2885574127387493,11,0,0.0,0.0,0.0,0.0,0.0,0.0,0.0,0.0,0.1442787063693746,0.2597016714648745,0.0,0.0,0.001
BIOMD0000000703,model,0.0281175030752813,0.0,0.3092925338280952,11,0,0.0,0.0,0.0,0.0,0.0,0.0,0.0,0.0,0.1546462669140476,0.2783632804452858,0.05,0.0,0.001
BIOMD0000000703,model,0.0300504418785839,0.0,0.3305548606644232,11,0,0.0,0.0,0.0,0.0,0.0,0.0,0.0,0.0,0.1652774303322116,0.297499374597981,0.1,0.0,0.001
BIOMD0000000703,model,0.0340554409164371,0.0,0.3746098500808085,11,0,0.0,0.0,0.0,0.0,0.0,0.0,0.0,0.0,0.1873049250404042,0.3371488650727278,0.2,0.0,0.001
BIOMD0000000703,model,0.0472740794864526,0.0,0.5200148743509793,11,0,0.0,0.0,0.0,0.0,0.0,0.0,0.0,0.0,0.2600074371754896,0.4680133869158815,0.5,0.0,0.001
BIOMD0000000704,model,0.3212522321968886,0.0077017172633343,1.0,9,7,0.0118075308824815,0.0159133445016286,0.0202589954109272,0.0217874914774105,0.0367033085358947,0.1445590181897022,0.6951596343343989,0.99999928918701,0.999999644593505,0.999999928918701,-0.5,1.0,0.001
BIOMD0000000704,model,0.3774212503266706,0.0123582422675186,1.0,9,7,0.0189133836398209,0.0254685250121232,0.0324201558651605,0.0348695293097513,0.0587310194271604,0.2019384806219254,0.8722972642430764,0.9999992891870096,0.9999996445935048,0.9999999289187008,-0.2,1.0,0.001
BIOMD0000000704,model,0.3958068019738325,0.0139137514526735,1.0,9,7,0.0212840032335318,0.0286542550143902,0.0364747258279704,0.0392316224434045,0.0660744380437239,0.2200611602710963,0.930120320757453,0.9999992891870104,0.9999996445935052,0.999999928918701,-0.1,1.0,0.001
BIOMD0000000704,model,0.4047707784382247,0.0146896007056275,1.0,9,7,0.0224681687904008,0.0302467368751741,0.038502081992467,0.0414127893757378,0.0697462195769265,0.2285853479580484,0.9581196963268414,0.9999992891870086,0.9999996445935044,0.9999999289187008,-0.05,1.0,0.001
BIOMD0000000704,model,0.4126790744952573,0.0154691666869807,1.0,9,7,0.0236545676535915,0.0318399686202023,0.0405296587610281,0.0435943185327085,0.0734182184181938,0.2394946056746558,0.9789849034014032,0.9999992891870092,0.9999996445935048,0.9999999289187008,0.0,1.0,0.001
BIOMD0000000704,model,0.4108720945762225,0.0162430683275093,1.0,9,7,0.024837569251681,0.0334320701758527,0.0425571757477174,0.0457757458209034,0.0770901561555439,0.2485992654435303,0.9484738366712786,0.9999992891870076,0.9999996445935038,0.9999999289187008,0.05,1.0,0.001
BIOMD0000000704,model,0.4092755353787616,0.0170228597409499,1.0,9,7,0.0260241012442429,0.035025342747536,0.0445847601134894,0.047957291189694,0.0807621647447944,0.2595603186882136,0.91798160624079,0.9999992891870072,0.9999996445935035,0.9999999289187008,0.1,1.0,0.001
BIOMD0000000704,model,0.4057520360068739,0.0185759750198391,1.0,9,7,0.0283932895892942,0.0382106041587492,0.0486403113793296,0.0523210113365648,0.0881065595894456,0.2813141480025477,0.8553175499197946,0.99999928918701,0.999999644593505,0.999999928918701,0.2,1.0,0.001
BIOMD0000000704,model,0.3499573517155346,0.0091174005907122,1.0,9,7,0.0147663356166108,0.0204152706425094,0.041635379592448,0.0538991405504409,0.0585056640138183,0.1772311023254411,0.6702884317069151,0.9999992891870072,0.9999996445935035,0.9999999289187008,0.5,1.0,0.001
BIOMD0000000705,model,0.1304347826075159,0.0,0.999999999991651,23,9,0.0,0.0,0.0,0.0,0.0,0.0,0.0,0.7999999999916518,0.9999999999914424,0.999999999991651,-0.5,1.0,0.001
BIOMD0000000705,model,0.1956521739123061,0.0,0.999999999994782,23,9,0.0,0.0,0.0,0.0,0.0,0.0,0.450000000000001,0.949999999994782,0.9999999999946516,0.999999999994782,-0.2,1.0,0.001
BIOMD0000000705,model,0.2077294685983783,0.0,0.9999999999953616,23,9,0.0,0.0,0.0,0.0,0.0,0.0,0.5333333333333345,0.9777777777731396,0.9999999999952456,0.9999999999953616,-0.1,1.0,0.001
BIOMD0000000705,model,0.2128146453083035,0.0,0.9999999999956058,23,9,0.0,0.0,0.0,0.0,0.0,0.0,0.5684210526315803,0.9894736842061322,0.999999999995496,0.9999999999956058,-0.05,1.0,0.001
BIOMD0000000705,model,0.2173913043472362,0.0,1.0,23,9,0.0,0.0,0.0,0.0,0.0,0.0,0.5999999999968706,0.9999999999958256,0.9999999999995826,1.0,0.0,1.0,0.001
BIOMD0000000705,model,0.2132505175977819,0.0,0.9999999999960244,23,9,0.0,0.0,0.0,0.0,0.0,0.0,0.5714285714285727,0.9904761904722148,0.9999999999959248,0.9999999999960244,0.05,1.0,0.001
BIOMD0000000705,model,0.2094861660073688,0.0,0.9999999999962048,23,9,0.0,0.0,0.0,0.0,0.0,0.0,0.5454545454545467,0.9818181818143868,0.99999999999611,0.9999999999962048,0.1,1.0,0.001
BIOMD0000000705,model,0.2028985507241713,0.0,0.9999999999969078,23,9,0.0,0.0,0.0,0.0,0.0,0.0,0.5000000000000011,0.966666666663188,0.9999999999966084,0.9999999999968652,0.2,1.0,0.001
BIOMD0000000705,model,0.1884057971011014,0.0,0.9999999999975264,23,9,0.0,0.0,0.0,0.0,0.0,0.0,0.4000000000000009,0.9333333333310144,0.9999999999973443,0.9999999999974922,0.5,1.0,0.001
BIOMD0000000706,model,0.1591514904472552,0.0,1.0,38,7,0.0,0.0,0.0,0.0002664189247374,0.0107329872487626,0.0182968258422751,0.1449053156673987,0.7011145468693996,1.0,1.0,-0.5,1.0,0.001
BIOMD0000000706,model,0.2101072665828866,0.0,1.0,38,7,0.0,0.0,0.0028523901269905,0.0167873187880109,0.0174077960093158,0.0686240571537789,0.1817442592231336,0.8250000000000011,1.0,1.0,-0.2,1.0,0.001
BIOMD0000000706,model,0.2183926198050061,0.0,1.0,38,7,0.0,0.0,0.0025334510984668,0.0175238202221421,0.0177289696114011,0.0758605624677612,0.176524394982482,0.9222222222222228,1.0,1.0,-0.1,1.0,0.001
BIOMD0000000706,model,0.221328885618373,0.0,1.0,38,7,0.0,0.0,0.0024005386076725,0.0175638800070308,0.0179544225192165,0.0775078614272379,0.1730088643561696,0.9631578947368424,1.0,1.0,-0.05,1.0,0.001
BIOMD0000000706,model,0.2239751450997744,0.0,1.0,38,7,0.0,0.0,0.0022814375686192,0.0175945875762286,0.0179852639229859,0.0791603347188841,0.1697150451912452,1.0,1.0,1.0,0.0,1.0,0.001
BIOMD0000000706,model,0.2212627310895349,0.0,1.0,38,7,0.0,0.0,0.0021740102073352,0.0176174712125464,0.0180080526362183,0.0805540833455578,0.1666179032541297,0.9666666666666668,1.0,1.0,0.05,1.0,0.001
BIOMD0000000706,model,0.2188654150169697,0.0,1.0,38,7,0.0,0.0,0.0020765502136766,0.0176337682480862,0.0180240634958721,0.0851590975677255,0.1636969345321556,0.9363636363636368,1.0,1.0,0.1,1.0,0.001
BIOMD0000000706,model,0.2145962913975546,0.0,1.0,38,7,0.0,0.0,0.0019062725768663,0.0176505507637365,0.0180398165240021,0.0871099364201636,0.1588585567626984,0.8833333333333341,1.0,1.0,0.2,1.0,0.001
BIOMD0000000706,model,0.2040678134114205,0.0,1.0,38,7,0.0,0.0,0.0015315913116699,0.0180043335783939,0.0180191645781337,0.0835491487755107,0.1512946822452245,0.7666666666666682,1.0,1.0,0.5,1.0,0.001
BIOMD0000000707,model,0.0,0.0,0.0,5,0,0.0,0.0,0.0,0.0,0.0,0.0,0.0,0.0,0.0,0.0,-0.5,1.0,0.001
BIOMD0000000707,model,0.0,0.0,0.0,5,0,0.0,0.0,0.0,0.0,0.0,0.0,0.0,0.0,0.0,0.0,-0.2,1.0,0.001
BIOMD0000000707,model,0.0,0.0,0.0,5,0,0.0,0.0,0.0,0.0,0.0,0.0,0.0,0.0,0.0,0.0,-0.1,1.0,0.001
BIOMD0000000707,model,0.0,0.0,0.0,5,0,0.0,0.0,0.0,0.0,0.0,0.0,0.0,0.0,0.0,0.0,-0.05,1.0,0.001
BIOMD0000000707,model,0.0,0.0,0.0,5,0,0.0,0.0,0.0,0.0,0.0,0.0,0.0,0.0,0.0,0.0,0.0,1.0,0.001
BIOMD0000000707,model,0.0,0.0,0.0,5,0,0.0,0.0,0.0,0.0,0.0,0.0,0.0,0.0,0.0,0.0,0.05,1.0,0.001
BIOMD0000000707,model,0.0,0.0,0.0,5,0,0.0,0.0,0.0,0.0,0.0,0.0,0.0,0.0,0.0,0.0,0.1,1.0,0.001
BIOMD0000000707,model,0.0,0.0,0.0,5,0,0.0,0.0,0.0,0.0,0.0,0.0,0.0,0.0,0.0,0.0,0.2,1.0,0.001
BIOMD0000000707,model,0.0,0.0,0.0,5,0,0.0,0.0,0.0,0.0,0.0,0.0,0.0,0.0,0.0,0.0,0.5,1.0,0.001
BIOMD0000000709,model,0.1251315895238475,0.0,0.6256579476192375,5,0,0.0,0.0,0.0,0.0,0.0,0.0,0.1251315895238476,0.3753947685715426,0.5005263580953899,0.600631629714468,-0.5,1.0,0.001
BIOMD0000000709,model,0.1237831390745117,0.0,0.6189156953725586,5,0,0.0,0.0,0.0,0.0,0.0,0.0,0.1237831390745118,0.3713494172235352,0.4951325562980468,0.5941590675576562,-0.2,1.0,0.001
BIOMD0000000709,model,0.1233622088360711,0.0,0.6168110441803559,5,0,0.0,0.0,0.0,0.0,0.0,0.0,0.1233622088360713,0.3700866265082136,0.4934488353442846,0.5921386024131416,-0.1,1.0,0.001
BIOMD0000000709,model,0.1231536620219956,0.0,0.6157683101099782,5,0,0.0,0.0,0.0,0.0,0.0,0.0,0.1231536620219957,0.369460986065987,0.4926146480879825,0.5911375777055791,-0.05,1.0,0.001
BIOMD0000000709,model,0.1229464431624134,0.0,0.6147322158120672,5,0,0.0,0.0,0.0,0.0,0.0,0.0,0.1229464431624135,0.3688393294872403,0.4917857726496536,0.5901429271795845,0.0,1.0,0.001
BIOMD0000000709,model,0.1226723451202895,0.0,0.6133617256014475,5,0,0.0,0.0,0.0,0.0,0.0,0.0,0.1226723451202896,0.3680170353608686,0.4906893804811579,0.5888272565773897,0.05,1.0,0.001
BIOMD0000000709,model,0.1224663908679971,0.0,0.6123319543399858,5,0,0.0,0.0,0.0,0.0,0.0,0.0,0.1224663908679972,0.3673991726039915,0.4898655634719885,0.5878386761663863,0.1,1.0,0.001
BIOMD0000000709,model,0.1220582448196381,0.0,0.6102912240981907,5,0,0.0,0.0,0.0,0.0,0.0,0.0,0.1220582448196382,0.3661747344589144,0.4882329792785524,0.585879575134263,0.2,1.0,0.001
BIOMD0000000709,model,0.1208632830085501,0.0,0.6043164150427505,5,0,0.0,0.0,0.0,0.0,0.0,0.0,0.1208632830085502,0.3625898490256503,0.4834531320342002,0.5801437584410404,0.5,1.0,0.001
BIOMD0000000710,model,0.0,0.0,0.0,7,0,0.0,0.0,0.0,0.0,0.0,0.0,0.0,0.0,0.0,0.0,-0.5,1.0,0.001
BIOMD0000000710,model,0.0,0.0,0.0,7,0,0.0,0.0,0.0,0.0,0.0,0.0,0.0,0.0,0.0,0.0,-0.2,1.0,0.001
BIOMD0000000710,model,0.0,0.0,0.0,7,0,0.0,0.0,0.0,0.0,0.0,0.0,0.0,0.0,0.0,0.0,-0.1,1.0,0.001
BIOMD0000000710,model,0.0,0.0,0.0,7,0,0.0,0.0,0.0,0.0,0.0,0.0,0.0,0.0,0.0,0.0,-0.05,1.0,0.001
BIOMD0000000710,model,0.0,0.0,0.0,7,0,0.0,0.0,0.0,0.0,0.0,0.0,0.0,0.0,0.0,0.0,0.0,1.0,0.001
BIOMD0000000710,model,0.0,0.0,0.0,7,0,0.0,0.0,0.0,0.0,0.0,0.0,0.0,0.0,0.0,0.0,0.05,1.0,0.001
BIOMD0000000710,model,0.0,0.0,0.0,7,0,0.0,0.0,0.0,0.0,0.0,0.0,0.0,0.0,0.0,0.0,0.1,1.0,0.001
BIOMD0000000710,model,0.0,0.0,0.0,7,0,0.0,0.0,0.0,0.0,0.0,0.0,0.0,0.0,0.0,0.0,0.2,1.0,0.001
BIOMD0000000710,model,0.0,0.0,0.0,7,0,0.0,0.0,0.0,0.0,0.0,0.0,0.0,0.0,0.0,0.0,0.5,1.0,0.001
BIOMD0000000712,model,0.2482704379088536,0.0,0.7448113137265607,3,0,0.0,0.0,0.0,0.0,0.0,0.0,0.4468867882359365,0.5958490509812486,0.6703301823539046,0.7299150874520295,-0.5,1.0,0.001
BIOMD0000000712,model,0.266602761306767,0.0,0.799808283920301,3,0,0.0,0.0,0.0,0.0,0.0,0.0,0.4798849703521807,0.6398466271362409,0.7198274555282709,0.783812118241895,-0.2,1.0,0.001
BIOMD0000000712,model,0.2667054531935409,0.0,0.8001163595806229,3,0,0.0,0.0,0.0,0.0,0.0,0.0,0.4800698157483738,0.6400930876644984,0.7201047236225605,0.7841140323890105,-0.1,1.0,0.001
BIOMD0000000712,model,0.2667629581101658,0.0,0.8002888743304977,3,0,0.0,0.0,0.0,0.0,0.0,0.0,0.4801733245982986,0.6402310994643982,0.7202599868974479,0.7842830968438878,-0.05,1.0,0.001
BIOMD0000000712,model,0.2668027457117028,0.0,0.8004082371351084,3,0,0.0,0.0,0.0,0.0,0.0,0.0,0.4802449422810651,0.6403265897080868,0.7203674134215975,0.7844000723924063,0.0,1.0,0.001
BIOMD0000000712,model,0.2668603574307861,0.0,0.8005810722923583,3,0,0.0,0.0,0.0,0.0,0.0,0.0,0.480348643375415,0.6404648578338867,0.7205229650631224,0.7845694508465111,0.05,1.0,0.001
BIOMD0000000712,model,0.2669104036134894,0.0,0.8007312108404683,3,0,0.0,0.0,0.0,0.0,0.0,0.0,0.480438726504281,0.6405849686723747,0.7206580897564214,0.784716586623659,0.1,1.0,0.001
BIOMD0000000712,model,0.2669894782978419,0.0,0.8009684348935258,3,0,0.0,0.0,0.0,0.0,0.0,0.0,0.4805810609361155,0.6407747479148207,0.7208715914041731,0.7849490661956552,0.2,1.0,0.001
BIOMD0000000712,model,0.2672639947018834,0.0,0.8017919841056501,3,0,0.0,0.0,0.0,0.0,0.0,0.0,0.4810751904633901,0.6414335872845202,0.721612785695085,0.7857561444235371,0.5,1.0,0.001
BIOMD0000000713,model,0.1868877651991067,0.0,0.5606632955973201,3,0,0.0,0.0,0.0,0.0,0.0,0.0,0.3363979773583921,0.448530636477856,0.5045969660375881,0.5494500296853737,-0.5,1.0,0.001
BIOMD0000000713,model,0.2615536207244175,0.0,0.7846608621732526,3,0,0.0,0.0,0.0,0.0,0.0,0.0,0.4707965173039516,0.6277286897386021,0.7061947759559273,0.7689676449297875,-0.2,1.0,0.001
BIOMD0000000713,model,0.2803506043259204,0.0,0.8410518129777614,3,0,0.0,0.0,0.0,0.0,0.0,0.0,0.5046310877866569,0.6728414503822092,0.7569466316799852,0.8242307767182062,-0.1,1.0,0.001
BIOMD0000000713,model,0.2846148785520592,0.0,0.8538446356561776,3,0,0.0,0.0,0.0,0.0,0.0,0.0,0.5123067813937067,0.6830757085249421,0.7684601720905598,0.8367677429430541,-0.05,1.0,0.001
BIOMD0000000713,model,0.2840284416732855,0.0,0.8520853250198566,3,0,0.0,0.0,0.0,0.0,0.0,0.0,0.5112511950119141,0.6816682600158853,0.7668767925178708,0.8350436185194594,0.0,1.0,0.001
BIOMD0000000713,model,0.2837696445250589,0.0,0.8513089335751767,3,0,0.0,0.0,0.0,0.0,0.0,0.0,0.510785360145106,0.6810471468601413,0.7661780402176589,0.8342827549036731,0.05,1.0,0.001
BIOMD0000000713,model,0.2836997800815476,0.0,0.8510993402446428,3,0,0.0,0.0,0.0,0.0,0.0,0.0,0.5106596041467858,0.6808794721957143,0.7659894062201785,0.83407735343975,0.1,1.0,0.001
BIOMD0000000713,model,0.2837434029213096,0.0,0.8512302087639289,3,0,0.0,0.0,0.0,0.0,0.0,0.0,0.5107381252583574,0.6809841670111432,0.7661071878875358,0.8342056045886502,0.2,1.0,0.001
BIOMD0000000713,model,0.2371000589940861,0.0,0.7113001769822584,3,0,0.0,0.0,0.0,0.0,0.0,0.0,0.4267801061893551,0.5690401415858068,0.6401701592840325,0.6970741734426132,0.5,1.0,0.001
BIOMD0000000714,model,0.0,0.0,0.0,4,0,0.0,0.0,0.0,0.0,0.0,0.0,0.0,0.0,0.0,0.0,-0.5,1.0,0.001
BIOMD0000000714,model,0.1819598931156113,0.0,0.7278395724624455,4,0,0.0,0.0,0.0,0.0,0.0,0.0,0.2911358289849784,0.509487700723712,0.6186636365930784,0.7060043852885719,-0.2,1.0,0.001
BIOMD0000000714,model,0.216329649426864,0.0,0.8653185977074563,4,0,0.0,0.0,0.0,0.0,0.0,0.0,0.3461274390829828,0.6057230183952196,0.7355208080513376,0.8393590397762324,-0.1,1.0,0.001
BIOMD0000000714,model,0.23222586571544,0.0,0.92890346286176,4,0,0.0,0.0,0.0,0.0,0.0,0.0,0.3715613851447043,0.6502324240032321,0.7895679434324956,0.901036358975907,-0.05,1.0,0.001
BIOMD0000000714,model,0.6213725224807809,0.0,0.9713046775505622,4,0,0.1128739296218423,0.2257478592436847,0.4514957184873694,0.5643696481092118,0.677243577731054,0.7570927061862807,0.8455373999563923,0.9084210387534772,0.9398628581520196,0.9650163136708536,0.0,1.0,0.001
BIOMD0000000714,model,0.2789029965801273,0.0,0.9009760259266764,4,0,0.0081961107232398,0.0163922214464796,0.0327844428929592,0.040980553616199,0.0491766643394388,0.1073179801969163,0.4563875437140113,0.6786817848203439,0.7898289053735098,0.878746601816043,0.05,1.0,0.001
BIOMD0000000714,model,0.4355975182455815,0.0333618954871579,0.8967296491114124,4,0,0.0438332277304963,0.0543045599738346,0.0752472244605114,0.0857185567038498,0.0961898889471882,0.4061492641918779,0.7841685104091703,0.8404490797602914,0.8685893644358518,0.8911015921763003,0.1,1.0,0.001
BIOMD0000000714,model,0.2540205653821411,0.0,0.8936814156922495,4,0,0.004411245270008,0.008822490540016,0.017644981080032,0.02205622635004,0.026467471620048,0.0612004229181575,0.4132680926986571,0.6534747541954533,0.773578084943851,0.8696607495425697,0.2,1.0,0.001
BIOMD0000000714,model,0.2457098782276773,0.0,0.8817748126213386,4,0,0.0031696480494689,0.0063392960989378,0.0126785921978756,0.0158482402473445,0.0190178882968134,0.0505323501446853,0.4006701530242825,0.6412224828228106,0.7614986477220742,0.8577195796414856,0.5,1.0,0.001
BIOMD0000000715,model,0.9357207936358533,0.8709690213296952,0.9992188765461056,4,0,0.8715828035531159,0.8721965857765367,0.8734241502233782,0.8740379324467988,0.8746517146702195,0.936347638333806,0.9982681749275096,0.9987435257368076,0.9989812011414564,0.9991713414651756,-0.5,1.0,0.001
BIOMD0000000715,model,0.968256299168557,0.9063814622897044,0.9997408868664912,4,0,0.9156527846223044,0.924924106954904,0.9434667516201036,0.9527380739527034,0.9620093962853032,0.9834514237590162,0.999123896553194,0.9994323917098428,0.999586639288167,0.9997100373508264,-0.2,1.0,0.001
BIOMD0000000715,model,0.9731424216044854,0.9098345651573024,0.9999312206965107,4,0,0.9209141759432404,0.931993786729178,0.9541530083010537,0.9652326190869912,0.976312229872929,0.991401950282064,0.9994356463789488,0.9996834335377296,0.9998073271171202,0.9999064419806326,-0.1,1.0,0.001
BIOMD0000000715,model,0.9729454855724994,0.9106938347868876,0.999950337941165,4,0,0.9213676455793192,0.9320414563717504,0.9533890779566132,0.9640628887490448,0.974736699541476,0.9905688847809724,0.9995512528717748,0.9997507954064698,0.9998505666738174,0.9999303836876956,-0.05,1.0,0.001
BIOMD0000000715,model,0.9711427367161206,0.9111405567388589,0.9998767917491744,4,0,0.920548176903628,0.9299557970683971,0.9487710373979352,0.9581786575627044,0.9675862777274736,0.9867767991882246,0.9997680610231476,0.999822426386161,0.9998496090676678,0.9998713552128732,0.0,1.0,0.001
BIOMD0000000715,model,0.969252836801171,0.911258683358932,0.999755080173769,4,0,0.9195108848508928,0.9277630863428536,0.944267489326775,0.9525196908187356,0.9607718923106964,0.9829987918359916,0.9997365662894956,0.9997458232316322,0.9997504517027006,0.9997541544795552,0.05,1.0,0.001
BIOMD0000000715,model,0.9674167751948496,0.9111129909873084,0.999807814827826,4,0,0.9183081780828808,0.9255033651784532,0.9398937393695984,0.947088926465171,0.9542841135607434,0.9793731474821324,0.999722359935014,0.99976508738142,0.999786451104623,0.9998035420831854,0.1,1.0,0.001
BIOMD0000000715,model,0.9648977725806518,0.9149905962700862,0.9997751338210304,4,0,0.9195564758819096,0.924122355493733,0.9332541147173798,0.9378199943292032,0.9423858739410268,0.9724126801157452,0.9995473934579612,0.9996612636394956,0.9997181987302632,0.9997637468028768,0.2,1.0,0.001
BIOMD0000000715,model,0.9561443703810386,0.908093290962022,0.9986133461255032,4,0,0.9098385310852038,0.9115837712083856,0.9150742514547492,0.916819491577931,0.9185647317011127,0.9589354222183144,0.9983309100422384,0.9984721280838708,0.9985427371046868,0.99859922432134,0.5,1.0,0.001
BIOMD0000000716,model,0.0,0.0,0.0,4,0,0.0,0.0,0.0,0.0,0.0,0.0,0.0,0.0,0.0,0.0,-0.5,1.0,0.001
BIOMD0000000716,model,0.0,0.0,0.0,4,0,0.0,0.0,0.0,0.0,0.0,0.0,0.0,0.0,0.0,0.0,-0.2,1.0,0.001
BIOMD0000000716,model,0.0,0.0,0.0,4,0,0.0,0.0,0.0,0.0,0.0,0.0,0.0,0.0,0.0,0.0,-0.1,1.0,0.001
BIOMD0000000716,model,0.0,0.0,0.0,4,0,0.0,0.0,0.0,0.0,0.0,0.0,0.0,0.0,0.0,0.0,-0.05,1.0,0.001
BIOMD0000000716,model,0.0,0.0,0.0,4,0,0.0,0.0,0.0,0.0,0.0,0.0,0.0,0.0,0.0,0.0,0.0,1.0,0.001
BIOMD0000000716,model,0.0,0.0,0.0,4,0,0.0,0.0,0.0,0.0,0.0,0.0,0.0,0.0,0.0,0.0,0.05,1.0,0.001
BIOMD0000000716,model,0.0,0.0,0.0,4,0,0.0,0.0,0.0,0.0,0.0,0.0,0.0,0.0,0.0,0.0,0.1,1.0,0.001
BIOMD0000000716,model,0.0,0.0,0.0,4,0,0.0,0.0,0.0,0.0,0.0,0.0,0.0,0.0,0.0,0.0,0.2,1.0,0.001
BIOMD0000000716,model,0.0,0.0,0.0,4,0,0.0,0.0,0.0,0.0,0.0,0.0,0.0,0.0,0.0,0.0,0.5,1.0,0.001
BIOMD0000000717,model,0.3111694868597571,0.0,0.9335084605792716,3,1,0.0,0.0,0.0,0.0,0.0,0.0,0.560105076347563,0.7468067684634172,0.8401576145213443,0.914838291367686,-0.5,1.0,0.001
BIOMD0000000717,model,0.3103689591026616,0.0,0.9311068773079848,3,1,0.0,0.0,0.0,0.0,0.0,0.0,0.5586641263847909,0.7448855018463879,0.8379961895771862,0.9124847397618252,-0.2,1.0,0.001
BIOMD0000000717,model,0.3102066432334733,0.0,0.93061992970042,3,1,0.0,0.0,0.0,0.0,0.0,0.0,0.5583719578202521,0.744495943760336,0.8375579367303778,0.9120075311064116,-0.1,1.0,0.001
BIOMD0000000717,model,0.3101368503705756,0.0,0.9304105511117268,3,1,0.0,0.0,0.0,0.0,0.0,0.0,0.5582463306670362,0.7443284408893815,0.8373694960005541,0.9118023400894923,-0.05,1.0,0.001
BIOMD0000000717,model,0.3100732826143498,0.0,0.9302198478430496,3,1,0.0,0.0,0.0,0.0,0.0,0.0,0.5581319087058298,0.7441758782744397,0.8371978630587446,0.9116154508861886,0.0,1.0,0.001
BIOMD0000000717,model,0.3100151426522329,0.0,0.9300454279566986,3,1,0.0,0.0,0.0,0.0,0.0,0.0,0.5580272567740192,0.744036342365359,0.8370408851610287,0.9114445193975648,0.05,1.0,0.001
BIOMD0000000717,model,0.3099617637560746,0.0,0.929885291268224,3,1,0.0,0.0,0.0,0.0,0.0,0.0,0.5579311747609345,0.7439082330145792,0.8368967621414014,0.9112875854428596,0.1,1.0,0.001
BIOMD0000000717,model,0.3098671269140244,0.0,0.9296013807420732,3,1,0.0,0.0,0.0,0.0,0.0,0.0,0.557760828445244,0.7436811045936587,0.8366412426678659,0.911009353127232,0.2,1.0,0.001
BIOMD0000000717,model,0.3096532675283196,0.0,0.9289598025849588,3,1,0.0,0.0,0.0,0.0,0.0,0.0,0.5573758815509755,0.7431678420679672,0.8360638223264629,0.9103806065332596,0.5,1.0,0.001
BIOMD0000000719,model,0.0434379372977369,0.0,0.2171896864886847,5,0,0.0,0.0,0.0,0.0,0.0,0.0,0.0434379372977369,0.1303138118932108,0.1737517491909477,0.2085020990291373,-0.5,1.0,0.001
BIOMD0000000719,model,0.15,0.0,0.75,5,0,0.0,0.0,0.0,0.0,0.0,0.0,0.1500000000000001,0.45,0.5999999999999999,0.72,-0.2,1.0,0.001
BIOMD0000000719,model,0.1777777777777777,0.0,0.888888888888889,5,0,0.0,0.0,0.0,0.0,0.0,0.0,0.1777777777777779,0.5333333333333334,0.711111111111111,0.8533333333333334,-0.1,1.0,0.001
BIOMD0000000719,model,0.1894736842105263,0.0,0.9473684210526316,5,0,0.0,0.0,0.0,0.0,0.0,0.0,0.1894736842105264,0.5684210526315789,0.7578947368421051,0.9094736842105262,-0.05,1.0,0.001
BIOMD0000000719,model,0.2,0.0,1.0,5,0,0.0,0.0,0.0,0.0,0.0,0.0,0.2000000000000001,0.6000000000000001,0.7999999999999998,0.96,0.0,1.0,0.001
BIOMD0000000719,model,0.1904761904761904,0.0,0.9523809523809524,5,0,0.0,0.0,0.0,0.0,0.0,0.0,0.1904761904761906,0.5714285714285715,0.7619047619047616,0.914285714285714,0.05,1.0,0.001
BIOMD0000000719,model,0.1818181818181818,0.0,0.9090909090909092,5,0,0.0,0.0,0.0,0.0,0.0,0.0,0.1818181818181819,0.5454545454545455,0.7272727272727271,0.8727272727272727,0.1,1.0,0.001
BIOMD0000000719,model,0.1666666666666666,0.0,0.8333333333333334,5,0,0.0,0.0,0.0,0.0,0.0,0.0,0.1666666666666668,0.5000000000000001,0.6666666666666665,0.8,0.2,1.0,0.001
BIOMD0000000719,model,0.1333333333333333,0.0,0.6666666666666667,5,0,0.0,0.0,0.0,0.0,0.0,0.0,0.1333333333333334,0.4000000000000001,0.5333333333333332,0.64,0.5,1.0,0.001
BIOMD0000000720,model,0.1963691226429118,0.0,0.63516951728971,8,0,0.0,0.0,0.0,0.0,0.0,0.0633825418595024,0.4450312742835992,0.6155345829910978,0.625352050140404,0.6332060238598488,-0.5,1.0,0.001
BIOMD0000000720,model,0.3596967020871479,0.0,0.7943190437222081,8,0,0.0,0.0,0.0,0.0,0.0333142713979806,0.3887683337388045,0.6768656457777237,0.7793204056423829,0.7868197246822954,0.7928191799142256,-0.2,1.0,0.001
BIOMD0000000720,model,0.362215295758979,0.0,0.806834688717054,8,0,0.0,0.0,0.0,0.0,0.0325939663727226,0.3919141437088944,0.6794080035084339,0.7900952729828485,0.7984649808499513,0.8051607471436334,-0.1,1.0,0.001
BIOMD0000000720,model,0.3546281042663108,0.0,0.801267952692138,8,0,0.0,0.0,0.0,0.0,0.0296244068734381,0.3727639175167514,0.6724732675442087,0.7877161572455865,0.7944920549688622,0.7999127731474829,-0.05,1.0,0.001
BIOMD0000000720,model,0.3413474899444939,0.0,0.7920788018266007,8,0,0.0,0.0,0.0,0.0,0.0252425163753139,0.340681420813919,0.6584393338146849,0.7818877223572593,0.78698326209193,0.7910596938796666,0.0,1.0,0.001
BIOMD0000000720,model,0.3264479753888734,0.0,0.7751119832395891,8,0,0.0,0.0,0.0,0.0,0.021581520207027,0.3137562317255561,0.6370794772396957,0.7697686663224103,0.7724403247809997,0.7745776515478712,0.05,1.0,0.001
BIOMD0000000720,model,0.3089743407713629,0.0,0.7505313962372138,8,0,0.0,0.0,0.0,0.0,0.0177771751708374,0.2839358136676612,0.6103334666005444,0.7465781683353555,0.7485547822862846,0.7501360734470279,0.1,1.0,0.001
BIOMD0000000720,model,0.2601913711652768,0.0,0.6941919715453259,8,0,0.0,0.0,0.0,0.0,0.0077523459325346,0.1774835066603171,0.5515951962137527,0.6935199999729752,0.6938559857591505,0.6941247743880908,0.2,1.0,0.001
BIOMD0000000720,model,0.1218599735824528,0.0,0.5177106176285104,8,0,0.0,0.0,0.0,0.0,0.0,0.0,0.2743015026186676,0.4753316050103317,0.496521111319421,0.5134727163666926,0.5,1.0,0.001
BIOMD0000000722,model,0.0,0.0,0.0,5,0,0.0,0.0,0.0,0.0,0.0,0.0,0.0,0.0,0.0,0.0,-0.5,1.0,0.001
BIOMD0000000722,model,0.0,0.0,0.0,5,0,0.0,0.0,0.0,0.0,0.0,0.0,0.0,0.0,0.0,0.0,-0.2,1.0,0.001
BIOMD0000000722,model,0.0,0.0,0.0,5,0,0.0,0.0,0.0,0.0,0.0,0.0,0.0,0.0,0.0,0.0,-0.1,1.0,0.001
BIOMD0000000722,model,0.0,0.0,0.0,5,0,0.0,0.0,0.0,0.0,0.0,0.0,0.0,0.0,0.0,0.0,-0.05,1.0,0.001
BIOMD0000000722,model,0.0,0.0,0.0,5,0,0.0,0.0,0.0,0.0,0.0,0.0,0.0,0.0,0.0,0.0,0.0,1.0,0.001
BIOMD0000000722,model,0.0,0.0,0.0,5,0,0.0,0.0,0.0,0.0,0.0,0.0,0.0,0.0,0.0,0.0,0.05,1.0,0.001
BIOMD0000000722,model,0.0,0.0,0.0,5,0,0.0,0.0,0.0,0.0,0.0,0.0,0.0,0.0,0.0,0.0,0.1,1.0,0.001
BIOMD0000000722,model,0.0,0.0,0.0,5,0,0.0,0.0,0.0,0.0,0.0,0.0,0.0,0.0,0.0,0.0,0.2,1.0,0.001
BIOMD0000000722,model,0.0,0.0,0.0,5,0,0.0,0.0,0.0,0.0,0.0,0.0,0.0,0.0,0.0,0.0,0.5,1.0,0.001
BIOMD0000000723,model,0.0703932540505024,0.0,0.9999933474609888,25,0,0.0,0.0,0.0,0.0,0.0,0.0,0.0,0.2123404105328148,0.3955299925084433,0.8574199007696018,-0.5,1.0,0.001
BIOMD0000000723,model,0.1032563544092848,0.0,0.9999980504186766,25,0,0.0,0.0,0.0,0.0,0.0,0.0,0.0,0.495009980458787,0.5859479419433506,0.9046989754001818,-0.2,1.0,0.001
BIOMD0000000723,model,0.0868312577259412,0.0,0.9999986802384072,25,0,0.0,0.0,0.0,0.0,0.0,0.0,0.0,0.3528473334434336,0.4443015828042412,0.8719524678861599,-0.1,1.0,0.001
BIOMD0000000723,model,0.0555145645615291,0.0,0.9999988823124538,25,0,0.0,0.0,0.0,0.0,0.0,0.0,0.0,0.1056598274328008,0.2046323579478189,0.810822875198529,-0.05,1.0,0.001
BIOMD0000000723,model,0.0429736315882344,0.0,0.9999989622299488,25,0,0.0,0.0,0.0,0.0,0.0,0.0,0.0,0.0,0.0594734619807295,0.7778412498889782,0.0,1.0,0.001
BIOMD0000000723,model,0.039999958085301,0.0,0.999998952132526,25,0,0.0,0.0,0.0,0.0,0.0,0.0,0.0,0.0,0.0,0.7599992036207178,0.05,1.0,0.001
BIOMD0000000723,model,0.0399999561092146,0.0,0.9999989027303672,25,0,0.0,0.0,0.0,0.0,0.0,0.0,0.0,0.0,0.0,0.759999166075077,0.1,1.0,0.001
BIOMD0000000723,model,0.3514630256681962,0.0,1.0,24,1,0.0,0.0,0.0,0.0,0.0,0.0,1.0,1.0,1.0,1.0,0.2,1.0,0.001
BIOMD0000000723,model,0.3499366511251781,0.0,1.0,24,1,0.0,0.0,0.0,0.0,0.0,0.0,1.0,1.0,1.0,1.0,0.5,1.0,0.001
BIOMD0000000724,model,0.1241221175905715,0.0,0.997405044564882,28,0,0.0,0.0,0.0,0.0,0.0,0.0,0.0,0.7340813186875957,0.909781155517189,0.9751994764353316,-0.5,1.0,0.001
BIOMD0000000724,model,0.1241525430639621,0.0,0.9974050432454268,28,0,0.0,0.0,0.0,0.0,0.0,0.0,0.0,0.7346773569273714,0.9097814293118002,0.9751995444308454,-0.2,1.0,0.001
BIOMD0000000724,model,0.1241594495405487,0.0,0.9974050430011548,28,0,0.0,0.0,0.0,0.0,0.0,0.0,0.0,0.7348126681215154,0.9097814800136004,0.975199557022448,-0.1,1.0,0.001
BIOMD0000000724,model,0.1241625354139451,0.0,0.997405042898196,28,0,0.0,0.0,0.0,0.0,0.0,0.0,0.0,0.7348731277692592,0.9097815013603694,0.9751995623237708,-0.05,1.0,0.001
BIOMD0000000724,model,0.1241654152349239,0.0,0.9974050428057248,28,0,0.0,0.0,0.0,0.0,0.0,0.0,0.0,0.7349295511349647,0.9097815205739108,0.9751995670954486,0.0,1.0,0.001
BIOMD0000000724,model,0.1241681119442575,0.0,0.9974050427218925,28,0,0.0,0.0,0.0,0.0,0.0,0.0,0.0,0.7349823875167848,0.9097815379645612,0.9751995714141866,0.05,1.0,0.001
BIOMD0000000724,model,0.1241706450907371,0.0,0.9974050426458354,28,0,0.0,0.0,0.0,0.0,0.0,0.0,0.0,0.7350320198200229,0.9097815537605146,0.9751995753372172,0.1,1.0,0.001
BIOMD0000000724,model,0.124175283162928,0.0,0.997405042512588,28,0,0.0,0.0,0.0,0.0,0.0,0.0,0.0,0.7351228956248927,0.9097815814184376,0.9751995822059184,0.2,1.0,0.001
BIOMD0000000724,model,0.1241865744784941,0.0,0.9974050422192274,28,0,0.0,0.0,0.0,0.0,0.0,0.0,0.0,0.7353441385149831,0.9097816422595352,0.975199597315424,0.5,1.0,0.001
BIOMD0000000726,model,0.0,0.0,0.0,8,0,0.0,0.0,0.0,0.0,0.0,0.0,0.0,0.0,0.0,0.0,-0.5,1.0,0.001
BIOMD0000000726,model,0.0,0.0,0.0,8,0,0.0,0.0,0.0,0.0,0.0,0.0,0.0,0.0,0.0,0.0,-0.2,1.0,0.001
BIOMD0000000726,model,0.0,0.0,0.0,8,0,0.0,0.0,0.0,0.0,0.0,0.0,0.0,0.0,0.0,0.0,-0.1,1.0,0.001
BIOMD0000000726,model,0.0,0.0,0.0,8,0,0.0,0.0,0.0,0.0,0.0,0.0,0.0,0.0,0.0,0.0,-0.05,1.0,0.001
BIOMD0000000726,model,0.0,0.0,0.0,8,0,0.0,0.0,0.0,0.0,0.0,0.0,0.0,0.0,0.0,0.0,0.0,1.0,0.001
BIOMD0000000726,model,0.0,0.0,0.0,8,0,0.0,0.0,0.0,0.0,0.0,0.0,0.0,0.0,0.0,0.0,0.05,1.0,0.001
BIOMD0000000726,model,0.0,0.0,0.0,8,0,0.0,0.0,0.0,0.0,0.0,0.0,0.0,0.0,0.0,0.0,0.1,1.0,0.001
BIOMD0000000726,model,0.0,0.0,0.0,8,0,0.0,0.0,0.0,0.0,0.0,0.0,0.0,0.0,0.0,0.0,0.2,1.0,0.001
BIOMD0000000726,model,0.0,0.0,0.0,8,0,0.0,0.0,0.0,0.0,0.0,0.0,0.0,0.0,0.0,0.0,0.5,1.0,0.001
BIOMD0000000728,model,0.0,0.0,0.0,2,0,0.0,0.0,0.0,0.0,0.0,0.0,0.0,0.0,0.0,0.0,-0.5,1.0,0.001
BIOMD0000000728,model,0.0,0.0,0.0,2,0,0.0,0.0,0.0,0.0,0.0,0.0,0.0,0.0,0.0,0.0,-0.2,1.0,0.001
BIOMD0000000728,model,0.0,0.0,0.0,2,0,0.0,0.0,0.0,0.0,0.0,0.0,0.0,0.0,0.0,0.0,-0.1,1.0,0.001
BIOMD0000000728,model,0.0,0.0,0.0,2,0,0.0,0.0,0.0,0.0,0.0,0.0,0.0,0.0,0.0,0.0,-0.05,1.0,0.001
BIOMD0000000728,model,0.0,0.0,0.0,2,0,0.0,0.0,0.0,0.0,0.0,0.0,0.0,0.0,0.0,0.0,0.0,1.0,0.001
BIOMD0000000728,model,0.0,0.0,0.0,2,0,0.0,0.0,0.0,0.0,0.0,0.0,0.0,0.0,0.0,0.0,0.05,1.0,0.001
BIOMD0000000728,model,0.0,0.0,0.0,2,0,0.0,0.0,0.0,0.0,0.0,0.0,0.0,0.0,0.0,0.0,0.1,1.0,0.001
BIOMD0000000728,model,0.0,0.0,0.0,2,0,0.0,0.0,0.0,0.0,0.0,0.0,0.0,0.0,0.0,0.0,0.2,1.0,0.001
BIOMD0000000728,model,0.0,0.0,0.0,2,0,0.0,0.0,0.0,0.0,0.0,0.0,0.0,0.0,0.0,0.0,0.5,1.0,0.001
BIOMD0000000729,model,0.0,0.0,0.0,3,0,0.0,0.0,0.0,0.0,0.0,0.0,0.0,0.0,0.0,0.0,-0.5,1.0,0.001
BIOMD0000000729,model,0.0,0.0,0.0,3,0,0.0,0.0,0.0,0.0,0.0,0.0,0.0,0.0,0.0,0.0,-0.2,1.0,0.001
BIOMD0000000729,model,0.0,0.0,0.0,3,0,0.0,0.0,0.0,0.0,0.0,0.0,0.0,0.0,0.0,0.0,-0.1,1.0,0.001
BIOMD0000000729,model,0.0,0.0,0.0,3,0,0.0,0.0,0.0,0.0,0.0,0.0,0.0,0.0,0.0,0.0,-0.05,1.0,0.001
BIOMD0000000729,model,0.0,0.0,0.0,3,0,0.0,0.0,0.0,0.0,0.0,0.0,0.0,0.0,0.0,0.0,0.0,1.0,0.001
BIOMD0000000729,model,0.0,0.0,0.0,3,0,0.0,0.0,0.0,0.0,0.0,0.0,0.0,0.0,0.0,0.0,0.05,1.0,0.001
BIOMD0000000729,model,0.0,0.0,0.0,3,0,0.0,0.0,0.0,0.0,0.0,0.0,0.0,0.0,0.0,0.0,0.1,1.0,0.001
BIOMD0000000729,model,0.0,0.0,0.0,3,0,0.0,0.0,0.0,0.0,0.0,0.0,0.0,0.0,0.0,0.0,0.2,1.0,0.001
BIOMD0000000729,model,0.0,0.0,0.0,3,0,0.0,0.0,0.0,0.0,0.0,0.0,0.0,0.0,0.0,0.0,0.5,1.0,0.001
BIOMD0000000732,model,0.0,0.0,0.0,3,0,0.0,0.0,0.0,0.0,0.0,0.0,0.0,0.0,0.0,0.0,-0.5,1.0,0.001
BIOMD0000000732,model,0.0,0.0,0.0,3,0,0.0,0.0,0.0,0.0,0.0,0.0,0.0,0.0,0.0,0.0,-0.2,1.0,0.001
BIOMD0000000732,model,0.0,0.0,0.0,3,0,0.0,0.0,0.0,0.0,0.0,0.0,0.0,0.0,0.0,0.0,-0.1,1.0,0.001
BIOMD0000000732,model,0.0,0.0,0.0,3,0,0.0,0.0,0.0,0.0,0.0,0.0,0.0,0.0,0.0,0.0,-0.05,1.0,0.001
BIOMD0000000732,model,0.0,0.0,0.0,3,0,0.0,0.0,0.0,0.0,0.0,0.0,0.0,0.0,0.0,0.0,0.0,1.0,0.001
BIOMD0000000732,model,0.0,0.0,0.0,3,0,0.0,0.0,0.0,0.0,0.0,0.0,0.0,0.0,0.0,0.0,0.05,1.0,0.001
BIOMD0000000732,model,0.0,0.0,0.0,3,0,0.0,0.0,0.0,0.0,0.0,0.0,0.0,0.0,0.0,0.0,0.1,1.0,0.001
BIOMD0000000732,model,0.0,0.0,0.0,3,0,0.0,0.0,0.0,0.0,0.0,0.0,0.0,0.0,0.0,0.0,0.2,1.0,0.001
BIOMD0000000732,model,0.0,0.0,0.0,3,0,0.0,0.0,0.0,0.0,0.0,0.0,0.0,0.0,0.0,0.0,0.5,1.0,0.001
BIOMD0000000733,model,0.5160365059213537,0.0,0.9705883537230552,3,0,0.0577521164041006,0.1155042328082012,0.2310084656164024,0.2887605820205031,0.3465126984246037,0.5775211640410062,0.8133614778502356,0.8919749157866453,0.9312816347548502,0.962727009929414,-0.5,1.0,0.001
BIOMD0000000733,model,0.5163890489413632,0.0,0.9714066120174992,3,0,0.057776053480659,0.115552106961318,0.2311042139226361,0.2888802674032952,0.3466563208839542,0.5777605348065904,0.8139481811331357,0.8926773965753174,0.9320420042964082,0.963533690473281,-0.2,1.0,0.001
BIOMD0000000733,model,0.5169379723257126,0.0,0.9729936612088376,3,0,0.05778202557683,0.11556405115366,0.23112810230732,0.28891012788415,0.34669215346098,0.5778202557683001,0.8149242990326226,0.8939589801207302,0.933476320664784,0.965090193100027,-0.1,1.0,0.001
BIOMD0000000733,model,0.517313872000328,0.0,0.9740940612819868,3,0,0.0577847554718997,0.1155695109437994,0.2311390218875989,0.2889237773594986,0.3467085328313983,0.5778475547189973,0.815595458656791,0.8948447599693888,0.9344694106256878,0.9661691311507268,-0.05,1.0,0.001
BIOMD0000000733,model,0.5177280474849186,0.0,0.9753106434859746,3,0,0.0577873498968781,0.1155746997937562,0.2311493995875125,0.2889367494843906,0.3467240993812687,0.5778734989687813,0.8163357856790974,0.895823214582536,0.9355669290342552,0.9673619005956308,0.0,1.0,0.001
BIOMD0000000733,model,0.5181634424761042,0.0,0.9765922223119144,3,0,0.0577898105116398,0.1155796210232797,0.2311592420465594,0.2889490525581992,0.3467388630698391,0.5778981051163985,0.817114575433708,0.8968533988728111,0.9367228105923628,0.968618339968004,0.05,1.0,0.001
BIOMD0000000733,model,0.5186070695656243,0.0,0.9778995949841076,3,0,0.0577921613712765,0.115584322742553,0.2311686454851061,0.2889608068563826,0.3467529682276591,0.5779216137127653,0.8179084024755707,0.8979039987298392,0.9379017968569734,0.9699000353586807,0.1,1.0,0.001
BIOMD0000000733,model,0.517980673599102,0.0,0.9759765209561662,3,0,0.057796549984114,0.115593099968228,0.231186199936456,0.28898274992057,0.346779299904684,0.57796549984114,0.8167721125101557,0.8963743167331609,0.9361754188446636,0.9680163005338656,0.2,1.0,0.001
BIOMD0000000733,model,0.5062131509398177,0.0,0.9405618196308948,3,0,0.0578077633188558,0.1156155266377116,0.2312310532754232,0.289038816594279,0.3468465799131348,0.5780776331885581,0.7955681450539601,0.8680649823424275,0.9043134009866612,0.933312135902048,0.5,1.0,0.001
BIOMD0000000736,model,0.5818876997731306,0.177981573180763,0.9857938263654982,2,9,0.2183721858399998,0.2587627984992365,0.3395440238177101,0.3799346364769468,0.4203252491361835,0.5818876997731306,0.8242313757285512,0.9050126010470246,0.9454032137062612,0.9777157038336508,-0.5,1.0,0.001
BIOMD0000000736,model,0.8874233382008044,0.7806183719845109,0.994228304417098,2,9,0.7912988686061403,0.8019793652277696,0.8233403584710283,0.8340208550926577,0.8447013517142871,0.8874233382008044,0.9515063179305806,0.9728673111738392,0.9835478077954686,0.992092205092772,-0.2,1.0,0.001
BIOMD0000000736,model,0.9491542375975424,0.9012603127755624,0.9970481624195228,2,9,0.9060497052577604,0.9108390977399584,0.9204178827043544,0.9252072751865524,0.9299966676687504,0.9491542375975424,0.9778905924907306,0.9874693774551266,0.9922587699373246,0.9960902839230832,-0.1,1.0,0.001
BIOMD0000000736,model,0.9757493908721656,0.9529773781670846,0.998521403577247,2,9,0.9552545794375928,0.9575317807081009,0.9620861832491172,0.9643633845196252,0.9666405857901332,0.9757493908721656,0.9894125984952143,0.9939670010362308,0.9962442023067388,0.9980659633231452,-0.05,1.0,0.001
BIOMD0000000736,model,0.9999999999999994,0.9999999999999992,0.9999999999999996,2,9,0.9999999999999992,0.9999999999999992,0.9999999999999992,0.9999999999999992,0.9999999999999992,0.9999999999999994,0.9999999999999996,0.9999999999999996,0.9999999999999996,0.9999999999999996,0.0,1.0,0.001
BIOMD0000000736,model,0.97779310742652,0.9570601995798848,0.9985260152731552,2,9,0.9591334903645484,0.9612067811492118,0.9653533627185388,0.9674266535032024,0.969499944287866,0.97779310742652,0.9902328521345012,0.994379433703828,0.9964527244884916,0.9981113571162225,0.05,1.0,0.001
BIOMD0000000736,model,0.9573728357294522,0.917693574554907,0.9970520969039974,2,9,0.9216615006723616,0.925629426789816,0.9335652790247252,0.9375332051421796,0.941501131259634,0.9573728357294522,0.9811803924341792,0.9891162446690884,0.9930841707865428,0.9962585116805064,0.1,1.0,0.001
BIOMD0000000736,model,0.9210706477045132,0.8480327810639586,0.994108514345068,2,9,0.8553365677280141,0.8626403543920695,0.8772479277201805,0.884551714384236,0.8918555010482914,0.9210706477045132,0.964893367688846,0.979500941016957,0.9868047276810124,0.9926477570122568,0.2,1.0,0.001
BIOMD0000000736,model,0.8382696038012354,0.6912406880177862,0.9852985195846848,2,9,0.7059435795961311,0.720646471174476,0.7500522543311658,0.7647551459095108,0.7794580374878557,0.8382696038012354,0.926486953271305,0.9558927364279948,0.9705956280063398,0.9823579412690158,0.5,1.0,0.001
BIOMD0000000737,model,0.0,0.0,0.0,1,10,0.0,0.0,0.0,0.0,0.0,0.0,0.0,0.0,0.0,0.0,-0.5,1.0,0.001
BIOMD0000000737,model,0.0,0.0,0.0,1,10,0.0,0.0,0.0,0.0,0.0,0.0,0.0,0.0,0.0,0.0,-0.2,1.0,0.001
BIOMD0000000737,model,0.4970198241320731,0.0,0.9940396482641464,2,9,0.0497019824132073,0.0994039648264146,0.1988079296528292,0.2485099120660365,0.2982118944792438,0.4970198241320731,0.795231718611317,0.8946356834377317,0.9443376658509388,0.9840992517815048,-0.1,1.0,0.001
BIOMD0000000737,model,0.4892046011563459,0.0,0.978409202312692,2,9,0.0489204601156346,0.0978409202312692,0.1956818404625384,0.2446023005781729,0.2935227606938075,0.4892046011563459,0.7827273618501536,0.8805682820814227,0.9294887421970572,0.968625110289565,-0.05,1.0,0.001
BIOMD0000000737,model,0.485962080596301,0.0,0.971924161192602,2,9,0.0485962080596301,0.0971924161192602,0.1943848322385204,0.2429810402981505,0.2915772483577806,0.485962080596301,0.7775393289540817,0.8747317450733418,0.923327953132972,0.962204919580676,0.0,1.0,0.001
BIOMD0000000737,model,0.4722652082794696,0.0,0.9445304165589392,2,9,0.0472265208279469,0.0944530416558939,0.1889060833117878,0.2361326041397348,0.2833591249676818,0.4722652082794696,0.7556243332471515,0.8500773749030455,0.8973038957309923,0.93508511239335,0.05,1.0,0.001
BIOMD0000000737,model,0.4661321080762899,0.0,0.9322642161525798,2,9,0.0466132108076289,0.0932264216152579,0.1864528432305159,0.2330660540381449,0.2796792648457739,0.4661321080762899,0.7458113729220639,0.8390377945373219,0.8856510053449508,0.922941573991054,0.1,1.0,0.001
BIOMD0000000737,model,0.4309816312535484,0.0,0.8619632625070968,2,9,0.0430981631253548,0.0861963262507096,0.1723926525014193,0.2154908156267742,0.258588978752129,0.4309816312535484,0.6895706100056774,0.7757669362563872,0.8188650993817419,0.8533436298820258,0.2,1.0,0.001
BIOMD0000000737,model,0.2255467891509073,0.0,0.4510935783018147,2,9,0.0225546789150907,0.0451093578301814,0.0902187156603629,0.1127733945754536,0.1353280734905444,0.2255467891509073,0.3608748626414517,0.4059842204716332,0.4285388993867239,0.4465826425187965,0.5,1.0,0.001
BIOMD0000000738,model,0.39734003370326,0.2192284251957334,0.5754516422107865,2,9,0.2370395860464861,0.2548507468972387,0.290473068598744,0.3082842294494967,0.3260953903002493,0.39734003370326,0.5042069988077759,0.5398293205092812,0.5576404813600339,0.571889410040636,-0.5,1.0,0.001
BIOMD0000000738,model,0.1285026911308024,0.0,0.2570053822616048,2,9,0.0128502691130802,0.0257005382261604,0.0514010764523209,0.0642513455654012,0.0771016146784814,0.1285026911308024,0.2056043058092839,0.2313048440354443,0.2441551131485246,0.2544353284389888,-0.2,1.0,0.001
BIOMD0000000738,model,0.1327919077376224,0.0,0.2655838154752448,2,9,0.0132791907737622,0.0265583815475244,0.0531167630950489,0.0663959538688112,0.0796751446425734,0.1327919077376224,0.2124670523801958,0.2390254339277203,0.2523046247014825,0.2629279773204923,-0.1,1.0,0.001
BIOMD0000000738,model,0.1346946500939453,0.0,0.2693893001878907,2,9,0.0134694650093945,0.026938930018789,0.0538778600375781,0.0673473250469726,0.0808167900563672,0.1346946500939453,0.2155114401503126,0.2424503701691016,0.2559198351784962,0.2666954071860118,-0.05,1.0,0.001
BIOMD0000000738,model,0.1364607218195017,0.0,0.2729214436390035,2,9,0.0136460721819501,0.0272921443639003,0.0545842887278007,0.0682303609097508,0.081876433091701,0.1364607218195017,0.2183371549112028,0.2456292992751032,0.2592753714570533,0.2701922292026135,0.0,1.0,0.001
BIOMD0000000738,model,0.1381053256997726,0.0,0.2762106513995453,2,9,0.0138105325699772,0.0276210651399545,0.055242130279909,0.0690526628498863,0.0828631954198635,0.1381053256997726,0.2209685211196362,0.2485895862595908,0.262400118829568,0.2734485448855498,0.05,1.0,0.001
BIOMD0000000738,model,0.1396413828572352,0.0,0.2792827657144705,2,9,0.0139641382857235,0.027928276571447,0.0558565531428941,0.0698206914286176,0.0837848297143411,0.1396413828572352,0.2234262125715764,0.2513544891430235,0.265318627428747,0.2764899380573258,0.1,1.0,0.001
BIOMD0000000738,model,0.1424311951417763,0.0,0.2848623902835527,2,9,0.0142431195141776,0.0284862390283552,0.0569724780567105,0.0712155975708881,0.0854587170850658,0.1424311951417763,0.2278899122268421,0.2563761512551974,0.270619270769375,0.2820137663807172,0.2,1.0,0.001
BIOMD0000000738,model,0.0994047424897478,0.0,0.2982142274692434,3,8,0.0,0.0,0.0,0.0,0.0,0.0,0.178928536481546,0.2385713819753947,0.2683928047223191,0.2922499429198585,0.5,1.0,0.001
BIOMD0000000739,model,,,,0,24,,,,,,,,,,,-0.5,1.0,0.001
BIOMD0000000739,model,,,,0,24,,,,,,,,,,,-0.2,1.0,0.001
BIOMD0000000739,model,,,,0,24,,,,,,,,,,,-0.1,1.0,0.001
BIOMD0000000739,model,,,,0,24,,,,,,,,,,,-0.05,1.0,0.001
BIOMD0000000739,model,,,,0,24,,,,,,,,,,,0.0,1.0,0.001
BIOMD0000000739,model,,,,0,24,,,,,,,,,,,0.05,1.0,0.001
BIOMD0000000739,model,,,,0,24,,,,,,,,,,,0.1,1.0,0.001
BIOMD0000000739,model,,,,0,24,,,,,,,,,,,0.2,1.0,0.001
BIOMD0000000739,model,,,,0,24,,,,,,,,,,,0.5,1.0,0.001
BIOMD0000000740,model,0.267046492369571,0.0,0.9999995752478184,19,13,0.0,0.0,0.0,0.0,0.0,0.0,0.8184196405625399,0.8727303271016721,0.9396110310329778,0.9879218664048504,-0.5,1.0,0.001
BIOMD0000000740,model,0.5433443085589175,0.0,0.9999992033838424,19,13,0.0,0.0,0.0,0.1468932413255857,0.3126112940631089,0.75,0.8183265482628121,0.8727251242752638,0.9395929277309326,0.9879179482532604,-0.2,1.0,0.001
BIOMD0000000740,model,0.5945100523662346,0.0,0.9999990806128904,19,13,0.0,0.0,0.0,0.1468902374249715,0.3125978514767416,0.8576858638366287,0.8888888888888888,0.8976867527052388,0.9395902952348634,0.9879173235372852,-0.1,1.0,0.001
BIOMD0000000740,model,0.6160534984764832,0.0,0.9999990200482844,19,13,0.0,0.0,0.0,0.1468888271070857,0.3125923972795888,0.8576857624309504,0.9473684210526316,0.9473684210526316,0.9526314809521969,0.9905255122290668,-0.05,1.0,0.001
BIOMD0000000740,model,0.6354425958870558,0.0,1.0,19,13,0.0,0.0,0.0,0.1468874722667635,0.3125876658161207,0.8576856777343855,1.0,1.0,1.0,1.0,0.0,1.0,0.001
BIOMD0000000740,model,0.6178973960303827,0.0,0.999998900915583,19,13,0.0,0.0,0.0,0.1468861686189217,0.3125835789179774,0.8576856078996921,0.9523809523809524,0.9523809523809524,0.9571427472344152,0.9914276701793496,0.05,1.0,0.001
BIOMD0000000740,model,0.6019472223025709,0.0,0.99999884244736,19,13,0.0,0.0,0.0,0.1468849127425356,0.312580068351833,0.8576855513069617,0.9090909090909092,0.9138478736626272,0.9395880429992856,0.9879166825577452,0.1,1.0,0.001
BIOMD0000000740,model,0.5740344555515516,0.0,0.999998727877675,19,13,0.0,0.0,0.0,0.1468825297008552,0.3125745394124624,0.8333333333333334,0.8413554109438907,0.8727235178656355,0.9395880029165838,0.9879165828854568,0.2,1.0,0.001
BIOMD0000000740,model,0.512626748363196,0.0,0.9999984041732264,19,13,0.0,0.0,0.0,0.1468762030913091,0.3125666882336985,0.6666666666666667,0.8182054380104122,0.8727240692276798,0.939590589939042,0.9879168413263896,0.5,1.0,0.001
BIOMD0000000743,model,0.8689887958584054,0.548161773797392,0.997141247606065,4,0,0.6060956800069464,0.6640295862165007,0.7798973986356094,0.8378313048451637,0.895765211054718,0.9653260810150824,0.9966151071438724,0.9968781773749688,0.9970097124905168,0.9971149405829554,-0.5,1.0,0.001
BIOMD0000000743,model,0.8695786752314052,0.5481013895787079,0.9985304893168336,4,0,0.606042848601079,0.6639843076234501,0.7798672256681922,0.8378086846905634,0.8957501437129344,0.9658414110150396,0.997795219108072,0.9981628542124528,0.9983466717646432,0.9984937258063956,-0.2,1.0,0.001
BIOMD0000000743,model,0.8696419209280387,0.5480947309519438,0.998735558051176,4,0,0.6060368614916434,0.6639789920313428,0.7798632531107418,0.8378053836504412,0.8957475141901406,0.9658686973545176,0.9979112993159271,0.9983234286835516,0.9985294933673636,0.9986943451144136,-0.1,1.0,0.001
BIOMD0000000743,model,0.8696494135732515,0.5480927449379099,0.9987917173866782,4,0,0.606035041713881,0.6639773384898521,0.7798619320417941,0.8378042288177652,0.8957465255937361,0.9658565959842088,0.997919768069092,0.9983557427278852,0.9985737300572816,0.9987481199207988,-0.05,1.0,0.001
BIOMD0000000743,model,0.8696563857396857,0.5480913282590085,0.9988482847543316,4,0,0.6060337407459059,0.6639761532328032,0.779860978206598,0.8378033906934954,0.8957458031803927,0.9658429649727014,0.9979264249659796,0.9983873548601556,0.9986178198072436,0.998802191764914,0.0,1.0,0.001
BIOMD0000000743,model,0.869646309201239,0.5480907426164439,0.9988483751998616,4,0,0.6060331686034676,0.6639755945904913,0.7798604465645388,0.8378028725515625,0.8957452985385861,0.9658230594943252,0.9979028719551736,0.9983756235775176,0.9986119993886896,0.9988011000376272,0.05,1.0,0.001
BIOMD0000000743,model,0.8696361436990789,0.5480897360748845,0.9988393455500164,4,0,0.6060322193712603,0.6639747026676359,0.7798596692603874,0.8378021525567632,0.8957446358531388,0.9658077465857072,0.997881259292422,0.9983603024212192,0.9985998239856178,0.9987914412371368,0.1,1.0,0.001
BIOMD0000000743,model,0.8696072188335009,0.5480899626532543,0.9987819206406168,4,0,0.6060323259933913,0.6639746893335284,0.7798594160138025,0.8378017793539395,0.8957441426940765,0.9657784960200662,0.9978235325278254,0.9983027265842211,0.998542323612419,0.9987340012349774,0.2,1.0,0.001
BIOMD0000000743,model,0.8694310914242596,0.5480961088570848,0.9982717458868644,4,0,0.6060374806932652,0.6639788525294456,0.7798615962018063,0.8378029680379866,0.895744339874167,0.9656782554765444,0.9974994522676268,0.9978855990772456,0.9980786724820552,0.9982331312059026,0.5,1.0,0.001
BIOMD0000000744,model,0.3980035155711321,0.0,0.9983297752712884,5,0,0.0,0.0,0.0,0.0,0.0,0.0,0.9930161971217556,0.995672986196522,0.9970013807339052,0.9980640963638115,-0.5,1.0,0.001
BIOMD0000000744,model,0.3990645477886637,0.0,0.99957677301839,5,0,0.0,0.0,0.0,0.0,0.0,0.0,0.996512127343621,0.9980444501810056,0.998810611599698,0.9994235407346516,-0.2,1.0,0.001
BIOMD0000000744,model,0.3992624732327408,0.0,0.9998102747519612,5,0,0.0,0.0,0.0,0.0,0.0,0.0,0.9971637280797864,0.998487001415874,0.9991486380839176,0.9996779474183524,-0.1,1.0,0.001
BIOMD0000000744,model,0.399345895673482,0.0,0.999908921794241,5,0,0.0,0.0,0.0,0.0,0.0,0.0,0.9974382296173838,0.9986735757058124,0.9992912487500266,0.999785387185398,-0.05,1.0,0.001
BIOMD0000000744,model,0.3994210280876139,0.0,0.9999975781480732,5,0,0.0,0.0,0.0,0.0,0.0,0.0,0.9976855654616116,0.9988415718048425,0.9994195749764578,0.9998819775137502,0.0,1.0,0.001
BIOMD0000000744,model,0.3994577307231378,0.0,0.9999217259247788,5,0,0.0,0.0,0.0,0.0,0.0,0.0,0.997877887337684,0.9988998066312316,0.9994107662780052,0.999819533995424,0.05,1.0,0.001
BIOMD0000000744,model,0.3994903975479102,0.0,0.9998486938838194,5,0,0.0,0.0,0.0,0.0,0.0,0.0,0.9980523738613496,0.9989505338725844,0.999399613878202,0.999758877882696,0.1,1.0,0.001
BIOMD0000000744,model,0.3995472078646068,0.0,0.9997200853158006,5,0,0.0,0.0,0.0,0.0,0.0,0.0,0.9983567802689468,0.9990384327923736,0.9993792590540872,0.999651920063458,0.2,1.0,0.001
BIOMD0000000744,model,0.3996721345890917,0.0,0.9994367251940964,5,0,0.0,0.0,0.0,0.0,0.0,0.0,0.9990265032399088,0.9992316142170026,0.9993341697055494,0.9994162140963868,0.5,1.0,0.001
BIOMD0000000745,model,0.4616871650020894,0.0,0.6824841741256366,5,0,0.0904480373064257,0.1808960746128514,0.3617921492257028,0.4522401865321285,0.4711805322330894,0.5469419150369332,0.6379124742777265,0.6601983242016815,0.671341249163659,0.680255589133241,-0.5,1.0,0.001
BIOMD0000000745,model,0.8319842773368415,0.6336495207927078,0.924399938763349,5,0,0.6769341829423167,0.7202188450919257,0.8067881693911436,0.8500728315407525,0.8536679816830921,0.8680485822524504,0.8918803984206283,0.9081401685919888,0.9162700536776688,0.922773961746213,-0.2,1.0,0.001
BIOMD0000000745,model,0.9228469378497428,0.8330594969575559,0.9670651907591152,5,0,0.8516874688329604,0.870315440708365,0.9075713844591742,0.9261993563345788,0.9294194671062233,0.9422999101928008,0.9499016261555536,0.9584834084573344,0.9627742996082248,0.9662070125289371,-0.1,1.0,0.001
BIOMD0000000745,model,0.9628521814084066,0.9200108517269624,0.9845236911086308,5,0,0.928645954649025,0.9372810575710876,0.9545512634152128,0.9631863663372754,0.9651302018350552,0.9729055438261748,0.9758123014561174,0.9801679962823742,0.9823458436955024,0.9840881216260052,-0.05,1.0,0.001
BIOMD0000000745,model,0.9999991708356102,0.9999979584341888,0.9999999179551866,5,0,0.9999981065776016,0.9999982547210144,0.99999855100784,0.9999986991512528,0.9999988773946727,0.9999995903683536,0.9999997342062926,0.9999998260807396,0.9999998720179633,0.999999908767742,0.0,1.0,0.001
BIOMD0000000745,model,0.965249368060252,0.926075584075459,0.9860551074443162,5,0,0.933473634516922,0.9408716849583852,0.9556677858413114,0.9630658362827744,0.965475640910769,0.9751148594227466,0.9779593839496336,0.9820072456969748,0.9840311765706456,0.985650321269582,0.05,1.0,0.001
BIOMD0000000745,model,0.932459886131217,0.8574721926941952,0.97299796416889,5,0,0.8711323931996245,0.8847925937050539,0.9121129947159128,0.9257731952213422,0.9309288842199464,0.951551640214364,0.9582031435196132,0.9656005538442516,0.9692992590065708,0.9722582231364262,0.1,1.0,0.001
BIOMD0000000745,model,0.8713911207437907,0.7338290716019178,0.9475233877408756,5,0,0.7569443892415966,0.7800597068812752,0.8262903421606327,0.8494056598003115,0.8611088022511472,0.90792137205449,0.9241255675652624,0.9358244776530688,0.9416739326969722,0.9463534967320948,0.2,1.0,0.001
BIOMD0000000745,model,0.7117658543749762,0.441669660659444,0.8718852133144385,5,0,0.4732754468139424,0.5048812329684408,0.5680928052774374,0.5996985914319358,0.639432405536758,0.7983676619560467,0.8521435582733003,0.8620143857938695,0.866949799554154,0.8708981305623815,0.5,1.0,0.001
BIOMD0000000746,model,0.3333333333333333,0.0,1.0,3,0,0.0,0.0,0.0,0.0,0.0,0.0,0.6000000000000001,0.8,0.8999999999999999,0.98,-0.5,1.0,0.001
BIOMD0000000746,model,0.3333333333333333,0.0,1.0,3,0,0.0,0.0,0.0,0.0,0.0,0.0,0.6000000000000001,0.8,0.8999999999999999,0.98,-0.2,1.0,0.001
BIOMD0000000746,model,0.3333333333333333,0.0,1.0,3,0,0.0,0.0,0.0,0.0,0.0,0.0,0.6000000000000001,0.8,0.8999999999999999,0.98,-0.1,1.0,0.001
BIOMD0000000746,model,0.3333333333333333,0.0,1.0,3,0,0.0,0.0,0.0,0.0,0.0,0.0,0.6000000000000001,0.8,0.8999999999999999,0.98,-0.05,1.0,0.001
BIOMD0000000746,model,0.3333333333333333,0.0,1.0,3,0,0.0,0.0,0.0,0.0,0.0,0.0,0.6000000000000001,0.8,0.8999999999999999,0.98,0.0,1.0,0.001
BIOMD0000000746,model,0.3333333333333333,0.0,1.0,3,0,0.0,0.0,0.0,0.0,0.0,0.0,0.6000000000000001,0.8,0.8999999999999999,0.98,0.05,1.0,0.001
BIOMD0000000746,model,0.3333333333333333,0.0,1.0,3,0,0.0,0.0,0.0,0.0,0.0,0.0,0.6000000000000001,0.7999999999999999,0.8999999999999998,0.98,0.1,1.0,0.001
BIOMD0000000746,model,0.3333333333333333,0.0,1.0,3,0,0.0,0.0,0.0,0.0,0.0,0.0,0.6000000000000001,0.7999999999999999,0.8999999999999998,0.98,0.2,1.0,0.001
BIOMD0000000746,model,0.3333333333333333,0.0,1.0,3,0,0.0,0.0,0.0,0.0,0.0,0.0,0.6000000000000001,0.8,0.8999999999999999,0.98,0.5,1.0,0.001
BIOMD0000000747,model,0.0,0.0,0.0,23,10,0.0,0.0,0.0,0.0,0.0,0.0,0.0,0.0,0.0,0.0,-0.5,1.0,0.001
BIOMD0000000747,model,0.0,0.0,0.0,23,10,0.0,0.0,0.0,0.0,0.0,0.0,0.0,0.0,0.0,0.0,-0.2,1.0,0.001
BIOMD0000000747,model,0.0,0.0,0.0,24,9,0.0,0.0,0.0,0.0,0.0,0.0,0.0,0.0,0.0,0.0,-0.1,1.0,0.001
BIOMD0000000747,model,0.0,0.0,0.0,24,9,0.0,0.0,0.0,0.0,0.0,0.0,0.0,0.0,0.0,0.0,-0.05,1.0,0.001
BIOMD0000000747,model,0.0,0.0,0.0,24,9,0.0,0.0,0.0,0.0,0.0,0.0,0.0,0.0,0.0,0.0,0.0,1.0,0.001
BIOMD0000000747,model,0.0,0.0,0.0,24,9,0.0,0.0,0.0,0.0,0.0,0.0,0.0,0.0,0.0,0.0,0.05,1.0,0.001
BIOMD0000000747,model,0.0,0.0,0.0,24,9,0.0,0.0,0.0,0.0,0.0,0.0,0.0,0.0,0.0,0.0,0.1,1.0,0.001
BIOMD0000000747,model,0.0,0.0,0.0,24,9,0.0,0.0,0.0,0.0,0.0,0.0,0.0,0.0,0.0,0.0,0.2,1.0,0.001
BIOMD0000000747,model,0.0,0.0,0.0,24,9,0.0,0.0,0.0,0.0,0.0,0.0,0.0,0.0,0.0,0.0,0.5,1.0,0.001
BIOMD0000000748,model,0.0,0.0,0.0,3,1,0.0,0.0,0.0,0.0,0.0,0.0,0.0,0.0,0.0,0.0,-0.5,1.0,0.001
BIOMD0000000748,model,0.0,0.0,0.0,3,1,0.0,0.0,0.0,0.0,0.0,0.0,0.0,0.0,0.0,0.0,-0.2,1.0,0.001
BIOMD0000000748,model,0.1118572025940243,0.0,0.4474288103760975,4,0,0.0,0.0,0.0,0.0,0.0,0.0,0.1789715241504391,0.3132001672632684,0.3803144888196827,0.4340059460648145,-0.1,1.0,0.001
BIOMD0000000748,model,0.1094906883818259,0.0,0.4379627535273037,4,0,0.0,0.0,0.0,0.0,0.0,0.0,0.1751851014109216,0.3065739274691126,0.372268340498208,0.4248238709214844,-0.05,1.0,0.001
BIOMD0000000748,model,0.0,0.0,0.0,4,0,0.0,0.0,0.0,0.0,0.0,0.0,0.0,0.0,0.0,0.0,0.0,1.0,0.001
BIOMD0000000748,model,0.0,0.0,0.0,4,0,0.0,0.0,0.0,0.0,0.0,0.0,0.0,0.0,0.0,0.0,0.05,1.0,0.001
BIOMD0000000748,model,0.0,0.0,0.0,4,0,0.0,0.0,0.0,0.0,0.0,0.0,0.0,0.0,0.0,0.0,0.1,1.0,0.001
BIOMD0000000748,model,0.0,0.0,0.0,4,0,0.0,0.0,0.0,0.0,0.0,0.0,0.0,0.0,0.0,0.0,0.2,1.0,0.001
BIOMD0000000748,model,0.0,0.0,0.0,4,0,0.0,0.0,0.0,0.0,0.0,0.0,0.0,0.0,0.0,0.0,0.5,1.0,0.001
BIOMD0000000749,model,0.0,0.0,0.0,2,0,0.0,0.0,0.0,0.0,0.0,0.0,0.0,0.0,0.0,0.0,-0.5,1.0,0.001
BIOMD0000000749,model,0.0,0.0,0.0,2,0,0.0,0.0,0.0,0.0,0.0,0.0,0.0,0.0,0.0,0.0,-0.2,1.0,0.001
BIOMD0000000749,model,0.0,0.0,0.0,2,0,0.0,0.0,0.0,0.0,0.0,0.0,0.0,0.0,0.0,0.0,-0.1,1.0,0.001
BIOMD0000000749,model,0.0,0.0,0.0,2,0,0.0,0.0,0.0,0.0,0.0,0.0,0.0,0.0,0.0,0.0,-0.05,1.0,0.001
BIOMD0000000749,model,0.0,0.0,0.0,2,0,0.0,0.0,0.0,0.0,0.0,0.0,0.0,0.0,0.0,0.0,0.0,1.0,0.001
BIOMD0000000749,model,0.0,0.0,0.0,2,0,0.0,0.0,0.0,0.0,0.0,0.0,0.0,0.0,0.0,0.0,0.05,1.0,0.001
BIOMD0000000749,model,0.0,0.0,0.0,2,0,0.0,0.0,0.0,0.0,0.0,0.0,0.0,0.0,0.0,0.0,0.1,1.0,0.001
BIOMD0000000749,model,0.0,0.0,0.0,2,0,0.0,0.0,0.0,0.0,0.0,0.0,0.0,0.0,0.0,0.0,0.2,1.0,0.001
BIOMD0000000749,model,0.0,0.0,0.0,2,0,0.0,0.0,0.0,0.0,0.0,0.0,0.0,0.0,0.0,0.0,0.5,1.0,0.001
BIOMD0000000750,model,0.0,0.0,0.0,8,0,0.0,0.0,0.0,0.0,0.0,0.0,0.0,0.0,0.0,0.0,-0.5,1.0,0.001
BIOMD0000000750,model,0.0,0.0,0.0,8,0,0.0,0.0,0.0,0.0,0.0,0.0,0.0,0.0,0.0,0.0,-0.2,1.0,0.001
BIOMD0000000750,model,0.0,0.0,0.0,8,0,0.0,0.0,0.0,0.0,0.0,0.0,0.0,0.0,0.0,0.0,-0.1,1.0,0.001
BIOMD0000000750,model,0.0,0.0,0.0,8,0,0.0,0.0,0.0,0.0,0.0,0.0,0.0,0.0,0.0,0.0,-0.05,1.0,0.001
BIOMD0000000750,model,0.0,0.0,0.0,8,0,0.0,0.0,0.0,0.0,0.0,0.0,0.0,0.0,0.0,0.0,0.0,1.0,0.001
BIOMD0000000750,model,0.0,0.0,0.0,8,0,0.0,0.0,0.0,0.0,0.0,0.0,0.0,0.0,0.0,0.0,0.05,1.0,0.001
BIOMD0000000750,model,0.0,0.0,0.0,8,0,0.0,0.0,0.0,0.0,0.0,0.0,0.0,0.0,0.0,0.0,0.1,1.0,0.001
BIOMD0000000750,model,0.0,0.0,0.0,8,0,0.0,0.0,0.0,0.0,0.0,0.0,0.0,0.0,0.0,0.0,0.2,1.0,0.001
BIOMD0000000750,model,0.0,0.0,0.0,8,0,0.0,0.0,0.0,0.0,0.0,0.0,0.0,0.0,0.0,0.0,0.5,1.0,0.001
BIOMD0000000751,model,0.0,0.0,0.0,2,0,0.0,0.0,0.0,0.0,0.0,0.0,0.0,0.0,0.0,0.0,-0.5,1.0,0.001
BIOMD0000000751,model,0.0,0.0,0.0,2,0,0.0,0.0,0.0,0.0,0.0,0.0,0.0,0.0,0.0,0.0,-0.2,1.0,0.001
BIOMD0000000751,model,0.0,0.0,0.0,2,0,0.0,0.0,0.0,0.0,0.0,0.0,0.0,0.0,0.0,0.0,-0.1,1.0,0.001
BIOMD0000000751,model,0.0,0.0,0.0,2,0,0.0,0.0,0.0,0.0,0.0,0.0,0.0,0.0,0.0,0.0,-0.05,1.0,0.001
BIOMD0000000751,model,0.0,0.0,0.0,2,0,0.0,0.0,0.0,0.0,0.0,0.0,0.0,0.0,0.0,0.0,0.0,1.0,0.001
BIOMD0000000751,model,0.0,0.0,0.0,2,0,0.0,0.0,0.0,0.0,0.0,0.0,0.0,0.0,0.0,0.0,0.05,1.0,0.001
BIOMD0000000751,model,0.0,0.0,0.0,2,0,0.0,0.0,0.0,0.0,0.0,0.0,0.0,0.0,0.0,0.0,0.1,1.0,0.001
BIOMD0000000751,model,0.0,0.0,0.0,2,0,0.0,0.0,0.0,0.0,0.0,0.0,0.0,0.0,0.0,0.0,0.2,1.0,0.001
BIOMD0000000751,model,0.0,0.0,0.0,2,0,0.0,0.0,0.0,0.0,0.0,0.0,0.0,0.0,0.0,0.0,0.5,1.0,0.001
BIOMD0000000752,model,0.0714129689372811,0.0,0.2142389068118434,3,0,0.0,0.0,0.0,0.0,0.0,0.0,0.128543344087106,0.1713911254494747,0.192815016130659,0.2099541286756065,-0.5,1.0,0.001
BIOMD0000000752,model,0.0715089569580961,0.0,0.2145268708742884,3,0,0.0,0.0,0.0,0.0,0.0,0.0,0.1287161225245731,0.1716214966994308,0.1930741837868596,0.2102363334568027,-0.2,1.0,0.001
BIOMD0000000752,model,0.0673851119545963,0.0,0.2021553358637889,3,0,0.0,0.0,0.0,0.0,0.0,0.0,0.1212932015182733,0.1617242686910311,0.18193980227741,0.1981122291465131,-0.1,1.0,0.001
BIOMD0000000752,model,0.0706786238283753,0.0,0.212035871485126,3,0,0.0,0.0,0.0,0.0,0.0,0.0,0.1272215228910756,0.1696286971881008,0.1908322843366134,0.2077951540554235,-0.05,1.0,0.001
BIOMD0000000752,model,0.0689599323189524,0.0,0.2068797969568572,3,0,0.0,0.0,0.0,0.0,0.0,0.0,0.1241278781741143,0.1655038375654858,0.1861918172611715,0.2027422010177201,0.0,1.0,0.001
BIOMD0000000752,model,0.0647929422161033,0.0,0.1943788266483098,3,0,0.0,0.0,0.0,0.0,0.0,0.0,0.1166272959889859,0.1555030613186479,0.1749409439834788,0.1904912501153436,0.05,1.0,0.001
BIOMD0000000752,model,0.0608600520652507,0.0,0.1825801561957521,3,0,0.0,0.0,0.0,0.0,0.0,0.0,0.1095480937174513,0.1460641249566017,0.1643221405761769,0.1789285530718371,0.1,1.0,0.001
BIOMD0000000752,model,0.0556640336224472,0.0,0.1669921008673416,3,0,0.0,0.0,0.0,0.0,0.0,0.0,0.1001952605204049,0.1335936806938733,0.1502928907806074,0.1636522588499948,0.2,1.0,0.001
BIOMD0000000752,model,0.0324532627184536,0.0,0.0973597881553608,3,0,0.0,0.0,0.0,0.0,0.0,0.0,0.0584158728932164,0.0778878305242886,0.0876238093398247,0.0954125923922535,0.5,1.0,0.001
BIOMD0000000753,model,0.9503973418737796,0.9265014505322128,0.9742932332153464,2,0,0.9288910396663694,0.931280628800526,0.9360598070688396,0.9384493962029962,0.9408389853371528,0.9503973418737796,0.9647348766787196,0.969514054947033,0.9719036440811896,0.973815315388515,-0.5,1.0,0.001
BIOMD0000000753,model,0.9482505089432832,0.9265033218828744,0.9699976960036923,2,0,0.9286780405889152,0.930852759294956,0.935202196707038,0.9373769154130788,0.9395516341191198,0.9482505089432832,0.9612988211795288,0.9656482585916106,0.9678229772976517,0.9695627522624842,-0.2,1.0,0.001
BIOMD0000000753,model,0.9480001041432824,0.9265055998639844,0.9694946084225804,2,0,0.928655050291914,0.930804500719844,0.9351034015757036,0.9372528520036332,0.9394023024315632,0.9480001041432824,0.9608968067108612,0.9651957075667208,0.9673451579946504,0.9690647183369944,-0.1,1.0,0.001
BIOMD0000000753,model,0.946786454766851,0.9265065150774806,0.9670663944562212,2,0,0.9285345090464177,0.9305625030153548,0.9346184909532288,0.9366464849221656,0.9386744788911028,0.946786454766851,0.9589544185804731,0.9630104065183472,0.9650384004872842,0.9666607956624338,-0.05,1.0,0.001
BIOMD0000000753,model,0.9454647738873774,0.9264984782767138,0.9644310694980408,2,0,0.9283951078377802,0.9302917373988464,0.9340849965209792,0.9359816260820456,0.937878255643112,0.9454647738873774,0.9568445512537754,0.960637810375908,0.9625344399369744,0.9640517435858276,0.0,1.0,0.001
BIOMD0000000753,model,0.9440245401819416,0.9264853148111554,0.9615637655527278,2,0,0.928239237348234,0.9299931598853126,0.93350100495947,0.9352549274965484,0.9370088500336272,0.9440245401819416,0.9545480754044132,0.9580559204785706,0.9598098430156492,0.961212981045312,0.05,1.0,0.001
BIOMD0000000753,model,0.9452753992292938,0.9264700336491272,0.9640807648094604,2,0,0.9283505702071438,0.9302311067651604,0.933992179881194,0.9358727164392104,0.9377532529972272,0.9452753992292938,0.9565586185773938,0.9603196916934272,0.9622002282514438,0.9637046574978572,0.1,1.0,0.001
BIOMD0000000753,model,0.94430293286148,0.9264443927009394,0.9621614730220208,2,0,0.9282302467169934,0.9300161007330476,0.9335878087651556,0.9353736627812096,0.9371595167972638,0.94430293286148,0.9550180569578044,0.9585897649899128,0.9603756190059668,0.96180430221881,0.2,1.0,0.001
BIOMD0000000753,model,0.9403982168319532,0.9263446380453266,0.9544517956185796,2,0,0.9277499959239892,0.929155353802652,0.9319660695599772,0.93337142743864,0.9347767853173026,0.9403982168319532,0.9488303641039292,0.9516410798612543,0.9530464377399168,0.9541707240428472,0.5,1.0,0.001
BIOMD0000000754,model,0.0,0.0,0.0,3,0,0.0,0.0,0.0,0.0,0.0,0.0,0.0,0.0,0.0,0.0,-0.5,1.0,0.001
BIOMD0000000754,model,0.0,0.0,0.0,3,0,0.0,0.0,0.0,0.0,0.0,0.0,0.0,0.0,0.0,0.0,-0.2,1.0,0.001
BIOMD0000000754,model,0.0,0.0,0.0,3,0,0.0,0.0,0.0,0.0,0.0,0.0,0.0,0.0,0.0,0.0,-0.1,1.0,0.001
BIOMD0000000754,model,0.0,0.0,0.0,3,0,0.0,0.0,0.0,0.0,0.0,0.0,0.0,0.0,0.0,0.0,-0.05,1.0,0.001
BIOMD0000000754,model,0.0,0.0,0.0,3,0,0.0,0.0,0.0,0.0,0.0,0.0,0.0,0.0,0.0,0.0,0.0,1.0,0.001
BIOMD0000000754,model,0.0,0.0,0.0,3,0,0.0,0.0,0.0,0.0,0.0,0.0,0.0,0.0,0.0,0.0,0.05,1.0,0.001
BIOMD0000000754,model,0.0,0.0,0.0,3,0,0.0,0.0,0.0,0.0,0.0,0.0,0.0,0.0,0.0,0.0,0.1,1.0,0.001
BIOMD0000000754,model,0.0129610113197081,0.0,0.0388830339591244,3,0,0.0,0.0,0.0,0.0,0.0,0.0,0.0233298203754746,0.0311064271672995,0.034994730563212,0.038105373279942,0.2,1.0,0.001
BIOMD0000000754,model,0.0468503806219109,0.0,0.1405511418657327,3,0,0.0,0.0,0.0,0.0,0.0,0.0,0.0843306851194396,0.1124409134925861,0.1264960276791594,0.137740119028418,0.5,1.0,0.001
BIOMD0000000755,model,,,,0,9,,,,,,,,,,,-0.5,1.0,0.001
BIOMD0000000755,model,,,,0,9,,,,,,,,,,,-0.2,1.0,0.001
BIOMD0000000755,model,,,,0,9,,,,,,,,,,,-0.1,1.0,0.001
BIOMD0000000755,model,,,,0,9,,,,,,,,,,,-0.05,1.0,0.001
BIOMD0000000755,model,,,,0,9,,,,,,,,,,,0.0,1.0,0.001
BIOMD0000000755,model,,,,0,9,,,,,,,,,,,0.05,1.0,0.001
BIOMD0000000755,model,,,,0,9,,,,,,,,,,,0.1,1.0,0.001
BIOMD0000000755,model,,,,0,9,,,,,,,,,,,0.2,1.0,0.001
BIOMD0000000755,model,,,,0,9,,,,,,,,,,,0.5,1.0,0.001
BIOMD0000000756,model,0.0,0.0,0.0,3,1,0.0,0.0,0.0,0.0,0.0,0.0,0.0,0.0,0.0,0.0,-0.5,1.0,0.001
BIOMD0000000756,model,0.0,0.0,0.0,3,1,0.0,0.0,0.0,0.0,0.0,0.0,0.0,0.0,0.0,0.0,-0.2,1.0,0.001
BIOMD0000000756,model,0.0,0.0,0.0,3,1,0.0,0.0,0.0,0.0,0.0,0.0,0.0,0.0,0.0,0.0,-0.1,1.0,0.001
BIOMD0000000756,model,0.0,0.0,0.0,3,1,0.0,0.0,0.0,0.0,0.0,0.0,0.0,0.0,0.0,0.0,-0.05,1.0,0.001
BIOMD0000000756,model,0.0,0.0,0.0,3,1,0.0,0.0,0.0,0.0,0.0,0.0,0.0,0.0,0.0,0.0,0.0,1.0,0.001
BIOMD0000000756,model,0.0,0.0,0.0,3,1,0.0,0.0,0.0,0.0,0.0,0.0,0.0,0.0,0.0,0.0,0.05,1.0,0.001
BIOMD0000000756,model,0.0,0.0,0.0,3,1,0.0,0.0,0.0,0.0,0.0,0.0,0.0,0.0,0.0,0.0,0.1,1.0,0.001
BIOMD0000000756,model,0.0,0.0,0.0,3,1,0.0,0.0,0.0,0.0,0.0,0.0,0.0,0.0,0.0,0.0,0.2,1.0,0.001
BIOMD0000000756,model,0.0,0.0,0.0,3,1,0.0,0.0,0.0,0.0,0.0,0.0,0.0,0.0,0.0,0.0,0.5,1.0,0.001
BIOMD0000000757,model,0.0,0.0,0.0,7,0,0.0,0.0,0.0,0.0,0.0,0.0,0.0,0.0,0.0,0.0,-0.5,1.0,0.001
BIOMD0000000757,model,0.0,0.0,0.0,7,0,0.0,0.0,0.0,0.0,0.0,0.0,0.0,0.0,0.0,0.0,-0.2,1.0,0.001
BIOMD0000000757,model,0.0,0.0,0.0,7,0,0.0,0.0,0.0,0.0,0.0,0.0,0.0,0.0,0.0,0.0,-0.1,1.0,0.001
BIOMD0000000757,model,0.0,0.0,0.0,7,0,0.0,0.0,0.0,0.0,0.0,0.0,0.0,0.0,0.0,0.0,-0.05,1.0,0.001
BIOMD0000000757,model,0.0,0.0,0.0,7,0,0.0,0.0,0.0,0.0,0.0,0.0,0.0,0.0,0.0,0.0,0.0,1.0,0.001
BIOMD0000000757,model,0.0,0.0,0.0,7,0,0.0,0.0,0.0,0.0,0.0,0.0,0.0,0.0,0.0,0.0,0.05,1.0,0.001
BIOMD0000000757,model,0.0,0.0,0.0,7,0,0.0,0.0,0.0,0.0,0.0,0.0,0.0,0.0,0.0,0.0,0.1,1.0,0.001
BIOMD0000000757,model,0.0,0.0,0.0,7,0,0.0,0.0,0.0,0.0,0.0,0.0,0.0,0.0,0.0,0.0,0.2,1.0,0.001
BIOMD0000000757,model,0.0,0.0,0.0,7,0,0.0,0.0,0.0,0.0,0.0,0.0,0.0,0.0,0.0,0.0,0.5,1.0,0.001
BIOMD0000000758,model,0.0066546917200554,0.0,0.0133093834401109,2,0,0.0006654691720055,0.001330938344011,0.0026618766880221,0.0033273458600277,0.0039928150320332,0.0066546917200554,0.0106475067520887,0.0119784450960998,0.0126439142681053,0.0131762896057098,-0.5,1.0,0.001
BIOMD0000000758,model,0.0068499230350269,0.0,0.0136998460700538,2,0,0.0006849923035026,0.0013699846070053,0.0027399692140107,0.0034249615175134,0.0041099538210161,0.0068499230350269,0.0109598768560431,0.0123298614630484,0.0130148537665511,0.0135628476093533,-0.2,1.0,0.001
BIOMD0000000758,model,0.0016783716987892,0.0,0.0033567433975784,2,0,0.0001678371698789,0.0003356743397578,0.0006713486795156,0.0008391858493946,0.0010070230192735,0.0016783716987892,0.0026853947180627,0.0030210690578206,0.0031889062276995,0.0033231759636026,-0.1,1.0,0.001
BIOMD0000000758,model,0.0056184569455421,0.0,0.0112369138910842,2,0,0.0005618456945542,0.0011236913891084,0.0022473827782168,0.002809228472771,0.0033710741673252,0.0056184569455421,0.0089895311128673,0.0101132225019758,0.01067506819653,0.0111245447521733,-0.05,1.0,0.001
BIOMD0000000758,model,0.0012889124416516,0.0,0.0025778248833033,2,0,0.0001288912441651,0.0002577824883303,0.0005155649766606,0.0006444562208258,0.0007733474649909,0.0012889124416516,0.0020622599066426,0.0023200423949729,0.0024489336391381,0.0025520466344702,0.0,1.0,0.001
BIOMD0000000758,model,0.0007198253231911,0.0,0.0014396506463822,2,0,7.198253231911478e-05,0.0001439650646382,0.0002879301292764,0.0003599126615955,0.0004318951939146,0.0007198253231911,0.0011517205171058,0.001295685581744,0.0013676681140631,0.0014252541399184,0.05,1.0,0.001
BIOMD0000000758,model,0.0,0.0,0.0,1,1,0.0,0.0,0.0,0.0,0.0,0.0,0.0,0.0,0.0,0.0,0.1,1.0,0.001
BIOMD0000000758,model,0.000777459998932,0.0,0.0015549199978641,2,0,7.774599989320841e-05,0.0001554919997864,0.0003109839995728,0.000388729999466,0.0004664759993592,0.000777459998932,0.0012439359982913,0.0013994279980777,0.0014771739979709,0.0015393707978855,0.2,1.0,0.001
BIOMD0000000758,model,0.000929030802376,0.0,0.0018580616047521,2,0,9.290308023760964e-05,0.0001858061604752,0.0003716123209504,0.000464515401188,0.0005574184814256,0.000929030802376,0.0014864492838017,0.0016722554442769,0.0017651585245145,0.0018394809887046,0.5,1.0,0.001
BIOMD0000000759,model,0.0,0.0,0.0,6,0,0.0,0.0,0.0,0.0,0.0,0.0,0.0,0.0,0.0,0.0,-0.5,1.0,0.001
BIOMD0000000759,model,0.0,0.0,0.0,6,0,0.0,0.0,0.0,0.0,0.0,0.0,0.0,0.0,0.0,0.0,-0.2,1.0,0.001
BIOMD0000000759,model,0.0,0.0,0.0,6,0,0.0,0.0,0.0,0.0,0.0,0.0,0.0,0.0,0.0,0.0,-0.1,1.0,0.001
BIOMD0000000759,model,0.0,0.0,0.0,6,0,0.0,0.0,0.0,0.0,0.0,0.0,0.0,0.0,0.0,0.0,-0.05,1.0,0.001
BIOMD0000000759,model,0.0,0.0,0.0,6,0,0.0,0.0,0.0,0.0,0.0,0.0,0.0,0.0,0.0,0.0,0.0,1.0,0.001
BIOMD0000000759,model,0.0,0.0,0.0,6,0,0.0,0.0,0.0,0.0,0.0,0.0,0.0,0.0,0.0,0.0,0.05,1.0,0.001
BIOMD0000000759,model,0.0,0.0,0.0,6,0,0.0,0.0,0.0,0.0,0.0,0.0,0.0,0.0,0.0,0.0,0.1,1.0,0.001
BIOMD0000000759,model,0.0,0.0,0.0,6,0,0.0,0.0,0.0,0.0,0.0,0.0,0.0,0.0,0.0,0.0,0.2,1.0,0.001
BIOMD0000000759,model,0.0,0.0,0.0,6,0,0.0,0.0,0.0,0.0,0.0,0.0,0.0,0.0,0.0,0.0,0.5,1.0,0.001
BIOMD0000000760,model,0.0,0.0,0.0,2,0,0.0,0.0,0.0,0.0,0.0,0.0,0.0,0.0,0.0,0.0,-0.5,1.0,0.001
BIOMD0000000760,model,0.0,0.0,0.0,2,0,0.0,0.0,0.0,0.0,0.0,0.0,0.0,0.0,0.0,0.0,-0.2,1.0,0.001
BIOMD0000000760,model,0.0,0.0,0.0,2,0,0.0,0.0,0.0,0.0,0.0,0.0,0.0,0.0,0.0,0.0,-0.1,1.0,0.001
BIOMD0000000760,model,0.0,0.0,0.0,2,0,0.0,0.0,0.0,0.0,0.0,0.0,0.0,0.0,0.0,0.0,-0.05,1.0,0.001
BIOMD0000000760,model,0.0,0.0,0.0,2,0,0.0,0.0,0.0,0.0,0.0,0.0,0.0,0.0,0.0,0.0,0.0,1.0,0.001
BIOMD0000000760,model,0.0,0.0,0.0,2,0,0.0,0.0,0.0,0.0,0.0,0.0,0.0,0.0,0.0,0.0,0.05,1.0,0.001
BIOMD0000000760,model,0.0,0.0,0.0,2,0,0.0,0.0,0.0,0.0,0.0,0.0,0.0,0.0,0.0,0.0,0.1,1.0,0.001
BIOMD0000000760,model,0.0,0.0,0.0,2,0,0.0,0.0,0.0,0.0,0.0,0.0,0.0,0.0,0.0,0.0,0.2,1.0,0.001
BIOMD0000000760,model,0.0,0.0,0.0,2,0,0.0,0.0,0.0,0.0,0.0,0.0,0.0,0.0,0.0,0.0,0.5,1.0,0.001
BIOMD0000000761,model,0.1664772728436829,0.0,0.9988636370620976,6,0,0.0,0.0,0.0,0.0,0.0,0.0,0.0,0.4994318185310488,0.7491477277965732,0.9489204552089928,-0.5,1.0,0.001
BIOMD0000000761,model,0.1664780533299391,0.0,0.9988683199796348,6,0,0.0,0.0,0.0,0.0,0.0,0.0,0.0,0.4994341599898173,0.749151239984726,0.9489249039806532,-0.2,1.0,0.001
BIOMD0000000761,model,0.1664777778685643,0.0,0.998866667211386,6,0,0.0,0.0,0.0,0.0,0.0,0.0,0.0,0.499433333605693,0.7491500004085394,0.9489233338508168,-0.1,1.0,0.001
BIOMD0000000761,model,0.1664775519748898,0.0,0.9988653118493392,6,0,0.0,0.0,0.0,0.0,0.0,0.0,0.0,0.4994326559246695,0.7491489838870043,0.9489220462568724,-0.05,1.0,0.001
BIOMD0000000761,model,0.1664774223167774,0.0,0.9988645339006648,6,0,0.0,0.0,0.0,0.0,0.0,0.0,0.0,0.4994322669503324,0.7491484004254986,0.9489213072056316,0.0,1.0,0.001
BIOMD0000000761,model,0.1664772306057393,0.0,0.9988633836344362,6,0,0.0,0.0,0.0,0.0,0.0,0.0,0.0,0.4994316918172181,0.7491475377258271,0.9489202144527146,0.05,1.0,0.001
BIOMD0000000761,model,0.1664771298110738,0.0,0.998862778866443,6,0,0.0,0.0,0.0,0.0,0.0,0.0,0.0,0.4994313894332215,0.7491470841498322,0.948919639923121,0.1,1.0,0.001
BIOMD0000000761,model,0.16647681292483,0.0,0.9988608775489802,6,0,0.0,0.0,0.0,0.0,0.0,0.0,0.0,0.4994304387744901,0.7491456581617352,0.9489178336715314,0.2,1.0,0.001
BIOMD0000000761,model,0.1664753087987492,0.0,0.9988518527924954,6,0,0.0,0.0,0.0,0.0,0.0,0.0,0.0,0.4994259263962477,0.7491388895943716,0.9489092601528708,0.5,1.0,0.001
BIOMD0000000762,model,0.2448529582639712,0.0,0.4897059165279424,2,0,0.0244852958263971,0.0489705916527942,0.0979411833055884,0.1224264791319856,0.1469117749583827,0.2448529582639712,0.3917647332223539,0.4407353248751482,0.4652206207015453,0.484808857362663,-0.5,1.0,0.001
BIOMD0000000762,model,0.3222832577519465,0.0,0.644566515503893,2,0,0.0322283257751946,0.0644566515503893,0.1289133031007786,0.1611416288759732,0.1933699546511678,0.3222832577519465,0.5156532124031145,0.5801098639535037,0.6123381897286984,0.638120850348854,-0.2,1.0,0.001
BIOMD0000000762,model,0.3079304202470511,0.0,0.6158608404941022,2,0,0.0307930420247051,0.0615860840494102,0.1231721680988204,0.1539652101235255,0.1847582521482306,0.3079304202470511,0.4926886723952817,0.5542747564446919,0.585067798469397,0.6097022320891612,-0.1,1.0,0.001
BIOMD0000000762,model,0.3110362906805713,0.0,0.6220725813611426,2,0,0.0311036290680571,0.0622072581361142,0.1244145162722285,0.1555181453402856,0.1866217744083428,0.3110362906805713,0.4976580650889141,0.5598653232250284,0.5909689522930854,0.6158518555475312,-0.05,1.0,0.001
BIOMD0000000762,model,0.2915794541291776,0.0,0.5831589082583553,2,0,0.0291579454129177,0.0583158908258355,0.116631781651671,0.1457897270645888,0.1749476724775065,0.2915794541291776,0.4665271266066842,0.5248430174325197,0.5540009628454374,0.5773273191757717,0.0,1.0,0.001
BIOMD0000000762,model,0.2730123838577758,0.0,0.5460247677155516,2,0,0.0273012383857775,0.0546024767715551,0.1092049535431103,0.1365061919288879,0.1638074303146655,0.2730123838577758,0.4368198141724413,0.4914222909439965,0.5187235293297741,0.5405645200383962,0.05,1.0,0.001
BIOMD0000000762,model,0.2554514845726626,0.0,0.5109029691453253,2,0,0.0255451484572662,0.0510902969145325,0.102180593829065,0.1277257422863313,0.1532708907435976,0.2554514845726626,0.4087223753162602,0.4598126722307927,0.485357820688059,0.5057939394538721,0.1,1.0,0.001
BIOMD0000000762,model,0.2234225589163288,0.0,0.4468451178326577,2,0,0.0223422558916328,0.0446845117832657,0.0893690235665315,0.1117112794581644,0.1340535353497973,0.2234225589163288,0.3574760942661261,0.4021606060493919,0.4245028619410247,0.4423766666543311,0.2,1.0,0.001
BIOMD0000000762,model,0.1512303570382753,0.0,0.3024607140765507,2,0,0.0151230357038275,0.030246071407655,0.0604921428153101,0.0756151785191376,0.0907382142229652,0.1512303570382753,0.2419685712612406,0.2722146426688956,0.2873376783727231,0.2994361069357852,0.5,1.0,0.001
BIOMD0000000764,model,0.0,0.0,0.0,4,0,0.0,0.0,0.0,0.0,0.0,0.0,0.0,0.0,0.0,0.0,-0.5,1.0,0.001
BIOMD0000000764,model,0.0,0.0,0.0,4,0,0.0,0.0,0.0,0.0,0.0,0.0,0.0,0.0,0.0,0.0,-0.2,1.0,0.001
BIOMD0000000764,model,0.0,0.0,0.0,4,0,0.0,0.0,0.0,0.0,0.0,0.0,0.0,0.0,0.0,0.0,-0.1,1.0,0.001
BIOMD0000000764,model,0.0,0.0,0.0,4,0,0.0,0.0,0.0,0.0,0.0,0.0,0.0,0.0,0.0,0.0,-0.05,1.0,0.001
BIOMD0000000764,model,0.3491632336858743,0.0,0.7572752518534118,4,0,0.0,0.0,0.0,0.0,0.0,0.3196888414450427,0.6865367104754161,0.721905981164414,0.7395906165089128,0.753738324784512,0.0,1.0,0.001
BIOMD0000000764,model,0.0,0.0,0.0,4,0,0.0,0.0,0.0,0.0,0.0,0.0,0.0,0.0,0.0,0.0,0.05,1.0,0.001
BIOMD0000000764,model,0.0,0.0,0.0,4,0,0.0,0.0,0.0,0.0,0.0,0.0,0.0,0.0,0.0,0.0,0.1,1.0,0.001
BIOMD0000000764,model,0.0,0.0,0.0,4,0,0.0,0.0,0.0,0.0,0.0,0.0,0.0,0.0,0.0,0.0,0.2,1.0,0.001
BIOMD0000000764,model,0.0,0.0,0.0,4,0,0.0,0.0,0.0,0.0,0.0,0.0,0.0,0.0,0.0,0.0,0.5,1.0,0.001
BIOMD0000000765,model,0.0,0.0,0.0,3,1,0.0,0.0,0.0,0.0,0.0,0.0,0.0,0.0,0.0,0.0,-0.5,1.0,0.001
BIOMD0000000765,model,0.1375602871180659,0.0,0.2181198858190014,3,1,0.0194560975535196,0.0389121951070392,0.0778243902140785,0.0972804877675982,0.1167365853211178,0.1945609755351964,0.2086963217054794,0.2134081037622404,0.2157639947906209,0.2176487076133253,-0.2,1.0,0.001
BIOMD0000000765,model,0.3787161110004877,0.0,0.6861594566013547,3,1,0.0449988876400108,0.0899977752800216,0.1799955505600433,0.2249944382000541,0.2699933258400649,0.4499888764001082,0.5916912245208561,0.6389253405611054,0.66254239858123,0.6814360449973298,-0.1,1.0,0.001
BIOMD0000000765,model,0.4761047463335261,0.0,0.8725525324526626,3,1,0.0555761706547915,0.1111523413095831,0.2223046826191663,0.2778808532739579,0.3334570239287494,0.5557617065479158,0.745836202090764,0.8091943672717132,0.8408734498621879,0.8662167159345677,-0.05,1.0,0.001
BIOMD0000000765,model,0.5183630996420514,0.0,0.905077341194198,3,1,0.0650011957731956,0.1300023915463912,0.2600047830927824,0.325005978865978,0.3900071746391736,0.6500119577319561,0.8030511878093013,0.8540642645017498,0.879570802847974,0.8999760335249533,0.0,1.0,0.001
BIOMD0000000765,model,0.4883825297300195,0.0,0.8133598073336813,3,1,0.0651787781856377,0.1303575563712754,0.2607151127425509,0.3258938909281886,0.3910726691138263,0.6517877818563772,0.7487309971427597,0.7810454022382205,0.7972026047859508,0.8101283668241352,0.05,1.0,0.001
BIOMD0000000765,model,0.4471205390585604,0.0,0.7055334128549455,3,1,0.0635828204320735,0.1271656408641471,0.2543312817282943,0.3179141021603678,0.3814969225924414,0.6358282043207357,0.6776513294412616,0.6915923711481036,0.6985628920015245,0.7041393086842613,0.1,1.0,0.001
BIOMD0000000765,model,0.36308711765459,0.0,0.58991295364616,3,1,0.0499348399317609,0.0998696798635219,0.1997393597270439,0.2496741996588049,0.2996090395905659,0.4993483993176099,0.5536871319147401,0.57180004278045,0.580856498213305,0.5881016625595891,0.2,1.0,0.001
BIOMD0000000765,model,0.1969262961987255,0.0,0.4666172729610842,3,1,0.0124161615635092,0.0248323231270184,0.0496646462540369,0.0620808078175461,0.0744969693810554,0.1241616156350923,0.3296350100306875,0.3981261414958858,0.4323717072284849,0.4597681598145643,0.5,1.0,0.001
BIOMD0000000766,model,0.0,0.0,0.0,5,0,0.0,0.0,0.0,0.0,0.0,0.0,0.0,0.0,0.0,0.0,-0.5,1.0,0.001
BIOMD0000000766,model,0.0,0.0,0.0,5,0,0.0,0.0,0.0,0.0,0.0,0.0,0.0,0.0,0.0,0.0,-0.2,1.0,0.001
BIOMD0000000766,model,0.0,0.0,0.0,5,0,0.0,0.0,0.0,0.0,0.0,0.0,0.0,0.0,0.0,0.0,-0.1,1.0,0.001
BIOMD0000000766,model,0.0,0.0,0.0,5,0,0.0,0.0,0.0,0.0,0.0,0.0,0.0,0.0,0.0,0.0,-0.05,1.0,0.001
BIOMD0000000766,model,0.0,0.0,0.0,5,0,0.0,0.0,0.0,0.0,0.0,0.0,0.0,0.0,0.0,0.0,0.0,1.0,0.001
BIOMD0000000766,model,0.0,0.0,0.0,5,0,0.0,0.0,0.0,0.0,0.0,0.0,0.0,0.0,0.0,0.0,0.05,1.0,0.001
BIOMD0000000766,model,0.0,0.0,0.0,5,0,0.0,0.0,0.0,0.0,0.0,0.0,0.0,0.0,0.0,0.0,0.1,1.0,0.001
BIOMD0000000766,model,0.0,0.0,0.0,5,0,0.0,0.0,0.0,0.0,0.0,0.0,0.0,0.0,0.0,0.0,0.2,1.0,0.001
BIOMD0000000766,model,0.0,0.0,0.0,5,0,0.0,0.0,0.0,0.0,0.0,0.0,0.0,0.0,0.0,0.0,0.5,1.0,0.001
BIOMD0000000767,model,0.0,0.0,0.0,3,0,0.0,0.0,0.0,0.0,0.0,0.0,0.0,0.0,0.0,0.0,-0.5,1.0,0.001
BIOMD0000000767,model,0.25,0.0,0.75,3,0,0.0,0.0,0.0,0.0,0.0,0.0,0.45,0.6000000000000001,0.6749999999999999,0.735,-0.2,1.0,0.001
BIOMD0000000767,model,0.2962962962962963,0.0,0.888888888888889,3,0,0.0,0.0,0.0,0.0,0.0,0.0,0.5333333333333334,0.7111111111111112,0.7999999999999999,0.8711111111111112,-0.1,1.0,0.001
BIOMD0000000767,model,0.3157894736842105,0.0,0.9473684210526316,3,0,0.0,0.0,0.0,0.0,0.0,0.0,0.5684210526315789,0.7578947368421053,0.8526315789473683,0.9284210526315788,-0.05,1.0,0.001
BIOMD0000000767,model,0.3333333333333333,0.0,1.0,3,0,0.0,0.0,0.0,0.0,0.0,0.0,0.6000000000000001,0.8,0.8999999999999999,0.98,0.0,1.0,0.001
BIOMD0000000767,model,0.3174603174603174,0.0,0.9523809523809524,3,0,0.0,0.0,0.0,0.0,0.0,0.0,0.5714285714285715,0.7619047619047619,0.857142857142857,0.9333333333333332,0.05,1.0,0.001
BIOMD0000000767,model,0.303030303030303,0.0,0.9090909090909092,3,0,0.0,0.0,0.0,0.0,0.0,0.0,0.5454545454545455,0.7272727272727273,0.8181818181818181,0.8909090909090909,0.1,1.0,0.001
BIOMD0000000767,model,0.2777777777777778,0.0,0.8333333333333334,3,0,0.0,0.0,0.0,0.0,0.0,0.0,0.5000000000000001,0.6666666666666667,0.75,0.8166666666666667,0.2,1.0,0.001
BIOMD0000000767,model,0.2222222222222222,0.0,0.6666666666666667,3,0,0.0,0.0,0.0,0.0,0.0,0.0,0.4000000000000001,0.5333333333333334,0.6,0.6533333333333334,0.5,1.0,0.001
BIOMD0000000768,model,0.4118978625937564,0.0,0.8241307498207132,4,1,0.0,0.0,0.0,0.0,0.0,0.4117303502771562,0.8237287202608727,0.823929735040793,0.8240302424307531,0.8241106483427212,-0.5,1.0,0.001
BIOMD0000000768,model,0.4661764810017111,0.0,0.8200823962456283,4,1,0.0337052317592345,0.067410463518469,0.134820927036938,0.1685261587961724,0.2022313905554069,0.5223117638806081,0.819986148118043,0.8200342721818357,0.820058334213732,0.820077583839249,-0.2,1.0,0.001
BIOMD0000000768,model,0.5016083564285099,0.0,0.8193159924535022,4,1,0.0551757904110067,0.1103515808220135,0.220703161644027,0.2758789520550337,0.3310547424660404,0.5935587166302686,0.8192936952936962,0.8193048438735991,0.8193104181635507,0.8193148775955119,-0.1,1.0,0.001
BIOMD0000000768,model,0.5017141361174178,0.0,0.8192269909976393,4,1,0.0552692836131907,0.1105385672263814,0.2210771344527628,0.2763464180659535,0.3316157016791441,0.5938147767360159,0.819191394029512,0.8192091925135756,0.8192180917556074,0.819225211149233,-0.05,1.0,0.001
BIOMD0000000768,model,0.5020748542848856,0.0,0.8191741515502692,4,1,0.0555042338816566,0.1110084677633132,0.2220169355266264,0.277521169408283,0.3330254032899396,0.5945626327946366,0.8191278844470452,0.8191510179986572,0.8191625847744631,0.819171838195108,0.0,1.0,0.001
BIOMD0000000768,model,0.502637654603252,0.0,0.8190187882306059,4,1,0.0559110034719579,0.1118220069439158,0.2236440138878316,0.2795550173597895,0.3354660208317474,0.5957659150912011,0.8188825995138521,0.818950693872229,0.8189847410514175,0.8190119787947683,0.05,1.0,0.001
BIOMD0000000768,model,0.5035718935223287,0.0,0.8188068460310926,4,1,0.0565433831656724,0.1130867663313449,0.2261735326626898,0.2827169158283623,0.3392602989940347,0.597740364029111,0.8186376425846804,0.8187222443078865,0.8187645451694895,0.818798385858772,0.1,1.0,0.001
BIOMD0000000768,model,0.5063545681844928,0.0,0.8184601621056742,4,1,0.0583037062678817,0.1166074125357634,0.2332148250715268,0.2915185313394085,0.3498222376072902,0.6034790553161483,0.8183441061501209,0.8184021341278975,0.8184311481167859,0.8184543593078966,0.2,1.0,0.001
BIOMD0000000768,model,0.5241333041004246,0.0,0.8182203418167888,4,1,0.0690451465550214,0.1380902931100429,0.276180586220086,0.3452257327751074,0.4142708793301288,0.6391564372924546,0.8180952752575752,0.818157808537182,0.8181890751769854,0.8182140884888282,0.5,1.0,0.001
BIOMD0000000769,model,0.0,0.0,0.0,5,0,0.0,0.0,0.0,0.0,0.0,0.0,0.0,0.0,0.0,0.0,-0.5,1.0,0.001
BIOMD0000000769,model,0.0,0.0,0.0,5,0,0.0,0.0,0.0,0.0,0.0,0.0,0.0,0.0,0.0,0.0,-0.2,1.0,0.001
BIOMD0000000769,model,0.0,0.0,0.0,5,0,0.0,0.0,0.0,0.0,0.0,0.0,0.0,0.0,0.0,0.0,-0.1,1.0,0.001
BIOMD0000000769,model,0.0,0.0,0.0,5,0,0.0,0.0,0.0,0.0,0.0,0.0,0.0,0.0,0.0,0.0,-0.05,1.0,0.001
BIOMD0000000769,model,0.0,0.0,0.0,5,0,0.0,0.0,0.0,0.0,0.0,0.0,0.0,0.0,0.0,0.0,0.0,1.0,0.001
BIOMD0000000769,model,0.0,0.0,0.0,5,0,0.0,0.0,0.0,0.0,0.0,0.0,0.0,0.0,0.0,0.0,0.05,1.0,0.001
BIOMD0000000769,model,0.0,0.0,0.0,5,0,0.0,0.0,0.0,0.0,0.0,0.0,0.0,0.0,0.0,0.0,0.1,1.0,0.001
BIOMD0000000769,model,0.0,0.0,0.0,5,0,0.0,0.0,0.0,0.0,0.0,0.0,0.0,0.0,0.0,0.0,0.2,1.0,0.001
BIOMD0000000769,model,0.0,0.0,0.0,5,0,0.0,0.0,0.0,0.0,0.0,0.0,0.0,0.0,0.0,0.0,0.5,1.0,0.001
BIOMD0000000770,model,0.0,0.0,0.0,4,0,0.0,0.0,0.0,0.0,0.0,0.0,0.0,0.0,0.0,0.0,-0.5,1.0,0.001
BIOMD0000000770,model,0.0,0.0,0.0,4,0,0.0,0.0,0.0,0.0,0.0,0.0,0.0,0.0,0.0,0.0,-0.2,1.0,0.001
BIOMD0000000770,model,0.0,0.0,0.0,4,0,0.0,0.0,0.0,0.0,0.0,0.0,0.0,0.0,0.0,0.0,-0.1,1.0,0.001
BIOMD0000000770,model,0.0,0.0,0.0,4,0,0.0,0.0,0.0,0.0,0.0,0.0,0.0,0.0,0.0,0.0,-0.05,1.0,0.001
BIOMD0000000770,model,0.0,0.0,0.0,4,0,0.0,0.0,0.0,0.0,0.0,0.0,0.0,0.0,0.0,0.0,0.0,1.0,0.001
BIOMD0000000770,model,0.0,0.0,0.0,4,0,0.0,0.0,0.0,0.0,0.0,0.0,0.0,0.0,0.0,0.0,0.05,1.0,0.001
BIOMD0000000770,model,0.0,0.0,0.0,4,0,0.0,0.0,0.0,0.0,0.0,0.0,0.0,0.0,0.0,0.0,0.1,1.0,0.001
BIOMD0000000770,model,0.0,0.0,0.0,4,0,0.0,0.0,0.0,0.0,0.0,0.0,0.0,0.0,0.0,0.0,0.2,1.0,0.001
BIOMD0000000770,model,0.0,0.0,0.0,4,0,0.0,0.0,0.0,0.0,0.0,0.0,0.0,0.0,0.0,0.0,0.5,1.0,0.001
BIOMD0000000771,model,0.2997508471678248,0.0,0.7726894237337776,3,0,0.0126563117769696,0.0253126235539393,0.0506252471078787,0.0632815588848484,0.0759378706618181,0.1265631177696969,0.5142389013481454,0.6434641625409615,0.7080767931373695,0.759766897614496,-0.5,1.0,0.001
BIOMD0000000771,model,0.5683796339026447,0.4077652696906991,0.8260206457925536,3,0,0.4141240413440973,0.4204828129974955,0.4332003563042919,0.4395591279576901,0.4459178996110883,0.4713529862246811,0.6841535819654047,0.7550871138789792,0.7905538798357663,0.8189272926011961,-0.2,1.0,0.001
BIOMD0000000771,model,0.6854469606005719,0.526437018372065,0.8592942135552235,3,0,0.5408542815223012,0.5552715446725375,0.5841060709730099,0.5985233341232461,0.6129405972734824,0.6706096498744273,0.783820388082905,0.8215573008190643,0.8404257571871439,0.8555205222816076,-0.1,1.0,0.001
BIOMD0000000771,model,0.7332997598935992,0.554639442034584,0.8786918484707773,3,0,0.5758322967486693,0.5970251514627545,0.639410860890925,0.6606037156050102,0.6817965703190954,0.7665679891754363,0.8338423047526409,0.8562670766117091,0.8674794625412432,0.8764493712848704,-0.05,1.0,0.001
BIOMD0000000771,model,0.7710256870455502,0.5854395504407831,0.8987504745660834,3,0,0.6097842990096832,0.6341290475785832,0.6828185447163835,0.7071632932852836,0.7315080418541836,0.828887036129784,0.8708050991915636,0.8847777868788235,0.8917641307224534,0.8973532057973573,0.0,1.0,0.001
BIOMD0000000771,model,0.75623336064523,0.6093680582666786,0.925214344988291,3,0,0.6218430203080828,0.6343179823494869,0.6592679064322952,0.6717428684736994,0.6842178305151035,0.7341176786807201,0.8487756784652627,0.8869950117267769,0.906104678357534,0.9213924116621396,0.05,1.0,0.001
BIOMD0000000771,model,0.7276053220129343,0.5925321199735031,0.9545582774821822,3,0,0.5968514648344645,0.6011708096954259,0.6098094994173489,0.6141288442783103,0.6184481891392717,0.6357255685831175,0.8270251939225564,0.8907917357023694,0.9226750065922756,0.948181623304201,0.1,1.0,0.001
BIOMD0000000771,model,0.6537072356437462,0.320293315786781,0.9530259912191724,3,0,0.3570442242006314,0.3937951326144818,0.4672969494421827,0.5040478578560332,0.5407987662698837,0.6878023999252854,0.8469365547016177,0.899981272960395,0.9265036320897836,0.9477215193932946,0.2,1.0,0.001
BIOMD0000000771,model,0.4726141176575675,0.0,0.7168566202802086,3,0,0.0700985732692494,0.1401971465384988,0.2803942930769976,0.350492866346247,0.4205914396154964,0.7009857326924941,0.7105082652451228,0.7136824427626657,0.7152695315214371,0.7165392025284543,0.5,1.0,0.001
BIOMD0000000772,model,0.0,0.0,0.0,3,1,0.0,0.0,0.0,0.0,0.0,0.0,0.0,0.0,0.0,0.0,-0.5,1.0,0.001
BIOMD0000000772,model,0.2024465271039015,0.0,0.6073395813117047,3,1,0.0,0.0,0.0,0.0,0.0,0.0,0.3644037487870228,0.4858716650493638,0.5466056231805342,0.5951927896854706,-0.2,1.0,0.001
BIOMD0000000772,model,0.25247465268953,0.0,0.7574239580685901,3,1,0.0,0.0,0.0,0.0,0.0,0.0,0.4544543748411541,0.6059391664548721,0.681681562261731,0.7422754789072182,-0.1,1.0,0.001
BIOMD0000000772,model,0.2733449418566012,0.0,0.8200348255698037,3,1,0.0,0.0,0.0,0.0,0.0,0.0,0.4920208953418822,0.6560278604558429,0.7380313430128232,0.8036341290584076,-0.05,1.0,0.001
BIOMD0000000772,model,0.2918779007897717,0.0,0.8756337023693154,3,1,0.0,0.0,0.0,0.0,0.0,0.0,0.5253802214215892,0.7005069618954524,0.7880703321323838,0.858121028321929,0.0,1.0,0.001
BIOMD0000000772,model,0.2987762356897588,0.0,0.8963287070692766,3,1,0.0,0.0,0.0,0.0,0.0,0.0,0.5377972242415661,0.7170629656554213,0.8066958363623489,0.878402132927891,0.05,1.0,0.001
BIOMD0000000772,model,0.2970294962553501,0.0,0.8910884887660504,3,1,0.0,0.0,0.0,0.0,0.0,0.0,0.5346530932596303,0.7128707910128403,0.8019796398894453,0.8732667189907294,0.1,1.0,0.001
BIOMD0000000772,model,0.2911093129763391,0.0,0.8733279389290174,3,1,0.0,0.0,0.0,0.0,0.0,0.0,0.5239967633574105,0.698662351143214,0.7859951450361156,0.855861380150437,0.2,1.0,0.001
BIOMD0000000772,model,0.2472936189756304,0.0,0.7418808569268914,3,1,0.0,0.0,0.0,0.0,0.0,0.0,0.4451285141561349,0.5935046855415131,0.6676927712342022,0.7270432397883536,0.5,1.0,0.001
BIOMD0000000773,model,0.0,0.0,0.0,3,0,0.0,0.0,0.0,0.0,0.0,0.0,0.0,0.0,0.0,0.0,-0.5,1.0,0.001
BIOMD0000000773,model,0.0,0.0,0.0,3,0,0.0,0.0,0.0,0.0,0.0,0.0,0.0,0.0,0.0,0.0,-0.2,1.0,0.001
BIOMD0000000773,model,0.0,0.0,0.0,3,0,0.0,0.0,0.0,0.0,0.0,0.0,0.0,0.0,0.0,0.0,-0.1,1.0,0.001
BIOMD0000000773,model,0.0,0.0,0.0,3,0,0.0,0.0,0.0,0.0,0.0,0.0,0.0,0.0,0.0,0.0,-0.05,1.0,0.001
BIOMD0000000773,model,0.0,0.0,0.0,3,0,0.0,0.0,0.0,0.0,0.0,0.0,0.0,0.0,0.0,0.0,0.0,1.0,0.001
BIOMD0000000773,model,0.0,0.0,0.0,3,0,0.0,0.0,0.0,0.0,0.0,0.0,0.0,0.0,0.0,0.0,0.05,1.0,0.001
BIOMD0000000773,model,0.0,0.0,0.0,3,0,0.0,0.0,0.0,0.0,0.0,0.0,0.0,0.0,0.0,0.0,0.1,1.0,0.001
BIOMD0000000773,model,0.0,0.0,0.0,3,0,0.0,0.0,0.0,0.0,0.0,0.0,0.0,0.0,0.0,0.0,0.2,1.0,0.001
BIOMD0000000773,model,0.0,0.0,0.0,3,0,0.0,0.0,0.0,0.0,0.0,0.0,0.0,0.0,0.0,0.0,0.5,1.0,0.001
BIOMD0000000774,model,0.0,0.0,0.0,2,0,0.0,0.0,0.0,0.0,0.0,0.0,0.0,0.0,0.0,0.0,-0.5,1.0,0.001
BIOMD0000000774,model,0.0,0.0,0.0,2,0,0.0,0.0,0.0,0.0,0.0,0.0,0.0,0.0,0.0,0.0,-0.2,1.0,0.001
BIOMD0000000774,model,0.0,0.0,0.0,2,0,0.0,0.0,0.0,0.0,0.0,0.0,0.0,0.0,0.0,0.0,-0.1,1.0,0.001
BIOMD0000000774,model,0.0,0.0,0.0,2,0,0.0,0.0,0.0,0.0,0.0,0.0,0.0,0.0,0.0,0.0,-0.05,1.0,0.001
BIOMD0000000774,model,0.0,0.0,0.0,2,0,0.0,0.0,0.0,0.0,0.0,0.0,0.0,0.0,0.0,0.0,0.0,1.0,0.001
BIOMD0000000774,model,0.0,0.0,0.0,2,0,0.0,0.0,0.0,0.0,0.0,0.0,0.0,0.0,0.0,0.0,0.05,1.0,0.001
BIOMD0000000774,model,0.0,0.0,0.0,2,0,0.0,0.0,0.0,0.0,0.0,0.0,0.0,0.0,0.0,0.0,0.1,1.0,0.001
BIOMD0000000774,model,0.0,0.0,0.0,2,0,0.0,0.0,0.0,0.0,0.0,0.0,0.0,0.0,0.0,0.0,0.2,1.0,0.001
BIOMD0000000774,model,0.0,0.0,0.0,2,0,0.0,0.0,0.0,0.0,0.0,0.0,0.0,0.0,0.0,0.0,0.5,1.0,0.001
BIOMD0000000775,model,0.6214761064175077,0.4610016392258803,0.9080931695552787,3,1,0.4644348263504286,0.467868013474977,0.4747343877240738,0.4781675748486222,0.4816007619731706,0.4953335104713641,0.742989305921713,0.8255412377384959,0.8668172036468873,0.8998379763736004,-0.5,1.0,0.001
BIOMD0000000775,model,0.803437536918581,0.737621396090922,0.9070404876275744,3,1,0.7404243291855546,0.743227262280187,0.7488331284694519,0.7516360615640845,0.7544389946587169,0.7656507270372468,0.8504845833914434,0.8787625355095089,0.8929015115685416,0.9042126924157678,-0.2,1.0,0.001
BIOMD0000000775,model,0.864122668049761,0.8298279817139896,0.9067631247773246,3,1,0.8324228733083876,0.8350177649027855,0.8402075480915813,0.8428024396859792,0.8453973312803772,0.8557768976579688,0.8863686339295823,0.8965658793534534,0.901664502065389,0.9057434002349376,-0.1,1.0,0.001
BIOMD0000000775,model,0.8944699861202564,0.8759312745255214,0.9066350675281049,3,1,0.8784225087036835,0.8809137428818458,0.88589621123817,0.8883874454163321,0.8908786795944943,0.9008436163071428,0.90431848703972,0.9054767772839124,0.9060559224060084,0.9065192385036857,-0.05,1.0,0.001
BIOMD0000000775,model,0.9265904017066556,0.9134934523492736,0.945912709055546,4,0,0.9147746195974306,0.9160557868455876,0.9186181213419016,0.9198992885900588,0.9211804558382156,0.9234777227109016,0.933317610473108,0.9396151597643272,0.9427639344099368,0.9452829541264244,0.0,1.0,0.001
BIOMD0000000775,model,0.948949433208844,0.9027482634113684,0.9772257819902236,4,0,0.9103952610107442,0.91804225861012,0.9333362538088716,0.9409832514082472,0.948630249007623,0.957911843716892,0.9681475768120356,0.9726866794011296,0.9749562306956766,0.9767718717313142,0.05,1.0,0.001
BIOMD0000000775,model,0.9061296129154452,0.8825860121520859,0.9406413544820534,4,0,0.8848061291293736,0.8870262461066614,0.8914664800612369,0.8936865970385246,0.8959067140158123,0.900645542513821,0.918599117609004,0.9296202360455288,0.9351307952637912,0.9395392426384008,0.1,1.0,0.001
BIOMD0000000775,model,0.8073775083130437,0.6710447337986436,0.8952456668158018,4,0,0.6910264813688567,0.7110082289390698,0.750971724079496,0.7709534716497091,0.7909352192199222,0.8316098163188648,0.8734762157489199,0.8843609412823608,0.8898033040490813,0.8941571942624577,0.2,1.0,0.001
BIOMD0000000775,model,0.5017384110611464,0.0,0.903639228230844,4,0,0.0757968986919237,0.1515937973838474,0.3031875947676949,0.3789844934596186,0.4547813921515422,0.5516572080068709,0.7202567461328879,0.8119479871818659,0.8577936077063547,0.894470104125946,0.5,1.0,0.001
BIOMD0000000776,model,0.0,0.0,0.0,2,0,0.0,0.0,0.0,0.0,0.0,0.0,0.0,0.0,0.0,0.0,-0.5,1.0,0.001
BIOMD0000000776,model,0.0,0.0,0.0,2,0,0.0,0.0,0.0,0.0,0.0,0.0,0.0,0.0,0.0,0.0,-0.2,1.0,0.001
BIOMD0000000776,model,0.0,0.0,0.0,2,0,0.0,0.0,0.0,0.0,0.0,0.0,0.0,0.0,0.0,0.0,-0.1,1.0,0.001
BIOMD0000000776,model,0.0,0.0,0.0,2,0,0.0,0.0,0.0,0.0,0.0,0.0,0.0,0.0,0.0,0.0,-0.05,1.0,0.001
BIOMD0000000776,model,0.0,0.0,0.0,2,0,0.0,0.0,0.0,0.0,0.0,0.0,0.0,0.0,0.0,0.0,0.0,1.0,0.001
BIOMD0000000776,model,0.0,0.0,0.0,2,0,0.0,0.0,0.0,0.0,0.0,0.0,0.0,0.0,0.0,0.0,0.05,1.0,0.001
BIOMD0000000776,model,0.0,0.0,0.0,2,0,0.0,0.0,0.0,0.0,0.0,0.0,0.0,0.0,0.0,0.0,0.1,1.0,0.001
BIOMD0000000776,model,0.0,0.0,0.0,2,0,0.0,0.0,0.0,0.0,0.0,0.0,0.0,0.0,0.0,0.0,0.2,1.0,0.001
BIOMD0000000776,model,0.0,0.0,0.0,2,0,0.0,0.0,0.0,0.0,0.0,0.0,0.0,0.0,0.0,0.0,0.5,1.0,0.001
BIOMD0000000777,model,0.5178168417738704,0.0,0.7907821273697186,3,0,0.0762668397951892,0.1525336795903785,0.305067359180757,0.3813341989759463,0.4576010387711355,0.7626683979518926,0.7795366356025882,0.7851593814861534,0.7879707544279361,0.7902198527813621,-0.5,1.0,0.001
BIOMD0000000777,model,0.7459667131475523,0.3266844696307623,0.9577233040503648,3,0,0.389365259243839,0.4520460488569157,0.5774076280830691,0.6400884176961459,0.7027692073092227,0.9534923657615294,0.9560309287348306,0.9568771163925978,0.9573002102214814,0.9576386852845882,-0.2,1.0,0.001
BIOMD0000000777,model,0.7896988167582344,0.4067037624490602,0.9816365901519878,3,0,0.4641089959715196,0.5215142294939792,0.6363246965388981,0.6937299300613576,0.751135163583817,0.980756097673655,0.9812843931606546,0.9814604916563212,0.9815485409041546,0.9816189803024212,-0.1,1.0,0.001
BIOMD0000000777,model,0.806463052812899,0.4404342034019409,0.9907530402963936,3,0,0.495210974535783,0.5499877456696252,0.6595412879373095,0.7143180590711518,0.7690948302049939,0.9882019147403626,0.9897325900739812,0.9902428151851874,0.9904979277407906,0.990702017785273,-0.05,1.0,0.001
BIOMD0000000777,model,0.8195850137267776,0.4708089632745679,0.9981245686743138,3,0,0.5227102178702563,0.5746114724659446,0.6784139816573211,0.7303152362530095,0.7822164908486978,0.9898215092314512,0.9948033448971688,0.9964639567857412,0.9972942627300276,0.9979585074854566,0.0,1.0,0.001
BIOMD0000000777,model,0.8280242624019326,0.4983053949954399,0.9943308310715904,3,0,0.5476185116097727,0.5969316282241055,0.6955578614527711,0.7448709780671038,0.7941840946814366,0.9914365611387675,0.9931731230984612,0.9937519770850258,0.994041404078308,0.994272945672934,0.05,1.0,0.001
BIOMD0000000777,model,0.8344782994471235,0.5233169878622245,0.9908489527575102,3,0,0.5699121848481656,0.6165073818341068,0.709697775805989,0.7562929727919302,0.8028881697778714,0.989268957721636,0.9902169547431604,0.9905329537503352,0.9906909532539228,0.9908173528567928,0.1,1.0,0.001
BIOMD0000000777,model,0.844455231756497,0.5671140047806452,0.9836575256977612,3,0,0.6086620207816891,0.650210036782733,0.7333060687848209,0.7748540847858647,0.8164021007869087,0.9825941647910844,0.9832321813350904,0.983444853516426,0.9835511896070936,0.9836362584796275,0.2,1.0,0.001
BIOMD0000000777,model,0.8717071554009334,0.6635770684426577,0.9820293342046704,3,0,0.6941708679539392,0.7247646674652206,0.7859522664877836,0.816546065999065,0.8471398655103464,0.9695150635554722,0.977023625944991,0.9795264800748308,0.9807779071397504,0.9817790487916864,0.5,1.0,0.001
BIOMD0000000778,model,0.0,0.0,0.0,3,0,0.0,0.0,0.0,0.0,0.0,0.0,0.0,0.0,0.0,0.0,-0.5,1.0,0.001
BIOMD0000000778,model,0.0,0.0,0.0,3,0,0.0,0.0,0.0,0.0,0.0,0.0,0.0,0.0,0.0,0.0,-0.2,1.0,0.001
BIOMD0000000778,model,0.0,0.0,0.0,3,0,0.0,0.0,0.0,0.0,0.0,0.0,0.0,0.0,0.0,0.0,-0.1,1.0,0.001
BIOMD0000000778,model,0.0,0.0,0.0,3,0,0.0,0.0,0.0,0.0,0.0,0.0,0.0,0.0,0.0,0.0,-0.05,1.0,0.001
BIOMD0000000778,model,0.0,0.0,0.0,3,0,0.0,0.0,0.0,0.0,0.0,0.0,0.0,0.0,0.0,0.0,0.0,1.0,0.001
BIOMD0000000778,model,0.0,0.0,0.0,3,0,0.0,0.0,0.0,0.0,0.0,0.0,0.0,0.0,0.0,0.0,0.05,1.0,0.001
BIOMD0000000778,model,0.0,0.0,0.0,3,0,0.0,0.0,0.0,0.0,0.0,0.0,0.0,0.0,0.0,0.0,0.1,1.0,0.001
BIOMD0000000778,model,0.0,0.0,0.0,3,0,0.0,0.0,0.0,0.0,0.0,0.0,0.0,0.0,0.0,0.0,0.2,1.0,0.001
BIOMD0000000778,model,0.0,0.0,0.0,3,0,0.0,0.0,0.0,0.0,0.0,0.0,0.0,0.0,0.0,0.0,0.5,1.0,0.001
BIOMD0000000779,model,0.0423414088766911,0.0,0.2117070443834556,5,1,0.0,0.0,0.0,0.0,0.0,0.0,0.0423414088766911,0.1270242266300734,0.1693656355067644,0.2032387626081173,-0.5,1.0,0.001
BIOMD0000000779,model,0.1571863765298307,0.0,0.7859318826491539,5,1,0.0,0.0,0.0,0.0,0.0,0.0,0.1571863765298309,0.4715591295894924,0.628745506119323,0.7544946073431877,-0.2,1.0,0.001
BIOMD0000000779,model,0.1806629153166011,0.0,0.9033145765830056,5,1,0.0,0.0,0.0,0.0,0.0,0.0,0.1806629153166012,0.5419887459498034,0.7226516612664042,0.8671819935196853,-0.1,1.0,0.001
BIOMD0000000779,model,0.1907773076872685,0.0,0.953886538436343,5,1,0.0,0.0,0.0,0.0,0.0,0.0,0.1907773076872687,0.5723319230618058,0.7631092307490742,0.9157310768988892,-0.05,1.0,0.001
BIOMD0000000779,model,0.2,0.0,1.0,5,1,0.0,0.0,0.0,0.0,0.0,0.0,0.2000000000000001,0.6000000000000001,0.7999999999999998,0.96,0.0,1.0,0.001
BIOMD0000000779,model,0.1915560658635621,0.0,0.9577803293178108,5,1,0.0,0.0,0.0,0.0,0.0,0.0,0.1915560658635623,0.5746681975906867,0.7662242634542485,0.9194691161450984,0.05,1.0,0.001
BIOMD0000000779,model,0.1837962488507824,0.0,0.918981244253912,5,1,0.0,0.0,0.0,0.0,0.0,0.0,0.1837962488507825,0.5513887465523473,0.7351849954031294,0.8822219944837555,0.1,1.0,0.001
BIOMD0000000779,model,0.1700213323272336,0.0,0.8501066616361682,5,1,0.0,0.0,0.0,0.0,0.0,0.0,0.1700213323272338,0.510063996981701,0.6800853293089344,0.8161023951707215,0.2,1.0,0.001
BIOMD0000000779,model,0.1388110548663086,0.0,0.6940552743315432,5,1,0.0,0.0,0.0,0.0,0.0,0.0,0.1388110548663087,0.416433164598926,0.5552442194652345,0.6662930633582815,0.5,1.0,0.001
BIOMD0000000780,model,0.3195151212345226,0.0,0.9655080524472114,4,0,0.0029572904407687,0.0059145808815375,0.0118291617630751,0.0147864522038439,0.0177437426446127,0.1562762162454396,0.5619055187103372,0.7637067855787742,0.8646074190129925,0.9453279257603676,-0.5,1.0,0.001
BIOMD0000000780,model,0.3210426164437626,0.0,0.9655707109395578,4,0,0.0029765108919686,0.0059530217839373,0.0119060435678746,0.0148825544598432,0.0178590653518119,0.1592998774177463,0.5654820937092444,0.7655264023244012,0.8655485566319792,0.945566280078042,-0.2,1.0,0.001
BIOMD0000000780,model,0.321370017521208,0.0,0.9655828267582842,4,0,0.0029831605656131,0.0059663211312262,0.0119326422624524,0.0149158028280655,0.0178989633936786,0.1599486216632739,0.5662388344367901,0.7659108305975372,0.8657468286779104,0.9456156271422094,-0.1,1.0,0.001
BIOMD0000000780,model,0.3215086911834677,0.0,0.9655837692336956,4,0,0.0029865111131032,0.0059730222262065,0.0119460444524131,0.0149325555655164,0.0179190666786197,0.1602254977500877,0.5665580605411705,0.766070914887433,0.865827342060564,0.9456324837990692,-0.05,1.0,0.001
BIOMD0000000780,model,0.3216342816616171,0.0,0.9655876823559104,4,0,0.0029898753661615,0.005979750732323,0.011959501464646,0.0149493768308075,0.017939252196969,0.160474722145279,0.5668452380520532,0.7662164602039818,0.8659020712799459,0.9456505601407174,0.0,1.0,0.001
BIOMD0000000780,model,0.3217465012899296,0.0,0.965589086177863,4,0,0.0029932516610747,0.0059865033221495,0.011973006644299,0.0149662583053738,0.0179595099664486,0.1606984594909276,0.5671007792159595,0.7663449326969113,0.8659670094373868,0.9456646708297676,0.05,1.0,0.001
BIOMD0000000780,model,0.3218472772694108,0.0,0.9655907488913442,4,0,0.0029966387713365,0.005993277542673,0.0119865550853461,0.0149831938566826,0.0179798326280191,0.1608991800931496,0.5673287605829713,0.7664597547371578,0.8660252518142507,0.9456776494759254,0.1,1.0,0.001
BIOMD0000000780,model,0.3220132567624898,0.0,0.9655773951465751,4,0,0.0030034396336894,0.0060068792673788,0.0120137585347576,0.015017198168447,0.0180206378021365,0.161237815951692,0.5677025786659031,0.766639986906239,0.8661086910264069,0.9456836543225412,0.2,1.0,0.001
BIOMD0000000780,model,0.3226659600379074,0.0,0.965540989600256,4,0,0.0030239968348708,0.0060479936697416,0.0120959873394833,0.0151199841743541,0.018143981009225,0.1625614252756867,0.5691941188314433,0.7673675542158497,0.8664542719080526,0.9457236460618152,0.5,1.0,0.001
BIOMD0000000781,model,0.5615867347374953,0.0042370710117732,0.8544125134184833,3,0,0.0864244258888189,0.1686117807658645,0.3329864905199557,0.4151738453970013,0.4973612002740469,0.8261106197822294,0.8430917559639818,0.8487521346912326,0.8515823240548579,0.8538464755457582,-0.5,1.0,0.001
BIOMD0000000781,model,0.8512247054812986,0.7565666067720364,0.9187149440422138,3,0,0.7687492026577973,0.7809317985435582,0.8052969903150801,0.817479586200841,0.829662182086602,0.8783925656296457,0.9025859926771864,0.9106504683597002,0.9146827062009568,0.9179084964739624,-0.2,1.0,0.001
BIOMD0000000781,model,0.8847886761023105,0.8278302369006787,0.9481430736480684,3,0,0.8328864849864293,0.8379427330721798,0.848055229243681,0.8531114773294316,0.8581677254151822,0.8783927177581845,0.9202429312921148,0.9341930024700916,0.94116803805908,0.9467480665302708,-0.1,1.0,0.001
BIOMD0000000781,model,0.8641024600157262,0.7508459840693734,0.9630684374574708,3,0,0.7636006815144695,0.7763553789595656,0.8018647738497579,0.8146194712948539,0.82737416873995,0.8783929585203344,0.9291982458826162,0.9461333416700436,0.9546008895637572,0.961374927878728,-0.05,1.0,0.001
BIOMD0000000781,model,0.8430277794429403,0.6790236151752514,0.9716666294696502,3,0,0.6989605630261182,0.718897510876985,0.7587714065787186,0.7787083544295853,0.798645302280452,0.8783930936839192,0.934357215155358,0.953011922312504,0.9623392758910772,0.9698011587539356,0.0,1.0,0.001
BIOMD0000000781,model,0.8206079502931032,0.6117639595081681,0.9716667644415868,3,0,0.6384268762503068,0.6650897929924454,0.7184156264767227,0.7450785432188615,0.7717414599610002,0.8783931269295548,0.934357309436774,0.9530120369391804,0.9623394006903836,0.969801291691346,0.05,1.0,0.001
BIOMD0000000781,model,0.7995361657455923,0.5485487180197407,0.971666619652102,3,0,0.5815331621742601,0.6145176063287794,0.6804864946378182,0.7134709387923375,0.7464553829468568,0.8783931595649342,0.9343572356172348,0.9530119276346686,0.9623392736433852,0.9698011504503588,0.1,1.0,0.001
BIOMD0000000781,model,0.7598115667415467,0.4325786349559849,0.9684628417287064,3,0,0.4771600938143813,0.5217415526727777,0.6109044703895705,0.6554859292479669,0.7000673881063633,0.8783932235399488,0.9324349944532032,0.9504489180909548,0.9594558799098308,0.9666614493649311,0.2,1.0,0.001
BIOMD0000000781,model,0.6420650239248383,0.158265955953453,0.8895364506631821,3,0,0.2302786268738957,0.3022912977943384,0.4463166396352238,0.5183293105556666,0.5903419814761093,0.8783926651578801,0.8850789364610613,0.8873076935621217,0.8884220721126519,0.8893135749530761,0.5,1.0,0.001
BIOMD0000000782,model,0.9511460119910464,0.940117270908004,0.9621747530740886,2,0,0.9412201450163082,0.9423230191246124,0.9445287673412208,0.9456316414495252,0.9467345155578294,0.9511460119910464,0.9577632566408716,0.9599690048574802,0.9610718789657844,0.9619541782524278,-0.5,1.0,0.001
BIOMD0000000782,model,0.965525930200808,0.9567044188858984,0.9743474415157176,2,0,0.9575865700173892,0.9584687211488804,0.9602330234118622,0.9611151745433532,0.961997325674844,0.965525930200808,0.9708188369897538,0.9725831392527358,0.9734652903842268,0.9741710112894196,-0.2,1.0,0.001
BIOMD0000000782,model,0.9708892597692936,0.9639335628052744,0.9778449567333132,2,0,0.9646291325016764,0.9653247021980784,0.9667158415908822,0.967411411287284,0.968106980983686,0.9708892597692936,0.9750626779477054,0.9764538173405092,0.9771493870369112,0.9777058427940328,-0.1,1.0,0.001
BIOMD0000000782,model,0.9737712798307512,0.9675002395136614,0.9800423201478408,2,0,0.9681273435453704,0.9687544475770792,0.9700086556404972,0.9706357596722062,0.9712628637039152,0.9737712798307512,0.9775339040210048,0.9787881120844228,0.9794152161161318,0.979916899341499,-0.05,1.0,0.001
BIOMD0000000782,model,0.9767939385850476,0.971551196022652,0.9820366811474428,2,0,0.9720754702788916,0.9725997445351312,0.9736482930476102,0.9741725673038496,0.9746968415600892,0.9767939385850476,0.9799395841224848,0.980988132634964,0.9815124068912032,0.981931826296195,0.0,1.0,0.001
BIOMD0000000782,model,0.9791789143824166,0.9738613680738004,0.9844964606910326,2,0,0.974393122704662,0.9749248773355236,0.9759883865972468,0.9765201412281084,0.97705189585897,0.9791789143824166,0.982369442167586,0.9834329514293094,0.983964706060171,0.9843901097648604,0.05,1.0,0.001
BIOMD0000000782,model,0.978830688911724,0.9732807813272228,0.984380596496225,2,0,0.973835772085673,0.9743907628441232,0.9755007443610232,0.9760557351194734,0.9766107258779236,0.978830688911724,0.9821606334624244,0.9832706149793248,0.9838256057377748,0.984269598344535,0.1,1.0,0.001
BIOMD0000000782,model,0.9780355735724118,0.972112838828955,0.9839583083158684,2,0,0.9727051123033008,0.9732973857776464,0.9744819327263378,0.9750742062006834,0.9756664796750292,0.9780355735724118,0.9815892144184858,0.9827737613671772,0.9833660348415229,0.9838398536209992,0.2,1.0,0.001
BIOMD0000000782,model,0.9768785371432266,0.9703808735116262,0.983376200774827,2,0,0.9710306398747862,0.9716804062379464,0.9729799389642664,0.9736297053274264,0.9742794716905864,0.9768785371432266,0.9807771353221868,0.9820766680485068,0.982726434411667,0.983246247502195,0.5,1.0,0.001
BIOMD0000000783,model,0.6897335451145002,0.3358906957597717,0.9866995411469588,3,0,0.3769626660274716,0.4180346362951714,0.5001785768305711,0.5412505470982709,0.5823225173659708,0.7466103984367702,0.8906638840628834,0.9386817126049212,0.96269062687594,0.9818977582927552,-0.5,1.0,0.001
BIOMD0000000783,model,0.7680400624389421,0.5094317757154777,0.990354872981394,3,0,0.5389219520059254,0.568412128296373,0.6273924808772684,0.656882657167716,0.6863728334581637,0.8043335386199544,0.9159463392368182,0.9531506061091062,0.97175273954525,0.9866344462941652,-0.2,1.0,0.001
BIOMD0000000783,model,0.7884324560374328,0.5584918565832174,0.9906022900894788,3,0,0.5842629930688559,0.6100341295544944,0.6615764025257713,0.6873475390114099,0.7131186754970483,0.8162032214396022,0.9208426626295282,0.9557224763595036,0.9731623832244912,0.9871143087164812,-0.1,1.0,0.001
BIOMD0000000783,model,0.799830121551195,0.5851309855806096,0.9910557943743268,3,0,0.6089482454924136,0.6327655054042175,0.6804000252278254,0.7042172851396293,0.7280345450514333,0.8233035846986491,0.9239549105040556,0.9575053524391912,0.9742805734067588,0.9877007501808132,-0.05,1.0,0.001
BIOMD0000000783,model,0.8111797286226604,0.6071011773428555,0.9915146600222904,3,0,0.6298833944588534,0.6526656115748514,0.6982300458068473,0.7210122629228453,0.7437944800388432,0.8349233485028349,0.928878135414508,0.9601963977183992,0.9758555288703448,0.9883828337919012,0.0,1.0,0.001
BIOMD0000000783,model,0.8154061870679891,0.6156003406558165,0.992073006565644,3,0,0.6378948279884855,0.6601893153211545,0.7047782899864927,0.7270727773191616,0.7493672646518308,0.8385452139825069,0.9306618895323892,0.9613674480490164,0.9767202273073302,0.9890024507139812,0.05,1.0,0.001
BIOMD0000000783,model,0.8155034958675733,0.6156413854825795,0.992110292841804,3,0,0.6379531278621552,0.6602648702417309,0.7048883550008823,0.727200097380458,0.7495118397600337,0.8387588092783365,0.9307696994164172,0.9614399961291106,0.9767751444854572,0.9890432631705348,0.1,1.0,0.001
BIOMD0000000783,model,0.8245729965828379,0.6291929479537636,0.9927275160217064,3,0,0.6514535057356916,0.6737140635176196,0.7182351790814756,0.7404957368634036,0.7627562946453317,0.8517985257730437,0.9363559199222412,0.9645417179719736,0.97863461699684,0.989908936216733,0.2,1.0,0.001
BIOMD0000000783,model,0.8525892761646229,0.688853448351819,0.9939426014435424,3,0,0.7074652813864879,0.7260771144211567,0.7633007804904943,0.7819126135251632,0.800524446559832,0.8749717786985073,0.9463542723455284,0.9701484368945352,0.9820455191690388,0.9915631849886416,0.5,1.0,0.001
BIOMD0000000784,model,0.0,0.0,0.0,3,0,0.0,0.0,0.0,0.0,0.0,0.0,0.0,0.0,0.0,0.0,-0.5,1.0,0.001
BIOMD0000000784,model,0.0535493343484993,0.0,0.160648003045498,3,0,0.0,0.0,0.0,0.0,0.0,0.0,0.0963888018272988,0.1285184024363984,0.1445832027409481,0.157435042984588,-0.2,1.0,0.001
BIOMD0000000784,model,0.2174025252975931,0.0,0.5664825521152501,3,0,0.0085725023777529,0.0171450047555058,0.0342900095110117,0.0428625118887646,0.0514350142665176,0.0857250237775293,0.3741795407801618,0.4703310464477059,0.518406799281478,0.5568674015484957,-0.1,1.0,0.001
BIOMD0000000784,model,0.6228194670878388,0.5149478537001426,0.7880130378703678,3,0,0.5200028192994289,0.5250577848987152,0.535167716097288,0.5402226816965743,0.5452776472958606,0.5654975096930059,0.699006826599423,0.7435099322348955,0.7657614850526316,0.7835627273068205,-0.05,1.0,0.001
BIOMD0000000784,model,0.6372630021380239,0.1431336524248624,0.9278017875809298,3,0,0.2129056438232041,0.2826776352215459,0.4222216180182292,0.491993609416571,0.5617656008149127,0.8408535664082795,0.8930224991118697,0.9104121433463996,0.9191069654636648,0.9260628231574768,0.0,1.0,0.001
BIOMD0000000784,model,0.4440519669099441,0.0,0.7310437311030898,3,0,0.0601112169626742,0.1202224339253484,0.2404448678506969,0.3005560848133712,0.3606673017760454,0.6011121696267424,0.6790711065125509,0.7050574188078204,0.7180505749554551,0.7284450998735629,0.05,1.0,0.001
BIOMD0000000784,model,0.2513231987178787,0.0,0.5222546618944166,3,0,0.0231714934259219,0.0463429868518439,0.0926859737036878,0.1158574671296097,0.1390289605555316,0.2317149342592195,0.4060387708403378,0.4641467163673772,0.4932006891308969,0.5164438673417127,0.1,1.0,0.001
BIOMD0000000784,model,0.0027878483598665,0.0,0.0083635450795995,3,0,0.0,0.0,0.0,0.0,0.0,0.0,0.0050181270477597,0.0066908360636796,0.0075271905716395,0.0081962741780075,0.2,1.0,0.001
BIOMD0000000784,model,0.0,0.0,0.0,3,0,0.0,0.0,0.0,0.0,0.0,0.0,0.0,0.0,0.0,0.0,0.5,1.0,0.001
BIOMD0000000785,model,0.530941324017375,0.3363121743063408,0.7255704737284092,2,0,0.3557750892774443,0.3752380042485477,0.4141638341907545,0.4336267491618579,0.4530896641329613,0.530941324017375,0.6477188138439955,0.6866446437862024,0.7061075587573058,0.7216778907341885,-0.5,1.0,0.001
BIOMD0000000785,model,0.4184206210773981,0.2161219733008847,0.6207192688539115,2,0,0.2363518380785361,0.2565817028561875,0.2970414324114901,0.3172712971891415,0.3375011619667928,0.4184206210773981,0.5397998097433061,0.5802595392986089,0.6004894040762602,0.6166732958983813,-0.2,1.0,0.001
BIOMD0000000785,model,0.3929267745735123,0.1956191396397817,0.5902344095072429,2,0,0.2153499031331547,0.2350806666265278,0.274542193613274,0.294272957106647,0.3140037206000201,0.3929267745735123,0.5113113555337507,0.5507728825204968,0.5705036460138698,0.5862882568085683,-0.1,1.0,0.001
BIOMD0000000785,model,0.3799352435500952,0.1941657635995856,0.5657047235006049,2,0,0.2127427115946366,0.2313196595896876,0.2684735555797894,0.2870505035748404,0.3056274515698914,0.3799352435500952,0.491396931520401,0.528550827510503,0.5471277755055539,0.5619893339015947,-0.05,1.0,0.001
BIOMD0000000785,model,0.3657397490746325,0.1850183310064153,0.5464611671428498,2,0,0.203090472813237,0.2211626146200587,0.2573068982337022,0.2753790400405239,0.2934511818473456,0.3657397490746325,0.4741725999155629,0.5103168835292063,0.528389025336028,0.5428467387814854,0.0,1.0,0.001
BIOMD0000000785,model,0.3603263421648287,0.1945453011410446,0.5261073831886128,2,0,0.211123405243423,0.2277015093458014,0.2608577175505582,0.2774358216529367,0.294013925755315,0.3603263421648287,0.4597949667790992,0.492951174983856,0.5095292790862344,0.5227917623681372,0.05,1.0,0.001
BIOMD0000000785,model,0.3332912399954231,0.1774659568878397,0.4891165231030063,2,0,0.1930484851985981,0.2086310135093564,0.2397960701308731,0.2553785984416314,0.2709611267523897,0.3332912399954231,0.426786409859973,0.4579514664814897,0.473533994792248,0.4860000174408547,0.1,1.0,0.001
BIOMD0000000785,model,0.2949917893214184,0.1710846171119845,0.4188989615308524,2,0,0.1834753343329279,0.1958660515538713,0.2206474859957581,0.2330382032167015,0.2454289204376449,0.2949917893214184,0.3693360926470788,0.3941175270889656,0.4065082443099089,0.4164208180866637,0.2,1.0,0.001
BIOMD0000000785,model,0.1333782653316665,0.0901511972064298,0.1766053334569032,2,0,0.0944739040189535,0.0987966108314772,0.1074420244565245,0.1117647312690482,0.1160874380815719,0.1333782653316665,0.1593145062068086,0.1679599198318559,0.1722826266443796,0.1757407920943985,0.5,1.0,0.001
BIOMD0000000786,model,0.1231735040192357,0.0,0.985388032153886,8,7,0.0,0.0,0.0,0.0,0.0,0.0,0.0,0.2956164096461656,0.6405022209000253,0.9164108699031136,-0.5,1.0,0.001
BIOMD0000000786,model,0.1232820192981708,0.0,0.9862561543853664,8,7,0.0,0.0,0.0,0.0,0.0,0.0,0.0,0.2958768463156097,0.6410665003504876,0.9172182235783904,-0.2,1.0,0.001
BIOMD0000000786,model,0.1096028933396552,0.0,0.9864260400568968,9,6,0.0,0.0,0.0,0.0,0.0,0.0,0.0,0.1972852080113795,0.5918556240341377,0.907511956852345,-0.1,1.0,0.001
BIOMD0000000786,model,0.1096111344765782,0.0,0.9865002102892046,9,6,0.0,0.0,0.0,0.0,0.0,0.0,0.0,0.1973000420578411,0.5919001261735224,0.9075801934660682,-0.05,1.0,0.001
BIOMD0000000786,model,0.1096181609708886,0.0,0.9865634487379976,9,6,0.0,0.0,0.0,0.0,0.0,0.0,0.0,0.1973126897475997,0.5919380692427982,0.907638372838958,0.0,1.0,0.001
BIOMD0000000786,model,0.109624515921028,0.0,0.9866206432892524,9,6,0.0,0.0,0.0,0.0,0.0,0.0,0.0,0.1973241286578506,0.5919723859735511,0.907690991826112,0.05,1.0,0.001
BIOMD0000000786,model,0.109630798920443,0.0,0.9866771902839876,9,6,0.0,0.0,0.0,0.0,0.0,0.0,0.0,0.1973354380567977,0.5920063141703923,0.9077430150612686,0.1,1.0,0.001
BIOMD0000000786,model,0.1096415021120582,0.0,0.9867735190085244,9,6,0.0,0.0,0.0,0.0,0.0,0.0,0.0,0.197354703801705,0.5920641114051144,0.9078316374878423,0.2,1.0,0.001
BIOMD0000000786,model,0.109665900523819,0.0,0.9869931047143716,9,6,0.0,0.0,0.0,0.0,0.0,0.0,0.0,0.1973986209428744,0.5921958628286226,0.9080336563372218,0.5,1.0,0.001
BIOMD0000000788,model,0.0,0.0,0.0,7,1,0.0,0.0,0.0,0.0,0.0,0.0,0.0,0.0,0.0,0.0,-0.5,1.0,0.001
BIOMD0000000788,model,0.0142857142857142,0.0,0.1,7,1,0.0,0.0,0.0,0.0,0.0,0.0,0.0,0.04,0.0699999999999999,0.0939999999999999,-0.2,1.0,0.001
BIOMD0000000788,model,0.0166666666666666,0.0,0.1,6,2,0.0,0.0,0.0,0.0,0.0,0.0,0.0,0.05,0.075,0.095,-0.1,1.0,0.001
BIOMD0000000788,model,0.0166666666666666,0.0,0.1,6,2,0.0,0.0,0.0,0.0,0.0,0.0,0.0,0.05,0.075,0.095,-0.05,1.0,0.001
BIOMD0000000788,model,0.0166666666666666,0.0,0.1,6,2,0.0,0.0,0.0,0.0,0.0,0.0,0.0,0.05,0.075,0.095,0.0,1.0,0.001
BIOMD0000000788,model,0.0166666666666666,0.0,0.1,6,2,0.0,0.0,0.0,0.0,0.0,0.0,0.0,0.05,0.075,0.095,0.05,1.0,0.001
BIOMD0000000788,model,0.0166666666666666,0.0,0.1,6,2,0.0,0.0,0.0,0.0,0.0,0.0,0.0,0.05,0.075,0.095,0.1,1.0,0.001
BIOMD0000000788,model,0.0166666666666666,0.0,0.1,6,2,0.0,0.0,0.0,0.0,0.0,0.0,0.0,0.05,0.075,0.095,0.2,1.0,0.001
BIOMD0000000788,model,0.1666666666666666,0.0,1.0,6,2,0.0,0.0,0.0,0.0,0.0,0.0,0.0,0.5,0.75,0.9500000000000002,0.5,1.0,0.001
BIOMD0000000789,model,0.4864669788139252,0.4864669788139252,0.4864669788139252,1,2,0.4864669788139252,0.4864669788139252,0.4864669788139252,0.4864669788139252,0.4864669788139252,0.4864669788139252,0.4864669788139252,0.4864669788139252,0.4864669788139252,0.4864669788139252,-0.5,0.3333333333333333,0.001
BIOMD0000000789,model,0.7492366637504796,0.7492366637504796,0.7492366637504796,1,2,0.7492366637504796,0.7492366637504796,0.7492366637504796,0.7492366637504796,0.7492366637504796,0.7492366637504796,0.7492366637504796,0.7492366637504796,0.7492366637504796,0.7492366637504796,-0.2,0.3333333333333333,0.001
BIOMD0000000789,model,0.7988754786391044,0.7988754786391044,0.7988754786391044,1,2,0.7988754786391044,0.7988754786391044,0.7988754786391044,0.7988754786391044,0.7988754786391044,0.7988754786391044,0.7988754786391044,0.7988754786391044,0.7988754786391044,0.7988754786391044,-0.1,0.3333333333333333,0.001
BIOMD0000000789,model,0.8193298996065634,0.8193298996065634,0.8193298996065634,1,2,0.8193298996065634,0.8193298996065634,0.8193298996065634,0.8193298996065634,0.8193298996065634,0.8193298996065634,0.8193298996065634,0.8193298996065634,0.8193298996065634,0.8193298996065634,-0.05,0.3333333333333333,0.001
BIOMD0000000789,model,0.8381059108189222,0.8381059108189222,0.8381059108189222,1,2,0.8381059108189222,0.8381059108189222,0.8381059108189222,0.8381059108189222,0.8381059108189222,0.8381059108189222,0.8381059108189222,0.8381059108189222,0.8381059108189222,0.8381059108189222,0.0,0.3333333333333333,0.001
BIOMD0000000789,model,0.8547290572416483,0.8547290572416483,0.8547290572416483,1,2,0.8547290572416483,0.8547290572416483,0.8547290572416483,0.8547290572416483,0.8547290572416483,0.8547290572416483,0.8547290572416483,0.8547290572416483,0.8547290572416483,0.8547290572416483,0.05,0.3333333333333333,0.001
BIOMD0000000789,model,0.8697388520301359,0.8697388520301359,0.8697388520301359,1,2,0.8697388520301359,0.8697388520301359,0.8697388520301359,0.8697388520301359,0.8697388520301359,0.8697388520301359,0.8697388520301359,0.8697388520301359,0.8697388520301359,0.8697388520301359,0.1,0.3333333333333333,0.001
BIOMD0000000789,model,0.8957807521129916,0.8957807521129916,0.8957807521129916,1,2,0.8957807521129916,0.8957807521129916,0.8957807521129916,0.8957807521129916,0.8957807521129916,0.8957807521129916,0.8957807521129916,0.8957807521129916,0.8957807521129916,0.8957807521129916,0.2,0.3333333333333333,0.001
BIOMD0000000789,model,0.9309346479333768,0.9309346479333768,0.9309346479333768,1,2,0.9309346479333768,0.9309346479333768,0.9309346479333768,0.9309346479333768,0.9309346479333768,0.9309346479333768,0.9309346479333768,0.9309346479333768,0.9309346479333768,0.9309346479333768,0.5,0.3333333333333333,0.001
BIOMD0000000790,model,0.2352568373011643,0.0,0.6632563659583209,4,0,0.0,0.0,0.0,0.0,0.0,0.1388854916231682,0.4319651363311304,0.5476107511447257,0.6054335585515231,0.6516918044769613,-0.5,1.0,0.001
BIOMD0000000790,model,0.2381459424954312,0.0,0.6551676085072708,4,0,0.0,0.0,0.0,0.0,0.0,0.148708080737227,0.4405167402875808,0.5478421743974259,0.6015048914523482,0.6444350650962862,-0.2,1.0,0.001
BIOMD0000000790,model,0.2343048174875527,0.0,0.6513516892974349,4,0,0.0,0.0,0.0,0.0,0.0,0.142933790326388,0.4320612241106397,0.5417064567040373,0.596529073000736,0.6403871660380951,-0.1,1.0,0.001
BIOMD0000000790,model,0.2323680965220613,0.0,0.6470485287314954,4,0,0.0,0.0,0.0,0.0,0.0,0.1412119286783749,0.4282737259066481,0.5376611273190718,0.5923548280252835,0.636109788590253,-0.05,1.0,0.001
BIOMD0000000790,model,0.2367158042394842,0.0,0.6419993343914409,4,0,0.0,0.0,0.0,0.0,0.0,0.1524319412832481,0.4397180632964742,0.5408586988439575,0.5914290166176991,0.6318852708366924,0.0,1.0,0.001
BIOMD0000000790,model,0.0184655836632328,0.0,0.0738623346529313,4,0,0.0,0.0,0.0,0.0,0.0,0.0,0.0295449338611725,0.0517036342570519,0.0627829844549916,0.0716464646133433,0.05,1.0,0.001
BIOMD0000000790,model,0.0179261759865819,0.0,0.0717047039463276,4,0,0.0,0.0,0.0,0.0,0.0,0.0,0.028681881578531,0.0501932927624293,0.0609489983543785,0.0695535628279378,0.1,1.0,0.001
BIOMD0000000790,model,0.0168095110455429,0.0,0.0672380441821719,4,0,0.0,0.0,0.0,0.0,0.0,0.0,0.0268952176728687,0.0470666309275203,0.0571523375548461,0.0652209028567067,0.2,1.0,0.001
BIOMD0000000790,model,0.0135604117555456,0.0,0.0542416470221824,4,0,0.0,0.0,0.0,0.0,0.0,0.0,0.0216966588088729,0.0379691529155276,0.046105399968855,0.0526143976115169,0.5,1.0,0.001
BIOMD0000000791,model,0.392515947435928,0.0,0.8392910077621585,4,1,0.0,0.0,0.0,0.0,0.0,0.3653863909907768,0.7741800722937957,0.8067355400279771,0.8230132738950677,0.8360354609887403,-0.5,1.0,0.001
BIOMD0000000791,model,0.4621861042696468,0.0,0.9401737133544572,4,1,0.0,0.0,0.0,0.0,0.0,0.4542853518620651,0.921211907576261,0.930692810465359,0.935433261909908,0.9392256230655472,-0.2,1.0,0.001
BIOMD0000000791,model,0.4602323483967131,0.0,0.9335642050051544,4,1,0.0,0.0,0.0,0.0,0.0,0.453682594290849,0.9178447951510806,0.9257045000781176,0.929634352541636,0.9327782345124508,-0.1,1.0,0.001
BIOMD0000000791,model,0.4578341507201945,0.0,0.9277494139089216,4,1,0.0,0.0,0.0,0.0,0.0,0.4517935944859284,0.9132520789466828,0.920500746427802,0.9241250801683618,0.9270245471608096,-0.05,1.0,0.001
BIOMD0000000791,model,0.4547076177308177,0.0,0.9206597007434302,4,1,0.0,0.0,0.0,0.0,0.0,0.4490853850899204,0.9071663424052766,0.9139130215743534,0.9172863611588916,0.9199850328265224,0.0,1.0,0.001
BIOMD0000000791,model,0.4510171256656981,0.0,0.9125823503895502,4,1,0.0,0.0,0.0,0.0,0.0,0.4457430761366212,0.8999246315197654,0.9062534909546578,0.909417920672104,0.911949464446061,0.05,1.0,0.001
BIOMD0000000791,model,0.4468203958030937,0.0,0.9036439810588524,4,1,0.0,0.0,0.0,0.0,0.0,0.4418188010767613,0.8916401537156545,0.8976420673872535,0.900643024223053,0.9030437896916924,0.1,1.0,0.001
BIOMD0000000791,model,0.4373367954401234,0.0,0.8839378487584194,4,1,0.0,0.0,0.0,0.0,0.0,0.4327046665010371,0.8728207393046123,0.8783792940315158,0.8811585713949677,0.8833819932857291,0.2,1.0,0.001
BIOMD0000000791,model,0.4045785982048783,0.0,0.8181437602416791,4,1,0.0,0.0,0.0,0.0,0.0,0.400085316288917,0.8073598836433721,0.8127518219425256,0.8154477910921023,0.8176045664117637,0.5,1.0,0.001
BIOMD0000000792,model,0.2390506964949058,0.0,0.9668591008631304,6,0,0.0,0.0,0.0,0.0,0.0,0.0,0.4674450781063046,0.7171520894847175,0.8420055951739239,0.9418883997252891,-0.5,1.0,0.001
BIOMD0000000792,model,0.2461436104971772,0.0,0.9680710831380736,6,0,0.0,0.0,0.0,0.0,0.0,0.0,0.50879057984499,0.7384308314915318,0.8532509573148026,0.9451070579734194,-0.2,1.0,0.001
BIOMD0000000792,model,0.2482733179317797,0.0,0.968455291742857,6,0,0.0,0.0,0.0,0.0,0.0,0.0,0.5211846158478215,0.7448199537953393,0.8566376227690982,0.9460917579481054,-0.1,1.0,0.001
BIOMD0000000792,model,0.2492993346178233,0.0,0.9686442977087149,6,0,0.0,0.0,0.0,0.0,0.0,0.0,0.5271517099982252,0.7478980038534699,0.8582711507810924,0.9465696683231904,-0.05,1.0,0.001
BIOMD0000000792,model,0.2503001500571954,0.0,0.9688303882689746,6,0,0.0,0.0,0.0,0.0,0.0,0.0,0.532970512074198,0.7509004501715864,0.8598654192202805,0.9470373944592358,0.0,1.0,0.001
BIOMD0000000792,model,0.2512777982906182,0.0,0.969015402251943,6,0,0.0,0.0,0.0,0.0,0.0,0.0,0.5386513874917663,0.7538333948718547,0.8614243985618989,0.9474972015139342,0.05,1.0,0.001
BIOMD0000000792,model,0.2522312662197029,0.0,0.9691964170989068,6,0,0.0,0.0,0.0,0.0,0.0,0.0,0.5441911802193109,0.7566937986591088,0.8629451078790078,0.947946155254927,0.1,1.0,0.001
BIOMD0000000792,model,0.2540756190409798,0.0,0.9695573908896054,6,0,0.0,0.0,0.0,0.0,0.0,0.0,0.5548963233562733,0.7622268571229394,0.8658921240062724,0.9488243375129388,0.2,1.0,0.001
BIOMD0000000792,model,0.2591266420115918,0.0,0.9705816348719536,6,0,0.0,0.0,0.0,0.0,0.0,0.0,0.5841782171975977,0.7773799260347756,0.8739807804533646,0.9512614639882356,0.5,1.0,0.001
BIOMD0000000793,model,0.4611001380826361,0.0,0.9222002761652724,2,0,0.0461100138082636,0.0922200276165272,0.1844400552330544,0.230550069041318,0.2766600828495817,0.4611001380826361,0.7377602209322179,0.8299802485487451,0.8760902623570087,0.9129782734036196,-0.5,1.0,0.001
BIOMD0000000793,model,0.4979280187009369,0.0,0.9958560374018738,2,0,0.0497928018700936,0.0995856037401873,0.1991712074803747,0.2489640093504684,0.2987568112205621,0.4979280187009369,0.796684829921499,0.8962704336616865,0.94606323553178,0.985897477027855,-0.2,1.0,0.001
BIOMD0000000793,model,0.4987452154107519,0.0,0.997490430821504,2,0,0.0498745215410752,0.0997490430821504,0.1994980861643008,0.2493726077053759,0.2992471292464511,0.4987452154107519,0.7979923446572031,0.8977413877393535,0.9476159092804288,0.9875155265132888,-0.1,1.0,0.001
BIOMD0000000793,model,0.4987473573811418,0.0,0.9974947147622836,2,0,0.0498747357381141,0.0997494714762283,0.1994989429524567,0.2493736786905709,0.299248414428685,0.4987473573811418,0.797995771809827,0.8977452432860552,0.9476199790241694,0.9875197676146608,-0.05,1.0,0.001
BIOMD0000000793,model,0.4987492148040863,0.0,0.9974984296081728,2,0,0.0498749214804086,0.0997498429608172,0.1994996859216345,0.2493746074020431,0.2992495288824518,0.4987492148040863,0.7979987436865382,0.8977485866473555,0.947623508127764,0.9875234453120908,0.0,1.0,0.001
BIOMD0000000793,model,0.5107158303979646,0.02393662531154,0.9974950354843892,2,0,0.0726145458201825,0.1212924663288249,0.2186483073461099,0.2673262278547523,0.3160041483633948,0.5107158303979646,0.8027833534498195,0.9001391944671044,0.9488171149757468,0.9877594513826607,0.05,1.0,0.001
BIOMD0000000793,model,0.685308363352755,0.3736325739649404,0.9969841527405696,2,0,0.4048001529037218,0.4359677318425033,0.4983028897200662,0.5294704686588476,0.5606380475976291,0.685308363352755,0.8723138369854438,0.9346489948630068,0.965816573801788,0.9907506369528132,0.1,1.0,0.001
BIOMD0000000793,model,0.7446148823250651,0.498666113728808,0.9905636509213224,2,0,0.5232609905884338,0.5478558674480595,0.5970456211673109,0.6216404980269365,0.6462353748865624,0.7446148823250651,0.8921841434828195,0.9413738972020708,0.9659687740616966,0.9856446755493972,0.2,1.0,0.001
BIOMD0000000793,model,0.4801595585795467,0.0,0.9603191171590936,2,0,0.0480159558579546,0.0960319117159093,0.1920638234318187,0.2400797792897733,0.288095735147728,0.4801595585795467,0.7682552937272749,0.8642872054431842,0.9123031613011388,0.9507159259875024,0.5,1.0,0.001
BIOMD0000000795,model,0.3926080460954846,0.0009683915921715,0.7842477005987977,2,0,0.0401323570425028,0.0792963224928341,0.1576242533934967,0.196788218843828,0.2359521842941593,0.3926080460954846,0.6275918387974725,0.7059197696981351,0.7450837351484664,0.7764149075087314,-0.5,1.0,0.001
BIOMD0000000795,model,0.3914844203275524,0.0014938452012121,0.7814749954538927,2,0,0.0404929027138461,0.0794919602264802,0.1574900752517482,0.1964891327643823,0.2354881902770163,0.3914844203275524,0.6254787654033566,0.7034768804286247,0.7424759379412585,0.7736751839513658,-0.2,1.0,0.001
BIOMD0000000795,model,0.391295466955051,0.001665329097294,0.7809256048128079,2,0,0.0406283428830697,0.0795913566688454,0.1575173842403968,0.1964803980261725,0.2354434118119482,0.391295466955051,0.6250735496697052,0.7029995772412565,0.7419625910270322,0.7731330020556528,-0.1,1.0,0.001
BIOMD0000000795,model,0.3912215112996156,0.0017504297592591,0.7806925928399722,2,0,0.0406975379132947,0.0796446460673304,0.1575388623754017,0.1964859705294374,0.235433078683473,0.3912215112996156,0.6249041602238296,0.7027983765319009,0.7417454846859365,0.7729031712091651,-0.05,1.0,0.001
BIOMD0000000795,model,0.3911600596099914,0.001835366737103,0.7804847524828797,2,0,0.0407678360243918,0.0797003053116807,0.1575652438862584,0.1964977131735472,0.235430182460836,0.3911600596099914,0.6247548753337244,0.7026198139083021,0.7415522831955909,0.772698258625422,0.0,1.0,0.001
BIOMD0000000795,model,0.391105734930616,0.0019197041343372,0.7802917657268948,2,0,0.0408383072139651,0.079756910293593,0.1575941164528487,0.1965127195324766,0.2354313226121044,0.391105734930616,0.6246173534083834,0.7024545595676391,0.7413731626472669,0.7725080451109693,0.05,1.0,0.001
BIOMD0000000795,model,0.3910644891166617,0.0020040124614563,0.780124965771867,2,0,0.0409100601269769,0.0798161077924974,0.1576282031235385,0.196534250789059,0.2354402984545795,0.3910644891166617,0.6245007751097849,0.7023128704408259,0.7412189181063464,0.7723437562387628,0.1,1.0,0.001
BIOMD0000000795,model,0.3909977347283,0.0021713950649935,0.7798240743916065,2,0,0.0410540290313241,0.0799366629976548,0.1577019309303161,0.1965845648966467,0.2354671988629774,0.3909977347283,0.624293538526284,0.7020588064589453,0.7409414404252759,0.7720475475983404,0.2,1.0,0.001
BIOMD0000000795,model,0.3909228233981068,0.0026675360082638,0.7791781107879497,2,0,0.0414930647472481,0.0803185934862324,0.157969650964201,0.1967951797031853,0.2356207084421696,0.3909228233981068,0.6238759958320126,0.7015270533099811,0.7403525820489654,0.7714130050401529,0.5,1.0,0.001
BIOMD0000000796,model,0.1995017298272779,0.0,0.4992772906304176,5,0,0.0,0.0,0.0,0.0,0.0,0.0,0.4984405449308612,0.4988589177806394,0.4990681042055285,0.4992354533454398,-0.5,1.0,0.001
BIOMD0000000796,model,0.3186955654658148,0.0,0.7982132452269335,5,0,0.0,0.0,0.0,0.0,0.0,0.0,0.7958543147270992,0.7970337799770164,0.797623512601975,0.7980952987019417,-0.2,1.0,0.001
BIOMD0000000796,model,0.3586430235157798,0.0,0.8983787287802489,5,0,0.0,0.0,0.0,0.0,0.0,0.0,0.8955448567949699,0.8969617927876095,0.8976702607839292,0.898237035180985,-0.1,1.0,0.001
BIOMD0000000796,model,0.3790735372176705,0.0,0.9494294239931568,5,0,0.0,0.0,0.0,0.0,0.0,0.0,0.946636494474788,0.9480329592339723,0.9487311916135646,0.9492897775172382,-0.05,1.0,0.001
BIOMD0000000796,model,0.6687925330685173,0.0,0.9834358092590466,5,0,0.1301380480567139,0.2602760961134279,0.5205521922268558,0.6506902402835697,0.6658912939348487,0.7266955085399647,0.9832000476598134,0.98331792845943,0.9833768688592384,0.983424021179085,0.0,1.0,0.001
BIOMD0000000796,model,0.0420861465122063,0.0,0.1686516189049669,5,0,0.0,0.0,0.0,0.0,0.0,0.0,0.0671536147058451,0.117902616805406,0.1432771178551864,0.1635767186950108,0.05,1.0,0.001
BIOMD0000000796,model,0.0255425375203952,0.0,0.0839440087418993,5,0,0.0,0.0,0.0,0.0,0.0,0.0,0.0518037448364412,0.0678738767891702,0.0759089427655347,0.0823369955466264,0.1,1.0,0.001
BIOMD0000000796,model,0.0095559707045914,0.0,0.047779853522957,5,0,0.0,0.0,0.0,0.0,0.0,0.0,0.0095559707045914,0.0286679121137742,0.0382238828183656,0.0458686593820387,0.2,1.0,0.001
BIOMD0000000796,model,0.0119449721438885,0.0,0.0597248607194429,5,0,0.0,0.0,0.0,0.0,0.0,0.0,0.0119449721438886,0.0358349164316657,0.0477798885755543,0.0573358662906652,0.5,1.0,0.001
BIOMD0000000797,model,0.0,0.0,0.0,4,0,0.0,0.0,0.0,0.0,0.0,0.0,0.0,0.0,0.0,0.0,-0.5,1.0,0.001
BIOMD0000000797,model,0.0,0.0,0.0,4,0,0.0,0.0,0.0,0.0,0.0,0.0,0.0,0.0,0.0,0.0,-0.2,1.0,0.001
BIOMD0000000797,model,0.0,0.0,0.0,4,0,0.0,0.0,0.0,0.0,0.0,0.0,0.0,0.0,0.0,0.0,-0.1,1.0,0.001
BIOMD0000000797,model,0.0,0.0,0.0,4,0,0.0,0.0,0.0,0.0,0.0,0.0,0.0,0.0,0.0,0.0,-0.05,1.0,0.001
BIOMD0000000797,model,0.0,0.0,0.0,4,0,0.0,0.0,0.0,0.0,0.0,0.0,0.0,0.0,0.0,0.0,0.0,1.0,0.001
BIOMD0000000797,model,0.0,0.0,0.0,4,0,0.0,0.0,0.0,0.0,0.0,0.0,0.0,0.0,0.0,0.0,0.05,1.0,0.001
BIOMD0000000797,model,0.0,0.0,0.0,4,0,0.0,0.0,0.0,0.0,0.0,0.0,0.0,0.0,0.0,0.0,0.1,1.0,0.001
BIOMD0000000797,model,0.0,0.0,0.0,4,0,0.0,0.0,0.0,0.0,0.0,0.0,0.0,0.0,0.0,0.0,0.2,1.0,0.001
BIOMD0000000797,model,0.0,0.0,0.0,4,0,0.0,0.0,0.0,0.0,0.0,0.0,0.0,0.0,0.0,0.0,0.5,1.0,0.001
BIOMD0000000798,model,0.7054292855261386,0.4763804134549936,0.7921664216322467,4,1,0.5212812377454761,0.5661820620359584,0.6559837106169232,0.7008845349074054,0.7457853591978878,0.776585153508657,0.7833372076283615,0.7877518146303041,0.7899591181312754,0.7917249609320525,-0.5,1.0,0.001
BIOMD0000000798,model,0.6426970148128155,0.0,0.8958485191296184,5,0,0.1232753074385538,0.2465506148771077,0.4931012297542154,0.6163765371927693,0.6618751387956395,0.8438695452071204,0.8650820818535793,0.8804653004915988,0.8881569098106086,0.8943101972658164,-0.2,1.0,0.001
BIOMD0000000798,model,0.6765308211834652,0.0,0.9292604918955736,5,0,0.1303033216456205,0.2606066432912411,0.5212132865824822,0.6515166082281028,0.7002964719942227,0.8954159270587029,0.911020961367072,0.9201407266313228,0.9247006092634482,0.9283485153691484,-0.1,1.0,0.001
BIOMD0000000798,model,0.8675254115367353,0.6436287508943141,0.9474256120904536,5,0,0.6880920141424178,0.7325552773905215,0.821481803886729,0.8659450671348327,0.8799295920644773,0.9358676917830556,0.9452930710429068,0.9463593415666802,0.9468924768285668,0.9473189850380764,-0.05,1.0,0.001
BIOMD0000000798,model,0.8974968408104551,0.7930610899530985,0.9533284904833532,5,0,0.804576260713185,0.8160914314732715,0.8391217729934444,0.8506369437535308,0.8681178867641561,0.9380416588066572,0.9525985149411792,0.9529635027122664,0.9531459965978096,0.9532919917062446,0.0,1.0,0.001
BIOMD0000000798,model,0.7826930663924514,0.5633129395830915,0.9223992856506956,5,0,0.5744708134459869,0.5856286873088825,0.6079444350346735,0.619102308897569,0.6749505068319791,0.8983432985696196,0.9127258565391636,0.9175625710949296,0.9199809283728128,0.9219156141951192,0.05,1.0,0.001
BIOMD0000000798,model,0.7079131411968365,0.4478212294001835,0.9064206869472228,5,0,0.4548639879172453,0.4619067464343072,0.4759922634684309,0.4830350219854927,0.5553276399135453,0.8444981116257556,0.8675166622098668,0.8869686745785448,0.8966946807628838,0.9044754857103552,0.1,1.0,0.001
BIOMD0000000798,model,0.6084865080989583,0.3124630779110836,0.8738061762183895,5,0,0.3172126985655875,0.3219623192200915,0.3314615605290994,0.3362111811836034,0.4194221936812938,0.7522662436720555,0.788909924451406,0.8313580503348977,0.8525821132766436,0.8695613636300403,0.2,1.0,0.001
BIOMD0000000798,model,0.4960317963226819,0.2807678447567431,0.7635806309250593,5,0,0.2900507295830835,0.2993336144094239,0.3178993840621048,0.3271822688884452,0.3705819629180721,0.5441807390365795,0.6042741245902777,0.6839273777576685,0.7237540043413639,0.7556153056083202,0.5,1.0,0.001
BIOMD0000000799,model,0.9834907008522304,0.9834907008521796,0.9834907008522812,2,0,0.9834907008521848,0.9834907008521898,0.9834907008522,0.983490700852205,0.98349070085221,0.9834907008522304,0.983490700852261,0.9834907008522712,0.9834907008522762,0.9834907008522804,-0.5,1.0,0.001
BIOMD0000000799,model,0.9975585010454996,0.997558501045498,0.997558501045501,2,0,0.9975585010454984,0.9975585010454984,0.9975585010454988,0.9975585010454988,0.997558501045499,0.9975585010454996,0.9975585010455004,0.9975585010455008,0.9975585010455008,0.997558501045501,-0.2,1.0,0.001
BIOMD0000000799,model,0.9971288878447624,0.997128887844752,0.9971288878447724,2,0,0.9971288878447532,0.997128887844754,0.9971288878447562,0.9971288878447572,0.9971288878447582,0.9971288878447624,0.9971288878447684,0.9971288878447704,0.9971288878447716,0.9971288878447724,-0.1,1.0,0.001
BIOMD0000000799,model,0.9972500204448368,0.9972500204448338,0.9972500204448396,2,0,0.997250020444834,0.9972500204448344,0.9972500204448348,0.9972500204448352,0.9972500204448356,0.9972500204448368,0.9972500204448383,0.997250020444839,0.9972500204448392,0.9972500204448396,-0.05,1.0,0.001
BIOMD0000000799,model,0.9974645223689104,0.9974645223689002,0.9974645223689204,2,0,0.9974645223689012,0.9974645223689022,0.997464522368904,0.9974645223689051,0.9974645223689064,0.9974645223689104,0.9974645223689164,0.9974645223689184,0.9974645223689194,0.99746452236892,0.0,1.0,0.001
BIOMD0000000799,model,0.9975908330473734,0.9975908330473662,0.9975908330473806,2,0,0.9975908330473668,0.9975908330473676,0.9975908330473692,0.9975908330473696,0.9975908330473704,0.9975908330473734,0.9975908330473776,0.9975908330473792,0.9975908330473798,0.9975908330473804,0.05,1.0,0.001
BIOMD0000000799,model,0.9971992361112624,0.9971992361112352,0.9971992361112896,2,0,0.997199236111238,0.9971992361112408,0.9971992361112462,0.9971992361112488,0.9971992361112516,0.9971992361112624,0.9971992361112788,0.997199236111284,0.9971992361112868,0.997199236111289,0.1,1.0,0.001
BIOMD0000000799,model,0.9939280556110952,0.9939280556110848,0.9939280556111056,2,0,0.9939280556110855,0.9939280556110868,0.9939280556110888,0.99392805561109,0.9939280556110908,0.9939280556110952,0.9939280556111012,0.9939280556111034,0.9939280556111044,0.9939280556111052,0.2,1.0,0.001
BIOMD0000000799,model,0.9816506977210312,0.9816506977209836,0.981650697721079,2,0,0.9816506977209885,0.9816506977209932,0.9816506977210028,0.9816506977210074,0.9816506977210122,0.9816506977210312,0.98165069772106,0.9816506977210696,0.9816506977210744,0.981650697721078,0.5,1.0,0.001
BIOMD0000000800,model,0.0,0.0,0.0,3,0,0.0,0.0,0.0,0.0,0.0,0.0,0.0,0.0,0.0,0.0,-0.5,1.0,0.001
BIOMD0000000800,model,0.0,0.0,0.0,3,0,0.0,0.0,0.0,0.0,0.0,0.0,0.0,0.0,0.0,0.0,-0.2,1.0,0.001
BIOMD0000000800,model,0.0571691044951404,0.0,0.1715073134854212,3,0,0.0,0.0,0.0,0.0,0.0,0.0,0.1029043880912527,0.137205850788337,0.154356582136879,0.1680771672157128,-0.1,1.0,0.001
BIOMD0000000800,model,0.1858403919555875,0.0,0.5575211758667625,3,0,0.0,0.0,0.0,0.0,0.0,0.0,0.3345127055200576,0.44601694069341,0.5017690582800862,0.5463707523494272,-0.05,1.0,0.001
BIOMD0000000800,model,0.2223763161687248,0.0,0.6671289485061744,3,0,0.0,0.0,0.0,0.0,0.0,0.0,0.4002773691037047,0.5337031588049396,0.600416053655557,0.653786369536051,0.0,1.0,0.001
BIOMD0000000800,model,0.1945586432542352,0.0,0.5836759297627058,3,0,0.0,0.0,0.0,0.0,0.0,0.0,0.3502055578576235,0.4669407438101646,0.5253083367864352,0.5720024111674517,0.05,1.0,0.001
BIOMD0000000800,model,0.0780393060773169,0.0,0.2341179182319507,3,0,0.0,0.0,0.0,0.0,0.0,0.0,0.1404707509391704,0.1872943345855605,0.2107061264087556,0.2294355598673117,0.1,1.0,0.001
BIOMD0000000800,model,0.0,0.0,0.0,3,0,0.0,0.0,0.0,0.0,0.0,0.0,0.0,0.0,0.0,0.0,0.2,1.0,0.001
BIOMD0000000800,model,0.0,0.0,0.0,3,0,0.0,0.0,0.0,0.0,0.0,0.0,0.0,0.0,0.0,0.0,0.5,1.0,0.001
BIOMD0000000801,model,0.0,0.0,0.0,2,2,0.0,0.0,0.0,0.0,0.0,0.0,0.0,0.0,0.0,0.0,-0.5,1.0,0.001
BIOMD0000000801,model,0.0,0.0,0.0,1,3,0.0,0.0,0.0,0.0,0.0,0.0,0.0,0.0,0.0,0.0,-0.2,1.0,0.001
BIOMD0000000801,model,0.0,0.0,0.0,1,3,0.0,0.0,0.0,0.0,0.0,0.0,0.0,0.0,0.0,0.0,-0.1,1.0,0.001
BIOMD0000000801,model,0.0,0.0,0.0,1,3,0.0,0.0,0.0,0.0,0.0,0.0,0.0,0.0,0.0,0.0,-0.05,1.0,0.001
BIOMD0000000801,model,0.0,0.0,0.0,1,3,0.0,0.0,0.0,0.0,0.0,0.0,0.0,0.0,0.0,0.0,0.0,1.0,0.001
BIOMD0000000801,model,0.0,0.0,0.0,1,3,0.0,0.0,0.0,0.0,0.0,0.0,0.0,0.0,0.0,0.0,0.05,1.0,0.001
BIOMD0000000801,model,0.0,0.0,0.0,1,3,0.0,0.0,0.0,0.0,0.0,0.0,0.0,0.0,0.0,0.0,0.1,1.0,0.001
BIOMD0000000801,model,0.0,0.0,0.0,1,3,0.0,0.0,0.0,0.0,0.0,0.0,0.0,0.0,0.0,0.0,0.2,1.0,0.001
BIOMD0000000801,model,0.0,0.0,0.0,1,3,0.0,0.0,0.0,0.0,0.0,0.0,0.0,0.0,0.0,0.0,0.5,1.0,0.001
BIOMD0000000802,model,0.9962488118993648,0.9943117131640108,0.99956085675227,3,1,0.9943679284257912,0.9944241436875714,0.994536574211132,0.9945927894729124,0.9946490047346924,0.9948738657818136,0.9976860603640876,0.9986234585581788,0.9990921576552244,0.9994671169328608,-0.5,1.0,0.001
BIOMD0000000802,model,0.9982966272069672,0.997396090563196,0.999768709822656,3,1,0.9974289896303814,0.9974618886975668,0.9975276868319376,0.9975605858991228,0.9975934849663082,0.9977250812350495,0.9989512583876132,0.9993599841051346,0.9995643469638952,0.9997278372509038,-0.2,1.0,0.001
BIOMD0000000802,model,0.9986666700012266,0.9972979085494366,0.999837958792427,3,1,0.9974545319606744,0.9976111553719124,0.9979244021943884,0.9980810256056264,0.9982376490168642,0.998864142661816,0.9994484323401824,0.9996431955663048,0.9997405771793658,0.9998184824698148,-0.1,1.0,0.001
BIOMD0000000802,model,0.998851730475014,0.997248704613264,0.9998725791401056,3,1,0.9974672249191048,0.9976857452249456,0.9981227858366272,0.998341306142468,0.9985598264483088,0.999433907671672,0.9996971105527322,0.9997848448464188,0.9998287119932624,0.999863805710737,-0.05,1.0,0.001
BIOMD0000000802,model,0.9990342607036208,0.9971994150207936,0.9999961707249042,3,1,0.9974701931552308,0.997740971289668,0.9982825275585422,0.9985533056929792,0.9988240838274164,0.999907196365165,0.9999605809810084,0.9999783758529563,0.9999872732889304,0.9999943912377094,0.0,1.0,0.001
BIOMD0000000802,model,0.9988393121494972,0.9971500419150832,0.999941806878024,3,1,0.9973776464891132,0.9976052510631434,0.9980604602112034,0.9982880647852336,0.9985156693592634,0.9994260876553837,0.999735519188968,0.999838663033496,0.99989023495576,0.9999314924935714,0.05,1.0,0.001
BIOMD0000000802,model,0.9986375387549536,0.9971005905915088,0.9999561751836712,3,1,0.997276116581326,0.9974516425711432,0.9978026945507776,0.9979782205405948,0.9981537465304118,0.9988558504896804,0.999516045306075,0.9997361102448732,0.9998461427142722,0.9999341686897916,0.1,1.0,0.001
BIOMD0000000802,model,0.9979012444584208,0.9960968996370966,0.9998919312378084,3,1,0.9962586999234226,0.9964205002097488,0.9967441007824008,0.9969059010687268,0.9970677013550528,0.997714902500357,0.9990211197428278,0.9994565254903182,0.9996742283640632,0.9998483906630594,0.2,1.0,0.001
BIOMD0000000802,model,0.9955111812336236,0.9925543475158202,0.9996909105886616,3,1,0.9927277413238772,0.992901135131934,0.993247922748048,0.9934213165561048,0.9935947103641616,0.9942882855963892,0.9975298605917526,0.9986103855902072,0.9991506480894344,0.999582858088816,0.5,1.0,0.001
BIOMD0000000804,model,0.5655193357755776,0.5212810917683502,0.6474724658553519,3,0,0.5219334275618183,0.5225857633552863,0.5238904349422223,0.5245427707356904,0.5251951065291585,0.5278044497030305,0.5996052593944233,0.6235388626248877,0.6355056642401198,0.6450791055323055,-0.5,0.3333333333333333,0.001
BIOMD0000000804,model,0.6615202390526976,0.5138235824697641,0.8584914832334206,3,0,0.5236657893682786,0.5335079962667929,0.5531924100638217,0.5630346169623361,0.5728768238608506,0.6122456514549082,0.7599931505220157,0.8092423168777181,0.8338669000555694,0.8535665665978504,-0.2,0.3333333333333333,0.001
BIOMD0000000804,model,0.6817437495693807,0.5082249672664275,0.9347178031484452,3,0,0.5176313183691117,0.5270376694717959,0.5458503716771642,0.5552567227798484,0.5646630738825325,0.6022884782932691,0.8017460732063748,0.86823193817741,0.9014748706629276,0.9280692166513416,-0.1,0.3333333333333333,0.001
BIOMD0000000804,model,0.6904827452195837,0.5052759383325461,0.9685623398968768,3,0,0.5145093402422244,0.5237427421519026,0.542209545971259,0.5514429478809373,0.5606763497906155,0.5976099574293284,0.8201813869098575,0.8943718634033672,0.931467101650122,0.9611432922475258,-0.05,0.3333333333333333,0.001
BIOMD0000000804,model,0.6976946499348547,0.499964567031758,1.0,3,0,0.5092800486058628,0.5185955301799677,0.5372264933281774,0.5465419749022822,0.555857456476387,0.5931193827728063,0.8372477531091226,0.9186238765545612,0.9593119382772806,0.991862387655456,0.0,0.3333333333333333,0.001
BIOMD0000000804,model,0.6799337363229799,0.4802837320420425,0.9707031808160572,3,0,0.4911367884489223,0.501989844855802,0.5236959576695616,0.5345490140764413,0.5454020704833211,0.5888142961108401,0.8179476269339705,0.8943254038750139,0.9325142923455356,0.963065403121953,0.05,0.3333333333333333,0.001
BIOMD0000000804,model,0.6620704542510497,0.4582019402912639,0.9433208839799592,3,0,0.4708506001103301,0.4834992599293963,0.5087965795675288,0.521445239386595,0.5340938992056613,0.5846885384819261,0.799867945780746,0.8715944148803526,0.9074576494301558,0.9361482370699984,0.1,0.3333333333333333,0.001
BIOMD0000000804,model,0.6276951971494086,0.4125860393118368,0.8935494813810184,3,0,0.4290224424561902,0.4454588456005436,0.4783316518892503,0.4947680550336037,0.5112044581779571,0.5769500707553706,0.7669097171307593,0.8302295992558889,0.8618895403184537,0.8872174931685055,0.2,0.3333333333333333,0.001
BIOMD0000000804,model,0.5373046008827709,0.2799607943755455,0.7744666053160462,3,0,0.307713355233663,0.3354659160917806,0.3909710378080157,0.4187235986661333,0.4464761595242508,0.557486402956721,0.6876745243723161,0.7310705648441811,0.7527685850801137,0.7701270012688597,0.5,0.3333333333333333,0.001
BIOMD0000000805,model,0.4990689526818211,0.4967741752930437,0.4999180961625765,4,0,0.4972228788151683,0.4976715823372929,0.498568989381542,0.4990176929036666,0.4994663964257912,0.4997917696358322,0.4998580427637047,0.4998880694631406,0.4999030828128586,0.4999150934926329,-0.5,0.5,0.001
BIOMD0000000805,model,0.7985300018364428,0.7949865234226625,0.7998187043890826,4,0,0.7956853961536146,0.7963842688845667,0.7977820143464708,0.7984808870774228,0.7991797598083749,0.799657389767013,0.7997289444986428,0.7997738244438627,0.7997962644164727,0.7998142163945606,-0.2,0.5,0.001
BIOMD0000000805,model,0.8983392074962242,0.8943579966040826,0.8997752253758377,4,0,0.8951425317450666,0.8959270668860507,0.8974961371680189,0.8982806723090031,0.8990652074499872,0.8996118040024885,0.8996913164269353,0.8997332709013864,0.899754248138612,0.8997710299283925,-0.1,0.5,0.001
BIOMD0000000805,model,0.9482381159900084,0.9440190370317496,0.9497553765087045,4,0,0.9448501078023274,0.9456811785729048,0.94734332011406,0.9481743908846376,0.9490054616552152,0.9495890252097898,0.9496732755538694,0.9497143260312868,0.9497348512699956,0.9497512714609626,-0.05,0.5,0.001
BIOMD0000000805,model,0.9976707681506598,0.9935846087002254,0.9997074978883111,4,0,0.9942152567613936,0.9948459048225616,0.996107200944898,0.9967378490060662,0.9973684970672344,0.9986954830070512,0.999644221298978,0.9996758595936446,0.999691678740978,0.9997043340588444,0.0,0.5,0.001
BIOMD0000000805,model,0.94922874017393,0.9477489307166208,0.9503717756468112,4,0,0.9478698722438224,0.9479908137710245,0.948232696825428,0.9483536383526298,0.9484745798798316,0.949397127166144,0.9502921383193176,0.9503319569830644,0.9503518663149378,0.9503677937804366,0.05,0.5,0.001
BIOMD0000000805,model,0.8991973289039339,0.8976636020343554,0.900398228402831,4,0,0.8977848424395674,0.8979060828447792,0.8981485636552031,0.8982698040604151,0.898391044465627,0.8993637425892749,0.9003126596268012,0.9003554440148162,0.9003768362088236,0.9003939499640295,0.1,0.5,0.001
BIOMD0000000805,model,0.7991276318159368,0.7974790489789719,0.8004385565950675,4,0,0.797602971494039,0.797726894009106,0.7979747390392402,0.7980986615543072,0.7982225840693743,0.7992964608448538,0.8003480562042002,0.8003933063996338,0.8004159314973507,0.8004340315755241,0.2,0.5,0.001
BIOMD0000000805,model,0.4989036135509434,0.496875123283885,0.5005498810417941,4,0,0.4970146321079086,0.4971541409319323,0.4974331585799795,0.4975726674040032,0.4977121762280268,0.4990947249390473,0.5004505130771488,0.5005001970594715,0.5005250390506327,0.5005449126435618,0.5,0.5,0.001
BIOMD0000000806,model,0.0,0.0,0.0,6,0,0.0,0.0,0.0,0.0,0.0,0.0,0.0,0.0,0.0,0.0,-0.5,1.0,0.001
BIOMD0000000806,model,0.0,0.0,0.0,6,0,0.0,0.0,0.0,0.0,0.0,0.0,0.0,0.0,0.0,0.0,-0.2,1.0,0.001
BIOMD0000000806,model,0.0,0.0,0.0,6,0,0.0,0.0,0.0,0.0,0.0,0.0,0.0,0.0,0.0,0.0,-0.1,1.0,0.001
BIOMD0000000806,model,0.0,0.0,0.0,6,0,0.0,0.0,0.0,0.0,0.0,0.0,0.0,0.0,0.0,0.0,-0.05,1.0,0.001
BIOMD0000000806,model,0.0,0.0,0.0,6,0,0.0,0.0,0.0,0.0,0.0,0.0,0.0,0.0,0.0,0.0,0.0,1.0,0.001
BIOMD0000000806,model,0.0,0.0,0.0,6,0,0.0,0.0,0.0,0.0,0.0,0.0,0.0,0.0,0.0,0.0,0.05,1.0,0.001
BIOMD0000000806,model,0.0,0.0,0.0,6,0,0.0,0.0,0.0,0.0,0.0,0.0,0.0,0.0,0.0,0.0,0.1,1.0,0.001
BIOMD0000000806,model,0.0,0.0,0.0,6,0,0.0,0.0,0.0,0.0,0.0,0.0,0.0,0.0,0.0,0.0,0.2,1.0,0.001
BIOMD0000000806,model,0.0,0.0,0.0,6,0,0.0,0.0,0.0,0.0,0.0,0.0,0.0,0.0,0.0,0.0,0.5,1.0,0.001
BIOMD0000000807,model,0.9999999999696928,0.9999999999696928,0.9999999999696928,1,2,0.9999999999696928,0.9999999999696928,0.9999999999696928,0.9999999999696928,0.9999999999696928,0.9999999999696928,0.9999999999696928,0.9999999999696928,0.9999999999696928,0.9999999999696928,-0.5,0.0,0.001
BIOMD0000000807,model,0.9999999999696928,0.9999999999696928,0.9999999999696928,1,2,0.9999999999696928,0.9999999999696928,0.9999999999696928,0.9999999999696928,0.9999999999696928,0.9999999999696928,0.9999999999696928,0.9999999999696928,0.9999999999696928,0.9999999999696928,-0.2,0.0,0.001
BIOMD0000000807,model,0.9999999999696928,0.9999999999696928,0.9999999999696928,1,2,0.9999999999696928,0.9999999999696928,0.9999999999696928,0.9999999999696928,0.9999999999696928,0.9999999999696928,0.9999999999696928,0.9999999999696928,0.9999999999696928,0.9999999999696928,-0.1,0.0,0.001
BIOMD0000000807,model,0.9999999999696924,0.9999999999696924,0.9999999999696924,1,2,0.9999999999696924,0.9999999999696924,0.9999999999696924,0.9999999999696924,0.9999999999696924,0.9999999999696924,0.9999999999696924,0.9999999999696924,0.9999999999696924,0.9999999999696924,-0.05,0.0,0.001
BIOMD0000000807,model,0.9999999999696928,0.9999999999696928,0.9999999999696928,1,2,0.9999999999696928,0.9999999999696928,0.9999999999696928,0.9999999999696928,0.9999999999696928,0.9999999999696928,0.9999999999696928,0.9999999999696928,0.9999999999696928,0.9999999999696928,0.0,0.0,0.001
BIOMD0000000807,model,0.9999999999696918,0.9999999999696918,0.9999999999696918,1,2,0.9999999999696918,0.9999999999696918,0.9999999999696918,0.9999999999696918,0.9999999999696918,0.9999999999696918,0.9999999999696918,0.9999999999696918,0.9999999999696918,0.9999999999696918,0.05,0.0,0.001
BIOMD0000000807,model,0.9999999999696918,0.9999999999696918,0.9999999999696918,1,2,0.9999999999696918,0.9999999999696918,0.9999999999696918,0.9999999999696918,0.9999999999696918,0.9999999999696918,0.9999999999696918,0.9999999999696918,0.9999999999696918,0.9999999999696918,0.1,0.0,0.001
BIOMD0000000807,model,0.9999999999696928,0.9999999999696928,0.9999999999696928,1,2,0.9999999999696928,0.9999999999696928,0.9999999999696928,0.9999999999696928,0.9999999999696928,0.9999999999696928,0.9999999999696928,0.9999999999696928,0.9999999999696928,0.9999999999696928,0.2,0.0,0.001
BIOMD0000000807,model,0.9999999999696534,0.9999999999696534,0.9999999999696534,1,2,0.9999999999696534,0.9999999999696534,0.9999999999696534,0.9999999999696534,0.9999999999696534,0.9999999999696534,0.9999999999696534,0.9999999999696534,0.9999999999696534,0.9999999999696534,0.5,0.0,0.001
BIOMD0000000808,model,1.480297366166875e-16,0.0,8.881784197001252e-16,6,0,0.0,0.0,0.0,0.0,0.0,0.0,0.0,4.440892098500626e-16,6.661338147750939e-16,8.437694987151191e-16,-0.5,1.0,0.001
BIOMD0000000808,model,1.480297366166875e-16,0.0,8.881784197001252e-16,6,0,0.0,0.0,0.0,0.0,0.0,0.0,0.0,4.440892098500626e-16,6.661338147750939e-16,8.437694987151191e-16,-0.2,1.0,0.001
BIOMD0000000808,model,1.480297366166875e-16,0.0,8.881784197001252e-16,6,0,0.0,0.0,0.0,0.0,0.0,0.0,0.0,4.440892098500626e-16,6.661338147750939e-16,8.437694987151191e-16,-0.1,1.0,0.001
BIOMD0000000808,model,1.480297366166875e-16,0.0,8.881784197001252e-16,6,0,0.0,0.0,0.0,0.0,0.0,0.0,0.0,4.440892098500626e-16,6.661338147750939e-16,8.437694987151191e-16,-0.05,1.0,0.001
BIOMD0000000808,model,1.480297366166875e-16,0.0,8.881784197001252e-16,6,0,0.0,0.0,0.0,0.0,0.0,0.0,0.0,4.440892098500626e-16,6.661338147750939e-16,8.437694987151191e-16,0.0,1.0,0.001
BIOMD0000000808,model,1.480297366166875e-16,0.0,8.881784197001252e-16,6,0,0.0,0.0,0.0,0.0,0.0,0.0,0.0,4.440892098500626e-16,6.661338147750939e-16,8.437694987151191e-16,0.05,1.0,0.001
BIOMD0000000808,model,1.480297366166875e-16,0.0,8.881784197001252e-16,6,0,0.0,0.0,0.0,0.0,0.0,0.0,0.0,4.440892098500626e-16,6.661338147750939e-16,8.437694987151191e-16,0.1,1.0,0.001
BIOMD0000000808,model,1.480297366166875e-16,0.0,8.881784197001252e-16,6,0,0.0,0.0,0.0,0.0,0.0,0.0,0.0,4.440892098500626e-16,6.661338147750939e-16,8.437694987151191e-16,0.2,1.0,0.001
BIOMD0000000808,model,1.480297366166875e-16,0.0,8.881784197001252e-16,6,0,0.0,0.0,0.0,0.0,0.0,0.0,0.0,4.440892098500626e-16,6.661338147750939e-16,8.437694987151191e-16,0.5,1.0,0.001
BIOMD0000000811,model,0.1096069910037604,0.0,0.6576419460225627,6,0,0.0,0.0,0.0,0.0,0.0,0.0,0.0,0.3288209730112813,0.493231459516922,0.6247598487214346,-0.5,1.0,0.001
BIOMD0000000811,model,0.0998697064744328,0.0,0.5992182388465971,6,0,0.0,0.0,0.0,0.0,0.0,0.0,0.0,0.2996091194232985,0.4494136791349478,0.5692573269042673,-0.2,1.0,0.001
BIOMD0000000811,model,0.097980501075277,0.0,0.5878830064516624,6,0,0.0,0.0,0.0,0.0,0.0,0.0,0.0,0.2939415032258312,0.4409122548387467,0.5584888561290794,-0.1,1.0,0.001
BIOMD0000000811,model,0.0972202839934927,0.0,0.5833217039609564,6,0,0.0,0.0,0.0,0.0,0.0,0.0,0.0,0.2916608519804782,0.4374912779707173,0.5541556187629086,-0.05,1.0,0.001
BIOMD0000000811,model,0.0965648238087273,0.0,0.5793889428523641,6,0,0.0,0.0,0.0,0.0,0.0,0.0,0.0,0.289694471426182,0.4345417071392731,0.550419495709746,0.0,1.0,0.001
BIOMD0000000811,model,0.0960056092186179,0.0,0.5760336553117079,6,0,0.0,0.0,0.0,0.0,0.0,0.0,0.0,0.2880168276558539,0.4320252414837809,0.5472319725461227,0.05,1.0,0.001
BIOMD0000000811,model,0.0955147335038275,0.0,0.573088401022965,6,0,0.0,0.0,0.0,0.0,0.0,0.0,0.0,0.2865442005114825,0.4298163007672237,0.5444339809718168,0.1,1.0,0.001
BIOMD0000000811,model,0.0947650164986749,0.0,0.5685900989920497,6,0,0.0,0.0,0.0,0.0,0.0,0.0,0.0,0.2842950494960248,0.4264425742440373,0.5401605940424473,0.2,1.0,0.001
BIOMD0000000811,model,0.0939183216854963,0.0,0.5635099301129781,6,0,0.0,0.0,0.0,0.0,0.0,0.0,0.0,0.281754965056489,0.4226324475847336,0.5353344336073294,0.5,1.0,0.001
BIOMD0000000812,model,0.1329980451037017,0.0,0.398994135311105,3,1,0.0,0.0,0.0,0.0,0.0,0.0,0.239396481186663,0.3191953082488841,0.3590947217799945,0.3910142526048829,-0.5,1.0,0.001
BIOMD0000000812,model,0.3120311263018266,0.0,0.9360933789054798,3,1,0.0,0.0,0.0,0.0,0.0,0.0,0.561656027343288,0.7488747031243839,0.8424840410149318,0.9173715113273704,-0.2,1.0,0.001
BIOMD0000000812,model,0.3370802803228365,0.0,0.9574770135160522,3,1,0.0053763827452457,0.0107527654904914,0.0215055309809829,0.0268819137262286,0.0322582964714743,0.0537638274524572,0.5959917390906142,0.7767343763033332,0.8671056949096926,0.9394027497947802,-0.1,1.0,0.001
BIOMD0000000812,model,0.3058094673690256,0.0,0.913483129546555,3,1,0.0003945272560521,0.0007890545121043,0.0015781090242087,0.0019726362802608,0.002367163536313,0.0039452725605217,0.5496679867521418,0.7315755581493484,0.8225293438479516,0.8952923724068342,-0.05,1.0,0.001
BIOMD0000000812,model,0.2911796456511893,0.0,0.873538936953568,3,1,0.0,0.0,0.0,0.0,0.0,0.0,0.5241233621721408,0.6988311495628544,0.7861850432582111,0.8560681582144967,0.0,1.0,0.001
BIOMD0000000812,model,0.2790219694051425,0.0,0.8370659082154277,3,1,0.0,0.0,0.0,0.0,0.0,0.0,0.5022395449292567,0.6696527265723422,0.7533593173938848,0.8203245900511191,0.05,1.0,0.001
BIOMD0000000812,model,0.2678635675294256,0.0,0.8035907025882767,3,1,0.0,0.0,0.0,0.0,0.0,0.0,0.482154421552966,0.6428725620706214,0.723231632329449,0.7875188885365112,0.1,1.0,0.001
BIOMD0000000812,model,0.2480449506484583,0.0,0.7441348519453749,3,1,0.0,0.0,0.0,0.0,0.0,0.0,0.446480911167225,0.5953078815563,0.6697213667508373,0.7292521549064673,0.2,1.0,0.001
BIOMD0000000812,model,0.20257894189759,0.0,0.6077368256927702,3,1,0.0,0.0,0.0,0.0,0.0,0.0,0.3646420954156621,0.4861894605542162,0.5469631431234931,0.5955820891789148,0.5,1.0,0.001
BIOMD0000000813,model,0.3126072423913744,0.0,0.9378217271741234,3,0,0.0,0.0,0.0,0.0,0.0,0.0,0.5626930363044741,0.7502573817392988,0.844039554456711,0.9190652926306409,-0.5,1.0,0.001
BIOMD0000000813,model,0.3133935394787419,0.0,0.9401806184362256,3,0,0.0,0.0,0.0,0.0,0.0,0.0,0.5641083710617355,0.7521444947489806,0.846162556592603,0.9213770060675012,-0.2,1.0,0.001
BIOMD0000000813,model,0.3134952414061711,0.0,0.9404857242185132,3,0,0.0,0.0,0.0,0.0,0.0,0.0,0.564291434531108,0.7523885793748106,0.8464371517966618,0.9216760097341428,-0.1,1.0,0.001
BIOMD0000000813,model,0.3134963224099396,0.0,0.9404889672298188,3,0,0.0,0.0,0.0,0.0,0.0,0.0,0.5642933803378913,0.7523911737838551,0.8464400705068368,0.9216791878852224,-0.05,1.0,0.001
BIOMD0000000813,model,0.3134977193295236,0.0,0.9404931579885708,3,0,0.0,0.0,0.0,0.0,0.0,0.0,0.5642958947931426,0.7523945263908567,0.8464438421897136,0.9216832948287994,0.0,1.0,0.001
BIOMD0000000813,model,0.3134996856711259,0.0,0.940499057013378,3,0,0.0,0.0,0.0,0.0,0.0,0.0,0.5642994342080268,0.7523992456107024,0.84644915131204,0.9216890758731104,0.05,1.0,0.001
BIOMD0000000813,model,0.3135019525623974,0.0,0.9405058576871924,3,0,0.0,0.0,0.0,0.0,0.0,0.0,0.5643035146123154,0.7524046861497539,0.846455271918473,0.9216957405334484,0.1,1.0,0.001
BIOMD0000000813,model,0.3135083016343906,0.0,0.9405249049031718,3,0,0.0,0.0,0.0,0.0,0.0,0.0,0.5643149429419032,0.7524199239225374,0.8464724144128545,0.9217144068051084,0.2,1.0,0.001
BIOMD0000000813,model,0.3135578628347442,0.0,0.9406735885042328,3,0,0.0,0.0,0.0,0.0,0.0,0.0,0.5644041531025398,0.7525388708033862,0.8466062296538094,0.921860116734148,0.5,1.0,0.001
BIOMD0000000814,model,0.7869480216342375,0.7869480216342375,0.7869480216342375,1,2,0.7869480216342375,0.7869480216342375,0.7869480216342375,0.7869480216342375,0.7869480216342375,0.7869480216342375,0.7869480216342375,0.7869480216342375,0.7869480216342375,0.7869480216342375,-0.5,1.0,0.001
BIOMD0000000814,model,0.9560310300518808,0.9560310300518808,0.9560310300518808,1,2,0.9560310300518808,0.9560310300518808,0.9560310300518808,0.9560310300518808,0.9560310300518808,0.9560310300518808,0.9560310300518808,0.9560310300518808,0.9560310300518808,0.9560310300518808,-0.2,1.0,0.001
BIOMD0000000814,model,0.9783607120964616,0.9783607120964616,0.9783607120964616,1,2,0.9783607120964616,0.9783607120964616,0.9783607120964616,0.9783607120964616,0.9783607120964616,0.9783607120964616,0.9783607120964616,0.9783607120964616,0.9783607120964616,0.9783607120964616,-0.1,1.0,0.001
BIOMD0000000814,model,0.9861120516126156,0.9861120516126156,0.9861120516126156,1,2,0.9861120516126156,0.9861120516126156,0.9861120516126156,0.9861120516126156,0.9861120516126156,0.9861120516126156,0.9861120516126156,0.9861120516126156,0.9861120516126156,0.9861120516126156,-0.05,1.0,0.001
BIOMD0000000814,model,0.9910267923792992,0.9910267923792992,0.9910267923792992,1,2,0.9910267923792992,0.9910267923792992,0.9910267923792992,0.9910267923792992,0.9910267923792992,0.9910267923792992,0.9910267923792992,0.9910267923792992,0.9910267923792992,0.9910267923792992,0.0,1.0,0.001
BIOMD0000000814,model,0.9897233397201034,0.9897233397201034,0.9897233397201034,1,2,0.9897233397201034,0.9897233397201034,0.9897233397201034,0.9897233397201034,0.9897233397201034,0.9897233397201034,0.9897233397201034,0.9897233397201034,0.9897233397201034,0.9897233397201034,0.05,1.0,0.001
BIOMD0000000814,model,0.9886868823645412,0.9886868823645412,0.9886868823645412,1,2,0.9886868823645412,0.9886868823645412,0.9886868823645412,0.9886868823645412,0.9886868823645412,0.9886868823645412,0.9886868823645412,0.9886868823645412,0.9886868823645412,0.9886868823645412,0.1,1.0,0.001
BIOMD0000000814,model,0.988037759540734,0.988037759540734,0.988037759540734,1,2,0.988037759540734,0.988037759540734,0.988037759540734,0.988037759540734,0.988037759540734,0.988037759540734,0.988037759540734,0.988037759540734,0.988037759540734,0.988037759540734,0.2,1.0,0.001
BIOMD0000000814,model,0.9777579575727964,0.9777579575727964,0.9777579575727964,1,2,0.9777579575727964,0.9777579575727964,0.9777579575727964,0.9777579575727964,0.9777579575727964,0.9777579575727964,0.9777579575727964,0.9777579575727964,0.9777579575727964,0.9777579575727964,0.5,1.0,0.001
BIOMD0000000815,model,0.0,0.0,0.0,2,0,0.0,0.0,0.0,0.0,0.0,0.0,0.0,0.0,0.0,0.0,-0.5,1.0,0.001
BIOMD0000000815,model,0.0,0.0,0.0,2,0,0.0,0.0,0.0,0.0,0.0,0.0,0.0,0.0,0.0,0.0,-0.2,1.0,0.001
BIOMD0000000815,model,0.0036647687169241,0.0,0.0073295374338483,2,0,0.0003664768716924,0.0007329537433848,0.0014659074867696,0.001832384358462,0.0021988612301544,0.0036647687169241,0.0058636299470786,0.0065965836904634,0.0069630605621558,0.0072562420595098,-0.1,1.0,0.001
BIOMD0000000815,model,0.0443528876233532,0.0,0.0887057752467064,2,0,0.0044352887623353,0.0088705775246706,0.0177411550493412,0.0221764438116766,0.0266117325740119,0.0443528876233532,0.0709646201973651,0.0798351977220357,0.084270486484371,0.0878187174942393,-0.05,1.0,0.001
BIOMD0000000815,model,0.0807047856479999,0.0,0.1614095712959998,2,0,0.0080704785647999,0.0161409571295999,0.0322819142591999,0.0403523928239999,0.0484228713887999,0.0807047856479999,0.1291276570367999,0.1452686141663998,0.1533390927311998,0.1597954755830398,0.0,1.0,0.001
BIOMD0000000815,model,0.1134446796727853,0.0,0.2268893593455707,2,0,0.0113444679672785,0.022688935934557,0.0453778718691141,0.0567223398363926,0.0680668078036712,0.1134446796727853,0.1815114874764565,0.2042004234110136,0.2155448913782921,0.2246204657521149,0.05,1.0,0.001
BIOMD0000000815,model,0.1431478463089525,0.0,0.2862956926179051,2,0,0.0143147846308952,0.0286295692617905,0.057259138523581,0.0715739231544762,0.0858887077853715,0.1431478463089525,0.2290365540943241,0.2576661233561146,0.2719809079870099,0.2834327356917261,0.1,1.0,0.001
BIOMD0000000815,model,0.1947370988920904,0.0,0.3894741977841809,2,0,0.019473709889209,0.0389474197784181,0.0778948395568362,0.0973685494460452,0.1168422593352542,0.1947370988920904,0.3115793582273448,0.3505267780057629,0.3700004878949719,0.3855794558063392,0.2,1.0,0.001
BIOMD0000000815,model,0.1905753516342589,0.0,0.3811507032685178,2,0,0.0190575351634258,0.0381150703268517,0.0762301406537035,0.0952876758171294,0.1143452109805553,0.1905753516342589,0.3049205626148142,0.343035632941666,0.3620931681050919,0.3773391962358326,0.5,1.0,0.001
BIOMD0000000816,model,0.9973363264521348,0.9973363264521348,0.9973363264521348,1,5,0.9973363264521348,0.9973363264521348,0.9973363264521348,0.9973363264521348,0.9973363264521348,0.9973363264521348,0.9973363264521348,0.9973363264521348,0.9973363264521348,0.9973363264521348,-0.5,1.0,0.001
BIOMD0000000816,model,0.9982921625261124,0.9982921625261124,0.9982921625261124,1,5,0.9982921625261124,0.9982921625261124,0.9982921625261124,0.9982921625261124,0.9982921625261124,0.9982921625261124,0.9982921625261124,0.9982921625261124,0.9982921625261124,0.9982921625261124,-0.2,1.0,0.001
BIOMD0000000816,model,0.9984691692067986,0.9984691692067986,0.9984691692067986,1,5,0.9984691692067986,0.9984691692067986,0.9984691692067986,0.9984691692067986,0.9984691692067986,0.9984691692067986,0.9984691692067986,0.9984691692067986,0.9984691692067986,0.9984691692067986,-0.1,1.0,0.001
BIOMD0000000816,model,0.9985436983358048,0.9985436983358048,0.9985436983358048,1,5,0.9985436983358048,0.9985436983358048,0.9985436983358048,0.9985436983358048,0.9985436983358048,0.9985436983358048,0.9985436983358048,0.9985436983358048,0.9985436983358048,0.9985436983358048,-0.05,1.0,0.001
BIOMD0000000816,model,0.9986107745512292,0.9986107745512292,0.9986107745512292,1,5,0.9986107745512292,0.9986107745512292,0.9986107745512292,0.9986107745512292,0.9986107745512292,0.9986107745512292,0.9986107745512292,0.9986107745512292,0.9986107745512292,0.9986107745512292,0.0,1.0,0.001
BIOMD0000000816,model,0.9986714625562744,0.9986714625562744,0.9986714625562744,1,5,0.9986714625562744,0.9986714625562744,0.9986714625562744,0.9986714625562744,0.9986714625562744,0.9986714625562744,0.9986714625562744,0.9986714625562744,0.9986714625562744,0.9986714625562744,0.05,1.0,0.001
BIOMD0000000816,model,0.9987266334700028,0.9987266334700028,0.9987266334700028,1,5,0.9987266334700028,0.9987266334700028,0.9987266334700028,0.9987266334700028,0.9987266334700028,0.9987266334700028,0.9987266334700028,0.9987266334700028,0.9987266334700028,0.9987266334700028,0.1,1.0,0.001
BIOMD0000000816,model,0.9988231825678232,0.9988231825678232,0.9988231825678232,1,5,0.9988231825678232,0.9988231825678232,0.9988231825678232,0.9988231825678232,0.9988231825678232,0.9988231825678232,0.9988231825678232,0.9988231825678232,0.9988231825678232,0.9988231825678232,0.2,1.0,0.001
BIOMD0000000816,model,0.9990355905843517,0.9990355905843517,0.9990355905843517,1,5,0.9990355905843517,0.9990355905843517,0.9990355905843517,0.9990355905843517,0.9990355905843517,0.9990355905843517,0.9990355905843517,0.9990355905843517,0.9990355905843517,0.9990355905843517,0.5,1.0,0.001
BIOMD0000000817,model,0.9973363263764656,0.9973363263764656,0.9973363263764656,1,5,0.9973363263764656,0.9973363263764656,0.9973363263764656,0.9973363263764656,0.9973363263764656,0.9973363263764656,0.9973363263764656,0.9973363263764656,0.9973363263764656,0.9973363263764656,-0.5,1.0,0.001
BIOMD0000000817,model,0.998292162478716,0.998292162478716,0.998292162478716,1,5,0.998292162478716,0.998292162478716,0.998292162478716,0.998292162478716,0.998292162478716,0.998292162478716,0.998292162478716,0.998292162478716,0.998292162478716,0.998292162478716,-0.2,1.0,0.001
BIOMD0000000817,model,0.9984691691639512,0.9984691691639512,0.9984691691639512,1,5,0.9984691691639512,0.9984691691639512,0.9984691691639512,0.9984691691639512,0.9984691691639512,0.9984691691639512,0.9984691691639512,0.9984691691639512,0.9984691691639512,0.9984691691639512,-0.1,1.0,0.001
BIOMD0000000817,model,0.9985436982952158,0.9985436982952158,0.9985436982952158,1,5,0.9985436982952158,0.9985436982952158,0.9985436982952158,0.9985436982952158,0.9985436982952158,0.9985436982952158,0.9985436982952158,0.9985436982952158,0.9985436982952158,0.9985436982952158,-0.05,1.0,0.001
BIOMD0000000817,model,0.9986107745135268,0.9986107745135268,0.9986107745135268,1,5,0.9986107745135268,0.9986107745135268,0.9986107745135268,0.9986107745135268,0.9986107745135268,0.9986107745135268,0.9986107745135268,0.9986107745135268,0.9986107745135268,0.9986107745135268,0.0,1.0,0.001
BIOMD0000000817,model,0.99867146251983,0.99867146251983,0.99867146251983,1,5,0.99867146251983,0.99867146251983,0.99867146251983,0.99867146251983,0.99867146251983,0.99867146251983,0.99867146251983,0.99867146251983,0.99867146251983,0.99867146251983,0.05,1.0,0.001
BIOMD0000000817,model,0.9987266334346836,0.9987266334346836,0.9987266334346836,1,5,0.9987266334346836,0.9987266334346836,0.9987266334346836,0.9987266334346836,0.9987266334346836,0.9987266334346836,0.9987266334346836,0.9987266334346836,0.9987266334346836,0.9987266334346836,0.1,1.0,0.001
BIOMD0000000817,model,0.9988231825358904,0.9988231825358904,0.9988231825358904,1,5,0.9988231825358904,0.9988231825358904,0.9988231825358904,0.9988231825358904,0.9988231825358904,0.9988231825358904,0.9988231825358904,0.9988231825358904,0.9988231825358904,0.9988231825358904,0.2,1.0,0.001
BIOMD0000000817,model,0.9990355905589386,0.9990355905589386,0.9990355905589386,1,5,0.9990355905589386,0.9990355905589386,0.9990355905589386,0.9990355905589386,0.9990355905589386,0.9990355905589386,0.9990355905589386,0.9990355905589386,0.9990355905589386,0.9990355905589386,0.5,1.0,0.001
BIOMD0000000818,model,0.0701624024888601,0.0,0.4621311923926163,10,0,0.0,0.0,0.0,0.0,0.0,0.0,0.1186470572450895,0.1556339323668094,0.3088825623797125,0.4314814663900357,-0.5,1.0,0.001
BIOMD0000000818,model,0.3081319957702072,0.0,0.75,10,0,0.0,0.0,0.0,0.0,0.0,0.2783909604857789,0.5670128842366539,0.7211267833692396,0.7355633916846198,0.747112678336924,-0.2,1.0,0.001
BIOMD0000000818,model,0.3275704484934724,0.0,0.888888888888889,10,0,0.0,0.0,0.0,0.0,0.0,0.2691596851322195,0.5783061663156202,0.8155997421332977,0.8522443155110933,0.8815599742133299,-0.1,1.0,0.001
BIOMD0000000818,model,0.3116791991451124,0.0,0.9473684210526316,10,0,0.0,0.0,0.0,0.0,0.0,0.1565599039651636,0.5776050853617095,0.8421972484758656,0.8947828347642485,0.936851303794955,-0.05,1.0,0.001
BIOMD0000000818,model,0.3166070406022464,0.0,1.0,10,0,0.0,0.0,0.0,0.0,0.0,0.1518466647673253,0.5760433672146227,0.8665981962214507,0.9332990981107252,0.9866598196221452,0.0,1.0,0.001
BIOMD0000000818,model,0.3084375878989485,0.0,0.9523809523809524,10,0,0.0,0.0,0.0,0.0,0.0,0.1427079025580057,0.569024313945298,0.8600438974013326,0.9062124248911424,0.9431472468829905,0.05,1.0,0.001
BIOMD0000000818,model,0.2987460311449741,0.0,0.9090909090909092,10,0,0.0,0.0,0.0,0.0,0.0,0.1402931108360637,0.5529801720636089,0.839705688696223,0.874398298893566,0.9021523870514404,0.1,1.0,0.001
BIOMD0000000818,model,0.2791538960966867,0.0,0.8333333333333334,10,0,0.0,0.0,0.0,0.0,0.0,0.1270279278253843,0.5237610037034415,0.7976286181283929,0.8154809757308631,0.8297628618128393,0.2,1.0,0.001
BIOMD0000000818,model,0.2356392512982485,0.0,0.7142422473464366,10,0,0.0,0.0,0.0,0.0,0.0,0.1002881625886467,0.443804525136042,0.6714242247346437,0.6928332360405401,0.7099604450852574,0.5,1.0,0.001
BIOMD0000000819,model,0.0,0.0,0.0,10,0,0.0,0.0,0.0,0.0,0.0,0.0,0.0,0.0,0.0,0.0,-0.5,1.0,0.001
BIOMD0000000819,model,0.0,0.0,0.0,10,0,0.0,0.0,0.0,0.0,0.0,0.0,0.0,0.0,0.0,0.0,-0.2,1.0,0.001
BIOMD0000000819,model,0.0,0.0,0.0,10,0,0.0,0.0,0.0,0.0,0.0,0.0,0.0,0.0,0.0,0.0,-0.1,1.0,0.001
BIOMD0000000819,model,0.0,0.0,0.0,10,0,0.0,0.0,0.0,0.0,0.0,0.0,0.0,0.0,0.0,0.0,-0.05,1.0,0.001
BIOMD0000000819,model,0.0,0.0,0.0,10,0,0.0,0.0,0.0,0.0,0.0,0.0,0.0,0.0,0.0,0.0,0.0,1.0,0.001
BIOMD0000000819,model,0.0,0.0,0.0,10,0,0.0,0.0,0.0,0.0,0.0,0.0,0.0,0.0,0.0,0.0,0.05,1.0,0.001
BIOMD0000000819,model,0.0,0.0,0.0,10,0,0.0,0.0,0.0,0.0,0.0,0.0,0.0,0.0,0.0,0.0,0.1,1.0,0.001
BIOMD0000000819,model,0.0,0.0,0.0,10,0,0.0,0.0,0.0,0.0,0.0,0.0,0.0,0.0,0.0,0.0,0.2,1.0,0.001
BIOMD0000000819,model,0.0,0.0,0.0,10,0,0.0,0.0,0.0,0.0,0.0,0.0,0.0,0.0,0.0,0.0,0.5,1.0,0.001
BIOMD0000000820,model,0.2630863277809158,0.0,0.7771920534805636,7,0,0.0,0.0,0.0,0.0,0.0,0.0,0.5922903399599261,0.6902847131549821,0.7337383833177727,0.7685013194480054,-0.5,1.0,0.001
BIOMD0000000820,model,0.3209744877207647,0.0,0.8149847778659497,7,0,0.0,0.0,0.0,0.0,0.0,0.0,0.7252447786430927,0.7648713625535919,0.7899280702097707,0.8099734363347139,-0.2,1.0,0.001
BIOMD0000000820,model,0.3207987108830269,0.0,0.8205159073755348,7,0,0.0,0.0,0.0,0.0,0.0,0.0,0.7218542847460179,0.7650456339351009,0.7927807706553178,0.8149688800314914,-0.1,1.0,0.001
BIOMD0000000820,model,0.320650488103833,0.0,0.8230749020471481,7,0,0.0,0.0,0.0,0.0,0.0,0.0,0.720032687514387,0.7649669453973096,0.7940209237222288,0.8172641063821642,-0.05,1.0,0.001
BIOMD0000000820,model,0.3204111086853308,0.0,0.8251186516225277,7,0,0.0,0.0,0.0,0.0,0.0,0.0,0.718139900618218,0.7646355394322716,0.7948770955273996,0.819070340403502,0.0,1.0,0.001
BIOMD0000000820,model,0.3201543728052254,0.0,0.8271509440359085,7,0,0.0,0.0,0.0,0.0,0.0,0.0,0.7161837569338246,0.764258201428054,0.7957045727319811,0.820861669775123,0.05,1.0,0.001
BIOMD0000000820,model,0.3198192079201687,0.0,0.8287333738468303,7,0,0.0,0.0,0.0,0.0,0.0,0.0,0.7141709158654944,0.7636640490853563,0.7961987114660932,0.8222264413706829,0.1,1.0,0.001
BIOMD0000000820,model,0.3191242185313306,0.0,0.8319869325481029,7,0,0.0,0.0,0.0,0.0,0.0,0.0,0.7099970803740348,0.7624153339590336,0.7972011332535681,0.8250297726891959,0.2,1.0,0.001
BIOMD0000000820,model,0.316596939673819,0.0,0.8402675487544655,7,0,0.0,0.0,0.0,0.0,0.0,0.0,0.6965736049256607,0.7574984186349933,0.7988829836947293,0.8319906357425182,0.5,1.0,0.001
BIOMD0000000821,model,0.0,0.0,0.0,2,1,0.0,0.0,0.0,0.0,0.0,0.0,0.0,0.0,0.0,0.0,-0.5,1.0,0.001
BIOMD0000000821,model,0.0,0.0,0.0,2,1,0.0,0.0,0.0,0.0,0.0,0.0,0.0,0.0,0.0,0.0,-0.2,1.0,0.001
BIOMD0000000821,model,0.0,0.0,0.0,2,1,0.0,0.0,0.0,0.0,0.0,0.0,0.0,0.0,0.0,0.0,-0.1,1.0,0.001
BIOMD0000000821,model,0.0,0.0,0.0,2,1,0.0,0.0,0.0,0.0,0.0,0.0,0.0,0.0,0.0,0.0,-0.05,1.0,0.001
BIOMD0000000821,model,0.0,0.0,0.0,2,1,0.0,0.0,0.0,0.0,0.0,0.0,0.0,0.0,0.0,0.0,0.0,1.0,0.001
BIOMD0000000821,model,0.0,0.0,0.0,2,1,0.0,0.0,0.0,0.0,0.0,0.0,0.0,0.0,0.0,0.0,0.05,1.0,0.001
BIOMD0000000821,model,0.0,0.0,0.0,2,1,0.0,0.0,0.0,0.0,0.0,0.0,0.0,0.0,0.0,0.0,0.1,1.0,0.001
BIOMD0000000821,model,0.0,0.0,0.0,2,1,0.0,0.0,0.0,0.0,0.0,0.0,0.0,0.0,0.0,0.0,0.2,1.0,0.001
BIOMD0000000821,model,0.0232889627558899,0.0,0.0465779255117799,2,1,0.0023288962755889,0.0046577925511779,0.0093155851023559,0.0116444813779449,0.0139733776535339,0.0232889627558899,0.0372623404094239,0.0419201329606019,0.0442490292361909,0.0461121462566621,0.5,1.0,0.001
BIOMD0000000822,model,,,,0,8,,,,,,,,,,,-0.5,1.0,0.001
BIOMD0000000822,model,,,,0,8,,,,,,,,,,,-0.2,1.0,0.001
BIOMD0000000822,model,,,,0,8,,,,,,,,,,,-0.1,1.0,0.001
BIOMD0000000822,model,,,,0,8,,,,,,,,,,,-0.05,1.0,0.001
BIOMD0000000822,model,,,,0,8,,,,,,,,,,,0.0,1.0,0.001
BIOMD0000000822,model,,,,0,8,,,,,,,,,,,0.05,1.0,0.001
BIOMD0000000822,model,,,,0,8,,,,,,,,,,,0.1,1.0,0.001
BIOMD0000000822,model,,,,0,8,,,,,,,,,,,0.2,1.0,0.001
BIOMD0000000822,model,,,,0,8,,,,,,,,,,,0.5,1.0,0.001
BIOMD0000000823,model,0.140679106075836,0.0,0.9079151285255616,15,1,0.0,0.0,0.0,0.0,0.0,0.0,0.0904432227544732,0.6309196548127142,0.7974132827453987,0.885814759369529,-0.5,1.0,0.001
BIOMD0000000823,model,0.1427485777890099,0.0,0.9079151284634775,15,1,0.0,0.0,0.0,0.0,0.0,0.0,0.0966520956979737,0.6433360273250295,0.7974116804563067,0.8858144388620435,-0.2,1.0,0.001
BIOMD0000000823,model,0.1105261504006496,0.0,0.9079145760704592,15,1,0.0,0.0,0.0,0.0,0.0,0.0,0.0,0.449986607963571,0.7973587487786374,0.8858034106120948,-0.1,1.0,0.001
BIOMD0000000823,model,0.1105200238404863,0.0,0.9079126978423728,15,1,0.0,0.0,0.0,0.0,0.0,0.0,0.0,0.4499325958589528,0.797295171188157,0.8857891925115295,-0.05,1.0,0.001
BIOMD0000000823,model,0.1105116184845388,0.0,0.90790855151242,15,1,0.0,0.0,0.0,0.0,0.0,0.0,0.0,0.4498594354533974,0.7972085734826898,0.8857685559064739,0.0,1.0,0.001
BIOMD0000000823,model,0.1104989125215354,0.0,0.9079017770383052,15,1,0.0,0.0,0.0,0.0,0.0,0.0,0.0,0.4497491464708361,0.7970778706608005,0.8857369957628042,0.05,1.0,0.001
BIOMD0000000823,model,0.1104862426048236,0.0,0.907891142779247,15,1,0.0,0.0,0.0,0.0,0.0,0.0,0.0,0.4496414977758642,0.7969490902389492,0.8857027322711873,0.1,1.0,0.001
BIOMD0000000823,model,0.1104551563844779,0.0,0.9078544543116064,15,1,0.0,0.0,0.0,0.0,0.0,0.0,0.0,0.4493837348733369,0.7966373603123751,0.8856110355117601,0.2,1.0,0.001
BIOMD0000000823,model,0.1401786590090553,0.0,0.907591617842404,15,1,0.0,0.0,0.0,0.0,0.0,0.0,0.0896047345355572,0.6274482258404988,0.7952227015836707,0.8851178345906572,0.5,1.0,0.001
BIOMD0000000824,model,0.0,0.0,0.0,1,0,0.0,0.0,0.0,0.0,0.0,0.0,0.0,0.0,0.0,0.0,-0.5,1.0,0.001
BIOMD0000000824,model,0.0,0.0,0.0,1,0,0.0,0.0,0.0,0.0,0.0,0.0,0.0,0.0,0.0,0.0,-0.2,1.0,0.001
BIOMD0000000824,model,0.0,0.0,0.0,1,0,0.0,0.0,0.0,0.0,0.0,0.0,0.0,0.0,0.0,0.0,-0.1,1.0,0.001
BIOMD0000000824,model,0.0,0.0,0.0,1,0,0.0,0.0,0.0,0.0,0.0,0.0,0.0,0.0,0.0,0.0,-0.05,1.0,0.001
BIOMD0000000824,model,0.0,0.0,0.0,1,0,0.0,0.0,0.0,0.0,0.0,0.0,0.0,0.0,0.0,0.0,0.0,1.0,0.001
BIOMD0000000824,model,0.0,0.0,0.0,1,0,0.0,0.0,0.0,0.0,0.0,0.0,0.0,0.0,0.0,0.0,0.05,1.0,0.001
BIOMD0000000824,model,0.0,0.0,0.0,1,0,0.0,0.0,0.0,0.0,0.0,0.0,0.0,0.0,0.0,0.0,0.1,1.0,0.001
BIOMD0000000824,model,0.0,0.0,0.0,1,0,0.0,0.0,0.0,0.0,0.0,0.0,0.0,0.0,0.0,0.0,0.2,1.0,0.001
BIOMD0000000824,model,0.0,0.0,0.0,1,0,0.0,0.0,0.0,0.0,0.0,0.0,0.0,0.0,0.0,0.0,0.5,1.0,0.001
BIOMD0000000825,model,0.0327556807957895,0.0,0.0655113615915791,2,0,0.0032755680795789,0.0065511361591579,0.0131022723183158,0.0163778403978947,0.0196534084774737,0.0327556807957895,0.0524090892732633,0.0589602254324212,0.0622357935120002,0.0648562479756634,-0.5,0.5,0.001
BIOMD0000000825,model,0.0522723066437134,0.0,0.1045446132874269,2,0,0.0052272306643713,0.0104544613287426,0.0209089226574853,0.0261361533218567,0.031363383986228,0.0522723066437134,0.0836356906299415,0.0940901519586842,0.0993173826230556,0.1034991671545526,-0.2,0.5,0.001
BIOMD0000000825,model,0.0575354413566643,0.0,0.1150708827133287,2,0,0.0057535441356664,0.0115070882713328,0.0230141765426657,0.0287677206783321,0.0345212648139986,0.0575354413566643,0.0920567061706629,0.1035637944419958,0.1093173385776622,0.1139201738861954,-0.1,0.5,0.001
BIOMD0000000825,model,0.0622912574046356,0.0,0.1245825148092713,2,0,0.0062291257404635,0.0124582514809271,0.0249165029618542,0.0311456287023178,0.0373747544427814,0.0622912574046356,0.099666011847417,0.1121242633283442,0.1183533890688077,0.1233366896611786,-0.05,0.5,0.001
BIOMD0000000825,model,0.0645269382354731,0.0,0.1290538764709462,2,0,0.0064526938235473,0.0129053876470946,0.0258107752941892,0.0322634691177365,0.0387161629412838,0.0645269382354731,0.103243101176757,0.1161484888238516,0.1226011826473989,0.1277633377062368,0.0,0.5,0.001
BIOMD0000000825,model,0.0683580526809404,0.0,0.1367161053618809,2,0,0.006835805268094,0.013671610536188,0.0273432210723761,0.0341790263404702,0.0410148316085642,0.0683580526809404,0.1093728842895047,0.1230444948256928,0.1298803000937868,0.135348944308262,0.05,0.5,0.001
BIOMD0000000825,model,0.0711656824908748,0.0,0.1423313649817496,2,0,0.0071165682490874,0.0142331364981749,0.0284662729963499,0.0355828412454374,0.0426994094945249,0.0711656824908748,0.1138650919853997,0.1280982284835747,0.1352147967326621,0.1409080513319321,0.1,0.5,0.001
BIOMD0000000825,model,0.0771434780367336,0.0,0.1542869560734672,2,0,0.0077143478036733,0.0154286956073467,0.0308573912146934,0.0385717390183668,0.0462860868220401,0.0771434780367336,0.1234295648587737,0.1388582604661205,0.1465726082697938,0.1527440865127325,0.2,0.5,0.001
BIOMD0000000825,model,0.0964249457018781,0.0,0.1928498914037562,2,0,0.0096424945701878,0.0192849891403756,0.0385699782807512,0.048212472850939,0.0578549674211268,0.0964249457018781,0.154279913123005,0.1735649022633806,0.1832073968335684,0.1909213924897187,0.5,0.5,0.001
BIOMD0000000826,model,0.0,0.0,0.0,12,1,0.0,0.0,0.0,0.0,0.0,0.0,0.0,0.0,0.0,0.0,-0.5,1.0,0.001
BIOMD0000000826,model,0.0,0.0,0.0,12,1,0.0,0.0,0.0,0.0,0.0,0.0,0.0,0.0,0.0,0.0,-0.2,1.0,0.001
BIOMD0000000826,model,0.0,0.0,0.0,12,1,0.0,0.0,0.0,0.0,0.0,0.0,0.0,0.0,0.0,0.0,-0.1,1.0,0.001
BIOMD0000000826,model,0.0,0.0,0.0,12,1,0.0,0.0,0.0,0.0,0.0,0.0,0.0,0.0,0.0,0.0,-0.05,1.0,0.001
BIOMD0000000826,model,0.0,0.0,0.0,12,1,0.0,0.0,0.0,0.0,0.0,0.0,0.0,0.0,0.0,0.0,0.0,1.0,0.001
BIOMD0000000826,model,0.0,0.0,0.0,12,1,0.0,0.0,0.0,0.0,0.0,0.0,0.0,0.0,0.0,0.0,0.05,1.0,0.001
BIOMD0000000826,model,0.0,0.0,0.0,12,1,0.0,0.0,0.0,0.0,0.0,0.0,0.0,0.0,0.0,0.0,0.1,1.0,0.001
BIOMD0000000826,model,0.0,0.0,0.0,12,1,0.0,0.0,0.0,0.0,0.0,0.0,0.0,0.0,0.0,0.0,0.2,1.0,0.001
BIOMD0000000826,model,0.0,0.0,0.0,12,1,0.0,0.0,0.0,0.0,0.0,0.0,0.0,0.0,0.0,0.0,0.5,1.0,0.001
BIOMD0000000827,model,,,,0,10,,,,,,,,,,,-0.5,1.0,0.001
BIOMD0000000827,model,,,,0,10,,,,,,,,,,,-0.2,1.0,0.001
BIOMD0000000827,model,,,,0,10,,,,,,,,,,,-0.1,1.0,0.001
BIOMD0000000827,model,,,,0,10,,,,,,,,,,,-0.05,1.0,0.001
BIOMD0000000827,model,,,,0,10,,,,,,,,,,,0.0,1.0,0.001
BIOMD0000000827,model,,,,0,10,,,,,,,,,,,0.05,1.0,0.001
BIOMD0000000827,model,,,,0,10,,,,,,,,,,,0.1,1.0,0.001
BIOMD0000000827,model,,,,0,10,,,,,,,,,,,0.2,1.0,0.001
BIOMD0000000827,model,,,,0,10,,,,,,,,,,,0.5,1.0,0.001
BIOMD0000000828,model,0.9984278739086924,0.9938829544382276,0.9999532885274276,5,0,0.9948768525345244,0.9958707506308208,0.997858546823414,0.9988524449197108,0.9989910285550332,0.999545363096323,0.9999149125549038,0.9999341005411658,0.9999436945342968,0.9999513697288016,-0.5,1.0,0.001
BIOMD0000000828,model,0.9984279483874658,0.9938826825584328,0.9999532884991228,5,0,0.994876636167911,0.9958705897773892,0.9978584969963452,0.9988524506058232,0.9989910859768516,0.9995456274609648,0.9999152119502124,0.9999342502246676,0.9999437693618952,0.9999513846716772,-0.2,1.0,0.001
BIOMD0000000828,model,0.9984277997630284,0.9938824689751672,0.9999532884816142,5,0,0.9948764650175738,0.9958704610599804,0.9978584531447934,0.9988524491872,0.9989910641975462,0.9995455242389312,0.9999148720421064,0.9999340802618604,0.9999436843717372,0.9999513676596388,-0.1,1.0,0.001
BIOMD0000000828,model,0.9984278164283412,0.9938821107136656,0.9999532882435196,5,0,0.9948761781608336,0.9958702456080016,0.997858380502338,0.998852447949506,0.9989910487541148,0.9995454519725506,0.9999152842586756,0.9999342862510976,0.9999437872473088,0.9999513880442776,-0.05,1.0,0.001
BIOMD0000000828,model,0.9984282680812292,0.993883057893368,0.9999532885247344,5,0,0.9948769370259278,0.9958708161584876,0.9978585744236074,0.9988524535561673,0.998991113069348,0.9995457511220708,0.9999160891527906,0.9999346888387624,0.9999439886817484,0.9999514285561372,0.0,1.0,0.001
BIOMD0000000828,model,0.998427617061668,0.9938825380187528,0.9999532869828875,5,0,0.9948765179707388,0.995870497922725,0.9978584578266972,0.9988524377786834,0.9989910228524684,0.9995453631476086,0.9999142249009036,0.9999337559418956,0.9999435214623916,0.9999513338787884,0.05,1.0,0.001
BIOMD0000000828,model,0.9984280921852624,0.9938828123063728,0.999953288531799,5,0,0.9948767402455928,0.9958706681848128,0.9978585240632528,0.9988524520024726,0.9989910995388585,0.999545689684402,0.9999156324273726,0.9999344604795858,0.9999438745056924,0.9999514057265776,0.1,1.0,0.001
BIOMD0000000828,model,0.9984282055133052,0.9938830369051082,0.9999532858262864,5,0,0.9948769201748454,0.9958708034445826,0.997858569984057,0.9988524532537942,0.9989910996181948,0.9995456850757964,0.9999159103696904,0.9999345980979883,0.9999439419621372,0.9999514170534564,0.2,1.0,0.001
BIOMD0000000828,model,0.9984281880655864,0.9938830740352153,0.9999532885325708,5,0,0.9948769491950636,0.9958708243549124,0.9978585746746094,0.998852449834458,0.9989910731166004,0.9995455662451708,0.9999159070509293,0.99993459779175,0.9999439431621604,0.9999514194584886,0.5,1.0,0.001
BIOMD0000000829,model,0.2051896024008369,0.0,0.6580049439385679,9,2,0.0,0.0,0.0,0.0,0.0,0.0,0.594021297674603,0.608399344494817,0.6332021442166924,0.6530443839941928,-0.5,1.0,0.001
BIOMD0000000829,model,0.2629440112557333,0.0,0.6579524642406848,9,2,0.0,0.0,0.0,0.0,0.0,0.020775521251972,0.6198889175341916,0.6283342583354365,0.6431433612880606,0.6549906436501599,-0.2,1.0,0.001
BIOMD0000000829,model,0.2040926549215822,0.0,0.6466245865937984,9,2,0.0,0.0,0.0,0.0,0.0,0.0,0.594875935104169,0.6063235153831434,0.6264740509884709,0.6425944794727328,-0.1,1.0,0.001
BIOMD0000000829,model,0.2005858890279388,0.0,0.6405888445304535,9,2,0.0,0.0,0.0,0.0,0.0,0.0,0.5821021536676076,0.5949511303660504,0.617769987448252,0.6360250731140132,-0.05,1.0,0.001
BIOMD0000000829,model,0.1970633802433108,0.0,0.635007671544498,9,2,0.0,0.0,0.0,0.0,0.0,0.0,0.5688763797682629,0.5840466167845664,0.6095271441645321,0.6299115660685048,0.0,1.0,0.001
BIOMD0000000829,model,0.2048193652794909,0.0,0.6293078314216891,9,2,0.0,0.0,0.0,0.0,0.0,0.0,0.5565948560610394,0.5732416366651297,0.6012747340434094,0.6237012119460331,0.05,1.0,0.001
BIOMD0000000829,model,0.2014446955583163,0.0,0.623244040137949,9,2,0.0,0.0,0.0,0.0,0.0,0.0,0.5444205920053331,0.5623861677348142,0.5928151039363816,0.6171582528976355,0.1,1.0,0.001
BIOMD0000000829,model,0.1947620374467603,0.0,0.6118970838225246,9,2,0.0,0.0,0.0,0.0,0.0,0.0,0.51999197945899,0.5407185066045088,0.5763077952135167,0.604779226100723,0.2,1.0,0.001
BIOMD0000000829,model,0.1741294751361594,0.0,0.5773384339044546,9,2,0.0,0.0,0.0,0.0,0.0,0.0,0.4442552471479925,0.4740311197592728,0.5256847768318637,0.5670077024899364,0.5,1.0,0.001
BIOMD0000000830,model,0.708614506562718,0.5097463654939289,0.9918920466363572,6,0,0.5124923681207488,0.5152383707475687,0.5207303760012086,0.525036282927799,0.5293421898543894,0.6300895508432054,0.969139149558403,0.98051559809738,0.9862038223668684,0.9907544017824594,-0.5,1.0,0.001
BIOMD0000000830,model,0.8864592299147311,0.7988376677043995,0.9975674705359444,6,0,0.8001674690480551,0.8014972703917107,0.804156873079022,0.8077481310655292,0.8113393890520365,0.8632708692710711,0.9916516296268788,0.9946095500814116,0.996088510308678,0.9972716784904913,-0.2,1.0,0.001
BIOMD0000000830,model,0.9401484967068784,0.8925752361218973,0.9986187820139422,6,0,0.8930066824383242,0.893438128754751,0.8943010213876048,0.8972306176310383,0.9001602138744718,0.929730028641626,0.9959358834345744,0.9972773327242584,0.9979480573691002,0.9984846370849738,-0.1,1.0,0.001
BIOMD0000000830,model,0.9661756209186444,0.9386007494999148,0.999061131751007,6,0,0.9386926715653704,0.9387845936308258,0.9389684377617368,0.9414059411647508,0.9438434445677648,0.961336266741674,0.9977508730158596,0.9984060023834334,0.9987335670672202,0.9989956188142496,-0.05,1.0,0.001
BIOMD0000000830,model,0.9917035037384212,0.9823975532176392,0.999459330726432,6,0,0.9830603148509394,0.9837230764842392,0.9850485997508392,0.9864713672705496,0.98789413479026,0.9919627546224494,0.999390029490718,0.999424680108575,0.9994420054175036,0.9994558656646462,0.0,1.0,0.001
BIOMD0000000830,model,0.9828914491309986,0.9679008771066928,0.999615012871918,6,0,0.968141280780502,0.9683816844543108,0.9688624918019292,0.9699219775994676,0.9709814633970058,0.9809240184225324,0.999122276160387,0.9993686445161524,0.9994918286940352,0.9995903760363416,0.05,1.0,0.001
BIOMD0000000830,model,0.9585962198489288,0.9237189895104672,0.9996187371624023,6,0,0.924586089571364,0.9254531896322604,0.9271873897540536,0.9282761982734528,0.9293650067928522,0.95164311190033,0.9977659788659884,0.9986923580141952,0.9991555475882988,0.9995260992475816,0.1,1.0,0.001
BIOMD0000000830,model,0.910641067878264,0.8337032285965438,0.9992796936311482,6,0,0.837095496711939,0.8404877648273341,0.8472723010581243,0.8473639157760864,0.8474555304940485,0.8941037983619049,0.9953835872599568,0.9973316404455524,0.9983056670383504,0.9990848883125888,0.2,1.0,0.001
BIOMD0000000830,model,0.7753703308022549,0.5707142873678618,0.9980189284473672,6,0,0.5794084548871197,0.5881026224063777,0.6054909574448936,0.6098784403514133,0.6142659232579328,0.7439477749711503,0.9901022616111066,0.9940605950292368,0.996039761738302,0.997623095105554,0.5,1.0,0.001
BIOMD0000000831,model,0.1037660244551366,0.0,0.3112980733654098,3,0,0.0,0.0,0.0,0.0,0.0,0.0,0.1867788440192459,0.2490384586923278,0.2801682660288688,0.3050721118981016,-0.5,0.0,0.001
BIOMD0000000831,model,0.1037660244551366,0.0,0.3112980733654098,3,0,0.0,0.0,0.0,0.0,0.0,0.0,0.1867788440192459,0.2490384586923278,0.2801682660288688,0.3050721118981016,-0.2,0.0,0.001
BIOMD0000000831,model,0.1037660244551366,0.0,0.3112980733654098,3,0,0.0,0.0,0.0,0.0,0.0,0.0,0.1867788440192459,0.2490384586923278,0.2801682660288688,0.3050721118981016,-0.1,0.0,0.001
BIOMD0000000831,model,0.1037660244551366,0.0,0.3112980733654098,3,0,0.0,0.0,0.0,0.0,0.0,0.0,0.1867788440192459,0.2490384586923278,0.2801682660288688,0.3050721118981016,-0.05,0.0,0.001
BIOMD0000000831,model,0.1037660244551366,0.0,0.3112980733654098,3,0,0.0,0.0,0.0,0.0,0.0,0.0,0.1867788440192459,0.2490384586923278,0.2801682660288688,0.3050721118981016,0.0,0.0,0.001
BIOMD0000000831,model,0.1037660244551366,0.0,0.3112980733654098,3,0,0.0,0.0,0.0,0.0,0.0,0.0,0.1867788440192459,0.2490384586923278,0.2801682660288688,0.3050721118981016,0.05,0.0,0.001
BIOMD0000000831,model,0.1037660244551366,0.0,0.3112980733654098,3,0,0.0,0.0,0.0,0.0,0.0,0.0,0.1867788440192459,0.2490384586923278,0.2801682660288688,0.3050721118981016,0.1,0.0,0.001
BIOMD0000000831,model,0.1037660244551366,0.0,0.3112980733654098,3,0,0.0,0.0,0.0,0.0,0.0,0.0,0.1867788440192459,0.2490384586923278,0.2801682660288688,0.3050721118981016,0.2,0.0,0.001
BIOMD0000000831,model,0.1037660244551366,0.0,0.3112980733654098,3,0,0.0,0.0,0.0,0.0,0.0,0.0,0.1867788440192459,0.2490384586923278,0.2801682660288688,0.3050721118981016,0.5,0.0,0.001
BIOMD0000000832,model,0.0526315789473684,0.0,1.0,19,1,0.0,0.0,0.0,0.0,0.0,0.0,0.0,0.0,0.0999999999999978,0.8200000000000003,-0.5,1.0,0.001
BIOMD0000000832,model,0.0526315789473684,0.0,1.0,19,1,0.0,0.0,0.0,0.0,0.0,0.0,0.0,0.0,0.0999999999999978,0.8200000000000003,-0.2,1.0,0.001
BIOMD0000000832,model,0.0526315789473684,0.0,1.0,19,1,0.0,0.0,0.0,0.0,0.0,0.0,0.0,0.0,0.0999999999999978,0.8200000000000003,-0.1,1.0,0.001
BIOMD0000000832,model,0.0526315789473684,0.0,1.0,19,1,0.0,0.0,0.0,0.0,0.0,0.0,0.0,0.0,0.0999999999999978,0.8200000000000003,-0.05,1.0,0.001
BIOMD0000000832,model,0.0526315789473684,0.0,1.0,19,1,0.0,0.0,0.0,0.0,0.0,0.0,0.0,0.0,0.0999999999999978,0.8200000000000003,0.0,1.0,0.001
BIOMD0000000832,model,0.0526315789473684,0.0,1.0,19,1,0.0,0.0,0.0,0.0,0.0,0.0,0.0,0.0,0.0999999999999978,0.8200000000000003,0.05,1.0,0.001
BIOMD0000000832,model,0.0526315789473684,0.0,1.0,19,1,0.0,0.0,0.0,0.0,0.0,0.0,0.0,0.0,0.0999999999999978,0.8200000000000003,0.1,1.0,0.001
BIOMD0000000832,model,0.0526315789473684,0.0,1.0,19,1,0.0,0.0,0.0,0.0,0.0,0.0,0.0,0.0,0.0999999999999978,0.8200000000000002,0.2,1.0,0.001
BIOMD0000000832,model,0.0526315789473684,0.0,1.0,19,1,0.0,0.0,0.0,0.0,0.0,0.0,0.0,0.0,0.0999999999999978,0.8200000000000003,0.5,1.0,0.001
BIOMD0000000833,model,0.1598477047380103,0.0,0.994209855826886,61,0,0.0,0.0,0.0,0.0,0.0,0.0,0.3354343986880002,0.7963672120159954,0.8653729518386551,0.9901563586656772,-0.5,1.0,0.001
BIOMD0000000833,model,0.1990959429717858,0.0,0.994206127126975,61,0,0.0,0.0,0.0,0.0,0.0,0.0,0.6243452596082998,0.8001157808420928,0.8696383543321377,0.9901515516562678,-0.2,1.0,0.001
BIOMD0000000833,model,0.2068919985084715,0.0,0.9942054305117144,61,0,0.0,0.0,0.0,0.0,0.0,0.0,0.6330668787114269,0.8705065982253662,0.888888888888889,0.9901511104950436,-0.1,1.0,0.001
BIOMD0000000833,model,0.2103048697750353,0.0,0.9942051350251816,61,0,0.0,0.0,0.0,0.0,0.0,0.0,0.6377452035132076,0.8709163135426982,0.9473684210526316,0.9901918839705184,-0.05,1.0,0.001
BIOMD0000000833,model,0.21351689862751,0.0,1.0,61,0,0.0,0.0,0.0,0.0,0.0,0.0,0.642691046712031,0.871313336425602,0.9942048647932062,1.0,0.0,1.0,0.001
BIOMD0000000833,model,0.2118225011030975,0.0,0.9942046162713508,61,0,0.0,0.0,0.0,0.0,0.0,0.0,0.647934302656383,0.8716989173575311,0.9523809523809524,0.9901509986439304,0.05,1.0,0.001
BIOMD0000000833,model,0.2103869076289334,0.0,0.9942043867986412,61,0,0.0,0.0,0.0,0.0,0.0,0.0,0.653500602962519,0.8720739366283051,0.9090909090909092,0.9901511179228452,0.1,1.0,0.001
BIOMD0000000833,model,0.2084269065087611,0.0,0.9942039767009302,61,0,0.0,0.0,0.0,0.0,0.0,0.0,0.665692598804867,0.8333333333333334,0.8727949394704964,0.990151518073345,0.2,1.0,0.001
BIOMD0000000833,model,0.1922695114418874,0.0,0.994203033937199,61,0,0.0,0.0,0.0,0.0,0.0,0.0,0.6594367193822056,0.8085355250594631,0.8747595142751824,0.9901533101385712,0.5,1.0,0.001
BIOMD0000000834,model,0.0,0.0,0.0,75,0,0.0,0.0,0.0,0.0,0.0,0.0,0.0,0.0,0.0,0.0,-0.5,1.0,0.001
BIOMD0000000834,model,0.0,0.0,0.0,75,0,0.0,0.0,0.0,0.0,0.0,0.0,0.0,0.0,0.0,0.0,-0.2,1.0,0.001
BIOMD0000000834,model,0.0,0.0,0.0,75,0,0.0,0.0,0.0,0.0,0.0,0.0,0.0,0.0,0.0,0.0,-0.1,1.0,0.001
BIOMD0000000834,model,0.0,0.0,0.0,75,0,0.0,0.0,0.0,0.0,0.0,0.0,0.0,0.0,0.0,0.0,-0.05,1.0,0.001
BIOMD0000000834,model,0.0,0.0,0.0,75,0,0.0,0.0,0.0,0.0,0.0,0.0,0.0,0.0,0.0,0.0,0.0,1.0,0.001
BIOMD0000000834,model,0.0,0.0,0.0,75,0,0.0,0.0,0.0,0.0,0.0,0.0,0.0,0.0,0.0,0.0,0.05,1.0,0.001
BIOMD0000000834,model,0.0,0.0,0.0,75,0,0.0,0.0,0.0,0.0,0.0,0.0,0.0,0.0,0.0,0.0,0.1,1.0,0.001
BIOMD0000000834,model,0.0,0.0,0.0,75,0,0.0,0.0,0.0,0.0,0.0,0.0,0.0,0.0,0.0,0.0,0.2,1.0,0.001
BIOMD0000000834,model,0.0,0.0,0.0,75,0,0.0,0.0,0.0,0.0,0.0,0.0,0.0,0.0,0.0,0.0,0.5,1.0,0.001
BIOMD0000000835,model,0.0838652837777756,0.0,0.9999999999784228,31,0,0.0,0.0,0.0,0.0,0.0,0.0,0.0,0.2940303746890116,0.4770927644216279,0.8820405472464304,-0.5,1.0,0.001
BIOMD0000000835,model,0.1207252796751268,0.0,0.9999999999800596,31,0,0.0,0.0,0.0,0.0,0.0,0.0,0.1755320212073331,0.4322244191709571,0.6457420148735262,0.9367541408179678,-0.2,1.0,0.001
BIOMD0000000835,model,0.1282218768501151,0.0,0.9999999999804884,31,0,0.0,0.0,0.0,0.0,0.0,0.0,0.1496181477287103,0.5094706354787036,0.6721272024181353,0.9463738739195856,-0.1,1.0,0.001
BIOMD0000000835,model,0.1304447145654208,0.0,0.9999999999806664,31,0,0.0,0.0,0.0,0.0,0.0,0.0,0.1371720580289894,0.5127902607055831,0.688911683042652,0.9374280067413584,-0.05,1.0,0.001
BIOMD0000000835,model,0.1321982316194841,0.0,0.9999999999808457,31,0,0.0,0.0,0.0,0.0,0.0,0.0,0.133142511989134,0.5159453319492684,0.7139026251877412,0.9285262512466184,0.0,1.0,0.001
BIOMD0000000835,model,0.1309316832886255,0.0,0.9999999999810256,31,0,0.0,0.0,0.0,0.0,0.0,0.0,0.1296049690069547,0.5189431922387128,0.7108888824721056,0.9207322795759664,0.05,1.0,0.001
BIOMD0000000835,model,0.1287153939457392,0.0,0.9999999999812066,31,0,0.0,0.0,0.0,0.0,0.0,0.0,0.1166312126689854,0.5217896442471858,0.7070167846641733,0.9136306014508564,0.1,1.0,0.001
BIOMD0000000835,model,0.1235076851985267,0.0,0.9999999999815702,31,0,0.0,0.0,0.0,0.0,0.0,0.0,0.0857331269236883,0.5270584413328957,0.6929461743764558,0.917178389255988,0.2,1.0,0.001
BIOMD0000000835,model,0.1060592713393814,0.0,0.9999999999826732,31,0,0.0,0.0,0.0,0.0,0.0,0.0,0.0214507555106368,0.5267599890670439,0.584143163929242,0.8899067476469191,0.5,1.0,0.001
BIOMD0000000836,model,0.0,0.0,0.0,1,1,0.0,0.0,0.0,0.0,0.0,0.0,0.0,0.0,0.0,0.0,-0.5,1.0,0.001
BIOMD0000000836,model,0.0,0.0,0.0,2,0,0.0,0.0,0.0,0.0,0.0,0.0,0.0,0.0,0.0,0.0,-0.2,1.0,0.001
BIOMD0000000836,model,0.0,0.0,0.0,2,0,0.0,0.0,0.0,0.0,0.0,0.0,0.0,0.0,0.0,0.0,-0.1,1.0,0.001
BIOMD0000000836,model,0.0,0.0,0.0,2,0,0.0,0.0,0.0,0.0,0.0,0.0,0.0,0.0,0.0,0.0,-0.05,1.0,0.001
BIOMD0000000836,model,0.0,0.0,0.0,2,0,0.0,0.0,0.0,0.0,0.0,0.0,0.0,0.0,0.0,0.0,0.0,1.0,0.001
BIOMD0000000836,model,0.0,0.0,0.0,2,0,0.0,0.0,0.0,0.0,0.0,0.0,0.0,0.0,0.0,0.0,0.05,1.0,0.001
BIOMD0000000836,model,0.0,0.0,0.0,2,0,0.0,0.0,0.0,0.0,0.0,0.0,0.0,0.0,0.0,0.0,0.1,1.0,0.001
BIOMD0000000836,model,0.0,0.0,0.0,2,0,0.0,0.0,0.0,0.0,0.0,0.0,0.0,0.0,0.0,0.0,0.2,1.0,0.001
BIOMD0000000836,model,0.0,0.0,0.0,2,0,0.0,0.0,0.0,0.0,0.0,0.0,0.0,0.0,0.0,0.0,0.5,1.0,0.001
BIOMD0000000837,model,0.089947829874446,0.0,0.5498719461587566,7,1,0.0,0.0,0.0,0.0,0.0,0.0,0.0507571298825086,0.2547533357535382,0.402312640956147,0.5203600851182345,-0.5,1.0,0.001
BIOMD0000000837,model,0.1452067927810551,0.0,0.8903733795683678,7,1,0.0,0.0,0.0,0.0,0.0,0.0,0.0786560714718492,0.4095905893193931,0.6499819844438797,0.8422951005434699,-0.2,1.0,0.001
BIOMD0000000837,model,0.1560528281628835,0.0,0.9619417908278556,7,1,0.0,0.0,0.0,0.0,0.0,0.0,0.0806402951577647,0.4393314102264413,0.7006366005271476,0.9096807527677137,-0.1,1.0,0.001
BIOMD0000000837,model,0.1569606173713035,0.0,0.970219510586745,7,1,0.0,0.0,0.0,0.0,0.0,0.0,0.0790898849523808,0.4414767269846031,0.7058481187856733,0.9173452322265304,-0.05,1.0,0.001
BIOMD0000000837,model,0.1577986275417023,0.0,0.977791522049292,7,1,0.0,0.0,0.0,0.0,0.0,0.0,0.0777075070366692,0.4434643417078614,0.7106279318785759,0.9243588040151484,0.0,1.0,0.001
BIOMD0000000837,model,0.1585768898085826,0.0,0.9847443821798424,7,1,0.0,0.0,0.0,0.0,0.0,0.0,0.07647830459553,0.44531728817142,0.7150308351756304,0.9308016727789996,0.05,1.0,0.001
BIOMD0000000837,model,0.1593035002127427,0.0,0.991151048691734,7,1,0.0,0.0,0.0,0.0,0.0,0.0,0.0753881204282132,0.447053849345414,0.7191024490185731,0.9367413287571014,0.1,1.0,0.001
BIOMD0000000837,model,0.1597099520310148,0.0,0.9961377698850682,7,1,0.0,0.0,0.0,0.0,0.0,0.0,0.0735774072818452,0.4476661363694657,0.7219019531272661,0.9412906065335076,0.2,1.0,0.001
BIOMD0000000837,model,0.1557147061093416,0.0,0.97138191058457,7,1,0.0,0.0,0.0,0.0,0.0,0.0,0.0704326906337632,0.4352612484314273,0.7033215795079979,0.9177698443692552,0.5,1.0,0.001
BIOMD0000000838,model,0.0,0.0,0.0,3,0,0.0,0.0,0.0,0.0,0.0,0.0,0.0,0.0,0.0,0.0,-0.5,0.3333333333333333,0.001
BIOMD0000000838,model,0.0,0.0,0.0,3,0,0.0,0.0,0.0,0.0,0.0,0.0,0.0,0.0,0.0,0.0,-0.2,0.3333333333333333,0.001
BIOMD0000000838,model,0.0,0.0,0.0,3,0,0.0,0.0,0.0,0.0,0.0,0.0,0.0,0.0,0.0,0.0,-0.1,0.3333333333333333,0.001
BIOMD0000000838,model,0.0,0.0,0.0,3,0,0.0,0.0,0.0,0.0,0.0,0.0,0.0,0.0,0.0,0.0,-0.05,0.3333333333333333,0.001
BIOMD0000000838,model,0.0,0.0,0.0,3,0,0.0,0.0,0.0,0.0,0.0,0.0,0.0,0.0,0.0,0.0,0.0,0.3333333333333333,0.001
BIOMD0000000838,model,0.0,0.0,0.0,3,0,0.0,0.0,0.0,0.0,0.0,0.0,0.0,0.0,0.0,0.0,0.05,0.3333333333333333,0.001
BIOMD0000000838,model,0.0,0.0,0.0,3,0,0.0,0.0,0.0,0.0,0.0,0.0,0.0,0.0,0.0,0.0,0.1,0.3333333333333333,0.001
BIOMD0000000838,model,0.0,0.0,0.0,3,0,0.0,0.0,0.0,0.0,0.0,0.0,0.0,0.0,0.0,0.0,0.2,0.3333333333333333,0.001
BIOMD0000000838,model,0.0,0.0,0.0,3,0,0.0,0.0,0.0,0.0,0.0,0.0,0.0,0.0,0.0,0.0,0.5,0.3333333333333333,0.001
BIOMD0000000839,model,0.0,0.0,0.0,8,0,0.0,0.0,0.0,0.0,0.0,0.0,0.0,0.0,0.0,0.0,-0.5,1.0,0.001
BIOMD0000000839,model,0.0,0.0,0.0,8,0,0.0,0.0,0.0,0.0,0.0,0.0,0.0,0.0,0.0,0.0,-0.2,1.0,0.001
BIOMD0000000839,model,0.0,0.0,0.0,8,0,0.0,0.0,0.0,0.0,0.0,0.0,0.0,0.0,0.0,0.0,-0.1,1.0,0.001
BIOMD0000000839,model,0.0,0.0,0.0,8,0,0.0,0.0,0.0,0.0,0.0,0.0,0.0,0.0,0.0,0.0,-0.05,1.0,0.001
BIOMD0000000839,model,0.0533203183837602,0.0,0.4265625470700818,8,0,0.0,0.0,0.0,0.0,0.0,0.0,0.0,0.1279687641210244,0.2772656555955529,0.3967031687751759,0.0,1.0,0.001
BIOMD0000000839,model,0.0,0.0,0.0,8,0,0.0,0.0,0.0,0.0,0.0,0.0,0.0,0.0,0.0,0.0,0.05,1.0,0.001
BIOMD0000000839,model,0.0,0.0,0.0,8,0,0.0,0.0,0.0,0.0,0.0,0.0,0.0,0.0,0.0,0.0,0.1,1.0,0.001
BIOMD0000000839,model,0.0,0.0,0.0,8,0,0.0,0.0,0.0,0.0,0.0,0.0,0.0,0.0,0.0,0.0,0.2,1.0,0.001
BIOMD0000000839,model,0.0,0.0,0.0,8,0,0.0,0.0,0.0,0.0,0.0,0.0,0.0,0.0,0.0,0.0,0.5,1.0,0.001
BIOMD0000000840,model,0.9576860537747868,0.9014186926192498,0.9876769503538544,5,0,0.9123613756045252,0.9233040585898008,0.9451894245603518,0.9561321075456274,0.9587814839146718,0.9693789893908492,0.9765942132422548,0.9821355817980544,0.9849062660759544,0.9871228134982742,-0.5,1.0,0.001
BIOMD0000000840,model,0.9497528999628876,0.8972125641881711,0.977195036801896,5,0,0.9064504254194328,0.9156882866506948,0.9341640091132184,0.9434018703444804,0.9468511177261968,0.9606481072530628,0.9716845443418414,0.9744397905718686,0.9758174136868822,0.9769195121788932,-0.2,1.0,0.001
BIOMD0000000840,model,0.95065493961963,0.8960478420401823,0.9782504640337316,5,0,0.9061098852800106,0.916171928519839,0.9362960149994956,0.946358058239324,0.9493832537841947,0.9614840359636788,0.9725575310637324,0.975403997548732,0.9768272307912318,0.9779658173852316,-0.1,1.0,0.001
BIOMD0000000840,model,0.950571985335743,0.8946305950168767,0.978988290227063,5,0,0.9050485802400556,0.9154665654632348,0.9363025359095928,0.9467205211327716,0.9497920052970278,0.9620779419540522,0.9721517207237736,0.9755700054754184,0.9772791478512408,0.9786464617518984,-0.05,1.0,0.001
BIOMD0000000840,model,0.9501800779672832,0.8928355618123274,0.979786892794938,5,0,0.9036703006139868,0.914505039415646,0.9361745170189648,0.947009255820624,0.9501511044335472,0.962718498885239,0.9707975229776172,0.9752922078862776,0.9775395503406076,0.979337424304072,0.0,1.0,0.001
BIOMD0000000840,model,0.9490876718494672,0.8907662977104915,0.9805812073136816,5,0,0.9016775433781308,0.9125887890457698,0.934411280381048,0.9453225260486872,0.948931453814188,0.96336716487619,0.9684371721013652,0.9745091897075232,0.9775451985106024,0.9799740055530656,0.05,1.0,0.001
BIOMD0000000840,model,0.9480566817801522,0.8885385521804309,0.981363260753043,5,0,0.8995065436988152,0.9104745352171996,0.9324105182539684,0.9433785097723528,0.9473005612653332,0.9629887672372556,0.9674841073167516,0.9744236840348972,0.9778934723939702,0.9806693030812283,0.1,1.0,0.001
BIOMD0000000840,model,0.939985495540912,0.8826342330180126,0.9828418053052816,5,0,0.8928494358329544,0.9030646386478962,0.9234950442777798,0.9337102470927215,0.9340715256426289,0.9355166398422576,0.968748003018086,0.9757949041616836,0.9793183547334826,0.9821371151909216,0.2,1.0,0.001
BIOMD0000000840,model,0.8471489377464116,0.7092277187580648,0.969985359519656,5,0,0.7205788601513453,0.7319300015446257,0.7546322843311867,0.7659834257244672,0.7772777094475459,0.8224548443398607,0.968471744215939,0.9692285518677975,0.9696069556937268,0.9699096787544704,0.5,1.0,0.001
BIOMD0000000842,model,0.033086130959747,0.0,0.529378095355953,16,4,0.0,0.0,0.0,0.0,0.0,0.0,0.0,0.0,0.1323445238389882,0.4499713810525599,-0.5,1.0,0.001
BIOMD0000000842,model,0.0833333333333333,0.0,0.75,18,2,0.0,0.0,0.0,0.0,0.0,0.0,0.0,0.2250000000000004,0.7499999999999997,0.7499999999999999,-0.2,1.0,0.001
BIOMD0000000842,model,0.0935672514619882,0.0,0.8888888888888888,19,1,0.0,0.0,0.0,0.0,0.0,0.0,0.0,0.1777777777777771,0.8888888888888886,0.8888888888888888,-0.1,1.0,0.001
BIOMD0000000842,model,0.0997229916897506,0.0,0.9473684210526316,19,1,0.0,0.0,0.0,0.0,0.0,0.0,0.0,0.1894736842105255,0.9473684210526312,0.9473684210526314,-0.05,1.0,0.001
BIOMD0000000842,model,0.1052631578947368,0.0,1.0,19,1,0.0,0.0,0.0,0.0,0.0,0.0,0.0,0.1999999999999992,0.9999999999999996,1.0,0.0,1.0,0.001
BIOMD0000000842,model,0.100250626566416,0.0,0.9523809523809528,19,1,0.0,0.0,0.0,0.0,0.0,0.0,0.0,0.1904761904761898,0.9523809523809524,0.9523809523809526,0.05,1.0,0.001
BIOMD0000000842,model,0.0956937799043062,0.0,0.9090909090909094,19,1,0.0,0.0,0.0,0.0,0.0,0.0,0.0,0.1818181818181811,0.9090909090909092,0.9090909090909092,0.1,1.0,0.001
BIOMD0000000842,model,0.087719298245614,0.0,0.8333333333333335,19,1,0.0,0.0,0.0,0.0,0.0,0.0,0.0,0.166666666666666,0.8333333333333333,0.8333333333333335,0.2,1.0,0.001
BIOMD0000000842,model,0.0701754385964912,0.0,0.6666666666666669,19,1,0.0,0.0,0.0,0.0,0.0,0.0,0.0,0.1333333333333329,0.6666666666666667,0.6666666666666669,0.5,1.0,0.001
BIOMD0000000843,model,0.3117748267488956,0.0,0.9353244802466868,3,7,0.0,0.0,0.0,0.0,0.0,0.0,0.5611946881480121,0.7482595841973495,0.841792032222018,0.9166179906417532,-0.5,1.0,0.001
BIOMD0000000843,model,0.2970409631117033,0.0,0.9353362231751244,4,6,0.0,0.0,0.0,0.0,0.0,0.1264138146358444,0.5258310668330634,0.7305836450040939,0.8329599340896089,0.9148609653580212,-0.2,1.0,0.001
BIOMD0000000843,model,0.302026498831515,0.0,0.9353384571933614,4,6,0.0,0.0,0.0,0.0,0.0,0.1363837690663494,0.5377959057569641,0.7365671814751628,0.8359528193342618,0.9154613296215414,-0.1,1.0,0.001
BIOMD0000000843,model,0.3041899839645918,0.0,0.9353394035365652,4,6,0.0,0.0,0.0,0.0,0.0,0.140710266160901,0.5429880808077077,0.7391637421721364,0.8372515728543506,0.9157218374001224,-0.05,1.0,0.001
BIOMD0000000843,model,0.3061717782456346,0.0,0.9353402671455552,4,6,0.0,0.0,0.0,0.0,0.0,0.1446734229184916,0.5477442143604123,0.7415422407529837,0.838441253949269,0.9159604645062978,0.0,1.0,0.001
BIOMD0000000843,model,0.3079942836827151,0.0,0.9353410387137384,4,6,0.0,0.0,0.0,0.0,0.0,0.148318048008561,0.5521180730957689,0.7437295559047536,0.8395352973092458,0.9161798904328398,0.05,1.0,0.001
BIOMD0000000843,model,0.3096764161360739,0.0,0.9353417454032632,4,6,0.0,0.0,0.0,0.0,0.0,0.1516819595705162,0.5561550496459251,0.7457483975245941,0.8405450714639284,0.9163824106153962,0.1,1.0,0.001
BIOMD0000000843,model,0.2501449057619007,0.0,0.9353429937366216,5,5,0.0,0.0,0.0,0.0,0.0,0.0,0.4393738268056301,0.6873584102711259,0.8113507020038736,0.910544535390072,0.2,1.0,0.001
BIOMD0000000843,model,0.255674085500982,0.0,0.9353457720424369,5,5,0.0,0.0,0.0,0.0,0.0,0.0,0.4614888787784662,0.6984173254104514,0.816881548726444,0.9116529273792382,0.5,1.0,0.001
BIOMD0000000844,model,0.0,0.0,0.0,9,0,0.0,0.0,0.0,0.0,0.0,0.0,0.0,0.0,0.0,0.0,-0.5,1.0,0.001
BIOMD0000000844,model,0.0,0.0,0.0,9,0,0.0,0.0,0.0,0.0,0.0,0.0,0.0,0.0,0.0,0.0,-0.2,1.0,0.001
BIOMD0000000844,model,0.0,0.0,0.0,9,0,0.0,0.0,0.0,0.0,0.0,0.0,0.0,0.0,0.0,0.0,-0.1,1.0,0.001
BIOMD0000000844,model,0.0,0.0,0.0,9,0,0.0,0.0,0.0,0.0,0.0,0.0,0.0,0.0,0.0,0.0,-0.05,1.0,0.001
BIOMD0000000844,model,0.0,0.0,0.0,9,0,0.0,0.0,0.0,0.0,0.0,0.0,0.0,0.0,0.0,0.0,0.0,1.0,0.001
BIOMD0000000844,model,0.0,0.0,0.0,9,0,0.0,0.0,0.0,0.0,0.0,0.0,0.0,0.0,0.0,0.0,0.05,1.0,0.001
BIOMD0000000844,model,0.0,0.0,0.0,9,0,0.0,0.0,0.0,0.0,0.0,0.0,0.0,0.0,0.0,0.0,0.1,1.0,0.001
BIOMD0000000844,model,0.0,0.0,0.0,9,0,0.0,0.0,0.0,0.0,0.0,0.0,0.0,0.0,0.0,0.0,0.2,1.0,0.001
BIOMD0000000844,model,0.0,0.0,0.0,9,0,0.0,0.0,0.0,0.0,0.0,0.0,0.0,0.0,0.0,0.0,0.5,1.0,0.001
BIOMD0000000845,model,0.0,0.0,0.0,3,0,0.0,0.0,0.0,0.0,0.0,0.0,0.0,0.0,0.0,0.0,-0.5,1.0,0.001
BIOMD0000000845,model,0.0,0.0,0.0,3,0,0.0,0.0,0.0,0.0,0.0,0.0,0.0,0.0,0.0,0.0,-0.2,1.0,0.001
BIOMD0000000845,model,0.0,0.0,0.0,3,0,0.0,0.0,0.0,0.0,0.0,0.0,0.0,0.0,0.0,0.0,-0.1,1.0,0.001
BIOMD0000000845,model,0.0,0.0,0.0,3,0,0.0,0.0,0.0,0.0,0.0,0.0,0.0,0.0,0.0,0.0,-0.05,1.0,0.001
BIOMD0000000845,model,0.0,0.0,0.0,3,0,0.0,0.0,0.0,0.0,0.0,0.0,0.0,0.0,0.0,0.0,0.0,1.0,0.001
BIOMD0000000845,model,0.0,0.0,0.0,3,0,0.0,0.0,0.0,0.0,0.0,0.0,0.0,0.0,0.0,0.0,0.05,1.0,0.001
BIOMD0000000845,model,0.0,0.0,0.0,3,0,0.0,0.0,0.0,0.0,0.0,0.0,0.0,0.0,0.0,0.0,0.1,1.0,0.001
BIOMD0000000845,model,0.0,0.0,0.0,3,0,0.0,0.0,0.0,0.0,0.0,0.0,0.0,0.0,0.0,0.0,0.2,1.0,0.001
BIOMD0000000845,model,0.0,0.0,0.0,3,0,0.0,0.0,0.0,0.0,0.0,0.0,0.0,0.0,0.0,0.0,0.5,1.0,0.001
BIOMD0000000846,model,0.3301929226545512,0.0,0.9905787679636536,3,0,0.0,0.0,0.0,0.0,0.0,0.0,0.5943472607781923,0.7924630143709229,0.8915208911672882,0.9707671926043804,-0.5,0.6666666666666666,0.001
BIOMD0000000846,model,0.3301930299762042,0.0,0.9905790899286128,3,0,0.0,0.0,0.0,0.0,0.0,0.0,0.5943474539571677,0.7924632719428901,0.8915211809357513,0.9707675081300404,-0.2,0.6666666666666666,0.001
BIOMD0000000846,model,0.3301930508888865,0.0,0.9905791526666596,3,0,0.0,0.0,0.0,0.0,0.0,0.0,0.594347491599996,0.7924633221333278,0.8915212373999937,0.9707675696133266,-0.1,0.6666666666666666,0.001
BIOMD0000000846,model,0.3301930513610975,0.0,0.9905791540832924,3,0,0.0,0.0,0.0,0.0,0.0,0.0,0.5943474924499755,0.792463323266634,0.8915212386749631,0.9707675710016266,-0.05,0.6666666666666666,0.001
BIOMD0000000846,model,0.3301930518204087,0.0,0.9905791554612264,3,0,0.0,0.0,0.0,0.0,0.0,0.0,0.5943474932767359,0.7924633243689811,0.8915212399151036,0.9707675723520016,0.0,0.6666666666666666,0.001
BIOMD0000000846,model,0.3301930522645976,0.0,0.990579156793793,3,0,0.0,0.0,0.0,0.0,0.0,0.0,0.5943474940762759,0.7924633254350345,0.8915212411144137,0.9707675736579172,0.05,0.6666666666666666,0.001
BIOMD0000000846,model,0.3301930526956813,0.0,0.990579158087044,3,0,0.0,0.0,0.0,0.0,0.0,0.0,0.5943474948522265,0.7924633264696352,0.8915212422783395,0.9707675749253032,0.1,0.6666666666666666,0.001
BIOMD0000000846,model,0.3301930334965358,0.0,0.9905791004896076,3,0,0.0,0.0,0.0,0.0,0.0,0.0,0.5943474602937646,0.792463280391686,0.8915211904406467,0.9707675184798154,0.2,0.6666666666666666,0.001
BIOMD0000000846,model,0.3301929712076886,0.0,0.990578913623066,3,0,0.0,0.0,0.0,0.0,0.0,0.0,0.5943473481738397,0.7924631308984528,0.8915210222607592,0.9707673353506046,0.5,0.6666666666666666,0.001
BIOMD0000000848,model,0.2749109269231807,0.0,0.9260489789964018,9,0,0.0,0.0,0.0,0.0,0.0,0.2405510922295406,0.4490669051728665,0.5462077612103707,0.736128370103386,0.8880648572177987,-0.5,1.0,0.001
BIOMD0000000848,model,0.6594105777965634,0.0,0.955309446672335,9,0,0.2592121748570813,0.5184243497141626,0.6580801667628159,0.6647799865095577,0.6685045764403036,0.7132109861298761,0.7684247756173348,0.8336373530498515,0.8944733998610932,0.9431422373100866,-0.2,1.0,0.001
BIOMD0000000848,model,0.789413618083753,0.2615863677589485,0.965249486097878,9,0,0.4745765617460068,0.6875667557330651,0.8005444411738278,0.8048661668053169,0.8061058575391534,0.8447202344769782,0.8838640330137296,0.9194992130800614,0.9423743495889696,0.9606744587960964,-0.1,1.0,0.001
BIOMD0000000848,model,0.8337350252075423,0.4307605382349788,0.9705524618650334,9,0,0.584621542048252,0.7384825458615252,0.8214343193862481,0.8254485004649723,0.8339203253564413,0.8518081946890944,0.9237600380844252,0.93880281709796,0.9546776394814966,0.967377497388326,-0.05,1.0,0.001
BIOMD0000000848,model,0.8595882448609207,0.5871313448256105,0.9860655085723866,9,0,0.6698966735739805,0.7526620023223506,0.8194255126973313,0.8363460766978618,0.840036286403665,0.8458384616053971,0.951977761129458,0.9783047123272642,0.9821851104498254,0.9852894289478744,0.0,1.0,0.001
BIOMD0000000848,model,0.8580509686160139,0.7320838090682901,0.9801112936769464,9,0,0.732649092439864,0.733214375811438,0.7868812267304013,0.8224706995525187,0.8363941451888228,0.8616225057103233,0.9339392654455736,0.9475431830548176,0.963827238365882,0.9768544826147334,0.05,1.0,0.001
BIOMD0000000848,model,0.838271827691433,0.6489792600629559,0.9834865698381692,9,0,0.6931635194243256,0.7373477787856952,0.7740341809677965,0.7837636959687407,0.8069164662617827,0.8596260009100563,0.8957338442187484,0.941238638185443,0.962362604011806,0.9792617766728964,0.1,1.0,0.001
BIOMD0000000848,model,0.7133990969532098,0.4801567065634132,0.9810222814597552,9,0,0.5131022933214959,0.5460478800795786,0.6185863561498233,0.6559634779439588,0.6670242903005971,0.7101895290118512,0.7961111271189089,0.8911618004158257,0.9360920409377904,0.9720362333553624,0.2,1.0,0.001
BIOMD0000000848,model,0.36215259444341,0.0,0.9494519256857604,9,0,0.0,0.0,0.0998807102403807,0.1664678504006345,0.1822125440978086,0.3761089081927778,0.5414718901978797,0.7701717506821091,0.8598118381839346,0.9315239081853952,0.5,1.0,0.001
BIOMD0000000849,model,0.0,0.0,0.0,12,1,0.0,0.0,0.0,0.0,0.0,0.0,0.0,0.0,0.0,0.0,-0.5,1.0,0.001
BIOMD0000000849,model,0.0,0.0,0.0,12,1,0.0,0.0,0.0,0.0,0.0,0.0,0.0,0.0,0.0,0.0,-0.2,1.0,0.001
BIOMD0000000849,model,0.0,0.0,0.0,12,1,0.0,0.0,0.0,0.0,0.0,0.0,0.0,0.0,0.0,0.0,-0.1,1.0,0.001
BIOMD0000000849,model,0.0,0.0,0.0,12,1,0.0,0.0,0.0,0.0,0.0,0.0,0.0,0.0,0.0,0.0,-0.05,1.0,0.001
BIOMD0000000849,model,0.0,0.0,0.0,12,1,0.0,0.0,0.0,0.0,0.0,0.0,0.0,0.0,0.0,0.0,0.0,1.0,0.001
BIOMD0000000849,model,0.0,0.0,0.0,12,1,0.0,0.0,0.0,0.0,0.0,0.0,0.0,0.0,0.0,0.0,0.05,1.0,0.001
BIOMD0000000849,model,0.0,0.0,0.0,12,1,0.0,0.0,0.0,0.0,0.0,0.0,0.0,0.0,0.0,0.0,0.1,1.0,0.001
BIOMD0000000849,model,0.0,0.0,0.0,12,1,0.0,0.0,0.0,0.0,0.0,0.0,0.0,0.0,0.0,0.0,0.2,1.0,0.001
BIOMD0000000849,model,0.0,0.0,0.0,12,1,0.0,0.0,0.0,0.0,0.0,0.0,0.0,0.0,0.0,0.0,0.5,1.0,0.001
BIOMD0000000850,model,0.8248525017805871,0.8085593016002363,0.8370101419363821,3,0,0.810602177620727,0.8126450536412176,0.816730805682199,0.8187736817026896,0.8208165577231803,0.8289880618051431,0.8338013098838865,0.8354057259101343,0.8362079339232582,0.8368497003337574,-0.5,1.0,0.001
BIOMD0000000850,model,0.9351131545103684,0.9183733011435103,0.9449407221813784,3,0,0.920738515049781,0.9231037289560516,0.9278341567685928,0.9301993706748636,0.9325645845811342,0.9420254402062168,0.9437746093913136,0.944357665786346,0.9446491939838622,0.944882416541875,-0.2,1.0,0.001
BIOMD0000000850,model,0.9655291459421876,0.9533945604954795,0.9725460904914852,3,0,0.9551197831298914,0.9568450057643032,0.960295451033127,0.9620206736675389,0.9637458963019504,0.9706467868395978,0.9717863690307302,0.9721662297611076,0.9723561601262964,0.9725081044184474,-0.1,1.0,0.001
BIOMD0000000850,model,0.9798276699874864,0.9703954083852546,0.9852742132544562,3,0,0.971737206379004,0.9730790043727534,0.9757626003602522,0.9771043983540016,0.978446196347751,0.9838133883227486,0.9846898832817732,0.9849820482681146,0.9851281307612856,0.985244996755822,-0.05,1.0,0.001
BIOMD0000000850,model,0.9888947680867368,0.9804231055563548,0.9935355303395385,3,0,0.981653361837151,0.9828836181179472,0.9853441306795396,0.986574386960336,0.9878046432411324,0.9927256683643172,0.99321158554945,0.993373557944494,0.9934545441420164,0.993519333100034,0.0,1.0,0.001
BIOMD0000000850,model,0.988016075744575,0.981620196961722,0.9918003453031692,3,0,0.9825209457624332,0.9834216945631442,0.9852231921645668,0.9861239409652778,0.987024689765989,0.9906276849688338,0.9913312811694348,0.991565813236302,0.9916830792697356,0.9917768920964825,0.05,1.0,0.001
BIOMD0000000850,model,0.978877211027358,0.9768627307308992,0.980338161830144,3,0,0.9771195317099124,0.9773763326889257,0.977889934646952,0.9781467356259652,0.9784035366049784,0.9794307405210314,0.9799751933064988,0.9801566775683214,0.9802474196992328,0.9803200134039616,0.1,1.0,0.001
BIOMD0000000850,model,0.95344294932641,0.9430478582548822,0.958957250196894,3,0,0.9445754463821394,0.9461030345093964,0.9491582107639108,0.950685798891168,0.9522133870184252,0.9583237395274536,0.9587038459291178,0.958830548063006,0.95889389912995,0.9589445799835052,0.2,1.0,0.001
BIOMD0000000850,model,0.8828808925651151,0.8428811450232505,0.903409299610444,3,0,0.8488282538270906,0.8547753626309306,0.8666695802386107,0.8726166890424507,0.8785637978462908,0.902352233061651,0.9029864729909268,0.9031978863006852,0.9033035929555646,0.903388158279468,0.5,1.0,0.001
BIOMD0000000851,model,0.5523691405133678,0.4293931436499512,0.6889569945665183,3,2,0.4403295576173195,0.4512659715846878,0.4731387995194244,0.4840752134867928,0.4950116274541611,0.5387572833236344,0.6288771100693648,0.6589170523179415,0.6739370234422298,0.6859530003416606,-0.5,1.0,0.001
BIOMD0000000851,model,0.5555458818176046,0.0,0.816553983372561,4,1,0.1020848182179397,0.2041696364358795,0.408339272871759,0.5104240910896987,0.6125089093076383,0.7028147719489286,0.7616600468159798,0.7891070150942704,0.8028304992334157,0.813809286544732,-0.2,1.0,0.001
BIOMD0000000851,model,0.6087863735454446,0.0,0.9026501736241423,4,1,0.1134312497266328,0.2268624994532657,0.4537249989065314,0.5671562486331642,0.6805874983597969,0.7662476602788182,0.8268322628777075,0.8647412182509249,0.8836956959375336,0.8988592780868205,-0.1,1.0,0.001
BIOMD0000000851,model,0.520105639723502,0.0,0.9445744971845784,5,0,0.0,0.0,0.0,0.0,0.1621772157237331,0.8108860786186659,0.8649689976883284,0.9047717474364534,0.924673122310516,0.940594222209766,-0.05,1.0,0.001
BIOMD0000000851,model,0.7594932620328573,0.4734032438836332,0.9857754633348724,5,0,0.4762018119190876,0.479000379954542,0.4845975160254507,0.487396084060905,0.5722780650321106,0.9118059889169328,0.9484235166413286,0.9670994899881006,0.9764374766614866,0.9839078660001952,0.0,1.0,0.001
BIOMD0000000851,model,0.9042942315257694,0.823992926087965,0.9737283377959244,5,0,0.8260811335355107,0.8281693409830563,0.8323457558781475,0.8344339633256932,0.8563871315002047,0.9441998041982508,0.950838568535996,0.9622834531659604,0.9680058954809424,0.972583849332928,0.05,1.0,0.001
BIOMD0000000851,model,0.7075042325738516,0.4769088624405259,0.9339189855331438,5,0,0.4897678082574665,0.5026267540744072,0.5283446457082884,0.5412035915252291,0.5869305164952703,0.769838216375435,0.8393050027025679,0.8866119941178559,0.9102654898254998,0.929188286391615,0.1,1.0,0.001
BIOMD0000000851,model,0.3627640647420914,0.0,0.8562920728443746,5,0,0.0205508197886817,0.0411016395773635,0.0822032791547271,0.1027540989434089,0.148701332762932,0.3324902680410248,0.5890855216741941,0.7226887972592844,0.7894904350518295,0.8429317452858656,0.2,1.0,0.001
BIOMD0000000851,model,0.1276413694171566,0.0,0.638206847085783,5,0,0.0,0.0,0.0,0.0,0.0,0.0,0.1276413694171567,0.3829241082514699,0.5105654776686264,0.6126785732023516,0.5,1.0,0.001
BIOMD0000000852,model,0.164158453707498,0.0,0.4924881106525909,6,0,0.0,0.0,0.0,0.0,0.0,0.0,0.4924626115923974,0.4924753611224942,0.4924817358875425,0.4924868356995813,-0.5,1.0,0.001
BIOMD0000000852,model,0.2622616399744727,0.0,0.7879809899822848,6,0,0.0,0.0,0.0,0.0,0.0,0.0,0.7855888498645515,0.7867849199234181,0.7873829549528515,0.7878613829763982,-0.2,1.0,0.001
BIOMD0000000852,model,0.2543981192497884,0.0,0.8864786170635075,6,0,0.0,0.0,0.0,0.0,0.0,0.0,0.6399100984352234,0.7631943577493654,0.8248364874064364,0.8741501911320934,-0.1,1.0,0.001
BIOMD0000000852,model,0.2501491290074605,0.0,0.935727430694648,6,0,0.0,0.0,0.0,0.0,0.0,0.0,0.565167343350115,0.7504473870223816,0.8430874088585149,0.9171994263274216,-0.05,1.0,0.001
BIOMD0000000852,model,0.2461267557389404,0.0,0.9849762444096514,6,0,0.0,0.0,0.0,0.0,0.0,0.0,0.4917842900239911,0.7383802672168213,0.8616782558132363,0.9603166466903684,0.0,1.0,0.001
BIOMD0000000852,model,0.2278576712182255,0.0,0.9493363836322654,6,0,0.0,0.0,0.0,0.0,0.0,0.0,0.4178096436770875,0.6835730136546765,0.8164546986434709,0.9227600466345066,0.05,1.0,0.001
BIOMD0000000852,model,0.2070910214577683,0.0,0.8993381115153782,6,0,0.0,0.0,0.0,0.0,0.0,0.0,0.343208017231232,0.6212730643733051,0.7603055879443417,0.871531606801171,0.1,1.0,0.001
BIOMD0000000852,model,0.166053256607527,0.0,0.799321678926879,6,0,0.0,0.0,0.0,0.0,0.0,0.0,0.196997860718283,0.498159769822581,0.6487407243747301,0.7692054880164493,0.2,1.0,0.001
BIOMD0000000852,model,0.0832064797243548,0.0,0.4992388783461292,6,0,0.0,0.0,0.0,0.0,0.0,0.0,0.0,0.2496194391730646,0.3744291587595968,0.4742769344288228,0.5,1.0,0.001
BIOMD0000000853,model,0.1550174844174892,0.0,0.6252278319634283,9,0,0.0,0.0,0.0,0.0,0.0,0.0021454548137116,0.2887370676329759,0.5023872730904916,0.5638075525269599,0.6129437760761347,-0.5,1.0,0.001
BIOMD0000000853,model,0.1715054916018098,0.0,0.5683963394204905,9,0,0.0,0.0,0.0,0.0,0.0043739886485289,0.0382663481343405,0.3261517672958901,0.4850193479991616,0.5267078437098259,0.5600586402783576,-0.2,1.0,0.001
BIOMD0000000853,model,0.1721065771054876,0.0,0.5575809996588541,9,0,0.0,0.0,0.0,0.0,0.011656109010339,0.0507073436610639,0.3413700640531324,0.4817696650419933,0.5196753323504237,0.549999866197168,-0.1,1.0,0.001
BIOMD0000000853,model,0.1739441082566862,0.0,0.5530285237185643,9,0,0.0,0.0,0.0,0.0,0.0154091077431611,0.0568701035902598,0.3509355239497885,0.4803306887409405,0.5166796062297524,0.5457587402208018,-0.05,1.0,0.001
BIOMD0000000853,model,0.1742100046430858,0.0,0.548940532382873,9,0,0.0,0.0,0.0,0.0,0.0189964525963659,0.0630449735626392,0.3605219494837187,0.4790323268843252,0.5139864296335991,0.5419497118330182,0.0,1.0,0.001
BIOMD0000000853,model,0.1714290223455538,0.0,0.5453030736329665,9,0,0.0,0.0,0.0,0.0,0.022689085435382,0.0692110110992222,0.3701441952983206,0.4778650437346685,0.5115840586838174,0.5385592706431367,0.05,1.0,0.001
BIOMD0000000853,model,0.1697975327442364,0.0,0.5420136555434207,9,0,0.0,0.0,0.0,0.0,0.0233768402140421,0.0659385849720905,0.3797609782673914,0.4767857353262397,0.5093996954348302,0.5354908635217026,0.1,1.0,0.001
BIOMD0000000853,model,0.1712605882147973,0.0,0.5362682129653815,9,0,0.0,0.0,0.0,0.0,0.0069862082610272,0.0818551764026306,0.3990473518193002,0.4749022395145825,0.505585226239982,0.5301316156203016,0.2,1.0,0.001
BIOMD0000000853,model,0.187222706372229,0.0,0.5236324210236672,9,0,0.0,0.0,0.0,0.0,0.0,0.1224446258907179,0.4572288129399801,0.4708354006835857,0.4972339108536264,0.5183527189896591,0.5,1.0,0.001
BIOMD0000000854,model,0.9996434335914678,0.9994663970319156,0.99982047015102,2,2,0.9994841006878707,0.999501804343826,0.9995372116557364,0.9995549153116916,0.9995726189676468,0.9996434335914678,0.9997496555271992,0.9997850628391096,0.9998027664950648,0.9998169294198288,-0.5,1.0,0.001
BIOMD0000000854,model,0.9989946199742386,0.99828846585454,0.9998204708827692,4,0,0.9983634421474152,0.9984384184402906,0.9985883710260413,0.9986633473189166,0.9987383236117918,0.9989347715798226,0.9993769295646696,0.9995987002237192,0.9997095855532442,0.999798293816864,-0.2,1.0,0.001
BIOMD0000000854,model,0.9987342371763392,0.997721924296946,0.99982047154375,4,0,0.997838901889628,0.99795587948231,0.998189834667674,0.9983068122603558,0.9984237898530376,0.9986972764323304,0.9992638553874008,0.9995421634655756,0.9996813175046628,0.9997926407359324,-0.1,1.0,0.001
BIOMD0000000854,model,0.9986002763052289,0.9974122616367624,0.9998204528766036,4,0,0.9975558289936464,0.99769939635053,0.9979865310642976,0.9981300984211814,0.9982736657780652,0.9985841953537744,0.9992075891655782,0.999514021021091,0.9996672369488472,0.9997898096910524,-0.05,1.0,0.001
BIOMD0000000854,model,0.9984348501183852,0.9969998287137782,0.9998204556995136,4,0,0.9971817328856858,0.9973636370575932,0.9977274454014082,0.9979093495733158,0.9980912537452232,0.998459558030124,0.9991521380000576,0.9994862968497856,0.9996533762746496,0.9997870398145408,0.0,1.0,0.001
BIOMD0000000854,model,0.9982975032112924,0.996695931778247,0.9998204726641488,4,0,0.9969001843201016,0.9971044368619564,0.997512941945666,0.9977171944875208,0.9979214470293756,0.9983368042013868,0.9990977848729564,0.9994591287685528,0.9996398007163508,0.9997843382745892,0.05,1.0,0.001
BIOMD0000000854,model,0.998233484813957,0.9966960240500118,0.9998204709354254,4,0,0.9968748674004468,0.9970537107508818,0.997411397451752,0.9975902408021868,0.997769084152622,0.9982087221351952,0.9990456671046574,0.9994330690200414,0.9996267699777334,0.999781730743887,0.1,1.0,0.001
BIOMD0000000854,model,0.9980988018859256,0.996696347074716,0.9998204697849374,4,0,0.9968234198886764,0.9969504927026366,0.9972046383305572,0.9973317111445176,0.997458783958478,0.9979391953420242,0.9989291228237333,0.9993747963043352,0.9995976330446364,0.9997759024368772,0.2,1.0,0.001
BIOMD0000000854,model,0.997679035226886,0.9966187121087768,0.9998204704622424,4,0,0.9966304005379094,0.996642088967042,0.9966654658253074,0.99667715425444,0.9966888426835726,0.9971384791682624,0.9984763822050154,0.999148426333629,0.9994844483979358,0.9997532660493812,0.5,1.0,0.001
BIOMD0000000855,model,0.5860468253576095,0.0,0.8497912257538005,4,0,0.1102403684142723,0.2204807368285447,0.4409614736570894,0.5512018420713617,0.661442210485634,0.747198037838319,0.7955926620504136,0.822691943902107,0.8362415848279537,0.8470812975686312,-0.5,1.0,0.001
BIOMD0000000855,model,0.5752672384575002,0.0881380503772643,0.8489122306043805,4,0,0.1699132135008968,0.2516883766245293,0.4152387028717943,0.4970138659954267,0.5787890291190592,0.6820093364241779,0.7779926132298771,0.8134524219171289,0.8311823262607546,0.8453662497356553,-0.2,1.0,0.001
BIOMD0000000855,model,0.6242275998938576,0.2760114764228324,0.8932883294977209,4,0,0.3204491160686964,0.3648867557145604,0.4537620350062883,0.4981996746521523,0.5426373142980162,0.6638052968274385,0.8105242435548592,0.8519062865262901,0.8725973080120054,0.8891501252005778,-0.1,1.0,0.001
BIOMD0000000855,model,0.5829314212134795,0.1063081731578335,0.9167217126408924,4,0,0.1716244085063444,0.2369406438548553,0.367573114551877,0.4328893499003879,0.4982055852488987,0.6543478995275961,0.8268563192007287,0.8717890159208106,0.8942553642808514,0.9122284429688842,-0.05,1.0,0.001
BIOMD0000000855,model,0.5526553467159798,0.0,0.9258809521529004,4,0,0.0760070789862235,0.152014157972447,0.304028315944894,0.3800353949311175,0.4560424739173409,0.6423702173555095,0.8371683257428775,0.8815246389478889,0.9037027955503946,0.9214453208323992,0.0,1.0,0.001
BIOMD0000000855,model,0.5387889154920742,0.0,0.8925442179198138,4,0,0.0710953840977662,0.1421907681955325,0.284381536391065,0.3554769204888313,0.4265723045865975,0.6313057220242414,0.8302030172059502,0.861373617562882,0.8769589177413478,0.8894271578841205,0.05,1.0,0.001
BIOMD0000000855,model,0.5243395077792351,0.0,0.8585199937131671,4,0,0.0660178801814827,0.1320357603629654,0.2640715207259309,0.3300894009074135,0.3961072810888962,0.6194190187018865,0.8226392992016,0.8405796464573835,0.8495498200852752,0.8567259589875887,0.1,1.0,0.001
BIOMD0000000855,model,0.4642024065763716,0.0,0.7882404124413617,4,0,0.0558295788564603,0.1116591577129207,0.2233183154258414,0.2791478942823018,0.3349774731387621,0.5342846069320623,0.733119377869178,0.7606798951552698,0.7744601537983157,0.7854843607127525,0.2,1.0,0.001
BIOMD0000000855,model,0.3631365131215172,0.0,0.7391738548618281,4,0,0.0229974012945332,0.0459948025890664,0.0919896051781329,0.1149870064726661,0.1379844077671994,0.3566860988121203,0.6317032553411428,0.6854385551014854,0.7123062049816566,0.7338003248857937,0.5,1.0,0.001
BIOMD0000000857,model,0.0,0.0,0.0,9,0,0.0,0.0,0.0,0.0,0.0,0.0,0.0,0.0,0.0,0.0,-0.5,1.0,0.001
BIOMD0000000857,model,0.0,0.0,0.0,9,0,0.0,0.0,0.0,0.0,0.0,0.0,0.0,0.0,0.0,0.0,-0.2,1.0,0.001
BIOMD0000000857,model,0.0,0.0,0.0,9,0,0.0,0.0,0.0,0.0,0.0,0.0,0.0,0.0,0.0,0.0,-0.1,1.0,0.001
BIOMD0000000857,model,0.0,0.0,0.0,9,0,0.0,0.0,0.0,0.0,0.0,0.0,0.0,0.0,0.0,0.0,-0.05,1.0,0.001
BIOMD0000000857,model,0.0,0.0,0.0,9,0,0.0,0.0,0.0,0.0,0.0,0.0,0.0,0.0,0.0,0.0,0.0,1.0,0.001
BIOMD0000000857,model,0.0,0.0,0.0,9,0,0.0,0.0,0.0,0.0,0.0,0.0,0.0,0.0,0.0,0.0,0.05,1.0,0.001
BIOMD0000000857,model,0.0,0.0,0.0,9,0,0.0,0.0,0.0,0.0,0.0,0.0,0.0,0.0,0.0,0.0,0.1,1.0,0.001
BIOMD0000000857,model,0.0,0.0,0.0,9,0,0.0,0.0,0.0,0.0,0.0,0.0,0.0,0.0,0.0,0.0,0.2,1.0,0.001
BIOMD0000000857,model,0.0,0.0,0.0,9,0,0.0,0.0,0.0,0.0,0.0,0.0,0.0,0.0,0.0,0.0,0.5,1.0,0.001
BIOMD0000000858,model,0.2903764407723554,0.0,0.5632655477067926,8,0,0.0,0.0,0.0335724106435001,0.0629482699565627,0.0912625660610561,0.2894895860351473,0.5484288637163671,0.5529105956091143,0.5580880716579534,0.5622300524970247,-0.5,1.0,0.001
BIOMD0000000858,model,0.5061310478980057,0.0,0.8291499203664167,8,0,0.0686649247745194,0.1373298495490388,0.2278994490205023,0.2556491549771433,0.292812834690218,0.5564071219522475,0.8199860158537048,0.8290963471422229,0.8291231337543198,0.8291445630439973,-0.2,1.0,0.001
BIOMD0000000858,model,0.5774650588386967,0.0,0.9159521859761636,8,0,0.0879432495826156,0.1758864991652313,0.2740977078310581,0.2940750782266946,0.3413466634326437,0.6789663760718704,0.8976694255870352,0.9159143779654062,0.9159332819707848,0.9159484051750876,-0.1,1.0,0.001
BIOMD0000000858,model,0.60092013183565,0.0,0.9581884339490078,8,0,0.0999851680795056,0.1999703361590113,0.3024717895358875,0.3171716851810249,0.3645147913984603,0.7096973820360022,0.9182032298814254,0.9581597626564234,0.9581740983027156,0.9581855668197492,-0.05,1.0,0.001
BIOMD0000000858,model,0.6175268716753657,0.0,0.9996756345652016,8,0,0.1127039862829813,0.2254079725659626,0.3320827086227654,0.3408951129602318,0.3821509267298721,0.7169360121436528,0.934916261288976,0.999656872124106,0.999666253344654,0.999673758321092,0.0,1.0,0.001
BIOMD0000000858,model,0.5988845359174086,0.0,0.959578069287088,8,0,0.1147535922737146,0.2295071845474292,0.3368874408975092,0.3447799709985434,0.3811017979863618,0.6997159904885496,0.8934258273207084,0.9595699430973448,0.9595740061922164,0.9595772566681136,0.05,1.0,0.001
BIOMD0000000858,model,0.5495057929911817,0.0,0.9195187890450794,8,0,0.0596189270755485,0.119237854151097,0.2290634916978375,0.2804467292445741,0.3454283466045035,0.6589150676947533,0.8523862793439358,0.9195155939158176,0.9195171914804484,0.9195184695321532,0.1,1.0,0.001
BIOMD0000000858,model,0.4635270391234974,0.0,0.8414811560770791,8,0,0.0,0.0,0.104377674314448,0.19570813933959,0.2773541422723414,0.5416033614188347,0.7773220063012964,0.841453421275706,0.8414672886763925,0.8414783825969417,0.2,1.0,0.001
BIOMD0000000858,model,0.2777720871606725,0.0,0.6226232144689299,8,0,0.0,0.0,0.0,0.0,0.0,0.2032187091811323,0.6017384866030682,0.6225091772155574,0.6225661958422436,0.6226118107435926,0.5,1.0,0.001
BIOMD0000000859,model,0.1852498087072231,0.0,0.5937956542763387,12,0,0.0,2.886066349017116e-07,5.2728549617286945e-05,0.000189795378605,0.0002835444735734,0.0105631186900637,0.3910099208019653,0.5741353396375325,0.5936865808443544,0.5937738395899419,-0.5,1.0,0.001
BIOMD0000000859,model,0.1799783468443802,0.0,0.8539561891850777,12,0,0.0,0.0,0.0,0.0,1.7997745930953257e-06,0.0005322095100444,0.3404138117244108,0.8102235135167268,0.8538997801071889,0.8539449073694999,-0.2,1.0,0.001
BIOMD0000000859,model,0.1938773777718997,0.0,0.9293602508651058,12,0,0.0,0.0,0.0,0.0,2.2744883433811743e-06,0.0006185392376659,0.3490562599274108,0.879115155639169,0.9293305553836282,0.9293543117688102,-0.1,1.0,0.001
BIOMD0000000859,model,0.2002424932279302,0.0,0.965246989510042,12,0,0.0,0.0,0.0,0.0,2.526760793031267e-06,0.0006601863406096,0.3523694047367454,0.9118373659145504,0.9652318154872932,0.9652439547054924,-0.05,1.0,0.001
BIOMD0000000859,model,0.2061704100259162,0.0,0.9999999940566656,12,0,0.0,0.0,0.0,0.0,2.77823159201551e-06,0.0006999476719604,0.3547441422759215,0.9435002046148104,0.999999994038574,0.9999999940530472,0.0,1.0,0.001
BIOMD0000000859,model,0.2005157345703659,0.0,0.9663278336445094,12,0,0.0,0.0,0.0,0.0,3.0326922834733574e-06,0.000739612628839,0.356665054621842,0.9135091961349366,0.9663120884306056,0.9663246846017286,0.05,1.0,0.001
BIOMD0000000859,model,0.1952307214695763,0.0,0.933686856037694,12,0,0.0,0.0,0.0,0.0,3.2999740158934343e-06,0.0007793308809557,0.3588914307478851,0.8844176682470902,0.933654867776951,0.9336804583855454,0.1,1.0,0.001
BIOMD0000000859,model,0.1836632155708178,0.0,0.8713146237460063,12,0,0.0,0.0,0.0,0.0,3.891649330942657e-06,0.0008638746580002,0.3594795305255084,0.8288034646724669,0.8712489138827204,0.8713014817733491,0.2,1.0,0.001
BIOMD0000000859,model,0.156348845116282,0.0,0.7046178836863635,12,0,0.0,0.0,0.0,0.0,6.793719143449724e-06,0.0009783140588567,0.3680100480670887,0.6797494828842899,0.7044447545858447,0.7045832578662597,0.5,1.0,0.001
BIOMD0000000860,model,0.0,0.0,0.0,3,0,0.0,0.0,0.0,0.0,0.0,0.0,0.0,0.0,0.0,0.0,-0.5,1.0,0.001
BIOMD0000000860,model,0.0,0.0,0.0,3,0,0.0,0.0,0.0,0.0,0.0,0.0,0.0,0.0,0.0,0.0,-0.2,1.0,0.001
BIOMD0000000860,model,0.0,0.0,0.0,3,0,0.0,0.0,0.0,0.0,0.0,0.0,0.0,0.0,0.0,0.0,-0.1,1.0,0.001
BIOMD0000000860,model,0.0,0.0,0.0,3,0,0.0,0.0,0.0,0.0,0.0,0.0,0.0,0.0,0.0,0.0,-0.05,1.0,0.001
BIOMD0000000860,model,0.0,0.0,0.0,3,0,0.0,0.0,0.0,0.0,0.0,0.0,0.0,0.0,0.0,0.0,0.0,1.0,0.001
BIOMD0000000860,model,0.0,0.0,0.0,3,0,0.0,0.0,0.0,0.0,0.0,0.0,0.0,0.0,0.0,0.0,0.05,1.0,0.001
BIOMD0000000860,model,0.0,0.0,0.0,3,0,0.0,0.0,0.0,0.0,0.0,0.0,0.0,0.0,0.0,0.0,0.1,1.0,0.001
BIOMD0000000860,model,0.0,0.0,0.0,3,0,0.0,0.0,0.0,0.0,0.0,0.0,0.0,0.0,0.0,0.0,0.2,1.0,0.001
BIOMD0000000860,model,0.0,0.0,0.0,3,0,0.0,0.0,0.0,0.0,0.0,0.0,0.0,0.0,0.0,0.0,0.5,1.0,0.001
BIOMD0000000861,model,0.1512015548843889,0.0,0.995759959482396,19,7,0.0,0.0,0.0,0.0,0.0,0.0,0.2616726723167208,0.5412741573118742,0.6761252950361961,0.9318330265931564,-0.5,1.0,0.001
BIOMD0000000861,model,0.1223340343536888,0.0,0.9947703892205928,19,7,0.0,0.0,0.0,0.0,0.0,0.0,0.1055325741633625,0.5067348943153516,0.6542257704504826,0.9266614654665708,-0.2,1.0,0.001
BIOMD0000000861,model,0.1204794810707301,0.0,0.9945133591683678,19,7,0.0,0.0,0.0,0.0,0.0,0.0,0.0637327464779679,0.5423580203666014,0.6497134170006269,0.92555337073482,-0.1,1.0,0.001
BIOMD0000000861,model,0.1208731421483857,0.0,0.9943940522852404,19,7,0.0,0.0,0.0,0.0,0.0,0.0,0.0620772888968458,0.5529503608427209,0.6477698641693878,0.92506921466207,-0.05,1.0,0.001
BIOMD0000000861,model,0.1210597073316045,0.0,0.9942800188203368,19,7,0.0,0.0,0.0,0.0,0.0,0.0,0.0607095949351505,0.5597388186747275,0.6459994969432721,0.9246239144449242,0.0,1.0,0.001
BIOMD0000000861,model,0.1210535631761217,0.0,0.9941706967124718,19,7,0.0,0.0,0.0,0.0,0.0,0.0,0.059422904156012,0.5633085732776378,0.6443818675576403,0.9242129308815058,0.05,1.0,0.001
BIOMD0000000861,model,0.1209029467395966,0.0,0.994065617617412,19,7,0.0,0.0,0.0,0.0,0.0,0.0,0.0583901266244578,0.5641303560271458,0.6428990124047539,0.9238322965748808,0.1,1.0,0.001
BIOMD0000000861,model,0.1242667168107629,0.0,0.9938666376049649,19,7,0.0,0.0,0.0,0.0,0.0,0.0,0.1018101175415475,0.5590045599635011,0.6402778040445255,0.9231488708928772,0.2,1.0,0.001
BIOMD0000000861,model,0.1277591774927443,0.0,0.9933397259528456,19,7,0.0,0.0,0.0,0.0,0.0,0.0,0.1676932127198605,0.5066410393467216,0.6343995306668876,0.9215516868956544,0.5,1.0,0.001
BIOMD0000000862,model,0.1253100721675479,0.0,0.9980109288956548,8,0,0.0,0.0,0.0,0.0,0.0,0.0,0.0026817890668369,0.3025320325800061,0.65027148073783,0.9284630392640898,-0.5,1.0,0.001
BIOMD0000000862,model,0.1259909898648273,0.0,0.9980339832948526,8,0,0.0,0.0,0.0,0.0,0.0,0.0,0.0059363613742595,0.3063359499250916,0.6521849666099717,0.9288641799578764,-0.2,1.0,0.001
BIOMD0000000862,model,0.1262851660943885,0.0,0.99804533551125,8,0,0.0,0.0,0.0,0.0,0.0,0.0,0.0073415959463148,0.3079787959240754,0.6530120657176621,0.929038681552532,-0.1,1.0,0.001
BIOMD0000000862,model,0.1264459115831591,0.0,0.9980517525555016,8,0,0.0,0.0,0.0,0.0,0.0,0.0,0.0081093240658628,0.3088764038434902,0.6534640781994956,0.9291342176843004,-0.05,1.0,0.001
BIOMD0000000862,model,0.126615189776083,0.0,0.9980586608406512,8,0,0.0,0.0,0.0,0.0,0.0,0.0,0.008917714420808,0.3098215984098046,0.6539401296252274,0.9292349545975662,0.0,1.0,0.001
BIOMD0000000862,model,0.1267945633687593,0.0,0.9980660529849072,8,0,0.0,0.0,0.0,0.0,0.0,0.0,0.0097742723791004,0.3108231336710891,0.6544445933279978,0.9293417610535252,0.05,1.0,0.001
BIOMD0000000862,model,0.1269829469728273,0.0,0.998073914634426,8,0,0.0,0.0,0.0,0.0,0.0,0.0,0.0106737966889155,0.3118749371940624,0.6549744259142437,0.9294540168903892,0.1,1.0,0.001
BIOMD0000000862,model,0.1273874660608989,0.0,0.998090981095222,8,0,0.0,0.0,0.0,0.0,0.0,0.0,0.0126052484351819,0.3141334175029453,0.6561121992990832,0.929695224735994,0.2,1.0,0.001
BIOMD0000000862,model,0.1288486065249982,0.0,0.9981516955325548,8,0,0.0,0.0,0.0,0.0,0.0,0.0,0.0195822940004583,0.3222915183269677,0.6602216069297608,0.930565677811996,0.5,1.0,0.001
BIOMD0000000863,model,0.0,0.0,0.0,4,2,0.0,0.0,0.0,0.0,0.0,0.0,0.0,0.0,0.0,0.0,-0.5,1.0,0.001
BIOMD0000000863,model,0.0,0.0,0.0,4,2,0.0,0.0,0.0,0.0,0.0,0.0,0.0,0.0,0.0,0.0,-0.2,1.0,0.001
BIOMD0000000863,model,0.0,0.0,0.0,4,2,0.0,0.0,0.0,0.0,0.0,0.0,0.0,0.0,0.0,0.0,-0.1,1.0,0.001
BIOMD0000000863,model,0.0,0.0,0.0,4,2,0.0,0.0,0.0,0.0,0.0,0.0,0.0,0.0,0.0,0.0,-0.05,1.0,0.001
BIOMD0000000863,model,0.0,0.0,0.0,4,2,0.0,0.0,0.0,0.0,0.0,0.0,0.0,0.0,0.0,0.0,0.0,1.0,0.001
BIOMD0000000863,model,0.0,0.0,0.0,4,2,0.0,0.0,0.0,0.0,0.0,0.0,0.0,0.0,0.0,0.0,0.05,1.0,0.001
BIOMD0000000863,model,0.0,0.0,0.0,4,2,0.0,0.0,0.0,0.0,0.0,0.0,0.0,0.0,0.0,0.0,0.1,1.0,0.001
BIOMD0000000863,model,0.0,0.0,0.0,4,2,0.0,0.0,0.0,0.0,0.0,0.0,0.0,0.0,0.0,0.0,0.2,1.0,0.001
BIOMD0000000863,model,0.0,0.0,0.0,4,2,0.0,0.0,0.0,0.0,0.0,0.0,0.0,0.0,0.0,0.0,0.5,1.0,0.001
BIOMD0000000867,model,0.4553787698831918,0.0,0.7408063256152285,10,0,0.1472978281083744,0.2945956562167489,0.3561108090325779,0.3797717345739893,0.4094093645922442,0.4911829359083313,0.5798428931072805,0.6205876653258016,0.6806969954705149,0.7287844595862858,-0.5,1.0,0.001
BIOMD0000000867,model,0.6813452844466704,0.0,0.874470456243112,10,0,0.2612342753503102,0.5224685507006204,0.6568316104101571,0.683734810475483,0.697820621258809,0.7459083552002467,0.832819549143847,0.8584642558747522,0.8664673560589321,0.872869836206276,-0.2,1.0,0.001
BIOMD0000000867,model,0.7389088568460552,0.0,0.9368377794255508,10,0,0.2937616906487094,0.5875233812974189,0.7232110576074001,0.7447382548462287,0.7518039246014996,0.8133866762255847,0.90422713615692,0.9227759752833804,0.9298068773544657,0.9354315990113335,-0.1,1.0,0.001
BIOMD0000000867,model,0.7608623306446957,0.0,0.9673309700759434,10,0,0.3100153692408255,0.6200307384816511,0.730434874909891,0.743216106391815,0.7475419985906527,0.8376333349295099,0.9327648229872328,0.9517121283184912,0.9595215491972172,0.9657690859001982,-0.05,1.0,0.001
BIOMD0000000867,model,0.7752592266284449,0.0,0.9999564283367302,10,0,0.3205811842338057,0.6411623684676115,0.7225019763906133,0.7289721906984572,0.736073871310606,0.8446796727016709,0.9805520179374354,0.986765213797482,0.993360821067106,0.9986373068828054,0.0,1.0,0.001
BIOMD0000000867,model,0.7619471533647257,0.0,0.9615380630323608,10,0,0.3041773649467225,0.6083547298934451,0.7278403005825614,0.7458891880543922,0.7550264151882575,0.8374353227020237,0.937339097523994,0.9511650134796468,0.9563515382560038,0.9605007580770892,0.05,1.0,0.001
BIOMD0000000867,model,0.7401512293712115,0.0,0.9347085850318138,10,0,0.2884384991510241,0.5768769983020483,0.720845211251913,0.7418814467202631,0.7438048246509567,0.8199037585034615,0.9024857097041896,0.91460746937389,0.9246580272028518,0.9326984734660214,0.1,1.0,0.001
BIOMD0000000867,model,0.6842274896947991,0.0,0.8699921007295812,10,0,0.2587993851672636,0.5175987703345272,0.6256594761826608,0.6495211679218471,0.6697248339374487,0.7683694256631121,0.8693671074987256,0.8696611481875878,0.8698266244585845,0.8699590054753819,0.2,1.0,0.001
BIOMD0000000867,model,0.4693535786298709,0.0,0.740812766993643,10,0,0.0719978100257106,0.1439956200514212,0.2916789346050079,0.3447210061384149,0.3809390243520046,0.5143737396023836,0.6791816907964762,0.7073202741069347,0.7240665205502888,0.7374635177049721,0.5,1.0,0.001
BIOMD0000000872,model,0.1083895470900488,0.0,0.7587268296303422,7,0,0.0,0.0,0.0,0.0,0.0,0.0,0.0,0.3034907318521371,0.531108780741239,0.7132032198525213,-0.5,0.8571428571428571,0.001
BIOMD0000000872,model,0.1288875146058895,0.0,0.9022126022412268,7,0,0.0,0.0,0.0,0.0,0.0,0.0,0.0,0.360885040896491,0.631548821568858,0.8480798461067527,-0.2,0.8571428571428571,0.001
BIOMD0000000872,model,0.2422261882689922,0.0,0.9542883330269444,7,0,0.0,0.0,0.0,0.0,0.0,0.0,0.3710530094052049,0.6045093456447828,0.7793988393358631,0.919310434288728,-0.1,0.8571428571428571,0.001
BIOMD0000000872,model,0.3467098306654389,0.0,0.9779765273134756,7,0,0.0,0.0,0.0,0.0,0.0,0.0,0.7245996462579039,0.8259917997143748,0.901984163513925,0.9627780545535652,-0.05,0.8571428571428571,0.001
BIOMD0000000872,model,0.4285714285714274,0.0,0.9999999999999996,7,0,0.0,0.0,0.0,0.0,0.0,0.0,0.999999999999996,0.9999999999999974,0.9999999999999986,0.9999999999999994,0.0,0.8571428571428571,0.001
BIOMD0000000872,model,0.3626531850470792,0.0,0.9794397833146592,7,0,0.0,0.0,0.0,0.0,0.0,0.0,0.7795897400787929,0.8595391510016775,0.9194894671581682,0.9674497200833608,0.05,0.8571428571428571,0.001
BIOMD0000000872,model,0.2878222458295142,0.0,0.9594489086319644,7,0,0.0,0.0,0.0,0.0,0.0,0.0,0.5280020946272964,0.7007202956451553,0.8300846021385594,0.9335760473332833,0.1,0.8571428571428571,0.001
BIOMD0000000872,model,0.1314463055919002,0.0,0.9201241391433018,7,0,0.0,0.0,0.0,0.0,0.0,0.0,0.0,0.368049655657321,0.6440868974003107,0.8649166907947032,0.2,0.8571428571428571,0.001
BIOMD0000000872,model,0.1178165618447746,0.0,0.8247159329134224,7,0,0.0,0.0,0.0,0.0,0.0,0.0,0.0,0.3298863731653692,0.5773011530393951,0.7752329769386166,0.5,0.8571428571428571,0.001
BIOMD0000000873,model,0.1306535319701196,0.0,0.9324275283343236,26,3,0.0,0.0,0.0,0.0,0.0,0.0,0.2469264651344145,0.5072933249719905,0.6134935792546856,0.8596125487902639,-0.5,1.0,0.001
BIOMD0000000873,model,0.1166582051534373,0.0,0.9312263242665908,26,3,0.0,0.0,0.0,0.0,0.0,0.0,0.074832610224196,0.5795620896369094,0.7115544574081148,0.8821825481303844,-0.2,1.0,0.001
BIOMD0000000873,model,0.1197315342507063,0.0,0.9310113268485324,26,3,0.0,0.0,0.0,0.0,0.0,0.0,0.0752474781495017,0.5784939854610337,0.7789806272303766,0.9044982862991214,-0.1,1.0,0.001
BIOMD0000000873,model,0.121327370456002,0.0,0.930922238723915,26,3,0.0,0.0,0.0,0.0,0.0,0.0,0.0754017497108807,0.5780595823789848,0.8127158553905719,0.9156772183817974,-0.05,1.0,0.001
BIOMD0000000873,model,0.1229501511044939,0.0,0.9308430091680532,26,3,0.0,0.0,0.0,0.0,0.0,0.0,0.0755265778709245,0.5776783848937711,0.8464616950289866,0.926867014338186,0.0,1.0,0.001
BIOMD0000000873,model,0.1233484271933687,0.0,0.9307722582776042,26,3,0.0,0.0,0.0,0.0,0.0,0.0,0.0756254892337803,0.5773428851722269,0.8559276084643704,0.9299698029487572,0.05,1.0,0.001
BIOMD0000000873,model,0.1213504202468777,0.0,0.9307088606984756,26,3,0.0,0.0,0.0,0.0,0.0,0.0,0.0757014384442024,0.5770469737493229,0.818345583529013,0.917395410664701,0.1,1.0,0.001
BIOMD0000000873,model,0.1173901718946215,0.0,0.9306005663595996,26,3,0.0,0.0,0.0,0.0,0.0,0.0,0.0757940100709286,0.5765546830431336,0.74314551363618,0.8922483706507417,0.2,1.0,0.001
BIOMD0000000873,model,0.1056930669668221,0.0,0.930381214733466,26,3,0.0,0.0,0.0,0.0,0.0,0.0,0.072766216119832,0.4933570534591542,0.6083147807191135,0.8580318403936735,0.5,1.0,0.001
BIOMD0000000874,model,0.0,0.0,0.0,4,0,0.0,0.0,0.0,0.0,0.0,0.0,0.0,0.0,0.0,0.0,-0.5,0.0,0.001
BIOMD0000000874,model,0.0,0.0,0.0,4,0,0.0,0.0,0.0,0.0,0.0,0.0,0.0,0.0,0.0,0.0,-0.2,0.0,0.001
BIOMD0000000874,model,0.0,0.0,0.0,4,0,0.0,0.0,0.0,0.0,0.0,0.0,0.0,0.0,0.0,0.0,-0.1,0.0,0.001
BIOMD0000000874,model,0.0,0.0,0.0,4,0,0.0,0.0,0.0,0.0,0.0,0.0,0.0,0.0,0.0,0.0,-0.05,0.0,0.001
BIOMD0000000874,model,0.0,0.0,0.0,4,0,0.0,0.0,0.0,0.0,0.0,0.0,0.0,0.0,0.0,0.0,0.0,0.0,0.001
BIOMD0000000874,model,0.0,0.0,0.0,4,0,0.0,0.0,0.0,0.0,0.0,0.0,0.0,0.0,0.0,0.0,0.05,0.0,0.001
BIOMD0000000874,model,0.0,0.0,0.0,4,0,0.0,0.0,0.0,0.0,0.0,0.0,0.0,0.0,0.0,0.0,0.1,0.0,0.001
BIOMD0000000874,model,0.0,0.0,0.0,4,0,0.0,0.0,0.0,0.0,0.0,0.0,0.0,0.0,0.0,0.0,0.2,0.0,0.001
BIOMD0000000874,model,0.0,0.0,0.0,4,0,0.0,0.0,0.0,0.0,0.0,0.0,0.0,0.0,0.0,0.0,0.5,0.0,0.001
BIOMD0000000875,model,0.0,0.0,0.0,4,0,0.0,0.0,0.0,0.0,0.0,0.0,0.0,0.0,0.0,0.0,-0.5,1.0,0.001
BIOMD0000000875,model,0.1773798901776784,0.0,0.7095195607107138,4,0,0.0,0.0,0.0,0.0,0.0,0.0,0.2838078242842857,0.4966636924974997,0.6030916266041064,0.6882339738893921,-0.2,1.0,0.001
BIOMD0000000875,model,0.2174301019619499,0.0,0.8697204078477999,4,0,0.0,0.0,0.0,0.0,0.0,0.0,0.3478881631391203,0.6088042854934601,0.7392623466706296,0.8436287956123657,-0.1,1.0,0.001
BIOMD0000000875,model,0.2346771772067609,0.0,0.9387087088270436,4,0,0.0,0.0,0.0,0.0,0.0,0.0,0.3754834835308178,0.6570960961789307,0.7979024025029868,0.9105474475622322,-0.05,1.0,0.001
BIOMD0000000875,model,0.8176604808395325,0.7320934231474849,0.9979810728933898,4,0,0.7377087577457573,0.7433240923440295,0.7545547615405741,0.7601700961388465,0.7657854307371188,0.7702837136586276,0.8618154932661289,0.9298982830797594,0.9639396779865744,0.9911727939120268,0.0,1.0,0.001
BIOMD0000000875,model,0.2348293331004828,0.0,0.9393173324019312,4,0,0.0,0.0,0.0,0.0,0.0,0.0,0.3757269329607728,0.657522132681352,0.7984197325416411,0.911137812429873,0.05,1.0,0.001
BIOMD0000000875,model,0.2211041404825457,0.0,0.884416561930183,4,0,0.0,0.0,0.0,0.0,0.0,0.0,0.3537666247720735,0.6190915933511283,0.7517540776406553,0.8578840650722773,0.1,1.0,0.001
BIOMD0000000875,model,0.1957211974133566,0.0,0.7828847896534264,4,0,0.0,0.0,0.0,0.0,0.0,0.0,0.3131539158613708,0.5480193527573987,0.6654520712054122,0.7593982459638234,0.2,1.0,0.001
BIOMD0000000875,model,0.124804798983446,0.0,0.499219195933784,4,0,0.0,0.0,0.0,0.0,0.0,0.0,0.1996876783735137,0.3494534371536488,0.4243363165437162,0.4842426200557703,0.5,1.0,0.001
BIOMD0000000877,model,0.8186239665955359,0.3688149311135636,0.9999287689217302,4,0,0.4554303507241637,0.5420457703347639,0.7152766095559642,0.8018920291665643,0.8885074487771644,0.952876083173425,0.9756721702662634,0.9878004695939968,0.9938646192578636,0.9987159389889568,-0.5,1.0,0.001
BIOMD0000000877,model,0.8894308563830381,0.6449055315440806,0.9998808229549208,4,0,0.6908930937650137,0.7368806559859469,0.8288557804278132,0.8748433426487462,0.9208309048696792,0.9564685355165754,0.976821003991678,0.9883509134732994,0.99411586821411,0.9987278320067589,-0.2,1.0,0.001
BIOMD0000000877,model,0.903628162423708,0.7007470469874907,0.9998528006983596,4,0,0.7381643609108558,0.7755816748342209,0.8504163026809511,0.8878336166043163,0.9252509305276811,0.9569564010044908,0.978171317598778,0.9890120591485688,0.994432429923464,0.9987687265433804,-0.1,1.0,0.001
BIOMD0000000877,model,0.9097941850702896,0.7250891348688108,0.9998490668268832,4,0,0.7587774484970683,0.7924657621253257,0.8598423893818408,0.8935307030100982,0.9272190166383556,0.957119269292732,0.9786760144477152,0.9892625406372992,0.9945558037320912,0.9987904142079248,-0.05,1.0,0.001
BIOMD0000000877,model,0.91549573431803,0.7475303050330371,0.9998375681133208,4,0,0.7777984184952649,0.8080665319574927,0.8686027588819483,0.898870872344176,0.9291389858064036,0.9573075320628812,0.9791134288520524,0.9894754984826868,0.9946565332980036,0.9988013611502574,0.0,1.0,0.001
BIOMD0000000877,model,0.920734362447826,0.7683328689240189,0.9998365322087756,4,0,0.7954178646641675,0.8225028604043163,0.8766728518846137,0.9037578476247624,0.9308428433649112,0.9573840243292552,0.9794557377636102,0.9896461349861928,0.9947413335974842,0.9988174924865172,0.05,1.0,0.001
BIOMD0000000877,model,0.9256250948445326,0.7877186482314028,0.9998215873684896,4,0,0.8118488749100343,0.8359791015886658,0.8842395549459289,0.9083697816245604,0.932500008303192,0.957480071889119,0.9797526255609708,0.98978710646473,0.9948043469166098,0.9988181392781136,0.1,1.0,0.001
BIOMD0000000877,model,0.9344800875610804,0.8229728201288594,0.9998032677324912,4,0,0.8417403373706636,0.8605078546124677,0.898042889096076,0.91681040633788,0.9355779235796842,0.9575721311914852,0.9801541034782464,0.9899786856053688,0.99489097666893,0.998820809519779,0.2,1.0,0.001
BIOMD0000000877,model,0.955906054863721,0.90899258548593,0.999738921757852,4,0,0.9147430838077556,0.9204935821295808,0.9319945787732318,0.9377450770950572,0.9434955754168828,0.9574463561055512,0.9804336514509424,0.9900862866043972,0.9949126041811246,0.9987736582425064,0.5,1.0,0.001
BIOMD0000000878,model,0.0,0.0,0.0,3,0,0.0,0.0,0.0,0.0,0.0,0.0,0.0,0.0,0.0,0.0,-0.5,1.0,0.001
BIOMD0000000878,model,0.0,0.0,0.0,3,0,0.0,0.0,0.0,0.0,0.0,0.0,0.0,0.0,0.0,0.0,-0.2,1.0,0.001
BIOMD0000000878,model,0.0,0.0,0.0,3,0,0.0,0.0,0.0,0.0,0.0,0.0,0.0,0.0,0.0,0.0,-0.1,1.0,0.001
BIOMD0000000878,model,0.0,0.0,0.0,3,0,0.0,0.0,0.0,0.0,0.0,0.0,0.0,0.0,0.0,0.0,-0.05,1.0,0.001
BIOMD0000000878,model,0.0,0.0,0.0,3,0,0.0,0.0,0.0,0.0,0.0,0.0,0.0,0.0,0.0,0.0,0.0,1.0,0.001
BIOMD0000000878,model,0.0,0.0,0.0,3,0,0.0,0.0,0.0,0.0,0.0,0.0,0.0,0.0,0.0,0.0,0.05,1.0,0.001
BIOMD0000000878,model,0.0,0.0,0.0,3,0,0.0,0.0,0.0,0.0,0.0,0.0,0.0,0.0,0.0,0.0,0.1,1.0,0.001
BIOMD0000000878,model,0.0,0.0,0.0,3,0,0.0,0.0,0.0,0.0,0.0,0.0,0.0,0.0,0.0,0.0,0.2,1.0,0.001
BIOMD0000000878,model,0.0,0.0,0.0,3,0,0.0,0.0,0.0,0.0,0.0,0.0,0.0,0.0,0.0,0.0,0.5,1.0,0.001
BIOMD0000000879,model,0.0,0.0,0.0,3,0,0.0,0.0,0.0,0.0,0.0,0.0,0.0,0.0,0.0,0.0,-0.5,1.0,0.001
BIOMD0000000879,model,0.0,0.0,0.0,3,0,0.0,0.0,0.0,0.0,0.0,0.0,0.0,0.0,0.0,0.0,-0.2,1.0,0.001
BIOMD0000000879,model,0.0,0.0,0.0,3,0,0.0,0.0,0.0,0.0,0.0,0.0,0.0,0.0,0.0,0.0,-0.1,1.0,0.001
BIOMD0000000879,model,0.0,0.0,0.0,3,0,0.0,0.0,0.0,0.0,0.0,0.0,0.0,0.0,0.0,0.0,-0.05,1.0,0.001
BIOMD0000000879,model,0.0,0.0,0.0,3,0,0.0,0.0,0.0,0.0,0.0,0.0,0.0,0.0,0.0,0.0,0.0,1.0,0.001
BIOMD0000000879,model,0.0,0.0,0.0,3,0,0.0,0.0,0.0,0.0,0.0,0.0,0.0,0.0,0.0,0.0,0.05,1.0,0.001
BIOMD0000000879,model,0.0,0.0,0.0,3,0,0.0,0.0,0.0,0.0,0.0,0.0,0.0,0.0,0.0,0.0,0.1,1.0,0.001
BIOMD0000000879,model,0.0,0.0,0.0,3,0,0.0,0.0,0.0,0.0,0.0,0.0,0.0,0.0,0.0,0.0,0.2,1.0,0.001
BIOMD0000000879,model,0.0,0.0,0.0,3,0,0.0,0.0,0.0,0.0,0.0,0.0,0.0,0.0,0.0,0.0,0.5,1.0,0.001
BIOMD0000000880,model,0.2488450339250296,0.0,0.9953801357001184,4,0,0.0,0.0,0.0,0.0,0.0,0.0,0.3981520542800477,0.6967660949900831,0.8460731153451003,0.9655187316291146,-0.5,1.0,0.001
BIOMD0000000880,model,0.2494298195035013,0.0,0.9977192780140052,4,0,0.0,0.0,0.0,0.0,0.0,0.0,0.3990877112056025,0.6984034946098039,0.8480613863119042,0.9677876996735848,-0.2,1.0,0.001
BIOMD0000000880,model,0.2494714117945931,0.0,0.9978856471783724,4,0,0.0,0.0,0.0,0.0,0.0,0.0,0.3991542588713493,0.6985199530248609,0.8482028001016162,0.9679490777630212,-0.1,1.0,0.001
BIOMD0000000880,model,0.249481650474508,0.0,0.997926601898032,4,0,0.0,0.0,0.0,0.0,0.0,0.0,0.3991706407592131,0.6985486213286225,0.8482376116133268,0.9679888038410908,-0.05,1.0,0.001
BIOMD0000000880,model,0.2494865949028332,0.0,0.9979463796113328,4,0,0.0,0.0,0.0,0.0,0.0,0.0,0.3991785518445335,0.6985624657279332,0.8482544226696327,0.9680079882229928,0.0,1.0,0.001
BIOMD0000000880,model,0.2494871040372915,0.0,0.9979484161491662,4,0,0.0,0.0,0.0,0.0,0.0,0.0,0.3991793664596668,0.6985638913044165,0.8482561537267909,0.9680099636646908,0.05,1.0,0.001
BIOMD0000000880,model,0.2494841063153206,0.0,0.9979364252612823,4,0,0.0,0.0,0.0,0.0,0.0,0.0,0.3991745701045133,0.6985554976828978,0.8482459614720896,0.9679983325034436,0.1,1.0,0.001
BIOMD0000000880,model,0.2494694341015618,0.0,0.9978777364062472,4,0,0.0,0.0,0.0,0.0,0.0,0.0,0.3991510945624992,0.6985144154843732,0.8481960759453098,0.9679414043140596,0.2,1.0,0.001
BIOMD0000000880,model,0.2493797354623986,0.0,0.9975189418495946,4,0,0.0,0.0,0.0,0.0,0.0,0.0,0.3990075767398381,0.6982632592947164,0.847891100572155,0.9675933735941064,0.5,1.0,0.001
BIOMD0000000882,model,0.5718600726610313,0.3624022269575727,0.998905679230532,4,0,0.3748987303093488,0.387395233661125,0.4123882403646773,0.4248847437164535,0.4373812470682297,0.4630661922280102,0.687814352784177,0.8433600160073544,0.921132847618943,0.983351112908214,-0.5,0.75,0.001
BIOMD0000000882,model,0.8582445425564682,0.6977372927563087,0.999674843863008,4,0,0.7228064171609089,0.747875541565509,0.7980137903747093,0.8230829147793095,0.8481520391839096,0.8677830168032782,0.9222906844369512,0.9609827641499796,0.9803288040064936,0.995805635891705,-0.2,0.75,0.001
BIOMD0000000882,model,0.93102205274227,0.8412163752625798,0.9998482037687066,4,0,0.8561030496147023,0.8709897239668247,0.9007630726710698,0.9156497470231924,0.9305364213753148,0.9415118159688964,0.9654769381041204,0.9826625709364136,0.99125538735256,0.9981296404854774,-0.1,0.75,0.001
BIOMD0000000882,model,0.965902498141066,0.918994009547175,0.9999267071754824,4,0,0.9269245137172332,0.9348550178872916,0.950716026227408,0.9586465303974664,0.9665770345675246,0.9723446379208032,0.9836658259666186,0.9917962665710506,0.9958614868732664,0.9991136631150392,-0.05,0.75,0.001
BIOMD0000000882,model,0.9992344295801212,0.9971237923684432,0.9999997861674462,4,0,0.99754068364299,0.9979575749175364,0.9987913574666296,0.9992082487411762,0.9996251400157228,0.9999070698922974,0.999946557818483,0.9999731719929646,0.9999864790802054,0.999997124749998,0.0,0.75,0.001
BIOMD0000000882,model,0.9660507735974484,0.9133948222323628,0.9999314934418492,4,0,0.9226419669511212,0.9318891116698792,0.9503834011073956,0.959630545826154,0.968877690544912,0.9754383893577908,0.985473192391638,0.9927023429167436,0.9963169181792964,0.9992085783893386,0.05,0.75,0.001
BIOMD0000000882,model,0.9324876212963352,0.8236843736091962,0.999867319094837,4,0,0.8430014778435565,0.8623185820779169,0.9009527905466376,0.920269894780998,0.939586999015358,0.953199396240654,0.9723071620237608,0.9860872405592987,0.9929772798270678,0.9984893112412832,0.1,0.75,0.001
BIOMD0000000882,model,0.8654776311760288,0.632489733870026,0.9997507236853338,4,0,0.674651394671117,0.716813055472208,0.80113637707439,0.8432980378754809,0.8854596986765718,0.9148350335743776,0.949561846237007,0.9746562849611704,0.987203504323252,0.9972412798129174,0.2,0.75,0.001
BIOMD0000000882,model,0.666794894586755,0.0,0.9994736765011434,4,0,0.1247526230559917,0.2495052461119835,0.4990104922239671,0.6237631152799588,0.7485157383359505,0.8338529509229384,0.9014025194840164,0.95043809799258,0.9749558872468616,0.994570118650287,0.5,0.75,0.001
BIOMD0000000883,model,0.1603174603174603,0.0,1.0,63,0,0.0,0.0,0.0,0.0,0.0,0.0,0.0,1.0,1.0,1.0,-0.5,1.0,0.001
BIOMD0000000883,model,0.1603174603174603,0.0,1.0,63,0,0.0,0.0,0.0,0.0,0.0,0.0,0.0,1.0,1.0,1.0,-0.2,1.0,0.001
BIOMD0000000883,model,0.1603174603174603,0.0,1.0,63,0,0.0,0.0,0.0,0.0,0.0,0.0,0.0,1.0,1.0,1.0,-0.1,1.0,0.001
BIOMD0000000883,model,0.1603174603174603,0.0,1.0,63,0,0.0,0.0,0.0,0.0,0.0,0.0,0.0,1.0,1.0,1.0,-0.05,1.0,0.001
BIOMD0000000883,model,0.1603174603174603,0.0,1.0,63,0,0.0,0.0,0.0,0.0,0.0,0.0,0.0,1.0,1.0,1.0,0.0,1.0,0.001
BIOMD0000000883,model,0.1603174603174603,0.0,1.0,63,0,0.0,0.0,0.0,0.0,0.0,0.0,0.0,1.0,1.0,1.0,0.05,1.0,0.001
BIOMD0000000883,model,0.1604251920690642,0.0,1.0,63,0,0.0,0.0,0.0,0.0,0.0,0.0,0.0,1.0,1.0,1.0,0.1,1.0,0.001
BIOMD0000000883,model,0.1614290245277884,0.0,1.0,63,0,0.0,0.0,0.0,0.0,0.0,0.0,0.0,1.0,1.0,1.0,0.2,1.0,0.001
BIOMD0000000883,model,0.163485797676662,0.0,1.0,63,0,0.0,0.0,0.0,0.0,0.0,0.0,0.0,1.0,1.0,1.0,0.5,1.0,0.001
BIOMD0000000884,model,0.0,0.0,0.0,3,0,0.0,0.0,0.0,0.0,0.0,0.0,0.0,0.0,0.0,0.0,-0.5,1.0,0.001
BIOMD0000000884,model,0.0,0.0,0.0,3,0,0.0,0.0,0.0,0.0,0.0,0.0,0.0,0.0,0.0,0.0,-0.2,1.0,0.001
BIOMD0000000884,model,0.0,0.0,0.0,3,0,0.0,0.0,0.0,0.0,0.0,0.0,0.0,0.0,0.0,0.0,-0.1,1.0,0.001
BIOMD0000000884,model,0.0,0.0,0.0,3,0,0.0,0.0,0.0,0.0,0.0,0.0,0.0,0.0,0.0,0.0,-0.05,1.0,0.001
BIOMD0000000884,model,0.0,0.0,0.0,3,0,0.0,0.0,0.0,0.0,0.0,0.0,0.0,0.0,0.0,0.0,0.0,1.0,0.001
BIOMD0000000884,model,0.0,0.0,0.0,3,0,0.0,0.0,0.0,0.0,0.0,0.0,0.0,0.0,0.0,0.0,0.05,1.0,0.001
BIOMD0000000884,model,0.0,0.0,0.0,3,0,0.0,0.0,0.0,0.0,0.0,0.0,0.0,0.0,0.0,0.0,0.1,1.0,0.001
BIOMD0000000884,model,0.0,0.0,0.0,3,0,0.0,0.0,0.0,0.0,0.0,0.0,0.0,0.0,0.0,0.0,0.2,1.0,0.001
BIOMD0000000884,model,0.1451521305163021,0.0,0.4354563915489065,3,0,0.0,0.0,0.0,0.0,0.0,0.0,0.2612738349293439,0.3483651132391252,0.3919107523940158,0.4267472637179283,0.5,1.0,0.001
BIOMD0000000885,model,0.9999959148655572,0.9999886197098338,1.0,4,0,0.9999895842566991,0.9999905488035647,0.9999924778972958,0.9999934424441612,0.9999944069910268,0.9999975198761976,0.9999999938380748,0.9999999969190374,0.9999999984595188,0.9999999996919038,-0.5,1.0,0.001
BIOMD0000000885,model,0.9999965072376696,0.9999885592176098,1.0,4,0,0.999989897336671,0.9999912354557324,0.9999939116938548,0.999995249812916,0.9999965879319774,0.9999987348665343,0.9999999938330304,0.9999999969165152,0.9999999984582576,0.9999999996916517,-0.2,1.0,0.001
BIOMD0000000885,model,0.9999966940406384,0.9999884964356652,1.0,4,0,0.9999899654714716,0.9999914345072776,0.99999437257889,0.999995841614696,0.999997310650502,0.999999139863444,0.999999993831509,0.9999999969157544,0.9999999984578772,0.9999999996915756,-0.1,1.0,0.001
BIOMD0000000885,model,0.9999967854495292,0.999988457074175,1.0,4,0,0.9999899927639312,0.9999915284536872,0.9999945998331996,0.9999961355229556,0.999997671212712,0.9999993423619709,0.9999999938308354,0.9999999969154176,0.9999999984577088,0.9999999996915416,-0.05,1.0,0.001
BIOMD0000000885,model,0.9999968761494848,0.9999884148770892,1.0,4,0,0.9999900176461344,0.99999162041518,0.9999948259532708,0.999996428722316,0.9999980314913616,0.9999995448604252,0.999999993830075,0.9999999969150376,0.9999999984575187,0.9999999996915038,0.0,1.0,0.001
BIOMD0000000885,model,0.9999970146394326,0.9999885638438172,1.0,4,0,0.9999902050175792,0.9999918461913412,0.9999951285388652,0.9999967697126272,0.9999984108863892,0.9999997473569564,0.9999999938270092,0.9999999969135046,0.9999999984567524,0.9999999996913504,0.05,1.0,0.001
BIOMD0000000885,model,0.9999971138501798,0.9999885556902346,1.0,4,0,0.9999902588367604,0.999991961983286,0.9999953682763374,0.9999970714228632,0.9999987745693888,0.9999999498552424,0.9999999938260472,0.9999999969130235,0.9999999984565118,0.9999999996913024,0.1,1.0,0.001
BIOMD0000000885,model,0.9999969524124024,0.9999885399393108,1.0,4,0,0.9999901509489012,0.9999917619584914,0.9999949839776718,0.999996594987262,0.9999982059968524,0.9999996348551492,0.9999999938242315,0.9999999969121158,0.999999998456058,0.9999999996912116,0.2,1.0,0.001
BIOMD0000000885,model,0.9999964024333272,0.9999887700054932,1.0,4,0,0.9999899820068158,0.9999911940081384,0.9999936180107836,0.9999948300121062,0.9999960420134288,0.999998419863908,0.9999999938281032,0.9999999969140516,0.9999999984570258,0.9999999996914052,0.5,1.0,0.001
BIOMD0000000886,model,0.0,0.0,0.0,5,0,0.0,0.0,0.0,0.0,0.0,0.0,0.0,0.0,0.0,0.0,-0.5,1.0,0.001
BIOMD0000000886,model,0.0271183120028391,0.0,0.1355915600141955,5,0,0.0,0.0,0.0,0.0,0.0,0.0,0.0271183120028391,0.0813549360085173,0.1084732480113564,0.1301678976136277,-0.2,1.0,0.001
BIOMD0000000886,model,0.0,0.0,0.0,5,0,0.0,0.0,0.0,0.0,0.0,0.0,0.0,0.0,0.0,0.0,-0.1,1.0,0.001
BIOMD0000000886,model,0.0,0.0,0.0,5,0,0.0,0.0,0.0,0.0,0.0,0.0,0.0,0.0,0.0,0.0,-0.05,1.0,0.001
BIOMD0000000886,model,0.0,0.0,0.0,5,0,0.0,0.0,0.0,0.0,0.0,0.0,0.0,0.0,0.0,0.0,0.0,1.0,0.001
BIOMD0000000886,model,0.0001977448180798,0.0,0.0009887240903993,5,0,0.0,0.0,0.0,0.0,0.0,0.0,0.0001977448180798,0.0005932344542395,0.0007909792723194,0.0009491751267833,0.05,1.0,0.001
BIOMD0000000886,model,0.0515776881155056,0.0,0.2578884405775282,5,0,0.0,0.0,0.0,0.0,0.0,0.0,0.0515776881155056,0.1547330643465169,0.2063107524620225,0.247572902954427,0.1,1.0,0.001
BIOMD0000000886,model,0.1279794768667319,0.0,0.6398973843336595,5,0,0.0,0.0,0.0,0.0,0.0,0.0,0.127979476866732,0.3839384306001958,0.5119179074669276,0.6143014889603131,0.2,1.0,0.001
BIOMD0000000886,model,0.0661578995120862,0.0,0.3307894975604312,5,0,0.0,0.0,0.0,0.0,0.0,0.0,0.0661578995120863,0.1984736985362587,0.2646315980483449,0.317557917658014,0.5,1.0,0.001
BIOMD0000000887,model,0.1098217908610091,0.0,0.4392871634440364,4,0,0.0,0.0,0.0,0.0,0.0,0.0,0.1757148653776147,0.3075010144108255,0.3733940889274307,0.4261085485407152,-0.5,1.0,0.001
BIOMD0000000887,model,0.1180567956338373,0.0,0.4722271825353494,4,0,0.0,0.0,0.0,0.0,0.0,0.0,0.1888908730141399,0.3305590277747446,0.4013931051550468,0.4580603670592888,-0.2,1.0,0.001
BIOMD0000000887,model,0.1206262597407833,0.0,0.4825050389631334,4,0,0.0,0.0,0.0,0.0,0.0,0.0,0.1930020155852535,0.3377535272741935,0.4101292831186632,0.4680298877942392,-0.1,1.0,0.001
BIOMD0000000887,model,0.1218943745208489,0.0,0.4875774980833959,4,0,0.0,0.0,0.0,0.0,0.0,0.0,0.1950309992333585,0.3413042486583772,0.4144408733708863,0.4729501731408939,-0.05,1.0,0.001
BIOMD0000000887,model,0.1230782879654261,0.0,0.4923131518617044,4,0,0.0,0.0,0.0,0.0,0.0,0.0,0.1969252607446819,0.3446192063031932,0.4184661790824486,0.4775437573058532,0.0,1.0,0.001
BIOMD0000000887,model,0.1242486981713024,0.0,0.4969947926852097,4,0,0.0,0.0,0.0,0.0,0.0,0.0,0.198797917074084,0.3478963548796469,0.4224455737824281,0.4820849489046533,0.05,1.0,0.001
BIOMD0000000887,model,0.1254063634634219,0.0,0.5016254538536876,4,0,0.0,0.0,0.0,0.0,0.0,0.0,0.2006501815414752,0.3511378176975814,0.4263816357756343,0.4865766902380768,0.1,1.0,0.001
BIOMD0000000887,model,0.1276169812768242,0.0,0.5104679251072971,4,0,0.0,0.0,0.0,0.0,0.0,0.0,0.204187170042919,0.3573275475751081,0.4338977363412024,0.495153887354078,0.2,1.0,0.001
BIOMD0000000887,model,0.1324106217718254,0.0,0.5296424870873018,4,0,0.0,0.0,0.0,0.0,0.0,0.0,0.2118569948349209,0.3707497409611113,0.4501961140242063,0.5137532124746826,0.5,1.0,0.001
BIOMD0000000888,model,0.2944602177643817,0.0,0.9984531779246092,4,0,0.0,0.0,0.0,0.0,0.0,0.0896938465664587,0.5070138870495945,0.7527335324871018,0.8755933552058551,0.9738812133808582,-0.5,1.0,0.001
BIOMD0000000888,model,0.2925773744900686,0.0,0.9990051624471984,4,0,0.0,0.0,0.0,0.0,0.0,0.0856521677565381,0.5023846662867254,0.7506949143669619,0.8748500384070796,0.9741741376391744,-0.2,1.0,0.001
BIOMD0000000888,model,0.2918813435643367,0.0,0.9989839651808254,4,0,0.0,0.0,0.0,0.0,0.0,0.0842707045382606,0.5007184315182434,0.7498511983495344,0.8744175817651796,0.974070688497696,-0.1,1.0,0.001
BIOMD0000000888,model,0.2915217768091665,0.0,0.9989730648663772,4,0,0.0,0.0,0.0,0.0,0.0,0.0835570211851444,0.4998576513687245,0.7494153581175509,0.8741942114919636,0.9740172941914944,-0.05,1.0,0.001
BIOMD0000000888,model,0.2911702767907594,0.0,0.9989619628723004,4,0,0.0,0.0,0.0,0.0,0.0,0.0828595721453686,0.4990162717233628,0.7489891172978317,0.8739755400850657,0.9739646783148534,0.0,1.0,0.001
BIOMD0000000888,model,0.2908086901783588,0.0,0.9989506441761792,4,0,0.0,0.0,0.0,0.0,0.0,0.0821420582686281,0.4981507275928258,0.7485506858845025,0.8737506650303405,0.9739106483470112,0.05,1.0,0.001
BIOMD0000000888,model,0.2904381788891265,0.0,0.9989006984799134,4,0,0.0,0.0,0.0,0.0,0.0,0.0814260085382963,0.4972714896379213,0.7480860940589174,0.8734933962694149,0.9738192380378136,0.1,1.0,0.001
BIOMD0000000888,model,0.2896962554540643,0.0,0.9988405721729398,4,0,0.0,0.0,0.0,0.0,0.0,0.0799722248216586,0.4955028986551666,0.7471717354140532,0.8730061537934961,0.9736736884970508,0.2,1.0,0.001
BIOMD0000000888,model,0.2871789971901215,0.0,0.9977386956813248,4,0,0.0,0.0,0.0,0.0,0.0,0.0754886465395806,0.489681854120027,0.7437102749006759,0.870724485291,0.9723358536032596,0.5,1.0,0.001
BIOMD0000000889,model,0.4108838116984101,0.0,0.9991391822488204,12,0,0.0,0.0,0.0,0.0,0.0,0.4250908581870264,0.908330926225212,0.9991174162408908,0.9991373488261124,0.9991388155642787,-0.5,1.0,0.001
BIOMD0000000889,model,0.4101535268641255,0.0,0.9996531850931388,12,0,0.0,0.0,0.0,0.0,0.0,0.4201044975456389,0.9087096918118538,0.9994608803892364,0.9995474892911564,0.9996320459327424,-0.2,1.0,0.001
BIOMD0000000889,model,0.4100172886741181,0.0,0.9997850699223852,12,0,0.0,0.0,0.0,0.0,0.0,0.4191740456199364,0.908752547131034,0.999520634054872,0.9996396869388904,0.9997559933256862,-0.1,1.0,0.001
BIOMD0000000889,model,0.4099598313560084,0.0,0.9998407888449412,12,0,0.0,0.0,0.0,0.0,0.0,0.4187816117687751,0.9087705934376636,0.9995458045707778,0.9996785984312192,0.9998083507621968,-0.05,1.0,0.001
BIOMD0000000889,model,0.4099080721634995,0.0,0.999891032260598,12,0,0.0,0.0,0.0,0.0,0.0,0.4184280838412701,0.9087868361069532,0.9995684636514036,0.9997136655037672,0.9998555589092318,0.0,1.0,0.001
BIOMD0000000889,model,0.4098612035334066,0.0,0.9999365697412635,12,0,0.0,0.0,0.0,0.0,0.0,0.4181079493898166,0.9088015326670854,0.9995889693109572,0.9997454312143756,0.999898342035886,0.05,1.0,0.001
BIOMD0000000889,model,0.4098185636150643,0.0,0.9999780330564226,12,0,0.0,0.0,0.0,0.0,0.0,0.4178166903846213,0.9088148938451576,0.9996076146021368,0.9997743409158394,0.999937294628306,0.1,1.0,0.001
BIOMD0000000889,model,0.4097354126878882,0.0,0.9999492548445672,12,0,0.0,0.0,0.0,0.0,0.0,0.4173064646037798,0.908838277439848,0.9996402525336172,0.9997793355194142,0.9999152709795368,0.2,1.0,0.001
BIOMD0000000889,model,0.409543982086578,0.0,0.999788602988669,12,0,0.0,0.0,0.0,0.0,0.0,0.4161816212689908,0.9088897282187784,0.9997120948614644,0.9997465439746512,0.9997801911858656,0.5,1.0,0.001
BIOMD0000000890,model,0.9999805113958624,0.9999805113958624,0.9999805113958624,1,2,0.9999805113958624,0.9999805113958624,0.9999805113958624,0.9999805113958624,0.9999805113958624,0.9999805113958624,0.9999805113958624,0.9999805113958624,0.9999805113958624,0.9999805113958624,-0.5,1.0,0.001
BIOMD0000000890,model,0.999891722128866,0.999891722128866,0.999891722128866,1,2,0.999891722128866,0.999891722128866,0.999891722128866,0.999891722128866,0.999891722128866,0.999891722128866,0.999891722128866,0.999891722128866,0.999891722128866,0.999891722128866,-0.2,1.0,0.001
BIOMD0000000890,model,0.9998434784556548,0.9998434784556548,0.9998434784556548,1,2,0.9998434784556548,0.9998434784556548,0.9998434784556548,0.9998434784556548,0.9998434784556548,0.9998434784556548,0.9998434784556548,0.9998434784556548,0.9998434784556548,0.9998434784556548,-0.1,1.0,0.001
BIOMD0000000890,model,0.9998083922937004,0.9998083922937004,0.9998083922937004,1,2,0.9998083922937004,0.9998083922937004,0.9998083922937004,0.9998083922937004,0.9998083922937004,0.9998083922937004,0.9998083922937004,0.9998083922937004,0.9998083922937004,0.9998083922937004,-0.05,1.0,0.001
BIOMD0000000890,model,0.9997986348089528,0.9997986348089528,0.9997986348089528,1,2,0.9997986348089528,0.9997986348089528,0.9997986348089528,0.9997986348089528,0.9997986348089528,0.9997986348089528,0.9997986348089528,0.9997986348089528,0.9997986348089528,0.9997986348089528,0.0,1.0,0.001
BIOMD0000000890,model,0.9997526272556092,0.9997526272556092,0.9997526272556092,1,2,0.9997526272556092,0.9997526272556092,0.9997526272556092,0.9997526272556092,0.9997526272556092,0.9997526272556092,0.9997526272556092,0.9997526272556092,0.9997526272556092,0.9997526272556092,0.05,1.0,0.001
BIOMD0000000890,model,0.9996982755693974,0.9996982755693974,0.9996982755693974,1,2,0.9996982755693974,0.9996982755693974,0.9996982755693974,0.9996982755693974,0.9996982755693974,0.9996982755693974,0.9996982755693974,0.9996982755693974,0.9996982755693974,0.9996982755693974,0.1,1.0,0.001
BIOMD0000000890,model,0.9996094621559444,0.9996094621559444,0.9996094621559444,1,2,0.9996094621559444,0.9996094621559444,0.9996094621559444,0.9996094621559444,0.9996094621559444,0.9996094621559444,0.9996094621559444,0.9996094621559444,0.9996094621559444,0.9996094621559444,0.2,1.0,0.001
BIOMD0000000890,model,0.9992624573375704,0.9992624573375704,0.9992624573375704,1,2,0.9992624573375704,0.9992624573375704,0.9992624573375704,0.9992624573375704,0.9992624573375704,0.9992624573375704,0.9992624573375704,0.9992624573375704,0.9992624573375704,0.9992624573375704,0.5,1.0,0.001
BIOMD0000000891,model,0.8355937702119691,0.5959204061455986,0.9832422106193178,3,0,0.6290902349181379,0.662260063690677,0.7285997212357556,0.7617695500082947,0.7949393787808339,0.9276186938709908,0.960992803919987,0.9721175072696524,0.9776798589444852,0.9821297402843512,-0.5,1.0,0.001
BIOMD0000000891,model,0.7729488721000973,0.4356984643357516,0.9690953251367508,3,0,0.4835339005849554,0.5313693368341592,0.6270402093325667,0.6748756455817705,0.7227110818309742,0.9140528268277892,0.9470783258131664,0.9580868254749586,0.9635910753058547,0.9679944751705716,-0.2,1.0,0.001
BIOMD0000000891,model,0.7561126215009799,0.3966868137647143,0.9754530746136236,3,0,0.446637930000703,0.4965890462366918,0.5964912787086694,0.646442394944658,0.6963935111806469,0.8961979761246018,0.9437510352180148,0.9596020549158192,0.9675275647647212,0.9738679726438432,-0.1,1.0,0.001
BIOMD0000000891,model,0.7657968163511435,0.4251567592747415,0.9802005309324529,3,0,0.471844399231891,0.5185320391890406,0.6119073191033395,0.6585949590604889,0.7052825990176385,0.8920331588462364,0.9449335820979662,0.9625670565152096,0.9713837937238312,0.9784371834907284,-0.05,1.0,0.001
BIOMD0000000891,model,0.7779417711414309,0.4695102598798505,0.9847499980946935,3,0,0.5105157394368403,0.5515212189938301,0.6335321781078097,0.6745376576647995,0.7155431372217893,0.8795650554497485,0.9426760210367156,0.9637130095657046,0.9742315038301992,0.9826462992417948,0.0,1.0,0.001
BIOMD0000000891,model,0.6977211003900825,0.2594874812432226,0.985042338890166,3,0,0.3184020812225863,0.3773166812019499,0.4951458811606771,0.5540604811400407,0.6129750811194044,0.8486334810368589,0.9304787957488432,0.9577605673195048,0.9714014531048354,0.9823141617331,0.05,1.0,0.001
BIOMD0000000891,model,0.5990611283953972,0.0223043043314865,0.9809615702183712,3,0,0.0994656249619712,0.176626945592456,0.3309495868534254,0.4081109074839101,0.4852722281143948,0.7939175106363338,0.9061439463855562,0.9435527583019636,0.9622571642601674,0.9772206890267304,0.1,1.0,0.001
BIOMD0000000891,model,0.5281024651563224,0.0,0.9675277596770514,3,0,0.0616779635791916,0.1233559271583832,0.2467118543167664,0.308389817895958,0.3700677814751495,0.616779635791916,0.8272285101229973,0.8973781349000243,0.9324529472885378,0.9605127971993488,0.2,1.0,0.001
BIOMD0000000891,model,0.3141003522584179,0.0,0.9423010567752538,3,0,0.0,0.0,0.0,0.0,0.0,0.0,0.5653806340651524,0.753840845420203,0.8480709510977283,0.9234550356397488,0.5,1.0,0.001
BIOMD0000000892,model,0.0929131142650397,0.0,0.371652457060159,4,0,0.0,0.0,0.0,0.0,0.0,0.0,0.1486609828240637,0.2601567199421113,0.315904588501135,0.3605028833483541,-0.5,1.0,0.001
BIOMD0000000892,model,0.1002413179144818,0.0,0.4009652716579272,4,0,0.0,0.0,0.0,0.0,0.0,0.0,0.160386108663171,0.2806756901605491,0.340820480909238,0.3889363135081893,-0.2,1.0,0.001
BIOMD0000000892,model,0.1016787433458953,0.0,0.4067149733835812,4,0,0.0,0.0,0.0,0.0,0.0,0.0,0.1626859893534326,0.2847004813685069,0.3457077273760439,0.3945135241820737,-0.1,1.0,0.001
BIOMD0000000892,model,0.1023470887599609,0.0,0.4093883550398439,4,0,0.0,0.0,0.0,0.0,0.0,0.0,0.1637553420159377,0.2865718485278908,0.3479801017838672,0.3971067043886485,-0.05,1.0,0.001
BIOMD0000000892,model,0.1029046749058392,0.0,0.411618699623357,4,0,0.0,0.0,0.0,0.0,0.0,0.0,0.1646474798493429,0.28813308973635,0.3498758946798533,0.3992701386346562,0.0,1.0,0.001
BIOMD0000000892,model,0.1034135947167819,0.0,0.4136543788671276,4,0,0.0,0.0,0.0,0.0,0.0,0.0,0.1654617515468512,0.2895580652069894,0.3516062220370583,0.4012447475011137,0.05,1.0,0.001
BIOMD0000000892,model,0.1039661666789536,0.0,0.4158646667158145,4,0,0.0,0.0,0.0,0.0,0.0,0.0,0.1663458666863259,0.2911052667010702,0.3534849667084422,0.4033887267143399,0.1,1.0,0.001
BIOMD0000000892,model,0.1049224061211416,0.0,0.4196896244845664,4,0,0.0,0.0,0.0,0.0,0.0,0.0,0.1678758497938267,0.2937827371391965,0.3567361808118813,0.4070989357500293,0.2,1.0,0.001
BIOMD0000000892,model,0.1068233614043702,0.0,0.4272934456174808,4,0,0.0,0.0,0.0,0.0,0.0,0.0,0.1709173782469924,0.2991054119322366,0.3631994287748585,0.4144746422489562,0.5,1.0,0.001
BIOMD0000000893,model,0.0,0.0,0.0,3,0,0.0,0.0,0.0,0.0,0.0,0.0,0.0,0.0,0.0,0.0,-0.5,1.0,0.001
BIOMD0000000893,model,0.0,0.0,0.0,3,0,0.0,0.0,0.0,0.0,0.0,0.0,0.0,0.0,0.0,0.0,-0.2,1.0,0.001
BIOMD0000000893,model,0.0,0.0,0.0,3,0,0.0,0.0,0.0,0.0,0.0,0.0,0.0,0.0,0.0,0.0,-0.1,1.0,0.001
BIOMD0000000893,model,0.0,0.0,0.0,3,0,0.0,0.0,0.0,0.0,0.0,0.0,0.0,0.0,0.0,0.0,-0.05,1.0,0.001
BIOMD0000000893,model,0.0,0.0,0.0,3,0,0.0,0.0,0.0,0.0,0.0,0.0,0.0,0.0,0.0,0.0,0.0,1.0,0.001
BIOMD0000000893,model,0.0,0.0,0.0,3,0,0.0,0.0,0.0,0.0,0.0,0.0,0.0,0.0,0.0,0.0,0.05,1.0,0.001
BIOMD0000000893,model,0.0,0.0,0.0,3,0,0.0,0.0,0.0,0.0,0.0,0.0,0.0,0.0,0.0,0.0,0.1,1.0,0.001
BIOMD0000000893,model,0.0,0.0,0.0,3,0,0.0,0.0,0.0,0.0,0.0,0.0,0.0,0.0,0.0,0.0,0.2,1.0,0.001
BIOMD0000000893,model,0.0,0.0,0.0,3,0,0.0,0.0,0.0,0.0,0.0,0.0,0.0,0.0,0.0,0.0,0.5,1.0,0.001
BIOMD0000000894,model,0.37982638206145,0.0,0.5701702699176524,3,0,0.0569308876266697,0.1138617752533395,0.2277235505066791,0.2846544381333489,0.3415853257600186,0.5693088762666978,0.5698257124572705,0.5699979911874615,0.5700841305525569,0.5701530420446334,-0.5,1.0,0.001
BIOMD0000000894,model,0.3421974170200765,0.0,0.5176707075644773,3,0,0.0508921543495752,0.1017843086991504,0.2035686173983009,0.2544607717478761,0.3053529260974513,0.5089215434957522,0.5141710419369873,0.5159208747507323,0.5167957911576048,0.5174957242831028,-0.2,1.0,0.001
BIOMD0000000894,model,0.3354886787337712,0.0,0.5058798377559399,3,0,0.0500586198445373,0.1001172396890747,0.2002344793781494,0.2502930992226868,0.3003517190672242,0.5005861984453737,0.5037623820317134,0.5048211098938267,0.5053504738248833,0.5057739649697286,-0.1,1.0,0.001
BIOMD0000000894,model,0.3322827862206244,0.0,0.5018909272112502,3,0,0.0494957431450623,0.0989914862901246,0.1979829725802493,0.2474787157253116,0.2969744588703739,0.4949574314506232,0.4991175289069994,0.5005042280591248,0.5011975776351875,0.5017522572960377,-0.05,1.0,0.001
BIOMD0000000894,model,0.3309916021979587,0.0,0.4994587830177702,3,0,0.0493516023576105,0.0987032047152211,0.1974064094304423,0.2467580117880529,0.2961096141456635,0.4935160235761058,0.4970816792411044,0.4982702311294373,0.4988645070736038,0.4993399278289369,0.0,1.0,0.001
BIOMD0000000894,model,0.3288353331638189,0.0,0.4975550995602111,3,0,0.0488950899931245,0.0977901799862491,0.1955803599724982,0.2444754499656227,0.2933705399587473,0.4889508999312455,0.4941134197086249,0.495834259634418,0.4966946795973146,0.4973830155676318,0.05,1.0,0.001
BIOMD0000000894,model,0.3264599717437781,0.0,0.4938290122351338,3,0,0.04855509029962,0.09711018059924,0.1942203611984801,0.2427754514981002,0.2913305417977203,0.4855509029962004,0.4905177685395605,0.4921733903873471,0.4930012013112405,0.4936634500503551,0.1,1.0,0.001
BIOMD0000000894,model,0.3233478959254776,0.0,0.4885210929254908,3,0,0.0481522594850941,0.0963045189701883,0.1926090379403767,0.2407612974254709,0.2889135569105651,0.4815225948509418,0.4857216936956712,0.487121393310581,0.4878212431180359,0.4883811229639999,0.2,1.0,0.001
BIOMD0000000894,model,0.3195347488937538,0.0,0.4808717133371939,3,0,0.0477732533344067,0.0955465066688135,0.191093013337627,0.2388662666720337,0.2866395200064404,0.4777325333440674,0.4796160413399433,0.4802438773385686,0.4805577953378813,0.4808089297373314,0.5,1.0,0.001
BIOMD0000000895,model,0.0,0.0,0.0,9,0,0.0,0.0,0.0,0.0,0.0,0.0,0.0,0.0,0.0,0.0,-0.5,1.0,0.001
BIOMD0000000895,model,0.0,0.0,0.0,9,0,0.0,0.0,0.0,0.0,0.0,0.0,0.0,0.0,0.0,0.0,-0.2,1.0,0.001
BIOMD0000000895,model,0.0,0.0,0.0,9,0,0.0,0.0,0.0,0.0,0.0,0.0,0.0,0.0,0.0,0.0,-0.1,1.0,0.001
BIOMD0000000895,model,0.0,0.0,0.0,9,0,0.0,0.0,0.0,0.0,0.0,0.0,0.0,0.0,0.0,0.0,-0.05,1.0,0.001
BIOMD0000000895,model,0.0,0.0,0.0,9,0,0.0,0.0,0.0,0.0,0.0,0.0,0.0,0.0,0.0,0.0,0.0,1.0,0.001
BIOMD0000000895,model,0.0,0.0,0.0,9,0,0.0,0.0,0.0,0.0,0.0,0.0,0.0,0.0,0.0,0.0,0.05,1.0,0.001
BIOMD0000000895,model,0.0,0.0,0.0,9,0,0.0,0.0,0.0,0.0,0.0,0.0,0.0,0.0,0.0,0.0,0.1,1.0,0.001
BIOMD0000000895,model,0.0,0.0,0.0,9,0,0.0,0.0,0.0,0.0,0.0,0.0,0.0,0.0,0.0,0.0,0.2,1.0,0.001
BIOMD0000000895,model,0.0,0.0,0.0,9,0,0.0,0.0,0.0,0.0,0.0,0.0,0.0,0.0,0.0,0.0,0.5,1.0,0.001
BIOMD0000000896,model,0.0,0.0,0.0,9,0,0.0,0.0,0.0,0.0,0.0,0.0,0.0,0.0,0.0,0.0,-0.5,1.0,0.001
BIOMD0000000896,model,0.0,0.0,0.0,9,0,0.0,0.0,0.0,0.0,0.0,0.0,0.0,0.0,0.0,0.0,-0.2,1.0,0.001
BIOMD0000000896,model,0.0,0.0,0.0,9,0,0.0,0.0,0.0,0.0,0.0,0.0,0.0,0.0,0.0,0.0,-0.1,1.0,0.001
BIOMD0000000896,model,0.0,0.0,0.0,9,0,0.0,0.0,0.0,0.0,0.0,0.0,0.0,0.0,0.0,0.0,-0.05,1.0,0.001
BIOMD0000000896,model,0.0,0.0,0.0,9,0,0.0,0.0,0.0,0.0,0.0,0.0,0.0,0.0,0.0,0.0,0.0,1.0,0.001
BIOMD0000000896,model,0.0,0.0,0.0,9,0,0.0,0.0,0.0,0.0,0.0,0.0,0.0,0.0,0.0,0.0,0.05,1.0,0.001
BIOMD0000000896,model,0.0,0.0,0.0,9,0,0.0,0.0,0.0,0.0,0.0,0.0,0.0,0.0,0.0,0.0,0.1,1.0,0.001
BIOMD0000000896,model,0.0,0.0,0.0,9,0,0.0,0.0,0.0,0.0,0.0,0.0,0.0,0.0,0.0,0.0,0.2,1.0,0.001
BIOMD0000000896,model,0.0,0.0,0.0,9,0,0.0,0.0,0.0,0.0,0.0,0.0,0.0,0.0,0.0,0.0,0.5,1.0,0.001
BIOMD0000000897,model,0.7315279338328669,0.5965328724345397,0.8665229952311939,2,0,0.6100323785743724,0.6235318847142051,0.6505308969938706,0.6640304031337032,0.677529909273536,0.7315279338328669,0.8125249706718631,0.8395239829515285,0.8530234890913612,0.8638230940032273,-0.5,1.0,0.001
BIOMD0000000897,model,0.9744096250369256,0.9574048838247616,0.9914143662490896,2,0,0.9591053579459782,0.9608058320671944,0.9642067803096274,0.9659072544308438,0.96760772855206,0.9744096250369256,0.984612469764224,0.988013418006657,0.9897138921278732,0.9910742714248464,-0.2,1.0,0.001
BIOMD0000000897,model,0.9959237561103458,0.9933030069653134,0.9985445052553782,2,0,0.9935650818798166,0.99382715679432,0.9943513066233264,0.9946133815378296,0.9948754564523328,0.9959237561103458,0.9974962055973652,0.9980203554263716,0.9982824303408748,0.9984920902724777,-0.1,1.0,0.001
BIOMD0000000897,model,0.998555262754576,0.9975748618204175,0.9995356636887344,2,0,0.9976729019138336,0.9977709420072494,0.997967022194081,0.9980650622874968,0.9981631023809128,0.998555262754576,0.999143503315071,0.9993395835019026,0.9994376235953184,0.9995160556700512,-0.05,1.0,0.001
BIOMD0000000897,model,0.9966631586139508,0.9944630482109338,0.998863269016968,2,0,0.9946830592512356,0.9949030702915372,0.9953430923721406,0.9955631034124424,0.995783114452744,0.9966631586139508,0.9979832248557612,0.9984232469363644,0.9986432579766662,0.9988192668089076,0.0,1.0,0.001
BIOMD0000000897,model,0.9870116336260496,0.977983952927547,0.996039314324552,2,0,0.9788867209973972,0.9797894890672476,0.981595025206948,0.9824977932767982,0.9834005613466484,0.9870116336260496,0.992428242045151,0.9942337781848516,0.9951365462547016,0.995858760710582,0.05,1.0,0.001
BIOMD0000000897,model,0.967440195108751,0.944250879149974,0.9906295110675282,2,0,0.9465698107458516,0.9488887423417292,0.9535266055334848,0.9558455371293624,0.9581644687252402,0.967440195108751,0.9813537846840172,0.9859916478757728,0.9883105794716504,0.9901657247483526,0.1,1.0,0.001
BIOMD0000000897,model,0.8924052832193123,0.8141744179131668,0.9706361485254578,2,0,0.8219975044437814,0.8298205909743959,0.845466764035625,0.8532898505662395,0.8611129370968541,0.8924052832193123,0.9393438024029996,0.9549899754642288,0.9628130619948432,0.9690715312193348,0.2,1.0,0.001
BIOMD0000000897,model,0.4082936824344378,0.0,0.8165873648688757,2,0,0.0408293682434437,0.0816587364868875,0.1633174729737751,0.2041468412172189,0.2449762094606627,0.4082936824344378,0.6532698918951007,0.7349286283819881,0.7757579966254319,0.8084214912201869,0.5,1.0,0.001
BIOMD0000000898,model,0.0800817054177771,0.0,0.4004085270888858,5,0,0.0,0.0,0.0,0.0,0.0,0.0,0.0800817054177772,0.2402451162533315,0.3203268216711086,0.3843921860053304,-0.5,1.0,0.001
BIOMD0000000898,model,0.118369159137847,0.0,0.5918457956892351,5,0,0.0,0.0,0.0,0.0,0.0,0.0,0.1183691591378471,0.3551074774135411,0.473476636551388,0.5681719638616657,-0.2,1.0,0.001
BIOMD0000000898,model,0.0858713780706911,0.0,0.4293568903534558,5,0,0.0,0.0,0.0,0.0,0.0,0.0,0.0858713780706912,0.2576141342120735,0.3434855122827646,0.4121826147393175,-0.1,1.0,0.001
BIOMD0000000898,model,0.0678346826284096,0.0,0.3391734131420482,5,0,0.0,0.0,0.0,0.0,0.0,0.0,0.0678346826284096,0.2035040478852289,0.2713387305136385,0.3256064766163662,-0.05,1.0,0.001
BIOMD0000000898,model,0.051511229003425,0.0,0.2575561450171251,5,0,0.0,0.0,0.0,0.0,0.0,0.0,0.051511229003425,0.1545336870102751,0.2060449160137,0.2472538992164401,0.0,1.0,0.001
BIOMD0000000898,model,0.0418107961783261,0.0,0.1759826129727135,5,0,0.0,0.0,0.0,0.0,0.0,0.0,0.0616536169296764,0.1188181149511949,0.1474003639619542,0.1702661631705616,0.05,1.0,0.001
BIOMD0000000898,model,0.0687685398419709,0.0,0.2493949256728607,5,0,0.0,0.0,0.0,0.0,0.0,0.0,0.1254372039641672,0.1874160648185139,0.2184054952456873,0.243197039587426,0.1,1.0,0.001
BIOMD0000000898,model,0.0,0.0,0.0,5,0,0.0,0.0,0.0,0.0,0.0,0.0,0.0,0.0,0.0,0.0,0.2,1.0,0.001
BIOMD0000000898,model,0.0,0.0,0.0,5,0,0.0,0.0,0.0,0.0,0.0,0.0,0.0,0.0,0.0,0.0,0.5,1.0,0.001
BIOMD0000000899,model,0.5344616832982925,0.0,0.9997328923864348,10,2,0.0,0.0,0.0,0.0154767835625098,0.0433349939750274,0.7351082898467156,0.9661846214456552,0.9989002858212952,0.9993165891038652,0.9996496317299208,-0.5,1.0,0.001
BIOMD0000000899,model,0.6395429614099236,0.0,0.999732892386431,10,2,0.0,0.0,0.0311041577372058,0.2166601478786304,0.5366640591514519,0.8769519346285726,0.9420896692981522,0.9985560460313772,0.9991444692089042,0.9996152077509256,-0.2,1.0,0.001
BIOMD0000000899,model,0.6527815791628246,0.0,0.99973289238645,10,2,0.0,0.0,0.0276774811683476,0.2406836858112972,0.6116399876428497,0.8918007528658041,0.9529129317809292,0.9982257686510416,0.998979330518746,0.9995821800129092,-0.1,1.0,0.001
BIOMD0000000899,model,0.655842419176816,0.0,0.9997328923864288,10,2,0.0,0.0,0.0263045452202364,0.2386209615072748,0.6089534654748372,0.8886167837218217,0.9574984234465258,0.9981658475571936,0.9989493699718112,0.9995761879035054,-0.05,1.0,0.001
BIOMD0000000899,model,0.6582551101013214,0.0,1.0,10,2,0.0,0.0,0.0251085254011079,0.2278895511165977,0.5815965609739805,0.8917736656198927,0.998290182521647,0.9997596031478077,0.9998798015739038,0.9999759603147806,0.0,1.0,0.001
BIOMD0000000899,model,0.6505249194397031,0.0,0.99973289238643,10,2,0.0,0.0,0.024063003122211,0.2172138138929393,0.5540569218752552,0.8946607171717017,0.9653701487291036,0.9980574671690052,0.9988951797777176,0.9995653498646876,0.05,1.0,0.001
BIOMD0000000899,model,0.6431607473352987,0.0,0.9997328923864272,10,2,0.0,0.0,0.023135464423258,0.2066547505136817,0.5265785064859781,0.8973371311886059,0.968773233234008,0.9980083215898587,0.998870606988143,0.9995604353067704,0.1,1.0,0.001
BIOMD0000000899,model,0.6294036765571706,0.0,0.999732892386428,10,2,0.0,0.0,0.0215745126809679,0.1859583324014063,0.4721406771917597,0.8578176203387418,0.9747353672139892,0.9979188422772454,0.9988258673318366,0.9995514873755096,0.2,1.0,0.001
BIOMD0000000899,model,0.5824213513155867,0.0,0.9997328923864246,10,2,0.0,0.0,0.0184260228311885,0.12529265824931,0.3093608917278939,0.7626221652740925,0.9749406054633424,0.9977047084899971,0.9987188004382108,0.9995300739967818,0.5,1.0,0.001
BIOMD0000000900,model,0.0,0.0,0.0,3,0,0.0,0.0,0.0,0.0,0.0,0.0,0.0,0.0,0.0,0.0,-0.5,1.0,0.001
BIOMD0000000900,model,0.0,0.0,0.0,3,0,0.0,0.0,0.0,0.0,0.0,0.0,0.0,0.0,0.0,0.0,-0.2,1.0,0.001
BIOMD0000000900,model,0.0,0.0,0.0,3,0,0.0,0.0,0.0,0.0,0.0,0.0,0.0,0.0,0.0,0.0,-0.1,1.0,0.001
BIOMD0000000900,model,0.0,0.0,0.0,3,0,0.0,0.0,0.0,0.0,0.0,0.0,0.0,0.0,0.0,0.0,-0.05,1.0,0.001
BIOMD0000000900,model,0.0,0.0,0.0,3,0,0.0,0.0,0.0,0.0,0.0,0.0,0.0,0.0,0.0,0.0,0.0,1.0,0.001
BIOMD0000000900,model,0.0,0.0,0.0,3,0,0.0,0.0,0.0,0.0,0.0,0.0,0.0,0.0,0.0,0.0,0.05,1.0,0.001
BIOMD0000000900,model,0.0,0.0,0.0,3,0,0.0,0.0,0.0,0.0,0.0,0.0,0.0,0.0,0.0,0.0,0.1,1.0,0.001
BIOMD0000000900,model,0.0,0.0,0.0,3,0,0.0,0.0,0.0,0.0,0.0,0.0,0.0,0.0,0.0,0.0,0.2,1.0,0.001
BIOMD0000000900,model,0.0,0.0,0.0,3,0,0.0,0.0,0.0,0.0,0.0,0.0,0.0,0.0,0.0,0.0,0.5,1.0,0.001
BIOMD0000000902,model,0.0,0.0,0.0,3,1,0.0,0.0,0.0,0.0,0.0,0.0,0.0,0.0,0.0,0.0,-0.5,1.0,0.001
BIOMD0000000902,model,0.2024465271039015,0.0,0.6073395813117047,3,1,0.0,0.0,0.0,0.0,0.0,0.0,0.3644037487870228,0.4858716650493638,0.5466056231805342,0.5951927896854706,-0.2,1.0,0.001
BIOMD0000000902,model,0.25247465268953,0.0,0.7574239580685901,3,1,0.0,0.0,0.0,0.0,0.0,0.0,0.4544543748411541,0.6059391664548721,0.681681562261731,0.7422754789072182,-0.1,1.0,0.001
BIOMD0000000902,model,0.2733449418566012,0.0,0.8200348255698037,3,1,0.0,0.0,0.0,0.0,0.0,0.0,0.4920208953418822,0.6560278604558429,0.7380313430128232,0.8036341290584076,-0.05,1.0,0.001
BIOMD0000000902,model,0.2918779007897717,0.0,0.8756337023693154,3,1,0.0,0.0,0.0,0.0,0.0,0.0,0.5253802214215892,0.7005069618954524,0.7880703321323838,0.858121028321929,0.0,1.0,0.001
BIOMD0000000902,model,0.2987762356897588,0.0,0.8963287070692766,3,1,0.0,0.0,0.0,0.0,0.0,0.0,0.5377972242415661,0.7170629656554213,0.8066958363623489,0.878402132927891,0.05,1.0,0.001
BIOMD0000000902,model,0.2970294962553501,0.0,0.8910884887660504,3,1,0.0,0.0,0.0,0.0,0.0,0.0,0.5346530932596303,0.7128707910128403,0.8019796398894453,0.8732667189907294,0.1,1.0,0.001
BIOMD0000000902,model,0.2911093129763391,0.0,0.8733279389290174,3,1,0.0,0.0,0.0,0.0,0.0,0.0,0.5239967633574105,0.698662351143214,0.7859951450361156,0.855861380150437,0.2,1.0,0.001
BIOMD0000000902,model,0.2472936189756304,0.0,0.7418808569268914,3,1,0.0,0.0,0.0,0.0,0.0,0.0,0.4451285141561349,0.5935046855415131,0.6676927712342022,0.7270432397883536,0.5,1.0,0.001
BIOMD0000000903,model,0.0,0.0,0.0,5,0,0.0,0.0,0.0,0.0,0.0,0.0,0.0,0.0,0.0,0.0,-0.5,1.0,0.001
BIOMD0000000903,model,0.0,0.0,0.0,5,0,0.0,0.0,0.0,0.0,0.0,0.0,0.0,0.0,0.0,0.0,-0.2,1.0,0.001
BIOMD0000000903,model,0.0,0.0,0.0,5,0,0.0,0.0,0.0,0.0,0.0,0.0,0.0,0.0,0.0,0.0,-0.1,1.0,0.001
BIOMD0000000903,model,0.0,0.0,0.0,5,0,0.0,0.0,0.0,0.0,0.0,0.0,0.0,0.0,0.0,0.0,-0.05,1.0,0.001
BIOMD0000000903,model,0.0,0.0,0.0,5,0,0.0,0.0,0.0,0.0,0.0,0.0,0.0,0.0,0.0,0.0,0.0,1.0,0.001
BIOMD0000000903,model,0.0,0.0,0.0,5,0,0.0,0.0,0.0,0.0,0.0,0.0,0.0,0.0,0.0,0.0,0.05,1.0,0.001
BIOMD0000000903,model,0.0,0.0,0.0,5,0,0.0,0.0,0.0,0.0,0.0,0.0,0.0,0.0,0.0,0.0,0.1,1.0,0.001
BIOMD0000000903,model,0.0,0.0,0.0,5,0,0.0,0.0,0.0,0.0,0.0,0.0,0.0,0.0,0.0,0.0,0.2,1.0,0.001
BIOMD0000000903,model,0.0,0.0,0.0,5,0,0.0,0.0,0.0,0.0,0.0,0.0,0.0,0.0,0.0,0.0,0.5,1.0,0.001
BIOMD0000000904,model,0.7348183559134659,0.6305514927555762,0.9433501177865607,3,1,0.6305516891998446,0.630551885644113,0.63055227853265,0.6305524749769184,0.6305526714211868,0.6305534571982605,0.8182314535512407,0.8807907856689008,0.9120704517277308,0.9370941845747948,-0.5,1.0,0.001
BIOMD0000000904,model,0.7845711005378225,0.6889947289446092,0.9756495704636592,3,1,0.6890021562706682,0.6890095835967273,0.6890244382488453,0.6890318655749043,0.6890392929009632,0.6890690022051993,0.8610173431602752,0.9183334568119672,0.9469915136378132,0.96991795909849,-0.2,1.0,0.001
BIOMD0000000904,model,0.7867599578125412,0.6898905810638114,0.9804868031164518,3,1,0.6898917718831663,0.6898929627025212,0.6898953443412309,0.6898965351605858,0.6898977259799407,0.6899024892573602,0.8642530775728151,0.9223699403446336,0.9514283717305426,0.97467511683927,-0.1,1.0,0.001
BIOMD0000000904,model,0.7853291856975243,0.6896341256935237,0.9767056834224938,3,1,0.6896354879218268,0.68963685015013,0.6896395746067364,0.6896409368350396,0.6896422990633427,0.6896477479765555,0.8618825092441185,0.919294096333306,0.9479998898778998,0.970964524713575,-0.05,1.0,0.001
BIOMD0000000904,model,0.7815933837913104,0.6855812774986656,0.9735366110155688,3,1,0.6855893760347687,0.6855974745708718,0.6856136716430781,0.6856217701791811,0.6856298687152842,0.6856622628596967,0.85838687175322,0.9159617413843943,0.9447491761999816,0.9677791240524516,0.0,1.0,0.001
BIOMD0000000904,model,0.7702809736070058,0.6705475574001484,0.9697410554843,3,1,0.6705482324537905,0.6705489075074325,0.6705502576147165,0.6705509326683586,0.6705516077220007,0.6705543079365689,0.8500663564652076,0.9099037059747536,0.9398223807295268,0.9637573205333452,0.05,1.0,0.001
BIOMD0000000904,model,0.7255158873064796,0.6050124358602103,0.9665163546680752,3,1,0.6050130794133046,0.6050137229663989,0.6050150100725875,0.6050156536256819,0.6050162971787761,0.6050188713911534,0.8219173613573065,0.8942168580126909,0.930366606340383,0.9592864050025368,0.1,1.0,0.001
BIOMD0000000904,model,0.6282077976666163,0.4613525474418599,0.9619044771870487,3,1,0.4613539295347679,0.4613553116276759,0.461358075813492,0.4613594579064,0.461360839999308,0.46136636837094,0.7616892336606054,0.8617968554238271,0.911850666305438,0.9518937150107268,0.2,1.0,0.001
BIOMD0000000904,model,0.3192579784373884,0.0,0.9577739353121651,3,1,0.0,0.0,0.0,0.0,0.0,0.0,0.5746643611872992,0.7662191482497321,0.8619965417809485,0.9386184566059218,0.5,1.0,0.001
BIOMD0000000905,model,0.7226254048539055,0.0,0.9999748681795048,5,0,0.1536955489555514,0.3073910979111028,0.6147821958222056,0.768477744777757,0.786463473675435,0.858406389266147,0.989009391272796,0.9944921297261504,0.9972334989528276,0.9994265943341696,-0.5,1.0,0.001
BIOMD0000000905,model,0.9029204102896772,0.6193818419318163,0.9999801323370984,5,0,0.684617182740651,0.7498525235494855,0.8803232051671548,0.9455585459759892,0.9477727260849718,0.9566294465209014,0.9944376942134844,0.9972089132752914,0.998594522806195,0.9997030104309178,-0.2,1.0,0.001
BIOMD0000000905,model,0.7871999851099033,0.0182625072385579,0.9999805716967912,5,0,0.206187167264028,0.3941118272894982,0.7699611473404384,0.9578858073659086,0.9595035524636556,0.965974532854644,0.99511331945425,0.9975469455755206,0.998763758636156,0.999737209084664,-0.1,1.0,0.001
BIOMD0000000905,model,0.7841290984799769,0.0,0.999980453601144,5,0,0.1917895634505655,0.383579126901131,0.7671582538022621,0.9589478172528276,0.960747947004716,0.9679484660122694,0.9950110951471436,0.9974957743741438,0.998738113987644,0.999731985678444,-0.05,1.0,0.001
BIOMD0000000905,model,0.7840948613866768,0.0,0.999980372153419,5,0,0.1917861681671711,0.3835723363343423,0.7671446726686846,0.9589308408358556,0.9607081308348996,0.9678172908310748,0.9949927169211116,0.9974865445372652,0.998733458345342,0.9997309893918036,0.0,1.0,0.001
BIOMD0000000905,model,0.7840611790070107,0.0,0.9999802742396724,5,0,0.1917827728865945,0.3835655457731891,0.7671310915463782,0.9589138644329728,0.9606700567644832,0.9676948260905254,0.9949695990654408,0.9974749366525564,0.9987276054461144,0.9997297404809607,0.05,1.0,0.001
BIOMD0000000905,model,0.7840313381735573,0.0,0.9999801947442778,5,0,0.1917793776173527,0.3835587552347054,0.7671175104694109,0.9588968880867637,0.9606336549215893,0.967580722260892,0.9949551475695376,0.9974676711569078,0.9987239329505928,0.9997289423855408,0.1,1.0,0.001
BIOMD0000000905,model,0.7828328443641023,0.0,0.9999800377379288,5,0,0.1914031234637224,0.3828062469274448,0.7656124938548896,0.957015617318612,0.9583236248264598,0.9635556548578512,0.9948863370724812,0.997433187405205,0.9987066125715668,0.9997253527046563,0.2,1.0,0.001
BIOMD0000000905,model,0.7740375747422437,0.0,0.9999796015184088,5,0,0.1866388326067613,0.3732776652135226,0.7465553304270452,0.9331941630338064,0.936748632381235,0.9509665097709488,0.9888339998141252,0.9944068006662672,0.997193201092338,0.9994223214331948,0.5,1.0,0.001
BIOMD0000000906,model,0.5812212906867584,0.0,0.89334231959756,3,0,0.0850321552462715,0.170064310492543,0.3401286209850861,0.4251607762313577,0.5101929314776292,0.8503215524627153,0.8761340127436221,0.8847381661705911,0.8890402428840756,0.8924819042548632,-0.5,1.0,0.001
BIOMD0000000906,model,0.8173552745739056,0.6245060843017339,0.9403600757552676,3,0,0.6507754422380321,0.6770448001743302,0.7295835160469265,0.7558528739832246,0.7821222319195228,0.8871996636647154,0.9190959109190466,0.929727993337157,0.9350440345462122,0.9392968675134564,-0.2,1.0,0.001
BIOMD0000000906,model,0.8568618538135002,0.7347169422035894,0.944271935230962,3,0,0.7504049163838253,0.7660928905640613,0.7974688389245332,0.8131568131047692,0.8288447872850051,0.8915966840059489,0.9232018347409569,0.9337368849859594,0.9390044101084608,0.9432184302064618,-0.1,1.0,0.001
BIOMD0000000906,model,0.873550076766664,0.7795161034193385,0.946515615198548,3,0,0.7910263442456152,0.802536585071892,0.8255570667244454,0.837067307550722,0.8485775483769987,0.8946185116821056,0.925756773791971,0.9361361944952594,0.9413259048469036,0.9454776731282192,-0.05,1.0,0.001
BIOMD0000000906,model,0.8880060011686894,0.816008614825666,0.9493753459326788,3,0,0.8242711576178717,0.8325337004100776,0.849058785994489,0.8573213287866948,0.8655838715789006,0.8986340427477236,0.9290788246586968,0.9392270852956878,0.9443012156141832,0.9483605198689796,0.0,1.0,0.001
BIOMD0000000906,model,0.8962502505270834,0.8342966365835262,0.9524975145594066,3,0,0.8410626329690053,0.8478286293544846,0.8613606221254428,0.868126618510922,0.8748926148964012,0.901956600438318,0.9322811489109712,0.9423893317351888,0.9474434231472976,0.9514866962769848,0.05,1.0,0.001
BIOMD0000000906,model,0.896001708831764,0.8339918066172449,0.9551792656407014,3,0,0.840476031379255,0.846960256141265,0.8599287056652852,0.8664129304272953,0.8728971551893053,0.8988340542373456,0.9326411810793592,0.9439102233600304,0.949544744500366,0.9540523614126344,0.1,1.0,0.001
BIOMD0000000906,model,0.8952581611667149,0.8434281022548926,0.9499771095745644,3,0,0.8483222191964721,0.8532163361380516,0.8630045700212106,0.86789868696279,0.8727928039043694,0.8923692716706874,0.9269339744130136,0.9384555419937892,0.9442163257841768,0.9488249528164868,0.2,1.0,0.001
BIOMD0000000906,model,0.8851726105922134,0.85119090333022,0.9276307302650418,3,0,0.8537414328153358,0.8562919623004517,0.8613930212706833,0.8639435507557991,0.866494080240915,0.8766961981813783,0.9072569174315764,0.9174438238483092,0.9225372770566754,0.9266120396233686,0.5,1.0,0.001
BIOMD0000000907,model,0.2728566468995906,0.0,0.9995654240856512,14,11,0.0,0.0,0.0,0.0,0.0,0.0,0.6801367917692843,0.86919811876398,0.9457576057528584,0.9888038604190926,-0.5,0.36,0.001
BIOMD0000000907,model,0.4291410091852278,0.0,0.9995751769278772,14,11,0.0,0.0,0.0,0.0,0.0,0.4528419446086768,0.75,0.8620364093024067,0.9413851205627058,0.9879371656548428,-0.2,0.36,0.001
BIOMD0000000907,model,0.4574586708991598,0.0,0.9995793635174632,14,11,0.0,0.0,0.0,0.0,0.0,0.4519473786636293,0.888888888888889,0.9021208643270274,0.939917389344304,0.9876469686828312,-0.1,0.36,0.001
BIOMD0000000907,model,0.4692591615103073,0.0,0.999581630040561,14,11,0.0,0.0,0.0,0.0,0.0,0.4514895489851793,0.9473684210526314,0.9473684210526316,0.9656430441984069,0.99279391287213,-0.05,0.36,0.001
BIOMD0000000907,model,0.479801217031389,0.0,1.0,14,11,0.0,0.0,0.0,0.0,0.0,0.4510249172802664,0.9997504068356882,1.0,1.0,1.0,0.0,0.36,0.001
BIOMD0000000907,model,0.4688546736398708,0.0,0.999586507021388,14,11,0.0,0.0,0.0,0.0,0.0,0.4508586471481066,0.9523809523809524,0.9523809523809524,0.968902896505105,0.9934497849181312,0.05,0.36,0.001
BIOMD0000000907,model,0.4588312728825757,0.0,0.9995891163677182,14,11,0.0,0.0,0.0,0.0,0.0,0.4466813256774142,0.9090909090909092,0.9090909090909092,0.9407652816377924,0.9878243494217328,0.1,0.36,0.001
BIOMD0000000907,model,0.4410857716821694,0.0,0.9995946739688972,14,11,0.0,0.0,0.0,0.0,0.0,0.4382041797511984,0.8333333333333334,0.880696358937638,0.9355047549026348,0.9867766901556446,0.2,0.36,0.001
BIOMD0000000907,model,0.4007060072145256,0.0,0.9996140177507676,14,11,0.0,0.0,0.0,0.0,0.0,0.4119964808997718,0.6666666666666667,0.8259404244352957,0.9310953003312572,0.9859102742668656,0.5,0.36,0.001
BIOMD0000000908,model,0.0489709450303512,0.0,0.2938256701821075,6,1,0.0,0.0,0.0,0.0,0.0,0.0,0.0,0.1469128350910537,0.2203692526365806,0.2791343866730022,-0.5,1.0,0.001
BIOMD0000000908,model,0.1335992180898483,0.0,0.8015953085390902,6,1,0.0,0.0,0.0,0.0,0.0,0.0,0.0,0.4007976542695451,0.6011964814043177,0.7615155431121359,-0.2,1.0,0.001
BIOMD0000000908,model,0.1516251015625544,0.0,0.9097506093753264,6,1,0.0,0.0,0.0,0.0,0.0,0.0,0.0,0.4548753046876632,0.6823129570314949,0.8642630789065603,-0.1,1.0,0.001
BIOMD0000000908,model,0.1594706043534755,0.0,0.9568236261208534,6,1,0.0,0.0,0.0,0.0,0.0,0.0,0.0,0.4784118130604267,0.71761771959064,0.9089824448148108,-0.05,1.0,0.001
BIOMD0000000908,model,0.1666666666666666,0.0,1.0,6,1,0.0,0.0,0.0,0.0,0.0,0.0,0.0,0.5,0.75,0.9500000000000002,0.0,1.0,0.001
BIOMD0000000908,model,0.1600426100300918,0.0,0.9602556601805508,6,1,0.0,0.0,0.0,0.0,0.0,0.0,0.0,0.4801278300902754,0.7201917451354131,0.9122428771715234,0.05,1.0,0.001
BIOMD0000000908,model,0.1539249640954736,0.0,0.923549784572842,6,1,0.0,0.0,0.0,0.0,0.0,0.0,0.0,0.461774892286421,0.6926623384296315,0.8773722953442,0.1,1.0,0.001
BIOMD0000000908,model,0.1429931104557949,0.0,0.8579586627347697,6,1,0.0,0.0,0.0,0.0,0.0,0.0,0.0,0.4289793313673848,0.6434689970510773,0.8150607295980314,0.2,1.0,0.001
BIOMD0000000908,model,0.1178778263599815,0.0,0.7072669581598889,6,1,0.0,0.0,0.0,0.0,0.0,0.0,0.0,0.3536334790799444,0.5304502186199167,0.6719036102518946,0.5,1.0,0.001
BIOMD0000000909,model,0.924464240317664,0.9229883808695488,0.9254648762236484,3,1,0.9231834891685736,0.923378597467598,0.9237688140656471,0.9239639223646718,0.9241590306636964,0.9249394638597946,0.9252547112781068,0.9253597937508776,0.9254123349872628,0.9254543679763712,-0.5,1.0,0.001
BIOMD0000000909,model,0.9479046878581956,0.944660825425607,0.9509902496196851,3,1,0.9450010417359758,0.9453412580463444,0.946021690667082,0.9463619069774508,0.9467021232878194,0.9480629885292944,0.949819345183529,0.9504047974016072,0.9506975235106462,0.9509317043978774,-0.2,1.0,0.001
BIOMD0000000909,model,0.95434986446718,0.9511833180621608,0.9574840604789544,3,1,0.9515032077419874,0.9518230974218136,0.9524628767814663,0.9527827664612928,0.9531026561411192,0.9543822148604248,0.9562433222315424,0.9568636913552484,0.9571738759171016,0.9574220235665838,-0.1,1.0,0.001
BIOMD0000000909,model,0.957436316158088,0.9544133436129116,0.9604940360106154,3,1,0.954712166136694,0.9550109886604768,0.9556086337080418,0.9559074562318244,0.956206278755607,0.9574015688507374,0.9592570491466642,0.9598755425786398,0.9601847892946276,0.960432186667418,-0.05,1.0,0.001
BIOMD0000000909,model,0.9598957274427172,0.957290935755882,0.9620486943262656,3,1,0.9575965974048942,0.9579022590539064,0.9585135823519308,0.9588192440009428,0.9591249056499552,0.9603475522460038,0.9613682374941608,0.9617084659102132,0.9618785801182392,0.9620146714846602,0.0,1.0,0.001
BIOMD0000000909,model,0.9612991239059806,0.960144554952614,0.9631906861476044,3,1,0.960186312519125,0.960228070085636,0.960311585218658,0.9603533427851688,0.96039510035168,0.9605621306177238,0.9621392639356522,0.9626649750416284,0.9629278305946164,0.9631381150370067,0.05,1.0,0.001
BIOMD0000000909,model,0.9590009327865876,0.9499851107458956,0.9659476195922018,3,1,0.9510936064734729,0.9522021022010496,0.9544190936562038,0.9555275893837808,0.956636085111358,0.961070068021666,0.9639965989639876,0.9649721092780946,0.9654598644351482,0.965850068560791,0.1,1.0,0.001
BIOMD0000000909,model,0.9472427843584764,0.928650727447866,0.9615209903233084,3,1,0.930941318233505,0.9332319090191438,0.9378130905904214,0.9401036813760604,0.9423942721616992,0.9515566353042544,0.9575352483156868,0.9595281193194976,0.9605245548214028,0.9613217032229272,0.2,1.0,0.001
BIOMD0000000909,model,0.902757657573396,0.862014544754648,0.9291829845822848,3,1,0.8675206346175087,0.8730267244803694,0.884038904206091,0.8895449940689517,0.8950510839318124,0.9170754433832554,0.924339968102673,0.926761476342479,0.927972230462382,0.9289408337583044,0.5,1.0,0.001
BIOMD0000000910,model,0.0,0.0,0.0,3,0,0.0,0.0,0.0,0.0,0.0,0.0,0.0,0.0,0.0,0.0,-0.5,1.0,0.001
BIOMD0000000910,model,0.170492279190294,0.0,0.5114768375708821,3,0,0.0,0.0,0.0,0.0,0.0,0.0,0.3068861025425293,0.4091814700567057,0.4603291538137938,0.5012473008194644,-0.2,1.0,0.001
BIOMD0000000910,model,0.1789457739201272,0.0,0.5368373217603816,3,0,0.0,0.0,0.0,0.0,0.0,0.0,0.322102393056229,0.4294698574083053,0.4831535895843433,0.526100575325174,-0.1,1.0,0.001
BIOMD0000000910,model,0.1807705791167015,0.0,0.5423117373501046,3,0,0.0,0.0,0.0,0.0,0.0,0.0,0.3253870424100628,0.4338493898800837,0.4880805636150941,0.5314655026031025,-0.05,1.0,0.001
BIOMD0000000910,model,0.1822294562015303,0.0,0.5466883686045909,3,0,0.0,0.0,0.0,0.0,0.0,0.0,0.3280130211627546,0.4373506948836727,0.4920195317441317,0.5357546012324991,0.0,1.0,0.001
BIOMD0000000910,model,0.1834959135453033,0.0,0.5504877406359101,3,0,0.0,0.0,0.0,0.0,0.0,0.0,0.3302926443815461,0.4403901925087281,0.495438966572319,0.5394779858231918,0.05,1.0,0.001
BIOMD0000000910,model,0.1845630640225633,0.0,0.55368919206769,3,0,0.0,0.0,0.0,0.0,0.0,0.0,0.332213515240614,0.442951353654152,0.4983202728609209,0.5426154082263361,0.1,1.0,0.001
BIOMD0000000910,model,0.1840104232500686,0.0,0.5520312697502059,3,0,0.0,0.0,0.0,0.0,0.0,0.0,0.3312187618501235,0.4416250158001647,0.4968281427751853,0.5409906443552017,0.2,1.0,0.001
BIOMD0000000910,model,0.1793314421866486,0.0,0.5379943265599458,3,0,0.0,0.0,0.0,0.0,0.0,0.0,0.3227965959359675,0.4303954612479567,0.4841948939039512,0.5272344400287469,0.5,1.0,0.001
BIOMD0000000911,model,0.8398322199263881,0.6459606976806467,0.9780850631990812,3,0,0.6709097178025256,0.6958587379244047,0.7457567781681627,0.7707057982900416,0.7956548184119205,0.8954508988994365,0.9450313974792232,0.9615582303391522,0.9698216467691168,0.9764323799130884,-0.5,1.0,0.001
BIOMD0000000911,model,0.9345183437504196,0.9033002514397632,0.9860616863198082,3,0,0.9043895356449556,0.905478819850148,0.9076573882605328,0.9087466724657254,0.9098359566709178,0.9141930934916874,0.95731424918856,0.971687967754184,0.978874827036996,0.9846243144632456,-0.2,1.0,0.001
BIOMD0000000911,model,0.9520165306378652,0.9196413850868052,0.9879954234394102,3,0,0.9225185249168628,0.92539566474692,0.931149944407035,0.9340270842370926,0.93690422406715,0.9484127833873798,0.972162367418598,0.980078895429004,0.9840371594342072,0.9872037706383696,-0.1,1.0,0.001
BIOMD0000000911,model,0.95700584342044,0.927006070093224,0.9893442301198442,3,0,0.9297721860887268,0.9325383020842296,0.9380705340752352,0.940836650070738,0.9436027660662408,0.9546672300482516,0.9754734300912072,0.9824088301055256,0.985876530112685,0.9886506901184124,-0.05,1.0,0.001
BIOMD0000000911,model,0.9622079764845246,0.9356636429869634,0.9909484690122242,3,0,0.9380984604337056,0.940533277880448,0.9454029127739324,0.9478377302206747,0.9502725476674172,0.9600118174543862,0.978573808389089,0.9847611387006566,0.9878548038564404,0.9903297359810674,0.0,1.0,0.001
BIOMD0000000911,model,0.9604970810379418,0.9448542552927868,0.9914303103743098,3,0,0.9448894975081812,0.9449247397235752,0.9449952241543635,0.9450304663697576,0.945065708585152,0.9452066774467286,0.9729408572032774,0.9821855837887936,0.9868079470815516,0.9905058377157582,0.05,1.0,0.001
BIOMD0000000911,model,0.9445951497042956,0.9065829685722288,0.9857785625459784,3,0,0.910067063514474,0.9135511584567192,0.9205193483412092,0.9240034432834544,0.9274875382256996,0.94142391799468,0.968036704725459,0.9769076336357186,0.9813430980908484,0.9848914696549524,0.1,1.0,0.001
BIOMD0000000911,model,0.9025255467779576,0.8464537983816132,0.9739842596312788,3,0,0.8505222767755499,0.8545907551694867,0.8627277119573602,0.8667961903512968,0.8708646687452336,0.8871385823209806,0.9392459887071596,0.956615124169219,0.9652996919002488,0.9722473460850728,0.2,1.0,0.001
BIOMD0000000911,model,0.771610566164142,0.6858784796386703,0.9413045791886216,3,0,0.6860554956413167,0.686232511643963,0.6865865436492559,0.6867635596519022,0.6869405756545486,0.6876486396651341,0.8398422033792267,0.8905733912839242,0.9159389852362728,0.936231460398152,0.5,1.0,0.001
BIOMD0000000912,model,0.0,0.0,0.0,3,0,0.0,0.0,0.0,0.0,0.0,0.0,0.0,0.0,0.0,0.0,-0.5,1.0,0.001
BIOMD0000000912,model,0.0,0.0,0.0,3,0,0.0,0.0,0.0,0.0,0.0,0.0,0.0,0.0,0.0,0.0,-0.2,1.0,0.001
BIOMD0000000912,model,0.0,0.0,0.0,3,0,0.0,0.0,0.0,0.0,0.0,0.0,0.0,0.0,0.0,0.0,-0.1,1.0,0.001
BIOMD0000000912,model,0.0,0.0,0.0,3,0,0.0,0.0,0.0,0.0,0.0,0.0,0.0,0.0,0.0,0.0,-0.05,1.0,0.001
BIOMD0000000912,model,0.0,0.0,0.0,3,0,0.0,0.0,0.0,0.0,0.0,0.0,0.0,0.0,0.0,0.0,0.0,1.0,0.001
BIOMD0000000912,model,0.0,0.0,0.0,3,0,0.0,0.0,0.0,0.0,0.0,0.0,0.0,0.0,0.0,0.0,0.05,1.0,0.001
BIOMD0000000912,model,0.0,0.0,0.0,3,0,0.0,0.0,0.0,0.0,0.0,0.0,0.0,0.0,0.0,0.0,0.1,1.0,0.001
BIOMD0000000912,model,0.0,0.0,0.0,3,0,0.0,0.0,0.0,0.0,0.0,0.0,0.0,0.0,0.0,0.0,0.2,1.0,0.001
BIOMD0000000912,model,0.0,0.0,0.0,3,0,0.0,0.0,0.0,0.0,0.0,0.0,0.0,0.0,0.0,0.0,0.5,1.0,0.001
BIOMD0000000913,model,0.2960925097915323,0.0,0.9501301251297408,5,1,0.018064157073357,0.036128314146714,0.0722566282934281,0.0903207853667851,0.1105803985624388,0.1916188513450535,0.3887402547188138,0.6694351899242774,0.8097826575270091,0.9220606316091946,-0.5,1.0,0.001
BIOMD0000000913,model,0.3054185250598564,0.0,0.9870763299375704,5,1,0.0185240318134859,0.0370480636269719,0.0740961272539439,0.0926201590674299,0.1126344510908719,0.1926916191846399,0.4011788796752277,0.6941276048063991,0.8406019673719846,0.9577814574244532,-0.2,1.0,0.001
BIOMD0000000913,model,0.3071597273878456,0.0,0.9942358250219652,5,1,0.0186040540753458,0.0372081081506916,0.0744162163013833,0.0930202703767291,0.1129150939139698,0.1924943880629323,0.4036856877864742,0.6989607564042196,0.8465982907130922,0.9647083181601904,-0.1,1.0,0.001
BIOMD0000000913,model,0.3078745707852557,0.0,0.997281515838136,5,1,0.0186366593446466,0.0372733186892932,0.0745466373785865,0.0931832967232331,0.1130146531083963,0.1923400786490491,0.4047106733403156,0.7009960945892258,0.8491388052136808,0.967652973713245,-0.05,1.0,0.001
BIOMD0000000913,model,0.3085066954309431,0.0,0.9999613639965804,5,1,0.0186653546367102,0.0373307092734204,0.0746614185468409,0.0933267731835511,0.1130927442198081,0.1921566283648359,0.4056632420871147,0.7028123030418476,0.8513868335192137,0.970246457901107,0.0,1.0,0.001
BIOMD0000000913,model,0.3080746444296623,0.0,0.9974536575965656,5,1,0.0186907386404632,0.0373814772809265,0.0747629545618531,0.0934536932023163,0.1131526956050174,0.1919487052158215,0.4055044644261996,0.7014790610113826,0.849466359303974,0.9678561979380472,0.05,1.0,0.001
BIOMD0000000913,model,0.3076699945713357,0.0,0.9951629859057968,5,1,0.0187133041542536,0.0374266083085072,0.0748532166170146,0.0935665207712682,0.1131972460445315,0.1917201471375847,0.4053528524147826,0.7002579191602896,0.847710452533043,0.965672479231246,0.1,1.0,0.001
BIOMD0000000913,model,0.3069292117817567,0.0,0.9911290214249346,5,1,0.0187515465054421,0.0375030930108843,0.0750061860217686,0.0937577325272108,0.1132488490424018,0.1912133151031657,0.4050625961677649,0.6980958087963498,0.844612415110642,0.961825700162076,0.2,1.0,0.001
BIOMD0000000913,model,0.3051071620309719,0.0,0.9821392741145456,5,1,0.0188297691038334,0.0376595382076669,0.0753190764153339,0.0941488455191673,0.1132067856041372,0.1894385459440167,0.4042751704846129,0.6932072222995793,0.8376732482070623,0.9532460689330492,0.5,1.0,0.001
BIOMD0000000914,model,0.6639585328538206,0.1300912048450929,0.999900532211094,5,0,0.1420739181638592,0.1540566314826256,0.1780220581201583,0.1900047714389246,0.3519833868941779,0.9998978487151914,0.9998987520892586,0.9998996421501762,0.999900087180635,0.9999004432050022,-0.5,1.0,0.001
BIOMD0000000914,model,0.8650988592029135,0.6508723268852075,0.9999001413684032,5,0,0.6556851976603753,0.660498068435543,0.6701238099858785,0.6749366807610463,0.7399269844537463,0.999888199224546,0.999897586493972,0.9998988639311877,0.9998995026497954,0.9999000136246816,-0.2,1.0,0.001
BIOMD0000000914,model,0.9321584097522276,0.8252406973527834,0.9998997333010016,5,0,0.8273665904890726,0.8294924836253619,0.8337442698979404,0.8358701630342296,0.8686731365492626,0.9998850306093948,0.999897086231184,0.9998984097660928,0.9998990715335472,0.9998996009475106,-0.1,1.0,0.001
BIOMD0000000914,model,0.9655928148622396,0.9111763351136304,0.9998992058788572,5,0,0.9123634522089746,0.9135505693043188,0.9159248034950072,0.9171119205903512,0.933665742120774,0.9998810282424644,0.9998963087644872,0.9998977573216722,0.9998984816002648,0.9998990610231387,-0.05,1.0,0.001
BIOMD0000000914,model,0.9946758703609864,0.986806671365185,0.999899023749831,5,0,0.986825169573406,0.9868436677816268,0.9868806641980687,0.9868991624062896,0.9894951748961024,0.999879224855353,0.9998960202925844,0.9998975220212076,0.9998982728855194,0.9998988735769686,0.0,1.0,0.001
BIOMD0000000914,model,0.9654414794851344,0.910568493410832,0.9998992873193636,5,0,0.9118472376928436,0.9131259819748554,0.9156834705388788,0.9169622148208906,0.9335460726499262,0.9998815039660685,0.999896575790686,0.9998979315550248,0.9998986094371944,0.99989915174293,0.05,1.0,0.001
BIOMD0000000914,model,0.9316678859195848,0.8229059205661288,0.999899145233766,5,0,0.825476397554883,0.8280468745436373,0.8331878285211459,0.8357583055099002,0.8685827128435559,0.9998803421781792,0.9998964019347132,0.9998977735842396,0.9998984594090028,0.9998990080688134,0.1,1.0,0.001
BIOMD0000000914,model,0.8641173203816669,0.649263326027278,0.999898730191256,5,0,0.653741613906073,0.658219901784868,0.6671764775424579,0.6716547654212529,0.7372987991501935,0.9998749340659558,0.9998956230003246,0.9998971765957904,0.9998979533935232,0.9998985748317096,0.2,1.0,0.001
BIOMD0000000914,model,0.6591942718886824,0.1200744631878456,0.999898175627426,5,0,0.1313073263092428,0.1425401894306401,0.1650059156734347,0.176238778794832,0.3409643193057818,0.9998664813495816,0.9998944035124666,0.9998962895699464,0.9998972325986862,0.999897987021678,0.5,1.0,0.001
BIOMD0000000915,model,0.9999909987432404,0.9999909987432404,0.9999909987432404,1,8,0.9999909987432404,0.9999909987432404,0.9999909987432404,0.9999909987432404,0.9999909987432404,0.9999909987432404,0.9999909987432404,0.9999909987432404,0.9999909987432404,0.9999909987432404,-0.5,1.0,0.001
BIOMD0000000915,model,0.999990998743489,0.999990998743489,0.999990998743489,1,8,0.999990998743489,0.999990998743489,0.999990998743489,0.999990998743489,0.999990998743489,0.999990998743489,0.999990998743489,0.999990998743489,0.999990998743489,0.999990998743489,-0.2,1.0,0.001
BIOMD0000000915,model,0.9999909987439808,0.9999909987439808,0.9999909987439808,1,8,0.9999909987439808,0.9999909987439808,0.9999909987439808,0.9999909987439808,0.9999909987439808,0.9999909987439808,0.9999909987439808,0.9999909987439808,0.9999909987439808,0.9999909987439808,-0.1,1.0,0.001
BIOMD0000000915,model,0.9999909987435702,0.9999909987435702,0.9999909987435702,1,8,0.9999909987435702,0.9999909987435702,0.9999909987435702,0.9999909987435702,0.9999909987435702,0.9999909987435702,0.9999909987435702,0.9999909987435702,0.9999909987435702,0.9999909987435702,-0.05,1.0,0.001
BIOMD0000000915,model,0.999990998743594,0.999990998743594,0.999990998743594,1,8,0.999990998743594,0.999990998743594,0.999990998743594,0.999990998743594,0.999990998743594,0.999990998743594,0.999990998743594,0.999990998743594,0.999990998743594,0.999990998743594,0.0,1.0,0.001
BIOMD0000000915,model,0.9999909987436152,0.9999909987436152,0.9999909987436152,1,8,0.9999909987436152,0.9999909987436152,0.9999909987436152,0.9999909987436152,0.9999909987436152,0.9999909987436152,0.9999909987436152,0.9999909987436152,0.9999909987436152,0.9999909987436152,0.05,1.0,0.001
BIOMD0000000915,model,0.9999909987436364,0.9999909987436364,0.9999909987436364,1,8,0.9999909987436364,0.9999909987436364,0.9999909987436364,0.9999909987436364,0.9999909987436364,0.9999909987436364,0.9999909987436364,0.9999909987436364,0.9999909987436364,0.9999909987436364,0.1,1.0,0.001
BIOMD0000000915,model,0.9999909987436738,0.9999909987436738,0.9999909987436738,1,8,0.9999909987436738,0.9999909987436738,0.9999909987436738,0.9999909987436738,0.9999909987436738,0.9999909987436738,0.9999909987436738,0.9999909987436738,0.9999909987436738,0.9999909987436738,0.2,1.0,0.001
BIOMD0000000915,model,0.9999909987437652,0.9999909987437652,0.9999909987437652,1,8,0.9999909987437652,0.9999909987437652,0.9999909987437652,0.9999909987437652,0.9999909987437652,0.9999909987437652,0.9999909987437652,0.9999909987437652,0.9999909987437652,0.9999909987437652,0.5,1.0,0.001
BIOMD0000000916,model,0.7648649390708123,0.1481502892779618,0.9684746799337528,5,0,0.2795371868064187,0.4109240843348756,0.6736978793917895,0.8050847769202464,0.8336543157355109,0.947932470996569,0.957440918567176,0.9629577992504644,0.9657162395921086,0.967922991865424,-0.5,1.0,0.001
BIOMD0000000916,model,0.9073142899792432,0.6617535420323739,0.9921006710620958,5,0,0.7131012682218473,0.7644489944113207,0.8671444467902676,0.918492172979741,0.9299663349201106,0.9758629826815894,0.9891097991247522,0.990605235093424,0.9913529530777598,0.9919511274652286,-0.2,1.0,0.001
BIOMD0000000916,model,0.9526434076752146,0.8309630417435986,0.9964844195472032,5,0,0.8554371606544454,0.8799112795652922,0.928859517386986,0.9533336362978329,0.9601947325435692,0.9876391175265145,0.9951343425181798,0.9958093810326916,0.9961469002899472,0.996416915695752,-0.1,1.0,0.001
BIOMD0000000916,model,0.9752555627752466,0.915206574316944,0.9983301651045744,5,0,0.9264523946554742,0.9376982149940049,0.9601898556710656,0.971435676009596,0.9759033264363092,0.9937739281431625,0.9976912092624796,0.9980106871835268,0.9981704261440506,0.9982982173124696,-0.05,1.0,0.001
BIOMD0000000916,model,0.9979847573781592,0.9908077979098604,0.9999905808972414,5,0,0.9924819387381072,0.9941560795663542,0.997504361222848,0.9991785020510948,0.9993349609849028,0.9999607967201352,0.9999870036294196,0.9999887922633304,0.999989686580286,0.9999904020338504,0.0,1.0,0.001
BIOMD0000000916,model,0.9795594715782778,0.9168920883368532,0.9985056836368644,5,0,0.9316992270671668,0.9465063657974808,0.9761206432581084,0.9909277819884222,0.9914885182152858,0.9937314631227404,0.9978934093725804,0.9981995465047224,0.9983526150707936,0.9984750699236504,0.05,1.0,0.001
BIOMD0000000916,model,0.9574281446066316,0.8331659406702359,0.9971368444254576,5,0,0.861288630276848,0.88941131988346,0.9456566990966842,0.9737793887032964,0.9764996050830116,0.987380470601872,0.9959698317909288,0.9965533381081932,0.9968450912668252,0.997078493793731,0.1,1.0,0.001
BIOMD0000000916,model,0.9137236104437644,0.6678364534654772,0.9947439374397488,5,0,0.722151942207402,0.7764674309493268,0.8850984084331764,0.9394138971751012,0.9464451336450572,0.9745700795248812,0.9925917351788404,0.9936678363092946,0.9942058868745216,0.9946363273267034,0.2,1.0,0.001
BIOMD0000000916,model,0.7850099853650139,0.1803830806673419,0.9894794998727028,5,0,0.3114602809344781,0.4425374812016142,0.7046918817358865,0.8357690820030226,0.8557079766882243,0.935463555429031,0.985059667056917,0.98726958346481,0.9883745416687564,0.9892585082319136,0.5,1.0,0.001
BIOMD0000000917,model,0.1589945046885117,0.0,0.4769835140655351,3,0,0.0,0.0,0.0,0.0,0.0,0.0,0.2861901084393211,0.3815868112524281,0.4292851626589815,0.4674438437842244,-0.5,1.0,0.001
BIOMD0000000917,model,0.239686667099276,0.0,0.719060001297828,3,0,0.0,0.0,0.0,0.0,0.0,0.0,0.4314360007786968,0.5752480010382625,0.6471540011680451,0.7046788012718714,-0.2,1.0,0.001
BIOMD0000000917,model,0.2574032975899834,0.0,0.7722098927699502,3,0,0.0,0.0,0.0,0.0,0.0,0.0,0.4633259356619702,0.6177679142159602,0.6949889034929552,0.7567656949145513,-0.1,1.0,0.001
BIOMD0000000917,model,0.2607816168551539,0.0,0.7823448505654619,3,0,0.0,0.0,0.0,0.0,0.0,0.0,0.4694069103392772,0.6258758804523695,0.7041103655089156,0.7666979535541526,-0.05,1.0,0.001
BIOMD0000000917,model,0.2616703553394547,0.0,0.7850110660183641,3,0,0.0,0.0,0.0,0.0,0.0,0.0,0.4710066396110185,0.6280088528146913,0.7065099594165276,0.7693108446979968,0.0,1.0,0.001
BIOMD0000000917,model,0.2610185651548641,0.0,0.7830556954645925,3,0,0.0,0.0,0.0,0.0,0.0,0.0,0.4698334172787556,0.6264445563716741,0.7047501259181332,0.7673945815553007,0.05,1.0,0.001
BIOMD0000000917,model,0.2591811556765044,0.0,0.7775434670295132,3,0,0.0,0.0,0.0,0.0,0.0,0.0,0.466526080217708,0.6220347736236106,0.6997891203265618,0.7619925976889229,0.1,1.0,0.001
BIOMD0000000917,model,0.2542196695018106,0.0,0.7626590085054318,3,0,0.0,0.0,0.0,0.0,0.0,0.0,0.4575954051032591,0.6101272068043455,0.6863931076548886,0.7474058283353231,0.2,1.0,0.001
BIOMD0000000917,model,0.1885968962622591,0.0,0.5657906887867775,3,0,0.0,0.0,0.0,0.0,0.0,0.0,0.3394744132720665,0.452632551029422,0.5092116199080997,0.554474875011042,0.5,1.0,0.001
BIOMD0000000918,model,0.0,0.0,0.0,7,1,0.0,0.0,0.0,0.0,0.0,0.0,0.0,0.0,0.0,0.0,-0.5,1.0,0.001
BIOMD0000000918,model,0.0767581437710534,0.0,0.5373070063973743,7,1,0.0,0.0,0.0,0.0,0.0,0.0,0.0,0.2149228025589499,0.3761149044781616,0.5050685860135316,-0.2,1.0,0.001
BIOMD0000000918,model,0.1121682227555833,0.0,0.7851775592890836,7,1,0.0,0.0,0.0,0.0,0.0,0.0,0.0,0.3140710237156337,0.5496242915023579,0.7380669057317382,-0.1,1.0,0.001
BIOMD0000000918,model,0.1277610729474407,0.0,0.8943275106320852,7,1,0.0,0.0,0.0,0.0,0.0,0.0,0.0,0.3577310042528344,0.626029257442459,0.8406678599941596,-0.05,1.0,0.001
BIOMD0000000918,model,0.1316682655745834,0.0,0.921677859022084,7,1,0.0,0.0,0.0,0.0,0.0,0.0,0.0,0.3686711436088338,0.6451745013154581,0.8663771874807584,0.0,1.0,0.001
BIOMD0000000918,model,0.1191453170304546,0.0,0.8340172192131827,7,1,0.0,0.0,0.0,0.0,0.0,0.0,0.0,0.3336068876852734,0.5838120534492273,0.7839761860603913,0.05,1.0,0.001
BIOMD0000000918,model,0.1016474428626844,0.0,0.7115321000387912,7,1,0.0,0.0,0.0,0.0,0.0,0.0,0.0,0.2846128400155167,0.4980724700271533,0.6688401740364633,0.1,1.0,0.001
BIOMD0000000918,model,0.0661900504453889,0.0,0.4633303531177224,7,1,0.0,0.0,0.0,0.0,0.0,0.0,0.0,0.1853321412470891,0.3243312471824054,0.4355305319306589,0.2,1.0,0.001
BIOMD0000000918,model,0.0,0.0,0.0,5,3,0.0,0.0,0.0,0.0,0.0,0.0,0.0,0.0,0.0,0.0,0.5,1.0,0.001
BIOMD0000000920,model,0.7040690576653706,0.2068719692760493,0.9433312947234022,4,0,0.2916490649056554,0.3764261605352615,0.5459803517944737,0.6307574474240798,0.7155345430536858,0.8330364833310155,0.9137447338025256,0.928538014262964,0.935934654493183,0.9418519666773584,-0.5,1.0,0.001
BIOMD0000000920,model,0.848799208433357,0.5626093468728314,0.9689723078621744,4,0,0.6138263792947533,0.6650434117166752,0.767477476560519,0.8186945089824409,0.8699115414043628,0.931807589499211,0.9633242927325366,0.9661483002973554,0.9675603040797648,0.9686899071056924,-0.2,1.0,0.001
BIOMD0000000920,model,0.917778658643534,0.7858350239811946,0.98575943160179,4,0,0.8085834496978495,0.8313318754145043,0.8768287268478139,0.8995771525644686,0.9223255782811234,0.9497600894955756,0.9715211627800708,0.9786402971909304,0.9821998643963604,0.985047518160704,-0.1,1.0,0.001
BIOMD0000000920,model,0.951454184433904,0.896483804680396,0.9937925544838332,4,0,0.9048965548886712,0.9133093050969462,0.9301348055134964,0.9385475557217716,0.9469603059300464,0.9577701892856932,0.9752999652950272,0.98454625988943,0.9891694071866316,0.9928679250243928,-0.05,1.0,0.001
BIOMD0000000920,model,0.9623691593122264,0.93271690780558,0.997055301728128,4,0,0.9361829329899152,0.9396489581742502,0.9465810085429204,0.9500470337272552,0.9535130589115904,0.9598522138575988,0.9771505318996816,0.9871029168139048,0.9920791092710164,0.9960600632367056,0.0,1.0,0.001
BIOMD0000000920,model,0.9421763963262116,0.8635295421224907,0.994997921389564,4,0,0.8758253802344391,0.8881212183463877,0.9127128945702846,0.9250087326822332,0.9373045707941816,0.9550890608963956,0.976804963910212,0.985901442649888,0.990449682019726,0.9940882735155964,0.05,1.0,0.001
BIOMD0000000920,model,0.9136243141886016,0.756603477260069,0.9911805105319766,4,0,0.7843092691739636,0.8120150610878581,0.8674266449156472,0.8951324368295418,0.9228382287434364,0.95335663448118,0.9757149115785873,0.983447711055282,0.9873141107936292,0.9904072305843072,0.1,1.0,0.001
BIOMD0000000920,model,0.848302506440761,0.5582370942981406,0.98246950270946,4,0,0.6077260940906358,0.6572150938831309,0.7561930934681214,0.8056820932606165,0.8551710930531117,0.9262517143777216,0.971591602588185,0.9770305526488224,0.9797500276791412,0.9819256077033962,0.2,1.0,0.001
BIOMD0000000920,model,0.6499824984148191,0.0,0.9657783350046464,4,0,0.1037046445167039,0.2074092890334078,0.4148185780668157,0.5185232225835196,0.6222278671002235,0.817075829327315,0.951983751127821,0.9588810430662336,0.96232968903544,0.9650886058108052,0.5,1.0,0.001
BIOMD0000000921,model,0.5815547519715756,0.0,0.9965842673947342,5,0,0.0,0.0,0.0,0.0,0.1831897644474705,0.915948822237353,0.9955093896595792,0.9960468285271566,0.9963155479609452,0.9965305235079764,-0.5,1.0,0.001
BIOMD0000000921,model,0.5954282345092516,0.0,0.9978600041974348,5,0,0.0,0.0,0.0,0.0,0.1964495571801875,0.9822477859009378,0.9971987067977954,0.9975293554976152,0.997694679847525,0.9978269393274528,-0.2,1.0,0.001
BIOMD0000000921,model,0.5974488084117054,0.0,0.9982842679162722,5,0,0.0,0.0,0.0,0.0,0.1983193621581628,0.9915968107908144,0.997547224264407,0.9979157460903396,0.998100007003306,0.9982474157336788,-0.1,1.0,0.001
BIOMD0000000921,model,0.5981985136406331,0.0,0.9984962524241804,5,0,0.0,0.0,0.0,0.0,0.1990026074778131,0.995013037389066,0.9976858731967716,0.998091062810476,0.998293657617328,0.99845573346281,-0.05,1.0,0.001
BIOMD0000000921,model,0.5988253165099445,0.0,0.9987083063063216,5,0,0.0,0.0,0.0,0.0,0.199532019642625,0.9976600982131252,0.997948203685485,0.9983282549959032,0.9985182806511124,0.9986703011752796,0.0,1.0,0.001
BIOMD0000000921,model,0.5991752892639577,0.0,0.9992654035413858,5,0,0.0,0.0,0.0,0.0,0.1995381565331178,0.9976907826655896,0.9989892887985272,0.9991273461699566,0.9991963748556713,0.9992515978042428,0.05,1.0,0.001
BIOMD0000000921,model,0.5989687160636586,0.0,0.9991320346812136,5,0,0.0,0.0,0.0,0.0,0.1995663951629741,0.9978319758148706,0.9981300627940098,0.9986310487376118,0.9988815417094128,0.9990819360868534,0.1,1.0,0.001
BIOMD0000000921,model,0.5986404381282527,0.0,0.9995555601469494,5,0,0.0,0.0,0.0,0.0,0.1991293333930287,0.9956466669651438,0.9983110828527264,0.9989333214998378,0.9992444408233936,0.9994933362822382,0.2,1.0,0.001
BIOMD0000000921,model,0.5981266730469319,0.0,0.9983883169648996,5,0,0.0,0.0,0.0,0.0,0.1987953650029083,0.9939768250145417,0.9982922419971544,0.998340279481027,0.9983642982229632,0.9983835132165124,0.5,1.0,0.001
BIOMD0000000924,model,0.0,0.0,0.0,6,0,0.0,0.0,0.0,0.0,0.0,0.0,0.0,0.0,0.0,0.0,-0.5,0.0,0.001
BIOMD0000000924,model,0.0,0.0,0.0,6,0,0.0,0.0,0.0,0.0,0.0,0.0,0.0,0.0,0.0,0.0,-0.2,0.0,0.001
BIOMD0000000924,model,0.0,0.0,0.0,6,0,0.0,0.0,0.0,0.0,0.0,0.0,0.0,0.0,0.0,0.0,-0.1,0.0,0.001
BIOMD0000000924,model,0.0,0.0,0.0,6,0,0.0,0.0,0.0,0.0,0.0,0.0,0.0,0.0,0.0,0.0,-0.05,0.0,0.001
BIOMD0000000924,model,0.0,0.0,0.0,6,0,0.0,0.0,0.0,0.0,0.0,0.0,0.0,0.0,0.0,0.0,0.0,0.0,0.001
BIOMD0000000924,model,0.0,0.0,0.0,6,0,0.0,0.0,0.0,0.0,0.0,0.0,0.0,0.0,0.0,0.0,0.05,0.0,0.001
BIOMD0000000924,model,0.0,0.0,0.0,6,0,0.0,0.0,0.0,0.0,0.0,0.0,0.0,0.0,0.0,0.0,0.1,0.0,0.001
BIOMD0000000924,model,0.0,0.0,0.0,6,0,0.0,0.0,0.0,0.0,0.0,0.0,0.0,0.0,0.0,0.0,0.2,0.0,0.001
BIOMD0000000924,model,0.0,0.0,0.0,6,0,0.0,0.0,0.0,0.0,0.0,0.0,0.0,0.0,0.0,0.0,0.5,0.0,0.001
BIOMD0000000925,model,0.15,0.0,1.0,14,0,0.0,0.0,0.0,0.0,0.0,0.0,0.04,0.7300000000000009,1.0,1.0,-0.5,0.0,0.001
BIOMD0000000925,model,0.15,0.0,1.0,14,0,0.0,0.0,0.0,0.0,0.0,0.0,0.04,0.7300000000000009,1.0,1.0,-0.2,0.0,0.001
BIOMD0000000925,model,0.15,0.0,1.0,14,0,0.0,0.0,0.0,0.0,0.0,0.0,0.04,0.7300000000000009,1.0,1.0,-0.1,0.0,0.001
BIOMD0000000925,model,0.15,0.0,1.0,14,0,0.0,0.0,0.0,0.0,0.0,0.0,0.04,0.7300000000000009,1.0,1.0,-0.05,0.0,0.001
BIOMD0000000925,model,0.15,0.0,1.0,14,0,0.0,0.0,0.0,0.0,0.0,0.0,0.04,0.7300000000000009,1.0,1.0,0.0,0.0,0.001
BIOMD0000000925,model,0.15,0.0,1.0,14,0,0.0,0.0,0.0,0.0,0.0,0.0,0.04,0.7300000000000009,1.0,1.0,0.05,0.0,0.001
BIOMD0000000925,model,0.15,0.0,1.0,14,0,0.0,0.0,0.0,0.0,0.0,0.0,0.04,0.7300000000000009,1.0,1.0,0.1,0.0,0.001
BIOMD0000000925,model,0.15,0.0,1.0,14,0,0.0,0.0,0.0,0.0,0.0,0.0,0.04,0.7300000000000009,1.0,1.0,0.2,0.0,0.001
BIOMD0000000925,model,0.15,0.0,1.0,14,0,0.0,0.0,0.0,0.0,0.0,0.0,0.04,0.7300000000000009,1.0,1.0,0.5,0.0,0.001
BIOMD0000000926,model,0.0,0.0,0.0,8,0,0.0,0.0,0.0,0.0,0.0,0.0,0.0,0.0,0.0,0.0,-0.5,0.75,0.001
BIOMD0000000926,model,0.0,0.0,0.0,8,0,0.0,0.0,0.0,0.0,0.0,0.0,0.0,0.0,0.0,0.0,-0.2,0.75,0.001
BIOMD0000000926,model,0.0,0.0,0.0,8,0,0.0,0.0,0.0,0.0,0.0,0.0,0.0,0.0,0.0,0.0,-0.1,0.75,0.001
BIOMD0000000926,model,0.0,0.0,0.0,8,0,0.0,0.0,0.0,0.0,0.0,0.0,0.0,0.0,0.0,0.0,-0.05,0.75,0.001
BIOMD0000000926,model,0.0,0.0,0.0,8,0,0.0,0.0,0.0,0.0,0.0,0.0,0.0,0.0,0.0,0.0,0.0,0.75,0.001
BIOMD0000000926,model,0.0,0.0,0.0,8,0,0.0,0.0,0.0,0.0,0.0,0.0,0.0,0.0,0.0,0.0,0.05,0.75,0.001
BIOMD0000000926,model,0.0,0.0,0.0,8,0,0.0,0.0,0.0,0.0,0.0,0.0,0.0,0.0,0.0,0.0,0.1,0.75,0.001
BIOMD0000000926,model,0.0,0.0,0.0,8,0,0.0,0.0,0.0,0.0,0.0,0.0,0.0,0.0,0.0,0.0,0.2,0.75,0.001
BIOMD0000000926,model,0.0,0.0,0.0,8,0,0.0,0.0,0.0,0.0,0.0,0.0,0.0,0.0,0.0,0.0,0.5,0.75,0.001
BIOMD0000000928,model,0.1850280412812259,0.0,0.2722797348344857,4,0,0.0331530530122218,0.0663061060244436,0.1326122120488874,0.1657652650611092,0.198918318073331,0.233916215145209,0.2569991400591578,0.2646394374468218,0.2684595861406537,0.2715157050957194,-0.5,1.0,0.001
BIOMD0000000928,model,0.6577621595559138,0.4561496379050033,0.8072636526998823,4,0,0.4862041427235172,0.5162586475420311,0.5763676571790588,0.6064221619975727,0.6364766668160866,0.6838176738093846,0.749578867634157,0.7784212601670197,0.792842456433451,0.804379413446596,-0.2,1.0,0.001
BIOMD0000000928,model,0.7405820169051576,0.5970766734098593,0.8487764791968015,4,0,0.6179567068261947,0.6388367402425302,0.6805968070752012,0.7014768404915367,0.7223568739078722,0.7582374575069847,0.8076294029758447,0.8282029410863232,0.8384897101415624,0.8467191253857537,-0.1,1.0,0.001
BIOMD0000000928,model,0.7656265539358178,0.6253139789622472,0.8699773011032581,4,0,0.6460231212987516,0.666732263635256,0.7081505483082648,0.7288596906447692,0.7495688329812736,0.7836074678388829,0.8302949251245968,0.8501361131139274,0.8600567071085927,0.867993182304325,-0.05,1.0,0.001
BIOMD0000000928,model,0.753115615918869,0.589469175448296,0.87303151841241,4,0,0.6150333727128494,0.6405975699774029,0.6917259645065097,0.7172901617710631,0.7428543590356165,0.7749808849073851,0.8232513749266348,0.8481414466695224,0.8605864825409661,0.8705425112381212,0.0,1.0,0.001
BIOMD0000000928,model,0.6867139301422972,0.4865347606275572,0.8208537357531944,4,0,0.5209700030804729,0.5554052455333885,0.6242757304392199,0.6587109728921356,0.6931462153450513,0.7197336120942185,0.762360002626143,0.7916068691896687,0.8062303024714315,0.8179290490968418,0.05,1.0,0.001
BIOMD0000000928,model,0.5764402725214144,0.315738544608213,0.741177071604616,4,0,0.3614323270420856,0.4071261094759582,0.4985136743437033,0.5442074567775759,0.5899012392114484,0.6244227369364141,0.6735598564651253,0.7073684640348706,0.7242727678197433,0.7377962108476415,0.1,1.0,0.001
BIOMD0000000928,model,0.309926042511185,0.0,0.5227119521287782,4,0,0.0512843070028558,0.1025686140057117,0.2051372280114235,0.2564215350142794,0.3077058420171353,0.358496108957981,0.434142883589665,0.4784274178592216,0.5005696849939998,0.5182834987018224,0.2,1.0,0.001
BIOMD0000000928,model,0.0,0.0,0.0,4,0,0.0,0.0,0.0,0.0,0.0,0.0,0.0,0.0,0.0,0.0,0.5,1.0,0.001
BIOMD0000000929,model,0.1260193727318468,0.0,0.6300968636592345,5,0,0.0,0.0,0.0,0.0,0.0,0.0,0.126019372731847,0.3780581181955407,0.5040774909273875,0.604892989112865,-0.5,1.0,0.001
BIOMD0000000929,model,0.126031616415253,0.0,0.630158082076265,5,0,0.0,0.0,0.0,0.0,0.0,0.0,0.1260316164152531,0.378094849245759,0.5041264656610118,0.6049517587932144,-0.2,1.0,0.001
BIOMD0000000929,model,0.1260351790215997,0.0,0.6301758951079988,5,0,0.0,0.0,0.0,0.0,0.0,0.0,0.1260351790215998,0.3781055370647993,0.5041407160863989,0.6049688593036788,-0.1,1.0,0.001
BIOMD0000000929,model,0.1260374947099647,0.0,0.6301874735498236,5,0,0.0,0.0,0.0,0.0,0.0,0.0,0.1260374947099648,0.3781124841298942,0.5041499788398588,0.6049799746078307,-0.05,1.0,0.001
BIOMD0000000929,model,0.1260406449338274,0.0,0.630203224669137,5,0,0.0,0.0,0.0,0.0,0.0,0.0,0.1260406449338275,0.3781219348014822,0.5041625797353095,0.6049950956823715,0.0,1.0,0.001
BIOMD0000000929,model,0.1570358899293456,0.0,0.6302243062827917,5,0,0.0,0.0,0.0,0.0,0.0,0.0,0.2500089759477077,0.4401166411152497,0.5351704736990206,0.6112135397660374,0.05,1.0,0.001
BIOMD0000000929,model,0.208314014050416,0.0,0.6302315236234715,5,0,0.0,0.0,0.0,0.0,0.0,0.0,0.4551171420275813,0.5426743328255264,0.5864529282244989,0.6214758045436769,0.1,1.0,0.001
BIOMD0000000929,model,0.2096769504110226,0.0,0.6302453978995731,5,0,0.0,0.0,0.0,0.0,0.0,0.0,0.4605605629043466,0.5454029804019599,0.5878241891507664,0.6217611561498118,0.2,1.0,0.001
BIOMD0000000929,model,0.1260571143786809,0.0,0.6302855718934044,5,0,0.0,0.0,0.0,0.0,0.0,0.0,0.126057114378681,0.3781713431360426,0.5042284575147233,0.6050741490176682,0.5,1.0,0.001
BIOMD0000000930,model,0.0,0.0,0.0,4,0,0.0,0.0,0.0,0.0,0.0,0.0,0.0,0.0,0.0,0.0,-0.5,1.0,0.001
BIOMD0000000930,model,0.0,0.0,0.0,4,0,0.0,0.0,0.0,0.0,0.0,0.0,0.0,0.0,0.0,0.0,-0.2,1.0,0.001
BIOMD0000000930,model,0.0,0.0,0.0,4,0,0.0,0.0,0.0,0.0,0.0,0.0,0.0,0.0,0.0,0.0,-0.1,1.0,0.001
BIOMD0000000930,model,0.0,0.0,0.0,4,0,0.0,0.0,0.0,0.0,0.0,0.0,0.0,0.0,0.0,0.0,-0.05,1.0,0.001
BIOMD0000000930,model,0.0,0.0,0.0,4,0,0.0,0.0,0.0,0.0,0.0,0.0,0.0,0.0,0.0,0.0,0.0,1.0,0.001
BIOMD0000000930,model,0.0,0.0,0.0,4,0,0.0,0.0,0.0,0.0,0.0,0.0,0.0,0.0,0.0,0.0,0.05,1.0,0.001
BIOMD0000000930,model,0.0,0.0,0.0,4,0,0.0,0.0,0.0,0.0,0.0,0.0,0.0,0.0,0.0,0.0,0.1,1.0,0.001
BIOMD0000000930,model,0.0,0.0,0.0,4,0,0.0,0.0,0.0,0.0,0.0,0.0,0.0,0.0,0.0,0.0,0.2,1.0,0.001
BIOMD0000000930,model,0.0,0.0,0.0,4,0,0.0,0.0,0.0,0.0,0.0,0.0,0.0,0.0,0.0,0.0,0.5,1.0,0.001
BIOMD0000000932,model,0.0310021079671529,0.0,0.1240084318686117,4,0,0.0,0.0,0.0,0.0,0.0,0.0,0.0496033727474447,0.0868059023080282,0.1054071670883199,0.1202881789125533,-0.5,1.0,0.001
BIOMD0000000932,model,0.0,0.0,0.0,4,0,0.0,0.0,0.0,0.0,0.0,0.0,0.0,0.0,0.0,0.0,-0.2,1.0,0.001
BIOMD0000000932,model,0.0,0.0,0.0,4,0,0.0,0.0,0.0,0.0,0.0,0.0,0.0,0.0,0.0,0.0,-0.1,1.0,0.001
BIOMD0000000932,model,0.0,0.0,0.0,4,0,0.0,0.0,0.0,0.0,0.0,0.0,0.0,0.0,0.0,0.0,-0.05,1.0,0.001
BIOMD0000000932,model,0.0,0.0,0.0,4,0,0.0,0.0,0.0,0.0,0.0,0.0,0.0,0.0,0.0,0.0,0.0,1.0,0.001
BIOMD0000000932,model,0.0,0.0,0.0,4,0,0.0,0.0,0.0,0.0,0.0,0.0,0.0,0.0,0.0,0.0,0.05,1.0,0.001
BIOMD0000000932,model,0.0,0.0,0.0,4,0,0.0,0.0,0.0,0.0,0.0,0.0,0.0,0.0,0.0,0.0,0.1,1.0,0.001
BIOMD0000000932,model,0.0,0.0,0.0,4,0,0.0,0.0,0.0,0.0,0.0,0.0,0.0,0.0,0.0,0.0,0.2,1.0,0.001
BIOMD0000000932,model,0.0,0.0,0.0,4,0,0.0,0.0,0.0,0.0,0.0,0.0,0.0,0.0,0.0,0.0,0.5,1.0,0.001
BIOMD0000000933,model,0.1792565714483108,0.0,0.5377697143449326,3,0,0.0,0.0,0.0,0.0,0.0,0.0,0.3226618286069596,0.4302157714759461,0.4839927429104392,0.527014320058034,-0.5,1.0,0.001
BIOMD0000000933,model,0.2074831623725511,0.0,0.6224494871176535,3,0,0.0,0.0,0.0,0.0,0.0,0.0,0.3734696922705921,0.4979595896941228,0.560204538405888,0.6100004973753004,-0.2,1.0,0.001
BIOMD0000000933,model,0.2152659158785462,0.0,0.6457977476356388,3,0,0.0,0.0,0.0,0.0,0.0,0.0,0.3874786485813833,0.5166381981085111,0.5812179728720749,0.632881792682926,-0.1,1.0,0.001
BIOMD0000000933,model,0.2178559929914681,0.0,0.6535679789744044,3,0,0.0,0.0,0.0,0.0,0.0,0.0,0.3921407873846427,0.5228543831795236,0.5882111810769639,0.6404966193949163,-0.05,1.0,0.001
BIOMD0000000933,model,0.2208928445737928,0.0,0.6626785337213785,3,0,0.0,0.0,0.0,0.0,0.0,0.0,0.3976071202328272,0.5301428269771029,0.5964106803492406,0.649424963046951,0.0,1.0,0.001
BIOMD0000000933,model,0.2251780561122549,0.0,0.6755341683367649,3,0,0.0,0.0,0.0,0.0,0.0,0.0,0.405320501002059,0.540427334669412,0.6079807515030884,0.6620234849700296,0.05,1.0,0.001
BIOMD0000000933,model,0.2306232865216868,0.0,0.6918698595650606,3,0,0.0,0.0,0.0,0.0,0.0,0.0,0.4151219157390364,0.5534958876520486,0.6226828736085546,0.6780324623737595,0.1,1.0,0.001
BIOMD0000000933,model,0.2444453941010713,0.0,0.7333361823032141,3,0,0.0,0.0,0.0,0.0,0.0,0.0,0.4400017093819285,0.5866689458425713,0.6600025640728926,0.7186694586571498,0.2,1.0,0.001
BIOMD0000000933,model,0.2339227106939816,0.0,0.701768132081945,3,0,0.0,0.0,0.0,0.0,0.0,0.0,0.4210608792491671,0.5614145056655561,0.6315913188737504,0.687732769440306,0.5,1.0,0.001
BIOMD0000000934,model,0.0,0.0,0.0,13,0,0.0,0.0,0.0,0.0,0.0,0.0,0.0,0.0,0.0,0.0,-0.5,1.0,0.001
BIOMD0000000934,model,0.0,0.0,0.0,13,0,0.0,0.0,0.0,0.0,0.0,0.0,0.0,0.0,0.0,0.0,-0.2,1.0,0.001
BIOMD0000000934,model,0.0,0.0,0.0,13,0,0.0,0.0,0.0,0.0,0.0,0.0,0.0,0.0,0.0,0.0,-0.1,1.0,0.001
BIOMD0000000934,model,0.0,0.0,0.0,13,0,0.0,0.0,0.0,0.0,0.0,0.0,0.0,0.0,0.0,0.0,-0.05,1.0,0.001
BIOMD0000000934,model,0.191203642648726,0.0,0.8010493018928414,13,0,0.0,0.0,0.0,0.0,0.0,0.0,0.4710567607502011,0.6924182570206118,0.7378966787483563,0.7884187772639443,0.0,1.0,0.001
BIOMD0000000934,model,0.0,0.0,0.0,13,0,0.0,0.0,0.0,0.0,0.0,0.0,0.0,0.0,0.0,0.0,0.05,1.0,0.001
BIOMD0000000934,model,0.0,0.0,0.0,13,0,0.0,0.0,0.0,0.0,0.0,0.0,0.0,0.0,0.0,0.0,0.1,1.0,0.001
BIOMD0000000934,model,0.0,0.0,0.0,13,0,0.0,0.0,0.0,0.0,0.0,0.0,0.0,0.0,0.0,0.0,0.2,1.0,0.001
BIOMD0000000934,model,0.0,0.0,0.0,13,0,0.0,0.0,0.0,0.0,0.0,0.0,0.0,0.0,0.0,0.0,0.5,1.0,0.001
BIOMD0000000935,model,0.8575205036543327,0.8357900314886811,0.8792509758199842,2,0,0.8379630787052463,0.8401361259218114,0.8444822203549418,0.8466552675715069,0.8488283147880721,0.8575205036543327,0.8705587869537236,0.874904881386854,0.877077928603419,0.8788163663766712,-0.5,1.0,0.001
BIOMD0000000935,model,0.8575205036543327,0.8357900314886811,0.8792509758199842,2,0,0.8379630787052463,0.8401361259218114,0.8444822203549418,0.8466552675715069,0.8488283147880721,0.8575205036543327,0.8705587869537236,0.874904881386854,0.877077928603419,0.8788163663766712,-0.2,1.0,0.001
BIOMD0000000935,model,0.8575205036543327,0.8357900314886811,0.8792509758199842,2,0,0.8379630787052463,0.8401361259218114,0.8444822203549418,0.8466552675715069,0.8488283147880721,0.8575205036543327,0.8705587869537236,0.874904881386854,0.877077928603419,0.8788163663766712,-0.1,1.0,0.001
BIOMD0000000935,model,0.8575205036543327,0.8357900314886811,0.8792509758199842,2,0,0.8379630787052463,0.8401361259218114,0.8444822203549418,0.8466552675715069,0.8488283147880721,0.8575205036543327,0.8705587869537236,0.874904881386854,0.877077928603419,0.8788163663766712,-0.05,1.0,0.001
BIOMD0000000935,model,0.8575205036543327,0.8357900314886811,0.8792509758199842,2,0,0.8379630787052463,0.8401361259218114,0.8444822203549418,0.8466552675715069,0.8488283147880721,0.8575205036543327,0.8705587869537236,0.874904881386854,0.877077928603419,0.8788163663766712,0.0,1.0,0.001
BIOMD0000000935,model,0.8575205036543327,0.8357900314886811,0.8792509758199842,2,0,0.8379630787052463,0.8401361259218114,0.8444822203549418,0.8466552675715069,0.8488283147880721,0.8575205036543327,0.8705587869537236,0.874904881386854,0.877077928603419,0.8788163663766712,0.05,1.0,0.001
BIOMD0000000935,model,0.8575205036543327,0.8357900314886811,0.8792509758199842,2,0,0.8379630787052463,0.8401361259218114,0.8444822203549418,0.8466552675715069,0.8488283147880721,0.8575205036543327,0.8705587869537236,0.874904881386854,0.877077928603419,0.8788163663766712,0.1,1.0,0.001
BIOMD0000000935,model,0.8575205036543327,0.8357900314886811,0.8792509758199842,2,0,0.8379630787052463,0.8401361259218114,0.8444822203549418,0.8466552675715069,0.8488283147880721,0.8575205036543327,0.8705587869537236,0.874904881386854,0.877077928603419,0.8788163663766712,0.2,1.0,0.001
BIOMD0000000935,model,0.8575205036543327,0.8357900314886811,0.8792509758199842,2,0,0.8379630787052463,0.8401361259218114,0.8444822203549418,0.8466552675715069,0.8488283147880721,0.8575205036543327,0.8705587869537236,0.874904881386854,0.877077928603419,0.8788163663766712,0.5,1.0,0.001
BIOMD0000000936,model,0.8527386883348473,0.8527386883348473,0.8527386883348473,1,0,0.8527386883348473,0.8527386883348473,0.8527386883348473,0.8527386883348473,0.8527386883348473,0.8527386883348473,0.8527386883348473,0.8527386883348473,0.8527386883348473,0.8527386883348473,-0.5,1.0,0.001
BIOMD0000000936,model,0.8527386883348473,0.8527386883348473,0.8527386883348473,1,0,0.8527386883348473,0.8527386883348473,0.8527386883348473,0.8527386883348473,0.8527386883348473,0.8527386883348473,0.8527386883348473,0.8527386883348473,0.8527386883348473,0.8527386883348473,-0.2,1.0,0.001
BIOMD0000000936,model,0.8527386883348473,0.8527386883348473,0.8527386883348473,1,0,0.8527386883348473,0.8527386883348473,0.8527386883348473,0.8527386883348473,0.8527386883348473,0.8527386883348473,0.8527386883348473,0.8527386883348473,0.8527386883348473,0.8527386883348473,-0.1,1.0,0.001
BIOMD0000000936,model,0.8527386883348473,0.8527386883348473,0.8527386883348473,1,0,0.8527386883348473,0.8527386883348473,0.8527386883348473,0.8527386883348473,0.8527386883348473,0.8527386883348473,0.8527386883348473,0.8527386883348473,0.8527386883348473,0.8527386883348473,-0.05,1.0,0.001
BIOMD0000000936,model,0.8527386883348473,0.8527386883348473,0.8527386883348473,1,0,0.8527386883348473,0.8527386883348473,0.8527386883348473,0.8527386883348473,0.8527386883348473,0.8527386883348473,0.8527386883348473,0.8527386883348473,0.8527386883348473,0.8527386883348473,0.0,1.0,0.001
BIOMD0000000936,model,0.8527386883348473,0.8527386883348473,0.8527386883348473,1,0,0.8527386883348473,0.8527386883348473,0.8527386883348473,0.8527386883348473,0.8527386883348473,0.8527386883348473,0.8527386883348473,0.8527386883348473,0.8527386883348473,0.8527386883348473,0.05,1.0,0.001
BIOMD0000000936,model,0.8527386883348473,0.8527386883348473,0.8527386883348473,1,0,0.8527386883348473,0.8527386883348473,0.8527386883348473,0.8527386883348473,0.8527386883348473,0.8527386883348473,0.8527386883348473,0.8527386883348473,0.8527386883348473,0.8527386883348473,0.1,1.0,0.001
BIOMD0000000936,model,0.8527386883348473,0.8527386883348473,0.8527386883348473,1,0,0.8527386883348473,0.8527386883348473,0.8527386883348473,0.8527386883348473,0.8527386883348473,0.8527386883348473,0.8527386883348473,0.8527386883348473,0.8527386883348473,0.8527386883348473,0.2,1.0,0.001
BIOMD0000000936,model,0.8527386883348473,0.8527386883348473,0.8527386883348473,1,0,0.8527386883348473,0.8527386883348473,0.8527386883348473,0.8527386883348473,0.8527386883348473,0.8527386883348473,0.8527386883348473,0.8527386883348473,0.8527386883348473,0.8527386883348473,0.5,1.0,0.001
BIOMD0000000937,model,0.0,0.0,0.0,3,0,0.0,0.0,0.0,0.0,0.0,0.0,0.0,0.0,0.0,0.0,-0.5,1.0,0.001
BIOMD0000000937,model,0.0,0.0,0.0,3,0,0.0,0.0,0.0,0.0,0.0,0.0,0.0,0.0,0.0,0.0,-0.2,1.0,0.001
BIOMD0000000937,model,0.0,0.0,0.0,3,0,0.0,0.0,0.0,0.0,0.0,0.0,0.0,0.0,0.0,0.0,-0.1,1.0,0.001
BIOMD0000000937,model,0.0,0.0,0.0,3,0,0.0,0.0,0.0,0.0,0.0,0.0,0.0,0.0,0.0,0.0,-0.05,1.0,0.001
BIOMD0000000937,model,0.0,0.0,0.0,3,0,0.0,0.0,0.0,0.0,0.0,0.0,0.0,0.0,0.0,0.0,0.0,1.0,0.001
BIOMD0000000937,model,0.0,0.0,0.0,3,0,0.0,0.0,0.0,0.0,0.0,0.0,0.0,0.0,0.0,0.0,0.05,1.0,0.001
BIOMD0000000937,model,0.0,0.0,0.0,3,0,0.0,0.0,0.0,0.0,0.0,0.0,0.0,0.0,0.0,0.0,0.1,1.0,0.001
BIOMD0000000937,model,0.0,0.0,0.0,3,0,0.0,0.0,0.0,0.0,0.0,0.0,0.0,0.0,0.0,0.0,0.2,1.0,0.001
BIOMD0000000937,model,0.0,0.0,0.0,3,0,0.0,0.0,0.0,0.0,0.0,0.0,0.0,0.0,0.0,0.0,0.5,1.0,0.001
BIOMD0000000938,model,0.0,0.0,0.0,3,0,0.0,0.0,0.0,0.0,0.0,0.0,0.0,0.0,0.0,0.0,-0.5,1.0,0.001
BIOMD0000000938,model,0.0,0.0,0.0,3,0,0.0,0.0,0.0,0.0,0.0,0.0,0.0,0.0,0.0,0.0,-0.2,1.0,0.001
BIOMD0000000938,model,0.0,0.0,0.0,3,0,0.0,0.0,0.0,0.0,0.0,0.0,0.0,0.0,0.0,0.0,-0.1,1.0,0.001
BIOMD0000000938,model,0.0,0.0,0.0,3,0,0.0,0.0,0.0,0.0,0.0,0.0,0.0,0.0,0.0,0.0,-0.05,1.0,0.001
BIOMD0000000938,model,0.0,0.0,0.0,3,0,0.0,0.0,0.0,0.0,0.0,0.0,0.0,0.0,0.0,0.0,0.0,1.0,0.001
BIOMD0000000938,model,0.0,0.0,0.0,3,0,0.0,0.0,0.0,0.0,0.0,0.0,0.0,0.0,0.0,0.0,0.05,1.0,0.001
BIOMD0000000938,model,0.0,0.0,0.0,3,0,0.0,0.0,0.0,0.0,0.0,0.0,0.0,0.0,0.0,0.0,0.1,1.0,0.001
BIOMD0000000938,model,0.0,0.0,0.0,3,0,0.0,0.0,0.0,0.0,0.0,0.0,0.0,0.0,0.0,0.0,0.2,1.0,0.001
BIOMD0000000938,model,0.0,0.0,0.0,3,0,0.0,0.0,0.0,0.0,0.0,0.0,0.0,0.0,0.0,0.0,0.5,1.0,0.001
BIOMD0000000939,model,0.0434782608695652,0.0,1.0,46,8,0.0,0.0,0.0,0.0,0.0,0.0,0.0,0.0,0.0,1.0,-0.5,1.0,0.001
BIOMD0000000939,model,0.0425531914893617,0.0,1.0,47,7,0.0,0.0,0.0,0.0,0.0,0.0,0.0,0.0,0.0,1.0,-0.2,1.0,0.001
BIOMD0000000939,model,0.0425531914893617,0.0,1.0,47,7,0.0,0.0,0.0,0.0,0.0,0.0,0.0,0.0,0.0,1.0,-0.1,1.0,0.001
BIOMD0000000939,model,0.0425531914893617,0.0,1.0,47,7,0.0,0.0,0.0,0.0,0.0,0.0,0.0,0.0,0.0,1.0,-0.05,1.0,0.001
BIOMD0000000939,model,0.0425531914893617,0.0,1.0,47,7,0.0,0.0,0.0,0.0,0.0,0.0,0.0,0.0,0.0,1.0,0.0,1.0,0.001
BIOMD0000000939,model,0.0625,0.0,1.0,48,6,0.0,0.0,0.0,0.0,0.0,0.0,0.0,0.0,0.6499999999999986,1.0,0.05,1.0,0.001
BIOMD0000000939,model,0.0625,0.0,1.0,48,6,0.0,0.0,0.0,0.0,0.0,0.0,0.0,0.0,0.6499999999999986,1.0,0.1,1.0,0.001
BIOMD0000000939,model,0.0625,0.0,1.0,48,6,0.0,0.0,0.0,0.0,0.0,0.0,0.0,0.0,0.6499999999999986,1.0,0.2,1.0,0.001
BIOMD0000000939,model,0.0625,0.0,1.0,48,6,0.0,0.0,0.0,0.0,0.0,0.0,0.0,0.0,0.6499999999999986,1.0,0.5,1.0,0.001
BIOMD0000000940,model,0.1045080339063697,0.0,0.6455367861636204,20,0,0.0,0.0,0.0,0.0,0.0,0.0,0.1749509608607318,0.4592367015289165,0.4817622068695638,0.6127818703048089,-0.5,1.0,0.001
BIOMD0000000940,model,0.1060249747393922,0.0,0.6355870546877218,20,0,0.0,0.0,0.0,0.0,0.0,0.0,0.1767868796485316,0.4483693003864784,0.4758484472632595,0.6036393332028291,-0.2,1.0,0.001
BIOMD0000000940,model,0.1042209049276034,0.0,0.6323465368645479,20,0,0.0,0.0,0.0,0.0,0.0,0.0,0.1802894020156761,0.4449839112492741,0.4738818675205832,0.6006536029957548,-0.1,1.0,0.001
BIOMD0000000940,model,0.1049522158035118,0.0,0.6308175922794175,20,0,0.0,0.0,0.0,0.0,0.0,0.0,0.1817680607073085,0.445689884190585,0.4729012127096963,0.599234316365473,-0.05,1.0,0.001
BIOMD0000000940,model,0.1052186714330261,0.0,0.6291972163425392,20,0,0.0,0.0,0.0,0.0,0.0,0.0,0.1819536712106685,0.4493578683184847,0.4719193599810786,0.5977416450702469,0.0,1.0,0.001
BIOMD0000000940,model,0.1048527109143571,0.0,0.6275279881680403,20,0,0.0,0.0,0.0,0.0,0.0,0.0,0.1821649713522135,0.4450114897452219,0.470932211218486,0.5962088327781292,0.05,1.0,0.001
BIOMD0000000940,model,0.1033375960612434,0.0,0.6257058522766726,20,0,0.0,0.0,0.0,0.0,0.0,0.0,0.1786986732761288,0.4389256360161713,0.4699388737312445,0.5945524565675868,0.1,1.0,0.001
BIOMD0000000940,model,0.1020564819160803,0.0,0.6215606657496322,20,0,0.0,0.0,0.0,0.0,0.0,0.0,0.1731661114877829,0.430367950958728,0.467926158699849,0.5908337643396754,0.2,1.0,0.001
BIOMD0000000940,model,0.0937617113446509,0.0,0.6108203305027349,20,0,0.0,0.0,0.0,0.0,0.0,0.0,0.1010790922795854,0.409083683941297,0.4619726503659146,0.5810507944753706,0.5,1.0,0.001
BIOMD0000000941,model,0.1012276275930219,0.0,0.8098210207441756,8,0,0.0,0.0,0.0,0.0,0.0,0.0,0.0,0.2429463062232525,0.5263836634837138,0.7531335492920831,-0.5,1.0,0.001
BIOMD0000000941,model,0.29315432483426,0.0,0.8452345986740802,8,0,0.0,0.0,0.0,0.0,0.0,0.0,0.75,0.7785703796022241,0.8119024891381521,0.8385681767668945,-0.2,1.0,0.001
BIOMD0000000941,model,0.3623250663935649,0.0,0.888888888888889,8,0,0.0,0.0,0.0,0.0,0.0,0.1386622153606848,0.8707326623930821,0.8888888888888888,0.888888888888889,0.888888888888889,-0.1,1.0,0.001
BIOMD0000000941,model,0.4194895964585032,0.0,0.9473684210526316,8,0,0.0,0.0,0.0,0.0,0.0,0.3102738386894017,0.9046739535051626,0.9473684210526316,0.9473684210526316,0.9473684210526316,-0.05,1.0,0.001
BIOMD0000000941,model,0.4593711803249198,0.0,1.0,8,0,0.0,0.0,0.0,0.0,0.0,0.4159339168856688,0.9372406435312084,1.0,1.0,1.0,0.0,1.0,0.001
BIOMD0000000941,model,0.4361836836611675,0.0,0.9523809523809524,8,0,0.0,0.0,0.0,0.0,0.0,0.3696347325942217,0.9096038111641684,0.9523809523809524,0.9523809523809524,0.9523809523809524,0.05,1.0,0.001
BIOMD0000000941,model,0.4050091837267362,0.0,0.9090909090909092,8,0,0.0,0.0,0.0,0.0,0.0,0.2866945115019796,0.8848555969057904,0.9090909090909092,0.9090909090909092,0.9090909090909092,0.1,1.0,0.001
BIOMD0000000941,model,0.3493285964922342,0.0,0.8578331640833379,8,0,0.0,0.0,0.0,0.0,0.0,0.1350644705939345,0.8333333333333334,0.8406832825583347,0.8492582233208363,0.8561181759308375,0.2,1.0,0.001
BIOMD0000000941,model,0.2677091013356598,0.0,0.8083394773519454,8,0,0.0,0.0,0.0,0.0,0.0,0.0,0.6666666666666667,0.7091685098722503,0.7587539936120978,0.7984223806039759,0.5,1.0,0.001
BIOMD0000000942,model,0.2285406535369396,0.0,0.7902638841915786,7,0,0.0,0.0,0.0,0.0,0.0,0.0,0.4047603452835049,0.5589617608467368,0.6746128225191573,0.7671336718570941,-0.5,1.0,0.001
BIOMD0000000942,model,0.1106710948262482,0.0,0.7545357195827883,7,0,0.0,0.0,0.0,0.0,0.0,0.0,0.0100809721004759,0.3078628710934016,0.5311992953380943,0.7098684347338492,-0.2,1.0,0.001
BIOMD0000000942,model,0.1074852846914448,0.0,0.7523969928401136,7,0,0.0,0.0,0.0,0.0,0.0,0.0,0.0,0.3009587971360457,0.526677894988079,0.7072531732697065,-0.1,1.0,0.001
BIOMD0000000942,model,0.107878825618068,0.0,0.7551517793264761,7,0,0.0,0.0,0.0,0.0,0.0,0.0,0.0,0.3020607117305907,0.5286062455285327,0.7098426725668872,-0.05,1.0,0.001
BIOMD0000000942,model,0.1075136469629261,0.0,0.7525955287404832,7,0,0.0,0.0,0.0,0.0,0.0,0.0,0.0,0.3010382114961935,0.5268168701183377,0.7074397970160539,0.0,1.0,0.001
BIOMD0000000942,model,0.1072750127427313,0.0,0.7509250891991192,7,0,0.0,0.0,0.0,0.0,0.0,0.0,0.0,0.3003700356796479,0.5256475624393828,0.7058695838471716,0.05,1.0,0.001
BIOMD0000000942,model,0.0,0.0,0.0,5,2,0.0,0.0,0.0,0.0,0.0,0.0,0.0,0.0,0.0,0.0,0.1,1.0,0.001
BIOMD0000000942,model,0.0,0.0,0.0,7,0,0.0,0.0,0.0,0.0,0.0,0.0,0.0,0.0,0.0,0.0,0.2,1.0,0.001
BIOMD0000000942,model,0.0,0.0,0.0,7,0,0.0,0.0,0.0,0.0,0.0,0.0,0.0,0.0,0.0,0.0,0.5,1.0,0.001
BIOMD0000000944,model,0.0590972121096213,0.0,0.177291636328864,3,0,0.0,0.0,0.0,0.0,0.0,0.0,0.1063749817973184,0.1418333090630912,0.1595624726959776,0.1737458036022867,-0.5,1.0,0.001
BIOMD0000000944,model,0.05686076366389,0.0,0.17058229099167,3,0,0.0,0.0,0.0,0.0,0.0,0.0,0.102349374595002,0.136465832793336,0.153524061892503,0.1671706451718366,-0.2,1.0,0.001
BIOMD0000000944,model,0.0572334482745168,0.0,0.1717003448235505,3,0,0.0,0.0,0.0,0.0,0.0,0.0,0.1030202068941303,0.1373602758588404,0.1545303103411955,0.1682663379270795,-0.1,1.0,0.001
BIOMD0000000944,model,0.0577074830591438,0.0,0.1731224491774316,3,0,0.0,0.0,0.0,0.0,0.0,0.0,0.1038734695064589,0.1384979593419453,0.1558102042596884,0.1696600001938829,-0.05,1.0,0.001
BIOMD0000000944,model,0.0570214038722351,0.0,0.1710642116167055,3,0,0.0,0.0,0.0,0.0,0.0,0.0,0.1026385269700233,0.1368513692933644,0.1539577904550349,0.1676429273843714,0.0,1.0,0.001
BIOMD0000000944,model,0.0560030580440095,0.0,0.1680091741320287,3,0,0.0,0.0,0.0,0.0,0.0,0.0,0.1008055044792172,0.1344073393056229,0.1512082567188258,0.1646489906493881,0.05,1.0,0.001
BIOMD0000000944,model,0.0554921707465954,0.0,0.1664765122397864,3,0,0.0,0.0,0.0,0.0,0.0,0.0,0.0998859073438718,0.1331812097918291,0.1498288610158077,0.1631469819949906,0.1,1.0,0.001
BIOMD0000000944,model,0.0550062426059442,0.0,0.1650187278178326,3,0,0.0,0.0,0.0,0.0,0.0,0.0,0.0990112366906995,0.1320149822542661,0.1485168550360493,0.1617183532614759,0.2,1.0,0.001
BIOMD0000000944,model,0.0550242571081718,0.0,0.1650727713245155,3,0,0.0,0.0,0.0,0.0,0.0,0.0,0.0990436627947093,0.1320582170596124,0.1485654941920639,0.1617713158980251,0.5,1.0,0.001
BIOMD0000000945,model,0.9953944355216322,0.9901457993393276,0.9986918135445886,3,2,0.9908657887734929,0.991585778207658,0.9930257570759886,0.993745746510154,0.9944657359443192,0.9973456936809802,0.9981533655991452,0.9984225895718668,0.9985572015582276,0.9986648911473164,-0.5,0.0,0.001
BIOMD0000000945,model,0.9953944355216322,0.9901457993393276,0.9986918135445886,3,2,0.9908657887734929,0.991585778207658,0.9930257570759886,0.993745746510154,0.9944657359443192,0.9973456936809802,0.9981533655991452,0.9984225895718668,0.9985572015582276,0.9986648911473164,-0.2,0.0,0.001
BIOMD0000000945,model,0.9953944355216322,0.9901457993393276,0.9986918135445886,3,2,0.9908657887734929,0.991585778207658,0.9930257570759886,0.993745746510154,0.9944657359443192,0.9973456936809802,0.9981533655991452,0.9984225895718668,0.9985572015582276,0.9986648911473164,-0.1,0.0,0.001
BIOMD0000000945,model,0.9953944355216322,0.9901457993393276,0.9986918135445886,3,2,0.9908657887734929,0.991585778207658,0.9930257570759886,0.993745746510154,0.9944657359443192,0.9973456936809802,0.9981533655991452,0.9984225895718668,0.9985572015582276,0.9986648911473164,-0.05,0.0,0.001
BIOMD0000000945,model,0.9953944355216322,0.9901457993393276,0.9986918135445886,3,2,0.9908657887734929,0.991585778207658,0.9930257570759886,0.993745746510154,0.9944657359443192,0.9973456936809802,0.9981533655991452,0.9984225895718668,0.9985572015582276,0.9986648911473164,0.0,0.0,0.001
BIOMD0000000945,model,0.9953944355216322,0.9901457993393276,0.9986918135445886,3,2,0.9908657887734929,0.991585778207658,0.9930257570759886,0.993745746510154,0.9944657359443192,0.9973456936809802,0.9981533655991452,0.9984225895718668,0.9985572015582276,0.9986648911473164,0.05,0.0,0.001
BIOMD0000000945,model,0.9953944355216322,0.9901457993393276,0.9986918135445886,3,2,0.9908657887734929,0.991585778207658,0.9930257570759886,0.993745746510154,0.9944657359443192,0.9973456936809802,0.9981533655991452,0.9984225895718668,0.9985572015582276,0.9986648911473164,0.1,0.0,0.001
BIOMD0000000945,model,0.9953944355216322,0.9901457993393276,0.9986918135445886,3,2,0.9908657887734929,0.991585778207658,0.9930257570759886,0.993745746510154,0.9944657359443192,0.9973456936809802,0.9981533655991452,0.9984225895718668,0.9985572015582276,0.9986648911473164,0.2,0.0,0.001
BIOMD0000000945,model,0.9953944355216322,0.9901457993393276,0.9986918135445886,3,2,0.9908657887734929,0.991585778207658,0.9930257570759886,0.993745746510154,0.9944657359443192,0.9973456936809802,0.9981533655991452,0.9984225895718668,0.9985572015582276,0.9986648911473164,0.5,0.0,0.001
BIOMD0000000946,model,0.3844605082975668,0.0,0.93865064195564,7,0,0.0,0.0,0.0,0.0,0.0,0.2830235948885485,0.8501100142780719,0.9316604068125718,0.9351555243841058,0.937951618441333,-0.5,0.0,0.001
BIOMD0000000946,model,0.3844605082975668,0.0,0.93865064195564,7,0,0.0,0.0,0.0,0.0,0.0,0.2830235948885485,0.8501100142780719,0.9316604068125718,0.9351555243841058,0.937951618441333,-0.2,0.0,0.001
BIOMD0000000946,model,0.3844605082975668,0.0,0.93865064195564,7,0,0.0,0.0,0.0,0.0,0.0,0.2830235948885485,0.8501100142780719,0.9316604068125718,0.9351555243841058,0.937951618441333,-0.1,0.0,0.001
BIOMD0000000946,model,0.3844605082975668,0.0,0.93865064195564,7,0,0.0,0.0,0.0,0.0,0.0,0.2830235948885485,0.8501100142780719,0.9316604068125718,0.9351555243841058,0.937951618441333,-0.05,0.0,0.001
BIOMD0000000946,model,0.3844605082975668,0.0,0.93865064195564,7,0,0.0,0.0,0.0,0.0,0.0,0.2830235948885485,0.8501100142780719,0.9316604068125718,0.9351555243841058,0.937951618441333,0.0,0.0,0.001
BIOMD0000000946,model,0.3844605082975668,0.0,0.93865064195564,7,0,0.0,0.0,0.0,0.0,0.0,0.2830235948885485,0.8501100142780719,0.9316604068125718,0.9351555243841058,0.937951618441333,0.05,0.0,0.001
BIOMD0000000946,model,0.3844605082975668,0.0,0.93865064195564,7,0,0.0,0.0,0.0,0.0,0.0,0.2830235948885485,0.8501100142780719,0.9316604068125718,0.9351555243841058,0.937951618441333,0.1,0.0,0.001
BIOMD0000000946,model,0.3844605082975668,0.0,0.93865064195564,7,0,0.0,0.0,0.0,0.0,0.0,0.2830235948885485,0.8501100142780719,0.9316604068125718,0.9351555243841058,0.937951618441333,0.2,0.0,0.001
BIOMD0000000946,model,0.3844605082975668,0.0,0.93865064195564,7,0,0.0,0.0,0.0,0.0,0.0,0.2830235948885485,0.8501100142780719,0.9316604068125718,0.9351555243841058,0.937951618441333,0.5,0.0,0.001
BIOMD0000000947,model,0.9924281854617764,0.9734745019691018,0.9988674457015908,9,0,0.9803845875719877,0.9872946731748732,0.9916224960299468,0.992204349399034,0.992993505508266,0.9942762596467232,0.9965007132279938,0.9970126106938636,0.9979400281977272,0.9986819622008182,-0.5,0.0,0.001
BIOMD0000000947,model,0.9924281854617764,0.9734745019691018,0.9988674457015908,9,0,0.9803845875719877,0.9872946731748732,0.9916224960299468,0.992204349399034,0.992993505508266,0.9942762596467232,0.9965007132279938,0.9970126106938636,0.9979400281977272,0.9986819622008182,-0.2,0.0,0.001
BIOMD0000000947,model,0.9924281854617764,0.9734745019691018,0.9988674457015908,9,0,0.9803845875719877,0.9872946731748732,0.9916224960299468,0.992204349399034,0.992993505508266,0.9942762596467232,0.9965007132279938,0.9970126106938636,0.9979400281977272,0.9986819622008182,-0.1,0.0,0.001
BIOMD0000000947,model,0.9924281854617764,0.9734745019691018,0.9988674457015908,9,0,0.9803845875719877,0.9872946731748732,0.9916224960299468,0.992204349399034,0.992993505508266,0.9942762596467232,0.9965007132279938,0.9970126106938636,0.9979400281977272,0.9986819622008182,-0.05,0.0,0.001
BIOMD0000000947,model,0.9924281854617764,0.9734745019691018,0.9988674457015908,9,0,0.9803845875719877,0.9872946731748732,0.9916224960299468,0.992204349399034,0.992993505508266,0.9942762596467232,0.9965007132279938,0.9970126106938636,0.9979400281977272,0.9986819622008182,0.0,0.0,0.001
BIOMD0000000947,model,0.9924281854617764,0.9734745019691018,0.9988674457015908,9,0,0.9803845875719877,0.9872946731748732,0.9916224960299468,0.992204349399034,0.992993505508266,0.9942762596467232,0.9965007132279938,0.9970126106938636,0.9979400281977272,0.9986819622008182,0.05,0.0,0.001
BIOMD0000000947,model,0.9924281854617764,0.9734745019691018,0.9988674457015908,9,0,0.9803845875719877,0.9872946731748732,0.9916224960299468,0.992204349399034,0.992993505508266,0.9942762596467232,0.9965007132279938,0.9970126106938636,0.9979400281977272,0.9986819622008182,0.1,0.0,0.001
BIOMD0000000947,model,0.9924281854617764,0.9734745019691018,0.9988674457015908,9,0,0.9803845875719877,0.9872946731748732,0.9916224960299468,0.992204349399034,0.992993505508266,0.9942762596467232,0.9965007132279938,0.9970126106938636,0.9979400281977272,0.9986819622008182,0.2,0.0,0.001
BIOMD0000000947,model,0.9924281854617764,0.9734745019691018,0.9988674457015908,9,0,0.9803845875719877,0.9872946731748732,0.9916224960299468,0.992204349399034,0.992993505508266,0.9942762596467232,0.9965007132279938,0.9970126106938636,0.9979400281977272,0.9986819622008182,0.5,0.0,0.001
BIOMD0000000948,model,0.1871151392862792,0.0,0.3750595563190578,4,0,0.0,0.0,0.0,0.0,0.0,0.1867005004130295,0.3740644230232586,0.3745619896711582,0.374810772995108,0.3750097996542678,-0.5,1.0,0.001
BIOMD0000000948,model,0.3775398052073619,0.0,0.8175372549028661,4,0,0.0501121533852264,0.1002243067704528,0.2004486135409057,0.2505607669261321,0.3006729203113585,0.3463109829632907,0.5421394679761897,0.6798383614395279,0.7486878081711968,0.8037673655565322,-0.2,1.0,0.001
BIOMD0000000948,model,0.3803186974046914,0.0,0.8331712388015748,4,0,0.0459739787280034,0.0919479574560069,0.1838959149120139,0.2298698936400174,0.2758438723680209,0.3440517754085953,0.5622347110989305,0.6977029749502527,0.7654371068759136,0.8196244124164425,-0.1,1.0,0.001
BIOMD0000000948,model,0.3676741797341015,0.0,0.8398389865278137,4,0,0.0438459405622693,0.0876918811245386,0.1753837622490772,0.2192297028113465,0.2630756433736158,0.3154288662042961,0.5390664718072038,0.6894527291675088,0.764645857847661,0.8248003607917831,-0.05,1.0,0.001
BIOMD0000000948,model,0.3562654689234042,0.0,0.8454790257436853,4,0,0.0421491197289137,0.0842982394578274,0.1685964789156549,0.2107455986445686,0.2528947183734823,0.2897914249749659,0.5173448413517785,0.6814119335477319,0.7634454796457083,0.8290723165240897,0.0,1.0,0.001
BIOMD0000000948,model,0.3401344758951586,0.0,0.8323781221208401,4,0,0.0389269931206546,0.0778539862413092,0.1557079724826185,0.1946349656032731,0.2335619587239277,0.2640798907298973,0.4941391452415945,0.6632586336812173,0.7478183779010285,0.8154661732768776,0.05,1.0,0.001
BIOMD0000000948,model,0.3298160078902921,0.0094490202662701,0.829910883823615,4,0,0.0417750081420523,0.0741009960178345,0.1387529717693989,0.1710789596451811,0.2034049475209633,0.2399520637356415,0.4849334663493252,0.65742217508647,0.7436665294550423,0.8126620129499004,0.1,1.0,0.001
BIOMD0000000948,model,0.3000985258750458,0.0,0.8029166537632568,4,0,0.024417367447251,0.048834734894502,0.0976694697890041,0.1220868372362552,0.1465042046835062,0.1987387248684632,0.4619836615584547,0.6324501576608558,0.717683405712056,0.7858700041530166,0.2,1.0,0.001
BIOMD0000000948,model,0.2306080662029864,0.0,0.7213786027241879,4,0,0.0022866505708257,0.0045733011416514,0.0091466022833028,0.0114332528541285,0.0137199034249542,0.1005268310438789,0.4000370360590273,0.5607078193916075,0.6410432110578974,0.7053115243909297,0.5,1.0,0.001
BIOMD0000000949,model,0.0,0.0,0.0,7,0,0.0,0.0,0.0,0.0,0.0,0.0,0.0,0.0,0.0,0.0,-0.5,0.1428571428571428,0.001
BIOMD0000000949,model,0.0,0.0,0.0,7,0,0.0,0.0,0.0,0.0,0.0,0.0,0.0,0.0,0.0,0.0,-0.2,0.1428571428571428,0.001
BIOMD0000000949,model,0.0,0.0,0.0,7,0,0.0,0.0,0.0,0.0,0.0,0.0,0.0,0.0,0.0,0.0,-0.1,0.1428571428571428,0.001
BIOMD0000000949,model,0.0,0.0,0.0,7,0,0.0,0.0,0.0,0.0,0.0,0.0,0.0,0.0,0.0,0.0,-0.05,0.1428571428571428,0.001
BIOMD0000000949,model,0.0,0.0,0.0,7,0,0.0,0.0,0.0,0.0,0.0,0.0,0.0,0.0,0.0,0.0,0.0,0.1428571428571428,0.001
BIOMD0000000949,model,0.0,0.0,0.0,7,0,0.0,0.0,0.0,0.0,0.0,0.0,0.0,0.0,0.0,0.0,0.05,0.1428571428571428,0.001
BIOMD0000000949,model,0.0,0.0,0.0,7,0,0.0,0.0,0.0,0.0,0.0,0.0,0.0,0.0,0.0,0.0,0.1,0.1428571428571428,0.001
BIOMD0000000949,model,0.0,0.0,0.0,7,0,0.0,0.0,0.0,0.0,0.0,0.0,0.0,0.0,0.0,0.0,0.2,0.1428571428571428,0.001
BIOMD0000000949,model,0.0,0.0,0.0,7,0,0.0,0.0,0.0,0.0,0.0,0.0,0.0,0.0,0.0,0.0,0.5,0.1428571428571428,0.001
BIOMD0000000950,model,0.0,0.0,0.0,7,0,0.0,0.0,0.0,0.0,0.0,0.0,0.0,0.0,0.0,0.0,-0.5,0.0,0.001
BIOMD0000000950,model,0.0,0.0,0.0,7,0,0.0,0.0,0.0,0.0,0.0,0.0,0.0,0.0,0.0,0.0,-0.2,0.0,0.001
BIOMD0000000950,model,0.0,0.0,0.0,7,0,0.0,0.0,0.0,0.0,0.0,0.0,0.0,0.0,0.0,0.0,-0.1,0.0,0.001
BIOMD0000000950,model,0.0,0.0,0.0,7,0,0.0,0.0,0.0,0.0,0.0,0.0,0.0,0.0,0.0,0.0,-0.05,0.0,0.001
BIOMD0000000950,model,0.0,0.0,0.0,7,0,0.0,0.0,0.0,0.0,0.0,0.0,0.0,0.0,0.0,0.0,0.0,0.0,0.001
BIOMD0000000950,model,0.0,0.0,0.0,7,0,0.0,0.0,0.0,0.0,0.0,0.0,0.0,0.0,0.0,0.0,0.05,0.0,0.001
BIOMD0000000950,model,0.0,0.0,0.0,7,0,0.0,0.0,0.0,0.0,0.0,0.0,0.0,0.0,0.0,0.0,0.1,0.0,0.001
BIOMD0000000950,model,0.0,0.0,0.0,7,0,0.0,0.0,0.0,0.0,0.0,0.0,0.0,0.0,0.0,0.0,0.2,0.0,0.001
BIOMD0000000950,model,0.0,0.0,0.0,7,0,0.0,0.0,0.0,0.0,0.0,0.0,0.0,0.0,0.0,0.0,0.5,0.0,0.001
BIOMD0000000951,model,,,,0,34,,,,,,,,,,,-0.5,1.0,0.001
BIOMD0000000951,model,,,,0,34,,,,,,,,,,,-0.2,1.0,0.001
BIOMD0000000951,model,,,,0,34,,,,,,,,,,,-0.1,1.0,0.001
BIOMD0000000951,model,,,,0,34,,,,,,,,,,,-0.05,1.0,0.001
BIOMD0000000951,model,,,,0,34,,,,,,,,,,,0.0,1.0,0.001
BIOMD0000000951,model,,,,0,34,,,,,,,,,,,0.05,1.0,0.001
BIOMD0000000951,model,,,,0,34,,,,,,,,,,,0.1,1.0,0.001
BIOMD0000000951,model,,,,0,34,,,,,,,,,,,0.2,1.0,0.001
BIOMD0000000951,model,,,,0,34,,,,,,,,,,,0.5,1.0,0.001
BIOMD0000000952,model,0.3017939089491495,0.0,0.9735365260803917,11,0,0.0,0.0,0.0,0.0607149328051745,0.1214298656103491,0.2018109619589601,0.5343071100171181,0.5343071100183023,0.753921818049347,0.9296135844741829,-0.5,1.0,0.001
BIOMD0000000952,model,0.3879862954650662,0.0,0.977139216483711,11,0,0.0,0.0,0.0,0.0526124131942953,0.1052248263885907,0.4852042618957881,0.5080195507309792,0.75,0.8635696082418556,0.95442529483534,-0.2,1.0,0.001
BIOMD0000000952,model,0.4042984699379388,0.0,0.9775567124634448,11,0,0.0,0.0,0.0,0.0118181250882921,0.0236362501765843,0.5097612419453283,0.5409321788314291,0.888888888888889,0.9332228006761668,0.9686899301059892,-0.1,1.0,0.001
BIOMD0000000952,model,0.4112983427992112,0.0,0.9772431958244608,11,0,0.0,0.0,0.0,0.0,0.0,0.520979572204181,0.5505894109983996,0.9473684210526316,0.962305808438546,0.974255718347278,-0.05,1.0,0.001
BIOMD0000000952,model,0.4183035212104297,0.0,1.0,11,0,0.0,0.0,0.0,0.0,0.0,0.5263384911116652,0.5538920630631732,0.9769574797372854,0.9884787398686428,0.9976957479737284,0.0,1.0,0.001
BIOMD0000000952,model,0.4156897515082045,0.0,0.9769104181719922,11,0,0.0,0.0,0.0,0.0,0.0,0.529056509449836,0.5557520363018998,0.9523809523809524,0.9646456852764722,0.9744574715928882,0.05,1.0,0.001
BIOMD0000000952,model,0.4106960033771166,0.0,0.9765361766073956,11,0,0.0,0.0,0.0,0.0,0.0,0.5046818810062916,0.5635287211447877,0.9090909090909092,0.9428135428491524,0.969791649855747,0.1,1.0,0.001
BIOMD0000000952,model,0.3986546329650558,0.0,0.9767806639302689,11,0,0.0,0.0,0.0,0.0,0.0,0.4620671546232494,0.5670116653303389,0.8333333333333334,0.9050569986318012,0.9624359308705752,0.2,1.0,0.001
BIOMD0000000952,model,0.3563887900912893,0.0,0.9771422884576076,11,0,0.0,0.0,0.0,0.0,0.0,0.4150861825413045,0.5969664029835713,0.6666666666666667,0.8219044775621371,0.9460947262785137,0.5,1.0,0.001
BIOMD0000000953,model,0.0032361403977674,0.0,0.0388336847732096,12,1,0.0,0.0,0.0,0.0,0.0,0.0,0.0,0.0,0.0174751581479443,0.0345619794481566,-0.5,1.0,0.001
BIOMD0000000953,model,0.0630131193700717,0.0,0.7561574324408608,12,1,0.0,0.0,0.0,0.0,0.0,0.0,0.0,0.0,0.3402708445983868,0.6729801148723665,-0.2,1.0,0.001
BIOMD0000000953,model,0.0734271078306353,0.0,0.8913281301671097,13,0,0.0,0.0,0.0,0.0,0.0,0.0,0.0,0.0505794173049195,0.3944658150455323,0.7919556671427936,-0.1,1.0,0.001
BIOMD0000000953,model,0.2123787981090484,0.0,0.9484643052510824,13,0,0.0,0.0,0.0,0.0,0.0,0.0,0.481268438485268,0.5289288366632049,0.7001260698521866,0.898796658171303,-0.05,1.0,0.001
BIOMD0000000953,model,0.3756983669466015,0.0,1.0,13,0,0.0,0.0,0.0,0.0,0.0,0.294364511543506,0.7118977810176838,0.8718110493406028,0.9450683781401146,0.9890136756280228,0.0,1.0,0.001
BIOMD0000000953,model,0.2964986770239183,0.0,0.95327981921917,13,0,0.0,0.0,0.0,0.0,0.0,0.0,0.7216890241789778,0.7782408258317989,0.8548073089777416,0.9335853171708842,0.05,1.0,0.001
BIOMD0000000953,model,0.1773447936572121,0.0,0.910730333412608,13,0,0.0,0.0,0.0,0.0,0.0,0.0,0.4353974550290482,0.5201824783970153,0.6856350418752561,0.8657112751051375,0.1,1.0,0.001
BIOMD0000000953,model,0.0680952383214729,0.0,0.8360926236990153,13,0,0.0,0.0,0.0,0.0,0.0,0.0,0.0,0.0393163795841068,0.3639243341676851,0.7416589657927487,0.2,1.0,0.001
BIOMD0000000953,model,0.0516227844783989,0.0,0.6710961982191858,13,0,0.0,0.0,0.0,0.0,0.0,0.0,0.0,0.0,0.2684384792876733,0.5905646544328828,0.5,1.0,0.001
BIOMD0000000954,model,0.0,0.0,0.0,18,0,0.0,0.0,0.0,0.0,0.0,0.0,0.0,0.0,0.0,0.0,-0.5,1.0,0.001
BIOMD0000000954,model,0.0,0.0,0.0,18,0,0.0,0.0,0.0,0.0,0.0,0.0,0.0,0.0,0.0,0.0,-0.2,1.0,0.001
BIOMD0000000954,model,0.0,0.0,0.0,18,0,0.0,0.0,0.0,0.0,0.0,0.0,0.0,0.0,0.0,0.0,-0.1,1.0,0.001
BIOMD0000000954,model,0.0,0.0,0.0,18,0,0.0,0.0,0.0,0.0,0.0,0.0,0.0,0.0,0.0,0.0,-0.05,1.0,0.001
BIOMD0000000954,model,0.0,0.0,0.0,18,0,0.0,0.0,0.0,0.0,0.0,0.0,0.0,0.0,0.0,0.0,0.0,1.0,0.001
BIOMD0000000954,model,0.0,0.0,0.0,17,1,0.0,0.0,0.0,0.0,0.0,0.0,0.0,0.0,0.0,0.0,0.05,1.0,0.001
BIOMD0000000954,model,0.0,0.0,0.0,17,1,0.0,0.0,0.0,0.0,0.0,0.0,0.0,0.0,0.0,0.0,0.1,1.0,0.001
BIOMD0000000954,model,0.0,0.0,0.0,17,1,0.0,0.0,0.0,0.0,0.0,0.0,0.0,0.0,0.0,0.0,0.2,1.0,0.001
BIOMD0000000954,model,0.0,0.0,0.0,18,0,0.0,0.0,0.0,0.0,0.0,0.0,0.0,0.0,0.0,0.0,0.5,1.0,0.001
BIOMD0000000955,model,0.9999728371860036,0.9999728371860036,0.9999728371860036,1,7,0.9999728371860036,0.9999728371860036,0.9999728371860036,0.9999728371860036,0.9999728371860036,0.9999728371860036,0.9999728371860036,0.9999728371860036,0.9999728371860036,0.9999728371860036,-0.5,1.0,0.001
BIOMD0000000955,model,0.999634340318518,0.999634340318518,0.999634340318518,1,7,0.999634340318518,0.999634340318518,0.999634340318518,0.999634340318518,0.999634340318518,0.999634340318518,0.999634340318518,0.999634340318518,0.999634340318518,0.999634340318518,-0.2,1.0,0.001
BIOMD0000000955,model,0.998641607515734,0.998641607515734,0.998641607515734,1,7,0.998641607515734,0.998641607515734,0.998641607515734,0.998641607515734,0.998641607515734,0.998641607515734,0.998641607515734,0.998641607515734,0.998641607515734,0.998641607515734,-0.1,1.0,0.001
BIOMD0000000955,model,0.9971836322481564,0.9971836322481564,0.9971836322481564,1,7,0.9971836322481564,0.9971836322481564,0.9971836322481564,0.9971836322481564,0.9971836322481564,0.9971836322481564,0.9971836322481564,0.9971836322481564,0.9971836322481564,0.9971836322481564,-0.05,1.0,0.001
BIOMD0000000955,model,0.9938443389573756,0.9938443389573756,0.9938443389573756,1,7,0.9938443389573756,0.9938443389573756,0.9938443389573756,0.9938443389573756,0.9938443389573756,0.9938443389573756,0.9938443389573756,0.9938443389573756,0.9938443389573756,0.9938443389573756,0.0,1.0,0.001
BIOMD0000000955,model,0.4928803171754907,0.0,0.9857606343509814,2,6,0.049288031717549,0.0985760634350981,0.1971521268701963,0.2464401585877453,0.2957281903052944,0.4928803171754907,0.7886085074807851,0.8871845709158832,0.9364726026334322,0.9759030280074716,0.05,1.0,0.001
BIOMD0000000955,model,0.4828082609985087,0.0,0.9656165219970176,2,6,0.0482808260998508,0.0965616521997017,0.1931233043994035,0.2414041304992543,0.2896849565991052,0.4828082609985087,0.772493217597614,0.8690548697973158,0.9173356958971666,0.9559603567770474,0.1,1.0,0.001
BIOMD0000000955,model,0.1666709471118589,0.0,0.833354735559295,5,3,0.0,0.0,0.0,0.0,0.0,0.0,0.1666709471118591,0.5000128413355771,0.6666837884474358,0.8000205461369231,0.2,1.0,0.001
BIOMD0000000955,model,0.0,0.0,0.0,8,0,0.0,0.0,0.0,0.0,0.0,0.0,0.0,0.0,0.0,0.0,0.5,1.0,0.001
BIOMD0000000956,model,0.0,0.0,0.0,1,2,0.0,0.0,0.0,0.0,0.0,0.0,0.0,0.0,0.0,0.0,-0.5,0.3333333333333333,0.001
BIOMD0000000956,model,0.0,0.0,0.0,3,0,0.0,0.0,0.0,0.0,0.0,0.0,0.0,0.0,0.0,0.0,-0.2,0.3333333333333333,0.001
BIOMD0000000956,model,0.0,0.0,0.0,3,0,0.0,0.0,0.0,0.0,0.0,0.0,0.0,0.0,0.0,0.0,-0.1,0.3333333333333333,0.001
BIOMD0000000956,model,0.0,0.0,0.0,3,0,0.0,0.0,0.0,0.0,0.0,0.0,0.0,0.0,0.0,0.0,-0.05,0.3333333333333333,0.001
BIOMD0000000956,model,0.0,0.0,0.0,3,0,0.0,0.0,0.0,0.0,0.0,0.0,0.0,0.0,0.0,0.0,0.0,0.3333333333333333,0.001
BIOMD0000000956,model,0.0630336460010585,0.0,0.1891009380031755,3,0,0.0,0.0,0.0,0.0,0.0,0.0,0.1134605628019053,0.1512807504025404,0.1701908442028579,0.185318919243112,0.05,0.3333333333333333,0.001
BIOMD0000000956,model,0.1619700636490579,0.0,0.4859101909471738,3,0,0.0,0.0,0.0,0.0,0.0,0.0,0.2915461145683043,0.3887281527577391,0.4373191718524564,0.4761919871282303,0.1,0.3333333333333333,0.001
BIOMD0000000956,model,0.1678779129758084,0.0,0.5036337389274252,3,0,0.0,0.0,0.0,0.0,0.0,0.0,0.3021802433564552,0.4029069911419402,0.4532703650346826,0.4935610641488767,0.2,0.3333333333333333,0.001
BIOMD0000000956,model,0.1729688699260207,0.0,0.5189066097780622,3,0,0.0,0.0,0.0,0.0,0.0,0.0,0.3113439658668374,0.4151252878224498,0.467015948800256,0.508528477582501,0.5,0.3333333333333333,0.001
BIOMD0000000957,model,0.2436238786435824,0.0,0.9744955145743298,4,0,0.0,0.0,0.0,0.0,0.0,0.0,0.3897982058297323,0.6821468602020311,0.82832118738818,0.9452606491370996,-0.5,1.0,0.001
BIOMD0000000957,model,0.2458542410995531,0.0,0.9834169643982124,4,0,0.0,0.0,0.0,0.0,0.0,0.0,0.3933667857592853,0.6883918750787488,0.8359044197384802,0.9539144554662656,-0.2,1.0,0.001
BIOMD0000000957,model,0.1857435494256722,0.0,0.742974197702689,4,0,0.0,0.0,0.0,0.0,0.0,0.0,0.2971896790810758,0.5200819383918824,0.6315280680472855,0.7206849717716082,-0.1,1.0,0.001
BIOMD0000000957,model,0.1435121372224042,0.0,0.574048548889617,4,0,0.0,0.0,0.0,0.0,0.0,0.0,0.229619419555847,0.401833984222732,0.4879412665561742,0.5568270924229284,-0.05,1.0,0.001
BIOMD0000000957,model,0.1022783248445637,0.0,0.4091132993782551,4,0,0.0,0.0,0.0,0.0,0.0,0.0,0.1636453197513022,0.2863793095647786,0.3477463044715167,0.3968399003969073,0.0,1.0,0.001
BIOMD0000000957,model,0.0578493683594433,0.0,0.2313974734377732,4,0,0.0,0.0,0.0,0.0,0.0,0.0,0.0925589893751093,0.1619782314064413,0.1966878524221071,0.2244555492346399,0.05,1.0,0.001
BIOMD0000000957,model,0.0099074757970019,0.0,0.0396299031880077,4,0,0.0,0.0,0.0,0.0,0.0,0.0,0.0158519612752031,0.0277409322316054,0.0336854177098065,0.0384410060923674,0.1,1.0,0.001
BIOMD0000000957,model,0.0,0.0,0.0,4,0,0.0,0.0,0.0,0.0,0.0,0.0,0.0,0.0,0.0,0.0,0.2,1.0,0.001
BIOMD0000000957,model,0.0,0.0,0.0,4,0,0.0,0.0,0.0,0.0,0.0,0.0,0.0,0.0,0.0,0.0,0.5,1.0,0.001
BIOMD0000000958,model,0.012559089502095,0.0,0.1004727160167605,8,0,0.0,0.0,0.0,0.0,0.0,0.0,0.0,0.0301418148050281,0.0653072654108943,0.0934396258955873,-0.5,0.875,0.001
BIOMD0000000958,model,0.0034268135992127,0.0,0.0274145087937017,8,0,0.0,0.0,0.0,0.0,0.0,0.0,0.0,0.0082243526381105,0.0178194307159061,0.0254954931781426,-0.2,0.875,0.001
BIOMD0000000958,model,0.0033249333687916,0.0,0.0265994669503329,8,0,0.0,0.0,0.0,0.0,0.0,0.0,0.0,0.0079798400850998,0.0172896535177164,0.0247375042638096,-0.1,0.875,0.001
BIOMD0000000958,model,0.0030095531899815,0.0,0.0240764255198527,8,0,0.0,0.0,0.0,0.0,0.0,0.0,0.0,0.0072229276559558,0.0156496765879042,0.022391075733463,-0.05,0.875,0.001
BIOMD0000000958,model,0.0027440893382201,0.0,0.0219527147057611,8,0,0.0,0.0,0.0,0.0,0.0,0.0,0.0,0.0065858144117283,0.0142692645587447,0.0204160246763578,0.0,0.875,0.001
BIOMD0000000958,model,0.0025180828351914,0.0,0.0201446626815315,8,0,0.0,0.0,0.0,0.0,0.0,0.0,0.0,0.0060433988044594,0.0130940307429954,0.0187345362938243,0.05,0.875,0.001
BIOMD0000000958,model,0.0,0.0,0.0,8,0,0.0,0.0,0.0,0.0,0.0,0.0,0.0,0.0,0.0,0.0,0.1,0.875,0.001
BIOMD0000000958,model,0.0014687780494197,0.0,0.0117502243953583,8,0,0.0,0.0,0.0,0.0,0.0,0.0,0.0,0.0035250673186074,0.0076376458569829,0.0109277086876832,0.2,0.875,0.001
BIOMD0000000958,model,0.0014798427753062,0.0,0.0118387422024497,8,0,0.0,0.0,0.0,0.0,0.0,0.0,0.0,0.0035516226607349,0.0076951824315923,0.0110100302482782,0.5,0.875,0.001
BIOMD0000000959,model,0.0,0.0,0.0,41,0,0.0,0.0,0.0,0.0,0.0,0.0,0.0,0.0,0.0,0.0,-0.5,1.0,0.001
BIOMD0000000959,model,0.0,0.0,0.0,41,0,0.0,0.0,0.0,0.0,0.0,0.0,0.0,0.0,0.0,0.0,-0.2,1.0,0.001
BIOMD0000000959,model,0.0,0.0,0.0,41,0,0.0,0.0,0.0,0.0,0.0,0.0,0.0,0.0,0.0,0.0,-0.1,1.0,0.001
BIOMD0000000959,model,0.0,0.0,0.0,41,0,0.0,0.0,0.0,0.0,0.0,0.0,0.0,0.0,0.0,0.0,-0.05,1.0,0.001
BIOMD0000000959,model,0.0,0.0,0.0,41,0,0.0,0.0,0.0,0.0,0.0,0.0,0.0,0.0,0.0,0.0,0.0,1.0,0.001
BIOMD0000000959,model,0.0,0.0,0.0,41,0,0.0,0.0,0.0,0.0,0.0,0.0,0.0,0.0,0.0,0.0,0.05,1.0,0.001
BIOMD0000000959,model,0.0,0.0,0.0,41,0,0.0,0.0,0.0,0.0,0.0,0.0,0.0,0.0,0.0,0.0,0.1,1.0,0.001
BIOMD0000000959,model,0.0,0.0,0.0,41,0,0.0,0.0,0.0,0.0,0.0,0.0,0.0,0.0,0.0,0.0,0.2,1.0,0.001
BIOMD0000000959,model,0.0,0.0,0.0,41,0,0.0,0.0,0.0,0.0,0.0,0.0,0.0,0.0,0.0,0.0,0.5,1.0,0.001
BIOMD0000000960,model,0.1191758174379124,0.0,0.9534065395032996,8,0,0.0,0.0,0.0,0.0,0.0,0.0,0.0,0.2860219618509896,0.6197142506771441,0.8866680817380682,-0.5,0.5,0.001
BIOMD0000000960,model,0.1163220419645515,0.0,0.9305763357164122,8,0,0.0,0.0,0.0,0.0,0.0,0.0,0.0,0.2791729007149235,0.6048746182156675,0.8654359922162631,-0.2,0.5,0.001
BIOMD0000000960,model,0.110682630907825,0.0,0.8854610472626007,8,0,0.0,0.0,0.0,0.0,0.0,0.0,0.0,0.26563831417878,0.5755496807206899,0.8234787739542184,-0.1,0.5,0.001
BIOMD0000000960,model,0.1061282032303655,0.0,0.8490256258429247,8,0,0.0,0.0,0.0,0.0,0.0,0.0,0.0,0.2547076877528773,0.5518666567979007,0.7895938320339198,-0.05,0.5,0.001
BIOMD0000000960,model,0.0998802301033703,0.0,0.7990418408269627,8,0,0.0,0.0,0.0,0.0,0.0,0.0,0.0,0.2397125522480886,0.5193771965375253,0.7431089119690751,0.0,0.5,0.001
BIOMD0000000960,model,0.0914341163008779,0.0,0.7314729304070237,8,0,0.0,0.0,0.0,0.0,0.0,0.0,0.0,0.2194418791221069,0.475457404764565,0.6802698252785317,0.05,0.5,0.001
BIOMD0000000960,model,0.0802193840632834,0.0,0.6417550725062676,8,0,0.0,0.0,0.0,0.0,0.0,0.0,0.0,0.1925265217518801,0.4171407971290736,0.5968322174308287,0.1,0.5,0.001
BIOMD0000000960,model,0.046980831592561,0.0,0.3758466527404885,8,0,0.0,0.0,0.0,0.0,0.0,0.0,0.0,0.1127539958221465,0.2443003242813173,0.3495373870486543,0.2,0.5,0.001
BIOMD0000000960,model,0.0,0.0,0.0,8,0,0.0,0.0,0.0,0.0,0.0,0.0,0.0,0.0,0.0,0.0,0.5,0.5,0.001
BIOMD0000000962,model,0.0,0.0,0.0,4,0,0.0,0.0,0.0,0.0,0.0,0.0,0.0,0.0,0.0,0.0,-0.5,0.75,0.001
BIOMD0000000962,model,0.0,0.0,0.0,4,0,0.0,0.0,0.0,0.0,0.0,0.0,0.0,0.0,0.0,0.0,-0.2,0.75,0.001
BIOMD0000000962,model,0.0,0.0,0.0,4,0,0.0,0.0,0.0,0.0,0.0,0.0,0.0,0.0,0.0,0.0,-0.1,0.75,0.001
BIOMD0000000962,model,0.0,0.0,0.0,4,0,0.0,0.0,0.0,0.0,0.0,0.0,0.0,0.0,0.0,0.0,-0.05,0.75,0.001
BIOMD0000000962,model,0.0,0.0,0.0,4,0,0.0,0.0,0.0,0.0,0.0,0.0,0.0,0.0,0.0,0.0,0.0,0.75,0.001
BIOMD0000000962,model,0.0,0.0,0.0,4,0,0.0,0.0,0.0,0.0,0.0,0.0,0.0,0.0,0.0,0.0,0.05,0.75,0.001
BIOMD0000000962,model,0.0461954887146119,0.0,0.1847819548584476,4,0,0.0,0.0,0.0,0.0,0.0,0.0,0.0739127819433791,0.1293473684009133,0.1570646616296803,0.1792384962126941,0.1,0.75,0.001
BIOMD0000000962,model,0.1712539717928237,0.0,0.6850158871712951,4,0,0.0,0.0,0.0,0.0,0.0,0.0,0.2740063548685183,0.4795111210199067,0.5822635040956006,0.6644654105561562,0.2,0.75,0.001
BIOMD0000000962,model,0.169709503625644,0.0,0.678838014502576,4,0,0.0,0.0,0.0,0.0,0.0,0.0,0.2715352058010306,0.4751866101518033,0.5770123123271893,0.6584728740674985,0.5,0.75,0.001
BIOMD0000000963,model,0.0,0.0,0.0,3,0,0.0,0.0,0.0,0.0,0.0,0.0,0.0,0.0,0.0,0.0,-0.5,1.0,0.001
BIOMD0000000963,model,0.0,0.0,0.0,3,0,0.0,0.0,0.0,0.0,0.0,0.0,0.0,0.0,0.0,0.0,-0.2,1.0,0.001
BIOMD0000000963,model,0.0,0.0,0.0,3,0,0.0,0.0,0.0,0.0,0.0,0.0,0.0,0.0,0.0,0.0,-0.1,1.0,0.001
BIOMD0000000963,model,0.0,0.0,0.0,3,0,0.0,0.0,0.0,0.0,0.0,0.0,0.0,0.0,0.0,0.0,-0.05,1.0,0.001
BIOMD0000000963,model,0.0,0.0,0.0,3,0,0.0,0.0,0.0,0.0,0.0,0.0,0.0,0.0,0.0,0.0,0.0,1.0,0.001
BIOMD0000000963,model,0.1025518321796354,0.0,0.3076554965389063,3,0,0.0,0.0,0.0,0.0,0.0,0.0,0.1845932979233438,0.246124397231125,0.2768899468850156,0.3015023866081282,0.05,1.0,0.001
BIOMD0000000963,model,0.2007207182423303,0.0,0.602162154726991,3,0,0.0,0.0,0.0,0.0,0.0,0.0,0.3612972928361946,0.4817297237815928,0.5419459392542918,0.5901189116324511,0.1,1.0,0.001
BIOMD0000000963,model,0.2131528695924293,0.0,0.6394586087772879,3,0,0.0,0.0,0.0,0.0,0.0,0.0,0.3836751652663728,0.5115668870218304,0.5755127478995591,0.6266694366017421,0.2,1.0,0.001
BIOMD0000000963,model,0.1490941393572319,0.0,0.4472824180716957,3,0,0.0,0.0,0.0,0.0,0.0,0.0,0.2683694508430174,0.3578259344573566,0.4025541762645261,0.4383367697102618,0.5,1.0,0.001
BIOMD0000000964,model,0.0,0.0,0.0,6,0,0.0,0.0,0.0,0.0,0.0,0.0,0.0,0.0,0.0,0.0,-0.5,1.0,0.001
BIOMD0000000964,model,0.0,0.0,0.0,6,0,0.0,0.0,0.0,0.0,0.0,0.0,0.0,0.0,0.0,0.0,-0.2,1.0,0.001
BIOMD0000000964,model,0.0,0.0,0.0,6,0,0.0,0.0,0.0,0.0,0.0,0.0,0.0,0.0,0.0,0.0,-0.1,1.0,0.001
BIOMD0000000964,model,0.0280137673995481,0.0,0.1680826043972891,6,0,0.0,0.0,0.0,0.0,0.0,0.0,0.0,0.0840413021986445,0.1260619532979668,0.1596784741774247,-0.05,1.0,0.001
BIOMD0000000964,model,0.1172906623584276,0.0,0.7037439741505657,6,0,0.0,0.0,0.0,0.0,0.0,0.0,0.0,0.3518719870752828,0.5278079806129242,0.6685567754430375,0.0,1.0,0.001
BIOMD0000000964,model,0.0057920967781813,0.0,0.0347525806690879,6,0,0.0,0.0,0.0,0.0,0.0,0.0,0.0,0.0173762903345439,0.0260644355018159,0.0330149516356335,0.05,1.0,0.001
BIOMD0000000964,model,0.0,0.0,0.0,6,0,0.0,0.0,0.0,0.0,0.0,0.0,0.0,0.0,0.0,0.0,0.1,1.0,0.001
BIOMD0000000964,model,0.0,0.0,0.0,6,0,0.0,0.0,0.0,0.0,0.0,0.0,0.0,0.0,0.0,0.0,0.2,1.0,0.001
BIOMD0000000964,model,0.0,0.0,0.0,6,0,0.0,0.0,0.0,0.0,0.0,0.0,0.0,0.0,0.0,0.0,0.5,1.0,0.001
BIOMD0000000965,model,0.5373869869421284,0.0,0.999999999999984,5,0,0.0939492302066796,0.1878984604133592,0.3757969208267184,0.4697461510333979,0.4702523916583276,0.4722773541580464,0.7959291436153676,0.8979645718076757,0.9489822859038298,0.989796457180753,-0.5,1.0,0.001
BIOMD0000000965,model,0.4933176874666284,0.0,0.9999999999999843,5,0,0.0696667306363483,0.1393334612726966,0.2786669225453932,0.3483336531817415,0.3499822859316668,0.3565768169313681,0.8093423737760357,0.90467118688801,0.9523355934439972,0.9904671186887868,-0.2,1.0,0.001
BIOMD0000000965,model,0.43887735794688,0.0,0.9999999999999842,5,0,0.0464871436439049,0.0929742872878098,0.1859485745756197,0.2324357182195246,0.2347309327797063,0.2439117910204332,0.7744314243955633,0.8872157121977738,0.943607856098879,0.9887215712197632,-0.1,1.0,0.001
BIOMD0000000965,model,0.3967769810123097,0.0,0.9999999999999846,5,0,0.0259408328970762,0.0518816657941525,0.103763331588305,0.1297041644853812,0.135156013669224,0.1569634104045949,0.7577738641372671,0.8788869320686258,0.9394434660343052,0.9878886932068488,-0.05,1.0,0.001
BIOMD0000000965,model,0.3425466583275808,0.0,0.9999999999999846,5,0,0.0012236460176628,0.0024472920353257,0.0048945840706515,0.0061182300883144,0.0106095996726347,0.0285750780099161,0.7424319868317484,0.8712159934158664,0.9356079967079254,0.9871215993415728,0.0,1.0,0.001
BIOMD0000000965,model,0.332418262889021,0.0,0.9999999999999848,5,0,0.0,0.0,0.0,0.0,0.0,0.0,0.7296730515560932,0.8648365257780389,0.932418262889012,0.98648365257779,0.05,1.0,0.001
BIOMD0000000965,model,0.3294238007920008,0.0,0.999999999999985,5,0,0.0,0.0,0.0,0.0,0.0,0.0,0.7176952031680122,0.8588476015839985,0.9294238007919916,0.9858847601583864,0.1,1.0,0.001
BIOMD0000000965,model,0.32423803996212,0.0,0.9999999999999852,5,0,0.0,0.0,0.0,0.0,0.0,0.0,0.696952159848489,0.8484760799242371,0.9242380399621112,0.9848476079924104,0.2,1.0,0.001
BIOMD0000000965,model,0.3107381593597248,0.0,0.9999999999999852,5,0,0.0,0.0,0.0,0.0,0.0,0.0,0.6429526374389083,0.8214763187194467,0.9107381593597158,0.9821476318719312,0.5,1.0,0.001
BIOMD0000000966,model,0.8868081425076129,0.5365645110220579,0.9991580439305696,7,0,0.6209940107460973,0.7054235104701366,0.835311758990018,0.8612851323217613,0.8872585056535046,0.9591197578663534,0.9956987717300132,0.9973131052840838,0.9982355746073268,0.998973550065921,-0.5,1.0,0.001
BIOMD0000000966,model,0.9426848371908466,0.82088841175522,0.9996420422643127,7,0,0.8250183457800037,0.8291482798047874,0.860087580791134,0.8982366642210864,0.9363857476510388,0.984979909146992,0.9986580333307408,0.9991528164910202,0.9993974293776664,0.9995931196869836,-0.2,1.0,0.001
BIOMD0000000966,model,0.9589386641635466,0.82149846891244,0.999716426955202,7,0,0.8552228112721562,0.8889471536318722,0.9411157545808476,0.9519199712848788,0.9627241879889102,0.989717787995072,0.9990141928023604,0.99934115904197,0.999528792998586,0.9996789001638788,-0.1,1.0,0.001
BIOMD0000000966,model,0.9637173956554176,0.8217576022702042,0.9997454591385646,7,0,0.8636939914531034,0.9056303806360028,0.9638504224250062,0.9673077067427128,0.9707649910604196,0.9916986017369884,0.9991559762676184,0.9994132213316964,0.9995793402351306,0.9997122353578778,-0.05,1.0,0.001
BIOMD0000000966,model,0.9570337789834832,0.8219918948332136,0.9997705812236424,7,0,0.8482884182214304,0.8745849416096474,0.9228754833324612,0.942718249140248,0.9625610149480348,0.9934945116277396,0.9992734744418964,0.9994731135474952,0.9996218473855688,0.9997408344560276,0.0,1.0,0.001
BIOMD0000000966,model,0.9501348218097184,0.822204910743413,0.9997930305571032,7,0,0.8329289962772845,0.8436530818111561,0.8820001561088507,0.9180725964876498,0.9541450368664488,0.9945469060514188,0.9991837809408234,0.9994502506955056,0.9996216406263044,0.9997587525709434,0.05,1.0,0.001
BIOMD0000000966,model,0.9427794630190346,0.8058136585592839,0.9998133576730438,7,0,0.8107893542157409,0.8157650498721979,0.853993147892805,0.9013839036108016,0.948774659328798,0.9932112715663524,0.9989929147527196,0.9993482285993448,0.9995807931361944,0.999766844765674,0.1,1.0,0.001
BIOMD0000000966,model,0.9264751739932274,0.7012213375499671,0.9997370893151952,7,0,0.7376773521135223,0.7741333666770773,0.8529345661506669,0.8982243362339408,0.9435141063172148,0.9907770519076132,0.9986598248658516,0.9991262472495428,0.999431668282369,0.99967600510863,0.2,1.0,0.001
BIOMD0000000966,model,0.8764130072048195,0.3881286665703012,0.9994095411738516,7,0,0.5187407103779071,0.649352754185513,0.8473827934816388,0.8832037648106159,0.9190247361395928,0.9853739676002036,0.9979264435095953,0.998575990885506,0.9989927660296788,0.999326186145017,0.5,1.0,0.001
BIOMD0000000967,model,0.0183111721312355,0.0,0.0732446885249421,4,0,0.0,0.0,0.0,0.0,0.0,0.0,0.0292978754099768,0.0512712819674594,0.0622579852462007,0.0710473478691938,-0.5,1.0,0.001
BIOMD0000000967,model,0.0234614511851065,0.0,0.093845804740426,4,0,0.0,0.0,0.0,0.0,0.0,0.0,0.0375383218961704,0.0656920633182982,0.079768934029362,0.0910304305982132,-0.2,1.0,0.001
BIOMD0000000967,model,0.0251849810704899,0.0,0.1007399242819599,4,0,0.0,0.0,0.0,0.0,0.0,0.0,0.040295969712784,0.0705179469973719,0.0856289356396658,0.0977177265535011,-0.1,1.0,0.001
BIOMD0000000967,model,0.0260475946400051,0.0,0.1041903785600207,4,0,0.0,0.0,0.0,0.0,0.0,0.0,0.0416761514240083,0.0729332649920145,0.0885618217760176,0.1010646672032201,-0.05,1.0,0.001
BIOMD0000000967,model,0.0269107260615326,0.0,0.1076429042461304,4,0,0.0,0.0,0.0,0.0,0.0,0.0,0.0430571616984522,0.0753500329722913,0.0914964686092108,0.1044136171187464,0.0,1.0,0.001
BIOMD0000000967,model,0.0277741229702609,0.0,0.1110964918810438,4,0,0.0,0.0,0.0,0.0,0.0,0.0,0.0444385967524175,0.0777675443167306,0.0944320180988871,0.1077635971246124,0.05,1.0,0.001
BIOMD0000000967,model,0.0286379797998419,0.0,0.1145519191993678,4,0,0.0,0.0,0.0,0.0,0.0,0.0,0.0458207676797471,0.0801863434395575,0.0973691313194626,0.1111153616233867,0.1,1.0,0.001
BIOMD0000000967,model,0.030366442056933,0.0,0.121465768227732,4,0,0.0,0.0,0.0,0.0,0.0,0.0,0.0485863072910928,0.0850260377594124,0.1032459029935722,0.1178217951809,0.2,1.0,0.001
BIOMD0000000967,model,0.0355564936349682,0.0,0.1422259745398731,4,0,0.0,0.0,0.0,0.0,0.0,0.0,0.0568903898159493,0.0995581821779112,0.1208920783588921,0.1379591953036769,0.5,1.0,0.001
BIOMD0000000968,model,0.3626994869155541,0.0,0.9093416287072176,9,1,0.0,0.0,0.046399739536569,0.077332899227615,0.1596081061774117,0.3040934117032859,0.6444985531414414,0.8301048910738578,0.8697232598905376,0.9014179549438814,-0.5,1.0,0.001
BIOMD0000000968,model,0.7384856515855367,0.3595776982586207,0.9728589748113202,9,1,0.382143428557615,0.4047091588566093,0.6045981283358243,0.7303355312223028,0.7515656662592068,0.7944111374143294,0.8855661622881655,0.9450438382570976,0.9589514065342089,0.970077461155898,-0.2,1.0,0.001
BIOMD0000000968,model,0.8224824427806592,0.5237770708628562,0.9877010888048804,9,1,0.5438933031168084,0.5640095353707606,0.7032666075332469,0.7893992448902536,0.8200503024238298,0.8699670448744765,0.9497330512461348,0.9708186421281666,0.9792598654665235,0.9860128441372092,-0.1,1.0,0.001
BIOMD0000000968,model,0.8533749813119579,0.6055911430897865,0.9927052188853904,9,1,0.6276956946149524,0.6498002461401184,0.7217736173922539,0.7623876810519554,0.8118352163653886,0.9186888724507016,0.9652929418159458,0.9756765413886168,0.9841908801370036,0.991002351135713,-0.05,1.0,0.001
BIOMD0000000968,model,0.8724022674847609,0.6862345328000932,0.9938326106247294,9,1,0.7047863558881098,0.7233381789761264,0.7432257688574714,0.7503002210823625,0.7844134056821532,0.9300476690327428,0.9774772549750574,0.984220607752654,0.9890266091886918,0.992871410337522,0.0,1.0,0.001
BIOMD0000000968,model,0.869573884806496,0.6985509671837535,0.9922128995542502,9,1,0.7253259572793914,0.7521009473750293,0.775440375124894,0.7820749969262579,0.7895552942721753,0.8782788148562596,0.9706267949255744,0.9792016543373024,0.9857072769457764,0.9909117750325556,0.05,1.0,0.001
BIOMD0000000968,model,0.8481826836192051,0.6664401107341704,0.9890718574620132,9,1,0.6890073994561475,0.7115746881781246,0.7277001785373279,0.7309280758694711,0.7688244900868761,0.8424949960281137,0.9584740006707424,0.97206206792336,0.9805669626926866,0.987370878508148,0.1,1.0,0.001
BIOMD0000000968,model,0.7858964807687571,0.5195171394969403,0.9838181079172292,9,1,0.5545420350235204,0.5895669305501005,0.6221849522334926,0.6322553348468939,0.6671515440230094,0.8763051822926456,0.9151886154404728,0.9503796362585448,0.9670988720878868,0.9804742607513608,0.2,1.0,0.001
BIOMD0000000968,model,0.5717439927301109,0.0,0.9677867244898036,9,1,0.1483070055010832,0.2966140110021665,0.3731443281554951,0.3747288710906865,0.4093261750652834,0.5899230914692591,0.8200901053999176,0.8946339586428234,0.9312103415663134,0.9604714479051056,0.5,1.0,0.001
BIOMD0000000969,model,0.1321301561070224,0.0,0.9894103702487872,28,0,0.0,0.0,0.0,0.0,0.0,0.0,0.0,0.8674072271301204,0.9372715376003188,0.983158228625688,-0.5,1.0,0.001
BIOMD0000000969,model,0.1321187678009512,0.0,0.9893987922155796,28,0,0.0,0.0,0.0,0.0,0.0,0.0,0.0,0.8672595061689368,0.9372109650112048,0.9831381808715924,-0.2,1.0,0.001
BIOMD0000000969,model,0.1320887604275061,0.0,0.9893686080413856,28,0,0.0,0.0,0.0,0.0,0.0,0.0,0.0,0.8668703514650011,0.9370511056926232,0.9830856829606562,-0.1,1.0,0.001
BIOMD0000000969,model,0.1320433059322796,0.0,0.9893216316921316,28,0,0.0,0.0,0.0,0.0,0.0,0.0,0.0,0.8662850774142831,0.9368059111665324,0.9830043184886912,-0.05,1.0,0.001
BIOMD0000000969,model,0.1319355664217209,0.0,0.9892077539039984,28,0,0.0,0.0,0.0,0.0,0.0,0.0,0.0,0.8649064848552404,0.9362184319686908,0.9828076780750432,0.0,1.0,0.001
BIOMD0000000969,model,0.1316681871602277,0.0,0.9889190411882331,28,0,0.0,0.0,0.0,0.0,0.0,0.0,0.0,0.8615067035070303,0.934744727114775,0.98231038848327,0.05,1.0,0.001
BIOMD0000000969,model,0.1309843845649762,0.0,0.9881659394819688,28,0,0.0,0.0,0.0,0.0,0.0,0.0,0.0,0.8528663559333268,0.9309356057053092,0.9810155263122368,0.1,1.0,0.001
BIOMD0000000969,model,0.1248570787479498,0.0,0.981192444062286,28,0,0.0,0.0,0.0,0.0,0.0,0.0,0.0,0.7764100268431546,0.8960638425507035,0.969019914160245,0.2,1.0,0.001
BIOMD0000000969,model,0.0368427728300146,0.0,0.806532094221011,28,0,0.0,0.0,0.0,0.0,0.0,0.0,0.0,0.0,0.1462926042626086,0.6495361259365758,0.5,1.0,0.001
BIOMD0000000970,model,0.0,0.0,0.0,4,0,0.0,0.0,0.0,0.0,0.0,0.0,0.0,0.0,0.0,0.0,-0.5,0.75,0.001
BIOMD0000000970,model,0.0,0.0,0.0,4,0,0.0,0.0,0.0,0.0,0.0,0.0,0.0,0.0,0.0,0.0,-0.2,0.75,0.001
BIOMD0000000970,model,0.0,0.0,0.0,4,0,0.0,0.0,0.0,0.0,0.0,0.0,0.0,0.0,0.0,0.0,-0.1,0.75,0.001
BIOMD0000000970,model,0.0,0.0,0.0,4,0,0.0,0.0,0.0,0.0,0.0,0.0,0.0,0.0,0.0,0.0,-0.05,0.75,0.001
BIOMD0000000970,model,0.0,0.0,0.0,4,0,0.0,0.0,0.0,0.0,0.0,0.0,0.0,0.0,0.0,0.0,0.0,0.75,0.001
BIOMD0000000970,model,0.0,0.0,0.0,4,0,0.0,0.0,0.0,0.0,0.0,0.0,0.0,0.0,0.0,0.0,0.05,0.75,0.001
BIOMD0000000970,model,0.0,0.0,0.0,4,0,0.0,0.0,0.0,0.0,0.0,0.0,0.0,0.0,0.0,0.0,0.1,0.75,0.001
BIOMD0000000970,model,0.0,0.0,0.0,4,0,0.0,0.0,0.0,0.0,0.0,0.0,0.0,0.0,0.0,0.0,0.2,0.75,0.001
BIOMD0000000970,model,0.0,0.0,0.0,4,0,0.0,0.0,0.0,0.0,0.0,0.0,0.0,0.0,0.0,0.0,0.5,0.75,0.001
BIOMD0000000971,model,0.0,0.0,0.0,8,0,0.0,0.0,0.0,0.0,0.0,0.0,0.0,0.0,0.0,0.0,-0.5,1.0,0.001
BIOMD0000000971,model,0.0,0.0,0.0,8,0,0.0,0.0,0.0,0.0,0.0,0.0,0.0,0.0,0.0,0.0,-0.2,1.0,0.001
BIOMD0000000971,model,0.0,0.0,0.0,8,0,0.0,0.0,0.0,0.0,0.0,0.0,0.0,0.0,0.0,0.0,-0.1,1.0,0.001
BIOMD0000000971,model,0.0,0.0,0.0,8,0,0.0,0.0,0.0,0.0,0.0,0.0,0.0,0.0,0.0,0.0,-0.05,1.0,0.001
BIOMD0000000971,model,0.0,0.0,0.0,8,0,0.0,0.0,0.0,0.0,0.0,0.0,0.0,0.0,0.0,0.0,0.0,1.0,0.001
BIOMD0000000971,model,0.0,0.0,0.0,8,0,0.0,0.0,0.0,0.0,0.0,0.0,0.0,0.0,0.0,0.0,0.05,1.0,0.001
BIOMD0000000971,model,0.0,0.0,0.0,8,0,0.0,0.0,0.0,0.0,0.0,0.0,0.0,0.0,0.0,0.0,0.1,1.0,0.001
BIOMD0000000971,model,0.0,0.0,0.0,8,0,0.0,0.0,0.0,0.0,0.0,0.0,0.0,0.0,0.0,0.0,0.2,1.0,0.001
BIOMD0000000971,model,0.0,0.0,0.0,8,0,0.0,0.0,0.0,0.0,0.0,0.0,0.0,0.0,0.0,0.0,0.5,1.0,0.001
BIOMD0000000973,model,0.3781963010707183,0.1874055801573739,0.5689870219840626,2,0,0.2064846522487084,0.2255637243400428,0.2637218685227117,0.2828009406140461,0.3018800127053805,0.3781963010707183,0.4926707336187249,0.5308288778013938,0.5499079498927282,0.5651712075657958,-0.5,1.0,0.001
BIOMD0000000973,model,0.5195813681775473,0.3831817317426135,0.6559810046124811,2,0,0.3968216953861069,0.4104616590296003,0.437741586316587,0.4513815499600804,0.4650215136035738,0.5195813681775473,0.6014211500385076,0.6287010773254944,0.6423410409689877,0.6532530118837824,-0.2,1.0,0.001
BIOMD0000000973,model,0.544389715242235,0.4169591766515645,0.6718202538329054,2,0,0.4297022305106315,0.4424452843696986,0.4679313920878327,0.4806744459468997,0.4934174998059668,0.544389715242235,0.6208480383966373,0.6463341461147714,0.6590771999738384,0.669271643061092,-0.1,1.0,0.001
BIOMD0000000973,model,0.5547091474785525,0.4309677936280449,0.67845050132906,2,0,0.4433419290130957,0.4557160643981464,0.4804643351682479,0.4928384705532987,0.5052126059383495,0.5547091474785525,0.628953959788857,0.6537022305589585,0.6660763659440093,0.6759756742520499,-0.05,1.0,0.001
BIOMD0000000973,model,0.5639319361043408,0.4434662748086437,0.6843975974000378,2,0,0.4555128409382135,0.4675594070677831,0.4916525393269225,0.5036991054564923,0.515745671586062,0.5639319361043408,0.636211332881759,0.6603044651408984,0.6723510312704681,0.6819882841741238,0.0,1.0,0.001
BIOMD0000000973,model,0.5722076747065465,0.4546631107426682,0.6897522386704249,2,0,0.466417567139056,0.4781720235354438,0.5016809363282195,0.5134353927246074,0.5251898491209952,0.5722076747065465,0.6427344130848736,0.6662433258776492,0.6779977822740371,0.6874013473911473,0.05,1.0,0.001
BIOMD0000000973,model,0.5796823062386542,0.4647606086592962,0.6946040038180123,2,0,0.476252778417232,0.4877449481751678,0.5107292876910394,0.5222214574489753,0.5337136272069111,0.5796823062386542,0.6486353247862692,0.6716196643021407,0.6831118340600766,0.6923055698664252,0.1,1.0,0.001
BIOMD0000000973,model,0.5926194259026236,0.4822026283784102,0.703036223426837,2,0,0.4932443081308315,0.5042859878832529,0.5263693473880956,0.5374110271405169,0.5484527068929382,0.5926194259026236,0.6588695044171516,0.6809528639219944,0.6919945436744157,0.7008278874763527,0.2,1.0,0.001
BIOMD0000000973,model,0.6203220101413081,0.5193781710313295,0.7212658492512865,2,0,0.5294725549423274,0.5395669388533253,0.5597557066753209,0.5698500905863187,0.5799444744973166,0.6203220101413081,0.6808883136072951,0.7010770814292908,0.7111714653402886,0.7192469724690869,0.5,1.0,0.001
BIOMD0000000974,model,0.0,0.0,0.0,6,0,0.0,0.0,0.0,0.0,0.0,0.0,0.0,0.0,0.0,0.0,-0.5,0.8333333333333334,0.001
BIOMD0000000974,model,0.125,0.0,0.75,6,0,0.0,0.0,0.0,0.0,0.0,0.0,0.0,0.375,0.5625,0.7125000000000001,-0.2,0.8333333333333334,0.001
BIOMD0000000974,model,0.1481481481481481,0.0,0.8888888888888888,6,0,0.0,0.0,0.0,0.0,0.0,0.0,0.0,0.4444444444444444,0.6666666666666666,0.8444444444444446,-0.1,0.8333333333333334,0.001
BIOMD0000000974,model,0.1578947368421052,0.0,0.9473684210526316,6,0,0.0,0.0,0.0,0.0,0.0,0.0,0.0,0.4736842105263158,0.7105263157894737,0.9000000000000002,-0.05,0.8333333333333334,0.001
BIOMD0000000974,model,0.1666666666666666,0.0,1.0,6,0,0.0,0.0,0.0,0.0,0.0,0.0,0.0,0.5,0.75,0.9500000000000002,0.0,0.8333333333333334,0.001
BIOMD0000000974,model,0.1587301587301587,0.0,0.9523809523809524,6,0,0.0,0.0,0.0,0.0,0.0,0.0,0.0,0.4761904761904761,0.7142857142857142,0.9047619047619048,0.05,0.8333333333333334,0.001
BIOMD0000000974,model,0.1515151515151515,0.0,0.9090909090909092,6,0,0.0,0.0,0.0,0.0,0.0,0.0,0.0,0.4545454545454545,0.6818181818181818,0.8636363636363638,0.1,0.8333333333333334,0.001
BIOMD0000000974,model,0.1388888888888889,0.0,0.8333333333333334,6,0,0.0,0.0,0.0,0.0,0.0,0.0,0.0,0.4166666666666667,0.625,0.7916666666666669,0.2,0.8333333333333334,0.001
BIOMD0000000974,model,0.1111111111111111,0.0,0.6666666666666667,6,0,0.0,0.0,0.0,0.0,0.0,0.0,0.0,0.3333333333333333,0.5,0.6333333333333335,0.5,0.8333333333333334,0.001
BIOMD0000000975,model,0.0059899522378025,0.0,0.0960944457598809,32,0,0.0,0.0,0.0,0.0,0.0,0.0,0.0,0.0,0.0430128116324107,0.0959362155877564,-0.5,1.0,0.001
BIOMD0000000975,model,0.0915065519812295,0.0,0.5770753493792181,32,0,0.0,0.0,0.0,0.0,0.0,0.0,0.0,0.5123386820694863,0.5620241399085343,0.5764281570991583,-0.2,1.0,0.001
BIOMD0000000975,model,0.129296769529784,0.0,0.7501989552980822,32,0,0.0,0.0,0.0,0.0,0.0,0.0,0.0,0.6849195198171593,0.7290212104267304,0.7499111200304253,-0.1,1.0,0.001
BIOMD0000000975,model,0.1439766623765291,0.0,0.8031978439833332,32,0,0.0,0.0,0.0,0.0,0.0,0.0,0.0,0.7678703710618638,0.7883574704608871,0.802798427694201,-0.05,1.0,0.001
BIOMD0000000975,model,0.2301096127061401,0.0,0.8252915569657977,32,0,0.0,0.0,0.0,0.0,0.0,0.1397250887509995,0.3692507938721569,0.8120949170212307,0.8193012634346,0.8252915569657936,0.0,1.0,0.001
BIOMD0000000975,model,0.2020645388411369,0.0,0.8566616694977391,32,0,0.0,0.0,0.0,0.0,0.0,0.0,0.3429610363856905,0.8222468075716375,0.8257212946738206,0.8474779176138169,0.05,1.0,0.001
BIOMD0000000975,model,0.1557396641301211,0.0,0.8133177860792955,32,0,0.0,0.0,0.0,0.0,0.0,0.0,0.1466111876049028,0.7839094822973827,0.7923341719876251,0.8083413615655884,0.1,1.0,0.001
BIOMD0000000975,model,0.1196953384635579,0.0,0.7403999256477003,32,0,0.0,0.0,0.0,0.0,0.0,0.0,0.0,0.6151804250326882,0.7091254023242379,0.733684993758918,0.2,1.0,0.001
BIOMD0000000975,model,0.0261383235831258,0.0,0.3110994978978418,32,0,0.0,0.0,0.0,0.0,0.0,0.0,0.0,0.1189985612750724,0.1962541548728223,0.2765169009188473,0.5,1.0,0.001
BIOMD0000000976,model,0.3083830130242569,0.0,0.9996901343622344,4,0,0.0,0.0,0.0,0.0,0.0,0.1169209588673966,0.54018120438577,0.7699356693740023,0.884812901868118,0.976714687863411,-0.5,1.0,0.001
BIOMD0000000976,model,0.2828832839830791,0.0,0.9993751260913316,4,0,0.0,0.0,0.0,0.0,0.0,0.0660790049204924,0.4790448563411238,0.7392099912162277,0.8692925586537792,0.9733586126038208,-0.2,1.0,0.001
BIOMD0000000976,model,0.2761780287986249,0.0,0.9988791961113423,4,0,0.0,0.0,0.0,0.0,0.0,0.0529164595415786,0.4630514298944317,0.730965313002887,0.8649222545571142,0.9720878078004964,-0.1,1.0,0.001
BIOMD0000000976,model,0.2731446172684427,0.0,0.9984861505569068,4,0,0.0,0.0,0.0,0.0,0.0,0.047046159258432,0.4558498513328815,0.7271680009448942,0.8628270757509001,0.9713543355957052,-0.05,1.0,0.001
BIOMD0000000976,model,0.2703595885472621,0.0,0.997937676948404,4,0,0.0,0.0,0.0,0.0,0.0,0.0417503386203223,0.4492754771237487,0.7236065770360764,0.8607721269922397,0.9705045669571708,0.0,1.0,0.001
BIOMD0000000976,model,0.2677137553075798,0.0,0.9971628704807424,4,0,0.0,0.0,0.0,0.0,0.0,0.0368460753747884,0.4430804386420435,0.720121654561393,0.8586422625210673,0.9694587488888072,0.05,1.0,0.001
BIOMD0000000976,model,0.2652078032827191,0.0,0.9960563421342112,4,0,0.0,0.0,0.0,0.0,0.0,0.0323874354983326,0.437287459451684,0.7166719007929476,0.856364121463579,0.9681178980000846,0.1,1.0,0.001
BIOMD0000000976,model,0.2594029491133979,0.0,0.9921430816570672,4,0,0.0,0.0,0.0,0.0,0.0,0.0227343573982622,0.4241384615407419,0.7081407715989045,0.8501419266279855,0.9637428506512508,0.2,1.0,0.001
BIOMD0000000976,model,0.2335459985633026,0.0,0.9257212443701076,4,0,0.0,0.0,0.0,0.0,0.0,0.0042313749415514,0.3753661476779051,0.6505436960240065,0.7881324701970567,0.8982034895354973,0.5,1.0,0.001
BIOMD0000000977,model,0.0,0.0,0.0,6,0,0.0,0.0,0.0,0.0,0.0,0.0,0.0,0.0,0.0,0.0,-0.5,1.0,0.001
BIOMD0000000977,model,0.0,0.0,0.0,6,0,0.0,0.0,0.0,0.0,0.0,0.0,0.0,0.0,0.0,0.0,-0.2,1.0,0.001
BIOMD0000000977,model,0.0,0.0,0.0,6,0,0.0,0.0,0.0,0.0,0.0,0.0,0.0,0.0,0.0,0.0,-0.1,1.0,0.001
BIOMD0000000977,model,0.0,0.0,0.0,6,0,0.0,0.0,0.0,0.0,0.0,0.0,0.0,0.0,0.0,0.0,-0.05,1.0,0.001
BIOMD0000000977,model,0.0,0.0,0.0,6,0,0.0,0.0,0.0,0.0,0.0,0.0,0.0,0.0,0.0,0.0,0.0,1.0,0.001
BIOMD0000000977,model,0.0,0.0,0.0,6,0,0.0,0.0,0.0,0.0,0.0,0.0,0.0,0.0,0.0,0.0,0.05,1.0,0.001
BIOMD0000000977,model,0.0,0.0,0.0,6,0,0.0,0.0,0.0,0.0,0.0,0.0,0.0,0.0,0.0,0.0,0.1,1.0,0.001
BIOMD0000000977,model,0.0,0.0,0.0,6,0,0.0,0.0,0.0,0.0,0.0,0.0,0.0,0.0,0.0,0.0,0.2,1.0,0.001
BIOMD0000000977,model,0.0,0.0,0.0,6,0,0.0,0.0,0.0,0.0,0.0,0.0,0.0,0.0,0.0,0.0,0.5,1.0,0.001
BIOMD0000000978,model,0.2499882144226999,0.0,0.9999528576908,4,0,0.0,0.0,0.0,0.0,0.0,0.0,0.3999811430763203,0.6999670003835601,0.8499599290371795,0.9699542719600756,-0.5,0.75,0.001
BIOMD0000000978,model,0.2499922646056457,0.0,0.9999690584225828,4,0,0.0,0.0,0.0,0.0,0.0,0.0,0.3999876233690335,0.6999783408958082,0.8499736996591951,0.9699699866699052,-0.2,0.75,0.001
BIOMD0000000978,model,0.6471796249955974,0.4276200146650048,0.9999872647001588,4,0,0.4459295851112631,0.4642391555575214,0.500858296450038,0.5191678668962963,0.5374774373425546,0.580555610308613,0.7668513476663632,0.883419306183261,0.9417032854417098,0.988330468848469,-0.1,0.75,0.001
BIOMD0000000978,model,0.6708847084291466,0.3985502874627567,0.9999981623474774,4,0,0.4200729812740761,0.4415956750853955,0.4846410627080343,0.5061637565193537,0.5276864503306731,0.6424951919531763,0.8457725475598709,0.9228853549536742,0.9614417586505756,0.992286881608097,-0.05,0.75,0.001
BIOMD0000000978,model,0.6501083413571775,0.3725314634266958,0.9999782088052124,4,0,0.3968319542833459,0.421132445139996,0.4697334268532962,0.4940339177099463,0.5183344085665964,0.6139618465984009,0.8160246579575483,0.9080014333813804,0.9539898210932964,0.9907805312628292,0.0,0.75,0.001
BIOMD0000000978,model,0.5895956004123648,0.3491225379236612,0.9999510857233576,4,0,0.3719282861056415,0.3947340342876216,0.4403455306515821,0.4631512788335623,0.4859570270155424,0.5046543890012203,0.7048691856086899,0.8524101356660237,0.9261806106946904,0.985196990717624,0.05,0.75,0.001
BIOMD0000000978,model,0.5200406686784814,0.3231956205439164,0.9999144325806596,4,0,0.3294173442477673,0.3356390679516181,0.3480825153593198,0.3543042390631706,0.3605259627670215,0.3785263107946748,0.6353930788441206,0.8176537557123901,0.9087840941465246,0.9816883648938324,0.1,0.75,0.001
BIOMD0000000978,model,0.4014050434093986,0.1741896636716217,0.99979939094279,4,0,0.177642087808206,0.1810945119447902,0.1879993602179587,0.191451784354543,0.1949042084911272,0.2158155595115914,0.5405749330417159,0.7701871619922529,0.884993276467521,0.976838168047736,0.2,0.75,0.001
BIOMD0000000978,model,0.2789733399310879,0.0292697193308973,0.9986459421527748,4,0,0.0302646446510446,0.0312595699711918,0.0332494206114862,0.0342443459316334,0.0352392712517806,0.0439888491203398,0.4307034629263908,0.7146747025395828,0.8566603223461783,0.9702488181914553,0.5,0.75,0.001
BIOMD0000000979,model,0.6810739378152275,0.0,0.8760790350589986,5,0,0.167041129067114,0.334082258134228,0.6681645162684561,0.8352056453355701,0.8362168085373456,0.8402614613444479,0.8582746448814967,0.8671768399702477,0.8716279375146232,0.8751888155501235,-0.5,0.8,0.001
BIOMD0000000979,model,0.818995063570475,0.75,0.8725875342803447,5,0,0.7588878606566835,0.7677757213133669,0.7855514426267337,0.7944393032834172,0.8023938387161172,0.8342119804469177,0.8495067067294254,0.8610471205048851,0.8668173273926149,0.8714334929027988,-0.2,0.8,0.001
BIOMD0000000979,model,0.8439005742252427,0.7866687818307823,0.8888888888888888,5,0,0.7957245709125558,0.8047803599943293,0.8228919381578762,0.8319477272396497,0.8336075397898327,0.8402467899905648,0.8751783243188407,0.8820336066038648,0.8854612477463768,0.8882033606603864,-0.1,0.8,0.001
BIOMD0000000979,model,0.8543788084207498,0.7833959449163922,0.9473684210526316,5,0,0.79291539153567,0.8024348381549479,0.8214737313935037,0.8309931780127815,0.8325500664607944,0.8387776202528461,0.8865607865058044,0.916964603779218,0.9321665124159249,0.9443280393252904,-0.05,0.8,0.001
BIOMD0000000979,model,0.8640094279042966,0.7814476414571289,1.0,5,0,0.7911852765031036,0.8009229115490781,0.8203981816410274,0.8301358166870021,0.831599753737603,0.8374555019400065,0.8968065435498764,0.9484032717749382,0.9742016358874692,0.9948403271774938,0.0,0.8,0.001
BIOMD0000000979,model,0.8532944662777882,0.7777845806789566,0.9523809523809524,5,0,0.7880993677416124,0.7984141548042683,0.8190437289295799,0.8293585159922356,0.8307386460476491,0.8362591662693031,0.8870274833301851,0.9197042178555688,0.9360425851182606,0.949113278928414,0.05,0.8,0.001
BIOMD0000000979,model,0.8438928861535441,0.7761535352243334,0.9090909090909092,5,0,0.7866529375490537,0.7971523398737741,0.8181511445232148,0.8286505468479352,0.8299547504364223,0.8351715647903708,0.8781364816695193,0.8936136953802142,0.9013523022355616,0.9075431877198396,0.1,0.8,0.001
BIOMD0000000979,model,0.8270501024213605,0.7711219681615953,0.8697039383056403,5,0,0.7824619911742755,0.7938020141869558,0.8164820602123164,0.8278220832249966,0.8289115043962447,0.8332691890812373,0.8406074543277947,0.8551556963167175,0.862429817311179,0.868249114106748,0.2,0.8,0.001
BIOMD0000000979,model,0.7905177448212886,0.6666666666666667,0.8686810183058783,5,0,0.6857576109450623,0.7048485552234578,0.7430304437802487,0.7621213880586443,0.7749046194107397,0.8260375448191215,0.8370018886660815,0.85284145348598,0.8607612358959291,0.8670970618238885,0.5,0.8,0.001
BIOMD0000000980,model,0.6810739378152275,0.0,0.8760790350589986,5,0,0.167041129067114,0.334082258134228,0.6681645162684561,0.8352056453355701,0.8362168085373456,0.8402614613444479,0.8582746448814967,0.8671768399702477,0.8716279375146232,0.8751888155501235,-0.5,0.8,0.001
BIOMD0000000980,model,0.818995063570475,0.75,0.8725875342803447,5,0,0.7588878606566835,0.7677757213133669,0.7855514426267337,0.7944393032834172,0.8023938387161172,0.8342119804469177,0.8495067067294254,0.8610471205048851,0.8668173273926149,0.8714334929027988,-0.2,0.8,0.001
BIOMD0000000980,model,0.8439005742252427,0.7866687818307823,0.8888888888888888,5,0,0.7957245709125558,0.8047803599943293,0.8228919381578762,0.8319477272396497,0.8336075397898327,0.8402467899905648,0.8751783243188407,0.8820336066038648,0.8854612477463768,0.8882033606603864,-0.1,0.8,0.001
BIOMD0000000980,model,0.8543788084207498,0.7833959449163922,0.9473684210526316,5,0,0.79291539153567,0.8024348381549479,0.8214737313935037,0.8309931780127815,0.8325500664607944,0.8387776202528461,0.8865607865058044,0.916964603779218,0.9321665124159249,0.9443280393252904,-0.05,0.8,0.001
BIOMD0000000980,model,0.8640094279042966,0.7814476414571289,1.0,5,0,0.7911852765031036,0.8009229115490781,0.8203981816410274,0.8301358166870021,0.831599753737603,0.8374555019400065,0.8968065435498764,0.9484032717749382,0.9742016358874692,0.9948403271774938,0.0,0.8,0.001
BIOMD0000000980,model,0.8532944662777882,0.7777845806789566,0.9523809523809524,5,0,0.7880993677416124,0.7984141548042683,0.8190437289295799,0.8293585159922356,0.8307386460476491,0.8362591662693031,0.8870274833301851,0.9197042178555688,0.9360425851182606,0.949113278928414,0.05,0.8,0.001
BIOMD0000000980,model,0.8438928861535441,0.7761535352243334,0.9090909090909092,5,0,0.7866529375490537,0.7971523398737741,0.8181511445232148,0.8286505468479352,0.8299547504364223,0.8351715647903708,0.8781364816695193,0.8936136953802142,0.9013523022355616,0.9075431877198396,0.1,0.8,0.001
BIOMD0000000980,model,0.8270501024213605,0.7711219681615953,0.8697039383056403,5,0,0.7824619911742755,0.7938020141869558,0.8164820602123164,0.8278220832249966,0.8289115043962447,0.8332691890812373,0.8406074543277947,0.8551556963167175,0.862429817311179,0.868249114106748,0.2,0.8,0.001
BIOMD0000000980,model,0.7905177448212886,0.6666666666666667,0.8686810183058783,5,0,0.6857576109450623,0.7048485552234578,0.7430304437802487,0.7621213880586443,0.7749046194107397,0.8260375448191215,0.8370018886660815,0.85284145348598,0.8607612358959291,0.8670970618238885,0.5,0.8,0.001
BIOMD0000000981,model,0.1018730445511431,0.0,0.9999439786145634,10,1,0.0,0.0,0.0,0.0,0.0,0.0,0.0037572933793735,0.1169022180686369,0.5584230983415993,0.9116398025599708,-0.5,1.0,0.001
BIOMD0000000981,model,0.1026306047518203,0.0,0.9999629707953488,10,1,0.0,0.0,0.0,0.0,0.0,0.0,0.005268615344571,0.123705066130104,0.5618340184627255,0.9123371803288244,-0.2,1.0,0.001
BIOMD0000000981,model,0.1028510807590894,0.0,0.999966494880455,10,1,0.0,0.0,0.0,0.0,0.0,0.0,0.0057088625420878,0.1256865309274403,0.5628265129039467,0.9125384984851536,-0.1,1.0,0.001
BIOMD0000000981,model,0.1029558760575285,0.0,0.999967964802029,10,1,0.0,0.0,0.0,0.0,0.0,0.0,0.0059181591546512,0.1266285126761329,0.5632982387390801,0.9126340195894396,-0.05,1.0,0.001
BIOMD0000000981,model,0.1030592707505189,0.0,0.9999693071682086,10,1,0.0,0.0,0.0,0.0,0.0,0.0,0.0061246800673961,0.127557991020103,0.563763649094155,0.9127281755533982,0.0,1.0,0.001
BIOMD0000000981,model,0.1031588713832507,0.0,0.9999705019600376,10,1,0.0,0.0,0.0,0.0,0.0,0.0,0.006323642374494,0.1284534408812266,0.5642119714206313,0.9128187958521568,0.05,1.0,0.001
BIOMD0000000981,model,0.1032563103084453,0.0,0.9999715987851294,10,1,0.0,0.0,0.0,0.0,0.0,0.0,0.0065183008598647,0.1293295137479039,0.5646505562665158,0.9129073902814072,0.1,1.0,0.001
BIOMD0000000981,model,0.1034413693088276,0.0,0.9999735219396232,10,1,0.0,0.0,0.0,0.0,0.0,0.0,0.0068880342297305,0.1309935062277495,0.5654835140836854,0.913075520368436,0.2,1.0,0.001
BIOMD0000000981,model,0.103953525621843,0.0,0.9999777581871,10,1,0.0,0.0,0.0,0.0,0.0,0.0,0.007911499606266,0.1355995240469068,0.5677886411170026,0.9135399347730808,0.5,1.0,0.001
BIOMD0000000982,model,0.3703159945828014,0.0,0.9998197846076492,3,0,0.0111128199140755,0.022225639828151,0.044451279656302,0.0555640995703775,0.066676919484453,0.111128199140755,0.6443431504208916,0.8220814675142705,0.9109506260609598,0.9820459528983114,-0.5,1.0,0.001
BIOMD0000000982,model,0.3703204936711093,0.0,0.9998197870392614,3,0,0.0111141693974066,0.0222283387948133,0.0444566775896266,0.0555708469870333,0.06668501638444,0.1111416939740666,0.6443485498131836,0.8220841684262226,0.910951977732742,0.9820462251779576,-0.2,1.0,0.001
BIOMD0000000982,model,0.3703213268356395,0.0,0.9998197874896207,3,0,0.0111144193017297,0.0222288386034595,0.0444576772069191,0.0555720965086488,0.0666865158103786,0.1111441930172977,0.6443495497006917,0.8220846685951563,0.9109522280423884,0.9820462756001744,-0.1,1.0,0.001
BIOMD0000000982,model,0.3703216776417559,0.0,0.9998197876792488,3,0,0.0111145245246019,0.0222290490492038,0.0444580980984076,0.0555726226230095,0.0666871471476115,0.1111452452460191,0.644349970705957,0.8220848791926029,0.9109523334359256,0.982046296830584,-0.05,1.0,0.001
BIOMD0000000982,model,0.3703219933671973,0.0,0.9998197878497423,3,0,0.0111146192251849,0.0222292384503699,0.0444584769007399,0.0555730961259248,0.0666877153511098,0.1111461922518497,0.6443503496105853,0.8220850687301638,0.910952428289953,0.9820463159377844,0.0,1.0,0.001
BIOMD0000000982,model,0.3703222790235957,0.0,0.999819788004156,3,0,0.0111147049066631,0.0222294098133262,0.0444588196266524,0.0555735245333155,0.0666882294399786,0.1111470490666311,0.6443506924291462,0.8220852402166511,0.9109525141104036,0.9820463332254056,0.05,1.0,0.001
BIOMD0000000982,model,0.3703225387112541,0.0,0.9998197881445384,3,0,0.0111147827989223,0.0222295655978447,0.0444591311956895,0.0555739139946119,0.0666886967935343,0.1111478279892238,0.6443510040824125,0.8220853961134754,0.9109525921290068,0.982046348941432,0.1,1.0,0.001
BIOMD0000000982,model,0.3703229931646312,0.0,0.9998197883902032,3,0,0.011114919110369,0.022229838220738,0.0444596764414761,0.0555745955518451,0.0666895146622142,0.1111491911036903,0.644351549475598,0.8220856689329006,0.9109527286615516,0.9820463764444728,0.2,1.0,0.001
BIOMD0000000982,model,0.3703239929620293,0.0,0.9998197889305532,3,0,0.0111152189955534,0.0222304379911069,0.0444608759822139,0.0555760949777673,0.0666913139733208,0.1111521899555347,0.6443527493405459,0.8220862691355495,0.9109530290330512,0.9820464369510528,0.5,1.0,0.001
BIOMD0000000983,model,0.0,0.0,0.0,7,0,0.0,0.0,0.0,0.0,0.0,0.0,0.0,0.0,0.0,0.0,-0.5,1.0,0.001
BIOMD0000000983,model,0.0,0.0,0.0,7,0,0.0,0.0,0.0,0.0,0.0,0.0,0.0,0.0,0.0,0.0,-0.2,1.0,0.001
BIOMD0000000983,model,0.0,0.0,0.0,7,0,0.0,0.0,0.0,0.0,0.0,0.0,0.0,0.0,0.0,0.0,-0.1,1.0,0.001
BIOMD0000000983,model,0.0,0.0,0.0,7,0,0.0,0.0,0.0,0.0,0.0,0.0,0.0,0.0,0.0,0.0,-0.05,1.0,0.001
BIOMD0000000983,model,0.0,0.0,0.0,7,0,0.0,0.0,0.0,0.0,0.0,0.0,0.0,0.0,0.0,0.0,0.0,1.0,0.001
BIOMD0000000983,model,0.0,0.0,0.0,7,0,0.0,0.0,0.0,0.0,0.0,0.0,0.0,0.0,0.0,0.0,0.05,1.0,0.001
BIOMD0000000983,model,0.0,0.0,0.0,7,0,0.0,0.0,0.0,0.0,0.0,0.0,0.0,0.0,0.0,0.0,0.1,1.0,0.001
BIOMD0000000983,model,0.0,0.0,0.0,7,0,0.0,0.0,0.0,0.0,0.0,0.0,0.0,0.0,0.0,0.0,0.2,1.0,0.001
BIOMD0000000983,model,0.0013999106562788,0.0,0.0097993745939522,7,0,0.0,0.0,0.0,0.0,0.0,0.0,0.0,0.0039197498375809,0.0068595622157665,0.0092114121183151,0.5,1.0,0.001
BIOMD0000000984,model,0.0,0.0,0.0,5,0,0.0,0.0,0.0,0.0,0.0,0.0,0.0,0.0,0.0,0.0,-0.5,0.8,0.001
BIOMD0000000984,model,0.15,0.0,0.75,5,0,0.0,0.0,0.0,0.0,0.0,0.0,0.1500000000000001,0.45,0.5999999999999999,0.72,-0.2,0.8,0.001
BIOMD0000000984,model,0.1777777777777777,0.0,0.8888888888888888,5,0,0.0,0.0,0.0,0.0,0.0,0.0,0.1777777777777779,0.5333333333333334,0.7111111111111109,0.8533333333333333,-0.1,0.8,0.001
BIOMD0000000984,model,0.1894736842105263,0.0,0.9473684210526316,5,0,0.0,0.0,0.0,0.0,0.0,0.0,0.1894736842105265,0.568421052631579,0.7578947368421052,0.9094736842105264,-0.05,0.8,0.001
BIOMD0000000984,model,0.2,0.0,1.0,5,0,0.0,0.0,0.0,0.0,0.0,0.0,0.2000000000000001,0.6000000000000001,0.7999999999999998,0.96,0.0,0.8,0.001
BIOMD0000000984,model,0.1904761904761904,0.0,0.9523809523809524,5,0,0.0,0.0,0.0,0.0,0.0,0.0,0.1904761904761906,0.5714285714285715,0.7619047619047616,0.914285714285714,0.05,0.8,0.001
BIOMD0000000984,model,0.1818181818181818,0.0,0.9090909090909092,5,0,0.0,0.0,0.0,0.0,0.0,0.0,0.1818181818181819,0.5454545454545455,0.7272727272727271,0.8727272727272727,0.1,0.8,0.001
BIOMD0000000984,model,0.1666666666666666,0.0,0.8333333333333334,5,0,0.0,0.0,0.0,0.0,0.0,0.0,0.1666666666666668,0.5000000000000001,0.6666666666666665,0.8,0.2,0.8,0.001
BIOMD0000000984,model,0.1333333333333333,0.0,0.6666666666666667,5,0,0.0,0.0,0.0,0.0,0.0,0.0,0.1333333333333334,0.4000000000000001,0.5333333333333332,0.64,0.5,0.8,0.001
BIOMD0000000985,model,0.6201340446597723,0.0636039271965141,1.0,5,2,0.1445627077221984,0.2255214882478828,0.3874390492992514,0.4683978298249358,0.4884519572852921,0.5686684671267175,0.9999999993205552,0.9999999996602776,0.9999999998301388,0.9999999999660276,-0.5,1.0,0.001
BIOMD0000000985,model,0.6201330484395672,0.0636043125271924,1.0,5,2,0.1445622624577046,0.2255202123882167,0.3874361122492409,0.468394062179753,0.4884486234118462,0.5686668683402192,0.999999999320537,0.9999999996602684,0.9999999998301342,0.9999999999660268,-0.2,1.0,0.001
BIOMD0000000985,model,0.6201338965643872,0.063603739294622,1.0,5,2,0.1445624931096131,0.2255212469246043,0.3874387545545865,0.4683975083695775,0.488451653897073,0.568668236007055,0.9999999993205452,0.9999999996602724,0.9999999998301364,0.9999999999660272,-0.1,1.0,0.001
BIOMD0000000985,model,0.6201339861709847,0.0636041037654046,1.0,5,2,0.144562808730757,0.2255215136961094,0.3874389236268142,0.4683976285921665,0.4884517427430662,0.5686681993466647,0.99999999932055,0.9999999996602752,0.9999999998301377,0.9999999999660276,-0.05,1.0,0.001
BIOMD0000000985,model,0.6201341946507732,0.0636038198263214,1.0,5,2,0.1445627545361088,0.2255216892458963,0.3874395586654711,0.4683984933752586,0.4884525268805252,0.5686686609015918,0.9999999993205554,0.9999999996602776,0.9999999998301388,0.9999999999660276,0.0,1.0,0.001
BIOMD0000000985,model,0.6201341965481051,0.063603819769316,1.0,5,2,0.1445627557992867,0.2255216918292573,0.3874395638891987,0.4683984999191694,0.4884525327156043,0.5686686639013443,0.9999999993205568,0.9999999996602784,0.9999999998301392,0.9999999999660278,0.05,1.0,0.001
BIOMD0000000985,model,0.6201341978478647,0.0636038197380932,0.9999999999999998,5,2,0.1445627566689904,0.2255216935998876,0.387439567461682,0.4683985043925792,0.4884525367056588,0.5686686659579774,0.9999999993205386,0.9999999996602692,0.9999999998301344,0.9999999999660268,0.1,1.0,0.001
BIOMD0000000985,model,0.6201341989120506,0.0636038197451326,1.0,5,2,0.1445627574007481,0.2255216950563636,0.3874395703675947,0.4683985080232102,0.4884525399468133,0.5686686676412259,0.999999999320547,0.9999999996602736,0.9999999998301368,0.9999999999660274,0.2,1.0,0.001
BIOMD0000000985,model,0.6201341928499281,0.0636038201820284,1.0,5,2,0.1445627535226001,0.2255216868631718,0.3874395535443153,0.468398486884887,0.4884525211143177,0.5686686580320405,0.9999999993205476,0.9999999996602738,0.9999999998301368,0.9999999999660272,0.5,1.0,0.001
BIOMD0000000986,model,0.9220699723365596,0.7726930453107091,0.999988071938723,6,0,0.7924020588514892,0.8121110723922693,0.8515290994738294,0.8657364659789897,0.8799438324841499,0.9541378340091764,0.999933949277744,0.9999610106082336,0.9999745412734782,0.999985365805674,-0.5,1.0,0.001
BIOMD0000000986,model,0.9220699723365596,0.7726930453107091,0.999988071938723,6,0,0.7924020588514892,0.8121110723922693,0.8515290994738294,0.8657364659789897,0.8799438324841499,0.9541378340091764,0.999933949277744,0.9999610106082336,0.9999745412734782,0.999985365805674,-0.2,1.0,0.001
BIOMD0000000986,model,0.9220699723365596,0.7726930453107091,0.999988071938723,6,0,0.7924020588514892,0.8121110723922693,0.8515290994738294,0.8657364659789897,0.8799438324841499,0.9541378340091764,0.999933949277744,0.9999610106082336,0.9999745412734782,0.999985365805674,-0.1,1.0,0.001
BIOMD0000000986,model,0.9220699723365596,0.7726930453107091,0.999988071938723,6,0,0.7924020588514892,0.8121110723922693,0.8515290994738294,0.8657364659789897,0.8799438324841499,0.9541378340091764,0.999933949277744,0.9999610106082336,0.9999745412734782,0.999985365805674,-0.05,1.0,0.001
BIOMD0000000986,model,0.9220699723365596,0.7726930453107091,0.999988071938723,6,0,0.7924020588514892,0.8121110723922693,0.8515290994738294,0.8657364659789897,0.8799438324841499,0.9541378340091764,0.999933949277744,0.9999610106082336,0.9999745412734782,0.999985365805674,0.0,1.0,0.001
BIOMD0000000986,model,0.9220699723365596,0.7726930453107091,0.999988071938723,6,0,0.7924020588514892,0.8121110723922693,0.8515290994738294,0.8657364659789897,0.8799438324841499,0.9541378340091764,0.999933949277744,0.9999610106082336,0.9999745412734782,0.999985365805674,0.05,1.0,0.001
BIOMD0000000986,model,0.9220699723365596,0.7726930453107091,0.999988071938723,6,0,0.7924020588514892,0.8121110723922693,0.8515290994738294,0.8657364659789897,0.8799438324841499,0.9541378340091764,0.999933949277744,0.9999610106082336,0.9999745412734782,0.999985365805674,0.1,1.0,0.001
BIOMD0000000986,model,0.9220699723365596,0.7726930453107091,0.999988071938723,6,0,0.7924020588514892,0.8121110723922693,0.8515290994738294,0.8657364659789897,0.8799438324841499,0.9541378340091764,0.999933949277744,0.9999610106082336,0.9999745412734782,0.999985365805674,0.2,1.0,0.001
BIOMD0000000986,model,0.9220699723365596,0.7726930453107091,0.999988071938723,6,0,0.7924020588514892,0.8121110723922693,0.8515290994738294,0.8657364659789897,0.8799438324841499,0.9541378340091764,0.999933949277744,0.9999610106082336,0.9999745412734782,0.999985365805674,0.5,1.0,0.001
BIOMD0000000987,model,0.9972445389981176,0.9951944112233542,0.998055820281058,9,0,0.995383018579497,0.99557162593564,0.9966502160865351,0.997306407068418,0.9974281907586166,0.9977603862388784,0.997910682365358,0.9979652633032828,0.9980105417921704,0.9980467645832806,-0.5,1.0,0.001
BIOMD0000000987,model,0.9972445389981176,0.9951944112233542,0.998055820281058,9,0,0.995383018579497,0.99557162593564,0.9966502160865351,0.997306407068418,0.9974281907586166,0.9977603862388784,0.997910682365358,0.9979652633032828,0.9980105417921704,0.9980467645832806,-0.2,1.0,0.001
BIOMD0000000987,model,0.9972445389981176,0.9951944112233542,0.998055820281058,9,0,0.995383018579497,0.99557162593564,0.9966502160865351,0.997306407068418,0.9974281907586166,0.9977603862388784,0.997910682365358,0.9979652633032828,0.9980105417921704,0.9980467645832806,-0.1,1.0,0.001
BIOMD0000000987,model,0.9972445389981176,0.9951944112233542,0.998055820281058,9,0,0.995383018579497,0.99557162593564,0.9966502160865351,0.997306407068418,0.9974281907586166,0.9977603862388784,0.997910682365358,0.9979652633032828,0.9980105417921704,0.9980467645832806,-0.05,1.0,0.001
BIOMD0000000987,model,0.9972445389981176,0.9951944112233542,0.998055820281058,9,0,0.995383018579497,0.99557162593564,0.9966502160865351,0.997306407068418,0.9974281907586166,0.9977603862388784,0.997910682365358,0.9979652633032828,0.9980105417921704,0.9980467645832806,0.0,1.0,0.001
BIOMD0000000987,model,0.9972445389981176,0.9951944112233542,0.998055820281058,9,0,0.995383018579497,0.99557162593564,0.9966502160865351,0.997306407068418,0.9974281907586166,0.9977603862388784,0.997910682365358,0.9979652633032828,0.9980105417921704,0.9980467645832806,0.05,1.0,0.001
BIOMD0000000987,model,0.9972445389981176,0.9951944112233542,0.998055820281058,9,0,0.995383018579497,0.99557162593564,0.9966502160865351,0.997306407068418,0.9974281907586166,0.9977603862388784,0.997910682365358,0.9979652633032828,0.9980105417921704,0.9980467645832806,0.1,1.0,0.001
BIOMD0000000987,model,0.9972445389981176,0.9951944112233542,0.998055820281058,9,0,0.995383018579497,0.99557162593564,0.9966502160865351,0.997306407068418,0.9974281907586166,0.9977603862388784,0.997910682365358,0.9979652633032828,0.9980105417921704,0.9980467645832806,0.2,1.0,0.001
BIOMD0000000987,model,0.9972445389981176,0.9951944112233542,0.998055820281058,9,0,0.995383018579497,0.99557162593564,0.9966502160865351,0.997306407068418,0.9974281907586166,0.9977603862388784,0.997910682365358,0.9979652633032828,0.9980105417921704,0.9980467645832806,0.5,1.0,0.001
BIOMD0000000988,model,0.0,0.0,0.0,9,2,0.0,0.0,0.0,0.0,0.0,0.0,0.0,0.0,0.0,0.0,-0.5,1.0,0.001
BIOMD0000000988,model,0.0,0.0,0.0,11,0,0.0,0.0,0.0,0.0,0.0,0.0,0.0,0.0,0.0,0.0,-0.2,1.0,0.001
BIOMD0000000988,model,0.0,0.0,0.0,11,0,0.0,0.0,0.0,0.0,0.0,0.0,0.0,0.0,0.0,0.0,-0.1,1.0,0.001
BIOMD0000000988,model,0.0,0.0,0.0,11,0,0.0,0.0,0.0,0.0,0.0,0.0,0.0,0.0,0.0,0.0,-0.05,1.0,0.001
BIOMD0000000988,model,0.0,0.0,0.0,11,0,0.0,0.0,0.0,0.0,0.0,0.0,0.0,0.0,0.0,0.0,0.0,1.0,0.001
BIOMD0000000988,model,0.0,0.0,0.0,11,0,0.0,0.0,0.0,0.0,0.0,0.0,0.0,0.0,0.0,0.0,0.05,1.0,0.001
BIOMD0000000988,model,0.0,0.0,0.0,11,0,0.0,0.0,0.0,0.0,0.0,0.0,0.0,0.0,0.0,0.0,0.1,1.0,0.001
BIOMD0000000988,model,0.0,0.0,0.0,11,0,0.0,0.0,0.0,0.0,0.0,0.0,0.0,0.0,0.0,0.0,0.2,1.0,0.001
BIOMD0000000988,model,0.0,0.0,0.0,11,0,0.0,0.0,0.0,0.0,0.0,0.0,0.0,0.0,0.0,0.0,0.5,1.0,0.001
BIOMD0000000990,model,0.0,0.0,0.0,23,0,0.0,0.0,0.0,0.0,0.0,0.0,0.0,0.0,0.0,0.0,-0.5,0.4782608695652174,0.001
BIOMD0000000990,model,0.0,0.0,0.0,23,0,0.0,0.0,0.0,0.0,0.0,0.0,0.0,0.0,0.0,0.0,-0.2,0.4782608695652174,0.001
BIOMD0000000990,model,0.0,0.0,0.0,23,0,0.0,0.0,0.0,0.0,0.0,0.0,0.0,0.0,0.0,0.0,-0.1,0.4782608695652174,0.001
BIOMD0000000990,model,0.0,0.0,0.0,23,0,0.0,0.0,0.0,0.0,0.0,0.0,0.0,0.0,0.0,0.0,-0.05,0.4782608695652174,0.001
BIOMD0000000990,model,0.0,0.0,0.0,23,0,0.0,0.0,0.0,0.0,0.0,0.0,0.0,0.0,0.0,0.0,0.0,0.4782608695652174,0.001
BIOMD0000000990,model,0.0,0.0,0.0,23,0,0.0,0.0,0.0,0.0,0.0,0.0,0.0,0.0,0.0,0.0,0.05,0.4782608695652174,0.001
BIOMD0000000990,model,0.0,0.0,0.0,23,0,0.0,0.0,0.0,0.0,0.0,0.0,0.0,0.0,0.0,0.0,0.1,0.4782608695652174,0.001
BIOMD0000000990,model,0.0,0.0,0.0,23,0,0.0,0.0,0.0,0.0,0.0,0.0,0.0,0.0,0.0,0.0,0.2,0.4782608695652174,0.001
BIOMD0000000990,model,0.0,0.0,0.0,23,0,0.0,0.0,0.0,0.0,0.0,0.0,0.0,0.0,0.0,0.0,0.5,0.4782608695652174,0.001
BIOMD0000000991,model,0.0,0.0,0.0,8,0,0.0,0.0,0.0,0.0,0.0,0.0,0.0,0.0,0.0,0.0,-0.5,0.625,0.001
BIOMD0000000991,model,0.0,0.0,0.0,8,0,0.0,0.0,0.0,0.0,0.0,0.0,0.0,0.0,0.0,0.0,-0.2,0.625,0.001
BIOMD0000000991,model,0.0,0.0,0.0,8,0,0.0,0.0,0.0,0.0,0.0,0.0,0.0,0.0,0.0,0.0,-0.1,0.625,0.001
BIOMD0000000991,model,0.0,0.0,0.0,8,0,0.0,0.0,0.0,0.0,0.0,0.0,0.0,0.0,0.0,0.0,-0.05,0.625,0.001
BIOMD0000000991,model,0.0,0.0,0.0,8,0,0.0,0.0,0.0,0.0,0.0,0.0,0.0,0.0,0.0,0.0,0.0,0.625,0.001
BIOMD0000000991,model,0.0,0.0,0.0,8,0,0.0,0.0,0.0,0.0,0.0,0.0,0.0,0.0,0.0,0.0,0.05,0.625,0.001
BIOMD0000000991,model,0.0,0.0,0.0,8,0,0.0,0.0,0.0,0.0,0.0,0.0,0.0,0.0,0.0,0.0,0.1,0.625,0.001
BIOMD0000000991,model,0.0,0.0,0.0,8,0,0.0,0.0,0.0,0.0,0.0,0.0,0.0,0.0,0.0,0.0,0.2,0.625,0.001
BIOMD0000000991,model,0.0,0.0,0.0,8,0,0.0,0.0,0.0,0.0,0.0,0.0,0.0,0.0,0.0,0.0,0.5,0.625,0.001
BIOMD0000000994,model,0.5562225475026273,0.1295288025226799,0.9965897626442588,11,12,0.1297381209306303,0.1299474393385807,0.1798280928249213,0.1852538864065739,0.1906796799882265,0.6477124171629203,0.9957134753966804,0.9965812107861884,0.9965854867152236,0.9965889074584516,-0.5,0.5217391304347826,0.001
BIOMD0000000994,model,0.8774694372619088,0.7712721414861067,0.9986386695254706,11,12,0.7713082781786177,0.7713444148711287,0.7801299979112286,0.7811090879502884,0.7820881779893482,0.8836733751745378,0.9982897318396792,0.9986353001090608,0.9986369848172656,0.9986383325838296,-0.2,0.5217391304347826,0.001
BIOMD0000000994,model,0.9443592369071816,0.8973729088324089,0.999319476767713,11,12,0.8973874593482256,0.8974020098640423,0.9009536801965928,0.901351393137816,0.901749106079039,0.9450337205726476,0.9991452698712774,0.9993178270238804,0.9993186518957966,0.9993193117933298,-0.1,0.5217391304347826,0.001
BIOMD0000000994,model,0.9733940551551178,0.9511910165127412,0.9996607768579204,11,12,0.9511975989978032,0.9512041814828652,0.9528136103741952,0.9529942347984957,0.9531748592227964,0.973251983356844,0.9995738329045906,0.9996598395338816,0.999660308195901,0.9996606831255166,-0.05,0.5217391304347826,0.001
BIOMD0000000994,model,0.9999999999999992,0.9999999999999972,1.0,11,12,0.9999999999999972,0.9999999999999972,0.9999999999999996,0.9999999999999996,0.9999999999999996,0.9999999999999998,1.0,1.0,1.0,1.0,0.0,0.5217391304347826,0.001
BIOMD0000000994,model,0.9755194724431462,0.9555319019588908,0.9996608357987712,11,12,0.9555373657977502,0.9555428296366096,0.9568827165249562,0.9570336279743286,0.9571845394237012,0.9746102362454142,0.9995740095825818,0.9996599215258896,0.9996603786623304,0.9996607443714828,0.05,0.5217391304347826,0.001
BIOMD0000000994,model,0.9529103869540267,0.9148502516223512,0.9993205612855448,11,12,0.914860268723536,0.9148702858247204,0.9173299967925396,0.9176074366372288,0.9178848764819184,0.9504778404329765,0.9991468998539706,0.9993188856204892,0.9993197234530172,0.9993203937190394,0.1,0.5217391304347826,0.001
BIOMD0000000994,model,0.912484782359338,0.8430635988490242,0.9986419751947334,11,12,0.8430806126255518,0.8430976264020794,0.8472849475204609,0.8477585672169232,0.8482321869133855,0.9056291465740116,0.9982951800615624,0.998638653107003,0.9986403141508682,0.9986416429859604,0.2,0.5217391304347826,0.001
BIOMD0000000994,model,0.8192286482250939,0.6824190226792647,0.9966126176530642,11,12,0.682446892889446,0.6824747630996274,0.6893693253023466,0.6901540568622047,0.6909387884220626,0.7933285916925593,0.995749644594071,0.996604225198368,0.996608421425716,0.9966117784075946,0.5,0.5217391304347826,0.001
BIOMD0000000995,model,0.5562225475026273,0.1295288025226799,0.9965897626442588,11,12,0.1297381209306305,0.129947439338581,0.1798280928249213,0.1852538864065738,0.1906796799882263,0.6477124171629203,0.9957134753966804,0.9965812107861882,0.9965854867152236,0.9965889074584516,-0.5,0.5217391304347826,0.001
BIOMD0000000995,model,0.8774694372619087,0.7712721414861067,0.9986386695254706,11,12,0.7713082781786178,0.7713444148711289,0.7801299979112286,0.7811090879502882,0.7820881779893479,0.8836733751745378,0.9982897318396792,0.9986353001090604,0.9986369848172656,0.9986383325838296,-0.2,0.5217391304347826,0.001
BIOMD0000000995,model,0.9443592369071812,0.8973729088324089,0.999319476767713,11,12,0.8973874593482257,0.8974020098640425,0.9009536801965928,0.901351393137816,0.9017491060790388,0.9450337205726476,0.9991452698712774,0.99931782702388,0.9993186518957966,0.9993193117933298,-0.1,0.5217391304347826,0.001
BIOMD0000000995,model,0.9733940551551178,0.9511910165127412,0.9996607768579204,11,12,0.9511975989978032,0.9512041814828652,0.9528136103741952,0.9529942347984957,0.9531748592227962,0.973251983356844,0.9995738329045906,0.9996598395338812,0.9996603081959008,0.9996606831255164,-0.05,0.5217391304347826,0.001
BIOMD0000000995,model,0.9999999999999992,0.999999999999997,1.0,11,12,0.9999999999999972,0.9999999999999972,0.9999999999999996,0.9999999999999996,0.9999999999999996,0.9999999999999998,1.0,1.0,1.0,1.0,0.0,0.5217391304347826,0.001
BIOMD0000000995,model,0.9755194724431462,0.9555319019588908,0.9996608357987712,11,12,0.95553736579775,0.9555428296366092,0.9568827165249562,0.9570336279743288,0.9571845394237012,0.9746102362454142,0.9995740095825818,0.99965992152589,0.9996603786623304,0.999660744371483,0.05,0.5217391304347826,0.001
BIOMD0000000995,model,0.9529103869540267,0.9148502516223512,0.9993205612855448,11,12,0.914860268723536,0.9148702858247204,0.9173299967925396,0.9176074366372292,0.9178848764819186,0.9504778404329765,0.9991468998539706,0.9993188856204896,0.9993197234530172,0.9993203937190394,0.1,0.5217391304347826,0.001
BIOMD0000000995,model,0.912484782359338,0.8430635988490242,0.9986419751947334,11,12,0.8430806126255517,0.8430976264020793,0.8472849475204609,0.8477585672169232,0.8482321869133855,0.9056291465740116,0.9982951800615624,0.9986386531070032,0.9986403141508684,0.9986416429859604,0.2,0.5217391304347826,0.001
BIOMD0000000995,model,0.8192286482250939,0.6824190226792647,0.9966126176530642,11,12,0.682446892889446,0.6824747630996274,0.6893693253023466,0.6901540568622047,0.6909387884220627,0.7933285916925593,0.995749644594071,0.9966042251983682,0.9966084214257164,0.9966117784075946,0.5,0.5217391304347826,0.001
BIOMD0000000996,model,0.5562225475026277,0.1295288025226799,0.9965897626442588,11,12,0.1297381209306303,0.1299474393385807,0.1798280928249216,0.1852538864065746,0.1906796799882276,0.6477124171629203,0.9957134753966804,0.9965812107861882,0.9965854867152236,0.9965889074584516,-0.5,0.5217391304347826,0.001
BIOMD0000000996,model,0.8774694372619088,0.7712721414861067,0.9986386695254706,11,12,0.7713082781786177,0.7713444148711287,0.7801299979112287,0.7811090879502889,0.7820881779893489,0.8836733751745378,0.9982897318396788,0.9986353001090604,0.9986369848172656,0.9986383325838296,-0.2,0.5217391304347826,0.001
BIOMD0000000996,model,0.9443592369071816,0.8973729088324089,0.999319476767713,11,12,0.8973874593482256,0.8974020098640423,0.9009536801965932,0.9013513931378164,0.9017491060790396,0.9450337205726476,0.9991452698712772,0.99931782702388,0.9993186518957966,0.9993193117933298,-0.1,0.5217391304347826,0.001
BIOMD0000000996,model,0.973394055155118,0.9511910165127412,0.9996607768579204,11,12,0.9511975989978032,0.9512041814828652,0.9528136103741952,0.952994234798496,0.953174859222797,0.973251983356844,0.9995738329045905,0.9996598395338812,0.9996603081959008,0.9996606831255164,-0.05,0.5217391304347826,0.001
BIOMD0000000996,model,0.9999999999999996,0.9999999999999982,1.0,11,12,0.9999999999999982,0.9999999999999982,0.9999999999999996,0.9999999999999998,0.9999999999999998,0.9999999999999998,1.0,1.0,1.0,1.0,0.0,0.5217391304347826,0.001
BIOMD0000000996,model,0.975519472443146,0.9555319019588908,0.9996608357987712,11,12,0.9555373657977502,0.9555428296366096,0.956882716524956,0.957033627974328,0.9571845394237004,0.9746102362454142,0.999574009582582,0.99965992152589,0.9996603786623304,0.999660744371483,0.05,0.5217391304347826,0.001
BIOMD0000000996,model,0.9529103869540267,0.9148502516223512,0.9993205612855448,11,12,0.914860268723536,0.9148702858247204,0.9173299967925392,0.9176074366372284,0.917884876481918,0.9504778404329765,0.9991468998539708,0.9993188856204896,0.9993197234530172,0.9993203937190394,0.1,0.5217391304347826,0.001
BIOMD0000000996,model,0.9124847823593378,0.8430635988490242,0.9986419751947334,11,12,0.8430806126255518,0.8430976264020794,0.8472849475204608,0.8477585672169229,0.848232186913385,0.9056291465740116,0.9982951800615626,0.9986386531070032,0.9986403141508684,0.9986416429859604,0.2,0.5217391304347826,0.001
BIOMD0000000996,model,0.8192286482250938,0.6824190226792647,0.9966126176530642,11,12,0.682446892889446,0.6824747630996274,0.6893693253023464,0.6901540568622042,0.6909387884220621,0.7933285916925593,0.9957496445940712,0.9966042251983682,0.9966084214257164,0.9966117784075946,0.5,0.5217391304347826,0.001
BIOMD0000000997,model,0.0,0.0,0.0,23,0,0.0,0.0,0.0,0.0,0.0,0.0,0.0,0.0,0.0,0.0,-0.5,0.4782608695652174,0.001
BIOMD0000000997,model,0.0,0.0,0.0,23,0,0.0,0.0,0.0,0.0,0.0,0.0,0.0,0.0,0.0,0.0,-0.2,0.4782608695652174,0.001
BIOMD0000000997,model,0.0,0.0,0.0,23,0,0.0,0.0,0.0,0.0,0.0,0.0,0.0,0.0,0.0,0.0,-0.1,0.4782608695652174,0.001
BIOMD0000000997,model,0.0,0.0,0.0,23,0,0.0,0.0,0.0,0.0,0.0,0.0,0.0,0.0,0.0,0.0,-0.05,0.4782608695652174,0.001
BIOMD0000000997,model,0.0,0.0,0.0,23,0,0.0,0.0,0.0,0.0,0.0,0.0,0.0,0.0,0.0,0.0,0.0,0.4782608695652174,0.001
BIOMD0000000997,model,0.0,0.0,0.0,23,0,0.0,0.0,0.0,0.0,0.0,0.0,0.0,0.0,0.0,0.0,0.05,0.4782608695652174,0.001
BIOMD0000000997,model,0.0,0.0,0.0,23,0,0.0,0.0,0.0,0.0,0.0,0.0,0.0,0.0,0.0,0.0,0.1,0.4782608695652174,0.001
BIOMD0000000997,model,0.0,0.0,0.0,23,0,0.0,0.0,0.0,0.0,0.0,0.0,0.0,0.0,0.0,0.0,0.2,0.4782608695652174,0.001
BIOMD0000000997,model,0.0,0.0,0.0,23,0,0.0,0.0,0.0,0.0,0.0,0.0,0.0,0.0,0.0,0.0,0.5,0.4782608695652174,0.001
BIOMD0000000998,model,0.0,0.0,0.0,23,0,0.0,0.0,0.0,0.0,0.0,0.0,0.0,0.0,0.0,0.0,-0.5,0.5217391304347826,0.001
BIOMD0000000998,model,0.0,0.0,0.0,23,0,0.0,0.0,0.0,0.0,0.0,0.0,0.0,0.0,0.0,0.0,-0.2,0.5217391304347826,0.001
BIOMD0000000998,model,0.0,0.0,0.0,23,0,0.0,0.0,0.0,0.0,0.0,0.0,0.0,0.0,0.0,0.0,-0.1,0.5217391304347826,0.001
BIOMD0000000998,model,0.0,0.0,0.0,23,0,0.0,0.0,0.0,0.0,0.0,0.0,0.0,0.0,0.0,0.0,-0.05,0.5217391304347826,0.001
BIOMD0000000998,model,0.0,0.0,0.0,23,0,0.0,0.0,0.0,0.0,0.0,0.0,0.0,0.0,0.0,0.0,0.0,0.5217391304347826,0.001
BIOMD0000000998,model,0.0,0.0,0.0,23,0,0.0,0.0,0.0,0.0,0.0,0.0,0.0,0.0,0.0,0.0,0.05,0.5217391304347826,0.001
BIOMD0000000998,model,0.0,0.0,0.0,23,0,0.0,0.0,0.0,0.0,0.0,0.0,0.0,0.0,0.0,0.0,0.1,0.5217391304347826,0.001
BIOMD0000000998,model,0.0,0.0,0.0,23,0,0.0,0.0,0.0,0.0,0.0,0.0,0.0,0.0,0.0,0.0,0.2,0.5217391304347826,0.001
BIOMD0000000998,model,0.0,0.0,0.0,23,0,0.0,0.0,0.0,0.0,0.0,0.0,0.0,0.0,0.0,0.0,0.5,0.5217391304347826,0.001
BIOMD0000000999,model,0.0,0.0,0.0,23,0,0.0,0.0,0.0,0.0,0.0,0.0,0.0,0.0,0.0,0.0,-0.5,0.5217391304347826,0.001
BIOMD0000000999,model,0.0,0.0,0.0,23,0,0.0,0.0,0.0,0.0,0.0,0.0,0.0,0.0,0.0,0.0,-0.2,0.5217391304347826,0.001
BIOMD0000000999,model,0.0,0.0,0.0,23,0,0.0,0.0,0.0,0.0,0.0,0.0,0.0,0.0,0.0,0.0,-0.1,0.5217391304347826,0.001
BIOMD0000000999,model,0.0,0.0,0.0,23,0,0.0,0.0,0.0,0.0,0.0,0.0,0.0,0.0,0.0,0.0,-0.05,0.5217391304347826,0.001
BIOMD0000000999,model,0.0,0.0,0.0,23,0,0.0,0.0,0.0,0.0,0.0,0.0,0.0,0.0,0.0,0.0,0.0,0.5217391304347826,0.001
BIOMD0000000999,model,0.0,0.0,0.0,23,0,0.0,0.0,0.0,0.0,0.0,0.0,0.0,0.0,0.0,0.0,0.05,0.5217391304347826,0.001
BIOMD0000000999,model,0.0,0.0,0.0,23,0,0.0,0.0,0.0,0.0,0.0,0.0,0.0,0.0,0.0,0.0,0.1,0.5217391304347826,0.001
BIOMD0000000999,model,0.0,0.0,0.0,23,0,0.0,0.0,0.0,0.0,0.0,0.0,0.0,0.0,0.0,0.0,0.2,0.5217391304347826,0.001
BIOMD0000000999,model,0.0,0.0,0.0,23,0,0.0,0.0,0.0,0.0,0.0,0.0,0.0,0.0,0.0,0.0,0.5,0.5217391304347826,0.001
BIOMD0000001001,model,0.0,0.0,0.0,23,0,0.0,0.0,0.0,0.0,0.0,0.0,0.0,0.0,0.0,0.0,-0.5,0.5217391304347826,0.001
BIOMD0000001001,model,0.0,0.0,0.0,23,0,0.0,0.0,0.0,0.0,0.0,0.0,0.0,0.0,0.0,0.0,-0.2,0.5217391304347826,0.001
BIOMD0000001001,model,0.0,0.0,0.0,23,0,0.0,0.0,0.0,0.0,0.0,0.0,0.0,0.0,0.0,0.0,-0.1,0.5217391304347826,0.001
BIOMD0000001001,model,0.0,0.0,0.0,23,0,0.0,0.0,0.0,0.0,0.0,0.0,0.0,0.0,0.0,0.0,-0.05,0.5217391304347826,0.001
BIOMD0000001001,model,0.0,0.0,0.0,23,0,0.0,0.0,0.0,0.0,0.0,0.0,0.0,0.0,0.0,0.0,0.0,0.5217391304347826,0.001
BIOMD0000001001,model,0.0,0.0,0.0,23,0,0.0,0.0,0.0,0.0,0.0,0.0,0.0,0.0,0.0,0.0,0.05,0.5217391304347826,0.001
BIOMD0000001001,model,0.0,0.0,0.0,23,0,0.0,0.0,0.0,0.0,0.0,0.0,0.0,0.0,0.0,0.0,0.1,0.5217391304347826,0.001
BIOMD0000001001,model,0.0,0.0,0.0,23,0,0.0,0.0,0.0,0.0,0.0,0.0,0.0,0.0,0.0,0.0,0.2,0.5217391304347826,0.001
BIOMD0000001001,model,0.0,0.0,0.0,23,0,0.0,0.0,0.0,0.0,0.0,0.0,0.0,0.0,0.0,0.0,0.5,0.5217391304347826,0.001
BIOMD0000001002,model,0.0,0.0,0.0,23,0,0.0,0.0,0.0,0.0,0.0,0.0,0.0,0.0,0.0,0.0,-0.5,0.5217391304347826,0.001
BIOMD0000001002,model,0.0,0.0,0.0,23,0,0.0,0.0,0.0,0.0,0.0,0.0,0.0,0.0,0.0,0.0,-0.2,0.5217391304347826,0.001
BIOMD0000001002,model,0.0,0.0,0.0,23,0,0.0,0.0,0.0,0.0,0.0,0.0,0.0,0.0,0.0,0.0,-0.1,0.5217391304347826,0.001
BIOMD0000001002,model,0.0,0.0,0.0,23,0,0.0,0.0,0.0,0.0,0.0,0.0,0.0,0.0,0.0,0.0,-0.05,0.5217391304347826,0.001
BIOMD0000001002,model,0.0,0.0,0.0,23,0,0.0,0.0,0.0,0.0,0.0,0.0,0.0,0.0,0.0,0.0,0.0,0.5217391304347826,0.001
BIOMD0000001002,model,0.0,0.0,0.0,23,0,0.0,0.0,0.0,0.0,0.0,0.0,0.0,0.0,0.0,0.0,0.05,0.5217391304347826,0.001
BIOMD0000001002,model,0.0,0.0,0.0,23,0,0.0,0.0,0.0,0.0,0.0,0.0,0.0,0.0,0.0,0.0,0.1,0.5217391304347826,0.001
BIOMD0000001002,model,0.0,0.0,0.0,23,0,0.0,0.0,0.0,0.0,0.0,0.0,0.0,0.0,0.0,0.0,0.2,0.5217391304347826,0.001
BIOMD0000001002,model,0.0,0.0,0.0,23,0,0.0,0.0,0.0,0.0,0.0,0.0,0.0,0.0,0.0,0.0,0.5,0.5217391304347826,0.001
BIOMD0000001003,model,0.0,0.0,0.0,23,0,0.0,0.0,0.0,0.0,0.0,0.0,0.0,0.0,0.0,0.0,-0.5,0.5217391304347826,0.001
BIOMD0000001003,model,0.0,0.0,0.0,23,0,0.0,0.0,0.0,0.0,0.0,0.0,0.0,0.0,0.0,0.0,-0.2,0.5217391304347826,0.001
BIOMD0000001003,model,0.0,0.0,0.0,23,0,0.0,0.0,0.0,0.0,0.0,0.0,0.0,0.0,0.0,0.0,-0.1,0.5217391304347826,0.001
BIOMD0000001003,model,0.0,0.0,0.0,23,0,0.0,0.0,0.0,0.0,0.0,0.0,0.0,0.0,0.0,0.0,-0.05,0.5217391304347826,0.001
BIOMD0000001003,model,0.0,0.0,0.0,23,0,0.0,0.0,0.0,0.0,0.0,0.0,0.0,0.0,0.0,0.0,0.0,0.5217391304347826,0.001
BIOMD0000001003,model,0.0,0.0,0.0,23,0,0.0,0.0,0.0,0.0,0.0,0.0,0.0,0.0,0.0,0.0,0.05,0.5217391304347826,0.001
BIOMD0000001003,model,0.0,0.0,0.0,23,0,0.0,0.0,0.0,0.0,0.0,0.0,0.0,0.0,0.0,0.0,0.1,0.5217391304347826,0.001
BIOMD0000001003,model,0.0,0.0,0.0,23,0,0.0,0.0,0.0,0.0,0.0,0.0,0.0,0.0,0.0,0.0,0.2,0.5217391304347826,0.001
BIOMD0000001003,model,0.0,0.0,0.0,23,0,0.0,0.0,0.0,0.0,0.0,0.0,0.0,0.0,0.0,0.0,0.5,0.5217391304347826,0.001
BIOMD0000001004,model,0.674606164327614,0.0,0.9989495482804196,10,0,0.1013004741823773,0.2026009483647547,0.4407022453101069,0.4960107917378442,0.4985506391006007,0.7750657615873559,0.9922548543167424,0.9961761210824966,0.9975628346814582,0.9986722055606274,-0.5,1.0,0.001
BIOMD0000001004,model,0.7978585394930376,0.0,0.9989493125153764,10,0,0.2781129473904644,0.5562258947809289,0.7618071623397319,0.7983460218849407,0.799415693403902,0.8897659789006902,0.9955609285568982,0.9970894280531566,0.9980193702842663,0.9987633240691544,-0.2,1.0,0.001
BIOMD0000001004,model,0.8435805561114856,0.0,0.9989494190505868,10,0,0.357189404654226,0.714378809308452,0.8766607607636919,0.8980177632789819,0.8991524301170682,0.930722573610671,0.9954130026429844,0.9968991901529972,0.997924304601792,0.9987443961608278,-0.1,1.0,0.001
BIOMD0000001004,model,0.8666768220164214,0.0,0.9989492900830262,10,0,0.4002514408103528,0.8005028816207056,0.9350701103183392,0.946663193945698,0.9470006356420436,0.9501020820772133,0.9953381911998398,0.9968151594949932,0.9978822247890098,0.998735877024223,-0.05,1.0,0.001
BIOMD0000001004,model,0.8861476433276095,0.0,0.9989496209152496,10,0,0.425922169706359,0.8518443394127181,0.9510041149372788,0.9602653470923228,0.9749058829559858,0.9940287852901736,0.9969801340961714,0.9987976503979832,0.9988736356566164,0.998934423863523,0.0,1.0,0.001
BIOMD0000001004,model,0.8620194341366426,0.0,0.9989495420768992,10,0,0.3748134033382782,0.7496268066765563,0.9237776484802958,0.947142718468442,0.94831330596925,0.9540405352047904,0.9952136447326924,0.9966751478577996,0.9978123449673496,0.9987221026549892,0.05,1.0,0.001
BIOMD0000001004,model,0.835244263187281,0.0,0.9989494331202664,10,0,0.3183833020770212,0.6367666041540424,0.8601113758504966,0.8986801524691914,0.8994371333271399,0.9315290555332982,0.9951830610482562,0.9966088740648558,0.9977791535925612,0.9987153772147254,0.1,1.0,0.001
BIOMD0000001004,model,0.7796040536049473,0.0,0.9989497112015912,10,0,0.1962633423124851,0.3925266846249702,0.7245642484654775,0.797489700326041,0.7989649441780755,0.8899551522868255,0.9950183208956448,0.99618478296122,0.9975672470814057,0.998673218377554,0.2,1.0,0.001
BIOMD0000001004,model,0.6504710683065512,0.0,0.99894951059207,10,0,0.0,0.0,0.3941587450468037,0.4945123153173327,0.4977773065332234,0.7651740907995452,0.9942137545811284,0.9950940914849452,0.9970218010385076,0.9985639686813574,0.5,1.0,0.001
BIOMD0000001005,model,0.0,0.0,0.0,41,0,0.0,0.0,0.0,0.0,0.0,0.0,0.0,0.0,0.0,0.0,-0.5,1.0,0.001
BIOMD0000001005,model,0.0,0.0,0.0,41,0,0.0,0.0,0.0,0.0,0.0,0.0,0.0,0.0,0.0,0.0,-0.2,1.0,0.001
BIOMD0000001005,model,0.0,0.0,0.0,41,0,0.0,0.0,0.0,0.0,0.0,0.0,0.0,0.0,0.0,0.0,-0.1,1.0,0.001
BIOMD0000001005,model,0.0,0.0,0.0,41,0,0.0,0.0,0.0,0.0,0.0,0.0,0.0,0.0,0.0,0.0,-0.05,1.0,0.001
BIOMD0000001005,model,0.0,0.0,0.0,41,0,0.0,0.0,0.0,0.0,0.0,0.0,0.0,0.0,0.0,0.0,0.0,1.0,0.001
BIOMD0000001005,model,0.0,0.0,0.0,41,0,0.0,0.0,0.0,0.0,0.0,0.0,0.0,0.0,0.0,0.0,0.05,1.0,0.001
BIOMD0000001005,model,0.0,0.0,0.0,41,0,0.0,0.0,0.0,0.0,0.0,0.0,0.0,0.0,0.0,0.0,0.1,1.0,0.001
BIOMD0000001005,model,0.0,0.0,0.0,41,0,0.0,0.0,0.0,0.0,0.0,0.0,0.0,0.0,0.0,0.0,0.2,1.0,0.001
BIOMD0000001005,model,0.0,0.0,0.0,41,0,0.0,0.0,0.0,0.0,0.0,0.0,0.0,0.0,0.0,0.0,0.5,1.0,0.001
BIOMD0000001006,model,0.0,0.0,0.0,7,0,0.0,0.0,0.0,0.0,0.0,0.0,0.0,0.0,0.0,0.0,-0.5,1.0,0.001
BIOMD0000001006,model,0.0,0.0,0.0,7,0,0.0,0.0,0.0,0.0,0.0,0.0,0.0,0.0,0.0,0.0,-0.2,1.0,0.001
BIOMD0000001006,model,0.0,0.0,0.0,7,0,0.0,0.0,0.0,0.0,0.0,0.0,0.0,0.0,0.0,0.0,-0.1,1.0,0.001
BIOMD0000001006,model,0.0,0.0,0.0,7,0,0.0,0.0,0.0,0.0,0.0,0.0,0.0,0.0,0.0,0.0,-0.05,1.0,0.001
BIOMD0000001006,model,0.0,0.0,0.0,7,0,0.0,0.0,0.0,0.0,0.0,0.0,0.0,0.0,0.0,0.0,0.0,1.0,0.001
BIOMD0000001006,model,0.0,0.0,0.0,7,0,0.0,0.0,0.0,0.0,0.0,0.0,0.0,0.0,0.0,0.0,0.05,1.0,0.001
BIOMD0000001006,model,0.0,0.0,0.0,7,0,0.0,0.0,0.0,0.0,0.0,0.0,0.0,0.0,0.0,0.0,0.1,1.0,0.001
BIOMD0000001006,model,0.0,0.0,0.0,7,0,0.0,0.0,0.0,0.0,0.0,0.0,0.0,0.0,0.0,0.0,0.2,1.0,0.001
BIOMD0000001006,model,0.0,0.0,0.0,7,0,0.0,0.0,0.0,0.0,0.0,0.0,0.0,0.0,0.0,0.0,0.5,1.0,0.001
BIOMD0000001007,model,0.0596459078316652,0.0,0.1789377234949956,3,0,0.0,0.0,0.0,0.0,0.0,0.0,0.1073626340969973,0.1431501787959964,0.161043951145496,0.1753589690250956,-0.5,1.0,0.001
BIOMD0000001007,model,0.2831160235416759,0.1204474105607954,0.4248339109095409,3,0,0.138809344420185,0.1571712782795746,0.1938951459983538,0.2122570798577434,0.230619013717133,0.3040667491546914,0.3765270462076011,0.400680478558571,0.412757194734056,0.4224185676744439,-0.2,1.0,0.001
BIOMD0000001007,model,0.3339620782562485,0.180818834026094,0.4655143391429778,3,0,0.198292256783452,0.21576567954081,0.250712525055526,0.2681859478128839,0.2856593705702419,0.3555530615996738,0.4215298281256562,0.443522083634317,0.4545182113886474,0.4633151135921117,-0.1,1.0,0.001
BIOMD0000001007,model,0.2815911407161752,0.0194229304563113,0.4771354577897407,3,0,0.0523021408009275,0.0851813511455437,0.1509397718347762,0.1838189821793924,0.2166981925240086,0.3482150339024736,0.4255672882348338,0.4513513730122873,0.464243415401014,0.4745570493119954,-0.05,1.0,0.001
BIOMD0000001007,model,0.235312175144497,0.0,0.488902485753817,3,0,0.0217034039679673,0.0434068079359347,0.0868136158718695,0.1085170198398369,0.1302204238078043,0.2170340396796739,0.3801551073241598,0.4345287965389884,0.4617156411464027,0.4834651168323342,0.0,1.0,0.001
BIOMD0000001007,model,0.1919714520748457,0.0,0.4835346644592106,3,0,0.0092379691765326,0.0184759383530653,0.0369518767061306,0.0461898458826633,0.0554278150591959,0.0923796917653266,0.3270726753816571,0.4053036699204339,0.4444191671898222,0.4757115650053329,0.05,1.0,0.001
BIOMD0000001007,model,0.1603680483949096,0.0,0.481104145184729,3,0,0.0,0.0,0.0,0.0,0.0,0.0,0.2886624871108374,0.3848833161477832,0.432993730666256,0.4714820622810344,0.1,1.0,0.001
BIOMD0000001007,model,0.1090221465730328,0.0,0.3270664397190986,3,0,0.0,0.0,0.0,0.0,0.0,0.0,0.1962398638314592,0.2616531517752789,0.2943597957471887,0.3205251109247167,0.2,1.0,0.001
BIOMD0000001007,model,0.0,0.0,0.0,3,0,0.0,0.0,0.0,0.0,0.0,0.0,0.0,0.0,0.0,0.0,0.5,1.0,0.001
BIOMD0000001008,model,,,,0,2,,,,,,,,,,,-0.5,1.0,0.001
BIOMD0000001008,model,,,,0,2,,,,,,,,,,,-0.2,1.0,0.001
BIOMD0000001008,model,,,,0,2,,,,,,,,,,,-0.1,1.0,0.001
BIOMD0000001008,model,,,,0,2,,,,,,,,,,,-0.05,1.0,0.001
BIOMD0000001008,model,,,,0,2,,,,,,,,,,,0.0,1.0,0.001
BIOMD0000001008,model,,,,0,2,,,,,,,,,,,0.05,1.0,0.001
BIOMD0000001008,model,,,,0,2,,,,,,,,,,,0.1,1.0,0.001
BIOMD0000001008,model,,,,0,2,,,,,,,,,,,0.2,1.0,0.001
BIOMD0000001008,model,,,,0,2,,,,,,,,,,,0.5,1.0,0.001
BIOMD0000001009,model,0.0,0.0,0.0,4,0,0.0,0.0,0.0,0.0,0.0,0.0,0.0,0.0,0.0,0.0,-0.5,1.0,0.001
BIOMD0000001009,model,0.0,0.0,0.0,4,0,0.0,0.0,0.0,0.0,0.0,0.0,0.0,0.0,0.0,0.0,-0.2,1.0,0.001
BIOMD0000001009,model,0.1616859268021127,0.0,0.4410734486213084,4,0,0.0,0.0,0.0,0.0,0.0,0.1028351292935713,0.2998315346008091,0.3704524916110587,0.4057629701161835,0.4340113529202834,-0.1,1.0,0.001
BIOMD0000001009,model,0.3532934039773779,0.0,0.6833997767327834,4,0,0.0363176783947894,0.0726353567895789,0.1452707135791578,0.1815883919739472,0.2179060703687367,0.3648869195883641,0.5659535006199925,0.624676638676388,0.6540382077045857,0.6775274629271438,-0.05,1.0,0.001
BIOMD0000001009,model,0.4612236396493071,0.0,0.735158687760415,4,0,0.076895612834318,0.1537912256686361,0.3075824513372723,0.3844780641715904,0.4613736770059085,0.5548679354184067,0.6523225462689818,0.6937406170146985,0.7144496523875566,0.7310168806858434,0.0,1.0,0.001
BIOMD0000001009,model,0.3383819464585545,0.0,0.5776761348732181,4,0,0.0355453290952461,0.0710906581904922,0.1421813163809845,0.1777266454762306,0.2132719745714767,0.3879258254805,0.5544001281449028,0.5660381315090605,0.5718571331911393,0.5765123345368023,0.05,1.0,0.001
BIOMD0000001009,model,0.1728090418206565,0.0,0.3786468090766453,4,0,0.0,0.0,0.0,0.0,0.0,0.1562946791029904,0.3390123385542467,0.358829573815446,0.3687381914460456,0.3766650855505253,0.1,1.0,0.001
BIOMD0000001009,model,0.0,0.0,0.0,4,0,0.0,0.0,0.0,0.0,0.0,0.0,0.0,0.0,0.0,0.0,0.2,1.0,0.001
BIOMD0000001009,model,0.0,0.0,0.0,4,0,0.0,0.0,0.0,0.0,0.0,0.0,0.0,0.0,0.0,0.0,0.5,1.0,0.001
BIOMD0000001010,model,0.0,0.0,0.0,2,0,0.0,0.0,0.0,0.0,0.0,0.0,0.0,0.0,0.0,0.0,-0.5,1.0,0.001
BIOMD0000001010,model,0.1662581799766229,0.0,0.3325163599532458,2,0,0.0166258179976622,0.0332516359953245,0.0665032719906491,0.0831290899883114,0.0997549079859737,0.1662581799766229,0.2660130879625967,0.2992647239579212,0.3158905419555835,0.3291911963537134,-0.2,1.0,0.001
BIOMD0000001010,model,0.1872908862665621,0.0,0.3745817725331243,2,0,0.0187290886266562,0.0374581772533124,0.0749163545066248,0.093645443133281,0.1123745317599373,0.1872908862665621,0.2996654180264995,0.3371235952798119,0.355852683906468,0.3708359548077931,-0.1,1.0,0.001
BIOMD0000001010,model,0.2223527652387102,0.0,0.4447055304774204,2,0,0.022235276523871,0.044470553047742,0.0889411060954841,0.1111763826193551,0.1334116591432261,0.2223527652387102,0.3557644243819364,0.4002349774296784,0.4224702539535494,0.4402584751726462,-0.05,1.0,0.001
BIOMD0000001010,model,0.2458297360751728,0.0,0.4916594721503456,2,0,0.0245829736075172,0.0491659472150345,0.0983318944300691,0.1229148680375864,0.1474978416451036,0.2458297360751728,0.3933275777202765,0.4424935249353111,0.4670764985428283,0.4867428774288422,0.0,1.0,0.001
BIOMD0000001010,model,0.2488676131111274,0.0,0.4977352262222548,2,0,0.0248867613111127,0.0497735226222254,0.0995470452444509,0.1244338065555637,0.1493205678666764,0.2488676131111274,0.3981881809778038,0.4479617036000293,0.472848464911142,0.4927578739600322,0.05,1.0,0.001
BIOMD0000001010,model,0.245470393280541,0.0,0.490940786561082,2,0,0.0245470393280541,0.0490940786561082,0.0981881573122164,0.1227351966402705,0.1472822359683246,0.245470393280541,0.3927526292488656,0.4418467079049738,0.4663937472330279,0.4860313786954712,0.1,1.0,0.001
BIOMD0000001010,model,0.2408736405217079,0.0,0.4817472810434158,2,0,0.0240873640521707,0.0481747281043415,0.0963494562086831,0.1204368202608539,0.1445241843130247,0.2408736405217079,0.3853978248347326,0.4335725529390742,0.457659916991245,0.4769298082329816,0.2,1.0,0.001
BIOMD0000001010,model,0.0267859042380422,0.0,0.0535718084760845,2,0,0.0026785904238042,0.0053571808476084,0.0107143616952169,0.0133929521190211,0.0160715425428253,0.0267859042380422,0.0428574467808676,0.0482146276284761,0.0508932180522803,0.0530360903913237,0.5,1.0,0.001
BIOMD0000001011,model,0.0,0.0,0.0,3,0,0.0,0.0,0.0,0.0,0.0,0.0,0.0,0.0,0.0,0.0,-0.5,1.0,0.001
BIOMD0000001011,model,0.0,0.0,0.0,3,0,0.0,0.0,0.0,0.0,0.0,0.0,0.0,0.0,0.0,0.0,-0.2,1.0,0.001
BIOMD0000001011,model,0.0,0.0,0.0,3,0,0.0,0.0,0.0,0.0,0.0,0.0,0.0,0.0,0.0,0.0,-0.1,1.0,0.001
BIOMD0000001011,model,0.0,0.0,0.0,3,0,0.0,0.0,0.0,0.0,0.0,0.0,0.0,0.0,0.0,0.0,-0.05,1.0,0.001
BIOMD0000001011,model,0.0,0.0,0.0,3,0,0.0,0.0,0.0,0.0,0.0,0.0,0.0,0.0,0.0,0.0,0.0,1.0,0.001
BIOMD0000001011,model,0.0279684612306204,0.0,0.0839053836918612,3,0,0.0,0.0,0.0,0.0,0.0,0.0,0.0503432302151167,0.0671243069534889,0.075514845322675,0.0822272760180239,0.05,1.0,0.001
BIOMD0000001011,model,0.032655671523281,0.0,0.0979670145698432,3,0,0.0,0.0,0.0,0.0,0.0,0.0,0.0587802087419059,0.0783736116558745,0.0881703131128588,0.0960076742784463,0.1,1.0,0.001
BIOMD0000001011,model,0.0,0.0,0.0,3,0,0.0,0.0,0.0,0.0,0.0,0.0,0.0,0.0,0.0,0.0,0.2,1.0,0.001
BIOMD0000001011,model,0.0,0.0,0.0,3,0,0.0,0.0,0.0,0.0,0.0,0.0,0.0,0.0,0.0,0.0,0.5,1.0,0.001
BIOMD0000001013,model,0.1845485797938591,0.0,0.3690971595877182,2,0,0.0184548579793859,0.0369097159587718,0.0738194319175436,0.0922742898969295,0.1107291478763154,0.1845485797938591,0.2952777276701746,0.3321874436289464,0.3506423016083322,0.365406187991841,-0.5,1.0,0.001
BIOMD0000001013,model,0.2805996031922155,0.0,0.561199206384431,2,0,0.0280599603192215,0.0561199206384431,0.1122398412768862,0.1402998015961077,0.1683597619153292,0.2805996031922155,0.4489593651075448,0.5050792857459879,0.5331392460652095,0.5555872143205867,-0.2,1.0,0.001
BIOMD0000001013,model,0.320804317679241,0.0,0.641608635358482,2,0,0.0320804317679241,0.0641608635358482,0.1283217270716964,0.1604021588396205,0.1924825906075446,0.320804317679241,0.5132869082867857,0.5774477718226338,0.6095282035905579,0.6351925490048972,-0.1,1.0,0.001
BIOMD0000001013,model,0.340626714524794,0.0,0.6812534290495881,2,0,0.0340626714524794,0.0681253429049588,0.1362506858099176,0.170313357262397,0.2043760287148764,0.340626714524794,0.5450027432396705,0.6131280861446293,0.6471907575971086,0.6744408947590922,-0.05,1.0,0.001
BIOMD0000001013,model,0.359413801277876,0.0,0.7188276025557521,2,0,0.0359413801277876,0.0718827602555752,0.1437655205111504,0.179706900638938,0.2156482807667256,0.359413801277876,0.5750620820446017,0.6469448423001769,0.6828862224279644,0.7116393265301946,0.0,1.0,0.001
BIOMD0000001013,model,0.3771225561968847,0.0,0.7542451123937693,2,0,0.0377122556196884,0.0754245112393769,0.1508490224787538,0.1885612780984423,0.2262735337181308,0.3771225561968847,0.6033960899150155,0.6788206011543925,0.7165328567740809,0.7467026612698316,0.05,1.0,0.001
BIOMD0000001013,model,0.3332088339469422,0.0,0.6664176678938843,2,0,0.0333208833946942,0.0666417667893884,0.1332835335787768,0.1666044169734711,0.1999253003681653,0.3332088339469422,0.5331341343151075,0.599775901104496,0.6330967844991902,0.6597534912149455,0.1,1.0,0.001
BIOMD0000001013,model,0.2083868654246895,0.0,0.4167737308493791,2,0,0.0208386865424689,0.0416773730849379,0.0833547461698758,0.1041934327123447,0.1250321192548137,0.2083868654246895,0.3334189846795032,0.3750963577644411,0.3959350443069101,0.4126059935408853,0.2,1.0,0.001
BIOMD0000001013,model,0.0,0.0,0.0,2,0,0.0,0.0,0.0,0.0,0.0,0.0,0.0,0.0,0.0,0.0,0.5,1.0,0.001
BIOMD0000001014,model,0.0,0.0,0.0,4,0,0.0,0.0,0.0,0.0,0.0,0.0,0.0,0.0,0.0,0.0,-0.5,1.0,0.001
BIOMD0000001014,model,0.0,0.0,0.0,4,0,0.0,0.0,0.0,0.0,0.0,0.0,0.0,0.0,0.0,0.0,-0.2,1.0,0.001
BIOMD0000001014,model,0.0,0.0,0.0,4,0,0.0,0.0,0.0,0.0,0.0,0.0,0.0,0.0,0.0,0.0,-0.1,1.0,0.001
BIOMD0000001014,model,0.0,0.0,0.0,4,0,0.0,0.0,0.0,0.0,0.0,0.0,0.0,0.0,0.0,0.0,-0.05,1.0,0.001
BIOMD0000001014,model,0.0,0.0,0.0,4,0,0.0,0.0,0.0,0.0,0.0,0.0,0.0,0.0,0.0,0.0,0.0,1.0,0.001
BIOMD0000001014,model,0.0,0.0,0.0,4,0,0.0,0.0,0.0,0.0,0.0,0.0,0.0,0.0,0.0,0.0,0.05,1.0,0.001
BIOMD0000001014,model,0.0,0.0,0.0,4,0,0.0,0.0,0.0,0.0,0.0,0.0,0.0,0.0,0.0,0.0,0.1,1.0,0.001
BIOMD0000001014,model,0.0,0.0,0.0,4,0,0.0,0.0,0.0,0.0,0.0,0.0,0.0,0.0,0.0,0.0,0.2,1.0,0.001
BIOMD0000001014,model,0.0,0.0,0.0,4,0,0.0,0.0,0.0,0.0,0.0,0.0,0.0,0.0,0.0,0.0,0.5,1.0,0.001
BIOMD0000001015,model,0.0,0.0,0.0,6,0,0.0,0.0,0.0,0.0,0.0,0.0,0.0,0.0,0.0,0.0,-0.5,1.0,0.001
BIOMD0000001015,model,0.0,0.0,0.0,6,0,0.0,0.0,0.0,0.0,0.0,0.0,0.0,0.0,0.0,0.0,-0.2,1.0,0.001
BIOMD0000001015,model,0.0,0.0,0.0,6,0,0.0,0.0,0.0,0.0,0.0,0.0,0.0,0.0,0.0,0.0,-0.1,1.0,0.001
BIOMD0000001015,model,0.0,0.0,0.0,6,0,0.0,0.0,0.0,0.0,0.0,0.0,0.0,0.0,0.0,0.0,-0.05,1.0,0.001
BIOMD0000001015,model,0.0,0.0,0.0,6,0,0.0,0.0,0.0,0.0,0.0,0.0,0.0,0.0,0.0,0.0,0.0,1.0,0.001
BIOMD0000001015,model,0.0,0.0,0.0,6,0,0.0,0.0,0.0,0.0,0.0,0.0,0.0,0.0,0.0,0.0,0.05,1.0,0.001
BIOMD0000001015,model,0.0,0.0,0.0,6,0,0.0,0.0,0.0,0.0,0.0,0.0,0.0,0.0,0.0,0.0,0.1,1.0,0.001
BIOMD0000001015,model,0.0,0.0,0.0,6,0,0.0,0.0,0.0,0.0,0.0,0.0,0.0,0.0,0.0,0.0,0.2,1.0,0.001
BIOMD0000001015,model,0.0,0.0,0.0,6,0,0.0,0.0,0.0,0.0,0.0,0.0,0.0,0.0,0.0,0.0,0.5,1.0,0.001
BIOMD0000001016,model,0.0,0.0,0.0,7,1,0.0,0.0,0.0,0.0,0.0,0.0,0.0,0.0,0.0,0.0,-0.5,1.0,0.001
BIOMD0000001016,model,0.09375,0.0,0.75,8,0,0.0,0.0,0.0,0.0,0.0,0.0,0.0,0.2249999999999998,0.4874999999999996,0.6974999999999998,-0.2,1.0,0.001
BIOMD0000001016,model,0.1111111111111111,0.0,0.888888888888889,8,0,0.0,0.0,0.0,0.0,0.0,0.0,0.0,0.2666666666666665,0.5777777777777773,0.8266666666666664,-0.1,1.0,0.001
BIOMD0000001016,model,0.1184210526315789,0.0,0.9473684210526316,8,0,0.0,0.0,0.0,0.0,0.0,0.0,0.0,0.2842105263157893,0.61578947368421,0.8810526315789471,-0.05,1.0,0.001
BIOMD0000001016,model,0.125,0.0,1.0,8,0,0.0,0.0,0.0,0.0,0.0,0.0,0.0,0.2999999999999998,0.6499999999999995,0.9299999999999996,0.0,1.0,0.001
BIOMD0000001016,model,0.119047619047619,0.0,0.9523809523809524,8,0,0.0,0.0,0.0,0.0,0.0,0.0,0.0,0.2857142857142855,0.6190476190476185,0.8857142857142855,0.05,1.0,0.001
BIOMD0000001016,model,0.1136363636363636,0.0,0.9090909090909092,8,0,0.0,0.0,0.0,0.0,0.0,0.0,0.0,0.2727272727272726,0.5909090909090905,0.8454545454545452,0.1,1.0,0.001
BIOMD0000001016,model,0.1041666666666666,0.0,0.8333333333333334,8,0,0.0,0.0,0.0,0.0,0.0,0.0,0.0,0.2499999999999998,0.5416666666666663,0.7749999999999998,0.2,1.0,0.001
BIOMD0000001016,model,0.0833333333333333,0.0,0.6666666666666667,8,0,0.0,0.0,0.0,0.0,0.0,0.0,0.0,0.1999999999999999,0.433333333333333,0.6199999999999999,0.5,1.0,0.001
BIOMD0000001017,model,0.1639330050862164,0.0,0.542273364215517,6,7,0.0,0.0,0.0,0.0,0.0,0.0,0.4413246663017817,0.4917990152586493,0.5170361897370832,0.5372259293198303,-0.5,1.0,0.001
BIOMD0000001017,model,0.5019578638329122,0.0,0.8194492202997888,6,7,0.0,0.0,0.0,0.1730744906744211,0.3461489813488423,0.7211489813488422,0.75,0.7847246101498944,0.8020869152248417,0.8159767592847994,-0.2,1.0,0.001
BIOMD0000001017,model,0.5761167974294849,0.0,0.9051243355194204,6,7,0.0,0.0,0.0,0.1934496678199277,0.3868993356398555,0.8313437800842999,0.888888888888889,0.8970066122041547,0.9010654738617876,0.9043125631878938,-0.1,1.0,0.001
BIOMD0000001017,model,0.6092819619154484,0.0,0.9473684210526316,6,7,0.0,0.0,0.0,0.2035378524286165,0.4070757048572331,0.8804774646937137,0.9473684210526314,0.9473684210526314,0.9473684210526316,0.9473684210526316,-0.05,1.0,0.001
BIOMD0000001017,model,0.640331307266058,0.0,1.0,6,7,0.0,0.0,0.0,0.2135621147306254,0.4271242294612508,0.920993921798174,1.0,1.0,1.0,1.0,0.0,1.0,0.001
BIOMD0000001017,model,0.6284832413239982,0.0,0.972048859050972,6,7,0.0,0.0,0.0,0.2235221710327782,0.4470443420655564,0.9232348182560326,0.9523809523809524,0.9622149057159622,0.9671318823834671,0.971065463717471,0.05,1.0,0.001
BIOMD0000001017,model,0.6140676879808642,0.0,0.9336809531967684,6,7,0.0,0.0,0.0,0.2272727272727273,0.4545454545454546,0.9090909090909092,0.9325433565065986,0.9331121548516834,0.933396554024226,0.9336240733622598,0.1,1.0,0.001
BIOMD0000001017,model,0.5850231181107002,0.0,0.987898777993332,6,7,0.0,0.0,0.0,0.2083333333333333,0.4166666666666667,0.8333333333333335,0.855573264004202,0.9217360209987672,0.9548173994960496,0.9812825022938756,0.2,1.0,0.001
BIOMD0000001017,model,0.4552680101458821,0.0,0.758474620845434,6,7,0.0,0.0,0.0,0.1599500266741312,0.3199000533482624,0.6532333866815958,0.6666666666666667,0.7125706437560504,0.7355226323007422,0.7538842231364957,0.5,1.0,0.001
BIOMD0000001018,model,0.1755417087500939,0.0,0.5422744909149132,8,10,0.0,0.0,0.0,0.0,0.0,0.0,0.4326360802857153,0.4700257775543042,0.5061501342346086,0.5350496195788522,-0.5,1.0,0.001
BIOMD0000001018,model,0.4546868099727372,0.0,0.8194507928814071,8,10,0.0,0.0,0.0,0.0,0.063064657038976,0.6590218434502455,0.7499999999999999,0.7708352378644221,0.7951430153729145,0.8145892373797086,-0.2,1.0,0.001
BIOMD0000001018,model,0.5180848192549294,0.0,0.9051245175781616,8,10,0.0,0.0,0.0,0.0,0.0693712496565922,0.7308881293417484,0.8888888888888888,0.8937595774956708,0.8994420475369163,0.9039880235699126,-0.1,1.0,0.001
BIOMD0000001018,model,0.5467206659260107,0.0,0.9473684210526316,8,10,0.0,0.0,0.0,0.0,0.0724207218605821,0.766111929180368,0.9471429034084132,0.9473684210526314,0.9473684210526316,0.9473684210526316,-0.05,1.0,0.001
BIOMD0000001018,model,0.573686731395456,0.0,1.0,8,10,0.0,0.0,0.0,0.0,0.0754038683260965,0.8008768384516188,0.995096069704164,1.0,1.0,1.0,0.0,1.0,0.001
BIOMD0000001018,model,0.5684005023307981,0.0,0.972048665215312,8,10,0.0,0.0,0.0,0.0,0.0783229182028492,0.8351967243345837,0.9523809523809524,0.9582812662312604,0.9651649657232864,0.9706719253169068,0.05,1.0,0.001
BIOMD0000001018,model,0.5611107857264265,0.0,0.9325422776904188,8,10,0.0,0.0,0.0,0.0,0.0811798034258946,0.8604444716749274,0.9194548570445014,0.9282175922832864,0.9303799349868525,0.9321098091497056,0.1,1.0,0.001
BIOMD0000001018,model,0.54816970010435,0.0,0.995965963546203,8,10,0.0,0.0,0.0,0.0,0.0833333333333334,0.8333333333333335,0.8625204252875811,0.905796318699694,0.9508811411229484,0.986948999061552,0.2,1.0,0.001
BIOMD0000001018,model,0.4651998515834705,0.0,0.9798046674456448,8,10,0.0,0.0,0.0,0.0,0.0639801797657822,0.6532342321622444,0.7278620752052449,0.832002710195368,0.9059036888205062,0.9650244717206168,0.5,1.0,0.001
BIOMD0000001020,model,0.0,0.0,0.0,3,0,0.0,0.0,0.0,0.0,0.0,0.0,0.0,0.0,0.0,0.0,-0.5,1.0,0.001
BIOMD0000001020,model,0.0,0.0,0.0,3,0,0.0,0.0,0.0,0.0,0.0,0.0,0.0,0.0,0.0,0.0,-0.2,1.0,0.001
BIOMD0000001020,model,0.0,0.0,0.0,3,0,0.0,0.0,0.0,0.0,0.0,0.0,0.0,0.0,0.0,0.0,-0.1,1.0,0.001
BIOMD0000001020,model,0.0,0.0,0.0,3,0,0.0,0.0,0.0,0.0,0.0,0.0,0.0,0.0,0.0,0.0,-0.05,1.0,0.001
BIOMD0000001020,model,0.0,0.0,0.0,3,0,0.0,0.0,0.0,0.0,0.0,0.0,0.0,0.0,0.0,0.0,0.0,1.0,0.001
BIOMD0000001020,model,0.0,0.0,0.0,3,0,0.0,0.0,0.0,0.0,0.0,0.0,0.0,0.0,0.0,0.0,0.05,1.0,0.001
BIOMD0000001020,model,0.0,0.0,0.0,3,0,0.0,0.0,0.0,0.0,0.0,0.0,0.0,0.0,0.0,0.0,0.1,1.0,0.001
BIOMD0000001020,model,0.0,0.0,0.0,3,0,0.0,0.0,0.0,0.0,0.0,0.0,0.0,0.0,0.0,0.0,0.2,1.0,0.001
BIOMD0000001020,model,0.0,0.0,0.0,3,0,0.0,0.0,0.0,0.0,0.0,0.0,0.0,0.0,0.0,0.0,0.5,1.0,0.001
BIOMD0000001021,model,0.0,0.0,0.0,6,0,0.0,0.0,0.0,0.0,0.0,0.0,0.0,0.0,0.0,0.0,-0.5,1.0,0.001
BIOMD0000001021,model,0.0,0.0,0.0,6,0,0.0,0.0,0.0,0.0,0.0,0.0,0.0,0.0,0.0,0.0,-0.2,1.0,0.001
BIOMD0000001021,model,0.0,0.0,0.0,6,0,0.0,0.0,0.0,0.0,0.0,0.0,0.0,0.0,0.0,0.0,-0.1,1.0,0.001
BIOMD0000001021,model,0.0,0.0,0.0,6,0,0.0,0.0,0.0,0.0,0.0,0.0,0.0,0.0,0.0,0.0,-0.05,1.0,0.001
BIOMD0000001021,model,0.0,0.0,0.0,6,0,0.0,0.0,0.0,0.0,0.0,0.0,0.0,0.0,0.0,0.0,0.0,1.0,0.001
BIOMD0000001021,model,0.0,0.0,0.0,6,0,0.0,0.0,0.0,0.0,0.0,0.0,0.0,0.0,0.0,0.0,0.05,1.0,0.001
BIOMD0000001021,model,0.0,0.0,0.0,6,0,0.0,0.0,0.0,0.0,0.0,0.0,0.0,0.0,0.0,0.0,0.1,1.0,0.001
BIOMD0000001021,model,0.0,0.0,0.0,6,0,0.0,0.0,0.0,0.0,0.0,0.0,0.0,0.0,0.0,0.0,0.2,1.0,0.001
BIOMD0000001021,model,0.0,0.0,0.0,6,0,0.0,0.0,0.0,0.0,0.0,0.0,0.0,0.0,0.0,0.0,0.5,1.0,0.001
BIOMD0000001022,model,0.0362622945624669,0.0,0.1422760798399915,4,0,8.201723969827491e-05,0.0001640344793965,0.000328068958793,0.0004100861984913,0.0004921034381896,0.0013865492049381,0.0582462220231293,0.1002611509315604,0.1212686153857759,0.1380745869491484,-0.5,1.0,0.001
BIOMD0000001022,model,0.0375323645182859,0.0,0.1475317659208903,4,0,0.0001783028772832,0.0003566057545665,0.000713211509133,0.0008915143864162,0.0010698172636995,0.0012988460761268,0.0598581101505753,0.1036949380357328,0.1256133519783115,0.1431480831323745,-0.2,1.0,0.001
BIOMD0000001022,model,0.0381609357182733,0.0,0.1513851324975704,4,0,0.0,0.0,0.0,0.0,0.0,0.0006293051877614,0.0613092192243419,0.1063471758609562,0.1288661541792632,0.1468813368339089,-0.1,1.0,0.001
BIOMD0000001022,model,0.2138021761697581,0.0,0.851449368121958,4,0,0.0,0.0,0.0,0.0,0.0,0.0018796682785372,0.3428353491830282,0.5971423586524931,0.7242958633872252,0.8260186671750113,-0.05,1.0,0.001
BIOMD0000001022,model,0.2246958742348537,0.0,0.893965514385391,4,0,0.0,0.0,0.0,0.0,0.0,0.002408991277012,0.360476995286571,0.627221254835981,0.7605933846106856,0.8672910884304498,0.0,1.0,0.001
BIOMD0000001022,model,0.2300817789138362,0.0,0.9147285561753244,4,0,0.0,0.0,0.0,0.0,0.0,0.0027992797400102,0.3692505581581424,0.6419895571667333,0.7783590566710284,0.887454656274465,0.05,1.0,0.001
BIOMD0000001022,model,0.2335789654450386,0.0,0.928054013800993,4,0,0.0,0.0,0.0,0.0,0.0,0.0031309239895808,0.3749787143078945,0.6515163640544437,0.7897851889277179,0.9004002488263377,0.1,1.0,0.001
BIOMD0000001022,model,0.2380896983763389,0.0,0.9449640865958444,4,0,0.0,0.0,0.0,0.0,0.0,0.0036973534547556,0.3824224587840449,0.6636932726899447,0.8043286796428941,0.916837005205254,0.2,1.0,0.001
BIOMD0000001022,model,0.2446819623364651,0.0,0.9685723231767248,4,0,0.0,0.0,0.0,0.0,0.0,0.0050777630845679,0.3935222449721717,0.6810472840744484,0.8248098036255861,0.9398198192664968,0.5,1.0,0.001
BIOMD0000001023,model,0.0,0.0,0.0,3,0,0.0,0.0,0.0,0.0,0.0,0.0,0.0,0.0,0.0,0.0,-0.5,1.0,0.001
BIOMD0000001023,model,0.1347877744210666,0.0,0.2743704165928451,3,0,0.0129992906670354,0.0259985813340709,0.0519971626681419,0.0649964533351774,0.0779957440022129,0.1299929066703548,0.216619412623849,0.245494914608347,0.2599326656005961,0.2714828663943953,-0.2,1.0,0.001
BIOMD0000001023,model,0.3984584770857791,0.0,0.6343699991180866,3,0,0.056100543213925,0.1122010864278501,0.2244021728557003,0.2805027160696253,0.3366032592835504,0.5610054321392507,0.6050241723265523,0.6196970857223194,0.6270335424202029,0.6329027077785099,-0.1,1.0,0.001
BIOMD0000001023,model,0.5302680305372864,0.0,0.8141742786178637,3,0,0.0776629812993995,0.1553259625987991,0.3106519251975982,0.3883149064969977,0.4659778877963972,0.7766298129939955,0.7991564923683164,0.8066653854930901,0.8104198320554769,0.8134233893053864,-0.05,1.0,0.001
BIOMD0000001023,model,0.7299540146432294,0.2540428476460791,0.971230957706438,3,0,0.3250973867391883,0.3961519258322975,0.5382610040185158,0.6093155431116251,0.6803700822047343,0.9645882385771712,0.9685738700547312,0.9699024138805848,0.9705666857935114,0.9710981033238528,0.0,1.0,0.001
BIOMD0000001023,model,0.5335030495278575,0.0,0.8265168452723664,3,0,0.0773992303311206,0.1547984606622412,0.3095969213244825,0.3869961516556031,0.4643953819867237,0.7739923033112063,0.8055070284879023,0.8160119368801343,0.8212643910762504,0.8254663544331432,0.05,1.0,0.001
BIOMD0000001023,model,0.4077113032650032,0.0,0.6469858923674653,3,0,0.0576148017427544,0.1152296034855088,0.2304592069710177,0.2880740087137721,0.3456888104565265,0.5761480174275443,0.6186507423914969,0.6328183173794811,0.6399021048734732,0.6455691348686668,0.1,1.0,0.001
BIOMD0000001023,model,0.1441899094833963,0.0,0.2881218421635422,3,0,0.0144447886286646,0.0288895772573293,0.0577791545146587,0.0722239431433233,0.086668731771988,0.1444478862866467,0.230652259812784,0.2593870509881631,0.2737544465758527,0.2852483630460043,0.2,1.0,0.001
BIOMD0000001023,model,0.0,0.0,0.0,3,0,0.0,0.0,0.0,0.0,0.0,0.0,0.0,0.0,0.0,0.0,0.5,1.0,0.001
BIOMD0000001024,model,0.0,0.0,0.0,2,0,0.0,0.0,0.0,0.0,0.0,0.0,0.0,0.0,0.0,0.0,-0.5,1.0,0.001
BIOMD0000001024,model,0.0,0.0,0.0,2,0,0.0,0.0,0.0,0.0,0.0,0.0,0.0,0.0,0.0,0.0,-0.2,1.0,0.001
BIOMD0000001024,model,0.0,0.0,0.0,2,0,0.0,0.0,0.0,0.0,0.0,0.0,0.0,0.0,0.0,0.0,-0.1,1.0,0.001
BIOMD0000001024,model,0.0,0.0,0.0,2,0,0.0,0.0,0.0,0.0,0.0,0.0,0.0,0.0,0.0,0.0,-0.05,1.0,0.001
BIOMD0000001024,model,0.0,0.0,0.0,2,0,0.0,0.0,0.0,0.0,0.0,0.0,0.0,0.0,0.0,0.0,0.0,1.0,0.001
BIOMD0000001024,model,0.0,0.0,0.0,2,0,0.0,0.0,0.0,0.0,0.0,0.0,0.0,0.0,0.0,0.0,0.05,1.0,0.001
BIOMD0000001024,model,0.0,0.0,0.0,2,0,0.0,0.0,0.0,0.0,0.0,0.0,0.0,0.0,0.0,0.0,0.1,1.0,0.001
BIOMD0000001024,model,0.0,0.0,0.0,2,0,0.0,0.0,0.0,0.0,0.0,0.0,0.0,0.0,0.0,0.0,0.2,1.0,0.001
BIOMD0000001024,model,0.0,0.0,0.0,2,0,0.0,0.0,0.0,0.0,0.0,0.0,0.0,0.0,0.0,0.0,0.5,1.0,0.001
BIOMD0000001025,model,0.0,0.0,0.0,3,0,0.0,0.0,0.0,0.0,0.0,0.0,0.0,0.0,0.0,0.0,-0.5,1.0,0.001
BIOMD0000001025,model,0.0,0.0,0.0,3,0,0.0,0.0,0.0,0.0,0.0,0.0,0.0,0.0,0.0,0.0,-0.2,1.0,0.001
BIOMD0000001025,model,0.0,0.0,0.0,3,0,0.0,0.0,0.0,0.0,0.0,0.0,0.0,0.0,0.0,0.0,-0.1,1.0,0.001
BIOMD0000001025,model,0.0,0.0,0.0,3,0,0.0,0.0,0.0,0.0,0.0,0.0,0.0,0.0,0.0,0.0,-0.05,1.0,0.001
BIOMD0000001025,model,0.0,0.0,0.0,3,0,0.0,0.0,0.0,0.0,0.0,0.0,0.0,0.0,0.0,0.0,0.0,1.0,0.001
BIOMD0000001025,model,0.0,0.0,0.0,3,0,0.0,0.0,0.0,0.0,0.0,0.0,0.0,0.0,0.0,0.0,0.05,1.0,0.001
BIOMD0000001025,model,0.0,0.0,0.0,3,0,0.0,0.0,0.0,0.0,0.0,0.0,0.0,0.0,0.0,0.0,0.1,1.0,0.001
BIOMD0000001025,model,0.0,0.0,0.0,3,0,0.0,0.0,0.0,0.0,0.0,0.0,0.0,0.0,0.0,0.0,0.2,1.0,0.001
BIOMD0000001025,model,0.0,0.0,0.0,3,0,0.0,0.0,0.0,0.0,0.0,0.0,0.0,0.0,0.0,0.0,0.5,1.0,0.001
BIOMD0000001026,model,0.3004108596797074,0.3004108596797074,0.3004108596797074,1,0,0.3004108596797074,0.3004108596797074,0.3004108596797074,0.3004108596797074,0.3004108596797074,0.3004108596797074,0.3004108596797074,0.3004108596797074,0.3004108596797074,0.3004108596797074,-0.5,1.0,0.001
BIOMD0000001026,model,0.3004108596797074,0.3004108596797074,0.3004108596797074,1,0,0.3004108596797074,0.3004108596797074,0.3004108596797074,0.3004108596797074,0.3004108596797074,0.3004108596797074,0.3004108596797074,0.3004108596797074,0.3004108596797074,0.3004108596797074,-0.2,1.0,0.001
BIOMD0000001026,model,0.3004108596797074,0.3004108596797074,0.3004108596797074,1,0,0.3004108596797074,0.3004108596797074,0.3004108596797074,0.3004108596797074,0.3004108596797074,0.3004108596797074,0.3004108596797074,0.3004108596797074,0.3004108596797074,0.3004108596797074,-0.1,1.0,0.001
BIOMD0000001026,model,0.3004108596797074,0.3004108596797074,0.3004108596797074,1,0,0.3004108596797074,0.3004108596797074,0.3004108596797074,0.3004108596797074,0.3004108596797074,0.3004108596797074,0.3004108596797074,0.3004108596797074,0.3004108596797074,0.3004108596797074,-0.05,1.0,0.001
BIOMD0000001026,model,0.3004108596797074,0.3004108596797074,0.3004108596797074,1,0,0.3004108596797074,0.3004108596797074,0.3004108596797074,0.3004108596797074,0.3004108596797074,0.3004108596797074,0.3004108596797074,0.3004108596797074,0.3004108596797074,0.3004108596797074,0.0,1.0,0.001
BIOMD0000001026,model,0.3004108596797074,0.3004108596797074,0.3004108596797074,1,0,0.3004108596797074,0.3004108596797074,0.3004108596797074,0.3004108596797074,0.3004108596797074,0.3004108596797074,0.3004108596797074,0.3004108596797074,0.3004108596797074,0.3004108596797074,0.05,1.0,0.001
BIOMD0000001026,model,0.3004108596797074,0.3004108596797074,0.3004108596797074,1,0,0.3004108596797074,0.3004108596797074,0.3004108596797074,0.3004108596797074,0.3004108596797074,0.3004108596797074,0.3004108596797074,0.3004108596797074,0.3004108596797074,0.3004108596797074,0.1,1.0,0.001
BIOMD0000001026,model,0.3004108596797074,0.3004108596797074,0.3004108596797074,1,0,0.3004108596797074,0.3004108596797074,0.3004108596797074,0.3004108596797074,0.3004108596797074,0.3004108596797074,0.3004108596797074,0.3004108596797074,0.3004108596797074,0.3004108596797074,0.2,1.0,0.001
BIOMD0000001026,model,0.3004108596797074,0.3004108596797074,0.3004108596797074,1,0,0.3004108596797074,0.3004108596797074,0.3004108596797074,0.3004108596797074,0.3004108596797074,0.3004108596797074,0.3004108596797074,0.3004108596797074,0.3004108596797074,0.3004108596797074,0.5,1.0,0.001
BIOMD0000001028,model,0.0,0.0,0.0,21,0,0.0,0.0,0.0,0.0,0.0,0.0,0.0,0.0,0.0,0.0,-0.5,1.0,0.001
BIOMD0000001028,model,0.0,0.0,0.0,21,0,0.0,0.0,0.0,0.0,0.0,0.0,0.0,0.0,0.0,0.0,-0.2,1.0,0.001
BIOMD0000001028,model,0.0,0.0,0.0,21,0,0.0,0.0,0.0,0.0,0.0,0.0,0.0,0.0,0.0,0.0,-0.1,1.0,0.001
BIOMD0000001028,model,0.0,0.0,0.0,21,0,0.0,0.0,0.0,0.0,0.0,0.0,0.0,0.0,0.0,0.0,-0.05,1.0,0.001
BIOMD0000001028,model,0.0,0.0,0.0,21,0,0.0,0.0,0.0,0.0,0.0,0.0,0.0,0.0,0.0,0.0,0.0,1.0,0.001
BIOMD0000001028,model,0.0,0.0,0.0,21,0,0.0,0.0,0.0,0.0,0.0,0.0,0.0,0.0,0.0,0.0,0.05,1.0,0.001
BIOMD0000001028,model,0.0,0.0,0.0,21,0,0.0,0.0,0.0,0.0,0.0,0.0,0.0,0.0,0.0,0.0,0.1,1.0,0.001
BIOMD0000001028,model,0.0,0.0,0.0,21,0,0.0,0.0,0.0,0.0,0.0,0.0,0.0,0.0,0.0,0.0,0.2,1.0,0.001
BIOMD0000001028,model,0.0,0.0,0.0,21,0,0.0,0.0,0.0,0.0,0.0,0.0,0.0,0.0,0.0,0.0,0.5,1.0,0.001
BIOMD0000001029,model,0.0,0.0,0.0,21,0,0.0,0.0,0.0,0.0,0.0,0.0,0.0,0.0,0.0,0.0,-0.5,1.0,0.001
BIOMD0000001029,model,0.0,0.0,0.0,21,0,0.0,0.0,0.0,0.0,0.0,0.0,0.0,0.0,0.0,0.0,-0.2,1.0,0.001
BIOMD0000001029,model,0.0,0.0,0.0,21,0,0.0,0.0,0.0,0.0,0.0,0.0,0.0,0.0,0.0,0.0,-0.1,1.0,0.001
BIOMD0000001029,model,0.0,0.0,0.0,21,0,0.0,0.0,0.0,0.0,0.0,0.0,0.0,0.0,0.0,0.0,-0.05,1.0,0.001
BIOMD0000001029,model,0.0,0.0,0.0,21,0,0.0,0.0,0.0,0.0,0.0,0.0,0.0,0.0,0.0,0.0,0.0,1.0,0.001
BIOMD0000001029,model,0.0,0.0,0.0,21,0,0.0,0.0,0.0,0.0,0.0,0.0,0.0,0.0,0.0,0.0,0.05,1.0,0.001
BIOMD0000001029,model,0.0,0.0,0.0,21,0,0.0,0.0,0.0,0.0,0.0,0.0,0.0,0.0,0.0,0.0,0.1,1.0,0.001
BIOMD0000001029,model,0.0,0.0,0.0,21,0,0.0,0.0,0.0,0.0,0.0,0.0,0.0,0.0,0.0,0.0,0.2,1.0,0.001
BIOMD0000001029,model,0.0,0.0,0.0,21,0,0.0,0.0,0.0,0.0,0.0,0.0,0.0,0.0,0.0,0.0,0.5,1.0,0.001
BIOMD0000001030,model,0.835904568166534,0.7745985095118175,0.8972106268212506,2,0,0.7807291153772892,0.7868597212427608,0.7991209329737041,0.8052515388391758,0.8113821447046474,0.835904568166534,0.872688203359364,0.8849494150903073,0.891080020955779,0.8959845056481563,-0.5,1.0,0.001
BIOMD0000001030,model,0.944725588796442,0.9205805064731296,0.9688706711197548,2,0,0.9229950147054607,0.925409522937792,0.9302385394024544,0.9326530476347858,0.9350675558671172,0.944725588796442,0.9592126381904296,0.9640416546550922,0.9664561628874234,0.9683877694732884,-0.2,1.0,0.001
BIOMD0000001030,model,0.9737045535699738,0.9618067406628248,0.9856023664771228,2,0,0.9629965219535396,0.9641863032442546,0.9665658658256844,0.9677556471163992,0.9689454284071142,0.9737045535699738,0.9808432413142631,0.983222803895693,0.984412585186408,0.98536441021898,-0.1,1.0,0.001
BIOMD0000001030,model,0.9871572539539332,0.9812609356337024,0.993053572274164,2,0,0.9818505674657256,0.9824401992977486,0.9836194629617948,0.9842090947938178,0.9847987266258408,0.9871572539539332,0.9906950449460716,0.991874308610118,0.992463940442141,0.9929356459077596,-0.05,1.0,0.001
BIOMD0000001030,model,1.0,1.0,1.0,2,0,1.0,1.0,1.0,1.0,1.0,1.0,1.0,1.0,1.0,1.0,0.0,1.0,0.001
BIOMD0000001030,model,0.9877296469781816,0.9819377196318134,0.9935215743245496,2,0,0.9825169123664502,0.983096105101087,0.9842544905703606,0.9848336833049974,0.9854128760396342,0.9877296469781816,0.9912048033860024,0.992363188855276,0.9929423815899128,0.9934057357776224,0.05,1.0,0.001
BIOMD0000001030,model,0.975989358579744,0.9645164845854652,0.987462232574023,2,0,0.9656637719848932,0.966811059384321,0.9691056341831767,0.9702529215826048,0.9714002089820326,0.975989358579744,0.9828730829763116,0.9851676577751672,0.9863149451745952,0.9872327750941374,0.1,1.0,0.001
BIOMD0000001030,model,0.9539624049697442,0.931466472352832,0.9764583375866562,2,0,0.9337160656145232,0.9359656588762144,0.940464845399597,0.942714438661288,0.9449640319229792,0.9539624049697442,0.9674599645398914,0.9719591510632738,0.9742087443249652,0.976008418934318,0.2,1.0,0.001
BIOMD0000001030,model,0.8975027941337419,0.8446382842205196,0.950367304046964,2,0,0.8499247352118418,0.855211186203164,0.8657840881858084,0.8710705391771307,0.8763569901684529,0.8975027941337419,0.9292215000816751,0.9397944020643196,0.945080853055642,0.9493100138486996,0.5,1.0,0.001
BIOMD0000001031,model,0.2996772551445836,0.0133412834994626,0.7076014478927728,3,0,0.0298160585536679,0.0462908336078731,0.0792403837162837,0.095715158770489,0.1121899338246943,0.1780890340415155,0.4957964823522699,0.6016989651225214,0.654650206507647,0.6970111996157476,-0.5,1.0,0.001
BIOMD0000001031,model,0.6143998924618028,0.2594715054817436,0.92048093872295,3,0,0.2998490782516407,0.3402266510215378,0.4209817965613321,0.4613593693312292,0.5017369421011264,0.6632472331807149,0.8175874565060559,0.8690341976145028,0.8947575681687263,0.9153362646121052,-0.2,1.0,0.001
BIOMD0000001031,model,0.7749243016516468,0.5140477361468909,0.9654009740708066,3,0,0.5471753820059262,0.5803030278649614,0.6465583195830318,0.679685965442067,0.7128136113011022,0.8453241947372431,0.9173702623373812,0.941385618204094,0.9533932961374504,0.9629994384841354,-0.1,1.0,0.001
BIOMD0000001031,model,0.8721378487443464,0.6906089808716338,0.9833231049655295,3,0,0.715796228824058,0.7409834767764822,0.7913579726813307,0.8165452206337549,0.8417324685861791,0.942481460395876,0.966986447137668,0.9751547760515988,0.9792389405085642,0.9825062720741364,-0.05,1.0,0.001
BIOMD0000001031,model,0.9519666849399228,0.9070975648031916,0.9973909130708578,3,0,0.9115289660174444,0.915960367231697,0.9248231696602026,0.9292545708744552,0.933685972088708,0.9514115769457192,0.9789991786208024,0.98819504584583,0.992792979458344,0.996471326348355,0.0,1.0,0.001
BIOMD0000001031,model,0.8763886135901876,0.8038565178273304,0.985206143863863,3,0,0.8074811839525343,0.8111058500777383,0.8183551823281461,0.82197984845335,0.825604514578554,0.8401031790793697,0.9271649579500656,0.9561855509069644,0.9706958473854136,0.9823040845681732,0.05,1.0,0.001
BIOMD0000001031,model,0.7553300872459214,0.5680870464231035,0.9723893229190876,3,0,0.5838297310203505,0.5995724156175974,0.6310577848120914,0.6468004694093384,0.6625431540065855,0.7255138923955734,0.8736391507096819,0.9230142368143848,0.947701779866736,0.9674518143086172,0.1,1.0,0.001
BIOMD0000001031,model,0.4789348991220277,0.0,0.950729153091748,3,0,0.0486075544274335,0.097215108854867,0.194430217709734,0.2430377721371675,0.291645326564601,0.4860755442743351,0.7648677095647829,0.8577984313282655,0.9042637922100067,0.9414360809154,0.2,1.0,0.001
BIOMD0000001031,model,0.3020769997576059,0.0,0.9062309992728176,3,0,0.0,0.0,0.0,0.0,0.0,0.0,0.5437385995636907,0.7249847994182542,0.8156078993455358,0.8881063792873614,0.5,1.0,0.001
BIOMD0000001032,model,0.1277296454016282,0.0,0.2561492261341551,3,1,0.0127039710070729,0.0254079420141459,0.0508158840282918,0.0635198550353648,0.0762238260424377,0.1270397100707296,0.2045054197087849,0.23032732292147,0.2432382745278125,0.2535670358128866,-0.5,1.0,0.001
BIOMD0000001032,model,0.5427728356327242,0.410507337874494,0.6279871170966356,3,1,0.4284390092797489,0.4463706806850038,0.4822340234955136,0.5001656949007685,0.5180973663060233,0.5898240519270429,0.6127218910287985,0.6203545040627171,0.6241708105796763,0.6272238557932437,-0.2,1.0,0.001
BIOMD0000001032,model,0.5981156130590976,0.39845224965686,0.7962037709793729,3,1,0.4185761065452799,0.4386999634336999,0.4789476772105398,0.4990715340989597,0.5191953909873797,0.5996908185410595,0.7175985900040476,0.7569011804917103,0.7765524757355415,0.7922735119306066,-0.1,1.0,0.001
BIOMD0000001032,model,0.6299594953562148,0.3044084240757388,0.8657873557186031,3,1,0.3459358522955952,0.3874632805154515,0.4705181369551643,0.5120455651750206,0.553572993394877,0.7196827062743025,0.8073454959408829,0.8365664258297429,0.851176890774173,0.8628652627297171,-0.05,1.0,0.001
BIOMD0000001032,model,0.6601967357864816,0.2032437161550878,0.9149638622819416,3,1,0.2691576074318206,0.3350714987085534,0.4668992812620191,0.5328131725387519,0.5987270638154847,0.8623826289224159,0.8939313689381313,0.9044476156100364,0.9097057389459888,0.9139122376147508,0.0,1.0,0.001
BIOMD0000001032,model,0.552311589906229,0.1023275249075223,0.8648327551514934,3,1,0.1610722213827372,0.2198169178579521,0.3373063108083819,0.3960510072835968,0.4547957037588117,0.6897744896596713,0.7948094489547646,0.829821102053129,0.8473269286023112,0.8613315898416569,0.05,1.0,0.001
BIOMD0000001032,model,0.4196464796381057,0.002969983546187,0.8033334551332278,3,1,0.0479365852150585,0.09290318688393,0.1828363902216731,0.2278029918905446,0.2727695935594161,0.4526360002349022,0.6630544731738977,0.7331939641535627,0.7682637096433953,0.7963195060352614,0.1,1.0,0.001
BIOMD0000001032,model,0.2309653183046703,0.0,0.692895954914011,3,1,0.0,0.0,0.0,0.0,0.0,0.0,0.4157375729484067,0.5543167639312089,0.6236063594226099,0.6790380358157307,0.2,1.0,0.001
BIOMD0000001032,model,0.0966235990376999,0.0,0.2898707971130997,3,1,0.0,0.0,0.0,0.0,0.0,0.0,0.1739224782678599,0.2318966376904798,0.2608837174017898,0.2840733811708377,0.5,1.0,0.001
BIOMD0000001033,model,0.0,0.0,0.0,3,3,0.0,0.0,0.0,0.0,0.0,0.0,0.0,0.0,0.0,0.0,-0.5,1.0,0.001
BIOMD0000001033,model,0.0,0.0,0.0,3,3,0.0,0.0,0.0,0.0,0.0,0.0,0.0,0.0,0.0,0.0,-0.2,1.0,0.001
BIOMD0000001033,model,0.0,0.0,0.0,3,3,0.0,0.0,0.0,0.0,0.0,0.0,0.0,0.0,0.0,0.0,-0.1,1.0,0.001
BIOMD0000001033,model,0.0,0.0,0.0,3,3,0.0,0.0,0.0,0.0,0.0,0.0,0.0,0.0,0.0,0.0,-0.05,1.0,0.001
BIOMD0000001033,model,0.0,0.0,0.0,3,3,0.0,0.0,0.0,0.0,0.0,0.0,0.0,0.0,0.0,0.0,0.0,1.0,0.001
BIOMD0000001033,model,0.0,0.0,0.0,3,3,0.0,0.0,0.0,0.0,0.0,0.0,0.0,0.0,0.0,0.0,0.05,1.0,0.001
BIOMD0000001033,model,0.0,0.0,0.0,3,3,0.0,0.0,0.0,0.0,0.0,0.0,0.0,0.0,0.0,0.0,0.1,1.0,0.001
BIOMD0000001033,model,0.0,0.0,0.0,3,3,0.0,0.0,0.0,0.0,0.0,0.0,0.0,0.0,0.0,0.0,0.2,1.0,0.001
BIOMD0000001033,model,0.0007889171068361,0.0,0.0021004802549884,3,3,2.6627106552005467e-05,5.3254213104010934e-05,0.000106508426208,0.00013313553276,0.000159762639312,0.00026627106552,0.001366796579201,0.0017336384170947,0.0019170593360415,0.002063796071199,0.5,1.0,0.001
BIOMD0000001034,model,0.5223584869372995,0.2326425051121613,0.9702825147423706,4,0,0.2339843612486043,0.2353262173850472,0.2380099296579332,0.2393517857943761,0.2406936419308191,0.4432544639473331,0.7750654350206794,0.872673974881525,0.9214782448119476,0.960521660756286,-0.5,1.0,0.001
BIOMD0000001034,model,0.7620166808470741,0.5626964471562159,0.9833572335258792,4,0,0.5729125543554259,0.5831286615546358,0.6035608759530557,0.6137769831522657,0.6239930903514757,0.7510065213531005,0.916068421943503,0.9497128277346912,0.9665350306302852,0.9799927929467604,-0.2,1.0,0.001
BIOMD0000001034,model,0.8240565242018408,0.6628695341944881,0.9827013032715642,4,0,0.6729161426377676,0.6829627510810471,0.7030559679676059,0.7131025764108854,0.7231491848541649,0.8253276296706555,0.9455655226236016,0.9641334129475828,0.9734173581095736,0.980844514239166,-0.1,1.0,0.001
BIOMD0000001034,model,0.8453093636573698,0.7119337205254587,0.9814042257662292,4,0,0.7212545129495295,0.7305753053736003,0.7492168902217418,0.7585376826458126,0.7678584750698834,0.8439497541688955,0.940857993297608,0.9611311095319186,0.971267667649074,0.979376914142798,-0.05,1.0,0.001
BIOMD0000001034,model,0.8657512754652757,0.7608053779180818,0.9796868767204464,4,0,0.7689669372931056,0.7771284966681294,0.793451615418177,0.8016131747932008,0.8097747341682247,0.8612564236112875,0.9362529947707792,0.9579699357456128,0.9688284062330296,0.9775151826229628,0.0,1.0,0.001
BIOMD0000001034,model,0.8785140073470904,0.7841120727343702,0.977562869409509,4,0,0.7945745896764557,0.8050371066185411,0.825962140502712,0.8364246574447974,0.8468871743868829,0.8761905436222412,0.9301364887015292,0.9538496790555192,0.965706274232514,0.97519155037411,0.05,1.0,0.001
BIOMD0000001034,model,0.8794990340004754,0.7646178073578046,0.9742462190903566,4,0,0.7832860924524598,0.8019543775471151,0.8392909477364254,0.8579592328310807,0.8766275179257359,0.88956605477687,0.923733928575083,0.9489900738327198,0.961618146461538,0.9717206045645927,0.1,1.0,0.001
BIOMD0000001034,model,0.8599619723958997,0.7459670878078198,0.962296428284332,4,0,0.7637941864762975,0.7816212851447751,0.8172754824817304,0.8351025811502081,0.8529296798186857,0.8657921867457233,0.9049805480499984,0.9336384881671652,0.9479674582257483,0.9594306342726152,0.2,1.0,0.001
BIOMD0000001034,model,0.7800607562836479,0.6596958423807352,0.9101182065978448,4,0,0.6724620530458247,0.6852282637109142,0.7107606850410932,0.7235268957061827,0.7362931063712722,0.7752144880780056,0.8474223202439457,0.8787702634208953,0.89444423500937,0.9069834122801498,0.5,1.0,0.001
BIOMD0000001035,model,0.0,0.0,0.0,3,1,0.0,0.0,0.0,0.0,0.0,0.0,0.0,0.0,0.0,0.0,-0.5,1.0,0.001
BIOMD0000001035,model,0.0040652943013833,0.0,0.0162611772055334,4,0,0.0,0.0,0.0,0.0,0.0,0.0,0.0065044708822133,0.0113828240438734,0.0138220006247034,0.0157733418893674,-0.2,1.0,0.001
BIOMD0000001035,model,0.1965006937433879,0.0,0.4127432716399584,4,0,0.0,0.0,0.0,0.0,0.0,0.1866297516667967,0.3890530106561394,0.4008981411480489,0.4068207063940037,0.4115587585907674,-0.1,1.0,0.001
BIOMD0000001035,model,0.4738711015132758,0.3190442696371078,0.6281337512849818,4,0,0.3201633846008747,0.3212824995646415,0.3235207294921752,0.3246398444559421,0.3257589594197089,0.4741531925655068,0.6243343099552688,0.6262340306201253,0.6271838909525536,0.6279437792184962,-0.05,1.0,0.001
BIOMD0000001035,model,0.809881867560806,0.7649774836194247,0.8703144259623969,4,0,0.7654352939039099,0.7658931041883951,0.7668087247573654,0.7672665350418505,0.7677243453263357,0.8021177803307011,0.8498493754722047,0.8600819007173008,0.8651981633398489,0.8692911734378873,0.0,1.0,0.001
BIOMD0000001035,model,0.7850634497231743,0.715535285735776,0.8657969268302879,4,0,0.7157316752346373,0.7159280647334986,0.7163208437312212,0.7165172332300825,0.7167136227289439,0.7794607931633168,0.8515649930911845,0.8586809599607361,0.862238943395512,0.8650853301433327,0.05,1.0,0.001
BIOMD0000001035,model,0.4870745083831742,0.2970618292753624,0.7076737413102359,4,0,0.2997625820109323,0.3024633347465022,0.3078648402176419,0.3105655929532118,0.3132663456887816,0.4717812314735493,0.6601668657848566,0.6839203035475463,0.695797022428891,0.7052983975339668,0.1,1.0,0.001
BIOMD0000001035,model,0.0872162434520317,0.0,0.212950275809277,4,0,0.0,0.0,0.0,0.0,0.0,0.0679573489994248,0.1667289291230207,0.1898396024661489,0.2013949391377129,0.2106392084749642,0.2,1.0,0.001
BIOMD0000001035,model,0.0,0.0,0.0,4,0,0.0,0.0,0.0,0.0,0.0,0.0,0.0,0.0,0.0,0.0,0.5,1.0,0.001
BIOMD0000001036,model,,,,0,3,,,,,,,,,,,-0.5,1.0,0.001
BIOMD0000001036,model,,,,0,3,,,,,,,,,,,-0.2,1.0,0.001
BIOMD0000001036,model,,,,0,3,,,,,,,,,,,-0.1,1.0,0.001
BIOMD0000001036,model,,,,0,3,,,,,,,,,,,-0.05,1.0,0.001
BIOMD0000001036,model,,,,0,3,,,,,,,,,,,0.0,1.0,0.001
BIOMD0000001036,model,,,,0,3,,,,,,,,,,,0.05,1.0,0.001
BIOMD0000001036,model,,,,0,3,,,,,,,,,,,0.1,1.0,0.001
BIOMD0000001036,model,,,,0,3,,,,,,,,,,,0.2,1.0,0.001
BIOMD0000001036,model,,,,0,3,,,,,,,,,,,0.5,1.0,0.001
BIOMD0000001037,model,0.4581641817628578,0.0,0.9163283635257156,2,0,0.0458164181762857,0.0916328363525715,0.1832656727051431,0.2290820908814289,0.2748985090577147,0.4581641817628578,0.7330626908205725,0.824695527173144,0.8705119453494298,0.9071650798904584,-0.5,1.0,0.001
BIOMD0000001037,model,0.4898299174339991,0.0,0.9796598348679982,2,0,0.0489829917433999,0.0979659834867998,0.1959319669735996,0.2449149587169995,0.2938979504603994,0.4898299174339991,0.7837278678943986,0.8816938513811985,0.9306768431245984,0.9698632365193184,-0.2,1.0,0.001
BIOMD0000001037,model,0.5460275868244115,0.1111351154667298,0.9809200581820932,2,0,0.154624362602498,0.1981136097382662,0.2850921040098025,0.3285813511455707,0.3720705982813389,0.5460275868244115,0.8069630696390206,0.8939415639105569,0.9374308110463252,0.9722222087549396,-0.1,1.0,0.001
BIOMD0000001037,model,0.6278181826501936,0.2746485402379405,0.9809878250624467,2,0,0.3099655044791659,0.3452824687203912,0.4159163972028418,0.4512333614440671,0.4865503256852924,0.6278181826501936,0.8397199680975456,0.910353896579996,0.9456708608212214,0.9739244322142016,-0.05,1.0,0.001
BIOMD0000001037,model,0.5144237516830731,0.0486618005612268,0.9801857028049192,2,0,0.0952379956734115,0.1418141907855961,0.2349665810099654,0.28154277612215,0.3281189712343346,0.5144237516830731,0.7938809223561809,0.8870333125805501,0.9336095076927348,0.9708704637824824,0.0,1.0,0.001
BIOMD0000001037,model,0.4893660328085979,0.0,0.9787320656171958,2,0,0.0489366032808597,0.0978732065617195,0.1957464131234391,0.2446830164042989,0.2936196196851587,0.4893660328085979,0.7829856524937567,0.8808588590554762,0.929795462336336,0.968944744961024,0.05,1.0,0.001
BIOMD0000001037,model,0.488848940242281,0.0,0.977697880484562,2,0,0.0488848940242281,0.0977697880484562,0.1955395760969124,0.2444244701211405,0.2933093641453686,0.488848940242281,0.7821583043876497,0.8799280924361059,0.928812986460334,0.9679209016797164,0.1,1.0,0.001
BIOMD0000001037,model,0.4871261957066828,0.0,0.9742523914133656,2,0,0.0487126195706682,0.0974252391413365,0.1948504782826731,0.2435630978533414,0.2922757174240097,0.4871261957066828,0.7794019131306926,0.8768271522720292,0.9255397718426974,0.964509867499232,0.2,1.0,0.001
BIOMD0000001037,model,0.4775954910948684,0.0,0.9551909821897367,2,0,0.0477595491094868,0.0955190982189737,0.1910381964379474,0.2387977455474342,0.286557294656921,0.4775954910948684,0.7641527857517896,0.8596718839707632,0.90743143308025,0.9456390723678396,0.5,1.0,0.001
BIOMD0000001038,model,0.4756696242556467,0.0,0.9999723497015808,3,0,0.0427036523065359,0.0854073046130718,0.1708146092261437,0.2135182615326797,0.2562219138392156,0.4270365230653594,0.7707980190470922,0.8853851843743364,0.9426787670379584,0.9885136331688562,-0.5,1.0,0.001
BIOMD0000001038,model,0.3827103920649048,0.0,0.9999588289535531,3,0,0.0148172347241161,0.0296344694482322,0.0592689388964645,0.0740861736205807,0.0889034083446968,0.1481723472411614,0.6592442362685966,0.8296015326110748,0.914780180782314,0.9829230993193052,-0.2,1.0,0.001
BIOMD0000001038,model,0.3431497771486871,0.0,0.9999550658849576,3,0,0.0029494265561103,0.0058988531122207,0.0117977062244415,0.0147471327805519,0.0176965593366623,0.0294942655611039,0.6117707457554162,0.8058629058201869,0.9029089858525722,0.9805458498784806,-0.1,1.0,0.001
BIOMD0000001038,model,0.3333177207511113,0.0,0.999953162253334,3,0,0.0,0.0,0.0,0.0,0.0,0.0,0.5999718973520005,0.7999625298026672,0.8999578460280004,0.9799540990082672,-0.05,1.0,0.001
BIOMD0000001038,model,0.3333171281177127,0.0,0.999951384353138,3,0,0.0,0.0,0.0,0.0,0.0,0.0,0.5999708306118829,0.7999611074825105,0.8999562459178241,0.9799523566660752,0.0,1.0,0.001
BIOMD0000001038,model,0.3333165370861915,0.0,0.9999496112585744,3,0,0.0,0.0,0.0,0.0,0.0,0.0,0.5999697667551448,0.7999596890068597,0.8999546501327169,0.979950619033403,0.05,1.0,0.001
BIOMD0000001038,model,0.3333160275852601,0.0,0.9999480827557804,3,0,0.0,0.0,0.0,0.0,0.0,0.0,0.5999688496534683,0.7999584662046244,0.8999532744802022,0.9799491211006648,0.1,1.0,0.001
BIOMD0000001038,model,0.3333149740954371,0.0,0.9999449222863116,3,0,0.0,0.0,0.0,0.0,0.0,0.0,0.599966953371787,0.7999559378290493,0.8999504300576803,0.9799460238405852,0.2,1.0,0.001
BIOMD0000001038,model,0.3333119542639436,0.0,0.9999358627918308,3,0,0.0,0.0,0.0,0.0,0.0,0.0,0.5999615176750986,0.7999486902334647,0.8999422765126477,0.9799371455359942,0.5,1.0,0.001
BIOMD0000001039,model,0.0,0.0,0.0,19,1,0.0,0.0,0.0,0.0,0.0,0.0,0.0,0.0,0.0,0.0,-0.5,0.95,0.001
BIOMD0000001039,model,0.0,0.0,0.0,19,1,0.0,0.0,0.0,0.0,0.0,0.0,0.0,0.0,0.0,0.0,-0.2,0.95,0.001
BIOMD0000001039,model,0.0,0.0,0.0,19,1,0.0,0.0,0.0,0.0,0.0,0.0,0.0,0.0,0.0,0.0,-0.1,0.95,0.001
BIOMD0000001039,model,0.0,0.0,0.0,19,1,0.0,0.0,0.0,0.0,0.0,0.0,0.0,0.0,0.0,0.0,-0.05,0.95,0.001
BIOMD0000001039,model,0.0,0.0,0.0,19,1,0.0,0.0,0.0,0.0,0.0,0.0,0.0,0.0,0.0,0.0,0.0,0.95,0.001
BIOMD0000001039,model,0.0,0.0,0.0,19,1,0.0,0.0,0.0,0.0,0.0,0.0,0.0,0.0,0.0,0.0,0.05,0.95,0.001
BIOMD0000001039,model,0.0,0.0,0.0,19,1,0.0,0.0,0.0,0.0,0.0,0.0,0.0,0.0,0.0,0.0,0.1,0.95,0.001
BIOMD0000001039,model,0.0,0.0,0.0,19,1,0.0,0.0,0.0,0.0,0.0,0.0,0.0,0.0,0.0,0.0,0.2,0.95,0.001
BIOMD0000001039,model,0.0,0.0,0.0,19,1,0.0,0.0,0.0,0.0,0.0,0.0,0.0,0.0,0.0,0.0,0.5,0.95,0.001
BIOMD0000001040,model,0.2162561472073437,0.2162561472073437,0.2162561472073437,1,0,0.2162561472073437,0.2162561472073437,0.2162561472073437,0.2162561472073437,0.2162561472073437,0.2162561472073437,0.2162561472073437,0.2162561472073437,0.2162561472073437,0.2162561472073437,-0.5,1.0,0.001
BIOMD0000001040,model,0.2162561472073437,0.2162561472073437,0.2162561472073437,1,0,0.2162561472073437,0.2162561472073437,0.2162561472073437,0.2162561472073437,0.2162561472073437,0.2162561472073437,0.2162561472073437,0.2162561472073437,0.2162561472073437,0.2162561472073437,-0.2,1.0,0.001
BIOMD0000001040,model,0.2162561472073437,0.2162561472073437,0.2162561472073437,1,0,0.2162561472073437,0.2162561472073437,0.2162561472073437,0.2162561472073437,0.2162561472073437,0.2162561472073437,0.2162561472073437,0.2162561472073437,0.2162561472073437,0.2162561472073437,-0.1,1.0,0.001
BIOMD0000001040,model,0.2162561472073437,0.2162561472073437,0.2162561472073437,1,0,0.2162561472073437,0.2162561472073437,0.2162561472073437,0.2162561472073437,0.2162561472073437,0.2162561472073437,0.2162561472073437,0.2162561472073437,0.2162561472073437,0.2162561472073437,-0.05,1.0,0.001
BIOMD0000001040,model,0.2162561472073437,0.2162561472073437,0.2162561472073437,1,0,0.2162561472073437,0.2162561472073437,0.2162561472073437,0.2162561472073437,0.2162561472073437,0.2162561472073437,0.2162561472073437,0.2162561472073437,0.2162561472073437,0.2162561472073437,0.0,1.0,0.001
BIOMD0000001040,model,0.2162561472073437,0.2162561472073437,0.2162561472073437,1,0,0.2162561472073437,0.2162561472073437,0.2162561472073437,0.2162561472073437,0.2162561472073437,0.2162561472073437,0.2162561472073437,0.2162561472073437,0.2162561472073437,0.2162561472073437,0.05,1.0,0.001
BIOMD0000001040,model,0.2162561472073437,0.2162561472073437,0.2162561472073437,1,0,0.2162561472073437,0.2162561472073437,0.2162561472073437,0.2162561472073437,0.2162561472073437,0.2162561472073437,0.2162561472073437,0.2162561472073437,0.2162561472073437,0.2162561472073437,0.1,1.0,0.001
BIOMD0000001040,model,0.2162561472073437,0.2162561472073437,0.2162561472073437,1,0,0.2162561472073437,0.2162561472073437,0.2162561472073437,0.2162561472073437,0.2162561472073437,0.2162561472073437,0.2162561472073437,0.2162561472073437,0.2162561472073437,0.2162561472073437,0.2,1.0,0.001
BIOMD0000001040,model,0.2162561472073437,0.2162561472073437,0.2162561472073437,1,0,0.2162561472073437,0.2162561472073437,0.2162561472073437,0.2162561472073437,0.2162561472073437,0.2162561472073437,0.2162561472073437,0.2162561472073437,0.2162561472073437,0.2162561472073437,0.5,1.0,0.001
BIOMD0000001041,model,0.3077575770233324,0.0,0.9232727310699974,3,0,0.0,0.0,0.0,0.0,0.0,0.0,0.5539636386419986,0.738618184855998,0.8309454579629976,0.9048072764485976,-0.5,1.0,0.001
BIOMD0000001041,model,0.2979765783772457,0.0,0.8939297351317371,3,0,0.0,0.0,0.0,0.0,0.0,0.0,0.5363578410790424,0.7151437881053897,0.8045367616185634,0.8760511404291024,-0.2,1.0,0.001
BIOMD0000001041,model,0.2961085401878732,0.0,0.8883256205636197,3,0,0.0,0.0,0.0,0.0,0.0,0.0,0.532995372338172,0.7106604964508958,0.7994930585072577,0.8705591081523474,-0.1,1.0,0.001
BIOMD0000001041,model,0.2949404936960801,0.0,0.8848214810882405,3,0,0.0,0.0,0.0,0.0,0.0,0.0,0.5308928886529445,0.7078571848705925,0.7963393329794164,0.8671250514664757,-0.05,1.0,0.001
BIOMD0000001041,model,0.2940822341509901,0.0,0.8822467024529703,3,0,0.0,0.0,0.0,0.0,0.0,0.0,0.5293480214717823,0.7057973619623763,0.7940220322076732,0.8646017684039109,0.0,1.0,0.001
BIOMD0000001041,model,0.2940456041465872,0.0,0.8821368124397618,3,0,0.0,0.0,0.0,0.0,0.0,0.0,0.5292820874638572,0.7057094499518095,0.7939231311957856,0.8644940761909666,0.05,1.0,0.001
BIOMD0000001041,model,0.2973971284303464,0.0,0.8921913852910394,3,0,0.0,0.0,0.0,0.0,0.0,0.0,0.5353148311746236,0.7137531082328316,0.8029722467619353,0.8743475575852185,0.1,1.0,0.001
BIOMD0000001041,model,0.2907872115571117,0.0,0.872361634671335,3,0,0.0,0.0,0.0,0.0,0.0,0.0,0.5234169808028011,0.697889307737068,0.7851254712042014,0.8549144019779082,0.2,1.0,0.001
BIOMD0000001041,model,0.2670467128536989,0.0,0.8011401385610969,3,0,0.0,0.0,0.0,0.0,0.0,0.0,0.4806840831366582,0.6409121108488776,0.7210261247049872,0.785117335789875,0.5,1.0,0.001
BIOMD0000001042,model,0.1666666633175049,0.0,0.9999999799050296,6,0,0.0,0.0,0.0,0.0,0.0,0.0,0.0,0.4999999899525148,0.7499999849287722,0.9499999809097784,-0.5,1.0,0.001
BIOMD0000001042,model,0.1666666556677054,0.0,0.9999999340062328,6,0,0.0,0.0,0.0,0.0,0.0,0.0,0.0,0.4999999670031163,0.7499999505046745,0.9499999373059212,-0.2,1.0,0.001
BIOMD0000001042,model,0.1666666534664391,0.0,0.999999920798635,6,0,0.0,0.0,0.0,0.0,0.0,0.0,0.0,0.4999999603993175,0.7499999405989762,0.9499999247587034,-0.1,1.0,0.001
BIOMD0000001042,model,0.1666666524212744,0.0,0.9999999145276468,6,0,0.0,0.0,0.0,0.0,0.0,0.0,0.0,0.4999999572638233,0.749999935895735,0.9499999188012646,-0.05,1.0,0.001
BIOMD0000001042,model,0.1666666514106547,0.0,0.9999999084639282,6,0,0.0,0.0,0.0,0.0,0.0,0.0,0.0,0.4999999542319641,0.7499999313479462,0.949999913040732,0.0,1.0,0.001
BIOMD0000001042,model,0.1666666504328804,0.0,0.9999999025972828,6,0,0.0,0.0,0.0,0.0,0.0,0.0,0.0,0.4999999512986414,0.7499999269479621,0.9499999074674188,0.05,1.0,0.001
BIOMD0000001042,model,0.1666666494863956,0.0,0.999999896918374,6,0,0.0,0.0,0.0,0.0,0.0,0.0,0.0,0.499999948459187,0.7499999226887806,0.9499999020724555,0.1,1.0,0.001
BIOMD0000001042,model,0.1666666476814374,0.0,0.9999998860886244,6,0,0.0,0.0,0.0,0.0,0.0,0.0,0.0,0.4999999430443122,0.7499999145664683,0.9499998917841934,0.2,1.0,0.001
BIOMD0000001042,model,0.1666666428809059,0.0,0.9999998572854356,6,0,0.0,0.0,0.0,0.0,0.0,0.0,0.0,0.4999999286427178,0.7499998929640768,0.949999864421164,0.5,1.0,0.001
BIOMD0000001043,model,0.0,0.0,0.0,2,1,0.0,0.0,0.0,0.0,0.0,0.0,0.0,0.0,0.0,0.0,-0.5,1.0,0.001
BIOMD0000001043,model,0.0,0.0,0.0,2,1,0.0,0.0,0.0,0.0,0.0,0.0,0.0,0.0,0.0,0.0,-0.2,1.0,0.001
BIOMD0000001043,model,0.0,0.0,0.0,2,1,0.0,0.0,0.0,0.0,0.0,0.0,0.0,0.0,0.0,0.0,-0.1,1.0,0.001
BIOMD0000001043,model,0.0,0.0,0.0,2,1,0.0,0.0,0.0,0.0,0.0,0.0,0.0,0.0,0.0,0.0,-0.05,1.0,0.001
BIOMD0000001043,model,0.0,0.0,0.0,2,1,0.0,0.0,0.0,0.0,0.0,0.0,0.0,0.0,0.0,0.0,0.0,1.0,0.001
BIOMD0000001043,model,0.0,0.0,0.0,2,1,0.0,0.0,0.0,0.0,0.0,0.0,0.0,0.0,0.0,0.0,0.05,1.0,0.001
BIOMD0000001043,model,0.0,0.0,0.0,2,1,0.0,0.0,0.0,0.0,0.0,0.0,0.0,0.0,0.0,0.0,0.1,1.0,0.001
BIOMD0000001043,model,0.0,0.0,0.0,2,1,0.0,0.0,0.0,0.0,0.0,0.0,0.0,0.0,0.0,0.0,0.2,1.0,0.001
BIOMD0000001043,model,0.0,0.0,0.0,2,1,0.0,0.0,0.0,0.0,0.0,0.0,0.0,0.0,0.0,0.0,0.5,1.0,0.001
BIOMD0000001044,model,0.0,0.0,0.0,12,2,0.0,0.0,0.0,0.0,0.0,0.0,0.0,0.0,0.0,0.0,-0.5,1.0,0.001
BIOMD0000001044,model,0.0,0.0,0.0,12,2,0.0,0.0,0.0,0.0,0.0,0.0,0.0,0.0,0.0,0.0,-0.2,1.0,0.001
BIOMD0000001044,model,0.0,0.0,0.0,12,2,0.0,0.0,0.0,0.0,0.0,0.0,0.0,0.0,0.0,0.0,-0.1,1.0,0.001
BIOMD0000001044,model,0.0,0.0,0.0,12,2,0.0,0.0,0.0,0.0,0.0,0.0,0.0,0.0,0.0,0.0,-0.05,1.0,0.001
BIOMD0000001044,model,0.0,0.0,0.0,12,2,0.0,0.0,0.0,0.0,0.0,0.0,0.0,0.0,0.0,0.0,0.0,1.0,0.001
BIOMD0000001044,model,0.0350489013603445,0.0,0.420586816324135,12,2,0.0,0.0,0.0,0.0,0.0,0.0,0.0,0.0,0.1892640673458604,0.3743222665284804,0.05,1.0,0.001
BIOMD0000001044,model,0.0397896984313794,0.0,0.4774763811765529,12,2,0.0,0.0,0.0,0.0,0.0,0.0,0.0,0.0,0.2148643715294484,0.4249539792471324,0.1,1.0,0.001
BIOMD0000001044,model,0.1083612857150193,0.0,1.0,12,2,0.0,0.0,0.0,0.0,0.0,0.0,0.0,0.2703018857222087,0.615184485719127,0.923036897143826,0.2,1.0,0.001
BIOMD0000001044,model,0.0987267255350189,0.0,1.0,12,2,0.0,0.0,0.0,0.0,0.0,0.0,0.0,0.1662486357782047,0.5515963885311246,0.9103192777062254,0.5,1.0,0.001
BIOMD0000001045,model,0.999987123337166,0.999987123337166,0.999987123337166,1,2,0.999987123337166,0.999987123337166,0.999987123337166,0.999987123337166,0.999987123337166,0.999987123337166,0.999987123337166,0.999987123337166,0.999987123337166,0.999987123337166,-0.5,1.0,0.001
BIOMD0000001045,model,0.4779670275778262,0.0,0.9559340551556524,2,1,0.0477967027577826,0.0955934055155652,0.1911868110311305,0.2389835137889131,0.2867802165466957,0.4779670275778262,0.764747244124522,0.8603406496400872,0.9081373523978696,0.946374714604096,-0.2,1.0,0.001
BIOMD0000001045,model,0.0517499569228549,0.0,0.1552498707685649,3,0,0.0,0.0,0.0,0.0,0.0,0.0,0.0931499224611389,0.1241998966148519,0.1397248836917083,0.1521448733531936,-0.1,1.0,0.001
BIOMD0000001045,model,0.0,0.0,0.0,3,0,0.0,0.0,0.0,0.0,0.0,0.0,0.0,0.0,0.0,0.0,-0.05,1.0,0.001
BIOMD0000001045,model,0.0,0.0,0.0,3,0,0.0,0.0,0.0,0.0,0.0,0.0,0.0,0.0,0.0,0.0,0.0,1.0,0.001
BIOMD0000001045,model,0.0,0.0,0.0,3,0,0.0,0.0,0.0,0.0,0.0,0.0,0.0,0.0,0.0,0.0,0.05,1.0,0.001
BIOMD0000001045,model,0.0,0.0,0.0,3,0,0.0,0.0,0.0,0.0,0.0,0.0,0.0,0.0,0.0,0.0,0.1,1.0,0.001
BIOMD0000001045,model,0.0,0.0,0.0,3,0,0.0,0.0,0.0,0.0,0.0,0.0,0.0,0.0,0.0,0.0,0.2,1.0,0.001
BIOMD0000001045,model,1.697105011248349e-06,0.0,5.091315033745047e-06,3,0,0.0,0.0,0.0,0.0,0.0,0.0,3.0547890202470286e-06,4.073052026996038e-06,4.582183530370542e-06,4.989488733070146e-06,0.5,1.0,0.001
BIOMD0000001047,model,0.1130471936496352,0.0,0.3740670525305037,4,0,0.0,0.0,0.0,0.0,0.0,0.0390608610340186,0.196499854253024,0.2852834533917638,0.3296752529611336,0.3651886926166296,-0.5,1.0,0.001
BIOMD0000001047,model,0.4427843806368658,0.0,0.7094998245411365,4,0,0.0740552728298746,0.1481105456597493,0.2962210913194987,0.3702763641493732,0.4443316369792479,0.5308188490031636,0.6245614573007523,0.6670306409209444,0.6882652327310403,0.7052529061791172,-0.2,1.0,0.001
BIOMD0000001047,model,0.4406414318799165,0.0,0.7449223168345617,4,0,0.0599617716868934,0.1199235433737869,0.2398470867475738,0.2998088584344672,0.3597706301213607,0.5088217053425523,0.6687078863973138,0.7068151016159377,0.7258687092252496,0.7411115953126992,-0.1,1.0,0.001
BIOMD0000001047,model,0.424251862840642,0.0,0.7539782596125777,4,0,0.0442121764382289,0.0884243528764578,0.1768487057529157,0.2210608821911446,0.2652730586293734,0.4715145958749953,0.6905601131421097,0.7222691863773437,0.7381237229949607,0.7508073522890543,-0.05,1.0,0.001
BIOMD0000001047,model,0.3988641035144891,0.0,0.7295922250578807,4,0,0.0278700925552941,0.0557401851105882,0.1114803702211765,0.1393504627764706,0.1672205553317647,0.4329320945000378,0.6998750332020212,0.714733629129951,0.7221629270939158,0.7281063654650877,0.0,1.0,0.001
BIOMD0000001047,model,0.3669197134508768,0.0,0.7123883481566531,4,0,0.0091662976432335,0.0183325952864671,0.0366651905729342,0.0458314882161677,0.0549977858594012,0.3776452528234272,0.7014644520778397,0.7069264001172464,0.7096573741369497,0.7118421533527124,0.05,1.0,0.001
BIOMD0000001047,model,0.3493647424892492,0.0,0.7448524520849232,4,0,0.0,0.0,0.0,0.0,0.0,0.3263032589360368,0.6895048915572135,0.7171786718210684,0.7310155619529958,0.7420850740585377,0.1,1.0,0.001
BIOMD0000001047,model,0.345487039888412,0.0,0.8104875033616131,4,0,0.0107450528512335,0.0214901057024671,0.0429802114049343,0.0537252642561679,0.0644703171074014,0.2857303280960174,0.624091183654932,0.7172893435082726,0.7638884234349427,0.801167687376279,0.2,1.0,0.001
BIOMD0000001047,model,0.1929549118880158,0.0,0.7718196475520633,4,0,0.0,0.0,0.0,0.0,0.0,0.0,0.3087278590208256,0.5402737532864444,0.6560467004192536,0.7486650581255012,0.5,1.0,0.001
BIOMD0000001048,model,0.0,0.0,0.0,3,0,0.0,0.0,0.0,0.0,0.0,0.0,0.0,0.0,0.0,0.0,-0.5,1.0,0.001
BIOMD0000001048,model,0.0,0.0,0.0,3,0,0.0,0.0,0.0,0.0,0.0,0.0,0.0,0.0,0.0,0.0,-0.2,1.0,0.001
BIOMD0000001048,model,0.0,0.0,0.0,3,0,0.0,0.0,0.0,0.0,0.0,0.0,0.0,0.0,0.0,0.0,-0.1,1.0,0.001
BIOMD0000001048,model,0.0,0.0,0.0,3,0,0.0,0.0,0.0,0.0,0.0,0.0,0.0,0.0,0.0,0.0,-0.05,1.0,0.001
BIOMD0000001048,model,0.0,0.0,0.0,3,0,0.0,0.0,0.0,0.0,0.0,0.0,0.0,0.0,0.0,0.0,0.0,1.0,0.001
BIOMD0000001048,model,0.0,0.0,0.0,3,0,0.0,0.0,0.0,0.0,0.0,0.0,0.0,0.0,0.0,0.0,0.05,1.0,0.001
BIOMD0000001048,model,0.0,0.0,0.0,3,0,0.0,0.0,0.0,0.0,0.0,0.0,0.0,0.0,0.0,0.0,0.1,1.0,0.001
BIOMD0000001048,model,0.0,0.0,0.0,3,0,0.0,0.0,0.0,0.0,0.0,0.0,0.0,0.0,0.0,0.0,0.2,1.0,0.001
BIOMD0000001048,model,0.0,0.0,0.0,3,0,0.0,0.0,0.0,0.0,0.0,0.0,0.0,0.0,0.0,0.0,0.5,1.0,0.001
BIOMD0000001052,model,0.18457492690088,0.0,0.4391358997561604,3,0,0.0114588880946479,0.0229177761892959,0.0458355523785919,0.0572944404732398,0.0687533285678878,0.1145888809464797,0.3093170922322882,0.3742264959942243,0.4066811978751923,0.4326449593799668,-0.5,1.0,0.001
BIOMD0000001052,model,0.4775523228759464,0.0,0.7983065671062315,3,0,0.0634350401521607,0.1268700803043215,0.2537401606086431,0.3171752007608039,0.3806102409129647,0.6343504015216078,0.732724100872382,0.7655153339893067,0.7819109505477692,0.795027443794539,-0.2,1.0,0.001
BIOMD0000001052,model,0.5736056545082507,0.0,0.9015426121065976,3,0,0.0819274351418154,0.1638548702836308,0.3277097405672617,0.4096371757090772,0.4915646108508926,0.8192743514181544,0.8686353078312203,0.885088959968909,0.8933157860377534,0.8998972468928288,-0.1,1.0,0.001
BIOMD0000001052,model,0.6211342349835264,0.0,0.9495504814223208,3,0,0.0913852223528258,0.1827704447056516,0.3655408894113033,0.4569261117641291,0.548311334116955,0.9138522235282582,0.935271178264696,0.9424108298435084,0.9459806556329148,0.9488365162644395,-0.05,1.0,0.001
BIOMD0000001052,model,0.8763959618704917,0.6536741876014911,0.9885715173855348,3,0,0.687000986903787,0.7203277862060827,0.7869813848106745,0.8203081841129702,0.8536349834152661,0.9869421806244496,0.9879197826811006,0.9882456500333175,0.9884085837094262,0.9885389306503132,0.0,1.0,0.001
BIOMD0000001052,model,0.6129100181171349,0.0,0.943228040979993,3,0,0.0895502013371411,0.1791004026742823,0.3582008053485647,0.4477510066857058,0.537301208022847,0.8955020133714117,0.9241376299365603,0.9336828354582768,0.9384554382191348,0.9422735204278214,0.05,1.0,0.001
BIOMD0000001052,model,0.5644339846636987,0.0,0.8944105664612334,3,0,0.0798891387529862,0.1597782775059725,0.319556555011945,0.3994456937649313,0.4793348325179175,0.7988913875298626,0.8562028948886851,0.8753067306749592,0.8848586485680963,0.892500182882606,0.1,1.0,0.001
BIOMD0000001052,model,0.467000423060927,0.0,0.797416767332018,3,0,0.0603584501850762,0.1207169003701525,0.2414338007403051,0.3017922509253813,0.3621507011104576,0.6035845018507627,0.719883861139516,0.758650314235767,0.7780335407838925,0.793540122022393,0.2,1.0,0.001
BIOMD0000001052,model,0.1719178618309816,0.0,0.511705283989288,3,0,0.0004048301503657,0.0008096603007314,0.0016193206014628,0.0020241507518285,0.0024289809021942,0.004048301503657,0.3086424909950356,0.4101738874921619,0.4609395857407249,0.5015521443395754,0.5,1.0,0.001
BIOMD0000001053,model,0.0,0.0,0.0,6,0,0.0,0.0,0.0,0.0,0.0,0.0,0.0,0.0,0.0,0.0,-0.5,1.0,0.001
BIOMD0000001053,model,0.3498337538351893,0.0,0.6741837565106039,6,0,0.0,0.0,0.0,0.0830241242266588,0.1660482484533177,0.434107170421547,0.5566044256574378,0.6153940910840209,0.6447889237973123,0.6683047899679456,-0.2,1.0,0.001
BIOMD0000001053,model,0.5002584113031379,0.0,0.8362191976708687,6,0,0.0,0.0,0.0,0.159506826063442,0.3190136521268841,0.7003488189303823,0.7646336322871938,0.8004264149790312,0.81832280632495,0.832639919401685,-0.1,1.0,0.001
BIOMD0000001053,model,0.5368657465571042,0.0,0.8728729655543946,6,0,0.0044919759275456,0.0089839518550913,0.0179679037101827,0.1883349271156803,0.3587019505211779,0.7573307811040024,0.8156920478700428,0.8442825067122187,0.8585777361333067,0.870013919670177,-0.05,1.0,0.001
BIOMD0000001053,model,0.5983346340550196,0.0,0.8829240659239069,6,0,0.0751601659162682,0.1503203318325364,0.3006406636650728,0.4119946525789817,0.5233486414928905,0.7870618901380244,0.832319294465089,0.857621680194498,0.8702728730592024,0.880393827350966,0.0,1.0,0.001
BIOMD0000001053,model,0.6183402022033918,0.0445673681958588,0.8692244957941901,6,0,0.1260883699952683,0.2076093717946778,0.3706513753934968,0.4706617683496322,0.5706721613057676,0.7989988936685611,0.8276001864996829,0.8484123411469365,0.8588184184705634,0.8671432803294647,0.05,1.0,0.001
BIOMD0000001053,model,0.599086449083981,0.0357199039134551,0.8495975142162124,6,0,0.1154390187482295,0.1951581335830039,0.3545963632525527,0.4523590462325939,0.5501217292126352,0.7723143274035649,0.8099762583145357,0.8297868862653741,0.8396922002407933,0.8476164514211286,0.1,1.0,0.001
BIOMD0000001053,model,0.5373811300394163,0.0,0.8003880773485256,6,0,0.0521299266586148,0.1042598533172297,0.2085197066344595,0.3331273842900332,0.4577350619456068,0.7276796170891267,0.7600197620752593,0.7802039197118924,0.790295998530209,0.7983696615848622,0.2,1.0,0.001
BIOMD0000001053,model,0.153608070023119,0.0,0.4461711813028153,6,0,0.0,0.0,0.0,0.0,0.0,0.1002081169681196,0.2750610048996598,0.3606160931012375,0.4033936372020264,0.4376156724826575,0.5,1.0,0.001
BIOMD0000001054,model,0.1166912599745159,0.0,0.4667650398980636,4,3,0.0,0.0,0.0,0.0,0.0,0.0,0.1867060159592256,0.3267355279286447,0.396750283913354,0.4527620887011216,-0.5,1.0,0.001
BIOMD0000001054,model,0.1141638894551249,0.0,0.4566555578204999,4,3,0.0,0.0,0.0,0.0,0.0,0.0,0.1826622231282001,0.31965889047435,0.3881572241474248,0.4429558910858848,-0.2,1.0,0.001
BIOMD0000001054,model,0.090600551856417,0.0,0.4530027592820851,5,2,0.0,0.0,0.0,0.0,0.0,0.0,0.0906005518564171,0.271801655569251,0.362402207425668,0.4348826489108017,-0.1,1.0,0.001
BIOMD0000001054,model,0.0902291042630025,0.0,0.4511455213150129,5,2,0.0,0.0,0.0,0.0,0.0,0.0,0.0902291042630026,0.2706873127890078,0.3609164170520102,0.4330997004624123,-0.05,1.0,0.001
BIOMD0000001054,model,0.089854170908677,0.0,0.4492708545433851,5,2,0.0,0.0,0.0,0.0,0.0,0.0,0.0898541709086771,0.2695625127260311,0.359416683634708,0.4313000203616497,0.0,1.0,0.001
BIOMD0000001054,model,0.089476098283941,0.0,0.4473804914197054,5,2,0.0,0.0,0.0,0.0,0.0,0.0,0.0894760982839411,0.2684282948518233,0.3579043931357643,0.4294852717629172,0.05,1.0,0.001
BIOMD0000001054,model,0.0890951639853554,0.0,0.445475819926777,5,2,0.0,0.0,0.0,0.0,0.0,0.0,0.0890951639853554,0.2672854919560662,0.3563806559414215,0.4276567871297059,0.1,1.0,0.001
BIOMD0000001054,model,0.0883255802043297,0.0,0.4416279010216486,5,2,0.0,0.0,0.0,0.0,0.0,0.0,0.0883255802043298,0.2649767406129892,0.3533023208173188,0.4239627849807826,0.2,1.0,0.001
BIOMD0000001054,model,0.0859660339860139,0.0,0.4298301699300695,5,2,0.0,0.0,0.0,0.0,0.0,0.0,0.0859660339860139,0.2578981019580417,0.3438641359440555,0.4126369631328667,0.5,1.0,0.001
BIOMD0000001055,model,0.539135439792825,0.0,0.9996080108655584,16,3,0.0,0.1428791257482378,0.2880318641786505,0.4100882849340524,0.454413244340251,0.4961782114191267,0.9930344033308132,0.9972391430227736,0.9995808081979134,0.9996025703320292,-0.5,1.0,0.001
BIOMD0000001055,model,0.8271034397767887,0.6599710072193634,0.9993678463009976,16,3,0.6628998372948036,0.7069380569933086,0.75,0.7649483654721352,0.7747419995737028,0.7977593036896182,0.9981595345511216,0.9990393139142888,0.9993574563400934,0.9993657683088168,-0.2,1.0,0.001
BIOMD0000001055,model,0.9138206071129722,0.8188437322520328,0.99935911743698,16,3,0.8222682026948668,0.8511902982396018,0.8888888888888888,0.8888888888888888,0.8891365259688857,0.8988399721777741,0.9990424902336328,0.9993218894465608,0.9993312212916744,0.9993535382079188,-0.1,1.0,0.001
BIOMD0000001055,model,0.9566162558434682,0.9048264200109936,0.9996014944732196,16,3,0.9084058034977625,0.9217081633951278,0.9391185318924022,0.943250518118716,0.945998133956726,0.9494398834758287,0.9993030368007016,0.999355076471706,0.9994556606031192,0.9995723276991996,-0.05,1.0,0.001
BIOMD0000001055,model,0.9957351988862192,0.9640653753142556,1.0,15,4,0.9813394957352988,0.9887765426287356,0.9965355469282124,0.9988743443252392,0.999286098772636,0.9994833348671688,0.9997491075014148,0.9999278564994124,1.0,1.0,0.0,1.0,0.001
BIOMD0000001055,model,0.9609506559190556,0.9046600105933884,1.0,16,3,0.9165310566846354,0.9323023885311296,0.9461921080436894,0.947875380582216,0.9488901460553008,0.9523809523809524,0.9992708427825416,0.9997989324531452,0.9998574985919207,0.9999714997183842,0.05,1.0,0.001
BIOMD0000001055,model,0.9243984575682188,0.805562397924942,1.0,16,3,0.8585799099995584,0.882315302079174,0.8910016868862976,0.8957552280652095,0.8981764691871166,0.906064456019495,0.9992569496131186,0.9995750513799536,0.999718524801282,0.9999437049602564,0.1,1.0,0.001
BIOMD0000001055,model,0.8517174806934864,0.5945157618407995,1.0,16,3,0.7310167616725345,0.7781902903660728,0.7872534445189959,0.7931139904207185,0.7966788444828263,0.8148818289859016,0.9992325207370732,0.9992565884664776,0.999460492101602,0.9998920984203205,0.2,1.0,0.001
BIOMD0000001055,model,0.6432296373704767,0.0,1.0,16,3,0.3289273939499473,0.4409678611130823,0.4877919973249315,0.4937722091260095,0.4983666855176918,0.5447404717155193,0.9984910603151732,0.9991799152900998,0.9993849371222884,0.9998769874244576,0.5,1.0,0.001
BIOMD0000001056,model,0.5066168466130704,0.192058418086478,0.6665787244936867,3,0,0.2389739160037348,0.2858894139209917,0.3797204097555054,0.4266359076727622,0.473551405590019,0.6612133972590465,0.6644325935998306,0.6655056590467586,0.6660421917702227,0.6664714179489939,-0.5,1.0,0.001
BIOMD0000001056,model,0.5134066818397849,0.1963286863407343,0.675486402724435,3,0,0.2435363133520794,0.2907439403634245,0.3851591943861147,0.4323668213974597,0.4795744484088048,0.6684049564541852,0.6726538242163351,0.674070113470385,0.6747782580974101,0.67534477379903,-0.2,1.0,0.001
BIOMD0000001056,model,0.5150033204787596,0.1967513509685076,0.6787470731230105,3,0,0.2440273696061329,0.2913033882437582,0.3858554255190088,0.4331314441566342,0.4804074627942595,0.6695115373447608,0.6750528588117106,0.6768999659673606,0.6778235195451855,0.6785623624074455,-0.1,1.0,0.001
BIOMD0000001056,model,0.5160815051782569,0.1969359489005878,0.6788138798911887,3,0,0.2444918226848284,0.2920476964690691,0.3871594440375504,0.434715317821791,0.4822711916060317,0.6724946867429944,0.676286202631911,0.6775500412615498,0.6781819605763693,0.6786874960282248,-0.05,1.0,0.001
BIOMD0000001056,model,0.516640185059149,0.1971181480001414,0.6802442840124538,3,0,0.2446621455166124,0.2922061430330835,0.3872941380660255,0.4348381355824965,0.4823821330989676,0.6725581231648516,0.6771698196734129,0.6787070518429335,0.6794756679276936,0.6800905607955018,0.0,1.0,0.001
BIOMD0000001056,model,0.5169646655302449,0.1972913089725758,0.6803411196545304,3,0,0.244888334871681,0.2924853607707863,0.3876794125689968,0.4352764384681021,0.4828734643672073,0.6732615679636283,0.6775092989781696,0.6789252093163499,0.6796331644854402,0.6801995286207123,0.05,1.0,0.001
BIOMD0000001056,model,0.5184901544541037,0.2011764753287827,0.6804335863764323,3,0,0.2484448679616141,0.2957132605944454,0.3902500458601081,0.4375184384929394,0.4847868311257707,0.673860401657096,0.6778043124886978,0.679118949432565,0.6797762679044986,0.6803021226820455,0.1,1.0,0.001
BIOMD0000001056,model,0.5203229544197666,0.2006976667474242,0.683461831405383,3,0,0.2483088365833311,0.295920006419238,0.3911423460910517,0.4387535159269585,0.4863646857628654,0.6768093651064929,0.6808008448858269,0.682131338145605,0.682796584775494,0.6833287820794052,0.2,1.0,0.001
BIOMD0000001056,model,0.5240965617995722,0.2054708942723466,0.6882355356174059,3,0,0.2527821303960083,0.30009336651967,0.3947158387669935,0.4420270748906552,0.4893383110143169,0.6785832555089638,0.6843746235740291,0.6863050795957175,0.6872703076065617,0.6880424900152371,0.5,1.0,0.001
BIOMD0000001057,model,0.496757607934326,0.0,0.993515215868652,2,0,0.0496757607934326,0.0993515215868652,0.1987030431737304,0.248378803967163,0.2980545647605956,0.496757607934326,0.7948121726949218,0.8941636942817869,0.9438394550752196,0.9835800637099656,-0.5,1.0,0.001
BIOMD0000001057,model,0.496757607934326,0.0,0.993515215868652,2,0,0.0496757607934326,0.0993515215868652,0.1987030431737304,0.248378803967163,0.2980545647605956,0.496757607934326,0.7948121726949218,0.8941636942817869,0.9438394550752196,0.9835800637099656,-0.2,1.0,0.001
BIOMD0000001057,model,0.496757607934326,0.0,0.993515215868652,2,0,0.0496757607934326,0.0993515215868652,0.1987030431737304,0.248378803967163,0.2980545647605956,0.496757607934326,0.7948121726949218,0.8941636942817869,0.9438394550752196,0.9835800637099656,-0.1,1.0,0.001
BIOMD0000001057,model,0.496757607934326,0.0,0.993515215868652,2,0,0.0496757607934326,0.0993515215868652,0.1987030431737304,0.248378803967163,0.2980545647605956,0.496757607934326,0.7948121726949218,0.8941636942817869,0.9438394550752196,0.9835800637099656,-0.05,1.0,0.001
BIOMD0000001057,model,0.496757607934326,0.0,0.993515215868652,2,0,0.0496757607934326,0.0993515215868652,0.1987030431737304,0.248378803967163,0.2980545647605956,0.496757607934326,0.7948121726949218,0.8941636942817869,0.9438394550752196,0.9835800637099656,0.0,1.0,0.001
BIOMD0000001057,model,0.496757607934326,0.0,0.993515215868652,2,0,0.0496757607934326,0.0993515215868652,0.1987030431737304,0.248378803967163,0.2980545647605956,0.496757607934326,0.7948121726949218,0.8941636942817869,0.9438394550752196,0.9835800637099656,0.05,1.0,0.001
BIOMD0000001057,model,0.496757607934326,0.0,0.993515215868652,2,0,0.0496757607934326,0.0993515215868652,0.1987030431737304,0.248378803967163,0.2980545647605956,0.496757607934326,0.7948121726949218,0.8941636942817869,0.9438394550752196,0.9835800637099656,0.1,1.0,0.001
BIOMD0000001057,model,0.496757607934326,0.0,0.993515215868652,2,0,0.0496757607934326,0.0993515215868652,0.1987030431737304,0.248378803967163,0.2980545647605956,0.496757607934326,0.7948121726949218,0.8941636942817869,0.9438394550752196,0.9835800637099656,0.2,1.0,0.001
BIOMD0000001057,model,0.496757607934326,0.0,0.993515215868652,2,0,0.0496757607934326,0.0993515215868652,0.1987030431737304,0.248378803967163,0.2980545647605956,0.496757607934326,0.7948121726949218,0.8941636942817869,0.9438394550752196,0.9835800637099656,0.5,1.0,0.001
BIOMD0000001058,model,0.0,0.0,0.0,10,0,0.0,0.0,0.0,0.0,0.0,0.0,0.0,0.0,0.0,0.0,-0.5,1.0,0.001
BIOMD0000001058,model,0.024989378356519,0.0,0.2498937835651903,10,0,0.0,0.0,0.0,0.0,0.0,0.0,0.0,0.0249893783565189,0.1374415809608544,0.2274033430443232,-0.2,1.0,0.001
BIOMD0000001058,model,0.0655299590348885,0.0,0.6552995903488851,10,0,0.0,0.0,0.0,0.0,0.0,0.0,0.0,0.0655299590348882,0.3604147746918861,0.5963226272174855,-0.1,1.0,0.001
BIOMD0000001058,model,0.0605814289279585,0.0,0.6058142892795856,10,0,0.0,0.0,0.0,0.0,0.0,0.0,0.0,0.0605814289279583,0.3331978591037714,0.5512910032444229,-0.05,1.0,0.001
BIOMD0000001058,model,0.0567098732563,0.0,0.5670987325630003,10,0,0.0,0.0,0.0,0.0,0.0,0.0,0.0,0.0567098732562998,0.3119043029096495,0.5160598466323303,0.0,1.0,0.001
BIOMD0000001058,model,0.0433443286083908,0.0,0.4334432860839086,10,0,0.0,0.0,0.0,0.0,0.0,0.0,0.0,0.0433443286083907,0.2383938073461492,0.3944333903363569,0.05,1.0,0.001
BIOMD0000001058,model,0.0318394182990216,0.0,0.318394182990216,10,0,0.0,0.0,0.0,0.0,0.0,0.0,0.0,0.0318394182990214,0.1751168006446185,0.2897387065210966,0.1,1.0,0.001
BIOMD0000001058,model,0.0076419708160943,0.0,0.0764197081609439,10,0,0.0,0.0,0.0,0.0,0.0,0.0,0.0,0.0076419708160943,0.042030839488519,0.0695419344264589,0.2,1.0,0.001
BIOMD0000001058,model,0.0,0.0,0.0,10,0,0.0,0.0,0.0,0.0,0.0,0.0,0.0,0.0,0.0,0.0,0.5,1.0,0.001
BIOMD0000001059,model,0.4892752959734009,0.0,0.9999999999999998,6,4,0.0,0.0,0.0,0.1254360120584207,0.2508720241168414,0.574736457596231,0.7861788606479437,0.8930894303239718,0.9465447151619858,0.989308943032397,-0.5,1.0,0.001
BIOMD0000001059,model,0.630513846410181,0.0,0.9999999999999998,6,4,0.1254452789096007,0.2508905578192014,0.5017811156384029,0.5626276700107273,0.6234742243830518,0.7475836665638502,0.7861346296949832,0.8930673148474915,0.9465336574237456,0.989306731484749,-0.2,1.0,0.001
BIOMD0000001059,model,0.6576250249784317,0.0,0.9999999999999998,6,4,0.1254484117733333,0.2508968235466666,0.5017936470933333,0.5685823203595404,0.6353709936257474,0.7775338069441842,0.8888888888888886,0.9444444444444442,0.972222222222222,0.9944444444444442,-0.1,1.0,0.001
BIOMD0000001059,model,0.6675552790722339,0.0,0.9999999999999998,6,4,0.1254499840066657,0.2508999680133315,0.501799936026663,0.5688627467278273,0.6359255574289917,0.7780816586770547,0.9473684210526314,0.9736842105263156,0.9868421052631576,0.9973684210526312,-0.05,1.0,0.001
BIOMD0000001059,model,0.6763200129124871,0.0,0.9999999999999998,6,4,0.1254437883582337,0.2508875767164675,0.5017751534329351,0.5688414838574896,0.635907814282044,0.7780724620209941,0.9999999999999998,0.9999999999999998,0.9999999999999998,0.9999999999999998,0.0,1.0,0.001
BIOMD0000001059,model,0.6659689388337248,0.0,0.9999999999999998,6,4,0.1218267808493204,0.2436535616986409,0.4873071233972818,0.5579875357599612,0.6286679481226405,0.7780627786120571,0.9523809523809526,0.9761904761904762,0.988095238095238,0.9976190476190474,0.05,1.0,0.001
BIOMD0000001059,model,0.6556801696749491,0.0,0.9999999999999998,6,4,0.1172215263866952,0.2344430527733904,0.4688861055467808,0.5441682926226127,0.6194504796984446,0.7780520017060026,0.9090909090909092,0.9545454545454544,0.9772727272727272,0.9954545454545451,0.1,1.0,0.001
BIOMD0000001059,model,0.6862930180739463,0.0,0.9999999999999998,7,3,0.1291734858980165,0.2583469717960331,0.498459838321978,0.600282166314862,0.702104494307746,0.7860739654827041,0.9539302627241568,0.9904476970431176,0.9952238485215588,0.9990447697043116,0.2,1.0,0.001
BIOMD0000001059,model,0.6119825045350791,0.0,0.9999999999999998,7,3,0.0950441752244975,0.1900883504489951,0.3867844672653269,0.4917402920408293,0.5966961168163317,0.7467299566459085,0.7810279179691444,0.870294519765547,0.9351472598827733,0.9870294519765545,0.5,1.0,0.001
BIOMD0000001060,model,0.4027321904372283,0.0,0.8054643808744566,2,0,0.04027321904372283,0.08054643808744566,0.16109287617489132,0.20136609521861415,0.24163931426233698,0.4027321904372283,0.6443715046995653,0.7249179427870109,0.7651911618307338,0.797409737065712,-0.5,1.0,0.001
BIOMD0000001060,model,0.4873054596245356,0.2625150030976726,0.7120959161513986,2,0,0.28499404875035894,0.3074730944030452,0.3524311857084178,0.37491023136110413,0.3973892770137904,0.4873054596245356,0.6221797335406534,0.667137824846026,0.6896168704987122,0.7076001070208613,-0.2,1.0,0.001
BIOMD0000001060,model,0.49978641949323327,0.2987285080940242,0.7008443308924424,2,0,0.3188342992339451,0.338940090373866,0.3791516726537078,0.3992574637936287,0.41936325493354965,0.49978641949323327,0.6204211663327588,0.6606327486126006,0.6807385397525214,0.6968231726644581,-0.1,1.0,0.001
BIOMD0000001060,model,0.4752092824672637,0.22926691915225694,0.7211516457822704,2,0,0.2538611554837576,0.2784553918152583,0.32764386447825966,0.3522381008097603,0.37683233714126096,0.4752092824672637,0.6227747004562677,0.6719631731192691,0.6965574094507697,0.7162327985159703,-0.05,1.0,0.001
BIOMD0000001060,model,0.4460570826932308,0.14673361098824275,0.7453805543982188,2,0,0.17666595815874156,0.20659830532924037,0.26646299967023795,0.29639534684073676,0.32632769401123557,0.4460570826932308,0.6256511657162236,0.6855158600572212,0.71544820722772,0.7393940849641191,0.0,1.0,0.001
BIOMD0000001060,model,0.4141722352932198,0.056847467229111326,0.7714970033573283,2,0,0.09257994403552218,0.12831242084193303,0.19977737445475474,0.23550985126116558,0.2712423280675764,0.4141722352932198,0.6285670961316849,0.7000320497445066,0.7357645265509174,0.7643505079960461,0.05,1.0,0.001
BIOMD0000001060,model,0.3961742833958281,0.0,0.7923485667916562,2,0,0.039617428339582816,0.07923485667916563,0.15846971335833127,0.19808714169791405,0.23770457003749684,0.3961742833958281,0.6338788534333251,0.7131137101124906,0.7527311384520734,0.7844250811237397,0.1,1.0,0.001
BIOMD0000001060,model,0.3930590215641106,0.0,0.7861180431282212,2,0,0.03930590215641106,0.07861180431282212,0.15722360862564425,0.1965295107820553,0.23583541293846635,0.3930590215641106,0.628894434502577,0.7075062388153991,0.7468121409718101,0.778256862696939,0.2,1.0,0.001
BIOMD0000001060,model,0.3406885908884684,0.0,0.6813771817769368,2,0,0.034068859088846846,0.06813771817769369,0.13627543635538739,0.1703442954442342,0.20441315453308104,0.3406885908884684,0.5451017454215495,0.6132394635992432,0.64730832268809,0.6745634099591675,0.5,1.0,0.001
